# Blender 4.4.1
# www.blender.org
mtllib goal.mtl
o Goal
v -0.475000 -0.442803 0.228477
v -0.475000 -0.418970 0.294702
v -0.500000 -0.418970 0.228477
v -0.475000 -0.435822 0.275305
v -0.489434 -0.432730 0.266712
v -0.492678 -0.418970 0.275305
v -0.492678 -0.435822 0.228477
v -0.475000 0.372259 0.294702
v -0.475000 0.396092 0.228477
v -0.500000 0.372259 0.228477
v -0.475000 0.389111 0.275305
v -0.489434 0.386019 0.266712
v -0.492678 0.389111 0.228477
v -0.492678 0.372259 0.275305
v -0.475000 -0.442803 -0.433775
v -0.500000 -0.418970 -0.433775
v -0.475000 -0.418970 -0.500000
v -0.492678 -0.435822 -0.433775
v -0.489434 -0.432730 -0.472010
v -0.492678 -0.418970 -0.480603
v -0.475000 -0.435822 -0.480603
v -0.475000 0.396092 -0.433775
v -0.475000 0.372259 -0.500000
v -0.500000 0.372259 -0.433775
v -0.475000 0.389111 -0.480603
v -0.489434 0.386019 -0.472010
v -0.492678 0.372259 -0.480603
v -0.492678 0.389111 -0.433775
v -0.405000 -0.442803 0.228477
v -0.380000 -0.418970 0.228477
v -0.405000 -0.418970 0.294702
v -0.387322 -0.435822 0.228477
v -0.390566 -0.432730 0.266712
v -0.387322 -0.418970 0.275305
v -0.405000 -0.435822 0.275305
v -0.405000 0.396092 0.228477
v -0.405000 0.372259 0.294702
v -0.380000 0.372259 0.228477
v -0.405000 0.389111 0.275305
v -0.390566 0.386019 0.266712
v -0.387322 0.372259 0.275305
v -0.387322 0.389111 0.228477
v -0.405000 -0.442803 -0.433775
v -0.405000 -0.418970 -0.500000
v -0.380000 -0.418970 -0.433775
v -0.405000 -0.435822 -0.480603
v -0.390566 -0.432730 -0.472010
v -0.387322 -0.418970 -0.480603
v -0.387322 -0.435822 -0.433775
v -0.405000 0.396092 -0.433775
v -0.380000 0.372259 -0.433775
v -0.405000 0.372259 -0.500000
v -0.387322 0.389111 -0.433775
v -0.390566 0.386019 -0.472010
v -0.387322 0.372259 -0.480603
v -0.405000 0.389111 -0.480603
v 0.405000 -0.442803 0.228477
v 0.405000 -0.418970 0.294702
v 0.380000 -0.418970 0.228477
v 0.405000 -0.435822 0.275305
v 0.390566 -0.432730 0.266712
v 0.387322 -0.418970 0.275305
v 0.387322 -0.435822 0.228477
v 0.405000 0.372259 0.294702
v 0.405000 0.396092 0.228477
v 0.380000 0.372259 0.228477
v 0.405000 0.389111 0.275305
v 0.390566 0.386019 0.266712
v 0.387322 0.389111 0.228477
v 0.387322 0.372259 0.275305
v 0.405000 -0.442803 -0.433775
v 0.380000 -0.418970 -0.433775
v 0.405000 -0.418970 -0.500000
v 0.387322 -0.435822 -0.433775
v 0.390566 -0.432730 -0.472010
v 0.387322 -0.418970 -0.480603
v 0.405000 -0.435822 -0.480603
v 0.405000 0.396092 -0.433775
v 0.405000 0.372259 -0.500000
v 0.380000 0.372259 -0.433775
v 0.405000 0.389111 -0.480603
v 0.390566 0.386019 -0.472010
v 0.387322 0.372259 -0.480603
v 0.387322 0.389111 -0.433775
v 0.475000 -0.442803 0.228477
v 0.500000 -0.418970 0.228477
v 0.475000 -0.418970 0.294702
v 0.492678 -0.435822 0.228477
v 0.489434 -0.432730 0.266712
v 0.492678 -0.418970 0.275305
v 0.475000 -0.435822 0.275305
v 0.475000 0.396092 0.228477
v 0.475000 0.372259 0.294702
v 0.500000 0.372259 0.228477
v 0.475000 0.389111 0.275305
v 0.489434 0.386019 0.266712
v 0.492678 0.372259 0.275305
v 0.492678 0.389111 0.228477
v 0.475000 -0.442803 -0.433775
v 0.475000 -0.418970 -0.500000
v 0.500000 -0.418970 -0.433775
v 0.475000 -0.435822 -0.480603
v 0.489434 -0.432730 -0.472010
v 0.492678 -0.418970 -0.480603
v 0.492678 -0.435822 -0.433775
v 0.475000 0.396092 -0.433775
v 0.500000 0.372259 -0.433775
v 0.475000 0.372259 -0.500000
v 0.492678 0.389111 -0.433775
v 0.489434 0.386019 -0.472010
v 0.492678 0.372259 -0.480603
v 0.475000 0.389111 -0.480603
v -0.475000 0.338894 0.228477
v -0.475000 0.362726 0.294702
v -0.500000 0.362726 0.228477
v -0.475000 0.345874 0.275305
v -0.489434 0.348967 0.266712
v -0.492678 0.362726 0.275305
v -0.492678 0.345874 0.228477
v -0.475000 0.429457 0.294702
v -0.475000 0.453289 0.228477
v -0.500000 0.429457 0.228477
v -0.475000 0.446309 0.275305
v -0.489434 0.443216 0.266712
v -0.492678 0.446309 0.228477
v -0.492678 0.429457 0.275305
v -0.475000 0.338894 -0.433775
v -0.500000 0.362726 -0.433775
v -0.475000 0.362726 -0.500000
v -0.492678 0.345874 -0.433775
v -0.489434 0.348967 -0.472010
v -0.492678 0.362726 -0.480603
v -0.475000 0.345874 -0.480603
v -0.475000 0.453289 -0.433775
v -0.475000 0.429457 -0.500000
v -0.500000 0.429457 -0.433775
v -0.475000 0.446309 -0.480603
v -0.489434 0.443216 -0.472010
v -0.492678 0.429457 -0.480603
v -0.492678 0.446309 -0.433775
v 0.475000 0.338894 0.228477
v 0.500000 0.362726 0.228477
v 0.475000 0.362726 0.294702
v 0.492678 0.345874 0.228477
v 0.489434 0.348967 0.266712
v 0.492678 0.362726 0.275305
v 0.475000 0.345874 0.275305
v 0.475000 0.453289 0.228477
v 0.475000 0.429457 0.294702
v 0.500000 0.429457 0.228477
v 0.475000 0.446309 0.275305
v 0.489434 0.443216 0.266712
v 0.492678 0.429457 0.275305
v 0.492678 0.446309 0.228477
v 0.475000 0.338894 -0.433775
v 0.475000 0.362726 -0.500000
v 0.500000 0.362726 -0.433775
v 0.475000 0.345874 -0.480603
v 0.489434 0.348967 -0.472010
v 0.492678 0.362726 -0.480603
v 0.492678 0.345874 -0.433775
v 0.475000 0.453289 -0.433775
v 0.500000 0.429457 -0.433775
v 0.475000 0.429457 -0.500000
v 0.492678 0.446309 -0.433775
v 0.489434 0.443216 -0.472010
v 0.492678 0.429457 -0.480603
v 0.475000 0.446309 -0.480603
v -0.482000 -0.500000 0.247020
v -0.482000 -0.482841 0.294702
v -0.500000 -0.482841 0.247020
v -0.482000 -0.494974 0.280736
v -0.492392 -0.492748 0.274549
v -0.494728 -0.482841 0.280736
v -0.494728 -0.494974 0.247020
v -0.482000 -0.440896 0.294702
v -0.482000 -0.423737 0.247020
v -0.500000 -0.440896 0.247020
v -0.482000 -0.428763 0.280736
v -0.492392 -0.430989 0.274549
v -0.494728 -0.428763 0.247020
v -0.494728 -0.440896 0.280736
v -0.482000 -0.500000 -0.452318
v -0.500000 -0.482841 -0.452318
v -0.482000 -0.482841 -0.500000
v -0.494728 -0.494974 -0.452318
v -0.492392 -0.492748 -0.479847
v -0.494728 -0.482841 -0.486034
v -0.482000 -0.494974 -0.486034
v -0.482000 -0.423737 -0.452318
v -0.482000 -0.440896 -0.500000
v -0.500000 -0.440896 -0.452318
v -0.482000 -0.428763 -0.486034
v -0.492392 -0.430989 -0.479847
v -0.494728 -0.440896 -0.486034
v -0.494728 -0.428763 -0.452318
v 0.482000 -0.500000 0.247020
v 0.500000 -0.482841 0.247020
v 0.482000 -0.482841 0.294702
v 0.494728 -0.494974 0.247020
v 0.492392 -0.492748 0.274549
v 0.494728 -0.482841 0.280736
v 0.482000 -0.494974 0.280736
v 0.482000 -0.423737 0.247020
v 0.482000 -0.440896 0.294702
v 0.500000 -0.440896 0.247020
v 0.482000 -0.428763 0.280736
v 0.492392 -0.430989 0.274549
v 0.494728 -0.440896 0.280736
v 0.494728 -0.428763 0.247020
v 0.482000 -0.500000 -0.452318
v 0.482000 -0.482841 -0.500000
v 0.500000 -0.482841 -0.452318
v 0.482000 -0.494974 -0.486034
v 0.492392 -0.492748 -0.479847
v 0.494728 -0.482841 -0.486034
v 0.494728 -0.494974 -0.452318
v 0.482000 -0.423737 -0.452318
v 0.500000 -0.440896 -0.452318
v 0.482000 -0.440896 -0.500000
v 0.494728 -0.428763 -0.452318
v 0.492392 -0.430989 -0.479847
v 0.494728 -0.440896 -0.486034
v 0.482000 -0.428763 -0.486034
v -0.359500 -0.347474 0.372848
v -0.359500 -0.339847 0.394040
v -0.367500 -0.339847 0.372848
v -0.359500 -0.345240 0.387833
v -0.364119 -0.344251 0.385083
v -0.365157 -0.339847 0.387833
v -0.365157 -0.345240 0.372848
v -0.359500 0.293136 0.394040
v -0.359500 0.300763 0.372848
v -0.367500 0.293136 0.372848
v -0.359500 0.298529 0.387833
v -0.364119 0.297539 0.385083
v -0.365157 0.298529 0.372848
v -0.365157 0.293136 0.387833
v -0.359500 -0.347474 0.322517
v -0.367500 -0.339847 0.322517
v -0.359500 -0.339847 0.301325
v -0.365157 -0.345240 0.322517
v -0.364119 -0.344251 0.310281
v -0.365157 -0.339847 0.307532
v -0.359500 -0.345240 0.307532
v -0.359500 0.300763 0.322517
v -0.359500 0.293136 0.301325
v -0.367500 0.293136 0.322517
v -0.359500 0.298529 0.307532
v -0.364119 0.297539 0.310281
v -0.365157 0.293136 0.307532
v -0.365157 0.298529 0.322517
v -0.340500 -0.347474 0.372848
v -0.332500 -0.339847 0.372848
v -0.340500 -0.339847 0.394040
v -0.334843 -0.345240 0.372848
v -0.335881 -0.344251 0.385083
v -0.334843 -0.339847 0.387833
v -0.340500 -0.345240 0.387833
v -0.340500 0.300763 0.372848
v -0.340500 0.293136 0.394040
v -0.332500 0.293136 0.372848
v -0.340500 0.298529 0.387833
v -0.335881 0.297539 0.385083
v -0.334843 0.293136 0.387833
v -0.334843 0.298529 0.372848
v -0.340500 -0.347474 0.322517
v -0.340500 -0.339847 0.301325
v -0.332500 -0.339847 0.322517
v -0.340500 -0.345240 0.307532
v -0.335881 -0.344251 0.310281
v -0.334843 -0.339847 0.307532
v -0.334843 -0.345240 0.322517
v -0.340500 0.300763 0.322517
v -0.332500 0.293136 0.322517
v -0.340500 0.293136 0.301325
v -0.334843 0.298529 0.322517
v -0.335881 0.297539 0.310281
v -0.334843 0.293136 0.307532
v -0.340500 0.298529 0.307532
v 0.340500 -0.347474 0.372848
v 0.340500 -0.339847 0.394040
v 0.332500 -0.339847 0.372848
v 0.340500 -0.345240 0.387833
v 0.335881 -0.344251 0.385083
v 0.334843 -0.339847 0.387833
v 0.334843 -0.345240 0.372848
v 0.340500 0.293136 0.394040
v 0.340500 0.300763 0.372848
v 0.332500 0.293136 0.372848
v 0.340500 0.298529 0.387833
v 0.335881 0.297539 0.385083
v 0.334843 0.298529 0.372848
v 0.334843 0.293136 0.387833
v 0.340500 -0.347474 0.322517
v 0.332500 -0.339847 0.322517
v 0.340500 -0.339847 0.301325
v 0.334843 -0.345240 0.322517
v 0.335881 -0.344251 0.310281
v 0.334843 -0.339847 0.307532
v 0.340500 -0.345240 0.307532
v 0.340500 0.300763 0.322517
v 0.340500 0.293136 0.301325
v 0.332500 0.293136 0.322517
v 0.340500 0.298529 0.307532
v 0.335881 0.297539 0.310281
v 0.334843 0.293136 0.307532
v 0.334843 0.298529 0.322517
v 0.359500 -0.347474 0.372848
v 0.367500 -0.339847 0.372848
v 0.359500 -0.339847 0.394040
v 0.365157 -0.345240 0.372848
v 0.364119 -0.344251 0.385083
v 0.365157 -0.339847 0.387833
v 0.359500 -0.345240 0.387833
v 0.359500 0.300763 0.372848
v 0.359500 0.293136 0.394040
v 0.367500 0.293136 0.372848
v 0.359500 0.298529 0.387833
v 0.364119 0.297539 0.385083
v 0.365157 0.293136 0.387833
v 0.365157 0.298529 0.372848
v 0.359500 -0.347474 0.322517
v 0.359500 -0.339847 0.301325
v 0.367500 -0.339847 0.322517
v 0.359500 -0.345240 0.307532
v 0.364119 -0.344251 0.310281
v 0.365157 -0.339847 0.307532
v 0.365157 -0.345240 0.322517
v 0.359500 0.300763 0.322517
v 0.367500 0.293136 0.322517
v 0.359500 0.293136 0.301325
v 0.365157 0.298529 0.322517
v 0.364119 0.297539 0.310281
v 0.365157 0.293136 0.307532
v 0.359500 0.298529 0.307532
v -0.332000 0.293613 0.372848
v -0.332000 0.301239 0.394040
v -0.340000 0.301239 0.372848
v -0.332000 0.295847 0.387833
v -0.336619 0.296836 0.385083
v -0.337657 0.301239 0.387833
v -0.337657 0.295847 0.372848
v -0.332000 0.319352 0.394040
v -0.332000 0.326978 0.372848
v -0.340000 0.319352 0.372848
v -0.332000 0.324744 0.387833
v -0.336619 0.323755 0.385083
v -0.337657 0.324744 0.372848
v -0.337657 0.319352 0.387833
v -0.332000 0.293613 0.322517
v -0.340000 0.301239 0.322517
v -0.332000 0.301239 0.301325
v -0.337657 0.295847 0.322517
v -0.336619 0.296836 0.310281
v -0.337657 0.301239 0.307532
v -0.332000 0.295847 0.307532
v -0.332000 0.326978 0.322517
v -0.332000 0.319352 0.301325
v -0.340000 0.319352 0.322517
v -0.332000 0.324744 0.307532
v -0.336619 0.323755 0.310281
v -0.337657 0.319352 0.307532
v -0.337657 0.324744 0.322517
v 0.332000 0.293613 0.372848
v 0.340000 0.301239 0.372848
v 0.332000 0.301239 0.394040
v 0.337657 0.295847 0.372848
v 0.336619 0.296836 0.385083
v 0.337657 0.301239 0.387833
v 0.332000 0.295847 0.387833
v 0.332000 0.326978 0.372848
v 0.332000 0.319352 0.394040
v 0.340000 0.319352 0.372848
v 0.332000 0.324744 0.387833
v 0.336619 0.323755 0.385083
v 0.337657 0.319352 0.387833
v 0.337657 0.324744 0.372848
v 0.332000 0.293613 0.322517
v 0.332000 0.301239 0.301325
v 0.340000 0.301239 0.322517
v 0.332000 0.295847 0.307532
v 0.336619 0.296836 0.310281
v 0.337657 0.301239 0.307532
v 0.337657 0.295847 0.322517
v 0.332000 0.326978 0.322517
v 0.340000 0.319352 0.322517
v 0.332000 0.319352 0.301325
v 0.337657 0.324744 0.322517
v 0.336619 0.323755 0.310281
v 0.337657 0.319352 0.307532
v 0.332000 0.324744 0.307532
v -0.334000 -0.397521 0.378146
v -0.334000 -0.391802 0.394040
v -0.340000 -0.391802 0.378146
v -0.334000 -0.395846 0.389385
v -0.337464 -0.395104 0.387322
v -0.338243 -0.391802 0.389385
v -0.338243 -0.395846 0.378146
v -0.334000 -0.379409 0.394040
v -0.334000 -0.373689 0.378146
v -0.340000 -0.379409 0.378146
v -0.334000 -0.375364 0.389385
v -0.337464 -0.376107 0.387322
v -0.338243 -0.375364 0.378146
v -0.338243 -0.379409 0.389385
v -0.334000 -0.397521 0.317219
v -0.340000 -0.391802 0.317219
v -0.334000 -0.391802 0.301325
v -0.338243 -0.395846 0.317219
v -0.337464 -0.395104 0.308042
v -0.338243 -0.391802 0.305980
v -0.334000 -0.395846 0.305980
v -0.334000 -0.373689 0.317219
v -0.334000 -0.379409 0.301325
v -0.340000 -0.379409 0.317219
v -0.334000 -0.375364 0.305980
v -0.337464 -0.376107 0.308042
v -0.338243 -0.379409 0.305980
v -0.338243 -0.375364 0.317219
v 0.334000 -0.397521 0.378146
v 0.340000 -0.391802 0.378146
v 0.334000 -0.391802 0.394040
v 0.338243 -0.395846 0.378146
v 0.337464 -0.395104 0.387322
v 0.338243 -0.391802 0.389385
v 0.334000 -0.395846 0.389385
v 0.334000 -0.373689 0.378146
v 0.334000 -0.379409 0.394040
v 0.340000 -0.379409 0.378146
v 0.334000 -0.375364 0.389385
v 0.337464 -0.376107 0.387322
v 0.338243 -0.379409 0.389385
v 0.338243 -0.375364 0.378146
v 0.334000 -0.397521 0.317219
v 0.334000 -0.391802 0.301325
v 0.340000 -0.391802 0.317219
v 0.334000 -0.395846 0.305980
v 0.337464 -0.395104 0.308042
v 0.338243 -0.391802 0.305980
v 0.338243 -0.395846 0.317219
v 0.334000 -0.373689 0.317219
v 0.340000 -0.379409 0.317219
v 0.334000 -0.379409 0.301325
v 0.338243 -0.375364 0.317219
v 0.337464 -0.376107 0.308042
v 0.338243 -0.379409 0.305980
v 0.334000 -0.375364 0.305980
v 0.129000 0.377026 0.400662
v 0.121971 0.377026 0.445617
v 0.105000 0.377026 0.464238
v 0.088029 0.377026 0.445617
v 0.081000 0.377026 0.400662
v 0.088029 0.377026 0.355707
v 0.105000 0.377026 0.337086
v 0.121971 0.377026 0.355707
v 0.127412 0.396263 0.400662
v 0.120469 0.395215 0.445617
v 0.103707 0.392684 0.464238
v 0.086946 0.390153 0.445617
v 0.080003 0.389105 0.400662
v 0.086946 0.390153 0.355707
v 0.103707 0.392684 0.337086
v 0.120469 0.395215 0.355707
v 0.122686 0.415027 0.400662
v 0.116001 0.412956 0.445617
v 0.099861 0.407957 0.464238
v 0.083721 0.402958 0.445617
v 0.077036 0.400887 0.400662
v 0.083721 0.402958 0.355707
v 0.099861 0.407957 0.337086
v 0.116001 0.412956 0.355707
v 0.114940 0.432855 0.400662
v 0.108677 0.429813 0.445617
v 0.093556 0.422468 0.464238
v 0.078435 0.415123 0.445617
v 0.072172 0.412081 0.400662
v 0.078435 0.415123 0.355707
v 0.093556 0.422468 0.337086
v 0.108677 0.429813 0.355707
v 0.104363 0.449308 0.400662
v 0.098676 0.445369 0.445617
v 0.084947 0.435860 0.464238
v 0.071217 0.426351 0.445617
v 0.065530 0.422412 0.400662
v 0.071217 0.426351 0.355707
v 0.084947 0.435860 0.337086
v 0.098676 0.445369 0.355707
v 0.091217 0.463982 0.400662
v 0.086246 0.459243 0.445617
v 0.074246 0.447804 0.464238
v 0.062246 0.436364 0.445617
v 0.057276 0.431626 0.400662
v 0.062246 0.436364 0.355707
v 0.074246 0.447804 0.337086
v 0.086246 0.459243 0.355707
v 0.075824 0.476514 0.400662
v 0.071692 0.471093 0.445617
v 0.061717 0.458005 0.464238
v 0.051742 0.444916 0.445617
v 0.047611 0.439495 0.400662
v 0.051742 0.444916 0.355707
v 0.061717 0.458005 0.337086
v 0.071692 0.471093 0.355707
v 0.058565 0.486597 0.400662
v 0.055374 0.480626 0.445617
v 0.047669 0.466211 0.464238
v 0.039965 0.451797 0.445617
v 0.036773 0.445826 0.400662
v 0.039965 0.451797 0.355707
v 0.047669 0.466211 0.337086
v 0.055374 0.480626 0.355707
v 0.039863 0.493981 0.400662
v 0.037691 0.487608 0.445617
v 0.032447 0.472222 0.464238
v 0.027203 0.456836 0.445617
v 0.025030 0.450463 0.400662
v 0.027203 0.456836 0.355707
v 0.032447 0.472222 0.337086
v 0.037691 0.487608 0.355707
v 0.020180 0.498486 0.400662
v 0.019080 0.491867 0.445617
v 0.016426 0.475889 0.464238
v 0.013771 0.459910 0.445617
v 0.012671 0.453291 0.400662
v 0.013771 0.459910 0.355707
v 0.016426 0.475889 0.337086
v 0.019080 0.491867 0.355707
v 0.000000 0.500000 0.400662
v 0.000000 0.493299 0.445617
v 0.000000 0.477121 0.464238
v 0.000000 0.460943 0.445617
v 0.000000 0.454242 0.400662
v 0.000000 0.460943 0.355707
v 0.000000 0.477121 0.337086
v 0.000000 0.493299 0.355707
v -0.020180 0.498486 0.400662
v -0.019080 0.491867 0.445617
v -0.016426 0.475889 0.464238
v -0.013771 0.459910 0.445617
v -0.012671 0.453291 0.400662
v -0.013771 0.459910 0.355707
v -0.016426 0.475889 0.337086
v -0.019080 0.491867 0.355707
v -0.039863 0.493981 0.400662
v -0.037691 0.487608 0.445617
v -0.032447 0.472222 0.464238
v -0.027203 0.456836 0.445617
v -0.025030 0.450463 0.400662
v -0.027203 0.456836 0.355707
v -0.032447 0.472222 0.337086
v -0.037691 0.487608 0.355707
v -0.058565 0.486597 0.400662
v -0.055373 0.480626 0.445617
v -0.047669 0.466211 0.464238
v -0.039965 0.451797 0.445617
v -0.036773 0.445826 0.400662
v -0.039965 0.451797 0.355707
v -0.047669 0.466211 0.337086
v -0.055373 0.480626 0.355707
v -0.075824 0.476514 0.400662
v -0.071693 0.471093 0.445617
v -0.061717 0.458005 0.464238
v -0.051742 0.444916 0.445617
v -0.047611 0.439495 0.400662
v -0.051742 0.444916 0.355707
v -0.061717 0.458005 0.337086
v -0.071693 0.471093 0.355707
v -0.091217 0.463982 0.400662
v -0.086246 0.459243 0.445617
v -0.074246 0.447804 0.464238
v -0.062246 0.436364 0.445617
v -0.057276 0.431626 0.400662
v -0.062246 0.436364 0.355707
v -0.074246 0.447804 0.337086
v -0.086246 0.459243 0.355707
v -0.104363 0.449308 0.400662
v -0.098676 0.445369 0.445617
v -0.084947 0.435860 0.464238
v -0.071217 0.426351 0.445617
v -0.065530 0.422412 0.400662
v -0.071217 0.426351 0.355707
v -0.084947 0.435860 0.337086
v -0.098676 0.445369 0.355707
v -0.114940 0.432855 0.400662
v -0.108677 0.429813 0.445617
v -0.093556 0.422468 0.464238
v -0.078435 0.415123 0.445617
v -0.072172 0.412081 0.400662
v -0.078435 0.415123 0.355707
v -0.093556 0.422468 0.337086
v -0.108677 0.429813 0.355707
v -0.122686 0.415027 0.400662
v -0.116001 0.412956 0.445617
v -0.099861 0.407957 0.464238
v -0.083721 0.402958 0.445617
v -0.077036 0.400887 0.400662
v -0.083721 0.402958 0.355707
v -0.099861 0.407957 0.337086
v -0.116001 0.412956 0.355707
v -0.127412 0.396263 0.400662
v -0.120469 0.395215 0.445617
v -0.103707 0.392684 0.464238
v -0.086946 0.390153 0.445617
v -0.080003 0.389105 0.400662
v -0.086946 0.390153 0.355707
v -0.103707 0.392684 0.337086
v -0.120469 0.395215 0.355707
v -0.129000 0.377026 0.400662
v -0.121971 0.377026 0.445617
v -0.105000 0.377026 0.464238
v -0.088029 0.377026 0.445617
v -0.081000 0.377026 0.400662
v -0.088029 0.377026 0.355707
v -0.105000 0.377026 0.337086
v -0.121971 0.377026 0.355707
v -0.127412 0.357788 0.400662
v -0.120469 0.358837 0.445617
v -0.103707 0.361367 0.464238
v -0.086946 0.363898 0.445617
v -0.080003 0.364946 0.400662
v -0.086946 0.363898 0.355707
v -0.103707 0.361367 0.337086
v -0.120469 0.358837 0.355707
v -0.122686 0.339025 0.400662
v -0.116001 0.341095 0.445617
v -0.099861 0.346095 0.464238
v -0.083721 0.351094 0.445617
v -0.077036 0.353165 0.400662
v -0.083721 0.351094 0.355707
v -0.099861 0.346095 0.337086
v -0.116001 0.341095 0.355707
v -0.114940 0.321197 0.400662
v -0.108677 0.324239 0.445617
v -0.093556 0.331583 0.464238
v -0.078435 0.338928 0.445617
v -0.072172 0.341970 0.400662
v -0.078435 0.338928 0.355707
v -0.093556 0.331583 0.337086
v -0.108677 0.324239 0.355707
v -0.104363 0.304743 0.400662
v -0.098676 0.308682 0.445617
v -0.084947 0.318191 0.464238
v -0.071217 0.327700 0.445617
v -0.065530 0.331639 0.400662
v -0.071217 0.327700 0.355707
v -0.084947 0.318191 0.337086
v -0.098676 0.308682 0.355707
v -0.091217 0.290070 0.400662
v -0.086246 0.294808 0.445617
v -0.074246 0.306248 0.464238
v -0.062246 0.317687 0.445617
v -0.057276 0.322426 0.400662
v -0.062246 0.317687 0.355707
v -0.074246 0.306248 0.337086
v -0.086246 0.294808 0.355707
v -0.075824 0.277537 0.400662
v -0.071693 0.282959 0.445617
v -0.061717 0.296047 0.464238
v -0.051742 0.309135 0.445617
v -0.047611 0.314556 0.400662
v -0.051742 0.309135 0.355707
v -0.061717 0.296047 0.337086
v -0.071693 0.282959 0.355707
v -0.058565 0.267455 0.400662
v -0.055373 0.273426 0.445617
v -0.047669 0.287840 0.464238
v -0.039965 0.302255 0.445617
v -0.036773 0.308225 0.400662
v -0.039965 0.302255 0.355707
v -0.047669 0.287840 0.337086
v -0.055373 0.273426 0.355707
v -0.039863 0.260070 0.400662
v -0.037691 0.266443 0.445617
v -0.032447 0.281829 0.464238
v -0.027203 0.297215 0.445617
v -0.025030 0.303589 0.400662
v -0.027203 0.297215 0.355707
v -0.032447 0.281829 0.337086
v -0.037691 0.266443 0.355707
v -0.020180 0.255565 0.400662
v -0.019080 0.262184 0.445617
v -0.016426 0.278163 0.464238
v -0.013771 0.294141 0.445617
v -0.012671 0.300760 0.400662
v -0.013771 0.294141 0.355707
v -0.016426 0.278163 0.337086
v -0.019080 0.262184 0.355707
v 0.000000 0.254052 0.400662
v 0.000000 0.260753 0.445617
v 0.000000 0.276930 0.464238
v 0.000000 0.293108 0.445617
v 0.000000 0.299809 0.400662
v 0.000000 0.293108 0.355707
v 0.000000 0.276930 0.337086
v 0.000000 0.260753 0.355707
v 0.020180 0.255565 0.400662
v 0.019080 0.262184 0.445617
v 0.016426 0.278163 0.464238
v 0.013771 0.294141 0.445617
v 0.012671 0.300760 0.400662
v 0.013771 0.294141 0.355707
v 0.016426 0.278163 0.337086
v 0.019080 0.262184 0.355707
v 0.039863 0.260070 0.400662
v 0.037691 0.266443 0.445617
v 0.032447 0.281829 0.464238
v 0.027203 0.297215 0.445617
v 0.025030 0.303589 0.400662
v 0.027203 0.297215 0.355707
v 0.032447 0.281829 0.337086
v 0.037691 0.266443 0.355707
v 0.058565 0.267455 0.400662
v 0.055374 0.273426 0.445617
v 0.047669 0.287840 0.464238
v 0.039965 0.302255 0.445617
v 0.036773 0.308225 0.400662
v 0.039965 0.302255 0.355707
v 0.047669 0.287840 0.337086
v 0.055374 0.273426 0.355707
v 0.075824 0.277537 0.400662
v 0.071692 0.282959 0.445617
v 0.061717 0.296047 0.464238
v 0.051742 0.309135 0.445617
v 0.047611 0.314556 0.400662
v 0.051742 0.309135 0.355707
v 0.061717 0.296047 0.337086
v 0.071692 0.282959 0.355707
v 0.091217 0.290070 0.400662
v 0.086246 0.294808 0.445617
v 0.074246 0.306248 0.464238
v 0.062246 0.317687 0.445617
v 0.057276 0.322425 0.400662
v 0.062246 0.317687 0.355707
v 0.074246 0.306248 0.337086
v 0.086246 0.294808 0.355707
v 0.104363 0.304743 0.400662
v 0.098676 0.308682 0.445617
v 0.084947 0.318191 0.464238
v 0.071217 0.327700 0.445617
v 0.065530 0.331639 0.400662
v 0.071217 0.327700 0.355707
v 0.084947 0.318191 0.337086
v 0.098676 0.308682 0.355707
v 0.114940 0.321197 0.400662
v 0.108677 0.324239 0.445617
v 0.093556 0.331583 0.464238
v 0.078435 0.338928 0.445617
v 0.072172 0.341970 0.400662
v 0.078435 0.338928 0.355707
v 0.093556 0.331583 0.337086
v 0.108677 0.324239 0.355707
v 0.122686 0.339025 0.400662
v 0.116001 0.341095 0.445617
v 0.099861 0.346095 0.464238
v 0.083721 0.351094 0.445617
v 0.077036 0.353165 0.400662
v 0.083721 0.351094 0.355707
v 0.099861 0.346095 0.337086
v 0.116001 0.341095 0.355707
v 0.127412 0.357788 0.400662
v 0.120469 0.358837 0.445617
v 0.103707 0.361367 0.464238
v 0.086946 0.363898 0.445617
v 0.080003 0.364946 0.400662
v 0.086946 0.363898 0.355707
v 0.103707 0.361367 0.337086
v 0.120469 0.358837 0.355707
v 0.000000 0.426549 0.354305
v 0.000000 0.434223 0.375497
v 0.000000 0.431975 0.360512
v 0.000000 0.426549 0.500000
v 0.000000 0.434223 0.478808
v 0.000000 0.431975 0.493793
v 0.011560 0.425307 0.354305
v 0.013351 0.432789 0.375497
v 0.012827 0.430598 0.360512
v 0.011560 0.425307 0.500000
v 0.013351 0.432789 0.478808
v 0.012827 0.430598 0.493793
v 0.022540 0.421644 0.354305
v 0.026033 0.428559 0.375497
v 0.025010 0.426534 0.360512
v 0.022540 0.421644 0.500000
v 0.026033 0.428559 0.478808
v 0.025010 0.426534 0.493793
v 0.032390 0.415744 0.354305
v 0.037409 0.421744 0.375497
v 0.035939 0.419987 0.360512
v 0.032390 0.415744 0.500000
v 0.037409 0.421744 0.478808
v 0.035939 0.419987 0.493793
v 0.040616 0.407903 0.354305
v 0.046910 0.412688 0.375497
v 0.045066 0.411286 0.360512
v 0.040616 0.407903 0.500000
v 0.046910 0.412688 0.478808
v 0.045066 0.411286 0.493793
v 0.046805 0.398513 0.354305
v 0.054058 0.401843 0.375497
v 0.051934 0.400867 0.360512
v 0.046805 0.398513 0.500000
v 0.054058 0.401843 0.478808
v 0.051934 0.400867 0.493793
v 0.050647 0.388046 0.354305
v 0.058496 0.389753 0.375497
v 0.056197 0.389253 0.360512
v 0.050647 0.388046 0.500000
v 0.058496 0.389753 0.478808
v 0.056197 0.389253 0.493793
v 0.051949 0.377026 0.354305
v 0.060000 0.377026 0.375497
v 0.057642 0.377026 0.360512
v 0.051949 0.377026 0.500000
v 0.060000 0.377026 0.478808
v 0.057642 0.377026 0.493793
v 0.050647 0.366006 0.354305
v 0.058496 0.364298 0.375497
v 0.056197 0.364798 0.360512
v 0.050647 0.366006 0.500000
v 0.058496 0.364298 0.478808
v 0.056197 0.364798 0.493793
v 0.046805 0.355539 0.354305
v 0.054058 0.352209 0.375497
v 0.051934 0.353184 0.360512
v 0.046805 0.355539 0.500000
v 0.054058 0.352209 0.478808
v 0.051934 0.353184 0.493793
v 0.040616 0.346149 0.354305
v 0.046910 0.341364 0.375497
v 0.045066 0.342765 0.360512
v 0.040616 0.346149 0.500000
v 0.046910 0.341364 0.478808
v 0.045066 0.342765 0.493793
v 0.032390 0.338307 0.354305
v 0.037409 0.332307 0.375497
v 0.035939 0.334064 0.360512
v 0.032390 0.338307 0.500000
v 0.037409 0.332307 0.478808
v 0.035939 0.334064 0.493793
v 0.022540 0.332407 0.354305
v 0.026033 0.325493 0.375497
v 0.025010 0.327518 0.360512
v 0.022540 0.332407 0.500000
v 0.026033 0.325493 0.478808
v 0.025010 0.327518 0.493793
v 0.011560 0.328745 0.354305
v 0.013351 0.321262 0.375497
v 0.012827 0.323454 0.360512
v 0.011560 0.328745 0.500000
v 0.013351 0.321262 0.478808
v 0.012827 0.323454 0.493793
v 0.000000 0.327503 0.354305
v 0.000000 0.319828 0.375497
v 0.000000 0.322076 0.360512
v 0.000000 0.327503 0.500000
v 0.000000 0.319828 0.478808
v 0.000000 0.322076 0.493793
v -0.011560 0.328745 0.354305
v -0.013351 0.321262 0.375497
v -0.012827 0.323454 0.360512
v -0.011560 0.328745 0.500000
v -0.013351 0.321262 0.478808
v -0.012827 0.323454 0.493793
v -0.022540 0.332407 0.354305
v -0.026033 0.325493 0.375497
v -0.025010 0.327518 0.360512
v -0.022540 0.332407 0.500000
v -0.026033 0.325493 0.478808
v -0.025010 0.327518 0.493793
v -0.032390 0.338307 0.354305
v -0.037409 0.332307 0.375497
v -0.035939 0.334064 0.360512
v -0.032390 0.338307 0.500000
v -0.037409 0.332307 0.478808
v -0.035939 0.334064 0.493793
v -0.040616 0.346149 0.354305
v -0.046910 0.341364 0.375497
v -0.045066 0.342765 0.360512
v -0.040616 0.346149 0.500000
v -0.046910 0.341364 0.478808
v -0.045066 0.342765 0.493793
v -0.046805 0.355539 0.354305
v -0.054058 0.352209 0.375497
v -0.051934 0.353184 0.360512
v -0.046805 0.355539 0.500000
v -0.054058 0.352209 0.478808
v -0.051934 0.353184 0.493793
v -0.050647 0.366006 0.354305
v -0.058496 0.364298 0.375497
v -0.056197 0.364798 0.360512
v -0.050647 0.366006 0.500000
v -0.058496 0.364298 0.478808
v -0.056197 0.364798 0.493793
v -0.051949 0.377026 0.354305
v -0.060000 0.377026 0.375497
v -0.057642 0.377026 0.360512
v -0.051949 0.377026 0.500000
v -0.060000 0.377026 0.478808
v -0.057642 0.377026 0.493793
v -0.050647 0.388046 0.354305
v -0.058496 0.389753 0.375497
v -0.056197 0.389253 0.360512
v -0.050647 0.388046 0.500000
v -0.058496 0.389753 0.478808
v -0.056197 0.389253 0.493793
v -0.046805 0.398513 0.354305
v -0.054058 0.401843 0.375497
v -0.051934 0.400867 0.360512
v -0.046805 0.398513 0.500000
v -0.054058 0.401843 0.478808
v -0.051934 0.400867 0.493793
v -0.040616 0.407903 0.354305
v -0.046910 0.412688 0.375497
v -0.045066 0.411286 0.360512
v -0.040616 0.407903 0.500000
v -0.046910 0.412688 0.478808
v -0.045066 0.411286 0.493793
v -0.032390 0.415744 0.354305
v -0.037409 0.421744 0.375497
v -0.035939 0.419987 0.360512
v -0.032390 0.415744 0.500000
v -0.037409 0.421744 0.478808
v -0.035939 0.419987 0.493793
v -0.022540 0.421644 0.354305
v -0.026033 0.428559 0.375497
v -0.025010 0.426534 0.360512
v -0.022540 0.421644 0.500000
v -0.026033 0.428559 0.478808
v -0.025010 0.426534 0.493793
v -0.011560 0.425307 0.354305
v -0.013351 0.432789 0.375497
v -0.012827 0.430598 0.360512
v -0.011560 0.425307 0.500000
v -0.013351 0.432789 0.478808
v -0.012827 0.430598 0.493793
v -0.489500 -0.316492 0.372848
v -0.489500 -0.308866 0.394040
v -0.497500 -0.308866 0.372848
v -0.489500 -0.314258 0.387833
v -0.494119 -0.313269 0.385083
v -0.495157 -0.308866 0.387833
v -0.495157 -0.314258 0.372848
v -0.489500 -0.233556 0.394040
v -0.489500 -0.225929 0.372848
v -0.497500 -0.233556 0.372848
v -0.489500 -0.228163 0.387833
v -0.494119 -0.229153 0.385083
v -0.495157 -0.228163 0.372848
v -0.495157 -0.233556 0.387833
v -0.489500 -0.316492 0.322517
v -0.497500 -0.308866 0.322517
v -0.489500 -0.308866 0.301325
v -0.495157 -0.314258 0.322517
v -0.494119 -0.313269 0.310281
v -0.495157 -0.308866 0.307532
v -0.489500 -0.314258 0.307532
v -0.489500 -0.225929 0.322517
v -0.489500 -0.233556 0.301325
v -0.497500 -0.233556 0.322517
v -0.489500 -0.228163 0.307532
v -0.494119 -0.229153 0.310281
v -0.495157 -0.233556 0.307532
v -0.495157 -0.228163 0.322517
v -0.450500 -0.316492 0.372848
v -0.442500 -0.308866 0.372848
v -0.450500 -0.308866 0.394040
v -0.444843 -0.314258 0.372848
v -0.445881 -0.313269 0.385083
v -0.444843 -0.308866 0.387833
v -0.450500 -0.314258 0.387833
v -0.450500 -0.225929 0.372848
v -0.450500 -0.233556 0.394040
v -0.442500 -0.233556 0.372848
v -0.450500 -0.228163 0.387833
v -0.445881 -0.229153 0.385083
v -0.444843 -0.233556 0.387833
v -0.444843 -0.228163 0.372848
v -0.450500 -0.316492 0.322517
v -0.450500 -0.308866 0.301325
v -0.442500 -0.308866 0.322517
v -0.450500 -0.314258 0.307532
v -0.445881 -0.313269 0.310281
v -0.444843 -0.308866 0.307532
v -0.444843 -0.314258 0.322517
v -0.450500 -0.225929 0.322517
v -0.442500 -0.233556 0.322517
v -0.450500 -0.233556 0.301325
v -0.444843 -0.228163 0.322517
v -0.445881 -0.229153 0.310281
v -0.444843 -0.233556 0.307532
v -0.450500 -0.228163 0.307532
v -0.489500 -0.068637 0.372848
v -0.489500 -0.061010 0.394040
v -0.497500 -0.061010 0.372848
v -0.489500 -0.066403 0.387833
v -0.494119 -0.065414 0.385083
v -0.495157 -0.061010 0.387833
v -0.495157 -0.066403 0.372848
v -0.489500 0.014299 0.394040
v -0.489500 0.021926 0.372848
v -0.497500 0.014299 0.372848
v -0.489500 0.019692 0.387833
v -0.494119 0.018702 0.385083
v -0.495157 0.019692 0.372848
v -0.495157 0.014299 0.387833
v -0.489500 -0.068637 0.322517
v -0.497500 -0.061010 0.322517
v -0.489500 -0.061010 0.301325
v -0.495157 -0.066403 0.322517
v -0.494119 -0.065414 0.310281
v -0.495157 -0.061010 0.307532
v -0.489500 -0.066403 0.307532
v -0.489500 0.021926 0.322517
v -0.489500 0.014299 0.301325
v -0.497500 0.014299 0.322517
v -0.489500 0.019692 0.307532
v -0.494119 0.018702 0.310281
v -0.495157 0.014299 0.307532
v -0.495157 0.019692 0.322517
v -0.450500 -0.068637 0.372848
v -0.442500 -0.061010 0.372848
v -0.450500 -0.061010 0.394040
v -0.444843 -0.066403 0.372848
v -0.445881 -0.065414 0.385083
v -0.444843 -0.061010 0.387833
v -0.450500 -0.066403 0.387833
v -0.450500 0.021926 0.372848
v -0.450500 0.014299 0.394040
v -0.442500 0.014299 0.372848
v -0.450500 0.019692 0.387833
v -0.445881 0.018702 0.385083
v -0.444843 0.014299 0.387833
v -0.444843 0.019692 0.372848
v -0.450500 -0.068637 0.322517
v -0.450500 -0.061010 0.301325
v -0.442500 -0.061010 0.322517
v -0.450500 -0.066403 0.307532
v -0.445881 -0.065414 0.310281
v -0.444843 -0.061010 0.307532
v -0.444843 -0.066403 0.322517
v -0.450500 0.021926 0.322517
v -0.442500 0.014299 0.322517
v -0.450500 0.014299 0.301325
v -0.444843 0.019692 0.322517
v -0.445881 0.018702 0.310281
v -0.444843 0.014299 0.307532
v -0.450500 0.019692 0.307532
v -0.489500 0.179218 0.372848
v -0.489500 0.186845 0.394040
v -0.497500 0.186845 0.372848
v -0.489500 0.181452 0.387833
v -0.494119 0.182442 0.385083
v -0.495157 0.186845 0.387833
v -0.495157 0.181452 0.372848
v -0.489500 0.262154 0.394040
v -0.489500 0.269781 0.372848
v -0.497500 0.262154 0.372848
v -0.489500 0.267547 0.387833
v -0.494119 0.266557 0.385083
v -0.495157 0.267547 0.372848
v -0.495157 0.262154 0.387833
v -0.489500 0.179218 0.322517
v -0.497500 0.186845 0.322517
v -0.489500 0.186845 0.301325
v -0.495157 0.181452 0.322517
v -0.494119 0.182442 0.310281
v -0.495157 0.186845 0.307532
v -0.489500 0.181452 0.307532
v -0.489500 0.269781 0.322517
v -0.489500 0.262154 0.301325
v -0.497500 0.262154 0.322517
v -0.489500 0.267547 0.307532
v -0.494119 0.266557 0.310281
v -0.495157 0.262154 0.307532
v -0.495157 0.267547 0.322517
v -0.450500 0.179218 0.372848
v -0.442500 0.186845 0.372848
v -0.450500 0.186845 0.394040
v -0.444843 0.181452 0.372848
v -0.445881 0.182442 0.385083
v -0.444843 0.186845 0.387833
v -0.450500 0.181452 0.387833
v -0.450500 0.269781 0.372848
v -0.450500 0.262154 0.394040
v -0.442500 0.262154 0.372848
v -0.450500 0.267547 0.387833
v -0.445881 0.266557 0.385083
v -0.444843 0.262154 0.387833
v -0.444843 0.267547 0.372848
v -0.450500 0.179218 0.322517
v -0.450500 0.186845 0.301325
v -0.442500 0.186845 0.322517
v -0.450500 0.181452 0.307532
v -0.445881 0.182442 0.310281
v -0.444843 0.186845 0.307532
v -0.444843 0.181452 0.322517
v -0.450500 0.269781 0.322517
v -0.442500 0.262154 0.322517
v -0.450500 0.262154 0.301325
v -0.444843 0.267547 0.322517
v -0.445881 0.266557 0.310281
v -0.444843 0.262154 0.307532
v -0.450500 0.267547 0.307532
v 0.450500 -0.316492 0.372848
v 0.450500 -0.308866 0.394040
v 0.442500 -0.308866 0.372848
v 0.450500 -0.314258 0.387833
v 0.445881 -0.313269 0.385083
v 0.444843 -0.308866 0.387833
v 0.444843 -0.314258 0.372848
v 0.450500 -0.233556 0.394040
v 0.450500 -0.225929 0.372848
v 0.442500 -0.233556 0.372848
v 0.450500 -0.228163 0.387833
v 0.445881 -0.229153 0.385083
v 0.444843 -0.228163 0.372848
v 0.444843 -0.233556 0.387833
v 0.450500 -0.316492 0.322517
v 0.442500 -0.308866 0.322517
v 0.450500 -0.308866 0.301325
v 0.444843 -0.314258 0.322517
v 0.445881 -0.313269 0.310281
v 0.444843 -0.308866 0.307532
v 0.450500 -0.314258 0.307532
v 0.450500 -0.225929 0.322517
v 0.450500 -0.233556 0.301325
v 0.442500 -0.233556 0.322517
v 0.450500 -0.228163 0.307532
v 0.445881 -0.229153 0.310281
v 0.444843 -0.233556 0.307532
v 0.444843 -0.228163 0.322517
v 0.489500 -0.316492 0.372848
v 0.497500 -0.308866 0.372848
v 0.489500 -0.308866 0.394040
v 0.495157 -0.314258 0.372848
v 0.494119 -0.313269 0.385083
v 0.495157 -0.308866 0.387833
v 0.489500 -0.314258 0.387833
v 0.489500 -0.225929 0.372848
v 0.489500 -0.233556 0.394040
v 0.497500 -0.233556 0.372848
v 0.489500 -0.228163 0.387833
v 0.494119 -0.229153 0.385083
v 0.495157 -0.233556 0.387833
v 0.495157 -0.228163 0.372848
v 0.489500 -0.316492 0.322517
v 0.489500 -0.308866 0.301325
v 0.497500 -0.308866 0.322517
v 0.489500 -0.314258 0.307532
v 0.494119 -0.313269 0.310281
v 0.495157 -0.308866 0.307532
v 0.495157 -0.314258 0.322517
v 0.489500 -0.225929 0.322517
v 0.497500 -0.233556 0.322517
v 0.489500 -0.233556 0.301325
v 0.495157 -0.228163 0.322517
v 0.494119 -0.229153 0.310281
v 0.495157 -0.233556 0.307532
v 0.489500 -0.228163 0.307532
v 0.450500 -0.068637 0.372848
v 0.450500 -0.061010 0.394040
v 0.442500 -0.061010 0.372848
v 0.450500 -0.066403 0.387833
v 0.445881 -0.065414 0.385083
v 0.444843 -0.061010 0.387833
v 0.444843 -0.066403 0.372848
v 0.450500 0.014299 0.394040
v 0.450500 0.021926 0.372848
v 0.442500 0.014299 0.372848
v 0.450500 0.019692 0.387833
v 0.445881 0.018702 0.385083
v 0.444843 0.019692 0.372848
v 0.444843 0.014299 0.387833
v 0.450500 -0.068637 0.322517
v 0.442500 -0.061010 0.322517
v 0.450500 -0.061010 0.301325
v 0.444843 -0.066403 0.322517
v 0.445881 -0.065414 0.310281
v 0.444843 -0.061010 0.307532
v 0.450500 -0.066403 0.307532
v 0.450500 0.021926 0.322517
v 0.450500 0.014299 0.301325
v 0.442500 0.014299 0.322517
v 0.450500 0.019692 0.307532
v 0.445881 0.018702 0.310281
v 0.444843 0.014299 0.307532
v 0.444843 0.019692 0.322517
v 0.489500 -0.068637 0.372848
v 0.497500 -0.061010 0.372848
v 0.489500 -0.061010 0.394040
v 0.495157 -0.066403 0.372848
v 0.494119 -0.065414 0.385083
v 0.495157 -0.061010 0.387833
v 0.489500 -0.066403 0.387833
v 0.489500 0.021926 0.372848
v 0.489500 0.014299 0.394040
v 0.497500 0.014299 0.372848
v 0.489500 0.019692 0.387833
v 0.494119 0.018702 0.385083
v 0.495157 0.014299 0.387833
v 0.495157 0.019692 0.372848
v 0.489500 -0.068637 0.322517
v 0.489500 -0.061010 0.301325
v 0.497500 -0.061010 0.322517
v 0.489500 -0.066403 0.307532
v 0.494119 -0.065414 0.310281
v 0.495157 -0.061010 0.307532
v 0.495157 -0.066403 0.322517
v 0.489500 0.021926 0.322517
v 0.497500 0.014299 0.322517
v 0.489500 0.014299 0.301325
v 0.495157 0.019692 0.322517
v 0.494119 0.018702 0.310281
v 0.495157 0.014299 0.307532
v 0.489500 0.019692 0.307532
v 0.450500 0.179218 0.372848
v 0.450500 0.186845 0.394040
v 0.442500 0.186845 0.372848
v 0.450500 0.181452 0.387833
v 0.445881 0.182442 0.385083
v 0.444843 0.186845 0.387833
v 0.444843 0.181452 0.372848
v 0.450500 0.262154 0.394040
v 0.450500 0.269781 0.372848
v 0.442500 0.262154 0.372848
v 0.450500 0.267547 0.387833
v 0.445881 0.266557 0.385083
v 0.444843 0.267547 0.372848
v 0.444843 0.262154 0.387833
v 0.450500 0.179218 0.322517
v 0.442500 0.186845 0.322517
v 0.450500 0.186845 0.301325
v 0.444843 0.181452 0.322517
v 0.445881 0.182442 0.310281
v 0.444843 0.186845 0.307532
v 0.450500 0.181452 0.307532
v 0.450500 0.269781 0.322517
v 0.450500 0.262154 0.301325
v 0.442500 0.262154 0.322517
v 0.450500 0.267547 0.307532
v 0.445881 0.266557 0.310281
v 0.444843 0.262154 0.307532
v 0.444843 0.267547 0.322517
v 0.489500 0.179218 0.372848
v 0.497500 0.186845 0.372848
v 0.489500 0.186845 0.394040
v 0.495157 0.181452 0.372848
v 0.494119 0.182442 0.385083
v 0.495157 0.186845 0.387833
v 0.489500 0.181452 0.387833
v 0.489500 0.269781 0.372848
v 0.489500 0.262154 0.394040
v 0.497500 0.262154 0.372848
v 0.489500 0.267547 0.387833
v 0.494119 0.266557 0.385083
v 0.495157 0.262154 0.387833
v 0.495157 0.267547 0.372848
v 0.489500 0.179218 0.322517
v 0.489500 0.186845 0.301325
v 0.497500 0.186845 0.322517
v 0.489500 0.181452 0.307532
v 0.494119 0.182442 0.310281
v 0.495157 0.186845 0.307532
v 0.495157 0.181452 0.322517
v 0.489500 0.269781 0.322517
v 0.497500 0.262154 0.322517
v 0.489500 0.262154 0.301325
v 0.495157 0.267547 0.322517
v 0.494119 0.266557 0.310281
v 0.495157 0.262154 0.307532
v 0.489500 0.267547 0.307532
vn 0.3562 0.3671 0.8593
vn -0.3562 -0.3670 0.8593
vn 0.3562 -0.3671 0.8593
vn 0.9781 0.1964 -0.0692
vn 0.9781 -0.1964 0.0692
vn 0.9781 -0.1964 -0.0692
vn -0.1804 0.9814 -0.0663
vn 0.1804 0.9814 0.0663
vn 0.1804 0.9814 -0.0663
vn -0.9781 0.1964 0.0692
vn -0.9781 -0.1964 -0.0692
vn -0.9781 -0.1964 0.0692
vn -0.3562 0.3670 -0.8593
vn 0.3562 -0.3671 -0.8593
vn -0.3562 -0.3670 -0.8593
vn -0.1804 -0.9814 0.0663
vn -0.3042 -0.9432 0.1336
vn -0.3668 -0.9288 0.0521
vn -0.6734 -0.3298 0.6617
vn -0.3143 -0.6935 0.6483
vn -0.9335 -0.3304 0.1391
vn -0.9799 -0.1281 0.1532
vn -0.3143 0.6935 0.6483
vn -0.6734 0.3298 0.6616
vn -0.3562 0.3670 0.8593
vn -0.1804 0.9814 0.0663
vn -0.3042 0.9432 0.1336
vn -0.1182 0.9821 0.1464
vn -0.9335 0.3304 0.1391
vn -0.9158 0.3979 0.0541
vn -0.1804 -0.9814 -0.0663
vn -0.3042 -0.9432 -0.1336
vn -0.1182 -0.9821 -0.1464
vn -0.9335 -0.3304 -0.1391
vn -0.9158 -0.3979 -0.0541
vn -0.3143 -0.6935 -0.6482
vn -0.6734 -0.3298 -0.6616
vn -0.3042 0.9432 -0.1336
vn -0.3668 0.9288 -0.0521
vn -0.6734 0.3298 -0.6616
vn -0.3143 0.6935 -0.6482
vn -0.9781 0.1964 -0.0692
vn -0.9335 0.3304 -0.1391
vn -0.9799 0.1281 -0.1532
vn 0.1804 -0.9814 0.0663
vn 0.3042 -0.9432 0.1337
vn 0.1182 -0.9821 0.1464
vn 0.9335 -0.3304 0.1391
vn 0.9158 -0.3979 0.0541
vn 0.3143 -0.6935 0.6482
vn 0.6734 -0.3298 0.6616
vn 0.3042 0.9432 0.1337
vn 0.3668 0.9288 0.0521
vn 0.6734 0.3298 0.6616
vn 0.3143 0.6935 0.6482
vn 0.9781 0.1964 0.0692
vn 0.9335 0.3304 0.1391
vn 0.9799 0.1281 0.1532
vn 0.1804 -0.9814 -0.0663
vn 0.3042 -0.9432 -0.1337
vn 0.3668 -0.9288 -0.0521
vn 0.6734 -0.3298 -0.6616
vn 0.3143 -0.6935 -0.6482
vn 0.9335 -0.3304 -0.1391
vn 0.9799 -0.1281 -0.1532
vn 0.3042 0.9432 -0.1337
vn 0.1182 0.9821 -0.1464
vn 0.9335 0.3304 -0.1391
vn 0.9158 0.3979 -0.0541
vn 0.3143 0.6935 -0.6482
vn 0.6734 0.3298 -0.6616
vn 0.3562 0.3671 -0.8593
vn -0.3668 -0.9288 -0.0521
vn -0.9158 -0.3979 0.0541
vn -0.9799 0.1281 0.1532
vn -0.3668 0.9289 0.0521
vn -0.9158 0.3979 -0.0541
vn -0.9799 -0.1281 -0.1532
vn 0.1182 -0.9821 -0.1464
vn -0.1182 0.9821 -0.1464
vn 0.9799 0.1281 -0.1532
vn 0.3668 -0.9288 0.0521
vn 0.9158 -0.3979 -0.0541
vn 0.3668 0.9288 -0.0521
vn 0.9158 0.3979 0.0541
vn 0.9799 -0.1281 0.1532
vn -0.1182 -0.9821 0.1464
vn 0.1182 0.9821 0.1464
vn 0.3562 0.3670 0.8593
vn -0.3562 -0.3671 0.8593
vn 0.3562 -0.3670 0.8593
vn -0.3562 0.3671 -0.8593
vn 0.3562 -0.3670 -0.8593
vn -0.3562 -0.3671 -0.8593
vn -0.3042 -0.9432 0.1337
vn -0.6734 -0.3298 0.6616
vn -0.3143 -0.6935 0.6482
vn -0.3143 0.6935 0.6482
vn -0.3562 0.3671 0.8593
vn -0.3042 0.9432 0.1337
vn -0.3042 -0.9432 -0.1337
vn -0.3042 0.9432 -0.1337
vn 0.3042 -0.9432 0.1336
vn 0.3143 -0.6935 0.6483
vn 0.3042 0.9432 0.1336
vn 0.3143 0.6935 0.6483
vn 0.3042 -0.9432 -0.1336
vn 0.6734 -0.3298 -0.6617
vn 0.3042 0.9432 -0.1336
vn 0.3562 0.3670 -0.8593
vn -0.3668 0.9288 0.0521
vn -0.3668 -0.9289 0.0521
vn -0.3143 -0.6935 -0.6483
vn -0.3668 0.9289 -0.0521
vn 0.3668 0.9289 0.0521
vn 0.3668 -0.9289 -0.0521
vn 0.3143 0.6935 -0.6483
vn -0.3668 -0.9289 -0.0521
vn 0.3668 -0.9289 0.0521
vn 0.3668 0.9289 -0.0521
vn -0.6734 0.3298 0.6617
vn 0.6734 -0.3298 0.6617
vn 0.6734 0.3298 0.6617
vn 0.9747 0.1617 0.1543
vn 0.9880 -0.0000 0.1545
vn 0.7296 0.1208 0.6731
vn 0.7391 -0.0000 0.6736
vn -0.7296 -0.1208 0.6731
vn -0.7391 -0.0000 0.6736
vn -0.9747 -0.1617 0.1543
vn -0.9880 -0.0000 0.1545
vn -0.9880 -0.0000 -0.1545
vn -0.9747 -0.1617 -0.1543
vn -0.7391 -0.0000 -0.6736
vn -0.7296 -0.1208 -0.6731
vn 0.7391 -0.0000 -0.6736
vn 0.7296 0.1208 -0.6731
vn 0.9880 -0.0000 -0.1545
vn 0.9747 0.1617 -0.1543
vn 0.9354 0.3184 0.1538
vn 0.9747 0.1620 0.1543
vn 0.7014 0.2382 0.6718
vn 0.7295 0.1215 0.6731
vn -0.7014 -0.2382 0.6718
vn -0.7295 -0.1215 0.6731
vn -0.9354 -0.3184 0.1538
vn -0.9747 -0.1620 0.1543
vn -0.9747 -0.1620 -0.1543
vn -0.9354 -0.3184 -0.1538
vn -0.7295 -0.1215 -0.6731
vn -0.7014 -0.2382 -0.6718
vn 0.7295 0.1215 -0.6731
vn 0.7014 0.2382 -0.6718
vn 0.9747 0.1620 -0.1543
vn 0.9354 0.3184 -0.1538
vn 0.8718 0.4654 0.1530
vn 0.9353 0.3188 0.1538
vn 0.6554 0.3490 0.6698
vn 0.7009 0.2396 0.6718
vn -0.6554 -0.3490 0.6698
vn -0.7009 -0.2396 0.6718
vn -0.8718 -0.4654 0.1530
vn -0.9353 -0.3188 0.1538
vn -0.9353 -0.3188 -0.1538
vn -0.8718 -0.4654 -0.1530
vn -0.7009 -0.2396 -0.6718
vn -0.6554 -0.3490 -0.6698
vn 0.7009 0.2396 -0.6718
vn 0.6554 0.3490 -0.6698
vn 0.9353 0.3188 -0.1538
vn 0.8718 0.4654 -0.1530
vn 0.7865 0.5986 0.1519
vn 0.8715 0.4659 0.1530
vn 0.5931 0.4504 0.6673
vn 0.6545 0.3508 0.6698
vn -0.5931 -0.4504 0.6673
vn -0.6545 -0.3508 0.6698
vn -0.7865 -0.5986 0.1519
vn -0.8715 -0.4659 0.1530
vn -0.8715 -0.4659 -0.1530
vn -0.7865 -0.5986 -0.1519
vn -0.6545 -0.3508 -0.6698
vn -0.5931 -0.4504 -0.6673
vn 0.6545 0.3508 -0.6698
vn 0.5931 0.4504 -0.6673
vn 0.8715 0.4659 -0.1530
vn 0.7865 0.5986 -0.1519
vn 0.6826 0.7151 0.1508
vn 0.7861 0.5992 0.1519
vn 0.5166 0.5399 0.6646
vn 0.5918 0.4523 0.6673
vn -0.5166 -0.5399 0.6646
vn -0.5918 -0.4523 0.6673
vn -0.6826 -0.7151 0.1508
vn -0.7861 -0.5992 0.1519
vn -0.7861 -0.5992 -0.1519
vn -0.6826 -0.7151 -0.1508
vn -0.5918 -0.4523 -0.6673
vn -0.5166 -0.5399 -0.6646
vn 0.5918 0.4523 -0.6673
vn 0.5166 0.5399 -0.6646
vn 0.7861 0.5992 -0.1519
vn 0.6826 0.7151 -0.1508
vn 0.5634 0.8125 0.1498
vn 0.6821 0.7156 0.1508
vn 0.4279 0.6155 0.6618
vn 0.5149 0.5416 0.6645
vn -0.4279 -0.6155 0.6618
vn -0.5149 -0.5416 0.6645
vn -0.5634 -0.8125 0.1498
vn -0.6821 -0.7156 0.1508
vn -0.6821 -0.7156 -0.1508
vn -0.5634 -0.8125 -0.1498
vn -0.5149 -0.5416 -0.6645
vn -0.4279 -0.6155 -0.6618
vn 0.5149 0.5416 -0.6645
vn 0.4279 0.6155 -0.6618
vn 0.6821 0.7156 -0.1508
vn 0.5634 0.8125 -0.1498
vn 0.4325 0.8893 0.1488
vn 0.5629 0.8128 0.1498
vn 0.3294 0.6758 0.6594
vn 0.4261 0.6168 0.6618
vn -0.3294 -0.6758 0.6594
vn -0.4261 -0.6168 0.6618
vn -0.4325 -0.8893 0.1488
vn -0.5629 -0.8128 0.1498
vn -0.5629 -0.8128 -0.1498
vn -0.4325 -0.8893 -0.1488
vn -0.4261 -0.6168 -0.6618
vn -0.3294 -0.6758 -0.6594
vn 0.4261 0.6168 -0.6618
vn 0.3294 0.6758 -0.6594
vn 0.5629 0.8128 -0.1498
vn 0.4325 0.8893 -0.1488
vn 0.2929 0.9446 0.1481
vn 0.4320 0.8895 0.1488
vn 0.2237 0.7195 0.6575
vn 0.3278 0.6766 0.6594
vn -0.2237 -0.7195 0.6575
vn -0.3278 -0.6766 0.6594
vn -0.2929 -0.9446 0.1481
vn -0.4320 -0.8895 0.1488
vn -0.4320 -0.8895 -0.1488
vn -0.2929 -0.9446 -0.1481
vn -0.3278 -0.6766 -0.6594
vn -0.2237 -0.7195 -0.6575
vn 0.3278 0.6766 -0.6594
vn 0.2237 0.7195 -0.6575
vn 0.4320 0.8895 -0.1488
vn 0.2929 0.9446 -0.1481
vn 0.1478 0.9779 0.1476
vn 0.2926 0.9447 0.1481
vn 0.1130 0.7460 0.6563
vn 0.2224 0.7199 0.6575
vn -0.1130 -0.7460 0.6563
vn -0.2224 -0.7199 0.6575
vn -0.1478 -0.9779 0.1476
vn -0.2926 -0.9447 0.1481
vn -0.2926 -0.9447 -0.1481
vn -0.1478 -0.9779 -0.1476
vn -0.2224 -0.7199 -0.6575
vn -0.1130 -0.7460 -0.6563
vn 0.2224 0.7199 -0.6575
vn 0.1130 0.7460 -0.6563
vn 0.2926 0.9447 -0.1481
vn 0.1478 0.9779 -0.1476
vn -0.0000 0.9891 0.1474
vn 0.1476 0.9780 0.1476
vn -0.0000 0.7549 0.6558
vn 0.1123 0.7461 0.6563
vn -0.0000 -0.7549 0.6558
vn -0.1123 -0.7461 0.6563
vn -0.0000 -0.9891 0.1474
vn -0.1476 -0.9780 0.1476
vn -0.1476 -0.9780 -0.1476
vn -0.0000 -0.9891 -0.1474
vn -0.1123 -0.7461 -0.6563
vn -0.0000 -0.7549 -0.6558
vn 0.1123 0.7461 -0.6563
vn -0.0000 0.7549 -0.6558
vn 0.1476 0.9780 -0.1476
vn -0.0000 0.9891 -0.1474
vn -0.1476 0.9780 0.1476
vn -0.1123 0.7461 0.6563
vn 0.1123 -0.7461 0.6563
vn 0.1476 -0.9780 0.1476
vn 0.1476 -0.9780 -0.1476
vn 0.1123 -0.7461 -0.6563
vn -0.1123 0.7461 -0.6563
vn -0.1476 0.9780 -0.1476
vn -0.1478 0.9779 0.1476
vn -0.2926 0.9447 0.1481
vn -0.1130 0.7460 0.6563
vn -0.2224 0.7199 0.6575
vn 0.1130 -0.7460 0.6563
vn 0.2224 -0.7199 0.6575
vn 0.1478 -0.9779 0.1476
vn 0.2926 -0.9447 0.1481
vn 0.2926 -0.9447 -0.1481
vn 0.1478 -0.9779 -0.1476
vn 0.2224 -0.7199 -0.6575
vn 0.1130 -0.7460 -0.6563
vn -0.2224 0.7199 -0.6575
vn -0.1130 0.7460 -0.6563
vn -0.2926 0.9447 -0.1481
vn -0.1478 0.9779 -0.1476
vn -0.2929 0.9446 0.1481
vn -0.4320 0.8895 0.1488
vn -0.2237 0.7195 0.6575
vn -0.3278 0.6766 0.6594
vn 0.2237 -0.7195 0.6575
vn 0.3278 -0.6766 0.6594
vn 0.2929 -0.9446 0.1481
vn 0.4320 -0.8895 0.1488
vn 0.4320 -0.8895 -0.1488
vn 0.2929 -0.9446 -0.1481
vn 0.3278 -0.6766 -0.6594
vn 0.2237 -0.7195 -0.6575
vn -0.3278 0.6766 -0.6594
vn -0.2237 0.7195 -0.6575
vn -0.4320 0.8895 -0.1488
vn -0.2929 0.9446 -0.1481
vn -0.4325 0.8893 0.1488
vn -0.5629 0.8128 0.1498
vn -0.3294 0.6758 0.6594
vn -0.4261 0.6168 0.6618
vn 0.3294 -0.6758 0.6594
vn 0.4261 -0.6168 0.6618
vn 0.4325 -0.8893 0.1488
vn 0.5629 -0.8128 0.1498
vn 0.5629 -0.8128 -0.1498
vn 0.4325 -0.8893 -0.1488
vn 0.4261 -0.6168 -0.6618
vn 0.3294 -0.6758 -0.6594
vn -0.4261 0.6168 -0.6618
vn -0.3294 0.6758 -0.6594
vn -0.5629 0.8128 -0.1498
vn -0.4325 0.8893 -0.1488
vn -0.5634 0.8125 0.1498
vn -0.6821 0.7156 0.1508
vn -0.4279 0.6155 0.6618
vn -0.5149 0.5416 0.6645
vn 0.4279 -0.6155 0.6618
vn 0.5149 -0.5416 0.6645
vn 0.5634 -0.8125 0.1498
vn 0.6821 -0.7156 0.1508
vn 0.6821 -0.7156 -0.1508
vn 0.5634 -0.8125 -0.1498
vn 0.5149 -0.5416 -0.6645
vn 0.4279 -0.6155 -0.6618
vn -0.5149 0.5416 -0.6645
vn -0.4279 0.6155 -0.6618
vn -0.6821 0.7156 -0.1508
vn -0.5634 0.8125 -0.1498
vn -0.6826 0.7151 0.1508
vn -0.7861 0.5992 0.1519
vn -0.5166 0.5399 0.6646
vn -0.5918 0.4523 0.6673
vn 0.5166 -0.5399 0.6646
vn 0.5918 -0.4523 0.6673
vn 0.6826 -0.7151 0.1508
vn 0.7861 -0.5992 0.1519
vn 0.7861 -0.5992 -0.1519
vn 0.6826 -0.7151 -0.1508
vn 0.5918 -0.4523 -0.6673
vn 0.5166 -0.5399 -0.6646
vn -0.5918 0.4523 -0.6673
vn -0.5166 0.5399 -0.6646
vn -0.7861 0.5992 -0.1519
vn -0.6826 0.7151 -0.1508
vn -0.7865 0.5986 0.1519
vn -0.8715 0.4659 0.1530
vn -0.5931 0.4504 0.6673
vn -0.6545 0.3508 0.6698
vn 0.5931 -0.4504 0.6673
vn 0.6545 -0.3508 0.6698
vn 0.7865 -0.5986 0.1519
vn 0.8715 -0.4659 0.1530
vn 0.8715 -0.4659 -0.1530
vn 0.7865 -0.5986 -0.1519
vn 0.6545 -0.3508 -0.6698
vn 0.5931 -0.4504 -0.6673
vn -0.6545 0.3508 -0.6698
vn -0.5931 0.4504 -0.6673
vn -0.8715 0.4659 -0.1530
vn -0.7865 0.5986 -0.1519
vn -0.8718 0.4654 0.1530
vn -0.9353 0.3188 0.1538
vn -0.6554 0.3490 0.6698
vn -0.7009 0.2396 0.6718
vn 0.6554 -0.3490 0.6698
vn 0.7009 -0.2396 0.6718
vn 0.8718 -0.4654 0.1530
vn 0.9353 -0.3188 0.1538
vn 0.9353 -0.3188 -0.1538
vn 0.8718 -0.4654 -0.1530
vn 0.7009 -0.2396 -0.6718
vn 0.6554 -0.3490 -0.6698
vn -0.7009 0.2396 -0.6718
vn -0.6554 0.3490 -0.6698
vn -0.9353 0.3188 -0.1538
vn -0.8718 0.4654 -0.1530
vn -0.9354 0.3184 0.1538
vn -0.9747 0.1620 0.1543
vn -0.7014 0.2382 0.6718
vn -0.7295 0.1215 0.6731
vn 0.7014 -0.2382 0.6718
vn 0.7295 -0.1215 0.6731
vn 0.9354 -0.3184 0.1538
vn 0.9747 -0.1620 0.1543
vn 0.9747 -0.1620 -0.1543
vn 0.9354 -0.3184 -0.1538
vn 0.7295 -0.1215 -0.6731
vn 0.7014 -0.2382 -0.6718
vn -0.7295 0.1215 -0.6731
vn -0.7014 0.2382 -0.6718
vn -0.9747 0.1620 -0.1543
vn -0.9354 0.3184 -0.1538
vn -0.9747 0.1617 0.1543
vn -0.7296 0.1208 0.6731
vn 0.7296 -0.1208 0.6731
vn 0.9747 -0.1617 0.1543
vn 0.9747 -0.1617 -0.1543
vn 0.7296 -0.1208 -0.6731
vn -0.7296 0.1208 -0.6731
vn -0.9747 0.1617 -0.1543
vn -0.7013 0.2382 -0.6718
vn -0.2124 0.9744 0.0742
vn -0.0000 0.9973 -0.0740
vn -0.2124 0.9744 -0.0742
vn 0.4166 0.9060 0.0746
vn 0.6041 0.7933 -0.0753
vn 0.4166 0.9060 -0.0746
vn 0.6041 0.7933 0.0753
vn 0.7653 0.6391 -0.0761
vn 0.7653 0.6391 0.0761
vn 0.8903 0.4489 -0.0768
vn 0.8903 0.4489 0.0768
vn 0.9697 0.2318 -0.0773
vn 0.9697 0.2318 0.0773
vn 0.9970 -0.0000 -0.0775
vn 0.9970 -0.0000 0.0775
vn 0.9697 -0.2318 -0.0773
vn 0.9697 -0.2318 0.0773
vn 0.8903 -0.4489 -0.0768
vn 0.8903 -0.4489 0.0768
vn 0.7653 -0.6391 -0.0761
vn 0.7653 -0.6391 0.0761
vn 0.6041 -0.7933 -0.0753
vn 0.6041 -0.7933 0.0753
vn 0.4166 -0.9060 -0.0746
vn 0.4166 -0.9060 0.0746
vn 0.2124 -0.9744 -0.0742
vn 0.2124 -0.9744 0.0742
vn -0.0000 -0.9973 -0.0740
vn -0.0000 -0.9973 0.0740
vn -0.2124 -0.9744 -0.0742
vn -0.2124 -0.9744 0.0742
vn -0.4166 -0.9060 -0.0746
vn -0.4166 -0.9060 0.0746
vn -0.6041 -0.7933 -0.0753
vn -0.6041 -0.7933 0.0753
vn -0.7653 -0.6391 -0.0761
vn -0.7653 -0.6391 0.0761
vn -0.8903 -0.4489 -0.0768
vn -0.8903 -0.4489 0.0768
vn -0.9697 -0.2318 -0.0773
vn -0.9697 -0.2318 0.0773
vn -0.9970 -0.0000 -0.0775
vn -0.9970 -0.0000 0.0775
vn -0.9697 0.2318 -0.0773
vn -0.9697 0.2318 0.0773
vn -0.8903 0.4489 -0.0768
vn -0.8903 0.4489 0.0768
vn -0.7653 0.6391 -0.0761
vn -0.7653 0.6391 0.0761
vn -0.6041 0.7933 -0.0753
vn -0.6041 0.7933 0.0753
vn -0.4166 0.9060 -0.0746
vn -0.4166 0.9060 0.0746
vn 0.2124 0.9744 0.0742
vn 0.2124 0.9744 -0.0742
vn -0.4158 0.0999 0.9039
vn -0.0000 -0.4362 0.8998
vn 0.4158 0.0999 0.9039
vn -0.0000 0.9973 0.0740
vn 0.2103 0.9663 -0.1487
vn -0.0000 0.9889 -0.1483
vn -0.0000 0.7528 -0.6582
vn 0.0923 0.4259 -0.9001
vn -0.0000 0.4362 -0.8999
vn 0.2103 0.9663 0.1487
vn -0.0000 0.7528 0.6582
vn 0.0923 0.4259 0.9001
vn 0.1607 0.7347 0.6591
vn 0.4126 0.8986 -0.1496
vn 0.1607 0.7347 -0.6591
vn 0.1808 0.3952 -0.9006
vn 0.4126 0.8986 0.1496
vn 0.1808 0.3952 0.9006
vn 0.3143 0.6810 0.6615
vn 0.5983 0.7869 -0.1510
vn 0.3143 0.6810 -0.6615
vn 0.2613 0.3450 -0.9015
vn 0.5983 0.7869 0.1510
vn 0.2613 0.3450 0.9015
vn 0.4535 0.5934 0.6650
vn 0.7581 0.6341 -0.1526
vn 0.4535 0.5934 -0.6650
vn 0.3299 0.2770 -0.9024
vn 0.7581 0.6341 0.1526
vn 0.3299 0.2770 0.9024
vn 0.5714 0.4754 0.6689
vn 0.8820 0.4455 -0.1540
vn 0.5714 0.4754 -0.6689
vn 0.3826 0.1940 -0.9033
vn 0.8820 0.4455 0.1540
vn 0.3826 0.1940 0.9033
vn 0.6613 0.3323 0.6725
vn 0.9608 0.2300 -0.1551
vn 0.6613 0.3323 -0.6725
vn 0.4158 0.0999 -0.9039
vn 0.9608 0.2300 0.1551
vn 0.7177 0.1709 0.6750
vn 0.9878 -0.0000 -0.1554
vn 0.7177 0.1709 -0.6750
vn 0.4272 -0.0000 -0.9042
vn 0.9878 -0.0000 0.1554
vn 0.4272 -0.0000 0.9042
vn 0.7370 -0.0000 0.6759
vn 0.7177 -0.1709 -0.6750
vn 0.7370 -0.0000 -0.6759
vn 0.9608 -0.2300 0.1551
vn 0.7177 -0.1709 0.6750
vn 0.4158 -0.0999 0.9039
vn 0.9608 -0.2300 -0.1551
vn 0.6613 -0.3323 -0.6725
vn 0.4158 -0.0999 -0.9039
vn 0.8820 -0.4455 0.1540
vn 0.6613 -0.3323 0.6725
vn 0.3826 -0.1940 0.9033
vn 0.8820 -0.4455 -0.1540
vn 0.5714 -0.4754 -0.6689
vn 0.3826 -0.1940 -0.9033
vn 0.7581 -0.6341 0.1526
vn 0.5714 -0.4754 0.6689
vn 0.3300 -0.2770 0.9024
vn 0.7581 -0.6341 -0.1526
vn 0.4535 -0.5934 -0.6650
vn 0.3299 -0.2770 -0.9024
vn 0.5983 -0.7869 0.1510
vn 0.4535 -0.5934 0.6650
vn 0.2613 -0.3450 0.9015
vn 0.5983 -0.7869 -0.1510
vn 0.3143 -0.6810 -0.6615
vn 0.2613 -0.3450 -0.9015
vn 0.4126 -0.8986 0.1496
vn 0.3143 -0.6810 0.6615
vn 0.1808 -0.3952 0.9006
vn 0.4126 -0.8986 -0.1496
vn 0.1607 -0.7347 -0.6591
vn 0.1808 -0.3952 -0.9006
vn 0.2103 -0.9663 0.1487
vn 0.1607 -0.7347 0.6591
vn 0.0923 -0.4259 0.9001
vn 0.2103 -0.9663 -0.1487
vn -0.0000 -0.7528 -0.6582
vn 0.0923 -0.4259 -0.9001
vn -0.0000 -0.9889 0.1483
vn -0.0000 -0.7528 0.6582
vn -0.2103 -0.9663 -0.1487
vn -0.0000 -0.9889 -0.1483
vn -0.0923 -0.4259 -0.9001
vn -0.0000 -0.4362 -0.8999
vn -0.2103 -0.9663 0.1487
vn -0.0923 -0.4259 0.9001
vn -0.1607 -0.7347 0.6591
vn -0.4126 -0.8986 -0.1496
vn -0.1607 -0.7347 -0.6591
vn -0.1808 -0.3952 -0.9006
vn -0.4126 -0.8986 0.1496
vn -0.1808 -0.3952 0.9006
vn -0.3143 -0.6810 0.6615
vn -0.5983 -0.7869 -0.1510
vn -0.3143 -0.6810 -0.6615
vn -0.2613 -0.3450 -0.9015
vn -0.5983 -0.7869 0.1510
vn -0.2613 -0.3450 0.9015
vn -0.4535 -0.5934 0.6650
vn -0.7581 -0.6341 -0.1526
vn -0.4535 -0.5934 -0.6650
vn -0.3299 -0.2770 -0.9024
vn -0.7581 -0.6341 0.1526
vn -0.3300 -0.2770 0.9024
vn -0.5714 -0.4754 0.6689
vn -0.8820 -0.4455 -0.1540
vn -0.5714 -0.4754 -0.6689
vn -0.3826 -0.1940 -0.9033
vn -0.8820 -0.4455 0.1540
vn -0.3826 -0.1940 0.9033
vn -0.6613 -0.3323 0.6725
vn -0.9608 -0.2300 -0.1551
vn -0.6613 -0.3323 -0.6725
vn -0.4158 -0.0999 -0.9039
vn -0.9608 -0.2300 0.1551
vn -0.4158 -0.0999 0.9039
vn -0.7177 -0.1709 0.6750
vn -0.9878 -0.0000 -0.1554
vn -0.7177 -0.1709 -0.6750
vn -0.4272 -0.0000 -0.9042
vn -0.9878 -0.0000 0.1554
vn -0.4272 -0.0000 0.9042
vn -0.7370 -0.0000 0.6759
vn -0.7177 0.1709 -0.6750
vn -0.7370 -0.0000 -0.6759
vn -0.9608 0.2300 0.1551
vn -0.7177 0.1709 0.6750
vn -0.9608 0.2300 -0.1551
vn -0.6613 0.3323 -0.6725
vn -0.4158 0.0999 -0.9039
vn -0.8820 0.4455 0.1540
vn -0.6613 0.3323 0.6725
vn -0.3826 0.1940 0.9033
vn -0.8820 0.4455 -0.1540
vn -0.5714 0.4754 -0.6689
vn -0.3826 0.1940 -0.9033
vn -0.7581 0.6341 0.1526
vn -0.5714 0.4754 0.6689
vn -0.3299 0.2770 0.9024
vn -0.7581 0.6341 -0.1526
vn -0.4535 0.5934 -0.6650
vn -0.3299 0.2770 -0.9024
vn -0.5983 0.7869 0.1510
vn -0.4535 0.5934 0.6650
vn -0.2613 0.3450 0.9015
vn -0.5983 0.7869 -0.1510
vn -0.3143 0.6810 -0.6615
vn -0.2613 0.3450 -0.9015
vn -0.4126 0.8986 0.1496
vn -0.3143 0.6810 0.6615
vn -0.1808 0.3952 0.9006
vn -0.4126 0.8986 -0.1496
vn -0.1607 0.7347 -0.6591
vn -0.1808 0.3952 -0.9006
vn -0.2103 0.9663 0.1487
vn -0.1607 0.7347 0.6591
vn -0.0923 0.4259 0.9001
vn -0.2103 0.9663 -0.1487
vn -0.0923 0.4259 -0.9001
vn -0.0000 0.9889 0.1483
vn -0.0000 0.4362 0.8998
vn -0.5133 -0.5384 0.6684
vn -0.5133 0.5384 0.6684
vn -0.5133 -0.5384 -0.6684
vn -0.5133 0.5384 -0.6684
vn 0.5133 -0.5384 0.6683
vn 0.5133 0.5384 0.6683
vn 0.5133 -0.5384 -0.6683
vn 0.5133 0.5384 -0.6684
vn -0.5133 -0.5384 0.6683
vn -0.5133 0.5384 0.6683
vn -0.5133 -0.5384 -0.6683
vn -0.5133 0.5384 -0.6683
vn 0.5133 -0.5384 0.6684
vn 0.5133 0.5384 0.6684
vn 0.5133 -0.5384 -0.6684
vn -0.5132 -0.5384 -0.6683
vn 0.5132 -0.5384 -0.6684
vn 0.5133 0.5384 -0.6683
vn -0.5132 -0.5384 0.6684
vn -0.5132 0.5384 0.6684
vn -0.5132 0.5384 -0.6683
vn 0.5132 -0.5384 0.6684
vn 0.5132 0.5384 0.6684
vn 0.5132 -0.5384 -0.6683
vn 0.5132 0.5384 -0.6683
vn -0.5132 -0.5384 -0.6684
vn -0.5132 0.5384 -0.6684
vn 0.5132 0.5384 -0.6684
vt 0.656661 0.024415
vt 0.732291 0.906018
vt 0.656661 0.906018
vt 0.023290 0.023290
vt 0.293395 0.920040
vt 0.023290 0.920040
vt 0.901080 0.293395
vt 0.976710 0.023290
vt 0.976710 0.293395
vt 0.339976 0.023290
vt 0.610081 0.920040
vt 0.339976 0.920040
vt 0.778871 0.021520
vt 0.854500 0.903123
vt 0.778871 0.903123
vt 0.976710 0.339976
vt 0.992305 0.324381
vt 0.995809 0.339976
vt 0.751390 0.904571
vt 0.732291 0.923347
vt 0.324381 0.935634
vt 0.320876 0.920040
vt 0.732291 0.004191
vt 0.751390 0.022967
vt 0.732291 0.024415
vt 0.901080 0.023290
vt 0.885486 0.007696
vt 0.901080 0.004191
vt 0.324381 0.007695
vt 0.339976 0.004191
vt 0.976710 0.610081
vt 0.992305 0.625676
vt 0.976710 0.629180
vt 0.625676 0.935634
vt 0.610081 0.939139
vt 0.778871 0.923347
vt 0.759771 0.904571
vt 0.885486 0.308990
vt 0.881981 0.293395
vt 0.759771 0.022967
vt 0.778871 0.004191
vt 0.610081 0.023290
vt 0.625676 0.007695
vt 0.629180 0.023290
vt 0.901080 0.339976
vt 0.885486 0.324381
vt 0.901080 0.320876
vt 0.308990 0.935634
vt 0.293395 0.939139
vt 0.656661 0.923347
vt 0.637562 0.904571
vt 0.992304 0.007696
vt 0.995809 0.023290
vt 0.637562 0.022967
vt 0.656661 0.004191
vt 0.293395 0.023290
vt 0.308990 0.007695
vt 0.312495 0.023290
vt 0.901080 0.610081
vt 0.885486 0.625676
vt 0.881981 0.610081
vt 0.873600 0.904571
vt 0.854500 0.923347
vt 0.007696 0.935634
vt 0.004191 0.920040
vt 0.992304 0.308990
vt 0.976710 0.312495
vt 0.007696 0.007695
vt 0.023290 0.004191
vt 0.854500 0.004191
vt 0.873600 0.022967
vt 0.854500 0.021520
vt 0.995809 0.610081
vt 0.339976 0.939139
vt 0.320876 0.023290
vt 0.881981 0.023290
vt 0.610081 0.004191
vt 0.629180 0.920040
vt 0.901080 0.629180
vt 0.901080 0.312495
vt 0.004191 0.023290
vt 0.881981 0.339976
vt 0.023290 0.939139
vt 0.995809 0.293395
vt 0.293395 0.004191
vt 0.312495 0.920040
vt 0.976710 0.320876
vt 0.976710 0.004191
vt 0.656662 0.023289
vt 0.732293 0.920047
vt 0.656662 0.920047
vt 0.023289 0.023289
vt 0.293397 0.920047
vt 0.023289 0.920047
vt 0.976710 0.332998
vt 0.901080 0.598543
vt 0.901080 0.332998
vt 0.339976 0.023289
vt 0.610083 0.920047
vt 0.339976 0.920047
vt 0.778871 0.024415
vt 0.854501 0.906025
vt 0.778871 0.906025
vt 0.976711 0.024415
vt 0.992305 0.006994
vt 0.995810 0.022967
vt 0.751392 0.920047
vt 0.732292 0.939146
vt 0.324381 0.935641
vt 0.320876 0.920047
vt 0.732292 0.004190
vt 0.751392 0.023289
vt 0.732293 0.023289
vt 0.976710 0.598543
vt 0.992305 0.615964
vt 0.976710 0.618768
vt 0.324381 0.007695
vt 0.339976 0.004190
vt 0.976711 0.289960
vt 0.992305 0.303202
vt 0.976711 0.307289
vt 0.625678 0.935641
vt 0.610083 0.939146
vt 0.778871 0.923354
vt 0.759772 0.904577
vt 0.992305 0.319756
vt 0.995810 0.334446
vt 0.759772 0.022967
vt 0.778871 0.004190
vt 0.610083 0.023289
vt 0.625678 0.007695
vt 0.629183 0.023289
vt 0.901080 0.024415
vt 0.885486 0.006994
vt 0.901080 0.004190
vt 0.308992 0.935641
vt 0.293397 0.939146
vt 0.656662 0.939146
vt 0.637563 0.920047
vt 0.885486 0.615964
vt 0.881981 0.599991
vt 0.637563 0.023289
vt 0.656662 0.004190
vt 0.293397 0.023289
vt 0.308992 0.007695
vt 0.312497 0.023289
vt 0.901080 0.289960
vt 0.885486 0.303202
vt 0.881981 0.288512
vt 0.873601 0.904577
vt 0.854501 0.923354
vt 0.007695 0.935641
vt 0.004190 0.920047
vt 0.885486 0.319756
vt 0.901080 0.315669
vt 0.007695 0.007695
vt 0.023289 0.004190
vt 0.854501 0.004190
vt 0.873601 0.022967
vt 0.854501 0.024415
vt 0.995810 0.288512
vt 0.339976 0.939146
vt 0.320876 0.023289
vt 0.995810 0.599991
vt 0.610083 0.004190
vt 0.629183 0.920047
vt 0.901080 0.307289
vt 0.976710 0.315669
vt 0.004190 0.023289
vt 0.881981 0.022967
vt 0.023289 0.939146
vt 0.881981 0.334446
vt 0.293397 0.004190
vt 0.312497 0.920047
vt 0.976711 0.004190
vt 0.901080 0.618768
vt 0.612809 0.962986
vt 0.683265 0.022960
vt 0.683264 0.962986
vt 0.841367 0.273537
vt 0.911822 0.021912
vt 0.911822 0.273537
vt 0.273537 0.978088
vt 0.021912 0.021912
vt 0.273537 0.021912
vt 0.841366 0.568986
vt 0.911822 0.317360
vt 0.911822 0.568986
vt 0.727088 0.962986
vt 0.797543 0.022960
vt 0.797543 0.962986
vt 0.317361 0.021912
vt 0.302833 0.007384
vt 0.317361 0.004119
vt 0.683265 0.004119
vt 0.701057 0.021611
vt 0.926349 0.583513
vt 0.911822 0.586779
vt 0.595017 0.021611
vt 0.612809 0.004119
vt 0.612809 0.022960
vt 0.021912 0.978088
vt 0.007384 0.992616
vt 0.004119 0.978088
vt 0.826839 0.583513
vt 0.823574 0.568986
vt 0.568986 0.021912
vt 0.583514 0.007384
vt 0.586779 0.021912
vt 0.926349 0.302833
vt 0.929614 0.317360
vt 0.815336 0.961637
vt 0.797543 0.979129
vt 0.288065 0.992616
vt 0.273537 0.995881
vt 0.727088 0.979129
vt 0.709295 0.961637
vt 0.841367 0.317360
vt 0.826839 0.302833
vt 0.841366 0.299568
vt 0.317361 0.978088
vt 0.302833 0.992616
vt 0.299568 0.978088
vt 0.926349 0.007384
vt 0.929614 0.021912
vt 0.701057 0.961637
vt 0.683264 0.979129
vt 0.007384 0.007384
vt 0.021912 0.004119
vt 0.612809 0.979129
vt 0.595017 0.961637
vt 0.841367 0.021912
vt 0.826839 0.007384
vt 0.841366 0.004119
vt 0.568986 0.978088
vt 0.583514 0.992616
vt 0.568986 0.995881
vt 0.797543 0.004119
vt 0.815336 0.021611
vt 0.926349 0.288065
vt 0.911822 0.291330
vt 0.288065 0.007384
vt 0.291330 0.021912
vt 0.826839 0.288065
vt 0.823574 0.273537
vt 0.709295 0.021611
vt 0.727088 0.004119
vt 0.727088 0.022960
vt 0.568986 0.004119
vt 0.929614 0.568986
vt 0.841366 0.586779
vt 0.021912 0.995881
vt 0.823574 0.317360
vt 0.911822 0.299568
vt 0.586779 0.978088
vt 0.291330 0.978088
vt 0.841366 0.291330
vt 0.317361 0.995881
vt 0.929614 0.273537
vt 0.273537 0.004119
vt 0.823574 0.021912
vt 0.911822 0.004119
vt 0.299568 0.021912
vt 0.004119 0.021912
vt 0.733563 0.015342
vt 0.689429 0.965959
vt 0.689429 0.015342
vt 0.766614 0.275677
vt 0.810749 0.015342
vt 0.810749 0.275677
vt 0.281333 0.983474
vt 0.016526 0.016525
vt 0.281333 0.016526
vt 0.766614 0.570567
vt 0.810749 0.310232
vt 0.810749 0.570567
vt 0.612243 0.983474
vt 0.656378 0.016526
vt 0.656377 0.983474
vt 0.314384 0.016525
vt 0.303960 0.006101
vt 0.314384 0.003759
vt 0.689429 0.979478
vt 0.676662 0.966926
vt 0.821173 0.579418
vt 0.810749 0.582150
vt 0.746330 0.966926
vt 0.733563 0.979478
vt 0.733563 0.965959
vt 0.016526 0.983474
vt 0.006101 0.993899
vt 0.003759 0.983474
vt 0.756190 0.579418
vt 0.753847 0.569599
vt 0.579192 0.016525
vt 0.589616 0.006101
vt 0.591959 0.016525
vt 0.821173 0.298588
vt 0.823516 0.309264
vt 0.669144 0.983474
vt 0.656377 0.996241
vt 0.291757 0.993899
vt 0.281333 0.996241
vt 0.612243 0.996241
vt 0.599476 0.983474
vt 0.766614 0.310232
vt 0.756190 0.298588
vt 0.766614 0.296713
vt 0.314384 0.983474
vt 0.303960 0.993899
vt 0.301617 0.983474
vt 0.821173 0.006491
vt 0.823516 0.016310
vt 0.676662 0.016310
vt 0.689429 0.003759
vt 0.006101 0.006101
vt 0.016526 0.003759
vt 0.733563 0.003759
vt 0.746330 0.016310
vt 0.766614 0.015342
vt 0.756190 0.006491
vt 0.766614 0.003759
vt 0.579192 0.983474
vt 0.589616 0.993899
vt 0.579192 0.996241
vt 0.656378 0.003759
vt 0.669144 0.016526
vt 0.821173 0.287322
vt 0.810749 0.289196
vt 0.291757 0.006101
vt 0.294100 0.016526
vt 0.756190 0.287321
vt 0.753847 0.276645
vt 0.599476 0.016525
vt 0.612243 0.003759
vt 0.612243 0.016525
vt 0.579192 0.003759
vt 0.823516 0.569599
vt 0.016526 0.996241
vt 0.753847 0.309264
vt 0.810749 0.296713
vt 0.591959 0.983474
vt 0.294100 0.983474
vt 0.766614 0.289196
vt 0.314384 0.996241
vt 0.823516 0.276645
vt 0.281333 0.003759
vt 0.753847 0.016310
vt 0.810749 0.003759
vt 0.301617 0.016525
vt 0.003759 0.016525
vt 0.010213 0.010213
vt 0.038243 0.989787
vt 0.010213 0.989787
vt 0.107124 0.010213
vt 0.135154 0.989787
vt 0.107124 0.989787
vt 0.232065 0.038243
vt 0.204035 0.010213
vt 0.232065 0.010213
vt 0.155580 0.010213
vt 0.183610 0.989787
vt 0.155580 0.989787
vt 0.058669 0.010213
vt 0.086699 0.989787
vt 0.058669 0.989787
vt 0.204035 0.058668
vt 0.197221 0.051855
vt 0.204035 0.050323
vt 0.046588 0.989787
vt 0.038243 0.998133
vt 0.148766 0.996601
vt 0.147235 0.989787
vt 0.038243 0.001868
vt 0.046588 0.010213
vt 0.038243 0.010213
vt 0.204035 0.038243
vt 0.197221 0.045057
vt 0.195690 0.038243
vt 0.148766 0.003399
vt 0.155580 0.001868
vt 0.232065 0.058668
vt 0.238879 0.051855
vt 0.240411 0.058668
vt 0.190424 0.996601
vt 0.183610 0.998133
vt 0.058669 0.998133
vt 0.050323 0.989787
vt 0.238879 0.045057
vt 0.232065 0.046588
vt 0.050323 0.010213
vt 0.058669 0.001868
vt 0.183610 0.010213
vt 0.190424 0.003399
vt 0.191955 0.010213
vt 0.204035 0.086699
vt 0.197221 0.093512
vt 0.195690 0.086699
vt 0.141968 0.996601
vt 0.135154 0.998133
vt 0.010213 0.998133
vt 0.001868 0.989787
vt 0.197221 0.003399
vt 0.204035 0.001867
vt 0.001868 0.010213
vt 0.010213 0.001868
vt 0.135154 0.010213
vt 0.141968 0.003399
vt 0.143499 0.010213
vt 0.232065 0.086699
vt 0.238879 0.093512
vt 0.232065 0.095044
vt 0.095044 0.989787
vt 0.086699 0.998133
vt 0.100310 0.996601
vt 0.098779 0.989787
vt 0.238879 0.003399
vt 0.240411 0.010213
vt 0.100310 0.003399
vt 0.107124 0.001868
vt 0.086699 0.001868
vt 0.095044 0.010213
vt 0.086699 0.010213
vt 0.232065 0.050323
vt 0.155580 0.998133
vt 0.147235 0.010213
vt 0.204035 0.046588
vt 0.191955 0.989787
vt 0.240411 0.086699
vt 0.240411 0.038243
vt 0.098779 0.010213
vt 0.204035 0.095044
vt 0.232065 0.001867
vt 0.135154 0.001868
vt 0.143499 0.989787
vt 0.195690 0.058668
vt 0.195690 0.010213
vt 0.232065 0.038243
vt 0.204035 0.010213
vt 0.232065 0.010213
vt 0.155580 0.010213
vt 0.183610 0.989787
vt 0.155580 0.989787
vt 0.058668 0.010213
vt 0.086698 0.989787
vt 0.058668 0.989787
vt 0.204035 0.058668
vt 0.197221 0.051855
vt 0.204035 0.050323
vt 0.046588 0.989787
vt 0.038243 0.998133
vt 0.148766 0.996601
vt 0.147234 0.989787
vt 0.038243 0.001868
vt 0.046588 0.010213
vt 0.204035 0.038243
vt 0.197221 0.045057
vt 0.195690 0.038243
vt 0.148766 0.003399
vt 0.155580 0.001868
vt 0.232065 0.058668
vt 0.238879 0.051855
vt 0.240411 0.058668
vt 0.190424 0.996601
vt 0.183610 0.998133
vt 0.058668 0.998133
vt 0.050323 0.989787
vt 0.238879 0.045057
vt 0.232065 0.046588
vt 0.050323 0.010213
vt 0.058668 0.001868
vt 0.183610 0.010213
vt 0.190424 0.003399
vt 0.191955 0.010213
vt 0.204035 0.086698
vt 0.197221 0.093512
vt 0.195690 0.086698
vt 0.010213 0.998133
vt 0.001867 0.989787
vt 0.197221 0.003399
vt 0.204035 0.001867
vt 0.001867 0.010213
vt 0.010213 0.001868
vt 0.232065 0.086698
vt 0.238879 0.093512
vt 0.232065 0.095044
vt 0.095044 0.989787
vt 0.086698 0.998133
vt 0.238879 0.003399
vt 0.240411 0.010213
vt 0.086698 0.001868
vt 0.095044 0.010213
vt 0.086698 0.010213
vt 0.232065 0.050323
vt 0.155580 0.998133
vt 0.147234 0.010213
vt 0.204035 0.046588
vt 0.191955 0.989787
vt 0.240411 0.086698
vt 0.240411 0.038243
vt 0.204035 0.095044
vt 0.232065 0.001867
vt 0.195690 0.058668
vt 0.195690 0.010213
vt 0.010213 0.989787
vt 0.038243 0.010213
vt 0.038243 0.989787
vt 0.204036 0.010213
vt 0.232066 0.038243
vt 0.204036 0.038243
vt 0.135154 0.989787
vt 0.107124 0.010213
vt 0.135154 0.010213
vt 0.204036 0.058668
vt 0.232066 0.086699
vt 0.204036 0.086699
vt 0.058669 0.989787
vt 0.086699 0.010213
vt 0.086699 0.989787
vt 0.155580 0.010213
vt 0.148766 0.003399
vt 0.155580 0.001867
vt 0.038243 0.001868
vt 0.046588 0.010213
vt 0.197222 0.093512
vt 0.195691 0.086698
vt 0.001868 0.010213
vt 0.010213 0.001868
vt 0.010213 0.010213
vt 0.107124 0.989787
vt 0.100310 0.996601
vt 0.098779 0.989787
vt 0.197222 0.051855
vt 0.204036 0.050323
vt 0.183610 0.010213
vt 0.190424 0.003399
vt 0.191955 0.010213
vt 0.238880 0.093512
vt 0.232066 0.095044
vt 0.095044 0.989787
vt 0.086699 0.998133
vt 0.141968 0.996601
vt 0.135154 0.998132
vt 0.058669 0.998133
vt 0.050323 0.989787
vt 0.232066 0.058668
vt 0.238880 0.051855
vt 0.240411 0.058668
vt 0.155580 0.989787
vt 0.148766 0.996601
vt 0.147235 0.989787
vt 0.238880 0.045057
vt 0.232066 0.046588
vt 0.046588 0.989787
vt 0.038243 0.998133
vt 0.100310 0.003399
vt 0.107124 0.001867
vt 0.010213 0.998133
vt 0.001867 0.989787
vt 0.232066 0.010213
vt 0.238880 0.003399
vt 0.240411 0.010213
vt 0.183610 0.989787
vt 0.190424 0.996601
vt 0.183610 0.998132
vt 0.086699 0.001868
vt 0.095044 0.010213
vt 0.197222 0.045057
vt 0.195690 0.038243
vt 0.141968 0.003399
vt 0.143500 0.010213
vt 0.197222 0.003399
vt 0.204036 0.001867
vt 0.050323 0.010213
vt 0.058669 0.001868
vt 0.058669 0.010213
vt 0.183610 0.001867
vt 0.204036 0.095044
vt 0.107124 0.998132
vt 0.240411 0.086698
vt 0.191955 0.989787
vt 0.143500 0.989787
vt 0.195690 0.010213
vt 0.155580 0.998132
vt 0.135154 0.001867
vt 0.232066 0.001867
vt 0.240411 0.038243
vt 0.147235 0.010213
vt 0.098779 0.010213
vt 0.107632 0.992026
vt 0.126783 0.007974
vt 0.126783 0.992026
vt 0.177828 0.041856
vt 0.196979 0.007974
vt 0.196979 0.041856
vt 0.041856 0.992026
vt 0.007974 0.007974
vt 0.041856 0.007974
vt 0.177828 0.091685
vt 0.196979 0.057803
vt 0.196979 0.091685
vt 0.142730 0.992026
vt 0.161881 0.007974
vt 0.161881 0.992026
vt 0.057803 0.007974
vt 0.052700 0.002870
vt 0.057803 0.001724
vt 0.126783 0.001724
vt 0.133033 0.007974
vt 0.202082 0.096788
vt 0.196979 0.097935
vt 0.101382 0.007974
vt 0.107632 0.001724
vt 0.107632 0.007974
vt 0.007974 0.992026
vt 0.002871 0.997129
vt 0.001724 0.992026
vt 0.172725 0.096788
vt 0.171578 0.091685
vt 0.091685 0.007974
vt 0.096788 0.002871
vt 0.097935 0.007974
vt 0.202082 0.052700
vt 0.203229 0.057803
vt 0.168131 0.992026
vt 0.161881 0.998276
vt 0.046959 0.997129
vt 0.041856 0.998276
vt 0.142730 0.998276
vt 0.136480 0.992026
vt 0.177828 0.057803
vt 0.172725 0.052700
vt 0.177828 0.051553
vt 0.057803 0.992026
vt 0.052700 0.997129
vt 0.051553 0.992026
vt 0.202082 0.002871
vt 0.203229 0.007974
vt 0.133033 0.992026
vt 0.126783 0.998276
vt 0.002871 0.002871
vt 0.007974 0.001724
vt 0.107632 0.998276
vt 0.101382 0.992026
vt 0.177828 0.007974
vt 0.172725 0.002871
vt 0.177828 0.001724
vt 0.091685 0.992026
vt 0.096788 0.997129
vt 0.091685 0.998276
vt 0.161881 0.001724
vt 0.168131 0.007974
vt 0.202082 0.046959
vt 0.196979 0.048106
vt 0.046959 0.002871
vt 0.048106 0.007974
vt 0.172725 0.046959
vt 0.171578 0.041856
vt 0.136480 0.007974
vt 0.142730 0.001724
vt 0.142730 0.007974
vt 0.091685 0.001724
vt 0.177828 0.097935
vt 0.007974 0.998276
vt 0.171578 0.057803
vt 0.196979 0.051553
vt 0.097935 0.992026
vt 0.048106 0.992026
vt 0.177828 0.048106
vt 0.057803 0.998276
vt 0.203229 0.041856
vt 0.041856 0.001724
vt 0.196979 0.001724
vt 0.051553 0.007974
vt 0.001724 0.007974
vt 0.000000 0.000000
vt 0.477288 0.715099
vt 0.644603 0.657457
vt 0.644603 0.715099
vt 0.477288 0.549328
vt 0.644603 0.504263
vt 0.644603 0.549328
vt 0.868981 0.504263
vt 0.701666 0.549328
vt 0.701666 0.504263
vt 0.868981 0.549328
vt 0.701666 0.601261
vt 0.868981 0.601261
vt 0.701666 0.657457
vt 0.868981 0.657457
vt 0.701666 0.715099
vt 0.868981 0.715099
vt 0.701666 0.771295
vt 0.868981 0.771295
vt 0.701666 0.823228
vt 0.868981 0.823228
vt 0.701666 0.868293
vt 0.195847 0.504263
vt 0.028531 0.549328
vt 0.028531 0.504263
vt 0.195847 0.549328
vt 0.028531 0.601261
vt 0.195847 0.601261
vt 0.028531 0.657457
vt 0.195847 0.657457
vt 0.028531 0.715099
vt 0.195847 0.715099
vt 0.028531 0.771295
vt 0.195847 0.771295
vt 0.028531 0.823228
vt 0.195847 0.823228
vt 0.028531 0.868293
vt 0.252909 0.904232
vt 0.420225 0.868293
vt 0.420225 0.904232
vt 0.252909 0.868293
vt 0.420225 0.823228
vt 0.252909 0.823228
vt 0.420225 0.771295
vt 0.252909 0.771295
vt 0.420225 0.715099
vt 0.252909 0.715099
vt 0.420225 0.657457
vt 0.252909 0.657457
vt 0.420225 0.601261
vt 0.252909 0.601261
vt 0.420225 0.549328
vt 0.252909 0.549328
vt 0.420225 0.504263
vt 0.477288 0.823228
vt 0.644603 0.771295
vt 0.644603 0.823228
vt 0.477288 0.771295
vt 0.477288 0.601261
vt 0.644603 0.601261
vt 0.225046 0.028531
vt 0.471469 0.274954
vt 0.176391 0.460364
vt 0.477288 0.657457
vt 0.668872 0.604602
vt 0.668872 0.658590
vt 0.504262 0.222312
vt 0.539637 0.176391
vt 0.528531 0.225047
vt 0.453019 0.604602
vt 0.004262 0.222312
vt 0.028531 0.274954
vt 0.004262 0.277688
vt 0.668872 0.554710
vt 0.516585 0.168325
vt 0.561290 0.131426
vt 0.453019 0.554710
vt 0.039637 0.323610
vt 0.016585 0.331676
vt 0.668872 0.511416
vt 0.540611 0.118432
vt 0.592407 0.092407
vt 0.453019 0.511416
vt 0.477288 0.504263
vt 0.061290 0.368574
vt 0.040611 0.381568
vt 0.677397 0.554710
vt 0.677397 0.511416
vt 0.575138 0.075138
vt 0.631426 0.061291
vt 0.893250 0.554710
vt 0.092407 0.407593
vt 0.075138 0.424862
vt 0.677397 0.604603
vt 0.618432 0.040611
vt 0.676390 0.039637
vt 0.893250 0.604603
vt 0.131426 0.438710
vt 0.118433 0.459389
vt 0.677397 0.658590
vt 0.668324 0.016585
vt 0.725046 0.028531
vt 0.893250 0.658590
vt 0.168324 0.483415
vt 0.677397 0.713966
vt 0.722312 0.004262
vt 0.774953 0.028531
vt 0.893250 0.713966
vt 0.225046 0.471469
vt 0.222312 0.495738
vt 0.831675 0.016585
vt 0.777688 0.004262
vt 0.893250 0.767954
vt 0.277688 0.495738
vt 0.274954 0.471469
vt 0.677397 0.767954
vt 0.881567 0.040612
vt 0.823609 0.039637
vt 0.893250 0.817846
vt 0.331676 0.483415
vt 0.323609 0.460363
vt 0.677397 0.817846
vt 0.924862 0.075138
vt 0.868574 0.061290
vt 0.868981 0.868293
vt 0.893250 0.861140
vt 0.381568 0.459389
vt 0.368574 0.438710
vt 0.004262 0.511416
vt 0.959388 0.118432
vt 0.907593 0.092407
vt 0.220116 0.511416
vt 0.220116 0.554710
vt 0.424862 0.424862
vt 0.407593 0.407593
vt 0.004262 0.554710
vt 0.983415 0.168324
vt 0.938710 0.131426
vt 0.220116 0.604602
vt 0.459389 0.381568
vt 0.438710 0.368574
vt 0.004262 0.604602
vt 0.995737 0.222312
vt 0.960363 0.176391
vt 0.220116 0.658590
vt 0.483415 0.331676
vt 0.460363 0.323610
vt 0.004262 0.658590
vt 0.995737 0.277688
vt 0.971469 0.225046
vt 0.220116 0.713966
vt 0.495737 0.277688
vt 0.004262 0.767954
vt 0.004262 0.713966
vt 0.960363 0.323610
vt 0.971469 0.274954
vt 0.220116 0.767954
vt 0.471469 0.225046
vt 0.495737 0.222312
vt 0.004262 0.817846
vt 0.983415 0.331676
vt 0.938710 0.368574
vt 0.220116 0.817846
vt 0.460363 0.176391
vt 0.483415 0.168324
vt 0.004262 0.861140
vt 0.959389 0.381568
vt 0.907593 0.407593
vt 0.220116 0.861140
vt 0.195847 0.868293
vt 0.438710 0.131426
vt 0.459389 0.118432
vt 0.004262 0.895667
vt 0.924862 0.424862
vt 0.868574 0.438710
vt 0.220116 0.895667
vt 0.195847 0.904232
vt 0.407593 0.092407
vt 0.424862 0.075138
vt 0.444494 0.817846
vt 0.444494 0.861140
vt 0.881568 0.459389
vt 0.823609 0.460364
vt 0.228641 0.817846
vt 0.368574 0.061290
vt 0.381567 0.040611
vt 0.444494 0.767954
vt 0.831676 0.483415
vt 0.774954 0.471469
vt 0.228641 0.767954
vt 0.323609 0.039637
vt 0.331675 0.016585
vt 0.444494 0.713966
vt 0.777688 0.495738
vt 0.725046 0.471469
vt 0.228641 0.713966
vt 0.274953 0.028531
vt 0.277688 0.004262
vt 0.668324 0.483415
vt 0.722312 0.495738
vt 0.228641 0.658590
vt 0.222312 0.004262
vt 0.444494 0.658590
vt 0.618433 0.459389
vt 0.676391 0.460364
vt 0.228641 0.604603
vt 0.168324 0.016585
vt 0.176390 0.039637
vt 0.444494 0.604603
vt 0.575138 0.424862
vt 0.631426 0.438710
vt 0.228641 0.554710
vt 0.118432 0.040611
vt 0.131426 0.061291
vt 0.668872 0.861140
vt 0.644603 0.868293
vt 0.540611 0.381568
vt 0.592407 0.407593
vt 0.453019 0.861140
vt 0.453019 0.817846
vt 0.075138 0.075138
vt 0.092407 0.092407
vt 0.668872 0.817846
vt 0.516585 0.331676
vt 0.561290 0.368574
vt 0.453019 0.767954
vt 0.040611 0.118432
vt 0.061290 0.131426
vt 0.668872 0.767954
vt 0.504262 0.277688
vt 0.539637 0.323610
vt 0.453019 0.713966
vt 0.016585 0.168325
vt 0.039637 0.176391
vt 0.668872 0.713966
vt 0.528531 0.274954
vt 0.453019 0.658590
vt 0.028531 0.225047
vt 0.347947 0.037827
vt 0.582412 0.512769
vt 0.347947 0.512769
vt 0.658066 0.037827
vt 0.772293 0.512770
vt 0.658066 0.512770
vt 0.772292 0.822889
vt 0.658066 0.588423
vt 0.772292 0.588423
vt 0.847946 0.037827
vt 0.962173 0.512769
vt 0.847946 0.512769
vt 0.037827 0.037827
vt 0.272292 0.512770
vt 0.037827 0.512770
vt 0.347946 0.588423
vt 0.320179 0.560655
vt 0.347946 0.554415
vt 0.616420 0.512769
vt 0.582412 0.546778
vt 0.820179 0.540537
vt 0.813938 0.512769
vt 0.582412 0.003818
vt 0.616420 0.037827
vt 0.582412 0.037827
vt 0.658066 0.822889
vt 0.630298 0.850657
vt 0.624057 0.822889
vt 0.820179 0.010059
vt 0.847946 0.003818
vt 0.462173 0.588423
vt 0.489941 0.560655
vt 0.496182 0.588423
vt 0.989941 0.540537
vt 0.962173 0.546778
vt 0.037827 0.546778
vt 0.003818 0.512769
vt 0.800060 0.850657
vt 0.772292 0.856897
vt 0.003818 0.037827
vt 0.037827 0.003819
vt 0.962173 0.037827
vt 0.989941 0.010059
vt 0.996182 0.037827
vt 0.347946 0.822889
vt 0.320179 0.850656
vt 0.313938 0.822888
vt 0.800060 0.540537
vt 0.772292 0.546778
vt 0.347947 0.546778
vt 0.313938 0.512769
vt 0.630298 0.560655
vt 0.658066 0.554415
vt 0.313938 0.037827
vt 0.347946 0.003818
vt 0.772293 0.037827
vt 0.800060 0.010059
vt 0.806301 0.037827
vt 0.462173 0.822889
vt 0.489941 0.850657
vt 0.462173 0.856897
vt 0.306301 0.512769
vt 0.272292 0.546778
vt 0.630298 0.540537
vt 0.624057 0.512769
vt 0.800060 0.560656
vt 0.806301 0.588423
vt 0.630298 0.010059
vt 0.658066 0.003819
vt 0.272292 0.003819
vt 0.306300 0.037827
vt 0.272292 0.037827
vt 0.462173 0.554415
vt 0.847946 0.546778
vt 0.658066 0.856897
vt 0.996182 0.512769
vt 0.496182 0.822889
vt 0.806301 0.822889
vt 0.624057 0.037827
vt 0.347946 0.856897
vt 0.772292 0.554415
vt 0.772292 0.003819
vt 0.806301 0.512769
vt 0.313938 0.588423
vt 0.624057 0.588423
vt 0.037827 0.037827
vt 0.272292 0.512769
vt 0.037827 0.512769
vt 0.658066 0.037827
vt 0.772293 0.512769
vt 0.658066 0.512769
vt 0.462173 0.822889
vt 0.347946 0.588423
vt 0.462173 0.588423
vt 0.847946 0.037827
vt 0.962173 0.512769
vt 0.847946 0.512769
vt 0.347946 0.037827
vt 0.582412 0.512769
vt 0.347946 0.512769
vt 0.037827 0.588423
vt 0.010059 0.560655
vt 0.037827 0.554415
vt 0.306301 0.512769
vt 0.272292 0.546778
vt 0.820178 0.540537
vt 0.813938 0.512769
vt 0.272292 0.003818
vt 0.306301 0.037827
vt 0.272292 0.037827
vt 0.347946 0.822889
vt 0.320178 0.850657
vt 0.313938 0.822889
vt 0.820178 0.010059
vt 0.847946 0.003818
vt 0.152053 0.588423
vt 0.179821 0.560655
vt 0.186062 0.588423
vt 0.989941 0.540537
vt 0.962173 0.546778
vt 0.347946 0.546778
vt 0.313938 0.512769
vt 0.489941 0.850657
vt 0.462173 0.856897
vt 0.313938 0.037827
vt 0.347946 0.003818
vt 0.962173 0.037827
vt 0.989941 0.010059
vt 0.996181 0.037827
vt 0.037827 0.822889
vt 0.010059 0.850656
vt 0.003818 0.822888
vt 0.800060 0.540537
vt 0.772292 0.546778
vt 0.037827 0.546778
vt 0.003819 0.512769
vt 0.320178 0.560655
vt 0.347946 0.554415
vt 0.003818 0.037827
vt 0.037827 0.003818
vt 0.772293 0.037827
vt 0.800060 0.010059
vt 0.806301 0.037827
vt 0.152053 0.822889
vt 0.179821 0.850657
vt 0.152053 0.856897
vt 0.616420 0.512769
vt 0.582412 0.546778
vt 0.630298 0.540537
vt 0.624057 0.512769
vt 0.489941 0.560656
vt 0.496181 0.588424
vt 0.630298 0.010059
vt 0.658066 0.003818
vt 0.582412 0.003818
vt 0.616420 0.037827
vt 0.582412 0.037827
vt 0.152053 0.554415
vt 0.847946 0.546778
vt 0.813938 0.037827
vt 0.347946 0.856897
vt 0.996181 0.512769
vt 0.186062 0.822889
vt 0.496181 0.822889
vt 0.624057 0.037827
vt 0.037827 0.856897
vt 0.462173 0.554415
vt 0.772292 0.003818
vt 0.003818 0.588423
vt 0.313938 0.588423
vt 0.037827 0.037827
vt 0.272292 0.512769
vt 0.037827 0.512769
vt 0.658066 0.037827
vt 0.772293 0.512769
vt 0.658066 0.512769
vt 0.462173 0.822889
vt 0.347946 0.588423
vt 0.462173 0.588423
vt 0.847946 0.037827
vt 0.962173 0.512769
vt 0.847946 0.512769
vt 0.347946 0.037827
vt 0.582412 0.512769
vt 0.347946 0.512769
vt 0.306301 0.512769
vt 0.272292 0.546778
vt 0.820179 0.540537
vt 0.306301 0.037827
vt 0.272292 0.037827
vt 0.347946 0.822889
vt 0.320178 0.850657
vt 0.313938 0.822889
vt 0.820179 0.010059
vt 0.847946 0.003818
vt 0.989941 0.540537
vt 0.962173 0.546778
vt 0.347946 0.546778
vt 0.313938 0.512769
vt 0.489941 0.850657
vt 0.462173 0.856897
vt 0.962173 0.037827
vt 0.989941 0.010059
vt 0.800060 0.540537
vt 0.772292 0.546778
vt 0.037827 0.546778
vt 0.003819 0.512769
vt 0.320178 0.560655
vt 0.347946 0.554415
vt 0.003818 0.037827
vt 0.772293 0.037827
vt 0.800060 0.010059
vt 0.806301 0.037827
vt 0.582412 0.546778
vt 0.630298 0.540537
vt 0.624057 0.512769
vt 0.489941 0.560656
vt 0.496181 0.588423
vt 0.630298 0.010059
vt 0.658066 0.003818
vt 0.616420 0.037827
vt 0.582412 0.037827
vt 0.847946 0.546778
vt 0.813938 0.037827
vt 0.347946 0.856897
vt 0.496181 0.822889
vt 0.624057 0.037827
vt 0.462173 0.554415
vt 0.772292 0.003818
vt 0.313938 0.588423
vt 0.037824 0.037824
vt 0.272297 0.512782
vt 0.037824 0.512782
vt 0.658067 0.037824
vt 0.772297 0.512782
vt 0.658067 0.512782
vt 0.462176 0.815790
vt 0.347946 0.585277
vt 0.462176 0.585277
vt 0.847945 0.037824
vt 0.962176 0.512782
vt 0.847945 0.512782
vt 0.347946 0.037824
vt 0.582419 0.512782
vt 0.347946 0.512782
vt 0.658067 0.588430
vt 0.630298 0.560661
vt 0.658067 0.554420
vt 0.306307 0.512782
vt 0.272297 0.546791
vt 0.820177 0.540550
vt 0.813936 0.512782
vt 0.272297 0.003814
vt 0.306307 0.037824
vt 0.272297 0.037824
vt 0.347946 0.815790
vt 0.320177 0.846810
vt 0.313936 0.818368
vt 0.820177 0.010055
vt 0.847946 0.003815
vt 0.772297 0.588430
vt 0.800066 0.560661
vt 0.806307 0.588430
vt 0.989945 0.540550
vt 0.962176 0.546791
vt 0.347946 0.546791
vt 0.313936 0.512782
vt 0.489945 0.846810
vt 0.462176 0.851803
vt 0.313936 0.037824
vt 0.347946 0.003815
vt 0.962176 0.037824
vt 0.989945 0.010055
vt 0.996185 0.037824
vt 0.658067 0.822903
vt 0.630298 0.850672
vt 0.624057 0.822903
vt 0.800066 0.540550
vt 0.772297 0.546791
vt 0.037824 0.546791
vt 0.003814 0.512782
vt 0.320177 0.561698
vt 0.347946 0.554420
vt 0.003814 0.037824
vt 0.037824 0.003814
vt 0.772297 0.037824
vt 0.800066 0.010055
vt 0.806307 0.037824
vt 0.772297 0.822903
vt 0.800066 0.850672
vt 0.772297 0.856912
vt 0.616428 0.512782
vt 0.582419 0.546791
vt 0.630298 0.540550
vt 0.624057 0.512782
vt 0.489945 0.561698
vt 0.496185 0.587856
vt 0.630298 0.010055
vt 0.658067 0.003815
vt 0.582419 0.003815
vt 0.616428 0.037824
vt 0.582419 0.037824
vt 0.772297 0.554421
vt 0.847946 0.546791
vt 0.347946 0.851803
vt 0.996185 0.512782
vt 0.806307 0.822903
vt 0.496185 0.818368
vt 0.624057 0.037824
vt 0.658067 0.856912
vt 0.462176 0.554420
vt 0.772297 0.003815
vt 0.806307 0.512782
vt 0.624057 0.588430
vt 0.313936 0.587856
vt 0.037821 0.037822
vt 0.272302 0.512794
vt 0.037821 0.512794
vt 0.658068 0.037822
vt 0.772302 0.512794
vt 0.658068 0.512794
vt 0.462179 0.815804
vt 0.347945 0.585284
vt 0.462179 0.585284
vt 0.847945 0.037822
vt 0.962179 0.512794
vt 0.847945 0.512794
vt 0.347945 0.037822
vt 0.582425 0.512794
vt 0.347945 0.512794
vt 0.152055 0.820961
vt 0.179825 0.844541
vt 0.152055 0.851819
vt 0.306313 0.512794
vt 0.272302 0.546805
vt 0.820175 0.540564
vt 0.813934 0.512794
vt 0.272302 0.003811
vt 0.306313 0.037822
vt 0.272302 0.037822
vt 0.347945 0.815804
vt 0.320175 0.846825
vt 0.313934 0.818382
vt 0.820175 0.010052
vt 0.847945 0.003811
vt 0.037822 0.820961
vt 0.010052 0.844540
vt 0.003811 0.818382
vt 0.989948 0.540564
vt 0.962179 0.546805
vt 0.347945 0.546805
vt 0.313934 0.512794
vt 0.489948 0.846825
vt 0.462179 0.851818
vt 0.313934 0.037822
vt 0.347945 0.003811
vt 0.962179 0.037822
vt 0.989948 0.010052
vt 0.996189 0.037822
vt 0.152055 0.590441
vt 0.179825 0.559420
vt 0.186066 0.587862
vt 0.800072 0.540564
vt 0.772302 0.546805
vt 0.037821 0.546805
vt 0.003811 0.512794
vt 0.320175 0.561704
vt 0.347945 0.554426
vt 0.003811 0.037822
vt 0.037821 0.003811
vt 0.772302 0.037822
vt 0.800072 0.010052
vt 0.806313 0.037822
vt 0.037822 0.590441
vt 0.010052 0.559420
vt 0.037822 0.554426
vt 0.616436 0.512794
vt 0.582425 0.546805
vt 0.630298 0.540564
vt 0.624057 0.512794
vt 0.489948 0.561704
vt 0.496189 0.587862
vt 0.630298 0.010052
vt 0.658068 0.003811
vt 0.582425 0.003811
vt 0.616436 0.037822
vt 0.582425 0.037822
vt 0.037822 0.851818
vt 0.847945 0.546805
vt 0.813934 0.037822
vt 0.347945 0.851818
vt 0.996189 0.512794
vt 0.003811 0.587862
vt 0.496189 0.818382
vt 0.624057 0.037822
vt 0.152055 0.554426
vt 0.462179 0.554426
vt 0.772302 0.003811
vt 0.806313 0.512794
vt 0.186066 0.818382
vt 0.313934 0.587862
vt 0.037827 0.037827
vt 0.272292 0.512769
vt 0.037827 0.512769
vt 0.658066 0.037827
vt 0.772292 0.512769
vt 0.658066 0.512769
vt 0.847946 0.037827
vt 0.962173 0.512769
vt 0.847946 0.512769
vt 0.347947 0.037827
vt 0.582412 0.512769
vt 0.347947 0.512769
vt 0.037827 0.588424
vt 0.010059 0.560656
vt 0.037827 0.554415
vt 0.306301 0.512769
vt 0.272292 0.546778
vt 0.820178 0.540537
vt 0.813938 0.512769
vt 0.272292 0.003818
vt 0.306301 0.037827
vt 0.272292 0.037827
vt 0.320179 0.850657
vt 0.313938 0.822889
vt 0.820178 0.010059
vt 0.152053 0.588424
vt 0.179821 0.560656
vt 0.186062 0.588424
vt 0.989941 0.540537
vt 0.962173 0.546778
vt 0.313938 0.512769
vt 0.313938 0.037827
vt 0.347946 0.003818
vt 0.962173 0.037827
vt 0.989941 0.010059
vt 0.996181 0.037827
vt 0.037827 0.822889
vt 0.010059 0.850657
vt 0.003818 0.822889
vt 0.800060 0.540537
vt 0.772292 0.546778
vt 0.037827 0.546778
vt 0.003818 0.512769
vt 0.003818 0.037827
vt 0.037827 0.003818
vt 0.772292 0.037827
vt 0.800060 0.010059
vt 0.806301 0.037827
vt 0.152053 0.822889
vt 0.179821 0.850657
vt 0.152053 0.856898
vt 0.616420 0.512769
vt 0.630298 0.540537
vt 0.624057 0.512769
vt 0.630298 0.010059
vt 0.658066 0.003818
vt 0.582412 0.003818
vt 0.616420 0.037827
vt 0.582412 0.037827
vt 0.152053 0.554415
vt 0.847946 0.546778
vt 0.813938 0.037827
vt 0.347946 0.856897
vt 0.186062 0.822889
vt 0.624057 0.037827
vt 0.037827 0.856897
vt 0.772292 0.003818
vt 0.003818 0.588423
vt 0.747885 0.919260
vt 0.747885 0.006995
vt 0.763276 0.920543
vt 0.763276 0.008278
vt 0.641067 0.919260
vt 0.641067 0.006995
vt 0.870095 0.920543
vt 0.870095 0.008278
vt 0.747887 0.935641
vt 0.747887 0.007695
vt 0.763277 0.919267
vt 0.763277 0.006994
vt 0.641068 0.935641
vt 0.641068 0.007695
vt 0.870096 0.919267
vt 0.870096 0.006994
vt 0.697792 0.006731
vt 0.598282 0.006731
vt 0.812071 0.975322
vt 0.712560 0.975322
vt 0.697792 0.975322
vt 0.598282 0.975322
vt 0.812071 0.006731
vt 0.712560 0.006731
vt 0.679004 0.977603
vt 0.743987 0.977603
vt 0.766614 0.582150
vt 0.666802 0.993899
vt 0.601819 0.993899
vt 0.679004 0.006491
vt 0.743987 0.006491
vt 0.666802 0.006101
vt 0.601819 0.006101
vt 0.045057 0.996601
vt 0.045057 0.003399
vt 0.051855 0.996601
vt 0.051855 0.003399
vt 0.183610 0.001868
vt 0.003399 0.996601
vt 0.003399 0.003399
vt 0.093512 0.996601
vt 0.107124 0.998133
vt 0.093512 0.003399
vt 0.045057 0.996601
vt 0.045057 0.003399
vt 0.051855 0.996601
vt 0.051855 0.003399
vt 0.183610 0.001868
vt 0.003399 0.996601
vt 0.003399 0.003399
vt 0.093512 0.996601
vt 0.093512 0.003399
vt 0.045057 0.003399
vt 0.003399 0.003399
vt 0.195691 0.058668
vt 0.093513 0.996601
vt 0.051855 0.996601
vt 0.232066 0.050323
vt 0.045057 0.996601
vt 0.003399 0.996601
vt 0.093513 0.003399
vt 0.204036 0.046588
vt 0.051855 0.003399
vt 0.131886 0.002871
vt 0.203229 0.091685
vt 0.102529 0.002871
vt 0.166984 0.997129
vt 0.137627 0.997129
vt 0.131886 0.997129
vt 0.102529 0.997129
vt 0.171578 0.007974
vt 0.166984 0.002871
vt 0.137627 0.002871
vt 0.252909 0.504263
vt 0.893250 0.511416
vt 0.677397 0.861140
vt 0.028531 0.904232
vt 0.228641 0.861140
vt 0.444494 0.554710
vt 0.477288 0.868293
vt 0.610180 0.540537
vt 0.610180 0.010059
vt 0.010059 0.540537
vt 0.010059 0.010059
vt 0.962173 0.003818
vt 0.320179 0.540537
vt 0.320179 0.010059
vt 0.300060 0.540537
vt 0.658066 0.546778
vt 0.300060 0.010059
vt 0.300060 0.540537
vt 0.300060 0.010059
vt 0.320179 0.540537
vt 0.320179 0.010059
vt 0.962173 0.003818
vt 0.806301 0.512769
vt 0.010059 0.540537
vt 0.010059 0.010059
vt 0.610180 0.540537
vt 0.658066 0.546778
vt 0.610179 0.010059
vt 0.300060 0.540537
vt 0.300060 0.010059
vt 0.320179 0.540537
vt 0.320179 0.010059
vt 0.962173 0.003818
vt 0.806301 0.512769
vt 0.010059 0.540537
vt 0.010059 0.010059
vt 0.610180 0.540537
vt 0.658066 0.546778
vt 0.610179 0.010059
vt 0.300066 0.540550
vt 0.300066 0.010055
vt 0.813936 0.037824
vt 0.320177 0.540550
vt 0.320177 0.010055
vt 0.962176 0.003815
vt 0.010055 0.540550
vt 0.010055 0.010055
vt 0.610187 0.540550
vt 0.658067 0.546791
vt 0.610187 0.010055
vt 0.300072 0.540564
vt 0.300072 0.010052
vt 0.320175 0.540564
vt 0.320175 0.010052
vt 0.962179 0.003811
vt 0.010052 0.540564
vt 0.010052 0.010052
vt 0.610195 0.540564
vt 0.658068 0.546805
vt 0.610195 0.010052
vt 0.300060 0.540537
vt 0.300060 0.010059
vt 0.996181 0.512769
vt 0.320179 0.010059
vt 0.806301 0.512769
vt 0.010059 0.540537
vt 0.010059 0.010059
vt 0.658066 0.546778
vt 0.610180 0.010059
s 1
usemtl GoalDarkMetal
f 37/1/1 2/2/2 31/3/3
f 51/4/4 30/5/5 45/6/6
f 22/7/7 36/8/8 50/9/9
f 10/10/10 16/11/11 3/12/12
f 23/13/13 44/14/14 17/15/15
f 1/16/16 5/17/17 7/18/18
f 6/19/19 4/20/20 2/2/2
f 3/12/12 5/21/21 6/22/22
f 11/23/23 14/24/24 8/25/25
f 9/26/26 12/27/27 11/28/28
f 10/10/10 12/29/29 13/30/30
f 15/31/31 19/32/32 21/33/33
f 16/11/11 19/34/34 18/35/35
f 21/36/36 20/37/37 17/15/15
f 22/7/7 26/38/38 28/39/39
f 27/40/40 25/41/41 23/13/13
f 24/42/42 26/43/43 27/44/44
f 29/45/45 33/46/46 35/47/47
f 30/5/5 33/48/48 32/49/49
f 35/50/50 34/51/51 31/3/3
f 36/8/8 40/52/52 42/53/53
f 41/54/54 39/55/55 37/1/1
f 38/56/56 40/57/57 41/58/58
f 43/59/59 47/60/60 49/61/61
f 48/62/62 46/63/63 44/14/14
f 45/6/6 47/64/64 48/65/65
f 50/9/9 54/66/66 56/67/67
f 51/4/4 54/68/68 53/69/69
f 56/70/70 55/71/71 52/72/72
f 1/16/16 18/73/73 15/31/31
f 7/74/74 16/11/11 18/35/35
f 8/25/25 6/19/19 2/2/2
f 14/75/75 3/12/12 6/22/22
f 22/7/7 13/76/76 9/26/26
f 28/77/77 10/10/10 13/30/30
f 17/15/15 27/40/40 23/13/13
f 20/78/78 24/42/42 27/44/44
f 15/31/31 46/79/79 43/59/59
f 46/63/63 17/15/15 44/14/14
f 50/9/9 25/80/80 22/7/7
f 56/70/70 23/13/13 25/41/41
f 45/6/6 55/81/81 51/4/4
f 48/62/62 52/72/72 55/71/71
f 43/59/59 32/82/82 29/45/45
f 49/83/83 30/5/5 32/49/49
f 36/8/8 53/84/84 50/9/9
f 42/85/85 51/4/4 53/69/69
f 31/3/3 41/54/54 37/1/1
f 34/86/86 38/56/56 41/58/58
f 29/45/45 4/87/87 1/16/16
f 35/50/50 2/2/2 4/20/20
f 9/26/26 39/88/88 36/8/8
f 39/55/55 8/25/25 37/1/1
f 43/59/59 1/16/16 15/31/31
f 93/89/89 58/90/90 87/91/91
f 107/92/4 86/93/5 101/94/6
f 78/95/7 92/96/8 106/97/9
f 66/98/10 72/99/11 59/100/12
f 79/101/92 100/102/93 73/103/94
f 57/104/16 61/105/95 63/106/18
f 62/107/96 60/108/97 58/90/90
f 59/100/12 61/109/21 62/110/22
f 67/111/98 70/112/24 64/113/99
f 65/114/26 68/115/100 67/116/28
f 66/98/10 68/117/29 69/118/30
f 71/119/31 75/120/101 77/121/33
f 72/99/11 75/122/34 74/123/35
f 77/124/36 76/125/37 73/103/94
f 78/95/7 82/126/102 84/127/39
f 83/128/40 81/129/41 79/101/92
f 80/130/42 82/131/43 83/132/44
f 85/133/45 89/134/103 91/135/47
f 86/93/5 89/136/48 88/137/49
f 91/138/104 90/139/51 87/91/91
f 92/96/8 96/140/105 98/141/53
f 97/142/54 95/143/106 93/89/89
f 94/144/56 96/145/57 97/146/58
f 99/147/59 103/148/107 105/149/61
f 104/150/108 102/151/63 100/102/93
f 101/94/6 103/152/64 104/153/65
f 106/97/9 110/154/109 112/155/67
f 107/92/4 110/156/68 109/157/69
f 112/158/70 111/159/71 108/160/110
f 57/104/16 74/161/73 71/119/31
f 63/162/74 72/99/11 74/123/35
f 64/113/99 62/107/96 58/90/90
f 70/163/75 59/100/12 62/110/22
f 78/95/7 69/164/111 65/114/26
f 84/165/77 66/98/10 69/118/30
f 73/103/94 83/128/40 79/101/92
f 76/166/78 80/130/42 83/132/44
f 71/119/31 102/167/79 99/147/59
f 77/124/36 100/102/93 102/151/63
f 106/97/9 81/168/80 78/95/7
f 81/129/41 108/160/110 79/101/92
f 101/94/6 111/169/81 107/92/4
f 104/150/108 108/160/110 111/159/71
f 99/147/59 88/170/82 85/133/45
f 105/171/83 86/93/5 88/137/49
f 92/96/8 109/172/84 106/97/9
f 98/173/85 107/92/4 109/157/69
f 87/91/91 97/142/54 93/89/89
f 90/174/86 94/144/56 97/146/58
f 85/133/45 60/175/87 57/104/16
f 60/108/97 87/91/91 58/90/90
f 92/96/8 67/116/28 95/176/88
f 67/111/98 93/89/89 95/143/106
f 99/147/59 57/104/16 71/119/31
f 149/177/1 114/178/90 143/179/3
f 163/180/4 142/181/5 157/182/6
f 134/183/7 148/184/8 162/185/9
f 122/186/10 128/187/11 115/188/12
f 135/189/92 156/190/14 129/191/94
f 113/192/16 117/193/17 119/194/112
f 118/195/96 116/196/97 114/178/90
f 115/188/12 117/197/21 118/198/22
f 123/199/23 126/200/24 120/201/99
f 121/202/26 124/203/27 123/204/28
f 122/186/10 124/205/29 125/206/30
f 127/207/31 131/208/32 133/209/33
f 128/187/11 131/210/34 130/211/35
f 133/212/113 132/213/37 129/191/94
f 134/183/7 138/214/38 140/215/114
f 139/216/40 137/217/41 135/189/92
f 136/218/42 138/219/43 139/220/44
f 141/221/45 145/222/103 147/223/47
f 142/181/5 145/224/48 144/225/49
f 147/226/104 146/227/51 143/179/3
f 148/184/8 152/228/105 154/229/115
f 153/230/54 151/231/55 149/177/1
f 150/232/56 152/233/57 153/234/58
f 155/235/59 159/236/107 161/237/116
f 160/238/62 158/239/63 156/190/14
f 157/182/6 159/240/64 160/241/65
f 162/185/9 166/242/109 168/243/67
f 163/180/4 166/244/68 165/245/69
f 168/246/117 167/247/71 164/248/72
f 113/192/16 130/249/118 127/207/31
f 119/250/74 128/187/11 130/211/35
f 120/201/99 118/195/96 114/178/90
f 126/251/75 115/188/12 118/198/22
f 134/183/7 125/252/76 121/202/26
f 140/253/77 122/186/10 125/206/30
f 129/191/94 139/216/40 135/189/92
f 132/254/78 136/218/42 139/220/44
f 127/207/31 158/255/79 155/235/59
f 133/212/113 156/190/14 158/239/63
f 162/185/9 137/256/80 134/183/7
f 168/246/117 135/189/92 137/217/41
f 157/182/6 167/257/81 163/180/4
f 160/238/62 164/248/72 167/247/71
f 155/235/59 144/258/119 141/221/45
f 161/259/83 142/181/5 144/225/49
f 148/184/8 165/260/120 162/185/9
f 154/261/85 163/180/4 165/245/69
f 143/179/3 153/230/54 149/177/1
f 146/262/86 150/232/56 153/234/58
f 141/221/45 116/263/87 113/192/16
f 147/226/104 114/178/90 116/196/97
f 121/202/26 151/264/88 148/184/8
f 123/199/23 149/177/1 151/231/55
f 155/235/59 113/192/16 127/207/31
f 205/265/1 170/266/90 199/267/3
f 219/268/4 198/269/5 213/270/6
f 190/271/7 204/272/8 218/273/9
f 178/274/10 184/275/11 171/276/12
f 191/277/92 212/278/14 185/279/94
f 169/280/16 173/281/95 175/282/18
f 174/283/96 172/284/97 170/266/90
f 171/276/12 173/285/21 174/286/22
f 179/287/23 182/288/24 176/289/99
f 177/290/26 180/291/27 179/292/28
f 178/274/10 180/293/29 181/294/30
f 183/295/31 187/296/101 189/297/33
f 184/275/11 187/298/34 186/299/35
f 189/300/36 188/301/37 185/279/94
f 190/271/7 194/302/38 196/303/114
f 195/304/40 193/305/41 191/277/92
f 192/306/42 194/307/43 195/308/44
f 197/309/45 201/310/46 203/311/47
f 198/269/5 201/312/48 200/313/49
f 203/314/50 202/315/51 199/267/3
f 204/272/8 208/316/105 210/317/115
f 209/318/54 207/319/55 205/265/1
f 206/320/56 208/321/57 209/322/58
f 211/323/59 215/324/60 217/325/61
f 216/326/62 214/327/63 212/278/14
f 213/270/6 215/328/64 216/329/65
f 218/273/9 222/330/109 224/331/67
f 219/268/4 222/332/68 221/333/69
f 224/334/117 223/335/71 220/336/72
f 169/280/16 186/337/118 183/295/31
f 175/338/74 184/275/11 186/299/35
f 176/289/99 174/283/96 170/266/90
f 174/286/22 178/274/10 171/276/12
f 190/271/7 181/339/111 177/290/26
f 196/340/77 178/274/10 181/294/30
f 191/277/92 188/301/37 195/304/40
f 188/341/78 192/306/42 195/308/44
f 183/295/31 214/342/79 211/323/59
f 189/300/36 212/278/14 214/327/63
f 218/273/9 193/343/80 190/271/7
f 224/334/117 191/277/92 193/305/41
f 219/268/4 216/329/65 223/344/81
f 216/326/62 220/336/72 223/335/71
f 211/323/59 200/345/119 197/309/45
f 217/346/83 198/269/5 200/313/49
f 204/272/8 221/347/84 218/273/9
f 210/348/85 219/268/4 221/333/69
f 205/265/1 202/315/51 209/318/54
f 202/349/86 206/320/56 209/322/58
f 197/309/45 172/350/87 169/280/16
f 203/314/50 170/266/90 172/284/97
f 177/290/26 207/351/88 204/272/8
f 179/287/23 205/265/1 207/319/55
f 211/323/59 169/280/16 183/295/31
f 37/1/1 8/25/25 2/2/2
f 51/4/4 38/56/56 30/5/5
f 22/7/7 9/26/26 36/8/8
f 10/10/10 24/42/42 16/11/11
f 23/13/13 52/72/72 44/14/14
f 1/16/16 4/87/87 5/17/17
f 6/19/19 5/1383/653 4/20/20
f 3/12/12 7/74/74 5/21/21
f 11/23/23 12/1384/654 14/24/24
f 9/26/26 13/76/76 12/27/27
f 10/10/10 14/75/75 12/29/29
f 15/31/31 18/73/73 19/32/32
f 16/11/11 20/78/78 19/34/34
f 21/36/36 19/1385/655 20/37/37
f 22/7/7 25/80/80 26/38/38
f 27/40/40 26/1386/656 25/41/41
f 24/42/42 28/77/77 26/43/43
f 29/45/45 32/82/82 33/46/46
f 30/5/5 34/86/86 33/48/48
f 35/50/50 33/1387/657 34/51/51
f 36/8/8 39/88/88 40/52/52
f 41/54/54 40/1388/658 39/55/55
f 38/56/56 42/85/85 40/57/57
f 43/59/59 46/79/79 47/60/60
f 48/62/62 47/1389/659 46/63/63
f 45/6/6 49/83/83 47/64/64
f 50/9/9 53/84/84 54/66/66
f 51/4/4 55/81/81 54/68/68
f 56/70/70 54/1390/660 55/71/71
f 1/16/16 7/18/18 18/73/73
f 7/74/74 3/12/12 16/11/11
f 8/25/25 14/24/24 6/19/19
f 14/75/75 10/10/10 3/12/12
f 22/7/7 28/39/39 13/76/76
f 28/77/77 24/42/42 10/10/10
f 17/15/15 20/37/37 27/40/40
f 20/78/78 16/11/11 24/42/42
f 15/31/31 21/33/33 46/79/79
f 46/63/63 21/36/36 17/15/15
f 50/9/9 56/67/67 25/80/80
f 56/70/70 52/72/72 23/13/13
f 45/6/6 48/65/65 55/81/81
f 48/62/62 44/14/14 52/72/72
f 43/59/59 49/61/61 32/82/82
f 49/83/83 45/6/6 30/5/5
f 36/8/8 42/53/53 53/84/84
f 42/85/85 38/56/56 51/4/4
f 31/3/3 34/51/51 41/54/54
f 34/86/86 30/5/5 38/56/56
f 29/45/45 35/47/47 4/87/87
f 35/50/50 31/3/3 2/2/2
f 9/26/26 11/28/28 39/88/88
f 39/55/55 11/23/23 8/25/25
f 43/59/59 29/45/45 1/16/16
f 93/89/89 64/113/99 58/90/90
f 107/92/4 94/144/56 86/93/5
f 78/95/7 65/114/26 92/96/8
f 66/98/10 80/130/42 72/99/11
f 79/101/92 108/160/110 100/102/93
f 57/104/16 60/175/87 61/105/95
f 62/107/96 61/1391/661 60/108/97
f 59/100/12 63/162/74 61/109/21
f 67/111/98 68/1392/662 70/112/24
f 65/114/26 69/164/111 68/115/100
f 66/98/10 70/163/75 68/117/29
f 71/119/31 74/161/73 75/120/101
f 72/99/11 76/166/78 75/122/34
f 77/124/36 75/1393/663 76/125/37
f 78/95/7 81/168/80 82/126/102
f 83/128/40 82/1394/664 81/129/41
f 80/130/42 84/165/77 82/131/43
f 85/133/45 88/170/82 89/134/103
f 86/93/5 90/174/86 89/136/48
f 91/138/104 89/1395/665 90/139/51
f 92/96/8 95/176/88 96/140/105
f 97/142/54 96/1396/666 95/143/106
f 94/144/56 98/173/85 96/145/57
f 99/147/59 102/167/79 103/148/107
f 104/150/108 103/1397/667 102/151/63
f 101/94/6 105/171/83 103/152/64
f 106/97/9 109/172/84 110/154/109
f 107/92/4 111/169/81 110/156/68
f 112/158/70 110/1398/660 111/159/71
f 57/104/16 63/106/18 74/161/73
f 63/162/74 59/100/12 72/99/11
f 64/113/99 70/112/24 62/107/96
f 70/163/75 66/98/10 59/100/12
f 78/95/7 84/127/39 69/164/111
f 84/165/77 80/130/42 66/98/10
f 73/103/94 76/125/37 83/128/40
f 76/166/78 72/99/11 80/130/42
f 71/119/31 77/121/33 102/167/79
f 77/124/36 73/103/94 100/102/93
f 106/97/9 112/155/67 81/168/80
f 81/129/41 112/158/70 108/160/110
f 101/94/6 104/153/65 111/169/81
f 104/150/108 100/102/93 108/160/110
f 99/147/59 105/149/61 88/170/82
f 105/171/83 101/94/6 86/93/5
f 92/96/8 98/141/53 109/172/84
f 98/173/85 94/144/56 107/92/4
f 87/91/91 90/139/51 97/142/54
f 90/174/86 86/93/5 94/144/56
f 85/133/45 91/135/47 60/175/87
f 60/108/97 91/138/104 87/91/91
f 92/96/8 65/114/26 67/116/28
f 67/111/98 64/113/99 93/89/89
f 99/147/59 85/133/45 57/104/16
f 149/177/1 120/201/99 114/178/90
f 163/180/4 150/232/56 142/181/5
f 134/183/7 121/202/26 148/184/8
f 122/186/10 136/218/42 128/187/11
f 135/189/92 164/248/72 156/190/14
f 113/192/16 116/263/87 117/193/17
f 118/195/96 117/1399/653 116/196/97
f 115/188/12 119/250/74 117/197/21
f 123/199/23 124/1400/654 126/200/24
f 121/202/26 125/252/76 124/203/27
f 122/186/10 126/251/75 124/205/29
f 127/207/31 130/249/118 131/208/32
f 128/187/11 132/254/78 131/210/34
f 133/212/113 131/1401/655 132/213/37
f 134/183/7 137/256/80 138/214/38
f 139/216/40 138/1402/656 137/217/41
f 136/218/42 140/253/77 138/219/43
f 141/221/45 144/258/119 145/222/103
f 142/181/5 146/262/86 145/224/48
f 147/226/104 145/1403/665 146/227/51
f 148/184/8 151/264/88 152/228/105
f 153/230/54 152/1404/666 151/231/55
f 150/232/56 154/261/85 152/233/57
f 155/235/59 158/255/79 159/236/107
f 160/238/62 159/1405/667 158/239/63
f 157/182/6 161/259/83 159/240/64
f 162/185/9 165/260/120 166/242/109
f 163/180/4 167/257/81 166/244/68
f 168/246/117 166/1406/660 167/247/71
f 113/192/16 119/194/112 130/249/118
f 119/250/74 115/188/12 128/187/11
f 120/201/99 126/200/24 118/195/96
f 126/251/75 122/186/10 115/188/12
f 134/183/7 140/215/114 125/252/76
f 140/253/77 136/218/42 122/186/10
f 129/191/94 132/213/37 139/216/40
f 132/254/78 128/187/11 136/218/42
f 127/207/31 133/209/33 158/255/79
f 133/212/113 129/191/94 156/190/14
f 162/185/9 168/243/67 137/256/80
f 168/246/117 164/248/72 135/189/92
f 157/182/6 160/241/65 167/257/81
f 160/238/62 156/190/14 164/248/72
f 155/235/59 161/237/116 144/258/119
f 161/259/83 157/182/6 142/181/5
f 148/184/8 154/229/115 165/260/120
f 154/261/85 150/232/56 163/180/4
f 143/179/3 146/227/51 153/230/54
f 146/262/86 142/181/5 150/232/56
f 141/221/45 147/223/47 116/263/87
f 147/226/104 143/179/3 114/178/90
f 121/202/26 123/204/28 151/264/88
f 123/199/23 120/201/99 149/177/1
f 155/235/59 141/221/45 113/192/16
f 205/265/1 176/289/99 170/266/90
f 219/268/4 206/320/56 198/269/5
f 190/271/7 177/290/26 204/272/8
f 178/274/10 192/306/42 184/275/11
f 191/277/92 220/336/72 212/278/14
f 169/280/16 172/350/87 173/281/95
f 174/283/96 173/1407/661 172/284/97
f 171/276/12 175/338/74 173/285/21
f 179/287/23 180/1408/654 182/288/24
f 177/290/26 181/339/111 180/291/27
f 178/274/10 182/1409/75 180/293/29
f 183/295/31 186/337/118 187/296/101
f 184/275/11 188/341/78 187/298/34
f 189/300/36 187/1410/663 188/301/37
f 190/271/7 193/343/80 194/302/38
f 195/304/40 194/1411/656 193/305/41
f 192/306/42 196/340/77 194/307/43
f 197/309/45 200/345/119 201/310/46
f 198/269/5 202/349/86 201/312/48
f 203/314/50 201/1412/657 202/315/51
f 204/272/8 207/351/88 208/316/105
f 209/318/54 208/1413/666 207/319/55
f 206/320/56 210/348/85 208/321/57
f 211/323/59 214/342/79 215/324/60
f 216/326/62 215/1414/659 214/327/63
f 213/270/6 217/346/83 215/328/64
f 218/273/9 221/347/84 222/330/109
f 219/268/4 223/344/81 222/332/68
f 224/334/117 222/1415/660 223/335/71
f 169/280/16 175/282/18 186/337/118
f 175/338/74 171/276/12 184/275/11
f 176/289/99 182/288/24 174/283/96
f 174/286/22 182/1409/75 178/274/10
f 190/271/7 196/303/114 181/339/111
f 196/340/77 192/306/42 178/274/10
f 191/277/92 185/279/94 188/301/37
f 188/341/78 184/275/11 192/306/42
f 183/295/31 189/297/33 214/342/79
f 189/300/36 185/279/94 212/278/14
f 218/273/9 224/331/67 193/343/80
f 224/334/117 220/336/72 191/277/92
f 219/268/4 213/270/6 216/329/65
f 216/326/62 212/278/14 220/336/72
f 211/323/59 217/325/61 200/345/119
f 217/346/83 213/270/6 198/269/5
f 204/272/8 210/317/115 221/347/84
f 210/348/85 206/320/56 219/268/4
f 205/265/1 199/267/3 202/315/51
f 202/349/86 198/269/5 206/320/56
f 197/309/45 203/311/47 172/350/87
f 203/314/50 199/267/3 170/266/90
f 177/290/26 179/292/28 207/351/88
f 179/287/23 176/289/99 205/265/1
f 211/323/59 197/309/45 169/280/16
usemtl GoalMagneticGuide
f 261/352/1 226/353/2 255/354/3
f 275/355/4 254/356/5 269/357/6
f 246/358/7 260/359/8 274/360/9
f 234/361/10 240/362/11 227/363/12
f 247/364/13 268/365/14 241/366/15
f 225/367/16 229/368/95 231/369/18
f 230/370/96 228/371/97 226/353/2
f 227/363/12 229/372/21 230/373/22
f 235/374/98 238/375/24 232/376/25
f 233/377/26 236/378/100 235/379/28
f 234/361/10 236/380/29 237/381/30
f 239/382/31 243/383/101 245/384/33
f 240/362/11 243/385/34 242/386/35
f 245/387/36 244/388/37 241/366/15
f 246/358/7 250/389/102 252/390/114
f 251/391/40 249/392/41 247/364/13
f 248/393/42 250/394/43 251/395/44
f 253/396/45 257/397/46 259/398/47
f 254/356/5 257/399/48 256/400/49
f 259/401/50 258/402/51 255/354/3
f 260/359/8 264/403/52 266/404/53
f 265/405/54 263/406/55 261/352/1
f 262/407/56 264/408/57 265/409/58
f 267/410/59 271/411/60 273/412/61
f 272/413/62 270/414/63 268/365/14
f 269/357/6 271/415/64 272/416/65
f 274/360/9 278/417/66 280/418/67
f 275/355/4 278/419/68 277/420/69
f 280/421/70 279/422/71 276/423/72
f 239/382/31 231/369/18 242/424/73
f 231/425/74 240/362/11 242/386/35
f 232/376/25 230/370/96 226/353/2
f 238/426/75 227/363/12 230/373/22
f 246/358/7 237/427/111 233/377/26
f 237/381/30 248/393/42 234/361/10
f 241/366/15 251/391/40 247/364/13
f 244/428/78 248/393/42 251/395/44
f 239/382/31 270/429/79 267/410/59
f 270/414/63 241/366/15 268/365/14
f 246/358/7 280/418/67 249/430/80
f 280/421/70 247/364/13 249/392/41
f 269/357/6 279/431/81 275/355/4
f 272/413/62 276/423/72 279/422/71
f 267/410/59 256/432/82 253/396/45
f 256/400/49 269/357/6 254/356/5
f 274/360/9 266/404/53 277/433/84
f 266/434/85 275/355/4 277/420/69
f 255/354/3 265/405/54 261/352/1
f 258/435/86 262/407/56 265/409/58
f 225/367/16 259/398/47 228/436/87
f 259/401/50 226/353/2 228/371/97
f 233/377/26 263/437/88 260/359/8
f 263/406/55 232/376/25 261/352/1
f 267/410/59 225/367/16 239/382/31
f 317/352/89 282/353/90 311/354/91
f 331/355/4 310/356/5 325/357/6
f 302/438/7 316/439/8 330/440/9
f 290/441/10 296/442/11 283/443/12
f 303/444/92 324/445/93 297/446/94
f 281/447/16 285/448/95 287/449/18
f 286/450/96 284/451/97 282/353/90
f 283/443/12 285/452/21 286/453/22
f 291/454/98 294/455/24 288/376/99
f 289/456/26 292/457/100 291/458/28
f 290/441/10 292/459/29 293/460/30
f 295/461/31 299/462/101 301/463/33
f 296/442/11 299/464/34 298/465/35
f 301/466/36 300/467/37 297/446/94
f 302/438/7 306/468/102 308/469/39
f 307/470/40 305/471/41 303/444/92
f 304/472/42 306/473/43 307/474/44
f 309/475/45 313/476/46 315/477/47
f 310/356/5 313/399/48 312/400/49
f 315/478/50 314/479/51 311/354/91
f 316/439/8 320/480/52 322/481/53
f 321/482/54 319/483/55 317/352/89
f 318/407/56 320/408/57 321/409/58
f 323/484/59 327/485/60 329/486/61
f 328/487/62 326/488/63 324/445/93
f 325/357/6 327/415/64 328/416/65
f 330/440/9 334/489/66 336/490/67
f 331/355/4 334/419/68 333/420/69
f 336/491/70 335/492/71 332/493/110
f 295/461/31 287/449/18 298/494/73
f 287/495/74 296/442/11 298/465/35
f 288/376/99 286/450/96 282/353/90
f 294/496/75 283/443/12 286/453/22
f 302/438/7 293/497/111 289/456/26
f 293/460/30 304/472/42 290/441/10
f 297/446/94 307/470/40 303/444/92
f 300/498/78 304/472/42 307/474/44
f 323/484/59 301/463/33 326/499/79
f 301/466/36 324/445/93 326/488/63
f 330/440/9 305/500/80 302/438/7
f 305/471/41 332/493/110 303/444/92
f 325/357/6 335/431/81 331/355/4
f 328/487/62 332/493/110 335/492/71
f 323/484/59 312/501/82 309/475/45
f 312/400/49 325/357/6 310/356/5
f 330/440/9 322/481/53 333/502/120
f 322/434/85 331/355/4 333/420/69
f 311/354/91 321/482/54 317/352/89
f 314/435/86 318/407/56 321/409/58
f 309/475/45 284/503/87 281/447/16
f 284/451/97 311/354/91 282/353/90
f 316/439/8 291/458/28 319/504/88
f 291/454/98 317/352/89 319/483/55
f 323/484/59 281/447/16 295/461/31
f 373/505/1 338/506/90 367/507/3
f 387/508/4 366/509/5 381/510/6
f 358/511/7 372/512/8 386/513/9
f 346/514/10 352/515/11 339/516/12
f 359/517/92 380/518/14 353/519/94
f 337/520/16 341/521/95 343/522/18
f 342/523/96 340/524/97 338/506/90
f 339/516/12 341/525/21 342/526/22
f 347/527/98 350/528/24 344/529/99
f 345/530/26 348/531/27 347/532/28
f 346/514/10 348/533/29 349/534/30
f 351/535/31 355/536/101 357/537/33
f 352/515/11 355/538/34 354/539/35
f 357/540/36 356/541/37 353/519/94
f 358/511/7 362/542/102 364/543/39
f 363/544/40 361/545/41 359/517/92
f 360/546/42 362/547/43 363/548/44
f 365/549/45 369/550/46 371/551/47
f 366/509/5 369/552/48 368/553/49
f 371/554/50 370/555/51 367/507/3
f 372/512/8 376/556/105 378/557/53
f 377/558/54 375/559/55 373/505/1
f 374/560/56 376/561/57 377/562/58
f 379/563/59 383/564/60 385/565/116
f 384/566/62 382/567/63 380/518/14
f 381/510/6 383/568/64 384/569/65
f 386/513/9 390/570/66 392/571/67
f 387/508/4 390/572/68 389/573/69
f 392/574/70 391/575/71 388/576/72
f 351/535/31 343/522/18 354/577/118
f 343/578/74 352/515/11 354/539/35
f 344/529/99 342/523/96 338/506/90
f 342/526/22 346/514/10 339/516/12
f 358/511/7 349/579/111 345/530/26
f 349/534/30 360/546/42 346/514/10
f 359/517/92 356/541/37 363/544/40
f 356/580/78 360/546/42 363/548/44
f 351/535/31 382/581/79 379/563/59
f 357/540/36 380/518/14 382/567/63
f 386/513/9 361/582/80 358/511/7
f 392/574/70 359/517/92 361/545/41
f 387/508/4 384/569/65 391/583/81
f 384/566/62 388/576/72 391/575/71
f 379/563/59 368/584/82 365/549/45
f 368/553/49 381/510/6 366/509/5
f 386/513/9 378/557/53 389/585/84
f 378/586/85 387/508/4 389/573/69
f 373/505/1 370/555/51 377/558/54
f 370/587/86 374/560/56 377/562/58
f 365/549/45 340/588/87 337/520/16
f 371/554/50 338/506/90 340/524/97
f 345/530/26 375/589/88 372/512/8
f 347/527/98 373/505/1 375/559/55
f 379/563/59 337/520/16 351/535/31
f 429/590/1 394/591/90 423/592/3
f 443/593/4 422/594/5 437/595/6
f 414/596/7 428/597/8 442/598/9
f 402/599/10 408/600/11 395/601/12
f 415/602/92 436/603/14 409/604/94
f 393/605/16 397/606/95 399/607/112
f 398/608/19 396/609/20 394/591/90
f 395/601/12 397/610/21 398/611/22
f 403/612/23 406/613/121 400/614/99
f 401/615/26 404/616/100 403/617/28
f 402/599/10 404/618/29 405/619/30
f 407/620/31 411/621/101 413/622/33
f 408/600/11 411/623/34 410/624/35
f 413/625/36 412/626/37 409/604/94
f 414/596/7 418/627/102 420/628/39
f 419/629/40 417/630/41 415/602/92
f 416/631/42 418/632/43 419/633/44
f 421/634/45 425/635/46 427/636/47
f 422/594/5 425/637/48 424/638/49
f 427/639/104 426/640/122 423/592/3
f 428/597/8 432/641/52 434/642/115
f 433/643/123 431/644/106 429/590/1
f 430/645/56 432/646/57 433/647/58
f 435/648/59 439/649/60 441/650/61
f 440/651/62 438/652/63 436/603/14
f 437/595/6 439/653/64 440/654/65
f 442/598/9 446/655/66 448/656/67
f 443/593/4 446/657/68 445/658/69
f 448/659/70 447/660/71 444/661/72
f 393/605/16 410/662/73 407/620/31
f 410/624/35 395/601/12 408/600/11
f 400/614/99 398/608/19 394/591/90
f 406/663/75 395/601/12 398/611/22
f 401/615/26 420/628/39 405/664/76
f 420/665/77 402/599/10 405/619/30
f 409/604/94 419/629/40 415/602/92
f 412/666/78 416/631/42 419/633/44
f 407/620/31 438/667/79 435/648/59
f 413/625/36 436/603/14 438/652/63
f 442/598/9 417/668/80 414/596/7
f 448/659/70 415/602/92 417/630/41
f 437/595/6 447/669/81 443/593/4
f 440/651/62 444/661/72 447/660/71
f 421/634/45 441/650/61 424/670/119
f 441/671/83 422/594/5 424/638/49
f 428/597/8 445/672/84 442/598/9
f 445/658/69 430/645/56 443/593/4
f 423/592/3 433/643/123 429/590/1
f 426/673/86 430/645/56 433/647/58
f 421/634/45 396/674/87 393/605/16
f 427/639/104 394/591/90 396/609/20
f 401/615/26 431/675/88 428/597/8
f 403/612/23 429/590/1 431/644/106
f 435/648/59 393/605/16 407/620/31
f 457/676/124 450/676/125 449/676/125
f 458/676/126 451/676/127 450/676/127
f 459/676/128 452/676/129 451/676/129
f 460/676/130 453/676/131 452/676/131
f 453/676/132 462/676/133 454/676/132
f 454/676/134 463/676/135 455/676/134
f 455/676/136 464/676/137 456/676/136
f 456/676/138 457/676/139 449/676/138
f 465/676/140 458/676/141 457/676/124
f 466/676/142 459/676/143 458/676/126
f 467/676/144 460/676/145 459/676/128
f 468/676/146 461/676/147 460/676/130
f 461/676/148 470/676/149 462/676/133
f 462/676/150 471/676/151 463/676/135
f 463/676/152 472/676/153 464/676/137
f 464/676/154 465/676/155 457/676/139
f 473/676/156 466/676/157 465/676/140
f 474/676/158 467/676/159 466/676/142
f 475/676/160 468/676/161 467/676/144
f 476/676/162 469/676/163 468/676/146
f 469/676/164 478/676/165 470/676/149
f 470/676/166 479/676/167 471/676/151
f 471/676/168 480/676/169 472/676/153
f 472/676/170 473/676/171 465/676/155
f 481/676/172 474/676/173 473/676/156
f 482/676/174 475/676/175 474/676/158
f 483/676/176 476/676/177 475/676/160
f 484/676/178 477/676/179 476/676/162
f 477/676/180 486/676/181 478/676/165
f 478/676/182 487/676/183 479/676/167
f 479/676/184 488/676/185 480/676/169
f 480/676/186 481/676/187 473/676/171
f 489/676/188 482/676/189 481/676/172
f 490/676/190 483/676/191 482/676/174
f 491/676/192 484/676/193 483/676/176
f 492/676/194 485/676/195 484/676/178
f 485/676/196 494/676/197 486/676/181
f 486/676/198 495/676/199 487/676/183
f 487/676/200 496/676/201 488/676/185
f 488/676/202 489/676/203 481/676/187
f 497/676/204 490/676/205 489/676/188
f 498/676/206 491/676/207 490/676/190
f 499/676/208 492/676/209 491/676/192
f 500/676/210 493/676/211 492/676/194
f 493/676/212 502/676/213 494/676/197
f 494/676/214 503/676/215 495/676/199
f 495/676/216 504/676/217 496/676/201
f 496/676/218 497/676/219 489/676/203
f 505/676/220 498/676/221 497/676/204
f 506/676/222 499/676/223 498/676/206
f 507/676/224 500/676/225 499/676/208
f 508/676/226 501/676/227 500/676/210
f 501/676/228 510/676/229 502/676/213
f 502/676/230 511/676/231 503/676/215
f 503/676/232 512/676/233 504/676/217
f 504/676/234 505/676/235 497/676/219
f 513/676/236 506/676/237 505/676/220
f 514/676/238 507/676/239 506/676/222
f 515/676/240 508/676/241 507/676/224
f 516/676/242 509/676/243 508/676/226
f 509/676/244 518/676/245 510/676/229
f 510/676/246 519/676/247 511/676/231
f 511/676/248 520/676/249 512/676/233
f 512/676/250 513/676/251 505/676/235
f 521/676/252 514/676/253 513/676/236
f 522/676/254 515/676/255 514/676/238
f 523/676/256 516/676/257 515/676/240
f 524/676/258 517/676/259 516/676/242
f 517/676/260 526/676/261 518/676/245
f 518/676/262 527/676/263 519/676/247
f 519/676/264 528/676/265 520/676/249
f 520/676/266 521/676/267 513/676/251
f 529/676/268 522/676/269 521/676/252
f 530/676/270 523/676/271 522/676/254
f 531/676/272 524/676/273 523/676/256
f 532/676/274 525/676/275 524/676/258
f 525/676/276 534/676/277 526/676/261
f 526/676/278 535/676/279 527/676/263
f 527/676/280 536/676/281 528/676/265
f 528/676/282 529/676/283 521/676/267
f 529/676/268 538/676/284 530/676/268
f 530/676/270 539/676/285 531/676/270
f 531/676/272 540/676/286 532/676/272
f 532/676/274 541/676/287 533/676/274
f 541/676/288 534/676/277 533/676/277
f 542/676/289 535/676/279 534/676/279
f 543/676/290 536/676/281 535/676/281
f 544/676/291 529/676/283 536/676/283
f 537/676/292 546/676/293 538/676/284
f 538/676/294 547/676/295 539/676/285
f 539/676/296 548/676/297 540/676/286
f 540/676/298 549/676/299 541/676/287
f 549/676/300 542/676/301 541/676/288
f 550/676/302 543/676/303 542/676/289
f 551/676/304 544/676/305 543/676/290
f 552/676/306 537/676/307 544/676/291
f 545/676/308 554/676/309 546/676/293
f 546/676/310 555/676/311 547/676/295
f 547/676/312 556/676/313 548/676/297
f 548/676/314 557/676/315 549/676/299
f 557/676/316 550/676/317 549/676/300
f 558/676/318 551/676/319 550/676/302
f 559/676/320 552/676/321 551/676/304
f 560/676/322 545/676/323 552/676/306
f 553/676/324 562/676/325 554/676/309
f 554/676/326 563/676/327 555/676/311
f 555/676/328 564/676/329 556/676/313
f 556/676/330 565/676/331 557/676/315
f 565/676/332 558/676/333 557/676/316
f 566/676/334 559/676/335 558/676/318
f 567/676/336 560/676/337 559/676/320
f 568/676/338 553/676/339 560/676/322
f 561/676/340 570/676/341 562/676/325
f 562/676/342 571/676/343 563/676/327
f 563/676/344 572/676/345 564/676/329
f 564/676/346 573/676/347 565/676/331
f 573/676/348 566/676/349 565/676/332
f 574/676/350 567/676/351 566/676/334
f 575/676/352 568/676/353 567/676/336
f 576/676/354 561/676/355 568/676/338
f 569/676/356 578/676/357 570/676/341
f 570/676/358 579/676/359 571/676/343
f 571/676/360 580/676/361 572/676/345
f 572/676/362 581/676/363 573/676/347
f 581/676/364 574/676/365 573/676/348
f 582/676/366 575/676/367 574/676/350
f 583/676/368 576/676/369 575/676/352
f 584/676/370 569/676/371 576/676/354
f 577/676/372 586/676/373 578/676/357
f 578/676/374 587/676/375 579/676/359
f 579/676/376 588/676/377 580/676/361
f 580/676/378 589/676/379 581/676/363
f 589/676/380 582/676/381 581/676/364
f 590/676/382 583/676/383 582/676/366
f 591/676/384 584/676/385 583/676/368
f 592/676/386 577/676/387 584/676/370
f 585/676/388 594/676/389 586/676/373
f 586/676/390 595/676/391 587/676/375
f 587/676/392 596/676/393 588/676/377
f 588/676/394 597/676/395 589/676/379
f 597/676/396 590/676/397 589/676/380
f 598/676/398 591/676/399 590/676/382
f 599/676/400 592/676/401 591/676/384
f 600/676/402 585/676/403 592/676/386
f 593/676/404 602/676/405 594/676/389
f 594/676/406 603/676/407 595/676/391
f 595/676/408 604/676/409 596/676/393
f 596/676/410 605/676/411 597/676/395
f 605/676/412 598/676/413 597/676/396
f 606/676/414 599/676/415 598/676/398
f 607/676/416 600/676/417 599/676/400
f 608/676/418 593/676/419 600/676/402
f 601/676/420 610/676/131 602/676/405
f 602/676/421 611/676/129 603/676/407
f 603/676/422 612/676/127 604/676/409
f 604/676/423 613/676/125 605/676/411
f 613/676/138 606/676/424 605/676/412
f 614/676/136 607/676/425 606/676/414
f 615/676/134 608/676/426 607/676/416
f 616/676/132 601/676/427 608/676/418
f 617/676/130 610/676/131 609/676/131
f 618/676/128 611/676/129 610/676/129
f 619/676/126 612/676/127 611/676/127
f 620/676/124 613/676/125 612/676/125
f 613/676/138 622/676/139 614/676/138
f 614/676/136 623/676/137 615/676/136
f 615/676/134 624/676/135 616/676/134
f 616/676/132 617/676/133 609/676/132
f 625/676/146 618/676/147 617/676/130
f 626/676/144 619/676/145 618/676/128
f 627/676/142 620/676/143 619/676/126
f 628/676/140 621/676/141 620/676/124
f 621/676/154 630/676/155 622/676/139
f 622/676/152 631/676/153 623/676/137
f 623/676/150 632/676/151 624/676/135
f 624/676/148 625/676/149 617/676/133
f 633/676/162 626/676/163 625/676/146
f 634/676/160 627/676/161 626/676/144
f 635/676/158 628/676/159 627/676/142
f 636/676/156 629/676/157 628/676/140
f 629/676/170 638/676/171 630/676/155
f 630/676/168 639/676/169 631/676/153
f 631/676/166 640/676/167 632/676/151
f 632/676/164 633/676/165 625/676/149
f 641/676/178 634/676/179 633/676/162
f 642/676/176 635/676/177 634/676/160
f 643/676/174 636/676/175 635/676/158
f 644/676/172 637/676/173 636/676/156
f 637/676/186 646/676/187 638/676/171
f 638/676/184 647/676/185 639/676/169
f 639/676/182 648/676/183 640/676/167
f 640/676/180 641/676/181 633/676/165
f 649/676/194 642/676/195 641/676/178
f 650/676/192 643/676/193 642/676/176
f 651/676/190 644/676/191 643/676/174
f 652/676/188 645/676/189 644/676/172
f 645/676/202 654/676/203 646/676/187
f 646/676/200 655/676/201 647/676/185
f 647/676/198 656/676/199 648/676/183
f 648/676/196 649/676/197 641/676/181
f 657/676/210 650/676/211 649/676/194
f 658/676/208 651/676/209 650/676/192
f 659/676/206 652/676/207 651/676/190
f 660/676/204 653/676/205 652/676/188
f 653/676/218 662/676/219 654/676/203
f 654/676/216 663/676/217 655/676/201
f 655/676/214 664/676/215 656/676/199
f 656/676/212 657/676/213 649/676/197
f 665/676/226 658/676/227 657/676/210
f 666/676/224 659/676/225 658/676/208
f 667/676/222 660/676/223 659/676/206
f 668/676/220 661/676/221 660/676/204
f 661/676/234 670/676/235 662/676/219
f 662/676/232 671/676/233 663/676/217
f 663/676/230 672/676/231 664/676/215
f 664/676/228 665/676/229 657/676/213
f 673/676/242 666/676/243 665/676/226
f 674/676/240 667/676/241 666/676/224
f 675/676/238 668/676/239 667/676/222
f 676/676/236 669/676/237 668/676/220
f 669/676/250 678/676/251 670/676/235
f 670/676/248 679/676/249 671/676/233
f 671/676/246 680/676/247 672/676/231
f 672/676/244 673/676/245 665/676/229
f 681/676/258 674/676/259 673/676/242
f 682/676/256 675/676/257 674/676/240
f 683/676/254 676/676/255 675/676/238
f 684/676/252 677/676/253 676/676/236
f 677/676/266 686/676/267 678/676/251
f 678/676/264 687/676/265 679/676/249
f 679/676/262 688/676/263 680/676/247
f 680/676/260 681/676/261 673/676/245
f 689/676/274 682/676/275 681/676/258
f 690/676/272 683/676/273 682/676/256
f 691/676/270 684/676/271 683/676/254
f 692/676/268 685/676/269 684/676/252
f 685/676/282 694/676/283 686/676/267
f 686/676/280 695/676/281 687/676/265
f 687/676/278 696/676/279 688/676/263
f 688/676/276 689/676/277 681/676/261
f 689/676/274 698/676/287 690/676/274
f 690/676/272 699/676/286 691/676/272
f 691/676/270 700/676/285 692/676/270
f 692/676/268 701/676/284 693/676/268
f 701/676/291 694/676/283 693/676/283
f 702/676/290 695/676/281 694/676/281
f 703/676/289 696/676/279 695/676/279
f 704/676/288 689/676/277 696/676/277
f 697/676/298 706/676/299 698/676/287
f 698/676/296 707/676/297 699/676/286
f 699/676/294 708/676/295 700/676/285
f 700/676/292 709/676/293 701/676/284
f 709/676/306 702/676/307 701/676/291
f 710/676/304 703/676/305 702/676/290
f 711/676/302 704/676/303 703/676/289
f 712/676/300 697/676/301 704/676/288
f 705/676/314 714/676/315 706/676/299
f 706/676/312 715/676/313 707/676/297
f 707/676/310 716/676/311 708/676/295
f 708/676/308 717/676/309 709/676/293
f 717/676/322 710/676/323 709/676/306
f 718/676/320 711/676/321 710/676/304
f 719/676/318 712/676/319 711/676/302
f 720/676/316 705/676/317 712/676/300
f 713/676/330 722/676/331 714/676/315
f 714/676/328 723/676/329 715/676/313
f 715/676/326 724/676/327 716/676/311
f 716/676/324 725/676/325 717/676/309
f 725/676/338 718/676/339 717/676/322
f 726/676/336 719/676/337 718/676/320
f 727/676/334 720/676/335 719/676/318
f 728/676/332 713/676/333 720/676/316
f 721/676/346 730/676/347 722/676/331
f 722/676/344 731/676/345 723/676/329
f 723/676/342 732/676/343 724/676/327
f 724/676/340 733/676/341 725/676/325
f 733/676/354 726/676/355 725/676/338
f 734/676/352 727/676/353 726/676/336
f 735/676/350 728/676/351 727/676/334
f 736/676/348 721/676/349 728/676/332
f 729/676/362 738/676/363 730/676/347
f 730/676/360 739/676/361 731/676/345
f 731/676/358 740/676/359 732/676/343
f 732/676/356 741/676/357 733/676/341
f 741/676/370 734/676/371 733/676/354
f 742/676/368 735/676/369 734/676/352
f 743/676/366 736/676/367 735/676/350
f 744/676/364 729/676/365 736/676/348
f 737/676/378 746/676/379 738/676/363
f 738/676/376 747/676/377 739/676/361
f 739/676/374 748/676/375 740/676/359
f 740/676/372 749/676/373 741/676/357
f 749/676/386 742/676/387 741/676/370
f 750/676/384 743/676/385 742/676/368
f 751/676/382 744/676/383 743/676/366
f 752/676/380 737/676/381 744/676/364
f 745/676/394 754/676/395 746/676/379
f 746/676/392 755/676/393 747/676/377
f 747/676/390 756/676/391 748/676/375
f 748/676/388 757/676/389 749/676/373
f 757/676/402 750/676/403 749/676/386
f 758/676/400 751/676/401 750/676/384
f 759/676/398 752/676/399 751/676/382
f 760/676/396 745/676/397 752/676/380
f 753/676/410 762/676/411 754/676/395
f 754/676/408 763/676/409 755/676/393
f 755/676/406 764/676/407 756/676/391
f 756/676/404 765/676/405 757/676/389
f 765/676/418 758/676/419 757/676/402
f 766/676/416 759/676/428 758/676/400
f 767/676/414 760/676/415 759/676/398
f 768/676/412 753/676/413 760/676/396
f 761/676/423 450/676/125 762/676/411
f 762/676/422 451/676/127 763/676/409
f 763/676/421 452/676/129 764/676/407
f 764/676/420 453/676/131 765/676/405
f 453/676/132 766/676/427 765/676/418
f 454/676/134 767/676/426 766/676/416
f 455/676/136 768/676/425 767/676/414
f 456/676/138 761/676/424 768/676/412
f 973/914/1 938/915/90 967/916/3
f 987/917/4 966/918/5 981/919/6
f 958/920/7 972/921/8 986/922/9
f 946/923/10 952/924/11 939/925/12
f 959/926/92 980/927/14 953/928/94
f 937/929/16 941/930/95 943/931/18
f 942/932/96 940/933/97 938/915/90
f 939/925/12 941/934/21 942/935/22
f 947/936/98 950/937/24 944/938/99
f 945/939/26 948/940/100 947/941/28
f 946/923/10 948/942/29 949/943/30
f 951/944/31 955/945/101 957/946/33
f 952/924/11 955/947/34 954/948/35
f 957/949/36 956/950/37 953/928/94
f 958/920/7 962/951/102 964/952/114
f 963/953/40 961/954/41 959/926/92
f 960/955/42 962/956/43 963/957/44
f 965/958/45 969/959/46 971/960/47
f 966/918/5 969/961/48 968/962/49
f 971/963/50 970/964/51 967/916/3
f 972/921/8 976/965/105 978/966/53
f 977/967/54 975/968/55 973/914/1
f 974/969/56 976/970/57 977/971/58
f 979/972/59 983/973/60 985/974/61
f 984/975/62 982/976/63 980/927/14
f 981/919/6 983/977/64 984/978/65
f 986/922/9 990/979/66 992/980/67
f 987/917/4 990/981/68 989/982/69
f 992/983/70 991/984/71 988/985/72
f 951/944/31 943/931/18 954/986/73
f 943/987/74 952/924/11 954/948/35
f 944/938/99 942/932/96 938/915/90
f 942/935/22 946/923/10 939/925/12
f 958/920/7 949/988/111 945/939/26
f 949/943/30 960/955/42 946/923/10
f 959/926/92 956/950/37 963/953/40
f 956/989/78 960/955/42 963/957/44
f 979/972/59 957/946/33 982/990/79
f 957/949/36 980/927/14 982/976/63
f 958/920/7 992/980/67 961/991/80
f 992/983/70 959/926/92 961/954/41
f 987/917/4 984/978/65 991/992/81
f 984/975/62 988/985/72 991/984/71
f 979/972/59 968/993/82 965/958/45
f 968/962/49 981/919/6 966/918/5
f 986/922/9 978/966/53 989/994/84
f 978/995/85 987/917/4 989/982/69
f 973/914/1 970/964/51 977/967/54
f 970/996/86 974/969/56 977/971/58
f 937/929/16 971/960/47 940/997/87
f 971/963/50 938/915/90 940/933/97
f 972/921/8 947/941/28 975/998/88
f 947/936/98 973/914/1 975/968/55
f 979/972/59 937/929/16 951/944/31
f 1085/1084/1 1050/1085/90 1079/1086/3
f 1099/1087/4 1078/1088/5 1093/1089/6
f 1070/1090/7 1084/1091/8 1098/1092/9
f 1058/1093/10 1064/1094/11 1051/1095/12
f 1071/1096/92 1092/1097/14 1065/1098/94
f 1049/1014/16 1053/1015/95 1055/1016/18
f 1054/1099/96 1052/1100/97 1050/1085/90
f 1051/1095/12 1053/1101/21 1054/935/22
f 1059/1021/98 1062/1102/24 1056/1103/99
f 1057/1104/26 1060/1105/100 1059/1106/28
f 1058/1093/10 1060/1107/29 1061/1108/30
f 1063/1029/31 1067/1030/101 1069/1031/33
f 1064/1094/11 1067/1109/34 1066/1110/35
f 1069/1111/36 1068/1112/37 1065/1098/94
f 1070/1090/7 1074/1113/102 1076/1114/114
f 1075/967/40 1073/1039/41 1071/1096/92
f 1072/1115/42 1074/1116/43 1075/957/44
f 1077/1043/45 1081/1044/103 1083/1045/47
f 1078/1088/5 1081/1117/48 1080/1118/49
f 1083/1119/50 1082/1120/51 1079/1086/3
f 1084/1091/8 1088/1121/52 1090/1122/115
f 1089/1123/54 1087/1053/55 1085/1084/1
f 1086/1124/56 1088/1125/57 1089/1126/58
f 1091/1057/59 1095/1058/107 1097/1059/116
f 1096/932/62 1094/1127/63 1092/1097/14
f 1093/1089/6 1095/1128/64 1096/1129/65
f 1098/1092/9 1102/1130/66 1104/1131/67
f 1099/1087/4 1102/1132/68 1101/1133/69
f 1104/1068/70 1103/1134/71 1100/1135/72
f 1063/1029/31 1055/1016/18 1066/1071/118
f 1055/1136/74 1064/1094/11 1066/1110/35
f 1050/1085/90 1062/1102/24 1054/1099/96
f 1062/1137/75 1051/1095/12 1054/935/22
f 1070/1090/7 1061/1138/111 1057/1104/26
f 1061/1108/30 1072/1115/42 1058/1093/10
f 1065/1098/94 1075/967/40 1071/1096/92
f 1075/957/44 1064/1094/11 1072/1115/42
f 1091/1057/59 1069/1031/33 1094/1076/79
f 1069/1111/36 1092/1097/14 1094/1127/63
f 1070/1090/7 1104/1131/67 1073/1139/80
f 1104/1068/70 1071/1096/92 1073/1039/41
f 1093/1089/6 1103/1140/81 1099/1087/4
f 1103/1134/71 1092/1097/14 1100/1135/72
f 1091/1057/59 1080/1079/82 1077/1043/45
f 1080/1118/49 1093/1089/6 1078/1088/5
f 1098/1092/9 1090/1122/115 1101/1141/84
f 1090/1142/85 1099/1087/4 1101/1133/69
f 1079/1086/3 1089/1123/54 1085/1084/1
f 1089/1126/58 1078/1088/5 1086/1124/56
f 1049/1014/16 1083/1045/47 1052/1082/87
f 1083/1119/50 1050/1085/90 1052/1100/97
f 1084/1091/8 1059/1106/28 1087/1143/88
f 1059/1021/98 1085/1084/1 1087/1053/55
f 1091/1057/59 1049/1014/16 1063/1029/31
f 1141/1144/1 1106/1145/90 1135/1146/3
f 1155/1147/4 1134/1148/5 1149/1149/6
f 1126/1150/7 1140/1151/8 1154/1152/9
f 1114/1153/10 1120/1154/11 1107/1155/12
f 1127/1156/92 1148/1157/14 1121/1158/94
f 1105/1159/16 1109/1160/95 1111/1161/18
f 1110/1162/96 1108/1163/97 1106/1145/90
f 1107/1155/12 1109/1164/21 1110/1165/22
f 1115/1166/98 1118/1167/24 1112/1168/99
f 1113/1169/26 1116/1170/27 1115/1171/28
f 1114/1153/10 1116/1172/29 1117/1173/30
f 1119/1174/31 1123/1175/101 1125/1176/33
f 1120/1154/11 1123/1177/34 1122/1178/35
f 1125/1179/36 1124/1180/37 1121/1158/94
f 1126/1150/7 1130/1181/38 1132/1182/114
f 1131/1183/40 1129/1184/41 1127/1156/92
f 1128/1185/42 1130/1186/43 1131/1187/44
f 1133/1188/45 1137/1189/46 1139/1190/47
f 1134/1148/5 1137/1191/48 1136/1192/49
f 1139/1193/50 1138/1194/51 1135/1146/3
f 1140/1151/8 1144/1195/52 1146/1196/53
f 1145/1197/54 1143/1198/55 1141/1144/1
f 1142/1199/56 1144/1200/57 1145/1201/58
f 1147/1202/59 1151/1203/60 1153/1204/61
f 1152/1205/62 1150/1206/63 1148/1157/14
f 1149/1149/6 1151/1207/64 1152/1208/65
f 1154/1152/9 1158/1209/66 1160/1210/67
f 1155/1147/4 1158/1211/68 1157/1212/69
f 1160/1213/70 1159/1214/71 1156/1215/72
f 1119/1174/31 1111/1161/18 1122/1216/73
f 1111/1217/74 1120/1154/11 1122/1178/35
f 1112/1168/99 1110/1162/96 1106/1145/90
f 1110/1165/22 1114/1153/10 1107/1155/12
f 1126/1150/7 1117/1218/111 1113/1169/26
f 1117/1173/30 1128/1185/42 1114/1153/10
f 1127/1156/92 1124/1180/37 1131/1183/40
f 1124/1219/78 1128/1185/42 1131/1187/44
f 1147/1202/59 1125/1176/33 1150/1220/79
f 1125/1179/36 1148/1157/14 1150/1206/63
f 1126/1150/7 1160/1210/67 1129/1221/80
f 1160/1213/70 1127/1156/92 1129/1184/41
f 1155/1147/4 1152/1208/65 1159/1222/81
f 1152/1205/62 1156/1215/72 1159/1214/71
f 1147/1202/59 1136/1223/82 1133/1188/45
f 1136/1192/49 1149/1149/6 1134/1148/5
f 1154/1152/9 1146/1196/53 1157/1224/120
f 1146/1225/85 1155/1147/4 1157/1212/69
f 1141/1144/1 1138/1194/51 1145/1197/54
f 1138/1226/86 1142/1199/56 1145/1201/58
f 1105/1159/16 1139/1190/47 1108/1227/87
f 1139/1193/50 1106/1145/90 1108/1163/97
f 1113/1169/26 1143/1228/88 1140/1151/8
f 1143/1198/55 1112/1168/99 1141/1144/1
f 1147/1202/59 1105/1159/16 1119/1174/31
f 1253/1315/1 1218/1316/90 1247/1317/3
f 1267/1318/4 1246/1319/5 1261/1320/6
f 1238/972/7 1252/929/8 1266/944/9
f 1226/1321/10 1232/1322/11 1219/1323/12
f 1239/1324/92 1260/1325/14 1233/1326/94
f 1217/1327/16 1221/1328/17 1223/1329/18
f 1222/1330/96 1220/1331/97 1218/1316/90
f 1219/1323/12 1221/1332/21 1222/1333/22
f 1227/1334/98 1230/1335/24 1224/1336/99
f 1225/958/26 1228/1337/100 1227/1338/28
f 1226/1321/10 1228/1339/29 1229/1028/30
f 1231/1340/31 1235/1341/101 1237/1342/33
f 1232/1322/11 1235/1343/34 1234/1344/35
f 1237/963/36 1236/1345/37 1233/1326/94
f 1238/972/7 1242/973/102 1244/974/114
f 1243/1346/40 1241/1347/41 1239/1324/92
f 1240/1348/42 1242/1349/43 1243/1350/44
f 1245/1351/45 1249/1352/46 1251/1353/47
f 1246/1319/5 1249/1354/48 1248/1355/49
f 1251/1356/50 1250/1357/51 1247/1317/3
f 1252/929/8 1256/930/52 1258/931/53
f 1257/1358/54 1255/1359/55 1253/1315/1
f 1254/1360/56 1256/1361/57 1257/1362/58
f 1259/1363/59 1263/1364/60 1265/1365/116
f 1264/1366/62 1262/933/63 1260/1325/14
f 1261/1320/6 1263/1367/64 1264/1368/65
f 1266/944/9 1270/945/66 1272/946/67
f 1267/1318/4 1270/1369/68 1269/1370/69
f 1272/1371/70 1271/1372/71 1268/1373/72
f 1231/1340/31 1223/1329/18 1234/1374/73
f 1223/1375/74 1232/1322/11 1234/1344/35
f 1218/1316/90 1230/1335/24 1222/1330/96
f 1230/1376/75 1219/1323/12 1222/1333/22
f 1238/972/7 1229/1377/76 1225/958/26
f 1229/1028/30 1240/1348/42 1226/1321/10
f 1233/1326/94 1243/1346/40 1239/1324/92
f 1243/1350/44 1232/1322/11 1240/1348/42
f 1259/1363/59 1237/1342/33 1262/1378/79
f 1237/963/36 1260/1325/14 1262/933/63
f 1238/972/7 1272/946/67 1241/990/80
f 1272/1371/70 1239/1324/92 1241/1347/41
f 1261/1320/6 1271/1379/81 1267/1318/4
f 1271/1372/71 1260/1325/14 1268/1373/72
f 1259/1363/59 1248/1380/82 1245/1351/45
f 1248/1355/49 1261/1320/6 1246/1319/5
f 1266/944/9 1258/931/53 1269/986/120
f 1258/1381/85 1267/1318/4 1269/1370/69
f 1247/1317/3 1257/1358/54 1253/1315/1
f 1257/1362/58 1246/1319/5 1254/1360/56
f 1217/1327/16 1251/1353/47 1220/1382/87
f 1251/1356/50 1218/1316/90 1220/1331/97
f 1225/958/26 1255/997/88 1252/929/8
f 1255/1359/55 1224/1336/99 1253/1315/1
f 1259/1363/59 1217/1327/16 1231/1340/31
f 261/352/1 232/376/25 226/353/2
f 275/355/4 262/407/56 254/356/5
f 246/358/7 233/377/26 260/359/8
f 234/361/10 248/393/42 240/362/11
f 247/364/13 276/423/72 268/365/14
f 225/367/16 228/436/87 229/368/95
f 230/370/96 229/1416/653 228/371/97
f 227/363/12 231/425/74 229/372/21
f 235/374/98 236/1417/654 238/375/24
f 233/377/26 237/427/111 236/378/100
f 234/361/10 238/426/75 236/380/29
f 239/382/31 242/424/73 243/383/101
f 240/362/11 244/428/78 243/385/34
f 245/387/36 243/1418/668 244/388/37
f 246/358/7 249/430/80 250/389/102
f 251/391/40 250/1419/664 249/392/41
f 248/393/42 252/1420/77 250/394/43
f 253/396/45 256/432/82 257/397/46
f 254/356/5 258/435/86 257/399/48
f 259/401/50 257/1421/665 258/402/51
f 260/359/8 263/437/88 264/403/52
f 265/405/54 264/1422/666 263/406/55
f 262/407/56 266/434/85 264/408/57
f 267/410/59 270/429/79 271/411/60
f 272/413/62 271/1423/669 270/414/63
f 269/357/6 273/1424/83 271/415/64
f 274/360/9 277/433/84 278/417/66
f 275/355/4 279/431/81 278/419/68
f 280/421/70 278/1425/670 279/422/71
f 239/382/31 225/367/16 231/369/18
f 231/425/74 227/363/12 240/362/11
f 232/376/25 238/375/24 230/370/96
f 238/426/75 234/361/10 227/363/12
f 246/358/7 252/390/114 237/427/111
f 237/381/30 252/1420/77 248/393/42
f 241/366/15 244/388/37 251/391/40
f 244/428/78 240/362/11 248/393/42
f 239/382/31 245/384/33 270/429/79
f 270/414/63 245/387/36 241/366/15
f 246/358/7 274/360/9 280/418/67
f 280/421/70 276/423/72 247/364/13
f 269/357/6 272/416/65 279/431/81
f 272/413/62 268/365/14 276/423/72
f 267/410/59 273/412/61 256/432/82
f 256/400/49 273/1424/83 269/357/6
f 274/360/9 260/359/8 266/404/53
f 266/434/85 262/407/56 275/355/4
f 255/354/3 258/402/51 265/405/54
f 258/435/86 254/356/5 262/407/56
f 225/367/16 253/396/45 259/398/47
f 259/401/50 255/354/3 226/353/2
f 233/377/26 235/379/28 263/437/88
f 263/406/55 235/374/98 232/376/25
f 267/410/59 253/396/45 225/367/16
f 317/352/89 288/376/99 282/353/90
f 331/355/4 318/407/56 310/356/5
f 302/438/7 289/456/26 316/439/8
f 290/441/10 304/472/42 296/442/11
f 303/444/92 332/493/110 324/445/93
f 281/447/16 284/503/87 285/448/95
f 286/450/96 285/1426/653 284/451/97
f 283/443/12 287/495/74 285/452/21
f 291/454/98 292/1427/654 294/455/24
f 289/456/26 293/497/111 292/457/100
f 290/441/10 294/496/75 292/459/29
f 295/461/31 298/494/73 299/462/101
f 296/442/11 300/498/78 299/464/34
f 301/466/36 299/1428/668 300/467/37
f 302/438/7 305/500/80 306/468/102
f 307/470/40 306/1429/664 305/471/41
f 304/472/42 308/1430/77 306/473/43
f 309/475/45 312/501/82 313/476/46
f 310/356/5 314/435/86 313/399/48
f 315/478/50 313/1431/665 314/479/51
f 316/439/8 319/504/88 320/480/52
f 321/482/54 320/1432/666 319/483/55
f 318/407/56 322/434/85 320/408/57
f 323/484/59 326/499/79 327/485/60
f 328/487/62 327/1433/669 326/488/63
f 325/357/6 329/1424/83 327/415/64
f 330/440/9 333/502/120 334/489/66
f 331/355/4 335/431/81 334/419/68
f 336/491/70 334/1434/670 335/492/71
f 295/461/31 281/447/16 287/449/18
f 287/495/74 283/443/12 296/442/11
f 288/376/99 294/455/24 286/450/96
f 294/496/75 290/441/10 283/443/12
f 302/438/7 308/469/39 293/497/111
f 293/460/30 308/1430/77 304/472/42
f 297/446/94 300/467/37 307/470/40
f 300/498/78 296/442/11 304/472/42
f 323/484/59 295/461/31 301/463/33
f 301/466/36 297/446/94 324/445/93
f 330/440/9 336/490/67 305/500/80
f 305/471/41 336/491/70 332/493/110
f 325/357/6 328/416/65 335/431/81
f 328/487/62 324/445/93 332/493/110
f 323/484/59 329/486/61 312/501/82
f 312/400/49 329/1424/83 325/357/6
f 330/440/9 316/439/8 322/481/53
f 322/434/85 318/407/56 331/355/4
f 311/354/91 314/479/51 321/482/54
f 314/435/86 310/356/5 318/407/56
f 309/475/45 315/477/47 284/503/87
f 284/451/97 315/478/50 311/354/91
f 316/439/8 289/456/26 291/458/28
f 291/454/98 288/376/99 317/352/89
f 323/484/59 309/475/45 281/447/16
f 373/505/1 344/529/99 338/506/90
f 387/508/4 374/560/56 366/509/5
f 358/511/7 345/530/26 372/512/8
f 346/514/10 360/546/42 352/515/11
f 359/517/92 388/576/72 380/518/14
f 337/520/16 340/588/87 341/521/95
f 342/523/96 341/1435/653 340/524/97
f 339/516/12 343/578/74 341/525/21
f 347/527/98 348/1436/654 350/528/24
f 345/530/26 349/579/111 348/531/27
f 346/514/10 350/1437/75 348/533/29
f 351/535/31 354/577/118 355/536/101
f 352/515/11 356/580/78 355/538/34
f 357/540/36 355/1438/663 356/541/37
f 358/511/7 361/582/80 362/542/102
f 363/544/40 362/1439/664 361/545/41
f 360/546/42 364/1440/77 362/547/43
f 365/549/45 368/584/82 369/550/46
f 366/509/5 370/587/86 369/552/48
f 371/554/50 369/1441/665 370/555/51
f 372/512/8 375/589/88 376/556/105
f 377/558/54 376/1442/658 375/559/55
f 374/560/56 378/586/85 376/561/57
f 379/563/59 382/581/79 383/564/60
f 384/566/62 383/1443/659 382/567/63
f 381/510/6 385/1444/83 383/568/64
f 386/513/9 389/585/84 390/570/66
f 387/508/4 391/583/81 390/572/68
f 392/574/70 390/1445/670 391/575/71
f 351/535/31 337/520/16 343/522/18
f 343/578/74 339/516/12 352/515/11
f 344/529/99 350/528/24 342/523/96
f 342/526/22 350/1437/75 346/514/10
f 358/511/7 364/543/39 349/579/111
f 349/534/30 364/1440/77 360/546/42
f 359/517/92 353/519/94 356/541/37
f 356/580/78 352/515/11 360/546/42
f 351/535/31 357/537/33 382/581/79
f 357/540/36 353/519/94 380/518/14
f 386/513/9 392/571/67 361/582/80
f 392/574/70 388/576/72 359/517/92
f 387/508/4 381/510/6 384/569/65
f 384/566/62 380/518/14 388/576/72
f 379/563/59 385/565/116 368/584/82
f 368/553/49 385/1444/83 381/510/6
f 386/513/9 372/512/8 378/557/53
f 378/586/85 374/560/56 387/508/4
f 373/505/1 367/507/3 370/555/51
f 370/587/86 366/509/5 374/560/56
f 365/549/45 371/551/47 340/588/87
f 371/554/50 367/507/3 338/506/90
f 345/530/26 347/532/28 375/589/88
f 347/527/98 344/529/99 373/505/1
f 379/563/59 365/549/45 337/520/16
f 429/590/1 400/614/99 394/591/90
f 443/593/4 430/645/56 422/594/5
f 414/596/7 401/615/26 428/597/8
f 402/599/10 416/631/42 408/600/11
f 415/602/92 444/661/72 436/603/14
f 393/605/16 396/674/87 397/606/95
f 398/608/19 397/1446/671 396/609/20
f 395/601/12 399/1447/74 397/610/21
f 403/612/23 404/1448/672 406/613/121
f 401/615/26 405/664/76 404/616/100
f 402/599/10 406/663/75 404/618/29
f 407/620/31 410/662/73 411/621/101
f 408/600/11 412/666/78 411/623/34
f 413/625/36 411/1449/668 412/626/37
f 414/596/7 417/668/80 418/627/102
f 419/629/40 418/1450/673 417/630/41
f 416/631/42 420/665/77 418/632/43
f 421/634/45 424/670/119 425/635/46
f 422/594/5 426/673/86 425/637/48
f 427/639/104 425/1451/674 426/640/122
f 428/597/8 431/675/88 432/641/52
f 433/643/123 432/1452/675 431/644/106
f 430/645/56 434/1453/85 432/646/57
f 435/648/59 438/667/79 439/649/60
f 440/651/62 439/1454/676 438/652/63
f 437/595/6 441/671/83 439/653/64
f 442/598/9 445/672/84 446/655/66
f 443/593/4 447/669/81 446/657/68
f 448/659/70 446/1455/677 447/660/71
f 393/605/16 399/607/112 410/662/73
f 410/624/35 399/1447/74 395/601/12
f 400/614/99 406/613/121 398/608/19
f 406/663/75 402/599/10 395/601/12
f 401/615/26 414/596/7 420/628/39
f 420/665/77 416/631/42 402/599/10
f 409/604/94 412/626/37 419/629/40
f 412/666/78 408/600/11 416/631/42
f 407/620/31 413/622/33 438/667/79
f 413/625/36 409/604/94 436/603/14
f 442/598/9 448/656/67 417/668/80
f 448/659/70 444/661/72 415/602/92
f 437/595/6 440/654/65 447/669/81
f 440/651/62 436/603/14 444/661/72
f 421/634/45 435/648/59 441/650/61
f 441/671/83 437/595/6 422/594/5
f 428/597/8 434/642/115 445/672/84
f 445/658/69 434/1453/85 430/645/56
f 423/592/3 426/640/122 433/643/123
f 426/673/86 422/594/5 430/645/56
f 421/634/45 427/636/47 396/674/87
f 427/639/104 423/592/3 394/591/90
f 401/615/26 403/617/28 431/675/88
f 403/612/23 400/614/99 429/590/1
f 435/648/59 421/634/45 393/605/16
f 457/676/124 458/676/141 450/676/125
f 458/676/126 459/676/143 451/676/127
f 459/676/128 460/676/145 452/676/129
f 460/676/130 461/676/147 453/676/131
f 453/676/132 461/676/148 462/676/133
f 454/676/134 462/676/150 463/676/135
f 455/676/136 463/676/152 464/676/137
f 456/676/138 464/676/154 457/676/139
f 465/676/140 466/676/157 458/676/141
f 466/676/142 467/676/159 459/676/143
f 467/676/144 468/676/161 460/676/145
f 468/676/146 469/676/163 461/676/147
f 461/676/148 469/676/164 470/676/149
f 462/676/150 470/676/166 471/676/151
f 463/676/152 471/676/168 472/676/153
f 464/676/154 472/676/170 465/676/155
f 473/676/156 474/676/173 466/676/157
f 474/676/158 475/676/175 467/676/159
f 475/676/160 476/676/177 468/676/161
f 476/676/162 477/676/179 469/676/163
f 469/676/164 477/676/180 478/676/165
f 470/676/166 478/676/182 479/676/167
f 471/676/168 479/676/184 480/676/169
f 472/676/170 480/676/186 473/676/171
f 481/676/172 482/676/189 474/676/173
f 482/676/174 483/676/191 475/676/175
f 483/676/176 484/676/193 476/676/177
f 484/676/178 485/676/195 477/676/179
f 477/676/180 485/676/196 486/676/181
f 478/676/182 486/676/198 487/676/183
f 479/676/184 487/676/200 488/676/185
f 480/676/186 488/676/202 481/676/187
f 489/676/188 490/676/205 482/676/189
f 490/676/190 491/676/207 483/676/191
f 491/676/192 492/676/209 484/676/193
f 492/676/194 493/676/211 485/676/195
f 485/676/196 493/676/212 494/676/197
f 486/676/198 494/676/214 495/676/199
f 487/676/200 495/676/216 496/676/201
f 488/676/202 496/676/218 489/676/203
f 497/676/204 498/676/221 490/676/205
f 498/676/206 499/676/223 491/676/207
f 499/676/208 500/676/225 492/676/209
f 500/676/210 501/676/227 493/676/211
f 493/676/212 501/676/228 502/676/213
f 494/676/214 502/676/230 503/676/215
f 495/676/216 503/676/232 504/676/217
f 496/676/218 504/676/234 497/676/219
f 505/676/220 506/676/237 498/676/221
f 506/676/222 507/676/239 499/676/223
f 507/676/224 508/676/241 500/676/225
f 508/676/226 509/676/243 501/676/227
f 501/676/228 509/676/244 510/676/229
f 502/676/230 510/676/246 511/676/231
f 503/676/232 511/676/248 512/676/233
f 504/676/234 512/676/250 505/676/235
f 513/676/236 514/676/253 506/676/237
f 514/676/238 515/676/255 507/676/239
f 515/676/240 516/676/257 508/676/241
f 516/676/242 517/676/259 509/676/243
f 509/676/244 517/676/260 518/676/245
f 510/676/246 518/676/262 519/676/247
f 511/676/248 519/676/264 520/676/249
f 512/676/250 520/676/266 513/676/251
f 521/676/252 522/676/269 514/676/253
f 522/676/254 523/676/271 515/676/255
f 523/676/256 524/676/273 516/676/257
f 524/676/258 525/676/275 517/676/259
f 517/676/260 525/676/276 526/676/261
f 518/676/262 526/676/278 527/676/263
f 519/676/264 527/676/280 528/676/265
f 520/676/266 528/676/282 521/676/267
f 529/676/268 530/676/268 522/676/269
f 530/676/270 531/676/270 523/676/271
f 531/676/272 532/676/272 524/676/273
f 532/676/274 533/676/274 525/676/275
f 525/676/276 533/676/277 534/676/277
f 526/676/278 534/676/279 535/676/279
f 527/676/280 535/676/281 536/676/281
f 528/676/282 536/676/283 529/676/283
f 529/676/268 537/676/292 538/676/284
f 530/676/270 538/676/294 539/676/285
f 531/676/272 539/676/296 540/676/286
f 532/676/274 540/676/298 541/676/287
f 541/676/288 542/676/301 534/676/277
f 542/676/289 543/676/303 535/676/279
f 543/676/290 544/676/305 536/676/281
f 544/676/291 537/676/307 529/676/283
f 537/676/292 545/676/308 546/676/293
f 538/676/294 546/676/310 547/676/295
f 539/676/296 547/676/312 548/676/297
f 540/676/298 548/676/314 549/676/299
f 549/676/300 550/676/317 542/676/301
f 550/676/302 551/676/319 543/676/303
f 551/676/304 552/676/321 544/676/305
f 552/676/306 545/676/323 537/676/307
f 545/676/308 553/676/324 554/676/309
f 546/676/310 554/676/326 555/676/311
f 547/676/312 555/676/328 556/676/313
f 548/676/314 556/676/330 557/676/315
f 557/676/316 558/676/333 550/676/317
f 558/676/318 559/676/335 551/676/319
f 559/676/320 560/676/337 552/676/321
f 560/676/322 553/676/339 545/676/323
f 553/676/324 561/676/340 562/676/325
f 554/676/326 562/676/342 563/676/327
f 555/676/328 563/676/344 564/676/329
f 556/676/330 564/676/346 565/676/331
f 565/676/332 566/676/349 558/676/333
f 566/676/334 567/676/351 559/676/335
f 567/676/336 568/676/353 560/676/337
f 568/676/338 561/676/355 553/676/339
f 561/676/340 569/676/356 570/676/341
f 562/676/342 570/676/358 571/676/343
f 563/676/344 571/676/360 572/676/345
f 564/676/346 572/676/362 573/676/347
f 573/676/348 574/676/365 566/676/349
f 574/676/350 575/676/367 567/676/351
f 575/676/352 576/676/369 568/676/353
f 576/676/354 569/676/371 561/676/355
f 569/676/356 577/676/372 578/676/357
f 570/676/358 578/676/374 579/676/359
f 571/676/360 579/676/376 580/676/361
f 572/676/362 580/676/378 581/676/363
f 581/676/364 582/676/381 574/676/365
f 582/676/366 583/676/383 575/676/367
f 583/676/368 584/676/385 576/676/369
f 584/676/370 577/676/387 569/676/371
f 577/676/372 585/676/388 586/676/373
f 578/676/374 586/676/390 587/676/375
f 579/676/376 587/676/392 588/676/377
f 580/676/378 588/676/394 589/676/379
f 589/676/380 590/676/397 582/676/381
f 590/676/382 591/676/399 583/676/383
f 591/676/384 592/676/401 584/676/385
f 592/676/386 585/676/403 577/676/387
f 585/676/388 593/676/404 594/676/389
f 586/676/390 594/676/406 595/676/391
f 587/676/392 595/676/408 596/676/393
f 588/676/394 596/676/410 597/676/395
f 597/676/396 598/676/413 590/676/397
f 598/676/398 599/676/415 591/676/399
f 599/676/400 600/676/417 592/676/401
f 600/676/402 593/676/419 585/676/403
f 593/676/404 601/676/420 602/676/405
f 594/676/406 602/676/421 603/676/407
f 595/676/408 603/676/422 604/676/409
f 596/676/410 604/676/423 605/676/411
f 605/676/412 606/676/424 598/676/413
f 606/676/414 607/676/425 599/676/415
f 607/676/416 608/676/426 600/676/417
f 608/676/418 601/676/427 593/676/419
f 601/676/420 609/676/131 610/676/131
f 602/676/421 610/676/129 611/676/129
f 603/676/422 611/676/127 612/676/127
f 604/676/423 612/676/125 613/676/125
f 613/676/138 614/676/138 606/676/424
f 614/676/136 615/676/136 607/676/425
f 615/676/134 616/676/134 608/676/426
f 616/676/132 609/676/132 601/676/427
f 617/676/130 618/676/147 610/676/131
f 618/676/128 619/676/145 611/676/129
f 619/676/126 620/676/143 612/676/127
f 620/676/124 621/676/141 613/676/125
f 613/676/138 621/676/154 622/676/139
f 614/676/136 622/676/152 623/676/137
f 615/676/134 623/676/150 624/676/135
f 616/676/132 624/676/148 617/676/133
f 625/676/146 626/676/163 618/676/147
f 626/676/144 627/676/161 619/676/145
f 627/676/142 628/676/159 620/676/143
f 628/676/140 629/676/157 621/676/141
f 621/676/154 629/676/170 630/676/155
f 622/676/152 630/676/168 631/676/153
f 623/676/150 631/676/166 632/676/151
f 624/676/148 632/676/164 625/676/149
f 633/676/162 634/676/179 626/676/163
f 634/676/160 635/676/177 627/676/161
f 635/676/158 636/676/175 628/676/159
f 636/676/156 637/676/173 629/676/157
f 629/676/170 637/676/186 638/676/171
f 630/676/168 638/676/184 639/676/169
f 631/676/166 639/676/182 640/676/167
f 632/676/164 640/676/180 633/676/165
f 641/676/178 642/676/195 634/676/179
f 642/676/176 643/676/193 635/676/177
f 643/676/174 644/676/191 636/676/175
f 644/676/172 645/676/189 637/676/173
f 637/676/186 645/676/202 646/676/187
f 638/676/184 646/676/200 647/676/185
f 639/676/182 647/676/198 648/676/183
f 640/676/180 648/676/196 641/676/181
f 649/676/194 650/676/211 642/676/195
f 650/676/192 651/676/209 643/676/193
f 651/676/190 652/676/207 644/676/191
f 652/676/188 653/676/205 645/676/189
f 645/676/202 653/676/218 654/676/203
f 646/676/200 654/676/216 655/676/201
f 647/676/198 655/676/214 656/676/199
f 648/676/196 656/676/212 649/676/197
f 657/676/210 658/676/227 650/676/211
f 658/676/208 659/676/225 651/676/209
f 659/676/206 660/676/223 652/676/207
f 660/676/204 661/676/221 653/676/205
f 653/676/218 661/676/234 662/676/219
f 654/676/216 662/676/232 663/676/217
f 655/676/214 663/676/230 664/676/215
f 656/676/212 664/676/228 657/676/213
f 665/676/226 666/676/243 658/676/227
f 666/676/224 667/676/241 659/676/225
f 667/676/222 668/676/239 660/676/223
f 668/676/220 669/676/237 661/676/221
f 661/676/234 669/676/250 670/676/235
f 662/676/232 670/676/248 671/676/233
f 663/676/230 671/676/246 672/676/231
f 664/676/228 672/676/244 665/676/229
f 673/676/242 674/676/259 666/676/243
f 674/676/240 675/676/257 667/676/241
f 675/676/238 676/676/255 668/676/239
f 676/676/236 677/676/253 669/676/237
f 669/676/250 677/676/266 678/676/251
f 670/676/248 678/676/264 679/676/249
f 671/676/246 679/676/262 680/676/247
f 672/676/244 680/676/260 673/676/245
f 681/676/258 682/676/275 674/676/259
f 682/676/256 683/676/273 675/676/257
f 683/676/254 684/676/271 676/676/255
f 684/676/252 685/676/269 677/676/253
f 677/676/266 685/676/282 686/676/267
f 678/676/264 686/676/280 687/676/265
f 679/676/262 687/676/278 688/676/263
f 680/676/260 688/676/276 681/676/261
f 689/676/274 690/676/274 682/676/275
f 690/676/272 691/676/272 683/676/273
f 691/676/270 692/676/270 684/676/271
f 692/676/268 693/676/268 685/676/269
f 685/676/282 693/676/283 694/676/283
f 686/676/280 694/676/281 695/676/281
f 687/676/278 695/676/279 696/676/279
f 688/676/276 696/676/277 689/676/277
f 689/676/274 697/676/298 698/676/287
f 690/676/272 698/676/296 699/676/286
f 691/676/270 699/676/294 700/676/285
f 692/676/268 700/676/292 701/676/284
f 701/676/291 702/676/307 694/676/283
f 702/676/290 703/676/305 695/676/281
f 703/676/289 704/676/303 696/676/279
f 704/676/288 697/676/301 689/676/277
f 697/676/298 705/676/314 706/676/299
f 698/676/296 706/676/312 707/676/297
f 699/676/294 707/676/310 708/676/295
f 700/676/292 708/676/308 709/676/293
f 709/676/306 710/676/323 702/676/307
f 710/676/304 711/676/321 703/676/305
f 711/676/302 712/676/319 704/676/303
f 712/676/300 705/676/317 697/676/301
f 705/676/314 713/676/330 714/676/315
f 706/676/312 714/676/328 715/676/313
f 707/676/310 715/676/326 716/676/311
f 708/676/308 716/676/324 717/676/309
f 717/676/322 718/676/339 710/676/323
f 718/676/320 719/676/337 711/676/321
f 719/676/318 720/676/335 712/676/319
f 720/676/316 713/676/333 705/676/317
f 713/676/330 721/676/346 722/676/331
f 714/676/328 722/676/344 723/676/329
f 715/676/326 723/676/342 724/676/327
f 716/676/324 724/676/340 725/676/325
f 725/676/338 726/676/355 718/676/339
f 726/676/336 727/676/353 719/676/337
f 727/676/334 728/676/351 720/676/335
f 728/676/332 721/676/349 713/676/333
f 721/676/346 729/676/362 730/676/347
f 722/676/344 730/676/360 731/676/345
f 723/676/342 731/676/358 732/676/343
f 724/676/340 732/676/356 733/676/341
f 733/676/354 734/676/371 726/676/355
f 734/676/352 735/676/369 727/676/353
f 735/676/350 736/676/367 728/676/351
f 736/676/348 729/676/365 721/676/349
f 729/676/362 737/676/378 738/676/363
f 730/676/360 738/676/376 739/676/361
f 731/676/358 739/676/374 740/676/359
f 732/676/356 740/676/372 741/676/357
f 741/676/370 742/676/387 734/676/371
f 742/676/368 743/676/385 735/676/369
f 743/676/366 744/676/383 736/676/367
f 744/676/364 737/676/381 729/676/365
f 737/676/378 745/676/394 746/676/379
f 738/676/376 746/676/392 747/676/377
f 739/676/374 747/676/390 748/676/375
f 740/676/372 748/676/388 749/676/373
f 749/676/386 750/676/403 742/676/387
f 750/676/384 751/676/401 743/676/385
f 751/676/382 752/676/399 744/676/383
f 752/676/380 745/676/397 737/676/381
f 745/676/394 753/676/410 754/676/395
f 746/676/392 754/676/408 755/676/393
f 747/676/390 755/676/406 756/676/391
f 748/676/388 756/676/404 757/676/389
f 757/676/402 758/676/419 750/676/403
f 758/676/400 759/676/428 751/676/401
f 759/676/398 760/676/415 752/676/399
f 760/676/396 753/676/413 745/676/397
f 753/676/410 761/676/423 762/676/411
f 754/676/408 762/676/422 763/676/409
f 755/676/406 763/676/421 764/676/407
f 756/676/404 764/676/420 765/676/405
f 765/676/418 766/676/427 758/676/419
f 766/676/416 767/676/426 759/676/428
f 767/676/414 768/676/425 760/676/415
f 768/676/412 761/676/424 753/676/413
f 761/676/423 449/676/125 450/676/125
f 762/676/422 450/676/127 451/676/127
f 763/676/421 451/676/129 452/676/129
f 764/676/420 452/676/131 453/676/131
f 453/676/132 454/676/132 766/676/427
f 454/676/134 455/676/134 767/676/426
f 455/676/136 456/676/136 768/676/425
f 456/676/138 449/676/138 761/676/424
f 973/914/1 944/938/99 938/915/90
f 987/917/4 974/969/56 966/918/5
f 958/920/7 945/939/26 972/921/8
f 946/923/10 960/955/42 952/924/11
f 959/926/92 988/985/72 980/927/14
f 937/929/16 940/997/87 941/930/95
f 942/932/96 941/1463/653 940/933/97
f 939/925/12 943/987/74 941/934/21
f 947/936/98 948/1464/654 950/937/24
f 945/939/26 949/988/111 948/940/100
f 946/923/10 950/1137/75 948/942/29
f 951/944/31 954/986/73 955/945/101
f 952/924/11 956/989/78 955/947/34
f 957/949/36 955/1465/678 956/950/37
f 958/920/7 961/991/80 962/951/102
f 963/953/40 962/1466/656 961/954/41
f 960/955/42 964/1467/77 962/956/43
f 965/958/45 968/993/82 969/959/46
f 966/918/5 970/996/86 969/961/48
f 971/963/50 969/1468/665 970/964/51
f 972/921/8 975/998/88 976/965/105
f 977/967/54 976/1469/666 975/968/55
f 974/969/56 978/995/85 976/970/57
f 979/972/59 982/990/79 983/973/60
f 984/975/62 983/1470/669 982/976/63
f 981/919/6 985/1471/83 983/977/64
f 986/922/9 989/994/84 990/979/66
f 987/917/4 991/992/81 990/981/68
f 992/983/70 990/1472/660 991/984/71
f 951/944/31 937/929/16 943/931/18
f 943/987/74 939/925/12 952/924/11
f 944/938/99 950/937/24 942/932/96
f 942/935/22 950/1137/75 946/923/10
f 958/920/7 964/952/114 949/988/111
f 949/943/30 964/1467/77 960/955/42
f 959/926/92 953/928/94 956/950/37
f 956/989/78 952/924/11 960/955/42
f 979/972/59 951/944/31 957/946/33
f 957/949/36 953/928/94 980/927/14
f 958/920/7 986/922/9 992/980/67
f 992/983/70 988/985/72 959/926/92
f 987/917/4 981/919/6 984/978/65
f 984/975/62 980/927/14 988/985/72
f 979/972/59 985/974/61 968/993/82
f 968/962/49 985/1471/83 981/919/6
f 986/922/9 972/921/8 978/966/53
f 978/995/85 974/969/56 987/917/4
f 973/914/1 967/916/3 970/964/51
f 970/996/86 966/918/5 974/969/56
f 937/929/16 965/958/45 971/960/47
f 971/963/50 967/916/3 938/915/90
f 972/921/8 945/939/26 947/941/28
f 947/936/98 944/938/99 973/914/1
f 979/972/59 965/958/45 937/929/16
f 1085/1084/1 1056/1103/99 1050/1085/90
f 1099/1087/4 1086/1124/56 1078/1088/5
f 1070/1090/7 1057/1104/26 1084/1091/8
f 1058/1093/10 1072/1115/42 1064/1094/11
f 1071/1096/92 1100/1135/72 1092/1097/14
f 1049/1014/16 1052/1082/87 1053/1015/95
f 1054/1099/96 1053/1484/653 1052/1100/97
f 1051/1095/12 1055/1136/74 1053/1101/21
f 1059/1021/98 1060/1485/654 1062/1102/24
f 1057/1104/26 1061/1138/111 1060/1105/100
f 1058/1093/10 1062/1137/75 1060/1107/29
f 1063/1029/31 1066/1071/118 1067/1030/101
f 1064/1094/11 1068/989/78 1067/1109/34
f 1069/1111/36 1067/1486/655 1068/1112/37
f 1070/1090/7 1073/1139/80 1074/1113/102
f 1075/967/40 1074/1487/679 1073/1039/41
f 1072/1115/42 1076/1488/77 1074/1116/43
f 1077/1043/45 1080/1079/82 1081/1044/103
f 1078/1088/5 1082/1489/86 1081/1117/48
f 1083/1119/50 1081/1490/665 1082/1120/51
f 1084/1091/8 1087/1143/88 1088/1121/52
f 1089/1123/54 1088/1491/666 1087/1053/55
f 1086/1124/56 1090/1142/85 1088/1125/57
f 1091/1057/59 1094/1076/79 1095/1058/107
f 1096/932/62 1095/1492/667 1094/1127/63
f 1093/1089/6 1097/1493/83 1095/1128/64
f 1098/1092/9 1101/1141/84 1102/1130/66
f 1099/1087/4 1103/1140/81 1102/1132/68
f 1104/1068/70 1102/1494/680 1103/1134/71
f 1063/1029/31 1049/1014/16 1055/1016/18
f 1055/1136/74 1051/1095/12 1064/1094/11
f 1050/1085/90 1056/1103/99 1062/1102/24
f 1062/1137/75 1058/1093/10 1051/1095/12
f 1070/1090/7 1076/1114/114 1061/1138/111
f 1061/1108/30 1076/1488/77 1072/1115/42
f 1065/1098/94 1068/1112/37 1075/967/40
f 1075/957/44 1068/989/78 1064/1094/11
f 1091/1057/59 1063/1029/31 1069/1031/33
f 1069/1111/36 1065/1098/94 1092/1097/14
f 1070/1090/7 1098/1092/9 1104/1131/67
f 1104/1068/70 1100/1135/72 1071/1096/92
f 1093/1089/6 1096/1129/65 1103/1140/81
f 1103/1134/71 1096/932/62 1092/1097/14
f 1091/1057/59 1097/1059/116 1080/1079/82
f 1080/1118/49 1097/1493/83 1093/1089/6
f 1098/1092/9 1084/1091/8 1090/1122/115
f 1090/1142/85 1086/1124/56 1099/1087/4
f 1079/1086/3 1082/1120/51 1089/1123/54
f 1089/1126/58 1082/1489/86 1078/1088/5
f 1049/1014/16 1077/1043/45 1083/1045/47
f 1083/1119/50 1079/1086/3 1050/1085/90
f 1084/1091/8 1057/1104/26 1059/1106/28
f 1059/1021/98 1056/1103/99 1085/1084/1
f 1091/1057/59 1077/1043/45 1049/1014/16
f 1141/1144/1 1112/1168/99 1106/1145/90
f 1155/1147/4 1142/1199/56 1134/1148/5
f 1126/1150/7 1113/1169/26 1140/1151/8
f 1114/1153/10 1128/1185/42 1120/1154/11
f 1127/1156/92 1156/1215/72 1148/1157/14
f 1105/1159/16 1108/1227/87 1109/1160/95
f 1110/1162/96 1109/1495/653 1108/1163/97
f 1107/1155/12 1111/1217/74 1109/1164/21
f 1115/1166/98 1116/1496/654 1118/1167/24
f 1113/1169/26 1117/1218/111 1116/1170/27
f 1114/1153/10 1118/1497/75 1116/1172/29
f 1119/1174/31 1122/1216/73 1123/1175/101
f 1120/1154/11 1124/1219/78 1123/1177/34
f 1125/1179/36 1123/1498/678 1124/1180/37
f 1126/1150/7 1129/1221/80 1130/1181/38
f 1131/1183/40 1130/1499/656 1129/1184/41
f 1128/1185/42 1132/1500/77 1130/1186/43
f 1133/1188/45 1136/1223/82 1137/1189/46
f 1134/1148/5 1138/1226/86 1137/1191/48
f 1139/1193/50 1137/1501/665 1138/1194/51
f 1140/1151/8 1143/1228/88 1144/1195/52
f 1145/1197/54 1144/1502/666 1143/1198/55
f 1142/1199/56 1146/1225/85 1144/1200/57
f 1147/1202/59 1150/1220/79 1151/1203/60
f 1152/1205/62 1151/1503/669 1150/1206/63
f 1149/1149/6 1153/1504/83 1151/1207/64
f 1154/1152/9 1157/1224/120 1158/1209/66
f 1155/1147/4 1159/1222/81 1158/1211/68
f 1160/1213/70 1158/1505/660 1159/1214/71
f 1119/1174/31 1105/1159/16 1111/1161/18
f 1111/1217/74 1107/1155/12 1120/1154/11
f 1112/1168/99 1118/1167/24 1110/1162/96
f 1110/1165/22 1118/1497/75 1114/1153/10
f 1126/1150/7 1132/1182/114 1117/1218/111
f 1117/1173/30 1132/1500/77 1128/1185/42
f 1127/1156/92 1121/1158/94 1124/1180/37
f 1124/1219/78 1120/1154/11 1128/1185/42
f 1147/1202/59 1119/1174/31 1125/1176/33
f 1125/1179/36 1121/1158/94 1148/1157/14
f 1126/1150/7 1154/1152/9 1160/1210/67
f 1160/1213/70 1156/1215/72 1127/1156/92
f 1155/1147/4 1149/1149/6 1152/1208/65
f 1152/1205/62 1148/1157/14 1156/1215/72
f 1147/1202/59 1153/1204/61 1136/1223/82
f 1136/1192/49 1153/1504/83 1149/1149/6
f 1154/1152/9 1140/1151/8 1146/1196/53
f 1146/1225/85 1142/1199/56 1155/1147/4
f 1141/1144/1 1135/1146/3 1138/1194/51
f 1138/1226/86 1134/1148/5 1142/1199/56
f 1105/1159/16 1133/1188/45 1139/1190/47
f 1139/1193/50 1135/1146/3 1106/1145/90
f 1113/1169/26 1115/1171/28 1143/1228/88
f 1143/1198/55 1115/1166/98 1112/1168/99
f 1147/1202/59 1133/1188/45 1105/1159/16
f 1253/1315/1 1224/1336/99 1218/1316/90
f 1267/1318/4 1254/1360/56 1246/1319/5
f 1238/972/7 1225/958/26 1252/929/8
f 1226/1321/10 1240/1348/42 1232/1322/11
f 1239/1324/92 1268/1373/72 1260/1325/14
f 1217/1327/16 1220/1382/87 1221/1328/17
f 1222/1330/96 1221/1516/653 1220/1331/97
f 1219/1323/12 1223/1375/74 1221/1332/21
f 1227/1334/98 1228/1517/654 1230/1335/24
f 1225/958/26 1229/1377/76 1228/1337/100
f 1226/1321/10 1230/1376/75 1228/1339/29
f 1231/1340/31 1234/1374/73 1235/1341/101
f 1232/1322/11 1236/1518/78 1235/1343/34
f 1237/963/36 1235/1468/655 1236/1345/37
f 1238/972/7 1241/990/80 1242/973/102
f 1243/1346/40 1242/1519/679 1241/1347/41
f 1240/1348/42 1244/1477/77 1242/1349/43
f 1245/1351/45 1248/1380/82 1249/1352/46
f 1246/1319/5 1250/1520/86 1249/1354/48
f 1251/1356/50 1249/1521/665 1250/1357/51
f 1252/929/8 1255/997/88 1256/930/52
f 1257/1358/54 1256/1522/666 1255/1359/55
f 1254/1360/56 1258/1381/85 1256/1361/57
f 1259/1363/59 1262/1378/79 1263/1364/60
f 1264/1366/62 1263/1463/667 1262/933/63
f 1261/1320/6 1265/1523/83 1263/1367/64
f 1266/944/9 1269/986/120 1270/945/66
f 1267/1318/4 1271/1379/81 1270/1369/68
f 1272/1371/70 1270/1524/680 1271/1372/71
f 1231/1340/31 1217/1327/16 1223/1329/18
f 1223/1375/74 1219/1323/12 1232/1322/11
f 1218/1316/90 1224/1336/99 1230/1335/24
f 1230/1376/75 1226/1321/10 1219/1323/12
f 1238/972/7 1244/974/114 1229/1377/76
f 1229/1028/30 1244/1477/77 1240/1348/42
f 1233/1326/94 1236/1345/37 1243/1346/40
f 1243/1350/44 1236/1518/78 1232/1322/11
f 1259/1363/59 1231/1340/31 1237/1342/33
f 1237/963/36 1233/1326/94 1260/1325/14
f 1238/972/7 1266/944/9 1272/946/67
f 1272/1371/70 1268/1373/72 1239/1324/92
f 1261/1320/6 1264/1368/65 1271/1379/81
f 1271/1372/71 1264/1366/62 1260/1325/14
f 1259/1363/59 1265/1365/116 1248/1380/82
f 1248/1355/49 1265/1523/83 1261/1320/6
f 1266/944/9 1252/929/8 1258/931/53
f 1258/1381/85 1254/1360/56 1267/1318/4
f 1247/1317/3 1250/1357/51 1257/1358/54
f 1257/1362/58 1250/1520/86 1246/1319/5
f 1217/1327/16 1245/1351/45 1251/1353/47
f 1251/1356/50 1247/1317/3 1218/1316/90
f 1225/958/26 1227/1338/28 1255/997/88
f 1255/1359/55 1227/1334/98 1224/1336/99
f 1259/1363/59 1245/1351/45 1217/1327/16
usemtl GoalScoreCore
f 935/677/429 770/678/430 932/679/431
f 785/680/432 788/681/433 782/682/434
f 791/683/435 794/684/436 788/685/433
f 797/686/437 800/687/438 794/684/436
f 803/688/439 806/689/440 800/687/438
f 809/690/441 812/691/442 806/689/440
f 815/692/443 818/693/444 812/691/442
f 821/694/445 824/695/446 818/693/444
f 827/696/447 830/697/448 824/695/446
f 833/698/449 836/699/450 830/700/448
f 839/701/451 842/702/452 836/699/450
f 845/703/453 848/704/454 842/702/452
f 851/705/455 854/706/456 848/704/454
f 857/707/457 860/708/458 854/706/456
f 863/709/459 866/710/460 860/708/458
f 869/711/461 872/712/462 866/710/460
f 875/713/463 878/714/464 872/715/462
f 881/716/465 884/717/466 878/714/464
f 887/718/467 890/719/468 884/717/466
f 893/720/469 896/721/470 890/719/468
f 899/722/471 902/723/472 896/721/470
f 905/724/473 908/725/474 902/723/472
f 911/726/475 914/727/476 908/725/474
f 917/728/477 920/729/478 914/727/476
f 923/730/479 926/731/480 920/732/478
f 929/733/481 932/679/431 926/731/480
f 779/734/482 782/682/434 776/735/483
f 904/736/484 856/737/485 808/738/486
f 773/739/487 776/735/483 770/678/430
f 770/678/430 777/740/488 771/741/489
f 771/742/490 775/743/491 769/744/492
f 773/739/487 780/745/493 779/734/482
f 774/746/494 778/747/495 780/748/496
f 776/735/483 783/749/497 777/740/488
f 777/750/498 781/751/499 775/743/491
f 779/734/482 786/752/500 785/680/432
f 780/748/496 784/753/501 786/754/502
f 782/682/434 789/755/503 783/749/497
f 783/756/504 787/757/505 781/751/499
f 785/680/432 792/758/506 791/759/435
f 786/754/502 790/760/507 792/761/508
f 788/685/433 795/762/509 789/763/503
f 789/764/510 793/765/511 787/757/505
f 791/683/435 798/766/512 797/686/437
f 792/761/508 796/767/513 798/768/514
f 794/684/436 801/769/515 795/762/509
f 795/770/516 799/771/517 793/765/511
f 797/686/437 804/772/518 803/688/439
f 798/768/514 802/773/519 804/774/520
f 800/687/438 807/775/521 801/769/515
f 801/776/522 805/777/523 799/771/517
f 803/688/439 810/778/524 809/690/441
f 804/774/520 808/738/486 810/779/525
f 806/689/440 813/780/526 807/775/521
f 807/781/527 811/782/528 805/777/523
f 809/690/441 816/783/529 815/692/443
f 810/779/525 814/784/530 816/785/531
f 818/693/444 813/780/526 812/691/442
f 819/786/532 811/782/528 813/787/533
f 821/694/445 816/783/529 822/788/534
f 822/789/535 814/784/530 820/790/536
f 824/695/446 819/791/537 818/693/444
f 825/792/538 817/793/539 819/786/532
f 827/696/447 822/788/534 828/794/540
f 828/795/541 820/790/536 826/796/542
f 830/697/448 825/797/543 824/695/446
f 831/798/544 823/799/545 825/792/538
f 833/800/449 828/794/540 834/801/546
f 834/802/547 826/796/542 832/803/548
f 836/699/450 831/804/549 830/700/448
f 837/805/550 829/806/551 831/798/544
f 839/701/451 834/807/546 840/808/552
f 840/809/553 832/803/548 838/810/554
f 842/702/452 837/811/555 836/699/450
f 843/812/556 835/813/557 837/805/550
f 845/703/453 840/808/552 846/814/558
f 846/815/559 838/810/554 844/816/560
f 848/704/454 843/817/561 842/702/452
f 849/818/562 841/819/563 843/812/556
f 851/705/455 846/814/558 852/820/564
f 852/821/565 844/816/560 850/822/566
f 854/706/456 849/823/567 848/704/454
f 855/824/568 847/825/569 849/818/562
f 857/707/457 852/820/564 858/826/570
f 858/827/571 850/822/566 856/737/485
f 854/706/456 861/828/572 855/829/573
f 855/824/568 859/830/574 853/831/575
f 857/707/457 864/832/576 863/709/459
f 858/827/571 862/833/577 864/834/578
f 860/708/458 867/835/579 861/828/572
f 861/836/580 865/837/581 859/830/574
f 863/709/459 870/838/582 869/711/461
f 864/834/578 868/839/583 870/840/584
f 866/710/460 873/841/585 867/835/579
f 867/842/586 871/843/587 865/837/581
f 869/711/461 876/844/588 875/845/463
f 870/840/584 874/846/589 876/847/590
f 872/712/462 879/848/591 873/841/585
f 873/849/592 877/850/593 871/843/587
f 875/845/463 882/851/594 881/852/465
f 876/847/590 880/853/595 882/854/596
f 878/714/464 885/855/597 879/856/591
f 879/857/598 883/858/599 877/850/593
f 881/716/465 888/859/600 887/718/467
f 882/854/596 886/860/601 888/861/602
f 884/717/466 891/862/603 885/855/597
f 885/863/604 889/864/605 883/858/599
f 887/718/467 894/865/606 893/720/469
f 888/861/602 892/866/607 894/867/608
f 890/719/468 897/868/609 891/862/603
f 891/869/610 895/870/611 889/864/605
f 893/720/469 900/871/612 899/722/471
f 894/867/608 898/872/613 900/873/614
f 902/723/472 897/868/609 896/721/470
f 903/874/615 895/870/611 897/875/616
f 905/724/473 900/871/612 906/876/617
f 906/877/618 898/872/613 904/736/484
f 908/725/474 903/878/619 902/723/472
f 909/879/620 901/880/621 903/874/615
f 911/726/475 906/876/617 912/881/622
f 912/882/623 904/736/484 910/883/624
f 914/727/476 909/884/625 908/725/474
f 915/885/626 907/886/627 909/879/620
f 917/728/477 912/881/622 918/887/628
f 918/888/629 910/883/624 916/889/630
f 920/732/478 915/890/631 914/891/476
f 921/892/632 913/893/633 915/885/626
f 923/730/479 918/894/628 924/895/634
f 924/896/635 916/889/630 922/897/636
f 926/731/480 921/898/637 920/732/478
f 927/899/638 919/900/639 921/892/632
f 929/733/481 924/895/634 930/901/640
f 930/902/641 922/897/636 928/903/642
f 932/679/431 927/904/643 926/731/480
f 933/905/644 925/906/645 927/899/638
f 935/677/429 930/901/640 936/907/646
f 936/908/647 928/903/642 934/909/648
f 770/678/430 933/910/649 932/679/431
f 771/742/490 931/911/650 933/905/644
f 773/739/487 936/907/646 774/912/651
f 774/746/494 934/909/648 772/913/652
f 811/782/528 859/830/574 907/886/627
f 1029/999/1 994/1000/90 1023/1001/3
f 1043/1002/4 1022/1003/5 1037/1004/6
f 1014/1005/7 1028/1006/8 1042/1007/9
f 1002/1008/10 1008/1009/11 995/1010/12
f 1015/1011/92 1036/1012/14 1009/1013/94
f 993/1014/16 997/1015/95 999/1016/18
f 998/1017/96 996/1018/97 994/1000/90
f 995/1010/12 997/1019/21 998/1020/22
f 1003/1021/98 1006/1022/24 1000/1023/99
f 1001/1024/26 1004/1025/100 1003/1026/28
f 1002/1008/10 1004/1027/29 1005/1028/30
f 1007/1029/31 1011/1030/101 1013/1031/33
f 1008/1009/11 1011/1032/34 1010/1033/35
f 1013/1034/36 1012/1035/37 1009/1013/94
f 1014/1005/7 1018/1036/102 1020/1037/39
f 1019/1038/40 1017/1039/41 1015/1011/92
f 1016/1040/42 1018/1041/43 1019/1042/44
f 1021/1043/45 1025/1044/46 1027/1045/47
f 1022/1003/5 1025/1046/48 1024/1047/49
f 1027/1048/50 1026/1049/51 1023/1001/3
f 1028/1006/8 1032/1050/52 1034/1051/53
f 1033/1052/54 1031/1053/55 1029/999/1
f 1030/1054/56 1032/1055/57 1033/1056/58
f 1035/1057/59 1039/1058/60 1041/1059/61
f 1040/1060/62 1038/1061/63 1036/1012/14
f 1037/1004/6 1039/1062/64 1040/1063/65
f 1042/1007/9 1046/1064/66 1048/1065/67
f 1043/1002/4 1046/1066/68 1045/1067/69
f 1048/1068/70 1047/1069/71 1044/1070/72
f 1007/1029/31 999/1016/18 1010/1071/73
f 999/1072/74 1008/1009/11 1010/1033/35
f 1000/1023/99 998/1017/96 994/1000/90
f 1006/1073/75 995/1010/12 998/1020/22
f 1014/1005/7 1005/1074/111 1001/1024/26
f 1005/1028/30 1016/1040/42 1002/1008/10
f 1009/1013/94 1019/1038/40 1015/1011/92
f 1012/1075/78 1016/1040/42 1019/1042/44
f 1035/1057/59 1013/1031/33 1038/1076/79
f 1013/1034/36 1036/1012/14 1038/1061/63
f 1014/1005/7 1048/1065/67 1017/1077/80
f 1048/1068/70 1015/1011/92 1017/1039/41
f 1037/1004/6 1047/1078/81 1043/1002/4
f 1040/1060/62 1044/1070/72 1047/1069/71
f 1035/1057/59 1024/1079/82 1021/1043/45
f 1024/1047/49 1037/1004/6 1022/1003/5
f 1042/1007/9 1034/1051/53 1045/1080/84
f 1034/1081/85 1043/1002/4 1045/1067/69
f 1023/1001/3 1033/1052/54 1029/999/1
f 1033/1056/58 1022/1003/5 1030/1054/56
f 993/1014/16 1027/1045/47 996/1082/87
f 1027/1048/50 994/1000/90 996/1018/97
f 1028/1006/8 1003/1026/28 1031/1083/88
f 1003/1021/98 1029/999/1 1031/1053/55
f 1035/1057/59 993/1014/16 1007/1029/31
f 1197/1229/1 1162/1230/90 1191/1231/3
f 1211/1232/4 1190/1233/5 1205/1234/6
f 1182/1235/7 1196/1236/8 1210/1237/9
f 1170/1238/10 1176/1239/11 1163/1240/12
f 1183/1241/92 1204/1242/14 1177/1243/94
f 1161/1244/16 1165/1245/95 1167/1246/18
f 1166/1247/96 1164/1248/97 1162/1230/90
f 1163/1240/12 1165/1249/21 1166/1250/22
f 1171/1251/98 1174/1252/24 1168/1253/99
f 1169/1254/26 1172/1255/100 1171/1256/28
f 1170/1238/10 1172/1257/29 1173/1258/30
f 1175/1259/31 1179/1260/101 1181/1261/33
f 1176/1239/11 1179/1262/34 1178/1263/35
f 1181/1264/36 1180/1265/37 1177/1243/94
f 1182/1235/7 1186/1266/102 1188/1267/114
f 1187/1268/40 1185/1269/41 1183/1241/92
f 1184/1270/42 1186/1271/43 1187/1272/44
f 1189/1273/45 1193/1274/46 1195/1275/47
f 1190/1233/5 1193/1276/48 1192/1277/49
f 1195/1278/50 1194/1279/51 1191/1231/3
f 1196/1236/8 1200/1280/52 1202/1281/53
f 1201/1282/54 1199/1283/55 1197/1229/1
f 1198/1284/56 1200/1285/57 1201/1286/58
f 1203/1287/59 1207/1288/60 1209/1289/61
f 1208/1290/62 1206/1291/63 1204/1242/14
f 1205/1234/6 1207/1292/64 1208/1293/65
f 1210/1237/9 1214/1294/66 1216/1295/67
f 1211/1232/4 1214/1296/68 1213/1297/69
f 1216/1298/70 1215/1299/71 1212/1300/72
f 1175/1259/31 1167/1246/18 1178/1301/73
f 1167/1302/74 1176/1239/11 1178/1263/35
f 1168/1253/99 1166/1247/96 1162/1230/90
f 1174/1303/75 1163/1240/12 1166/1250/22
f 1182/1235/7 1173/1304/111 1169/1254/26
f 1173/1258/30 1184/1270/42 1170/1238/10
f 1177/1243/94 1187/1268/40 1183/1241/92
f 1180/1305/78 1184/1270/42 1187/1272/44
f 1203/1287/59 1181/1261/33 1206/1306/79
f 1181/1264/36 1204/1242/14 1206/1291/63
f 1182/1235/7 1216/1295/67 1185/1307/80
f 1216/1298/70 1183/1241/92 1185/1269/41
f 1205/1234/6 1215/1308/81 1211/1232/4
f 1208/1290/62 1212/1300/72 1215/1299/71
f 1203/1287/59 1192/1309/82 1189/1273/45
f 1192/1277/49 1205/1234/6 1190/1233/5
f 1210/1237/9 1202/1281/53 1213/1310/84
f 1202/1311/85 1211/1232/4 1213/1297/69
f 1191/1231/3 1201/1282/54 1197/1229/1
f 1194/1312/86 1198/1284/56 1201/1286/58
f 1161/1244/16 1195/1275/47 1164/1313/87
f 1195/1278/50 1162/1230/90 1164/1248/97
f 1169/1254/26 1199/1314/88 1196/1236/8
f 1199/1283/55 1168/1253/99 1197/1229/1
f 1203/1287/59 1161/1244/16 1175/1259/31
f 935/677/429 773/739/487 770/678/430
f 785/680/432 791/759/435 788/681/433
f 791/683/435 797/686/437 794/684/436
f 797/686/437 803/688/439 800/687/438
f 803/688/439 809/690/441 806/689/440
f 809/690/441 815/692/443 812/691/442
f 815/692/443 821/694/445 818/693/444
f 821/694/445 827/696/447 824/695/446
f 827/696/447 833/800/449 830/697/448
f 833/698/449 839/701/451 836/699/450
f 839/701/451 845/703/453 842/702/452
f 845/703/453 851/705/455 848/704/454
f 851/705/455 857/707/457 854/706/456
f 857/707/457 863/709/459 860/708/458
f 863/709/459 869/711/461 866/710/460
f 869/711/461 875/845/463 872/712/462
f 875/713/463 881/716/465 878/714/464
f 881/716/465 887/718/467 884/717/466
f 887/718/467 893/720/469 890/719/468
f 893/720/469 899/722/471 896/721/470
f 899/722/471 905/724/473 902/723/472
f 905/724/473 911/726/475 908/725/474
f 911/726/475 917/728/477 914/727/476
f 917/728/477 923/1456/479 920/729/478
f 923/730/479 929/733/481 926/731/480
f 929/733/481 935/677/429 932/679/431
f 779/734/482 785/680/432 782/682/434
f 784/753/501 778/747/495 772/913/652
f 772/913/652 934/909/648 928/903/642
f 928/903/642 922/897/636 916/889/630
f 916/889/630 910/883/624 904/736/484
f 904/736/484 898/872/613 892/866/607
f 892/866/607 886/860/601 880/853/595
f 880/853/595 874/846/589 868/839/583
f 868/839/583 862/833/577 856/737/485
f 856/737/485 850/822/566 844/816/560
f 844/816/560 838/810/554 832/803/548
f 832/803/548 826/796/542 820/790/536
f 820/790/536 814/784/530 808/738/486
f 808/738/486 802/773/519 796/767/513
f 796/767/513 790/760/507 784/753/501
f 784/753/501 772/913/652 928/903/642
f 928/903/642 916/889/630 904/736/484
f 904/736/484 892/866/607 880/853/595
f 880/853/595 868/839/583 856/737/485
f 856/737/485 844/816/560 832/803/548
f 832/803/548 820/790/536 808/738/486
f 808/738/486 796/767/513 784/753/501
f 784/753/501 928/903/642 904/736/484
f 904/736/484 880/853/595 856/737/485
f 856/737/485 832/803/548 808/738/486
f 808/738/486 784/753/501 904/736/484
f 773/739/487 779/734/482 776/735/483
f 770/678/430 776/735/483 777/740/488
f 771/742/490 777/750/498 775/743/491
f 773/739/487 774/912/651 780/745/493
f 774/746/494 772/913/652 778/747/495
f 776/735/483 782/682/434 783/749/497
f 777/750/498 783/756/504 781/751/499
f 779/734/482 780/745/493 786/752/500
f 780/748/496 778/747/495 784/753/501
f 782/682/434 788/681/433 789/755/503
f 783/756/504 789/764/510 787/757/505
f 785/680/432 786/752/500 792/758/506
f 786/754/502 784/753/501 790/760/507
f 788/685/433 794/684/436 795/762/509
f 789/764/510 795/770/516 793/765/511
f 791/683/435 792/1457/506 798/766/512
f 792/761/508 790/760/507 796/767/513
f 794/684/436 800/687/438 801/769/515
f 795/770/516 801/776/522 799/771/517
f 797/686/437 798/766/512 804/772/518
f 798/768/514 796/767/513 802/773/519
f 800/687/438 806/689/440 807/775/521
f 801/776/522 807/781/527 805/777/523
f 803/688/439 804/772/518 810/778/524
f 804/774/520 802/773/519 808/738/486
f 806/689/440 812/691/442 813/780/526
f 807/781/527 813/787/533 811/782/528
f 809/690/441 810/778/524 816/783/529
f 810/779/525 808/738/486 814/784/530
f 818/693/444 819/791/537 813/780/526
f 819/786/532 817/793/539 811/782/528
f 821/694/445 815/692/443 816/783/529
f 822/789/535 816/785/531 814/784/530
f 824/695/446 825/797/543 819/791/537
f 825/792/538 823/799/545 817/793/539
f 827/696/447 821/694/445 822/788/534
f 828/795/541 822/789/535 820/790/536
f 830/697/448 831/1458/549 825/797/543
f 831/798/544 829/806/551 823/799/545
f 833/800/449 827/696/447 828/794/540
f 834/802/547 828/795/541 826/796/542
f 836/699/450 837/811/555 831/804/549
f 837/805/550 835/813/557 829/806/551
f 839/701/451 833/698/449 834/807/546
f 840/809/553 834/802/547 832/803/548
f 842/702/452 843/817/561 837/811/555
f 843/812/556 841/819/563 835/813/557
f 845/703/453 839/701/451 840/808/552
f 846/815/559 840/809/553 838/810/554
f 848/704/454 849/823/567 843/817/561
f 849/818/562 847/825/569 841/819/563
f 851/705/455 845/703/453 846/814/558
f 852/821/565 846/815/559 844/816/560
f 854/706/456 855/829/573 849/823/567
f 855/824/568 853/831/575 847/825/569
f 857/707/457 851/705/455 852/820/564
f 858/827/571 852/821/565 850/822/566
f 854/706/456 860/708/458 861/828/572
f 855/824/568 861/836/580 859/830/574
f 857/707/457 858/826/570 864/832/576
f 858/827/571 856/737/485 862/833/577
f 860/708/458 866/710/460 867/835/579
f 861/836/580 867/842/586 865/837/581
f 863/709/459 864/832/576 870/838/582
f 864/834/578 862/833/577 868/839/583
f 866/710/460 872/712/462 873/841/585
f 867/842/586 873/849/592 871/843/587
f 869/711/461 870/838/582 876/844/588
f 870/840/584 868/839/583 874/846/589
f 872/712/462 878/1459/464 879/848/591
f 873/849/592 879/857/598 877/850/593
f 875/845/463 876/844/588 882/851/594
f 876/847/590 874/846/589 880/853/595
f 878/714/464 884/717/466 885/855/597
f 879/857/598 885/863/604 883/858/599
f 881/716/465 882/1460/594 888/859/600
f 882/854/596 880/853/595 886/860/601
f 884/717/466 890/719/468 891/862/603
f 885/863/604 891/869/610 889/864/605
f 887/718/467 888/859/600 894/865/606
f 888/861/602 886/860/601 892/866/607
f 890/719/468 896/721/470 897/868/609
f 891/869/610 897/875/616 895/870/611
f 893/720/469 894/865/606 900/871/612
f 894/867/608 892/866/607 898/872/613
f 902/723/472 903/878/619 897/868/609
f 903/874/615 901/880/621 895/870/611
f 905/724/473 899/722/471 900/871/612
f 906/877/618 900/873/614 898/872/613
f 908/725/474 909/884/625 903/878/619
f 909/879/620 907/886/627 901/880/621
f 911/726/475 905/724/473 906/876/617
f 912/882/623 906/877/618 904/736/484
f 914/727/476 915/1461/631 909/884/625
f 915/885/626 913/893/633 907/886/627
f 917/728/477 911/726/475 912/881/622
f 918/888/629 912/882/623 910/883/624
f 920/732/478 921/898/637 915/890/631
f 921/892/632 919/900/639 913/893/633
f 923/730/479 917/1462/477 918/894/628
f 924/896/635 918/888/629 916/889/630
f 926/731/480 927/904/643 921/898/637
f 927/899/638 925/906/645 919/900/639
f 929/733/481 923/730/479 924/895/634
f 930/902/641 924/896/635 922/897/636
f 932/679/431 933/910/649 927/904/643
f 933/905/644 931/911/650 925/906/645
f 935/677/429 929/733/481 930/901/640
f 936/908/647 930/902/641 928/903/642
f 770/678/430 771/741/489 933/910/649
f 771/742/490 769/744/492 931/911/650
f 773/739/487 935/677/429 936/907/646
f 774/746/494 936/908/647 934/909/648
f 931/911/650 769/744/492 775/743/491
f 775/743/491 781/751/499 787/757/505
f 787/757/505 793/765/511 799/771/517
f 799/771/517 805/777/523 811/782/528
f 811/782/528 817/793/539 823/799/545
f 823/799/545 829/806/551 835/813/557
f 835/813/557 841/819/563 847/825/569
f 847/825/569 853/831/575 859/830/574
f 859/830/574 865/837/581 871/843/587
f 871/843/587 877/850/593 883/858/599
f 883/858/599 889/864/605 895/870/611
f 895/870/611 901/880/621 907/886/627
f 907/886/627 913/893/633 919/900/639
f 919/900/639 925/906/645 931/911/650
f 931/911/650 775/743/491 787/757/505
f 787/757/505 799/771/517 811/782/528
f 811/782/528 823/799/545 835/813/557
f 835/813/557 847/825/569 859/830/574
f 859/830/574 871/843/587 883/858/599
f 883/858/599 895/870/611 907/886/627
f 907/886/627 919/900/639 931/911/650
f 931/911/650 787/757/505 811/782/528
f 811/782/528 835/813/557 859/830/574
f 859/830/574 883/858/599 907/886/627
f 907/886/627 931/911/650 811/782/528
f 1029/999/1 1000/1023/99 994/1000/90
f 1043/1002/4 1030/1054/56 1022/1003/5
f 1014/1005/7 1001/1024/26 1028/1006/8
f 1002/1008/10 1016/1040/42 1008/1009/11
f 1015/1011/92 1044/1070/72 1036/1012/14
f 993/1014/16 996/1082/87 997/1015/95
f 998/1017/96 997/1473/653 996/1018/97
f 995/1010/12 999/1072/74 997/1019/21
f 1003/1021/98 1004/1474/654 1006/1022/24
f 1001/1024/26 1005/1074/111 1004/1025/100
f 1002/1008/10 1006/1073/75 1004/1027/29
f 1007/1029/31 1010/1071/73 1011/1030/101
f 1008/1009/11 1012/1075/78 1011/1032/34
f 1013/1034/36 1011/1475/678 1012/1035/37
f 1014/1005/7 1017/1077/80 1018/1036/102
f 1019/1038/40 1018/1476/656 1017/1039/41
f 1016/1040/42 1020/1477/77 1018/1041/43
f 1021/1043/45 1024/1079/82 1025/1044/46
f 1022/1003/5 1026/1478/86 1025/1046/48
f 1027/1048/50 1025/1479/657 1026/1049/51
f 1028/1006/8 1031/1083/88 1032/1050/52
f 1033/1052/54 1032/1480/666 1031/1053/55
f 1030/1054/56 1034/1081/85 1032/1055/57
f 1035/1057/59 1038/1076/79 1039/1058/60
f 1040/1060/62 1039/1481/659 1038/1061/63
f 1037/1004/6 1041/1482/83 1039/1062/64
f 1042/1007/9 1045/1080/84 1046/1064/66
f 1043/1002/4 1047/1078/81 1046/1066/68
f 1048/1068/70 1046/1483/670 1047/1069/71
f 1007/1029/31 993/1014/16 999/1016/18
f 999/1072/74 995/1010/12 1008/1009/11
f 1000/1023/99 1006/1022/24 998/1017/96
f 1006/1073/75 1002/1008/10 995/1010/12
f 1014/1005/7 1020/1037/39 1005/1074/111
f 1005/1028/30 1020/1477/77 1016/1040/42
f 1009/1013/94 1012/1035/37 1019/1038/40
f 1012/1075/78 1008/1009/11 1016/1040/42
f 1035/1057/59 1007/1029/31 1013/1031/33
f 1013/1034/36 1009/1013/94 1036/1012/14
f 1014/1005/7 1042/1007/9 1048/1065/67
f 1048/1068/70 1044/1070/72 1015/1011/92
f 1037/1004/6 1040/1063/65 1047/1078/81
f 1040/1060/62 1036/1012/14 1044/1070/72
f 1035/1057/59 1041/1059/61 1024/1079/82
f 1024/1047/49 1041/1482/83 1037/1004/6
f 1042/1007/9 1028/1006/8 1034/1051/53
f 1034/1081/85 1030/1054/56 1043/1002/4
f 1023/1001/3 1026/1049/51 1033/1052/54
f 1033/1056/58 1026/1478/86 1022/1003/5
f 993/1014/16 1021/1043/45 1027/1045/47
f 1027/1048/50 1023/1001/3 994/1000/90
f 1028/1006/8 1001/1024/26 1003/1026/28
f 1003/1021/98 1000/1023/99 1029/999/1
f 1035/1057/59 1021/1043/45 993/1014/16
f 1197/1229/1 1168/1253/99 1162/1230/90
f 1211/1232/4 1198/1284/56 1190/1233/5
f 1182/1235/7 1169/1254/26 1196/1236/8
f 1170/1238/10 1184/1270/42 1176/1239/11
f 1183/1241/92 1212/1300/72 1204/1242/14
f 1161/1244/16 1164/1313/87 1165/1245/95
f 1166/1247/96 1165/1506/653 1164/1248/97
f 1163/1240/12 1167/1302/74 1165/1249/21
f 1171/1251/98 1172/1507/654 1174/1252/24
f 1169/1254/26 1173/1304/111 1172/1255/100
f 1170/1238/10 1174/1303/75 1172/1257/29
f 1175/1259/31 1178/1301/73 1179/1260/101
f 1176/1239/11 1180/1305/78 1179/1262/34
f 1181/1264/36 1179/1508/663 1180/1265/37
f 1182/1235/7 1185/1307/80 1186/1266/102
f 1187/1268/40 1186/1509/664 1185/1269/41
f 1184/1270/42 1188/1510/77 1186/1271/43
f 1189/1273/45 1192/1309/82 1193/1274/46
f 1190/1233/5 1194/1312/86 1193/1276/48
f 1195/1278/50 1193/1511/665 1194/1279/51
f 1196/1236/8 1199/1314/88 1200/1280/52
f 1201/1282/54 1200/1512/666 1199/1283/55
f 1198/1284/56 1202/1311/85 1200/1285/57
f 1203/1287/59 1206/1306/79 1207/1288/60
f 1208/1290/62 1207/1513/667 1206/1291/63
f 1205/1234/6 1209/1514/83 1207/1292/64
f 1210/1237/9 1213/1310/84 1214/1294/66
f 1211/1232/4 1215/1308/81 1214/1296/68
f 1216/1298/70 1214/1515/680 1215/1299/71
f 1175/1259/31 1161/1244/16 1167/1246/18
f 1167/1302/74 1163/1240/12 1176/1239/11
f 1168/1253/99 1174/1252/24 1166/1247/96
f 1174/1303/75 1170/1238/10 1163/1240/12
f 1182/1235/7 1188/1267/114 1173/1304/111
f 1173/1258/30 1188/1510/77 1184/1270/42
f 1177/1243/94 1180/1265/37 1187/1268/40
f 1180/1305/78 1176/1239/11 1184/1270/42
f 1203/1287/59 1175/1259/31 1181/1261/33
f 1181/1264/36 1177/1243/94 1204/1242/14
f 1182/1235/7 1210/1237/9 1216/1295/67
f 1216/1298/70 1212/1300/72 1183/1241/92
f 1205/1234/6 1208/1293/65 1215/1308/81
f 1208/1290/62 1204/1242/14 1212/1300/72
f 1203/1287/59 1209/1289/61 1192/1309/82
f 1192/1277/49 1209/1514/83 1205/1234/6
f 1210/1237/9 1196/1236/8 1202/1281/53
f 1202/1311/85 1198/1284/56 1211/1232/4
f 1191/1231/3 1194/1279/51 1201/1282/54
f 1194/1312/86 1190/1233/5 1198/1284/56
f 1161/1244/16 1189/1273/45 1195/1275/47
f 1195/1278/50 1191/1231/3 1162/1230/90
f 1169/1254/26 1171/1256/28 1199/1314/88
f 1199/1283/55 1171/1251/98 1168/1253/99
f 1203/1287/59 1189/1273/45 1161/1244/16
