# Blender 4.4.1
# www.blender.org
mtllib resume.mtl
o テキスト
v -2.550075 0.033000 -0.000000
v -2.543783 0.032042 -0.000000
v -2.537408 0.031167 -0.000000
v -2.530950 0.030375 -0.000000
v -2.524408 0.029667 -0.000000
v -2.517783 0.029042 -0.000000
v -2.511075 0.028500 -0.000000
v -2.504283 0.028042 -0.000000
v -2.497408 0.027667 -0.000000
v -2.490450 0.027375 -0.000000
v -2.483408 0.027167 -0.000000
v -2.476284 0.027042 -0.000000
v -2.469075 0.027000 -0.000000
v -2.450073 0.027618 -0.000000
v -2.432140 0.029444 -0.000000
v -2.415388 0.032437 -0.000000
v -2.399927 0.036556 -0.000000
v -2.385870 0.041757 -0.000000
v -2.373325 0.048000 -0.000000
v -2.362406 0.055243 -0.000000
v -2.353223 0.063444 -0.000000
v -2.345888 0.072563 -0.000000
v -2.340510 0.082556 -0.000000
v -2.337203 0.093382 -0.000000
v -2.336075 0.105000 -0.000000
v -2.336790 0.113612 -0.000000
v -2.338876 0.121894 -0.000000
v -2.342247 0.129766 -0.000000
v -2.346816 0.137148 -0.000000
v -2.352496 0.143961 -0.000000
v -2.359200 0.150125 -0.000000
v -2.366842 0.155560 -0.000000
v -2.375335 0.160185 -0.000000
v -2.384591 0.163922 -0.000000
v -2.394525 0.166690 -0.000000
v -2.405048 0.168409 -0.000000
v -2.416075 0.169000 -0.000000
v -2.434524 0.167833 -0.000000
v -2.451834 0.164412 -0.000000
v -2.467950 0.158859 -0.000000
v -2.482816 0.151296 -0.000000
v -2.496376 0.141844 -0.000000
v -2.508575 0.130625 -0.000000
v -2.519357 0.117760 -0.000000
v -2.528667 0.103370 -0.000000
v -2.536450 0.087578 -0.000000
v -2.542649 0.070505 -0.000000
v -2.547209 0.052271 -0.000000
v -2.208075 0.737000 -0.000000
v -2.211075 0.654000 -0.000000
v -2.216365 0.654729 -0.000000
v -2.221728 0.655417 -0.000000
v -2.227154 0.656062 -0.000000
v -2.232631 0.656667 -0.000000
v -2.238150 0.657229 -0.000000
v -2.243701 0.657750 -0.000000
v -2.249272 0.658229 -0.000000
v -2.254853 0.658667 -0.000000
v -2.260435 0.659062 -0.000000
v -2.266006 0.659417 -0.000000
v -2.271556 0.659729 -0.000000
v -2.277075 0.660000 -0.000000
v -2.293218 0.660868 -0.000000
v -2.314464 0.661940 -0.000000
v -2.339794 0.663172 -0.000000
v -2.368186 0.664519 -0.000001
v -2.398621 0.665935 -0.000001
v -2.430076 0.667375 -0.000001
v -2.461531 0.668795 -0.000001
v -2.491965 0.670148 -0.000001
v -2.520357 0.671391 -0.000001
v -2.545687 0.672477 -0.000001
v -2.566934 0.673362 -0.000001
v -2.583075 0.674000 -0.000001
v -2.568866 0.661569 -0.000001
v -2.552071 0.647051 -0.000001
v -2.533185 0.630859 -0.000001
v -2.512705 0.613407 -0.000001
v -2.491128 0.595108 -0.000001
v -2.468950 0.576375 -0.000001
v -2.446669 0.557621 -0.000001
v -2.424779 0.539259 -0.000001
v -2.403779 0.521703 -0.000000
v -2.384163 0.505366 -0.000000
v -2.366430 0.490660 -0.000000
v -2.351075 0.478000 -0.000000
v -2.335183 0.464598 -0.000000
v -2.316774 0.449116 -0.000000
v -2.296247 0.431891 -0.000000
v -2.274001 0.413259 -0.000000
v -2.250435 0.393558 -0.000000
v -2.225950 0.373125 -0.000000
v -2.200943 0.352296 -0.000000
v -2.175816 0.331407 -0.000000
v -2.150966 0.310797 -0.000000
v -2.126792 0.290801 -0.000000
v -2.103696 0.271756 -0.000000
v -2.082075 0.254000 -0.000000
v -2.139075 0.195000 -0.000000
v -2.170101 0.226034 -0.000000
v -2.199945 0.254606 -0.000000
v -2.229012 0.280672 -0.000000
v -2.257705 0.304185 -0.000000
v -2.286425 0.325101 -0.000000
v -2.315575 0.343375 -0.000000
v -2.345559 0.358961 -0.000000
v -2.376779 0.371815 -0.000000
v -2.409638 0.381891 -0.000000
v -2.444539 0.389143 -0.000000
v -2.481884 0.393528 -0.000000
v -2.522075 0.395000 -0.000001
v -2.553792 0.393487 -0.000001
v -2.583807 0.389065 -0.000001
v -2.611919 0.381906 -0.000001
v -2.637927 0.372185 -0.000001
v -2.661630 0.360075 -0.000001
v -2.682825 0.345750 -0.000001
v -2.701313 0.329383 -0.000001
v -2.716890 0.311148 -0.000001
v -2.729356 0.291219 -0.000001
v -2.738510 0.269768 -0.000001
v -2.744150 0.246971 -0.000001
v -2.746075 0.223000 -0.000001
v -2.745143 0.203002 -0.000001
v -2.742372 0.184014 -0.000001
v -2.737794 0.166047 -0.000001
v -2.731445 0.149111 -0.000001
v -2.723361 0.133217 -0.000001
v -2.713575 0.118375 -0.000001
v -2.702123 0.104595 -0.000001
v -2.689038 0.091889 -0.000001
v -2.674356 0.080266 -0.000001
v -2.658112 0.069736 -0.000001
v -2.640340 0.060311 -0.000000
v -2.621075 0.052000 -0.000000
v -2.616928 0.075439 -0.000000
v -2.610478 0.098097 -0.000000
v -2.601716 0.119734 -0.000000
v -2.590631 0.140111 -0.000000
v -2.577212 0.158988 -0.000000
v -2.561450 0.176125 -0.000000
v -2.543334 0.191283 -0.000000
v -2.522852 0.204222 -0.000000
v -2.499997 0.214703 -0.000000
v -2.474755 0.222486 -0.000000
v -2.447118 0.227332 -0.000000
v -2.417075 0.229000 -0.000000
v -2.394509 0.227760 -0.000000
v -2.373376 0.224162 -0.000000
v -2.353778 0.218391 -0.000000
v -2.335816 0.210630 -0.000000
v -2.319590 0.201063 -0.000000
v -2.305200 0.189875 -0.000000
v -2.292748 0.177249 -0.000000
v -2.282334 0.163370 -0.000000
v -2.274059 0.148422 -0.000000
v -2.268024 0.132588 -0.000000
v -2.264329 0.116053 -0.000000
v -2.263075 0.099000 -0.000000
v -2.264787 0.078770 -0.000000
v -2.269853 0.059662 -0.000000
v -2.278169 0.041797 -0.000000
v -2.289631 0.025296 -0.000000
v -2.304134 0.010282 -0.000000
v -2.321575 -0.003125 -0.000000
v -2.341849 -0.014803 -0.000000
v -2.364853 -0.024630 -0.000000
v -2.390481 -0.032484 -0.000000
v -2.418631 -0.038245 -0.000000
v -2.449197 -0.041791 -0.000000
v -2.482075 -0.043000 -0.000000
v -2.533379 -0.040861 -0.000000
v -2.581168 -0.034551 -0.000000
v -2.625263 -0.024234 -0.000000
v -2.665483 -0.010074 -0.000000
v -2.701647 0.007767 -0.000001
v -2.733575 0.029125 -0.000001
v -2.761086 0.053837 -0.000001
v -2.784001 0.081741 -0.000001
v -2.802137 0.112672 -0.000001
v -2.815316 0.146468 -0.000001
v -2.823355 0.182965 -0.000001
v -2.826075 0.222000 -0.000001
v -2.823637 0.254983 -0.000001
v -2.816492 0.286282 -0.000001
v -2.804887 0.315672 -0.000001
v -2.789075 0.342926 -0.000001
v -2.769304 0.367819 -0.000001
v -2.745825 0.390125 -0.000001
v -2.718888 0.409619 -0.000001
v -2.688742 0.426074 -0.000001
v -2.655638 0.439266 -0.000001
v -2.619826 0.448968 -0.000001
v -2.581555 0.454954 -0.000001
v -2.541075 0.457000 -0.000001
v -2.529766 0.456892 -0.000001
v -2.518348 0.456556 -0.000001
v -2.506841 0.455969 -0.000001
v -2.495260 0.455111 -0.000001
v -2.483624 0.453962 -0.000001
v -2.471950 0.452500 -0.000001
v -2.460255 0.450705 -0.000000
v -2.448557 0.448556 -0.000000
v -2.436872 0.446031 -0.000000
v -2.425219 0.443111 -0.000000
v -2.413614 0.439774 -0.000000
v -2.402075 0.436000 -0.000000
v -2.422700 0.453238 -0.000000
v -2.445242 0.472153 -0.000000
v -2.469200 0.492297 -0.000001
v -2.494075 0.513222 -0.000001
v -2.519367 0.534481 -0.000001
v -2.544575 0.555625 -0.000001
v -2.569200 0.576207 -0.000001
v -2.592741 0.595778 -0.000001
v -2.614700 0.613891 -0.000001
v -2.634575 0.630097 -0.000001
v -2.651866 0.643950 -0.000001
v -2.666075 0.655000 -0.000001
v -2.670615 0.658710 -0.000001
v -2.675223 0.662343 -0.000001
v -2.679888 0.665906 -0.000001
v -2.684594 0.669407 -0.000001
v -2.689327 0.672853 -0.000001
v -2.694075 0.676250 -0.000001
v -2.698823 0.679605 -0.000001
v -2.703557 0.682926 -0.000001
v -2.708262 0.686219 -0.000001
v -2.712927 0.689491 -0.000001
v -2.717535 0.692749 -0.000001
v -2.722075 0.696000 -0.000001
v -2.676075 0.754000 -0.000001
v -2.673485 0.753251 -0.000001
v -2.670686 0.752505 -0.000001
v -2.667638 0.751766 -0.000001
v -2.664298 0.751037 -0.000001
v -2.660624 0.750322 -0.000001
v -2.656575 0.749625 -0.000001
v -2.652110 0.748949 -0.000001
v -2.647186 0.748296 -0.000001
v -2.641763 0.747672 -0.000001
v -2.635798 0.747079 -0.000001
v -2.629249 0.746520 -0.000001
v -2.622075 0.746000 -0.000001
v -2.605186 0.744694 -0.000001
v -2.581876 0.743301 -0.000001
v -2.553434 0.741859 -0.000001
v -2.521149 0.740407 -0.000001
v -2.486308 0.738983 -0.000001
v -2.450200 0.737625 -0.000001
v -2.414113 0.736371 -0.000001
v -2.379334 0.735259 -0.000001
v -2.347153 0.734328 -0.000001
v -2.318858 0.733616 -0.000000
v -2.295735 0.733160 -0.000000
v -2.279075 0.733000 -0.000000
v -2.273916 0.733021 -0.000000
v -2.268469 0.733088 -0.000000
v -2.262778 0.733203 -0.000000
v -2.256890 0.733370 -0.000000
v -2.250849 0.733593 -0.000000
v -2.244700 0.733875 -0.000000
v -2.238489 0.734219 -0.000000
v -2.232260 0.734630 -0.000000
v -2.226059 0.735109 -0.000000
v -2.219932 0.735662 -0.000000
v -2.213922 0.736291 -0.000000
v -1.499075 0.422000 -0.000000
v -1.498054 0.411542 -0.000000
v -1.496983 0.401167 -0.000000
v -1.495857 0.390875 -0.000000
v -1.494668 0.380667 -0.000000
v -1.493410 0.370542 -0.000000
v -1.492075 0.360500 -0.000000
v -1.490658 0.350542 -0.000000
v -1.489150 0.340667 -0.000000
v -1.487544 0.330875 -0.000000
v -1.485835 0.321167 -0.000000
v -1.484014 0.311542 -0.000000
v -1.482075 0.302000 -0.000000
v -1.202075 0.302000 -0.000000
v -1.202075 0.236000 -0.000000
v -1.464075 0.236000 -0.000000
v -1.452848 0.208359 -0.000000
v -1.439510 0.181958 -0.000000
v -1.423825 0.156828 -0.000000
v -1.405557 0.133000 -0.000000
v -1.384469 0.110505 -0.000000
v -1.360325 0.089375 -0.000000
v -1.332890 0.069641 -0.000000
v -1.301927 0.051333 -0.000000
v -1.267200 0.034484 -0.000000
v -1.228473 0.019125 -0.000000
v -1.185510 0.005286 -0.000000
v -1.138075 -0.007000 -0.000000
v -1.141670 -0.011008 -0.000000
v -1.145413 -0.015477 -0.000000
v -1.149247 -0.020328 -0.000000
v -1.153112 -0.025481 -0.000000
v -1.156950 -0.030857 -0.000000
v -1.160701 -0.036375 -0.000000
v -1.164306 -0.041955 -0.000000
v -1.167706 -0.047519 -0.000000
v -1.170842 -0.052984 -0.000000
v -1.173655 -0.058273 -0.000000
v -1.176085 -0.063305 -0.000000
v -1.178075 -0.068000 -0.000000
v -1.225273 -0.054753 -0.000000
v -1.268492 -0.040028 -0.000000
v -1.307919 -0.023844 -0.000000
v -1.343742 -0.006222 -0.000000
v -1.376148 0.012816 -0.000000
v -1.405325 0.033250 -0.000000
v -1.431461 0.055059 -0.000000
v -1.454742 0.078222 -0.000000
v -1.475357 0.102719 -0.000000
v -1.493492 0.128528 -0.000000
v -1.509336 0.155628 -0.000000
v -1.523075 0.184000 -0.000000
v -1.542319 0.153146 -0.000000
v -1.563529 0.124088 -0.000000
v -1.586669 0.096828 -0.000000
v -1.611705 0.071370 -0.000000
v -1.638602 0.047718 -0.000000
v -1.667325 0.025875 -0.000000
v -1.697840 0.005844 -0.000000
v -1.730112 -0.012370 -0.000000
v -1.764106 -0.028766 -0.000000
v -1.799788 -0.043338 -0.000000
v -1.837122 -0.056084 -0.000000
v -1.876075 -0.067000 -0.000000
v -1.878795 -0.061825 -0.000000
v -1.881918 -0.056352 -0.000000
v -1.885388 -0.050656 -0.000000
v -1.889150 -0.044815 -0.000000
v -1.893147 -0.038904 -0.000000
v -1.897326 -0.033000 -0.000000
v -1.901629 -0.027179 -0.000000
v -1.906002 -0.021519 -0.000000
v -1.910388 -0.016094 -0.000000
v -1.914733 -0.010981 -0.000000
v -1.918981 -0.006258 -0.000000
v -1.923075 -0.002000 -0.000000
v -1.883149 0.007495 -0.000000
v -1.844918 0.018963 -0.000000
v -1.808450 0.032375 -0.000000
v -1.773816 0.047704 -0.000000
v -1.741085 0.064921 -0.000000
v -1.710325 0.084000 -0.000000
v -1.681608 0.104912 -0.000000
v -1.655001 0.127630 -0.000000
v -1.630575 0.152125 -0.000000
v -1.608399 0.178370 -0.000000
v -1.588543 0.206338 -0.000000
v -1.571075 0.236000 -0.000000
v -1.868075 0.236000 -0.000000
v -1.868075 0.302000 -0.000000
v -1.559075 0.302000 -0.000000
v -1.560804 0.311542 -0.000000
v -1.562487 0.321167 -0.000000
v -1.564122 0.330875 -0.000000
v -1.565704 0.340667 -0.000000
v -1.567232 0.350542 -0.000000
v -1.568700 0.360500 -0.000000
v -1.570106 0.370542 -0.000000
v -1.571445 0.380667 -0.000000
v -1.572716 0.390875 -0.000000
v -1.573913 0.401167 -0.000000
v -1.575034 0.411542 -0.000000
v -1.576075 0.422000 -0.000000
v -1.395075 0.811000 -0.000000
v -1.400821 0.802571 -0.000000
v -1.406538 0.793819 -0.000000
v -1.412200 0.784797 -0.000000
v -1.417779 0.775556 -0.000000
v -1.423246 0.766148 -0.000000
v -1.428575 0.756625 -0.000000
v -1.433737 0.747040 -0.000000
v -1.438705 0.737444 -0.000000
v -1.443450 0.727891 -0.000000
v -1.447946 0.718431 -0.000000
v -1.452163 0.709116 -0.000000
v -1.456075 0.700000 -0.000000
v -1.106075 0.700000 -0.000000
v -1.106075 0.483000 -0.000000
v -1.105823 0.445799 -0.000000
v -1.104890 0.406477 -0.000000
v -1.103013 0.365453 -0.000000
v -1.099927 0.323148 -0.000000
v -1.095369 0.279982 -0.000000
v -1.089076 0.236375 -0.000000
v -1.080781 0.192747 -0.000000
v -1.070224 0.149518 -0.000000
v -1.057138 0.107109 -0.000000
v -1.041261 0.065940 -0.000000
v -1.022328 0.026430 -0.000000
v -1.000075 -0.011000 -0.000000
v -1.005098 -0.012989 -0.000000
v -1.010589 -0.015412 -0.000000
v -1.016435 -0.018203 -0.000000
v -1.022520 -0.021296 -0.000000
v -1.028729 -0.024626 -0.000000
v -1.034950 -0.028125 -0.000000
v -1.041066 -0.031729 -0.000000
v -1.046964 -0.035370 -0.000000
v -1.052528 -0.038984 -0.000000
v -1.057644 -0.042505 -0.000000
v -1.062198 -0.045865 -0.000000
v -1.066075 -0.049000 -0.000000
v -1.087587 -0.012294 -0.000000
v -1.106256 0.026565 -0.000000
v -1.122278 0.067188 -0.000000
v -1.135853 0.109185 -0.000000
v -1.147177 0.152169 -0.000000
v -1.156450 0.195750 -0.000000
v -1.163868 0.239539 -0.000000
v -1.169630 0.283148 -0.000000
v -1.173934 0.326187 -0.000000
v -1.176977 0.368268 -0.000000
v -1.178958 0.409002 -0.000000
v -1.180075 0.448000 -0.000000
v -1.842075 0.448000 -0.000000
v -1.842075 0.700000 -0.000000
v -1.536075 0.700000 -0.000000
v -1.532250 0.710546 -0.000000
v -1.527807 0.721616 -0.000000
v -1.522794 0.733109 -0.000000
v -1.517261 0.744926 -0.000000
v -1.511255 0.756965 -0.000000
v -1.504826 0.769125 -0.000000
v -1.498021 0.781306 -0.000000
v -1.490891 0.793407 -0.000000
v -1.483482 0.805328 -0.000000
v -1.475844 0.816968 -0.000000
v -1.468026 0.828225 -0.000000
v -1.460075 0.839000 -0.000000
v -1.180075 0.640000 -0.000000
v -1.768075 0.640000 -0.000000
v -1.768075 0.507000 -0.000000
v -1.180075 0.507000 -0.000000
v -0.026075 0.274000 -0.000000
v -0.100075 0.199000 -0.000000
v -0.103986 0.204430 -0.000000
v -0.108196 0.210190 -0.000000
v -0.112669 0.216234 -0.000000
v -0.117372 0.222519 -0.000000
v -0.122268 0.228997 -0.000000
v -0.127325 0.235625 -0.000000
v -0.132507 0.242357 -0.000000
v -0.137779 0.249148 -0.000000
v -0.143106 0.255953 -0.000000
v -0.148455 0.262727 -0.000000
v -0.153789 0.269424 -0.000000
v -0.159075 0.276000 -0.000000
v -0.172413 0.292443 -0.000000
v -0.186779 0.310542 -0.000000
v -0.201950 0.329953 -0.000000
v -0.217705 0.350333 -0.000000
v -0.233820 0.371339 -0.000000
v -0.250075 0.392625 -0.000000
v -0.266246 0.413849 -0.000000
v -0.282112 0.434667 -0.000000
v -0.297450 0.454734 -0.000000
v -0.312038 0.473708 -0.000000
v -0.325654 0.491245 -0.000000
v -0.338075 0.507000 -0.000000
v -0.346515 0.516760 -0.000000
v -0.354427 0.525000 -0.000000
v -0.361950 0.531656 -0.000000
v -0.369223 0.536667 -0.000000
v -0.376385 0.539969 -0.000000
v -0.383575 0.541500 -0.000000
v -0.390932 0.541198 -0.000000
v -0.398594 0.539000 -0.000000
v -0.406700 0.534844 -0.000000
v -0.415390 0.528667 -0.000000
v -0.424802 0.520406 -0.000000
v -0.435075 0.510000 -0.000000
v -0.447176 0.496122 -0.000000
v -0.460385 0.480639 -0.000000
v -0.474560 0.463781 -0.000000
v -0.489557 0.445778 -0.000000
v -0.505234 0.426858 -0.000000
v -0.521450 0.407250 -0.000000
v -0.538062 0.387184 -0.000000
v -0.554927 0.366889 -0.000000
v -0.571903 0.346594 -0.000000
v -0.588848 0.326528 -0.000000
v -0.605620 0.306920 -0.000000
v -0.622075 0.288000 -0.000000
v -0.639761 0.268032 -0.000000
v -0.658232 0.247255 -0.000000
v -0.677356 0.225859 -0.000000
v -0.697001 0.204037 -0.000000
v -0.717035 0.181979 -0.000000
v -0.737325 0.159875 -0.000000
v -0.757741 0.137917 -0.000000
v -0.778149 0.116296 -0.000000
v -0.798419 0.095203 -0.000000
v -0.818418 0.074829 -0.000000
v -0.838014 0.055364 -0.000000
v -0.857075 0.037000 -0.000000
v -0.921075 0.110000 -0.000000
v -0.898415 0.130465 -0.000000
v -0.875543 0.151718 -0.000000
v -0.852622 0.173547 -0.000000
v -0.829816 0.195741 -0.000000
v -0.807287 0.218087 -0.000000
v -0.785200 0.240375 -0.000000
v -0.763717 0.262392 -0.000000
v -0.743001 0.283926 -0.000000
v -0.723216 0.304766 -0.000000
v -0.704524 0.324699 -0.000000
v -0.687089 0.343515 -0.000000
v -0.671075 0.361000 -0.000000
v -0.654841 0.378817 -0.000000
v -0.638200 0.397616 -0.000000
v -0.621247 0.417172 -0.000000
v -0.604075 0.437259 -0.000000
v -0.586778 0.457652 -0.000000
v -0.569450 0.478125 -0.000000
v -0.552185 0.498452 -0.000000
v -0.535075 0.518407 -0.000000
v -0.518216 0.537766 -0.000000
v -0.501700 0.556301 -0.000000
v -0.485622 0.573788 -0.000000
v -0.470075 0.590000 -0.000000
v -0.453874 0.605157 -0.000000
v -0.438219 0.617171 -0.000000
v -0.423028 0.626109 -0.000000
v -0.408223 0.632037 -0.000000
v -0.393724 0.635020 -0.000000
v -0.379450 0.635125 -0.000000
v -0.365322 0.632417 -0.000000
v -0.351260 0.626963 -0.000000
v -0.337184 0.618828 -0.000000
v -0.323015 0.608079 -0.000000
v -0.308672 0.594781 -0.000000
v -0.294075 0.579000 -0.000000
v -0.278626 0.560414 -0.000000
v -0.262404 0.540394 -0.000000
v -0.245591 0.519297 -0.000000
v -0.228371 0.497482 -0.000000
v -0.210930 0.475305 -0.000000
v -0.193450 0.453125 -0.000000
v -0.176116 0.431299 -0.000000
v -0.159112 0.410185 -0.000000
v -0.142622 0.390141 -0.000000
v -0.126830 0.371523 -0.000000
v -0.111920 0.354690 -0.000000
v -0.098075 0.340000 -0.000000
v -0.091464 0.333392 -0.000000
v -0.085103 0.327056 -0.000000
v -0.078950 0.320969 -0.000000
v -0.072964 0.315111 -0.000000
v -0.067103 0.309462 -0.000000
v -0.061325 0.304000 -0.000000
v -0.055589 0.298705 -0.000000
v -0.049853 0.293556 -0.000000
v -0.044075 0.288531 -0.000000
v -0.038214 0.283611 -0.000000
v -0.032228 0.278774 -0.000000
v 0.862925 0.111000 -0.000000
v 0.870274 0.110751 -0.000000
v 0.877800 0.110509 -0.000000
v 0.885472 0.110281 -0.000000
v 0.893258 0.110074 -0.000000
v 0.901128 0.109895 -0.000000
v 0.909050 0.109750 -0.000000
v 0.916993 0.109647 -0.000000
v 0.924925 0.109593 -0.000000
v 0.932816 0.109594 -0.000000
v 0.940633 0.109657 -0.000000
v 0.948347 0.109791 -0.000000
v 0.955925 0.110000 -0.000000
v 0.940925 0.017000 -0.000000
v 0.933677 0.018019 -0.000000
v 0.926443 0.019065 -0.000000
v 0.919237 0.020125 -0.000000
v 0.912073 0.021185 -0.000000
v 0.904964 0.022231 -0.000000
v 0.897925 0.023250 -0.000000
v 0.890969 0.024227 -0.000000
v 0.884110 0.025148 -0.000000
v 0.877362 0.026000 -0.000000
v 0.870740 0.026769 -0.000000
v 0.864256 0.027440 -0.000000
v 0.857925 0.028000 -0.000000
v 0.820458 0.031497 -0.000000
v 0.775943 0.035889 -0.000000
v 0.725706 0.041031 -0.000000
v 0.671073 0.046778 -0.000000
v 0.613370 0.052983 -0.000000
v 0.553925 0.059500 -0.000000
v 0.494062 0.066184 -0.000000
v 0.435110 0.072889 -0.000000
v 0.378393 0.079469 -0.000000
v 0.325239 0.085778 -0.000000
v 0.276974 0.091670 -0.000000
v 0.234925 0.097000 -0.000000
v 0.229259 0.084817 -0.000000
v 0.223767 0.072782 -0.000000
v 0.218456 0.060922 -0.000000
v 0.213332 0.049259 -0.000000
v 0.208403 0.037819 -0.000000
v 0.203675 0.026625 -0.000000
v 0.199155 0.015702 -0.000000
v 0.194851 0.005074 -0.000000
v 0.190768 -0.005234 -0.000000
v 0.186915 -0.015199 -0.000000
v 0.183299 -0.024796 -0.000000
v 0.179925 -0.034000 -0.000000
v 0.095925 0.004000 -0.000000
v 0.107760 0.031678 -0.000000
v 0.122022 0.062759 -0.000000
v 0.138347 0.096563 -0.000000
v 0.156369 0.132407 -0.000000
v 0.175725 0.169613 -0.000000
v 0.196050 0.207500 -0.000000
v 0.216979 0.245387 -0.000000
v 0.238147 0.282593 -0.000000
v 0.259191 0.318438 -0.000000
v 0.279745 0.352241 -0.000000
v 0.299444 0.383322 -0.000000
v 0.317925 0.411000 -0.000000
v 0.392925 0.377000 -0.000000
v 0.383516 0.364392 -0.000000
v 0.373818 0.350634 -0.000000
v 0.363878 0.335828 -0.000000
v 0.353740 0.320074 -0.000000
v 0.343448 0.303473 -0.000000
v 0.333050 0.286125 -0.000000
v 0.322588 0.268131 -0.000000
v 0.312110 0.249593 -0.000000
v 0.301659 0.230609 -0.000000
v 0.291281 0.211282 -0.000000
v 0.281021 0.191712 -0.000000
v 0.270925 0.172000 -0.000000
v 0.300060 0.168133 -0.000000
v 0.332170 0.164060 -0.000000
v 0.366815 0.159828 -0.000000
v 0.403554 0.155481 -0.000000
v 0.441946 0.151065 -0.000000
v 0.481550 0.146625 -0.000000
v 0.521924 0.142205 -0.000000
v 0.562629 0.137852 -0.000000
v 0.603222 0.133609 -0.000000
v 0.643263 0.129523 -0.000000
v 0.682311 0.125638 -0.000000
v 0.719925 0.122000 -0.000000
v 0.706473 0.157962 -0.000000
v 0.691392 0.199944 -0.000000
v 0.675097 0.246594 -0.000000
v 0.657999 0.296556 -0.000000
v 0.640512 0.348476 -0.000000
v 0.623050 0.401000 -0.000000
v 0.606025 0.452774 -0.000000
v 0.589851 0.502444 -0.000000
v 0.574940 0.548656 -0.000000
v 0.561707 0.590056 -0.000000
v 0.550564 0.625288 -0.000000
v 0.541925 0.653000 -0.000000
v 0.538716 0.663175 -0.000000
v 0.535587 0.672736 -0.000000
v 0.532534 0.681734 -0.000000
v 0.529555 0.690222 -0.000000
v 0.526644 0.698252 -0.000000
v 0.523800 0.705875 -0.000000
v 0.521018 0.713144 -0.000000
v 0.518295 0.720111 -0.000000
v 0.515628 0.726828 -0.000000
v 0.513013 0.733347 -0.000000
v 0.510446 0.739721 -0.000000
v 0.507925 0.746000 -0.000000
v 0.607925 0.766000 -0.000000
v 0.608700 0.759528 -0.000000
v 0.609541 0.753056 -0.000000
v 0.610472 0.746500 -0.000000
v 0.611517 0.739778 -0.000000
v 0.612702 0.732806 -0.000000
v 0.614050 0.725500 -0.000000
v 0.615585 0.717778 -0.000000
v 0.617332 0.709556 -0.000000
v 0.619316 0.700750 -0.000000
v 0.621559 0.691278 -0.000000
v 0.624088 0.681056 -0.000000
v 0.626925 0.670000 -0.000000
v 0.635397 0.641109 -0.000000
v 0.646536 0.604370 -0.000000
v 0.659925 0.561188 -0.000000
v 0.675147 0.512963 -0.000000
v 0.691786 0.461100 -0.000000
v 0.709425 0.407000 -0.000000
v 0.727647 0.352067 -0.000000
v 0.746036 0.297704 -0.000000
v 0.764175 0.245312 -0.000000
v 0.781647 0.196296 -0.000000
v 0.798036 0.152058 -0.000000
v 0.812925 0.114000 -0.000000
v 1.927925 0.433000 -0.000000
v 1.927925 0.335000 -0.000000
v 1.919728 0.335729 -0.000000
v 1.910684 0.336412 -0.000000
v 1.900862 0.337047 -0.000000
v 1.890332 0.337630 -0.000000
v 1.879163 0.338157 -0.000000
v 1.867425 0.338625 -0.000000
v 1.855187 0.339031 -0.000000
v 1.842518 0.339370 -0.000000
v 1.829488 0.339641 -0.000000
v 1.816166 0.339838 -0.000000
v 1.802622 0.339959 -0.000000
v 1.788925 0.340000 -0.000000
v 1.763800 0.340000 -0.000000
v 1.727425 0.340000 -0.000000
v 1.682050 0.340000 -0.000000
v 1.629925 0.340000 -0.000000
v 1.573300 0.340000 -0.000000
v 1.514425 0.340000 -0.000000
v 1.455550 0.340000 -0.000000
v 1.398925 0.340000 -0.000000
v 1.346800 0.340000 -0.000000
v 1.301425 0.340000 -0.000000
v 1.265050 0.340000 -0.000000
v 1.239925 0.340000 -0.000000
v 1.228748 0.339921 -0.000000
v 1.217763 0.339699 -0.000000
v 1.207034 0.339359 -0.000000
v 1.196629 0.338926 -0.000000
v 1.186612 0.338423 -0.000000
v 1.177050 0.337875 -0.000000
v 1.168009 0.337306 -0.000000
v 1.159555 0.336741 -0.000000
v 1.151753 0.336203 -0.000000
v 1.144670 0.335718 -0.000000
v 1.138372 0.335308 -0.000000
v 1.132925 0.335000 -0.000000
v 1.132925 0.433000 -0.000000
v 1.138716 0.432481 -0.000000
v 1.145092 0.431935 -0.000000
v 1.152050 0.431375 -0.000000
v 1.159592 0.430815 -0.000000
v 1.167717 0.430268 -0.000000
v 1.176425 0.429750 -0.000000
v 1.185717 0.429273 -0.000000
v 1.195592 0.428852 -0.000000
v 1.206050 0.428500 -0.000000
v 1.217092 0.428231 -0.000000
v 1.228717 0.428060 -0.000000
v 1.240925 0.428000 -0.000000
v 1.265839 0.428000 -0.000000
v 1.302073 0.428000 -0.000000
v 1.347362 0.428000 -0.000000
v 1.399443 0.428000 -0.000000
v 1.456052 0.428000 -0.000000
v 1.514925 0.428000 -0.000000
v 1.573798 0.428000 -0.000000
v 1.630406 0.428000 -0.000000
v 1.682487 0.428000 -0.000000
v 1.727777 0.428000 -0.000000
v 1.764011 0.428000 -0.000000
v 1.788925 0.428000 -0.000000
v 1.802851 0.428060 -0.000000
v 1.816582 0.428232 -0.000000
v 1.830050 0.428500 -0.000000
v 1.843184 0.428852 -0.000000
v 1.855915 0.429273 -0.000000
v 1.868175 0.429750 -0.000000
v 1.879892 0.430269 -0.000000
v 1.890999 0.430815 -0.000000
v 1.901425 0.431375 -0.000000
v 1.911101 0.431935 -0.000000
v 1.919957 0.432482 -0.000000
v 2.269925 0.790000 -0.000000
v 2.322925 0.767000 -0.000000
v 2.316041 0.757066 -0.000000
v 2.308939 0.746361 -0.000000
v 2.301691 0.735031 -0.000000
v 2.294369 0.723222 -0.000000
v 2.287048 0.711080 -0.000000
v 2.279800 0.698750 -0.000000
v 2.272697 0.686378 -0.000000
v 2.265814 0.674111 -0.000000
v 2.259222 0.662094 -0.000000
v 2.252994 0.650472 -0.000000
v 2.247204 0.639392 -0.000000
v 2.241925 0.629000 -0.000000
v 2.187925 0.653000 -0.000000
v 2.193262 0.663411 -0.000000
v 2.199207 0.674537 -0.000000
v 2.205659 0.686219 -0.000000
v 2.212517 0.698296 -0.000000
v 2.219681 0.710610 -0.000000
v 2.227050 0.723000 -0.000000
v 2.234523 0.735307 -0.000000
v 2.241999 0.747370 -0.000000
v 2.249378 0.759031 -0.000000
v 2.256559 0.770130 -0.000000
v 2.263442 0.780506 -0.000000
v 2.159925 0.830000 -0.000000
v 2.212925 0.807000 -0.000000
v 2.205620 0.797353 -0.000000
v 2.198235 0.786991 -0.000000
v 2.190815 0.776031 -0.000000
v 2.183406 0.764593 -0.000000
v 2.176053 0.752793 -0.000000
v 2.168800 0.740750 -0.000000
v 2.161693 0.728582 -0.000000
v 2.154777 0.716407 -0.000000
v 2.148097 0.704344 -0.000000
v 2.141698 0.692509 -0.000000
v 2.135626 0.681022 -0.000000
v 2.129925 0.670000 -0.000000
v 2.075925 0.694000 -0.000000
v 2.081072 0.703742 -0.000000
v 2.086939 0.714352 -0.000000
v 2.093409 0.725656 -0.000000
v 2.100369 0.737482 -0.000000
v 2.107704 0.749654 -0.000000
v 2.115300 0.762000 -0.000000
v 2.123041 0.774346 -0.000000
v 2.130814 0.786519 -0.000000
v 2.138503 0.798344 -0.000000
v 2.145994 0.809648 -0.000000
v 2.153173 0.820258 -0.000000
v 2.631925 0.753000 -0.000000
v 2.728925 0.772000 -0.000000
v 2.729487 0.765461 -0.000000
v 2.730175 0.758852 -0.000000
v 2.730987 0.752188 -0.000000
v 2.731925 0.745482 -0.000000
v 2.732987 0.738748 -0.000000
v 2.734175 0.732000 -0.000000
v 2.735487 0.725252 -0.000000
v 2.736925 0.718519 -0.000000
v 2.738487 0.711813 -0.000000
v 2.740175 0.705148 -0.000000
v 2.741987 0.698540 -0.000000
v 2.743925 0.692000 -0.000000
v 2.746822 0.682008 -0.000000
v 2.750017 0.671560 -0.000000
v 2.753519 0.660703 -0.000000
v 2.757332 0.649482 -0.000000
v 2.761465 0.637940 -0.000000
v 2.765925 0.626125 -0.000000
v 2.770718 0.614081 -0.000000
v 2.775851 0.601852 -0.000000
v 2.781331 0.589484 -0.000000
v 2.787166 0.577023 -0.000000
v 2.793361 0.564513 -0.000000
v 2.799925 0.552000 -0.000000
v 2.809405 0.535949 -0.000000
v 2.820263 0.518505 -0.000000
v 2.832378 0.499984 -0.000000
v 2.845628 0.480704 -0.000000
v 2.859893 0.460979 -0.000000
v 2.875050 0.441125 -0.000000
v 2.890978 0.421459 -0.000000
v 2.907554 0.402296 -0.000000
v 2.924659 0.383953 -0.000000
v 2.942170 0.366745 -0.000000
v 2.959966 0.350989 -0.000000
v 2.977925 0.337000 -0.000000
v 2.898925 0.290000 -0.000000
v 2.884238 0.302862 -0.000000
v 2.869267 0.317310 -0.000000
v 2.854144 0.333141 -0.000000
v 2.838999 0.350148 -0.000000
v 2.823965 0.368128 -0.000000
v 2.809175 0.386875 -0.000000
v 2.794759 0.406185 -0.000000
v 2.780851 0.425852 -0.000000
v 2.767581 0.445672 -0.000000
v 2.755082 0.465440 -0.000000
v 2.743486 0.484951 -0.000000
v 2.732925 0.504000 -0.000000
v 2.475925 0.504000 -0.000000
v 2.481553 0.443024 -0.000000
v 2.490698 0.386944 -0.000000
v 2.503003 0.335531 -0.000000
v 2.518110 0.288556 -0.000000
v 2.535661 0.245788 -0.000000
v 2.555300 0.207000 -0.000000
v 2.576667 0.171962 -0.000000
v 2.599406 0.140444 -0.000000
v 2.623159 0.112219 -0.000000
v 2.647568 0.087055 -0.000000
v 2.672276 0.064726 -0.000000
v 2.696925 0.045000 -0.000000
v 2.702586 0.040524 -0.000000
v 2.708550 0.036106 -0.000000
v 2.714784 0.031766 -0.000000
v 2.721258 0.027519 -0.000000
v 2.727941 0.023383 -0.000000
v 2.734800 0.019375 -0.000000
v 2.741805 0.015513 -0.000000
v 2.748925 0.011815 -0.000000
v 2.756128 0.008297 -0.000000
v 2.763383 0.004977 -0.000000
v 2.770659 0.001872 -0.000000
v 2.777925 -0.001000 -0.000000
v 2.692925 -0.059000 -0.000000
v 2.651196 -0.030277 -0.000000
v 2.612092 0.001037 -0.000000
v 2.575737 0.035156 -0.000000
v 2.542258 0.072296 -0.000000
v 2.511779 0.112672 -0.000000
v 2.484425 0.156500 -0.000000
v 2.460321 0.203994 -0.000000
v 2.439591 0.255370 -0.000000
v 2.422362 0.310844 -0.000000
v 2.408758 0.370630 -0.000000
v 2.398904 0.434943 -0.000000
v 2.392925 0.504000 -0.000000
v 2.222925 0.504000 -0.000000
v 2.216856 0.503979 -0.000000
v 2.210203 0.503917 -0.000000
v 2.203050 0.503812 -0.000000
v 2.195480 0.503667 -0.000000
v 2.187578 0.503479 -0.000000
v 2.179425 0.503250 -0.000000
v 2.171105 0.502979 -0.000000
v 2.162703 0.502667 -0.000000
v 2.154300 0.502312 -0.000000
v 2.145980 0.501917 -0.000000
v 2.137828 0.501479 -0.000000
v 2.129925 0.501000 -0.000000
v 2.129925 0.587000 -0.000000
v 2.137388 0.586061 -0.000000
v 2.145216 0.585241 -0.000000
v 2.153316 0.584531 -0.000000
v 2.161592 0.583926 -0.000000
v 2.169951 0.583418 -0.000000
v 2.178300 0.583000 -0.000000
v 2.186545 0.582666 -0.000000
v 2.194592 0.582407 -0.000000
v 2.202347 0.582219 -0.000000
v 2.209717 0.582093 -0.000000
v 2.216607 0.582022 -0.000000
v 2.222925 0.582000 -0.000000
v 2.695925 0.582000 -0.000000
v 2.692007 0.590996 -0.000000
v 2.688249 0.599968 -0.000000
v 2.684644 0.608891 -0.000000
v 2.681184 0.617741 -0.000000
v 2.677864 0.626494 -0.000000
v 2.674675 0.635125 -0.000000
v 2.671611 0.643611 -0.000000
v 2.668666 0.651926 -0.000000
v 2.665831 0.660047 -0.000000
v 2.663101 0.667949 -0.000000
v 2.660468 0.675608 -0.000000
v 2.657925 0.683000 -0.000000
v 2.656115 0.688139 -0.000000
v 2.654193 0.693532 -0.000000
v 2.652175 0.699141 -0.000000
v 2.650073 0.704926 -0.000000
v 2.647902 0.710850 -0.000000
v 2.645675 0.716875 -0.000000
v 2.643406 0.722962 -0.000000
v 2.641110 0.729074 -0.000000
v 2.638800 0.735172 -0.000000
v 2.636490 0.741217 -0.000000
v 2.634193 0.747173 -0.000000
v -2.550075 0.033000 -0.439372
v -2.543783 0.032042 -0.439372
v -2.537408 0.031167 -0.439372
v -2.530950 0.030375 -0.439372
v -2.524408 0.029667 -0.439372
v -2.517783 0.029042 -0.439372
v -2.511075 0.028500 -0.439372
v -2.504283 0.028042 -0.439372
v -2.497408 0.027667 -0.439372
v -2.490450 0.027375 -0.439372
v -2.483408 0.027167 -0.439372
v -2.476284 0.027042 -0.439372
v -2.469075 0.027000 -0.439372
v -2.450073 0.027618 -0.439372
v -2.432140 0.029444 -0.439372
v -2.415388 0.032437 -0.439372
v -2.399927 0.036556 -0.439372
v -2.385870 0.041757 -0.439372
v -2.373325 0.048000 -0.439372
v -2.362406 0.055243 -0.439372
v -2.353223 0.063444 -0.439372
v -2.345888 0.072562 -0.439372
v -2.340510 0.082556 -0.439372
v -2.337203 0.093382 -0.439372
v -2.336075 0.105000 -0.439372
v -2.336790 0.113612 -0.439372
v -2.338876 0.121893 -0.439372
v -2.342247 0.129766 -0.439372
v -2.346816 0.137148 -0.439372
v -2.352496 0.143961 -0.439372
v -2.359200 0.150125 -0.439372
v -2.366842 0.155560 -0.439372
v -2.375335 0.160185 -0.439372
v -2.384591 0.163922 -0.439372
v -2.394525 0.166690 -0.439372
v -2.405048 0.168409 -0.439372
v -2.416075 0.169000 -0.439372
v -2.434524 0.167833 -0.439372
v -2.451834 0.164412 -0.439372
v -2.467950 0.158859 -0.439372
v -2.482816 0.151296 -0.439372
v -2.496376 0.141844 -0.439372
v -2.508575 0.130625 -0.439372
v -2.519357 0.117760 -0.439372
v -2.528667 0.103370 -0.439372
v -2.536450 0.087578 -0.439372
v -2.542649 0.070505 -0.439372
v -2.547209 0.052271 -0.439372
v -2.208075 0.737000 -0.439372
v -2.211075 0.654000 -0.439372
v -2.216365 0.654729 -0.439372
v -2.221728 0.655417 -0.439372
v -2.227154 0.656062 -0.439372
v -2.232631 0.656667 -0.439372
v -2.238150 0.657229 -0.439372
v -2.243701 0.657750 -0.439372
v -2.249272 0.658229 -0.439372
v -2.254853 0.658667 -0.439372
v -2.260435 0.659062 -0.439372
v -2.266006 0.659417 -0.439372
v -2.271556 0.659729 -0.439372
v -2.277075 0.660000 -0.439372
v -2.293218 0.660868 -0.439372
v -2.314464 0.661940 -0.439372
v -2.339794 0.663172 -0.439372
v -2.368186 0.664519 -0.439372
v -2.398621 0.665935 -0.439372
v -2.430076 0.667375 -0.439372
v -2.461531 0.668795 -0.439372
v -2.491965 0.670148 -0.439372
v -2.520357 0.671391 -0.439372
v -2.545687 0.672477 -0.439372
v -2.566934 0.673362 -0.439372
v -2.583075 0.674000 -0.439372
v -2.568866 0.661569 -0.439372
v -2.552071 0.647051 -0.439372
v -2.533185 0.630859 -0.439372
v -2.512705 0.613407 -0.439372
v -2.491128 0.595108 -0.439372
v -2.468950 0.576375 -0.439372
v -2.446669 0.557621 -0.439372
v -2.424779 0.539259 -0.439372
v -2.403779 0.521703 -0.439372
v -2.384163 0.505366 -0.439372
v -2.366430 0.490660 -0.439372
v -2.351075 0.478000 -0.439372
v -2.335183 0.464598 -0.439372
v -2.316774 0.449116 -0.439372
v -2.296247 0.431891 -0.439372
v -2.274001 0.413259 -0.439372
v -2.250435 0.393558 -0.439372
v -2.225950 0.373125 -0.439372
v -2.200943 0.352296 -0.439372
v -2.175816 0.331407 -0.439372
v -2.150966 0.310797 -0.439372
v -2.126792 0.290801 -0.439372
v -2.103696 0.271756 -0.439372
v -2.082075 0.254000 -0.439372
v -2.139075 0.195000 -0.439372
v -2.170101 0.226034 -0.439372
v -2.199945 0.254606 -0.439372
v -2.229012 0.280672 -0.439372
v -2.257705 0.304185 -0.439372
v -2.286425 0.325101 -0.439372
v -2.315575 0.343375 -0.439372
v -2.345559 0.358961 -0.439372
v -2.376779 0.371815 -0.439372
v -2.409638 0.381891 -0.439372
v -2.444539 0.389143 -0.439372
v -2.481884 0.393528 -0.439372
v -2.522075 0.395000 -0.439372
v -2.553792 0.393487 -0.439372
v -2.583807 0.389065 -0.439372
v -2.611919 0.381906 -0.439372
v -2.637927 0.372185 -0.439372
v -2.661630 0.360075 -0.439372
v -2.682825 0.345750 -0.439372
v -2.701313 0.329383 -0.439372
v -2.716890 0.311148 -0.439372
v -2.729356 0.291219 -0.439372
v -2.738510 0.269768 -0.439372
v -2.744150 0.246971 -0.439372
v -2.746075 0.223000 -0.439372
v -2.745143 0.203002 -0.439372
v -2.742372 0.184014 -0.439372
v -2.737794 0.166047 -0.439372
v -2.731445 0.149111 -0.439372
v -2.723361 0.133217 -0.439372
v -2.713575 0.118375 -0.439372
v -2.702123 0.104595 -0.439372
v -2.689038 0.091889 -0.439372
v -2.674356 0.080266 -0.439372
v -2.658112 0.069736 -0.439372
v -2.640340 0.060311 -0.439372
v -2.621075 0.052000 -0.439372
v -2.616928 0.075439 -0.439372
v -2.610478 0.098097 -0.439372
v -2.601716 0.119734 -0.439372
v -2.590631 0.140111 -0.439372
v -2.577212 0.158988 -0.439372
v -2.561450 0.176125 -0.439372
v -2.543334 0.191283 -0.439372
v -2.522852 0.204222 -0.439372
v -2.499997 0.214703 -0.439372
v -2.474755 0.222486 -0.439372
v -2.447118 0.227332 -0.439372
v -2.417075 0.229000 -0.439372
v -2.394509 0.227760 -0.439372
v -2.373376 0.224162 -0.439372
v -2.353778 0.218391 -0.439372
v -2.335816 0.210630 -0.439372
v -2.319590 0.201063 -0.439372
v -2.305200 0.189875 -0.439372
v -2.292748 0.177249 -0.439372
v -2.282334 0.163370 -0.439372
v -2.274059 0.148422 -0.439372
v -2.268024 0.132588 -0.439372
v -2.264329 0.116053 -0.439372
v -2.263075 0.099000 -0.439372
v -2.264787 0.078770 -0.439372
v -2.269853 0.059662 -0.439372
v -2.278169 0.041797 -0.439372
v -2.289631 0.025296 -0.439372
v -2.304134 0.010282 -0.439372
v -2.321575 -0.003125 -0.439372
v -2.341849 -0.014803 -0.439372
v -2.364853 -0.024630 -0.439372
v -2.390481 -0.032484 -0.439372
v -2.418631 -0.038245 -0.439372
v -2.449197 -0.041791 -0.439372
v -2.482075 -0.043000 -0.439372
v -2.533379 -0.040861 -0.439372
v -2.581168 -0.034551 -0.439372
v -2.625263 -0.024234 -0.439372
v -2.665483 -0.010074 -0.439372
v -2.701647 0.007767 -0.439372
v -2.733575 0.029125 -0.439372
v -2.761086 0.053837 -0.439372
v -2.784001 0.081741 -0.439372
v -2.802137 0.112672 -0.439372
v -2.815316 0.146468 -0.439372
v -2.823355 0.182965 -0.439372
v -2.826075 0.222000 -0.439372
v -2.823637 0.254983 -0.439372
v -2.816492 0.286282 -0.439372
v -2.804887 0.315672 -0.439372
v -2.789075 0.342926 -0.439372
v -2.769304 0.367819 -0.439372
v -2.745825 0.390125 -0.439372
v -2.718888 0.409619 -0.439372
v -2.688742 0.426074 -0.439372
v -2.655638 0.439266 -0.439372
v -2.619826 0.448968 -0.439372
v -2.581555 0.454954 -0.439372
v -2.541075 0.457000 -0.439372
v -2.529766 0.456892 -0.439372
v -2.518348 0.456556 -0.439372
v -2.506841 0.455969 -0.439372
v -2.495260 0.455111 -0.439372
v -2.483624 0.453962 -0.439372
v -2.471950 0.452500 -0.439372
v -2.460255 0.450705 -0.439372
v -2.448557 0.448556 -0.439372
v -2.436872 0.446031 -0.439372
v -2.425219 0.443111 -0.439372
v -2.413614 0.439774 -0.439372
v -2.402075 0.436000 -0.439372
v -2.422700 0.453238 -0.439372
v -2.445242 0.472153 -0.439372
v -2.469200 0.492297 -0.439372
v -2.494075 0.513222 -0.439372
v -2.519367 0.534481 -0.439372
v -2.544575 0.555625 -0.439372
v -2.569200 0.576207 -0.439372
v -2.592741 0.595778 -0.439372
v -2.614700 0.613891 -0.439372
v -2.634575 0.630097 -0.439372
v -2.651866 0.643950 -0.439372
v -2.666075 0.655000 -0.439372
v -2.670615 0.658710 -0.439372
v -2.675223 0.662343 -0.439372
v -2.679888 0.665906 -0.439372
v -2.684594 0.669407 -0.439372
v -2.689327 0.672853 -0.439372
v -2.694075 0.676250 -0.439372
v -2.698823 0.679605 -0.439372
v -2.703557 0.682926 -0.439372
v -2.708262 0.686219 -0.439372
v -2.712927 0.689491 -0.439372
v -2.717535 0.692749 -0.439372
v -2.722075 0.696000 -0.439372
v -2.676075 0.754000 -0.439372
v -2.673485 0.753251 -0.439372
v -2.670686 0.752505 -0.439372
v -2.667638 0.751766 -0.439372
v -2.664298 0.751037 -0.439372
v -2.660624 0.750322 -0.439372
v -2.656575 0.749625 -0.439372
v -2.652110 0.748949 -0.439372
v -2.647186 0.748296 -0.439372
v -2.641763 0.747672 -0.439372
v -2.635798 0.747079 -0.439372
v -2.629249 0.746520 -0.439372
v -2.622075 0.746000 -0.439372
v -2.605186 0.744694 -0.439372
v -2.581876 0.743301 -0.439372
v -2.553434 0.741859 -0.439372
v -2.521149 0.740407 -0.439372
v -2.486308 0.738983 -0.439372
v -2.450200 0.737625 -0.439372
v -2.414113 0.736371 -0.439372
v -2.379334 0.735259 -0.439372
v -2.347153 0.734328 -0.439372
v -2.318858 0.733616 -0.439372
v -2.295735 0.733160 -0.439372
v -2.279075 0.733000 -0.439372
v -2.273916 0.733021 -0.439372
v -2.268469 0.733088 -0.439372
v -2.262778 0.733203 -0.439372
v -2.256890 0.733370 -0.439372
v -2.250849 0.733593 -0.439372
v -2.244700 0.733875 -0.439372
v -2.238489 0.734219 -0.439372
v -2.232260 0.734630 -0.439372
v -2.226059 0.735109 -0.439372
v -2.219932 0.735662 -0.439372
v -2.213922 0.736291 -0.439372
v -1.499075 0.422000 -0.439372
v -1.498054 0.411542 -0.439372
v -1.496983 0.401167 -0.439372
v -1.495857 0.390875 -0.439372
v -1.494668 0.380667 -0.439372
v -1.493410 0.370542 -0.439372
v -1.492075 0.360500 -0.439372
v -1.490658 0.350542 -0.439372
v -1.489150 0.340667 -0.439372
v -1.487544 0.330875 -0.439372
v -1.485835 0.321167 -0.439372
v -1.484014 0.311542 -0.439372
v -1.482075 0.302000 -0.439372
v -1.202075 0.302000 -0.439372
v -1.202075 0.236000 -0.439372
v -1.464075 0.236000 -0.439372
v -1.452848 0.208359 -0.439372
v -1.439510 0.181958 -0.439372
v -1.423825 0.156828 -0.439372
v -1.405557 0.133000 -0.439372
v -1.384469 0.110505 -0.439372
v -1.360325 0.089375 -0.439372
v -1.332890 0.069641 -0.439372
v -1.301927 0.051333 -0.439372
v -1.267200 0.034484 -0.439372
v -1.228473 0.019125 -0.439372
v -1.185510 0.005286 -0.439372
v -1.138075 -0.007000 -0.439372
v -1.141670 -0.011008 -0.439372
v -1.145413 -0.015477 -0.439372
v -1.149247 -0.020328 -0.439372
v -1.153112 -0.025482 -0.439372
v -1.156950 -0.030857 -0.439372
v -1.160701 -0.036375 -0.439372
v -1.164306 -0.041955 -0.439372
v -1.167706 -0.047519 -0.439372
v -1.170842 -0.052984 -0.439372
v -1.173655 -0.058273 -0.439372
v -1.176085 -0.063305 -0.439372
v -1.178075 -0.068000 -0.439372
v -1.225273 -0.054753 -0.439372
v -1.268492 -0.040028 -0.439372
v -1.307919 -0.023844 -0.439372
v -1.343742 -0.006222 -0.439372
v -1.376148 0.012816 -0.439372
v -1.405325 0.033250 -0.439372
v -1.431461 0.055059 -0.439372
v -1.454742 0.078222 -0.439372
v -1.475357 0.102719 -0.439372
v -1.493492 0.128528 -0.439372
v -1.509336 0.155628 -0.439372
v -1.523075 0.184000 -0.439372
v -1.542319 0.153146 -0.439372
v -1.563529 0.124088 -0.439372
v -1.586669 0.096828 -0.439372
v -1.611705 0.071370 -0.439372
v -1.638602 0.047718 -0.439372
v -1.667325 0.025875 -0.439372
v -1.697840 0.005844 -0.439372
v -1.730112 -0.012370 -0.439372
v -1.764106 -0.028766 -0.439372
v -1.799788 -0.043338 -0.439372
v -1.837122 -0.056084 -0.439372
v -1.876075 -0.067000 -0.439372
v -1.878795 -0.061825 -0.439372
v -1.881918 -0.056352 -0.439372
v -1.885388 -0.050656 -0.439372
v -1.889150 -0.044815 -0.439372
v -1.893147 -0.038904 -0.439372
v -1.897326 -0.033000 -0.439372
v -1.901629 -0.027179 -0.439372
v -1.906002 -0.021519 -0.439372
v -1.910388 -0.016094 -0.439372
v -1.914733 -0.010982 -0.439372
v -1.918981 -0.006258 -0.439372
v -1.923075 -0.002000 -0.439372
v -1.883149 0.007495 -0.439372
v -1.844918 0.018963 -0.439372
v -1.808450 0.032375 -0.439372
v -1.773816 0.047704 -0.439372
v -1.741085 0.064921 -0.439372
v -1.710325 0.084000 -0.439372
v -1.681608 0.104912 -0.439372
v -1.655001 0.127630 -0.439372
v -1.630575 0.152125 -0.439372
v -1.608399 0.178370 -0.439372
v -1.588543 0.206338 -0.439372
v -1.571075 0.236000 -0.439372
v -1.868075 0.236000 -0.439372
v -1.868075 0.302000 -0.439372
v -1.559075 0.302000 -0.439372
v -1.560804 0.311542 -0.439372
v -1.562487 0.321167 -0.439372
v -1.564122 0.330875 -0.439372
v -1.565704 0.340667 -0.439372
v -1.567232 0.350542 -0.439372
v -1.568700 0.360500 -0.439372
v -1.570106 0.370542 -0.439372
v -1.571445 0.380667 -0.439372
v -1.572716 0.390875 -0.439372
v -1.573913 0.401167 -0.439372
v -1.575034 0.411542 -0.439372
v -1.576075 0.422000 -0.439372
v -1.395075 0.811000 -0.439372
v -1.400821 0.802571 -0.439372
v -1.406538 0.793819 -0.439372
v -1.412200 0.784797 -0.439372
v -1.417779 0.775556 -0.439372
v -1.423246 0.766148 -0.439372
v -1.428575 0.756625 -0.439372
v -1.433737 0.747040 -0.439372
v -1.438705 0.737444 -0.439372
v -1.443450 0.727891 -0.439372
v -1.447946 0.718431 -0.439372
v -1.452163 0.709116 -0.439372
v -1.456075 0.700000 -0.439372
v -1.106075 0.700000 -0.439372
v -1.106075 0.483000 -0.439372
v -1.105823 0.445799 -0.439372
v -1.104890 0.406477 -0.439372
v -1.103013 0.365453 -0.439372
v -1.099927 0.323148 -0.439372
v -1.095369 0.279982 -0.439372
v -1.089076 0.236375 -0.439372
v -1.080781 0.192747 -0.439372
v -1.070224 0.149518 -0.439372
v -1.057138 0.107109 -0.439372
v -1.041261 0.065940 -0.439372
v -1.022328 0.026430 -0.439372
v -1.000075 -0.011000 -0.439372
v -1.005098 -0.012989 -0.439372
v -1.010589 -0.015412 -0.439372
v -1.016435 -0.018203 -0.439372
v -1.022520 -0.021296 -0.439372
v -1.028729 -0.024626 -0.439372
v -1.034950 -0.028125 -0.439372
v -1.041066 -0.031729 -0.439372
v -1.046964 -0.035370 -0.439372
v -1.052528 -0.038984 -0.439372
v -1.057644 -0.042505 -0.439372
v -1.062198 -0.045865 -0.439372
v -1.066075 -0.049000 -0.439372
v -1.087587 -0.012294 -0.439372
v -1.106256 0.026565 -0.439372
v -1.122278 0.067187 -0.439372
v -1.135853 0.109185 -0.439372
v -1.147177 0.152169 -0.439372
v -1.156450 0.195750 -0.439372
v -1.163868 0.239539 -0.439372
v -1.169630 0.283148 -0.439372
v -1.173934 0.326187 -0.439372
v -1.176977 0.368268 -0.439372
v -1.178958 0.409002 -0.439372
v -1.180075 0.448000 -0.439372
v -1.842075 0.448000 -0.439372
v -1.842075 0.700000 -0.439372
v -1.536075 0.700000 -0.439372
v -1.532250 0.710546 -0.439372
v -1.527807 0.721616 -0.439372
v -1.522794 0.733109 -0.439372
v -1.517261 0.744926 -0.439372
v -1.511255 0.756965 -0.439372
v -1.504826 0.769125 -0.439372
v -1.498021 0.781306 -0.439372
v -1.490891 0.793407 -0.439372
v -1.483482 0.805328 -0.439372
v -1.475844 0.816968 -0.439372
v -1.468026 0.828225 -0.439372
v -1.460075 0.839000 -0.439372
v -1.180075 0.640000 -0.439372
v -1.768075 0.640000 -0.439372
v -1.768075 0.507000 -0.439372
v -1.180075 0.507000 -0.439372
v -0.026075 0.274000 -0.439372
v -0.100075 0.199000 -0.439372
v -0.103986 0.204430 -0.439372
v -0.108196 0.210190 -0.439372
v -0.112669 0.216234 -0.439372
v -0.117372 0.222519 -0.439372
v -0.122268 0.228997 -0.439372
v -0.127325 0.235625 -0.439372
v -0.132507 0.242357 -0.439372
v -0.137779 0.249148 -0.439372
v -0.143106 0.255953 -0.439372
v -0.148455 0.262727 -0.439372
v -0.153789 0.269424 -0.439372
v -0.159075 0.276000 -0.439372
v -0.172413 0.292443 -0.439372
v -0.186779 0.310542 -0.439372
v -0.201950 0.329953 -0.439372
v -0.217705 0.350333 -0.439372
v -0.233820 0.371339 -0.439372
v -0.250075 0.392625 -0.439372
v -0.266246 0.413849 -0.439372
v -0.282112 0.434667 -0.439372
v -0.297450 0.454734 -0.439372
v -0.312038 0.473708 -0.439372
v -0.325654 0.491245 -0.439372
v -0.338075 0.507000 -0.439372
v -0.346515 0.516760 -0.439372
v -0.354427 0.525000 -0.439372
v -0.361950 0.531656 -0.439372
v -0.369223 0.536667 -0.439372
v -0.376385 0.539969 -0.439372
v -0.383575 0.541500 -0.439372
v -0.390932 0.541198 -0.439372
v -0.398594 0.539000 -0.439372
v -0.406700 0.534844 -0.439372
v -0.415390 0.528667 -0.439372
v -0.424802 0.520406 -0.439372
v -0.435075 0.510000 -0.439372
v -0.447176 0.496122 -0.439372
v -0.460385 0.480639 -0.439372
v -0.474560 0.463781 -0.439372
v -0.489557 0.445778 -0.439372
v -0.505234 0.426858 -0.439372
v -0.521450 0.407250 -0.439372
v -0.538062 0.387184 -0.439372
v -0.554927 0.366889 -0.439372
v -0.571903 0.346594 -0.439372
v -0.588848 0.326528 -0.439372
v -0.605620 0.306920 -0.439372
v -0.622075 0.288000 -0.439372
v -0.639761 0.268032 -0.439372
v -0.658232 0.247255 -0.439372
v -0.677356 0.225859 -0.439372
v -0.697001 0.204037 -0.439372
v -0.717035 0.181979 -0.439372
v -0.737325 0.159875 -0.439372
v -0.757741 0.137917 -0.439372
v -0.778149 0.116296 -0.439372
v -0.798419 0.095203 -0.439372
v -0.818418 0.074829 -0.439372
v -0.838014 0.055364 -0.439372
v -0.857075 0.037000 -0.439372
v -0.921075 0.110000 -0.439372
v -0.898415 0.130465 -0.439372
v -0.875543 0.151718 -0.439372
v -0.852622 0.173547 -0.439372
v -0.829816 0.195741 -0.439372
v -0.807287 0.218087 -0.439372
v -0.785200 0.240375 -0.439372
v -0.763717 0.262392 -0.439372
v -0.743001 0.283926 -0.439372
v -0.723216 0.304766 -0.439372
v -0.704524 0.324699 -0.439372
v -0.687089 0.343514 -0.439372
v -0.671075 0.361000 -0.439372
v -0.654841 0.378817 -0.439372
v -0.638200 0.397616 -0.439372
v -0.621247 0.417172 -0.439372
v -0.604075 0.437259 -0.439372
v -0.586778 0.457652 -0.439372
v -0.569450 0.478125 -0.439372
v -0.552185 0.498452 -0.439372
v -0.535075 0.518407 -0.439372
v -0.518216 0.537766 -0.439372
v -0.501700 0.556301 -0.439372
v -0.485622 0.573788 -0.439372
v -0.470075 0.590000 -0.439372
v -0.453874 0.605157 -0.439372
v -0.438219 0.617171 -0.439372
v -0.423028 0.626109 -0.439372
v -0.408223 0.632037 -0.439372
v -0.393724 0.635020 -0.439372
v -0.379450 0.635125 -0.439372
v -0.365322 0.632417 -0.439372
v -0.351260 0.626963 -0.439372
v -0.337184 0.618828 -0.439372
v -0.323015 0.608079 -0.439372
v -0.308672 0.594781 -0.439372
v -0.294075 0.579000 -0.439372
v -0.278626 0.560414 -0.439372
v -0.262404 0.540394 -0.439372
v -0.245591 0.519297 -0.439372
v -0.228371 0.497482 -0.439372
v -0.210930 0.475305 -0.439372
v -0.193450 0.453125 -0.439372
v -0.176116 0.431299 -0.439372
v -0.159112 0.410185 -0.439372
v -0.142622 0.390141 -0.439372
v -0.126830 0.371523 -0.439372
v -0.111920 0.354690 -0.439372
v -0.098075 0.340000 -0.439372
v -0.091464 0.333392 -0.439372
v -0.085103 0.327056 -0.439372
v -0.078950 0.320969 -0.439372
v -0.072964 0.315111 -0.439372
v -0.067103 0.309462 -0.439372
v -0.061325 0.304000 -0.439372
v -0.055589 0.298705 -0.439372
v -0.049853 0.293556 -0.439372
v -0.044075 0.288531 -0.439372
v -0.038214 0.283611 -0.439372
v -0.032228 0.278774 -0.439372
v 0.862925 0.111000 -0.439372
v 0.870274 0.110751 -0.439372
v 0.877800 0.110509 -0.439372
v 0.885472 0.110281 -0.439372
v 0.893258 0.110074 -0.439372
v 0.901128 0.109895 -0.439372
v 0.909050 0.109750 -0.439372
v 0.916993 0.109647 -0.439372
v 0.924925 0.109593 -0.439372
v 0.932816 0.109594 -0.439372
v 0.940633 0.109657 -0.439372
v 0.948347 0.109790 -0.439372
v 0.955925 0.110000 -0.439372
v 0.940925 0.017000 -0.439372
v 0.933677 0.018019 -0.439372
v 0.926443 0.019065 -0.439372
v 0.919237 0.020125 -0.439372
v 0.912073 0.021185 -0.439372
v 0.904964 0.022231 -0.439372
v 0.897925 0.023250 -0.439372
v 0.890969 0.024227 -0.439372
v 0.884110 0.025148 -0.439372
v 0.877362 0.026000 -0.439372
v 0.870740 0.026769 -0.439372
v 0.864256 0.027440 -0.439372
v 0.857925 0.028000 -0.439372
v 0.820458 0.031497 -0.439372
v 0.775943 0.035889 -0.439372
v 0.725706 0.041031 -0.439372
v 0.671073 0.046778 -0.439372
v 0.613370 0.052983 -0.439372
v 0.553925 0.059500 -0.439372
v 0.494062 0.066184 -0.439372
v 0.435110 0.072889 -0.439372
v 0.378393 0.079469 -0.439372
v 0.325239 0.085778 -0.439372
v 0.276974 0.091670 -0.439372
v 0.234925 0.097000 -0.439372
v 0.229259 0.084817 -0.439372
v 0.223767 0.072782 -0.439372
v 0.218456 0.060922 -0.439372
v 0.213332 0.049259 -0.439372
v 0.208403 0.037819 -0.439372
v 0.203675 0.026625 -0.439372
v 0.199155 0.015702 -0.439372
v 0.194851 0.005074 -0.439372
v 0.190768 -0.005234 -0.439372
v 0.186915 -0.015199 -0.439372
v 0.183299 -0.024796 -0.439372
v 0.179925 -0.034000 -0.439372
v 0.095925 0.004000 -0.439372
v 0.107760 0.031678 -0.439372
v 0.122022 0.062759 -0.439372
v 0.138347 0.096562 -0.439372
v 0.156369 0.132407 -0.439372
v 0.175725 0.169613 -0.439372
v 0.196050 0.207500 -0.439372
v 0.216979 0.245387 -0.439372
v 0.238147 0.282593 -0.439372
v 0.259191 0.318437 -0.439372
v 0.279745 0.352241 -0.439372
v 0.299444 0.383322 -0.439372
v 0.317925 0.411000 -0.439372
v 0.392925 0.377000 -0.439372
v 0.383516 0.364392 -0.439372
v 0.373818 0.350634 -0.439372
v 0.363878 0.335828 -0.439372
v 0.353740 0.320074 -0.439372
v 0.343448 0.303473 -0.439372
v 0.333050 0.286125 -0.439372
v 0.322588 0.268131 -0.439372
v 0.312110 0.249593 -0.439372
v 0.301659 0.230609 -0.439372
v 0.291281 0.211282 -0.439372
v 0.281021 0.191712 -0.439372
v 0.270925 0.172000 -0.439372
v 0.300060 0.168133 -0.439372
v 0.332170 0.164060 -0.439372
v 0.366815 0.159828 -0.439372
v 0.403554 0.155481 -0.439372
v 0.441946 0.151065 -0.439372
v 0.481550 0.146625 -0.439372
v 0.521924 0.142205 -0.439372
v 0.562629 0.137852 -0.439372
v 0.603222 0.133609 -0.439372
v 0.643263 0.129523 -0.439372
v 0.682311 0.125638 -0.439372
v 0.719925 0.122000 -0.439372
v 0.706473 0.157962 -0.439372
v 0.691392 0.199944 -0.439372
v 0.675097 0.246594 -0.439372
v 0.657999 0.296556 -0.439372
v 0.640512 0.348476 -0.439372
v 0.623050 0.401000 -0.439372
v 0.606025 0.452774 -0.439372
v 0.589851 0.502444 -0.439372
v 0.574940 0.548656 -0.439372
v 0.561707 0.590056 -0.439372
v 0.550564 0.625288 -0.439372
v 0.541925 0.653000 -0.439372
v 0.538716 0.663175 -0.439372
v 0.535587 0.672736 -0.439372
v 0.532534 0.681734 -0.439372
v 0.529555 0.690222 -0.439372
v 0.526644 0.698252 -0.439372
v 0.523800 0.705875 -0.439372
v 0.521018 0.713144 -0.439372
v 0.518295 0.720111 -0.439372
v 0.515628 0.726828 -0.439372
v 0.513013 0.733347 -0.439372
v 0.510446 0.739721 -0.439372
v 0.507925 0.746000 -0.439372
v 0.607925 0.766000 -0.439372
v 0.608700 0.759528 -0.439372
v 0.609541 0.753056 -0.439372
v 0.610472 0.746500 -0.439372
v 0.611517 0.739778 -0.439372
v 0.612702 0.732806 -0.439372
v 0.614050 0.725500 -0.439372
v 0.615585 0.717778 -0.439372
v 0.617332 0.709556 -0.439372
v 0.619316 0.700750 -0.439372
v 0.621559 0.691278 -0.439372
v 0.624088 0.681056 -0.439372
v 0.626925 0.670000 -0.439372
v 0.635397 0.641109 -0.439372
v 0.646536 0.604370 -0.439372
v 0.659925 0.561188 -0.439372
v 0.675147 0.512963 -0.439372
v 0.691786 0.461099 -0.439372
v 0.709425 0.407000 -0.439372
v 0.727647 0.352067 -0.439372
v 0.746036 0.297704 -0.439372
v 0.764175 0.245312 -0.439372
v 0.781647 0.196296 -0.439372
v 0.798036 0.152058 -0.439372
v 0.812925 0.114000 -0.439372
v 1.927925 0.433000 -0.439372
v 1.927925 0.335000 -0.439372
v 1.919728 0.335729 -0.439372
v 1.910684 0.336412 -0.439372
v 1.900862 0.337047 -0.439372
v 1.890332 0.337630 -0.439372
v 1.879163 0.338157 -0.439372
v 1.867425 0.338625 -0.439372
v 1.855187 0.339031 -0.439372
v 1.842518 0.339370 -0.439372
v 1.829488 0.339641 -0.439372
v 1.816166 0.339838 -0.439372
v 1.802622 0.339959 -0.439372
v 1.788925 0.340000 -0.439372
v 1.763800 0.340000 -0.439372
v 1.727425 0.340000 -0.439372
v 1.682050 0.340000 -0.439372
v 1.629925 0.340000 -0.439372
v 1.573300 0.340000 -0.439372
v 1.514425 0.340000 -0.439372
v 1.455550 0.340000 -0.439372
v 1.398925 0.340000 -0.439372
v 1.346800 0.340000 -0.439372
v 1.301425 0.340000 -0.439372
v 1.265050 0.340000 -0.439372
v 1.239925 0.340000 -0.439372
v 1.228748 0.339921 -0.439372
v 1.217763 0.339699 -0.439372
v 1.207034 0.339359 -0.439372
v 1.196629 0.338926 -0.439372
v 1.186612 0.338423 -0.439372
v 1.177050 0.337875 -0.439372
v 1.168009 0.337306 -0.439372
v 1.159555 0.336741 -0.439372
v 1.151753 0.336203 -0.439372
v 1.144670 0.335718 -0.439372
v 1.138372 0.335308 -0.439372
v 1.132925 0.335000 -0.439372
v 1.132925 0.433000 -0.439372
v 1.138716 0.432481 -0.439372
v 1.145092 0.431935 -0.439372
v 1.152050 0.431375 -0.439372
v 1.159592 0.430815 -0.439372
v 1.167717 0.430268 -0.439372
v 1.176425 0.429750 -0.439372
v 1.185717 0.429273 -0.439372
v 1.195592 0.428852 -0.439372
v 1.206050 0.428500 -0.439372
v 1.217092 0.428231 -0.439372
v 1.228717 0.428060 -0.439372
v 1.240925 0.428000 -0.439372
v 1.265839 0.428000 -0.439372
v 1.302073 0.428000 -0.439372
v 1.347362 0.428000 -0.439372
v 1.399443 0.428000 -0.439372
v 1.456052 0.428000 -0.439372
v 1.514925 0.428000 -0.439372
v 1.573798 0.428000 -0.439372
v 1.630406 0.428000 -0.439372
v 1.682487 0.428000 -0.439372
v 1.727777 0.428000 -0.439372
v 1.764011 0.428000 -0.439372
v 1.788925 0.428000 -0.439372
v 1.802851 0.428060 -0.439372
v 1.816582 0.428231 -0.439372
v 1.830050 0.428500 -0.439372
v 1.843184 0.428852 -0.439372
v 1.855915 0.429273 -0.439372
v 1.868175 0.429750 -0.439372
v 1.879892 0.430268 -0.439372
v 1.890999 0.430815 -0.439372
v 1.901425 0.431375 -0.439372
v 1.911101 0.431935 -0.439372
v 1.919957 0.432481 -0.439372
v 2.269925 0.790000 -0.439372
v 2.322925 0.767000 -0.439372
v 2.316041 0.757066 -0.439372
v 2.308939 0.746361 -0.439372
v 2.301691 0.735031 -0.439372
v 2.294369 0.723222 -0.439372
v 2.287048 0.711080 -0.439372
v 2.279800 0.698750 -0.439372
v 2.272697 0.686378 -0.439372
v 2.265814 0.674111 -0.439372
v 2.259222 0.662094 -0.439372
v 2.252994 0.650472 -0.439372
v 2.247204 0.639392 -0.439372
v 2.241925 0.629000 -0.439372
v 2.187925 0.653000 -0.439372
v 2.193262 0.663411 -0.439372
v 2.199207 0.674537 -0.439372
v 2.205659 0.686219 -0.439372
v 2.212517 0.698296 -0.439372
v 2.219681 0.710610 -0.439372
v 2.227050 0.723000 -0.439372
v 2.234523 0.735307 -0.439372
v 2.241999 0.747370 -0.439372
v 2.249378 0.759031 -0.439372
v 2.256559 0.770130 -0.439372
v 2.263442 0.780506 -0.439372
v 2.159925 0.830000 -0.439372
v 2.212925 0.807000 -0.439372
v 2.205620 0.797353 -0.439372
v 2.198235 0.786991 -0.439372
v 2.190815 0.776031 -0.439372
v 2.183406 0.764593 -0.439372
v 2.176053 0.752793 -0.439372
v 2.168800 0.740750 -0.439372
v 2.161693 0.728582 -0.439372
v 2.154777 0.716407 -0.439372
v 2.148097 0.704344 -0.439372
v 2.141698 0.692509 -0.439372
v 2.135626 0.681022 -0.439372
v 2.129925 0.670000 -0.439372
v 2.075925 0.694000 -0.439372
v 2.081072 0.703742 -0.439372
v 2.086939 0.714352 -0.439372
v 2.093409 0.725656 -0.439372
v 2.100369 0.737482 -0.439372
v 2.107704 0.749654 -0.439372
v 2.115300 0.762000 -0.439372
v 2.123041 0.774346 -0.439372
v 2.130814 0.786519 -0.439372
v 2.138503 0.798344 -0.439372
v 2.145994 0.809648 -0.439372
v 2.153173 0.820258 -0.439372
v 2.631925 0.753000 -0.439372
v 2.728925 0.772000 -0.439372
v 2.729487 0.765461 -0.439372
v 2.730175 0.758852 -0.439372
v 2.730987 0.752188 -0.439372
v 2.731925 0.745482 -0.439372
v 2.732987 0.738748 -0.439372
v 2.734175 0.732000 -0.439372
v 2.735487 0.725252 -0.439372
v 2.736925 0.718519 -0.439372
v 2.738487 0.711813 -0.439372
v 2.740175 0.705148 -0.439372
v 2.741987 0.698540 -0.439372
v 2.743925 0.692000 -0.439372
v 2.746822 0.682008 -0.439372
v 2.750017 0.671560 -0.439372
v 2.753519 0.660703 -0.439372
v 2.757332 0.649482 -0.439372
v 2.761465 0.637940 -0.439372
v 2.765925 0.626125 -0.439372
v 2.770718 0.614081 -0.439372
v 2.775851 0.601852 -0.439372
v 2.781331 0.589484 -0.439372
v 2.787166 0.577023 -0.439372
v 2.793361 0.564513 -0.439372
v 2.799925 0.552000 -0.439372
v 2.809405 0.535949 -0.439372
v 2.820263 0.518505 -0.439372
v 2.832378 0.499984 -0.439372
v 2.845629 0.480704 -0.439372
v 2.859893 0.460979 -0.439372
v 2.875050 0.441125 -0.439372
v 2.890978 0.421459 -0.439372
v 2.907555 0.402296 -0.439372
v 2.924659 0.383953 -0.439372
v 2.942170 0.366745 -0.439372
v 2.959966 0.350989 -0.439372
v 2.977925 0.337000 -0.439372
v 2.898925 0.290000 -0.439372
v 2.884238 0.302862 -0.439372
v 2.869267 0.317310 -0.439372
v 2.854144 0.333141 -0.439372
v 2.838999 0.350148 -0.439372
v 2.823965 0.368128 -0.439372
v 2.809175 0.386875 -0.439372
v 2.794760 0.406185 -0.439372
v 2.780851 0.425852 -0.439372
v 2.767581 0.445672 -0.439372
v 2.755082 0.465440 -0.439372
v 2.743486 0.484951 -0.439372
v 2.732925 0.504000 -0.439372
v 2.475925 0.504000 -0.439372
v 2.481553 0.443024 -0.439372
v 2.490698 0.386944 -0.439372
v 2.503003 0.335531 -0.439372
v 2.518110 0.288556 -0.439372
v 2.535661 0.245788 -0.439372
v 2.555300 0.207000 -0.439372
v 2.576667 0.171962 -0.439372
v 2.599406 0.140444 -0.439372
v 2.623159 0.112219 -0.439372
v 2.647568 0.087055 -0.439372
v 2.672276 0.064726 -0.439372
v 2.696925 0.045000 -0.439372
v 2.702586 0.040524 -0.439372
v 2.708550 0.036106 -0.439372
v 2.714784 0.031766 -0.439372
v 2.721258 0.027519 -0.439372
v 2.727941 0.023383 -0.439372
v 2.734800 0.019375 -0.439372
v 2.741805 0.015513 -0.439372
v 2.748925 0.011815 -0.439372
v 2.756128 0.008297 -0.439372
v 2.763383 0.004977 -0.439372
v 2.770659 0.001872 -0.439372
v 2.777925 -0.001000 -0.439372
v 2.692925 -0.059000 -0.439372
v 2.651196 -0.030277 -0.439372
v 2.612092 0.001037 -0.439372
v 2.575737 0.035156 -0.439372
v 2.542258 0.072296 -0.439372
v 2.511779 0.112672 -0.439372
v 2.484425 0.156500 -0.439372
v 2.460321 0.203994 -0.439372
v 2.439591 0.255370 -0.439372
v 2.422362 0.310844 -0.439372
v 2.408758 0.370630 -0.439372
v 2.398904 0.434943 -0.439372
v 2.392925 0.504000 -0.439372
v 2.222925 0.504000 -0.439372
v 2.216856 0.503979 -0.439372
v 2.210203 0.503917 -0.439372
v 2.203050 0.503812 -0.439372
v 2.195480 0.503667 -0.439372
v 2.187578 0.503479 -0.439372
v 2.179425 0.503250 -0.439372
v 2.171105 0.502979 -0.439372
v 2.162703 0.502667 -0.439372
v 2.154300 0.502312 -0.439372
v 2.145980 0.501917 -0.439372
v 2.137828 0.501479 -0.439372
v 2.129925 0.501000 -0.439372
v 2.129925 0.587000 -0.439372
v 2.137388 0.586061 -0.439372
v 2.145216 0.585241 -0.439372
v 2.153316 0.584531 -0.439372
v 2.161592 0.583926 -0.439372
v 2.169951 0.583418 -0.439372
v 2.178300 0.583000 -0.439372
v 2.186545 0.582666 -0.439372
v 2.194592 0.582407 -0.439372
v 2.202347 0.582219 -0.439372
v 2.209717 0.582093 -0.439372
v 2.216607 0.582022 -0.439372
v 2.222925 0.582000 -0.439372
v 2.695925 0.582000 -0.439372
v 2.692007 0.590996 -0.439372
v 2.688249 0.599968 -0.439372
v 2.684644 0.608891 -0.439372
v 2.681184 0.617741 -0.439372
v 2.677864 0.626494 -0.439372
v 2.674675 0.635125 -0.439372
v 2.671611 0.643611 -0.439372
v 2.668666 0.651926 -0.439372
v 2.665831 0.660047 -0.439372
v 2.663101 0.667949 -0.439372
v 2.660468 0.675608 -0.439372
v 2.657925 0.683000 -0.439372
v 2.656115 0.688139 -0.439372
v 2.654193 0.693532 -0.439372
v 2.652175 0.699141 -0.439372
v 2.650073 0.704926 -0.439372
v 2.647902 0.710850 -0.439372
v 2.645675 0.716875 -0.439372
v 2.643406 0.722962 -0.439372
v 2.641110 0.729074 -0.439372
v 2.638800 0.735172 -0.439372
v 2.636490 0.741217 -0.439372
v 2.634193 0.747173 -0.439372
vn -0.0000 -0.0000 1.0000
vn -0.0000 1.0000 -0.0000
vn -0.0000 -1.0000 -0.0000
vn -0.0000 -0.0000 -1.0000
vn -0.0000 -0.0042 -1.0000
vn 0.0001 0.0032 -1.0000
vn -0.0000 -0.0028 -1.0000
vn -0.0000 0.0004 -1.0000
vn -0.0000 -0.0003 -1.0000
vn -0.0000 -0.0047 -1.0000
vn -0.0000 0.0019 -1.0000
vn -0.0000 -0.0022 -1.0000
vn -0.0000 0.0001 -1.0000
vn -0.0000 -0.0001 -1.0000
vn -0.0000 0.0002 -1.0000
vn -0.0000 -0.0044 -1.0000
vn -0.0000 0.0003 -1.0000
vn -0.0000 -0.0032 -1.0000
vn -0.0000 0.0032 -1.0000
vn -0.0000 0.0015 -1.0000
vn -0.0000 -0.0010 -1.0000
vn -0.0000 0.0055 -1.0000
vn -0.0000 -0.0025 -1.0000
vn -0.0000 0.0033 -1.0000
vn -0.0000 0.0005 -1.0000
vn -0.0000 0.0008 -1.0000
vn -0.0000 -0.0012 -1.0000
vn -0.0001 -0.0000 -1.0000
vn -0.7468 -0.6650 -0.0000
vn 0.7972 -0.6037 -0.0000
vn -0.9670 -0.2548 -0.0000
vn 0.5113 -0.8594 -0.0000
vn -0.9973 0.0737 -0.0000
vn -0.9276 -0.3736 -0.0000
vn -0.7081 0.7061 -0.0000
vn 0.9520 0.3062 -0.0000
vn -0.6915 -0.7223 -0.0000
vn -0.8383 0.5451 -0.0000
vn 0.9555 0.2948 -0.0000
vn -0.9281 -0.3723 -0.0000
vn 0.7192 -0.6948 -0.0000
vn 0.8144 -0.5804 -0.0000
vn 0.9834 0.1814 -0.0000
vn -0.7072 -0.7070 -0.0000
vn 0.7295 0.6839 -0.0000
vn -0.7231 -0.6908 -0.0000
vn 0.9968 -0.0800 -0.0000
vn 0.3981 0.9173 -0.0000
vn -0.6588 -0.7523 -0.0000
vn -0.6944 -0.7196 -0.0000
vn -0.9294 -0.3690 -0.0000
vn 0.0549 0.9985 -0.0000
vn -0.8258 0.5639 -0.0000
vn -0.8182 -0.5749 -0.0000
vn 0.9808 0.1950 -0.0000
vn 0.8281 -0.5606 -0.0000
vn -0.9550 -0.2966 -0.0000
vn -0.0554 0.9985 -0.0000
vn -0.6493 0.7605 -0.0000
vn 0.9251 0.3797 -0.0000
vn 0.1678 0.9858 -0.0000
vn 0.7624 -0.6471 -0.0000
vn -0.9314 -0.3640 -0.0000
vn -0.8428 0.5382 -0.0000
vn 0.9782 0.2078 -0.0000
vn 0.6586 0.7525 -0.0000
vn -0.9274 -0.3742 -0.0000
vn -0.1727 0.9850 -0.0000
vn -0.8333 0.5527 -0.0000
vn 0.8922 0.4517 -0.0000
vn 0.2825 0.9593 -0.0000
vn 0.8393 -0.5436 -0.0000
vn -0.9339 -0.3574 -0.0000
vn -0.9515 -0.3076 -0.0000
vn 0.8538 0.5207 -0.0000
vn 0.9756 0.2197 -0.0000
vn 0.9989 0.0465 -0.0000
vn 0.9330 0.3598 -0.0000
vn -0.8472 0.5312 -0.0000
vn 0.9963 0.0857 -0.0000
vn -0.8917 -0.4526 -0.0000
vn -0.9369 -0.3496 -0.0000
vn -0.2947 0.9556 -0.0000
vn -0.5887 0.8084 -0.0000
vn 0.8110 0.5851 -0.0000
vn 0.9731 0.2305 -0.0000
vn -0.1922 0.9814 -0.0000
vn -0.9976 -0.0695 -0.0000
vn -0.7651 -0.6439 -0.0000
vn 0.3966 0.9180 -0.0000
vn -0.8396 0.5432 -0.0000
vn 0.7130 -0.7012 -0.0000
vn -0.8483 -0.5295 -0.0000
vn -0.9401 -0.3408 -0.0000
vn 0.8220 -0.5696 -0.0000
vn 0.7651 0.6439 -0.0000
vn 0.9707 0.2401 -0.0000
vn 0.5839 0.8118 -0.0000
vn -0.4168 0.9090 -0.0000
vn 0.9946 0.1034 -0.0000
vn 0.5079 0.8614 -0.0000
vn -0.7981 -0.6025 -0.0000
vn -0.9435 -0.3312 -0.0000
vn 0.8487 -0.5289 -0.0000
vn -0.5271 0.8498 -0.0000
vn 0.7178 0.6963 -0.0000
vn -0.9470 -0.3213 -0.0000
vn -0.5341 0.8454 -0.0000
vn -0.7053 -0.7089 -0.0000
vn 0.6705 0.7419 -0.0000
vn 0.9686 0.2486 -0.0000
vn 0.9895 0.1444 -0.0000
vn -0.8517 0.5240 -0.0000
vn 0.6604 -0.7510 -0.0000
vn 0.6138 0.7895 -0.0000
vn -0.8450 0.5347 -0.0000
vn 0.5090 0.8608 -0.0000
vn -0.7428 -0.6696 -0.0000
vn -0.9504 -0.3110 -0.0000
vn 0.9926 0.1210 -0.0000
vn 0.6248 0.7808 -0.0000
vn 0.9596 0.2814 -0.0000
vn -0.6417 0.7670 -0.0000
vn 0.8333 -0.5529 -0.0000
vn -0.9303 -0.3669 -0.0000
vn 0.6202 0.7844 -0.0000
vn 0.7120 0.7022 -0.0000
vn 0.9018 0.4321 -0.0000
vn -0.9537 -0.3008 -0.0000
vn 0.5952 0.8036 -0.0000
vn 0.9690 0.2469 -0.0000
vn -0.9319 -0.3628 -0.0000
vn -0.9547 -0.2976 -0.0000
vn 0.8566 -0.5159 -0.0000
vn -0.4655 0.8850 -0.0000
vn 0.5714 0.8207 -0.0000
vn 0.9570 0.2902 -0.0000
vn -0.9766 -0.2151 -0.0000
vn 0.9904 0.1384 -0.0000
vn -0.6407 -0.7678 -0.0000
vn 0.7999 0.6002 -0.0000
vn 0.4365 0.8997 -0.0000
vn -0.6843 -0.7292 -0.0000
vn -0.9535 -0.3015 -0.0000
vn 0.5485 0.8361 -0.0000
vn 0.9551 0.2961 -0.0000
vn -0.8565 0.5161 -0.0000
vn 0.6053 -0.7960 -0.0000
vn 0.5263 0.8503 -0.0000
vn -0.8500 0.5268 -0.0000
vn -0.9525 -0.3045 -0.0000
vn -0.7360 0.6770 -0.0000
vn -0.4047 0.9144 -0.0000
vn 0.5045 0.8634 -0.0000
vn 0.9536 0.3010 -0.0000
vn -0.9330 -0.3598 -0.0000
vn 0.3687 0.9296 -0.0000
vn -0.0535 -0.9986 -0.0000
vn 0.8424 -0.5389 -0.0000
vn 0.4828 0.8757 -0.0000
vn 0.0631 -0.9980 -0.0000
vn -0.9517 -0.3071 -0.0000
vn 0.9878 0.1559 -0.0000
vn -0.5737 -0.8191 -0.0000
vn 0.4610 0.8874 -0.0000
vn 0.9522 0.3055 -0.0000
vn -0.1612 -0.9869 -0.0000
vn -0.3452 0.9385 -0.0000
vn 0.4388 0.8986 -0.0000
vn 0.1939 -0.9810 -0.0000
vn -0.9341 -0.3570 -0.0000
vn -0.9509 -0.3096 -0.0000
vn 0.8635 -0.5044 -0.0000
vn -0.9014 -0.4330 -0.0000
vn 0.4161 0.9093 -0.0000
vn 0.9507 0.3100 -0.0000
vn 0.8596 0.5110 -0.0000
vn -0.2684 -0.9633 -0.0000
vn 0.9849 0.1733 -0.0000
vn 0.3925 0.9198 -0.0000
vn 0.9364 0.3510 -0.0000
vn 0.5488 -0.8360 -0.0000
vn -0.9500 -0.3124 -0.0000
vn 0.3676 0.9300 -0.0000
vn 0.4129 0.9108 -0.0000
vn 0.3258 -0.9455 -0.0000
vn -0.8618 0.5072 -0.0000
vn 0.3066 0.9518 -0.0000
vn -0.8317 0.5553 -0.0000
vn -0.8548 0.5190 -0.0000
vn -0.6251 -0.7806 -0.0000
vn 0.9491 0.3148 -0.0000
vn -0.3743 -0.9273 -0.0000
vn -0.2873 0.9578 -0.0000
vn 0.5636 -0.8260 -0.0000
vn 0.8749 0.4843 -0.0000
vn -0.9351 -0.3543 -0.0000
vn -0.5670 -0.8237 -0.0000
vn 0.8499 -0.5269 -0.0000
vn -0.5065 -0.8622 -0.0000
vn -0.9489 -0.3155 -0.0000
vn -0.4783 -0.8782 -0.0000
vn 0.9816 0.1910 -0.0000
vn -0.2314 0.9729 -0.0000
vn -0.8446 0.5353 -0.0000
vn 0.4915 -0.8709 -0.0000
vn 0.8014 -0.5981 -0.0000
vn -0.8151 0.5794 -0.0000
vn 0.4534 -0.8913 -0.0000
vn -0.9361 -0.3517 -0.0000
vn 0.2507 0.9681 -0.0000
vn 0.8174 -0.5761 -0.0000
vn 0.8695 -0.4939 -0.0000
vn -0.5796 -0.8149 -0.0000
vn -0.7208 -0.6931 -0.0000
vn -0.8544 0.5195 -0.0000
vn 0.5718 -0.8204 -0.0000
vn -0.8679 0.4968 -0.0000
vn 0.9473 0.3204 -0.0000
vn 0.9780 0.2088 -0.0000
vn -0.4414 -0.8973 -0.0000
vn 0.8302 -0.5574 -0.0000
vn -0.6768 -0.7362 -0.0000
vn 0.8564 -0.5163 -0.0000
vn -0.7436 -0.6687 -0.0000
vn 0.8913 0.4534 -0.0000
vn 0.7444 -0.6677 -0.0000
vn -0.9477 -0.3192 -0.0000
vn 0.9344 0.3562 -0.0000
vn -0.8595 0.5112 -0.0000
vn 0.8409 -0.5412 -0.0000
vn -0.7620 -0.6476 -0.0000
vn -0.9371 -0.3492 -0.0000
vn 0.3682 -0.9297 -0.0000
vn -0.9317 -0.3633 -0.0000
vn 0.9739 0.2269 -0.0000
vn 0.7666 -0.6421 -0.0000
vn -0.7681 -0.6403 -0.0000
vn -0.8624 0.5063 -0.0000
vn 0.6769 -0.7360 -0.0000
vn -0.9380 -0.3467 -0.0000
vn 0.4037 -0.9149 -0.0000
vn 0.8577 -0.5141 -0.0000
vn 0.8748 -0.4844 -0.0000
vn 0.4309 -0.9024 -0.0000
vn 0.9450 0.3272 -0.0000
vn -0.8784 0.4779 -0.0000
vn -0.8751 0.4839 -0.0000
vn 0.4531 -0.8914 -0.0000
vn -0.8503 -0.5263 -0.0000
vn 0.9694 0.2455 -0.0000
vn -0.9461 -0.3238 -0.0000
vn 0.8349 0.5504 -0.0000
vn 0.4725 -0.8813 -0.0000
vn 0.8645 -0.5026 -0.0000
vn 0.8621 -0.5068 -0.0000
vn 0.9759 0.2181 -0.0000
vn 0.4903 -0.8715 -0.0000
vn -0.8692 0.4945 -0.0000
vn 0.7664 -0.6423 -0.0000
vn 0.5076 -0.8616 -0.0000
vn 0.8706 -0.4921 -0.0000
vn 0.5254 -0.8508 -0.0000
vn 0.8760 -0.4823 -0.0000
vn -0.9193 -0.3936 -0.0000
vn 0.5447 -0.8386 -0.0000
vn 0.2780 0.9606 -0.0000
vn -0.9697 -0.2443 -0.0000
vn -0.9441 -0.3298 -0.0000
vn 0.5668 -0.8238 -0.0000
vn -0.7835 0.6214 -0.0000
vn -0.9269 0.3754 -0.0000
vn 0.2576 0.9663 -0.0000
vn -0.8753 0.4835 -0.0000
vn 0.7691 0.6392 -0.0000
vn 0.5938 -0.8046 -0.0000
vn 0.9419 0.3358 -0.0000
vn 0.2356 0.9718 -0.0000
vn 0.8396 -0.5432 -0.0000
vn 0.6287 -0.7776 -0.0000
vn 0.8810 -0.4731 -0.0000
vn -0.8628 -0.5056 -0.0000
vn 0.2131 0.9770 -0.0000
vn 0.9973 0.0733 -0.0000
vn 0.4344 -0.9007 -0.0000
vn 0.8857 -0.4643 -0.0000
vn 0.1910 0.9816 -0.0000
vn 0.7846 -0.6200 -0.0000
vn -0.9966 -0.0827 -0.0000
vn 0.1697 0.9855 -0.0000
vn -0.8812 0.4727 -0.0000
vn -0.8626 -0.5058 -0.0000
vn -0.7776 -0.6288 -0.0000
vn 0.1498 0.9887 -0.0000
vn -0.9411 -0.3381 -0.0000
vn 0.8000 -0.6000 -0.0000
vn 0.9377 0.3474 -0.0000
vn -0.9953 0.0966 -0.0000
vn 0.1313 0.9913 -0.0000
vn 0.6967 0.7174 -0.0000
vn 0.8900 -0.4559 -0.0000
vn -0.7914 -0.6113 -0.0000
vn 0.1144 0.9934 -0.0000
vn 0.8970 -0.4420 -0.0000
vn 0.1316 0.9913 -0.0000
vn -0.3797 -0.9251 -0.0000
vn 0.0989 0.9951 -0.0000
vn 0.9964 -0.0843 -0.0000
vn 0.8139 -0.5810 -0.0000
vn 0.0850 0.9964 -0.0000
vn -0.8871 0.4615 -0.0000
vn 0.1258 0.9921 -0.0000
vn -0.9618 0.2738 -0.0000
vn -0.8041 -0.5945 -0.0000
vn 0.0723 0.9974 -0.0000
vn 0.3781 -0.9258 -0.0000
vn 0.1213 0.9926 -0.0000
vn -0.9564 0.2922 -0.0000
vn 0.0771 0.9970 -0.0000
vn 0.6207 0.7840 -0.0000
vn 0.8270 -0.5622 -0.0000
vn 0.1175 0.9931 -0.0000
vn 0.0597 0.9982 -0.0000
vn 0.9400 -0.3413 -0.0000
vn -0.8163 -0.5777 -0.0000
vn 0.0506 0.9987 -0.0000
vn -0.9366 -0.3504 -0.0000
vn 0.8400 -0.5426 -0.0000
vn 0.1143 0.9934 -0.0000
vn -0.8806 0.4739 -0.0000
vn 0.0449 0.9990 -0.0000
vn 0.9313 0.3643 -0.0000
vn -0.7728 -0.6346 -0.0000
vn -0.8283 -0.5602 -0.0000
vn 0.0408 0.9992 -0.0000
vn 0.5439 0.8391 -0.0000
vn 0.1114 0.9938 -0.0000
vn -0.3225 -0.9466 -0.0000
vn 0.0376 0.9993 -0.0000
vn 0.9666 -0.2563 -0.0000
vn 0.8533 -0.5215 -0.0000
vn 0.1088 0.9941 -0.0000
vn 0.0347 0.9994 -0.0000
vn 0.3231 -0.9464 -0.0000
vn 0.1063 0.9943 -0.0000
vn -0.9847 0.1742 -0.0000
vn 0.9993 -0.0361 -0.0000
vn 0.1039 0.9946 -0.0000
vn -0.7791 0.6268 -0.0000
vn -0.8407 -0.5414 -0.0000
vn -0.1204 0.9927 -0.0000
vn 0.9701 -0.2426 -0.0000
vn 0.8674 -0.4977 -0.0000
vn 0.0319 0.9995 -0.0000
vn 0.1015 0.9948 -0.0000
vn 0.4685 0.8834 -0.0000
vn -0.8540 -0.5203 -0.0000
vn -0.1041 0.9946 -0.0000
vn -0.8934 0.4492 -0.0000
vn 0.8829 -0.4696 -0.0000
vn 0.0990 0.9951 -0.0000
vn -0.6661 0.7458 -0.0000
vn -0.0898 0.9960 -0.0000
vn 0.3961 0.9182 -0.0000
vn 0.9004 -0.4350 -0.0000
vn 0.0289 0.9996 -0.0000
vn 0.0963 0.9954 -0.0000
vn 0.9066 -0.4220 -0.0000
vn 0.9207 -0.3902 -0.0000
vn -0.2702 -0.9628 -0.0000
vn -0.0772 0.9970 -0.0000
vn 0.0599 0.9982 -0.0000
vn 0.2698 -0.9629 -0.0000
vn -0.5528 0.8333 -0.0000
vn -0.8852 -0.4653 -0.0000
vn -0.0657 0.9978 -0.0000
vn 0.0338 0.9994 -0.0000
vn 0.0252 0.9997 -0.0000
vn -0.6682 -0.7439 -0.0000
vn -0.8686 -0.4956 -0.0000
vn 0.0321 0.9995 -0.0000
vn 0.9891 -0.1471 -0.0000
vn 0.1882 0.9821 -0.0000
vn -0.0553 0.9985 -0.0000
vn 0.0297 0.9996 -0.0000
vn -0.0073 1.0000 -0.0000
vn -0.0458 0.9990 -0.0000
vn 0.0266 0.9996 -0.0000
vn -0.4456 0.8953 -0.0000
vn -0.2015 0.9795 -0.0000
vn 0.0197 0.9998 -0.0000
vn 0.8213 -0.5705 -0.0000
vn 0.3616 0.9323 -0.0000
vn 0.0228 0.9997 -0.0000
vn -0.0369 0.9993 -0.0000
vn 0.9872 -0.1592 -0.0000
vn -0.3470 0.9379 -0.0000
vn -0.3717 0.9284 -0.0000
vn 0.5004 0.8658 -0.0000
vn -0.0284 0.9996 -0.0000
vn -0.0276 0.9996 -0.0000
vn -0.2574 0.9663 -0.0000
vn 0.0183 0.9998 -0.0000
vn 0.1506 0.9886 -0.0000
vn -0.0202 0.9998 -0.0000
vn -0.5071 0.8619 -0.0000
vn 0.0096 1.0000 -0.0000
vn 0.6044 0.7967 -0.0000
vn -0.0173 0.9999 -0.0000
vn -0.1759 0.9844 -0.0000
vn 0.0130 0.9999 -0.0000
vn 0.1360 0.9907 -0.0000
vn -0.0122 0.9999 -0.0000
vn -0.6088 0.7933 -0.0000
vn 0.1217 0.9926 -0.0000
vn 0.6799 0.7333 -0.0000
vn -0.0042 1.0000 -0.0000
vn -0.0081 1.0000 -0.0000
vn -0.1365 -0.9906 -0.0000
vn 0.0069 1.0000 -0.0000
vn 0.1077 0.9942 -0.0000
vn -0.6832 0.7302 -0.0000
vn -0.1272 -0.9919 -0.0000
vn 0.0939 0.9956 -0.0000
vn 0.7341 0.6790 -0.0000
vn -0.0001 1.0000 -0.0000
vn -0.1182 -0.9930 -0.0000
vn -0.1013 0.9949 -0.0000
vn -0.7218 0.6921 -0.0000
vn -0.1096 -0.9940 -0.0000
vn -0.1432 -0.9897 -0.0000
vn 0.7690 0.6392 -0.0000
vn -0.5560 -0.8312 -0.0000
vn -0.1014 -0.9948 -0.0000
vn -0.1391 -0.9903 -0.0000
vn 0.0805 0.9968 -0.0000
vn -0.7361 0.6768 -0.0000
vn -0.0934 -0.9956 -0.0000
vn -0.1331 -0.9911 -0.0000
vn 0.0673 0.9977 -0.0000
vn 0.7769 0.6296 -0.0000
vn -0.0857 -0.9963 -0.0000
vn -0.1252 -0.9921 -0.0000
vn 0.0545 0.9985 -0.0000
vn -0.1153 -0.9933 -0.0000
vn 0.0419 0.9991 -0.0000
vn -0.0781 -0.9969 -0.0000
vn -0.7466 0.6653 -0.0000
vn -0.0325 0.9995 -0.0000
vn -0.2083 -0.9781 -0.0000
vn -0.5823 -0.8130 -0.0000
vn 0.0296 0.9996 -0.0000
vn 0.0410 -0.9992 -0.0000
vn -0.0707 -0.9975 -0.0000
vn -0.1257 -0.9921 -0.0000
vn 0.0175 0.9998 -0.0000
vn 0.2757 -0.9612 -0.0000
vn 0.9068 -0.4217 -0.0000
vn -0.5773 -0.8166 -0.0000
vn 0.0058 1.0000 -0.0000
vn 0.7820 0.6232 -0.0000
vn -0.0634 -0.9980 -0.0000
vn -0.9005 0.4349 -0.0000
vn -0.4187 -0.9081 -0.0000
vn -0.5743 -0.8187 -0.0000
vn -0.1212 -0.9926 -0.0000
vn 0.4562 -0.8899 -0.0000
vn -0.0562 -0.9984 -0.0000
vn 0.6094 -0.7928 -0.0000
vn -0.1179 -0.9930 -0.0000
vn 0.9097 -0.4152 -0.0000
vn -0.7541 0.6568 -0.0000
vn -0.5733 -0.8193 -0.0000
vn -0.4424 -0.8968 -0.0000
vn 0.4991 -0.8665 -0.0000
vn -0.5673 -0.8235 -0.0000
vn -0.1152 -0.9933 -0.0000
vn -0.9389 -0.3441 -0.0000
vn 0.5794 -0.8151 -0.0000
vn -0.0504 -0.9987 -0.0000
vn -0.1130 -0.9936 -0.0000
vn -0.3321 -0.9432 -0.0000
vn -0.8644 0.5029 -0.0000
vn -0.0486 -0.9988 -0.0000
vn 0.9127 -0.4087 -0.0000
vn 0.3928 -0.9196 -0.0000
vn 0.9644 0.2645 -0.0000
vn -0.6626 -0.7489 -0.0000
vn 0.6596 -0.7516 -0.0000
vn -0.0474 -0.9989 -0.0000
vn -0.1030 -0.9947 -0.0000
vn -0.2278 -0.9737 -0.0000
vn -0.9399 -0.3415 -0.0000
vn -0.0465 -0.9989 -0.0000
vn 0.2930 -0.9561 -0.0000
vn 0.8797 -0.4756 -0.0000
vn -0.7213 -0.6926 -0.0000
vn -0.1110 -0.9938 -0.0000
vn 0.7116 -0.7025 -0.0000
vn -0.0457 -0.9990 -0.0000
vn 0.2005 -0.9797 -0.0000
vn -0.9089 0.4171 -0.0000
vn -0.8842 0.4672 -0.0000
vn 0.7849 0.6196 -0.0000
vn 0.9155 -0.4022 -0.0000
vn -0.1309 -0.9914 -0.0000
vn -0.9409 -0.3386 -0.0000
vn -0.0451 -0.9990 -0.0000
vn 0.1152 -0.9933 -0.0000
vn 0.8672 -0.4979 -0.0000
vn -0.7592 0.6509 -0.0000
vn -0.1090 -0.9940 -0.0000
vn -0.0444 -0.9990 -0.0000
vn 0.0367 -0.9993 -0.0000
vn 0.9588 0.2841 -0.0000
vn -0.7564 -0.6541 -0.0000
vn -0.1069 -0.9943 -0.0000
vn -0.0417 -0.9991 -0.0000
vn 0.7537 -0.6572 -0.0000
vn -0.0437 -0.9990 -0.0000
vn 0.9184 -0.3957 -0.0000
vn 0.3956 0.9184 -0.0000
vn -0.8696 0.4938 -0.0000
vn -0.0428 -0.9991 -0.0000
vn -0.8047 0.5937 -0.0000
vn 0.8841 -0.4673 -0.0000
vn -0.7853 -0.6191 -0.0000
vn -0.1046 -0.9945 -0.0000
vn -0.0416 -0.9991 -0.0000
vn -0.8214 0.5704 -0.0000
vn 0.8882 -0.4594 -0.0000
vn -0.7622 0.6474 -0.0000
vn -0.1018 -0.9948 -0.0000
vn -0.4061 -0.9138 -0.0000
vn 0.7860 0.6182 -0.0000
vn -0.0395 -0.9992 -0.0000
vn 0.9212 -0.3891 -0.0000
vn -0.8361 0.5486 -0.0000
vn 0.8263 -0.5632 -0.0000
vn -0.9420 -0.3356 -0.0000
vn 0.7608 -0.6490 -0.0000
vn 0.9604 0.2785 -0.0000
vn -0.5771 -0.8166 -0.0000
vn -0.0982 -0.9952 -0.0000
vn -0.8493 0.5279 -0.0000
vn -0.7899 -0.6133 -0.0000
vn -0.5819 -0.8133 -0.0000
vn -0.9195 0.3932 -0.0000
vn 0.8372 -0.5469 -0.0000
vn -0.9432 -0.3322 -0.0000
vn 0.7654 -0.6436 -0.0000
vn 0.6585 0.7526 -0.0000
vn -0.0881 -0.9961 -0.0000
vn 0.8721 -0.4894 -0.0000
vn -0.0929 -0.9957 -0.0000
vn 0.8470 -0.5315 -0.0000
vn 0.9240 -0.3823 -0.0000
vn -0.7633 0.6460 -0.0000
vn -0.5885 -0.8085 -0.0000
vn -0.8754 0.4835 -0.0000
vn 0.7854 0.6190 -0.0000
vn -0.8616 0.5077 -0.0000
vn -0.5969 -0.8023 -0.0000
vn -0.1456 -0.9893 -0.0000
vn 0.8561 -0.5168 -0.0000
vn -0.9456 -0.3253 -0.0000
vn 0.9563 0.2925 -0.0000
vn -0.7928 -0.6095 -0.0000
vn -0.6071 -0.7946 -0.0000
vn -0.1464 -0.9892 -0.0000
vn 0.7683 -0.6400 -0.0000
vn -0.8730 0.4877 -0.0000
vn -0.6191 -0.7853 -0.0000
vn 0.8646 -0.5025 -0.0000
vn -0.9457 -0.3251 -0.0000
vn 0.6539 0.7565 -0.0000
vn -0.1392 -0.9903 -0.0000
vn -0.7626 0.6468 -0.0000
vn -0.1431 -0.9897 -0.0000
vn -0.8820 0.4713 -0.0000
vn -0.0490 -0.9988 -0.0000
vn 0.9269 -0.3754 -0.0000
vn -0.8840 0.4674 -0.0000
vn 0.8767 -0.4810 -0.0000
vn -0.7945 -0.6073 -0.0000
vn -0.0537 -0.9986 -0.0000
vn 0.8727 -0.4883 -0.0000
vn 0.7831 0.6219 -0.0000
vn 0.9298 -0.3682 -0.0000
vn 0.9517 0.3069 -0.0000
vn -0.6328 -0.7743 -0.0000
vn 0.7700 -0.6380 -0.0000
vn 0.9327 -0.3607 -0.0000
vn -0.8948 0.4464 -0.0000
vn -0.6139 -0.7894 -0.0000
vn 0.8804 -0.4742 -0.0000
vn -0.9452 -0.3266 -0.0000
vn 0.6509 0.7592 -0.0000
vn 0.9357 -0.3527 -0.0000
vn -0.7601 0.6498 -0.0000
vn 0.8880 -0.4597 -0.0000
vn -0.8899 0.4562 -0.0000
vn 0.9389 -0.3441 -0.0000
vn 0.8814 -0.4723 -0.0000
vn -0.7953 -0.6062 -0.0000
vn -0.6252 -0.7804 -0.0000
vn -0.4122 -0.9111 -0.0000
vn 0.7788 0.6272 -0.0000
vn 0.6486 0.7611 -0.0000
vn 1.0000 -0.0000 -0.0000
vn -0.9056 0.4241 -0.0000
vn 0.9468 0.3218 -0.0000
vn 0.8956 -0.4449 -0.0000
vn 0.7706 -0.6373 -0.0000
vn -0.0649 0.9979 -0.0000
vn -0.6320 -0.7750 -0.0000
vn 0.0892 0.9960 -0.0000
vn -0.9441 -0.3295 -0.0000
vn -0.9166 0.3997 -0.0000
vn 0.8863 -0.4631 -0.0000
vn -0.7556 0.6550 -0.0000
vn -0.6363 -0.7714 -0.0000
vn -1.0000 -0.0000 -0.0000
vn 0.9032 -0.4292 -0.0000
vn 0.6468 0.7627 -0.0000
vn 0.8915 -0.4529 -0.0000
vn -0.7954 -0.6061 -0.0000
vn -0.0616 0.9981 -0.0000
vn 0.7723 0.6353 -0.0000
vn 0.0854 0.9963 -0.0000
vn -0.9280 0.3725 -0.0000
vn -0.6393 -0.7690 -0.0000
vn 0.9110 -0.4125 -0.0000
vn -0.9426 -0.3339 -0.0000
vn 0.7703 -0.6377 -0.0000
vn 0.6453 0.7639 -0.0000
vn 0.9415 0.3371 -0.0000
vn -0.0578 0.9983 -0.0000
vn 0.6439 0.7651 -0.0000
vn 0.0802 0.9968 -0.0000
vn -0.9401 0.3410 -0.0000
vn -0.7488 0.6628 -0.0000
vn 0.9190 -0.3943 -0.0000
vn -0.9406 -0.3396 -0.0000
vn 0.9356 0.3531 -0.0000
vn -0.7948 -0.6069 -0.0000
vn -0.6413 -0.7673 -0.0000
vn -0.0537 0.9986 -0.0000
vn 0.7626 0.6469 -0.0000
vn 0.6427 0.7661 -0.0000
vn 0.0741 0.9973 -0.0000
vn -0.9380 -0.3466 -0.0000
vn 0.7691 -0.6391 -0.0000
vn -0.6426 -0.7662 -0.0000
vn -0.0491 0.9988 -0.0000
vn -0.9350 -0.3547 -0.0000
vn 0.6414 0.7672 -0.0000
vn 0.0671 0.9977 -0.0000
vn 0.9291 0.3697 -0.0000
vn -0.7392 0.6735 -0.0000
vn 0.7486 0.6631 -0.0000
vn -0.6434 -0.7655 -0.0000
vn -0.0442 0.9990 -0.0000
vn -0.9314 -0.3641 -0.0000
vn 0.6400 0.7684 -0.0000
vn 0.0594 0.9982 -0.0000
vn 0.9221 0.3871 -0.0000
vn -0.7934 -0.6087 -0.0000
vn 0.7670 -0.6416 -0.0000
vn -0.6437 -0.7652 -0.0000
vn -0.0389 0.9992 -0.0000
vn -0.9272 -0.3746 -0.0000
vn 0.6383 0.7698 -0.0000
vn 0.0513 0.9987 -0.0000
vn 0.9143 0.4051 -0.0000
vn -0.7374 0.6754 -0.0000
vn 0.7277 0.6858 -0.0000
vn -0.6436 -0.7654 -0.0000
vn -0.0331 0.9995 -0.0000
vn -0.9223 -0.3864 -0.0000
vn 0.6362 0.7716 -0.0000
vn 0.0426 0.9991 -0.0000
vn -0.7912 -0.6116 -0.0000
vn -0.9168 -0.3993 -0.0000
vn 0.7640 -0.6452 -0.0000
vn 0.6447 0.7645 -0.0000
vn 1.0000 0.0068 -0.0000
vn 0.9056 0.4240 -0.0000
vn -0.0268 0.9996 -0.0000
vn 0.0336 0.9994 -0.0000
vn 0.1248 0.9922 -0.0000
vn -0.7335 0.6797 -0.0000
vn -0.6428 -0.7660 -0.0000
vn 0.7069 0.7073 -0.0000
vn 0.6436 0.7653 -0.0000
vn -0.0199 0.9998 -0.0000
vn -0.9996 -0.0286 -0.0000
vn 0.1043 0.9946 -0.0000
vn 0.7058 0.7085 -0.0000
vn 0.0095 1.0000 -0.0000
vn 0.0243 0.9997 -0.0000
vn 0.9997 0.0237 -0.0000
vn 0.0873 0.9962 -0.0000
vn -0.0505 0.9987 -0.0000
vn 0.9953 0.0972 -0.0000
vn -0.7879 -0.6158 -0.0000
vn 0.0295 0.9996 -0.0000
vn -0.0125 0.9999 -0.0000
vn 0.0730 0.9973 -0.0000
vn 0.7033 0.7109 -0.0000
vn 0.0147 0.9999 -0.0000
vn 0.0509 0.9987 -0.0000
vn 0.0607 0.9982 -0.0000
vn 0.7599 -0.6500 -0.0000
vn -0.9951 -0.0990 -0.0000
vn 0.0739 0.9973 -0.0000
vn -0.0043 1.0000 -0.0000
vn 0.9947 0.1026 -0.0000
vn 0.0500 0.9988 -0.0000
vn 0.0049 1.0000 -0.0000
vn -0.7295 0.6840 -0.0000
vn 0.0983 0.9952 -0.0000
vn 0.0405 0.9992 -0.0000
vn 0.6994 0.7147 -0.0000
vn -0.9942 -0.1074 -0.0000
vn 0.0320 0.9995 -0.0000
vn 0.6940 0.7200 -0.0000
vn -0.1545 0.9880 -0.0000
vn -0.9988 -0.0486 -0.0000
vn 0.1242 0.9923 -0.0000
vn 0.9990 0.0457 -0.0000
vn -0.7833 -0.6217 -0.0000
vn 0.9941 0.1088 -0.0000
vn 0.0171 0.9999 -0.0000
vn 0.6870 0.7267 -0.0000
vn 0.1517 0.9884 -0.0000
vn 0.0102 0.9999 -0.0000
vn 0.7545 -0.6562 -0.0000
vn -0.9933 -0.1156 -0.0000
vn 0.1807 0.9835 -0.0000
vn 0.9933 0.1157 -0.0000
vn 0.0035 1.0000 -0.0000
vn -0.7252 0.6885 -0.0000
vn 0.6428 0.7660 -0.0000
vn 0.6783 0.7348 -0.0000
vn -0.9923 -0.1235 -0.0000
vn 0.9924 0.1233 -0.0000
vn 0.6680 0.7442 -0.0000
vn -0.2615 0.9652 -0.0000
vn 0.8961 0.4438 -0.0000
vn 0.2112 0.9775 -0.0000
vn 0.6562 0.7546 -0.0000
vn -0.9914 -0.1312 -0.0000
vn 0.8856 0.4645 -0.0000
vn 0.2431 0.9700 -0.0000
vn 0.9913 0.1318 -0.0000
vn 0.8610 0.5085 -0.0000
vn -0.7766 -0.6300 -0.0000
vn 0.2763 0.9611 -0.0000
vn 0.6430 0.7659 -0.0000
vn -0.9903 -0.1386 -0.0000
vn 0.3109 0.9504 -0.0000
vn 0.0536 -0.9986 -0.0000
vn 0.7486 -0.6630 -0.0000
vn -0.9974 -0.0721 -0.0000
vn 0.9974 0.0727 -0.0000
vn 0.0605 -0.9982 -0.0000
vn -0.3702 0.9290 -0.0000
vn -0.0885 -0.9961 -0.0000
vn 0.8490 0.5285 -0.0000
vn -0.7207 0.6933 -0.0000
vn 0.9900 0.1409 -0.0000
vn 0.6285 0.7778 -0.0000
vn 0.6421 0.7666 -0.0000
vn -0.0753 -0.9972 -0.0000
vn 0.0281 -0.9996 -0.0000
vn 0.6131 0.7900 -0.0000
vn -0.0645 -0.9979 -0.0000
vn -0.9893 -0.1459 -0.0000
vn -0.4791 0.8777 -0.0000
vn 0.9885 0.1510 -0.0000
vn 0.0325 -0.9995 -0.0000
vn -0.0553 -0.9985 -0.0000
vn -0.7794 -0.6265 -0.0000
vn 0.0372 -0.9993 -0.0000
vn 0.7118 -0.7023 -0.0000
vn -0.0472 -0.9989 -0.0000
vn -0.9883 -0.1528 -0.0000
vn -0.8114 -0.5844 -0.0000
vn 0.9868 0.1618 -0.0000
vn 0.0421 -0.9991 -0.0000
vn -0.0399 -0.9992 -0.0000
vn -0.8074 -0.5901 -0.0000
vn -0.5863 0.8101 -0.0000
vn 0.0475 -0.9989 -0.0000
vn -0.0331 -0.9995 -0.0000
vn -0.9872 -0.1596 -0.0000
vn 0.8369 0.5474 -0.0000
vn -0.8038 -0.5949 -0.0000
vn -0.0366 -0.9993 -0.0000
vn 0.9848 0.1734 -0.0000
vn 0.0476 -0.9989 -0.0000
vn -0.0268 -0.9996 -0.0000
vn -0.8006 -0.5991 -0.0000
vn 0.6407 0.7678 -0.0000
vn -0.0207 -0.9998 -0.0000
vn -0.9861 -0.1660 -0.0000
vn -0.7978 -0.6030 -0.0000
vn -0.0148 -0.9999 -0.0000
vn -0.9950 -0.0995 -0.0000
vn -0.7950 -0.6066 -0.0000
vn -0.1166 -0.9932 -0.0000
vn 0.9945 0.1050 -0.0000
vn 0.1458 -0.9893 -0.0000
vn -0.0089 -1.0000 -0.0000
vn -0.7924 -0.6100 -0.0000
vn 0.9826 0.1859 -0.0000
vn 0.0034 -1.0000 -0.0000
vn -0.0030 -1.0000 -0.0000
vn -0.7899 -0.6132 -0.0000
vn -0.6888 0.7250 -0.0000
vn 0.0094 -1.0000 -0.0000
vn -0.9851 -0.1723 -0.0000
vn -0.7874 -0.6164 -0.0000
vn -0.2035 -0.9791 -0.0000
vn 0.9800 0.1991 -0.0000
vn 0.0146 -0.9999 -0.0000
vn 0.2468 -0.9691 -0.0000
vn -0.7848 -0.6197 -0.0000
vn 0.0193 -0.9998 -0.0000
vn 0.3501 -0.9367 -0.0000
vn -0.9840 -0.1783 -0.0000
vn -0.7822 -0.6230 -0.0000
vn 0.0237 -0.9997 -0.0000
vn 0.7474 -0.6644 -0.0000
vn -0.2932 -0.9561 -0.0000
vn -0.8746 -0.4849 -0.0000
vn 0.9958 0.0919 -0.0000
vn -0.7157 0.6984 -0.0000
vn 0.7456 -0.6664 -0.0000
vn 0.4550 -0.8905 -0.0000
vn -0.9963 -0.0863 -0.0000
vn 0.0071 -1.0000 -0.0000
vn 0.8241 0.5664 -0.0000
vn -0.7103 0.7039 -0.0000
vn -0.3807 -0.9247 -0.0000
vn 0.7432 -0.6691 -0.0000
vn 0.0202 -0.9998 -0.0000
vn -0.9914 -0.1310 -0.0000
vn -0.7831 0.6219 -0.0000
vn 0.9897 0.1428 -0.0000
vn -0.8596 -0.5109 -0.0000
vn 0.5600 -0.8285 -0.0000
vn 0.0317 -0.9995 -0.0000
vn 0.8103 0.5860 -0.0000
vn -0.7042 0.7100 -0.0000
vn 0.7403 -0.6723 -0.0000
vn 0.0416 -0.9991 -0.0000
vn -0.9860 -0.1670 -0.0000
vn -0.4612 -0.8873 -0.0000
vn 0.9824 0.1868 -0.0000
vn -0.8452 -0.5344 -0.0000
vn 0.6393 0.7690 -0.0000
vn 0.0501 -0.9987 -0.0000
vn 0.7948 0.6068 -0.0000
vn -0.6974 0.7167 -0.0000
vn 0.7367 -0.6762 -0.0000
vn 0.6629 -0.7487 -0.0000
vn 0.0572 -0.9984 -0.0000
vn 0.9265 0.3763 -0.0000
vn -0.8310 -0.5563 -0.0000
vn 0.0628 -0.9980 -0.0000
vn 0.9870 0.1609 -0.0000
vn -0.6897 0.7241 -0.0000
vn -0.5311 -0.8473 -0.0000
vn 0.7324 -0.6809 -0.0000
vn 0.7771 0.6294 -0.0000
vn -0.8650 0.5018 -0.0000
vn 0.6384 0.7697 -0.0000
vn -0.8617 0.5074 -0.0000
vn -0.6807 0.7326 -0.0000
vn 0.8926 0.4509 -0.0000
vn -0.9885 -0.1515 -0.0000
vn 0.7272 -0.6864 -0.0000
vn 0.7603 -0.6495 -0.0000
vn -0.8165 -0.5774 -0.0000
vn 0.7563 0.6542 -0.0000
vn -0.6702 0.7421 -0.0000
vn -0.5887 -0.8083 -0.0000
vn 0.7210 -0.6929 -0.0000
vn -0.8154 0.5789 -0.0000
vn -0.9301 0.3673 -0.0000
vn -0.8013 -0.5982 -0.0000
vn 0.8478 -0.5303 -0.0000
vn -0.9781 -0.2081 -0.0000
vn 0.7314 0.6820 -0.0000
vn -0.7519 -0.6592 -0.0000
vn 0.9714 0.2373 -0.0000
vn 0.7137 -0.7005 -0.0000
vn 0.6374 0.7705 -0.0000
vn 0.9725 0.2328 -0.0000
vn 0.0667 -0.9978 -0.0000
vn 0.7047 -0.7095 -0.0000
vn -0.9000 -0.4358 -0.0000
vn 0.6938 -0.7202 -0.0000
vn -0.6338 -0.7735 -0.0000
vn 0.0687 -0.9976 -0.0000
vn 0.8485 -0.5292 -0.0000
vn -0.7851 -0.6194 -0.0000
vn 0.9929 0.1189 -0.0000
vn 0.9198 -0.3925 -0.0000
vn 0.7009 0.7133 -0.0000
vn 0.0684 -0.9977 -0.0000
vn 0.8483 0.5295 -0.0000
vn -0.1961 0.9806 -0.0000
vn 0.6362 0.7715 -0.0000
vn 0.9917 0.1288 -0.0000
vn 0.0648 -0.9979 -0.0000
vn -0.9751 -0.2219 -0.0000
vn 0.0565 -0.9984 -0.0000
vn -0.7638 0.6454 -0.0000
vn 0.9901 0.1406 -0.0000
vn -0.9749 0.2226 -0.0000
vn 0.7936 0.6084 -0.0000
vn -0.7672 -0.6415 -0.0000
vn 0.6629 0.7487 -0.0000
vn 0.9881 0.1537 -0.0000
vn -0.6676 -0.7445 -0.0000
vn -0.8219 0.5696 -0.0000
vn 0.6347 0.7728 -0.0000
vn -0.8633 -0.5047 -0.0000
vn 0.6145 0.7889 -0.0000
vn -0.8282 0.5604 -0.0000
vn 0.8077 -0.5896 -0.0000
vn -0.9280 -0.3726 -0.0000
vn 0.9707 -0.2402 -0.0000
vn 0.9859 0.1675 -0.0000
vn -0.8336 0.5524 -0.0000
vn 0.9520 0.3061 -0.0000
vn -0.8384 0.5451 -0.0000
vn 0.9782 0.2079 -0.0000
vn -0.8333 0.5528 -0.0000
vn 0.9816 0.1909 -0.0000
vn -0.9370 -0.3492 -0.0000
vn -0.7681 -0.6404 -0.0000
vn 0.9694 0.2454 -0.0000
vn 0.2779 0.9606 -0.0000
vn 0.2575 0.9663 -0.0000
vn 0.2356 0.9719 -0.0000
vn -0.0771 0.9970 -0.0000
vn -0.0368 0.9993 -0.0000
vn -0.0041 1.0000 -0.0000
vn 0.1076 0.9942 -0.0000
vn 0.8796 -0.4756 -0.0000
vn -0.0491 -0.9988 -0.0000
vn 0.8768 -0.4809 -0.0000
vn -0.9441 -0.3296 -0.0000
vn -0.9166 0.3998 -0.0000
vn 0.0803 0.9968 -0.0000
vn 0.9190 -0.3944 -0.0000
vn -0.9380 -0.3465 -0.0000
vn 0.0729 0.9973 -0.0000
vn 0.0103 0.9999 -0.0000
vn 0.6680 0.7441 -0.0000
vn 0.2112 0.9774 -0.0000
vn -0.0754 -0.9972 -0.0000
vn -0.0552 -0.9985 -0.0000
vn -0.0471 -0.9989 -0.0000
vn -0.9882 -0.1528 -0.0000
vn -0.8115 -0.5844 -0.0000
vn 0.8368 0.5474 -0.0000
vn 0.0316 -0.9995 -0.0000
vn 0.0566 -0.9984 -0.0000
vt 0.000000 0.127820
vt 0.000000 0.131579
vt 0.000000 0.135338
vt 0.000000 0.124060
vt 0.000000 0.120301
vt 0.000000 0.116541
vt 0.000000 0.112782
vt 0.000000 0.109023
vt 0.000000 0.105263
vt 0.000000 0.101504
vt 0.000000 0.097744
vt 0.000000 0.093985
vt 0.000000 0.090226
vt 0.000000 0.086466
vt 0.000000 0.082707
vt 0.000000 0.078947
vt 0.000000 0.075188
vt 0.000000 0.071429
vt 0.000000 0.067669
vt 0.000000 0.063910
vt 0.000000 0.060150
vt 0.000000 0.815789
vt 0.000000 0.819549
vt 0.000000 0.000000
vt 0.000000 0.056391
vt 0.000000 0.003760
vt 0.000000 0.007519
vt 0.000000 0.052632
vt 0.000000 0.011278
vt 0.000000 0.015038
vt 0.000000 0.048872
vt 0.000000 0.018797
vt 0.000000 0.022557
vt 0.000000 0.045113
vt 0.000000 0.026316
vt 0.000000 0.030075
vt 0.000000 0.033835
vt 0.000000 0.041353
vt 0.000000 0.037594
vt 0.000000 0.812030
vt 0.000000 0.808271
vt 0.000000 0.804511
vt 0.000000 0.800752
vt 0.000000 0.796992
vt 0.000000 0.793233
vt 0.000000 0.789474
vt 0.000000 0.785714
vt 0.000000 0.139098
vt 0.000000 0.781955
vt 0.000000 0.142857
vt 0.000000 0.778195
vt 0.000000 0.146617
vt 0.000000 0.774436
vt 0.000000 0.150376
vt 0.000000 0.766917
vt 0.000000 0.763158
vt 0.000000 0.759398
vt 0.000000 0.755639
vt 0.000000 0.751880
vt 0.000000 0.748120
vt 0.000000 0.154135
vt 0.000000 0.744361
vt 0.000000 0.740601
vt 0.000000 0.736842
vt 0.000000 0.733083
vt 0.000000 0.729323
vt 0.000000 0.725564
vt 0.000000 0.157895
vt 0.000000 0.161654
vt 0.000000 0.721804
vt 0.000000 0.165414
vt 0.000000 0.169173
vt 0.000000 0.172932
vt 0.000000 0.176692
vt 0.000000 0.718045
vt 0.000000 0.770677
vt 0.000000 0.180451
vt 0.000000 0.184211
vt 0.000000 0.714286
vt 0.000000 0.187970
vt 0.000000 0.710526
vt 0.000000 0.191729
vt 0.000000 0.195489
vt 0.000000 0.706767
vt 0.000000 0.199248
vt 0.000000 0.703007
vt 0.000000 0.699248
vt 0.000000 0.203008
vt 0.000000 0.695489
vt 0.000000 0.206767
vt 0.000000 0.691729
vt 0.000000 0.210526
vt 0.000000 0.687970
vt 0.000000 0.214286
vt 0.000000 0.684210
vt 0.000000 0.218045
vt 0.000000 0.680451
vt 0.000000 0.676692
vt 0.000000 0.221805
vt 0.000000 0.672932
vt 0.000000 0.266917
vt 0.000000 0.270677
vt 0.000000 0.274436
vt 0.000000 0.263158
vt 0.000000 0.259399
vt 0.000000 0.255639
vt 0.000000 0.251880
vt 0.000000 0.278196
vt 0.000000 0.248120
vt 0.000000 0.225564
vt 0.000000 0.244361
vt 0.000000 0.240602
vt 0.000000 0.669173
vt 0.000000 0.281955
vt 0.000000 0.236842
vt 0.000000 0.233083
vt 0.000000 0.229323
vt 0.000000 0.285714
vt 0.000000 0.665413
vt 0.000000 0.289474
vt 0.000000 0.661654
vt 0.000000 0.586466
vt 0.000000 0.293233
vt 0.000000 0.590226
vt 0.000000 0.582707
vt 0.000000 0.657895
vt 0.000000 0.593985
vt 0.000000 0.578947
vt 0.000000 0.296992
vt 0.000000 0.597744
vt 0.000000 0.575188
vt 0.000000 0.571429
vt 0.000000 0.601504
vt 0.000000 0.654135
vt 0.000000 0.567669
vt 0.000000 0.605263
vt 0.000000 0.300752
vt 0.000000 0.563910
vt 0.000000 0.609023
vt 0.000000 0.650376
vt 0.000000 0.560150
vt 0.000000 0.612782
vt 0.000000 0.304511
vt 0.000000 0.646617
vt 0.000000 0.556391
vt 0.000000 0.616541
vt 0.000000 0.308271
vt 0.000000 0.552632
vt 0.000000 0.642857
vt 0.000000 0.620301
vt 0.000000 0.548872
vt 0.000000 0.639098
vt 0.000000 0.312030
vt 0.000000 0.624060
vt 0.000000 0.635338
vt 0.000000 0.545113
vt 0.000000 0.315790
vt 0.000000 0.627819
vt 0.000000 0.631579
vt 0.000000 0.541353
vt 0.000000 0.447368
vt 0.000000 0.451128
vt 0.000000 0.454887
vt 0.000000 0.443609
vt 0.000000 0.458647
vt 0.000000 0.439850
vt 0.000000 0.537594
vt 0.000000 0.462406
vt 0.000000 0.319549
vt 0.000000 0.436090
vt 0.000000 0.466165
vt 0.000000 0.432331
vt 0.000000 0.469925
vt 0.000000 0.533835
vt 0.000000 0.428571
vt 0.000000 0.473684
vt 0.000000 0.424812
vt 0.000000 0.530075
vt 0.000000 0.323308
vt 0.000000 0.421053
vt 0.000000 0.864662
vt 0.000000 0.477444
vt 0.000000 0.868421
vt 0.000000 0.860902
vt 0.000000 0.872180
vt 0.000000 0.857143
vt 0.000000 0.875940
vt 0.000000 0.526316
vt 0.000000 0.853383
vt 0.000000 0.879699
vt 0.000000 0.417293
vt 0.000000 0.883459
vt 0.000000 0.481203
vt 0.000000 0.849624
vt 0.000000 0.887218
vt 0.000000 0.845865
vt 0.000000 0.890977
vt 0.000000 0.522556
vt 0.000000 0.413534
vt 0.000000 0.327068
vt 0.000000 0.894737
vt 0.000000 0.842105
vt 0.000000 0.484962
vt 0.000000 0.898496
vt 0.000000 0.518797
vt 0.000000 0.409774
vt 0.000000 0.838346
vt 0.000000 0.902256
vt 0.000000 0.906015
vt 0.000000 0.488722
vt 0.000000 0.515038
vt 0.000000 0.834586
vt 0.000000 0.406015
vt 0.000000 0.909774
vt 0.000000 0.330827
vt 0.000000 0.913534
vt 0.000000 0.511278
vt 0.000000 0.830827
vt 0.000000 0.402256
vt 0.000000 0.492481
vt 0.000000 0.917293
vt 0.000000 0.507519
vt 0.000000 0.827068
vt 0.000000 0.921053
vt 0.000000 0.334586
vt 0.000000 0.503759
vt 0.000000 0.398496
vt 0.000000 0.496241
vt 0.000000 0.924812
vt 0.000000 0.823308
vt 0.000000 0.500000
vt 0.000000 0.928571
vt 0.000000 0.394737
vt 0.000000 0.932331
vt 0.000000 0.338346
vt 0.000000 1.000000
vt 0.000000 0.936090
vt 0.000000 0.390977
vt 0.000000 0.939849
vt 0.000000 0.943609
vt 0.000000 0.996240
vt 0.000000 0.947368
vt 0.000000 0.992481
vt 0.000000 0.988722
vt 0.000000 0.984962
vt 0.000000 0.981203
vt 0.000000 0.951128
vt 0.000000 0.342105
vt 0.000000 0.977444
vt 0.000000 0.973684
vt 0.000000 0.969925
vt 0.000000 0.966165
vt 0.000000 0.954887
vt 0.000000 0.962406
vt 0.000000 0.958647
vt 0.000000 0.387218
vt 0.000000 0.383459
vt 0.000000 0.345865
vt 0.000000 0.379699
vt 0.000000 0.349624
vt 0.000000 0.375940
vt 0.000000 0.353384
vt 0.000000 0.372180
vt 0.000000 0.368421
vt 0.000000 0.357143
vt 0.000000 0.364662
vt 0.000000 0.360902
vt 0.000002 0.401163
vt 0.000002 0.023256
vt 0.000002 0.029070
vt 0.000002 0.034884
vt 0.000002 0.040698
vt 0.000002 0.395349
vt 0.000002 0.046512
vt 0.000002 0.389535
vt 0.000002 0.383721
vt 0.000002 0.052326
vt 0.000002 0.377907
vt 0.000002 0.058140
vt 0.000002 0.372093
vt 0.000002 0.063954
vt 0.000002 0.366279
vt 0.000002 0.069768
vt 0.000002 0.360465
vt 0.000002 0.354651
vt 0.000002 0.075581
vt 0.000002 0.348837
vt 0.000002 0.081395
vt 0.000002 0.343023
vt 0.000002 0.087209
vt 0.000002 0.337209
vt 0.000002 0.093023
vt 0.000002 0.331395
vt 0.000002 0.319767
vt 0.000002 0.325581
vt 0.000002 0.017442
vt 0.000002 0.098837
vt 0.000002 0.011628
vt 0.000002 0.104651
vt 0.000002 0.000000
vt 0.000002 0.005814
vt 0.000002 0.313953
vt 0.000002 0.110465
vt 0.000002 0.116279
vt 0.000002 0.308140
vt 0.000002 0.587209
vt 0.000002 0.593023
vt 0.000002 0.000000
vt 0.000002 0.005814
vt 0.000002 0.581395
vt 0.000002 0.011628
vt 0.000002 0.122093
vt 0.000002 0.302326
vt 0.000002 0.575581
vt 0.000002 0.017442
vt 0.000002 0.569767
vt 0.000002 0.023256
vt 0.000002 0.563953
vt 0.000002 0.029070
vt 0.000002 0.558140
vt 0.000002 0.034884
vt 0.000002 0.127907
vt 0.000002 0.296512
vt 0.000002 0.552326
vt 0.000002 0.040698
vt 0.000002 0.546512
vt 0.000002 0.046512
vt 0.000002 0.540698
vt 0.000002 0.052326
vt 0.000002 0.534884
vt 0.000002 0.058140
vt 0.000002 0.133721
vt 0.000002 0.290698
vt 0.000002 0.529070
vt 0.000002 0.063954
vt 0.000002 0.523256
vt 0.000002 0.069768
vt 0.000002 0.511628
vt 0.000002 0.517442
vt 0.000002 0.075581
vt 0.000002 0.081395
vt 0.000002 0.139535
vt 0.000002 0.284884
vt 0.000002 0.145349
vt 0.000002 0.279070
vt 0.000002 0.505814
vt 0.000002 0.500000
vt 0.000002 0.087209
vt 0.000002 0.093023
vt 0.000002 0.494186
vt 0.000002 0.296512
vt 0.000002 0.098837
vt 0.000002 0.151163
vt 0.000002 0.273256
vt 0.000002 0.302326
vt 0.000002 0.290698
vt 0.000002 0.488372
vt 0.000002 0.104651
vt 0.000002 0.482558
vt 0.000002 0.308140
vt 0.000002 0.284884
vt 0.000002 0.156977
vt 0.000002 0.110465
vt 0.000002 0.267442
vt 0.000002 0.476744
vt 0.000002 0.313953
vt 0.000002 0.116279
vt 0.000002 0.279070
vt 0.000002 0.470930
vt 0.000002 0.162791
vt 0.000002 0.261628
vt 0.000002 0.122093
vt 0.000002 0.319767
vt 0.000002 0.273256
vt 0.000002 0.465116
vt 0.000002 0.127907
vt 0.000002 0.325581
vt 0.000002 0.267442
vt 0.000002 0.459302
vt 0.000002 0.168605
vt 0.000002 0.255814
vt 0.000002 0.133721
vt 0.000002 0.331395
vt 0.000002 0.453488
vt 0.000002 0.261628
vt 0.000002 0.139535
vt 0.000002 0.447674
vt 0.000002 0.337209
vt 0.000002 0.145349
vt 0.000002 0.174419
vt 0.000002 0.250000
vt 0.000002 0.255814
vt 0.000002 0.441860
vt 0.000002 0.151163
vt 0.000002 0.343023
vt 0.000002 0.156977
vt 0.000002 0.250000
vt 0.000002 0.436047
vt 0.000002 0.162791
vt 0.000002 0.348837
vt 0.000002 0.168605
vt 0.000002 0.430233
vt 0.000002 0.174419
vt 0.000002 0.244186
vt 0.000002 0.424419
vt 0.000002 0.238372
vt 0.000002 0.232558
vt 0.000002 0.226744
vt 0.000002 0.220930
vt 0.000002 0.215116
vt 0.000002 0.209302
vt 0.000002 0.203488
vt 0.000002 0.197674
vt 0.000002 0.191860
vt 0.000002 0.186047
vt 0.000002 0.180233
vt 0.000002 0.244186
vt 0.000002 0.418605
vt 0.000002 0.180233
vt 0.000002 0.412791
vt 0.000002 0.186047
vt 0.000002 0.354651
vt 0.000002 0.406977
vt 0.000002 0.191860
vt 0.000002 0.238372
vt 0.000002 0.401163
vt 0.000002 0.197674
vt 0.000002 0.395349
vt 0.000002 0.203488
vt 0.000002 0.360465
vt 0.000002 0.389535
vt 0.000002 0.232558
vt 0.000002 0.209302
vt 0.000002 0.383721
vt 0.000002 0.215116
vt 0.000002 0.377907
vt 0.000002 0.372093
vt 0.000002 0.366279
vt 0.000002 0.226744
vt 0.000002 0.220930
vt 0.000000 0.231405
vt 0.000000 0.239670
vt 0.000000 0.247934
vt 0.000000 0.256198
vt 0.000000 0.223141
vt 0.000000 0.264463
vt 0.000000 0.214876
vt 0.000000 0.272727
vt 0.000000 0.206612
vt 0.000000 0.280992
vt 0.000000 0.198347
vt 0.000000 0.289256
vt 0.000000 0.190083
vt 0.000000 0.297521
vt 0.000000 0.181818
vt 0.000000 0.305785
vt 0.000000 0.173554
vt 0.000000 0.743802
vt 0.000000 0.314050
vt 0.000000 0.752066
vt 0.000000 0.735537
vt 0.000000 0.727273
vt 0.000000 0.165289
vt 0.000000 0.760330
vt 0.000000 0.719008
vt 0.000000 0.322314
vt 0.000000 0.768595
vt 0.000000 0.710744
vt 0.000000 0.776859
vt 0.000000 0.702479
vt 0.000000 0.785124
vt 0.000000 0.694215
vt 0.000000 0.157025
vt 0.000000 0.330579
vt 0.000000 0.793388
vt 0.000000 0.685950
vt 0.000000 0.801653
vt 0.000000 0.338843
vt 0.000000 0.148760
vt 0.000000 0.677686
vt 0.000000 0.809917
vt 0.000000 0.669421
vt 0.000000 0.347107
vt 0.000000 0.140496
vt 0.000000 0.818182
vt 0.000000 0.661157
vt 0.000000 0.355372
vt 0.000000 0.826446
vt 0.000000 0.132232
vt 0.000000 0.652893
vt 0.000000 0.363636
vt 0.000000 0.834711
vt 0.000000 0.123967
vt 0.000000 0.644628
vt 0.000000 0.371901
vt 0.000000 0.842975
vt 0.000000 0.115703
vt 0.000000 0.636364
vt 0.000000 0.380165
vt 0.000000 0.851240
vt 0.000000 0.107438
vt 0.000000 0.628099
vt 0.000000 0.388430
vt 0.000000 0.099174
vt 0.000000 0.859504
vt 0.000000 0.619835
vt 0.000000 0.396694
vt 0.000000 0.090909
vt 0.000000 0.867769
vt 0.000000 0.611570
vt 0.000000 0.404959
vt 0.000000 0.082645
vt 0.000000 0.074380
vt 0.000000 0.876033
vt 0.000000 0.066116
vt 0.000000 0.603306
vt 0.000000 0.413223
vt 0.000000 0.057851
vt 0.000000 0.049587
vt 0.000000 0.884297
vt 0.000000 0.041322
vt 0.000000 0.595041
vt 0.000000 0.421488
vt 0.000000 0.033058
vt 0.000000 0.024794
vt 0.000000 0.016529
vt 0.000000 0.892562
vt 0.000000 0.008265
vt 0.000000 0.586777
vt 0.000000 0.429752
vt 0.000000 0.000000
vt 0.000000 1.000000
vt 0.000000 0.900826
vt 0.000000 0.991735
vt 0.000000 0.983471
vt 0.000000 0.975206
vt 0.000000 0.966942
vt 0.000000 0.958678
vt 0.000000 0.950413
vt 0.000000 0.942149
vt 0.000000 0.933884
vt 0.000000 0.925620
vt 0.000000 0.917355
vt 0.000000 0.909091
vt 0.000000 0.578512
vt 0.000000 0.438016
vt 0.000000 0.570248
vt 0.000000 0.446281
vt 0.000000 0.561983
vt 0.000000 0.454545
vt 0.000000 0.553719
vt 0.000000 0.462810
vt 0.000000 0.545455
vt 0.000000 0.471074
vt 0.000000 0.537190
vt 0.000000 0.479339
vt 0.000000 0.528926
vt 0.000000 0.487603
vt 0.000000 0.520661
vt 0.000000 0.495868
vt 0.000000 0.512397
vt 0.000000 0.504132
vt 0.000001 0.169118
vt 0.000001 0.176471
vt 0.000001 0.183824
vt 0.000001 0.161765
vt 0.000001 0.154412
vt 0.000001 0.147059
vt 0.000001 0.191177
vt 0.000001 0.139706
vt 0.000001 0.198529
vt 0.000001 0.205882
vt 0.000001 0.132353
vt 0.000001 0.213235
vt 0.000001 0.125000
vt 0.000001 0.220588
vt 0.000001 0.117647
vt 0.000001 0.227941
vt 0.000001 0.110294
vt 0.000001 0.235294
vt 0.000001 0.102941
vt 0.000001 0.242647
vt 0.000001 0.095588
vt 0.000001 0.250000
vt 0.000001 0.257353
vt 0.000001 0.088235
vt 0.000001 0.264706
vt 0.000001 0.080883
vt 0.000001 0.272059
vt 0.000001 0.279412
vt 0.000001 0.073530
vt 0.000001 0.286765
vt 0.000001 0.066177
vt 0.000001 0.294118
vt 0.000001 0.058824
vt 0.000001 0.301471
vt 0.000001 0.051471
vt 0.000001 0.308824
vt 0.000001 0.044118
vt 0.000001 0.316177
vt 0.000001 0.536765
vt 0.000001 0.544118
vt 0.000001 0.551471
vt 0.000001 0.036765
vt 0.000001 0.323529
vt 0.000001 0.558824
vt 0.000001 0.529412
vt 0.000001 0.522059
vt 0.000001 0.566176
vt 0.000001 0.029412
vt 0.000001 0.514706
vt 0.000001 0.330882
vt 0.000001 0.507353
vt 0.000001 0.500000
vt 0.000001 0.573529
vt 0.000001 0.492647
vt 0.000001 0.022059
vt 0.000001 0.338235
vt 0.000001 0.485294
vt 0.000001 0.580882
vt 0.000001 0.477941
vt 0.000001 0.470588
vt 0.000001 0.345588
vt 0.000001 0.588235
vt 0.000001 0.014706
vt 0.000001 0.463235
vt 0.000001 0.455882
vt 0.000001 0.595588
vt 0.000001 0.352941
vt 0.000001 0.007353
vt 0.000001 0.448529
vt 0.000001 0.441176
vt 0.000001 0.602941
vt 0.000001 0.433824
vt 0.000001 0.426471
vt 0.000001 0.419118
vt 0.000001 0.360294
vt 0.000001 0.411765
vt 0.000001 0.000000
vt 0.000001 0.404412
vt 0.000001 0.397059
vt 0.000001 0.389706
vt 0.000001 0.382353
vt 0.000001 0.375000
vt 0.000001 0.610294
vt 0.000001 0.367647
vt 0.000001 1.000000
vt 0.000001 0.992647
vt 0.000001 0.985294
vt 0.000001 0.977941
vt 0.000001 0.970588
vt 0.000001 0.963235
vt 0.000001 0.904412
vt 0.000001 0.911765
vt 0.000001 0.919118
vt 0.000001 0.955882
vt 0.000001 0.926470
vt 0.000001 0.948529
vt 0.000001 0.933823
vt 0.000001 0.941176
vt 0.000001 0.867647
vt 0.000001 0.860294
vt 0.000001 0.852941
vt 0.000001 0.845588
vt 0.000001 0.838235
vt 0.000001 0.830882
vt 0.000001 0.727941
vt 0.000001 0.735294
vt 0.000001 0.720588
vt 0.000001 0.617647
vt 0.000001 0.742647
vt 0.000001 0.750000
vt 0.000001 0.713235
vt 0.000001 0.757353
vt 0.000001 0.764706
vt 0.000001 0.705882
vt 0.000001 0.823529
vt 0.000001 0.772059
vt 0.000001 0.625000
vt 0.000001 0.698529
vt 0.000001 0.779412
vt 0.000001 0.786765
vt 0.000001 0.691176
vt 0.000001 0.794118
vt 0.000001 0.801471
vt 0.000001 0.683824
vt 0.000001 0.808823
vt 0.000001 0.632353
vt 0.000001 0.816176
vt 0.000001 0.676471
vt 0.000001 0.875000
vt 0.000001 0.882353
vt 0.000001 0.889706
vt 0.000001 0.897059
vt 0.000001 0.669118
vt 0.000001 0.661765
vt 0.000001 0.654412
vt 0.000001 0.647059
vt 0.000001 0.639706
vt 0.000001 0.986301
vt 0.000001 1.000000
vt 0.000001 0.000000
vt 0.000001 0.465753
vt 0.000001 0.479452
vt 0.000001 0.493151
vt 0.000001 0.013699
vt 0.000001 0.452055
vt 0.000001 0.027397
vt 0.000001 0.438356
vt 0.000001 0.041096
vt 0.000001 0.424658
vt 0.000001 0.054795
vt 0.000001 0.410959
vt 0.000001 0.068493
vt 0.000001 0.397260
vt 0.000001 0.082192
vt 0.000001 0.383562
vt 0.000001 0.095890
vt 0.000001 0.369863
vt 0.000001 0.109589
vt 0.000001 0.356164
vt 0.000001 0.123288
vt 0.000001 0.342466
vt 0.000001 0.136986
vt 0.000001 0.328767
vt 0.000001 0.150685
vt 0.000001 0.315069
vt 0.000001 0.164384
vt 0.000001 0.178082
vt 0.000001 0.191781
vt 0.000001 0.205480
vt 0.000001 0.219178
vt 0.000001 0.232877
vt 0.000001 0.246575
vt 0.000001 0.260274
vt 0.000001 0.273973
vt 0.000001 0.287671
vt 0.000001 0.301370
vt 0.000001 0.972603
vt 0.000001 0.958904
vt 0.000001 0.945205
vt 0.000001 0.931507
vt 0.000001 0.917808
vt 0.000001 0.904109
vt 0.000001 0.890411
vt 0.000001 0.876712
vt 0.000001 0.863014
vt 0.000001 0.849315
vt 0.000001 0.835616
vt 0.000001 0.821918
vt 0.000001 0.808219
vt 0.000001 0.794520
vt 0.000001 0.780822
vt 0.000001 0.739726
vt 0.000001 0.712329
vt 0.000001 0.657534
vt 0.000001 0.643836
vt 0.000001 0.630137
vt 0.000001 0.616438
vt 0.000001 0.602740
vt 0.000001 0.589041
vt 0.000001 0.575342
vt 0.000001 0.561644
vt 0.000001 0.767123
vt 0.000001 0.753425
vt 0.000001 0.726027
vt 0.000001 0.698630
vt 0.000001 0.684931
vt 0.000001 0.671233
vt 0.000001 0.547945
vt 0.000001 0.534247
vt 0.000001 0.520548
vt 0.000001 0.506849
vt 0.000002 0.126316
vt 0.000002 0.131579
vt 0.000002 0.000000
vt 0.000002 0.005263
vt 0.000002 0.010526
vt 0.000002 0.121053
vt 0.000002 0.015790
vt 0.000002 0.115790
vt 0.000002 0.126316
vt 0.000002 0.131579
vt 0.000002 0.000000
vt 0.000002 0.110526
vt 0.000002 0.021053
vt 0.000002 0.005263
vt 0.000002 0.105263
vt 0.000002 0.026316
vt 0.000001 0.715789
vt 0.000001 0.721053
vt 0.000001 0.726316
vt 0.000002 0.010526
vt 0.000002 0.121053
vt 0.000001 0.710526
vt 0.000002 0.100000
vt 0.000002 0.031579
vt 0.000002 0.015790
vt 0.000001 0.705263
vt 0.000002 0.115790
vt 0.000001 0.000000
vt 0.000002 0.094737
vt 0.000001 0.700000
vt 0.000002 0.036842
vt 0.000002 0.021053
vt 0.000001 0.005263
vt 0.000002 0.110526
vt 0.000001 0.694737
vt 0.000001 0.010526
vt 0.000002 0.089474
vt 0.000001 0.689474
vt 0.000002 0.042105
vt 0.000002 0.026316
vt 0.000001 0.015790
vt 0.000002 0.105263
vt 0.000001 0.684210
vt 0.000001 0.021053
vt 0.000002 0.084211
vt 0.000002 0.047369
vt 0.000001 0.678947
vt 0.000002 0.100000
vt 0.000002 0.031579
vt 0.000001 0.026316
vt 0.000001 0.673684
vt 0.000001 0.031579
vt 0.000002 0.078947
vt 0.000002 0.052632
vt 0.000001 0.668421
vt 0.000002 0.094737
vt 0.000001 0.036842
vt 0.000002 0.036842
vt 0.000001 0.663158
vt 0.000001 0.042105
vt 0.000002 0.073684
vt 0.000002 0.057895
vt 0.000001 0.047369
vt 0.000002 0.089474
vt 0.000001 0.657895
vt 0.000002 0.042105
vt 0.000002 0.068421
vt 0.000002 0.063158
vt 0.000001 0.052632
vt 0.000001 0.652632
vt 0.000001 0.057895
vt 0.000002 0.084211
vt 0.000002 0.047369
vt 0.000001 0.063158
vt 0.000001 0.647368
vt 0.000001 0.068421
vt 0.000002 0.052632
vt 0.000002 0.078947
vt 0.000001 0.642105
vt 0.000001 0.073684
vt 0.000002 0.057895
vt 0.000002 0.073684
vt 0.000001 0.636842
vt 0.000001 0.078947
vt 0.000002 0.068421
vt 0.000002 0.063158
vt 0.000001 0.084211
vt 0.000001 0.631579
vt 0.000001 0.089474
vt 0.000001 0.626316
vt 0.000001 0.094737
vt 0.000001 0.100000
vt 0.000001 0.621053
vt 0.000001 0.105263
vt 0.000001 0.615789
vt 0.000001 0.110526
vt 0.000001 0.610526
vt 0.000001 0.115790
vt 0.000001 0.121053
vt 0.000001 0.605263
vt 0.000001 0.184211
vt 0.000001 0.189474
vt 0.000001 0.194737
vt 0.000001 0.178947
vt 0.000001 0.173684
vt 0.000001 0.168421
vt 0.000001 0.163158
vt 0.000001 0.157895
vt 0.000001 0.152632
vt 0.000001 0.147369
vt 0.000001 0.142105
vt 0.000001 0.136842
vt 0.000001 0.131579
vt 0.000001 0.126316
vt 0.000001 0.600000
vt 0.000001 0.594737
vt 0.000001 0.589474
vt 0.000001 0.205263
vt 0.000001 0.200000
vt 0.000001 0.584210
vt 0.000001 0.231579
vt 0.000001 0.226316
vt 0.000001 0.221053
vt 0.000001 0.215790
vt 0.000001 0.210526
vt 0.000001 0.578947
vt 0.000001 0.463158
vt 0.000001 0.457895
vt 0.000001 0.263158
vt 0.000001 0.257895
vt 0.000001 0.252632
vt 0.000001 0.247368
vt 0.000001 0.242105
vt 0.000001 0.236842
vt 0.000001 0.468421
vt 0.000001 0.452632
vt 0.000001 0.268421
vt 0.000001 0.573684
vt 0.000001 0.473684
vt 0.000001 0.568421
vt 0.000001 0.478947
vt 0.000001 0.563158
vt 0.000001 0.484211
vt 0.000001 0.447368
vt 0.000001 0.557895
vt 0.000001 0.273684
vt 0.000001 0.489474
vt 0.000001 0.552632
vt 0.000001 0.494737
vt 0.000001 0.547368
vt 0.000001 0.442105
vt 0.000001 0.500000
vt 0.000001 0.542105
vt 0.000001 0.278947
vt 0.000001 0.505263
vt 0.000001 0.536842
vt 0.000001 0.531579
vt 0.000001 0.510526
vt 0.000001 0.526316
vt 0.000001 0.436842
vt 0.000001 0.515789
vt 0.000001 0.521053
vt 0.000001 0.284211
vt 0.000001 0.431579
vt 0.000001 0.289474
vt 0.000001 0.426316
vt 0.000001 0.421053
vt 0.000001 0.294737
vt 0.000001 0.415790
vt 0.000001 0.300000
vt 0.000001 0.410526
vt 0.000001 0.305263
vt 0.000001 0.405263
vt 0.000001 0.400000
vt 0.000001 0.310526
vt 0.000001 0.394737
vt 0.000001 0.389474
vt 0.000001 0.384211
vt 0.000001 0.378947
vt 0.000001 0.315789
vt 0.000001 0.373684
vt 0.000001 0.368421
vt 0.000001 0.363158
vt 0.000001 0.357895
vt 0.000001 0.352632
vt 0.000001 0.347368
vt 0.000001 0.342105
vt 0.000001 0.336842
vt 0.000001 0.331579
vt 0.000001 0.321053
vt 0.000001 0.326316
s 0
usemtl マテリアル
f 233/1/1 232/2/1 231/3/1
f 234/4/1 233/1/1 231/3/1
f 235/5/1 234/4/1 231/3/1
f 236/6/1 235/5/1 231/3/1
f 237/7/1 236/6/1 231/3/1
f 238/8/1 237/7/1 231/3/1
f 239/9/1 238/8/1 231/3/1
f 240/10/1 239/9/1 231/3/1
f 241/11/1 240/10/1 231/3/1
f 242/12/1 241/11/1 231/3/1
f 243/13/1 242/12/1 231/3/1
f 244/14/1 243/13/1 231/3/1
f 245/15/1 244/14/1 231/3/1
f 246/16/1 245/15/1 231/3/1
f 247/17/1 246/16/1 231/3/1
f 248/18/1 247/17/1 231/3/1
f 249/19/1 248/18/1 231/3/1
f 250/20/1 249/19/1 231/3/1
f 251/21/1 250/20/1 231/3/1
f 50/22/1 49/23/1 267/24/1
f 252/25/1 251/21/1 231/3/1
f 50/22/1 267/24/1 266/26/1
f 50/22/1 266/26/1 265/27/1
f 253/28/1 252/25/1 231/3/1
f 50/22/1 265/27/1 264/29/1
f 50/22/1 264/29/1 263/30/1
f 254/31/1 253/28/1 231/3/1
f 50/22/1 263/30/1 262/32/1
f 50/22/1 262/32/1 261/33/1
f 255/34/1 254/31/1 231/3/1
f 50/22/1 261/33/1 260/35/1
f 50/22/1 260/35/1 259/36/1
f 50/22/1 259/36/1 258/37/1
f 256/38/1 255/34/1 231/3/1
f 50/22/1 258/37/1 257/39/1
f 50/22/1 257/39/1 256/38/1
f 50/22/1 256/38/1 51/40/1
f 51/40/1 256/38/1 52/41/1
f 52/41/1 256/38/1 53/42/1
f 53/42/1 256/38/1 54/43/1
f 54/43/1 256/38/1 55/44/1
f 55/44/1 256/38/1 56/45/1
f 56/45/1 256/38/1 57/46/1
f 57/46/1 256/38/1 231/3/1
f 57/46/1 231/3/1 58/47/1
f 58/47/1 231/3/1 230/48/1
f 58/47/1 230/48/1 59/49/1
f 59/49/1 230/48/1 229/50/1
f 59/49/1 229/50/1 60/51/1
f 60/51/1 229/50/1 228/52/1
f 60/51/1 228/52/1 61/53/1
f 61/53/1 228/52/1 227/54/1
f 61/53/1 227/54/1 63/55/1
f 63/55/1 227/54/1 64/56/1
f 64/56/1 227/54/1 65/57/1
f 65/57/1 227/54/1 66/58/1
f 66/58/1 227/54/1 67/59/1
f 67/59/1 227/54/1 68/60/1
f 68/60/1 227/54/1 226/61/1
f 68/60/1 226/61/1 69/62/1
f 69/62/1 226/61/1 70/63/1
f 70/63/1 226/61/1 71/64/1
f 71/64/1 226/61/1 72/65/1
f 72/65/1 226/61/1 73/66/1
f 73/66/1 226/61/1 74/67/1
f 74/67/1 226/61/1 225/68/1
f 74/67/1 225/68/1 224/69/1
f 75/70/1 74/67/1 224/69/1
f 75/70/1 224/69/1 223/71/1
f 75/70/1 223/71/1 222/72/1
f 75/70/1 222/72/1 221/73/1
f 75/70/1 221/73/1 220/74/1
f 76/75/1 75/70/1 220/74/1
f 61/53/1 63/55/1 62/76/1
f 76/75/1 220/74/1 219/77/1
f 76/75/1 219/77/1 218/78/1
f 77/79/1 76/75/1 218/78/1
f 77/79/1 218/78/1 217/80/1
f 78/81/1 77/79/1 217/80/1
f 78/81/1 217/80/1 216/82/1
f 78/81/1 216/82/1 215/83/1
f 79/84/1 78/81/1 215/83/1
f 79/84/1 215/83/1 214/85/1
f 80/86/1 79/84/1 214/85/1
f 81/87/1 80/86/1 214/85/1
f 81/87/1 214/85/1 213/88/1
f 82/89/1 81/87/1 213/88/1
f 82/89/1 213/88/1 212/90/1
f 83/91/1 82/89/1 212/90/1
f 83/91/1 212/90/1 211/92/1
f 84/93/1 83/91/1 211/92/1
f 84/93/1 211/92/1 210/94/1
f 85/95/1 84/93/1 210/94/1
f 85/95/1 210/94/1 209/96/1
f 86/97/1 85/95/1 209/96/1
f 87/98/1 86/97/1 209/96/1
f 87/98/1 209/96/1 208/99/1
f 88/100/1 87/98/1 208/99/1
f 196/101/1 195/102/1 194/103/1
f 197/104/1 196/101/1 194/103/1
f 198/105/1 197/104/1 194/103/1
f 199/106/1 198/105/1 194/103/1
f 200/107/1 199/106/1 194/103/1
f 200/107/1 194/103/1 193/108/1
f 201/109/1 200/107/1 193/108/1
f 88/100/1 208/99/1 207/110/1
f 202/111/1 201/109/1 193/108/1
f 203/112/1 202/111/1 193/108/1
f 89/113/1 88/100/1 207/110/1
f 203/112/1 193/108/1 192/114/1
f 204/115/1 203/112/1 192/114/1
f 205/116/1 204/115/1 192/114/1
f 206/117/1 205/116/1 192/114/1
f 207/110/1 206/117/1 192/114/1
f 207/110/1 192/114/1 191/118/1
f 89/113/1 207/110/1 191/118/1
f 90/119/1 89/113/1 191/118/1
f 90/119/1 191/118/1 190/120/1
f 91/121/1 90/119/1 190/120/1
f 91/121/1 190/120/1 111/122/1
f 111/122/1 190/120/1 189/123/1
f 91/121/1 111/122/1 110/124/1
f 112/125/1 111/122/1 189/123/1
f 92/126/1 91/121/1 110/124/1
f 92/126/1 110/124/1 109/127/1
f 113/128/1 112/125/1 189/123/1
f 113/128/1 189/123/1 188/129/1
f 92/126/1 109/127/1 108/130/1
f 114/131/1 113/128/1 188/129/1
f 115/132/1 114/131/1 188/129/1
f 92/126/1 108/130/1 107/133/1
f 93/134/1 92/126/1 107/133/1
f 116/135/1 115/132/1 188/129/1
f 93/134/1 107/133/1 106/136/1
f 116/135/1 188/129/1 187/137/1
f 117/138/1 116/135/1 187/137/1
f 93/134/1 106/136/1 105/139/1
f 94/140/1 93/134/1 105/139/1
f 118/141/1 117/138/1 187/137/1
f 94/140/1 105/139/1 104/142/1
f 118/141/1 187/137/1 186/143/1
f 95/144/1 94/140/1 104/142/1
f 119/145/1 118/141/1 186/143/1
f 95/144/1 104/142/1 103/146/1
f 119/145/1 186/143/1 185/147/1
f 120/148/1 119/145/1 185/147/1
f 96/149/1 95/144/1 103/146/1
f 96/149/1 103/146/1 102/150/1
f 121/151/1 120/148/1 185/147/1
f 97/152/1 96/149/1 102/150/1
f 121/151/1 185/147/1 184/153/1
f 97/152/1 102/150/1 101/154/1
f 98/155/1 97/152/1 101/154/1
f 122/156/1 121/151/1 184/153/1
f 122/156/1 184/153/1 183/157/1
f 98/155/1 101/154/1 100/158/1
f 99/159/1 98/155/1 100/158/1
f 123/160/1 122/156/1 183/157/1
f 148/161/1 147/162/1 146/163/1
f 149/164/1 148/161/1 146/163/1
f 149/164/1 146/163/1 145/165/1
f 150/166/1 149/164/1 145/165/1
f 124/167/1 123/160/1 183/157/1
f 150/166/1 145/165/1 144/168/1
f 124/167/1 183/157/1 182/169/1
f 151/170/1 150/166/1 144/168/1
f 151/170/1 144/168/1 143/171/1
f 152/172/1 151/170/1 143/171/1
f 152/172/1 143/171/1 142/173/1
f 125/174/1 124/167/1 182/169/1
f 153/175/1 152/172/1 142/173/1
f 153/175/1 142/173/1 141/176/1
f 154/177/1 153/175/1 141/176/1
f 126/178/1 125/174/1 182/169/1
f 126/178/1 182/169/1 181/179/1
f 155/180/1 154/177/1 141/176/1
f 155/180/1 141/176/1 37/181/1
f 37/181/1 141/176/1 140/182/1
f 155/180/1 37/181/1 36/183/1
f 38/184/1 37/181/1 140/182/1
f 155/180/1 36/183/1 35/185/1
f 39/186/1 38/184/1 140/182/1
f 155/180/1 35/185/1 34/187/1
f 127/188/1 126/178/1 181/179/1
f 40/189/1 39/186/1 140/182/1
f 155/180/1 34/187/1 33/190/1
f 156/191/1 155/180/1 33/190/1
f 156/191/1 33/190/1 32/192/1
f 40/189/1 140/182/1 139/193/1
f 41/194/1 40/189/1 139/193/1
f 156/191/1 32/192/1 31/195/1
f 42/196/1 41/194/1 139/193/1
f 156/191/1 31/195/1 30/197/1
f 128/198/1 127/188/1 181/179/1
f 157/199/1 156/191/1 30/197/1
f 128/198/1 181/179/1 180/200/1
f 157/199/1 30/197/1 29/201/1
f 43/202/1 42/196/1 139/193/1
f 43/202/1 139/193/1 138/203/1
f 157/199/1 29/201/1 28/204/1
f 129/205/1 128/198/1 180/200/1
f 158/206/1 157/199/1 28/204/1
f 44/207/1 43/202/1 138/203/1
f 158/206/1 28/204/1 27/208/1
f 158/206/1 27/208/1 26/209/1
f 44/207/1 138/203/1 137/210/1
f 130/211/1 129/205/1 180/200/1
f 45/212/1 44/207/1 137/210/1
f 159/213/1 158/206/1 26/209/1
f 159/213/1 26/209/1 25/214/1
f 130/211/1 180/200/1 179/215/1
f 159/213/1 25/214/1 24/216/1
f 131/217/1 130/211/1 179/215/1
f 46/218/1 45/212/1 137/210/1
f 160/219/1 159/213/1 24/216/1
f 46/218/1 137/210/1 136/220/1
f 160/219/1 24/216/1 23/221/1
f 132/222/1 131/217/1 179/215/1
f 47/223/1 46/218/1 136/220/1
f 160/219/1 23/221/1 22/224/1
f 132/222/1 179/215/1 178/225/1
f 133/226/1 132/222/1 178/225/1
f 161/227/1 160/219/1 22/224/1
f 47/223/1 136/220/1 135/228/1
f 161/227/1 22/224/1 21/229/1
f 48/230/1 47/223/1 135/228/1
f 134/231/1 133/226/1 178/225/1
f 161/227/1 21/229/1 20/232/1
f 135/228/1 134/231/1 178/225/1
f 162/233/1 161/227/1 20/232/1
f 162/233/1 20/232/1 19/234/1
f 135/228/1 178/225/1 177/235/1
f 1/236/1 48/230/1 135/228/1
f 1/236/1 135/228/1 177/235/1
f 162/233/1 19/234/1 18/237/1
f 163/238/1 162/233/1 18/237/1
f 163/238/1 18/237/1 17/239/1
f 163/238/1 17/239/1 16/240/1
f 2/241/1 1/236/1 177/235/1
f 163/238/1 16/240/1 15/242/1
f 3/243/1 2/241/1 177/235/1
f 4/244/1 3/243/1 177/235/1
f 5/245/1 4/244/1 177/235/1
f 6/246/1 5/245/1 177/235/1
f 163/238/1 15/242/1 14/247/1
f 6/246/1 177/235/1 176/248/1
f 7/249/1 6/246/1 176/248/1
f 8/250/1 7/249/1 176/248/1
f 9/251/1 8/250/1 176/248/1
f 10/252/1 9/251/1 176/248/1
f 163/238/1 14/247/1 13/253/1
f 11/254/1 10/252/1 176/248/1
f 12/255/1 11/254/1 176/248/1
f 13/253/1 12/255/1 176/248/1
f 163/238/1 13/253/1 176/248/1
f 164/256/1 163/238/1 176/248/1
f 165/257/1 164/256/1 176/248/1
f 165/257/1 176/248/1 175/258/1
f 166/259/1 165/257/1 175/258/1
f 166/259/1 175/258/1 174/260/1
f 167/261/1 166/259/1 174/260/1
f 167/261/1 174/260/1 173/262/1
f 168/263/1 167/261/1 173/262/1
f 169/264/1 168/263/1 173/262/1
f 169/264/1 173/262/1 172/265/1
f 170/266/1 169/264/1 172/265/1
f 170/266/1 172/265/1 171/267/1
f 371/268/1 436/269/1 435/270/1
f 371/268/1 435/270/1 434/271/1
f 371/268/1 434/271/1 433/272/1
f 372/273/1 371/268/1 433/272/1
f 372/273/1 433/272/1 432/274/1
f 373/275/1 372/273/1 432/274/1
f 374/276/1 373/275/1 432/274/1
f 374/276/1 432/274/1 431/277/1
f 375/278/1 374/276/1 431/277/1
f 375/278/1 431/277/1 430/279/1
f 376/280/1 375/278/1 430/279/1
f 376/280/1 430/279/1 429/281/1
f 377/282/1 376/280/1 429/281/1
f 377/282/1 429/281/1 428/283/1
f 378/284/1 377/282/1 428/283/1
f 379/285/1 378/284/1 428/283/1
f 379/285/1 428/283/1 427/286/1
f 380/287/1 379/285/1 427/286/1
f 380/287/1 427/286/1 426/288/1
f 381/289/1 380/287/1 426/288/1
f 381/289/1 426/288/1 425/290/1
f 382/291/1 381/289/1 425/290/1
f 382/291/1 425/290/1 424/292/1
f 383/293/1 382/291/1 424/292/1
f 385/294/1 384/295/1 437/296/1
f 437/296/1 384/295/1 383/293/1
f 437/296/1 383/293/1 424/292/1
f 437/296/1 424/292/1 423/297/1
f 437/296/1 423/297/1 438/298/1
f 438/298/1 423/297/1 422/299/1
f 385/294/1 437/296/1 440/300/1
f 439/301/1 438/298/1 422/299/1
f 385/294/1 440/300/1 439/301/1
f 385/294/1 439/301/1 422/299/1
f 386/302/1 385/294/1 421/303/1
f 421/303/1 385/294/1 422/299/1
f 386/302/1 421/303/1 420/304/1
f 387/305/1 386/302/1 420/304/1
f 269/306/1 268/307/1 370/308/1
f 269/306/1 370/308/1 369/309/1
f 270/310/1 269/306/1 369/309/1
f 270/310/1 369/309/1 368/311/1
f 387/305/1 420/304/1 419/312/1
f 388/313/1 387/305/1 419/312/1
f 271/314/1 270/310/1 368/311/1
f 271/314/1 368/311/1 367/315/1
f 272/316/1 271/314/1 367/315/1
f 272/316/1 367/315/1 366/317/1
f 273/318/1 272/316/1 366/317/1
f 273/318/1 366/317/1 365/319/1
f 274/320/1 273/318/1 365/319/1
f 274/320/1 365/319/1 364/321/1
f 388/313/1 419/312/1 418/322/1
f 389/323/1 388/313/1 418/322/1
f 275/324/1 274/320/1 364/321/1
f 275/324/1 364/321/1 363/325/1
f 276/326/1 275/324/1 363/325/1
f 276/326/1 363/325/1 362/327/1
f 277/328/1 276/326/1 362/327/1
f 277/328/1 362/327/1 361/329/1
f 278/330/1 277/328/1 361/329/1
f 278/330/1 361/329/1 360/331/1
f 389/323/1 418/322/1 417/332/1
f 390/333/1 389/323/1 417/332/1
f 279/334/1 278/330/1 360/331/1
f 279/334/1 360/331/1 359/335/1
f 280/336/1 279/334/1 359/335/1
f 280/336/1 359/335/1 358/337/1
f 282/338/1 281/339/1 280/336/1
f 282/338/1 280/336/1 358/337/1
f 282/338/1 358/337/1 357/340/1
f 282/338/1 357/340/1 356/341/1
f 390/333/1 417/332/1 416/342/1
f 391/343/1 390/333/1 416/342/1
f 391/343/1 416/342/1 415/344/1
f 392/345/1 391/343/1 415/344/1
f 283/346/2 282/338/2 356/341/2
f 284/347/1 283/346/1 355/348/1
f 355/348/3 283/346/3 356/341/3
f 284/347/1 355/348/1 354/349/1
f 285/350/1 284/347/1 354/349/1
f 285/350/1 354/349/1 319/351/1
f 319/351/1 354/349/1 353/352/1
f 392/345/1 415/344/1 414/353/1
f 393/354/1 392/345/1 414/353/1
f 285/350/1 319/351/1 318/355/1
f 320/356/1 319/351/1 353/352/1
f 286/357/1 285/350/1 318/355/1
f 320/356/1 353/352/1 352/358/1
f 287/359/1 286/357/1 318/355/1
f 287/359/1 318/355/1 317/360/1
f 321/361/1 320/356/1 352/358/1
f 393/354/1 414/353/1 413/362/1
f 321/361/1 352/358/1 351/363/1
f 394/364/1 393/354/1 413/362/1
f 288/365/1 287/359/1 317/360/1
f 288/365/1 317/360/1 316/366/1
f 321/361/1 351/363/1 350/367/1
f 322/368/1 321/361/1 350/367/1
f 289/369/1 288/365/1 316/366/1
f 394/364/1 413/362/1 412/370/1
f 395/371/1 394/364/1 412/370/1
f 322/368/1 350/367/1 349/372/1
f 289/369/1 316/366/1 315/373/1
f 323/374/1 322/368/1 349/372/1
f 290/375/1 289/369/1 315/373/1
f 323/374/1 349/372/1 348/376/1
f 290/375/1 315/373/1 314/377/1
f 324/378/1 323/374/1 348/376/1
f 291/379/1 290/375/1 314/377/1
f 395/371/1 412/370/1 411/380/1
f 396/381/1 395/371/1 411/380/1
f 324/378/1 348/376/1 347/382/1
f 291/379/1 314/377/1 313/383/1
f 292/384/1 291/379/1 313/383/1
f 325/385/1 324/378/1 347/382/1
f 325/385/1 347/382/1 346/386/1
f 293/387/1 292/384/1 313/383/1
f 293/387/1 313/383/1 312/388/1
f 325/385/1 346/386/1 345/389/1
f 396/381/1 411/380/1 410/390/1
f 397/391/1 396/381/1 410/390/1
f 326/392/1 325/385/1 345/389/1
f 294/393/1 293/387/1 312/388/1
f 326/392/1 345/389/1 344/394/1
f 294/393/1 312/388/1 311/395/1
f 326/392/1 344/394/1 343/396/1
f 327/397/1 326/392/1 343/396/1
f 295/398/1 294/393/1 311/395/1
f 327/397/1 343/396/1 342/399/1
f 295/398/1 311/395/1 310/400/1
f 327/397/1 342/399/1 341/401/1
f 296/402/1 295/398/1 310/400/1
f 327/397/1 341/401/1 340/403/1
f 398/404/1 397/391/1 410/390/1
f 297/405/1 296/402/1 310/400/1
f 398/404/1 410/390/1 399/406/1
f 399/406/1 410/390/1 400/407/1
f 400/407/1 410/390/1 401/408/1
f 401/408/1 410/390/1 402/409/1
f 402/409/1 410/390/1 403/410/1
f 403/410/1 410/390/1 404/411/1
f 404/411/1 410/390/1 405/412/1
f 405/412/1 410/390/1 406/413/1
f 406/413/1 410/390/1 407/414/1
f 407/414/1 410/390/1 408/415/1
f 408/415/1 410/390/1 409/416/1
f 328/417/1 327/397/1 340/403/1
f 298/418/1 297/405/1 310/400/1
f 328/417/1 340/403/1 339/419/1
f 299/420/1 298/418/1 310/400/1
f 328/417/1 339/419/1 338/421/1
f 299/420/1 310/400/1 309/422/1
f 300/423/1 299/420/1 309/422/1
f 328/417/1 338/421/1 337/424/1
f 329/425/1 328/417/1 337/424/1
f 301/426/1 300/423/1 309/422/1
f 329/425/1 337/424/1 336/427/1
f 302/428/1 301/426/1 309/422/1
f 329/425/1 336/427/1 335/429/1
f 302/428/1 309/422/1 308/430/1
f 303/431/1 302/428/1 308/430/1
f 330/432/1 329/425/1 335/429/1
f 330/432/1 335/429/1 334/433/1
f 304/434/1 303/431/1 308/430/1
f 330/432/1 334/433/1 333/435/1
f 305/436/1 304/434/1 308/430/1
f 305/436/1 308/430/1 306/437/1
f 306/437/1 308/430/1 307/438/1
f 331/439/1 330/432/1 332/440/1
f 332/440/1 330/432/1 333/435/1
f 534/441/1 533/442/1 532/443/1
f 534/441/1 532/443/1 531/444/1
f 535/445/1 534/441/1 531/444/1
f 535/445/1 531/444/1 530/446/1
f 536/447/1 535/445/1 530/446/1
f 536/447/1 530/446/1 529/448/1
f 537/449/1 536/447/1 529/448/1
f 537/449/1 529/448/1 528/450/1
f 538/451/1 537/449/1 528/450/1
f 538/451/1 528/450/1 527/452/1
f 539/453/1 538/451/1 527/452/1
f 539/453/1 527/452/1 526/454/1
f 540/455/1 539/453/1 526/454/1
f 540/455/1 526/454/1 525/456/1
f 541/457/1 540/455/1 525/456/1
f 541/457/1 525/456/1 472/458/1
f 472/458/1 525/456/1 524/459/1
f 541/457/1 472/458/1 471/460/1
f 473/461/1 472/458/1 524/459/1
f 474/462/1 473/461/1 524/459/1
f 542/463/1 541/457/1 471/460/1
f 542/463/1 471/460/1 470/464/1
f 475/465/1 474/462/1 524/459/1
f 475/465/1 524/459/1 523/466/1
f 542/463/1 470/464/1 469/467/1
f 476/468/1 475/465/1 523/466/1
f 542/463/1 469/467/1 468/469/1
f 477/470/1 476/468/1 523/466/1
f 542/463/1 468/469/1 467/471/1
f 478/472/1 477/470/1 523/466/1
f 543/473/1 542/463/1 467/471/1
f 478/472/1 523/466/1 522/474/1
f 543/473/1 467/471/1 466/475/1
f 479/476/1 478/472/1 522/474/1
f 543/473/1 466/475/1 465/477/1
f 479/476/1 522/474/1 521/478/1
f 544/479/1 543/473/1 465/477/1
f 480/480/1 479/476/1 521/478/1
f 544/479/1 465/477/1 464/481/1
f 481/482/1 480/480/1 521/478/1
f 481/482/1 521/478/1 520/483/1
f 545/484/1 544/479/1 464/481/1
f 545/484/1 464/481/1 463/485/1
f 482/486/1 481/482/1 520/483/1
f 482/486/1 520/483/1 519/487/1
f 545/484/1 463/485/1 462/488/1
f 546/489/1 545/484/1 462/488/1
f 483/490/1 482/486/1 519/487/1
f 483/490/1 519/487/1 518/491/1
f 546/489/1 462/488/1 461/492/1
f 547/493/1 546/489/1 461/492/1
f 484/494/1 483/490/1 518/491/1
f 484/494/1 518/491/1 517/495/1
f 547/493/1 461/492/1 460/496/1
f 548/497/1 547/493/1 460/496/1
f 485/498/1 484/494/1 517/495/1
f 485/498/1 517/495/1 516/499/1
f 548/497/1 460/496/1 459/500/1
f 549/501/1 548/497/1 459/500/1
f 486/502/1 485/498/1 516/499/1
f 486/502/1 516/499/1 515/503/1
f 550/504/1 549/501/1 459/500/1
f 550/504/1 459/500/1 458/505/1
f 487/506/1 486/502/1 515/503/1
f 487/506/1 515/503/1 514/507/1
f 551/508/1 550/504/1 458/505/1
f 551/508/1 458/505/1 457/509/1
f 488/510/1 487/506/1 514/507/1
f 488/510/1 514/507/1 513/511/1
f 552/512/1 551/508/1 457/509/1
f 553/513/1 552/512/1 457/509/1
f 553/513/1 457/509/1 456/514/1
f 554/515/1 553/513/1 456/514/1
f 489/516/1 488/510/1 513/511/1
f 489/516/1 513/511/1 512/517/1
f 555/518/1 554/515/1 456/514/1
f 556/519/1 555/518/1 456/514/1
f 556/519/1 456/514/1 455/520/1
f 557/521/1 556/519/1 455/520/1
f 490/522/1 489/516/1 512/517/1
f 490/522/1 512/517/1 511/523/1
f 558/524/1 557/521/1 455/520/1
f 559/525/1 558/524/1 455/520/1
f 560/526/1 559/525/1 455/520/1
f 560/526/1 455/520/1 454/527/1
f 561/528/1 560/526/1 454/527/1
f 491/529/1 490/522/1 511/523/1
f 491/529/1 511/523/1 510/530/1
f 562/531/1 561/528/1 454/527/1
f 441/532/1 562/531/1 454/527/1
f 441/532/1 454/527/1 453/533/1
f 442/534/1 441/532/1 443/535/1
f 443/535/1 441/532/1 444/536/1
f 444/536/1 441/532/1 445/537/1
f 445/537/1 441/532/1 446/538/1
f 446/538/1 441/532/1 447/539/1
f 447/539/1 441/532/1 448/540/1
f 448/540/1 441/532/1 449/541/1
f 449/541/1 441/532/1 450/542/1
f 450/542/1 441/532/1 451/543/1
f 451/543/1 441/532/1 452/544/1
f 452/544/1 441/532/1 453/533/1
f 492/545/1 491/529/1 510/530/1
f 492/545/1 510/530/1 509/546/1
f 493/547/1 492/545/1 509/546/1
f 493/547/1 509/546/1 508/548/1
f 494/549/1 493/547/1 508/548/1
f 494/549/1 508/548/1 507/550/1
f 495/551/1 494/549/1 507/550/1
f 495/551/1 507/550/1 506/552/1
f 496/553/1 495/551/1 506/552/1
f 496/553/1 506/552/1 505/554/1
f 497/555/1 496/553/1 505/554/1
f 497/555/1 505/554/1 504/556/1
f 498/557/1 497/555/1 504/556/1
f 498/557/1 504/556/1 503/558/1
f 499/559/1 498/557/1 503/558/1
f 499/559/1 503/558/1 502/560/1
f 500/561/1 499/559/1 502/560/1
f 501/562/1 500/561/1 502/560/1
f 676/563/1 675/564/1 674/565/1
f 677/566/1 676/563/1 674/565/1
f 678/567/1 677/566/1 674/565/1
f 679/568/1 678/567/1 674/565/1
f 679/568/1 674/565/1 673/569/1
f 680/570/1 679/568/1 673/569/1
f 680/570/1 673/569/1 672/571/1
f 680/570/1 672/571/1 671/572/1
f 681/573/1 680/570/1 671/572/1
f 681/573/1 671/572/1 670/574/1
f 682/575/1 681/573/1 670/574/1
f 682/575/1 670/574/1 669/576/1
f 683/577/1 682/575/1 669/576/1
f 683/577/1 669/576/1 668/578/1
f 684/579/1 683/577/1 668/578/1
f 684/579/1 668/578/1 667/580/1
f 685/581/1 684/579/1 667/580/1
f 685/581/1 667/580/1 666/582/1
f 686/583/1 685/581/1 666/582/1
f 686/583/1 666/582/1 665/584/1
f 686/583/1 665/584/1 664/585/1
f 687/586/1 686/583/1 664/585/1
f 687/586/1 664/585/1 663/587/1
f 688/588/1 687/586/1 663/587/1
f 688/588/1 663/587/1 662/589/1
f 688/588/1 662/589/1 661/590/1
f 689/591/1 688/588/1 661/590/1
f 689/591/1 661/590/1 660/592/1
f 690/593/1 689/591/1 660/592/1
f 690/593/1 660/592/1 659/594/1
f 691/595/1 690/593/1 659/594/1
f 691/595/1 659/594/1 658/596/1
f 692/597/1 691/595/1 658/596/1
f 692/597/1 658/596/1 657/598/1
f 693/599/1 692/597/1 657/598/1
f 693/599/1 657/598/1 656/600/1
f 626/601/1 625/602/1 624/603/1
f 694/604/1 693/599/1 656/600/1
f 694/604/1 656/600/1 655/605/1
f 626/601/1 624/603/1 623/606/1
f 627/607/1 626/601/1 623/606/1
f 628/608/1 627/607/1 623/606/1
f 628/608/1 623/606/1 622/609/1
f 695/610/1 694/604/1 655/605/1
f 629/611/1 628/608/1 622/609/1
f 695/610/1 655/605/1 654/612/1
f 630/613/1 629/611/1 622/609/1
f 631/614/1 630/613/1 622/609/1
f 631/614/1 622/609/1 621/615/1
f 632/616/1 631/614/1 621/615/1
f 696/617/1 695/610/1 654/612/1
f 696/617/1 654/612/1 653/618/1
f 633/619/1 632/616/1 621/615/1
f 633/619/1 621/615/1 620/620/1
f 634/621/1 633/619/1 620/620/1
f 635/622/1 634/621/1 620/620/1
f 696/617/1 653/618/1 652/623/1
f 635/622/1 620/620/1 619/624/1
f 697/625/1 696/617/1 652/623/1
f 636/626/1 635/622/1 619/624/1
f 637/627/1 636/626/1 619/624/1
f 637/627/1 619/624/1 618/628/1
f 697/625/1 652/623/1 651/629/1
f 698/630/1 697/625/1 651/629/1
f 638/631/1 637/627/1 618/628/1
f 639/632/1 638/631/1 618/628/1
f 639/632/1 618/628/1 617/633/1
f 640/634/1 639/632/1 617/633/1
f 641/635/1 640/634/1 617/633/1
f 642/636/1 641/635/1 617/633/1
f 698/630/1 651/629/1 650/637/1
f 643/638/1 642/636/1 617/633/1
f 699/639/1 698/630/1 650/637/1
f 644/640/1 643/638/1 617/633/1
f 645/641/1 644/640/1 617/633/1
f 646/642/1 645/641/1 617/633/1
f 647/643/1 646/642/1 617/633/1
f 648/644/1 647/643/1 617/633/1
f 648/644/1 617/633/1 616/645/1
f 649/646/1 648/644/1 616/645/1
f 650/637/1 649/646/1 616/645/1
f 699/639/1 650/637/1 616/645/1
f 563/647/1 699/639/1 616/645/1
f 564/648/1 563/647/1 616/645/1
f 565/649/1 564/648/1 616/645/1
f 566/650/1 565/649/1 616/645/1
f 567/651/1 566/650/1 616/645/1
f 568/652/1 567/651/1 616/645/1
f 576/653/1 575/654/1 574/655/1
f 569/656/1 568/652/1 616/645/1
f 576/653/1 574/655/1 573/657/1
f 570/658/1 569/656/1 616/645/1
f 576/653/1 573/657/1 572/659/1
f 571/660/1 570/658/1 616/645/1
f 576/653/1 572/659/1 571/660/1
f 576/653/1 571/660/1 581/661/1
f 581/661/1 571/660/1 582/662/1
f 582/662/1 571/660/1 583/663/1
f 583/663/1 571/660/1 584/664/1
f 584/664/1 571/660/1 585/665/1
f 585/665/1 571/660/1 586/666/1
f 586/666/1 571/660/1 600/667/1
f 600/667/1 571/660/1 616/645/1
f 586/666/1 600/667/1 599/668/1
f 601/669/1 600/667/1 616/645/1
f 601/669/1 616/645/1 615/670/1
f 586/666/1 599/668/1 598/671/1
f 586/666/1 598/671/1 597/672/1
f 602/673/1 601/669/1 615/670/1
f 586/666/1 597/672/1 596/674/1
f 586/666/1 596/674/1 595/675/1
f 603/676/1 602/673/1 615/670/1
f 586/666/1 595/675/1 587/677/1
f 587/677/1 595/675/1 594/678/1
f 603/676/1 615/670/1 614/679/1
f 604/680/1 603/676/1 614/679/1
f 587/677/1 594/678/1 593/681/1
f 587/677/1 593/681/1 592/682/1
f 605/683/1 604/680/1 614/679/1
f 587/677/1 592/682/1 591/684/1
f 587/677/1 591/684/1 590/685/1
f 606/686/1 605/683/1 614/679/1
f 587/677/1 590/685/1 589/687/1
f 606/686/1 614/679/1 613/688/1
f 587/677/1 589/687/1 588/689/1
f 607/690/1 606/686/1 613/688/1
f 576/653/1 581/661/1 580/691/1
f 576/653/1 580/691/1 579/692/1
f 576/653/1 579/692/1 578/693/1
f 576/653/1 578/693/1 577/694/1
f 608/695/1 607/690/1 613/688/1
f 609/696/1 608/695/1 613/688/1
f 609/696/1 613/688/1 610/697/1
f 610/697/1 613/688/1 611/698/1
f 611/698/1 613/688/1 612/699/1
f 701/700/1 700/701/1 773/702/1
f 739/703/1 738/704/1 737/705/1
f 701/700/1 773/702/1 772/706/1
f 740/707/1 739/703/1 737/705/1
f 701/700/1 772/706/1 771/708/1
f 741/709/1 740/707/1 737/705/1
f 701/700/1 771/708/1 770/710/1
f 742/711/1 741/709/1 737/705/1
f 701/700/1 770/710/1 769/712/1
f 743/713/1 742/711/1 737/705/1
f 701/700/1 769/712/1 768/714/1
f 744/715/1 743/713/1 737/705/1
f 701/700/1 768/714/1 767/716/1
f 745/717/1 744/715/1 737/705/1
f 701/700/1 767/716/1 766/718/1
f 746/719/1 745/717/1 737/705/1
f 701/700/1 766/718/1 765/720/1
f 747/721/1 746/719/1 737/705/1
f 701/700/1 765/720/1 764/722/1
f 748/723/1 747/721/1 737/705/1
f 701/700/1 764/722/1 763/724/1
f 749/725/1 748/723/1 737/705/1
f 701/700/1 763/724/1 762/726/1
f 750/727/1 749/725/1 737/705/1
f 701/700/1 762/726/1 761/728/1
f 701/700/1 761/728/1 760/729/1
f 701/700/1 760/729/1 759/730/1
f 701/700/1 759/730/1 758/731/1
f 701/700/1 758/731/1 757/732/1
f 701/700/1 757/732/1 756/733/1
f 701/700/1 756/733/1 755/734/1
f 701/700/1 755/734/1 754/735/1
f 701/700/1 754/735/1 753/736/1
f 701/700/1 753/736/1 752/737/1
f 701/700/1 752/737/1 751/738/1
f 701/700/1 751/738/1 750/727/1
f 701/700/1 750/727/1 702/739/1
f 702/739/1 750/727/1 703/740/1
f 703/740/1 750/727/1 704/741/1
f 704/741/1 750/727/1 705/742/1
f 705/742/1 750/727/1 706/743/1
f 706/743/1 750/727/1 707/744/1
f 707/744/1 750/727/1 708/745/1
f 708/745/1 750/727/1 709/746/1
f 709/746/1 750/727/1 710/747/1
f 710/747/1 750/727/1 711/748/1
f 711/748/1 750/727/1 712/749/1
f 712/749/1 750/727/1 713/750/1
f 713/750/1 750/727/1 714/751/1
f 714/751/1 750/727/1 715/752/1
f 715/752/1 750/727/1 716/753/1
f 716/753/1 750/727/1 719/754/1
f 719/754/1 750/727/1 721/755/1
f 721/755/1 750/727/1 725/756/1
f 725/756/1 750/727/1 726/757/1
f 726/757/1 750/727/1 727/758/1
f 727/758/1 750/727/1 728/759/1
f 728/759/1 750/727/1 729/760/1
f 729/760/1 750/727/1 730/761/1
f 730/761/1 750/727/1 731/762/1
f 731/762/1 750/727/1 732/763/1
f 732/763/1 750/727/1 737/705/1
f 717/764/2 716/753/2 719/754/2
f 718/765/3 717/764/3 719/754/3
f 720/766/2 719/754/2 721/755/2
f 722/767/2 721/755/2 725/756/2
f 723/768/2 722/767/2 725/756/2
f 724/769/2 723/768/2 725/756/2
f 733/770/1 732/763/1 737/705/1
f 734/771/1 733/770/1 737/705/1
f 735/772/1 734/771/1 737/705/1
f 736/773/1 735/772/1 737/705/1
f 801/774/1 800/775/1 825/776/1
f 801/774/1 825/776/1 824/777/1
f 801/774/1 824/777/1 823/778/1
f 802/779/1 801/774/1 823/778/1
f 802/779/1 823/778/1 822/780/1
f 803/781/1 802/779/1 822/780/1
f 775/782/1 774/783/1 799/784/1
f 804/785/1 803/781/1 822/780/1
f 804/785/1 822/780/1 821/786/1
f 775/782/1 799/784/1 798/787/1
f 805/788/1 804/785/1 821/786/1
f 805/788/1 821/786/1 820/789/1
f 828/790/1 827/791/1 826/792/1
f 775/782/1 798/787/1 797/793/1
f 776/794/1 775/782/1 797/793/1
f 829/795/1 828/790/1 826/792/1
f 806/796/1 805/788/1 820/789/1
f 806/796/1 820/789/1 819/797/1
f 776/794/1 797/793/1 796/798/1
f 830/799/1 829/795/1 826/792/1
f 777/800/1 776/794/1 796/798/1
f 830/799/1 826/792/1 964/801/1
f 807/802/1 806/796/1 819/797/1
f 831/803/1 830/799/1 964/801/1
f 807/802/1 819/797/1 818/804/1
f 777/800/1 796/798/1 795/805/1
f 831/803/1 964/801/1 963/806/1
f 778/807/1 777/800/1 795/805/1
f 832/808/1 831/803/1 963/806/1
f 832/808/1 963/806/1 962/809/1
f 808/810/1 807/802/1 818/804/1
f 833/811/1 832/808/1 962/809/1
f 808/810/1 818/804/1 817/812/1
f 778/807/1 795/805/1 794/813/1
f 833/811/1 962/809/1 961/814/1
f 779/815/1 778/807/1 794/813/1
f 834/816/1 833/811/1 961/814/1
f 834/816/1 961/814/1 960/817/1
f 809/818/1 808/810/1 817/812/1
f 809/818/1 817/812/1 816/819/1
f 835/820/1 834/816/1 960/817/1
f 780/821/1 779/815/1 794/813/1
f 780/821/1 794/813/1 793/822/1
f 835/820/1 960/817/1 959/823/1
f 836/824/1 835/820/1 959/823/1
f 836/824/1 959/823/1 958/825/1
f 810/826/1 809/818/1 816/819/1
f 810/826/1 816/819/1 815/827/1
f 837/828/1 836/824/1 958/825/1
f 781/829/1 780/821/1 793/822/1
f 837/828/1 958/825/1 957/830/1
f 781/829/1 793/822/1 792/831/1
f 838/832/1 837/828/1 957/830/1
f 838/832/1 957/830/1 956/833/1
f 811/834/1 810/826/1 815/827/1
f 811/834/1 815/827/1 814/835/1
f 838/832/1 956/833/1 955/836/1
f 782/837/1 781/829/1 792/831/1
f 839/838/1 838/832/1 955/836/1
f 782/837/1 792/831/1 791/839/1
f 811/834/1 814/835/1 812/840/1
f 812/840/1 814/835/1 813/841/1
f 839/838/1 955/836/1 954/842/1
f 840/843/1 839/838/1 954/842/1
f 840/843/1 954/842/1 953/844/1
f 783/845/1 782/837/1 791/839/1
f 783/845/1 791/839/1 790/846/1
f 840/843/1 953/844/1 952/847/1
f 841/848/1 840/843/1 952/847/1
f 841/848/1 952/847/1 951/849/1
f 783/845/1 790/846/1 789/850/1
f 784/851/1 783/845/1 789/850/1
f 842/852/1 841/848/1 951/849/1
f 842/852/1 951/849/1 950/853/1
f 784/851/1 789/850/1 788/854/1
f 785/855/1 784/851/1 788/854/1
f 843/856/1 842/852/1 950/853/1
f 843/856/1 950/853/1 949/857/1
f 785/855/1 788/854/1 786/858/1
f 786/858/1 788/854/1 787/859/1
f 843/856/1 949/857/1 948/860/1
f 844/861/1 843/856/1 948/860/1
f 844/861/1 948/860/1 947/862/1
f 845/863/1 844/861/1 947/862/1
f 845/863/1 947/862/1 946/864/1
f 845/863/1 946/864/1 945/865/1
f 846/866/1 845/863/1 945/865/1
f 846/866/1 945/865/1 944/867/1
f 847/868/1 846/866/1 944/867/1
f 847/868/1 944/867/1 943/869/1
f 848/870/1 847/868/1 943/869/1
f 848/870/1 943/869/1 942/871/1
f 848/870/1 942/871/1 941/872/1
f 849/873/1 848/870/1 941/872/1
f 929/874/1 928/875/1 927/876/1
f 930/877/1 929/874/1 927/876/1
f 931/878/1 930/877/1 927/876/1
f 932/879/1 931/878/1 927/876/1
f 933/880/1 932/879/1 927/876/1
f 934/881/1 933/880/1 927/876/1
f 935/882/1 934/881/1 927/876/1
f 936/883/1 935/882/1 927/876/1
f 937/884/1 936/883/1 927/876/1
f 938/885/1 937/884/1 927/876/1
f 939/886/1 938/885/1 927/876/1
f 940/887/1 939/886/1 927/876/1
f 849/873/1 941/872/1 940/887/1
f 849/873/1 940/887/1 927/876/1
f 850/888/1 849/873/1 927/876/1
f 851/889/1 850/888/1 927/876/1
f 852/890/1 851/889/1 925/891/1
f 925/891/1 851/889/1 926/892/1
f 926/892/1 851/889/1 927/876/1
f 853/893/1 852/890/1 920/894/1
f 920/894/1 852/890/1 921/895/1
f 921/895/1 852/890/1 922/896/1
f 922/896/1 852/890/1 923/897/1
f 923/897/1 852/890/1 924/898/1
f 924/898/1 852/890/1 925/891/1
f 854/899/1 853/893/1 876/900/1
f 876/900/1 853/893/1 877/901/1
f 877/901/1 853/893/1 914/902/1
f 914/902/1 853/893/1 915/903/1
f 915/903/1 853/893/1 916/904/1
f 916/904/1 853/893/1 917/905/1
f 917/905/1 853/893/1 918/906/1
f 918/906/1 853/893/1 919/907/1
f 919/907/1 853/893/1 920/894/1
f 854/899/1 876/900/1 875/908/1
f 878/909/1 877/901/1 914/902/1
f 878/909/1 914/902/1 913/910/1
f 855/911/1 854/899/1 875/908/1
f 855/911/1 875/908/1 874/912/1
f 856/913/1 855/911/1 874/912/1
f 856/913/1 874/912/1 873/914/1
f 857/915/1 856/913/1 873/914/1
f 857/915/1 873/914/1 872/916/1
f 879/917/1 878/909/1 913/910/1
f 858/918/1 857/915/1 872/916/1
f 879/917/1 913/910/1 912/919/1
f 858/918/1 872/916/1 871/920/1
f 859/921/1 858/918/1 871/920/1
f 859/921/1 871/920/1 870/922/1
f 860/923/1 859/921/1 870/922/1
f 880/924/1 879/917/1 912/919/1
f 860/923/1 870/922/1 869/925/1
f 861/926/1 860/923/1 869/925/1
f 880/924/1 912/919/1 911/927/1
f 861/926/1 869/925/1 868/928/1
f 862/929/1 861/926/1 868/928/1
f 863/930/1 862/929/1 868/928/1
f 863/930/1 868/928/1 867/931/1
f 864/932/1 863/930/1 867/931/1
f 881/933/1 880/924/1 911/927/1
f 864/932/1 867/931/1 866/934/1
f 864/932/1 866/934/1 865/935/1
f 881/933/1 911/927/1 910/936/1
f 882/937/1 881/933/1 910/936/1
f 882/937/1 910/936/1 909/938/1
f 883/939/1 882/937/1 909/938/1
f 884/940/1 883/939/1 909/938/1
f 884/940/1 909/938/1 908/941/1
f 885/942/1 884/940/1 908/941/1
f 885/942/1 908/941/1 907/943/1
f 886/944/1 885/942/1 907/943/1
f 886/944/1 907/943/1 906/945/1
f 887/946/1 886/944/1 906/945/1
f 888/947/1 887/946/1 906/945/1
f 888/947/1 906/945/1 905/948/1
f 889/949/1 888/947/1 905/948/1
f 890/950/1 889/949/1 905/948/1
f 891/951/1 890/950/1 905/948/1
f 892/952/1 891/951/1 905/948/1
f 892/952/1 905/948/1 904/953/1
f 893/954/1 892/952/1 904/953/1
f 894/955/1 893/954/1 904/953/1
f 895/956/1 894/955/1 904/953/1
f 896/957/1 895/956/1 904/953/1
f 897/958/1 896/957/1 904/953/1
f 898/959/1 897/958/1 904/953/1
f 899/960/1 898/959/1 904/953/1
f 900/961/1 899/960/1 904/953/1
f 901/962/1 900/961/1 904/953/1
f 901/962/1 904/953/1 903/963/1
f 902/964/1 901/962/1 903/963/1
f 1197/1/4 1195/3/4 1196/2/4
f 1198/4/4 1195/3/4 1197/1/4
f 1199/5/4 1195/3/4 1198/4/4
f 1200/6/4 1195/3/4 1199/5/4
f 1201/7/4 1195/3/4 1200/6/4
f 1202/8/4 1195/3/4 1201/7/4
f 1203/9/4 1195/3/4 1202/8/4
f 1204/10/4 1195/3/4 1203/9/4
f 1205/11/4 1195/3/4 1204/10/4
f 1206/12/4 1195/3/4 1205/11/4
f 1207/13/4 1195/3/4 1206/12/4
f 1208/14/4 1195/3/4 1207/13/4
f 1209/15/4 1195/3/4 1208/14/4
f 1210/16/4 1195/3/4 1209/15/4
f 1211/17/4 1195/3/4 1210/16/4
f 1212/18/4 1195/3/4 1211/17/4
f 1213/19/4 1195/3/4 1212/18/4
f 1214/20/4 1195/3/4 1213/19/4
f 1215/21/4 1195/3/4 1214/20/4
f 1014/22/4 1231/24/4 1013/23/4
f 1216/25/4 1195/3/4 1215/21/4
f 1014/22/4 1230/26/4 1231/24/4
f 1014/22/4 1229/27/4 1230/26/4
f 1217/28/4 1195/3/4 1216/25/4
f 1014/22/4 1228/29/4 1229/27/4
f 1014/22/4 1227/30/4 1228/29/4
f 1218/31/4 1195/3/4 1217/28/4
f 1014/22/4 1226/32/4 1227/30/4
f 1014/22/4 1225/33/4 1226/32/4
f 1219/34/4 1195/3/4 1218/31/4
f 1014/22/4 1224/35/4 1225/33/4
f 1014/22/4 1223/36/4 1224/35/4
f 1014/22/4 1222/37/4 1223/36/4
f 1220/38/4 1195/3/4 1219/34/4
f 1014/22/4 1221/39/4 1222/37/4
f 1014/22/4 1220/38/4 1221/39/4
f 1014/22/4 1015/40/4 1220/38/4
f 1015/40/4 1016/41/4 1220/38/4
f 1016/41/4 1017/42/4 1220/38/4
f 1017/42/4 1018/43/4 1220/38/4
f 1018/43/4 1019/44/4 1220/38/4
f 1019/44/4 1020/45/4 1220/38/4
f 1020/45/4 1021/46/4 1220/38/4
f 1021/46/4 1195/3/4 1220/38/4
f 1021/46/4 1022/47/4 1195/3/4
f 1022/47/4 1194/48/4 1195/3/4
f 1022/47/5 1023/49/5 1194/48/5
f 1023/49/4 1193/50/4 1194/48/4
f 1023/49/6 1024/51/6 1193/50/6
f 1024/51/4 1192/52/4 1193/50/4
f 1024/51/7 1025/53/7 1192/52/7
f 1025/53/4 1191/54/4 1192/52/4
f 1025/53/4 1027/55/4 1191/54/4
f 1027/55/4 1028/56/4 1191/54/4
f 1028/56/4 1029/57/4 1191/54/4
f 1029/57/8 1030/58/8 1191/54/8
f 1030/58/9 1031/59/9 1191/54/9
f 1031/59/4 1032/60/4 1191/54/4
f 1032/60/4 1190/61/4 1191/54/4
f 1032/60/10 1033/62/10 1190/61/10
f 1033/62/11 1034/63/11 1190/61/11
f 1034/63/4 1035/64/4 1190/61/4
f 1035/64/4 1036/65/4 1190/61/4
f 1036/65/4 1037/66/4 1190/61/4
f 1037/66/4 1038/67/4 1190/61/4
f 1038/67/4 1189/68/4 1190/61/4
f 1038/67/4 1188/69/4 1189/68/4
f 1039/70/4 1188/69/4 1038/67/4
f 1039/70/4 1187/71/4 1188/69/4
f 1039/70/4 1186/72/4 1187/71/4
f 1039/70/4 1185/73/4 1186/72/4
f 1039/70/4 1184/74/4 1185/73/4
f 1040/75/4 1184/74/4 1039/70/4
f 1025/53/12 1026/76/12 1027/55/12
f 1040/75/4 1183/77/4 1184/74/4
f 1040/75/4 1182/78/4 1183/77/4
f 1041/79/4 1182/78/4 1040/75/4
f 1041/79/4 1181/80/4 1182/78/4
f 1042/81/4 1181/80/4 1041/79/4
f 1042/81/4 1180/82/4 1181/80/4
f 1042/81/4 1179/83/4 1180/82/4
f 1043/84/4 1179/83/4 1042/81/4
f 1043/84/4 1178/85/4 1179/83/4
f 1044/86/4 1178/85/4 1043/84/4
f 1045/87/4 1178/85/4 1044/86/4
f 1045/87/4 1177/88/4 1178/85/4
f 1046/89/4 1177/88/4 1045/87/4
f 1046/89/4 1176/90/4 1177/88/4
f 1047/91/4 1176/90/4 1046/89/4
f 1047/91/4 1175/92/4 1176/90/4
f 1048/93/4 1175/92/4 1047/91/4
f 1048/93/4 1174/94/4 1175/92/4
f 1049/95/4 1174/94/4 1048/93/4
f 1049/95/4 1173/96/4 1174/94/4
f 1050/97/4 1173/96/4 1049/95/4
f 1051/98/4 1173/96/4 1050/97/4
f 1051/98/4 1172/99/4 1173/96/4
f 1052/100/4 1172/99/4 1051/98/4
f 1160/101/4 1158/103/4 1159/102/4
f 1161/104/4 1158/103/4 1160/101/4
f 1162/105/13 1158/103/13 1161/104/13
f 1163/106/14 1158/103/14 1162/105/14
f 1164/107/4 1158/103/4 1163/106/4
f 1164/107/4 1157/108/4 1158/103/4
f 1165/109/4 1157/108/4 1164/107/4
f 1052/100/4 1171/110/4 1172/99/4
f 1166/111/4 1157/108/4 1165/109/4
f 1167/112/4 1157/108/4 1166/111/4
f 1053/113/4 1171/110/4 1052/100/4
f 1167/112/4 1156/114/4 1157/108/4
f 1168/115/4 1156/114/4 1167/112/4
f 1169/116/4 1156/114/4 1168/115/4
f 1170/117/4 1156/114/4 1169/116/4
f 1171/110/4 1156/114/4 1170/117/4
f 1171/110/4 1155/118/4 1156/114/4
f 1053/113/4 1155/118/4 1171/110/4
f 1054/119/4 1155/118/4 1053/113/4
f 1054/119/4 1154/120/4 1155/118/4
f 1055/121/4 1154/120/4 1054/119/4
f 1055/121/4 1075/122/4 1154/120/4
f 1075/122/4 1153/123/4 1154/120/4
f 1055/121/4 1074/124/4 1075/122/4
f 1076/125/4 1153/123/4 1075/122/4
f 1056/126/4 1074/124/4 1055/121/4
f 1056/126/4 1073/127/4 1074/124/4
f 1077/128/4 1153/123/4 1076/125/4
f 1077/128/4 1152/129/4 1153/123/4
f 1056/126/4 1072/130/4 1073/127/4
f 1078/131/4 1152/129/4 1077/128/4
f 1079/132/4 1152/129/4 1078/131/4
f 1056/126/4 1071/133/4 1072/130/4
f 1057/134/4 1071/133/4 1056/126/4
f 1080/135/4 1152/129/4 1079/132/4
f 1057/134/4 1070/136/4 1071/133/4
f 1080/135/4 1151/137/4 1152/129/4
f 1081/138/4 1151/137/4 1080/135/4
f 1057/134/4 1069/139/4 1070/136/4
f 1058/140/4 1069/139/4 1057/134/4
f 1082/141/4 1151/137/4 1081/138/4
f 1058/140/4 1068/142/4 1069/139/4
f 1082/141/4 1150/143/4 1151/137/4
f 1059/144/4 1068/142/4 1058/140/4
f 1083/145/4 1150/143/4 1082/141/4
f 1059/144/4 1067/146/4 1068/142/4
f 1083/145/4 1149/147/4 1150/143/4
f 1084/148/4 1149/147/4 1083/145/4
f 1060/149/4 1067/146/4 1059/144/4
f 1060/149/4 1066/150/4 1067/146/4
f 1085/151/4 1149/147/4 1084/148/4
f 1061/152/4 1066/150/4 1060/149/4
f 1085/151/4 1148/153/4 1149/147/4
f 1061/152/4 1065/154/4 1066/150/4
f 1062/155/4 1065/154/4 1061/152/4
f 1086/156/4 1148/153/4 1085/151/4
f 1086/156/4 1147/157/4 1148/153/4
f 1062/155/4 1064/158/4 1065/154/4
f 1063/159/4 1064/158/4 1062/155/4
f 1087/160/4 1147/157/4 1086/156/4
f 1112/161/4 1110/163/4 1111/162/4
f 1113/164/4 1110/163/4 1112/161/4
f 1113/164/4 1109/165/4 1110/163/4
f 1114/166/4 1109/165/4 1113/164/4
f 1088/167/4 1147/157/4 1087/160/4
f 1114/166/4 1108/168/4 1109/165/4
f 1088/167/4 1146/169/4 1147/157/4
f 1115/170/4 1108/168/4 1114/166/4
f 1115/170/4 1107/171/4 1108/168/4
f 1116/172/4 1107/171/4 1115/170/4
f 1116/172/4 1106/173/4 1107/171/4
f 1089/174/4 1146/169/4 1088/167/4
f 1117/175/4 1106/173/4 1116/172/4
f 1117/175/4 1105/176/4 1106/173/4
f 1118/177/4 1105/176/4 1117/175/4
f 1090/178/4 1146/169/4 1089/174/4
f 1090/178/4 1145/179/4 1146/169/4
f 1119/180/4 1105/176/4 1118/177/4
f 1119/180/4 1001/181/4 1105/176/4
f 1001/181/4 1104/182/4 1105/176/4
f 1119/180/15 1000/183/15 1001/181/15
f 1002/184/16 1104/182/16 1001/181/16
f 1119/180/4 999/185/4 1000/183/4
f 1003/186/4 1104/182/4 1002/184/4
f 1119/180/4 998/187/4 999/185/4
f 1091/188/4 1145/179/4 1090/178/4
f 1004/189/4 1104/182/4 1003/186/4
f 1119/180/4 997/190/4 998/187/4
f 1120/191/4 997/190/4 1119/180/4
f 1120/191/4 996/192/4 997/190/4
f 1004/189/4 1103/193/4 1104/182/4
f 1005/194/4 1103/193/4 1004/189/4
f 1120/191/4 995/195/4 996/192/4
f 1006/196/4 1103/193/4 1005/194/4
f 1120/191/4 994/197/4 995/195/4
f 1092/198/4 1145/179/4 1091/188/4
f 1121/199/4 994/197/4 1120/191/4
f 1092/198/4 1144/200/4 1145/179/4
f 1121/199/4 993/201/4 994/197/4
f 1007/202/4 1103/193/4 1006/196/4
f 1007/202/4 1102/203/4 1103/193/4
f 1121/199/4 992/204/4 993/201/4
f 1093/205/4 1144/200/4 1092/198/4
f 1122/206/4 992/204/4 1121/199/4
f 1008/207/4 1102/203/4 1007/202/4
f 1122/206/4 991/208/4 992/204/4
f 1122/206/4 990/209/4 991/208/4
f 1008/207/4 1101/210/4 1102/203/4
f 1094/211/4 1144/200/4 1093/205/4
f 1009/212/4 1101/210/4 1008/207/4
f 1123/213/4 990/209/4 1122/206/4
f 1123/213/4 989/214/4 990/209/4
f 1094/211/4 1143/215/4 1144/200/4
f 1123/213/4 988/216/4 989/214/4
f 1095/217/4 1143/215/4 1094/211/4
f 1010/218/4 1101/210/4 1009/212/4
f 1124/219/4 988/216/4 1123/213/4
f 1010/218/4 1100/220/4 1101/210/4
f 1124/219/4 987/221/4 988/216/4
f 1096/222/4 1143/215/4 1095/217/4
f 1011/223/4 1100/220/4 1010/218/4
f 1124/219/4 986/224/4 987/221/4
f 1096/222/4 1142/225/4 1143/215/4
f 1097/226/4 1142/225/4 1096/222/4
f 1125/227/4 986/224/4 1124/219/4
f 1011/223/4 1099/228/4 1100/220/4
f 1125/227/4 985/229/4 986/224/4
f 1012/230/4 1099/228/4 1011/223/4
f 1098/231/4 1142/225/4 1097/226/4
f 1125/227/4 984/232/4 985/229/4
f 1099/228/4 1142/225/4 1098/231/4
f 1126/233/4 984/232/4 1125/227/4
f 1126/233/4 983/234/4 984/232/4
f 1099/228/4 1141/235/4 1142/225/4
f 965/236/4 1099/228/4 1012/230/4
f 965/236/4 1141/235/4 1099/228/4
f 1126/233/4 982/237/4 983/234/4
f 1127/238/4 982/237/4 1126/233/4
f 1127/238/4 981/239/4 982/237/4
f 1127/238/4 980/240/4 981/239/4
f 966/241/4 1141/235/4 965/236/4
f 1127/238/4 979/242/4 980/240/4
f 967/243/4 1141/235/4 966/241/4
f 968/244/4 1141/235/4 967/243/4
f 969/245/4 1141/235/4 968/244/4
f 970/246/4 1141/235/4 969/245/4
f 1127/238/4 978/247/4 979/242/4
f 970/246/4 1140/248/4 1141/235/4
f 971/249/4 1140/248/4 970/246/4
f 972/250/4 1140/248/4 971/249/4
f 973/251/4 1140/248/4 972/250/4
f 974/252/14 1140/248/14 973/251/14
f 1127/238/13 977/253/13 978/247/13
f 975/254/4 1140/248/4 974/252/4
f 976/255/14 1140/248/14 975/254/14
f 977/253/4 1140/248/4 976/255/4
f 1127/238/4 1140/248/4 977/253/4
f 1128/256/4 1140/248/4 1127/238/4
f 1129/257/4 1140/248/4 1128/256/4
f 1129/257/4 1139/258/4 1140/248/4
f 1130/259/4 1139/258/4 1129/257/4
f 1130/259/4 1138/260/4 1139/258/4
f 1131/261/4 1138/260/4 1130/259/4
f 1131/261/4 1137/262/4 1138/260/4
f 1132/263/4 1137/262/4 1131/261/4
f 1133/264/4 1137/262/4 1132/263/4
f 1133/264/4 1136/265/4 1137/262/4
f 1134/266/4 1136/265/4 1133/264/4
f 1134/266/4 1135/267/4 1136/265/4
f 1335/268/4 1399/270/4 1400/269/4
f 1335/268/4 1398/271/4 1399/270/4
f 1335/268/4 1397/272/4 1398/271/4
f 1336/273/4 1397/272/4 1335/268/4
f 1336/273/4 1396/274/4 1397/272/4
f 1337/275/4 1396/274/4 1336/273/4
f 1338/276/4 1396/274/4 1337/275/4
f 1338/276/4 1395/277/4 1396/274/4
f 1339/278/4 1395/277/4 1338/276/4
f 1339/278/4 1394/279/4 1395/277/4
f 1340/280/4 1394/279/4 1339/278/4
f 1340/280/4 1393/281/4 1394/279/4
f 1341/282/4 1393/281/4 1340/280/4
f 1341/282/4 1392/283/4 1393/281/4
f 1342/284/4 1392/283/4 1341/282/4
f 1343/285/4 1392/283/4 1342/284/4
f 1343/285/4 1391/286/4 1392/283/4
f 1344/287/4 1391/286/4 1343/285/4
f 1344/287/4 1390/288/4 1391/286/4
f 1345/289/4 1390/288/4 1344/287/4
f 1345/289/4 1389/290/4 1390/288/4
f 1346/291/4 1389/290/4 1345/289/4
f 1346/291/4 1388/292/4 1389/290/4
f 1347/293/4 1388/292/4 1346/291/4
f 1349/294/4 1401/296/4 1348/295/4
f 1401/296/4 1347/293/4 1348/295/4
f 1401/296/4 1388/292/4 1347/293/4
f 1401/296/4 1387/297/4 1388/292/4
f 1401/296/4 1402/298/4 1387/297/4
f 1402/298/4 1386/299/4 1387/297/4
f 1349/294/4 1404/300/4 1401/296/4
f 1403/301/4 1386/299/4 1402/298/4
f 1349/294/4 1403/301/4 1404/300/4
f 1349/294/4 1386/299/4 1403/301/4
f 1350/302/4 1385/303/4 1349/294/4
f 1385/303/4 1386/299/4 1349/294/4
f 1350/302/4 1384/304/4 1385/303/4
f 1351/305/4 1384/304/4 1350/302/4
f 1233/306/4 1334/308/4 1232/307/4
f 1233/306/4 1333/309/4 1334/308/4
f 1234/310/4 1333/309/4 1233/306/4
f 1234/310/4 1332/311/4 1333/309/4
f 1351/305/4 1383/312/4 1384/304/4
f 1352/313/4 1383/312/4 1351/305/4
f 1235/314/4 1332/311/4 1234/310/4
f 1235/314/4 1331/315/4 1332/311/4
f 1236/316/4 1331/315/4 1235/314/4
f 1236/316/4 1330/317/4 1331/315/4
f 1237/318/4 1330/317/4 1236/316/4
f 1237/318/4 1329/319/4 1330/317/4
f 1238/320/4 1329/319/4 1237/318/4
f 1238/320/4 1328/321/4 1329/319/4
f 1352/313/4 1382/322/4 1383/312/4
f 1353/323/4 1382/322/4 1352/313/4
f 1239/324/4 1328/321/4 1238/320/4
f 1239/324/4 1327/325/4 1328/321/4
f 1240/326/4 1327/325/4 1239/324/4
f 1240/326/4 1326/327/4 1327/325/4
f 1241/328/4 1326/327/4 1240/326/4
f 1241/328/4 1325/329/4 1326/327/4
f 1242/330/4 1325/329/4 1241/328/4
f 1242/330/4 1324/331/4 1325/329/4
f 1353/323/4 1381/332/4 1382/322/4
f 1354/333/4 1381/332/4 1353/323/4
f 1243/334/4 1324/331/4 1242/330/4
f 1243/334/4 1323/335/4 1324/331/4
f 1244/336/4 1323/335/4 1243/334/4
f 1244/336/4 1322/337/4 1323/335/4
f 1246/338/4 1244/336/4 1245/339/4
f 1246/338/4 1322/337/4 1244/336/4
f 1246/338/4 1321/340/4 1322/337/4
f 1246/338/4 1320/341/4 1321/340/4
f 1354/333/4 1380/342/4 1381/332/4
f 1355/343/4 1380/342/4 1354/333/4
f 1355/343/4 1379/344/4 1380/342/4
f 1356/345/4 1379/344/4 1355/343/4
f 1247/346/2 1320/341/2 1246/338/2
f 1248/347/4 1319/348/4 1247/346/4
f 1319/348/2 1320/341/2 1247/346/2
f 1248/347/4 1318/349/4 1319/348/4
f 1249/350/4 1318/349/4 1248/347/4
f 1249/350/4 1283/351/4 1318/349/4
f 1283/351/4 1317/352/4 1318/349/4
f 1356/345/4 1378/353/4 1379/344/4
f 1357/354/4 1378/353/4 1356/345/4
f 1249/350/4 1282/355/4 1283/351/4
f 1284/356/4 1317/352/4 1283/351/4
f 1250/357/4 1282/355/4 1249/350/4
f 1284/356/4 1316/358/4 1317/352/4
f 1251/359/4 1282/355/4 1250/357/4
f 1251/359/4 1281/360/4 1282/355/4
f 1285/361/4 1316/358/4 1284/356/4
f 1357/354/4 1377/362/4 1378/353/4
f 1285/361/4 1315/363/4 1316/358/4
f 1358/364/4 1377/362/4 1357/354/4
f 1252/365/4 1281/360/4 1251/359/4
f 1252/365/4 1280/366/4 1281/360/4
f 1285/361/4 1314/367/4 1315/363/4
f 1286/368/4 1314/367/4 1285/361/4
f 1253/369/4 1280/366/4 1252/365/4
f 1358/364/4 1376/370/4 1377/362/4
f 1359/371/4 1376/370/4 1358/364/4
f 1286/368/4 1313/372/4 1314/367/4
f 1253/369/4 1279/373/4 1280/366/4
f 1287/374/4 1313/372/4 1286/368/4
f 1254/375/4 1279/373/4 1253/369/4
f 1287/374/4 1312/376/4 1313/372/4
f 1254/375/4 1278/377/4 1279/373/4
f 1288/378/4 1312/376/4 1287/374/4
f 1255/379/4 1278/377/4 1254/375/4
f 1359/371/4 1375/380/4 1376/370/4
f 1360/381/4 1375/380/4 1359/371/4
f 1288/378/4 1311/382/4 1312/376/4
f 1255/379/4 1277/383/4 1278/377/4
f 1256/384/4 1277/383/4 1255/379/4
f 1289/385/4 1311/382/4 1288/378/4
f 1289/385/4 1310/386/4 1311/382/4
f 1257/387/4 1277/383/4 1256/384/4
f 1257/387/4 1276/388/4 1277/383/4
f 1289/385/4 1309/389/4 1310/386/4
f 1360/381/4 1374/390/4 1375/380/4
f 1361/391/4 1374/390/4 1360/381/4
f 1290/392/4 1309/389/4 1289/385/4
f 1258/393/4 1276/388/4 1257/387/4
f 1290/392/4 1308/394/4 1309/389/4
f 1258/393/4 1275/395/4 1276/388/4
f 1290/392/4 1307/396/4 1308/394/4
f 1291/397/4 1307/396/4 1290/392/4
f 1259/398/4 1275/395/4 1258/393/4
f 1291/397/4 1306/399/4 1307/396/4
f 1259/398/4 1274/400/4 1275/395/4
f 1291/397/4 1305/401/4 1306/399/4
f 1260/402/4 1274/400/4 1259/398/4
f 1291/397/4 1304/403/4 1305/401/4
f 1362/404/4 1374/390/4 1361/391/4
f 1261/405/4 1274/400/4 1260/402/4
f 1362/404/4 1363/406/4 1374/390/4
f 1363/406/4 1364/407/4 1374/390/4
f 1364/407/4 1365/408/4 1374/390/4
f 1365/408/4 1366/409/4 1374/390/4
f 1366/409/4 1367/410/4 1374/390/4
f 1367/410/4 1368/411/4 1374/390/4
f 1368/411/4 1369/412/4 1374/390/4
f 1369/412/4 1370/413/4 1374/390/4
f 1370/413/4 1371/414/4 1374/390/4
f 1371/414/4 1372/415/4 1374/390/4
f 1372/415/4 1373/416/4 1374/390/4
f 1292/417/4 1304/403/4 1291/397/4
f 1262/418/4 1274/400/4 1261/405/4
f 1292/417/4 1303/419/4 1304/403/4
f 1263/420/4 1274/400/4 1262/418/4
f 1292/417/4 1302/421/4 1303/419/4
f 1263/420/4 1273/422/4 1274/400/4
f 1264/423/4 1273/422/4 1263/420/4
f 1292/417/4 1301/424/4 1302/421/4
f 1293/425/4 1301/424/4 1292/417/4
f 1265/426/4 1273/422/4 1264/423/4
f 1293/425/4 1300/427/4 1301/424/4
f 1266/428/4 1273/422/4 1265/426/4
f 1293/425/4 1299/429/4 1300/427/4
f 1266/428/4 1272/430/4 1273/422/4
f 1267/431/4 1272/430/4 1266/428/4
f 1294/432/4 1299/429/4 1293/425/4
f 1294/432/4 1298/433/4 1299/429/4
f 1268/434/4 1272/430/4 1267/431/4
f 1294/432/4 1297/435/4 1298/433/4
f 1269/436/4 1272/430/4 1268/434/4
f 1269/436/4 1270/437/4 1272/430/4
f 1270/437/4 1271/438/4 1272/430/4
f 1295/439/4 1296/440/4 1294/432/4
f 1296/440/4 1297/435/4 1294/432/4
f 1498/441/4 1496/443/4 1497/442/4
f 1498/441/4 1495/444/4 1496/443/4
f 1499/445/4 1495/444/4 1498/441/4
f 1499/445/4 1494/446/4 1495/444/4
f 1500/447/4 1494/446/4 1499/445/4
f 1500/447/4 1493/448/4 1494/446/4
f 1501/449/4 1493/448/4 1500/447/4
f 1501/449/4 1492/450/4 1493/448/4
f 1502/451/4 1492/450/4 1501/449/4
f 1502/451/4 1491/452/4 1492/450/4
f 1503/453/4 1491/452/4 1502/451/4
f 1503/453/4 1490/454/4 1491/452/4
f 1504/455/4 1490/454/4 1503/453/4
f 1504/455/4 1489/456/4 1490/454/4
f 1505/457/4 1489/456/4 1504/455/4
f 1505/457/4 1436/458/4 1489/456/4
f 1436/458/4 1488/459/4 1489/456/4
f 1505/457/4 1435/460/4 1436/458/4
f 1437/461/4 1488/459/4 1436/458/4
f 1438/462/4 1488/459/4 1437/461/4
f 1506/463/4 1435/460/4 1505/457/4
f 1506/463/4 1434/464/4 1435/460/4
f 1439/465/4 1488/459/4 1438/462/4
f 1439/465/4 1487/466/4 1488/459/4
f 1506/463/4 1433/467/4 1434/464/4
f 1440/468/4 1487/466/4 1439/465/4
f 1506/463/4 1432/469/4 1433/467/4
f 1441/470/4 1487/466/4 1440/468/4
f 1506/463/4 1431/471/4 1432/469/4
f 1442/472/4 1487/466/4 1441/470/4
f 1507/473/4 1431/471/4 1506/463/4
f 1442/472/4 1486/474/4 1487/466/4
f 1507/473/4 1430/475/4 1431/471/4
f 1443/476/4 1486/474/4 1442/472/4
f 1507/473/4 1429/477/4 1430/475/4
f 1443/476/4 1485/478/4 1486/474/4
f 1508/479/4 1429/477/4 1507/473/4
f 1444/480/4 1485/478/4 1443/476/4
f 1508/479/4 1428/481/4 1429/477/4
f 1445/482/4 1485/478/4 1444/480/4
f 1445/482/4 1484/483/4 1485/478/4
f 1509/484/4 1428/481/4 1508/479/4
f 1509/484/4 1427/485/4 1428/481/4
f 1446/486/4 1484/483/4 1445/482/4
f 1446/486/4 1483/487/4 1484/483/4
f 1509/484/4 1426/488/4 1427/485/4
f 1510/489/4 1426/488/4 1509/484/4
f 1447/490/4 1483/487/4 1446/486/4
f 1447/490/4 1482/491/4 1483/487/4
f 1510/489/4 1425/492/4 1426/488/4
f 1511/493/4 1425/492/4 1510/489/4
f 1448/494/4 1482/491/4 1447/490/4
f 1448/494/4 1481/495/4 1482/491/4
f 1511/493/4 1424/496/4 1425/492/4
f 1512/497/4 1424/496/4 1511/493/4
f 1449/498/4 1481/495/4 1448/494/4
f 1449/498/4 1480/499/4 1481/495/4
f 1512/497/4 1423/500/4 1424/496/4
f 1513/501/4 1423/500/4 1512/497/4
f 1450/502/4 1480/499/4 1449/498/4
f 1450/502/4 1479/503/4 1480/499/4
f 1514/504/4 1423/500/4 1513/501/4
f 1514/504/4 1422/505/4 1423/500/4
f 1451/506/4 1479/503/4 1450/502/4
f 1451/506/4 1478/507/4 1479/503/4
f 1515/508/4 1422/505/4 1514/504/4
f 1515/508/4 1421/509/4 1422/505/4
f 1452/510/4 1478/507/4 1451/506/4
f 1452/510/4 1477/511/4 1478/507/4
f 1516/512/4 1421/509/4 1515/508/4
f 1517/513/4 1421/509/4 1516/512/4
f 1517/513/4 1420/514/4 1421/509/4
f 1518/515/4 1420/514/4 1517/513/4
f 1453/516/4 1477/511/4 1452/510/4
f 1453/516/4 1476/517/4 1477/511/4
f 1519/518/4 1420/514/4 1518/515/4
f 1520/519/4 1420/514/4 1519/518/4
f 1520/519/4 1419/520/4 1420/514/4
f 1521/521/4 1419/520/4 1520/519/4
f 1454/522/4 1476/517/4 1453/516/4
f 1454/522/4 1475/523/4 1476/517/4
f 1522/524/4 1419/520/4 1521/521/4
f 1523/525/4 1419/520/4 1522/524/4
f 1524/526/4 1419/520/4 1523/525/4
f 1524/526/4 1418/527/4 1419/520/4
f 1525/528/4 1418/527/4 1524/526/4
f 1455/529/4 1475/523/4 1454/522/4
f 1455/529/4 1474/530/4 1475/523/4
f 1526/531/4 1418/527/4 1525/528/4
f 1405/532/4 1418/527/4 1526/531/4
f 1405/532/4 1417/533/4 1418/527/4
f 1406/534/4 1407/535/4 1405/532/4
f 1407/535/4 1408/536/4 1405/532/4
f 1408/536/4 1409/537/4 1405/532/4
f 1409/537/4 1410/538/4 1405/532/4
f 1410/538/4 1411/539/4 1405/532/4
f 1411/539/4 1412/540/4 1405/532/4
f 1412/540/4 1413/541/4 1405/532/4
f 1413/541/4 1414/542/4 1405/532/4
f 1414/542/4 1415/543/4 1405/532/4
f 1415/543/4 1416/544/4 1405/532/4
f 1416/544/4 1417/533/4 1405/532/4
f 1456/545/4 1474/530/4 1455/529/4
f 1456/545/4 1473/546/4 1474/530/4
f 1457/547/4 1473/546/4 1456/545/4
f 1457/547/4 1472/548/4 1473/546/4
f 1458/549/4 1472/548/4 1457/547/4
f 1458/549/4 1471/550/4 1472/548/4
f 1459/551/4 1471/550/4 1458/549/4
f 1459/551/4 1470/552/4 1471/550/4
f 1460/553/4 1470/552/4 1459/551/4
f 1460/553/4 1469/554/4 1470/552/4
f 1461/555/4 1469/554/4 1460/553/4
f 1461/555/4 1468/556/4 1469/554/4
f 1462/557/4 1468/556/4 1461/555/4
f 1462/557/4 1467/558/4 1468/556/4
f 1463/559/4 1467/558/4 1462/557/4
f 1463/559/4 1466/560/4 1467/558/4
f 1464/561/4 1466/560/4 1463/559/4
f 1465/562/17 1466/560/17 1464/561/17
f 1640/563/4 1638/565/4 1639/564/4
f 1641/566/4 1638/565/4 1640/563/4
f 1642/567/4 1638/565/4 1641/566/4
f 1643/568/4 1638/565/4 1642/567/4
f 1643/568/4 1637/569/4 1638/565/4
f 1644/570/4 1637/569/4 1643/568/4
f 1644/570/4 1636/571/4 1637/569/4
f 1644/570/4 1635/572/4 1636/571/4
f 1645/573/4 1635/572/4 1644/570/4
f 1645/573/4 1634/574/4 1635/572/4
f 1646/575/4 1634/574/4 1645/573/4
f 1646/575/4 1633/576/4 1634/574/4
f 1647/577/4 1633/576/4 1646/575/4
f 1647/577/4 1632/578/4 1633/576/4
f 1648/579/4 1632/578/4 1647/577/4
f 1648/579/4 1631/580/4 1632/578/4
f 1649/581/4 1631/580/4 1648/579/4
f 1649/581/4 1630/582/4 1631/580/4
f 1650/583/4 1630/582/4 1649/581/4
f 1650/583/4 1629/584/4 1630/582/4
f 1650/583/4 1628/585/4 1629/584/4
f 1651/586/4 1628/585/4 1650/583/4
f 1651/586/4 1627/587/4 1628/585/4
f 1652/588/4 1627/587/4 1651/586/4
f 1652/588/4 1626/589/4 1627/587/4
f 1652/588/4 1625/590/4 1626/589/4
f 1653/591/4 1625/590/4 1652/588/4
f 1653/591/4 1624/592/4 1625/590/4
f 1654/593/4 1624/592/4 1653/591/4
f 1654/593/4 1623/594/4 1624/592/4
f 1655/595/4 1623/594/4 1654/593/4
f 1655/595/4 1622/596/4 1623/594/4
f 1656/597/4 1622/596/4 1655/595/4
f 1656/597/4 1621/598/4 1622/596/4
f 1657/599/4 1621/598/4 1656/597/4
f 1657/599/4 1620/600/4 1621/598/4
f 1590/601/4 1588/603/4 1589/602/4
f 1658/604/4 1620/600/4 1657/599/4
f 1658/604/4 1619/605/4 1620/600/4
f 1590/601/4 1587/606/4 1588/603/4
f 1591/607/4 1587/606/4 1590/601/4
f 1592/608/4 1587/606/4 1591/607/4
f 1592/608/4 1586/609/4 1587/606/4
f 1659/610/4 1619/605/4 1658/604/4
f 1593/611/4 1586/609/4 1592/608/4
f 1659/610/4 1618/612/4 1619/605/4
f 1594/613/4 1586/609/4 1593/611/4
f 1595/614/4 1586/609/4 1594/613/4
f 1595/614/4 1585/615/4 1586/609/4
f 1596/616/4 1585/615/4 1595/614/4
f 1660/617/4 1618/612/4 1659/610/4
f 1660/617/4 1617/618/4 1618/612/4
f 1597/619/4 1585/615/4 1596/616/4
f 1597/619/4 1584/620/4 1585/615/4
f 1598/621/4 1584/620/4 1597/619/4
f 1599/622/4 1584/620/4 1598/621/4
f 1660/617/4 1616/623/4 1617/618/4
f 1599/622/4 1583/624/4 1584/620/4
f 1661/625/4 1616/623/4 1660/617/4
f 1600/626/4 1583/624/4 1599/622/4
f 1601/627/4 1583/624/4 1600/626/4
f 1601/627/4 1582/628/4 1583/624/4
f 1661/625/4 1615/629/4 1616/623/4
f 1662/630/4 1615/629/4 1661/625/4
f 1602/631/4 1582/628/4 1601/627/4
f 1603/632/4 1582/628/4 1602/631/4
f 1603/632/4 1581/633/4 1582/628/4
f 1604/634/4 1581/633/4 1603/632/4
f 1605/635/4 1581/633/4 1604/634/4
f 1606/636/4 1581/633/4 1605/635/4
f 1662/630/4 1614/637/4 1615/629/4
f 1607/638/4 1581/633/4 1606/636/4
f 1663/639/4 1614/637/4 1662/630/4
f 1608/640/4 1581/633/4 1607/638/4
f 1609/641/4 1581/633/4 1608/640/4
f 1610/642/4 1581/633/4 1609/641/4
f 1611/643/4 1581/633/4 1610/642/4
f 1612/644/4 1581/633/4 1611/643/4
f 1612/644/4 1580/645/4 1581/633/4
f 1613/646/4 1580/645/4 1612/644/4
f 1614/637/4 1580/645/4 1613/646/4
f 1663/639/4 1580/645/4 1614/637/4
f 1527/647/4 1580/645/4 1663/639/4
f 1528/648/4 1580/645/4 1527/647/4
f 1529/649/4 1580/645/4 1528/648/4
f 1530/650/4 1580/645/4 1529/649/4
f 1531/651/4 1580/645/4 1530/650/4
f 1532/652/4 1580/645/4 1531/651/4
f 1540/653/4 1538/655/4 1539/654/4
f 1533/656/4 1580/645/4 1532/652/4
f 1540/653/4 1537/657/4 1538/655/4
f 1534/658/4 1580/645/4 1533/656/4
f 1540/653/4 1536/659/4 1537/657/4
f 1535/660/4 1580/645/4 1534/658/4
f 1540/653/4 1535/660/4 1536/659/4
f 1540/653/4 1545/661/4 1535/660/4
f 1545/661/4 1546/662/4 1535/660/4
f 1546/662/4 1547/663/4 1535/660/4
f 1547/663/4 1548/664/4 1535/660/4
f 1548/664/4 1549/665/4 1535/660/4
f 1549/665/4 1550/666/4 1535/660/4
f 1550/666/4 1564/667/4 1535/660/4
f 1564/667/14 1580/645/14 1535/660/14
f 1550/666/4 1563/668/4 1564/667/4
f 1565/669/4 1580/645/4 1564/667/4
f 1565/669/4 1579/670/4 1580/645/4
f 1550/666/13 1562/671/13 1563/668/13
f 1550/666/14 1561/672/14 1562/671/14
f 1566/673/4 1579/670/4 1565/669/4
f 1550/666/13 1560/674/13 1561/672/13
f 1550/666/4 1559/675/4 1560/674/4
f 1567/676/4 1579/670/4 1566/673/4
f 1550/666/4 1551/677/4 1559/675/4
f 1551/677/4 1558/678/4 1559/675/4
f 1567/676/4 1578/679/4 1579/670/4
f 1568/680/4 1578/679/4 1567/676/4
f 1551/677/4 1557/681/4 1558/678/4
f 1551/677/4 1556/682/4 1557/681/4
f 1569/683/4 1578/679/4 1568/680/4
f 1551/677/14 1555/684/14 1556/682/14
f 1551/677/17 1554/685/17 1555/684/17
f 1570/686/4 1578/679/4 1569/683/4
f 1551/677/17 1553/687/17 1554/685/17
f 1570/686/4 1577/688/4 1578/679/4
f 1551/677/18 1552/689/18 1553/687/18
f 1571/690/4 1577/688/4 1570/686/4
f 1540/653/19 1544/691/19 1545/661/19
f 1540/653/20 1543/692/20 1544/691/20
f 1540/653/21 1542/693/21 1543/692/21
f 1540/653/4 1541/694/4 1542/693/4
f 1572/695/4 1577/688/4 1571/690/4
f 1573/696/4 1577/688/4 1572/695/4
f 1573/696/4 1574/697/4 1577/688/4
f 1574/697/4 1575/698/4 1577/688/4
f 1575/698/4 1576/699/4 1577/688/4
f 1665/700/4 1737/702/4 1664/701/4
f 1703/703/4 1701/705/4 1702/704/4
f 1665/700/4 1736/706/4 1737/702/4
f 1704/707/4 1701/705/4 1703/703/4
f 1665/700/4 1735/708/4 1736/706/4
f 1705/709/4 1701/705/4 1704/707/4
f 1665/700/4 1734/710/4 1735/708/4
f 1706/711/4 1701/705/4 1705/709/4
f 1665/700/4 1733/712/4 1734/710/4
f 1707/713/4 1701/705/4 1706/711/4
f 1665/700/4 1732/714/4 1733/712/4
f 1708/715/4 1701/705/4 1707/713/4
f 1665/700/4 1731/716/4 1732/714/4
f 1709/717/4 1701/705/4 1708/715/4
f 1665/700/4 1730/718/4 1731/716/4
f 1710/719/4 1701/705/4 1709/717/4
f 1665/700/4 1729/720/4 1730/718/4
f 1711/721/4 1701/705/4 1710/719/4
f 1665/700/4 1728/722/4 1729/720/4
f 1712/723/4 1701/705/4 1711/721/4
f 1665/700/4 1727/724/4 1728/722/4
f 1713/725/4 1701/705/4 1712/723/4
f 1665/700/4 1726/726/4 1727/724/4
f 1714/727/4 1701/705/4 1713/725/4
f 1665/700/4 1725/728/4 1726/726/4
f 1665/700/4 1724/729/4 1725/728/4
f 1665/700/4 1723/730/4 1724/729/4
f 1665/700/4 1722/731/4 1723/730/4
f 1665/700/4 1721/732/4 1722/731/4
f 1665/700/4 1720/733/4 1721/732/4
f 1665/700/4 1719/734/4 1720/733/4
f 1665/700/4 1718/735/4 1719/734/4
f 1665/700/4 1717/736/4 1718/735/4
f 1665/700/4 1716/737/4 1717/736/4
f 1665/700/4 1715/738/4 1716/737/4
f 1665/700/4 1714/727/4 1715/738/4
f 1665/700/4 1666/739/4 1714/727/4
f 1666/739/4 1667/740/4 1714/727/4
f 1667/740/4 1668/741/4 1714/727/4
f 1668/741/4 1669/742/4 1714/727/4
f 1669/742/4 1670/743/4 1714/727/4
f 1670/743/4 1671/744/4 1714/727/4
f 1671/744/4 1672/745/4 1714/727/4
f 1672/745/4 1673/746/4 1714/727/4
f 1673/746/4 1674/747/4 1714/727/4
f 1674/747/4 1675/748/4 1714/727/4
f 1675/748/4 1676/749/4 1714/727/4
f 1676/749/4 1677/750/4 1714/727/4
f 1677/750/4 1678/751/4 1714/727/4
f 1678/751/4 1679/752/4 1714/727/4
f 1679/752/4 1680/753/4 1714/727/4
f 1680/753/4 1683/754/4 1714/727/4
f 1683/754/4 1685/755/4 1714/727/4
f 1685/755/4 1689/756/4 1714/727/4
f 1689/756/4 1690/757/4 1714/727/4
f 1690/757/4 1691/758/4 1714/727/4
f 1691/758/4 1692/759/4 1714/727/4
f 1692/759/4 1693/760/4 1714/727/4
f 1693/760/4 1694/761/4 1714/727/4
f 1694/761/4 1695/762/4 1714/727/4
f 1695/762/4 1696/763/4 1714/727/4
f 1696/763/4 1701/705/4 1714/727/4
f 1681/764/2 1683/754/2 1680/753/2
f 1682/765/2 1683/754/2 1681/764/2
f 1684/766/2 1685/755/2 1683/754/2
f 1686/767/2 1689/756/2 1685/755/2
f 1687/768/2 1689/756/2 1686/767/2
f 1688/769/2 1689/756/2 1687/768/2
f 1697/770/22 1701/705/22 1696/763/22
f 1698/771/23 1701/705/23 1697/770/23
f 1699/772/4 1701/705/4 1698/771/4
f 1700/773/24 1701/705/24 1699/772/24
f 1765/774/4 1789/776/4 1764/775/4
f 1765/774/4 1788/777/4 1789/776/4
f 1765/774/4 1787/778/4 1788/777/4
f 1766/779/4 1787/778/4 1765/774/4
f 1766/779/4 1786/780/4 1787/778/4
f 1767/781/4 1786/780/4 1766/779/4
f 1739/782/4 1763/784/4 1738/783/4
f 1768/785/4 1786/780/4 1767/781/4
f 1768/785/4 1785/786/4 1786/780/4
f 1739/782/4 1762/787/4 1763/784/4
f 1769/788/4 1785/786/4 1768/785/4
f 1769/788/4 1784/789/4 1785/786/4
f 1792/790/4 1790/792/4 1791/791/4
f 1739/782/4 1761/793/4 1762/787/4
f 1740/794/4 1761/793/4 1739/782/4
f 1793/795/4 1790/792/4 1792/790/4
f 1770/796/4 1784/789/4 1769/788/4
f 1770/796/4 1783/797/4 1784/789/4
f 1740/794/4 1760/798/4 1761/793/4
f 1794/799/4 1790/792/4 1793/795/4
f 1741/800/4 1760/798/4 1740/794/4
f 1794/799/4 1928/801/4 1790/792/4
f 1771/802/4 1783/797/4 1770/796/4
f 1795/803/4 1928/801/4 1794/799/4
f 1771/802/4 1782/804/4 1783/797/4
f 1741/800/4 1759/805/4 1760/798/4
f 1795/803/4 1927/806/4 1928/801/4
f 1742/807/4 1759/805/4 1741/800/4
f 1796/808/4 1927/806/4 1795/803/4
f 1796/808/4 1926/809/4 1927/806/4
f 1772/810/4 1782/804/4 1771/802/4
f 1797/811/4 1926/809/4 1796/808/4
f 1772/810/4 1781/812/4 1782/804/4
f 1742/807/4 1758/813/4 1759/805/4
f 1797/811/4 1925/814/4 1926/809/4
f 1743/815/4 1758/813/4 1742/807/4
f 1798/816/4 1925/814/4 1797/811/4
f 1798/816/4 1924/817/4 1925/814/4
f 1773/818/4 1781/812/4 1772/810/4
f 1773/818/4 1780/819/4 1781/812/4
f 1799/820/4 1924/817/4 1798/816/4
f 1744/821/4 1758/813/4 1743/815/4
f 1744/821/4 1757/822/4 1758/813/4
f 1799/820/4 1923/823/4 1924/817/4
f 1800/824/4 1923/823/4 1799/820/4
f 1800/824/4 1922/825/4 1923/823/4
f 1774/826/4 1780/819/4 1773/818/4
f 1774/826/4 1779/827/4 1780/819/4
f 1801/828/4 1922/825/4 1800/824/4
f 1745/829/4 1757/822/4 1744/821/4
f 1801/828/4 1921/830/4 1922/825/4
f 1745/829/4 1756/831/4 1757/822/4
f 1802/832/4 1921/830/4 1801/828/4
f 1802/832/4 1920/833/4 1921/830/4
f 1775/834/4 1779/827/4 1774/826/4
f 1775/834/4 1778/835/4 1779/827/4
f 1802/832/4 1919/836/4 1920/833/4
f 1746/837/4 1756/831/4 1745/829/4
f 1803/838/4 1919/836/4 1802/832/4
f 1746/837/4 1755/839/4 1756/831/4
f 1775/834/4 1776/840/4 1778/835/4
f 1776/840/4 1777/841/4 1778/835/4
f 1803/838/4 1918/842/4 1919/836/4
f 1804/843/4 1918/842/4 1803/838/4
f 1804/843/4 1917/844/4 1918/842/4
f 1747/845/4 1755/839/4 1746/837/4
f 1747/845/4 1754/846/4 1755/839/4
f 1804/843/4 1916/847/4 1917/844/4
f 1805/848/4 1916/847/4 1804/843/4
f 1805/848/4 1915/849/4 1916/847/4
f 1747/845/4 1753/850/4 1754/846/4
f 1748/851/4 1753/850/4 1747/845/4
f 1806/852/4 1915/849/4 1805/848/4
f 1806/852/4 1914/853/4 1915/849/4
f 1748/851/4 1752/854/4 1753/850/4
f 1749/855/4 1752/854/4 1748/851/4
f 1807/856/4 1914/853/4 1806/852/4
f 1807/856/4 1913/857/4 1914/853/4
f 1749/855/4 1750/858/4 1752/854/4
f 1750/858/4 1751/859/4 1752/854/4
f 1807/856/4 1912/860/4 1913/857/4
f 1808/861/4 1912/860/4 1807/856/4
f 1808/861/4 1911/862/4 1912/860/4
f 1809/863/4 1911/862/4 1808/861/4
f 1809/863/4 1910/864/4 1911/862/4
f 1809/863/4 1909/865/4 1910/864/4
f 1810/866/4 1909/865/4 1809/863/4
f 1810/866/4 1908/867/4 1909/865/4
f 1811/868/4 1908/867/4 1810/866/4
f 1811/868/4 1907/869/4 1908/867/4
f 1812/870/4 1907/869/4 1811/868/4
f 1812/870/4 1906/871/4 1907/869/4
f 1812/870/4 1905/872/4 1906/871/4
f 1813/873/4 1905/872/4 1812/870/4
f 1893/874/4 1891/876/4 1892/875/4
f 1894/877/4 1891/876/4 1893/874/4
f 1895/878/4 1891/876/4 1894/877/4
f 1896/879/4 1891/876/4 1895/878/4
f 1897/880/4 1891/876/4 1896/879/4
f 1898/881/4 1891/876/4 1897/880/4
f 1899/882/4 1891/876/4 1898/881/4
f 1900/883/4 1891/876/4 1899/882/4
f 1901/884/4 1891/876/4 1900/883/4
f 1902/885/4 1891/876/4 1901/884/4
f 1903/886/4 1891/876/4 1902/885/4
f 1904/887/4 1891/876/4 1903/886/4
f 1813/873/4 1904/887/4 1905/872/4
f 1813/873/4 1891/876/4 1904/887/4
f 1814/888/4 1891/876/4 1813/873/4
f 1815/889/4 1891/876/4 1814/888/4
f 1816/890/4 1889/891/4 1815/889/4
f 1889/891/25 1890/892/25 1815/889/25
f 1890/892/4 1891/876/4 1815/889/4
f 1817/893/4 1884/894/4 1816/890/4
f 1884/894/4 1885/895/4 1816/890/4
f 1885/895/4 1886/896/4 1816/890/4
f 1886/896/26 1887/897/26 1816/890/26
f 1887/897/27 1888/898/27 1816/890/27
f 1888/898/4 1889/891/4 1816/890/4
f 1818/899/4 1840/900/4 1817/893/4
f 1840/900/4 1841/901/4 1817/893/4
f 1841/901/4 1878/902/4 1817/893/4
f 1878/902/4 1879/903/4 1817/893/4
f 1879/903/26 1880/904/26 1817/893/26
f 1880/904/4 1881/905/4 1817/893/4
f 1881/905/4 1882/906/4 1817/893/4
f 1882/906/4 1883/907/4 1817/893/4
f 1883/907/28 1884/894/28 1817/893/28
f 1818/899/4 1839/908/4 1840/900/4
f 1842/909/4 1878/902/4 1841/901/4
f 1842/909/4 1877/910/4 1878/902/4
f 1819/911/4 1839/908/4 1818/899/4
f 1819/911/4 1838/912/4 1839/908/4
f 1820/913/4 1838/912/4 1819/911/4
f 1820/913/4 1837/914/4 1838/912/4
f 1821/915/4 1837/914/4 1820/913/4
f 1821/915/4 1836/916/4 1837/914/4
f 1843/917/4 1877/910/4 1842/909/4
f 1822/918/4 1836/916/4 1821/915/4
f 1843/917/4 1876/919/4 1877/910/4
f 1822/918/4 1835/920/4 1836/916/4
f 1823/921/4 1835/920/4 1822/918/4
f 1823/921/4 1834/922/4 1835/920/4
f 1824/923/4 1834/922/4 1823/921/4
f 1844/924/4 1876/919/4 1843/917/4
f 1824/923/4 1833/925/4 1834/922/4
f 1825/926/4 1833/925/4 1824/923/4
f 1844/924/4 1875/927/4 1876/919/4
f 1825/926/4 1832/928/4 1833/925/4
f 1826/929/4 1832/928/4 1825/926/4
f 1827/930/4 1832/928/4 1826/929/4
f 1827/930/4 1831/931/4 1832/928/4
f 1828/932/4 1831/931/4 1827/930/4
f 1845/933/4 1875/927/4 1844/924/4
f 1828/932/4 1830/934/4 1831/931/4
f 1828/932/4 1829/935/4 1830/934/4
f 1845/933/4 1874/936/4 1875/927/4
f 1846/937/4 1874/936/4 1845/933/4
f 1846/937/4 1873/938/4 1874/936/4
f 1847/939/4 1873/938/4 1846/937/4
f 1848/940/4 1873/938/4 1847/939/4
f 1848/940/4 1872/941/4 1873/938/4
f 1849/942/4 1872/941/4 1848/940/4
f 1849/942/4 1871/943/4 1872/941/4
f 1850/944/4 1871/943/4 1849/942/4
f 1850/944/4 1870/945/4 1871/943/4
f 1851/946/4 1870/945/4 1850/944/4
f 1852/947/4 1870/945/4 1851/946/4
f 1852/947/4 1869/948/4 1870/945/4
f 1853/949/4 1869/948/4 1852/947/4
f 1854/950/4 1869/948/4 1853/949/4
f 1855/951/4 1869/948/4 1854/950/4
f 1856/952/4 1869/948/4 1855/951/4
f 1856/952/4 1868/953/4 1869/948/4
f 1857/954/4 1868/953/4 1856/952/4
f 1858/955/4 1868/953/4 1857/954/4
f 1859/956/4 1868/953/4 1858/955/4
f 1860/957/4 1868/953/4 1859/956/4
f 1861/958/4 1868/953/4 1860/957/4
f 1862/959/4 1868/953/4 1861/958/4
f 1863/960/4 1868/953/4 1862/959/4
f 1864/961/4 1868/953/4 1863/960/4
f 1865/962/4 1868/953/4 1864/961/4
f 1865/962/4 1867/963/4 1868/953/4
f 1866/964/4 1867/963/4 1865/962/4
f 868/928/29 1831/931/29 867/931/29
f 802/779/30 1765/774/30 801/774/30
f 414/353/31 1377/362/31 413/362/31
f 864/932/32 1827/930/32 863/930/32
f 184/153/33 1147/157/33 183/157/33
f 673/569/34 1636/571/34 672/571/34
f 352/358/35 1315/363/35 351/363/35
f 881/933/36 1844/924/36 880/924/36
f 101/154/37 1064/158/37 100/158/37
f 823/778/38 1786/780/38 822/780/38
f 394/364/39 1357/354/39 393/354/39
f 672/571/40 1635/572/40 671/572/40
f 99/159/41 1062/155/41 98/155/41
f 803/781/42 1766/779/42 802/779/42
f 681/573/43 1644/570/43 680/570/43
f 100/158/44 1063/159/44 99/159/44
f 288/365/45 1251/359/45 287/359/45
f 867/931/46 1830/934/46 866/934/46
f 123/160/47 1086/156/47 122/156/47
f 775/782/48 1738/783/48 774/783/48
f 865/935/49 1828/932/49 864/932/49
f 866/934/50 1829/935/50 865/935/50
f 671/572/51 1634/574/51 670/574/51
f 148/161/52 1111/162/52 147/162/52
f 774/783/53 1763/784/53 799/784/53
f 317/360/54 1280/366/54 316/366/54
f 682/575/55 1645/573/55 681/573/55
f 804/785/56 1767/781/56 803/781/56
f 911/927/57 1874/936/57 910/936/57
f 147/162/58 1110/163/58 146/163/58
f 351/363/59 1314/367/59 350/367/59
f 882/937/60 1845/933/60 881/933/60
f 149/164/61 1112/161/61 148/161/61
f 322/368/62 1285/361/62 321/361/62
f 670/574/63 1633/576/63 669/576/63
f 822/780/64 1785/786/64 821/786/64
f 683/577/65 1646/575/65 682/575/65
f 289/369/66 1252/365/66 288/365/66
f 910/936/67 1873/938/67 909/938/67
f 146/163/68 1109/165/68 145/165/68
f 799/784/69 1762/787/69 798/787/69
f 883/939/70 1846/937/70 882/937/70
f 150/166/71 1113/164/71 149/164/71
f 805/788/72 1768/785/72 804/785/72
f 669/576/73 1632/578/73 668/578/73
f 413/362/74 1376/370/74 412/370/74
f 884/940/75 1847/939/75 883/939/75
f 684/579/76 1647/577/76 683/577/76
f 124/167/77 1087/160/77 123/160/77
f 395/371/78 1358/364/78 394/364/78
f 821/786/79 1784/789/79 820/789/79
f 828/790/80 1791/791/80 827/791/80
f 909/938/81 1872/941/81 908/941/81
f 668/578/82 1631/580/82 667/580/82
f 145/165/83 1108/168/83 144/168/83
f 350/367/84 1313/372/84 349/372/84
f 885/942/85 1848/940/85 884/940/85
f 685/581/86 1648/579/86 684/579/86
f 827/791/87 1790/792/87 826/792/87
f 183/157/88 1146/169/88 182/169/88
f 316/366/89 1279/373/89 315/373/89
f 151/170/90 1114/166/90 150/166/90
f 798/787/91 1761/793/91 797/793/91
f 323/374/92 1286/368/92 322/368/92
f 908/941/93 1871/943/93 907/943/93
f 667/580/94 1630/582/94 666/582/94
f 776/794/95 1739/782/95 775/782/95
f 886/944/96 1849/942/96 885/942/96
f 686/583/97 1649/581/97 685/581/97
f 290/375/98 1253/369/98 289/369/98
f 144/168/99 1107/171/99 143/171/99
f 829/795/100 1792/790/100 828/790/100
f 152/172/101 1115/170/101 151/170/101
f 907/943/102 1870/945/102 906/945/102
f 666/582/103 1629/584/103 665/584/103
f 806/796/104 1769/788/104 805/788/104
f 349/372/105 1312/376/105 348/376/105
f 887/946/106 1850/944/106 886/944/106
f 665/584/107 1628/585/107 664/585/107
f 143/171/108 1106/173/108 142/173/108
f 315/373/109 1278/377/109 314/377/109
f 888/947/110 1851/946/110 887/946/110
f 687/586/111 1650/583/111 686/583/111
f 125/174/112 1088/167/112 124/167/112
f 820/789/113 1783/797/113 819/797/113
f 324/378/114 1287/374/114 323/374/114
f 153/175/115 1116/172/115 152/172/115
f 797/793/116 1760/798/116 796/798/116
f 291/379/117 1254/375/117 290/375/117
f 906/945/118 1869/948/118 905/948/118
f 664/585/119 1627/587/119 663/587/119
f 830/799/120 1793/795/120 829/795/120
f 889/949/121 1852/947/121 888/947/121
f 688/588/122 1651/586/122 687/586/122
f 142/173/123 1105/176/123 141/176/123
f 777/800/124 1740/794/124 776/794/124
f 412/370/125 1375/380/125 411/380/125
f 890/950/126 1853/949/126 889/949/126
f 154/177/127 1117/175/127 153/175/127
f 396/381/128 1359/371/128 395/371/128
f 663/587/129 1626/589/129 662/589/129
f 891/951/130 1854/950/130 890/950/130
f 126/178/131 1089/174/131 125/174/131
f 826/792/132 1928/801/132 964/801/132
f 662/589/133 1625/590/133 661/590/133
f 807/802/134 1770/796/134 806/796/134
f 348/376/135 1311/382/135 347/382/135
f 892/952/136 1855/951/136 891/951/136
f 689/591/137 1652/588/137 688/588/137
f 182/169/138 1145/179/138 181/179/138
f 831/803/139 1794/799/139 830/799/139
f 314/377/140 1277/383/140 313/383/140
f 155/180/141 1118/177/141 154/177/141
f 292/384/142 1255/379/142 291/379/142
f 905/948/143 1868/953/143 904/953/143
f 661/590/144 1624/592/144 660/592/144
f 893/954/145 1856/952/145 892/952/145
f 690/593/146 1653/591/146 689/591/146
f 819/797/147 1782/804/147 818/804/147
f 325/385/148 1288/378/148 324/378/148
f 894/955/149 1857/954/149 893/954/149
f 796/798/150 1759/805/150 795/805/150
f 660/592/151 1623/594/151 659/594/151
f 141/176/152 1104/182/152 140/182/152
f 347/382/153 1310/386/153 346/386/153
f 895/956/154 1858/955/154 894/955/154
f 691/595/155 1654/593/155 690/593/155
f 964/801/156 1927/806/156 963/806/156
f 293/387/157 1256/384/157 292/384/157
f 37/181/158 1000/183/158 36/183/158
f 778/807/159 1741/800/159 777/800/159
f 896/957/160 1859/956/160 895/956/160
f 38/184/161 1001/181/161 37/181/161
f 659/594/162 1622/596/162 658/596/162
f 832/808/163 1795/803/163 831/803/163
f 313/383/164 1276/388/164 312/388/164
f 897/958/165 1860/957/165 896/957/165
f 692/597/166 1655/595/166 691/595/166
f 36/183/167 999/185/167 35/185/167
f 346/386/168 1309/389/168 345/389/168
f 898/959/169 1861/958/169 897/958/169
f 39/186/170 1002/184/170 38/184/170
f 963/806/171 1926/809/171 962/809/171
f 658/596/172 1621/598/172 657/598/172
f 808/810/173 1771/802/173 807/802/173
f 411/380/174 1374/390/174 410/390/174
f 899/960/175 1862/959/175 898/959/175
f 693/599/176 1656/597/176 692/597/176
f 397/391/177 1360/381/177 396/381/177
f 35/185/178 998/187/178 34/187/178
f 833/811/179 1796/808/179 832/808/179
f 900/961/180 1863/960/180 899/960/180
f 127/188/181 1090/178/181 126/178/181
f 326/392/182 1289/385/182 325/385/182
f 657/598/183 1620/600/183 656/600/183
f 901/962/184 1864/961/184 900/961/184
f 626/601/185 1589/602/185 625/602/185
f 40/189/186 1003/186/186 39/186/186
f 818/804/187 1781/812/187 817/812/187
f 294/393/188 1257/387/188 293/387/188
f 625/602/189 1588/603/189 624/603/189
f 795/805/190 1758/813/190 794/813/190
f 904/953/191 1867/963/191 903/963/191
f 694/604/192 1657/599/192 693/599/192
f 34/187/193 997/190/193 33/190/193
f 345/389/194 1308/394/194 344/394/194
f 902/964/195 1865/962/195 901/962/195
f 156/191/196 1119/180/196 155/180/196
f 962/809/197 1925/814/197 961/814/197
f 903/963/198 1866/964/198 902/964/198
f 779/815/199 1742/807/199 778/807/199
f 312/388/200 1275/395/200 311/395/200
f 656/600/201 1619/605/201 655/605/201
f 33/190/202 996/192/202 32/192/202
f 834/816/203 1797/811/203 833/811/203
f 344/394/204 1307/396/204 343/396/204
f 624/603/205 1587/606/205 623/606/205
f 327/397/206 1290/392/206 326/392/206
f 627/607/207 1590/601/207 626/601/207
f 140/182/208 1103/193/208 139/193/208
f 41/194/209 1004/189/209 40/189/209
f 961/814/210 1924/817/210 960/817/210
f 295/398/211 1258/393/211 294/393/211
f 628/608/212 1591/607/212 627/607/212
f 809/818/213 1772/810/213 808/810/213
f 32/192/214 995/195/214 31/195/214
f 343/396/215 1306/399/215 342/399/215
f 623/606/216 1586/609/216 622/609/216
f 42/196/217 1005/194/217 41/194/217
f 817/812/218 1780/819/218 816/819/218
f 695/610/219 1658/604/219 694/604/219
f 835/820/220 1798/816/220 834/816/220
f 311/395/221 1274/400/221 310/400/221
f 629/611/222 1592/608/222 628/608/222
f 31/195/223 994/197/223 30/197/223
f 780/821/224 1743/815/224 779/815/224
f 342/399/225 1305/401/225 341/401/225
f 128/198/226 1091/188/226 127/188/226
f 296/402/227 1259/398/227 295/398/227
f 655/605/228 1618/612/228 654/612/228
f 157/199/229 1120/191/229 156/191/229
f 794/813/230 1757/822/230 793/822/230
f 630/613/231 1593/611/231 629/611/231
f 341/401/232 1304/403/232 340/403/232
f 960/817/233 1923/823/233 959/823/233
f 398/404/234 1361/391/234 397/391/234
f 631/614/199 1594/613/199 630/613/199
f 181/179/235 1144/200/235 180/200/235
f 836/824/236 1799/820/236 835/820/236
f 297/405/237 1260/402/237 296/402/237
f 30/197/238 993/201/238 29/201/238
f 622/609/239 1585/615/239 621/615/239
f 43/202/240 1006/196/240 42/196/240
f 959/823/241 1922/825/241 958/825/241
f 399/406/242 1362/404/242 398/404/242
f 632/616/243 1595/614/243 631/614/243
f 810/826/244 1773/818/244 809/818/244
f 400/407/245 1363/406/245 399/406/245
f 696/617/246 1659/610/246 695/610/246
f 139/193/247 1102/203/247 138/203/247
f 816/819/248 1779/827/248 815/827/248
f 401/408/249 1364/407/249 400/407/249
f 29/201/250 992/204/250 28/204/250
f 837/828/251 1800/824/251 836/824/251
f 654/612/252 1617/618/252 653/618/252
f 129/205/253 1092/198/253 128/198/253
f 402/409/254 1365/408/254 401/408/254
f 633/619/255 1596/616/255 632/616/255
f 781/829/256 1744/821/256 780/821/256
f 158/206/257 1121/199/257 157/199/257
f 403/410/258 1366/409/258 402/409/258
f 621/615/259 1584/620/259 620/620/259
f 44/207/260 1007/202/260 43/202/260
f 404/411/261 1367/410/261 403/410/261
f 634/621/262 1597/619/262 633/619/262
f 405/412/263 1368/411/263 404/411/263
f 635/622/264 1598/621/264 634/621/264
f 28/204/265 991/208/265 27/208/265
f 406/413/266 1369/412/266 405/412/266
f 233/1/267 1196/2/267 232/2/267
f 27/208/268 990/209/268 26/209/268
f 653/618/269 1616/623/269 652/623/269
f 407/414/270 1370/413/270 406/413/270
f 232/2/271 1195/3/271 231/3/271
f 138/203/272 1101/210/272 137/210/272
f 234/4/273 1197/1/273 233/1/273
f 620/620/274 1583/624/274 619/624/274
f 130/211/275 1093/205/275 129/205/275
f 408/415/276 1371/414/276 407/414/276
f 697/625/277 1660/617/277 696/617/277
f 235/5/278 1198/4/278 234/4/278
f 45/212/279 1008/207/279 44/207/279
f 409/416/280 1372/415/280 408/415/280
f 636/626/281 1599/622/281 635/622/281
f 410/390/282 1373/416/282 409/416/282
f 236/6/283 1199/5/283 235/5/283
f 159/213/284 1122/206/284 158/206/284
f 328/417/285 1291/397/285 327/397/285
f 637/627/286 1600/626/286 636/626/286
f 237/7/287 1200/6/287 236/6/287
f 298/418/288 1261/405/288 297/405/288
f 26/209/289 989/214/289 25/214/289
f 238/8/290 1201/7/290 237/7/290
f 619/624/291 1582/628/291 618/628/291
f 180/200/292 1143/215/292 179/215/292
f 340/403/293 1303/419/293 339/419/293
f 239/9/294 1202/8/294 238/8/294
f 652/623/295 1615/629/295 651/629/295
f 299/420/296 1262/418/296 298/418/296
f 698/630/297 1661/625/297 697/625/297
f 25/214/298 988/216/298 24/216/298
f 240/10/299 1203/9/299 239/9/299
f 131/217/300 1094/211/300 130/211/300
f 638/631/301 1601/627/301 637/627/301
f 339/419/302 1302/421/302 338/421/302
f 241/11/303 1204/10/303 240/10/303
f 46/218/304 1009/212/304 45/212/304
f 639/632/305 1602/631/305 638/631/305
f 310/400/306 1273/422/306 309/422/306
f 242/12/307 1205/11/307 241/11/307
f 160/219/308 1123/213/308 159/213/308
f 300/423/309 1263/420/309 299/420/309
f 243/13/310 1206/12/310 242/12/310
f 618/628/311 1581/633/311 617/633/311
f 640/634/312 1603/632/312 639/632/312
f 137/210/313 1100/220/313 136/220/313
f 338/421/314 1301/424/314 337/424/314
f 244/14/315 1207/13/315 243/13/315
f 329/425/316 1292/417/316 328/417/316
f 641/635/317 1604/634/317 640/634/317
f 24/216/318 987/221/318 23/221/318
f 245/15/319 1208/14/319 244/14/319
f 132/222/320 1095/217/320 131/217/320
f 301/426/321 1264/423/321 300/423/321
f 642/636/322 1605/635/322 641/635/322
f 246/16/323 1209/15/323 245/15/323
f 47/223/324 1010/218/324 46/218/324
f 337/424/325 1300/427/325 336/427/325
f 247/17/326 1210/16/326 246/16/326
f 651/629/327 1614/637/327 650/637/327
f 302/428/328 1265/426/328 301/426/328
f 643/638/329 1606/636/329 642/636/329
f 23/221/330 986/224/330 22/224/330
f 248/18/331 1211/17/331 247/17/331
f 699/639/332 1662/630/332 698/630/332
f 179/215/333 1142/225/333 178/225/333
f 336/427/334 1299/429/334 335/429/334
f 249/19/335 1212/18/335 248/18/335
f 133/226/336 1096/222/336 132/222/336
f 644/640/337 1607/638/337 643/638/337
f 309/422/338 1272/430/338 308/430/338
f 250/20/339 1213/19/339 249/19/339
f 161/227/340 1124/219/340 160/219/340
f 303/431/341 1266/428/341 302/428/341
f 645/641/342 1608/640/342 644/640/342
f 251/21/343 1214/20/343 250/20/343
f 330/432/344 1293/425/344 329/425/344
f 646/642/345 1609/641/345 645/641/345
f 136/220/346 1099/228/346 135/228/346
f 50/22/347 1013/23/347 49/23/347
f 647/643/348 1610/642/348 646/642/348
f 22/224/349 985/229/349 21/229/349
f 335/429/350 1298/433/350 334/433/350
f 49/23/351 1231/24/351 267/24/351
f 48/230/352 1011/223/352 47/223/352
f 304/434/353 1267/431/353 303/431/353
f 252/25/354 1215/21/354 251/21/354
f 648/644/355 1611/643/355 647/643/355
f 134/231/356 1097/226/356 133/226/356
f 334/433/357 1297/435/357 333/435/357
f 267/24/358 1230/26/358 266/26/358
f 617/633/359 1580/645/359 616/645/359
f 305/436/360 1268/434/360 304/434/360
f 649/646/361 1612/644/361 648/644/361
f 21/229/362 984/232/362 20/232/362
f 266/26/363 1229/27/363 265/27/363
f 135/228/364 1098/231/364 134/231/364
f 306/437/365 1269/436/365 305/436/365
f 253/28/366 1216/25/366 252/25/366
f 650/637/367 1613/646/367 649/646/367
f 162/233/368 1125/227/368 161/227/368
f 307/438/369 1270/437/369 306/437/369
f 308/430/370 1271/438/370 307/438/370
f 265/27/371 1228/29/371 264/29/371
f 563/647/372 1663/639/372 699/639/372
f 331/439/373 1294/432/373 330/432/373
f 20/232/374 983/234/374 19/234/374
f 332/440/375 1295/439/375 331/439/375
f 264/29/376 1227/30/376 263/30/376
f 564/648/377 1527/647/377 563/647/377
f 254/31/378 1217/28/378 253/28/378
f 178/225/379 1141/235/379 177/235/379
f 333/435/380 1296/440/380 332/440/380
f 565/649/381 1528/648/381 564/648/381
f 1/236/382 1012/230/382 48/230/382
f 534/441/383 1497/442/383 533/442/383
f 263/30/384 1226/32/384 262/32/384
f 566/650/385 1529/649/385 565/649/385
f 533/442/386 1496/443/386 532/443/386
f 262/32/387 1225/33/387 261/33/387
f 567/651/388 1530/650/388 566/650/388
f 19/234/389 982/237/389 18/237/389
f 532/443/390 1495/444/390 531/444/390
f 255/34/391 1218/31/391 254/31/391
f 163/238/392 1126/233/392 162/233/392
f 535/445/393 1498/441/393 534/441/393
f 568/652/394 1531/651/394 567/651/394
f 261/33/395 1224/35/395 260/35/395
f 576/653/396 1539/654/396 575/654/396
f 18/237/397 981/239/397 17/239/397
f 531/444/398 1494/446/398 530/446/398
f 536/447/399 1499/445/399 535/445/399
f 260/35/400 1223/36/400 259/36/400
f 575/654/401 1538/655/401 574/655/401
f 17/239/402 980/240/402 16/240/402
f 569/656/403 1532/652/403 568/652/403
f 2/241/404 965/236/404 1/236/404
f 259/36/405 1222/37/405 258/37/405
f 530/446/406 1493/448/406 529/448/406
f 256/38/407 1219/34/407 255/34/407
f 537/449/408 1500/447/408 536/447/408
f 574/655/409 1537/657/409 573/657/409
f 16/240/410 979/242/410 15/242/410
f 570/658/411 1533/656/411 569/656/411
f 3/243/412 966/241/412 2/241/412
f 258/37/413 1221/39/413 257/39/413
f 529/448/414 1492/450/414 528/450/414
f 4/244/415 967/243/415 3/243/415
f 538/451/416 1501/449/416 537/449/416
f 257/39/417 1220/38/417 256/38/417
f 573/657/418 1536/659/418 572/659/418
f 51/40/419 1014/22/419 50/22/419
f 571/660/420 1534/658/420 570/658/420
f 5/245/421 968/244/421 4/244/421
f 528/450/422 1491/452/422 527/452/422
f 52/41/423 1015/40/423 51/40/423
f 6/246/424 969/245/424 5/245/424
f 539/453/425 1502/451/425 538/451/425
f 572/659/426 1535/660/426 571/660/426
f 53/42/427 1016/41/427 52/41/427
f 15/242/428 978/247/428 14/247/428
f 527/452/429 1490/454/429 526/454/429
f 54/43/430 1017/42/430 53/42/430
f 582/662/431 1545/661/431 581/661/431
f 540/455/432 1503/453/432 539/453/432
f 177/235/433 1140/248/433 176/248/433
f 55/44/434 1018/43/434 54/43/434
f 583/663/435 1546/662/435 582/662/435
f 7/249/436 970/246/436 6/246/436
f 526/454/437 1489/456/437 525/456/437
f 56/45/438 1019/44/438 55/44/438
f 584/664/439 1547/663/439 583/663/439
f 8/250/440 971/249/440 7/249/440
f 541/457/441 1504/455/441 540/455/441
f 57/46/442 1020/45/442 56/45/442
f 585/665/443 1548/664/443 584/664/443
f 9/251/444 972/250/444 8/250/444
f 586/666/445 1549/665/445 585/665/445
f 10/252/446 973/251/446 9/251/446
f 58/47/447 1021/46/447 57/46/447
f 525/456/448 1488/459/448 524/459/448
f 14/247/449 977/253/449 13/253/449
f 472/458/450 1435/460/450 471/460/450
f 231/3/451 1194/48/451 230/48/451
f 11/254/452 974/252/452 10/252/452
f 473/461/453 1436/458/453 472/458/453
f 59/49/454 1022/47/454 58/47/454
f 600/667/455 1563/668/455 599/668/455
f 12/255/456 975/254/456 11/254/456
f 474/462/457 1437/461/457 473/461/457
f 601/669/458 1564/667/458 600/667/458
f 230/48/459 1193/50/459 229/50/459
f 13/253/460 976/255/460 12/255/460
f 542/463/461 1505/457/461 541/457/461
f 60/51/462 1023/49/462 59/49/462
f 616/645/463 1579/670/463 615/670/463
f 164/256/41 1127/238/41 163/238/41
f 471/460/464 1434/464/464 470/464/464
f 229/50/465 1192/52/465 228/52/465
f 599/668/466 1562/671/466 598/671/466
f 475/465/467 1438/462/467 474/462/467
f 61/53/468 1024/51/468 60/51/468
f 165/257/469 1128/256/469 164/256/469
f 598/671/470 1561/672/470 597/672/470
f 602/673/471 1565/669/471 601/669/471
f 524/459/472 1487/466/472 523/466/472
f 228/52/473 1191/54/473 227/54/473
f 176/248/474 1139/258/474 175/258/474
f 166/259/475 1129/257/475 165/257/475
f 470/464/476 1433/467/476 469/467/476
f 597/672/477 1560/674/477 596/674/477
f 958/825/478 1921/830/478 957/830/478
f 476/468/479 1439/465/479 475/465/479
f 64/56/480 1027/55/480 63/55/480
f 596/674/481 1559/675/481 595/675/481
f 175/258/482 1138/260/482 174/260/482
f 793/822/483 1756/831/483 792/831/483
f 65/57/484 1028/56/484 64/56/484
f 603/676/485 1566/673/485 602/673/485
f 167/261/486 1130/259/486 166/259/486
f 838/832/487 1801/828/487 837/828/487
f 469/467/488 1432/469/488 468/469/488
f 477/470/489 1440/468/489 476/468/489
f 66/58/490 1029/57/490 65/57/490
f 587/677/491 1550/666/491 586/666/491
f 174/260/492 1137/262/492 173/262/492
f 957/830/493 1920/833/493 956/833/493
f 67/59/494 1030/58/494 66/58/494
f 168/263/495 1131/261/495 167/261/495
f 811/834/496 1774/826/496 810/826/496
f 468/469/497 1431/471/497 467/471/497
f 595/675/498 1558/678/498 594/678/498
f 478/472/499 1441/470/499 477/470/499
f 68/60/500 1031/59/500 67/59/500
f 169/264/501 1132/263/501 168/263/501
f 615/670/502 1578/679/502 614/679/502
f 815/827/503 1778/835/503 814/835/503
f 543/473/504 1506/463/504 542/463/504
f 604/680/505 1567/676/505 603/676/505
f 227/54/465 1190/61/465 226/61/465
f 173/262/506 1136/265/506 172/265/506
f 956/833/507 1919/836/507 955/836/507
f 69/62/508 1032/60/508 68/60/508
f 170/266/509 1133/264/509 169/264/509
f 782/837/510 1745/829/510 781/829/510
f 523/466/511 1486/474/511 522/474/511
f 594/678/512 1557/681/512 593/681/512
f 70/63/513 1033/62/513 69/62/513
f 171/267/514 1134/266/514 170/266/514
f 839/838/515 1802/832/515 838/832/515
f 467/471/516 1430/475/516 466/475/516
f 593/681/517 1556/682/517 592/682/517
f 172/265/518 1135/267/518 171/267/518
f 479/476/519 1442/472/519 478/472/519
f 71/64/520 1034/63/520 70/63/520
f 605/683/521 1568/680/521 604/680/521
f 371/268/522 1400/269/522 436/269/522
f 792/831/523 1755/839/523 791/839/523
f 72/65/524 1035/64/524 71/64/524
f 436/269/525 1399/270/525 435/270/525
f 812/840/526 1775/834/526 811/834/526
f 466/475/527 1429/477/527 465/477/527
f 592/682/528 1555/684/528 591/684/528
f 73/66/529 1036/65/529 72/65/529
f 435/270/530 1398/271/530 434/271/530
f 813/841/531 1776/840/531 812/840/531
f 522/474/532 1485/478/532 521/478/532
f 591/684/533 1554/685/533 590/685/533
f 814/835/534 1777/841/534 813/841/534
f 544/479/535 1507/473/535 543/473/535
f 74/67/536 1037/66/536 73/66/536
f 606/686/537 1569/683/537 605/683/537
f 434/271/538 1397/272/538 433/272/538
f 372/273/539 1335/268/539 371/268/539
f 955/836/540 1918/842/540 954/842/540
f 480/480/541 1443/476/541 479/476/541
f 840/843/542 1803/838/542 839/838/542
f 226/61/543 1189/68/543 225/68/543
f 590/685/544 1553/687/544 589/687/544
f 433/272/545 1396/274/545 432/274/545
f 465/477/546 1428/481/546 464/481/546
f 225/68/547 1188/69/547 224/69/547
f 614/679/548 1577/688/548 613/688/548
f 373/275/549 1336/273/549 372/273/549
f 954/842/550 1917/844/550 953/844/550
f 481/482/551 1444/480/551 480/480/551
f 75/70/552 1038/67/552 74/67/552
f 588/689/553 1551/677/553 587/677/553
f 783/845/554 1746/837/554 782/837/554
f 589/687/555 1552/689/555 588/689/555
f 374/276/556 1337/275/556 373/275/556
f 607/690/557 1570/686/557 606/686/557
f 521/478/558 1484/483/558 520/483/558
f 224/69/559 1187/71/559 223/71/559
f 791/839/560 1754/846/560 790/846/560
f 545/484/561 1508/479/561 544/479/561
f 432/274/562 1395/277/562 431/277/562
f 223/71/563 1186/72/563 222/72/563
f 581/661/564 1544/691/564 580/691/564
f 375/278/565 1338/276/565 374/276/565
f 953/844/566 1916/847/566 952/847/566
f 841/848/567 1804/843/567 840/843/567
f 464/481/568 1427/485/568 463/485/568
f 222/72/569 1185/73/569 221/73/569
f 580/691/570 1543/692/570 579/692/570
f 482/486/571 1445/482/571 481/482/571
f 431/277/572 1394/279/572 430/279/572
f 221/73/573 1184/74/573 220/74/573
f 579/692/564 1542/693/564 578/693/564
f 376/280/574 1339/278/574 375/278/574
f 952/847/575 1915/849/575 951/849/575
f 76/75/576 1039/70/576 75/70/576
f 577/694/577 1540/653/577 576/653/577
f 520/483/578 1483/487/578 519/487/578
f 578/693/579 1541/694/579 577/694/579
f 790/846/580 1753/850/580 789/850/580
f 62/76/581 1025/53/581 61/53/581
f 608/695/582 1571/690/582 607/690/582
f 430/279/583 1393/281/583 429/281/583
f 784/851/584 1747/845/584 783/845/584
f 463/485/585 1426/488/585 462/488/585
f 63/55/586 1026/76/586 62/76/586
f 377/282/587 1340/280/587 376/280/587
f 546/489/588 1509/484/588 545/484/588
f 609/696/589 1572/695/589 608/695/589
f 842/852/590 1805/848/590 841/848/590
f 220/74/591 1183/77/591 219/77/591
f 483/490/592 1446/486/592 482/486/592
f 610/697/593 1573/696/593 609/696/593
f 429/281/594 1392/283/594 428/283/594
f 219/77/595 1182/78/595 218/78/595
f 378/284/596 1341/282/596 377/282/596
f 951/849/597 1914/853/597 950/853/597
f 77/79/598 1040/75/598 76/75/598
f 611/698/599 1574/697/599 610/697/599
f 519/487/600 1482/491/600 518/491/600
f 379/285/601 1342/284/601 378/284/601
f 789/850/602 1752/854/602 788/854/602
f 612/699/603 1575/698/603 611/698/603
f 785/855/604 1748/851/604 784/851/604
f 462/488/605 1425/492/605 461/492/605
f 218/78/606 1181/80/606 217/80/606
f 613/688/607 1576/699/607 612/699/607
f 547/493/608 1510/489/608 546/489/608
f 78/81/609 1041/79/609 77/79/609
f 701/700/610 1664/701/610 700/701/610
f 428/283/611 1391/286/611 427/286/611
f 843/856/612 1806/852/612 842/852/612
f 380/287/613 1343/285/613 379/285/613
f 484/494/614 1447/490/614 483/490/614
f 700/701/615 1737/702/615 773/702/615
f 217/80/616 1180/82/616 216/82/616
f 739/703/617 1702/704/617 738/704/617
f 950/853/618 1913/857/618 949/857/618
f 427/286/619 1390/288/619 426/288/619
f 786/858/620 1749/855/620 785/855/620
f 518/491/621 1481/495/621 517/495/621
f 216/82/622 1179/83/622 215/83/622
f 738/704/623 1701/705/623 737/705/623
f 381/289/624 1344/287/624 380/287/624
f 79/84/625 1042/81/625 78/81/625
f 787/859/626 1750/858/626 786/858/626
f 461/492/627 1424/496/627 460/496/627
f 773/702/628 1736/706/628 772/706/628
f 788/854/534 1751/859/534 787/859/534
f 548/497/629 1511/493/629 547/493/629
f 740/707/630 1703/703/630 739/703/630
f 426/288/631 1389/290/631 425/290/631
f 215/83/632 1178/85/632 214/85/632
f 382/291/633 1345/289/633 381/289/633
f 949/857/634 1912/860/634 948/860/634
f 485/498/635 1448/494/635 484/494/635
f 80/86/636 1043/84/636 79/84/636
f 844/861/637 1807/856/637 843/856/637
f 772/706/638 1735/708/638 771/708/638
f 81/87/639 1044/86/639 80/86/639
f 741/709/640 1704/707/640 740/707/640
f 425/290/641 1388/292/641 424/292/641
f 517/495/642 1480/499/642 516/499/642
f 383/293/643 1346/291/643 382/291/643
f 948/860/644 1911/862/644 947/862/644
f 845/863/645 1808/861/645 844/861/645
f 460/496/646 1423/500/646 459/500/646
f 214/85/647 1177/88/647 213/88/647
f 771/708/648 1734/710/648 770/710/648
f 385/294/610 1348/295/610 384/295/610
f 549/501/649 1512/497/649 548/497/649
f 82/89/650 1045/87/650 81/87/650
f 742/711/651 1705/709/651 741/709/651
f 947/862/652 1910/864/652 946/864/652
f 486/502/653 1449/498/653 485/498/653
f 213/88/654 1176/90/654 212/90/654
f 770/710/655 1733/712/655 769/712/655
f 384/295/2 1347/293/2 383/293/2
f 946/864/656 1909/865/656 945/865/656
f 83/91/657 1046/89/657 82/89/657
f 743/713/658 1706/711/658 742/711/658
f 846/866/659 1809/863/659 845/863/659
f 516/499/660 1479/503/660 515/503/660
f 550/504/661 1513/501/661 549/501/661
f 424/292/2 1387/297/2 423/297/2
f 212/90/662 1175/92/662 211/92/662
f 769/712/663 1732/714/663 768/714/663
f 438/298/3 1401/296/3 437/296/3
f 945/865/664 1908/867/664 944/867/664
f 84/93/665 1047/91/665 83/91/665
f 744/715/666 1707/713/666 743/713/666
f 847/868/667 1810/866/667 846/866/667
f 459/500/668 1422/505/668 458/505/668
f 487/506/669 1450/502/669 486/502/669
f 423/297/623 1386/299/623 422/299/623
f 211/92/670 1174/94/670 210/94/670
f 768/714/671 1731/716/671 767/716/671
f 944/867/672 1907/869/672 943/869/672
f 85/95/673 1048/93/673 84/93/673
f 745/717/674 1708/715/674 744/715/674
f 437/296/623 1404/300/623 440/300/623
f 848/870/675 1811/868/675 847/868/675
f 515/503/676 1478/507/676 514/507/676
f 439/301/610 1402/298/610 438/298/610
f 551/508/677 1514/504/677 550/504/677
f 210/94/678 1173/96/678 209/96/678
f 767/716/679 1730/718/679 766/718/679
f 943/869/680 1906/871/680 942/871/680
f 86/97/681 1049/95/681 85/95/681
f 746/719/682 1709/717/682 745/717/682
f 440/300/2 1403/301/2 439/301/2
f 458/505/683 1421/509/683 457/509/683
f 942/871/684 1905/872/684 941/872/684
f 488/510/685 1451/506/685 487/506/685
f 87/98/686 1050/97/686 86/97/686
f 386/302/687 1349/294/687 385/294/687
f 849/873/688 1812/870/688 848/870/688
f 766/718/689 1729/720/689 765/720/689
f 747/721/690 1710/719/690 746/719/690
f 929/874/691 1892/875/691 928/875/691
f 514/507/692 1477/511/692 513/511/692
f 209/96/693 1172/99/693 208/99/693
f 422/299/3 1385/303/3 421/303/3
f 552/512/694 1515/508/694 551/508/694
f 88/100/695 1051/98/695 87/98/695
f 928/875/623 1891/876/623 927/876/623
f 765/720/696 1728/722/696 764/722/696
f 421/303/697 1384/304/697 420/304/697
f 930/877/698 1893/874/698 929/874/698
f 553/513/699 1516/512/699 552/512/699
f 196/101/700 1159/102/700 195/102/700
f 748/723/701 1711/721/701 747/721/701
f 387/305/702 1350/302/702 386/302/702
f 931/878/703 1894/877/703 930/877/703
f 195/102/704 1158/103/704 194/103/704
f 269/306/705 1232/307/705 268/307/705
f 457/509/706 1420/514/706 456/514/706
f 197/104/707 1160/101/707 196/101/707
f 764/722/708 1727/724/708 763/724/708
f 932/879/709 1895/878/709 931/878/709
f 554/515/710 1517/513/710 553/513/710
f 749/725/711 1712/723/711 748/723/711
f 268/307/2 1334/308/2 370/308/2
f 198/105/712 1161/104/712 197/104/712
f 933/880/713 1896/879/713 932/879/713
f 489/516/714 1452/510/714 488/510/714
f 370/308/715 1333/309/715 369/309/715
f 199/106/716 1162/105/716 198/105/716
f 763/724/717 1726/726/717 762/726/717
f 270/310/718 1233/306/718 269/306/718
f 934/881/719 1897/880/719 933/880/719
f 750/727/720 1713/725/720 749/725/720
f 513/511/721 1476/517/721 512/517/721
f 200/107/722 1163/106/722 199/106/722
f 935/882/723 1898/881/723 934/881/723
f 555/518/724 1518/515/724 554/515/724
f 369/309/725 1332/311/725 368/311/725
f 762/726/2 1725/728/2 761/728/2
f 936/883/726 1899/882/726 935/882/726
f 556/519/727 1519/518/727 555/518/727
f 194/103/728 1157/108/728 193/108/728
f 420/304/729 1383/312/729 419/312/729
f 201/109/730 1164/107/730 200/107/730
f 761/728/2 1724/729/2 760/729/2
f 388/313/731 1351/305/731 387/305/731
f 937/884/701 1900/883/701 936/883/701
f 456/514/732 1419/520/732 455/520/732
f 760/729/2 1723/730/2 759/730/2
f 271/314/733 1234/310/733 270/310/733
f 938/885/734 1901/884/734 937/884/734
f 557/521/735 1520/519/735 556/519/735
f 208/99/647 1171/110/647 207/110/647
f 202/111/736 1165/109/736 201/109/736
f 759/730/2 1722/731/2 758/731/2
f 939/886/737 1902/885/737 938/885/737
f 490/522/738 1453/516/738 489/516/738
f 368/311/739 1331/315/739 367/315/739
f 203/112/740 1166/111/740 202/111/740
f 758/731/2 1721/732/2 757/732/2
f 272/316/741 1235/314/741 271/314/741
f 940/887/742 1903/886/742 939/886/742
f 512/517/743 1475/523/743 511/523/743
f 89/113/744 1052/100/744 88/100/744
f 757/732/2 1720/733/2 756/733/2
f 558/524/745 1521/521/745 557/521/745
f 367/315/746 1330/317/746 366/317/746
f 941/872/2 1904/887/2 940/887/2
f 756/733/2 1719/734/2 755/734/2
f 273/318/747 1236/316/747 272/316/747
f 559/525/748 1522/524/748 558/524/748
f 193/108/749 1156/114/749 192/114/749
f 850/888/750 1813/873/750 849/873/750
f 204/115/751 1167/112/751 203/112/751
f 755/734/2 1718/735/2 754/735/2
f 560/526/752 1523/525/752 559/525/752
f 366/317/753 1329/319/753 365/319/753
f 851/889/754 1814/888/754 850/888/754
f 205/116/755 1168/115/755 204/115/755
f 754/735/2 1717/736/2 753/736/2
f 274/320/756 1237/318/756 273/318/756
f 852/890/757 1815/889/757 851/889/757
f 455/520/758 1418/527/758 454/527/758
f 206/117/759 1169/116/759 205/116/759
f 753/736/2 1716/737/2 752/737/2
f 561/528/760 1524/526/760 560/526/760
f 365/319/761 1328/321/761 364/321/761
f 207/110/762 1170/117/762 206/117/762
f 752/737/2 1715/738/2 751/738/2
f 926/892/763 1889/891/763 925/891/763
f 491/529/764 1454/522/764 490/522/764
f 419/312/765 1382/322/765 418/322/765
f 751/738/2 1714/727/2 750/727/2
f 389/323/766 1352/313/766 388/313/766
f 927/876/767 1890/892/767 926/892/767
f 192/114/768 1155/118/768 191/118/768
f 702/739/769 1665/700/769 701/700/769
f 853/893/770 1816/890/770 852/890/770
f 511/523/771 1474/530/771 510/530/771
f 275/324/772 1238/320/772 274/320/772
f 562/531/773 1525/528/773 561/528/773
f 90/119/774 1053/113/774 89/113/774
f 703/740/775 1666/739/775 702/739/775
f 921/895/776 1884/894/776 920/894/776
f 441/532/777 1526/531/777 562/531/777
f 704/741/778 1667/740/778 703/740/778
f 364/321/779 1327/325/779 363/325/779
f 191/118/780 1154/120/780 190/120/780
f 276/326/781 1239/324/781 275/324/781
f 922/896/782 1885/895/782 921/895/782
f 91/121/657 1054/119/657 90/119/657
f 705/742/783 1668/741/783 704/741/783
f 454/527/784 1417/533/784 453/533/784
f 923/897/785 1886/896/785 922/896/785
f 442/534/786 1405/532/786 441/532/786
f 706/743/787 1669/742/787 705/742/787
f 363/325/788 1326/327/788 362/327/788
f 443/535/789 1406/534/789 442/534/789
f 277/328/790 1240/326/790 276/326/790
f 924/898/791 1887/897/791 923/897/791
f 707/744/792 1670/743/792 706/743/792
f 444/536/793 1407/535/793 443/535/793
f 190/120/794 1153/123/794 189/123/794
f 925/891/795 1888/898/795 924/898/795
f 708/745/796 1671/744/796 707/744/796
f 362/327/797 1325/329/797 361/329/797
f 854/899/798 1817/893/798 853/893/798
f 445/537/799 1408/536/799 444/536/799
f 111/122/800 1074/124/800 110/124/800
f 278/330/801 1241/328/801 277/328/801
f 112/125/802 1075/122/802 111/122/802
f 709/746/803 1672/745/803 708/745/803
f 446/538/804 1409/537/804 445/537/804
f 877/901/3 1840/900/3 876/900/3
f 92/126/805 1055/121/805 91/121/805
f 710/747/806 1673/746/806 709/746/806
f 361/329/807 1324/331/807 360/331/807
f 447/539/808 1410/538/808 446/538/808
f 711/748/809 1674/747/809 710/747/809
f 418/322/810 1381/332/810 417/332/810
f 448/540/811 1411/539/811 447/539/811
f 110/124/812 1073/127/812 109/127/812
f 390/333/813 1353/323/813 389/323/813
f 915/903/3 1878/902/3 914/902/3
f 113/128/814 1076/125/814 112/125/814
f 712/749/815 1675/748/815 711/748/815
f 449/541/816 1412/540/816 448/540/816
f 279/334/817 1242/330/817 278/330/817
f 916/904/818 1879/903/818 915/903/818
f 713/750/819 1676/749/819 712/749/819
f 450/542/820 1413/541/820 449/541/820
f 189/123/821 1152/129/821 188/129/821
f 917/905/822 1880/904/822 916/904/822
f 714/751/3 1677/750/3 713/750/3
f 360/331/823 1323/335/823 359/335/823
f 451/543/824 1414/542/824 450/542/824
f 109/127/825 1072/130/825 108/130/825
f 280/336/826 1243/334/826 279/334/826
f 918/906/827 1881/905/827 917/905/827
f 114/131/828 1077/128/828 113/128/828
f 715/752/3 1678/751/3 714/751/3
f 452/544/829 1415/543/829 451/543/829
f 919/907/830 1882/906/830 918/906/830
f 115/132/831 1078/131/831 114/131/831
f 716/753/3 1679/752/3 715/752/3
f 359/335/832 1322/337/832 358/337/832
f 453/533/833 1416/544/833 452/544/833
f 282/338/610 1245/339/610 281/339/610
f 920/894/834 1883/907/834 919/907/834
f 492/545/835 1455/529/835 491/529/835
f 108/130/836 1071/133/836 107/133/836
f 281/339/2 1244/336/2 280/336/2
f 876/900/837 1839/908/837 875/908/837
f 93/134/665 1056/126/665 92/126/665
f 878/909/838 1841/901/838 877/901/838
f 510/530/839 1473/546/839 509/546/839
f 493/547/840 1456/545/840 492/545/840
f 116/135/841 1079/132/841 115/132/841
f 358/337/2 1321/340/2 357/340/2
f 914/902/842 1877/910/842 913/910/842
f 726/757/843 1689/756/843 725/756/843
f 357/340/623 1320/341/623 356/341/623
f 855/911/844 1818/899/844 854/899/844
f 509/546/845 1472/548/845 508/548/845
f 107/133/846 1070/136/846 106/136/846
f 494/549/847 1457/547/847 493/547/847
f 727/758/848 1690/757/848 726/757/848
f 417/332/849 1380/342/849 416/342/849
f 188/129/850 1151/137/850 187/137/850
f 391/343/851 1354/333/851 390/333/851
f 875/908/852 1838/912/852 874/912/852
f 117/138/853 1080/135/853 116/135/853
f 728/759/854 1691/758/854 727/758/854
f 856/913/855 1819/911/855 855/911/855
f 508/548/856 1471/550/856 507/550/856
f 495/551/857 1458/549/857 494/549/857
f 729/760/858 1692/759/858 728/759/858
f 416/342/859 1379/344/859 415/344/859
f 106/136/860 1069/139/860 105/139/860
f 392/345/861 1355/343/861 391/343/861
f 874/912/862 1837/914/862 873/914/862
f 94/140/863 1057/134/863 93/134/863
f 730/761/864 1693/760/864 729/760/864
f 857/915/865 1820/913/865 856/913/865
f 507/550/866 1470/552/866 506/552/866
f 283/346/3 1246/338/3 282/338/3
f 496/553/867 1459/551/867 495/551/867
f 118/141/868 1081/138/868 117/138/868
f 731/762/869 1694/761/869 730/761/869
f 284/347/870 1247/346/870 283/346/870
f 873/914/871 1836/916/871 872/916/871
f 732/763/872 1695/762/872 731/762/872
f 879/917/873 1842/909/873 878/909/873
f 506/552/874 1469/554/874 505/554/874
f 105/139/875 1068/142/875 104/142/875
f 497/555/876 1460/553/876 496/553/876
f 356/341/3 1319/348/3 355/348/3
f 858/918/877 1821/915/877 857/915/877
f 187/137/878 1150/143/878 186/143/878
f 717/764/3 1680/753/3 716/753/3
f 95/144/879 1058/140/879 94/140/879
f 355/348/880 1318/349/880 354/349/880
f 505/554/881 1468/556/881 504/556/881
f 718/765/3 1681/764/3 717/764/3
f 285/350/882 1248/347/882 284/347/882
f 913/910/883 1876/919/883 912/919/883
f 498/557/884 1461/555/884 497/555/884
f 119/145/885 1082/141/885 118/141/885
f 719/754/3 1682/765/3 718/765/3
f 720/766/3 1683/754/3 719/754/3
f 872/916/886 1835/920/886 871/920/886
f 721/755/3 1684/766/3 720/766/3
f 859/921/887 1822/918/887 858/918/887
f 504/556/888 1467/558/888 503/558/888
f 104/142/889 1067/146/889 103/146/889
f 722/767/3 1685/755/3 721/755/3
f 499/559/890 1462/557/890 498/557/890
f 354/349/891 1317/352/891 353/352/891
f 186/143/892 1149/147/892 185/147/892
f 723/768/3 1686/767/3 722/767/3
f 871/920/893 1834/922/893 870/922/893
f 120/148/894 1083/145/894 119/145/894
f 415/344/895 1378/353/895 414/353/895
f 860/923/896 1823/921/896 859/921/896
f 503/558/897 1466/560/897 502/560/897
f 724/769/3 1687/768/3 723/768/3
f 393/354/898 1356/345/898 392/345/898
f 500/561/899 1463/559/899 499/559/899
f 96/149/900 1059/144/900 95/144/900
f 725/756/3 1688/769/3 724/769/3
f 880/924/901 1843/917/901 879/917/901
f 733/770/902 1696/763/902 732/763/902
f 501/562/903 1464/561/903 500/561/903
f 319/351/904 1282/355/904 318/355/904
f 502/560/905 1465/562/905 501/562/905
f 103/146/906 1066/150/906 102/150/906
f 734/771/907 1697/770/907 733/770/907
f 320/356/908 1283/351/908 319/351/908
f 870/922/909 1833/925/909 869/925/909
f 676/563/910 1639/564/910 675/564/910
f 121/151/911 1084/148/911 120/148/911
f 861/926/912 1824/923/912 860/923/912
f 735/772/913 1698/771/913 734/771/913
f 286/357/914 1249/350/914 285/350/914
f 675/564/915 1638/565/915 674/565/915
f 97/152/916 1060/149/916 96/149/916
f 677/566/917 1640/563/917 676/563/917
f 736/773/918 1699/772/918 735/772/918
f 912/919/919 1875/927/919 911/927/919
f 737/705/920 1700/773/920 736/773/920
f 353/352/921 1316/358/921 352/358/921
f 678/567/922 1641/566/922 677/566/922
f 185/147/923 1148/153/923 184/153/923
f 801/774/48 1764/775/48 800/775/48
f 287/359/924 1250/357/924 286/357/924
f 869/925/925 1832/928/925 868/928/925
f 862/929/926 1825/926/926 861/926/926
f 679/568/927 1642/567/927 678/567/927
f 102/150/928 1065/154/928 101/154/928
f 800/775/929 1789/776/929 825/776/929
f 98/155/930 1061/152/930 97/152/930
f 318/355/931 1281/360/931 317/360/931
f 863/930/932 1826/929/932 862/929/932
f 825/776/933 1788/777/933 824/777/933
f 321/361/934 1284/356/934 320/356/934
f 674/565/935 1637/569/935 673/569/935
f 122/156/936 1085/151/936 121/151/936
f 680/570/937 1643/568/937 679/568/937
f 824/777/938 1787/778/938 823/778/938
f 868/928/29 1832/928/29 1831/931/29
f 802/779/30 1766/779/30 1765/774/30
f 414/353/31 1378/353/31 1377/362/31
f 864/932/32 1828/932/32 1827/930/32
f 184/153/33 1148/153/33 1147/157/33
f 673/569/34 1637/569/34 1636/571/34
f 352/358/35 1316/358/35 1315/363/35
f 881/933/939 1845/933/939 1844/924/939
f 101/154/37 1065/154/37 1064/158/37
f 823/778/940 1787/778/940 1786/780/940
f 394/364/39 1358/364/39 1357/354/39
f 672/571/40 1636/571/40 1635/572/40
f 99/159/41 1063/159/41 1062/155/41
f 803/781/42 1767/781/42 1766/779/42
f 681/573/43 1645/573/43 1644/570/43
f 100/158/44 1064/158/44 1063/159/44
f 288/365/45 1252/365/45 1251/359/45
f 867/931/46 1831/931/46 1830/934/46
f 123/160/47 1087/160/47 1086/156/47
f 775/782/48 1739/782/48 1738/783/48
f 865/935/49 1829/935/49 1828/932/49
f 866/934/50 1830/934/50 1829/935/50
f 671/572/51 1635/572/51 1634/574/51
f 148/161/52 1112/161/52 1111/162/52
f 774/783/53 1738/783/53 1763/784/53
f 317/360/54 1281/360/54 1280/366/54
f 682/575/55 1646/575/55 1645/573/55
f 804/785/56 1768/785/56 1767/781/56
f 911/927/57 1875/927/57 1874/936/57
f 147/162/58 1111/162/58 1110/163/58
f 351/363/59 1315/363/59 1314/367/59
f 882/937/60 1846/937/60 1845/933/60
f 149/164/61 1113/164/61 1112/161/61
f 322/368/62 1286/368/62 1285/361/62
f 670/574/63 1634/574/63 1633/576/63
f 822/780/64 1786/780/64 1785/786/64
f 683/577/941 1647/577/941 1646/575/941
f 289/369/66 1253/369/66 1252/365/66
f 910/936/67 1874/936/67 1873/938/67
f 146/163/68 1110/163/68 1109/165/68
f 799/784/942 1763/784/942 1762/787/942
f 883/939/70 1847/939/70 1846/937/70
f 150/166/71 1114/166/71 1113/164/71
f 805/788/72 1769/788/72 1768/785/72
f 669/576/73 1633/576/73 1632/578/73
f 413/362/74 1377/362/74 1376/370/74
f 884/940/75 1848/940/75 1847/939/75
f 684/579/76 1648/579/76 1647/577/76
f 124/167/77 1088/167/77 1087/160/77
f 395/371/78 1359/371/78 1358/364/78
f 821/786/79 1785/786/79 1784/789/79
f 828/790/80 1792/790/80 1791/791/80
f 909/938/81 1873/938/81 1872/941/81
f 668/578/82 1632/578/82 1631/580/82
f 145/165/83 1109/165/83 1108/168/83
f 350/367/84 1314/367/84 1313/372/84
f 885/942/85 1849/942/85 1848/940/85
f 685/581/86 1649/581/86 1648/579/86
f 827/791/87 1791/791/87 1790/792/87
f 183/157/88 1147/157/88 1146/169/88
f 316/366/89 1280/366/89 1279/373/89
f 151/170/90 1115/170/90 1114/166/90
f 798/787/91 1762/787/91 1761/793/91
f 323/374/92 1287/374/92 1286/368/92
f 908/941/93 1872/941/93 1871/943/93
f 667/580/94 1631/580/94 1630/582/94
f 776/794/95 1740/794/95 1739/782/95
f 886/944/96 1850/944/96 1849/942/96
f 686/583/97 1650/583/97 1649/581/97
f 290/375/98 1254/375/98 1253/369/98
f 144/168/99 1108/168/99 1107/171/99
f 829/795/100 1793/795/100 1792/790/100
f 152/172/101 1116/172/101 1115/170/101
f 907/943/102 1871/943/102 1870/945/102
f 666/582/103 1630/582/103 1629/584/103
f 806/796/104 1770/796/104 1769/788/104
f 349/372/105 1313/372/105 1312/376/105
f 887/946/106 1851/946/106 1850/944/106
f 665/584/107 1629/584/107 1628/585/107
f 143/171/108 1107/171/108 1106/173/108
f 315/373/109 1279/373/109 1278/377/109
f 888/947/110 1852/947/110 1851/946/110
f 687/586/111 1651/586/111 1650/583/111
f 125/174/112 1089/174/112 1088/167/112
f 820/789/113 1784/789/113 1783/797/113
f 324/378/114 1288/378/114 1287/374/114
f 153/175/115 1117/175/115 1116/172/115
f 797/793/116 1761/793/116 1760/798/116
f 291/379/117 1255/379/117 1254/375/117
f 906/945/118 1870/945/118 1869/948/118
f 664/585/119 1628/585/119 1627/587/119
f 830/799/120 1794/799/120 1793/795/120
f 889/949/121 1853/949/121 1852/947/121
f 688/588/122 1652/588/122 1651/586/122
f 142/173/123 1106/173/123 1105/176/123
f 777/800/124 1741/800/124 1740/794/124
f 412/370/125 1376/370/125 1375/380/125
f 890/950/126 1854/950/126 1853/949/126
f 154/177/127 1118/177/127 1117/175/127
f 396/381/128 1360/381/128 1359/371/128
f 663/587/129 1627/587/129 1626/589/129
f 891/951/130 1855/951/130 1854/950/130
f 126/178/131 1090/178/131 1089/174/131
f 826/792/132 1790/792/132 1928/801/132
f 662/589/133 1626/589/133 1625/590/133
f 807/802/134 1771/802/134 1770/796/134
f 348/376/135 1312/376/135 1311/382/135
f 892/952/136 1856/952/136 1855/951/136
f 689/591/137 1653/591/137 1652/588/137
f 182/169/138 1146/169/138 1145/179/138
f 831/803/139 1795/803/139 1794/799/139
f 314/377/140 1278/377/140 1277/383/140
f 155/180/141 1119/180/141 1118/177/141
f 292/384/142 1256/384/142 1255/379/142
f 905/948/143 1869/948/143 1868/953/143
f 661/590/144 1625/590/144 1624/592/144
f 893/954/145 1857/954/145 1856/952/145
f 690/593/146 1654/593/146 1653/591/146
f 819/797/147 1783/797/147 1782/804/147
f 325/385/148 1289/385/148 1288/378/148
f 894/955/149 1858/955/149 1857/954/149
f 796/798/150 1760/798/150 1759/805/150
f 660/592/151 1624/592/151 1623/594/151
f 141/176/152 1105/176/152 1104/182/152
f 347/382/153 1311/382/153 1310/386/153
f 895/956/154 1859/956/154 1858/955/154
f 691/595/155 1655/595/155 1654/593/155
f 964/801/156 1928/801/156 1927/806/156
f 293/387/157 1257/387/157 1256/384/157
f 37/181/158 1001/181/158 1000/183/158
f 778/807/159 1742/807/159 1741/800/159
f 896/957/160 1860/957/160 1859/956/160
f 38/184/161 1002/184/161 1001/181/161
f 659/594/162 1623/594/162 1622/596/162
f 832/808/163 1796/808/163 1795/803/163
f 313/383/164 1277/383/164 1276/388/164
f 897/958/165 1861/958/165 1860/957/165
f 692/597/166 1656/597/166 1655/595/166
f 36/183/167 1000/183/167 999/185/167
f 346/386/168 1310/386/168 1309/389/168
f 898/959/169 1862/959/169 1861/958/169
f 39/186/170 1003/186/170 1002/184/170
f 963/806/171 1927/806/171 1926/809/171
f 658/596/172 1622/596/172 1621/598/172
f 808/810/173 1772/810/173 1771/802/173
f 411/380/174 1375/380/174 1374/390/174
f 899/960/175 1863/960/175 1862/959/175
f 693/599/176 1657/599/176 1656/597/176
f 397/391/177 1361/391/177 1360/381/177
f 35/185/178 999/185/178 998/187/178
f 833/811/179 1797/811/179 1796/808/179
f 900/961/180 1864/961/180 1863/960/180
f 127/188/181 1091/188/181 1090/178/181
f 326/392/182 1290/392/182 1289/385/182
f 657/598/183 1621/598/183 1620/600/183
f 901/962/184 1865/962/184 1864/961/184
f 626/601/185 1590/601/185 1589/602/185
f 40/189/186 1004/189/186 1003/186/186
f 818/804/187 1782/804/187 1781/812/187
f 294/393/188 1258/393/188 1257/387/188
f 625/602/189 1589/602/189 1588/603/189
f 795/805/190 1759/805/190 1758/813/190
f 904/953/191 1868/953/191 1867/963/191
f 694/604/192 1658/604/192 1657/599/192
f 34/187/193 998/187/193 997/190/193
f 345/389/194 1309/389/194 1308/394/194
f 902/964/195 1866/964/195 1865/962/195
f 156/191/196 1120/191/196 1119/180/196
f 962/809/197 1926/809/197 1925/814/197
f 903/963/198 1867/963/198 1866/964/198
f 779/815/199 1743/815/199 1742/807/199
f 312/388/200 1276/388/200 1275/395/200
f 656/600/201 1620/600/201 1619/605/201
f 33/190/202 997/190/202 996/192/202
f 834/816/943 1798/816/943 1797/811/943
f 344/394/204 1308/394/204 1307/396/204
f 624/603/205 1588/603/205 1587/606/205
f 327/397/206 1291/397/206 1290/392/206
f 627/607/207 1591/607/207 1590/601/207
f 140/182/208 1104/182/208 1103/193/208
f 41/194/209 1005/194/209 1004/189/209
f 961/814/210 1925/814/210 1924/817/210
f 295/398/211 1259/398/211 1258/393/211
f 628/608/212 1592/608/212 1591/607/212
f 809/818/213 1773/818/213 1772/810/213
f 32/192/214 996/192/214 995/195/214
f 343/396/215 1307/396/215 1306/399/215
f 623/606/216 1587/606/216 1586/609/216
f 42/196/217 1006/196/217 1005/194/217
f 817/812/218 1781/812/218 1780/819/218
f 695/610/219 1659/610/219 1658/604/219
f 835/820/220 1799/820/220 1798/816/220
f 311/395/221 1275/395/221 1274/400/221
f 629/611/222 1593/611/222 1592/608/222
f 31/195/223 995/195/223 994/197/223
f 780/821/224 1744/821/224 1743/815/224
f 342/399/225 1306/399/225 1305/401/225
f 128/198/226 1092/198/226 1091/188/226
f 296/402/227 1260/402/227 1259/398/227
f 655/605/228 1619/605/228 1618/612/228
f 157/199/229 1121/199/229 1120/191/229
f 794/813/230 1758/813/230 1757/822/230
f 630/613/231 1594/613/231 1593/611/231
f 341/401/232 1305/401/232 1304/403/232
f 960/817/944 1924/817/944 1923/823/944
f 398/404/234 1362/404/234 1361/391/234
f 631/614/199 1595/614/199 1594/613/199
f 181/179/235 1145/179/235 1144/200/235
f 836/824/236 1800/824/236 1799/820/236
f 297/405/237 1261/405/237 1260/402/237
f 30/197/945 994/197/945 993/201/945
f 622/609/239 1586/609/239 1585/615/239
f 43/202/240 1007/202/240 1006/196/240
f 959/823/241 1923/823/241 1922/825/241
f 399/406/242 1363/406/242 1362/404/242
f 632/616/243 1596/616/243 1595/614/243
f 810/826/244 1774/826/244 1773/818/244
f 400/407/245 1364/407/245 1363/406/245
f 696/617/246 1660/617/246 1659/610/246
f 139/193/247 1103/193/247 1102/203/247
f 816/819/248 1780/819/248 1779/827/248
f 401/408/249 1365/408/249 1364/407/249
f 29/201/250 993/201/250 992/204/250
f 837/828/946 1801/828/946 1800/824/946
f 654/612/252 1618/612/252 1617/618/252
f 129/205/253 1093/205/253 1092/198/253
f 402/409/254 1366/409/254 1365/408/254
f 633/619/255 1597/619/255 1596/616/255
f 781/829/256 1745/829/256 1744/821/256
f 158/206/257 1122/206/257 1121/199/257
f 403/410/258 1367/410/258 1366/409/258
f 621/615/259 1585/615/259 1584/620/259
f 44/207/260 1008/207/260 1007/202/260
f 404/411/261 1368/411/261 1367/410/261
f 634/621/262 1598/621/262 1597/619/262
f 405/412/263 1369/412/263 1368/411/263
f 635/622/264 1599/622/264 1598/621/264
f 28/204/265 992/204/265 991/208/265
f 406/413/266 1370/413/266 1369/412/266
f 233/1/947 1197/1/947 1196/2/947
f 27/208/268 991/208/268 990/209/268
f 653/618/269 1617/618/269 1616/623/269
f 407/414/270 1371/414/270 1370/413/270
f 232/2/271 1196/2/271 1195/3/271
f 138/203/272 1102/203/272 1101/210/272
f 234/4/948 1198/4/948 1197/1/948
f 620/620/274 1584/620/274 1583/624/274
f 130/211/275 1094/211/275 1093/205/275
f 408/415/276 1372/415/276 1371/414/276
f 697/625/277 1661/625/277 1660/617/277
f 235/5/949 1199/5/949 1198/4/949
f 45/212/279 1009/212/279 1008/207/279
f 409/416/280 1373/416/280 1372/415/280
f 636/626/281 1600/626/281 1599/622/281
f 410/390/282 1374/390/282 1373/416/282
f 236/6/283 1200/6/283 1199/5/283
f 159/213/284 1123/213/284 1122/206/284
f 328/417/285 1292/417/285 1291/397/285
f 637/627/286 1601/627/286 1600/626/286
f 237/7/287 1201/7/287 1200/6/287
f 298/418/288 1262/418/288 1261/405/288
f 26/209/289 990/209/289 989/214/289
f 238/8/290 1202/8/290 1201/7/290
f 619/624/291 1583/624/291 1582/628/291
f 180/200/292 1144/200/292 1143/215/292
f 340/403/293 1304/403/293 1303/419/293
f 239/9/294 1203/9/294 1202/8/294
f 652/623/295 1616/623/295 1615/629/295
f 299/420/296 1263/420/296 1262/418/296
f 698/630/297 1662/630/297 1661/625/297
f 25/214/298 989/214/298 988/216/298
f 240/10/299 1204/10/299 1203/9/299
f 131/217/300 1095/217/300 1094/211/300
f 638/631/301 1602/631/301 1601/627/301
f 339/419/302 1303/419/302 1302/421/302
f 241/11/303 1205/11/303 1204/10/303
f 46/218/304 1010/218/304 1009/212/304
f 639/632/305 1603/632/305 1602/631/305
f 310/400/306 1274/400/306 1273/422/306
f 242/12/361 1206/12/361 1205/11/361
f 160/219/308 1124/219/308 1123/213/308
f 300/423/309 1264/423/309 1263/420/309
f 243/13/310 1207/13/310 1206/12/310
f 618/628/311 1582/628/311 1581/633/311
f 640/634/312 1604/634/312 1603/632/312
f 137/210/313 1101/210/313 1100/220/313
f 338/421/314 1302/421/314 1301/424/314
f 244/14/315 1208/14/315 1207/13/315
f 329/425/316 1293/425/316 1292/417/316
f 641/635/317 1605/635/317 1604/634/317
f 24/216/318 988/216/318 987/221/318
f 245/15/319 1209/15/319 1208/14/319
f 132/222/320 1096/222/320 1095/217/320
f 301/426/321 1265/426/321 1264/423/321
f 642/636/322 1606/636/322 1605/635/322
f 246/16/323 1210/16/323 1209/15/323
f 47/223/324 1011/223/324 1010/218/324
f 337/424/325 1301/424/325 1300/427/325
f 247/17/326 1211/17/326 1210/16/326
f 651/629/327 1615/629/327 1614/637/327
f 302/428/328 1266/428/328 1265/426/328
f 643/638/329 1607/638/329 1606/636/329
f 23/221/330 987/221/330 986/224/330
f 248/18/331 1212/18/331 1211/17/331
f 699/639/332 1663/639/332 1662/630/332
f 179/215/333 1143/215/333 1142/225/333
f 336/427/334 1300/427/334 1299/429/334
f 249/19/335 1213/19/335 1212/18/335
f 133/226/336 1097/226/336 1096/222/336
f 644/640/337 1608/640/337 1607/638/337
f 309/422/338 1273/422/338 1272/430/338
f 250/20/339 1214/20/339 1213/19/339
f 161/227/340 1125/227/340 1124/219/340
f 303/431/341 1267/431/341 1266/428/341
f 645/641/342 1609/641/342 1608/640/342
f 251/21/343 1215/21/343 1214/20/343
f 330/432/344 1294/432/344 1293/425/344
f 646/642/345 1610/642/345 1609/641/345
f 136/220/346 1100/220/346 1099/228/346
f 50/22/347 1014/22/347 1013/23/347
f 647/643/348 1611/643/348 1610/642/348
f 22/224/349 986/224/349 985/229/349
f 335/429/350 1299/429/350 1298/433/350
f 49/23/351 1013/23/351 1231/24/351
f 48/230/352 1012/230/352 1011/223/352
f 304/434/353 1268/434/353 1267/431/353
f 252/25/354 1216/25/354 1215/21/354
f 648/644/355 1612/644/355 1611/643/355
f 134/231/356 1098/231/356 1097/226/356
f 334/433/357 1298/433/357 1297/435/357
f 267/24/358 1231/24/358 1230/26/358
f 617/633/359 1581/633/359 1580/645/359
f 305/436/360 1269/436/360 1268/434/360
f 649/646/361 1613/646/361 1612/644/361
f 21/229/362 985/229/362 984/232/362
f 266/26/363 1230/26/363 1229/27/363
f 135/228/364 1099/228/364 1098/231/364
f 306/437/365 1270/437/365 1269/436/365
f 253/28/366 1217/28/366 1216/25/366
f 650/637/367 1614/637/367 1613/646/367
f 162/233/368 1126/233/368 1125/227/368
f 307/438/369 1271/438/369 1270/437/369
f 308/430/370 1272/430/370 1271/438/370
f 265/27/950 1229/27/950 1228/29/950
f 563/647/372 1527/647/372 1663/639/372
f 331/439/373 1295/439/373 1294/432/373
f 20/232/374 984/232/374 983/234/374
f 332/440/375 1296/440/375 1295/439/375
f 264/29/376 1228/29/376 1227/30/376
f 564/648/377 1528/648/377 1527/647/377
f 254/31/378 1218/31/378 1217/28/378
f 178/225/379 1142/225/379 1141/235/379
f 333/435/380 1297/435/380 1296/440/380
f 565/649/381 1529/649/381 1528/648/381
f 1/236/382 965/236/382 1012/230/382
f 534/441/383 1498/441/383 1497/442/383
f 263/30/58 1227/30/58 1226/32/58
f 566/650/385 1530/650/385 1529/649/385
f 533/442/386 1497/442/386 1496/443/386
f 262/32/387 1226/32/387 1225/33/387
f 567/651/388 1531/651/388 1530/650/388
f 19/234/389 983/234/389 982/237/389
f 532/443/390 1496/443/390 1495/444/390
f 255/34/391 1219/34/391 1218/31/391
f 163/238/392 1127/238/392 1126/233/392
f 535/445/393 1499/445/393 1498/441/393
f 568/652/394 1532/652/394 1531/651/394
f 261/33/951 1225/33/951 1224/35/951
f 576/653/396 1540/653/396 1539/654/396
f 18/237/397 982/237/397 981/239/397
f 531/444/398 1495/444/398 1494/446/398
f 536/447/399 1500/447/399 1499/445/399
f 260/35/400 1224/35/400 1223/36/400
f 575/654/401 1539/654/401 1538/655/401
f 17/239/402 981/239/402 980/240/402
f 569/656/403 1533/656/403 1532/652/403
f 2/241/404 966/241/404 965/236/404
f 259/36/405 1223/36/405 1222/37/405
f 530/446/406 1494/446/406 1493/448/406
f 256/38/407 1220/38/407 1219/34/407
f 537/449/408 1501/449/408 1500/447/408
f 574/655/409 1538/655/409 1537/657/409
f 16/240/410 980/240/410 979/242/410
f 570/658/411 1534/658/411 1533/656/411
f 3/243/412 967/243/412 966/241/412
f 258/37/413 1222/37/413 1221/39/413
f 529/448/414 1493/448/414 1492/450/414
f 4/244/415 968/244/415 967/243/415
f 538/451/416 1502/451/416 1501/449/416
f 257/39/952 1221/39/952 1220/38/952
f 573/657/418 1537/657/418 1536/659/418
f 51/40/419 1015/40/419 1014/22/419
f 571/660/420 1535/660/420 1534/658/420
f 5/245/953 969/245/953 968/244/953
f 528/450/422 1492/450/422 1491/452/422
f 52/41/423 1016/41/423 1015/40/423
f 6/246/424 970/246/424 969/245/424
f 539/453/425 1503/453/425 1502/451/425
f 572/659/426 1536/659/426 1535/660/426
f 53/42/427 1017/42/427 1016/41/427
f 15/242/428 979/242/428 978/247/428
f 527/452/429 1491/452/429 1490/454/429
f 54/43/430 1018/43/430 1017/42/430
f 582/662/431 1546/662/431 1545/661/431
f 540/455/432 1504/455/432 1503/453/432
f 177/235/433 1141/235/433 1140/248/433
f 55/44/434 1019/44/434 1018/43/434
f 583/663/435 1547/663/435 1546/662/435
f 7/249/436 971/249/436 970/246/436
f 526/454/437 1490/454/437 1489/456/437
f 56/45/438 1020/45/438 1019/44/438
f 584/664/439 1548/664/439 1547/663/439
f 8/250/440 972/250/440 971/249/440
f 541/457/441 1505/457/441 1504/455/441
f 57/46/442 1021/46/442 1020/45/442
f 585/665/443 1549/665/443 1548/664/443
f 9/251/444 973/251/444 972/250/444
f 586/666/445 1550/666/445 1549/665/445
f 10/252/446 974/252/446 973/251/446
f 58/47/447 1022/47/447 1021/46/447
f 525/456/448 1489/456/448 1488/459/448
f 14/247/449 978/247/449 977/253/449
f 472/458/450 1436/458/450 1435/460/450
f 231/3/451 1195/3/451 1194/48/451
f 11/254/452 975/254/452 974/252/452
f 473/461/453 1437/461/453 1436/458/453
f 59/49/454 1023/49/454 1022/47/454
f 600/667/455 1564/667/455 1563/668/455
f 12/255/456 976/255/456 975/254/456
f 474/462/457 1438/462/457 1437/461/457
f 601/669/458 1565/669/458 1564/667/458
f 230/48/459 1194/48/459 1193/50/459
f 13/253/460 977/253/460 976/255/460
f 542/463/461 1506/463/461 1505/457/461
f 60/51/462 1024/51/462 1023/49/462
f 616/645/463 1580/645/463 1579/670/463
f 164/256/41 1128/256/41 1127/238/41
f 471/460/464 1435/460/464 1434/464/464
f 229/50/465 1193/50/465 1192/52/465
f 599/668/466 1563/668/466 1562/671/466
f 475/465/467 1439/465/467 1438/462/467
f 61/53/468 1025/53/468 1024/51/468
f 165/257/469 1129/257/469 1128/256/469
f 598/671/470 1562/671/470 1561/672/470
f 602/673/471 1566/673/471 1565/669/471
f 524/459/472 1488/459/472 1487/466/472
f 228/52/473 1192/52/473 1191/54/473
f 176/248/474 1140/248/474 1139/258/474
f 166/259/475 1130/259/475 1129/257/475
f 470/464/476 1434/464/476 1433/467/476
f 597/672/477 1561/672/477 1560/674/477
f 958/825/478 1922/825/478 1921/830/478
f 476/468/479 1440/468/479 1439/465/479
f 64/56/480 1028/56/480 1027/55/480
f 596/674/481 1560/674/481 1559/675/481
f 175/258/482 1139/258/482 1138/260/482
f 793/822/483 1757/822/483 1756/831/483
f 65/57/484 1029/57/484 1028/56/484
f 603/676/485 1567/676/485 1566/673/485
f 167/261/486 1131/261/486 1130/259/486
f 838/832/487 1802/832/487 1801/828/487
f 469/467/488 1433/467/488 1432/469/488
f 477/470/489 1441/470/489 1440/468/489
f 66/58/490 1030/58/490 1029/57/490
f 587/677/491 1551/677/491 1550/666/491
f 174/260/492 1138/260/492 1137/262/492
f 957/830/493 1921/830/493 1920/833/493
f 67/59/494 1031/59/494 1030/58/494
f 168/263/495 1132/263/495 1131/261/495
f 811/834/954 1775/834/954 1774/826/954
f 468/469/497 1432/469/497 1431/471/497
f 595/675/498 1559/675/498 1558/678/498
f 478/472/499 1442/472/499 1441/470/499
f 68/60/500 1032/60/500 1031/59/500
f 169/264/501 1133/264/501 1132/263/501
f 615/670/502 1579/670/502 1578/679/502
f 815/827/503 1779/827/503 1778/835/503
f 543/473/504 1507/473/504 1506/463/504
f 604/680/505 1568/680/505 1567/676/505
f 227/54/465 1191/54/465 1190/61/465
f 173/262/506 1137/262/506 1136/265/506
f 956/833/507 1920/833/507 1919/836/507
f 69/62/508 1033/62/508 1032/60/508
f 170/266/509 1134/266/509 1133/264/509
f 782/837/510 1746/837/510 1745/829/510
f 523/466/511 1487/466/511 1486/474/511
f 594/678/512 1558/678/512 1557/681/512
f 70/63/513 1034/63/513 1033/62/513
f 171/267/514 1135/267/514 1134/266/514
f 839/838/515 1803/838/515 1802/832/515
f 467/471/516 1431/471/516 1430/475/516
f 593/681/517 1557/681/517 1556/682/517
f 172/265/518 1136/265/518 1135/267/518
f 479/476/519 1443/476/519 1442/472/519
f 71/64/520 1035/64/520 1034/63/520
f 605/683/521 1569/683/521 1568/680/521
f 371/268/522 1335/268/522 1400/269/522
f 792/831/523 1756/831/523 1755/839/523
f 72/65/524 1036/65/524 1035/64/524
f 436/269/525 1400/269/525 1399/270/525
f 812/840/526 1776/840/526 1775/834/526
f 466/475/527 1430/475/527 1429/477/527
f 592/682/528 1556/682/528 1555/684/528
f 73/66/529 1037/66/529 1036/65/529
f 435/270/530 1399/270/530 1398/271/530
f 813/841/531 1777/841/531 1776/840/531
f 522/474/532 1486/474/532 1485/478/532
f 591/684/533 1555/684/533 1554/685/533
f 814/835/534 1778/835/534 1777/841/534
f 544/479/535 1508/479/535 1507/473/535
f 74/67/536 1038/67/536 1037/66/536
f 606/686/537 1570/686/537 1569/683/537
f 434/271/538 1398/271/538 1397/272/538
f 372/273/539 1336/273/539 1335/268/539
f 955/836/540 1919/836/540 1918/842/540
f 480/480/541 1444/480/541 1443/476/541
f 840/843/542 1804/843/542 1803/838/542
f 226/61/543 1190/61/543 1189/68/543
f 590/685/544 1554/685/544 1553/687/544
f 433/272/545 1397/272/545 1396/274/545
f 465/477/546 1429/477/546 1428/481/546
f 225/68/547 1189/68/547 1188/69/547
f 614/679/548 1578/679/548 1577/688/548
f 373/275/549 1337/275/549 1336/273/549
f 954/842/550 1918/842/550 1917/844/550
f 481/482/551 1445/482/551 1444/480/551
f 75/70/552 1039/70/552 1038/67/552
f 588/689/553 1552/689/553 1551/677/553
f 783/845/554 1747/845/554 1746/837/554
f 589/687/555 1553/687/555 1552/689/555
f 374/276/556 1338/276/556 1337/275/556
f 607/690/557 1571/690/557 1570/686/557
f 521/478/558 1485/478/558 1484/483/558
f 224/69/559 1188/69/559 1187/71/559
f 791/839/560 1755/839/560 1754/846/560
f 545/484/561 1509/484/561 1508/479/561
f 432/274/562 1396/274/562 1395/277/562
f 223/71/563 1187/71/563 1186/72/563
f 581/661/564 1545/661/564 1544/691/564
f 375/278/565 1339/278/565 1338/276/565
f 953/844/566 1917/844/566 1916/847/566
f 841/848/567 1805/848/567 1804/843/567
f 464/481/568 1428/481/568 1427/485/568
f 222/72/569 1186/72/569 1185/73/569
f 580/691/570 1544/691/570 1543/692/570
f 482/486/571 1446/486/571 1445/482/571
f 431/277/572 1395/277/572 1394/279/572
f 221/73/573 1185/73/573 1184/74/573
f 579/692/564 1543/692/564 1542/693/564
f 376/280/574 1340/280/574 1339/278/574
f 952/847/575 1916/847/575 1915/849/575
f 76/75/576 1040/75/576 1039/70/576
f 577/694/577 1541/694/577 1540/653/577
f 520/483/578 1484/483/578 1483/487/578
f 578/693/579 1542/693/579 1541/694/579
f 790/846/580 1754/846/580 1753/850/580
f 62/76/955 1026/76/955 1025/53/955
f 608/695/582 1572/695/582 1571/690/582
f 430/279/583 1394/279/583 1393/281/583
f 784/851/956 1748/851/956 1747/845/956
f 463/485/585 1427/485/585 1426/488/585
f 63/55/586 1027/55/586 1026/76/586
f 377/282/587 1341/282/587 1340/280/587
f 546/489/588 1510/489/588 1509/484/588
f 609/696/589 1573/696/589 1572/695/589
f 842/852/590 1806/852/590 1805/848/590
f 220/74/591 1184/74/591 1183/77/591
f 483/490/592 1447/490/592 1446/486/592
f 610/697/593 1574/697/593 1573/696/593
f 429/281/594 1393/281/594 1392/283/594
f 219/77/595 1183/77/595 1182/78/595
f 378/284/596 1342/284/596 1341/282/596
f 951/849/597 1915/849/597 1914/853/597
f 77/79/598 1041/79/598 1040/75/598
f 611/698/599 1575/698/599 1574/697/599
f 519/487/600 1483/487/600 1482/491/600
f 379/285/601 1343/285/601 1342/284/601
f 789/850/602 1753/850/602 1752/854/602
f 612/699/603 1576/699/603 1575/698/603
f 785/855/604 1749/855/604 1748/851/604
f 462/488/605 1426/488/605 1425/492/605
f 218/78/606 1182/78/606 1181/80/606
f 613/688/607 1577/688/607 1576/699/607
f 547/493/608 1511/493/608 1510/489/608
f 78/81/609 1042/81/609 1041/79/609
f 701/700/610 1665/700/610 1664/701/610
f 428/283/611 1392/283/611 1391/286/611
f 843/856/612 1807/856/612 1806/852/612
f 380/287/613 1344/287/613 1343/285/613
f 484/494/614 1448/494/614 1447/490/614
f 700/701/615 1664/701/615 1737/702/615
f 217/80/616 1181/80/616 1180/82/616
f 739/703/617 1703/703/617 1702/704/617
f 950/853/957 1914/853/957 1913/857/957
f 427/286/958 1391/286/958 1390/288/958
f 786/858/620 1750/858/620 1749/855/620
f 518/491/621 1482/491/621 1481/495/621
f 216/82/622 1180/82/622 1179/83/622
f 738/704/623 1702/704/623 1701/705/623
f 381/289/624 1345/289/624 1344/287/624
f 79/84/625 1043/84/625 1042/81/625
f 787/859/626 1751/859/626 1750/858/626
f 461/492/627 1425/492/627 1424/496/627
f 773/702/628 1737/702/628 1736/706/628
f 788/854/534 1752/854/534 1751/859/534
f 548/497/629 1512/497/629 1511/493/629
f 740/707/630 1704/707/630 1703/703/630
f 426/288/631 1390/288/631 1389/290/631
f 215/83/632 1179/83/632 1178/85/632
f 382/291/633 1346/291/633 1345/289/633
f 949/857/634 1913/857/634 1912/860/634
f 485/498/635 1449/498/635 1448/494/635
f 80/86/636 1044/86/636 1043/84/636
f 844/861/637 1808/861/637 1807/856/637
f 772/706/638 1736/706/638 1735/708/638
f 81/87/639 1045/87/639 1044/86/639
f 741/709/959 1705/709/959 1704/707/959
f 425/290/641 1389/290/641 1388/292/641
f 517/495/642 1481/495/642 1480/499/642
f 383/293/960 1347/293/960 1346/291/960
f 948/860/644 1912/860/644 1911/862/644
f 845/863/645 1809/863/645 1808/861/645
f 460/496/646 1424/496/646 1423/500/646
f 214/85/647 1178/85/647 1177/88/647
f 771/708/648 1735/708/648 1734/710/648
f 385/294/610 1349/294/610 1348/295/610
f 549/501/649 1513/501/649 1512/497/649
f 82/89/650 1046/89/650 1045/87/650
f 742/711/651 1706/711/651 1705/709/651
f 947/862/961 1911/862/961 1910/864/961
f 486/502/653 1450/502/653 1449/498/653
f 213/88/654 1177/88/654 1176/90/654
f 770/710/655 1734/710/655 1733/712/655
f 384/295/2 1348/295/2 1347/293/2
f 946/864/656 1910/864/656 1909/865/656
f 83/91/657 1047/91/657 1046/89/657
f 743/713/658 1707/713/658 1706/711/658
f 846/866/659 1810/866/659 1809/863/659
f 516/499/660 1480/499/660 1479/503/660
f 550/504/661 1514/504/661 1513/501/661
f 424/292/2 1388/292/2 1387/297/2
f 212/90/662 1176/90/662 1175/92/662
f 769/712/663 1733/712/663 1732/714/663
f 438/298/3 1402/298/3 1401/296/3
f 945/865/664 1909/865/664 1908/867/664
f 84/93/665 1048/93/665 1047/91/665
f 744/715/666 1708/715/666 1707/713/666
f 847/868/667 1811/868/667 1810/866/667
f 459/500/668 1423/500/668 1422/505/668
f 487/506/669 1451/506/669 1450/502/669
f 423/297/623 1387/297/623 1386/299/623
f 211/92/670 1175/92/670 1174/94/670
f 768/714/671 1732/714/671 1731/716/671
f 944/867/672 1908/867/672 1907/869/672
f 85/95/673 1049/95/673 1048/93/673
f 745/717/674 1709/717/674 1708/715/674
f 437/296/623 1401/296/623 1404/300/623
f 848/870/675 1812/870/675 1811/868/675
f 515/503/676 1479/503/676 1478/507/676
f 439/301/610 1403/301/610 1402/298/610
f 551/508/677 1515/508/677 1514/504/677
f 210/94/678 1174/94/678 1173/96/678
f 767/716/679 1731/716/679 1730/718/679
f 943/869/680 1907/869/680 1906/871/680
f 86/97/681 1050/97/681 1049/95/681
f 746/719/682 1710/719/682 1709/717/682
f 440/300/2 1404/300/2 1403/301/2
f 458/505/683 1422/505/683 1421/509/683
f 942/871/684 1906/871/684 1905/872/684
f 488/510/685 1452/510/685 1451/506/685
f 87/98/686 1051/98/686 1050/97/686
f 386/302/687 1350/302/687 1349/294/687
f 849/873/688 1813/873/688 1812/870/688
f 766/718/689 1730/718/689 1729/720/689
f 747/721/690 1711/721/690 1710/719/690
f 929/874/691 1893/874/691 1892/875/691
f 514/507/692 1478/507/692 1477/511/692
f 209/96/693 1173/96/693 1172/99/693
f 422/299/3 1386/299/3 1385/303/3
f 552/512/694 1516/512/694 1515/508/694
f 88/100/695 1052/100/695 1051/98/695
f 928/875/623 1892/875/623 1891/876/623
f 765/720/696 1729/720/696 1728/722/696
f 421/303/697 1385/303/697 1384/304/697
f 930/877/698 1894/877/698 1893/874/698
f 553/513/699 1517/513/699 1516/512/699
f 196/101/700 1160/101/700 1159/102/700
f 748/723/701 1712/723/701 1711/721/701
f 387/305/702 1351/305/702 1350/302/702
f 931/878/703 1895/878/703 1894/877/703
f 195/102/704 1159/102/704 1158/103/704
f 269/306/705 1233/306/705 1232/307/705
f 457/509/706 1421/509/706 1420/514/706
f 197/104/707 1161/104/707 1160/101/707
f 764/722/708 1728/722/708 1727/724/708
f 932/879/962 1896/879/962 1895/878/962
f 554/515/710 1518/515/710 1517/513/710
f 749/725/711 1713/725/711 1712/723/711
f 268/307/2 1232/307/2 1334/308/2
f 198/105/712 1162/105/712 1161/104/712
f 933/880/713 1897/880/713 1896/879/713
f 489/516/714 1453/516/714 1452/510/714
f 370/308/715 1334/308/715 1333/309/715
f 199/106/716 1163/106/716 1162/105/716
f 763/724/717 1727/724/717 1726/726/717
f 270/310/718 1234/310/718 1233/306/718
f 934/881/719 1898/881/719 1897/880/719
f 750/727/720 1714/727/720 1713/725/720
f 513/511/721 1477/511/721 1476/517/721
f 200/107/722 1164/107/722 1163/106/722
f 935/882/723 1899/882/723 1898/881/723
f 555/518/724 1519/518/724 1518/515/724
f 369/309/725 1333/309/725 1332/311/725
f 762/726/2 1726/726/2 1725/728/2
f 936/883/381 1900/883/381 1899/882/381
f 556/519/727 1520/519/727 1519/518/727
f 194/103/728 1158/103/728 1157/108/728
f 420/304/729 1384/304/729 1383/312/729
f 201/109/730 1165/109/730 1164/107/730
f 761/728/2 1725/728/2 1724/729/2
f 388/313/731 1352/313/731 1351/305/731
f 937/884/701 1901/884/701 1900/883/701
f 456/514/732 1420/514/732 1419/520/732
f 760/729/2 1724/729/2 1723/730/2
f 271/314/733 1235/314/733 1234/310/733
f 938/885/734 1902/885/734 1901/884/734
f 557/521/735 1521/521/735 1520/519/735
f 208/99/647 1172/99/647 1171/110/647
f 202/111/736 1166/111/736 1165/109/736
f 759/730/2 1723/730/2 1722/731/2
f 939/886/963 1903/886/963 1902/885/963
f 490/522/738 1454/522/738 1453/516/738
f 368/311/739 1332/311/739 1331/315/739
f 203/112/740 1167/112/740 1166/111/740
f 758/731/2 1722/731/2 1721/732/2
f 272/316/741 1236/316/741 1235/314/741
f 940/887/742 1904/887/742 1903/886/742
f 512/517/743 1476/517/743 1475/523/743
f 89/113/744 1053/113/744 1052/100/744
f 757/732/2 1721/732/2 1720/733/2
f 558/524/745 1522/524/745 1521/521/745
f 367/315/746 1331/315/746 1330/317/746
f 941/872/2 1905/872/2 1904/887/2
f 756/733/2 1720/733/2 1719/734/2
f 273/318/747 1237/318/747 1236/316/747
f 559/525/964 1523/525/964 1522/524/964
f 193/108/749 1157/108/749 1156/114/749
f 850/888/750 1814/888/750 1813/873/750
f 204/115/965 1168/115/965 1167/112/965
f 755/734/2 1719/734/2 1718/735/2
f 560/526/752 1524/526/752 1523/525/752
f 366/317/753 1330/317/753 1329/319/753
f 851/889/754 1815/889/754 1814/888/754
f 205/116/755 1169/116/755 1168/115/755
f 754/735/2 1718/735/2 1717/736/2
f 274/320/756 1238/320/756 1237/318/756
f 852/890/757 1816/890/757 1815/889/757
f 455/520/758 1419/520/758 1418/527/758
f 206/117/759 1170/117/759 1169/116/759
f 753/736/2 1717/736/2 1716/737/2
f 561/528/760 1525/528/760 1524/526/760
f 365/319/761 1329/319/761 1328/321/761
f 207/110/762 1171/110/762 1170/117/762
f 752/737/2 1716/737/2 1715/738/2
f 926/892/763 1890/892/763 1889/891/763
f 491/529/764 1455/529/764 1454/522/764
f 419/312/765 1383/312/765 1382/322/765
f 751/738/2 1715/738/2 1714/727/2
f 389/323/766 1353/323/766 1352/313/766
f 927/876/767 1891/876/767 1890/892/767
f 192/114/768 1156/114/768 1155/118/768
f 702/739/769 1666/739/769 1665/700/769
f 853/893/770 1817/893/770 1816/890/770
f 511/523/771 1475/523/771 1474/530/771
f 275/324/772 1239/324/772 1238/320/772
f 562/531/773 1526/531/773 1525/528/773
f 90/119/774 1054/119/774 1053/113/774
f 703/740/966 1667/740/966 1666/739/966
f 921/895/776 1885/895/776 1884/894/776
f 441/532/777 1405/532/777 1526/531/777
f 704/741/778 1668/741/778 1667/740/778
f 364/321/779 1328/321/779 1327/325/779
f 191/118/780 1155/118/780 1154/120/780
f 276/326/781 1240/326/781 1239/324/781
f 922/896/782 1886/896/782 1885/895/782
f 91/121/657 1055/121/657 1054/119/657
f 705/742/967 1669/742/967 1668/741/967
f 454/527/784 1418/527/784 1417/533/784
f 923/897/785 1887/897/785 1886/896/785
f 442/534/786 1406/534/786 1405/532/786
f 706/743/968 1670/743/968 1669/742/968
f 363/325/969 1327/325/969 1326/327/969
f 443/535/970 1407/535/970 1406/534/970
f 277/328/790 1241/328/790 1240/326/790
f 924/898/791 1888/898/791 1887/897/791
f 707/744/792 1671/744/792 1670/743/792
f 444/536/793 1408/536/793 1407/535/793
f 190/120/794 1154/120/794 1153/123/794
f 925/891/795 1889/891/795 1888/898/795
f 708/745/796 1672/745/796 1671/744/796
f 362/327/797 1326/327/797 1325/329/797
f 854/899/971 1818/899/971 1817/893/971
f 445/537/799 1409/537/799 1408/536/799
f 111/122/800 1075/122/800 1074/124/800
f 278/330/801 1242/330/801 1241/328/801
f 112/125/802 1076/125/802 1075/122/802
f 709/746/803 1673/746/803 1672/745/803
f 446/538/804 1410/538/804 1409/537/804
f 877/901/3 1841/901/3 1840/900/3
f 92/126/805 1056/126/805 1055/121/805
f 710/747/806 1674/747/806 1673/746/806
f 361/329/807 1325/329/807 1324/331/807
f 447/539/808 1411/539/808 1410/538/808
f 711/748/809 1675/748/809 1674/747/809
f 418/322/810 1382/322/810 1381/332/810
f 448/540/811 1412/540/811 1411/539/811
f 110/124/812 1074/124/812 1073/127/812
f 390/333/813 1354/333/813 1353/323/813
f 915/903/3 1879/903/3 1878/902/3
f 113/128/814 1077/128/814 1076/125/814
f 712/749/815 1676/749/815 1675/748/815
f 449/541/816 1413/541/816 1412/540/816
f 279/334/817 1243/334/817 1242/330/817
f 916/904/818 1880/904/818 1879/903/818
f 713/750/819 1677/750/819 1676/749/819
f 450/542/820 1414/542/820 1413/541/820
f 189/123/821 1153/123/821 1152/129/821
f 917/905/822 1881/905/822 1880/904/822
f 714/751/3 1678/751/3 1677/750/3
f 360/331/823 1324/331/823 1323/335/823
f 451/543/824 1415/543/824 1414/542/824
f 109/127/825 1073/127/825 1072/130/825
f 280/336/826 1244/336/826 1243/334/826
f 918/906/827 1882/906/827 1881/905/827
f 114/131/828 1078/131/828 1077/128/828
f 715/752/3 1679/752/3 1678/751/3
f 452/544/829 1416/544/829 1415/543/829
f 919/907/830 1883/907/830 1882/906/830
f 115/132/831 1079/132/831 1078/131/831
f 716/753/3 1680/753/3 1679/752/3
f 359/335/832 1323/335/832 1322/337/832
f 453/533/833 1417/533/833 1416/544/833
f 282/338/610 1246/338/610 1245/339/610
f 920/894/834 1884/894/834 1883/907/834
f 492/545/835 1456/545/835 1455/529/835
f 108/130/836 1072/130/836 1071/133/836
f 281/339/2 1245/339/2 1244/336/2
f 876/900/837 1840/900/837 1839/908/837
f 93/134/665 1057/134/665 1056/126/665
f 878/909/838 1842/909/838 1841/901/838
f 510/530/839 1474/530/839 1473/546/839
f 493/547/840 1457/547/840 1456/545/840
f 116/135/841 1080/135/841 1079/132/841
f 358/337/2 1322/337/2 1321/340/2
f 914/902/842 1878/902/842 1877/910/842
f 726/757/843 1690/757/843 1689/756/843
f 357/340/623 1321/340/623 1320/341/623
f 855/911/844 1819/911/844 1818/899/844
f 509/546/845 1473/546/845 1472/548/845
f 107/133/846 1071/133/846 1070/136/846
f 494/549/847 1458/549/847 1457/547/847
f 727/758/848 1691/758/848 1690/757/848
f 417/332/849 1381/332/849 1380/342/849
f 188/129/850 1152/129/850 1151/137/850
f 391/343/851 1355/343/851 1354/333/851
f 875/908/852 1839/908/852 1838/912/852
f 117/138/853 1081/138/853 1080/135/853
f 728/759/972 1692/759/972 1691/758/972
f 856/913/855 1820/913/855 1819/911/855
f 508/548/856 1472/548/856 1471/550/856
f 495/551/857 1459/551/857 1458/549/857
f 729/760/858 1693/760/858 1692/759/858
f 416/342/859 1380/342/859 1379/344/859
f 106/136/860 1070/136/860 1069/139/860
f 392/345/861 1356/345/861 1355/343/861
f 874/912/862 1838/912/862 1837/914/862
f 94/140/863 1058/140/863 1057/134/863
f 730/761/864 1694/761/864 1693/760/864
f 857/915/865 1821/915/865 1820/913/865
f 507/550/866 1471/550/866 1470/552/866
f 283/346/3 1247/346/3 1246/338/3
f 496/553/867 1460/553/867 1459/551/867
f 118/141/868 1082/141/868 1081/138/868
f 731/762/869 1695/762/869 1694/761/869
f 284/347/870 1248/347/870 1247/346/870
f 873/914/871 1837/914/871 1836/916/871
f 732/763/872 1696/763/872 1695/762/872
f 879/917/873 1843/917/873 1842/909/873
f 506/552/874 1470/552/874 1469/554/874
f 105/139/875 1069/139/875 1068/142/875
f 497/555/876 1461/555/876 1460/553/876
f 356/341/3 1320/341/3 1319/348/3
f 858/918/877 1822/918/877 1821/915/877
f 187/137/878 1151/137/878 1150/143/878
f 717/764/3 1681/764/3 1680/753/3
f 95/144/879 1059/144/879 1058/140/879
f 355/348/880 1319/348/880 1318/349/880
f 505/554/881 1469/554/881 1468/556/881
f 718/765/3 1682/765/3 1681/764/3
f 285/350/882 1249/350/882 1248/347/882
f 913/910/883 1877/910/883 1876/919/883
f 498/557/884 1462/557/884 1461/555/884
f 119/145/885 1083/145/885 1082/141/885
f 719/754/3 1683/754/3 1682/765/3
f 720/766/3 1684/766/3 1683/754/3
f 872/916/886 1836/916/886 1835/920/886
f 721/755/3 1685/755/3 1684/766/3
f 859/921/887 1823/921/887 1822/918/887
f 504/556/888 1468/556/888 1467/558/888
f 104/142/889 1068/142/889 1067/146/889
f 722/767/3 1686/767/3 1685/755/3
f 499/559/890 1463/559/890 1462/557/890
f 354/349/891 1318/349/891 1317/352/891
f 186/143/892 1150/143/892 1149/147/892
f 723/768/3 1687/768/3 1686/767/3
f 871/920/893 1835/920/893 1834/922/893
f 120/148/894 1084/148/894 1083/145/894
f 415/344/895 1379/344/895 1378/353/895
f 860/923/896 1824/923/896 1823/921/896
f 503/558/897 1467/558/897 1466/560/897
f 724/769/3 1688/769/3 1687/768/3
f 393/354/898 1357/354/898 1356/345/898
f 500/561/899 1464/561/899 1463/559/899
f 96/149/900 1060/149/900 1059/144/900
f 725/756/3 1689/756/3 1688/769/3
f 880/924/901 1844/924/901 1843/917/901
f 733/770/902 1697/770/902 1696/763/902
f 501/562/903 1465/562/903 1464/561/903
f 319/351/904 1283/351/904 1282/355/904
f 502/560/905 1466/560/905 1465/562/905
f 103/146/906 1067/146/906 1066/150/906
f 734/771/907 1698/771/907 1697/770/907
f 320/356/908 1284/356/908 1283/351/908
f 870/922/909 1834/922/909 1833/925/909
f 676/563/910 1640/563/910 1639/564/910
f 121/151/911 1085/151/911 1084/148/911
f 861/926/912 1825/926/912 1824/923/912
f 735/772/913 1699/772/913 1698/771/913
f 286/357/914 1250/357/914 1249/350/914
f 675/564/915 1639/564/915 1638/565/915
f 97/152/916 1061/152/916 1060/149/916
f 677/566/917 1641/566/917 1640/563/917
f 736/773/918 1700/773/918 1699/772/918
f 912/919/919 1876/919/919 1875/927/919
f 737/705/973 1701/705/973 1700/773/973
f 353/352/921 1317/352/921 1316/358/921
f 678/567/922 1642/567/922 1641/566/922
f 185/147/923 1149/147/923 1148/153/923
f 801/774/48 1765/774/48 1764/775/48
f 287/359/924 1251/359/924 1250/357/924
f 869/925/925 1833/925/925 1832/928/925
f 862/929/926 1826/929/926 1825/926/926
f 679/568/927 1643/568/927 1642/567/927
f 102/150/928 1066/150/928 1065/154/928
f 800/775/929 1764/775/929 1789/776/929
f 98/155/930 1062/155/930 1061/152/930
f 318/355/931 1282/355/931 1281/360/931
f 863/930/932 1827/930/932 1826/929/932
f 825/776/933 1789/776/933 1788/777/933
f 321/361/934 1285/361/934 1284/356/934
f 674/565/935 1638/565/935 1637/569/935
f 122/156/936 1086/156/936 1085/151/936
f 680/570/937 1644/570/937 1643/568/937
f 824/777/938 1788/777/938 1787/778/938
