# Blender 4.4.1
# www.blender.org
mtllib wall.mtl
o Wall
v -0.497000 -0.498000 0.491000
v -0.497000 -0.497000 0.492000
v -0.498000 -0.497000 0.491000
v -0.497000 -0.497707 0.491707
v -0.497577 -0.497577 0.491577
v -0.497707 -0.497000 0.491707
v -0.497707 -0.497707 0.491000
v -0.497000 0.497000 0.492000
v -0.497000 0.498000 0.491000
v -0.498000 0.497000 0.491000
v -0.497000 0.497707 0.491707
v -0.497577 0.497577 0.491577
v -0.497707 0.497707 0.491000
v -0.497707 0.497000 0.491707
v -0.497000 -0.498000 -0.491000
v -0.498000 -0.497000 -0.491000
v -0.497000 -0.497000 -0.492000
v -0.497707 -0.497707 -0.491000
v -0.497577 -0.497577 -0.491577
v -0.497707 -0.497000 -0.491707
v -0.497000 -0.497707 -0.491707
v -0.497000 0.498000 -0.491000
v -0.497000 0.497000 -0.492000
v -0.498000 0.497000 -0.491000
v -0.497000 0.497707 -0.491707
v -0.497577 0.497577 -0.491577
v -0.497707 0.497000 -0.491707
v -0.497707 0.497707 -0.491000
v 0.497000 -0.498000 0.491000
v 0.498000 -0.497000 0.491000
v 0.497000 -0.497000 0.492000
v 0.497707 -0.497707 0.491000
v 0.497577 -0.497577 0.491577
v 0.497707 -0.497000 0.491707
v 0.497000 -0.497707 0.491707
v 0.497000 0.498000 0.491000
v 0.497000 0.497000 0.492000
v 0.498000 0.497000 0.491000
v 0.497000 0.497707 0.491707
v 0.497577 0.497577 0.491577
v 0.497707 0.497000 0.491707
v 0.497707 0.497707 0.491000
v 0.497000 -0.498000 -0.491000
v 0.497000 -0.497000 -0.492000
v 0.498000 -0.497000 -0.491000
v 0.497000 -0.497707 -0.491707
v 0.497577 -0.497577 -0.491577
v 0.497707 -0.497000 -0.491707
v 0.497707 -0.497707 -0.491000
v 0.497000 0.498000 -0.491000
v 0.498000 0.497000 -0.491000
v 0.497000 0.497000 -0.492000
v 0.497707 0.497707 -0.491000
v 0.497577 0.497577 -0.491577
v 0.497707 0.497000 -0.491707
v 0.497000 0.497707 -0.491707
v -0.489500 -0.485500 0.499000
v -0.489500 -0.484500 0.500000
v -0.490500 -0.484500 0.499000
v -0.489500 -0.485207 0.499707
v -0.490077 -0.485077 0.499577
v -0.490207 -0.484500 0.499707
v -0.490207 -0.485207 0.499000
v -0.489500 -0.005500 0.500000
v -0.489500 -0.004500 0.499000
v -0.490500 -0.005500 0.499000
v -0.489500 -0.004793 0.499707
v -0.490077 -0.004923 0.499577
v -0.490207 -0.004793 0.499000
v -0.490207 -0.005500 0.499707
v -0.489500 -0.485500 0.493000
v -0.490500 -0.484500 0.493000
v -0.489500 -0.484500 0.492000
v -0.490207 -0.485207 0.493000
v -0.490077 -0.485077 0.492423
v -0.490207 -0.484500 0.492293
v -0.489500 -0.485207 0.492293
v -0.489500 -0.004500 0.493000
v -0.489500 -0.005500 0.492000
v -0.490500 -0.005500 0.493000
v -0.489500 -0.004793 0.492293
v -0.490077 -0.004923 0.492423
v -0.490207 -0.005500 0.492293
v -0.490207 -0.004793 0.493000
v -0.170500 -0.485500 0.499000
v -0.169500 -0.484500 0.499000
v -0.170500 -0.484500 0.500000
v -0.169793 -0.485207 0.499000
v -0.169923 -0.485077 0.499577
v -0.169793 -0.484500 0.499707
v -0.170500 -0.485207 0.499707
v -0.170500 -0.004500 0.499000
v -0.170500 -0.005500 0.500000
v -0.169500 -0.005500 0.499000
v -0.170500 -0.004793 0.499707
v -0.169923 -0.004923 0.499577
v -0.169793 -0.005500 0.499707
v -0.169793 -0.004793 0.499000
v -0.170500 -0.485500 0.493000
v -0.170500 -0.484500 0.492000
v -0.169500 -0.484500 0.493000
v -0.170500 -0.485207 0.492293
v -0.169923 -0.485077 0.492423
v -0.169793 -0.484500 0.492293
v -0.169793 -0.485207 0.493000
v -0.170500 -0.004500 0.493000
v -0.169500 -0.005500 0.493000
v -0.170500 -0.005500 0.492000
v -0.169793 -0.004793 0.493000
v -0.169923 -0.004923 0.492423
v -0.169793 -0.005500 0.492293
v -0.170500 -0.004793 0.492293
v -0.159500 -0.485500 0.499000
v -0.159500 -0.484500 0.500000
v -0.160500 -0.484500 0.499000
v -0.159500 -0.485207 0.499707
v -0.160077 -0.485077 0.499577
v -0.160207 -0.484500 0.499707
v -0.160207 -0.485207 0.499000
v -0.159500 -0.005500 0.500000
v -0.159500 -0.004500 0.499000
v -0.160500 -0.005500 0.499000
v -0.159500 -0.004793 0.499707
v -0.160077 -0.004923 0.499577
v -0.160207 -0.004793 0.499000
v -0.160207 -0.005500 0.499707
v -0.159500 -0.485500 0.493000
v -0.160500 -0.484500 0.493000
v -0.159500 -0.484500 0.492000
v -0.160207 -0.485207 0.493000
v -0.160077 -0.485077 0.492423
v -0.160207 -0.484500 0.492293
v -0.159500 -0.485207 0.492293
v -0.159500 -0.004500 0.493000
v -0.159500 -0.005500 0.492000
v -0.160500 -0.005500 0.493000
v -0.159500 -0.004793 0.492293
v -0.160077 -0.004923 0.492423
v -0.160207 -0.005500 0.492293
v -0.160207 -0.004793 0.493000
v 0.159500 -0.485500 0.499000
v 0.160500 -0.484500 0.499000
v 0.159500 -0.484500 0.500000
v 0.160207 -0.485207 0.499000
v 0.160077 -0.485077 0.499577
v 0.160207 -0.484500 0.499707
v 0.159500 -0.485207 0.499707
v 0.159500 -0.004500 0.499000
v 0.159500 -0.005500 0.500000
v 0.160500 -0.005500 0.499000
v 0.159500 -0.004793 0.499707
v 0.160077 -0.004923 0.499577
v 0.160207 -0.005500 0.499707
v 0.160207 -0.004793 0.499000
v 0.159500 -0.485500 0.493000
v 0.159500 -0.484500 0.492000
v 0.160500 -0.484500 0.493000
v 0.159500 -0.485207 0.492293
v 0.160077 -0.485077 0.492423
v 0.160207 -0.484500 0.492293
v 0.160207 -0.485207 0.493000
v 0.159500 -0.004500 0.493000
v 0.160500 -0.005500 0.493000
v 0.159500 -0.005500 0.492000
v 0.160207 -0.004793 0.493000
v 0.160077 -0.004923 0.492423
v 0.160207 -0.005500 0.492293
v 0.159500 -0.004793 0.492293
v 0.170500 -0.485500 0.499000
v 0.170500 -0.484500 0.500000
v 0.169500 -0.484500 0.499000
v 0.170500 -0.485207 0.499707
v 0.169923 -0.485077 0.499577
v 0.169793 -0.484500 0.499707
v 0.169793 -0.485207 0.499000
v 0.170500 -0.005500 0.500000
v 0.170500 -0.004500 0.499000
v 0.169500 -0.005500 0.499000
v 0.170500 -0.004793 0.499707
v 0.169923 -0.004923 0.499577
v 0.169793 -0.004793 0.499000
v 0.169793 -0.005500 0.499707
v 0.170500 -0.485500 0.493000
v 0.169500 -0.484500 0.493000
v 0.170500 -0.484500 0.492000
v 0.169793 -0.485207 0.493000
v 0.169923 -0.485077 0.492423
v 0.169793 -0.484500 0.492293
v 0.170500 -0.485207 0.492293
v 0.170500 -0.004500 0.493000
v 0.170500 -0.005500 0.492000
v 0.169500 -0.005500 0.493000
v 0.170500 -0.004793 0.492293
v 0.169923 -0.004923 0.492423
v 0.169793 -0.005500 0.492293
v 0.169793 -0.004793 0.493000
v 0.489500 -0.485500 0.499000
v 0.490500 -0.484500 0.499000
v 0.489500 -0.484500 0.500000
v 0.490207 -0.485207 0.499000
v 0.490077 -0.485077 0.499577
v 0.490207 -0.484500 0.499707
v 0.489500 -0.485207 0.499707
v 0.489500 -0.004500 0.499000
v 0.489500 -0.005500 0.500000
v 0.490500 -0.005500 0.499000
v 0.489500 -0.004793 0.499707
v 0.490077 -0.004923 0.499577
v 0.490207 -0.005500 0.499707
v 0.490207 -0.004793 0.499000
v 0.489500 -0.485500 0.493000
v 0.489500 -0.484500 0.492000
v 0.490500 -0.484500 0.493000
v 0.489500 -0.485207 0.492293
v 0.490077 -0.485077 0.492423
v 0.490207 -0.484500 0.492293
v 0.490207 -0.485207 0.493000
v 0.489500 -0.004500 0.493000
v 0.490500 -0.005500 0.493000
v 0.489500 -0.005500 0.492000
v 0.490207 -0.004793 0.493000
v 0.490077 -0.004923 0.492423
v 0.490207 -0.005500 0.492293
v 0.489500 -0.004793 0.492293
v -0.489500 0.004500 0.499000
v -0.489500 0.005500 0.500000
v -0.490500 0.005500 0.499000
v -0.489500 0.004793 0.499707
v -0.490077 0.004923 0.499577
v -0.490207 0.005500 0.499707
v -0.490207 0.004793 0.499000
v -0.489500 0.484500 0.500000
v -0.489500 0.485500 0.499000
v -0.490500 0.484500 0.499000
v -0.489500 0.485207 0.499707
v -0.490077 0.485077 0.499577
v -0.490207 0.485207 0.499000
v -0.490207 0.484500 0.499707
v -0.489500 0.004500 0.493000
v -0.490500 0.005500 0.493000
v -0.489500 0.005500 0.492000
v -0.490207 0.004793 0.493000
v -0.490077 0.004923 0.492423
v -0.490207 0.005500 0.492293
v -0.489500 0.004793 0.492293
v -0.489500 0.485500 0.493000
v -0.489500 0.484500 0.492000
v -0.490500 0.484500 0.493000
v -0.489500 0.485207 0.492293
v -0.490077 0.485077 0.492423
v -0.490207 0.484500 0.492293
v -0.490207 0.485207 0.493000
v -0.170500 0.004500 0.499000
v -0.169500 0.005500 0.499000
v -0.170500 0.005500 0.500000
v -0.169793 0.004793 0.499000
v -0.169923 0.004923 0.499577
v -0.169793 0.005500 0.499707
v -0.170500 0.004793 0.499707
v -0.170500 0.485500 0.499000
v -0.170500 0.484500 0.500000
v -0.169500 0.484500 0.499000
v -0.170500 0.485207 0.499707
v -0.169923 0.485077 0.499577
v -0.169793 0.484500 0.499707
v -0.169793 0.485207 0.499000
v -0.170500 0.004500 0.493000
v -0.170500 0.005500 0.492000
v -0.169500 0.005500 0.493000
v -0.170500 0.004793 0.492293
v -0.169923 0.004923 0.492423
v -0.169793 0.005500 0.492293
v -0.169793 0.004793 0.493000
v -0.170500 0.485500 0.493000
v -0.169500 0.484500 0.493000
v -0.170500 0.484500 0.492000
v -0.169793 0.485207 0.493000
v -0.169923 0.485077 0.492423
v -0.169793 0.484500 0.492293
v -0.170500 0.485207 0.492293
v -0.159500 0.004500 0.499000
v -0.159500 0.005500 0.500000
v -0.160500 0.005500 0.499000
v -0.159500 0.004793 0.499707
v -0.160077 0.004923 0.499577
v -0.160207 0.005500 0.499707
v -0.160207 0.004793 0.499000
v -0.159500 0.484500 0.500000
v -0.159500 0.485500 0.499000
v -0.160500 0.484500 0.499000
v -0.159500 0.485207 0.499707
v -0.160077 0.485077 0.499577
v -0.160207 0.485207 0.499000
v -0.160207 0.484500 0.499707
v -0.159500 0.004500 0.493000
v -0.160500 0.005500 0.493000
v -0.159500 0.005500 0.492000
v -0.160207 0.004793 0.493000
v -0.160077 0.004923 0.492423
v -0.160207 0.005500 0.492293
v -0.159500 0.004793 0.492293
v -0.159500 0.485500 0.493000
v -0.159500 0.484500 0.492000
v -0.160500 0.484500 0.493000
v -0.159500 0.485207 0.492293
v -0.160077 0.485077 0.492423
v -0.160207 0.484500 0.492293
v -0.160207 0.485207 0.493000
v 0.159500 0.004500 0.499000
v 0.160500 0.005500 0.499000
v 0.159500 0.005500 0.500000
v 0.160207 0.004793 0.499000
v 0.160077 0.004923 0.499577
v 0.160207 0.005500 0.499707
v 0.159500 0.004793 0.499707
v 0.159500 0.485500 0.499000
v 0.159500 0.484500 0.500000
v 0.160500 0.484500 0.499000
v 0.159500 0.485207 0.499707
v 0.160077 0.485077 0.499577
v 0.160207 0.484500 0.499707
v 0.160207 0.485207 0.499000
v 0.159500 0.004500 0.493000
v 0.159500 0.005500 0.492000
v 0.160500 0.005500 0.493000
v 0.159500 0.004793 0.492293
v 0.160077 0.004923 0.492423
v 0.160207 0.005500 0.492293
v 0.160207 0.004793 0.493000
v 0.159500 0.485500 0.493000
v 0.160500 0.484500 0.493000
v 0.159500 0.484500 0.492000
v 0.160207 0.485207 0.493000
v 0.160077 0.485077 0.492423
v 0.160207 0.484500 0.492293
v 0.159500 0.485207 0.492293
v 0.170500 0.004500 0.499000
v 0.170500 0.005500 0.500000
v 0.169500 0.005500 0.499000
v 0.170500 0.004793 0.499707
v 0.169923 0.004923 0.499577
v 0.169793 0.005500 0.499707
v 0.169793 0.004793 0.499000
v 0.170500 0.484500 0.500000
v 0.170500 0.485500 0.499000
v 0.169500 0.484500 0.499000
v 0.170500 0.485207 0.499707
v 0.169923 0.485077 0.499577
v 0.169793 0.485207 0.499000
v 0.169793 0.484500 0.499707
v 0.170500 0.004500 0.493000
v 0.169500 0.005500 0.493000
v 0.170500 0.005500 0.492000
v 0.169793 0.004793 0.493000
v 0.169923 0.004923 0.492423
v 0.169793 0.005500 0.492293
v 0.170500 0.004793 0.492293
v 0.170500 0.485500 0.493000
v 0.170500 0.484500 0.492000
v 0.169500 0.484500 0.493000
v 0.170500 0.485207 0.492293
v 0.169923 0.485077 0.492423
v 0.169793 0.484500 0.492293
v 0.169793 0.485207 0.493000
v 0.489500 0.004500 0.499000
v 0.490500 0.005500 0.499000
v 0.489500 0.005500 0.500000
v 0.490207 0.004793 0.499000
v 0.490077 0.004923 0.499577
v 0.490207 0.005500 0.499707
v 0.489500 0.004793 0.499707
v 0.489500 0.485500 0.499000
v 0.489500 0.484500 0.500000
v 0.490500 0.484500 0.499000
v 0.489500 0.485207 0.499707
v 0.490077 0.485077 0.499577
v 0.490207 0.484500 0.499707
v 0.490207 0.485207 0.499000
v 0.489500 0.004500 0.493000
v 0.489500 0.005500 0.492000
v 0.490500 0.005500 0.493000
v 0.489500 0.004793 0.492293
v 0.490077 0.004923 0.492423
v 0.490207 0.005500 0.492293
v 0.490207 0.004793 0.493000
v 0.489500 0.485500 0.493000
v 0.490500 0.484500 0.493000
v 0.489500 0.484500 0.492000
v 0.490207 0.485207 0.493000
v 0.490077 0.485077 0.492423
v 0.490207 0.484500 0.492293
v 0.489500 0.485207 0.492293
v -0.489500 -0.485500 -0.493000
v -0.489500 -0.484500 -0.492000
v -0.490500 -0.484500 -0.493000
v -0.489500 -0.485207 -0.492293
v -0.490077 -0.485077 -0.492423
v -0.490207 -0.484500 -0.492293
v -0.490207 -0.485207 -0.493000
v -0.489500 -0.005500 -0.492000
v -0.489500 -0.004500 -0.493000
v -0.490500 -0.005500 -0.493000
v -0.489500 -0.004793 -0.492293
v -0.490077 -0.004923 -0.492423
v -0.490207 -0.004793 -0.493000
v -0.490207 -0.005500 -0.492293
v -0.489500 -0.485500 -0.499000
v -0.490500 -0.484500 -0.499000
v -0.489500 -0.484500 -0.500000
v -0.490207 -0.485207 -0.499000
v -0.490077 -0.485077 -0.499577
v -0.490207 -0.484500 -0.499707
v -0.489500 -0.485207 -0.499707
v -0.489500 -0.004500 -0.499000
v -0.489500 -0.005500 -0.500000
v -0.490500 -0.005500 -0.499000
v -0.489500 -0.004793 -0.499707
v -0.490077 -0.004923 -0.499577
v -0.490207 -0.005500 -0.499707
v -0.490207 -0.004793 -0.499000
v -0.170500 -0.485500 -0.493000
v -0.169500 -0.484500 -0.493000
v -0.170500 -0.484500 -0.492000
v -0.169793 -0.485207 -0.493000
v -0.169923 -0.485077 -0.492423
v -0.169793 -0.484500 -0.492293
v -0.170500 -0.485207 -0.492293
v -0.170500 -0.004500 -0.493000
v -0.170500 -0.005500 -0.492000
v -0.169500 -0.005500 -0.493000
v -0.170500 -0.004793 -0.492293
v -0.169923 -0.004923 -0.492423
v -0.169793 -0.005500 -0.492293
v -0.169793 -0.004793 -0.493000
v -0.170500 -0.485500 -0.499000
v -0.170500 -0.484500 -0.500000
v -0.169500 -0.484500 -0.499000
v -0.170500 -0.485207 -0.499707
v -0.169923 -0.485077 -0.499577
v -0.169793 -0.484500 -0.499707
v -0.169793 -0.485207 -0.499000
v -0.170500 -0.004500 -0.499000
v -0.169500 -0.005500 -0.499000
v -0.170500 -0.005500 -0.500000
v -0.169793 -0.004793 -0.499000
v -0.169923 -0.004923 -0.499577
v -0.169793 -0.005500 -0.499707
v -0.170500 -0.004793 -0.499707
v -0.159500 -0.485500 -0.493000
v -0.159500 -0.484500 -0.492000
v -0.160500 -0.484500 -0.493000
v -0.159500 -0.485207 -0.492293
v -0.160077 -0.485077 -0.492423
v -0.160207 -0.484500 -0.492293
v -0.160207 -0.485207 -0.493000
v -0.159500 -0.005500 -0.492000
v -0.159500 -0.004500 -0.493000
v -0.160500 -0.005500 -0.493000
v -0.159500 -0.004793 -0.492293
v -0.160077 -0.004923 -0.492423
v -0.160207 -0.004793 -0.493000
v -0.160207 -0.005500 -0.492293
v -0.159500 -0.485500 -0.499000
v -0.160500 -0.484500 -0.499000
v -0.159500 -0.484500 -0.500000
v -0.160207 -0.485207 -0.499000
v -0.160077 -0.485077 -0.499577
v -0.160207 -0.484500 -0.499707
v -0.159500 -0.485207 -0.499707
v -0.159500 -0.004500 -0.499000
v -0.159500 -0.005500 -0.500000
v -0.160500 -0.005500 -0.499000
v -0.159500 -0.004793 -0.499707
v -0.160077 -0.004923 -0.499577
v -0.160207 -0.005500 -0.499707
v -0.160207 -0.004793 -0.499000
v 0.159500 -0.485500 -0.493000
v 0.160500 -0.484500 -0.493000
v 0.159500 -0.484500 -0.492000
v 0.160207 -0.485207 -0.493000
v 0.160077 -0.485077 -0.492423
v 0.160207 -0.484500 -0.492293
v 0.159500 -0.485207 -0.492293
v 0.159500 -0.004500 -0.493000
v 0.159500 -0.005500 -0.492000
v 0.160500 -0.005500 -0.493000
v 0.159500 -0.004793 -0.492293
v 0.160077 -0.004923 -0.492423
v 0.160207 -0.005500 -0.492293
v 0.160207 -0.004793 -0.493000
v 0.159500 -0.485500 -0.499000
v 0.159500 -0.484500 -0.500000
v 0.160500 -0.484500 -0.499000
v 0.159500 -0.485207 -0.499707
v 0.160077 -0.485077 -0.499577
v 0.160207 -0.484500 -0.499707
v 0.160207 -0.485207 -0.499000
v 0.159500 -0.004500 -0.499000
v 0.160500 -0.005500 -0.499000
v 0.159500 -0.005500 -0.500000
v 0.160207 -0.004793 -0.499000
v 0.160077 -0.004923 -0.499577
v 0.160207 -0.005500 -0.499707
v 0.159500 -0.004793 -0.499707
v 0.170500 -0.485500 -0.493000
v 0.170500 -0.484500 -0.492000
v 0.169500 -0.484500 -0.493000
v 0.170500 -0.485207 -0.492293
v 0.169923 -0.485077 -0.492423
v 0.169793 -0.484500 -0.492293
v 0.169793 -0.485207 -0.493000
v 0.170500 -0.005500 -0.492000
v 0.170500 -0.004500 -0.493000
v 0.169500 -0.005500 -0.493000
v 0.170500 -0.004793 -0.492293
v 0.169923 -0.004923 -0.492423
v 0.169793 -0.004793 -0.493000
v 0.169793 -0.005500 -0.492293
v 0.170500 -0.485500 -0.499000
v 0.169500 -0.484500 -0.499000
v 0.170500 -0.484500 -0.500000
v 0.169793 -0.485207 -0.499000
v 0.169923 -0.485077 -0.499577
v 0.169793 -0.484500 -0.499707
v 0.170500 -0.485207 -0.499707
v 0.170500 -0.004500 -0.499000
v 0.170500 -0.005500 -0.500000
v 0.169500 -0.005500 -0.499000
v 0.170500 -0.004793 -0.499707
v 0.169923 -0.004923 -0.499577
v 0.169793 -0.005500 -0.499707
v 0.169793 -0.004793 -0.499000
v 0.489500 -0.485500 -0.493000
v 0.490500 -0.484500 -0.493000
v 0.489500 -0.484500 -0.492000
v 0.490207 -0.485207 -0.493000
v 0.490077 -0.485077 -0.492423
v 0.490207 -0.484500 -0.492293
v 0.489500 -0.485207 -0.492293
v 0.489500 -0.004500 -0.493000
v 0.489500 -0.005500 -0.492000
v 0.490500 -0.005500 -0.493000
v 0.489500 -0.004793 -0.492293
v 0.490077 -0.004923 -0.492423
v 0.490207 -0.005500 -0.492293
v 0.490207 -0.004793 -0.493000
v 0.489500 -0.485500 -0.499000
v 0.489500 -0.484500 -0.500000
v 0.490500 -0.484500 -0.499000
v 0.489500 -0.485207 -0.499707
v 0.490077 -0.485077 -0.499577
v 0.490207 -0.484500 -0.499707
v 0.490207 -0.485207 -0.499000
v 0.489500 -0.004500 -0.499000
v 0.490500 -0.005500 -0.499000
v 0.489500 -0.005500 -0.500000
v 0.490207 -0.004793 -0.499000
v 0.490077 -0.004923 -0.499577
v 0.490207 -0.005500 -0.499707
v 0.489500 -0.004793 -0.499707
v -0.489500 0.004500 -0.493000
v -0.489500 0.005500 -0.492000
v -0.490500 0.005500 -0.493000
v -0.489500 0.004793 -0.492293
v -0.490077 0.004923 -0.492423
v -0.490207 0.005500 -0.492293
v -0.490207 0.004793 -0.493000
v -0.489500 0.484500 -0.492000
v -0.489500 0.485500 -0.493000
v -0.490500 0.484500 -0.493000
v -0.489500 0.485207 -0.492293
v -0.490077 0.485077 -0.492423
v -0.490207 0.485207 -0.493000
v -0.490207 0.484500 -0.492293
v -0.489500 0.004500 -0.499000
v -0.490500 0.005500 -0.499000
v -0.489500 0.005500 -0.500000
v -0.490207 0.004793 -0.499000
v -0.490077 0.004923 -0.499577
v -0.490207 0.005500 -0.499707
v -0.489500 0.004793 -0.499707
v -0.489500 0.485500 -0.499000
v -0.489500 0.484500 -0.500000
v -0.490500 0.484500 -0.499000
v -0.489500 0.485207 -0.499707
v -0.490077 0.485077 -0.499577
v -0.490207 0.484500 -0.499707
v -0.490207 0.485207 -0.499000
v -0.170500 0.004500 -0.493000
v -0.169500 0.005500 -0.493000
v -0.170500 0.005500 -0.492000
v -0.169793 0.004793 -0.493000
v -0.169923 0.004923 -0.492423
v -0.169793 0.005500 -0.492293
v -0.170500 0.004793 -0.492293
v -0.170500 0.485500 -0.493000
v -0.170500 0.484500 -0.492000
v -0.169500 0.484500 -0.493000
v -0.170500 0.485207 -0.492293
v -0.169923 0.485077 -0.492423
v -0.169793 0.484500 -0.492293
v -0.169793 0.485207 -0.493000
v -0.170500 0.004500 -0.499000
v -0.170500 0.005500 -0.500000
v -0.169500 0.005500 -0.499000
v -0.170500 0.004793 -0.499707
v -0.169923 0.004923 -0.499577
v -0.169793 0.005500 -0.499707
v -0.169793 0.004793 -0.499000
v -0.170500 0.485500 -0.499000
v -0.169500 0.484500 -0.499000
v -0.170500 0.484500 -0.500000
v -0.169793 0.485207 -0.499000
v -0.169923 0.485077 -0.499577
v -0.169793 0.484500 -0.499707
v -0.170500 0.485207 -0.499707
v -0.159500 0.004500 -0.493000
v -0.159500 0.005500 -0.492000
v -0.160500 0.005500 -0.493000
v -0.159500 0.004793 -0.492293
v -0.160077 0.004923 -0.492423
v -0.160207 0.005500 -0.492293
v -0.160207 0.004793 -0.493000
v -0.159500 0.484500 -0.492000
v -0.159500 0.485500 -0.493000
v -0.160500 0.484500 -0.493000
v -0.159500 0.485207 -0.492293
v -0.160077 0.485077 -0.492423
v -0.160207 0.485207 -0.493000
v -0.160207 0.484500 -0.492293
v -0.159500 0.004500 -0.499000
v -0.160500 0.005500 -0.499000
v -0.159500 0.005500 -0.500000
v -0.160207 0.004793 -0.499000
v -0.160077 0.004923 -0.499577
v -0.160207 0.005500 -0.499707
v -0.159500 0.004793 -0.499707
v -0.159500 0.485500 -0.499000
v -0.159500 0.484500 -0.500000
v -0.160500 0.484500 -0.499000
v -0.159500 0.485207 -0.499707
v -0.160077 0.485077 -0.499577
v -0.160207 0.484500 -0.499707
v -0.160207 0.485207 -0.499000
v 0.159500 0.004500 -0.493000
v 0.160500 0.005500 -0.493000
v 0.159500 0.005500 -0.492000
v 0.160207 0.004793 -0.493000
v 0.160077 0.004923 -0.492423
v 0.160207 0.005500 -0.492293
v 0.159500 0.004793 -0.492293
v 0.159500 0.485500 -0.493000
v 0.159500 0.484500 -0.492000
v 0.160500 0.484500 -0.493000
v 0.159500 0.485207 -0.492293
v 0.160077 0.485077 -0.492423
v 0.160207 0.484500 -0.492293
v 0.160207 0.485207 -0.493000
v 0.159500 0.004500 -0.499000
v 0.159500 0.005500 -0.500000
v 0.160500 0.005500 -0.499000
v 0.159500 0.004793 -0.499707
v 0.160077 0.004923 -0.499577
v 0.160207 0.005500 -0.499707
v 0.160207 0.004793 -0.499000
v 0.159500 0.485500 -0.499000
v 0.160500 0.484500 -0.499000
v 0.159500 0.484500 -0.500000
v 0.160207 0.485207 -0.499000
v 0.160077 0.485077 -0.499577
v 0.160207 0.484500 -0.499707
v 0.159500 0.485207 -0.499707
v 0.170500 0.004500 -0.493000
v 0.170500 0.005500 -0.492000
v 0.169500 0.005500 -0.493000
v 0.170500 0.004793 -0.492293
v 0.169923 0.004923 -0.492423
v 0.169793 0.005500 -0.492293
v 0.169793 0.004793 -0.493000
v 0.170500 0.484500 -0.492000
v 0.170500 0.485500 -0.493000
v 0.169500 0.484500 -0.493000
v 0.170500 0.485207 -0.492293
v 0.169923 0.485077 -0.492423
v 0.169793 0.485207 -0.493000
v 0.169793 0.484500 -0.492293
v 0.170500 0.004500 -0.499000
v 0.169500 0.005500 -0.499000
v 0.170500 0.005500 -0.500000
v 0.169793 0.004793 -0.499000
v 0.169923 0.004923 -0.499577
v 0.169793 0.005500 -0.499707
v 0.170500 0.004793 -0.499707
v 0.170500 0.485500 -0.499000
v 0.170500 0.484500 -0.500000
v 0.169500 0.484500 -0.499000
v 0.170500 0.485207 -0.499707
v 0.169923 0.485077 -0.499577
v 0.169793 0.484500 -0.499707
v 0.169793 0.485207 -0.499000
v 0.489500 0.004500 -0.493000
v 0.490500 0.005500 -0.493000
v 0.489500 0.005500 -0.492000
v 0.490207 0.004793 -0.493000
v 0.490077 0.004923 -0.492423
v 0.490207 0.005500 -0.492293
v 0.489500 0.004793 -0.492293
v 0.489500 0.485500 -0.493000
v 0.489500 0.484500 -0.492000
v 0.490500 0.484500 -0.493000
v 0.489500 0.485207 -0.492293
v 0.490077 0.485077 -0.492423
v 0.490207 0.484500 -0.492293
v 0.490207 0.485207 -0.493000
v 0.489500 0.004500 -0.499000
v 0.489500 0.005500 -0.500000
v 0.490500 0.005500 -0.499000
v 0.489500 0.004793 -0.499707
v 0.490077 0.004923 -0.499577
v 0.490207 0.005500 -0.499707
v 0.490207 0.004793 -0.499000
v 0.489500 0.485500 -0.499000
v 0.490500 0.484500 -0.499000
v 0.489500 0.484500 -0.500000
v 0.490207 0.485207 -0.499000
v 0.490077 0.485077 -0.499577
v 0.490207 0.484500 -0.499707
v 0.489500 0.485207 -0.499707
v -0.499000 -0.498000 0.491000
v -0.499000 -0.497000 0.492000
v -0.500000 -0.497000 0.491000
v -0.499000 -0.497707 0.491707
v -0.499577 -0.497577 0.491577
v -0.499707 -0.497000 0.491707
v -0.499707 -0.497707 0.491000
v -0.499000 0.497000 0.492000
v -0.499000 0.498000 0.491000
v -0.500000 0.497000 0.491000
v -0.499000 0.497707 0.491707
v -0.499577 0.497577 0.491577
v -0.499707 0.497707 0.491000
v -0.499707 0.497000 0.491707
v -0.499000 -0.498000 -0.491000
v -0.500000 -0.497000 -0.491000
v -0.499000 -0.497000 -0.492000
v -0.499707 -0.497707 -0.491000
v -0.499577 -0.497577 -0.491577
v -0.499707 -0.497000 -0.491707
v -0.499000 -0.497707 -0.491707
v -0.499000 0.498000 -0.491000
v -0.499000 0.497000 -0.492000
v -0.500000 0.497000 -0.491000
v -0.499000 0.497707 -0.491707
v -0.499577 0.497577 -0.491577
v -0.499707 0.497000 -0.491707
v -0.499707 0.497707 -0.491000
v -0.497000 -0.498000 0.491000
v -0.496000 -0.497000 0.491000
v -0.497000 -0.497000 0.492000
v -0.496293 -0.497707 0.491000
v -0.496423 -0.497577 0.491577
v -0.496293 -0.497000 0.491707
v -0.497000 -0.497707 0.491707
v -0.497000 0.498000 0.491000
v -0.497000 0.497000 0.492000
v -0.496000 0.497000 0.491000
v -0.497000 0.497707 0.491707
v -0.496423 0.497577 0.491577
v -0.496293 0.497000 0.491707
v -0.496293 0.497707 0.491000
v -0.497000 -0.498000 -0.491000
v -0.497000 -0.497000 -0.492000
v -0.496000 -0.497000 -0.491000
v -0.497000 -0.497707 -0.491707
v -0.496423 -0.497577 -0.491577
v -0.496293 -0.497000 -0.491707
v -0.496293 -0.497707 -0.491000
v -0.497000 0.498000 -0.491000
v -0.496000 0.497000 -0.491000
v -0.497000 0.497000 -0.492000
v -0.496293 0.497707 -0.491000
v -0.496423 0.497577 -0.491577
v -0.496293 0.497000 -0.491707
v -0.497000 0.497707 -0.491707
v 0.497000 -0.498000 0.491000
v 0.497000 -0.497000 0.492000
v 0.496000 -0.497000 0.491000
v 0.497000 -0.497707 0.491707
v 0.496423 -0.497577 0.491577
v 0.496293 -0.497000 0.491707
v 0.496293 -0.497707 0.491000
v 0.497000 0.497000 0.492000
v 0.497000 0.498000 0.491000
v 0.496000 0.497000 0.491000
v 0.497000 0.497707 0.491707
v 0.496423 0.497577 0.491577
v 0.496293 0.497707 0.491000
v 0.496293 0.497000 0.491707
v 0.497000 -0.498000 -0.491000
v 0.496000 -0.497000 -0.491000
v 0.497000 -0.497000 -0.492000
v 0.496293 -0.497707 -0.491000
v 0.496423 -0.497577 -0.491577
v 0.496293 -0.497000 -0.491707
v 0.497000 -0.497707 -0.491707
v 0.497000 0.498000 -0.491000
v 0.497000 0.497000 -0.492000
v 0.496000 0.497000 -0.491000
v 0.497000 0.497707 -0.491707
v 0.496423 0.497577 -0.491577
v 0.496293 0.497000 -0.491707
v 0.496293 0.497707 -0.491000
v 0.499000 -0.498000 0.491000
v 0.500000 -0.497000 0.491000
v 0.499000 -0.497000 0.492000
v 0.499707 -0.497707 0.491000
v 0.499577 -0.497577 0.491577
v 0.499707 -0.497000 0.491707
v 0.499000 -0.497707 0.491707
v 0.499000 0.498000 0.491000
v 0.499000 0.497000 0.492000
v 0.500000 0.497000 0.491000
v 0.499000 0.497707 0.491707
v 0.499577 0.497577 0.491577
v 0.499707 0.497000 0.491707
v 0.499707 0.497707 0.491000
v 0.499000 -0.498000 -0.491000
v 0.499000 -0.497000 -0.492000
v 0.500000 -0.497000 -0.491000
v 0.499000 -0.497707 -0.491707
v 0.499577 -0.497577 -0.491577
v 0.499707 -0.497000 -0.491707
v 0.499707 -0.497707 -0.491000
v 0.499000 0.498000 -0.491000
v 0.500000 0.497000 -0.491000
v 0.499000 0.497000 -0.492000
v 0.499707 0.497707 -0.491000
v 0.499577 0.497577 -0.491577
v 0.499707 0.497000 -0.491707
v 0.499000 0.497707 -0.491707
v -0.497000 -0.500000 0.491000
v -0.497000 -0.499000 0.492000
v -0.498000 -0.499000 0.491000
v -0.497000 -0.499707 0.491707
v -0.497577 -0.499577 0.491577
v -0.497707 -0.499000 0.491707
v -0.497707 -0.499707 0.491000
v -0.497000 -0.497000 0.492000
v -0.497000 -0.496000 0.491000
v -0.498000 -0.497000 0.491000
v -0.497000 -0.496293 0.491707
v -0.497577 -0.496423 0.491577
v -0.497707 -0.496293 0.491000
v -0.497707 -0.497000 0.491707
v -0.497000 -0.500000 -0.491000
v -0.498000 -0.499000 -0.491000
v -0.497000 -0.499000 -0.492000
v -0.497707 -0.499707 -0.491000
v -0.497577 -0.499577 -0.491577
v -0.497707 -0.499000 -0.491707
v -0.497000 -0.499707 -0.491707
v -0.497000 -0.496000 -0.491000
v -0.497000 -0.497000 -0.492000
v -0.498000 -0.497000 -0.491000
v -0.497000 -0.496293 -0.491707
v -0.497577 -0.496423 -0.491577
v -0.497707 -0.497000 -0.491707
v -0.497707 -0.496293 -0.491000
v 0.497000 -0.500000 0.491000
v 0.498000 -0.499000 0.491000
v 0.497000 -0.499000 0.492000
v 0.497707 -0.499707 0.491000
v 0.497577 -0.499577 0.491577
v 0.497707 -0.499000 0.491707
v 0.497000 -0.499707 0.491707
v 0.497000 -0.496000 0.491000
v 0.497000 -0.497000 0.492000
v 0.498000 -0.497000 0.491000
v 0.497000 -0.496293 0.491707
v 0.497577 -0.496423 0.491577
v 0.497707 -0.497000 0.491707
v 0.497707 -0.496293 0.491000
v 0.497000 -0.500000 -0.491000
v 0.497000 -0.499000 -0.492000
v 0.498000 -0.499000 -0.491000
v 0.497000 -0.499707 -0.491707
v 0.497577 -0.499577 -0.491577
v 0.497707 -0.499000 -0.491707
v 0.497707 -0.499707 -0.491000
v 0.497000 -0.496000 -0.491000
v 0.498000 -0.497000 -0.491000
v 0.497000 -0.497000 -0.492000
v 0.497707 -0.496293 -0.491000
v 0.497577 -0.496423 -0.491577
v 0.497707 -0.497000 -0.491707
v 0.497000 -0.496293 -0.491707
v -0.497000 0.496000 0.491000
v -0.497000 0.497000 0.492000
v -0.498000 0.497000 0.491000
v -0.497000 0.496293 0.491707
v -0.497577 0.496423 0.491577
v -0.497707 0.497000 0.491707
v -0.497707 0.496293 0.491000
v -0.497000 0.499000 0.492000
v -0.497000 0.500000 0.491000
v -0.498000 0.499000 0.491000
v -0.497000 0.499707 0.491707
v -0.497577 0.499577 0.491577
v -0.497707 0.499707 0.491000
v -0.497707 0.499000 0.491707
v -0.497000 0.496000 -0.491000
v -0.498000 0.497000 -0.491000
v -0.497000 0.497000 -0.492000
v -0.497707 0.496293 -0.491000
v -0.497577 0.496423 -0.491577
v -0.497707 0.497000 -0.491707
v -0.497000 0.496293 -0.491707
v -0.497000 0.500000 -0.491000
v -0.497000 0.499000 -0.492000
v -0.498000 0.499000 -0.491000
v -0.497000 0.499707 -0.491707
v -0.497577 0.499577 -0.491577
v -0.497707 0.499000 -0.491707
v -0.497707 0.499707 -0.491000
v 0.497000 0.496000 0.491000
v 0.498000 0.497000 0.491000
v 0.497000 0.497000 0.492000
v 0.497707 0.496293 0.491000
v 0.497577 0.496423 0.491577
v 0.497707 0.497000 0.491707
v 0.497000 0.496293 0.491707
v 0.497000 0.500000 0.491000
v 0.497000 0.499000 0.492000
v 0.498000 0.499000 0.491000
v 0.497000 0.499707 0.491707
v 0.497577 0.499577 0.491577
v 0.497707 0.499000 0.491707
v 0.497707 0.499707 0.491000
v 0.497000 0.496000 -0.491000
v 0.497000 0.497000 -0.492000
v 0.498000 0.497000 -0.491000
v 0.497000 0.496293 -0.491707
v 0.497577 0.496423 -0.491577
v 0.497707 0.497000 -0.491707
v 0.497707 0.496293 -0.491000
v 0.497000 0.500000 -0.491000
v 0.498000 0.499000 -0.491000
v 0.497000 0.499000 -0.492000
v 0.497707 0.499707 -0.491000
v 0.497577 0.499577 -0.491577
v 0.497707 0.499000 -0.491707
v 0.497000 0.499707 -0.491707
vn 0.1794 0.1794 0.9673
vn -0.1794 -0.1794 0.9673
vn 0.1794 -0.1794 0.9673
vn 0.9673 0.1794 -0.1794
vn 0.9673 -0.1794 0.1794
vn 0.9673 -0.1794 -0.1794
vn -0.1794 0.9673 -0.1794
vn 0.1794 0.9673 0.1794
vn 0.1794 0.9673 -0.1794
vn -0.9673 0.1794 0.1794
vn -0.9673 -0.1794 -0.1794
vn -0.9673 -0.1794 0.1794
vn -0.1794 0.1794 -0.9673
vn 0.1794 -0.1794 -0.9673
vn -0.1794 -0.1794 -0.9673
vn -0.1794 -0.9673 0.1794
vn -0.3251 -0.8880 0.3251
vn -0.3791 -0.9152 0.1369
vn -0.3251 -0.3251 0.8881
vn -0.1369 -0.3791 0.9152
vn -0.8881 -0.3251 0.3251
vn -0.9152 -0.1368 0.3791
vn -0.1794 0.1794 0.9673
vn -0.3251 0.3251 0.8881
vn -0.3791 0.1369 0.9152
vn -0.1794 0.9673 0.1794
vn -0.3251 0.8880 0.3251
vn -0.1368 0.9152 0.3791
vn -0.8881 0.3251 0.3251
vn -0.9152 0.3791 0.1368
vn -0.1794 -0.9673 -0.1794
vn -0.3251 -0.8880 -0.3251
vn -0.1368 -0.9152 -0.3791
vn -0.8881 -0.3251 -0.3251
vn -0.9152 -0.3791 -0.1368
vn -0.3251 -0.3251 -0.8881
vn -0.3791 -0.1369 -0.9152
vn -0.3251 0.8880 -0.3251
vn -0.3791 0.9152 -0.1369
vn -0.3251 0.3251 -0.8881
vn -0.1369 0.3791 -0.9152
vn -0.9673 0.1794 -0.1794
vn -0.8881 0.3251 -0.3251
vn -0.9152 0.1368 -0.3791
vn 0.1794 -0.9673 0.1794
vn 0.3251 -0.8880 0.3251
vn 0.1368 -0.9152 0.3791
vn 0.8881 -0.3251 0.3251
vn 0.9152 -0.3791 0.1368
vn 0.3251 -0.3251 0.8881
vn 0.3791 -0.1369 0.9152
vn 0.3251 0.8880 0.3251
vn 0.3791 0.9152 0.1369
vn 0.3251 0.3251 0.8881
vn 0.1369 0.3791 0.9152
vn 0.9673 0.1794 0.1794
vn 0.8881 0.3251 0.3251
vn 0.9152 0.1368 0.3791
vn 0.1794 -0.9673 -0.1794
vn 0.3251 -0.8880 -0.3251
vn 0.3791 -0.9152 -0.1369
vn 0.3251 -0.3251 -0.8881
vn 0.1369 -0.3791 -0.9152
vn 0.8881 -0.3251 -0.3251
vn 0.9151 -0.1368 -0.3792
vn 0.3251 0.8880 -0.3251
vn 0.1368 0.9152 -0.3791
vn 0.8881 0.3251 -0.3251
vn 0.9152 0.3791 -0.1368
vn 0.1794 0.1794 -0.9673
vn 0.3251 0.3251 -0.8881
vn 0.3791 0.1369 -0.9152
vn -0.3792 -0.9151 -0.1369
vn -0.3791 -0.1369 0.9152
vn -0.9151 0.1368 0.3792
vn -0.3792 0.9151 0.1369
vn -0.3791 0.1369 -0.9152
vn -0.9151 -0.1368 -0.3792
vn 0.1368 -0.9152 -0.3791
vn -0.1369 -0.3791 -0.9152
vn -0.1368 0.9152 -0.3791
vn 0.1369 0.3791 -0.9152
vn 0.9152 0.1368 -0.3791
vn 0.3791 -0.1369 -0.9152
vn 0.3792 -0.9151 0.1369
vn 0.3792 0.9151 -0.1369
vn 0.3791 0.1369 0.9152
vn 0.9151 -0.1368 0.3792
vn -0.1368 -0.9152 0.3791
vn 0.1369 -0.3791 0.9152
vn 0.1368 0.9152 0.3791
vn -0.1369 0.3791 0.9152
vn -0.3251 -0.8881 0.3250
vn -0.3791 -0.9152 0.1368
vn -0.3250 -0.3251 0.8881
vn -0.1368 -0.3791 0.9152
vn -0.8880 -0.3251 0.3251
vn -0.9152 -0.1369 0.3791
vn -0.3251 0.8881 0.3250
vn -0.8880 0.3251 0.3252
vn -0.9152 0.3791 0.1370
vn -0.3251 -0.8881 -0.3251
vn -0.1369 -0.9152 -0.3791
vn -0.8880 -0.3251 -0.3251
vn -0.9152 -0.3791 -0.1369
vn -0.3250 -0.3250 -0.8881
vn -0.3251 0.8881 -0.3251
vn -0.3791 0.9152 -0.1368
vn -0.8880 0.3251 -0.3252
vn -0.9152 0.1369 -0.3791
vn 0.3250 -0.8881 0.3250
vn 0.1369 -0.9152 0.3791
vn 0.9152 -0.3791 0.1369
vn 0.3250 -0.3251 0.8881
vn 0.3250 0.8881 0.3251
vn 0.9152 0.1369 0.3791
vn 0.3251 -0.8881 -0.3251
vn 0.3250 -0.3251 -0.8881
vn 0.1368 -0.3791 -0.9152
vn 0.9152 -0.1369 -0.3791
vn 0.3251 0.8881 -0.3251
vn 0.1369 0.9152 -0.3791
vn 0.9152 0.3791 -0.1369
vn -0.3791 -0.9152 -0.1368
vn -0.9152 -0.3791 0.1369
vn -0.9152 0.1369 0.3791
vn -0.3791 0.9152 0.1368
vn -0.9152 0.3791 -0.1370
vn -0.9152 -0.1369 -0.3791
vn 0.1369 -0.9152 -0.3791
vn -0.1368 -0.3791 -0.9152
vn -0.1369 0.9152 -0.3791
vn 0.1368 0.3791 -0.9152
vn 0.9152 0.1369 -0.3791
vn 0.3790 -0.9152 0.1369
vn 0.9152 -0.3791 -0.1369
vn 0.3791 0.9152 -0.1369
vn 0.9152 0.3791 0.1369
vn 0.9152 -0.1369 0.3791
vn -0.1369 -0.9152 0.3791
vn 0.1368 -0.3791 0.9152
vn 0.1369 0.9152 0.3791
vn -0.3250 0.8881 0.3251
vn -0.1369 0.9152 0.3791
vn -0.9152 0.3791 0.1369
vn -0.3250 -0.3251 -0.8881
vn 0.3251 -0.8881 0.3250
vn 0.1369 -0.9152 0.3790
vn 0.3791 0.1368 -0.9152
vn -0.3790 -0.9152 -0.1369
vn -0.3791 0.9152 0.1369
vn -0.9152 0.3791 -0.1369
vn -0.3791 0.1368 -0.9152
vn 0.8880 -0.3251 0.3251
vn 0.3251 0.8881 0.3250
vn 0.3791 0.9152 0.1368
vn 0.8880 0.3251 0.3252
vn 0.3791 -0.9152 -0.1368
vn 0.3250 -0.3250 -0.8881
vn 0.8880 -0.3251 -0.3251
vn 0.8880 0.3251 -0.3252
vn 0.9152 0.3791 -0.1370
vn 0.3791 -0.9152 0.1368
vn 0.3791 0.9152 -0.1368
vn 0.9152 0.3791 0.1370
vn -0.1369 -0.9152 0.3790
vn -0.8880 -0.3251 0.3252
vn -0.3250 0.3251 0.8881
vn -0.8880 0.3251 0.3251
vn -0.8880 -0.3251 -0.3252
vn -0.9152 -0.3791 -0.1370
vn -0.3250 0.3250 -0.8881
vn -0.1368 0.3791 -0.9152
vn -0.8880 0.3251 -0.3251
vn 0.3250 -0.8881 0.3251
vn 0.3250 0.3251 0.8881
vn 0.1368 0.3791 0.9152
vn 0.8880 0.3251 -0.3251
vn 0.3250 0.3251 -0.8881
vn -0.9152 -0.3791 0.1370
vn 0.3791 -0.1368 -0.9152
vn 0.3791 -0.9152 0.1369
vn 0.3790 0.9152 -0.1369
vn 0.1369 0.9152 0.3790
vn -0.1368 0.3791 0.9152
vn -0.3250 -0.8881 0.3251
vn -0.1369 0.9152 0.3790
vn -0.3791 -0.1368 -0.9152
vn -0.3250 0.3251 -0.8881
vn -0.3791 -0.9152 -0.1369
vn -0.3790 0.9152 0.1369
vn 0.8880 -0.3251 0.3252
vn 0.9152 -0.3791 0.1370
vn 0.8880 0.3251 0.3251
vn 0.8880 -0.3251 -0.3252
vn 0.3250 0.3250 -0.8881
vn 0.9152 -0.3791 -0.1370
vn -0.3251 -0.8881 0.3251
vn -0.3250 -0.3250 0.8881
vn -0.3251 0.8881 0.3251
vn -0.3251 -0.8881 -0.3250
vn -0.3251 0.8881 -0.3250
vn 0.3251 -0.8881 0.3251
vn 0.3251 0.8881 0.3251
vn 0.3251 -0.8881 -0.3250
vn 0.3250 0.8881 -0.3251
vn 0.1369 -0.9152 -0.3790
vn 0.3791 0.1368 0.9152
vn -0.3791 0.1368 0.9152
vn -0.1369 -0.9152 -0.3790
vn -0.3250 0.8881 -0.3251
vn 0.3250 -0.3250 0.8881
vn 0.3251 0.8881 -0.3250
vn -0.3250 0.3250 0.8881
vn 0.3250 -0.8881 -0.3251
vn 0.3250 0.8881 -0.3250
vn -0.3250 -0.8881 -0.3251
vn 0.3791 -0.1368 0.9152
vn 0.1369 0.9152 -0.3790
vn -0.3791 -0.1368 0.9152
vn 0.3250 0.3250 0.8881
vn -0.1369 0.9152 -0.3790
vn -0.9152 -0.1368 0.3790
vn -0.9152 0.1368 -0.3790
vn 0.3251 -0.3251 0.8880
vn 0.3251 0.3251 0.8880
vn 0.3251 -0.3251 -0.8880
vn 0.9152 -0.1368 -0.3791
vn 0.3251 0.3251 -0.8880
vn -0.9152 0.1368 0.3791
vn -0.9152 -0.1368 -0.3791
vn 0.3792 -0.9151 0.1368
vn 0.3792 0.9151 -0.1368
vn 0.9152 -0.1368 0.3791
vn -0.3251 -0.3251 0.8880
vn -0.3251 0.3251 0.8880
vn -0.3251 -0.3251 -0.8880
vn -0.3251 0.3251 -0.8880
vn 0.9152 0.1368 0.3790
vn 0.3790 0.1369 -0.9152
vn -0.3792 -0.9151 -0.1368
vn -0.3792 0.9151 0.1368
vn -0.1369 -0.3790 0.9152
vn -0.9152 0.3792 0.1368
vn -0.3790 -0.1369 -0.9152
vn -0.3792 0.9151 -0.1369
vn -0.9151 0.1368 -0.3792
vn 0.3790 -0.1369 0.9152
vn 0.3792 0.9151 0.1369
vn 0.9151 0.1368 0.3792
vn 0.1369 -0.3790 -0.9152
vn 0.9152 0.3792 -0.1368
vn -0.9152 -0.3791 0.1368
vn -0.3790 -0.1369 0.9152
vn 0.9152 0.1368 -0.3792
vn 0.9152 -0.3791 -0.1368
vn -0.3792 -0.9151 0.1369
vn -0.9151 -0.1368 0.3792
vn -0.3790 0.1369 0.9152
vn -0.9152 -0.3792 -0.1368
vn -0.1369 0.3790 -0.9152
vn 0.9152 -0.3792 0.1368
vn 0.1369 0.3790 0.9152
vn 0.3792 -0.9151 -0.1369
vn 0.9152 -0.1368 -0.3792
vn -0.9152 0.3791 -0.1368
vn -0.3790 0.1369 -0.9152
vn 0.9152 0.3791 0.1368
vn 0.3790 0.1369 0.9152
vn 0.3790 -0.1369 -0.9152
vt 0.004151 0.332355
vt 0.332355 0.004151
vt 0.332355 0.332355
vt 0.340656 0.004151
vt 0.664897 0.332355
vt 0.340656 0.332355
vt 0.673177 0.328392
vt 0.995836 0.004151
vt 0.995836 0.328392
vt 0.340656 0.340656
vt 0.664897 0.668859
vt 0.340656 0.668859
vt 0.004151 0.668860
vt 0.332355 0.340656
vt 0.332355 0.668860
vt 0.995871 0.336693
vt 0.996033 0.336503
vt 0.996083 0.336693
vt 0.332545 0.003960
vt 0.332588 0.004151
vt 0.340465 0.669050
vt 0.340422 0.668859
vt 0.004151 0.004151
vt 0.003960 0.003960
vt 0.004151 0.003917
vt 0.673177 0.004151
vt 0.673015 0.003960
vt 0.673195 0.003917
vt 0.340465 0.340465
vt 0.340656 0.340422
vt 0.995871 0.660935
vt 0.996033 0.661126
vt 0.995853 0.661169
vt 0.665088 0.669050
vt 0.664897 0.669093
vt 0.332545 0.669050
vt 0.332355 0.669093
vt 0.673015 0.328583
vt 0.672965 0.328392
vt 0.003960 0.669050
vt 0.003917 0.668860
vt 0.664897 0.340656
vt 0.665088 0.340465
vt 0.665131 0.340656
vt 0.673212 0.336693
vt 0.672999 0.336503
vt 0.673194 0.336460
vt 0.665088 0.332545
vt 0.664897 0.332588
vt 0.332545 0.332545
vt 0.332355 0.332588
vt 0.996049 0.003960
vt 0.996083 0.004151
vt 0.003960 0.332545
vt 0.003917 0.332354
vt 0.664897 0.004151
vt 0.665088 0.003960
vt 0.665131 0.004151
vt 0.673212 0.660935
vt 0.672999 0.661126
vt 0.672965 0.660935
vt 0.332545 0.340465
vt 0.332588 0.340656
vt 0.340465 0.332545
vt 0.340422 0.332354
vt 0.996049 0.328583
vt 0.995853 0.328626
vt 0.340465 0.003960
vt 0.340656 0.003917
vt 0.004151 0.340656
vt 0.003960 0.340465
vt 0.004151 0.340422
vt 0.996083 0.660935
vt 0.332355 0.003917
vt 0.340422 0.340656
vt 0.672965 0.004151
vt 0.004151 0.669093
vt 0.665131 0.668859
vt 0.673194 0.661169
vt 0.332588 0.668860
vt 0.673195 0.328626
vt 0.003917 0.340656
vt 0.340422 0.004151
vt 0.332355 0.340422
vt 0.672965 0.336693
vt 0.996083 0.328392
vt 0.004151 0.332588
vt 0.665131 0.332354
vt 0.995853 0.336460
vt 0.332588 0.332355
vt 0.995853 0.003917
vt 0.003917 0.004151
vt 0.003967 0.003967
vt 0.470955 0.705181
vt 0.003967 0.705181
vt 0.953812 0.003967
vt 0.962596 0.705181
vt 0.953812 0.705181
vt 0.996032 0.470955
vt 0.987249 0.003967
vt 0.996032 0.003967
vt 0.970531 0.003967
vt 0.979314 0.705181
vt 0.970531 0.705181
vt 0.478890 0.003967
vt 0.945878 0.705181
vt 0.478890 0.705181
vt 0.987249 0.478890
vt 0.986404 0.478045
vt 0.987249 0.477855
vt 0.471800 0.706026
vt 0.470955 0.706216
vt 0.969686 0.706026
vt 0.969496 0.705181
vt 0.470955 0.003967
vt 0.471800 0.003122
vt 0.471990 0.003967
vt 0.987249 0.470955
vt 0.986404 0.471800
vt 0.986214 0.470955
vt 0.969686 0.003122
vt 0.970531 0.002932
vt 0.996033 0.478890
vt 0.996878 0.478045
vt 0.997068 0.478890
vt 0.980159 0.706026
vt 0.979314 0.706216
vt 0.478045 0.706026
vt 0.477855 0.705181
vt 0.996878 0.471800
vt 0.996032 0.471990
vt 0.478045 0.003122
vt 0.478890 0.002932
vt 0.979314 0.003967
vt 0.980159 0.003122
vt 0.980349 0.003967
vt 0.987249 0.945878
vt 0.986404 0.946723
vt 0.986214 0.945878
vt 0.963441 0.706026
vt 0.962596 0.706216
vt 0.003122 0.706026
vt 0.002932 0.705181
vt 0.986404 0.003122
vt 0.987249 0.002932
vt 0.003122 0.003122
vt 0.003967 0.002932
vt 0.962596 0.003967
vt 0.963441 0.003122
vt 0.963631 0.003967
vt 0.996033 0.945878
vt 0.996878 0.946723
vt 0.996033 0.946913
vt 0.946723 0.706026
vt 0.945878 0.706216
vt 0.952967 0.706026
vt 0.952777 0.705181
vt 0.996878 0.003122
vt 0.997068 0.003967
vt 0.952967 0.003122
vt 0.953812 0.002932
vt 0.945878 0.003967
vt 0.946723 0.003122
vt 0.946913 0.003967
vt 0.996033 0.477855
vt 0.970531 0.706216
vt 0.471990 0.705181
vt 0.969496 0.003967
vt 0.987249 0.471990
vt 0.979314 0.002932
vt 0.477855 0.003967
vt 0.980349 0.705181
vt 0.997068 0.945878
vt 0.478890 0.706216
vt 0.997068 0.470955
vt 0.945877 0.002932
vt 0.952777 0.003967
vt 0.987249 0.946913
vt 0.953812 0.706216
vt 0.996032 0.002932
vt 0.962596 0.002932
vt 0.002932 0.003967
vt 0.963631 0.705181
vt 0.986214 0.478890
vt 0.003967 0.706216
vt 0.986214 0.003967
vt 0.470955 0.002932
vt 0.478890 0.003967
vt 0.945878 0.705181
vt 0.478890 0.705181
vt 0.953812 0.003967
vt 0.962596 0.705181
vt 0.953812 0.705181
vt 0.996033 0.470955
vt 0.987249 0.003967
vt 0.996033 0.003967
vt 0.970531 0.003967
vt 0.003967 0.003967
vt 0.470955 0.705181
vt 0.003967 0.705181
vt 0.987249 0.478890
vt 0.986404 0.478045
vt 0.945878 0.706216
vt 0.945878 0.003967
vt 0.946723 0.003122
vt 0.946913 0.003967
vt 0.987249 0.470955
vt 0.986404 0.471800
vt 0.986214 0.470955
vt 0.969686 0.003122
vt 0.970531 0.002932
vt 0.996033 0.478890
vt 0.996878 0.478045
vt 0.997068 0.478890
vt 0.003122 0.706026
vt 0.002932 0.705181
vt 0.996878 0.471800
vt 0.996033 0.471990
vt 0.003122 0.003122
vt 0.003967 0.002932
vt 0.979314 0.003967
vt 0.980159 0.003122
vt 0.980349 0.003967
vt 0.987249 0.945878
vt 0.986404 0.946723
vt 0.986214 0.945878
vt 0.963441 0.706026
vt 0.962596 0.706216
vt 0.478045 0.706026
vt 0.477855 0.705181
vt 0.986404 0.003122
vt 0.987249 0.002932
vt 0.478045 0.003122
vt 0.478890 0.002932
vt 0.962596 0.003967
vt 0.963441 0.003122
vt 0.963631 0.003967
vt 0.996033 0.945878
vt 0.996878 0.946723
vt 0.996033 0.946913
vt 0.471800 0.706026
vt 0.470955 0.706216
vt 0.952967 0.706026
vt 0.952777 0.705181
vt 0.996878 0.003122
vt 0.997068 0.003967
vt 0.952967 0.003122
vt 0.953812 0.002932
vt 0.470955 0.003967
vt 0.471800 0.003122
vt 0.471990 0.003967
vt 0.946913 0.705181
vt 0.969496 0.003967
vt 0.987249 0.471990
vt 0.979314 0.002932
vt 0.002932 0.003967
vt 0.997068 0.945878
vt 0.003967 0.706216
vt 0.997068 0.470955
vt 0.470955 0.002932
vt 0.952777 0.003967
vt 0.987249 0.946913
vt 0.953812 0.706216
vt 0.996033 0.002932
vt 0.962596 0.002932
vt 0.477855 0.003967
vt 0.963631 0.705181
vt 0.986214 0.478890
vt 0.478890 0.706216
vt 0.986214 0.003967
vt 0.945878 0.002932
vt 0.003966 0.003966
vt 0.470959 0.705188
vt 0.003966 0.705188
vt 0.953818 0.003966
vt 0.962601 0.705188
vt 0.953818 0.705188
vt 0.996034 0.470959
vt 0.987250 0.003966
vt 0.996034 0.003966
vt 0.970534 0.003966
vt 0.979318 0.705188
vt 0.970534 0.705188
vt 0.478892 0.003966
vt 0.945885 0.705188
vt 0.478892 0.705188
vt 0.996034 0.938058
vt 0.996879 0.938776
vt 0.996034 0.938998
vt 0.471805 0.706033
vt 0.470959 0.706223
vt 0.969689 0.706033
vt 0.969499 0.705188
vt 0.470959 0.003966
vt 0.471805 0.003121
vt 0.471995 0.003966
vt 0.987250 0.470959
vt 0.986405 0.471805
vt 0.986215 0.470959
vt 0.969689 0.003121
vt 0.970534 0.002931
vt 0.987250 0.938058
vt 0.986405 0.938776
vt 0.986215 0.937980
vt 0.980163 0.706033
vt 0.979318 0.706223
vt 0.478047 0.706033
vt 0.477857 0.705188
vt 0.996879 0.471805
vt 0.996034 0.471995
vt 0.478047 0.003121
vt 0.478892 0.002931
vt 0.979318 0.003966
vt 0.980163 0.003121
vt 0.980353 0.003966
vt 0.996034 0.478953
vt 0.996879 0.478009
vt 0.997069 0.478874
vt 0.963447 0.706033
vt 0.962601 0.706223
vt 0.003121 0.706033
vt 0.002931 0.705188
vt 0.986405 0.003121
vt 0.987250 0.002931
vt 0.003121 0.003121
vt 0.003966 0.002931
vt 0.962601 0.003966
vt 0.963447 0.003121
vt 0.963637 0.003966
vt 0.987250 0.478953
vt 0.986405 0.478009
vt 0.987250 0.477857
vt 0.946730 0.706033
vt 0.945885 0.706223
vt 0.952973 0.706033
vt 0.952783 0.705188
vt 0.996879 0.003121
vt 0.997069 0.003966
vt 0.952973 0.003121
vt 0.953818 0.002931
vt 0.945885 0.003966
vt 0.946730 0.003121
vt 0.946920 0.003966
vt 0.987250 0.938998
vt 0.471995 0.705188
vt 0.969499 0.003966
vt 0.987250 0.471995
vt 0.979318 0.002931
vt 0.477857 0.003966
vt 0.986215 0.478874
vt 0.478892 0.706223
vt 0.997069 0.470959
vt 0.945885 0.002931
vt 0.952783 0.003966
vt 0.946920 0.705188
vt 0.996034 0.477857
vt 0.953818 0.706223
vt 0.996034 0.002931
vt 0.962601 0.002931
vt 0.002931 0.003966
vt 0.963637 0.705188
vt 0.997069 0.937980
vt 0.003966 0.706223
vt 0.986215 0.003966
vt 0.003967 0.003967
vt 0.953812 0.003967
vt 0.970531 0.003967
vt 0.478890 0.003967
vt 0.470955 0.003967
vt 0.471800 0.003122
vt 0.969686 0.003122
vt 0.970531 0.002932
vt 0.478045 0.003122
vt 0.478890 0.002932
vt 0.979314 0.003967
vt 0.980159 0.003122
vt 0.980349 0.003967
vt 0.003122 0.003122
vt 0.003967 0.002932
vt 0.962596 0.003967
vt 0.963441 0.003122
vt 0.963631 0.003967
vt 0.952967 0.003122
vt 0.953812 0.002932
vt 0.945878 0.003967
vt 0.946723 0.003122
vt 0.946913 0.003967
vt 0.969496 0.003967
vt 0.979314 0.002932
vt 0.477855 0.003967
vt 0.945877 0.002932
vt 0.952777 0.003967
vt 0.470955 0.002932
vt 0.478890 0.003967
vt 0.953812 0.003967
vt 0.962596 0.705181
vt 0.953812 0.705181
vt 0.979314 0.705181
vt 0.970531 0.705181
vt 0.003967 0.003967
vt 0.470955 0.705181
vt 0.003967 0.705181
vt 0.969686 0.706026
vt 0.969496 0.705181
vt 0.945878 0.003967
vt 0.946723 0.003122
vt 0.946913 0.003967
vt 0.980159 0.706026
vt 0.979314 0.706216
vt 0.003122 0.003122
vt 0.003967 0.002932
vt 0.963441 0.706026
vt 0.962596 0.706216
vt 0.478045 0.003122
vt 0.478890 0.002932
vt 0.962596 0.003967
vt 0.963441 0.003122
vt 0.963631 0.003967
vt 0.952967 0.706026
vt 0.952777 0.705181
vt 0.952967 0.003122
vt 0.953812 0.002932
vt 0.470955 0.003967
vt 0.471800 0.003122
vt 0.471990 0.003967
vt 0.970531 0.706216
vt 0.002932 0.003967
vt 0.980349 0.705181
vt 0.470955 0.002932
vt 0.952777 0.003967
vt 0.471990 0.705181
vt 0.953812 0.706216
vt 0.962596 0.002932
vt 0.477855 0.003967
vt 0.963631 0.705181
vt 0.945878 0.002932
vt 0.003965 0.003965
vt 0.470965 0.705197
vt 0.003965 0.705197
vt 0.953825 0.003965
vt 0.962608 0.705197
vt 0.953825 0.705197
vt 0.987251 0.478799
vt 0.996035 0.937911
vt 0.987251 0.937911
vt 0.970538 0.004026
vt 0.979322 0.693413
vt 0.970538 0.693413
vt 0.478895 0.003965
vt 0.945895 0.705197
vt 0.478895 0.705197
vt 0.987251 0.003965
vt 0.986406 0.003120
vt 0.987251 0.002930
vt 0.471810 0.706042
vt 0.470965 0.706232
vt 0.969693 0.694131
vt 0.969503 0.693335
vt 0.470965 0.003965
vt 0.471810 0.003120
vt 0.472000 0.003965
vt 0.996035 0.478799
vt 0.996880 0.478081
vt 0.997070 0.478877
vt 0.969693 0.003082
vt 0.970538 0.002930
vt 0.996035 0.003965
vt 0.996880 0.003120
vt 0.997070 0.003965
vt 0.980167 0.694131
vt 0.979322 0.694353
vt 0.478050 0.706042
vt 0.477860 0.705197
vt 0.986406 0.478081
vt 0.987251 0.477859
vt 0.478049 0.003120
vt 0.478895 0.002930
vt 0.979322 0.004026
vt 0.980167 0.003082
vt 0.980357 0.003947
vt 0.987251 0.470965
vt 0.986406 0.471810
vt 0.986216 0.470965
vt 0.963453 0.706042
vt 0.962608 0.706232
vt 0.003120 0.706042
vt 0.002930 0.705197
vt 0.996880 0.938855
vt 0.996035 0.939007
vt 0.003120 0.003120
vt 0.003965 0.002930
vt 0.962608 0.003965
vt 0.963453 0.003120
vt 0.963643 0.003965
vt 0.996035 0.470965
vt 0.996880 0.471810
vt 0.996035 0.472000
vt 0.946740 0.706042
vt 0.945895 0.706232
vt 0.952979 0.706042
vt 0.952789 0.705197
vt 0.986406 0.938855
vt 0.986216 0.937989
vt 0.952979 0.003120
vt 0.953825 0.002930
vt 0.945895 0.003965
vt 0.946740 0.003120
vt 0.946930 0.003965
vt 0.996035 0.002930
vt 0.970538 0.694353
vt 0.472000 0.705197
vt 0.996035 0.477859
vt 0.979322 0.002930
vt 0.477859 0.003965
vt 0.980357 0.693335
vt 0.997070 0.470965
vt 0.478895 0.706232
vt 0.986216 0.478877
vt 0.945895 0.002930
vt 0.952789 0.003965
vt 0.946930 0.705197
vt 0.987251 0.472000
vt 0.953825 0.706232
vt 0.987251 0.939007
vt 0.962608 0.002930
vt 0.002930 0.003965
vt 0.963643 0.705197
vt 0.986216 0.003965
vt 0.003965 0.706232
vt 0.997070 0.937989
vt 0.003967 0.003967
vt 0.953812 0.003967
vt 0.996032 0.945878
vt 0.987249 0.478890
vt 0.996033 0.478890
vt 0.478890 0.003967
vt 0.945877 0.705181
vt 0.478890 0.705181
vt 0.987249 0.003967
vt 0.986404 0.003122
vt 0.987249 0.002932
vt 0.470955 0.003967
vt 0.471800 0.003122
vt 0.471990 0.003967
vt 0.987249 0.945878
vt 0.986404 0.946723
vt 0.986214 0.945878
vt 0.996033 0.003967
vt 0.996878 0.003122
vt 0.997068 0.003967
vt 0.478045 0.706026
vt 0.477855 0.705181
vt 0.996878 0.946723
vt 0.996032 0.946913
vt 0.478045 0.003122
vt 0.478890 0.002932
vt 0.987249 0.470955
vt 0.986404 0.471800
vt 0.986214 0.470955
vt 0.986404 0.478045
vt 0.987249 0.477855
vt 0.003122 0.003122
vt 0.003967 0.002932
vt 0.962596 0.003967
vt 0.963441 0.003122
vt 0.963631 0.003967
vt 0.996033 0.470955
vt 0.996033 0.471990
vt 0.946723 0.706026
vt 0.945877 0.706216
vt 0.996878 0.478045
vt 0.997068 0.478890
vt 0.952967 0.003122
vt 0.953812 0.002932
vt 0.945877 0.003967
vt 0.946723 0.003122
vt 0.946913 0.003967
vt 0.996033 0.002932
vt 0.987249 0.946913
vt 0.477855 0.003967
vt 0.478890 0.706216
vt 0.997068 0.945878
vt 0.945877 0.002932
vt 0.952777 0.003967
vt 0.946913 0.705181
vt 0.987249 0.471990
vt 0.996033 0.477855
vt 0.962596 0.002932
vt 0.002932 0.003967
vt 0.986214 0.003967
vt 0.986214 0.478890
vt 0.470955 0.002932
vt 0.996033 0.470955
vt 0.987249 0.003967
vt 0.996033 0.003967
vt 0.970531 0.003967
vt 0.979314 0.705181
vt 0.970531 0.705181
vt 0.987249 0.478890
vt 0.986404 0.478045
vt 0.987249 0.477855
vt 0.969686 0.706026
vt 0.969496 0.705181
vt 0.987249 0.470955
vt 0.986404 0.471800
vt 0.986214 0.470955
vt 0.969686 0.003122
vt 0.970531 0.002932
vt 0.996033 0.478890
vt 0.996878 0.478045
vt 0.997068 0.478890
vt 0.980159 0.706026
vt 0.979314 0.706216
vt 0.996878 0.471800
vt 0.996033 0.471990
vt 0.979314 0.003967
vt 0.980159 0.003122
vt 0.980349 0.003967
vt 0.987249 0.945878
vt 0.986214 0.945878
vt 0.986404 0.003122
vt 0.987249 0.002932
vt 0.996033 0.945878
vt 0.996033 0.946913
vt 0.996878 0.003122
vt 0.997068 0.003967
vt 0.996033 0.477855
vt 0.970531 0.706216
vt 0.969496 0.003967
vt 0.987249 0.471990
vt 0.979314 0.002932
vt 0.980349 0.705181
vt 0.997068 0.945878
vt 0.997068 0.470955
vt 0.987249 0.946913
vt 0.996033 0.002932
vt 0.986214 0.478890
vt 0.986214 0.003967
vt 0.003966 0.003966
vt 0.470960 0.705188
vt 0.003966 0.705188
vt 0.953818 0.003966
vt 0.962601 0.705188
vt 0.953818 0.705188
vt 0.996034 0.470960
vt 0.987250 0.003966
vt 0.996034 0.003966
vt 0.970534 0.003966
vt 0.979318 0.705188
vt 0.970534 0.705188
vt 0.478892 0.003966
vt 0.945885 0.705188
vt 0.478892 0.705188
vt 0.996034 0.938058
vt 0.996879 0.938776
vt 0.996034 0.938998
vt 0.471805 0.706033
vt 0.470960 0.706223
vt 0.969689 0.706033
vt 0.969499 0.705188
vt 0.470960 0.003966
vt 0.471805 0.003121
vt 0.471995 0.003966
vt 0.987250 0.470960
vt 0.986405 0.471805
vt 0.986215 0.470960
vt 0.969689 0.003121
vt 0.970534 0.002931
vt 0.987250 0.938058
vt 0.986405 0.938776
vt 0.986215 0.937980
vt 0.980163 0.706033
vt 0.979318 0.706223
vt 0.478047 0.706033
vt 0.477857 0.705188
vt 0.996879 0.471805
vt 0.996034 0.471995
vt 0.478047 0.003121
vt 0.478892 0.002931
vt 0.979318 0.003966
vt 0.980163 0.003121
vt 0.980353 0.003966
vt 0.996034 0.478953
vt 0.996879 0.478009
vt 0.997069 0.478875
vt 0.963446 0.706033
vt 0.962601 0.706223
vt 0.003121 0.706033
vt 0.002931 0.705188
vt 0.986405 0.003121
vt 0.987250 0.002931
vt 0.003121 0.003121
vt 0.003966 0.002931
vt 0.962601 0.003966
vt 0.963446 0.003121
vt 0.963636 0.003966
vt 0.987250 0.478953
vt 0.986405 0.478009
vt 0.987250 0.477857
vt 0.946730 0.706033
vt 0.945885 0.706223
vt 0.952973 0.706033
vt 0.952783 0.705188
vt 0.996879 0.003121
vt 0.997069 0.003966
vt 0.952973 0.003121
vt 0.953818 0.002931
vt 0.945885 0.003966
vt 0.946730 0.003121
vt 0.946920 0.003966
vt 0.987250 0.938998
vt 0.970534 0.706223
vt 0.471995 0.705188
vt 0.969499 0.003966
vt 0.987250 0.471995
vt 0.979318 0.002931
vt 0.477857 0.003966
vt 0.980353 0.705188
vt 0.986215 0.478875
vt 0.478892 0.706223
vt 0.997069 0.470960
vt 0.945885 0.002931
vt 0.952783 0.003966
vt 0.996034 0.477857
vt 0.953818 0.706223
vt 0.996034 0.002931
vt 0.962601 0.002931
vt 0.002931 0.003966
vt 0.963636 0.705188
vt 0.997069 0.937980
vt 0.003966 0.706223
vt 0.986215 0.003966
vt 0.953812 0.003967
vt 0.478890 0.003967
vt 0.478045 0.003122
vt 0.478890 0.002932
vt 0.962596 0.003967
vt 0.963441 0.003122
vt 0.963631 0.003967
vt 0.945877 0.706216
vt 0.952967 0.003122
vt 0.953812 0.002932
vt 0.945877 0.003967
vt 0.946723 0.003122
vt 0.946913 0.003967
vt 0.477855 0.003967
vt 0.478890 0.706216
vt 0.945877 0.002932
vt 0.952777 0.003967
vt 0.962596 0.002932
vt 0.970531 0.003967
vt 0.979314 0.705181
vt 0.970531 0.705181
vt 0.969686 0.706026
vt 0.969496 0.705181
vt 0.969686 0.003122
vt 0.970531 0.002932
vt 0.980159 0.706026
vt 0.979314 0.706216
vt 0.979314 0.003967
vt 0.980159 0.003122
vt 0.980349 0.003967
vt 0.970531 0.706216
vt 0.979314 0.002932
vt 0.980349 0.705181
vt 0.003965 0.003965
vt 0.470965 0.705197
vt 0.003965 0.705197
vt 0.953824 0.003965
vt 0.962608 0.705197
vt 0.953824 0.705197
vt 0.987251 0.478799
vt 0.996035 0.937911
vt 0.987251 0.937911
vt 0.970538 0.004026
vt 0.979322 0.693413
vt 0.478895 0.003965
vt 0.945895 0.705197
vt 0.478895 0.705197
vt 0.987251 0.003965
vt 0.986406 0.003120
vt 0.987251 0.002930
vt 0.471810 0.706042
vt 0.470965 0.706232
vt 0.969693 0.694131
vt 0.969503 0.693335
vt 0.470965 0.003965
vt 0.471810 0.003120
vt 0.472000 0.003965
vt 0.996035 0.478799
vt 0.996880 0.478081
vt 0.997070 0.478877
vt 0.969693 0.003082
vt 0.970538 0.002930
vt 0.996035 0.003965
vt 0.996880 0.003120
vt 0.997070 0.003965
vt 0.980167 0.694131
vt 0.979322 0.694353
vt 0.478049 0.706042
vt 0.477859 0.705197
vt 0.986406 0.478081
vt 0.478049 0.003120
vt 0.478895 0.002930
vt 0.979322 0.004026
vt 0.980167 0.003082
vt 0.980357 0.003947
vt 0.987251 0.470965
vt 0.986406 0.471810
vt 0.986216 0.470965
vt 0.963453 0.706042
vt 0.962608 0.706232
vt 0.003120 0.706042
vt 0.002930 0.705197
vt 0.996035 0.939007
vt 0.003120 0.003120
vt 0.003965 0.002930
vt 0.962608 0.003965
vt 0.963453 0.003120
vt 0.963643 0.003965
vt 0.996035 0.470965
vt 0.996880 0.471810
vt 0.996035 0.472000
vt 0.946740 0.706042
vt 0.945895 0.706232
vt 0.952979 0.706042
vt 0.952789 0.705197
vt 0.952979 0.003120
vt 0.953824 0.002930
vt 0.945895 0.003965
vt 0.946740 0.003120
vt 0.996035 0.002930
vt 0.472000 0.705197
vt 0.979322 0.002930
vt 0.477859 0.003965
vt 0.997070 0.470965
vt 0.478895 0.706232
vt 0.986216 0.478877
vt 0.945895 0.002930
vt 0.952789 0.003965
vt 0.946930 0.705197
vt 0.987251 0.472000
vt 0.953824 0.706232
vt 0.987251 0.939007
vt 0.962608 0.002930
vt 0.002930 0.003965
vt 0.963643 0.705197
vt 0.986216 0.003965
vt 0.003965 0.706232
vt 0.470965 0.002930
vt 0.014845 0.505541
vt 0.015847 0.995000
vt 0.014845 0.995000
vt 0.002568 0.002568
vt 0.494426 0.500437
vt 0.002568 0.500437
vt 0.002568 0.997432
vt 0.003570 0.505574
vt 0.003570 0.997432
vt 0.499563 0.002568
vt 0.991421 0.500437
vt 0.499563 0.500437
vt 0.020983 0.505594
vt 0.021985 0.995054
vt 0.020983 0.995054
vt 0.009708 0.505574
vt 0.009998 0.505284
vt 0.010063 0.505574
vt 0.016136 0.995323
vt 0.015847 0.995375
vt 0.499274 0.500726
vt 0.499209 0.500437
vt 0.015847 0.505541
vt 0.016136 0.505295
vt 0.016201 0.505568
vt 0.002568 0.505574
vt 0.002279 0.505284
vt 0.002568 0.505219
vt 0.499274 0.002279
vt 0.499563 0.002214
vt 0.009708 0.997432
vt 0.009998 0.997721
vt 0.009708 0.997786
vt 0.991710 0.500726
vt 0.991421 0.500791
vt 0.020694 0.995299
vt 0.020629 0.995027
vt 0.002279 0.997721
vt 0.002214 0.997432
vt 0.020694 0.505271
vt 0.020983 0.505219
vt 0.991421 0.002568
vt 0.991710 0.002279
vt 0.991776 0.002568
vt 0.008707 0.505574
vt 0.008418 0.505284
vt 0.008707 0.505219
vt 0.494716 0.500726
vt 0.494427 0.500791
vt 0.014556 0.995323
vt 0.014491 0.995027
vt 0.003859 0.505284
vt 0.003924 0.505574
vt 0.014556 0.505295
vt 0.014845 0.505219
vt 0.494426 0.002568
vt 0.494716 0.002279
vt 0.494781 0.002568
vt 0.008707 0.997432
vt 0.008418 0.997721
vt 0.008353 0.997432
vt 0.022274 0.995299
vt 0.021985 0.995375
vt 0.002279 0.500726
vt 0.002214 0.500437
vt 0.003859 0.997721
vt 0.003570 0.997786
vt 0.002279 0.002279
vt 0.002568 0.002214
vt 0.021985 0.505594
vt 0.022274 0.505271
vt 0.022339 0.505568
vt 0.010063 0.997432
vt 0.499563 0.500791
vt 0.016201 0.995027
vt 0.499209 0.002568
vt 0.002214 0.505574
vt 0.991421 0.002214
vt 0.020629 0.505568
vt 0.991776 0.500437
vt 0.008707 0.997786
vt 0.002568 0.997786
vt 0.021985 0.505219
vt 0.002214 0.002568
vt 0.022339 0.995027
vt 0.008353 0.505574
vt 0.003924 0.997432
vt 0.014491 0.505568
vt 0.494781 0.500437
vt 0.009708 0.505219
vt 0.014845 0.995375
vt 0.003570 0.505219
vt 0.014845 0.505594
vt 0.015847 0.995054
vt 0.014845 0.995054
vt 0.002568 0.997432
vt 0.003570 0.505574
vt 0.003570 0.997432
vt 0.020983 0.505541
vt 0.021985 0.995000
vt 0.020983 0.995000
vt 0.009708 0.505574
vt 0.016136 0.995299
vt 0.015847 0.505594
vt 0.016136 0.505271
vt 0.002568 0.505574
vt 0.002279 0.505284
vt 0.002568 0.505219
vt 0.009708 0.997432
vt 0.020694 0.995323
vt 0.020629 0.995027
vt 0.002279 0.997721
vt 0.002214 0.997432
vt 0.020694 0.505295
vt 0.020983 0.505219
vt 0.008707 0.505574
vt 0.014556 0.995299
vt 0.014491 0.995027
vt 0.003859 0.505284
vt 0.003924 0.505574
vt 0.014556 0.505271
vt 0.008707 0.997432
vt 0.022274 0.995323
vt 0.021985 0.995375
vt 0.003859 0.997721
vt 0.003570 0.997786
vt 0.021985 0.505541
vt 0.022274 0.505295
vt 0.022339 0.505568
vt 0.016201 0.995027
vt 0.002214 0.505574
vt 0.020629 0.505568
vt 0.020983 0.995375
vt 0.002568 0.997786
vt 0.022339 0.995027
vt 0.002568 0.500791
vt 0.003924 0.997432
vt 0.494427 0.002214
vt 0.003570 0.505219
vt 0.015847 0.505219
vt 0.015847 0.505541
vt 0.014845 0.995000
vt 0.014845 0.505541
vt 0.002568 0.997432
vt 0.003570 0.505574
vt 0.003570 0.997432
vt 0.494426 0.500437
vt 0.002568 0.002568
vt 0.494427 0.002568
vt 0.008707 0.997432
vt 0.009709 0.505574
vt 0.009708 0.997432
vt 0.021985 0.505541
vt 0.020983 0.995000
vt 0.020983 0.505541
vt 0.499563 0.002568
vt 0.499274 0.002279
vt 0.499563 0.002214
vt 0.014556 0.995323
vt 0.014491 0.995027
vt 0.009998 0.997721
vt 0.009708 0.997786
vt 0.015847 0.995000
vt 0.016136 0.995323
vt 0.015847 0.995375
vt 0.002568 0.500437
vt 0.002279 0.500726
vt 0.002214 0.500437
vt 0.008418 0.997721
vt 0.008353 0.997432
vt 0.991421 0.002568
vt 0.991711 0.002279
vt 0.991776 0.002568
vt 0.009998 0.505284
vt 0.010063 0.505574
vt 0.020694 0.505295
vt 0.020983 0.505219
vt 0.494426 0.500791
vt 0.022274 0.505295
vt 0.022339 0.505568
vt 0.008707 0.505574
vt 0.008418 0.505284
vt 0.008707 0.505219
vt 0.499563 0.500437
vt 0.499274 0.500726
vt 0.003859 0.505284
vt 0.003924 0.505574
vt 0.014556 0.505295
vt 0.014845 0.505219
vt 0.002279 0.002279
vt 0.002568 0.002214
vt 0.016136 0.505295
vt 0.016201 0.505568
vt 0.002568 0.505574
vt 0.002279 0.505284
vt 0.002568 0.505219
vt 0.991421 0.500437
vt 0.991711 0.500726
vt 0.020694 0.995323
vt 0.020629 0.995027
vt 0.003859 0.997721
vt 0.003570 0.997786
vt 0.494716 0.002279
vt 0.494781 0.002568
vt 0.002279 0.997721
vt 0.002214 0.997432
vt 0.021985 0.995000
vt 0.022274 0.995323
vt 0.021985 0.995375
vt 0.991421 0.002214
vt 0.010063 0.997432
vt 0.014845 0.995375
vt 0.008707 0.997786
vt 0.002568 0.500791
vt 0.021985 0.505219
vt 0.020629 0.505568
vt 0.022339 0.995027
vt 0.002568 0.997786
vt 0.499563 0.500791
vt 0.003924 0.997432
vt 0.494427 0.002214
vt 0.015847 0.505219
vt 0.499209 0.002568
vt 0.014491 0.505568
vt 0.002214 0.002568
vt 0.016201 0.995027
vt 0.015847 0.505594
vt 0.014845 0.995054
vt 0.014845 0.505594
vt 0.002568 0.997432
vt 0.003570 0.505574
vt 0.003570 0.997432
vt 0.020983 0.995054
vt 0.021985 0.505594
vt 0.021985 0.995054
vt 0.014556 0.995299
vt 0.014491 0.995027
vt 0.009998 0.997721
vt 0.009708 0.997786
vt 0.015847 0.995054
vt 0.016136 0.995299
vt 0.015847 0.995375
vt 0.008418 0.997721
vt 0.008353 0.997432
vt 0.009998 0.505284
vt 0.010063 0.505574
vt 0.022274 0.995299
vt 0.021985 0.995375
vt 0.020694 0.995299
vt 0.020629 0.995027
vt 0.008418 0.505284
vt 0.008707 0.505219
vt 0.014556 0.505271
vt 0.014845 0.505219
vt 0.016136 0.505271
vt 0.016201 0.505568
vt 0.002568 0.505574
vt 0.022274 0.505271
vt 0.022339 0.505568
vt 0.020983 0.505594
vt 0.020694 0.505271
vt 0.020983 0.505219
vt 0.014845 0.995375
vt 0.008353 0.505574
vt 0.020983 0.995375
vt 0.009708 0.505219
vt 0.022339 0.995027
vt 0.020629 0.505568
vt 0.021985 0.505219
vt 0.002214 0.505574
vt 0.015847 0.505219
vt 0.003570 0.505219
vt 0.014491 0.505568
vt 0.016201 0.995027
vt 0.340656 0.669093
vt 0.664897 0.340422
vt 0.664897 0.003917
vt 0.340656 0.332588
vt 0.970534 0.706223
vt 0.470959 0.002931
vt 0.980353 0.705188
vt 0.962596 0.002932
vt 0.470965 0.002930
vt 0.969503 0.003947
vt 0.470960 0.002931
vt 0.946920 0.705188
vt 0.969496 0.003967
vt 0.969503 0.003947
vt 0.020983 0.995375
vt 0.021985 0.505219
vt 0.009709 0.505219
vt 0.008353 0.505574
vt 0.020983 0.995375
vt 0.010063 0.997432
vt 0.008707 0.997786
s 1
usemtl WallNarrowJoint
f 37/1/1 2/2/2 31/3/3
f 51/4/4 30/5/5 45/6/6
f 22/7/7 36/8/8 50/9/9
f 10/10/10 16/11/11 3/12/12
f 23/13/13 44/14/14 17/15/15
f 1/16/16 5/17/17 7/18/18
f 2/2/2 5/19/19 4/20/20
f 3/12/12 5/21/21 6/22/22
f 8/23/23 12/24/24 14/25/25
f 9/26/26 12/27/27 11/28/28
f 10/10/10 12/29/29 13/30/30
f 15/31/31 19/32/32 21/33/33
f 16/11/11 19/34/34 18/35/35
f 17/15/15 19/36/36 20/37/37
f 22/7/7 26/38/38 28/39/39
f 23/13/13 26/40/40 25/41/41
f 24/42/42 26/43/43 27/44/44
f 29/45/45 33/46/46 35/47/47
f 30/5/5 33/48/48 32/49/49
f 31/3/3 33/50/50 34/51/51
f 36/8/8 40/52/52 42/53/53
f 37/1/1 40/54/54 39/55/55
f 38/56/56 40/57/57 41/58/58
f 43/59/59 47/60/60 49/61/61
f 44/14/14 47/62/62 46/63/63
f 45/6/6 47/64/64 48/65/65
f 50/9/9 54/66/66 56/67/67
f 51/4/4 54/68/68 53/69/69
f 52/70/70 54/71/71 55/72/72
f 1/16/16 18/73/73 15/31/31
f 18/35/35 3/12/12 16/11/11
f 8/23/23 6/74/74 2/2/2
f 14/75/75 3/12/12 6/22/22
f 22/7/7 13/76/76 9/26/26
f 13/30/30 24/42/42 10/10/10
f 17/15/15 27/77/77 23/13/13
f 20/78/78 24/42/42 27/44/44
f 43/59/59 21/33/33 46/79/79
f 21/80/80 44/14/14 46/63/63
f 22/7/7 56/67/67 25/81/81
f 56/82/82 23/13/13 25/41/41
f 51/4/4 48/65/65 55/83/83
f 48/84/84 52/70/70 55/72/72
f 43/59/59 32/85/85 29/45/45
f 32/49/49 45/6/6 30/5/5
f 36/8/8 53/86/86 50/9/9
f 53/69/69 38/56/56 51/4/4
f 31/3/3 41/87/87 37/1/1
f 34/88/88 38/56/56 41/58/58
f 1/16/16 35/47/47 4/89/89
f 35/90/90 2/2/2 4/20/20
f 36/8/8 11/28/28 39/91/91
f 11/92/92 37/1/1 39/55/55
f 43/59/59 1/16/16 15/31/31
f 37/1/1 8/23/23 2/2/2
f 51/4/4 38/56/56 30/5/5
f 22/7/7 9/26/26 36/8/8
f 10/10/10 24/42/42 16/11/11
f 23/13/13 52/70/70 44/14/14
f 1/16/16 4/89/89 5/17/17
f 2/2/2 6/74/74 5/19/19
f 3/12/12 7/1125/253 5/21/21
f 8/23/23 11/92/92 12/24/24
f 9/26/26 13/76/76 12/27/27
f 10/10/10 14/75/75 12/29/29
f 15/31/31 18/73/73 19/32/32
f 16/11/11 20/78/78 19/34/34
f 17/15/15 21/80/80 19/36/36
f 22/7/7 25/81/81 26/38/38
f 23/13/13 27/77/77 26/40/40
f 24/42/42 28/1126/266 26/43/43
f 29/45/45 32/85/85 33/46/46
f 30/5/5 34/88/88 33/48/48
f 31/3/3 35/90/90 33/50/50
f 36/8/8 39/91/91 40/52/52
f 37/1/1 41/87/87 40/54/54
f 38/56/56 42/1127/268 40/57/57
f 43/59/59 46/79/79 47/60/60
f 44/14/14 48/84/84 47/62/62
f 45/6/6 49/1128/256 47/64/64
f 50/9/9 53/86/86 54/66/66
f 51/4/4 55/83/83 54/68/68
f 52/70/70 56/82/82 54/71/71
f 1/16/16 7/18/18 18/73/73
f 18/35/35 7/1125/253 3/12/12
f 8/23/23 14/25/25 6/74/74
f 14/75/75 10/10/10 3/12/12
f 22/7/7 28/39/39 13/76/76
f 13/30/30 28/1126/266 24/42/42
f 17/15/15 20/37/37 27/77/77
f 20/78/78 16/11/11 24/42/42
f 43/59/59 15/31/31 21/33/33
f 21/80/80 17/15/15 44/14/14
f 22/7/7 50/9/9 56/67/67
f 56/82/82 52/70/70 23/13/13
f 51/4/4 45/6/6 48/65/65
f 48/84/84 44/14/14 52/70/70
f 43/59/59 49/61/61 32/85/85
f 32/49/49 49/1128/256 45/6/6
f 36/8/8 42/53/53 53/86/86
f 53/69/69 42/1127/268 38/56/56
f 31/3/3 34/51/51 41/87/87
f 34/88/88 30/5/5 38/56/56
f 1/16/16 29/45/45 35/47/47
f 35/90/90 31/3/3 2/2/2
f 36/8/8 9/26/26 11/28/28
f 11/92/92 8/23/23 37/1/1
f 43/59/59 29/45/45 1/16/16
usemtl WallMetalPanelLight
f 93/93/1 58/94/2 87/95/3
f 107/96/4 86/97/5 101/98/6
f 78/99/7 92/100/8 106/101/9
f 66/102/10 72/103/11 59/104/12
f 79/105/13 100/106/14 73/107/15
f 57/108/16 61/109/93 63/110/94
f 58/94/2 61/111/95 60/112/96
f 59/104/12 61/113/97 62/114/98
f 64/115/23 68/116/24 70/117/25
f 65/118/26 68/119/99 67/120/28
f 66/102/10 68/121/100 69/122/101
f 71/123/31 75/124/102 77/125/103
f 72/103/11 75/126/104 74/127/105
f 73/107/15 75/128/106 76/129/37
f 78/99/7 82/130/107 84/131/108
f 79/105/13 82/132/40 81/133/41
f 80/134/42 82/135/109 83/136/110
f 85/137/45 89/138/111 91/139/112
f 86/97/5 89/140/48 88/141/113
f 87/95/3 89/142/114 90/143/51
f 92/100/8 96/144/115 98/145/53
f 93/93/1 96/146/54 95/147/55
f 94/148/56 96/149/57 97/150/116
f 99/151/59 103/152/117 105/153/61
f 100/106/14 103/154/118 102/155/119
f 101/98/6 103/156/64 104/157/120
f 106/101/9 110/158/121 112/159/122
f 107/96/4 110/160/68 109/161/123
f 108/162/70 110/163/71 111/164/72
f 57/108/16 74/165/124 71/123/31
f 63/166/125 72/103/11 74/127/105
f 58/94/2 70/117/25 62/167/74
f 70/168/126 59/104/12 62/114/98
f 78/99/7 69/169/127 65/118/26
f 84/170/128 66/102/10 69/122/101
f 73/107/15 83/171/77 79/105/13
f 76/172/129 80/134/42 83/136/110
f 71/123/31 102/173/130 99/151/59
f 77/174/131 100/106/14 102/155/119
f 106/101/9 81/175/132 78/99/7
f 112/176/133 79/105/13 81/133/41
f 101/98/6 111/177/134 107/96/4
f 111/164/72 100/106/14 108/162/70
f 99/151/59 88/178/135 85/137/45
f 105/179/136 86/97/5 88/141/113
f 92/100/8 109/180/137 106/101/9
f 98/181/138 107/96/4 109/161/123
f 87/95/3 97/182/87 93/93/1
f 90/183/139 94/148/56 97/150/116
f 85/137/45 60/184/140 57/108/16
f 91/185/141 58/94/2 60/112/96
f 92/100/8 67/120/28 95/186/142
f 67/187/92 93/93/1 95/147/55
f 99/151/59 57/108/16 71/123/31
f 205/272/1 170/273/2 199/274/3
f 219/275/4 198/276/5 213/277/6
f 190/278/7 204/279/8 218/280/9
f 178/281/10 184/282/11 171/283/12
f 191/284/13 212/285/14 185/286/15
f 169/287/16 173/288/93 175/289/18
f 170/273/2 173/290/95 172/291/96
f 171/283/12 173/292/21 174/293/98
f 176/294/23 180/295/24 182/296/25
f 177/297/26 180/298/143 179/299/144
f 178/281/10 180/300/29 181/301/145
f 183/302/31 187/303/102 189/304/103
f 184/282/11 187/305/104 186/306/105
f 185/286/15 187/307/146 188/308/37
f 190/278/7 194/309/107 196/310/39
f 191/284/13 194/311/40 193/312/41
f 192/313/42 194/314/43 195/315/110
f 197/316/45 201/317/147 203/318/112
f 198/276/5 201/319/154 200/320/113
f 199/274/3 201/321/114 202/322/51
f 204/279/8 208/323/155 210/324/156
f 205/272/1 208/325/54 207/326/55
f 206/327/56 208/328/157 209/329/116
f 211/330/59 215/331/117 217/332/158
f 212/285/14 215/333/159 214/334/119
f 213/277/6 215/335/160 216/336/120
f 218/280/9 222/337/121 224/338/122
f 219/275/4 222/339/161 221/340/162
f 220/341/70 222/342/71 223/343/72
f 169/287/16 186/344/150 183/302/31
f 186/306/105 171/283/12 184/282/11
f 170/273/2 182/296/25 174/345/74
f 182/346/126 171/283/12 174/293/98
f 190/278/7 181/347/151 177/297/26
f 196/348/152 178/281/10 181/301/145
f 185/286/15 195/349/153 191/284/13
f 195/315/110 184/282/11 192/313/42
f 183/302/31 214/350/130 211/330/59
f 189/351/131 212/285/14 214/334/119
f 190/278/7 224/338/122 193/352/132
f 224/353/82 191/284/13 193/312/41
f 213/277/6 223/354/134 219/275/4
f 216/355/84 220/341/70 223/343/72
f 211/330/59 200/356/163 197/316/45
f 217/357/136 198/276/5 200/320/113
f 204/279/8 221/358/164 218/280/9
f 210/359/165 219/275/4 221/340/162
f 199/274/3 209/360/87 205/272/1
f 202/361/139 206/327/56 209/329/116
f 169/287/16 203/318/112 172/362/166
f 203/363/141 170/273/2 172/291/96
f 177/297/26 207/364/91 204/279/8
f 207/326/55 176/294/23 205/272/1
f 211/330/59 169/287/16 183/302/31
f 317/394/1 282/189/2 311/190/3
f 331/395/4 310/396/5 325/397/6
f 302/194/7 316/195/8 330/196/9
f 290/367/10 296/398/11 283/399/12
f 303/400/13 324/401/14 297/402/15
f 281/201/16 285/202/186 287/110/18
f 282/189/2 285/154/19 284/203/20
f 283/399/12 285/403/21 286/404/98
f 288/405/23 292/406/168 294/407/25
f 289/207/26 292/208/99 291/209/187
f 290/367/10 292/371/29 293/372/145
f 295/212/31 299/213/102 301/214/103
f 296/398/11 299/408/34 298/409/105
f 297/402/15 299/215/36 300/216/188
f 302/194/7 306/217/107 308/218/39
f 303/400/13 306/410/189 305/411/173
f 304/375/42 306/376/43 307/377/110
f 309/224/45 313/225/175 315/226/112
f 310/396/5 313/412/48 312/413/113
f 311/190/3 313/229/50 314/230/51
f 316/195/8 320/231/155 322/232/53
f 317/394/1 320/414/176 319/415/177
f 318/416/56 320/417/57 321/418/116
f 323/238/59 327/239/117 329/240/61
f 324/401/14 327/241/62 326/242/63
f 325/397/6 327/419/64 328/420/120
f 330/196/9 334/245/121 336/246/122
f 331/395/4 334/421/68 333/422/123
f 332/423/70 334/424/179 335/425/72
f 281/201/16 298/165/190 295/212/31
f 287/426/125 296/398/11 298/409/105
f 288/405/23 286/252/74 282/189/2
f 294/388/126 283/399/12 286/404/98
f 302/194/7 293/254/191 289/207/26
f 308/389/152 290/367/10 293/372/145
f 303/400/13 300/216/188 307/427/77
f 300/428/129 304/375/42 307/377/110
f 295/212/31 326/257/130 323/238/59
f 301/258/80 324/401/14 326/242/63
f 330/196/9 305/259/132 302/194/7
f 336/429/133 303/400/13 305/411/173
f 331/395/4 328/420/120 335/430/134
f 328/431/181 332/423/70 335/425/72
f 323/238/59 312/262/182 309/224/45
f 329/432/136 310/396/5 312/413/113
f 316/195/8 333/264/183 330/196/9
f 322/433/138 331/395/4 333/422/123
f 317/394/1 314/230/51 321/434/87
f 314/435/139 318/416/56 321/418/116
f 309/224/45 284/268/89 281/201/16
f 315/269/90 282/189/2 284/203/20
f 289/207/26 319/270/142 316/195/8
f 291/436/185 317/394/1 319/415/177
f 323/238/59 281/201/16 295/212/31
f 429/531/1 394/94/2 423/95/3
f 443/532/4 422/192/5 437/193/6
f 414/533/7 428/534/8 442/535/9
f 402/102/10 408/103/11 395/104/12
f 415/536/13 436/537/14 409/538/15
f 393/539/16 397/540/198 399/541/94
f 394/94/2 397/111/199 396/112/96
f 395/104/12 397/113/97 398/114/98
f 400/542/23 404/543/24 406/544/25
f 401/545/26 404/546/200 403/547/144
f 402/102/10 404/121/100 405/122/101
f 407/548/31 411/549/201 413/550/103
f 408/103/11 411/126/104 410/127/105
f 409/538/15 411/551/146 412/552/37
f 414/533/7 418/553/202 420/554/108
f 415/536/13 418/555/40 417/556/41
f 416/134/42 418/135/109 419/136/110
f 421/557/45 425/558/203 427/559/112
f 422/192/5 425/227/154 424/228/113
f 423/95/3 425/142/114 426/143/51
f 428/534/8 432/560/204 434/561/53
f 429/531/1 432/562/54 431/563/55
f 430/564/56 432/565/57 433/566/116
f 435/567/59 439/217/205 441/568/61
f 436/537/14 439/569/118 438/570/119
f 437/193/6 439/243/64 440/244/120
f 442/535/9 446/571/206 448/572/67
f 443/532/4 446/573/68 445/574/123
f 444/575/70 446/576/71 447/577/72
f 393/539/16 410/578/124 407/548/31
f 399/166/125 408/103/11 410/127/105
f 400/542/23 398/167/74 394/94/2
f 406/168/126 395/104/12 398/114/98
f 414/533/7 405/579/127 401/545/26
f 420/170/128 402/102/10 405/122/101
f 409/538/15 419/580/77 415/536/13
f 412/172/129 416/134/42 419/136/110
f 435/567/59 413/550/103 438/259/207
f 413/581/131 436/537/14 438/570/119
f 442/535/9 417/582/81 414/533/7
f 448/583/82 415/536/13 417/556/41
f 437/193/6 447/584/134 443/532/4
f 440/585/84 444/575/70 447/577/72
f 435/567/59 424/586/135 421/557/45
f 424/228/113 437/193/6 422/192/5
f 428/534/8 445/587/137 442/535/9
f 434/588/138 443/532/4 445/574/123
f 423/95/3 433/589/208 429/531/1
f 433/566/116 422/192/5 430/564/56
f 421/557/45 396/590/140 393/539/16
f 427/185/141 394/94/2 396/112/96
f 428/534/8 403/547/144 431/591/142
f 403/592/92 429/531/1 431/563/55
f 435/567/59 393/539/16 407/548/31
f 541/639/1 506/640/2 535/641/3
f 555/642/4 534/643/5 549/644/6
f 526/645/7 540/646/8 554/647/9
f 514/648/10 520/649/11 507/650/12
f 527/651/13 548/652/14 521/653/15
f 505/654/16 509/655/198 511/656/18
f 506/640/2 509/657/95 508/658/96
f 507/650/12 509/659/21 510/660/98
f 512/661/23 516/662/24 518/663/209
f 513/664/26 516/665/200 515/666/144
f 514/648/10 516/667/29 517/668/145
f 519/669/31 523/670/201 525/671/103
f 520/649/11 523/672/34 522/673/105
f 521/653/15 523/674/146 524/675/37
f 526/645/7 530/676/211 532/677/39
f 527/651/13 530/678/40 529/679/41
f 528/680/42 530/681/43 531/682/110
f 533/683/45 537/684/203 539/685/112
f 534/643/5 537/686/154 536/687/113
f 535/641/3 537/688/212 538/689/51
f 540/646/8 544/690/204 546/691/156
f 541/639/1 544/692/54 543/693/55
f 542/694/56 544/695/157 545/696/116
f 547/697/59 551/698/205 553/699/158
f 548/652/14 551/700/118 550/701/119
f 549/644/6 551/702/160 552/703/120
f 554/647/9 558/704/213 560/705/67
f 555/642/4 558/706/161 557/707/162
f 556/708/70 558/709/71 559/710/72
f 505/654/16 522/711/150 519/669/31
f 511/712/125 520/649/11 522/673/105
f 506/640/2 518/663/209 510/713/74
f 518/714/126 507/650/12 510/660/98
f 526/645/7 517/715/151 513/664/26
f 532/716/152 514/648/10 517/668/145
f 521/653/15 531/717/77 527/651/13
f 524/718/129 528/680/42 531/682/110
f 519/669/31 550/719/130 547/697/59
f 525/720/131 548/652/14 550/701/119
f 526/645/7 560/705/67 529/721/132
f 560/722/82 527/651/13 529/679/41
f 549/644/6 559/723/134 555/642/4
f 559/710/72 548/652/14 556/708/70
f 547/697/59 536/724/163 533/683/45
f 553/725/136 534/643/5 536/687/113
f 540/646/8 557/726/164 554/647/9
f 546/727/165 555/642/4 557/707/162
f 535/641/3 545/728/87 541/639/1
f 538/729/139 542/694/56 545/696/116
f 533/683/45 508/730/140 505/654/16
f 539/731/141 506/640/2 508/658/96
f 513/664/26 543/732/142 540/646/8
f 543/693/55 512/661/23 541/639/1
f 547/697/59 505/654/16 519/669/31
f 653/400/1 618/401/2 647/402/3
f 667/395/4 646/396/5 661/397/6
f 638/593/7 652/594/8 666/595/9
f 626/751/10 632/752/11 619/753/12
f 639/394/13 660/189/14 633/190/15
f 617/599/16 621/600/198 623/601/18
f 618/401/2 621/241/19 620/242/20
f 619/753/12 621/754/21 622/755/98
f 624/423/23 628/424/168 630/425/25
f 625/604/26 628/605/200 627/606/144
f 626/751/10 628/756/29 629/757/145
f 631/609/31 635/610/217 637/611/103
f 632/752/11 635/758/34 634/759/105
f 633/190/15 635/229/36 636/230/37
f 638/593/7 642/614/202 644/615/39
f 639/394/13 642/414/189 641/415/173
f 640/760/42 642/761/43 643/762/110
f 645/619/45 649/225/203 651/620/112
f 646/396/5 649/412/48 648/413/113
f 647/402/3 649/215/50 650/216/218
f 652/594/8 656/621/204 658/622/53
f 653/400/1 656/410/176 655/411/177
f 654/416/56 656/417/57 657/418/116
f 659/623/59 663/239/215 665/624/61
f 660/189/14 663/154/62 662/203/63
f 661/397/6 663/419/64 664/420/120
f 666/595/9 670/625/213 672/626/219
f 667/395/4 670/421/68 669/422/123
f 668/405/70 670/406/179 671/407/72
f 617/599/16 634/627/190 631/609/31
f 623/763/125 632/752/11 634/759/105
f 624/423/23 622/431/220 618/401/2
f 622/755/98 626/751/10 619/753/12
f 638/593/7 629/630/191 625/604/26
f 644/764/152 626/751/10 629/757/145
f 639/394/13 636/230/37 643/434/77
f 636/765/129 640/760/42 643/762/110
f 631/609/31 662/633/79 659/623/59
f 637/269/80 660/189/14 662/203/63
f 666/595/9 641/634/132 638/593/7
f 672/436/133 639/394/13 641/415/173
f 661/397/6 671/430/134 667/395/4
f 664/252/84 668/405/70 671/407/72
f 659/623/59 648/635/182 645/619/45
f 665/432/136 646/396/5 648/413/113
f 652/594/8 669/636/183 666/595/9
f 658/433/138 667/395/4 669/422/123
f 653/400/1 650/216/218 657/427/87
f 650/435/139 654/416/56 657/418/116
f 645/619/45 620/637/140 617/599/16
f 651/258/90 618/401/2 620/242/20
f 625/604/26 655/638/142 652/594/8
f 627/429/185 653/400/1 655/411/177
f 659/623/59 617/599/16 631/609/31
f 93/93/1 64/115/23 58/94/2
f 107/96/4 94/148/56 86/97/5
f 78/99/7 65/118/26 92/100/8
f 66/102/10 80/134/42 72/103/11
f 79/105/13 108/162/70 100/106/14
f 57/108/16 60/184/140 61/109/93
f 58/94/2 62/167/74 61/111/95
f 59/104/12 63/166/125 61/113/97
f 64/115/23 67/187/92 68/116/24
f 65/118/26 69/169/127 68/119/99
f 66/102/10 70/168/126 68/121/100
f 71/123/31 74/165/124 75/124/102
f 72/103/11 76/172/129 75/126/104
f 73/107/15 77/174/131 75/128/106
f 78/99/7 81/175/132 82/130/107
f 79/105/13 83/171/77 82/132/40
f 80/134/42 84/170/128 82/135/109
f 85/137/45 88/178/135 89/138/111
f 86/97/5 90/183/139 89/140/48
f 87/95/3 91/185/141 89/142/114
f 92/100/8 95/186/142 96/144/115
f 93/93/1 97/182/87 96/146/54
f 94/148/56 98/181/138 96/149/57
f 99/151/59 102/173/130 103/152/117
f 100/106/14 104/252/84 103/154/118
f 101/98/6 105/179/136 103/156/64
f 106/101/9 109/180/137 110/158/121
f 107/96/4 111/177/134 110/160/68
f 108/162/70 112/176/133 110/163/71
f 57/108/16 63/110/94 74/165/124
f 63/166/125 59/104/12 72/103/11
f 58/94/2 64/115/23 70/117/25
f 70/168/126 66/102/10 59/104/12
f 78/99/7 84/131/108 69/169/127
f 84/170/128 80/134/42 66/102/10
f 73/107/15 76/129/37 83/171/77
f 76/172/129 72/103/11 80/134/42
f 71/123/31 77/125/103 102/173/130
f 77/174/131 73/107/15 100/106/14
f 106/101/9 112/159/122 81/175/132
f 112/176/133 108/162/70 79/105/13
f 101/98/6 104/157/120 111/177/134
f 111/164/72 104/252/84 100/106/14
f 99/151/59 105/153/61 88/178/135
f 105/179/136 101/98/6 86/97/5
f 92/100/8 98/145/53 109/180/137
f 98/181/138 94/148/56 107/96/4
f 87/95/3 90/143/51 97/182/87
f 90/183/139 86/97/5 94/148/56
f 85/137/45 91/139/112 60/184/140
f 91/185/141 87/95/3 58/94/2
f 92/100/8 65/118/26 67/120/28
f 67/187/92 64/115/23 93/93/1
f 99/151/59 85/137/45 57/108/16
f 205/272/1 176/294/23 170/273/2
f 219/275/4 206/327/56 198/276/5
f 190/278/7 177/297/26 204/279/8
f 178/281/10 192/313/42 184/282/11
f 191/284/13 220/341/70 212/285/14
f 169/287/16 172/362/166 173/288/93
f 170/273/2 174/345/74 173/290/95
f 171/283/12 175/1129/125 173/292/21
f 176/294/23 179/1130/92 180/295/24
f 177/297/26 181/347/151 180/298/143
f 178/281/10 182/346/126 180/300/29
f 183/302/31 186/344/150 187/303/102
f 184/282/11 188/1131/129 187/305/104
f 185/286/15 189/351/131 187/307/146
f 190/278/7 193/352/132 194/309/107
f 191/284/13 195/349/153 194/311/40
f 192/313/42 196/348/152 194/314/43
f 197/316/45 200/356/163 201/317/147
f 198/276/5 202/361/139 201/319/154
f 199/274/3 203/363/141 201/321/114
f 204/279/8 207/364/91 208/323/155
f 205/272/1 209/360/87 208/325/54
f 206/327/56 210/359/165 208/328/157
f 211/330/59 214/350/130 215/331/117
f 212/285/14 216/355/84 215/333/159
f 213/277/6 217/357/136 215/335/160
f 218/280/9 221/358/164 222/337/121
f 219/275/4 223/354/134 222/339/161
f 220/341/70 224/353/82 222/342/71
f 169/287/16 175/289/18 186/344/150
f 186/306/105 175/1129/125 171/283/12
f 170/273/2 176/294/23 182/296/25
f 182/346/126 178/281/10 171/283/12
f 190/278/7 196/310/39 181/347/151
f 196/348/152 192/313/42 178/281/10
f 185/286/15 188/308/37 195/349/153
f 195/315/110 188/1131/129 184/282/11
f 183/302/31 189/304/103 214/350/130
f 189/351/131 185/286/15 212/285/14
f 190/278/7 218/280/9 224/338/122
f 224/353/82 220/341/70 191/284/13
f 213/277/6 216/336/120 223/354/134
f 216/355/84 212/285/14 220/341/70
f 211/330/59 217/332/158 200/356/163
f 217/357/136 213/277/6 198/276/5
f 204/279/8 210/324/156 221/358/164
f 210/359/165 206/327/56 219/275/4
f 199/274/3 202/322/51 209/360/87
f 202/361/139 198/276/5 206/327/56
f 169/287/16 197/316/45 203/318/112
f 203/363/141 199/274/3 170/273/2
f 177/297/26 179/299/144 207/364/91
f 207/326/55 179/1130/92 176/294/23
f 211/330/59 197/316/45 169/287/16
f 317/394/1 288/405/23 282/189/2
f 331/395/4 318/416/56 310/396/5
f 302/194/7 289/207/26 316/195/8
f 290/367/10 304/375/42 296/398/11
f 303/400/13 332/423/70 324/401/14
f 281/201/16 284/268/89 285/202/186
f 282/189/2 286/252/74 285/154/19
f 283/399/12 287/426/125 285/403/21
f 288/405/23 291/436/185 292/406/168
f 289/207/26 293/254/191 292/208/99
f 290/367/10 294/388/126 292/371/29
f 295/212/31 298/165/190 299/213/102
f 296/398/11 300/428/129 299/408/34
f 297/402/15 301/258/80 299/215/36
f 302/194/7 305/259/132 306/217/107
f 303/400/13 307/427/77 306/410/189
f 304/375/42 308/389/152 306/376/43
f 309/224/45 312/262/182 313/225/175
f 310/396/5 314/435/139 313/412/48
f 311/190/3 315/269/90 313/229/50
f 316/195/8 319/270/142 320/231/155
f 317/394/1 321/434/87 320/414/176
f 318/416/56 322/433/138 320/417/57
f 323/238/59 326/257/130 327/239/117
f 324/401/14 328/431/181 327/241/62
f 325/397/6 329/432/136 327/419/64
f 330/196/9 333/264/183 334/245/121
f 331/395/4 335/430/134 334/421/68
f 332/423/70 336/429/133 334/424/179
f 281/201/16 287/110/18 298/165/190
f 287/426/125 283/399/12 296/398/11
f 288/405/23 294/407/25 286/252/74
f 294/388/126 290/367/10 283/399/12
f 302/194/7 308/218/39 293/254/191
f 308/389/152 304/375/42 290/367/10
f 303/400/13 297/402/15 300/216/188
f 300/428/129 296/398/11 304/375/42
f 295/212/31 301/214/103 326/257/130
f 301/258/80 297/402/15 324/401/14
f 330/196/9 336/246/122 305/259/132
f 336/429/133 332/423/70 303/400/13
f 331/395/4 325/397/6 328/420/120
f 328/431/181 324/401/14 332/423/70
f 323/238/59 329/240/61 312/262/182
f 329/432/136 325/397/6 310/396/5
f 316/195/8 322/232/53 333/264/183
f 322/433/138 318/416/56 331/395/4
f 317/394/1 311/190/3 314/230/51
f 314/435/139 310/396/5 318/416/56
f 309/224/45 315/226/112 284/268/89
f 315/269/90 311/190/3 282/189/2
f 289/207/26 291/209/187 319/270/142
f 291/436/185 288/405/23 317/394/1
f 323/238/59 309/224/45 281/201/16
f 429/531/1 400/542/23 394/94/2
f 443/532/4 430/564/56 422/192/5
f 414/533/7 401/545/26 428/534/8
f 402/102/10 416/134/42 408/103/11
f 415/536/13 444/575/70 436/537/14
f 393/539/16 396/590/140 397/540/198
f 394/94/2 398/167/74 397/111/199
f 395/104/12 399/166/125 397/113/97
f 400/542/23 403/592/92 404/543/24
f 401/545/26 405/579/127 404/546/200
f 402/102/10 406/168/126 404/121/100
f 407/548/31 410/578/124 411/549/201
f 408/103/11 412/172/129 411/126/104
f 409/538/15 413/581/131 411/551/146
f 414/533/7 417/582/81 418/553/202
f 415/536/13 419/580/77 418/555/40
f 416/134/42 420/170/128 418/135/109
f 421/557/45 424/586/135 425/558/203
f 422/192/5 426/267/139 425/227/154
f 423/95/3 427/185/141 425/142/114
f 428/534/8 431/591/142 432/560/204
f 429/531/1 433/589/208 432/562/54
f 430/564/56 434/588/138 432/565/57
f 435/567/59 438/259/207 439/217/205
f 436/537/14 440/585/84 439/569/118
f 437/193/6 441/263/136 439/243/64
f 442/535/9 445/587/137 446/571/206
f 443/532/4 447/584/134 446/573/68
f 444/575/70 448/583/82 446/576/71
f 393/539/16 399/541/94 410/578/124
f 399/166/125 395/104/12 408/103/11
f 400/542/23 406/544/25 398/167/74
f 406/168/126 402/102/10 395/104/12
f 414/533/7 420/554/108 405/579/127
f 420/170/128 416/134/42 402/102/10
f 409/538/15 412/552/37 419/580/77
f 412/172/129 408/103/11 416/134/42
f 435/567/59 407/548/31 413/550/103
f 413/581/131 409/538/15 436/537/14
f 442/535/9 448/572/67 417/582/81
f 448/583/82 444/575/70 415/536/13
f 437/193/6 440/244/120 447/584/134
f 440/585/84 436/537/14 444/575/70
f 435/567/59 441/568/61 424/586/135
f 424/228/113 441/263/136 437/193/6
f 428/534/8 434/561/53 445/587/137
f 434/588/138 430/564/56 443/532/4
f 423/95/3 426/143/51 433/589/208
f 433/566/116 426/267/139 422/192/5
f 421/557/45 427/559/112 396/590/140
f 427/185/141 423/95/3 394/94/2
f 428/534/8 401/545/26 403/547/144
f 403/592/92 400/542/23 429/531/1
f 435/567/59 421/557/45 393/539/16
f 541/639/1 512/661/23 506/640/2
f 555/642/4 542/694/56 534/643/5
f 526/645/7 513/664/26 540/646/8
f 514/648/10 528/680/42 520/649/11
f 527/651/13 556/708/70 548/652/14
f 505/654/16 508/730/140 509/655/198
f 506/640/2 510/713/74 509/657/95
f 507/650/12 511/712/125 509/659/21
f 512/661/23 515/1135/92 516/662/24
f 513/664/26 517/715/151 516/665/200
f 514/648/10 518/714/126 516/667/29
f 519/669/31 522/711/150 523/670/201
f 520/649/11 524/718/129 523/672/34
f 521/653/15 525/720/131 523/674/146
f 526/645/7 529/721/132 530/676/211
f 527/651/13 531/717/77 530/678/40
f 528/680/42 532/716/152 530/681/43
f 533/683/45 536/724/163 537/684/203
f 534/643/5 538/729/139 537/686/154
f 535/641/3 539/731/141 537/688/212
f 540/646/8 543/732/142 544/690/204
f 541/639/1 545/728/87 544/692/54
f 542/694/56 546/727/165 544/695/157
f 547/697/59 550/719/130 551/698/205
f 548/652/14 552/1136/84 551/700/118
f 549/644/6 553/725/136 551/702/160
f 554/647/9 557/726/164 558/704/213
f 555/642/4 559/723/134 558/706/161
f 556/708/70 560/722/82 558/709/71
f 505/654/16 511/656/18 522/711/150
f 511/712/125 507/650/12 520/649/11
f 506/640/2 512/661/23 518/663/209
f 518/714/126 514/648/10 507/650/12
f 526/645/7 532/677/39 517/715/151
f 532/716/152 528/680/42 514/648/10
f 521/653/15 524/675/37 531/717/77
f 524/718/129 520/649/11 528/680/42
f 519/669/31 525/671/103 550/719/130
f 525/720/131 521/653/15 548/652/14
f 526/645/7 554/647/9 560/705/67
f 560/722/82 556/708/70 527/651/13
f 549/644/6 552/703/120 559/723/134
f 559/710/72 552/1136/84 548/652/14
f 547/697/59 553/699/158 536/724/163
f 553/725/136 549/644/6 534/643/5
f 540/646/8 546/691/156 557/726/164
f 546/727/165 542/694/56 555/642/4
f 535/641/3 538/689/51 545/728/87
f 538/729/139 534/643/5 542/694/56
f 533/683/45 539/685/112 508/730/140
f 539/731/141 535/641/3 506/640/2
f 513/664/26 515/666/144 543/732/142
f 543/693/55 515/1135/92 512/661/23
f 547/697/59 533/683/45 505/654/16
f 653/400/1 624/423/23 618/401/2
f 667/395/4 654/416/56 646/396/5
f 638/593/7 625/604/26 652/594/8
f 626/751/10 640/760/42 632/752/11
f 639/394/13 668/405/70 660/189/14
f 617/599/16 620/637/140 621/600/198
f 618/401/2 622/431/220 621/241/19
f 619/753/12 623/763/125 621/754/21
f 624/423/23 627/429/185 628/424/168
f 625/604/26 629/630/191 628/605/200
f 626/751/10 630/1137/126 628/756/29
f 631/609/31 634/627/190 635/610/217
f 632/752/11 636/765/129 635/758/34
f 633/190/15 637/269/80 635/229/36
f 638/593/7 641/634/132 642/614/202
f 639/394/13 643/434/77 642/414/189
f 640/760/42 644/764/152 642/761/43
f 645/619/45 648/635/182 649/225/203
f 646/396/5 650/435/139 649/412/48
f 647/402/3 651/258/90 649/215/50
f 652/594/8 655/638/142 656/621/204
f 653/400/1 657/427/87 656/410/176
f 654/416/56 658/433/138 656/417/57
f 659/623/59 662/633/79 663/239/215
f 660/189/14 664/252/84 663/154/62
f 661/397/6 665/432/136 663/419/64
f 666/595/9 669/636/183 670/625/213
f 667/395/4 671/430/134 670/421/68
f 668/405/70 672/436/133 670/406/179
f 617/599/16 623/601/18 634/627/190
f 623/763/125 619/753/12 632/752/11
f 624/423/23 630/425/25 622/431/220
f 622/755/98 630/1137/126 626/751/10
f 638/593/7 644/615/39 629/630/191
f 644/764/152 640/760/42 626/751/10
f 639/394/13 633/190/15 636/230/37
f 636/765/129 632/752/11 640/760/42
f 631/609/31 637/611/103 662/633/79
f 637/269/80 633/190/15 660/189/14
f 666/595/9 672/626/219 641/634/132
f 672/436/133 668/405/70 639/394/13
f 661/397/6 664/420/120 671/430/134
f 664/252/84 660/189/14 668/405/70
f 659/623/59 665/624/61 648/635/182
f 665/432/136 661/397/6 646/396/5
f 652/594/8 658/622/53 669/636/183
f 658/433/138 654/416/56 667/395/4
f 653/400/1 647/402/3 650/216/218
f 650/435/139 646/396/5 654/416/56
f 645/619/45 651/620/112 620/637/140
f 651/258/90 647/402/3 618/401/2
f 625/604/26 627/606/144 655/638/142
f 627/429/185 624/423/23 653/400/1
f 659/623/59 645/619/45 617/599/16
usemtl WallMetalPanel
f 149/188/1 114/189/2 143/190/3
f 163/191/4 142/192/5 157/193/6
f 134/194/7 148/195/8 162/196/9
f 122/197/10 128/103/11 115/104/12
f 135/198/13 156/199/14 129/200/15
f 113/201/16 117/202/93 119/110/18
f 114/189/2 117/154/95 116/203/96
f 115/104/12 117/113/21 118/114/98
f 120/204/23 124/205/24 126/206/25
f 121/207/26 124/208/143 123/209/144
f 122/197/10 124/210/29 125/211/145
f 127/212/31 131/213/102 133/214/103
f 128/103/11 131/126/34 130/127/105
f 129/200/15 131/215/146 132/216/37
f 134/194/7 138/217/107 140/218/39
f 135/198/13 138/219/40 137/220/41
f 136/221/42 138/222/43 139/223/110
f 141/224/45 145/225/147 147/226/148
f 142/192/5 145/227/48 144/228/113
f 143/190/3 145/229/114 146/230/51
f 148/195/8 152/231/115 154/232/53
f 149/188/1 152/233/54 151/234/55
f 150/235/56 152/236/57 153/237/116
f 155/238/59 159/239/117 161/240/61
f 156/199/14 159/241/118 158/242/119
f 157/193/6 159/243/64 160/244/120
f 162/196/9 166/245/121 168/246/122
f 163/191/4 166/247/68 165/248/123
f 164/249/70 166/250/71 167/251/149
f 113/201/16 130/165/150 127/212/31
f 119/166/125 128/103/11 130/127/105
f 114/189/2 126/206/25 118/252/74
f 126/253/126 115/104/12 118/114/98
f 134/194/7 125/254/151 121/207/26
f 140/255/152 122/197/10 125/211/145
f 129/200/15 139/256/153 135/198/13
f 139/223/110 128/103/11 136/221/42
f 127/212/31 158/257/130 155/238/59
f 133/258/131 156/199/14 158/242/119
f 162/196/9 137/259/132 134/194/7
f 168/260/82 135/198/13 137/220/41
f 157/193/6 167/261/134 163/191/4
f 167/251/149 156/199/14 164/249/70
f 155/238/59 144/262/135 141/224/45
f 161/263/136 142/192/5 144/228/113
f 148/195/8 165/264/137 162/196/9
f 154/265/138 163/191/4 165/248/123
f 143/190/3 153/266/87 149/188/1
f 146/267/139 150/235/56 153/237/116
f 141/224/45 116/268/140 113/201/16
f 147/269/141 114/189/2 116/203/96
f 121/207/26 151/270/91 148/195/8
f 123/271/92 149/188/1 151/234/55
f 155/238/59 113/201/16 127/212/31
f 261/365/1 226/94/2 255/95/3
f 275/366/4 254/97/5 269/98/6
f 246/99/7 260/100/8 274/101/9
f 234/367/10 240/103/11 227/104/12
f 247/368/13 268/106/14 241/107/15
f 225/108/16 229/109/93 231/110/94
f 226/94/2 229/111/19 228/112/20
f 227/104/12 229/113/167 230/114/98
f 232/369/23 236/370/168 238/117/25
f 233/118/26 236/119/99 235/120/144
f 234/367/10 236/371/169 237/372/145
f 239/123/31 243/124/102 245/125/103
f 240/103/11 243/126/170 242/127/171
f 241/107/15 243/128/36 244/129/37
f 246/99/7 250/130/107 252/131/108
f 247/368/13 250/373/172 249/374/173
f 248/375/42 250/376/174 251/377/110
f 253/137/45 257/138/175 259/139/47
f 254/97/5 257/140/48 256/141/113
f 255/95/3 257/142/50 258/143/51
f 260/100/8 264/144/155 266/145/53
f 261/365/1 264/378/176 263/379/177
f 262/380/56 264/381/57 265/382/116
f 267/151/59 271/152/117 273/153/61
f 268/106/14 271/154/62 270/155/63
f 269/98/6 271/156/64 272/157/120
f 274/101/9 278/158/121 280/159/122
f 275/366/4 278/383/178 277/384/123
f 276/385/70 278/386/179 279/387/72
f 225/108/16 242/165/124 239/123/31
f 231/166/180 240/103/11 242/127/171
f 232/369/23 230/167/74 226/94/2
f 238/388/126 227/104/12 230/114/98
f 246/99/7 237/169/127 233/118/26
f 252/389/152 234/367/10 237/372/145
f 241/107/15 251/390/77 247/368/13
f 244/172/129 248/375/42 251/377/110
f 267/151/59 245/125/103 270/173/130
f 245/174/80 268/106/14 270/155/63
f 274/101/9 249/175/132 246/99/7
f 280/391/133 247/368/13 249/374/173
f 275/366/4 272/157/120 279/392/134
f 272/252/181 276/385/70 279/387/72
f 267/151/59 256/178/182 253/137/45
f 273/179/136 254/97/5 256/141/113
f 260/100/8 277/180/183 274/101/9
f 277/384/123 262/380/56 275/366/4
f 255/95/3 265/182/87 261/365/1
f 258/183/139 262/380/56 265/382/116
f 253/137/45 228/184/89 225/108/16
f 259/185/90 226/94/2 228/112/20
f 260/100/8 235/120/144 263/186/184
f 235/393/185 261/365/1 263/379/177
f 267/151/59 225/108/16 239/123/31
f 373/437/1 338/438/2 367/439/3
f 387/440/4 366/441/5 381/442/6
f 358/443/7 372/444/8 386/445/9
f 346/446/10 352/447/11 339/448/12
f 359/449/13 380/450/14 353/451/15
f 337/452/16 341/453/186 343/454/18
f 338/438/2 341/455/19 340/456/20
f 339/448/12 341/457/21 342/458/98
f 344/459/23 348/460/168 350/461/25
f 345/462/26 348/463/99 347/464/187
f 346/446/10 348/465/29 349/466/145
f 351/467/31 355/468/102 357/469/103
f 352/447/11 355/470/34 354/471/105
f 353/451/15 355/472/36 356/473/37
f 358/443/7 362/474/107 364/475/39
f 359/449/13 362/476/189 361/477/173
f 360/478/42 362/479/43 363/480/110
f 365/481/45 369/482/147 371/483/47
f 366/441/5 369/484/192 368/485/193
f 367/439/3 369/486/50 370/487/51
f 372/444/8 376/488/155 378/489/156
f 373/437/1 376/490/176 375/491/177
f 374/492/56 376/493/194 377/494/116
f 379/495/59 383/496/117 385/497/158
f 380/450/14 383/498/62 382/499/63
f 381/442/6 383/500/195 384/501/120
f 386/445/9 390/502/121 392/503/122
f 387/440/4 390/504/178 389/505/123
f 388/506/70 390/507/196 391/508/72
f 337/452/16 354/509/190 351/467/31
f 343/510/125 352/447/11 354/471/105
f 344/459/23 342/511/74 338/438/2
f 342/458/98 346/446/10 339/448/12
f 358/443/7 349/512/191 345/462/26
f 364/513/152 346/446/10 349/466/145
f 359/449/13 356/473/37 363/514/77
f 356/515/129 360/478/42 363/480/110
f 351/467/31 382/516/130 379/495/59
f 357/517/131 380/450/14 382/499/63
f 386/445/9 361/518/132 358/443/7
f 392/519/133 359/449/13 361/477/173
f 381/442/6 391/520/134 387/440/4
f 384/521/84 388/506/70 391/508/72
f 379/495/59 368/522/163 365/481/45
f 385/523/197 366/441/5 368/485/193
f 372/444/8 389/524/164 386/445/9
f 378/525/138 387/440/4 389/505/123
f 373/437/1 370/487/51 377/526/87
f 370/527/139 374/492/56 377/494/116
f 337/452/16 371/483/47 340/528/140
f 371/529/90 338/438/2 340/456/20
f 345/462/26 375/530/142 372/444/8
f 375/491/177 344/459/23 373/437/1
f 379/495/59 337/452/16 351/467/31
f 485/198/1 450/199/2 479/200/3
f 499/191/4 478/192/5 493/193/6
f 470/593/7 484/594/8 498/595/9
f 458/596/10 464/597/11 451/598/12
f 471/188/13 492/189/14 465/190/15
f 449/599/16 453/600/198 455/601/18
f 450/199/2 453/241/95 452/242/96
f 451/598/12 453/602/21 454/603/98
f 456/249/23 460/250/24 462/251/209
f 457/604/26 460/605/200 459/606/144
f 458/596/10 460/607/29 461/608/145
f 463/609/31 467/610/201 469/611/210
f 464/597/11 467/612/34 466/613/105
f 465/190/15 467/229/146 468/230/37
f 470/593/7 474/614/211 476/615/39
f 471/188/13 474/233/40 473/234/41
f 472/616/42 474/617/43 475/618/110
f 477/619/45 481/225/203 483/620/112
f 478/192/5 481/227/48 480/228/113
f 479/200/3 481/215/114 482/216/51
f 484/594/8 488/621/204 490/622/53
f 485/198/1 488/219/54 487/220/55
f 486/235/56 488/236/57 489/237/116
f 491/623/59 495/239/205 497/624/61
f 492/189/14 495/154/118 494/203/119
f 493/193/6 495/243/64 496/244/120
f 498/595/9 502/625/206 504/626/122
f 499/191/4 502/247/68 501/248/123
f 500/204/70 502/205/71 503/206/72
f 449/599/16 466/627/150 463/609/31
f 455/628/125 464/597/11 466/613/105
f 450/199/2 462/251/209 454/431/74
f 462/629/126 451/598/12 454/603/98
f 470/593/7 461/630/151 457/604/26
f 476/631/152 458/596/10 461/608/145
f 465/190/15 475/266/77 471/188/13
f 468/632/129 472/616/42 475/618/110
f 463/609/31 494/633/130 491/623/59
f 469/269/131 492/189/14 494/203/119
f 498/595/9 473/634/81 470/593/7
f 504/271/82 471/188/13 473/234/41
f 493/193/6 503/261/134 499/191/4
f 503/206/72 492/189/14 500/204/70
f 491/623/59 480/635/135 477/619/45
f 497/263/136 478/192/5 480/228/113
f 484/594/8 501/636/137 498/595/9
f 490/265/138 499/191/4 501/248/123
f 479/200/3 489/256/208 485/198/1
f 489/237/116 478/192/5 486/235/56
f 477/619/45 452/637/140 449/599/16
f 483/258/141 450/199/2 452/242/96
f 457/604/26 487/638/142 484/594/8
f 459/260/92 485/198/1 487/220/55
f 491/623/59 449/599/16 463/609/31
f 597/365/1 562/94/2 591/95/3
f 611/733/4 590/192/5 605/193/6
f 582/533/7 596/534/8 610/535/9
f 570/367/10 576/103/11 563/104/12
f 583/734/13 604/537/14 577/538/15
f 561/539/16 565/540/198 567/541/94
f 562/94/2 565/111/19 564/112/20
f 563/104/12 565/113/167 566/114/98
f 568/369/23 572/370/214 574/117/25
f 569/545/26 572/546/200 571/547/144
f 570/367/10 572/371/169 573/372/145
f 575/548/31 579/549/201 581/550/33
f 576/103/11 579/126/170 578/127/171
f 577/538/15 579/551/36 580/552/37
f 582/533/7 586/553/202 588/554/108
f 583/734/13 586/735/189 585/736/173
f 584/375/42 586/376/174 587/377/110
f 589/557/45 593/558/203 595/559/112
f 590/192/5 593/227/48 592/228/113
f 591/95/3 593/142/50 594/143/51
f 596/534/8 600/560/204 602/561/53
f 597/365/1 600/378/176 599/379/177
f 598/737/56 600/738/57 601/739/116
f 603/567/59 607/217/215 609/568/61
f 604/537/14 607/569/62 606/740/63
f 605/193/6 607/243/64 608/244/120
f 610/535/9 614/571/216 616/572/122
f 611/733/4 614/741/68 613/742/123
f 612/743/70 614/744/179 615/745/72
f 561/539/16 578/578/124 575/548/31
f 567/166/180 576/103/11 578/127/171
f 568/369/23 566/167/74 562/94/2
f 574/388/126 563/104/12 566/114/98
f 582/533/7 573/579/127 569/545/26
f 588/389/152 570/367/10 573/372/145
f 583/734/13 580/552/37 587/746/77
f 580/172/129 584/375/42 587/377/110
f 603/567/59 581/550/33 606/259/130
f 581/747/80 604/537/14 606/740/63
f 610/535/9 585/582/132 582/533/7
f 616/748/133 583/734/13 585/736/173
f 605/193/6 615/749/134 611/733/4
f 608/585/84 612/743/70 615/745/72
f 603/567/59 592/586/182 589/557/45
f 609/263/136 590/192/5 592/228/113
f 596/534/8 613/587/183 610/535/9
f 602/750/138 611/733/4 613/742/123
f 597/365/1 594/143/51 601/182/87
f 594/267/139 598/737/56 601/739/116
f 589/557/45 564/590/140 561/539/16
f 595/185/141 562/94/2 564/112/20
f 569/545/26 599/591/142 596/534/8
f 571/393/185 597/365/1 599/379/177
f 603/567/59 561/539/16 575/548/31
f 709/766/1 674/767/2 703/768/3
f 723/769/4 702/770/5 717/771/6
f 694/772/7 708/773/8 722/774/9
f 682/775/10 688/776/11 675/448/12
f 695/777/13 716/778/14 689/779/15
f 673/780/16 677/781/198 679/782/18
f 674/767/2 677/783/19 676/784/20
f 675/448/12 677/785/21 678/786/98
f 680/787/23 684/788/168 686/789/25
f 681/790/26 684/791/200 683/792/144
f 682/775/10 684/793/29 685/794/145
f 687/795/31 691/796/217 693/797/33
f 688/776/11 691/798/34 690/799/105
f 689/779/15 691/800/36 692/801/37
f 694/772/7 698/802/202 700/475/39
f 695/777/13 698/803/189 697/804/173
f 696/805/42 698/806/43 699/807/110
f 701/808/45 705/809/203 707/810/112
f 702/770/5 705/811/192 704/812/193
f 703/768/3 705/813/50 706/814/51
f 708/773/8 712/488/204 714/815/156
f 709/766/1 712/816/221 711/817/177
f 710/818/56 712/819/194 713/820/116
f 715/821/59 719/822/205 721/823/158
f 716/778/14 719/824/62 718/825/63
f 717/771/6 719/826/195 720/827/120
f 722/774/9 726/502/213 728/503/122
f 723/769/4 726/828/178 725/829/123
f 724/830/70 726/831/179 727/508/72
f 673/780/16 690/832/190 687/795/31
f 679/510/125 688/776/11 690/799/105
f 680/787/23 678/833/220 674/767/2
f 678/786/98 682/775/10 675/448/12
f 694/772/7 685/512/191 681/790/26
f 700/834/152 682/775/10 685/794/145
f 689/779/15 699/835/77 695/777/13
f 692/515/129 696/805/42 699/807/110
f 687/795/31 718/836/79 715/821/59
f 693/837/80 716/778/14 718/825/63
f 694/772/7 728/503/122 697/838/222
f 728/839/133 695/777/13 697/804/173
f 717/771/6 727/840/134 723/769/4
f 720/841/84 724/830/70 727/508/72
f 715/821/59 704/842/163 701/808/45
f 721/843/197 702/770/5 704/812/193
f 708/773/8 725/844/164 722/774/9
f 714/845/138 723/769/4 725/829/123
f 703/768/3 713/846/87 709/766/1
f 706/847/139 710/818/56 713/820/116
f 673/780/16 707/810/112 676/848/140
f 707/849/90 674/767/2 676/784/20
f 681/790/26 711/530/142 708/773/8
f 683/850/185 709/766/1 711/817/177
f 715/821/59 673/780/16 687/795/31
f 765/851/1 730/852/2 759/853/3
f 779/854/4 758/855/5 773/856/6
f 750/857/7 764/858/8 778/859/9
f 738/860/10 744/861/11 731/862/12
f 751/863/13 772/864/14 745/865/15
f 729/866/16 733/867/17 735/868/18
f 730/852/2 733/869/19 732/870/20
f 731/862/12 733/871/21 734/872/223
f 736/873/23 740/874/24 742/875/25
f 737/876/26 740/877/27 739/878/28
f 738/860/10 740/879/29 741/880/145
f 743/881/31 747/882/32 749/883/33
f 744/861/11 747/884/34 746/885/105
f 745/865/15 747/886/36 748/887/37
f 750/857/7 754/888/38 756/889/39
f 751/863/13 754/890/40 753/891/41
f 752/892/42 754/893/43 755/894/224
f 757/895/45 761/896/203 763/897/47
f 758/855/5 761/898/154 760/899/113
f 759/853/3 761/900/225 762/901/51
f 764/858/8 768/902/204 770/903/156
f 765/851/1 768/904/226 767/905/55
f 766/906/56 768/907/194 769/908/58
f 771/909/59 775/910/117 777/911/158
f 772/864/14 775/912/227 774/913/63
f 773/856/6 775/914/160 776/915/228
f 778/859/9 782/916/121 784/917/67
f 779/854/4 782/918/178 781/919/123
f 780/920/70 782/921/229 783/922/72
f 729/866/16 746/923/73 743/881/31
f 735/924/125 744/861/11 746/885/105
f 736/873/23 734/925/74 730/852/2
f 742/926/230 731/862/12 734/872/223
f 750/857/7 741/927/76 737/876/26
f 756/928/152 738/860/10 741/880/145
f 745/865/15 755/929/77 751/863/13
f 748/930/231 752/892/42 755/894/224
f 743/881/31 774/931/79 771/909/59
f 774/913/63 745/865/15 772/864/14
f 750/857/7 784/917/67 753/932/81
f 784/933/82 751/863/13 753/891/41
f 779/854/4 776/915/228 783/934/83
f 776/935/84 780/920/70 783/922/72
f 771/909/59 760/936/232 757/895/45
f 760/899/113 773/856/6 758/855/5
f 764/858/8 781/937/233 778/859/9
f 781/919/123 766/906/56 779/854/4
f 759/853/3 769/938/87 765/851/1
f 762/939/234 766/906/56 769/908/58
f 729/866/16 763/897/47 732/940/89
f 763/941/90 730/852/2 732/870/20
f 737/876/26 767/942/91 764/858/8
f 767/905/55 736/873/23 765/851/1
f 771/909/59 729/866/16 743/881/31
f 821/943/1 786/944/2 815/945/3
f 835/854/4 814/855/5 829/856/6
f 806/946/7 820/947/8 834/948/9
f 794/860/10 800/861/11 787/862/12
f 807/949/13 828/950/14 801/951/15
f 785/952/16 789/867/198 791/868/94
f 786/944/2 789/953/235 788/870/20
f 787/862/12 789/871/97 790/872/22
f 792/954/23 796/955/236 798/875/25
f 793/956/26 796/957/200 795/958/28
f 794/860/10 796/879/169 797/880/145
f 799/959/31 803/882/102 805/883/33
f 800/861/11 803/884/104 802/885/105
f 801/951/15 803/960/237 804/961/37
f 806/946/7 810/962/107 812/963/108
f 807/949/13 810/964/238 809/965/41
f 808/892/42 810/893/174 811/894/44
f 813/966/45 817/896/46 819/897/47
f 814/855/5 817/898/48 816/899/113
f 815/945/3 817/967/50 818/968/51
f 820/947/8 824/969/52 826/970/53
f 821/943/1 824/971/54 823/905/55
f 822/906/56 824/907/57 825/908/239
f 827/972/59 831/910/60 833/911/61
f 828/950/14 831/973/62 830/974/63
f 829/856/6 831/914/64 832/915/228
f 834/948/9 838/975/66 840/976/67
f 835/854/4 838/918/68 837/919/123
f 836/977/70 838/978/71 839/979/240
f 785/952/16 802/923/241 799/959/31
f 802/885/105 787/862/12 800/861/11
f 792/954/23 790/980/74 786/944/2
f 798/926/230 787/862/12 790/872/22
f 806/946/7 797/981/242 793/956/26
f 797/880/145 808/892/42 794/860/10
f 801/951/15 811/982/77 807/949/13
f 804/930/231 808/892/42 811/894/44
f 827/972/59 805/883/33 830/931/79
f 805/983/80 828/950/14 830/974/63
f 834/948/9 809/984/81 806/946/7
f 809/965/41 836/977/70 807/949/13
f 835/854/4 832/915/228 839/934/83
f 832/985/84 836/977/70 839/979/240
f 827/972/59 816/936/85 813/966/45
f 833/986/136 814/855/5 816/899/113
f 820/947/8 837/987/86 834/948/9
f 826/988/138 835/854/4 837/919/123
f 815/945/3 825/938/87 821/943/1
f 818/939/234 822/906/56 825/908/239
f 813/966/45 788/940/89 785/952/16
f 788/870/20 815/945/3 786/944/2
f 820/947/8 795/958/28 823/989/91
f 795/990/92 821/943/1 823/905/55
f 827/972/59 785/952/16 799/959/31
f 877/991/1 842/992/2 871/993/3
f 891/994/4 870/995/5 885/996/6
f 862/997/7 876/998/8 890/999/9
f 850/1000/10 856/1001/11 843/1002/12
f 863/1003/13 884/1004/14 857/1005/15
f 841/1006/16 845/1007/17 847/1008/18
f 842/992/2 845/1009/95 844/1010/243
f 843/1002/12 845/1011/21 846/1012/22
f 848/1013/23 852/1014/168 854/1015/25
f 849/1016/26 852/1017/27 851/1018/144
f 850/1000/10 852/1019/29 853/1020/244
f 855/1021/31 859/1022/32 861/1023/103
f 856/1001/11 859/1024/34 858/1025/35
f 857/1005/15 859/1026/146 860/1027/245
f 862/997/7 866/898/38 868/1028/246
f 863/1003/13 866/1029/189 865/1030/173
f 864/1031/42 866/1032/43 867/1033/247
f 869/1034/45 873/1035/46 875/872/112
f 870/995/5 873/1036/48 872/1037/49
f 871/993/3 873/1038/114 874/1039/248
f 876/998/8 880/1040/52 882/1041/249
f 877/991/1 880/1042/176 879/1043/177
f 878/1044/56 880/1045/57 881/1046/250
f 883/1047/59 887/1048/60 889/885/61
f 884/1004/14 887/1049/118 886/1050/251
f 885/996/6 887/1051/64 888/1052/228
f 890/999/9 894/1053/66 896/1054/122
f 891/994/4 894/1055/68 893/1056/252
f 892/1057/70 894/1058/179 895/1059/72
f 841/1006/16 858/1060/190 855/1021/31
f 847/1061/253 856/1001/11 858/1025/35
f 842/992/2 854/1015/25 846/1062/254
f 854/1063/75 843/1002/12 846/1012/22
f 862/997/7 853/1064/151 849/1016/26
f 853/1020/244 864/1031/42 850/1000/10
f 857/1005/15 867/1065/77 863/1003/13
f 867/1033/247 856/1001/11 864/1031/42
f 855/1021/31 886/930/130 883/1047/59
f 861/1066/80 884/1004/14 886/1050/251
f 862/997/7 896/1054/122 865/939/132
f 896/1067/133 863/1003/13 865/1030/173
f 885/996/6 895/1068/255 891/994/4
f 895/1059/72 884/1004/14 892/1057/70
f 883/1047/59 872/1069/182 869/1034/45
f 889/1070/256 870/995/5 872/1037/49
f 876/998/8 893/1071/137 890/999/9
f 893/1056/252 878/1044/56 891/994/4
f 871/993/3 881/1072/87 877/991/1
f 881/1046/250 870/995/5 878/1044/56
f 869/1034/45 844/1073/140 841/1006/16
f 875/1074/90 842/992/2 844/1010/243
f 876/998/8 851/1018/144 879/1075/142
f 851/1076/185 877/991/1 879/1043/177
f 883/1047/59 841/1006/16 855/1021/31
f 933/1077/1 898/1078/2 927/1079/3
f 947/1080/4 926/1081/5 941/1082/6
f 918/997/7 932/998/8 946/999/9
f 906/1000/10 912/1001/11 899/1002/12
f 919/1083/13 940/1084/14 913/1085/15
f 897/1006/16 901/1007/17 903/1008/257
f 898/1078/2 901/1086/95 900/1087/96
f 899/1002/12 901/1088/21 902/1089/258
f 904/1090/23 908/1091/168 910/1092/259
f 905/1016/26 908/1017/27 907/1018/144
f 906/1000/10 908/1093/29 909/1094/30
f 911/1021/31 915/1022/32 917/1023/103
f 912/1001/11 915/1095/34 914/1096/260
f 913/1085/15 915/1097/146 916/1098/37
f 918/997/7 922/898/38 924/1028/39
f 919/1083/13 922/1099/189 921/1100/261
f 920/1031/42 922/1101/43 923/1102/44
f 925/1034/45 929/1035/46 931/872/112
f 926/1081/5 929/1036/48 928/1037/262
f 927/1079/3 929/1103/114 930/1104/51
f 932/998/8 936/1040/52 938/1041/53
f 933/1077/1 936/1105/176 935/1106/263
f 934/1107/56 936/1045/57 937/1046/58
f 939/1047/59 943/1048/60 945/885/264
f 940/1084/14 943/1108/118 942/1109/119
f 941/1082/6 943/1051/64 944/1052/265
f 946/999/9 950/1053/66 952/1054/122
f 947/1080/4 950/1055/68 949/1056/69
f 948/1110/70 950/1111/179 951/1112/240
f 897/1006/16 914/1060/190 911/1021/31
f 914/1096/260 899/1002/12 912/1001/11
f 904/1090/23 902/1113/74 898/1078/2
f 902/1089/258 906/1000/10 899/1002/12
f 918/997/7 909/1064/151 905/1016/26
f 924/1114/266 906/1000/10 909/1094/30
f 919/1083/13 916/1098/37 923/1115/267
f 916/1116/78 920/1031/42 923/1102/44
f 939/1047/59 917/1023/103 942/930/130
f 917/1117/131 940/1084/14 942/1109/119
f 946/999/9 921/939/132 918/997/7
f 952/1118/82 919/1083/13 921/1100/261
f 947/1080/4 944/1052/265 951/1068/83
f 944/1119/84 948/1110/70 951/1112/240
f 939/1047/59 928/1069/182 925/1034/45
f 928/1037/262 941/1082/6 926/1081/5
f 932/998/8 949/1071/137 946/999/9
f 938/1120/268 947/1080/4 949/1056/69
f 933/1077/1 930/1104/51 937/1121/269
f 930/1122/88 934/1107/56 937/1046/58
f 897/1006/16 931/872/112 900/1073/140
f 931/1123/141 898/1078/2 900/1087/96
f 905/1016/26 935/1075/142 932/998/8
f 907/1124/92 933/1077/1 935/1106/263
f 939/1047/59 897/1006/16 911/1021/31
f 149/188/1 120/204/23 114/189/2
f 163/191/4 150/235/56 142/192/5
f 134/194/7 121/207/26 148/195/8
f 122/197/10 136/221/42 128/103/11
f 135/198/13 164/249/70 156/199/14
f 113/201/16 116/268/140 117/202/93
f 114/189/2 118/252/74 117/154/95
f 115/104/12 119/166/125 117/113/21
f 120/204/23 123/271/92 124/205/24
f 121/207/26 125/254/151 124/208/143
f 122/197/10 126/253/126 124/210/29
f 127/212/31 130/165/150 131/213/102
f 128/103/11 132/172/129 131/126/34
f 129/200/15 133/258/131 131/215/146
f 134/194/7 137/259/132 138/217/107
f 135/198/13 139/256/153 138/219/40
f 136/221/42 140/255/152 138/222/43
f 141/224/45 144/262/135 145/225/147
f 142/192/5 146/267/139 145/227/48
f 143/190/3 147/269/141 145/229/114
f 148/195/8 151/270/91 152/231/115
f 149/188/1 153/266/87 152/233/54
f 150/235/56 154/265/138 152/236/57
f 155/238/59 158/257/130 159/239/117
f 156/199/14 160/431/84 159/241/118
f 157/193/6 161/263/136 159/243/64
f 162/196/9 165/264/137 166/245/121
f 163/191/4 167/261/134 166/247/68
f 164/249/70 168/260/82 166/250/71
f 113/201/16 119/110/18 130/165/150
f 119/166/125 115/104/12 128/103/11
f 114/189/2 120/204/23 126/206/25
f 126/253/126 122/197/10 115/104/12
f 134/194/7 140/218/39 125/254/151
f 140/255/152 136/221/42 122/197/10
f 129/200/15 132/216/37 139/256/153
f 139/223/110 132/172/129 128/103/11
f 127/212/31 133/214/103 158/257/130
f 133/258/131 129/200/15 156/199/14
f 162/196/9 168/246/122 137/259/132
f 168/260/82 164/249/70 135/198/13
f 157/193/6 160/244/120 167/261/134
f 167/251/149 160/431/84 156/199/14
f 155/238/59 161/240/61 144/262/135
f 161/263/136 157/193/6 142/192/5
f 148/195/8 154/232/53 165/264/137
f 154/265/138 150/235/56 163/191/4
f 143/190/3 146/230/51 153/266/87
f 146/267/139 142/192/5 150/235/56
f 141/224/45 147/226/148 116/268/140
f 147/269/141 143/190/3 114/189/2
f 121/207/26 123/209/144 151/270/91
f 123/271/92 120/204/23 149/188/1
f 155/238/59 141/224/45 113/201/16
f 261/365/1 232/369/23 226/94/2
f 275/366/4 262/380/56 254/97/5
f 246/99/7 233/118/26 260/100/8
f 234/367/10 248/375/42 240/103/11
f 247/368/13 276/385/70 268/106/14
f 225/108/16 228/184/89 229/109/93
f 226/94/2 230/167/74 229/111/19
f 227/104/12 231/166/180 229/113/167
f 232/369/23 235/393/185 236/370/168
f 233/118/26 237/169/127 236/119/99
f 234/367/10 238/388/126 236/371/169
f 239/123/31 242/165/124 243/124/102
f 240/103/11 244/172/129 243/126/170
f 241/107/15 245/174/80 243/128/36
f 246/99/7 249/175/132 250/130/107
f 247/368/13 251/390/77 250/373/172
f 248/375/42 252/389/152 250/376/174
f 253/137/45 256/178/182 257/138/175
f 254/97/5 258/183/139 257/140/48
f 255/95/3 259/185/90 257/142/50
f 260/100/8 263/186/184 264/144/155
f 261/365/1 265/182/87 264/378/176
f 262/380/56 266/1132/138 264/381/57
f 267/151/59 270/173/130 271/152/117
f 268/106/14 272/252/181 271/154/62
f 269/98/6 273/179/136 271/156/64
f 274/101/9 277/180/183 278/158/121
f 275/366/4 279/392/134 278/383/178
f 276/385/70 280/391/133 278/386/179
f 225/108/16 231/110/94 242/165/124
f 231/166/180 227/104/12 240/103/11
f 232/369/23 238/117/25 230/167/74
f 238/388/126 234/367/10 227/104/12
f 246/99/7 252/131/108 237/169/127
f 252/389/152 248/375/42 234/367/10
f 241/107/15 244/129/37 251/390/77
f 244/172/129 240/103/11 248/375/42
f 267/151/59 239/123/31 245/125/103
f 245/174/80 241/107/15 268/106/14
f 274/101/9 280/159/122 249/175/132
f 280/391/133 276/385/70 247/368/13
f 275/366/4 269/98/6 272/157/120
f 272/252/181 268/106/14 276/385/70
f 267/151/59 273/153/61 256/178/182
f 273/179/136 269/98/6 254/97/5
f 260/100/8 266/145/53 277/180/183
f 277/384/123 266/1132/138 262/380/56
f 255/95/3 258/143/51 265/182/87
f 258/183/139 254/97/5 262/380/56
f 253/137/45 259/139/47 228/184/89
f 259/185/90 255/95/3 226/94/2
f 260/100/8 233/118/26 235/120/144
f 235/393/185 232/369/23 261/365/1
f 267/151/59 253/137/45 225/108/16
f 373/437/1 344/459/23 338/438/2
f 387/440/4 374/492/56 366/441/5
f 358/443/7 345/462/26 372/444/8
f 346/446/10 360/478/42 352/447/11
f 359/449/13 388/506/70 380/450/14
f 337/452/16 340/528/140 341/453/186
f 338/438/2 342/511/74 341/455/19
f 339/448/12 343/510/125 341/457/21
f 344/459/23 347/1133/185 348/460/168
f 345/462/26 349/512/191 348/463/99
f 346/446/10 350/1134/126 348/465/29
f 351/467/31 354/509/190 355/468/102
f 352/447/11 356/515/129 355/470/34
f 353/451/15 357/517/131 355/472/36
f 358/443/7 361/518/132 362/474/107
f 359/449/13 363/514/77 362/476/189
f 360/478/42 364/513/152 362/479/43
f 365/481/45 368/522/163 369/482/147
f 366/441/5 370/527/139 369/484/192
f 367/439/3 371/529/90 369/486/50
f 372/444/8 375/530/142 376/488/155
f 373/437/1 377/526/87 376/490/176
f 374/492/56 378/525/138 376/493/194
f 379/495/59 382/516/130 383/496/117
f 380/450/14 384/521/84 383/498/62
f 381/442/6 385/523/197 383/500/195
f 386/445/9 389/524/164 390/502/121
f 387/440/4 391/520/134 390/504/178
f 388/506/70 392/519/133 390/507/196
f 337/452/16 343/454/18 354/509/190
f 343/510/125 339/448/12 352/447/11
f 344/459/23 350/461/25 342/511/74
f 342/458/98 350/1134/126 346/446/10
f 358/443/7 364/475/39 349/512/191
f 364/513/152 360/478/42 346/446/10
f 359/449/13 353/451/15 356/473/37
f 356/515/129 352/447/11 360/478/42
f 351/467/31 357/469/103 382/516/130
f 357/517/131 353/451/15 380/450/14
f 386/445/9 392/503/122 361/518/132
f 392/519/133 388/506/70 359/449/13
f 381/442/6 384/501/120 391/520/134
f 384/521/84 380/450/14 388/506/70
f 379/495/59 385/497/158 368/522/163
f 385/523/197 381/442/6 366/441/5
f 372/444/8 378/489/156 389/524/164
f 378/525/138 374/492/56 387/440/4
f 373/437/1 367/439/3 370/487/51
f 370/527/139 366/441/5 374/492/56
f 337/452/16 365/481/45 371/483/47
f 371/529/90 367/439/3 338/438/2
f 345/462/26 347/464/187 375/530/142
f 375/491/177 347/1133/185 344/459/23
f 379/495/59 365/481/45 337/452/16
f 485/198/1 456/249/23 450/199/2
f 499/191/4 486/235/56 478/192/5
f 470/593/7 457/604/26 484/594/8
f 458/596/10 472/616/42 464/597/11
f 471/188/13 500/204/70 492/189/14
f 449/599/16 452/637/140 453/600/198
f 450/199/2 454/431/74 453/241/95
f 451/598/12 455/628/125 453/602/21
f 456/249/23 459/260/92 460/250/24
f 457/604/26 461/630/151 460/605/200
f 458/596/10 462/629/126 460/607/29
f 463/609/31 466/627/150 467/610/201
f 464/597/11 468/632/129 467/612/34
f 465/190/15 469/269/131 467/229/146
f 470/593/7 473/634/81 474/614/211
f 471/188/13 475/266/77 474/233/40
f 472/616/42 476/631/152 474/617/43
f 477/619/45 480/635/135 481/225/203
f 478/192/5 482/267/139 481/227/48
f 479/200/3 483/258/141 481/215/114
f 484/594/8 487/638/142 488/621/204
f 485/198/1 489/256/208 488/219/54
f 486/235/56 490/265/138 488/236/57
f 491/623/59 494/633/130 495/239/205
f 492/189/14 496/252/84 495/154/118
f 493/193/6 497/263/136 495/243/64
f 498/595/9 501/636/137 502/625/206
f 499/191/4 503/261/134 502/247/68
f 500/204/70 504/271/82 502/205/71
f 449/599/16 455/601/18 466/627/150
f 455/628/125 451/598/12 464/597/11
f 450/199/2 456/249/23 462/251/209
f 462/629/126 458/596/10 451/598/12
f 470/593/7 476/615/39 461/630/151
f 476/631/152 472/616/42 458/596/10
f 465/190/15 468/230/37 475/266/77
f 468/632/129 464/597/11 472/616/42
f 463/609/31 469/611/210 494/633/130
f 469/269/131 465/190/15 492/189/14
f 498/595/9 504/626/122 473/634/81
f 504/271/82 500/204/70 471/188/13
f 493/193/6 496/244/120 503/261/134
f 503/206/72 496/252/84 492/189/14
f 491/623/59 497/624/61 480/635/135
f 497/263/136 493/193/6 478/192/5
f 484/594/8 490/622/53 501/636/137
f 490/265/138 486/235/56 499/191/4
f 479/200/3 482/216/51 489/256/208
f 489/237/116 482/267/139 478/192/5
f 477/619/45 483/620/112 452/637/140
f 483/258/141 479/200/3 450/199/2
f 457/604/26 459/606/144 487/638/142
f 459/260/92 456/249/23 485/198/1
f 491/623/59 477/619/45 449/599/16
f 597/365/1 568/369/23 562/94/2
f 611/733/4 598/737/56 590/192/5
f 582/533/7 569/545/26 596/534/8
f 570/367/10 584/375/42 576/103/11
f 583/734/13 612/743/70 604/537/14
f 561/539/16 564/590/140 565/540/198
f 562/94/2 566/167/74 565/111/19
f 563/104/12 567/166/180 565/113/167
f 568/369/23 571/393/185 572/370/214
f 569/545/26 573/579/127 572/546/200
f 570/367/10 574/388/126 572/371/169
f 575/548/31 578/578/124 579/549/201
f 576/103/11 580/172/129 579/126/170
f 577/538/15 581/747/80 579/551/36
f 582/533/7 585/582/132 586/553/202
f 583/734/13 587/746/77 586/735/189
f 584/375/42 588/389/152 586/376/174
f 589/557/45 592/586/182 593/558/203
f 590/192/5 594/267/139 593/227/48
f 591/95/3 595/185/141 593/142/50
f 596/534/8 599/591/142 600/560/204
f 597/365/1 601/182/87 600/378/176
f 598/737/56 602/750/138 600/738/57
f 603/567/59 606/259/130 607/217/215
f 604/537/14 608/585/84 607/569/62
f 605/193/6 609/263/136 607/243/64
f 610/535/9 613/587/183 614/571/216
f 611/733/4 615/749/134 614/741/68
f 612/743/70 616/748/133 614/744/179
f 561/539/16 567/541/94 578/578/124
f 567/166/180 563/104/12 576/103/11
f 568/369/23 574/117/25 566/167/74
f 574/388/126 570/367/10 563/104/12
f 582/533/7 588/554/108 573/579/127
f 588/389/152 584/375/42 570/367/10
f 583/734/13 577/538/15 580/552/37
f 580/172/129 576/103/11 584/375/42
f 603/567/59 575/548/31 581/550/33
f 581/747/80 577/538/15 604/537/14
f 610/535/9 616/572/122 585/582/132
f 616/748/133 612/743/70 583/734/13
f 605/193/6 608/244/120 615/749/134
f 608/585/84 604/537/14 612/743/70
f 603/567/59 609/568/61 592/586/182
f 609/263/136 605/193/6 590/192/5
f 596/534/8 602/561/53 613/587/183
f 602/750/138 598/737/56 611/733/4
f 597/365/1 591/95/3 594/143/51
f 594/267/139 590/192/5 598/737/56
f 589/557/45 595/559/112 564/590/140
f 595/185/141 591/95/3 562/94/2
f 569/545/26 571/547/144 599/591/142
f 571/393/185 568/369/23 597/365/1
f 603/567/59 589/557/45 561/539/16
f 709/766/1 680/787/23 674/767/2
f 723/769/4 710/818/56 702/770/5
f 694/772/7 681/790/26 708/773/8
f 682/775/10 696/805/42 688/776/11
f 695/777/13 724/830/70 716/778/14
f 673/780/16 676/848/140 677/781/198
f 674/767/2 678/833/220 677/783/19
f 675/448/12 679/510/125 677/785/21
f 680/787/23 683/850/185 684/788/168
f 681/790/26 685/512/191 684/791/200
f 682/775/10 686/1138/126 684/793/29
f 687/795/31 690/832/190 691/796/217
f 688/776/11 692/515/129 691/798/34
f 689/779/15 693/837/80 691/800/36
f 694/772/7 697/838/222 698/802/202
f 695/777/13 699/835/77 698/803/189
f 696/805/42 700/834/152 698/806/43
f 701/808/45 704/842/163 705/809/203
f 702/770/5 706/847/139 705/811/192
f 703/768/3 707/849/90 705/813/50
f 708/773/8 711/530/142 712/488/204
f 709/766/1 713/846/87 712/816/221
f 710/818/56 714/845/138 712/819/194
f 715/821/59 718/836/79 719/822/205
f 716/778/14 720/841/84 719/824/62
f 717/771/6 721/843/197 719/826/195
f 722/774/9 725/844/164 726/502/213
f 723/769/4 727/840/134 726/828/178
f 724/830/70 728/839/133 726/831/179
f 673/780/16 679/782/18 690/832/190
f 679/510/125 675/448/12 688/776/11
f 680/787/23 686/789/25 678/833/220
f 678/786/98 686/1138/126 682/775/10
f 694/772/7 700/475/39 685/512/191
f 700/834/152 696/805/42 682/775/10
f 689/779/15 692/801/37 699/835/77
f 692/515/129 688/776/11 696/805/42
f 687/795/31 693/797/33 718/836/79
f 693/837/80 689/779/15 716/778/14
f 694/772/7 722/774/9 728/503/122
f 728/839/133 724/830/70 695/777/13
f 717/771/6 720/827/120 727/840/134
f 720/841/84 716/778/14 724/830/70
f 715/821/59 721/823/158 704/842/163
f 721/843/197 717/771/6 702/770/5
f 708/773/8 714/815/156 725/844/164
f 714/845/138 710/818/56 723/769/4
f 703/768/3 706/814/51 713/846/87
f 706/847/139 702/770/5 710/818/56
f 673/780/16 701/808/45 707/810/112
f 707/849/90 703/768/3 674/767/2
f 681/790/26 683/792/144 711/530/142
f 683/850/185 680/787/23 709/766/1
f 715/821/59 701/808/45 673/780/16
f 765/851/1 736/873/23 730/852/2
f 779/854/4 766/906/56 758/855/5
f 750/857/7 737/876/26 764/858/8
f 738/860/10 752/892/42 744/861/11
f 751/863/13 780/920/70 772/864/14
f 729/866/16 732/940/89 733/867/17
f 730/852/2 734/925/74 733/869/19
f 731/862/12 735/924/125 733/871/21
f 736/873/23 739/990/92 740/874/24
f 737/876/26 741/927/76 740/877/27
f 738/860/10 742/926/230 740/879/29
f 743/881/31 746/923/73 747/882/32
f 744/861/11 748/930/231 747/884/34
f 745/865/15 749/1139/80 747/886/36
f 750/857/7 753/932/81 754/888/38
f 751/863/13 755/929/77 754/890/40
f 752/892/42 756/928/152 754/893/43
f 757/895/45 760/936/232 761/896/203
f 758/855/5 762/939/234 761/898/154
f 759/853/3 763/941/90 761/900/225
f 764/858/8 767/942/91 768/902/204
f 765/851/1 769/938/87 768/904/226
f 766/906/56 770/988/138 768/907/194
f 771/909/59 774/931/79 775/910/117
f 772/864/14 776/935/84 775/912/227
f 773/856/6 777/986/136 775/914/160
f 778/859/9 781/937/233 782/916/121
f 779/854/4 783/934/83 782/918/178
f 780/920/70 784/933/82 782/921/229
f 729/866/16 735/868/18 746/923/73
f 735/924/125 731/862/12 744/861/11
f 736/873/23 742/875/25 734/925/74
f 742/926/230 738/860/10 731/862/12
f 750/857/7 756/889/39 741/927/76
f 756/928/152 752/892/42 738/860/10
f 745/865/15 748/887/37 755/929/77
f 748/930/231 744/861/11 752/892/42
f 743/881/31 749/883/33 774/931/79
f 774/913/63 749/1139/80 745/865/15
f 750/857/7 778/859/9 784/917/67
f 784/933/82 780/920/70 751/863/13
f 779/854/4 773/856/6 776/915/228
f 776/935/84 772/864/14 780/920/70
f 771/909/59 777/911/158 760/936/232
f 760/899/113 777/986/136 773/856/6
f 764/858/8 770/903/156 781/937/233
f 781/919/123 770/988/138 766/906/56
f 759/853/3 762/901/51 769/938/87
f 762/939/234 758/855/5 766/906/56
f 729/866/16 757/895/45 763/897/47
f 763/941/90 759/853/3 730/852/2
f 737/876/26 739/878/28 767/942/91
f 767/905/55 739/990/92 736/873/23
f 771/909/59 757/895/45 729/866/16
f 821/943/1 792/954/23 786/944/2
f 835/854/4 822/906/56 814/855/5
f 806/946/7 793/956/26 820/947/8
f 794/860/10 808/892/42 800/861/11
f 807/949/13 836/977/70 828/950/14
f 785/952/16 788/940/89 789/867/198
f 786/944/2 790/980/74 789/953/235
f 787/862/12 791/924/125 789/871/97
f 792/954/23 795/990/92 796/955/236
f 793/956/26 797/981/242 796/957/200
f 794/860/10 798/926/230 796/879/169
f 799/959/31 802/923/241 803/882/102
f 800/861/11 804/930/231 803/884/104
f 801/951/15 805/983/80 803/960/237
f 806/946/7 809/984/81 810/962/107
f 807/949/13 811/982/77 810/964/238
f 808/892/42 812/928/152 810/893/174
f 813/966/45 816/936/85 817/896/46
f 814/855/5 818/939/234 817/898/48
f 815/945/3 819/941/90 817/967/50
f 820/947/8 823/989/91 824/969/52
f 821/943/1 825/938/87 824/971/54
f 822/906/56 826/988/138 824/907/57
f 827/972/59 830/931/79 831/910/60
f 828/950/14 832/985/84 831/973/62
f 829/856/6 833/986/136 831/914/64
f 834/948/9 837/987/86 838/975/66
f 835/854/4 839/934/83 838/918/68
f 836/977/70 840/1140/82 838/978/71
f 785/952/16 791/868/94 802/923/241
f 802/885/105 791/924/125 787/862/12
f 792/954/23 798/875/25 790/980/74
f 798/926/230 794/860/10 787/862/12
f 806/946/7 812/963/108 797/981/242
f 797/880/145 812/928/152 808/892/42
f 801/951/15 804/961/37 811/982/77
f 804/930/231 800/861/11 808/892/42
f 827/972/59 799/959/31 805/883/33
f 805/983/80 801/951/15 828/950/14
f 834/948/9 840/976/67 809/984/81
f 809/965/41 840/1140/82 836/977/70
f 835/854/4 829/856/6 832/915/228
f 832/985/84 828/950/14 836/977/70
f 827/972/59 833/911/61 816/936/85
f 833/986/136 829/856/6 814/855/5
f 820/947/8 826/970/53 837/987/86
f 826/988/138 822/906/56 835/854/4
f 815/945/3 818/968/51 825/938/87
f 818/939/234 814/855/5 822/906/56
f 813/966/45 819/897/47 788/940/89
f 788/870/20 819/941/90 815/945/3
f 820/947/8 793/956/26 795/958/28
f 795/990/92 792/954/23 821/943/1
f 827/972/59 813/966/45 785/952/16
f 877/991/1 848/1013/23 842/992/2
f 891/994/4 878/1044/56 870/995/5
f 862/997/7 849/1016/26 876/998/8
f 850/1000/10 864/1031/42 856/1001/11
f 863/1003/13 892/1057/70 884/1004/14
f 841/1006/16 844/1073/140 845/1007/17
f 842/992/2 846/1062/254 845/1009/95
f 843/1002/12 847/1061/253 845/1011/21
f 848/1013/23 851/1076/185 852/1014/168
f 849/1016/26 853/1064/151 852/1017/27
f 850/1000/10 854/1063/75 852/1019/29
f 855/1021/31 858/1060/190 859/1022/32
f 856/1001/11 860/1141/231 859/1024/34
f 857/1005/15 861/1066/80 859/1026/146
f 862/997/7 865/939/132 866/898/38
f 863/1003/13 867/1065/77 866/1029/189
f 864/1031/42 868/1142/266 866/1032/43
f 869/1034/45 872/1069/182 873/1035/46
f 870/995/5 874/1122/234 873/1036/48
f 871/993/3 875/1074/90 873/1038/114
f 876/998/8 879/1075/142 880/1040/52
f 877/991/1 881/1072/87 880/1042/176
f 878/1044/56 882/1120/268 880/1045/57
f 883/1047/59 886/930/130 887/1048/60
f 884/1004/14 888/1143/270 887/1049/118
f 885/996/6 889/1070/256 887/1051/64
f 890/999/9 893/1071/137 894/1053/66
f 891/994/4 895/1068/255 894/1055/68
f 892/1057/70 896/1067/133 894/1058/179
f 841/1006/16 847/1008/18 858/1060/190
f 847/1061/253 843/1002/12 856/1001/11
f 842/992/2 848/1013/23 854/1015/25
f 854/1063/75 850/1000/10 843/1002/12
f 862/997/7 868/1028/246 853/1064/151
f 853/1020/244 868/1142/266 864/1031/42
f 857/1005/15 860/1027/245 867/1065/77
f 867/1033/247 860/1141/231 856/1001/11
f 855/1021/31 861/1023/103 886/930/130
f 861/1066/80 857/1005/15 884/1004/14
f 862/997/7 890/999/9 896/1054/122
f 896/1067/133 892/1057/70 863/1003/13
f 885/996/6 888/1052/228 895/1068/255
f 895/1059/72 888/1143/270 884/1004/14
f 883/1047/59 889/885/61 872/1069/182
f 889/1070/256 885/996/6 870/995/5
f 876/998/8 882/1041/249 893/1071/137
f 893/1056/252 882/1120/268 878/1044/56
f 871/993/3 874/1039/248 881/1072/87
f 881/1046/250 874/1122/234 870/995/5
f 869/1034/45 875/872/112 844/1073/140
f 875/1074/90 871/993/3 842/992/2
f 876/998/8 849/1016/26 851/1018/144
f 851/1076/185 848/1013/23 877/991/1
f 883/1047/59 869/1034/45 841/1006/16
f 933/1077/1 904/1090/23 898/1078/2
f 947/1080/4 934/1107/56 926/1081/5
f 918/997/7 905/1016/26 932/998/8
f 906/1000/10 920/1031/42 912/1001/11
f 919/1083/13 948/1110/70 940/1084/14
f 897/1006/16 900/1073/140 901/1007/17
f 898/1078/2 902/1113/74 901/1086/95
f 899/1002/12 903/1144/253 901/1088/21
f 904/1090/23 907/1124/92 908/1091/168
f 905/1016/26 909/1064/151 908/1017/27
f 906/1000/10 910/1145/230 908/1093/29
f 911/1021/31 914/1060/190 915/1022/32
f 912/1001/11 916/1116/78 915/1095/34
f 913/1085/15 917/1117/131 915/1097/146
f 918/997/7 921/939/132 922/898/38
f 919/1083/13 923/1115/267 922/1099/189
f 920/1031/42 924/1114/266 922/1101/43
f 925/1034/45 928/1069/182 929/1035/46
f 926/1081/5 930/1122/88 929/1036/48
f 927/1079/3 931/1123/141 929/1103/114
f 932/998/8 935/1075/142 936/1040/52
f 933/1077/1 937/1121/269 936/1105/176
f 934/1107/56 938/1120/268 936/1045/57
f 939/1047/59 942/930/130 943/1048/60
f 940/1084/14 944/1119/84 943/1108/118
f 941/1082/6 945/1070/256 943/1051/64
f 946/999/9 949/1071/137 950/1053/66
f 947/1080/4 951/1068/83 950/1055/68
f 948/1110/70 952/1118/82 950/1111/179
f 897/1006/16 903/1008/257 914/1060/190
f 914/1096/260 903/1144/253 899/1002/12
f 904/1090/23 910/1092/259 902/1113/74
f 902/1089/258 910/1145/230 906/1000/10
f 918/997/7 924/1028/39 909/1064/151
f 924/1114/266 920/1031/42 906/1000/10
f 919/1083/13 913/1085/15 916/1098/37
f 916/1116/78 912/1001/11 920/1031/42
f 939/1047/59 911/1021/31 917/1023/103
f 917/1117/131 913/1085/15 940/1084/14
f 946/999/9 952/1054/122 921/939/132
f 952/1118/82 948/1110/70 919/1083/13
f 947/1080/4 941/1082/6 944/1052/265
f 944/1119/84 940/1084/14 948/1110/70
f 939/1047/59 945/885/264 928/1069/182
f 928/1037/262 945/1070/256 941/1082/6
f 932/998/8 938/1041/53 949/1071/137
f 938/1120/268 934/1107/56 947/1080/4
f 933/1077/1 927/1079/3 930/1104/51
f 930/1122/88 926/1081/5 934/1107/56
f 897/1006/16 925/1034/45 931/872/112
f 931/1123/141 927/1079/3 898/1078/2
f 905/1016/26 907/1018/144 935/1075/142
f 907/1124/92 904/1090/23 933/1077/1
f 939/1047/59 925/1034/45 897/1006/16
