# Blender 4.4.1
# www.blender.org
mtllib guide.mtl
o テキスト
v 1.466380 0.451000 0.000000
v 1.466380 0.252000 0.000000
v 1.279380 0.252000 0.000000
v 1.279380 0.451000 0.000000
v 1.466380 0.519000 0.000000
v 1.279380 0.519000 0.000000
v 1.279380 0.710000 0.000000
v 1.466380 0.710000 0.000000
v 1.208380 0.779000 0.000000
v 1.208380 0.088000 0.000000
v 1.279380 0.088000 0.000000
v 1.279380 0.182000 0.000000
v 1.536380 0.182000 0.000000
v 1.536380 0.779000 0.000000
v 1.982380 0.727000 0.000000
v 1.982380 0.554000 0.000000
v 1.702380 0.554000 0.000000
v 1.702380 0.727000 0.000000
v 1.629380 0.797000 0.000000
v 1.629380 0.441000 0.000000
v 1.628947 0.401327 0.000000
v 1.627334 0.360532 0.000000
v 1.624067 0.318953 0.000000
v 1.618676 0.276926 0.000000
v 1.610688 0.234788 0.000000
v 1.599630 0.192875 0.000000
v 1.585030 0.151525 0.000000
v 1.566417 0.111074 0.000000
v 1.543318 0.071859 0.000000
v 1.515260 0.034218 0.000000
v 1.481772 -0.001514 -0.000000
v 1.442380 -0.035000 -0.000000
v 1.446613 -0.038028 -0.000000
v 1.451246 -0.041560 -0.000000
v 1.456177 -0.045516 -0.000000
v 1.461306 -0.049815 -0.000000
v 1.466532 -0.054378 -0.000000
v 1.471755 -0.059125 -0.000000
v 1.476874 -0.063976 -0.000000
v 1.481788 -0.068852 -0.000000
v 1.486396 -0.073672 -0.000000
v 1.490598 -0.078356 -0.000000
v 1.494293 -0.082826 -0.000000
v 1.497380 -0.087000 -0.000000
v 1.524817 -0.064333 -0.000000
v 1.549713 -0.040412 -0.000000
v 1.572193 -0.015359 -0.000000
v 1.592380 0.010704 0.000000
v 1.610401 0.037656 0.000000
v 1.626380 0.065375 0.000000
v 1.640443 0.093740 0.000000
v 1.652714 0.122630 0.000000
v 1.663318 0.151922 0.000000
v 1.672380 0.181495 0.000000
v 1.680026 0.211229 0.000000
v 1.686380 0.241000 0.000000
v 1.982380 0.241000 0.000000
v 1.982380 0.019000 0.000000
v 1.982232 0.014747 0.000000
v 1.981778 0.010972 0.000000
v 1.981005 0.007656 0.000000
v 1.979899 0.004778 0.000000
v 1.978445 0.002316 0.000000
v 1.976630 0.000250 0.000000
v 1.974440 -0.001441 -0.000000
v 1.971861 -0.002778 -0.000000
v 1.968880 -0.003781 -0.000000
v 1.965482 -0.004472 -0.000000
v 1.961653 -0.004872 -0.000000
v 1.957380 -0.005000 -0.000000
v 1.952197 -0.005248 -0.000000
v 1.945250 -0.005481 -0.000000
v 1.936693 -0.005688 -0.000000
v 1.926676 -0.005852 -0.000000
v 1.915355 -0.005961 -0.000000
v 1.902880 -0.006000 -0.000000
v 1.889406 -0.005956 -0.000000
v 1.875084 -0.005815 -0.000000
v 1.860067 -0.005562 -0.000000
v 1.844510 -0.005185 -0.000000
v 1.828563 -0.004669 -0.000000
v 1.812380 -0.004000 -0.000000
v 1.815165 -0.009466 -0.000000
v 1.817991 -0.015315 -0.000000
v 1.820818 -0.021469 -0.000000
v 1.823602 -0.027852 -0.000000
v 1.826304 -0.034388 -0.000000
v 1.828880 -0.041000 -0.000000
v 1.831290 -0.047612 -0.000000
v 1.833491 -0.054148 -0.000000
v 1.835442 -0.060531 -0.000000
v 1.837102 -0.066685 -0.000000
v 1.838428 -0.072534 -0.000000
v 1.839380 -0.078000 -0.000000
v 1.860449 -0.077954 -0.000000
v 1.880185 -0.077796 -0.000000
v 1.898630 -0.077500 -0.000000
v 1.915825 -0.077037 -0.000000
v 1.931811 -0.076380 -0.000000
v 1.946630 -0.075500 -0.000000
v 1.960325 -0.074370 -0.000000
v 1.972936 -0.072963 -0.000000
v 1.984505 -0.071250 -0.000000
v 1.995075 -0.069204 -0.000000
v 2.004686 -0.066796 -0.000000
v 2.013380 -0.064000 -0.000000
v 2.020948 -0.060744 -0.000000
v 2.027676 -0.056949 -0.000000
v 2.033599 -0.052578 -0.000000
v 2.038750 -0.047593 -0.000000
v 2.043166 -0.041954 -0.000000
v 2.046880 -0.035625 -0.000000
v 2.049927 -0.028567 -0.000000
v 2.052343 -0.020741 -0.000000
v 2.054161 -0.012109 -0.000000
v 2.055417 -0.002634 -0.000000
v 2.056145 0.007723 0.000000
v 2.056380 0.019000 0.000000
v 2.056380 0.797000 0.000000
v 1.982380 0.486000 0.000000
v 1.982380 0.309000 0.000000
v 1.696380 0.309000 0.000000
v 1.697549 0.320248 0.000000
v 1.698561 0.331482 0.000000
v 1.699427 0.342688 0.000000
v 1.700158 0.353852 0.000000
v 1.700764 0.364961 0.000000
v 1.701255 0.376000 0.000000
v 1.701642 0.386956 0.000000
v 1.701936 0.397815 0.000000
v 1.702146 0.408563 0.000000
v 1.702283 0.419185 0.000000
v 1.702358 0.429669 0.000000
v 1.702380 0.440000 0.000000
v 1.702380 0.486000 0.000000
v 0.281380 0.814000 0.000000
v 0.287991 0.803648 0.000000
v 0.294769 0.792685 0.000000
v 0.301630 0.781250 0.000000
v 0.308491 0.769481 0.000000
v 0.315269 0.757519 0.000000
v 0.321880 0.745500 0.000000
v 0.328241 0.733565 0.000000
v 0.334268 0.721852 0.000000
v 0.339880 0.710500 0.000000
v 0.344991 0.699648 0.000000
v 0.349519 0.689435 0.000000
v 0.353380 0.680000 0.000000
v 0.414380 0.715000 0.000000
v 0.410077 0.724337 0.000000
v 0.405208 0.734278 0.000000
v 0.399833 0.744719 0.000000
v 0.394009 0.755556 0.000000
v 0.387797 0.766684 0.000000
v 0.381255 0.778000 0.000000
v 0.374442 0.789399 0.000000
v 0.367417 0.800778 0.000000
v 0.360239 0.812031 0.000000
v 0.352968 0.823056 0.000000
v 0.345662 0.833747 0.000000
v 0.338380 0.844000 0.000000
v 0.651380 0.571000 0.000000
v 0.960380 0.571000 0.000000
v 0.960380 0.376000 0.000000
v 0.651380 0.376000 0.000000
v 0.210380 0.538000 0.000000
v 0.210380 0.478000 0.000000
v 0.497380 0.478000 0.000000
v 0.497380 0.538000 0.000000
v 0.210380 0.406000 0.000000
v 0.210380 0.347000 0.000000
v 0.497380 0.347000 0.000000
v 0.497380 0.406000 0.000000
v 0.169380 0.670000 0.000000
v 0.169380 0.608000 0.000000
v 0.531380 0.608000 0.000000
v 0.531380 0.670000 0.000000
v 0.582380 0.638000 0.000000
v 0.582380 0.310000 0.000000
v 0.683380 0.310000 0.000000
v 0.679582 0.274628 0.000000
v 0.674496 0.240111 0.000000
v 0.667833 0.206594 0.000000
v 0.659306 0.174222 0.000000
v 0.648626 0.143142 0.000000
v 0.635505 0.113500 0.000000
v 0.619655 0.085441 0.000000
v 0.600788 0.059111 0.000000
v 0.578615 0.034656 0.000000
v 0.552848 0.012222 0.000000
v 0.523199 -0.008045 -0.000000
v 0.489380 -0.026000 -0.000000
v 0.493474 -0.029718 -0.000000
v 0.497718 -0.033829 -0.000000
v 0.502052 -0.038266 -0.000000
v 0.506417 -0.042963 -0.000000
v 0.510754 -0.047855 -0.000000
v 0.515005 -0.052875 -0.000000
v 0.519110 -0.057958 -0.000000
v 0.523010 -0.063037 -0.000000
v 0.526646 -0.068047 -0.000000
v 0.529959 -0.072921 -0.000000
v 0.532890 -0.077594 -0.000000
v 0.535380 -0.082000 -0.000000
v 0.572347 -0.060900 -0.000000
v 0.604945 -0.037199 -0.000000
v 0.633474 -0.011047 -0.000000
v 0.658232 0.017407 0.000000
v 0.679518 0.048014 0.000000
v 0.697630 0.080625 0.000000
v 0.712867 0.115090 0.000000
v 0.725528 0.151259 0.000000
v 0.735911 0.188984 0.000000
v 0.744316 0.228116 0.000000
v 0.751039 0.268504 0.000000
v 0.756380 0.310000 0.000000
v 0.838380 0.310000 0.000000
v 0.838380 0.029000 0.000000
v 0.838753 0.011566 0.000000
v 0.839949 -0.003806 -0.000000
v 0.842083 -0.017219 -0.000000
v 0.845269 -0.028778 -0.000000
v 0.849621 -0.038587 -0.000000
v 0.855255 -0.046750 -0.000000
v 0.862284 -0.053372 -0.000000
v 0.870824 -0.058556 -0.000000
v 0.880989 -0.062406 -0.000000
v 0.892894 -0.065028 -0.000000
v 0.906652 -0.066524 -0.000000
v 0.922380 -0.067000 -0.000000
v 0.926707 -0.067000 -0.000000
v 0.932496 -0.067000 -0.000000
v 0.939458 -0.067000 -0.000000
v 0.947306 -0.067000 -0.000000
v 0.955751 -0.067000 -0.000000
v 0.964505 -0.067000 -0.000000
v 0.973280 -0.067000 -0.000000
v 0.981788 -0.067000 -0.000000
v 0.989740 -0.067000 -0.000000
v 0.996848 -0.067000 -0.000000
v 1.002824 -0.067000 -0.000000
v 1.007380 -0.067000 -0.000000
v 1.020833 -0.066275 -0.000000
v 1.032755 -0.063954 -0.000000
v 1.043239 -0.059813 -0.000000
v 1.052380 -0.053630 -0.000000
v 1.060271 -0.045183 -0.000000
v 1.067005 -0.034250 -0.000000
v 1.072677 -0.020609 -0.000000
v 1.077380 -0.004037 -0.000000
v 1.081208 0.015687 0.000000
v 1.084255 0.038787 0.000000
v 1.086614 0.065484 0.000000
v 1.088380 0.096000 0.000000
v 1.083416 0.097373 0.000000
v 1.078088 0.098981 0.000000
v 1.072489 0.100813 0.000000
v 1.066713 0.102852 0.000000
v 1.060854 0.105086 0.000000
v 1.055005 0.107500 0.000000
v 1.049260 0.110081 0.000000
v 1.043713 0.112815 0.000000
v 1.038458 0.115687 0.000000
v 1.033589 0.118685 0.000000
v 1.029198 0.121794 0.000000
v 1.025380 0.125000 0.000000
v 1.024830 0.099433 0.000000
v 1.024144 0.077546 0.000000
v 1.023271 0.059063 0.000000
v 1.022158 0.043704 0.000000
v 1.020753 0.031192 0.000000
v 1.019005 0.021250 0.000000
v 1.016861 0.013600 0.000000
v 1.014269 0.007963 0.000000
v 1.011177 0.004063 0.000000
v 1.007533 0.001620 0.000000
v 1.003285 0.000359 0.000000
v 0.998380 0.000000 0.000000
v 0.994752 0.000000 0.000000
v 0.990019 0.000000 0.000000
v 0.984411 0.000000 0.000000
v 0.978158 0.000000 0.000000
v 0.971488 0.000000 0.000000
v 0.964630 0.000000 0.000000
v 0.957814 0.000000 0.000000
v 0.951269 0.000000 0.000000
v 0.945224 0.000000 0.000000
v 0.939908 0.000000 0.000000
v 0.935550 0.000000 0.000000
v 0.932380 0.000000 0.000000
v 0.927936 0.000094 0.000000
v 0.924079 0.000417 0.000000
v 0.920770 0.001031 0.000000
v 0.917972 0.002000 0.000000
v 0.915646 0.003385 0.000000
v 0.913755 0.005250 0.000000
v 0.912259 0.007656 0.000000
v 0.911121 0.010667 0.000000
v 0.910302 0.014344 0.000000
v 0.909764 0.018750 0.000000
v 0.909469 0.023948 0.000000
v 0.909380 0.030000 0.000000
v 0.909380 0.310000 0.000000
v 1.032380 0.310000 0.000000
v 1.032380 0.638000 0.000000
v 0.939380 0.638000 0.000000
v 0.946187 0.651280 0.000000
v 0.953088 0.665069 0.000000
v 0.960052 0.679297 0.000000
v 0.967047 0.693889 0.000000
v 0.974041 0.708773 0.000000
v 0.981005 0.723875 0.000000
v 0.987906 0.739123 0.000000
v 0.994713 0.754444 0.000000
v 1.001396 0.769766 0.000000
v 1.007922 0.785014 0.000000
v 1.014260 0.800116 0.000000
v 1.020380 0.815000 0.000000
v 0.947380 0.841000 0.000000
v 0.942309 0.825280 0.000000
v 0.936648 0.808741 0.000000
v 0.930474 0.791563 0.000000
v 0.923861 0.773926 0.000000
v 0.916888 0.756012 0.000000
v 0.909630 0.738000 0.000000
v 0.902164 0.720072 0.000000
v 0.894565 0.702407 0.000000
v 0.886911 0.685188 0.000000
v 0.879278 0.668593 0.000000
v 0.871742 0.652803 0.000000
v 0.864380 0.638000 0.000000
v 0.692380 0.638000 0.000000
v 0.756380 0.668000 0.000000
v 0.752375 0.679976 0.000000
v 0.747426 0.692810 0.000000
v 0.741630 0.706359 0.000000
v 0.735084 0.720482 0.000000
v 0.727885 0.735034 0.000000
v 0.720130 0.749875 0.000000
v 0.711917 0.764862 0.000000
v 0.703343 0.779852 0.000000
v 0.694505 0.794703 0.000000
v 0.685501 0.809273 0.000000
v 0.676427 0.823420 0.000000
v 0.667380 0.837000 0.000000
v 0.606380 0.811000 0.000000
v 0.615137 0.796921 0.000000
v 0.623852 0.782282 0.000000
v 0.632442 0.767234 0.000000
v 0.640824 0.751926 0.000000
v 0.648914 0.736506 0.000000
v 0.656630 0.721125 0.000000
v 0.663887 0.705931 0.000000
v 0.670602 0.691074 0.000000
v 0.676692 0.676703 0.000000
v 0.682074 0.662968 0.000000
v 0.686664 0.650017 0.000000
v 0.690380 0.638000 0.000000
v 0.209380 0.273000 0.000000
v 0.209380 -0.067000 -0.000000
v 0.273380 -0.067000 -0.000000
v 0.273380 -0.019000 -0.000000
v 0.503380 -0.019000 -0.000000
v 0.503380 0.273000 0.000000
v 0.273380 0.210000 0.000000
v 0.437380 0.210000 0.000000
v 0.437380 0.044000 0.000000
v 0.273380 0.044000 0.000000
v -0.345620 0.828000 0.000000
v -0.358753 0.791320 0.000000
v -0.373101 0.754894 0.000000
v -0.388589 0.718891 0.000000
v -0.405139 0.683482 0.000000
v -0.422675 0.648836 0.000000
v -0.441120 0.615125 0.000000
v -0.460399 0.582518 0.000000
v -0.480435 0.551185 0.000000
v -0.501151 0.521297 0.000000
v -0.522472 0.493023 0.000000
v -0.544320 0.466534 0.000000
v -0.566620 0.442000 0.000000
v -0.562137 0.438724 0.000000
v -0.557254 0.434958 0.000000
v -0.552073 0.430797 0.000000
v -0.546694 0.426333 0.000000
v -0.541218 0.421661 0.000000
v -0.535745 0.416875 0.000000
v -0.530376 0.412068 0.000000
v -0.525213 0.407333 0.000000
v -0.520354 0.402766 0.000000
v -0.515902 0.398458 0.000000
v -0.511957 0.394505 0.000000
v -0.508620 0.391000 0.000000
v -0.495914 0.405349 0.000000
v -0.483305 0.420375 0.000000
v -0.470808 0.436047 0.000000
v -0.458435 0.452333 0.000000
v -0.446201 0.469203 0.000000
v -0.434120 0.486625 0.000000
v -0.422206 0.504568 0.000000
v -0.410472 0.523000 0.000000
v -0.398932 0.541891 0.000000
v -0.387601 0.561208 0.000000
v -0.376493 0.580922 0.000000
v -0.365620 0.601000 0.000000
v -0.296620 0.601000 0.000000
v -0.296620 -0.079000 -0.000000
v -0.220620 -0.079000 -0.000000
v -0.220620 0.164000 0.000000
v 0.080380 0.164000 0.000000
v 0.080380 0.235000 0.000000
v -0.220620 0.235000 0.000000
v -0.220620 0.387000 0.000000
v 0.067380 0.387000 0.000000
v 0.067380 0.456000 0.000000
v -0.220620 0.456000 0.000000
v -0.220620 0.601000 0.000000
v 0.090380 0.601000 0.000000
v 0.090380 0.673000 0.000000
v -0.329620 0.673000 0.000000
v -0.324412 0.684041 0.000000
v -0.319291 0.695157 0.000000
v -0.314261 0.706344 0.000000
v -0.309324 0.717593 0.000000
v -0.304484 0.728897 0.000000
v -0.299745 0.740250 0.000000
v -0.295110 0.751645 0.000000
v -0.290583 0.763074 0.000000
v -0.286167 0.774531 0.000000
v -0.281865 0.786009 0.000000
v -0.277682 0.797501 0.000000
v -0.273620 0.809000 0.000000
v -0.586620 0.836000 0.000000
v -0.601393 0.798071 0.000000
v -0.617634 0.760403 0.000000
v -0.635229 0.723172 0.000000
v -0.654065 0.686556 0.000000
v -0.674025 0.650731 0.000000
v -0.694995 0.615875 0.000000
v -0.716861 0.582165 0.000000
v -0.739509 0.549778 0.000000
v -0.762823 0.518891 0.000000
v -0.786690 0.489681 0.000000
v -0.810993 0.462325 0.000000
v -0.835620 0.437000 0.000000
v -0.831966 0.432278 0.000000
v -0.828055 0.426722 0.000000
v -0.823964 0.420500 0.000000
v -0.819768 0.413778 0.000000
v -0.815545 0.406722 0.000000
v -0.811370 0.399500 0.000000
v -0.807320 0.392278 0.000000
v -0.803472 0.385222 0.000000
v -0.799901 0.378500 0.000000
v -0.796685 0.372278 0.000000
v -0.793899 0.366722 0.000000
v -0.791620 0.362000 0.000000
v -0.783141 0.370854 0.000000
v -0.774703 0.379912 0.000000
v -0.766308 0.389172 0.000000
v -0.757953 0.398630 0.000000
v -0.749641 0.408282 0.000000
v -0.741370 0.418125 0.000000
v -0.733141 0.428156 0.000000
v -0.724953 0.438370 0.000000
v -0.716808 0.448766 0.000000
v -0.708703 0.459338 0.000000
v -0.700641 0.470084 0.000000
v -0.692620 0.481000 0.000000
v -0.692620 -0.078000 -0.000000
v -0.617620 -0.078000 -0.000000
v -0.617620 0.599000 0.000000
v -0.607936 0.616121 0.000000
v -0.598393 0.633468 0.000000
v -0.589011 0.651016 0.000000
v -0.579805 0.668741 0.000000
v -0.570794 0.686619 0.000000
v -0.561995 0.704625 0.000000
v -0.553425 0.722736 0.000000
v -0.545102 0.740926 0.000000
v -0.537042 0.759172 0.000000
v -0.529263 0.777449 0.000000
v -0.521784 0.795733 0.000000
v -0.514620 0.814000 0.000000
v -1.451620 0.480000 0.000000
v -1.319620 0.480000 0.000000
v -1.319620 0.366000 0.000000
v -1.451620 0.366000 0.000000
v -1.141620 0.480000 0.000000
v -1.005620 0.480000 0.000000
v -1.005620 0.366000 0.000000
v -1.141620 0.366000 0.000000
v -1.712620 0.840000 0.000000
v -1.712620 0.638000 0.000000
v -1.825620 0.638000 0.000000
v -1.825620 0.568000 0.000000
v -1.712620 0.568000 0.000000
v -1.712620 0.349000 0.000000
v -1.724034 0.345042 0.000000
v -1.735268 0.341171 0.000000
v -1.746307 0.337391 0.000000
v -1.757139 0.333704 0.000000
v -1.767747 0.330114 0.000000
v -1.778120 0.326625 0.000000
v -1.788243 0.323240 0.000000
v -1.798102 0.319963 0.000000
v -1.807683 0.316797 0.000000
v -1.816972 0.313745 0.000000
v -1.825956 0.310812 0.000000
v -1.834620 0.308000 0.000000
v -1.815620 0.236000 0.000000
v -1.712620 0.275000 0.000000
v -1.712620 0.008000 0.000000
v -1.712685 0.005184 0.000000
v -1.712893 0.002722 0.000000
v -1.713261 0.000594 0.000000
v -1.713805 -0.001222 -0.000000
v -1.714544 -0.002747 -0.000000
v -1.715495 -0.004000 -0.000000
v -1.716675 -0.005003 -0.000000
v -1.718102 -0.005778 -0.000000
v -1.719792 -0.006344 -0.000000
v -1.721764 -0.006722 -0.000000
v -1.724034 -0.006934 -0.000000
v -1.726620 -0.007000 -0.000000
v -1.729298 -0.007019 -0.000000
v -1.732791 -0.007069 -0.000000
v -1.737042 -0.007141 -0.000000
v -1.741990 -0.007222 -0.000000
v -1.747578 -0.007304 -0.000000
v -1.753745 -0.007375 -0.000000
v -1.760433 -0.007425 -0.000000
v -1.767583 -0.007444 -0.000000
v -1.775136 -0.007422 -0.000000
v -1.783032 -0.007347 -0.000000
v -1.791213 -0.007210 -0.000000
v -1.799620 -0.007000 -0.000000
v -1.797144 -0.011985 -0.000000
v -1.794726 -0.017380 -0.000000
v -1.792386 -0.023094 -0.000000
v -1.790139 -0.029037 -0.000000
v -1.788003 -0.035119 -0.000000
v -1.785995 -0.041250 -0.000000
v -1.784133 -0.047339 -0.000000
v -1.782435 -0.053296 -0.000000
v -1.780917 -0.059031 -0.000000
v -1.779597 -0.064454 -0.000000
v -1.778492 -0.069473 -0.000000
v -1.777620 -0.074000 -0.000000
v -1.765241 -0.073954 -0.000000
v -1.753588 -0.073801 -0.000000
v -1.742636 -0.073516 -0.000000
v -1.732361 -0.073074 -0.000000
v -1.722739 -0.072452 -0.000000
v -1.713745 -0.071625 -0.000000
v -1.705356 -0.070569 -0.000000
v -1.697546 -0.069259 -0.000000
v -1.690292 -0.067672 -0.000000
v -1.683569 -0.065782 -0.000000
v -1.677353 -0.063567 -0.000000
v -1.671620 -0.061000 -0.000000
v -1.666408 -0.057847 -0.000000
v -1.661759 -0.054361 -0.000000
v -1.657651 -0.050500 -0.000000
v -1.654065 -0.046222 -0.000000
v -1.650978 -0.041486 -0.000000
v -1.648370 -0.036250 -0.000000
v -1.646221 -0.030472 -0.000000
v -1.644509 -0.024111 -0.000000
v -1.643214 -0.017125 -0.000000
v -1.642315 -0.009472 -0.000000
v -1.641790 -0.001111 -0.000000
v -1.641620 0.008000 0.000000
v -1.641620 0.302000 0.000000
v -1.542620 0.340000 0.000000
v -1.554620 0.407000 0.000000
v -1.641620 0.375000 0.000000
v -1.641620 0.568000 0.000000
v -1.548620 0.568000 0.000000
v -1.548620 0.638000 0.000000
v -1.641620 0.638000 0.000000
v -1.641620 0.840000 0.000000
v -1.265620 0.310000 0.000000
v -1.265620 0.234000 0.000000
v -1.529620 0.234000 0.000000
v -1.529620 0.171000 0.000000
v -1.312620 0.171000 0.000000
v -1.330677 0.152721 0.000000
v -1.350245 0.134935 0.000000
v -1.371167 0.117719 0.000000
v -1.393287 0.101148 0.000000
v -1.416448 0.085300 0.000000
v -1.440495 0.070250 0.000000
v -1.465271 0.056075 0.000000
v -1.490620 0.042852 0.000000
v -1.516386 0.030656 0.000000
v -1.542412 0.019565 0.000000
v -1.568542 0.009654 0.000000
v -1.594620 0.001000 0.000000
v -1.590735 -0.002758 -0.000000
v -1.586625 -0.006981 -0.000000
v -1.582354 -0.011594 -0.000000
v -1.577990 -0.016519 -0.000000
v -1.573599 -0.021679 -0.000000
v -1.569245 -0.027000 -0.000000
v -1.564996 -0.032404 -0.000000
v -1.560916 -0.037815 -0.000000
v -1.557073 -0.043156 -0.000000
v -1.553532 -0.048352 -0.000000
v -1.550359 -0.053325 -0.000000
v -1.547620 -0.058000 -0.000000
v -1.522038 -0.048094 -0.000000
v -1.496384 -0.036921 -0.000000
v -1.470792 -0.024547 -0.000000
v -1.445398 -0.011037 -0.000000
v -1.420337 0.003542 0.000000
v -1.395745 0.019125 0.000000
v -1.371757 0.035645 0.000000
v -1.348509 0.053037 0.000000
v -1.326136 0.071234 0.000000
v -1.304773 0.090171 0.000000
v -1.284556 0.109782 0.000000
v -1.265620 0.130000 0.000000
v -1.265620 -0.081000 -0.000000
v -1.194620 -0.081000 -0.000000
v -1.194620 0.135000 0.000000
v -1.178267 0.116121 0.000000
v -1.160796 0.097551 0.000000
v -1.142339 0.079391 0.000000
v -1.123027 0.061741 0.000000
v -1.102994 0.044702 0.000000
v -1.082370 0.028375 0.000000
v -1.061288 0.012861 0.000000
v -1.039879 -0.001741 -0.000000
v -1.018276 -0.015328 -0.000000
v -0.996611 -0.027801 -0.000000
v -0.975015 -0.039058 -0.000000
v -0.953620 -0.049000 -0.000000
v -0.950441 -0.044345 -0.000000
v -0.946935 -0.039426 -0.000000
v -0.943151 -0.034313 -0.000000
v -0.939139 -0.029074 -0.000000
v -0.934945 -0.023780 -0.000000
v -0.930620 -0.018500 -0.000000
v -0.926211 -0.013303 -0.000000
v -0.921768 -0.008259 -0.000000
v -0.917339 -0.003438 -0.000000
v -0.912972 0.001093 0.000000
v -0.908716 0.005262 0.000000
v -0.904620 0.009000 0.000000
v -0.926762 0.017401 0.000000
v -0.949088 0.027042 0.000000
v -0.971448 0.037828 0.000000
v -0.993694 0.049667 0.000000
v -1.015676 0.062464 0.000000
v -1.037245 0.076125 0.000000
v -1.058251 0.090557 0.000000
v -1.078546 0.105667 0.000000
v -1.097979 0.121359 0.000000
v -1.116402 0.137542 0.000000
v -1.133666 0.154120 0.000000
v -1.149620 0.171000 0.000000
v -0.920620 0.171000 0.000000
v -0.920620 0.234000 0.000000
v -1.194620 0.234000 0.000000
v -1.194620 0.310000 0.000000
v -0.942620 0.310000 0.000000
v -0.942620 0.535000 0.000000
v -1.201620 0.535000 0.000000
v -1.201620 0.310000 0.000000
v -1.258620 0.310000 0.000000
v -1.258620 0.535000 0.000000
v -1.510620 0.535000 0.000000
v -1.510620 0.310000 0.000000
v -1.344620 0.742000 0.000000
v -1.113620 0.742000 0.000000
v -1.113620 0.637000 0.000000
v -1.344620 0.637000 0.000000
v -1.410620 0.799000 0.000000
v -1.410620 0.580000 0.000000
v -1.044620 0.580000 0.000000
v -1.044620 0.799000 0.000000
v 1.466380 0.451000 0.390308
v 1.466380 0.252000 0.390308
v 1.279380 0.252000 0.390308
v 1.279380 0.451000 0.390308
v 1.466380 0.519000 0.390308
v 1.279380 0.519000 0.390308
v 1.279380 0.710000 0.390308
v 1.466380 0.710000 0.390308
v 1.208380 0.779000 0.390308
v 1.208380 0.088000 0.390308
v 1.279380 0.088000 0.390308
v 1.279380 0.182000 0.390308
v 1.536380 0.182000 0.390308
v 1.536380 0.779000 0.390308
v 1.982380 0.727000 0.390308
v 1.982380 0.554000 0.390308
v 1.702380 0.554000 0.390308
v 1.702380 0.727000 0.390308
v 1.629380 0.797000 0.390308
v 1.629380 0.441000 0.390308
v 1.628947 0.401327 0.390308
v 1.627334 0.360532 0.390308
v 1.624067 0.318953 0.390308
v 1.618676 0.276926 0.390308
v 1.610688 0.234788 0.390308
v 1.599630 0.192875 0.390308
v 1.585030 0.151525 0.390308
v 1.566417 0.111074 0.390308
v 1.543318 0.071859 0.390308
v 1.515260 0.034218 0.390308
v 1.481772 -0.001514 0.390308
v 1.442380 -0.035000 0.390308
v 1.446613 -0.038028 0.390308
v 1.451246 -0.041560 0.390308
v 1.456177 -0.045516 0.390308
v 1.461306 -0.049815 0.390308
v 1.466532 -0.054378 0.390308
v 1.471755 -0.059125 0.390308
v 1.476874 -0.063976 0.390308
v 1.481788 -0.068852 0.390308
v 1.486396 -0.073672 0.390308
v 1.490598 -0.078356 0.390308
v 1.494293 -0.082826 0.390308
v 1.497380 -0.087000 0.390308
v 1.524817 -0.064333 0.390308
v 1.549713 -0.040412 0.390308
v 1.572193 -0.015359 0.390308
v 1.592380 0.010704 0.390308
v 1.610401 0.037656 0.390308
v 1.626380 0.065375 0.390308
v 1.640443 0.093740 0.390308
v 1.652714 0.122630 0.390308
v 1.663318 0.151922 0.390308
v 1.672380 0.181495 0.390308
v 1.680026 0.211229 0.390308
v 1.686380 0.241000 0.390308
v 1.982380 0.241000 0.390308
v 1.982380 0.019000 0.390308
v 1.982232 0.014747 0.390308
v 1.981778 0.010972 0.390308
v 1.981005 0.007656 0.390308
v 1.979899 0.004778 0.390308
v 1.978445 0.002316 0.390308
v 1.976630 0.000250 0.390308
v 1.974440 -0.001441 0.390308
v 1.971861 -0.002778 0.390308
v 1.968880 -0.003781 0.390308
v 1.965482 -0.004472 0.390308
v 1.961653 -0.004872 0.390308
v 1.957380 -0.005000 0.390308
v 1.952197 -0.005248 0.390308
v 1.945250 -0.005481 0.390308
v 1.936693 -0.005688 0.390308
v 1.926676 -0.005852 0.390308
v 1.915355 -0.005961 0.390308
v 1.902880 -0.006000 0.390308
v 1.889406 -0.005956 0.390308
v 1.875084 -0.005815 0.390308
v 1.860067 -0.005563 0.390308
v 1.844510 -0.005185 0.390308
v 1.828563 -0.004669 0.390308
v 1.812380 -0.004000 0.390308
v 1.815165 -0.009466 0.390308
v 1.817991 -0.015315 0.390308
v 1.820818 -0.021469 0.390308
v 1.823602 -0.027852 0.390308
v 1.826304 -0.034388 0.390308
v 1.828880 -0.041000 0.390308
v 1.831290 -0.047612 0.390308
v 1.833491 -0.054148 0.390308
v 1.835442 -0.060531 0.390308
v 1.837102 -0.066685 0.390308
v 1.838428 -0.072534 0.390308
v 1.839380 -0.078000 0.390308
v 1.860449 -0.077954 0.390308
v 1.880185 -0.077796 0.390308
v 1.898630 -0.077500 0.390308
v 1.915825 -0.077037 0.390308
v 1.931811 -0.076380 0.390308
v 1.946630 -0.075500 0.390308
v 1.960325 -0.074370 0.390308
v 1.972936 -0.072963 0.390308
v 1.984505 -0.071250 0.390308
v 1.995075 -0.069204 0.390308
v 2.004686 -0.066796 0.390308
v 2.013380 -0.064000 0.390308
v 2.020948 -0.060744 0.390308
v 2.027676 -0.056949 0.390308
v 2.033599 -0.052578 0.390308
v 2.038750 -0.047593 0.390308
v 2.043166 -0.041954 0.390308
v 2.046880 -0.035625 0.390308
v 2.049927 -0.028567 0.390308
v 2.052343 -0.020741 0.390308
v 2.054161 -0.012109 0.390308
v 2.055417 -0.002634 0.390308
v 2.056145 0.007723 0.390308
v 2.056380 0.019000 0.390308
v 2.056380 0.797000 0.390308
v 1.982380 0.486000 0.390308
v 1.982380 0.309000 0.390308
v 1.696380 0.309000 0.390308
v 1.697549 0.320248 0.390308
v 1.698561 0.331481 0.390308
v 1.699427 0.342688 0.390308
v 1.700158 0.353852 0.390308
v 1.700764 0.364961 0.390308
v 1.701255 0.376000 0.390308
v 1.701642 0.386956 0.390308
v 1.701936 0.397815 0.390308
v 1.702146 0.408563 0.390308
v 1.702283 0.419185 0.390308
v 1.702358 0.429669 0.390308
v 1.702380 0.440000 0.390308
v 1.702380 0.486000 0.390308
v 0.281380 0.814000 0.390308
v 0.287991 0.803648 0.390308
v 0.294769 0.792685 0.390308
v 0.301630 0.781250 0.390308
v 0.308491 0.769481 0.390308
v 0.315269 0.757519 0.390308
v 0.321880 0.745500 0.390308
v 0.328241 0.733565 0.390308
v 0.334268 0.721852 0.390308
v 0.339880 0.710500 0.390308
v 0.344991 0.699648 0.390308
v 0.349519 0.689435 0.390308
v 0.353380 0.680000 0.390308
v 0.414380 0.715000 0.390308
v 0.410077 0.724337 0.390308
v 0.405208 0.734278 0.390308
v 0.399833 0.744719 0.390308
v 0.394009 0.755556 0.390308
v 0.387797 0.766684 0.390308
v 0.381255 0.778000 0.390308
v 0.374442 0.789399 0.390308
v 0.367417 0.800778 0.390308
v 0.360239 0.812031 0.390308
v 0.352968 0.823056 0.390308
v 0.345662 0.833747 0.390308
v 0.338380 0.844000 0.390308
v 0.651380 0.571000 0.390308
v 0.960380 0.571000 0.390308
v 0.960380 0.376000 0.390308
v 0.651380 0.376000 0.390308
v 0.210380 0.538000 0.390308
v 0.210380 0.478000 0.390308
v 0.497380 0.478000 0.390308
v 0.497380 0.538000 0.390308
v 0.210380 0.406000 0.390308
v 0.210380 0.347000 0.390308
v 0.497380 0.347000 0.390308
v 0.497380 0.406000 0.390308
v 0.169380 0.670000 0.390308
v 0.169380 0.608000 0.390308
v 0.531380 0.608000 0.390308
v 0.531380 0.670000 0.390308
v 0.582380 0.638000 0.390308
v 0.582380 0.310000 0.390308
v 0.683380 0.310000 0.390308
v 0.679582 0.274628 0.390308
v 0.674496 0.240111 0.390308
v 0.667833 0.206594 0.390308
v 0.659306 0.174222 0.390308
v 0.648626 0.143142 0.390308
v 0.635505 0.113500 0.390308
v 0.619655 0.085441 0.390308
v 0.600788 0.059111 0.390308
v 0.578615 0.034656 0.390308
v 0.552848 0.012222 0.390308
v 0.523199 -0.008045 0.390308
v 0.489380 -0.026000 0.390308
v 0.493474 -0.029718 0.390308
v 0.497718 -0.033829 0.390308
v 0.502052 -0.038266 0.390308
v 0.506417 -0.042963 0.390308
v 0.510754 -0.047855 0.390308
v 0.515005 -0.052875 0.390308
v 0.519110 -0.057958 0.390308
v 0.523010 -0.063037 0.390308
v 0.526646 -0.068047 0.390308
v 0.529959 -0.072921 0.390308
v 0.532890 -0.077594 0.390308
v 0.535380 -0.082000 0.390308
v 0.572347 -0.060900 0.390308
v 0.604945 -0.037199 0.390308
v 0.633474 -0.011047 0.390308
v 0.658232 0.017407 0.390308
v 0.679518 0.048014 0.390308
v 0.697630 0.080625 0.390308
v 0.712867 0.115090 0.390308
v 0.725528 0.151259 0.390308
v 0.735911 0.188984 0.390308
v 0.744316 0.228116 0.390308
v 0.751039 0.268504 0.390308
v 0.756380 0.310000 0.390308
v 0.838380 0.310000 0.390308
v 0.838380 0.029000 0.390308
v 0.838753 0.011566 0.390308
v 0.839949 -0.003806 0.390308
v 0.842083 -0.017219 0.390308
v 0.845269 -0.028778 0.390308
v 0.849621 -0.038587 0.390308
v 0.855255 -0.046750 0.390308
v 0.862284 -0.053372 0.390308
v 0.870824 -0.058556 0.390308
v 0.880989 -0.062406 0.390308
v 0.892894 -0.065028 0.390308
v 0.906652 -0.066524 0.390308
v 0.922380 -0.067000 0.390308
v 0.926707 -0.067000 0.390308
v 0.932496 -0.067000 0.390308
v 0.939458 -0.067000 0.390308
v 0.947306 -0.067000 0.390308
v 0.955751 -0.067000 0.390308
v 0.964505 -0.067000 0.390308
v 0.973280 -0.067000 0.390308
v 0.981788 -0.067000 0.390308
v 0.989740 -0.067000 0.390308
v 0.996848 -0.067000 0.390308
v 1.002824 -0.067000 0.390308
v 1.007380 -0.067000 0.390308
v 1.020833 -0.066275 0.390308
v 1.032755 -0.063954 0.390308
v 1.043239 -0.059813 0.390308
v 1.052380 -0.053630 0.390308
v 1.060271 -0.045183 0.390308
v 1.067005 -0.034250 0.390308
v 1.072677 -0.020609 0.390308
v 1.077380 -0.004037 0.390308
v 1.081208 0.015687 0.390308
v 1.084255 0.038787 0.390308
v 1.086614 0.065484 0.390308
v 1.088380 0.096000 0.390308
v 1.083416 0.097373 0.390308
v 1.078088 0.098981 0.390308
v 1.072489 0.100812 0.390308
v 1.066713 0.102852 0.390308
v 1.060854 0.105086 0.390308
v 1.055005 0.107500 0.390308
v 1.049260 0.110081 0.390308
v 1.043713 0.112815 0.390308
v 1.038458 0.115687 0.390308
v 1.033589 0.118685 0.390308
v 1.029198 0.121794 0.390308
v 1.025380 0.125000 0.390308
v 1.024830 0.099433 0.390308
v 1.024144 0.077546 0.390308
v 1.023271 0.059062 0.390308
v 1.022158 0.043704 0.390308
v 1.020753 0.031192 0.390308
v 1.019005 0.021250 0.390308
v 1.016861 0.013600 0.390308
v 1.014269 0.007963 0.390308
v 1.011177 0.004063 0.390308
v 1.007533 0.001620 0.390308
v 1.003285 0.000359 0.390308
v 0.998380 -0.000000 0.390308
v 0.994752 -0.000000 0.390308
v 0.990019 -0.000000 0.390308
v 0.984411 -0.000000 0.390308
v 0.978158 -0.000000 0.390308
v 0.971488 -0.000000 0.390308
v 0.964630 -0.000000 0.390308
v 0.957814 -0.000000 0.390308
v 0.951269 -0.000000 0.390308
v 0.945224 -0.000000 0.390308
v 0.939908 -0.000000 0.390308
v 0.935550 -0.000000 0.390308
v 0.932380 -0.000000 0.390308
v 0.927936 0.000094 0.390308
v 0.924079 0.000417 0.390308
v 0.920770 0.001031 0.390308
v 0.917972 0.002000 0.390308
v 0.915646 0.003385 0.390308
v 0.913755 0.005250 0.390308
v 0.912259 0.007656 0.390308
v 0.911121 0.010667 0.390308
v 0.910302 0.014344 0.390308
v 0.909764 0.018750 0.390308
v 0.909469 0.023948 0.390308
v 0.909380 0.030000 0.390308
v 0.909380 0.310000 0.390308
v 1.032380 0.310000 0.390308
v 1.032380 0.638000 0.390308
v 0.939380 0.638000 0.390308
v 0.946187 0.651280 0.390308
v 0.953088 0.665069 0.390308
v 0.960052 0.679297 0.390308
v 0.967047 0.693889 0.390308
v 0.974041 0.708773 0.390308
v 0.981005 0.723875 0.390308
v 0.987906 0.739123 0.390308
v 0.994713 0.754444 0.390308
v 1.001396 0.769766 0.390308
v 1.007922 0.785014 0.390308
v 1.014260 0.800116 0.390308
v 1.020380 0.815000 0.390308
v 0.947380 0.841000 0.390308
v 0.942309 0.825280 0.390308
v 0.936648 0.808741 0.390308
v 0.930474 0.791563 0.390308
v 0.923861 0.773926 0.390308
v 0.916888 0.756012 0.390308
v 0.909630 0.738000 0.390308
v 0.902164 0.720072 0.390308
v 0.894565 0.702407 0.390308
v 0.886911 0.685188 0.390308
v 0.879278 0.668593 0.390308
v 0.871742 0.652803 0.390308
v 0.864380 0.638000 0.390308
v 0.692380 0.638000 0.390308
v 0.756380 0.668000 0.390308
v 0.752375 0.679976 0.390308
v 0.747426 0.692810 0.390308
v 0.741630 0.706359 0.390308
v 0.735084 0.720482 0.390308
v 0.727885 0.735034 0.390308
v 0.720130 0.749875 0.390308
v 0.711917 0.764862 0.390308
v 0.703343 0.779852 0.390308
v 0.694505 0.794703 0.390308
v 0.685501 0.809273 0.390308
v 0.676427 0.823420 0.390308
v 0.667380 0.837000 0.390308
v 0.606380 0.811000 0.390308
v 0.615137 0.796921 0.390308
v 0.623852 0.782282 0.390308
v 0.632442 0.767234 0.390308
v 0.640824 0.751926 0.390308
v 0.648914 0.736506 0.390308
v 0.656630 0.721125 0.390308
v 0.663887 0.705931 0.390308
v 0.670602 0.691074 0.390308
v 0.676692 0.676703 0.390308
v 0.682074 0.662968 0.390308
v 0.686664 0.650017 0.390308
v 0.690380 0.638000 0.390308
v 0.209380 0.273000 0.390308
v 0.209380 -0.067000 0.390308
v 0.273380 -0.067000 0.390308
v 0.273380 -0.019000 0.390308
v 0.503380 -0.019000 0.390308
v 0.503380 0.273000 0.390308
v 0.273380 0.210000 0.390308
v 0.437380 0.210000 0.390308
v 0.437380 0.044000 0.390308
v 0.273380 0.044000 0.390308
v -0.345620 0.828000 0.390308
v -0.358753 0.791320 0.390308
v -0.373101 0.754894 0.390308
v -0.388589 0.718891 0.390308
v -0.405139 0.683482 0.390308
v -0.422675 0.648836 0.390308
v -0.441120 0.615125 0.390308
v -0.460399 0.582518 0.390308
v -0.480435 0.551185 0.390308
v -0.501151 0.521297 0.390308
v -0.522472 0.493023 0.390308
v -0.544320 0.466534 0.390308
v -0.566620 0.442000 0.390308
v -0.562137 0.438724 0.390308
v -0.557254 0.434958 0.390308
v -0.552073 0.430797 0.390308
v -0.546694 0.426333 0.390308
v -0.541218 0.421661 0.390308
v -0.535745 0.416875 0.390308
v -0.530376 0.412068 0.390308
v -0.525213 0.407333 0.390308
v -0.520354 0.402766 0.390308
v -0.515902 0.398458 0.390308
v -0.511957 0.394505 0.390308
v -0.508620 0.391000 0.390308
v -0.495914 0.405349 0.390308
v -0.483305 0.420375 0.390308
v -0.470808 0.436047 0.390308
v -0.458435 0.452333 0.390308
v -0.446201 0.469203 0.390308
v -0.434120 0.486625 0.390308
v -0.422206 0.504568 0.390308
v -0.410472 0.523000 0.390308
v -0.398932 0.541891 0.390308
v -0.387601 0.561208 0.390308
v -0.376493 0.580922 0.390308
v -0.365620 0.601000 0.390308
v -0.296620 0.601000 0.390308
v -0.296620 -0.079000 0.390308
v -0.220620 -0.079000 0.390308
v -0.220620 0.164000 0.390308
v 0.080380 0.164000 0.390308
v 0.080380 0.235000 0.390308
v -0.220620 0.235000 0.390308
v -0.220620 0.387000 0.390308
v 0.067380 0.387000 0.390308
v 0.067380 0.456000 0.390308
v -0.220620 0.456000 0.390308
v -0.220620 0.601000 0.390308
v 0.090380 0.601000 0.390308
v 0.090380 0.673000 0.390308
v -0.329620 0.673000 0.390308
v -0.324412 0.684041 0.390308
v -0.319291 0.695157 0.390308
v -0.314261 0.706344 0.390308
v -0.309324 0.717593 0.390308
v -0.304484 0.728897 0.390308
v -0.299745 0.740250 0.390308
v -0.295110 0.751645 0.390308
v -0.290583 0.763074 0.390308
v -0.286167 0.774531 0.390308
v -0.281865 0.786009 0.390308
v -0.277682 0.797501 0.390308
v -0.273620 0.809000 0.390308
v -0.586620 0.836000 0.390308
v -0.601393 0.798071 0.390308
v -0.617634 0.760403 0.390308
v -0.635229 0.723172 0.390308
v -0.654065 0.686556 0.390308
v -0.674025 0.650731 0.390308
v -0.694995 0.615875 0.390308
v -0.716861 0.582165 0.390308
v -0.739509 0.549778 0.390308
v -0.762823 0.518891 0.390308
v -0.786690 0.489681 0.390308
v -0.810993 0.462325 0.390308
v -0.835620 0.437000 0.390308
v -0.831966 0.432278 0.390308
v -0.828055 0.426722 0.390308
v -0.823964 0.420500 0.390308
v -0.819768 0.413778 0.390308
v -0.815545 0.406722 0.390308
v -0.811370 0.399500 0.390308
v -0.807320 0.392278 0.390308
v -0.803472 0.385222 0.390308
v -0.799901 0.378500 0.390308
v -0.796685 0.372278 0.390308
v -0.793899 0.366722 0.390308
v -0.791620 0.362000 0.390308
v -0.783141 0.370854 0.390308
v -0.774703 0.379912 0.390308
v -0.766308 0.389172 0.390308
v -0.757953 0.398630 0.390308
v -0.749641 0.408282 0.390308
v -0.741370 0.418125 0.390308
v -0.733141 0.428156 0.390308
v -0.724953 0.438370 0.390308
v -0.716808 0.448766 0.390308
v -0.708703 0.459338 0.390308
v -0.700641 0.470084 0.390308
v -0.692620 0.481000 0.390308
v -0.692620 -0.078000 0.390308
v -0.617620 -0.078000 0.390308
v -0.617620 0.599000 0.390308
v -0.607936 0.616121 0.390308
v -0.598393 0.633468 0.390308
v -0.589011 0.651016 0.390308
v -0.579805 0.668741 0.390308
v -0.570794 0.686619 0.390308
v -0.561995 0.704625 0.390308
v -0.553425 0.722736 0.390308
v -0.545102 0.740926 0.390308
v -0.537042 0.759172 0.390308
v -0.529263 0.777449 0.390308
v -0.521784 0.795733 0.390308
v -0.514620 0.814000 0.390308
v -1.451620 0.480000 0.390308
v -1.319620 0.480000 0.390308
v -1.319620 0.366000 0.390308
v -1.451620 0.366000 0.390308
v -1.141620 0.480000 0.390308
v -1.005620 0.480000 0.390308
v -1.005620 0.366000 0.390308
v -1.141620 0.366000 0.390308
v -1.712620 0.840000 0.390308
v -1.712620 0.638000 0.390308
v -1.825620 0.638000 0.390308
v -1.825620 0.568000 0.390308
v -1.712620 0.568000 0.390308
v -1.712620 0.349000 0.390308
v -1.724034 0.345042 0.390308
v -1.735268 0.341171 0.390308
v -1.746307 0.337391 0.390308
v -1.757139 0.333704 0.390308
v -1.767747 0.330114 0.390308
v -1.778120 0.326625 0.390308
v -1.788243 0.323240 0.390308
v -1.798102 0.319963 0.390308
v -1.807683 0.316797 0.390308
v -1.816972 0.313745 0.390308
v -1.825956 0.310812 0.390308
v -1.834620 0.308000 0.390308
v -1.815620 0.236000 0.390308
v -1.712620 0.275000 0.390308
v -1.712620 0.008000 0.390308
v -1.712685 0.005184 0.390308
v -1.712893 0.002722 0.390308
v -1.713261 0.000594 0.390308
v -1.713805 -0.001222 0.390308
v -1.714544 -0.002747 0.390308
v -1.715495 -0.004000 0.390308
v -1.716675 -0.005003 0.390308
v -1.718102 -0.005778 0.390308
v -1.719792 -0.006344 0.390308
v -1.721764 -0.006722 0.390308
v -1.724034 -0.006934 0.390308
v -1.726620 -0.007000 0.390308
v -1.729298 -0.007019 0.390308
v -1.732791 -0.007069 0.390308
v -1.737042 -0.007141 0.390308
v -1.741990 -0.007222 0.390308
v -1.747578 -0.007304 0.390308
v -1.753745 -0.007375 0.390308
v -1.760433 -0.007425 0.390308
v -1.767583 -0.007444 0.390308
v -1.775136 -0.007422 0.390308
v -1.783032 -0.007347 0.390308
v -1.791213 -0.007210 0.390308
v -1.799620 -0.007000 0.390308
v -1.797144 -0.011985 0.390308
v -1.794726 -0.017380 0.390308
v -1.792386 -0.023094 0.390308
v -1.790139 -0.029037 0.390308
v -1.788003 -0.035119 0.390308
v -1.785995 -0.041250 0.390308
v -1.784133 -0.047339 0.390308
v -1.782435 -0.053296 0.390308
v -1.780917 -0.059031 0.390308
v -1.779597 -0.064454 0.390308
v -1.778492 -0.069473 0.390308
v -1.777620 -0.074000 0.390308
v -1.765241 -0.073954 0.390308
v -1.753588 -0.073801 0.390308
v -1.742636 -0.073516 0.390308
v -1.732361 -0.073074 0.390308
v -1.722739 -0.072452 0.390308
v -1.713745 -0.071625 0.390308
v -1.705356 -0.070569 0.390308
v -1.697546 -0.069259 0.390308
v -1.690292 -0.067672 0.390308
v -1.683569 -0.065782 0.390308
v -1.677353 -0.063567 0.390308
v -1.671620 -0.061000 0.390308
v -1.666408 -0.057847 0.390308
v -1.661759 -0.054361 0.390308
v -1.657651 -0.050500 0.390308
v -1.654065 -0.046222 0.390308
v -1.650978 -0.041486 0.390308
v -1.648370 -0.036250 0.390308
v -1.646221 -0.030472 0.390308
v -1.644509 -0.024111 0.390308
v -1.643214 -0.017125 0.390308
v -1.642315 -0.009472 0.390308
v -1.641790 -0.001111 0.390308
v -1.641620 0.008000 0.390308
v -1.641620 0.302000 0.390308
v -1.542620 0.340000 0.390308
v -1.554620 0.407000 0.390308
v -1.641620 0.375000 0.390308
v -1.641620 0.568000 0.390308
v -1.548620 0.568000 0.390308
v -1.548620 0.638000 0.390308
v -1.641620 0.638000 0.390308
v -1.641620 0.840000 0.390308
v -1.265620 0.310000 0.390308
v -1.265620 0.234000 0.390308
v -1.529620 0.234000 0.390308
v -1.529620 0.171000 0.390308
v -1.312620 0.171000 0.390308
v -1.330677 0.152721 0.390308
v -1.350245 0.134935 0.390308
v -1.371167 0.117719 0.390308
v -1.393287 0.101148 0.390308
v -1.416448 0.085300 0.390308
v -1.440495 0.070250 0.390308
v -1.465271 0.056075 0.390308
v -1.490620 0.042852 0.390308
v -1.516386 0.030656 0.390308
v -1.542412 0.019565 0.390308
v -1.568542 0.009654 0.390308
v -1.594620 0.001000 0.390308
v -1.590735 -0.002758 0.390308
v -1.586625 -0.006981 0.390308
v -1.582354 -0.011594 0.390308
v -1.577990 -0.016519 0.390308
v -1.573599 -0.021679 0.390308
v -1.569245 -0.027000 0.390308
v -1.564996 -0.032404 0.390308
v -1.560916 -0.037815 0.390308
v -1.557073 -0.043156 0.390308
v -1.553532 -0.048352 0.390308
v -1.550359 -0.053325 0.390308
v -1.547620 -0.058000 0.390308
v -1.522038 -0.048094 0.390308
v -1.496384 -0.036921 0.390308
v -1.470792 -0.024547 0.390308
v -1.445398 -0.011037 0.390308
v -1.420337 0.003542 0.390308
v -1.395745 0.019125 0.390308
v -1.371757 0.035645 0.390308
v -1.348509 0.053037 0.390308
v -1.326136 0.071234 0.390308
v -1.304773 0.090171 0.390308
v -1.284556 0.109782 0.390308
v -1.265620 0.130000 0.390308
v -1.265620 -0.081000 0.390308
v -1.194620 -0.081000 0.390308
v -1.194620 0.135000 0.390308
v -1.178267 0.116121 0.390308
v -1.160796 0.097551 0.390308
v -1.142339 0.079391 0.390308
v -1.123027 0.061741 0.390308
v -1.102994 0.044702 0.390308
v -1.082370 0.028375 0.390308
v -1.061288 0.012861 0.390308
v -1.039879 -0.001741 0.390308
v -1.018276 -0.015328 0.390308
v -0.996611 -0.027801 0.390308
v -0.975015 -0.039058 0.390308
v -0.953620 -0.049000 0.390308
v -0.950441 -0.044345 0.390308
v -0.946935 -0.039426 0.390308
v -0.943151 -0.034313 0.390308
v -0.939139 -0.029074 0.390308
v -0.934945 -0.023780 0.390308
v -0.930620 -0.018500 0.390308
v -0.926211 -0.013303 0.390308
v -0.921768 -0.008259 0.390308
v -0.917339 -0.003438 0.390308
v -0.912972 0.001093 0.390308
v -0.908716 0.005262 0.390308
v -0.904620 0.009000 0.390308
v -0.926762 0.017401 0.390308
v -0.949088 0.027042 0.390308
v -0.971448 0.037828 0.390308
v -0.993694 0.049667 0.390308
v -1.015676 0.062464 0.390308
v -1.037245 0.076125 0.390308
v -1.058251 0.090557 0.390308
v -1.078546 0.105667 0.390308
v -1.097979 0.121359 0.390308
v -1.116402 0.137542 0.390308
v -1.133666 0.154120 0.390308
v -1.149620 0.171000 0.390308
v -0.920620 0.171000 0.390308
v -0.920620 0.234000 0.390308
v -1.194620 0.234000 0.390308
v -1.194620 0.310000 0.390308
v -0.942620 0.310000 0.390308
v -0.942620 0.535000 0.390308
v -1.201620 0.535000 0.390308
v -1.201620 0.310000 0.390308
v -1.258620 0.310000 0.390308
v -1.258620 0.535000 0.390308
v -1.510620 0.535000 0.390308
v -1.510620 0.310000 0.390308
v -1.344620 0.742000 0.390308
v -1.113620 0.742000 0.390308
v -1.113620 0.637000 0.390308
v -1.344620 0.637000 0.390308
v -1.410620 0.799000 0.390308
v -1.410620 0.580000 0.390308
v -1.044620 0.580000 0.390308
v -1.044620 0.799000 0.390308
vn -0.0000 -0.0000 -1.0000
vn -0.0000 1.0000 -0.0000
vn -0.0000 -1.0000 -0.0000
vn -0.0000 -0.0000 1.0000
vn -0.0000 0.0001 1.0000
vn -0.0000 0.0002 1.0000
vn -0.0000 -0.0004 1.0000
vn -0.0000 -0.0001 1.0000
vn -0.0000 -0.0002 1.0000
vn -0.0000 0.0003 1.0000
vn -0.0000 -0.0003 1.0000
vn -0.0000 0.0004 1.0000
vn -0.0000 -0.0006 1.0000
vn 0.2891 0.9573 -0.0000
vn -0.9461 0.3238 -0.0000
vn 0.7299 -0.6836 -0.0000
vn 0.8509 0.5253 -0.0000
vn -0.8628 -0.5055 -0.0000
vn -1.0000 -0.0000 -0.0000
vn 0.9946 -0.1033 -0.0000
vn -0.6583 -0.7527 -0.0000
vn -0.8575 -0.5145 -0.0000
vn 0.2665 0.9638 -0.0000
vn 0.3611 -0.9325 -0.0000
vn -0.9919 0.1272 -0.0000
vn 0.8417 0.5399 -0.0000
vn -0.8483 -0.5295 -0.0000
vn 0.9983 -0.0578 -0.0000
vn 0.6849 -0.7286 -0.0000
vn 0.6283 0.7780 -0.0000
vn 0.8584 0.5130 -0.0000
vn -0.8129 0.5825 -0.0000
vn -0.9667 -0.2559 -0.0000
vn 0.9249 -0.3803 -0.0000
vn -0.5996 0.8003 -0.0000
vn -0.8639 -0.5037 -0.0000
vn -0.8492 -0.5281 -0.0000
vn 0.7660 -0.6428 -0.0000
vn -0.7283 -0.6852 -0.0000
vn 0.8742 -0.4855 -0.0000
vn 0.5999 -0.8001 -0.0000
vn 0.7656 -0.6433 -0.0000
vn 0.8657 0.5005 -0.0000
vn -0.9989 0.0472 -0.0000
vn 0.8507 0.5257 -0.0000
vn -0.9825 0.1863 -0.0000
vn -0.6671 -0.7450 -0.0000
vn -0.8701 -0.4929 -0.0000
vn 0.5176 -0.8556 -0.0000
vn -0.9411 0.3383 -0.0000
vn 0.6963 -0.7178 -0.0000
vn -0.9716 -0.2365 -0.0000
vn -0.8580 -0.5136 -0.0000
vn 0.9961 -0.0880 -0.0000
vn 0.5972 0.8021 -0.0000
vn 0.8732 0.4874 -0.0000
vn -0.7408 0.6717 -0.0000
vn 0.9221 -0.3870 -0.0000
vn -0.5647 0.8253 -0.0000
vn -0.6758 -0.7371 -0.0000
vn -0.8762 -0.4820 -0.0000
vn 0.4086 -0.9127 -0.0000
vn -0.8592 -0.5116 -0.0000
vn -0.9974 0.0723 -0.0000
vn -0.7014 -0.7128 -0.0000
vn 0.3358 -0.9419 -0.0000
vn 0.7577 -0.6526 -0.0000
vn 0.8809 0.4734 -0.0000
vn -0.9766 -0.2149 -0.0000
vn 0.8593 0.5114 -0.0000
vn -0.6850 -0.7286 -0.0000
vn -0.8825 -0.4703 -0.0000
vn 0.8210 -0.5710 -0.0000
vn -0.9364 0.3511 -0.0000
vn 0.5663 0.8242 -0.0000
vn 0.9780 -0.2087 -0.0000
vn -0.8658 -0.5005 -0.0000
vn 0.2706 -0.9627 -0.0000
vn 0.6633 -0.7483 -0.0000
vn 0.8891 0.4578 -0.0000
vn 0.9193 -0.3935 -0.0000
vn -0.5305 0.8477 -0.0000
vn -0.6953 -0.7187 -0.0000
vn 0.2138 -0.9769 -0.0000
vn -0.8685 -0.4958 -0.0000
vn -0.9669 0.2551 -0.0000
vn 0.8981 0.4398 -0.0000
vn -0.6746 -0.7381 -0.0000
vn -0.7078 -0.7064 -0.0000
vn -0.8892 -0.4576 -0.0000
vn -0.9938 0.1116 -0.0000
vn 0.1654 -0.9862 -0.0000
vn -0.9819 -0.1892 -0.0000
vn 0.8680 0.4965 -0.0000
vn 0.9685 -0.2490 -0.0000
vn -0.7242 -0.6896 -0.0000
vn -0.9319 0.3627 -0.0000
vn 0.5351 0.8448 -0.0000
vn -0.9430 0.3329 -0.0000
vn 0.7487 -0.6629 -0.0000
vn 0.9082 0.4185 -0.0000
vn 0.9914 -0.1308 -0.0000
vn -0.8722 -0.4891 -0.0000
vn -0.8965 -0.4431 -0.0000
vn -0.6566 0.7542 -0.0000
vn 0.1249 -0.9922 -0.0000
vn 0.6310 -0.7758 -0.0000
vn 0.9166 -0.3998 -0.0000
vn -0.4966 0.8680 -0.0000
vn 1.0000 -0.0000 -0.0000
vn -0.9047 -0.4261 -0.0000
vn -0.9849 0.1732 -0.0000
vn 0.0916 -0.9958 -0.0000
vn -0.8771 -0.4803 -0.0000
vn 0.7495 -0.6620 -0.0000
vn 0.9561 -0.2930 -0.0000
vn -0.8779 -0.4788 -0.0000
vn -0.9142 -0.4053 -0.0000
vn 0.0645 -0.9979 -0.0000
vn 0.5031 0.8642 -0.0000
vn 0.9999 0.0148 -0.0000
vn 0.8769 0.4806 -0.0000
vn -0.6479 -0.7617 -0.0000
vn 0.9403 -0.3404 -0.0000
vn -0.9255 -0.3787 -0.0000
vn -0.9998 -0.0214 -0.0000
vn 0.0429 -0.9991 -0.0000
vn -0.9275 0.3738 -0.0000
vn -0.9084 0.4180 -0.0000
vn 0.7408 -0.6717 -0.0000
vn 0.4977 -0.8674 -0.0000
vn -0.4625 0.8866 -0.0000
vn -0.9318 0.3629 -0.0000
vn 0.0260 -0.9997 -0.0000
vn 0.9984 0.0566 -0.0000
vn 0.0037 -1.0000 -0.0000
vn 0.9139 -0.4060 -0.0000
vn 0.9204 -0.3909 -0.0000
vn -0.8831 -0.4691 -0.0000
vn 0.2922 0.9564 -0.0000
vn -0.9629 0.2699 -0.0000
vn 0.0132 -0.9999 -0.0000
vn -0.8855 -0.4646 -0.0000
vn 0.5990 -0.8007 -0.0000
vn -0.8616 0.5075 -0.0000
vn -0.9415 0.3371 -0.0000
vn 0.4698 0.8828 -0.0000
vn 0.7317 -0.6816 -0.0000
vn 0.2552 0.9669 -0.0000
vn 0.9926 0.1211 -0.0000
vn 0.8863 0.4631 -0.0000
vn -0.6207 -0.7840 -0.0000
vn 0.8959 -0.4442 -0.0000
vn -0.8883 -0.4592 -0.0000
vn -0.8018 0.5976 -0.0000
vn 0.9310 -0.3651 -0.0000
vn 0.7544 -0.6564 -0.0000
vn 0.9110 -0.4123 -0.0000
vn -0.4278 0.9039 -0.0000
vn -0.8939 -0.4483 -0.0000
vn -0.9231 0.3844 -0.0000
vn 0.9429 -0.3331 -0.0000
vn 0.9817 -0.1905 -0.0000
vn 0.8664 -0.4994 -0.0000
vn -0.9006 -0.4346 -0.0000
vn -0.9183 0.3959 -0.0000
vn -0.8939 -0.4484 -0.0000
vn 0.4345 0.9007 -0.0000
vn 0.7222 -0.6917 -0.0000
vn 0.9761 0.2174 -0.0000
vn 0.8313 -0.5558 -0.0000
vn -0.9085 0.4178 -0.0000
vn 0.5672 -0.8236 -0.0000
vn -0.7296 0.6838 -0.0000
vn 0.9397 -0.3421 -0.0000
vn 0.8963 0.4434 -0.0000
vn -0.3920 0.9199 -0.0000
vn -0.5643 0.8255 -0.0000
vn -0.9994 0.0348 -0.0000
vn 0.9255 -0.3786 -0.0000
vn 0.9081 -0.4187 -0.0000
vn -0.5927 -0.8054 -0.0000
vn -0.9304 0.3665 -0.0000
vn -0.9970 -0.0776 -0.0000
vn -0.9024 -0.4310 -0.0000
vn 0.9998 -0.0208 -0.0000
vn 0.3964 0.9181 -0.0000
vn -0.9929 0.1194 -0.0000
vn 0.9364 -0.3509 -0.0000
vn 0.9354 0.3537 -0.0000
vn 0.9073 0.4206 -0.0000
vn -0.3546 0.9350 -0.0000
vn -0.7836 0.6212 -0.0000
vn -0.9186 0.3951 -0.0000
vn -0.9739 0.2271 -0.0000
vn 0.9201 -0.3916 -0.0000
vn 0.5352 -0.8447 -0.0000
vn 0.9331 -0.3597 -0.0000
vn 0.8493 0.5279 -0.0000
vn 0.9050 -0.4253 -0.0000
vn 0.7906 -0.6124 -0.0000
vn 0.3547 0.9350 -0.0000
vn 0.9297 -0.3683 -0.0000
vn 0.7020 0.7122 -0.0000
vn 0.9194 0.3933 -0.0000
vn -0.5635 -0.8261 -0.0000
vn 0.9975 -0.0701 -0.0000
vn -0.9041 0.4273 -0.0000
vn -0.5567 0.8307 -0.0000
vn -0.9112 -0.4119 -0.0000
vn -0.9334 0.3588 -0.0000
vn -0.3150 0.9491 -0.0000
vn -0.9138 0.4062 -0.0000
vn -0.8611 0.5085 -0.0000
vn 0.9147 -0.4041 -0.0000
vn 0.5118 0.8591 -0.0000
vn -0.9186 0.3952 -0.0000
vn 0.6741 -0.7386 -0.0000
vn -0.7513 0.6600 -0.0000
vn 0.3272 0.9450 -0.0000
vn 0.9018 -0.4323 -0.0000
vn -0.9997 0.0232 -0.0000
vn -0.2847 0.9586 -0.0000
vn -0.6112 0.7915 -0.0000
vn 0.9263 -0.3768 -0.0000
vn 0.9330 0.3598 -0.0000
vn -0.9207 -0.3902 -0.0000
vn 0.9998 -0.0187 -0.0000
vn -0.4602 0.8878 -0.0000
vn 0.9093 -0.4161 -0.0000
vn 0.1826 0.9832 -0.0000
vn -0.9085 0.4179 -0.0000
vn 0.6998 -0.7144 -0.0000
vn -0.6477 0.7619 -0.0000
vn 0.9228 -0.3852 -0.0000
vn 0.0834 0.9965 -0.0000
vn -0.9965 0.0841 -0.0000
vn -0.0730 0.9973 -0.0000
vn 0.9193 -0.3936 -0.0000
vn 0.9484 0.3171 -0.0000
vn 0.9913 -0.1314 -0.0000
vn -0.8893 0.4574 -0.0000
vn 0.5029 -0.8644 -0.0000
vn -0.3190 0.9478 -0.0000
vn 0.0211 0.9998 -0.0000
vn 0.8982 -0.4396 -0.0000
vn -0.9854 0.1701 -0.0000
vn -0.9311 -0.3648 -0.0000
vn -0.1993 0.9799 -0.0000
vn 0.9039 -0.4277 -0.0000
vn -0.9059 0.4234 -0.0000
vn 0.7200 -0.6940 -0.0000
vn -0.8910 -0.4539 -0.0000
vn 0.0413 0.9991 -0.0000
vn 0.9157 -0.4019 -0.0000
vn -0.9579 0.2872 -0.0000
vn -0.1037 0.9946 -0.0000
vn 0.9120 -0.4101 -0.0000
vn -0.9025 0.4307 -0.0000
vn 0.9980 -0.0626 -0.0000
vn 0.0324 0.9995 -0.0000
vn 0.8985 -0.4391 -0.0000
vn -0.8998 0.4363 -0.0000
vn -0.0301 0.9995 -0.0000
vn 0.4244 -0.9055 -0.0000
vn 0.9083 -0.4184 -0.0000
vn -0.5324 -0.8465 -0.0000
vn -0.0477 0.9989 -0.0000
vn 0.8943 -0.4475 -0.0000
vn 0.8930 -0.4501 -0.0000
vn -0.9425 -0.3341 -0.0000
vn -0.7967 0.6043 -0.0000
vn -0.8736 0.4867 -0.0000
vn 0.0242 0.9997 -0.0000
vn -0.8954 0.4453 -0.0000
vn -0.7166 -0.6975 -0.0000
vn -0.0336 0.9994 -0.0000
vn 0.9044 -0.4266 -0.0000
vn -0.0241 0.9997 -0.0000
vn -0.8922 0.4516 -0.0000
vn 0.8899 -0.4562 -0.0000
vn 0.7364 -0.6765 -0.0000
vn -0.9554 -0.2954 -0.0000
vn -0.6478 0.7618 -0.0000
vn 0.0168 0.9999 -0.0000
vn -0.4771 0.8789 -0.0000
vn -0.0164 0.9999 -0.0000
vn -0.3175 0.9483 -0.0000
vn 0.0099 1.0000 -0.0000
vn 0.8875 -0.4609 -0.0000
vn -0.9876 -0.1571 -0.0000
vn -0.1885 0.9821 -0.0000
vn -0.0096 1.0000 -0.0000
vn 0.8819 -0.4715 -0.0000
vn -0.0929 0.9957 -0.0000
vn -0.8569 0.5155 -0.0000
vn 0.9620 -0.2730 -0.0000
vn 0.0033 1.0000 -0.0000
vn -0.4689 0.8832 -0.0000
vn -0.0255 0.9997 -0.0000
vn -0.0032 1.0000 -0.0000
vn -0.8773 0.4800 -0.0000
vn -0.7338 -0.6794 -0.0000
vn 0.6757 -0.7371 -0.0000
vn -0.9004 -0.4351 -0.0000
vn 0.8762 -0.4820 -0.0000
vn -0.9641 -0.2657 -0.0000
vn -0.8956 -0.4449 -0.0000
vn 0.8704 -0.4923 -0.0000
vn 0.0250 0.9997 -0.0000
vn 0.9785 -0.2061 -0.0000
vn -0.8390 0.5442 -0.0000
vn -0.0071 1.0000 -0.0000
vn -0.9087 -0.4174 -0.0000
vn -0.8608 0.5089 -0.0000
vn 0.9234 -0.3839 -0.0000
vn -0.0144 0.9999 -0.0000
vn -0.6723 -0.7403 -0.0000
vn 0.7443 -0.6678 -0.0000
vn -0.0167 0.9999 -0.0000
vn -0.3452 0.9385 -0.0000
vn -0.9141 -0.4056 -0.0000
vn 0.9555 -0.2949 -0.0000
vn -0.0165 0.9999 -0.0000
vn -0.9166 -0.3999 -0.0000
vn 0.9843 0.1763 -0.0000
vn 0.8793 -0.4762 -0.0000
vn -0.6958 -0.7183 -0.0000
vn -0.9242 -0.3820 -0.0000
vn -0.7154 -0.6988 -0.0000
vn -0.0146 0.9999 -0.0000
vn 0.9181 -0.3964 -0.0000
vn 0.8514 -0.5245 -0.0000
vn -0.0115 0.9999 -0.0000
vn -0.9318 -0.3630 -0.0000
vn 0.5881 -0.8088 -0.0000
vn -0.5818 -0.8133 -0.0000
vn -0.3276 0.9448 -0.0000
vn -0.7325 -0.6807 -0.0000
vn 0.0095 1.0000 -0.0000
vn -0.0075 1.0000 -0.0000
vn -0.3258 0.9454 -0.0000
vn -0.8230 -0.5680 -0.0000
vn 0.8625 -0.5061 -0.0000
vn -0.6063 -0.7952 -0.0000
vn -0.3240 0.9461 -0.0000
vn -0.7482 -0.6634 -0.0000
vn -0.9943 0.1068 -0.0000
vn 0.0030 1.0000 -0.0000
vn -0.8425 0.5387 -0.0000
vn -0.0027 1.0000 -0.0000
vn 0.6928 -0.7211 -0.0000
vn 0.3583 -0.9336 -0.0000
vn -0.8195 0.5731 -0.0000
vn 0.7308 -0.6826 -0.0000
vn -0.9396 -0.3424 -0.0000
vn -0.3222 0.9467 -0.0000
vn -0.6857 -0.7279 -0.0000
vn 0.9918 -0.1277 -0.0000
vn 0.7504 -0.6610 -0.0000
vn -0.6257 -0.7801 -0.0000
vn -0.3205 0.9472 -0.0000
vn 0.8712 -0.4909 -0.0000
vn -0.7632 -0.6462 -0.0000
vn 0.9932 -0.1167 -0.0000
vn -0.3188 0.9478 -0.0000
vn 0.8626 -0.5059 -0.0000
vn -0.7780 -0.6283 -0.0000
vn 0.7873 -0.6166 -0.0000
vn -0.8219 0.5697 -0.0000
vn 0.4697 -0.8828 -0.0000
vn -0.6424 -0.7664 -0.0000
vn -0.3171 0.9484 -0.0000
vn -0.5189 -0.8548 -0.0000
vn -0.7484 -0.6632 -0.0000
vn -0.7981 0.6025 -0.0000
vn -0.3154 0.9489 -0.0000
vn -0.9126 -0.4089 -0.0000
vn 0.6955 -0.7186 -0.0000
vn 0.5603 -0.8283 -0.0000
vn -0.9477 -0.3192 -0.0000
vn -0.3138 0.9495 -0.0000
vn 0.8534 -0.5213 -0.0000
vn -0.7932 -0.6090 -0.0000
vn -0.9893 0.1458 -0.0000
vn 0.7626 -0.6469 -0.0000
vn -0.6577 -0.7533 -0.0000
vn -0.3121 0.9501 -0.0000
vn 0.8436 -0.5370 -0.0000
vn -0.3543 -0.9351 -0.0000
vn -0.4989 -0.8666 -0.0000
vn -0.7984 0.6021 -0.0000
vn -0.3104 0.9506 -0.0000
vn -0.7616 -0.6481 -0.0000
vn 0.5938 -0.8046 -0.0000
vn -0.7744 0.6327 -0.0000
vn 0.3674 -0.9301 -0.0000
vn -0.9563 -0.2924 -0.0000
vn -0.3087 0.9512 -0.0000
vn -0.8093 -0.5874 -0.0000
vn 0.9832 -0.1823 -0.0000
vn -0.6726 -0.7400 -0.0000
vn 0.8331 -0.5532 -0.0000
vn -0.8270 -0.5621 -0.0000
vn -0.9254 -0.3791 -0.0000
vn -0.7714 0.6363 -0.0000
vn -0.8471 -0.5314 -0.0000
vn 0.4913 -0.8710 -0.0000
vn -0.7476 0.6642 -0.0000
vn 0.7736 -0.6337 -0.0000
vn -0.6879 -0.7258 -0.0000
vn -0.8706 -0.4921 -0.0000
vn 0.9864 -0.1642 -0.0000
vn -0.7739 -0.6333 -0.0000
vn 0.4957 -0.8685 -0.0000
vn -0.9808 0.1950 -0.0000
vn -0.9655 -0.2604 -0.0000
vn 0.8218 -0.5698 -0.0000
vn -0.2151 -0.9766 -0.0000
vn -0.9354 -0.3537 -0.0000
vn 0.8058 -0.5921 -0.0000
vn 0.9777 -0.2100 -0.0000
vn 0.3952 -0.9186 -0.0000
vn 0.1912 -0.9816 -0.0000
vn 0.7839 -0.6209 -0.0000
vn -0.7043 -0.7099 -0.0000
vn -0.1081 -0.9941 -0.0000
vn -0.9669 -0.2552 -0.0000
vn 0.9656 -0.2598 -0.0000
vn 0.7999 -0.6001 -0.0000
vn 0.3062 -0.9520 -0.0000
vn 0.3541 -0.9352 -0.0000
vn 0.0538 -0.9986 -0.0000
vn -0.9670 0.2547 -0.0000
vn 0.4353 -0.9003 -0.0000
vn -0.7228 -0.6910 -0.0000
vn 0.8095 -0.5871 -0.0000
vn -0.0302 -0.9995 -0.0000
vn -0.7861 -0.6181 -0.0000
vn -0.7400 0.6726 -0.0000
vn -0.7444 -0.6677 -0.0000
vn 0.9641 -0.2654 -0.0000
vn -0.4622 -0.8868 -0.0000
vn -0.7169 0.6972 -0.0000
vn -0.9457 0.3250 -0.0000
vn -0.7707 -0.6372 -0.0000
vn -0.9435 -0.3313 -0.0000
vn -0.8040 -0.5946 -0.0000
vn 0.7937 -0.6084 -0.0000
vn 0.9438 -0.3304 -0.0000
vn 0.6369 -0.7709 -0.0000
vn -0.9144 0.4048 -0.0000
vn 0.7939 -0.6081 -0.0000
vn -0.9752 -0.2212 -0.0000
vn -0.9998 0.0215 -0.0000
vn 0.9372 -0.3487 -0.0000
vn -0.9999 0.0109 -0.0000
vn -0.7985 -0.6020 -0.0000
vn 0.2430 -0.9700 -0.0000
vn 0.6431 0.7658 -0.0000
vn 0.1901 -0.9818 -0.0000
vn 1.0000 -0.0021 -0.0000
vn 0.5779 0.8161 -0.0000
vn 0.8039 -0.5948 -0.0000
vn 0.7963 -0.6049 -0.0000
vn -0.9503 -0.3112 -0.0000
vn 0.1465 -0.9892 -0.0000
vn -0.7114 0.7028 -0.0000
vn 1.0000 -0.0071 -0.0000
vn 0.5242 0.8516 -0.0000
vn -0.9852 -0.1715 -0.0000
vn 0.7871 -0.6168 -0.0000
vn 0.9999 -0.0129 -0.0000
vn -0.5900 -0.8074 -0.0000
vn 0.4796 0.8775 -0.0000
vn 0.8951 -0.4458 -0.0000
vn 0.1109 -0.9938 -0.0000
vn 0.9998 -0.0195 -0.0000
vn -0.6107 -0.7919 -0.0000
vn 0.9146 -0.4044 -0.0000
vn 0.3993 -0.9168 -0.0000
vn 0.7268 0.6869 -0.0000
vn -0.9992 0.0395 -0.0000
vn -0.8707 0.4918 -0.0000
vn -0.8117 -0.5840 -0.0000
vn 0.0822 -0.9966 -0.0000
vn 0.6927 0.7213 -0.0000
vn 0.7803 -0.6254 -0.0000
vn -0.4214 -0.9069 -0.0000
vn 0.0593 -0.9982 -0.0000
vn -0.6726 0.7400 -0.0000
vn 0.9996 -0.0270 -0.0000
vn -0.7909 -0.6120 -0.0000
vn 0.4421 0.8970 -0.0000
vn 0.8258 -0.5640 -0.0000
vn -0.4657 0.8849 -0.0000
vn 0.0411 -0.9992 -0.0000
vn 0.9994 -0.0353 -0.0000
vn 0.4098 0.9122 -0.0000
vn 0.8143 -0.5804 -0.0000
vn 0.7818 -0.6235 -0.0000
vn 0.8153 0.5790 -0.0000
vn 0.0269 -0.9996 -0.0000
vn 0.9990 -0.0445 -0.0000
vn -0.6262 -0.7796 -0.0000
vn 0.3816 0.9243 -0.0000
vn 0.6599 0.7513 -0.0000
vn 0.8256 0.5642 -0.0000
vn 0.0161 -0.9999 -0.0000
vn 0.9985 -0.0545 -0.0000
vn -0.8177 -0.5756 -0.0000
vn 0.3562 0.9344 -0.0000
vn 0.8378 -0.5460 -0.0000
vn 0.0022 -1.0000 -0.0000
vn -0.9969 0.0783 -0.0000
vn 0.8348 0.5506 -0.0000
vn -0.8263 -0.5632 -0.0000
vn 0.0080 -1.0000 -0.0000
vn -0.6386 -0.7696 -0.0000
vn -0.8428 -0.5382 -0.0000
vn 0.3329 0.9429 -0.0000
vn -0.9517 0.3070 -0.0000
vn -0.7559 -0.6547 -0.0000
vn 0.9979 -0.0653 -0.0000
vn 0.3108 0.9505 -0.0000
vn 0.7663 -0.6425 -0.0000
vn 0.3355 0.9420 -0.0000
vn 0.7731 -0.6343 -0.0000
vn 0.8431 0.5377 -0.0000
vn -0.9995 0.0313 -0.0000
vn -0.9617 -0.2742 -0.0000
vn -0.3921 0.9199 -0.0000
vn -0.6354 0.7722 -0.0000
vn 0.9970 -0.0771 -0.0000
vn -0.8356 -0.5494 -0.0000
vn -0.8506 -0.5259 -0.0000
vn -0.8430 -0.5379 -0.0000
vn 0.8323 0.5544 -0.0000
vn 0.9960 -0.0897 -0.0000
vn -0.6490 -0.7608 -0.0000
vt 0.002880 0.560555
vt 0.002880 0.565361
vt 0.002880 0.570168
vt 0.002880 0.084710
vt 0.002880 0.584587
vt 0.002880 0.089517
vt 0.138228 0.040800
vt 0.138228 0.050665
vt 0.138228 0.070396
vt 0.138228 0.001339
vt 0.138228 0.060531
vt 0.138228 0.011204
vt 0.002880 0.574974
vt 0.002880 0.579781
vt 0.138228 0.080261
vt 0.138228 0.090127
vt 0.002880 0.007806
vt 0.002880 0.079904
vt 0.138228 0.099992
vt 0.138228 0.129588
vt 0.002880 0.012613
vt 0.002880 0.075097
vt 0.138228 0.109858
vt 0.138228 0.119723
vt 0.002880 0.555748
vt 0.002880 0.017419
vt 0.002880 0.022226
vt 0.002880 0.027032
vt 0.002880 0.031839
vt 0.002880 0.550942
vt 0.002880 0.036645
vt 0.002880 0.041452
vt 0.002880 0.046258
vt 0.002880 0.051065
vt 0.002880 0.546135
vt 0.002880 0.055871
vt 0.002880 0.060678
vt 0.002880 0.065484
vt 0.002880 0.070291
vt 0.002880 0.541329
vt 0.002880 0.382714
vt 0.002880 0.536522
vt 0.002880 0.387520
vt 0.138228 0.021069
vt 0.002880 0.392327
vt 0.002880 0.377907
vt 0.002880 0.531716
vt 0.002880 0.397133
vt 0.002880 0.526909
vt 0.138228 0.030935
vt 0.002880 0.401940
vt 0.002880 0.406746
vt 0.002880 0.522103
vt 0.002880 0.411553
vt 0.002880 0.517296
vt 0.002880 0.416359
vt 0.002880 0.512490
vt 0.002880 0.421166
vt 0.002880 0.425973
vt 0.002880 0.507683
vt 0.002880 0.373101
vt 0.002880 0.094323
vt 0.002880 0.368294
vt 0.002880 0.363488
vt 0.002880 0.430779
vt 0.002880 0.099130
vt 0.002880 0.358681
vt 0.002880 0.353875
vt 0.002880 0.349068
vt 0.002880 0.344262
vt 0.002880 0.339455
vt 0.002880 0.502877
vt 0.002880 0.103936
vt 0.002880 0.334649
vt 0.002880 0.329842
vt 0.002880 0.257745
vt 0.002880 0.262551
vt 0.002880 0.267358
vt 0.002880 0.325036
vt 0.002880 0.272164
vt 0.002880 0.320229
vt 0.002880 0.315423
vt 0.002880 0.276971
vt 0.002880 0.310616
vt 0.002880 0.305810
vt 0.002880 0.281777
vt 0.002880 0.301003
vt 0.002880 0.286584
vt 0.002880 0.296197
vt 0.002880 0.291390
vt 0.002880 0.252938
vt 0.002880 0.108743
vt 0.002880 0.248132
vt 0.002880 0.435586
vt 0.002880 0.113550
vt 0.002880 0.243325
vt 0.002880 0.238519
vt 0.002880 0.118356
vt 0.002880 0.233712
vt 0.002880 0.498070
vt 0.002880 0.123163
vt 0.002880 0.493264
vt 0.002880 0.440392
vt 0.002880 0.228906
vt 0.002880 0.488457
vt 0.002880 0.127969
vt 0.002880 0.483651
vt 0.002880 0.132776
vt 0.002880 0.224099
vt 0.002880 0.478844
vt 0.002880 0.137582
vt 0.002880 0.219293
vt 0.002880 0.474038
vt 0.002880 0.142389
vt 0.002880 0.469231
vt 0.002880 0.214486
vt 0.002880 0.147195
vt 0.002880 0.464425
vt 0.002880 0.152002
vt 0.002880 0.459618
vt 0.002880 0.454812
vt 0.002880 0.450005
vt 0.002880 0.445199
vt 0.002880 0.209680
vt 0.002880 0.156808
vt 0.002880 0.161615
vt 0.002880 0.166421
vt 0.002880 0.204873
vt 0.002880 0.171228
vt 0.002880 0.176034
vt 0.002880 0.180841
vt 0.002880 0.185647
vt 0.002880 0.190454
vt 0.002880 0.195260
vt 0.002880 0.200067
vt 0.005759 0.109606
vt 0.005759 0.112211
vt 0.005759 0.114817
vt 0.005759 0.041870
vt 0.005759 0.044475
vt 0.005759 0.047081
vt 0.005759 0.107001
vt 0.005759 0.049686
vt 0.005759 0.117422
vt 0.005759 0.039265
vt 0.005759 0.052291
vt 0.005759 0.104396
vt 0.005759 0.120027
vt 0.005759 0.036660
vt 0.005759 0.054896
vt 0.005759 0.101791
vt 0.005759 0.122632
vt 0.005759 0.034054
vt 0.005759 0.057502
vt 0.005759 0.099185
vt 0.005759 0.125238
vt 0.005759 0.031449
vt 0.005759 0.060107
vt 0.005759 0.096580
vt 0.005759 0.127843
vt 0.005759 0.028844
vt 0.005759 0.062712
vt 0.005759 0.130448
vt 0.005759 0.093975
vt 0.005759 0.026239
vt 0.005759 0.065317
vt 0.005759 0.133053
vt 0.005759 0.023634
vt 0.005759 0.067923
vt 0.005759 0.091370
vt 0.005759 0.135659
vt 0.005759 0.070528
vt 0.005759 0.021028
vt 0.005759 0.088764
vt 0.005759 0.138264
vt 0.005759 0.073133
vt 0.005759 0.018423
vt 0.005759 0.086159
vt 0.005759 0.075738
vt 0.005759 0.140869
vt 0.005759 0.015818
vt 0.008639 0.054190
vt 0.008639 0.074873
vt 0.008639 0.012825
vt 0.008639 0.033508
vt 0.005759 0.083554
vt 0.005759 0.078343
vt 0.005759 0.143474
vt 0.005759 0.013213
vt 0.005759 0.080949
vt 0.005759 0.146079
vt 0.005759 0.010607
vt 0.005759 0.476944
vt 0.005759 0.479549
vt 0.005759 0.521233
vt 0.005759 0.148685
vt 0.005759 0.518628
vt 0.005759 0.151290
vt 0.005759 0.513417
vt 0.005759 0.516023
vt 0.069114 0.038953
vt 0.069114 0.057595
vt 0.069114 0.001668
vt 0.069114 0.020310
vt 0.519287 0.521738
vt 0.279412 0.282609
vt 0.999040 0.999998
vt 0.759163 0.760868
vt 0.005759 0.474339
vt 0.005759 0.471734
vt 0.005759 0.380550
vt 0.005759 0.383156
vt 0.005759 0.377945
vt 0.005759 0.375340
vt 0.005759 0.153895
vt 0.005759 0.156500
vt 0.005759 0.469128
vt 0.074873 0.061466
vt 0.074873 0.069114
vt 0.074873 0.023229
vt 0.074873 0.030876
vt 0.074873 0.015582
vt 0.074873 0.038524
vt 0.005759 0.385761
vt 0.005759 0.466523
vt 0.005759 0.388366
vt 0.074873 0.000287
vt 0.074873 0.007934
vt 0.005759 0.463918
vt 0.005759 0.390971
vt 0.005759 0.461313
vt 0.005759 0.393577
vt 0.005759 0.458707
vt 0.005759 0.247684
vt 0.005759 0.250289
vt 0.005759 0.252894
vt 0.005759 0.255499
vt 0.005759 0.258105
vt 0.005759 0.260710
vt 0.005759 0.396182
vt 0.005759 0.456102
vt 0.005759 0.263315
vt 0.005759 0.265920
vt 0.005759 0.268525
vt 0.005759 0.271131
vt 0.005759 0.273736
vt 0.005759 0.276341
vt 0.005759 0.245078
vt 0.005759 0.278946
vt 0.005759 0.281552
vt 0.005759 0.284157
vt 0.005759 0.453497
vt 0.005759 0.398787
vt 0.005759 0.242473
vt 0.005759 0.286762
vt 0.005759 0.450892
vt 0.005759 0.239868
vt 0.005759 0.401392
vt 0.074873 0.046171
vt 0.005759 0.237263
vt 0.005759 0.289367
vt 0.005759 0.448286
vt 0.005759 0.234657
vt 0.005759 0.159106
vt 0.005759 0.372735
vt 0.005759 0.161711
vt 0.005759 0.232052
vt 0.005759 0.164316
vt 0.005759 0.403998
vt 0.005759 0.291972
vt 0.005759 0.166921
vt 0.005759 0.229447
vt 0.005759 0.445681
vt 0.005759 0.370129
vt 0.005759 0.169527
vt 0.005759 0.226842
vt 0.005759 0.172132
vt 0.005759 0.174737
vt 0.005759 0.224236
vt 0.005759 0.177342
vt 0.005759 0.179947
vt 0.005759 0.221631
vt 0.005759 0.182553
vt 0.005759 0.185158
vt 0.005759 0.219026
vt 0.005759 0.187763
vt 0.005759 0.190368
vt 0.005759 0.192974
vt 0.005759 0.195579
vt 0.005759 0.198184
vt 0.005759 0.200789
vt 0.005759 0.203395
vt 0.005759 0.206000
vt 0.005759 0.208605
vt 0.005759 0.211210
vt 0.005759 0.213816
vt 0.005759 0.216421
vt 0.005759 0.367524
vt 0.005759 0.294578
vt 0.005759 0.443076
vt 0.005759 0.406603
vt 0.005759 0.364919
vt 0.074873 0.053819
vt 0.005759 0.297183
vt 0.005759 0.440471
vt 0.005759 0.362314
vt 0.005759 0.437865
vt 0.005759 0.435260
vt 0.005759 0.299788
vt 0.005759 0.409208
vt 0.005759 0.432655
vt 0.005759 0.359709
vt 0.005759 0.430050
vt 0.005759 0.302393
vt 0.005759 0.357103
vt 0.005759 0.427445
vt 0.005759 0.424839
vt 0.005759 0.354498
vt 0.005759 0.304999
vt 0.005759 0.422234
vt 0.005759 0.351893
vt 0.005759 0.307604
vt 0.005759 0.419629
vt 0.005759 0.417024
vt 0.005759 0.414418
vt 0.005759 0.411813
vt 0.005759 0.349288
vt 0.005759 0.310209
vt 0.005759 0.346682
vt 0.005759 0.312814
vt 0.005759 0.344077
vt 0.005759 0.341472
vt 0.005759 0.338867
vt 0.005759 0.336261
vt 0.005759 0.333656
vt 0.005759 0.331051
vt 0.005759 0.328446
vt 0.005759 0.325841
vt 0.005759 0.323235
vt 0.005759 0.320630
vt 0.005759 0.318025
vt 0.005759 0.315420
vt 0.063354 0.054715
vt 0.063354 0.000878
vt 0.063354 0.003031
vt 0.063354 0.005185
vt 0.063354 0.007338
vt 0.063354 0.052562
vt 0.063354 0.009492
vt 0.063354 0.050408
vt 0.063354 0.011645
vt 0.063354 0.048255
vt 0.063354 0.013799
vt 0.063354 0.046101
vt 0.063354 0.015952
vt 0.063354 0.043948
vt 0.063354 0.018106
vt 0.063354 0.041794
vt 0.063354 0.020259
vt 0.063354 0.039641
vt 0.063354 0.022413
vt 0.063354 0.024566
vt 0.063354 0.037487
vt 0.063354 0.026720
vt 0.063354 0.035334
vt 0.063354 0.033180
vt 0.063354 0.031027
vt 0.063354 0.028873
vt 0.210221 0.197676
vt 0.210221 0.201582
vt 0.210221 0.002411
vt 0.345569 0.331601
vt 0.345569 0.336930
vt 0.345569 0.001214
vt 0.210221 0.006316
vt 0.345569 0.006542
vt 0.210221 0.193771
vt 0.345569 0.011871
vt 0.210221 0.010221
vt 0.345569 0.326272
vt 0.345569 0.017200
vt 0.210221 0.014127
vt 0.345569 0.022529
vt 0.345569 0.027858
vt 0.210221 0.189866
vt 0.210221 0.018032
vt 0.345569 0.320943
vt 0.345569 0.033187
vt 0.210221 0.021937
vt 0.345569 0.038515
vt 0.345569 0.043844
vt 0.210221 0.185961
vt 0.210221 0.025843
vt 0.345569 0.315614
vt 0.345569 0.049173
vt 0.345569 0.054502
vt 0.210221 0.029748
vt 0.345569 0.059831
vt 0.210221 0.033653
vt 0.210221 0.182055
vt 0.345569 0.065160
vt 0.345569 0.310285
vt 0.345569 0.070488
vt 0.345569 0.075817
vt 0.210221 0.037559
vt 0.210221 0.041464
vt 0.210221 0.178150
vt 0.345569 0.304957
vt 0.210221 0.045369
vt 0.210221 0.049275
vt 0.210221 0.174245
vt 0.345569 0.299628
vt 0.345569 0.145092
vt 0.345569 0.150421
vt 0.345569 0.139763
vt 0.345569 0.134434
vt 0.345569 0.081146
vt 0.345569 0.086475
vt 0.210221 0.060990
vt 0.210221 0.053180
vt 0.345569 0.294299
vt 0.210221 0.170339
vt 0.345569 0.155750
vt 0.345569 0.161078
vt 0.345569 0.288970
vt 0.210221 0.166434
vt 0.345569 0.166407
vt 0.345569 0.171736
vt 0.345569 0.283641
vt 0.210221 0.162529
vt 0.345569 0.177065
vt 0.345569 0.278312
vt 0.210221 0.158623
vt 0.345569 0.182394
vt 0.210221 0.064896
vt 0.210221 0.057085
vt 0.210221 0.068801
vt 0.345569 0.187722
vt 0.345569 0.272984
vt 0.210221 0.154718
vt 0.210221 0.072706
vt 0.345569 0.102461
vt 0.345569 0.091804
vt 0.345569 0.097132
vt 0.345569 0.193051
vt 0.210221 0.076612
vt 0.345569 0.267655
vt 0.345569 0.262326
vt 0.210221 0.080517
vt 0.210221 0.150813
vt 0.345569 0.198380
vt 0.345569 0.256997
vt 0.210221 0.146907
vt 0.345569 0.251668
vt 0.210221 0.084422
vt 0.210221 0.143002
vt 0.345569 0.246340
vt 0.345569 0.241011
vt 0.210221 0.139097
vt 0.345569 0.203709
vt 0.210221 0.088328
vt 0.345569 0.235682
vt 0.210221 0.135191
vt 0.345569 0.230353
vt 0.210221 0.092233
vt 0.345569 0.225024
vt 0.210221 0.131286
vt 0.345569 0.219695
vt 0.345569 0.214367
vt 0.345569 0.209038
vt 0.210221 0.127381
vt 0.210221 0.096138
vt 0.210221 0.123475
vt 0.210221 0.100044
vt 0.345569 0.107790
vt 0.210221 0.119570
vt 0.210221 0.103949
vt 0.210221 0.115665
vt 0.210221 0.111760
vt 0.210221 0.107854
vt 0.345569 0.123777
vt 0.345569 0.113119
vt 0.345569 0.118448
vt 0.345569 0.129105
vt 0.106550 0.029996
vt 0.106550 0.043579
vt 0.106550 0.097911
vt 0.106550 0.002830
vt 0.106550 0.084328
vt 0.106550 0.016413
vt 0.106550 0.057162
vt 0.106550 0.070745
vt 0.169905 0.159468
vt 0.169905 0.161265
vt 0.169905 0.001332
vt 0.169905 0.003129
vt 0.169905 0.155874
vt 0.169905 0.157671
vt 0.169905 0.004926
vt 0.169905 0.006723
vt 0.169905 0.154077
vt 0.169905 0.152280
vt 0.169905 0.008520
vt 0.169905 0.010317
vt 1.000000 0.996889
vt 0.994709 0.991614
vt 0.000000 0.000000
vt 0.989418 0.986340
vt 0.005291 0.005275
vt 0.984127 0.981065
vt 0.978836 0.975791
vt 0.973545 0.970516
vt 0.021164 0.021098
vt 0.968254 0.965242
vt 0.026455 0.026373
vt 0.962963 0.959967
vt 0.015873 0.015824
vt 0.010582 0.010549
vt 0.037037 0.036922
vt 0.031746 0.031647
vt 0.169905 0.012114
vt 0.169905 0.013911
vt 0.169905 0.150483
vt 0.169905 0.148686
vt 0.169905 0.146889
vt 0.169905 0.015708
vt 0.169905 0.145092
vt 0.169905 0.143295
vt 0.169905 0.141498
vt 0.169905 0.139701
vt 0.169905 0.137904
vt 0.169905 0.136107
vt 0.169905 0.134310
vt 0.169905 0.132513
vt 0.169905 0.130716
vt 0.518519 0.516905
vt 0.523809 0.522180
vt 0.957672 0.954693
vt 0.952381 0.949418
vt 0.169905 0.128919
vt 0.169905 0.127122
vt 0.169905 0.017505
vt 0.169905 0.125325
vt 0.534391 0.532729
vt 0.529100 0.527455
vt 0.947090 0.944144
vt 0.941799 0.938869
vt 0.539682 0.538004
vt 0.544973 0.543278
vt 0.936508 0.933594
vt 0.931217 0.928320
vt 0.925926 0.923045
vt 0.550264 0.548553
vt 0.746032 0.743711
vt 0.920635 0.917771
vt 0.730159 0.727887
vt 0.740741 0.738436
vt 0.751323 0.748985
vt 0.555556 0.553827
vt 0.724868 0.722613
vt 0.735450 0.733162
vt 0.915344 0.912496
vt 0.560846 0.559102
vt 0.756614 0.754260
vt 0.719577 0.717338
vt 0.910053 0.907222
vt 0.566138 0.564376
vt 0.761905 0.759535
vt 0.904762 0.901947
vt 0.714286 0.712064
vt 0.571429 0.569651
vt 0.767196 0.764809
vt 0.899471 0.896673
vt 0.708995 0.706789
vt 0.576720 0.574925
vt 0.894180 0.891398
vt 0.772487 0.770084
vt 0.582011 0.580200
vt 0.703704 0.701515
vt 0.888889 0.886124
vt 0.777778 0.775358
vt 0.587301 0.585475
vt 0.883598 0.880849
vt 0.698413 0.696240
vt 0.592593 0.590749
vt 0.783069 0.780633
vt 0.878307 0.875574
vt 0.597884 0.596024
vt 0.693122 0.690965
vt 0.873016 0.870300
vt 0.788360 0.785907
vt 0.603175 0.601298
vt 0.867725 0.865025
vt 0.169905 0.123528
vt 0.169905 0.019302
vt 0.862434 0.859751
vt 0.169905 0.121731
vt 0.687831 0.685691
vt 0.169905 0.119934
vt 0.857143 0.854476
vt 0.608466 0.606573
vt 0.169905 0.118137
vt 0.169905 0.021099
vt 0.169905 0.116340
vt 0.793651 0.791182
vt 0.169905 0.114543
vt 0.613757 0.611847
vt 0.851852 0.849202
vt 0.169905 0.112746
vt 0.169905 0.110949
vt 0.169905 0.109152
vt 0.169905 0.107355
vt 0.169905 0.105558
vt 0.169905 0.103761
vt 0.619048 0.617122
vt 0.169905 0.080400
vt 0.169905 0.082197
vt 0.169905 0.083994
vt 0.169905 0.101964
vt 0.169905 0.100167
vt 0.169905 0.098370
vt 0.169905 0.096573
vt 0.169905 0.085791
vt 0.169905 0.094776
vt 0.169905 0.092979
vt 0.169905 0.087588
vt 0.169905 0.091182
vt 0.169905 0.089385
vt 0.846561 0.843927
vt 0.169905 0.022896
vt 0.682540 0.680416
vt 0.624339 0.622396
vt 0.169905 0.078603
vt 0.841270 0.838653
vt 0.798942 0.796456
vt 0.629630 0.627671
vt 0.169905 0.024693
vt 0.169905 0.076806
vt 0.835979 0.833378
vt 0.634921 0.632945
vt 0.169905 0.075009
vt 0.830688 0.828104
vt 0.169905 0.026490
vt 0.677249 0.675142
vt 0.640212 0.638220
vt 0.804233 0.801731
vt 0.169905 0.073212
vt 0.825397 0.822829
vt 0.169905 0.028287
vt 0.645503 0.643495
vt 0.820106 0.817555
vt 0.169905 0.071415
vt 0.169905 0.030084
vt 0.671958 0.669867
vt 0.650794 0.648769
vt 0.809524 0.807005
vt 0.814815 0.812280
vt 0.169905 0.069618
vt 0.169905 0.031881
vt 0.656085 0.654044
vt 0.169905 0.033678
vt 0.169905 0.067821
vt 0.661376 0.659318
vt 0.666667 0.664593
vt 0.169905 0.035475
vt 0.169905 0.066024
vt 0.169905 0.037272
vt 0.169905 0.039069
vt 0.169905 0.064227
vt 0.169905 0.040866
vt 0.169905 0.042663
vt 0.169905 0.062430
vt 0.169905 0.044460
vt 0.169905 0.046257
vt 0.169905 0.048054
vt 0.169905 0.060633
vt 0.169905 0.049851
vt 0.169905 0.051648
vt 0.169905 0.053445
vt 0.169905 0.055242
vt 0.169905 0.057039
vt 0.169905 0.058836
s 0
usemtl マテリアル
f 20/1/1 19/2/1 18/3/1
f 18/3/1 19/2/1 119/4/1
f 18/3/1 119/4/1 15/5/1
f 15/5/1 119/4/1 118/6/1
f 10/7/1 9/8/1 7/9/1
f 7/9/1 9/8/1 14/10/1
f 7/9/1 14/10/1 8/11/1
f 8/11/1 14/10/1 13/12/1
f 20/1/1 18/3/1 17/13/1
f 16/14/1 15/5/1 118/6/1
f 10/7/1 7/9/1 6/15/1
f 5/16/1 8/11/1 13/12/1
f 20/1/1 17/13/1 135/17/1
f 135/17/1 17/13/1 16/14/1
f 135/17/1 16/14/1 120/18/1
f 120/18/1 16/14/1 118/6/1
f 10/7/1 6/15/1 4/19/1
f 4/19/1 6/15/1 5/16/1
f 4/19/1 5/16/1 1/20/1
f 1/20/1 5/16/1 13/12/1
f 20/1/1 135/17/1 134/21/1
f 121/22/1 120/18/1 118/6/1
f 10/7/1 4/19/1 3/23/1
f 2/24/1 1/20/1 13/12/1
f 21/25/1 20/1/1 134/21/1
f 21/25/1 134/21/1 133/26/1
f 21/25/1 133/26/1 132/27/1
f 21/25/1 132/27/1 131/28/1
f 21/25/1 131/28/1 130/29/1
f 22/30/1 21/25/1 130/29/1
f 22/30/1 130/29/1 129/31/1
f 22/30/1 129/31/1 128/32/1
f 22/30/1 128/32/1 127/33/1
f 22/30/1 127/33/1 126/34/1
f 23/35/1 22/30/1 126/34/1
f 23/35/1 126/34/1 125/36/1
f 23/35/1 125/36/1 124/37/1
f 23/35/1 124/37/1 123/38/1
f 23/35/1 123/38/1 122/39/1
f 24/40/1 23/35/1 122/39/1
f 24/40/1 122/39/1 121/22/1
f 24/40/1 121/22/1 57/41/1
f 57/41/1 121/22/1 118/6/1
f 25/42/1 24/40/1 56/43/1
f 56/43/1 24/40/1 57/41/1
f 10/7/1 3/23/1 12/44/1
f 12/44/1 3/23/1 2/24/1
f 12/44/1 2/24/1 13/12/1
f 25/42/1 56/43/1 55/45/1
f 58/46/1 57/41/1 118/6/1
f 26/47/1 25/42/1 55/45/1
f 26/47/1 55/45/1 54/48/1
f 27/49/1 26/47/1 54/48/1
f 10/7/1 12/44/1 11/50/1
f 27/49/1 54/48/1 53/51/1
f 27/49/1 53/51/1 52/52/1
f 28/53/1 27/49/1 52/52/1
f 28/53/1 52/52/1 51/54/1
f 29/55/1 28/53/1 51/54/1
f 29/55/1 51/54/1 50/56/1
f 30/57/1 29/55/1 50/56/1
f 30/57/1 50/56/1 49/58/1
f 30/57/1 49/58/1 48/59/1
f 31/60/1 30/57/1 48/59/1
f 59/61/1 58/46/1 118/6/1
f 59/61/1 118/6/1 117/62/1
f 60/63/1 59/61/1 117/62/1
f 61/64/1 60/63/1 117/62/1
f 31/60/1 48/59/1 47/65/1
f 61/64/1 117/62/1 116/66/1
f 62/67/1 61/64/1 116/66/1
f 63/68/1 62/67/1 116/66/1
f 64/69/1 63/68/1 116/66/1
f 65/70/1 64/69/1 116/66/1
f 66/71/1 65/70/1 116/66/1
f 32/72/1 31/60/1 47/65/1
f 66/71/1 116/66/1 115/73/1
f 67/74/1 66/71/1 115/73/1
f 68/75/1 67/74/1 115/73/1
f 83/76/1 82/77/1 81/78/1
f 69/79/1 68/75/1 115/73/1
f 83/76/1 81/78/1 80/80/1
f 70/81/1 69/79/1 115/73/1
f 71/82/1 70/81/1 115/73/1
f 83/76/1 80/80/1 79/83/1
f 72/84/1 71/82/1 115/73/1
f 73/85/1 72/84/1 115/73/1
f 83/76/1 79/83/1 78/86/1
f 74/87/1 73/85/1 115/73/1
f 83/76/1 78/86/1 77/88/1
f 75/89/1 74/87/1 115/73/1
f 83/76/1 77/88/1 76/90/1
f 76/90/1 75/89/1 115/73/1
f 83/76/1 76/90/1 115/73/1
f 84/91/1 83/76/1 115/73/1
f 84/91/1 115/73/1 114/92/1
f 85/93/1 84/91/1 114/92/1
f 32/72/1 47/65/1 46/94/1
f 85/93/1 114/92/1 113/95/1
f 86/96/1 85/93/1 113/95/1
f 87/97/1 86/96/1 113/95/1
f 87/97/1 113/95/1 112/98/1
f 88/99/1 87/97/1 112/98/1
f 33/100/1 32/72/1 46/94/1
f 88/99/1 112/98/1 111/101/1
f 34/102/1 33/100/1 46/94/1
f 34/102/1 46/94/1 45/103/1
f 89/104/1 88/99/1 111/101/1
f 35/105/1 34/102/1 45/103/1
f 89/104/1 111/101/1 110/106/1
f 36/107/1 35/105/1 45/103/1
f 89/104/1 110/106/1 109/108/1
f 90/109/1 89/104/1 109/108/1
f 37/110/1 36/107/1 45/103/1
f 90/109/1 109/108/1 108/111/1
f 91/112/1 90/109/1 108/111/1
f 38/113/1 37/110/1 45/103/1
f 91/112/1 108/111/1 107/114/1
f 39/115/1 38/113/1 45/103/1
f 92/116/1 91/112/1 107/114/1
f 92/116/1 107/114/1 106/117/1
f 40/118/1 39/115/1 45/103/1
f 92/116/1 106/117/1 105/119/1
f 40/118/1 45/103/1 41/120/1
f 41/120/1 45/103/1 42/121/1
f 42/121/1 45/103/1 43/122/1
f 43/122/1 45/103/1 44/123/1
f 93/124/1 92/116/1 105/119/1
f 93/124/1 105/119/1 104/125/1
f 93/124/1 104/125/1 103/126/1
f 93/124/1 103/126/1 102/127/1
f 94/128/1 93/124/1 102/127/1
f 94/128/1 102/127/1 101/129/1
f 94/128/1 101/129/1 100/130/1
f 94/128/1 100/130/1 99/131/1
f 94/128/1 99/131/1 98/132/1
f 94/128/1 98/132/1 97/133/1
f 94/128/1 97/133/1 96/134/1
f 94/128/1 96/134/1 95/135/1
f 320/136/1 319/137/1 318/138/1
f 346/139/1 345/140/1 344/141/1
f 321/142/1 320/136/1 318/138/1
f 346/139/1 344/141/1 343/143/1
f 321/142/1 318/138/1 317/144/1
f 347/145/1 346/139/1 343/143/1
f 347/145/1 343/143/1 342/146/1
f 322/147/1 321/142/1 317/144/1
f 322/147/1 317/144/1 316/148/1
f 348/149/1 347/145/1 342/146/1
f 348/149/1 342/146/1 341/150/1
f 323/151/1 322/147/1 316/148/1
f 323/151/1 316/148/1 315/152/1
f 349/153/1 348/149/1 341/150/1
f 349/153/1 341/150/1 340/154/1
f 324/155/1 323/151/1 315/152/1
f 324/155/1 315/152/1 314/156/1
f 350/157/1 349/153/1 340/154/1
f 350/157/1 340/154/1 339/158/1
f 325/159/1 324/155/1 314/156/1
f 325/159/1 314/156/1 313/160/1
f 351/161/1 350/157/1 339/158/1
f 351/161/1 339/158/1 338/162/1
f 325/159/1 313/160/1 312/163/1
f 326/164/1 325/159/1 312/163/1
f 352/165/1 351/161/1 338/162/1
f 352/165/1 338/162/1 337/166/1
f 326/164/1 312/163/1 311/167/1
f 353/168/1 352/165/1 337/166/1
f 353/168/1 337/166/1 336/169/1
f 327/170/1 326/164/1 311/167/1
f 327/170/1 311/167/1 310/171/1
f 353/168/1 336/169/1 335/172/1
f 354/173/1 353/168/1 335/172/1
f 328/174/1 327/170/1 310/171/1
f 328/174/1 310/171/1 309/175/1
f 354/173/1 335/172/1 334/176/1
f 355/177/1 354/173/1 334/176/1
f 329/178/1 328/174/1 309/175/1
f 355/177/1 334/176/1 333/179/1
f 329/178/1 309/175/1 308/180/1
f 356/181/1 355/177/1 333/179/1
f 175/182/1 174/183/1 177/184/1
f 175/182/1 177/184/1 176/185/1
f 330/186/1 329/178/1 308/180/1
f 356/181/1 333/179/1 332/187/1
f 330/186/1 308/180/1 307/188/1
f 357/189/1 356/181/1 332/187/1
f 331/190/1 330/186/1 307/188/1
f 331/190/1 307/188/1 306/191/1
f 358/192/1 357/189/1 332/187/1
f 179/193/1 178/194/1 162/195/1
f 162/195/1 178/194/1 358/192/1
f 162/195/1 358/192/1 332/187/1
f 162/195/1 332/187/1 331/190/1
f 162/195/1 331/190/1 306/191/1
f 162/195/1 306/191/1 305/196/1
f 162/195/1 305/196/1 163/197/1
f 163/197/1 305/196/1 304/198/1
f 179/193/1 162/195/1 165/199/1
f 164/200/1 163/197/1 304/198/1
f 167/201/1 166/202/1 169/203/1
f 167/201/1 169/203/1 168/204/1
f 171/205/1 170/206/1 173/207/1
f 171/205/1 173/207/1 172/208/1
f 179/193/1 165/199/1 164/200/1
f 179/193/1 164/200/1 304/198/1
f 180/209/2 179/193/2 304/198/2
f 181/210/1 180/209/1 216/211/1
f 216/211/2 180/209/2 304/198/2
f 181/210/1 216/211/1 215/212/1
f 217/213/2 216/211/2 304/198/2
f 218/214/1 217/213/1 303/215/1
f 303/215/2 217/213/2 304/198/2
f 218/214/1 303/215/1 302/216/1
f 182/217/1 181/210/1 215/212/1
f 360/218/1 359/219/1 365/220/1
f 365/220/1 359/219/1 364/221/1
f 365/220/1 364/221/1 366/222/1
f 366/222/1 364/221/1 363/223/1
f 182/217/1 215/212/1 214/224/1
f 183/225/1 182/217/1 214/224/1
f 183/225/1 214/224/1 213/226/1
f 360/218/1 365/220/1 368/227/1
f 367/228/1 366/222/1 363/223/1
f 184/229/1 183/225/1 213/226/1
f 184/229/1 213/226/1 212/230/1
f 185/231/1 184/229/1 212/230/1
f 185/231/1 212/230/1 211/232/1
f 186/233/1 185/231/1 211/232/1
f 267/234/1 266/235/1 265/236/1
f 267/234/1 265/236/1 264/237/1
f 267/234/1 264/237/1 263/238/1
f 267/234/1 263/238/1 262/239/1
f 186/233/1 211/232/1 210/240/1
f 187/241/1 186/233/1 210/240/1
f 267/234/1 262/239/1 261/242/1
f 267/234/1 261/242/1 260/243/1
f 267/234/1 260/243/1 259/244/1
f 267/234/1 259/244/1 258/245/1
f 267/234/1 258/245/1 257/246/1
f 267/234/1 257/246/1 256/247/1
f 268/248/1 267/234/1 256/247/1
f 268/248/1 256/247/1 255/249/1
f 268/248/1 255/249/1 254/250/1
f 268/248/1 254/250/1 253/251/1
f 188/252/1 187/241/1 210/240/1
f 188/252/1 210/240/1 209/253/1
f 269/254/1 268/248/1 253/251/1
f 269/254/1 253/251/1 252/255/1
f 189/256/1 188/252/1 209/253/1
f 270/257/1 269/254/1 252/255/1
f 189/256/1 209/253/1 208/258/1
f 360/218/1 368/227/1 362/259/1
f 362/259/1 368/227/1 367/228/1
f 362/259/1 367/228/1 363/223/1
f 271/260/1 270/257/1 252/255/1
f 271/260/1 252/255/1 251/261/1
f 190/262/1 189/256/1 208/258/1
f 272/263/1 271/260/1 251/261/1
f 218/214/1 302/216/1 301/264/1
f 219/265/1 218/214/1 301/264/1
f 219/265/1 301/264/1 300/266/1
f 273/267/1 272/263/1 251/261/1
f 219/265/1 300/266/1 299/268/1
f 190/262/1 208/258/1 207/269/1
f 273/267/1 251/261/1 250/270/1
f 219/265/1 299/268/1 298/271/1
f 274/272/1 273/267/1 250/270/1
f 191/273/1 190/262/1 207/269/1
f 220/274/1 219/265/1 298/271/1
f 220/274/1 298/271/1 297/275/1
f 275/276/1 274/272/1 250/270/1
f 220/274/1 297/275/1 296/277/1
f 220/274/1 296/277/1 295/278/1
f 276/279/1 275/276/1 250/270/1
f 220/274/1 295/278/1 294/280/1
f 220/274/1 294/280/1 293/281/1
f 277/282/1 276/279/1 250/270/1
f 220/274/1 293/281/1 292/283/1
f 220/274/1 292/283/1 291/284/1
f 278/285/1 277/282/1 250/270/1
f 220/274/1 291/284/1 290/286/1
f 220/274/1 290/286/1 289/287/1
f 220/274/1 289/287/1 288/288/1
f 220/274/1 288/288/1 287/289/1
f 220/274/1 287/289/1 286/290/1
f 220/274/1 286/290/1 285/291/1
f 220/274/1 285/291/1 284/292/1
f 220/274/1 284/292/1 283/293/1
f 220/274/1 283/293/1 282/294/1
f 220/274/1 282/294/1 281/295/1
f 220/274/1 281/295/1 280/296/1
f 220/274/1 280/296/1 279/297/1
f 220/274/1 279/297/1 278/285/1
f 220/274/1 278/285/1 250/270/1
f 221/298/1 220/274/1 250/270/1
f 221/298/1 250/270/1 249/299/1
f 192/300/1 191/273/1 207/269/1
f 192/300/1 207/269/1 206/301/1
f 222/302/1 221/298/1 249/299/1
f 360/218/1 362/259/1 361/303/1
f 222/302/1 249/299/1 248/304/1
f 193/305/1 192/300/1 206/301/1
f 223/306/1 222/302/1 248/304/1
f 194/307/1 193/305/1 206/301/1
f 195/308/1 194/307/1 206/301/1
f 223/306/1 248/304/1 247/309/1
f 195/308/1 206/301/1 205/310/1
f 196/311/1 195/308/1 205/310/1
f 224/312/1 223/306/1 247/309/1
f 197/313/1 196/311/1 205/310/1
f 224/312/1 247/309/1 246/314/1
f 225/315/1 224/312/1 246/314/1
f 198/316/1 197/313/1 205/310/1
f 199/317/1 198/316/1 205/310/1
f 226/318/1 225/315/1 246/314/1
f 226/318/1 246/314/1 245/319/1
f 200/320/1 199/317/1 205/310/1
f 227/321/1 226/318/1 245/319/1
f 227/321/1 245/319/1 244/322/1
f 200/320/1 205/310/1 201/323/1
f 201/323/1 205/310/1 202/324/1
f 202/324/1 205/310/1 203/325/1
f 203/325/1 205/310/1 204/326/1
f 228/327/1 227/321/1 244/322/1
f 228/327/1 244/322/1 243/328/1
f 229/329/1 228/327/1 243/328/1
f 229/329/1 243/328/1 242/330/1
f 230/331/1 229/329/1 242/330/1
f 231/332/2 230/331/2 242/330/2
f 232/333/2 231/332/2 242/330/2
f 233/334/2 232/333/2 242/330/2
f 234/335/2 233/334/2 242/330/2
f 235/336/2 234/335/2 242/330/2
f 236/337/2 235/336/2 242/330/2
f 237/338/2 236/337/2 242/330/2
f 238/339/2 237/338/2 242/330/2
f 239/340/2 238/339/2 242/330/2
f 240/341/2 239/340/2 242/330/2
f 241/342/2 240/341/2 242/330/2
f 136/343/1 161/344/1 160/345/1
f 136/343/1 160/345/1 159/346/1
f 136/343/1 159/346/1 158/347/1
f 137/348/1 136/343/1 158/347/1
f 137/348/1 158/347/1 157/349/1
f 138/350/1 137/348/1 157/349/1
f 138/350/1 157/349/1 156/351/1
f 139/352/1 138/350/1 156/351/1
f 139/352/1 156/351/1 155/353/1
f 140/354/1 139/352/1 155/353/1
f 140/354/1 155/353/1 154/355/1
f 141/356/1 140/354/1 154/355/1
f 141/356/1 154/355/1 153/357/1
f 142/358/1 141/356/1 153/357/1
f 142/358/1 153/357/1 152/359/1
f 143/360/1 142/358/1 152/359/1
f 143/360/1 152/359/1 151/361/1
f 143/360/1 151/361/1 150/362/1
f 144/363/1 143/360/1 150/362/1
f 144/363/1 150/362/1 149/364/1
f 145/365/1 144/363/1 149/364/1
f 145/365/1 149/364/1 146/366/1
f 146/366/1 149/364/1 147/367/1
f 147/367/1 149/364/1 148/368/1
f 434/369/1 433/370/1 484/371/1
f 370/372/1 369/373/1 432/374/1
f 434/369/1 484/371/1 483/375/1
f 370/372/1 432/374/1 431/376/1
f 435/377/1 434/369/1 483/375/1
f 370/372/1 431/376/1 430/378/1
f 435/377/1 483/375/1 482/379/1
f 371/380/1 370/372/1 430/378/1
f 371/380/1 430/378/1 429/381/1
f 435/377/1 482/379/1 481/382/1
f 371/380/1 429/381/1 428/383/1
f 371/380/1 428/383/1 427/384/1
f 436/385/1 435/377/1 481/382/1
f 436/385/1 481/382/1 480/386/1
f 372/387/1 371/380/1 427/384/1
f 372/387/1 427/384/1 426/388/1
f 436/385/1 480/386/1 479/389/1
f 372/387/1 426/388/1 425/390/1
f 372/387/1 425/390/1 424/391/1
f 437/392/1 436/385/1 479/389/1
f 437/392/1 479/389/1 478/393/1
f 373/394/1 372/387/1 424/391/1
f 373/394/1 424/391/1 423/395/1
f 373/394/1 423/395/1 422/396/1
f 437/392/1 478/393/1 477/397/1
f 373/394/1 422/396/1 421/398/1
f 437/392/1 477/397/1 476/399/1
f 438/400/1 437/392/1 476/399/1
f 373/394/1 421/398/1 420/401/1
f 374/402/1 373/394/1 420/401/1
f 374/402/1 420/401/1 419/403/1
f 374/402/1 419/403/1 418/404/1
f 438/400/1 476/399/1 475/405/1
f 438/400/1 475/405/1 474/406/1
f 439/407/1 438/400/1 474/406/1
f 375/408/1 374/402/1 418/404/1
f 439/407/1 474/406/1 473/409/1
f 439/407/1 473/409/1 472/410/1
f 440/411/1 439/407/1 472/410/1
f 376/412/1 375/408/1 405/413/1
f 405/413/1 375/408/1 418/404/1
f 376/412/1 405/413/1 404/414/1
f 406/415/2 405/413/2 418/404/2
f 407/416/1 406/415/1 417/417/1
f 417/417/2 406/415/2 418/404/2
f 407/416/1 417/417/1 416/418/1
f 440/411/1 472/410/1 469/419/1
f 469/419/1 472/410/1 471/420/1
f 377/421/1 376/412/1 404/414/1
f 441/422/1 440/411/1 469/419/1
f 377/421/1 404/414/1 403/423/1
f 377/421/1 403/423/1 402/424/1
f 378/425/1 377/421/1 402/424/1
f 442/426/1 441/422/1 469/419/1
f 378/425/1 402/424/1 401/427/1
f 378/425/1 401/427/1 400/428/1
f 379/429/1 378/425/1 400/428/1
f 443/430/1 442/426/1 469/419/1
f 379/429/1 400/428/1 399/431/1
f 380/432/1 379/429/1 399/431/1
f 444/433/1 443/430/1 469/419/1
f 380/432/1 399/431/1 398/434/1
f 444/433/1 469/419/1 468/435/1
f 470/436/1 469/419/1 471/420/1
f 444/433/1 468/435/1 467/437/1
f 380/432/1 398/434/1 397/438/1
f 381/439/1 380/432/1 397/438/1
f 445/440/1 444/433/1 467/437/1
f 445/440/1 467/437/1 466/441/1
f 407/416/1 416/418/1 413/442/1
f 413/442/1 416/418/1 415/443/1
f 413/442/1 415/443/1 414/444/1
f 381/439/1 397/438/1 396/445/1
f 445/440/1 466/441/1 465/446/1
f 382/447/1 381/439/1 396/445/1
f 383/448/1 382/447/1 396/445/1
f 445/440/1 465/446/1 464/449/1
f 446/450/1 445/440/1 464/449/1
f 383/448/1 396/445/1 395/451/1
f 384/452/1 383/448/1 395/451/1
f 447/453/1 446/450/1 464/449/1
f 385/454/1 384/452/1 395/451/1
f 447/453/1 464/449/1 463/455/1
f 448/456/1 447/453/1 463/455/1
f 386/457/1 385/454/1 395/451/1
f 387/458/1 386/457/1 395/451/1
f 449/459/1 448/456/1 463/455/1
f 387/458/1 395/451/1 394/460/1
f 449/459/1 463/455/1 462/461/1
f 388/462/1 387/458/1 394/460/1
f 450/463/1 449/459/1 462/461/1
f 389/464/1 388/462/1 394/460/1
f 450/463/1 462/461/1 461/465/1
f 390/466/1 389/464/1 394/460/1
f 451/467/1 450/463/1 461/465/1
f 390/466/1 394/460/1 391/468/1
f 391/468/1 394/460/1 392/469/1
f 392/469/1 394/460/1 393/470/1
f 452/471/1 451/467/1 461/465/1
f 452/471/1 461/465/1 460/472/1
f 453/473/1 452/471/1 460/472/1
f 453/473/1 460/472/1 459/474/1
f 407/416/1 413/442/1 412/475/1
f 454/476/1 453/473/1 459/474/1
f 454/476/1 459/474/1 458/477/1
f 455/478/1 454/476/1 458/477/1
f 456/479/1 455/478/1 458/477/1
f 456/479/1 458/477/1 457/480/1
f 407/416/1 412/475/1 409/481/1
f 409/481/1 412/475/1 411/482/1
f 409/481/1 411/482/1 410/483/1
f 407/416/1 409/481/1 408/484/1
f 680/485/1 679/486/1 675/487/1
f 675/487/1 679/486/1 682/488/1
f 675/487/1 682/488/1 676/489/1
f 676/489/1 682/488/1 681/490/1
f 680/485/1 675/487/1 678/491/1
f 677/492/1 676/489/1 681/490/1
f 680/485/1 678/491/1 677/492/1
f 680/485/1 677/492/1 681/490/1
f 494/493/1 493/494/1 582/495/1
f 494/493/1 582/495/1 581/496/1
f 496/497/1 495/498/1 494/493/1
f 496/497/1 494/493/1 581/496/1
f 496/497/1 581/496/1 580/499/1
f 496/497/1 580/499/1 579/500/1
f 497/501/2 496/497/2 579/500/2
f 498/502/1 497/501/1 578/503/1
f 578/503/2 497/501/2 579/500/2
f 498/502/1 578/503/1 577/504/1
f 674/505/1 673/506/1 485/507/1
f 485/507/1 673/506/1 672/508/1
f 485/507/1 672/508/1 486/509/1
f 486/509/1 672/508/1 671/510/1
f 670/511/1 669/512/1 489/513/1
f 489/513/1 669/512/1 668/514/1
f 489/513/1 668/514/1 490/515/1
f 490/515/1 668/514/1 667/516/1
f 674/505/1 485/507/1 488/517/1
f 487/518/1 486/509/1 671/510/1
f 670/511/1 489/513/1 492/519/1
f 491/520/1 490/515/1 667/516/1
f 577/504/1 576/521/1 575/522/1
f 498/502/1 577/504/1 575/522/1
f 674/505/1 488/517/1 487/518/1
f 674/505/1 487/518/1 671/510/1
f 670/511/1 492/519/1 491/520/1
f 670/511/1 491/520/1 667/516/1
f 499/523/1 498/502/1 575/522/1
f 500/524/1 499/523/1 575/522/1
f 501/525/1 500/524/1 575/522/1
f 501/525/1 575/522/1 574/526/1
f 502/527/1 501/525/1 574/526/1
f 503/528/1 502/527/1 574/526/1
f 504/529/1 503/528/1 574/526/1
f 505/530/1 504/529/1 574/526/1
f 506/531/1 505/530/1 574/526/1
f 507/532/1 506/531/1 574/526/1
f 508/533/1 507/532/1 574/526/1
f 509/534/1 508/533/1 574/526/1
f 510/535/1 509/534/1 574/526/1
f 583/536/2 674/505/2 671/510/2
f 584/537/1 583/536/1 671/510/1
f 584/537/1 671/510/1 670/511/1
f 584/537/1 670/511/1 666/538/1
f 666/538/3 670/511/3 667/516/3
f 584/537/1 666/538/1 665/539/1
f 511/540/1 510/535/1 574/526/1
f 511/540/1 574/526/1 512/541/1
f 512/541/1 574/526/1 573/542/1
f 513/543/1 512/541/1 573/542/1
f 586/544/1 585/545/1 584/537/1
f 586/544/1 584/537/1 665/539/1
f 586/544/1 665/539/1 664/546/1
f 586/544/1 664/546/1 663/547/1
f 587/548/2 586/544/2 663/547/2
f 588/549/1 587/548/1 662/550/1
f 662/550/2 587/548/2 663/547/2
f 588/549/1 662/550/1 661/551/1
f 588/549/1 661/551/1 660/552/1
f 589/553/1 588/549/1 660/552/1
f 589/553/1 660/552/1 626/554/1
f 626/554/1 660/552/1 659/555/1
f 589/553/1 626/554/1 623/556/1
f 623/556/1 626/554/1 625/557/1
f 627/558/1 626/554/1 659/555/1
f 590/559/1 589/553/1 623/556/1
f 590/559/1 623/556/1 622/560/1
f 624/561/1 623/556/1 625/557/1
f 627/558/1 659/555/1 658/562/1
f 591/563/1 590/559/1 622/560/1
f 628/564/1 627/558/1 658/562/1
f 591/563/1 622/560/1 621/565/1
f 628/564/1 658/562/1 657/566/1
f 592/567/1 591/563/1 621/565/1
f 629/568/1 628/564/1 657/566/1
f 629/568/1 657/566/1 656/569/1
f 592/567/1 621/565/1 620/570/1
f 593/571/1 592/567/1 620/570/1
f 630/572/1 629/568/1 656/569/1
f 630/572/1 656/569/1 655/573/1
f 593/571/1 620/570/1 619/574/1
f 594/575/1 593/571/1 619/574/1
f 630/572/1 655/573/1 654/576/1
f 631/577/1 630/572/1 654/576/1
f 595/578/1 594/575/1 619/574/1
f 595/578/1 619/574/1 618/579/1
f 631/577/1 654/576/1 653/580/1
f 632/581/1 631/577/1 653/580/1
f 596/582/1 595/578/1 618/579/1
f 632/581/1 653/580/1 652/583/1
f 596/582/1 618/579/1 617/584/1
f 597/585/1 596/582/1 617/584/1
f 633/586/1 632/581/1 652/583/1
f 633/586/1 652/583/1 651/587/1
f 598/588/1 597/585/1 617/584/1
f 598/588/1 617/584/1 616/589/1
f 633/586/1 651/587/1 650/590/1
f 634/591/1 633/586/1 650/590/1
f 599/592/1 598/588/1 616/589/1
f 634/591/1 650/590/1 649/593/1
f 514/594/1 513/543/1 573/542/1
f 514/594/1 573/542/1 572/595/1
f 634/591/1 649/593/1 648/596/1
f 515/597/1 514/594/1 572/595/1
f 599/592/1 616/589/1 615/598/1
f 516/599/1 515/597/1 572/595/1
f 634/591/1 648/596/1 647/600/1
f 600/601/1 599/592/1 615/598/1
f 517/602/1 516/599/1 572/595/1
f 517/602/1 572/595/1 571/603/1
f 518/604/1 517/602/1 571/603/1
f 635/605/1 634/591/1 647/600/1
f 519/606/1 518/604/1 571/603/1
f 601/607/1 600/601/1 615/598/1
f 635/605/1 647/600/1 646/608/1
f 520/609/1 519/606/1 571/603/1
f 521/610/1 520/609/1 571/603/1
f 522/611/1 521/610/1 571/603/1
f 523/612/1 522/611/1 571/603/1
f 524/613/1 523/612/1 571/603/1
f 525/614/1 524/613/1 571/603/1
f 602/615/1 601/607/1 615/598/1
f 538/616/1 537/617/1 536/618/1
f 526/619/1 525/614/1 571/603/1
f 527/620/1 526/619/1 571/603/1
f 528/621/1 527/620/1 571/603/1
f 529/622/1 528/621/1 571/603/1
f 538/616/1 536/618/1 535/623/1
f 530/624/1 529/622/1 571/603/1
f 531/625/1 530/624/1 571/603/1
f 538/616/1 535/623/1 534/626/1
f 532/627/1 531/625/1 571/603/1
f 538/616/1 534/626/1 533/628/1
f 533/628/1 532/627/1 571/603/1
f 538/616/1 533/628/1 571/603/1
f 635/605/1 646/608/1 645/629/1
f 538/616/1 571/603/1 570/630/1
f 602/615/1 615/598/1 614/631/1
f 603/632/1 602/615/1 614/631/1
f 539/633/1 538/616/1 570/630/1
f 635/605/1 645/629/1 644/634/1
f 636/635/1 635/605/1 644/634/1
f 604/636/1 603/632/1 614/631/1
f 539/633/1 570/630/1 569/637/1
f 540/638/1 539/633/1 569/637/1
f 636/635/1 644/634/1 643/639/1
f 605/640/1 604/636/1 614/631/1
f 541/641/1 540/638/1 569/637/1
f 636/635/1 643/639/1 642/642/1
f 541/641/1 569/637/1 568/643/1
f 605/640/1 614/631/1 613/644/1
f 606/645/1 605/640/1 613/644/1
f 637/646/1 636/635/1 642/642/1
f 542/647/1 541/641/1 568/643/1
f 637/646/1 642/642/1 641/648/1
f 542/647/1 568/643/1 567/649/1
f 607/650/1 606/645/1 613/644/1
f 637/646/1 641/648/1 640/651/1
f 543/652/1 542/647/1 567/649/1
f 543/652/1 567/649/1 566/653/1
f 607/650/1 613/644/1 612/654/1
f 608/655/1 607/650/1 612/654/1
f 638/656/1 637/646/1 639/657/1
f 639/657/1 637/646/1 640/651/1
f 544/658/1 543/652/1 566/653/1
f 544/658/1 566/653/1 565/659/1
f 609/660/1 608/655/1 612/654/1
f 544/658/1 565/659/1 564/661/1
f 545/662/1 544/658/1 564/661/1
f 609/660/1 612/654/1 610/663/1
f 610/663/1 612/654/1 611/664/1
f 545/662/1 564/661/1 563/665/1
f 546/666/1 545/662/1 563/665/1
f 546/666/1 563/665/1 562/667/1
f 546/666/1 562/667/1 561/668/1
f 547/669/1 546/666/1 561/668/1
f 547/669/1 561/668/1 560/670/1
f 547/669/1 560/670/1 559/671/1
f 548/672/1 547/669/1 559/671/1
f 548/672/1 559/671/1 558/673/1
f 548/672/1 558/673/1 557/674/1
f 548/672/1 557/674/1 556/675/1
f 549/676/1 548/672/1 556/675/1
f 549/676/1 556/675/1 555/677/1
f 549/676/1 555/677/1 554/678/1
f 549/676/1 554/678/1 553/679/1
f 549/676/1 553/679/1 552/680/1
f 549/676/1 552/680/1 551/681/1
f 549/676/1 551/681/1 550/682/1
f 702/1/4 700/3/4 701/2/4
f 700/3/4 801/4/4 701/2/4
f 700/3/4 697/5/4 801/4/4
f 697/5/4 800/6/4 801/4/4
f 692/7/4 689/9/4 691/8/4
f 689/9/4 696/10/4 691/8/4
f 689/9/4 690/11/4 696/10/4
f 690/11/4 695/12/4 696/10/4
f 702/1/4 699/13/4 700/3/4
f 698/14/4 800/6/4 697/5/4
f 692/7/4 688/15/4 689/9/4
f 687/16/4 695/12/4 690/11/4
f 702/1/4 817/17/4 699/13/4
f 817/17/4 698/14/4 699/13/4
f 817/17/4 802/18/4 698/14/4
f 802/18/4 800/6/4 698/14/4
f 692/7/4 686/19/4 688/15/4
f 686/19/4 687/16/4 688/15/4
f 686/19/4 683/20/4 687/16/4
f 683/20/4 695/12/4 687/16/4
f 702/1/4 816/21/4 817/17/4
f 803/22/4 800/6/4 802/18/4
f 692/7/4 685/23/4 686/19/4
f 684/24/4 695/12/4 683/20/4
f 703/25/4 816/21/4 702/1/4
f 703/25/4 815/26/4 816/21/4
f 703/25/4 814/27/4 815/26/4
f 703/25/4 813/28/4 814/27/4
f 703/25/4 812/29/4 813/28/4
f 704/30/4 812/29/4 703/25/4
f 704/30/4 811/31/4 812/29/4
f 704/30/4 810/32/4 811/31/4
f 704/30/4 809/33/4 810/32/4
f 704/30/4 808/34/4 809/33/4
f 705/35/4 808/34/4 704/30/4
f 705/35/4 807/36/4 808/34/4
f 705/35/4 806/37/4 807/36/4
f 705/35/4 805/38/4 806/37/4
f 705/35/4 804/39/4 805/38/4
f 706/40/4 804/39/4 705/35/4
f 706/40/4 803/22/4 804/39/4
f 706/40/4 739/41/4 803/22/4
f 739/41/4 800/6/4 803/22/4
f 707/42/4 738/43/4 706/40/4
f 738/43/4 739/41/4 706/40/4
f 692/7/4 694/44/4 685/23/4
f 694/44/4 684/24/4 685/23/4
f 694/44/4 695/12/4 684/24/4
f 707/42/4 737/45/4 738/43/4
f 740/46/4 800/6/4 739/41/4
f 708/47/4 737/45/4 707/42/4
f 708/47/4 736/48/4 737/45/4
f 709/49/4 736/48/4 708/47/4
f 692/7/4 693/50/4 694/44/4
f 709/49/4 735/51/4 736/48/4
f 709/49/4 734/52/4 735/51/4
f 710/53/4 734/52/4 709/49/4
f 710/53/4 733/54/4 734/52/4
f 711/55/4 733/54/4 710/53/4
f 711/55/4 732/56/4 733/54/4
f 712/57/4 732/56/4 711/55/4
f 712/57/4 731/58/4 732/56/4
f 712/57/4 730/59/4 731/58/4
f 713/60/4 730/59/4 712/57/4
f 741/61/4 800/6/4 740/46/4
f 741/61/4 799/62/4 800/6/4
f 742/63/4 799/62/4 741/61/4
f 743/64/4 799/62/4 742/63/4
f 713/60/4 729/65/4 730/59/4
f 743/64/4 798/66/4 799/62/4
f 744/67/4 798/66/4 743/64/4
f 745/68/4 798/66/4 744/67/4
f 746/69/4 798/66/4 745/68/4
f 747/70/4 798/66/4 746/69/4
f 748/71/4 798/66/4 747/70/4
f 714/72/4 729/65/4 713/60/4
f 748/71/4 797/73/4 798/66/4
f 749/74/5 797/73/5 748/71/5
f 750/75/4 797/73/4 749/74/4
f 765/76/4 763/78/4 764/77/4
f 751/79/4 797/73/4 750/75/4
f 765/76/4 762/80/4 763/78/4
f 752/81/4 797/73/4 751/79/4
f 753/82/4 797/73/4 752/81/4
f 765/76/4 761/83/4 762/80/4
f 754/84/4 797/73/4 753/82/4
f 755/85/4 797/73/4 754/84/4
f 765/76/4 760/86/4 761/83/4
f 756/87/4 797/73/4 755/85/4
f 765/76/4 759/88/4 760/86/4
f 757/89/4 797/73/4 756/87/4
f 765/76/4 758/90/4 759/88/4
f 758/90/4 797/73/4 757/89/4
f 765/76/4 797/73/4 758/90/4
f 766/91/4 797/73/4 765/76/4
f 766/91/4 796/92/4 797/73/4
f 767/93/4 796/92/4 766/91/4
f 714/72/4 728/94/4 729/65/4
f 767/93/4 795/95/4 796/92/4
f 768/96/4 795/95/4 767/93/4
f 769/97/4 795/95/4 768/96/4
f 769/97/4 794/98/4 795/95/4
f 770/99/4 794/98/4 769/97/4
f 715/100/4 728/94/4 714/72/4
f 770/99/4 793/101/4 794/98/4
f 716/102/4 728/94/4 715/100/4
f 716/102/4 727/103/4 728/94/4
f 771/104/4 793/101/4 770/99/4
f 717/105/4 727/103/4 716/102/4
f 771/104/4 792/106/4 793/101/4
f 718/107/4 727/103/4 717/105/4
f 771/104/4 791/108/4 792/106/4
f 772/109/4 791/108/4 771/104/4
f 719/110/4 727/103/4 718/107/4
f 772/109/4 790/111/4 791/108/4
f 773/112/4 790/111/4 772/109/4
f 720/113/4 727/103/4 719/110/4
f 773/112/4 789/114/4 790/111/4
f 721/115/4 727/103/4 720/113/4
f 774/116/4 789/114/4 773/112/4
f 774/116/4 788/117/4 789/114/4
f 722/118/4 727/103/4 721/115/4
f 774/116/4 787/119/4 788/117/4
f 722/118/4 723/120/4 727/103/4
f 723/120/4 724/121/4 727/103/4
f 724/121/4 725/122/4 727/103/4
f 725/122/4 726/123/4 727/103/4
f 775/124/4 787/119/4 774/116/4
f 775/124/4 786/125/4 787/119/4
f 775/124/4 785/126/4 786/125/4
f 775/124/4 784/127/4 785/126/4
f 776/128/4 784/127/4 775/124/4
f 776/128/4 783/129/4 784/127/4
f 776/128/4 782/130/4 783/129/4
f 776/128/4 781/131/4 782/130/4
f 776/128/4 780/132/4 781/131/4
f 776/128/4 779/133/4 780/132/4
f 776/128/6 778/134/6 779/133/6
f 776/128/7 777/135/7 778/134/7
f 1002/136/4 1000/138/4 1001/137/4
f 1028/139/4 1026/141/4 1027/140/4
f 1003/142/4 1000/138/4 1002/136/4
f 1028/139/4 1025/143/4 1026/141/4
f 1003/142/4 999/144/4 1000/138/4
f 1029/145/4 1025/143/4 1028/139/4
f 1029/145/4 1024/146/4 1025/143/4
f 1004/147/4 999/144/4 1003/142/4
f 1004/147/4 998/148/4 999/144/4
f 1030/149/4 1024/146/4 1029/145/4
f 1030/149/4 1023/150/4 1024/146/4
f 1005/151/4 998/148/4 1004/147/4
f 1005/151/4 997/152/4 998/148/4
f 1031/153/4 1023/150/4 1030/149/4
f 1031/153/4 1022/154/4 1023/150/4
f 1006/155/4 997/152/4 1005/151/4
f 1006/155/4 996/156/4 997/152/4
f 1032/157/4 1022/154/4 1031/153/4
f 1032/157/4 1021/158/4 1022/154/4
f 1007/159/4 996/156/4 1006/155/4
f 1007/159/4 995/160/4 996/156/4
f 1033/161/4 1021/158/4 1032/157/4
f 1033/161/4 1020/162/4 1021/158/4
f 1007/159/4 994/163/4 995/160/4
f 1008/164/4 994/163/4 1007/159/4
f 1034/165/4 1020/162/4 1033/161/4
f 1034/165/4 1019/166/4 1020/162/4
f 1008/164/4 993/167/4 994/163/4
f 1035/168/4 1019/166/4 1034/165/4
f 1035/168/4 1018/169/4 1019/166/4
f 1009/170/4 993/167/4 1008/164/4
f 1009/170/4 992/171/4 993/167/4
f 1035/168/4 1017/172/4 1018/169/4
f 1036/173/4 1017/172/4 1035/168/4
f 1010/174/4 992/171/4 1009/170/4
f 1010/174/4 991/175/4 992/171/4
f 1036/173/4 1016/176/4 1017/172/4
f 1037/177/4 1016/176/4 1036/173/4
f 1011/178/4 991/175/4 1010/174/4
f 1037/177/4 1015/179/4 1016/176/4
f 1011/178/4 990/180/4 991/175/4
f 1038/181/4 1015/179/4 1037/177/4
f 857/182/4 859/184/4 856/183/4
f 857/182/4 858/185/4 859/184/4
f 1012/186/4 990/180/4 1011/178/4
f 1038/181/4 1014/187/4 1015/179/4
f 1012/186/4 989/188/4 990/180/4
f 1039/189/4 1014/187/4 1038/181/4
f 1013/190/4 989/188/4 1012/186/4
f 1013/190/4 988/191/4 989/188/4
f 1040/192/4 1014/187/4 1039/189/4
f 861/193/4 844/195/4 860/194/4
f 844/195/4 1040/192/4 860/194/4
f 844/195/4 1014/187/4 1040/192/4
f 844/195/4 1013/190/4 1014/187/4
f 844/195/4 988/191/4 1013/190/4
f 844/195/4 987/196/4 988/191/4
f 844/195/4 845/197/4 987/196/4
f 845/197/4 986/198/4 987/196/4
f 861/193/4 847/199/4 844/195/4
f 846/200/4 986/198/4 845/197/4
f 849/201/4 851/203/4 848/202/4
f 849/201/4 850/204/4 851/203/4
f 853/205/4 855/207/4 852/206/4
f 853/205/4 854/208/4 855/207/4
f 861/193/4 846/200/4 847/199/4
f 861/193/4 986/198/4 846/200/4
f 862/209/2 986/198/2 861/193/2
f 863/210/4 898/211/4 862/209/4
f 898/211/2 986/198/2 862/209/2
f 863/210/4 897/212/4 898/211/4
f 899/213/2 986/198/2 898/211/2
f 900/214/4 985/215/4 899/213/4
f 985/215/2 986/198/2 899/213/2
f 900/214/4 984/216/4 985/215/4
f 864/217/4 897/212/4 863/210/4
f 1042/218/4 1047/220/4 1041/219/4
f 1047/220/4 1046/221/4 1041/219/4
f 1047/220/4 1048/222/4 1046/221/4
f 1048/222/4 1045/223/4 1046/221/4
f 864/217/4 896/224/4 897/212/4
f 865/225/4 896/224/4 864/217/4
f 865/225/4 895/226/4 896/224/4
f 1042/218/4 1050/227/4 1047/220/4
f 1049/228/4 1045/223/4 1048/222/4
f 866/229/4 895/226/4 865/225/4
f 866/229/4 894/230/4 895/226/4
f 867/231/4 894/230/4 866/229/4
f 867/231/4 893/232/4 894/230/4
f 868/233/4 893/232/4 867/231/4
f 949/234/4 947/236/4 948/235/4
f 949/234/4 946/237/4 947/236/4
f 949/234/4 945/238/4 946/237/4
f 949/234/4 944/239/4 945/238/4
f 868/233/4 892/240/4 893/232/4
f 869/241/4 892/240/4 868/233/4
f 949/234/4 943/242/4 944/239/4
f 949/234/4 942/243/4 943/242/4
f 949/234/4 941/244/4 942/243/4
f 949/234/4 940/245/4 941/244/4
f 949/234/4 939/246/4 940/245/4
f 949/234/4 938/247/4 939/246/4
f 950/248/4 938/247/4 949/234/4
f 950/248/4 937/249/4 938/247/4
f 950/248/4 936/250/4 937/249/4
f 950/248/4 935/251/4 936/250/4
f 870/252/4 892/240/4 869/241/4
f 870/252/4 891/253/4 892/240/4
f 951/254/4 935/251/4 950/248/4
f 951/254/4 934/255/4 935/251/4
f 871/256/4 891/253/4 870/252/4
f 952/257/4 934/255/4 951/254/4
f 871/256/4 890/258/4 891/253/4
f 1042/218/4 1044/259/4 1050/227/4
f 1044/259/4 1049/228/4 1050/227/4
f 1044/259/4 1045/223/4 1049/228/4
f 953/260/4 934/255/4 952/257/4
f 953/260/4 933/261/4 934/255/4
f 872/262/4 890/258/4 871/256/4
f 954/263/4 933/261/4 953/260/4
f 900/214/4 983/264/4 984/216/4
f 901/265/4 983/264/4 900/214/4
f 901/265/4 982/266/4 983/264/4
f 955/267/4 933/261/4 954/263/4
f 901/265/4 981/268/4 982/266/4
f 872/262/4 889/269/4 890/258/4
f 955/267/4 932/270/4 933/261/4
f 901/265/4 980/271/4 981/268/4
f 956/272/4 932/270/4 955/267/4
f 873/273/4 889/269/4 872/262/4
f 902/274/4 980/271/4 901/265/4
f 902/274/4 979/275/4 980/271/4
f 957/276/4 932/270/4 956/272/4
f 902/274/4 978/277/4 979/275/4
f 902/274/4 977/278/4 978/277/4
f 958/279/4 932/270/4 957/276/4
f 902/274/4 976/280/4 977/278/4
f 902/274/4 975/281/4 976/280/4
f 959/282/4 932/270/4 958/279/4
f 902/274/8 974/283/8 975/281/8
f 902/274/4 973/284/4 974/283/4
f 960/285/4 932/270/4 959/282/4
f 902/274/4 972/286/4 973/284/4
f 902/274/9 971/287/9 972/286/9
f 902/274/10 970/288/10 971/287/10
f 902/274/11 969/289/11 970/288/11
f 902/274/5 968/290/5 969/289/5
f 902/274/4 967/291/4 968/290/4
f 902/274/4 966/292/4 967/291/4
f 902/274/5 965/293/5 966/292/5
f 902/274/8 964/294/8 965/293/8
f 902/274/4 963/295/4 964/294/4
f 902/274/4 962/296/4 963/295/4
f 902/274/8 961/297/8 962/296/8
f 902/274/12 960/285/12 961/297/12
f 902/274/4 932/270/4 960/285/4
f 903/298/4 932/270/4 902/274/4
f 903/298/4 931/299/4 932/270/4
f 874/300/4 889/269/4 873/273/4
f 874/300/4 888/301/4 889/269/4
f 904/302/4 931/299/4 903/298/4
f 1042/218/4 1043/303/4 1044/259/4
f 904/302/4 930/304/4 931/299/4
f 875/305/4 888/301/4 874/300/4
f 905/306/4 930/304/4 904/302/4
f 876/307/4 888/301/4 875/305/4
f 877/308/4 888/301/4 876/307/4
f 905/306/4 929/309/4 930/304/4
f 877/308/4 887/310/4 888/301/4
f 878/311/4 887/310/4 877/308/4
f 906/312/4 929/309/4 905/306/4
f 879/313/4 887/310/4 878/311/4
f 906/312/4 928/314/4 929/309/4
f 907/315/4 928/314/4 906/312/4
f 880/316/4 887/310/4 879/313/4
f 881/317/4 887/310/4 880/316/4
f 908/318/4 928/314/4 907/315/4
f 908/318/4 927/319/4 928/314/4
f 882/320/4 887/310/4 881/317/4
f 909/321/4 927/319/4 908/318/4
f 909/321/4 926/322/4 927/319/4
f 882/320/4 883/323/4 887/310/4
f 883/323/4 884/324/4 887/310/4
f 884/324/4 885/325/4 887/310/4
f 885/325/4 886/326/4 887/310/4
f 910/327/4 926/322/4 909/321/4
f 910/327/4 925/328/4 926/322/4
f 911/329/4 925/328/4 910/327/4
f 911/329/4 924/330/4 925/328/4
f 912/331/4 924/330/4 911/329/4
f 913/332/2 924/330/2 912/331/2
f 914/333/2 924/330/2 913/332/2
f 915/334/3 924/330/3 914/333/3
f 916/335/2 924/330/2 915/334/2
f 917/336/2 924/330/2 916/335/2
f 918/337/3 924/330/3 917/336/3
f 919/338/2 924/330/2 918/337/2
f 920/339/2 924/330/2 919/338/2
f 921/340/2 924/330/2 920/339/2
f 922/341/2 924/330/2 921/340/2
f 923/342/2 924/330/2 922/341/2
f 818/343/4 842/345/4 843/344/4
f 818/343/4 841/346/4 842/345/4
f 818/343/4 840/347/4 841/346/4
f 819/348/4 840/347/4 818/343/4
f 819/348/4 839/349/4 840/347/4
f 820/350/4 839/349/4 819/348/4
f 820/350/4 838/351/4 839/349/4
f 821/352/4 838/351/4 820/350/4
f 821/352/4 837/353/4 838/351/4
f 822/354/4 837/353/4 821/352/4
f 822/354/4 836/355/4 837/353/4
f 823/356/4 836/355/4 822/354/4
f 823/356/4 835/357/4 836/355/4
f 824/358/4 835/357/4 823/356/4
f 824/358/4 834/359/4 835/357/4
f 825/360/4 834/359/4 824/358/4
f 825/360/4 833/361/4 834/359/4
f 825/360/4 832/362/4 833/361/4
f 826/363/4 832/362/4 825/360/4
f 826/363/4 831/364/4 832/362/4
f 827/365/4 831/364/4 826/363/4
f 827/365/4 828/366/4 831/364/4
f 828/366/4 829/367/4 831/364/4
f 829/367/4 830/368/4 831/364/4
f 1116/369/4 1166/371/4 1115/370/4
f 1052/372/4 1114/374/4 1051/373/4
f 1116/369/4 1165/375/4 1166/371/4
f 1052/372/4 1113/376/4 1114/374/4
f 1117/377/4 1165/375/4 1116/369/4
f 1052/372/4 1112/378/4 1113/376/4
f 1117/377/4 1164/379/4 1165/375/4
f 1053/380/4 1112/378/4 1052/372/4
f 1053/380/4 1111/381/4 1112/378/4
f 1117/377/4 1163/382/4 1164/379/4
f 1053/380/4 1110/383/4 1111/381/4
f 1053/380/4 1109/384/4 1110/383/4
f 1118/385/4 1163/382/4 1117/377/4
f 1118/385/4 1162/386/4 1163/382/4
f 1054/387/4 1109/384/4 1053/380/4
f 1054/387/4 1108/388/4 1109/384/4
f 1118/385/4 1161/389/4 1162/386/4
f 1054/387/4 1107/390/4 1108/388/4
f 1054/387/4 1106/391/4 1107/390/4
f 1119/392/4 1161/389/4 1118/385/4
f 1119/392/4 1160/393/4 1161/389/4
f 1055/394/4 1106/391/4 1054/387/4
f 1055/394/4 1105/395/4 1106/391/4
f 1055/394/4 1104/396/4 1105/395/4
f 1119/392/4 1159/397/4 1160/393/4
f 1055/394/4 1103/398/4 1104/396/4
f 1119/392/4 1158/399/4 1159/397/4
f 1120/400/4 1158/399/4 1119/392/4
f 1055/394/4 1102/401/4 1103/398/4
f 1056/402/4 1102/401/4 1055/394/4
f 1056/402/4 1101/403/4 1102/401/4
f 1056/402/4 1100/404/4 1101/403/4
f 1120/400/4 1157/405/4 1158/399/4
f 1120/400/4 1156/406/4 1157/405/4
f 1121/407/4 1156/406/4 1120/400/4
f 1057/408/4 1100/404/4 1056/402/4
f 1121/407/4 1155/409/4 1156/406/4
f 1121/407/4 1154/410/4 1155/409/4
f 1122/411/4 1154/410/4 1121/407/4
f 1058/412/4 1087/413/4 1057/408/4
f 1087/413/4 1100/404/4 1057/408/4
f 1058/412/4 1086/414/4 1087/413/4
f 1088/415/3 1100/404/3 1087/413/3
f 1089/416/4 1099/417/4 1088/415/4
f 1099/417/2 1100/404/2 1088/415/2
f 1089/416/4 1098/418/4 1099/417/4
f 1122/411/4 1151/419/4 1154/410/4
f 1151/419/4 1153/420/4 1154/410/4
f 1059/421/4 1086/414/4 1058/412/4
f 1123/422/4 1151/419/4 1122/411/4
f 1059/421/4 1085/423/4 1086/414/4
f 1059/421/4 1084/424/4 1085/423/4
f 1060/425/4 1084/424/4 1059/421/4
f 1124/426/4 1151/419/4 1123/422/4
f 1060/425/4 1083/427/4 1084/424/4
f 1060/425/4 1082/428/4 1083/427/4
f 1061/429/4 1082/428/4 1060/425/4
f 1125/430/4 1151/419/4 1124/426/4
f 1061/429/4 1081/431/4 1082/428/4
f 1062/432/4 1081/431/4 1061/429/4
f 1126/433/4 1151/419/4 1125/430/4
f 1062/432/4 1080/434/4 1081/431/4
f 1126/433/4 1150/435/4 1151/419/4
f 1152/436/4 1153/420/4 1151/419/4
f 1126/433/4 1149/437/4 1150/435/4
f 1062/432/4 1079/438/4 1080/434/4
f 1063/439/4 1079/438/4 1062/432/4
f 1127/440/4 1149/437/4 1126/433/4
f 1127/440/4 1148/441/4 1149/437/4
f 1089/416/4 1095/442/4 1098/418/4
f 1095/442/4 1097/443/4 1098/418/4
f 1095/442/4 1096/444/4 1097/443/4
f 1063/439/4 1078/445/4 1079/438/4
f 1127/440/4 1147/446/4 1148/441/4
f 1064/447/4 1078/445/4 1063/439/4
f 1065/448/4 1078/445/4 1064/447/4
f 1127/440/4 1146/449/4 1147/446/4
f 1128/450/4 1146/449/4 1127/440/4
f 1065/448/4 1077/451/4 1078/445/4
f 1066/452/4 1077/451/4 1065/448/4
f 1129/453/4 1146/449/4 1128/450/4
f 1067/454/4 1077/451/4 1066/452/4
f 1129/453/4 1145/455/4 1146/449/4
f 1130/456/4 1145/455/4 1129/453/4
f 1068/457/4 1077/451/4 1067/454/4
f 1069/458/4 1077/451/4 1068/457/4
f 1131/459/4 1145/455/4 1130/456/4
f 1069/458/4 1076/460/4 1077/451/4
f 1131/459/4 1144/461/4 1145/455/4
f 1070/462/4 1076/460/4 1069/458/4
f 1132/463/4 1144/461/4 1131/459/4
f 1071/464/4 1076/460/4 1070/462/4
f 1132/463/4 1143/465/4 1144/461/4
f 1072/466/4 1076/460/4 1071/464/4
f 1133/467/4 1143/465/4 1132/463/4
f 1072/466/4 1073/468/4 1076/460/4
f 1073/468/4 1074/469/4 1076/460/4
f 1074/469/4 1075/470/4 1076/460/4
f 1134/471/4 1143/465/4 1133/467/4
f 1134/471/4 1142/472/4 1143/465/4
f 1135/473/4 1142/472/4 1134/471/4
f 1135/473/4 1141/474/4 1142/472/4
f 1089/416/4 1094/475/4 1095/442/4
f 1136/476/4 1141/474/4 1135/473/4
f 1136/476/4 1140/477/4 1141/474/4
f 1137/478/4 1140/477/4 1136/476/4
f 1138/479/4 1140/477/4 1137/478/4
f 1138/479/4 1139/480/4 1140/477/4
f 1089/416/4 1091/481/4 1094/475/4
f 1091/481/4 1093/482/4 1094/475/4
f 1091/481/4 1092/483/4 1093/482/4
f 1089/416/4 1090/484/4 1091/481/4
f 1362/485/4 1357/487/4 1361/486/4
f 1357/487/4 1364/488/4 1361/486/4
f 1357/487/4 1358/489/4 1364/488/4
f 1358/489/4 1363/490/4 1364/488/4
f 1362/485/4 1360/491/4 1357/487/4
f 1359/492/4 1363/490/4 1358/489/4
f 1362/485/4 1359/492/4 1360/491/4
f 1362/485/4 1363/490/4 1359/492/4
f 1176/493/4 1264/495/4 1175/494/4
f 1176/493/4 1263/496/4 1264/495/4
f 1178/497/4 1176/493/4 1177/498/4
f 1178/497/4 1263/496/4 1176/493/4
f 1178/497/4 1262/499/4 1263/496/4
f 1178/497/4 1261/500/4 1262/499/4
f 1179/501/3 1261/500/3 1178/497/3
f 1180/502/4 1260/503/4 1179/501/4
f 1260/503/2 1261/500/2 1179/501/2
f 1180/502/4 1259/504/4 1260/503/4
f 1356/505/4 1167/507/4 1355/506/4
f 1167/507/4 1354/508/4 1355/506/4
f 1167/507/4 1168/509/4 1354/508/4
f 1168/509/4 1353/510/4 1354/508/4
f 1352/511/4 1171/513/4 1351/512/4
f 1171/513/4 1350/514/4 1351/512/4
f 1171/513/4 1172/515/4 1350/514/4
f 1172/515/4 1349/516/4 1350/514/4
f 1356/505/4 1170/517/4 1167/507/4
f 1169/518/4 1353/510/4 1168/509/4
f 1352/511/4 1174/519/4 1171/513/4
f 1173/520/4 1349/516/4 1172/515/4
f 1259/504/4 1257/522/4 1258/521/4
f 1180/502/4 1257/522/4 1259/504/4
f 1356/505/4 1169/518/4 1170/517/4
f 1356/505/4 1353/510/4 1169/518/4
f 1352/511/4 1173/520/4 1174/519/4
f 1352/511/4 1349/516/4 1173/520/4
f 1181/523/4 1257/522/4 1180/502/4
f 1182/524/4 1257/522/4 1181/523/4
f 1183/525/4 1257/522/4 1182/524/4
f 1183/525/4 1256/526/4 1257/522/4
f 1184/527/4 1256/526/4 1183/525/4
f 1185/528/4 1256/526/4 1184/527/4
f 1186/529/4 1256/526/4 1185/528/4
f 1187/530/4 1256/526/4 1186/529/4
f 1188/531/4 1256/526/4 1187/530/4
f 1189/532/4 1256/526/4 1188/531/4
f 1190/533/4 1256/526/4 1189/532/4
f 1191/534/4 1256/526/4 1190/533/4
f 1192/535/4 1256/526/4 1191/534/4
f 1265/536/2 1353/510/2 1356/505/2
f 1266/537/4 1353/510/4 1265/536/4
f 1266/537/4 1352/511/4 1353/510/4
f 1266/537/4 1348/538/4 1352/511/4
f 1348/538/3 1349/516/3 1352/511/3
f 1266/537/4 1347/539/4 1348/538/4
f 1193/540/4 1256/526/4 1192/535/4
f 1193/540/13 1194/541/13 1256/526/13
f 1194/541/4 1255/542/4 1256/526/4
f 1195/543/4 1255/542/4 1194/541/4
f 1268/544/4 1266/537/4 1267/545/4
f 1268/544/4 1347/539/4 1266/537/4
f 1268/544/4 1346/546/4 1347/539/4
f 1268/544/4 1345/547/4 1346/546/4
f 1269/548/3 1345/547/3 1268/544/3
f 1270/549/4 1344/550/4 1269/548/4
f 1344/550/2 1345/547/2 1269/548/2
f 1270/549/4 1343/551/4 1344/550/4
f 1270/549/4 1342/552/4 1343/551/4
f 1271/553/4 1342/552/4 1270/549/4
f 1271/553/4 1308/554/4 1342/552/4
f 1308/554/4 1341/555/4 1342/552/4
f 1271/553/4 1305/556/4 1308/554/4
f 1305/556/4 1307/557/4 1308/554/4
f 1309/558/4 1341/555/4 1308/554/4
f 1272/559/4 1305/556/4 1271/553/4
f 1272/559/4 1304/560/4 1305/556/4
f 1306/561/4 1307/557/4 1305/556/4
f 1309/558/4 1340/562/4 1341/555/4
f 1273/563/4 1304/560/4 1272/559/4
f 1310/564/4 1340/562/4 1309/558/4
f 1273/563/4 1303/565/4 1304/560/4
f 1310/564/4 1339/566/4 1340/562/4
f 1274/567/4 1303/565/4 1273/563/4
f 1311/568/4 1339/566/4 1310/564/4
f 1311/568/4 1338/569/4 1339/566/4
f 1274/567/4 1302/570/4 1303/565/4
f 1275/571/4 1302/570/4 1274/567/4
f 1312/572/4 1338/569/4 1311/568/4
f 1312/572/4 1337/573/4 1338/569/4
f 1275/571/4 1301/574/4 1302/570/4
f 1276/575/4 1301/574/4 1275/571/4
f 1312/572/4 1336/576/4 1337/573/4
f 1313/577/4 1336/576/4 1312/572/4
f 1277/578/4 1301/574/4 1276/575/4
f 1277/578/4 1300/579/4 1301/574/4
f 1313/577/4 1335/580/4 1336/576/4
f 1314/581/4 1335/580/4 1313/577/4
f 1278/582/4 1300/579/4 1277/578/4
f 1314/581/4 1334/583/4 1335/580/4
f 1278/582/4 1299/584/4 1300/579/4
f 1279/585/4 1299/584/4 1278/582/4
f 1315/586/4 1334/583/4 1314/581/4
f 1315/586/4 1333/587/4 1334/583/4
f 1280/588/4 1299/584/4 1279/585/4
f 1280/588/4 1298/589/4 1299/584/4
f 1315/586/4 1332/590/4 1333/587/4
f 1316/591/4 1332/590/4 1315/586/4
f 1281/592/4 1298/589/4 1280/588/4
f 1316/591/4 1331/593/4 1332/590/4
f 1196/594/4 1255/542/4 1195/543/4
f 1196/594/4 1254/595/4 1255/542/4
f 1316/591/4 1330/596/4 1331/593/4
f 1197/597/4 1254/595/4 1196/594/4
f 1281/592/4 1297/598/4 1298/589/4
f 1198/599/4 1254/595/4 1197/597/4
f 1316/591/4 1329/600/4 1330/596/4
f 1282/601/4 1297/598/4 1281/592/4
f 1199/602/4 1254/595/4 1198/599/4
f 1199/602/4 1253/603/4 1254/595/4
f 1200/604/4 1253/603/4 1199/602/4
f 1317/605/4 1329/600/4 1316/591/4
f 1201/606/4 1253/603/4 1200/604/4
f 1283/607/4 1297/598/4 1282/601/4
f 1317/605/4 1328/608/4 1329/600/4
f 1202/609/4 1253/603/4 1201/606/4
f 1203/610/4 1253/603/4 1202/609/4
f 1204/611/4 1253/603/4 1203/610/4
f 1205/612/5 1253/603/5 1204/611/5
f 1206/613/4 1253/603/4 1205/612/4
f 1207/614/4 1253/603/4 1206/613/4
f 1284/615/4 1297/598/4 1283/607/4
f 1220/616/4 1218/618/4 1219/617/4
f 1208/619/4 1253/603/4 1207/614/4
f 1209/620/4 1253/603/4 1208/619/4
f 1210/621/4 1253/603/4 1209/620/4
f 1211/622/12 1253/603/12 1210/621/12
f 1220/616/4 1217/623/4 1218/618/4
f 1212/624/7 1253/603/7 1211/622/7
f 1213/625/4 1253/603/4 1212/624/4
f 1220/616/4 1216/626/4 1217/623/4
f 1214/627/4 1253/603/4 1213/625/4
f 1220/616/4 1215/628/4 1216/626/4
f 1215/628/4 1253/603/4 1214/627/4
f 1220/616/4 1253/603/4 1215/628/4
f 1317/605/4 1327/629/4 1328/608/4
f 1220/616/4 1252/630/4 1253/603/4
f 1284/615/4 1296/631/4 1297/598/4
f 1285/632/4 1296/631/4 1284/615/4
f 1221/633/4 1252/630/4 1220/616/4
f 1317/605/4 1326/634/4 1327/629/4
f 1318/635/4 1326/634/4 1317/605/4
f 1286/636/4 1296/631/4 1285/632/4
f 1221/633/4 1251/637/4 1252/630/4
f 1222/638/4 1251/637/4 1221/633/4
f 1318/635/4 1325/639/4 1326/634/4
f 1287/640/4 1296/631/4 1286/636/4
f 1223/641/4 1251/637/4 1222/638/4
f 1318/635/4 1324/642/4 1325/639/4
f 1223/641/4 1250/643/4 1251/637/4
f 1287/640/4 1295/644/4 1296/631/4
f 1288/645/4 1295/644/4 1287/640/4
f 1319/646/4 1324/642/4 1318/635/4
f 1224/647/4 1250/643/4 1223/641/4
f 1319/646/4 1323/648/4 1324/642/4
f 1224/647/4 1249/649/4 1250/643/4
f 1289/650/4 1295/644/4 1288/645/4
f 1319/646/4 1322/651/4 1323/648/4
f 1225/652/4 1249/649/4 1224/647/4
f 1225/652/4 1248/653/4 1249/649/4
f 1289/650/4 1294/654/4 1295/644/4
f 1290/655/4 1294/654/4 1289/650/4
f 1320/656/4 1321/657/4 1319/646/4
f 1321/657/4 1322/651/4 1319/646/4
f 1226/658/4 1248/653/4 1225/652/4
f 1226/658/4 1247/659/4 1248/653/4
f 1291/660/4 1294/654/4 1290/655/4
f 1226/658/4 1246/661/4 1247/659/4
f 1227/662/4 1246/661/4 1226/658/4
f 1291/660/4 1292/663/4 1294/654/4
f 1292/663/4 1293/664/4 1294/654/4
f 1227/662/4 1245/665/4 1246/661/4
f 1228/666/4 1245/665/4 1227/662/4
f 1228/666/4 1244/667/4 1245/665/4
f 1228/666/4 1243/668/4 1244/667/4
f 1229/669/4 1243/668/4 1228/666/4
f 1229/669/4 1242/670/4 1243/668/4
f 1229/669/4 1241/671/4 1242/670/4
f 1230/672/4 1241/671/4 1229/669/4
f 1230/672/4 1240/673/4 1241/671/4
f 1230/672/4 1239/674/4 1240/673/4
f 1230/672/4 1238/675/4 1239/674/4
f 1231/676/4 1238/675/4 1230/672/4
f 1231/676/4 1237/677/4 1238/675/4
f 1231/676/4 1236/678/4 1237/677/4
f 1231/676/5 1235/679/5 1236/678/5
f 1231/676/8 1234/680/8 1235/679/8
f 1231/676/4 1233/681/4 1234/680/4
f 1231/676/4 1232/682/4 1233/681/4
f 255/249/14 256/247/14 938/247/14 937/249/14
f 320/136/15 321/142/15 1003/142/15 1002/136/15
f 622/560/16 623/556/16 1305/556/16 1304/560/16
f 156/351/17 157/349/17 839/349/17 838/351/17
f 610/663/18 611/664/18 1293/664/18 1292/663/18
f 623/556/19 624/561/19 1306/561/19 1305/556/19
f 122/39/20 123/38/20 805/38/20 804/39/20
f 386/457/21 387/458/21 1069/458/21 1068/457/21
f 138/350/22 139/352/22 821/352/22 820/350/22
f 254/250/23 255/249/23 937/249/23 936/250/23
f 611/664/24 612/654/24 1294/654/24 1293/664/24
f 624/561/3 625/557/3 1307/557/3 1306/561/3
f 23/35/25 24/40/25 706/40/25 705/35/25
f 343/143/26 344/141/26 1026/141/26 1025/143/26
f 448/456/27 449/459/27 1131/459/27 1130/456/27
f 253/251/28 254/250/28 936/250/28 935/251/28
f 563/665/29 564/661/29 1246/661/29 1245/665/29
f 658/562/30 659/555/30 1341/555/30 1340/562/30
f 155/353/31 156/351/31 838/351/31 837/353/31
f 187/241/32 188/252/32 870/252/32 869/241/32
f 545/662/33 546/666/33 1228/666/33 1227/662/33
f 317/144/34 318/138/34 1000/138/34 999/144/34
f 590/559/35 591/563/35 1273/563/35 1272/559/35
f 121/22/2 122/39/2 804/39/2 803/22/2
f 139/352/36 140/354/36 822/354/36 821/352/36
f 346/139/37 347/145/37 1029/145/37 1028/139/37
f 394/460/38 395/451/38 1077/451/38 1076/460/38
f 627/558/39 628/564/39 1310/564/39 1309/558/39
f 209/253/40 210/240/40 892/240/40 891/253/40
f 562/667/41 563/665/41 1245/665/41 1244/667/41
f 462/461/42 463/455/42 1145/455/42 1144/461/42
f 154/355/43 155/353/43 837/353/43 836/355/43
f 268/248/44 269/254/44 951/254/44 950/248/44
f 342/146/45 343/143/45 1025/143/45 1024/146/45
f 24/40/46 25/42/46 707/42/46 706/40/46
f 387/458/47 388/462/47 1070/462/47 1069/458/47
f 140/354/48 141/356/48 823/356/48 822/354/48
f 561/668/49 562/667/49 1244/667/49 1243/668/49
f 321/142/50 322/147/50 1004/147/50 1003/142/50
f 621/565/51 622/560/51 1304/560/51 1303/565/51
f 546/666/52 547/669/52 1229/669/52 1228/666/52
f 449/459/53 450/463/53 1132/463/53 1131/459/53
f 252/255/54 253/251/54 935/251/54 934/255/54
f 657/566/55 658/562/55 1340/562/55 1339/566/55
f 56/43/3 57/41/3 739/41/3 738/43/3
f 153/357/56 154/355/56 836/355/56 835/357/56
f 188/252/57 189/256/57 871/256/57 870/252/57
f 316/148/58 317/144/58 999/144/58 998/148/58
f 591/563/59 592/567/59 1274/567/59 1273/563/59
f 388/462/60 389/464/60 1071/464/60 1070/462/60
f 141/356/61 142/358/61 824/358/61 823/356/61
f 560/670/62 561/668/62 1243/668/62 1242/670/62
f 347/145/63 348/149/63 1030/149/63 1029/145/63
f 269/254/64 270/257/64 952/257/64 951/254/64
f 628/564/65 629/568/65 1311/568/65 1310/564/65
f 559/671/66 560/670/66 1242/670/66 1241/671/66
f 2/24/2 3/23/2 685/23/2 684/24/2
f 461/465/67 462/461/67 1144/461/67 1143/465/67
f 152/359/68 153/357/68 835/357/68 834/359/68
f 547/669/69 548/672/69 1230/672/69 1229/669/69
f 341/150/70 342/146/70 1024/146/70 1023/150/70
f 12/44/3 13/12/3 695/12/3 694/44/3
f 389/464/71 390/466/71 1072/466/71 1071/464/71
f 142/358/72 143/360/72 825/360/72 824/358/72
f 208/258/73 209/253/73 891/253/73 890/258/73
f 322/147/74 323/151/74 1005/151/74 1004/147/74
f 656/569/75 657/566/75 1339/566/75 1338/569/75
f 55/45/76 56/43/76 738/43/76 737/45/76
f 450/463/77 451/467/77 1133/467/77 1132/463/77
f 558/673/78 559/671/78 1241/671/78 1240/673/78
f 620/570/79 621/565/79 1303/565/79 1302/570/79
f 57/41/19 58/46/19 740/46/19 739/41/19
f 151/361/80 152/359/80 834/359/80 833/361/80
f 315/152/81 316/148/81 998/148/81 997/152/81
f 592/567/82 593/571/82 1275/571/82 1274/567/82
f 390/466/83 391/468/83 1073/468/83 1072/466/83
f 367/228/2 368/227/2 1050/227/2 1049/228/2
f 557/674/84 558/673/84 1240/673/84 1239/674/84
f 348/149/85 349/153/85 1031/153/85 1030/149/85
f 25/42/86 26/47/86 708/47/86 707/42/86
f 150/362/87 151/361/87 833/361/87 832/362/87
f 362/259/3 363/223/3 1045/223/3 1044/259/3
f 629/568/88 630/572/88 1312/572/88 1311/568/88
f 391/468/89 392/469/89 1074/469/89 1073/468/89
f 143/360/90 144/363/90 826/363/90 825/360/90
f 270/257/91 271/260/91 953/260/91 952/257/91
f 556/675/92 557/674/92 1239/674/92 1238/675/92
f 548/672/93 549/676/93 1231/676/93 1230/672/93
f 340/154/94 341/150/94 1023/150/94 1022/154/94
f 54/48/95 55/45/95 737/45/95 736/48/95
f 392/469/96 393/470/96 1075/470/96 1074/469/96
f 323/151/97 324/155/97 1006/155/97 1005/151/97
f 655/573/98 656/569/98 1338/569/98 1337/573/98
f 26/47/99 27/49/99 709/49/99 708/47/99
f 393/470/100 394/460/100 1076/460/100 1075/470/100
f 149/364/101 150/362/101 832/362/101 831/364/101
f 251/261/102 252/255/102 934/255/102 933/261/102
f 451/467/103 452/471/103 1134/471/103 1133/467/103
f 144/363/104 145/365/104 827/365/104 826/363/104
f 189/256/105 190/262/105 872/262/105 871/256/105
f 555/677/106 556/675/106 1238/675/106 1237/677/106
f 619/574/107 620/570/107 1302/570/107 1301/574/107
f 10/7/3 11/50/3 693/50/3 692/7/3
f 314/156/108 315/152/108 997/152/108 996/156/108
f 593/571/109 594/575/109 1276/575/109 1275/571/109
f 11/50/110 12/44/110 694/44/110 693/50/110
f 145/365/111 146/366/111 828/366/111 827/365/111
f 271/260/112 272/263/112 954/263/112 953/260/112
f 554/678/113 555/677/113 1237/677/113 1236/678/113
f 349/153/114 350/157/114 1032/157/114 1031/153/114
f 460/472/115 461/465/115 1143/465/115 1142/472/115
f 53/51/116 54/48/116 736/48/116 735/51/116
f 452/471/117 453/473/117 1135/473/117 1134/471/117
f 146/366/118 147/367/118 829/367/118 828/366/118
f 553/679/119 554/678/119 1236/678/119 1235/679/119
f 654/576/120 655/573/120 1337/573/120 1336/576/120
f 301/264/121 302/216/121 984/216/121 983/264/121
f 339/158/122 340/154/122 1022/154/122 1021/158/122
f 630/572/123 631/577/123 1313/577/123 1312/572/123
f 52/52/124 53/51/124 735/51/124 734/52/124
f 147/367/125 148/368/125 830/368/125 829/367/125
f 218/214/126 219/265/126 901/265/126 900/214/126
f 552/680/127 553/679/127 1235/679/127 1234/680/127
f 324/155/128 325/159/128 1007/159/128 1006/155/128
f 27/49/129 28/53/129 710/53/129 709/49/129
f 459/474/130 460/472/130 1142/472/130 1141/474/130
f 148/368/131 149/364/131 831/364/131 830/368/131
f 594/575/132 595/578/132 1277/578/132 1276/575/132
f 433/370/133 434/369/133 1116/369/133 1115/370/133
f 551/681/134 552/680/134 1234/680/134 1233/681/134
f 412/475/110 413/442/110 1095/442/110 1094/475/110
f 300/266/135 301/264/135 983/264/135 982/266/135
f 549/676/136 550/682/136 1232/682/136 1231/676/136
f 313/160/137 314/156/137 996/156/137 995/160/137
f 51/54/138 52/52/138 734/52/138 733/54/138
f 453/473/139 454/476/139 1136/476/139 1135/473/139
f 484/371/140 433/370/140 1115/370/140 1166/371/140
f 272/263/141 273/267/141 955/267/141 954/263/141
f 550/682/142 551/681/142 1233/681/142 1232/682/142
f 350/157/143 351/161/143 1033/161/143 1032/157/143
f 618/579/144 619/574/144 1301/574/144 1300/579/144
f 28/53/145 29/55/145 711/55/145 710/53/145
f 369/373/146 370/372/146 1052/372/146 1051/373/146
f 653/580/147 654/576/147 1336/576/147 1335/580/147
f 458/477/148 459/474/148 1141/474/148 1140/477/148
f 432/374/149 369/373/149 1051/373/149 1114/374/149
f 299/268/150 300/266/150 982/266/150 981/268/150
f 338/162/151 339/158/151 1021/158/151 1020/162/151
f 631/577/152 632/581/152 1314/581/152 1313/577/152
f 50/56/153 51/54/153 733/54/153 732/56/153
f 454/476/154 455/478/154 1137/478/154 1136/476/154
f 29/55/155 30/57/155 712/57/155 711/55/155
f 483/375/156 484/371/156 1166/371/156 1165/375/156
f 207/269/157 208/258/157 890/258/157 889/269/157
f 312/163/158 313/160/158 995/160/158 994/163/158
f 595/578/159 596/582/159 1278/582/159 1277/578/159
f 455/478/160 456/479/160 1138/479/160 1137/478/160
f 325/159/161 326/164/161 1008/164/161 1007/159/161
f 431/376/162 432/374/162 1114/374/162 1113/376/162
f 250/270/163 251/261/163 933/261/163 932/270/163
f 49/58/164 50/56/164 732/56/164 731/58/164
f 456/479/165 457/480/165 1139/480/165 1138/479/165
f 434/369/166 435/377/166 1117/377/166 1116/369/166
f 351/161/167 352/165/167 1034/165/167 1033/161/167
f 652/583/168 653/580/168 1335/580/168 1334/583/168
f 457/480/169 458/477/169 1140/477/169 1139/480/169
f 298/271/170 299/268/170 981/268/170 980/271/170
f 48/59/171 49/58/171 731/58/171 730/59/171
f 273/267/172 274/272/172 956/272/172 955/267/172
f 617/584/173 618/579/173 1300/579/173 1299/584/173
f 30/57/174 31/60/174 713/60/174 712/57/174
f 430/378/175 431/376/175 1113/376/175 1112/378/175
f 337/166/176 338/162/176 1020/162/176 1019/166/176
f 596/582/177 597/585/177 1279/585/177 1278/582/177
f 190/262/178 191/273/178 873/273/178 872/262/178
f 58/46/179 59/61/179 741/61/179 740/46/179
f 411/482/2 412/475/2 1094/475/2 1093/482/2
f 482/379/180 483/375/180 1165/375/180 1164/379/180
f 311/167/181 312/163/181 994/163/181 993/167/181
f 632/581/182 633/586/182 1315/586/182 1314/581/182
f 409/481/3 410/483/3 1092/483/3 1091/481/3
f 370/372/183 371/380/183 1053/380/183 1052/372/183
f 219/265/184 220/274/184 902/274/184 901/265/184
f 352/165/185 353/168/185 1035/168/185 1034/165/185
f 410/483/110 411/482/110 1093/482/110 1092/483/110
f 117/62/186 118/6/186 800/6/186 799/62/186
f 407/416/3 408/484/3 1090/484/3 1089/416/3
f 651/587/187 652/583/187 1334/583/187 1333/587/187
f 59/61/188 60/63/188 742/63/188 741/61/188
f 408/484/110 409/481/110 1091/481/110 1090/484/110
f 429/381/189 430/378/189 1112/378/189 1111/381/189
f 297/275/190 298/271/190 980/271/190 979/275/190
f 336/169/191 337/166/191 1019/166/191 1018/169/191
f 597/585/192 598/588/192 1280/588/192 1279/585/192
f 679/486/19 680/485/19 1362/485/19 1361/486/19
f 274/272/193 275/276/193 957/276/193 956/272/193
f 326/164/194 327/170/194 1009/170/194 1008/164/194
f 60/63/195 61/64/195 743/64/195 742/63/195
f 481/382/196 482/379/196 1164/379/196 1163/382/196
f 616/589/197 617/584/197 1299/584/197 1298/589/197
f 428/383/198 429/381/198 1111/381/198 1110/383/198
f 296/277/199 297/275/199 979/275/199 978/277/199
f 310/171/200 311/167/200 993/167/200 992/171/200
f 47/65/201 48/59/201 730/59/201 729/65/201
f 682/488/2 679/486/2 1361/486/2 1364/488/2
f 650/590/202 651/587/202 1333/587/202 1332/590/202
f 675/487/3 676/489/3 1358/489/3 1357/487/3
f 427/384/203 428/383/203 1110/383/203 1109/384/203
f 295/278/204 296/277/204 978/277/204 977/278/204
f 335/172/205 336/169/205 1018/169/205 1017/172/205
f 633/586/206 634/591/206 1316/591/206 1315/586/206
f 116/66/207 117/62/207 799/62/207 798/66/207
f 435/377/208 436/385/208 1118/385/208 1117/377/208
f 275/276/209 276/279/209 958/279/209 957/276/209
f 353/168/210 354/173/210 1036/173/210 1035/168/210
f 61/64/211 62/67/211 744/67/211 743/64/211
f 598/588/212 599/592/212 1281/592/212 1280/588/212
f 681/490/110 682/488/110 1364/488/110 1363/490/110
f 327/170/213 328/174/213 1010/174/213 1009/170/213
f 62/67/214 63/68/214 745/68/214 744/67/214
f 480/386/215 481/382/215 1163/382/215 1162/386/215
f 294/280/216 295/278/216 977/278/216 976/280/216
f 678/491/110 675/487/110 1357/487/110 1360/491/110
f 371/380/217 372/387/217 1054/387/217 1053/380/217
f 649/593/218 650/590/218 1332/590/218 1331/593/218
f 63/68/219 64/69/219 746/69/219 745/68/219
f 676/489/19 677/492/19 1359/492/19 1358/489/19
f 293/281/220 294/280/220 976/280/220 975/281/220
f 309/175/221 310/171/221 992/171/221 991/175/221
f 513/543/222 514/594/222 1196/594/222 1195/543/222
f 276/279/223 277/282/223 959/282/223 958/279/223
f 64/69/224 65/70/224 747/70/224 746/69/224
f 426/388/225 427/384/225 1109/384/225 1108/388/225
f 334/176/226 335/172/226 1017/172/226 1016/176/226
f 677/492/2 678/491/2 1360/491/2 1359/492/2
f 354/173/227 355/177/227 1037/177/227 1036/173/227
f 572/595/228 573/542/228 1255/542/228 1254/595/228
f 65/70/229 66/71/229 748/71/229 747/70/229
f 680/485/3 681/490/3 1363/490/3 1362/485/3
f 479/389/230 480/386/230 1162/386/230 1161/389/230
f 292/283/231 293/281/231 975/281/231 974/283/231
f 493/494/19 494/493/19 1176/493/19 1175/494/19
f 328/174/232 329/178/232 1011/178/232 1010/174/232
f 648/596/233 649/593/233 1331/593/233 1330/596/233
f 31/60/234 32/72/234 714/72/234 713/60/234
f 425/390/235 426/388/235 1108/388/235 1107/390/235
f 291/284/236 292/283/236 974/283/236 973/284/236
f 514/594/237 515/597/237 1197/597/237 1196/594/237
f 582/495/2 493/494/2 1175/494/2 1264/495/2
f 277/282/238 278/285/238 960/285/238 959/282/238
f 424/391/239 425/390/239 1107/390/239 1106/391/239
f 333/179/240 334/176/240 1016/176/240 1015/179/240
f 115/73/241 116/66/241 798/66/241 797/73/241
f 581/496/110 582/495/110 1264/495/110 1263/496/110
f 436/385/242 437/392/242 1119/392/242 1118/385/242
f 615/598/243 616/589/243 1298/589/243 1297/598/243
f 66/71/244 67/74/244 749/74/244 748/71/244
f 495/498/19 496/497/19 1178/497/19 1177/498/19
f 290/286/245 291/284/245 973/284/245 972/286/245
f 308/180/246 309/175/246 991/175/246 990/180/246
f 515/597/247 516/599/247 1198/599/247 1197/597/247
f 355/177/248 356/181/248 1038/181/248 1037/177/248
f 67/74/249 68/75/249 750/75/249 749/74/249
f 494/493/2 495/498/2 1177/498/2 1176/493/2
f 478/393/250 479/389/250 1161/389/250 1160/393/250
f 289/287/2 290/286/2 972/286/2 971/287/2
f 372/387/251 373/394/251 1055/394/251 1054/387/251
f 174/183/19 175/182/19 857/182/19 856/183/19
f 647/600/252 648/596/252 1330/596/252 1329/600/252
f 82/77/253 83/76/253 765/76/253 764/77/253
f 288/288/2 289/287/2 971/287/2 970/288/2
f 599/592/83 600/601/83 1282/601/83 1281/592/83
f 580/499/2 581/496/2 1263/496/2 1262/499/2
f 177/184/2 174/183/2 856/183/2 859/184/2
f 81/78/254 82/77/254 764/77/254 763/78/254
f 423/395/255 424/391/255 1106/391/255 1105/395/255
f 287/289/2 288/288/2 970/288/2 969/289/2
f 175/182/3 176/185/3 858/185/3 857/182/3
f 516/599/256 517/602/256 1199/602/256 1198/599/256
f 68/75/257 69/79/257 751/79/257 750/75/257
f 579/500/110 580/499/110 1262/499/110 1261/500/110
f 176/185/110 177/184/110 859/184/110 858/185/110
f 496/497/3 497/501/3 1179/501/3 1178/497/3
f 422/396/258 423/395/258 1105/395/258 1104/396/258
f 286/290/2 287/289/2 969/289/2 968/290/2
f 329/178/259 330/186/259 1012/186/259 1011/178/259
f 571/603/260 572/595/260 1254/595/260 1253/603/260
f 80/80/261 81/78/261 763/78/261 762/80/261
f 497/501/19 498/502/19 1180/502/19 1179/501/19
f 477/397/262 478/393/262 1160/393/262 1159/397/262
f 285/291/2 286/290/2 968/290/2 967/291/2
f 517/602/263 518/604/263 1200/604/263 1199/602/263
f 69/79/264 70/81/264 752/81/264 751/79/264
f 332/187/265 333/179/265 1015/179/265 1014/187/265
f 421/398/266 422/396/266 1104/396/266 1103/398/266
f 284/292/2 285/291/2 967/291/2 966/292/2
f 634/591/267 635/605/267 1317/605/267 1316/591/267
f 70/81/268 71/82/268 753/82/268 752/81/268
f 578/503/3 579/500/3 1261/500/3 1260/503/3
f 307/188/269 308/180/269 990/180/269 989/188/269
f 476/399/270 477/397/270 1159/397/270 1158/399/270
f 283/293/2 284/292/2 966/292/2 965/293/2
f 356/181/271 357/189/271 1039/189/271 1038/181/271
f 518/604/272 519/606/272 1201/606/272 1200/604/272
f 577/504/110 578/503/110 1260/503/110 1259/504/110
f 437/392/273 438/400/273 1120/400/273 1119/392/273
f 79/83/274 80/80/274 762/80/274 761/83/274
f 673/506/19 674/505/19 1356/505/19 1355/506/19
f 282/294/2 283/293/2 965/293/2 964/294/2
f 330/186/275 331/190/275 1013/190/275 1012/186/275
f 600/601/276 601/607/276 1283/607/276 1282/601/276
f 71/82/277 72/84/277 754/84/277 753/82/277
f 420/401/278 421/398/278 1103/398/278 1102/401/278
f 281/295/2 282/294/2 964/294/2 963/295/2
f 72/84/279 73/85/279 755/85/279 754/84/279
f 373/394/280 374/402/280 1056/402/280 1055/394/280
f 306/191/281 307/188/281 989/188/281 988/191/281
f 646/608/282 647/600/282 1329/600/282 1328/608/282
f 672/508/2 673/506/2 1355/506/2 1354/508/2
f 280/296/2 281/295/2 963/295/2 962/296/2
f 357/189/283 358/192/283 1040/192/283 1039/189/283
f 519/606/284 520/609/284 1202/609/284 1201/606/284
f 485/507/3 486/509/3 1168/509/3 1167/507/3
f 78/86/285 79/83/285 761/83/285 760/86/285
f 419/403/2 420/401/2 1102/401/2 1101/403/2
f 279/297/2 280/296/2 962/296/2 961/297/2
f 178/194/19 179/193/19 861/193/19 860/194/19
f 520/609/286 521/610/286 1203/610/286 1202/609/286
f 73/85/287 74/87/287 756/87/287 755/85/287
f 671/510/110 672/508/110 1354/508/110 1353/510/110
f 418/404/110 419/403/110 1101/403/110 1100/404/110
f 278/285/2 279/297/2 961/297/2 960/285/2
f 521/610/288 522/611/288 1204/611/288 1203/610/288
f 669/512/19 670/511/19 1352/511/19 1351/512/19
f 77/88/289 78/86/289 760/86/289 759/88/289
f 475/405/290 476/399/290 1158/399/290 1157/405/290
f 220/274/291 221/298/291 903/298/291 902/274/291
f 358/192/2 178/194/2 860/194/2 1040/192/2
f 522/611/292 523/612/292 1205/612/292 1204/611/292
f 74/87/293 75/89/293 757/89/293 756/87/293
f 474/406/294 475/405/294 1157/405/294 1156/406/294
f 523/612/295 524/613/295 1206/613/295 1205/612/295
f 668/514/2 669/512/2 1351/512/2 1350/514/2
f 438/400/296 439/407/296 1121/407/296 1120/400/296
f 249/299/297 250/270/297 932/270/297 931/299/297
f 331/190/2 332/187/2 1014/187/2 1013/190/2
f 76/90/298 77/88/298 759/88/298 758/90/298
f 489/513/3 490/515/3 1172/515/3 1171/513/3
f 191/273/299 192/300/299 874/300/299 873/273/299
f 524/613/300 525/614/300 1207/614/300 1206/613/300
f 75/89/301 76/90/301 758/90/301 757/89/301
f 374/402/302 375/408/302 1057/408/302 1056/402/302
f 305/196/2 306/191/2 988/191/2 987/196/2
f 601/607/303 602/615/303 1284/615/303 1283/607/303
f 667/516/110 668/514/110 1350/514/110 1349/516/110
f 206/301/304 207/269/304 889/269/304 888/301/304
f 162/195/3 163/197/3 845/197/3 844/195/3
f 83/76/305 84/91/305 766/91/305 765/76/305
f 473/409/306 474/406/306 1156/406/306 1155/409/306
f 221/298/307 222/302/307 904/302/307 903/298/307
f 537/617/308 538/616/308 1220/616/308 1219/617/308
f 488/517/110 485/507/110 1167/507/110 1170/517/110
f 486/509/19 487/518/19 1169/518/19 1168/509/19
f 472/410/309 473/409/309 1155/409/309 1154/410/309
f 360/218/3 361/303/3 1043/303/3 1042/218/3
f 304/198/110 305/196/110 987/196/110 986/198/110
f 536/618/310 537/617/310 1219/617/310 1218/618/310
f 114/92/311 115/73/311 797/73/311 796/92/311
f 439/407/312 440/411/312 1122/411/312 1121/407/312
f 361/303/110 362/259/110 1044/259/110 1043/303/110
f 525/614/313 526/619/313 1208/619/313 1207/614/313
f 84/91/314 85/93/314 767/93/314 766/91/314
f 165/199/110 162/195/110 844/195/110 847/199/110
f 492/519/110 489/513/110 1171/513/110 1174/519/110
f 375/408/315 376/412/315 1058/412/315 1057/408/315
f 248/304/316 249/299/316 931/299/316 930/304/316
f 163/197/19 164/200/19 846/200/19 845/197/19
f 526/619/317 527/620/317 1209/620/317 1208/619/317
f 490/515/19 491/520/19 1173/520/19 1172/515/19
f 192/300/318 193/305/318 875/305/318 874/300/318
f 46/94/319 47/65/319 729/65/319 728/94/319
f 166/202/19 167/201/19 849/201/19 848/202/19
f 527/620/320 528/621/320 1210/621/320 1209/620/320
f 576/521/321 577/504/321 1259/504/321 1258/521/321
f 222/302/322 223/306/322 905/306/322 904/302/322
f 113/95/323 114/92/323 796/92/323 795/95/323
f 169/203/2 166/202/2 848/202/2 851/203/2
f 528/621/324 529/622/324 1211/622/324 1210/621/324
f 85/93/325 86/96/325 768/96/325 767/93/325
f 575/522/326 576/521/326 1258/521/326 1257/522/326
f 404/414/327 405/413/327 1087/413/327 1086/414/327
f 193/305/328 194/307/328 876/307/328 875/305/328
f 167/201/3 168/204/3 850/204/3 849/201/3
f 405/413/3 406/415/3 1088/415/3 1087/413/3
f 168/204/110 169/203/110 851/203/110 850/204/110
f 86/96/329 87/97/329 769/97/329 768/96/329
f 194/307/330 195/308/330 877/308/330 876/307/330
f 170/206/19 171/205/19 853/205/19 852/206/19
f 535/623/285 536/618/285 1218/618/285 1217/623/285
f 487/518/2 488/517/2 1170/517/2 1169/518/2
f 406/415/19 407/416/19 1089/416/19 1088/415/19
f 529/622/331 530/624/331 1212/624/331 1211/622/331
f 173/207/2 170/206/2 852/206/2 855/207/2
f 112/98/332 113/95/332 795/95/332 794/98/332
f 247/309/333 248/304/333 930/304/333 929/309/333
f 171/205/3 172/208/3 854/208/3 853/205/3
f 530/624/334 531/625/334 1213/625/334 1212/624/334
f 87/97/335 88/99/335 770/99/335 769/97/335
f 491/520/2 492/519/2 1174/519/2 1173/520/2
f 417/417/3 418/404/3 1100/404/3 1099/417/3
f 172/208/110 173/207/110 855/207/110 854/208/110
f 205/310/336 206/301/336 888/301/336 887/310/336
f 32/72/337 33/100/337 715/100/337 714/72/337
f 498/502/338 499/523/338 1181/523/338 1180/502/338
f 416/418/110 417/417/110 1099/417/110 1098/418/110
f 195/308/339 196/311/339 878/311/339 877/308/339
f 164/200/2 165/199/2 847/199/2 846/200/2
f 534/626/340 535/623/340 1217/623/340 1216/626/340
f 531/625/341 532/627/341 1214/627/341 1213/625/341
f 499/523/342 500/524/342 1182/524/342 1181/523/342
f 19/2/19 20/1/19 702/1/19 701/2/19
f 223/306/343 224/312/343 906/312/343 905/306/343
f 179/193/3 180/209/3 862/209/3 861/193/3
f 111/101/344 112/98/344 794/98/344 793/101/344
f 33/100/345 34/102/345 716/102/345 715/100/345
f 500/524/346 501/525/346 1183/525/346 1182/524/346
f 471/420/110 472/410/110 1154/410/110 1153/420/110
f 196/311/347 197/313/347 879/313/347 878/311/347
f 180/209/348 181/210/348 863/210/348 862/209/348
f 533/628/349 534/626/349 1216/626/349 1215/628/349
f 376/412/350 377/421/350 1059/421/350 1058/412/350
f 532/627/351 533/628/351 1215/628/351 1214/627/351
f 119/4/2 19/2/2 701/2/2 801/4/2
f 45/103/352 46/94/352 728/94/352 727/103/352
f 574/526/353 575/522/353 1257/522/353 1256/526/353
f 18/3/3 15/5/3 697/5/3 700/3/3
f 440/411/354 441/422/354 1123/422/354 1122/411/354
f 246/314/355 247/309/355 929/309/355 928/314/355
f 88/99/356 89/104/356 771/104/356 770/99/356
f 501/525/357 502/527/357 1184/527/357 1183/525/357
f 224/312/358 225/315/358 907/315/358 906/312/358
f 215/212/359 216/211/359 898/211/359 897/212/359
f 645/629/360 646/608/360 1328/608/360 1327/629/360
f 34/102/361 35/105/361 717/105/361 716/102/361
f 502/527/362 503/528/362 1185/528/362 1184/527/362
f 118/6/110 119/4/110 801/4/110 800/6/110
f 403/423/363 404/414/363 1086/414/363 1085/423/363
f 197/313/364 198/316/364 880/316/364 879/313/364
f 216/211/3 217/213/3 899/213/3 898/211/3
f 9/8/19 10/7/19 692/7/19 691/8/19
f 570/630/365 571/603/365 1253/603/365 1252/630/365
f 503/528/366 504/529/366 1186/529/366 1185/528/366
f 402/424/367 403/423/367 1085/423/367 1084/424/367
f 198/316/368 199/317/368 881/317/368 880/316/368
f 217/213/19 218/214/19 900/214/19 899/213/19
f 110/106/369 111/101/369 793/101/369 792/106/369
f 377/421/370 378/425/370 1060/425/370 1059/421/370
f 614/631/371 615/598/371 1297/598/371 1296/631/371
f 35/105/372 36/107/372 718/107/372 717/105/372
f 504/529/373 505/530/373 1187/530/373 1186/529/373
f 225/315/374 226/318/374 908/318/374 907/315/374
f 602/615/375 603/632/375 1285/632/375 1284/615/375
f 14/10/2 9/8/2 691/8/2 696/10/2
f 441/422/376 442/426/376 1124/426/376 1123/422/376
f 303/215/3 304/198/3 986/198/3 985/215/3
f 505/530/377 506/531/377 1188/531/377 1187/530/377
f 7/9/3 8/11/3 690/11/3 689/9/3
f 538/616/378 539/633/378 1221/633/378 1220/616/378
f 109/108/379 110/106/379 792/106/379 791/108/379
f 245/319/380 246/314/380 928/314/380 927/319/380
f 302/216/110 303/215/110 985/215/110 984/216/110
f 89/104/381 90/109/381 772/109/381 771/104/381
f 506/531/382 507/532/382 1189/532/382 1188/531/382
f 401/427/383 402/424/383 1084/424/383 1083/427/383
f 199/317/384 200/320/384 882/320/384 881/317/384
f 181/210/385 182/217/385 864/217/385 863/210/385
f 13/12/110 14/10/110 696/10/110 695/12/110
f 644/634/386 645/629/386 1327/629/386 1326/634/386
f 36/107/387 37/110/387 719/110/387 718/107/387
f 507/532/388 508/533/388 1190/533/388 1189/532/388
f 400/428/389 401/427/389 1083/427/389 1082/428/389
f 226/318/390 227/321/390 909/321/390 908/318/390
f 359/219/19 360/218/19 1042/218/19 1041/219/19
f 635/605/391 636/635/391 1318/635/391 1317/605/391
f 17/13/110 18/3/110 700/3/110 699/13/110
f 378/425/392 379/429/392 1061/429/392 1060/425/392
f 508/533/393 509/534/393 1191/534/393 1190/533/393
f 15/5/19 16/14/19 698/14/19 697/5/19
f 603/632/394 604/636/394 1286/636/394 1285/632/394
f 108/111/395 109/108/395 791/108/395 790/111/395
f 442/426/396 443/430/396 1125/430/396 1124/426/396
f 244/322/397 245/319/397 927/319/397 926/322/397
f 90/109/398 91/112/398 773/112/398 772/109/398
f 509/534/399 510/535/399 1192/535/399 1191/534/399
f 200/320/400 201/323/400 883/323/400 882/320/400
f 364/221/2 359/219/2 1041/219/2 1046/221/2
f 6/15/110 7/9/110 689/9/110 688/15/110
f 365/220/3 366/222/3 1048/222/3 1047/220/3
f 569/637/401 570/630/401 1252/630/401 1251/637/401
f 37/110/402 38/113/402 720/113/402 719/110/402
f 674/505/3 583/536/3 1265/536/3 1356/505/3
f 8/11/19 5/16/19 687/16/19 690/11/19
f 399/431/403 400/428/403 1082/428/403 1081/431/403
f 201/323/404 202/324/404 884/324/404 883/323/404
f 539/633/405 540/638/405 1222/638/405 1221/633/405
f 379/429/406 380/432/406 1062/432/406 1061/429/406
f 583/536/19 584/537/19 1266/537/19 1265/536/19
f 202/324/407 203/325/407 885/325/407 884/324/407
f 363/223/110 364/221/110 1046/221/110 1045/223/110
f 107/114/408 108/111/408 790/111/408 789/114/408
f 443/430/409 444/433/409 1126/433/409 1125/430/409
f 643/639/410 644/634/410 1326/634/410 1325/639/410
f 38/113/411 39/115/411 721/115/411 720/113/411
f 203/325/412 204/326/412 886/326/412 885/325/412
f 214/224/413 215/212/413 897/212/413 896/224/413
f 604/636/414 605/640/414 1287/640/414 1286/636/414
f 670/511/2 671/510/2 1353/510/2 1352/511/2
f 16/14/2 17/13/2 699/13/2 698/14/2
f 204/326/415 205/310/415 887/310/415 886/326/415
f 182/217/416 183/225/416 865/225/416 864/217/416
f 91/112/417 92/116/417 774/116/417 773/112/417
f 135/17/3 120/18/3 802/18/3 817/17/3
f 398/434/418 399/431/418 1081/431/418 1080/434/418
f 227/321/419 228/327/419 910/327/419 909/321/419
f 540/638/420 541/641/420 1223/641/420 1222/638/420
f 666/538/3 667/516/3 1349/516/3 1348/538/3
f 468/435/421 469/419/421 1151/419/421 1150/435/421
f 213/226/422 214/224/422 896/224/422 895/226/422
f 106/117/423 107/114/423 789/114/423 788/117/423
f 469/419/19 470/436/19 1152/436/19 1151/419/19
f 243/328/424 244/322/424 926/322/424 925/328/424
f 642/642/425 643/639/425 1325/639/425 1324/642/425
f 39/115/426 40/118/426 722/118/426 721/115/426
f 665/539/110 666/538/110 1348/538/110 1347/539/110
f 470/436/3 471/420/3 1153/420/3 1152/436/3
f 228/327/427 229/329/427 911/329/427 910/327/427
f 368/227/110 365/220/110 1047/220/110 1050/227/110
f 510/535/428 511/540/428 1193/540/428 1192/535/428
f 366/222/19 367/228/19 1049/228/19 1048/222/19
f 568/643/429 569/637/429 1251/637/429 1250/643/429
f 5/16/2 6/15/2 688/15/2 687/16/2
f 467/437/430 468/435/430 1150/435/430 1149/437/430
f 105/119/431 106/117/431 788/117/431 787/119/431
f 511/540/432 512/541/432 1194/541/432 1193/540/432
f 4/19/3 1/20/3 683/20/3 686/19/3
f 242/330/433 243/328/433 925/328/433 924/330/433
f 183/225/434 184/229/434 866/229/434 865/225/434
f 613/644/435 614/631/435 1296/631/435 1295/644/435
f 40/118/436 41/120/436 723/120/436 722/118/436
f 397/438/437 398/434/437 1080/434/437 1079/438/437
f 229/329/438 230/331/438 912/331/438 911/329/438
f 605/640/439 606/645/439 1288/645/439 1287/640/439
f 380/432/440 381/439/440 1063/439/440 1062/432/440
f 41/120/441 42/121/441 724/121/441 723/120/441
f 573/542/110 574/526/110 1256/526/110 1255/542/110
f 230/331/3 231/332/3 913/332/3 912/331/3
f 212/230/442 213/226/442 895/226/442 894/230/442
f 636/635/443 637/646/443 1319/646/443 1318/635/443
f 512/541/19 513/543/19 1195/543/19 1194/541/19
f 134/21/110 135/17/110 817/17/110 816/21/110
f 444/433/444 445/440/444 1127/440/444 1126/433/444
f 184/229/445 185/231/445 867/231/445 866/229/445
f 42/121/446 43/122/446 725/122/446 724/121/446
f 120/18/19 121/22/19 803/22/19 802/18/19
f 231/332/3 232/333/3 914/333/3 913/332/3
f 541/641/447 542/647/447 1224/647/447 1223/641/447
f 585/545/19 586/544/19 1268/544/19 1267/545/19
f 43/122/448 44/123/448 726/123/448 725/122/448
f 466/441/449 467/437/449 1149/437/449 1148/441/449
f 232/333/3 233/334/3 915/334/3 914/333/3
f 211/232/450 212/230/450 894/230/450 893/232/450
f 44/123/451 45/103/451 727/103/451 726/123/451
f 584/537/2 585/545/2 1267/545/2 1266/537/2
f 3/23/110 4/19/110 686/19/110 685/23/110
f 185/231/452 186/233/452 868/233/452 867/231/452
f 641/648/453 642/642/453 1324/642/453 1323/648/453
f 92/116/454 93/124/454 775/124/454 774/116/454
f 1/20/19 2/24/19 684/24/19 683/20/19
f 233/334/3 234/335/3 916/335/3 915/334/3
f 266/235/455 267/234/455 949/234/455 948/235/455
f 567/649/456 568/643/456 1250/643/456 1249/649/456
f 664/546/2 665/539/2 1347/539/2 1346/546/2
f 20/1/457 21/25/457 703/25/457 702/1/457
f 415/443/2 416/418/2 1098/418/2 1097/443/2
f 234/335/3 235/336/3 917/336/3 916/335/3
f 606/645/458 607/650/458 1289/650/458 1288/645/458
f 104/125/459 105/119/459 787/119/459 786/125/459
f 413/442/3 414/444/3 1096/444/3 1095/442/3
f 265/236/460 266/235/460 948/235/460 947/236/460
f 663/547/110 664/546/110 1346/546/110 1345/547/110
f 414/444/110 415/443/110 1097/443/110 1096/444/110
f 235/336/3 236/337/3 918/337/3 917/336/3
f 103/126/461 104/125/461 786/125/461 785/126/461
f 586/544/3 587/548/3 1269/548/3 1268/544/3
f 133/26/462 134/21/462 816/21/462 815/26/462
f 264/237/463 265/236/463 947/236/463 946/237/463
f 640/651/464 641/648/464 1323/648/464 1322/651/464
f 396/445/465 397/438/465 1079/438/465 1078/445/465
f 236/337/3 237/338/3 919/338/3 918/337/3
f 542/647/466 543/652/466 1225/652/466 1224/647/466
f 102/127/467 103/126/467 785/126/467 784/127/467
f 587/548/468 588/549/468 1270/549/468 1269/548/468
f 132/27/469 133/26/469 815/26/469 814/27/469
f 263/238/470 264/237/470 946/237/470 945/238/470
f 93/124/471 94/128/471 776/128/471 775/124/471
f 465/446/472 466/441/472 1148/441/472 1147/446/472
f 237/338/3 238/339/3 920/339/3 919/338/3
f 131/28/473 132/27/473 814/27/473 813/28/473
f 381/439/474 382/447/474 1064/447/474 1063/439/474
f 262/239/475 263/238/475 945/238/475 944/239/475
f 566/653/476 567/649/476 1249/649/476 1248/653/476
f 662/550/3 663/547/3 1345/547/3 1344/550/3
f 238/339/3 239/340/3 921/340/3 920/339/3
f 101/129/477 102/127/477 784/127/477 783/129/477
f 130/29/478 131/28/478 813/28/478 812/29/478
f 382/447/479 383/448/479 1065/448/479 1064/447/479
f 210/240/480 211/232/480 893/232/480 892/240/480
f 612/654/481 613/644/481 1295/644/481 1294/654/481
f 661/551/482 662/550/482 1344/550/482 1343/551/482
f 21/25/483 22/30/483 704/30/483 703/25/483
f 239/340/3 240/341/3 922/341/3 921/340/3
f 186/233/484 187/241/484 869/241/484 868/233/484
f 607/650/485 608/655/485 1290/655/485 1289/650/485
f 100/130/486 101/129/486 783/129/486 782/130/486
f 660/552/487 661/551/487 1343/551/487 1342/552/487
f 464/449/488 465/446/488 1147/446/488 1146/449/488
f 240/341/3 241/342/3 923/342/3 922/341/3
f 637/646/489 638/656/489 1320/656/489 1319/646/489
f 99/131/490 100/130/490 782/130/490 781/131/490
f 588/549/491 589/553/491 1271/553/491 1270/549/491
f 129/31/492 130/29/492 812/29/492 811/31/492
f 445/440/493 446/450/493 1128/450/493 1127/440/493
f 241/342/3 242/330/3 924/330/3 923/342/3
f 261/242/494 262/239/494 944/239/494 943/242/494
f 638/656/495 639/657/495 1321/657/495 1320/656/495
f 161/344/496 136/343/496 818/343/496 843/344/496
f 98/132/497 99/131/497 781/131/497 780/132/497
f 128/32/498 129/31/498 811/31/498 810/32/498
f 260/243/499 261/242/499 943/242/499 942/243/499
f 639/657/500 640/651/500 1322/651/500 1321/657/500
f 395/451/501 396/445/501 1078/445/501 1077/451/501
f 160/345/502 161/344/502 843/344/502 842/345/502
f 543/652/398 544/658/398 1226/658/398 1225/652/398
f 97/133/503 98/132/503 780/132/503 779/133/503
f 127/33/504 128/32/504 810/32/504 809/33/504
f 383/448/505 384/452/505 1066/452/505 1065/448/505
f 259/244/506 260/243/506 942/243/506 941/244/506
f 659/555/507 660/552/507 1342/552/507 1341/555/507
f 159/346/508 160/345/508 842/345/508 841/346/508
f 96/134/509 97/133/509 779/133/509 778/134/509
f 126/34/510 127/33/510 809/33/510 808/34/510
f 446/450/511 447/453/511 1129/453/511 1128/450/511
f 258/245/512 259/244/512 941/244/512 940/245/512
f 565/659/513 566/653/513 1248/653/513 1247/659/513
f 94/128/514 95/135/514 777/135/514 776/128/514
f 22/30/515 23/35/515 705/35/515 704/30/515
f 158/347/516 159/346/516 841/346/516 840/347/516
f 608/655/517 609/660/517 1291/660/517 1290/655/517
f 95/135/518 96/134/518 778/134/518 777/135/518
f 384/452/519 385/454/519 1067/454/519 1066/452/519
f 136/343/520 137/348/520 819/348/520 818/343/520
f 257/246/521 258/245/521 940/245/521 939/246/521
f 319/137/522 320/136/522 1002/136/522 1001/137/522
f 625/557/110 626/554/110 1308/554/110 1307/557/110
f 626/554/523 627/558/523 1309/558/523 1308/554/523
f 125/36/524 126/34/524 808/34/524 807/36/524
f 256/247/525 257/246/525 939/246/525 938/247/525
f 564/661/526 565/659/526 1247/659/526 1246/661/526
f 318/138/527 319/137/527 1001/137/527 1000/138/527
f 463/455/528 464/449/528 1146/449/528 1145/455/528
f 157/349/529 158/347/529 840/347/529 839/349/529
f 267/234/530 268/248/530 950/248/530 949/234/530
f 544/658/531 545/662/531 1227/662/531 1226/658/531
f 345/140/532 346/139/532 1028/139/532 1027/140/532
f 589/553/533 590/559/533 1272/559/533 1271/553/533
f 124/37/534 125/36/534 807/36/534 806/37/534
f 447/453/535 448/456/535 1130/456/535 1129/453/535
f 137/348/536 138/350/536 820/350/536 819/348/536
f 609/660/537 610/663/537 1292/663/537 1291/660/537
f 344/141/538 345/140/538 1027/140/538 1026/141/538
f 123/38/539 124/37/539 806/37/539 805/38/539
f 385/454/540 386/457/540 1068/457/540 1067/454/540
