# Blender 4.4.1
# www.blender.org
mtllib PushToB.mtl
o テキスト
v 0.143200 0.682000 -3.880000
v 0.143200 0.680219 -3.915012
v 0.143200 0.675083 -3.946597
v 0.143200 0.666906 -3.974828
v 0.143200 0.656000 -3.999778
v 0.143200 0.642677 -4.021519
v 0.143200 0.627250 -4.040125
v 0.143200 0.610031 -4.055668
v 0.143200 0.591333 -4.068222
v 0.143200 0.571469 -4.077859
v 0.143200 0.550750 -4.084653
v 0.143200 0.529490 -4.088675
v 0.143200 0.508000 -4.090000
v 0.143200 0.490766 -4.089309
v 0.143200 0.474546 -4.087226
v 0.143200 0.459312 -4.083734
v 0.143200 0.445037 -4.078815
v 0.143200 0.431692 -4.072451
v 0.143200 0.419250 -4.064625
v 0.143200 0.407683 -4.055320
v 0.143200 0.396963 -4.044518
v 0.143200 0.387063 -4.032203
v 0.143200 0.377954 -4.018357
v 0.143200 0.369609 -4.002962
v 0.143200 0.362000 -3.986000
v 0.143200 0.360000 -3.986000
v 0.143200 0.354263 -4.010654
v 0.143200 0.346606 -4.033565
v 0.143200 0.337109 -4.054657
v 0.143200 0.325852 -4.073852
v 0.143200 0.312914 -4.091075
v 0.143200 0.298375 -4.106250
v 0.143200 0.282315 -4.119300
v 0.143200 0.264815 -4.130148
v 0.143200 0.245953 -4.138719
v 0.143200 0.225810 -4.144936
v 0.143200 0.204466 -4.148722
v 0.143200 0.182000 -4.150001
v 0.143200 0.160773 -4.148662
v 0.143200 0.139352 -4.144542
v 0.143200 0.118125 -4.137485
v 0.143200 0.097481 -4.127334
v 0.143200 0.077810 -4.113933
v 0.143200 0.059500 -4.097126
v 0.143200 0.042940 -4.076756
v 0.143200 0.028519 -4.052667
v 0.143200 0.016625 -4.024704
v 0.143200 0.007648 -3.992709
v 0.143200 0.001977 -3.956527
v 0.143200 -0.000000 -3.916000
v 0.143200 -0.000000 -3.682000
v 0.143200 0.682000 -3.682000
v 0.143200 0.390000 -3.845000
v 0.143200 0.390751 -3.868210
v 0.143200 0.393005 -3.889348
v 0.143200 0.396766 -3.908422
v 0.143200 0.402037 -3.925445
v 0.143200 0.408822 -3.940426
v 0.143200 0.417125 -3.953375
v 0.143200 0.426948 -3.964304
v 0.143200 0.438296 -3.973222
v 0.143200 0.451172 -3.980141
v 0.143200 0.465579 -3.985070
v 0.143200 0.481520 -3.988019
v 0.143200 0.499000 -3.989000
v 0.143200 0.511583 -3.988378
v 0.143200 0.523745 -3.986435
v 0.143200 0.535359 -3.983063
v 0.143200 0.546296 -3.978148
v 0.143200 0.556428 -3.971581
v 0.143200 0.565625 -3.963250
v 0.143200 0.573760 -3.953044
v 0.143200 0.580704 -3.940852
v 0.143200 0.586328 -3.926563
v 0.143200 0.590505 -3.910065
v 0.143200 0.593105 -3.891248
v 0.143200 0.594000 -3.870000
v 0.143200 0.594000 -3.780000
v 0.143200 0.390000 -3.780000
v 0.143200 0.088000 -3.903000
v 0.143200 0.089151 -3.930031
v 0.143200 0.092458 -3.953746
v 0.143200 0.097703 -3.974329
v 0.143200 0.104667 -3.991964
v 0.143200 0.113130 -4.006835
v 0.143200 0.122875 -4.019125
v 0.143200 0.133682 -4.029021
v 0.143200 0.145333 -4.036704
v 0.143200 0.157609 -4.042360
v 0.143200 0.170292 -4.046172
v 0.143200 0.183161 -4.048324
v 0.143200 0.196000 -4.049000
v 0.143200 0.211110 -4.047996
v 0.143200 0.225380 -4.044968
v 0.143200 0.238719 -4.039891
v 0.143200 0.251037 -4.032741
v 0.143200 0.262244 -4.023494
v 0.143200 0.272250 -4.012125
v 0.143200 0.280964 -3.998610
v 0.143200 0.288296 -3.982926
v 0.143200 0.294156 -3.965047
v 0.143200 0.298454 -3.944949
v 0.143200 0.301098 -3.922608
v 0.143200 0.302000 -3.898000
v 0.143200 0.302000 -3.780000
v 0.143200 0.088000 -3.780000
v 0.143200 0.194487 -3.290969
v 0.143200 0.162065 -3.285000
v 0.143200 0.131906 -3.275282
v 0.143200 0.104185 -3.262000
v 0.143200 0.079075 -3.245344
v 0.143200 0.056750 -3.225500
v 0.143200 0.037383 -3.202657
v 0.143200 0.021148 -3.177000
v 0.143200 0.008219 -3.148719
v 0.143200 -0.001231 -3.118000
v 0.143200 -0.007029 -3.085032
v 0.143200 -0.009000 -3.050000
v 0.143200 -0.006953 -3.016347
v 0.143200 -0.000954 -2.984528
v 0.143200 0.008781 -2.954750
v 0.143200 0.022037 -2.927222
v 0.143200 0.038598 -2.902153
v 0.143200 0.058250 -2.879750
v 0.143200 0.080777 -2.860223
v 0.143200 0.105963 -2.843778
v 0.143200 0.133594 -2.830625
v 0.143200 0.163454 -2.820972
v 0.143200 0.195328 -2.815028
v 0.143200 0.229000 -2.813000
v 0.143200 0.260605 -2.815104
v 0.143200 0.290755 -2.821250
v 0.143200 0.319203 -2.831187
v 0.143200 0.345704 -2.844667
v 0.143200 0.370010 -2.861438
v 0.143200 0.391875 -2.881250
v 0.143200 0.411053 -2.903854
v 0.143200 0.427296 -2.929000
v 0.143200 0.440359 -2.956438
v 0.143200 0.449995 -2.985917
v 0.143200 0.455958 -3.017188
v 0.143200 0.458000 -3.050000
v 0.143200 0.456034 -3.084402
v 0.143200 0.450273 -3.116959
v 0.143200 0.440922 -3.147454
v 0.143200 0.428185 -3.175667
v 0.143200 0.412268 -3.201381
v 0.143200 0.393375 -3.224375
v 0.143200 0.371711 -3.244433
v 0.143200 0.347482 -3.261334
v 0.143200 0.320891 -3.274860
v 0.143200 0.292144 -3.284792
v 0.143200 0.261445 -3.290912
v 0.143200 0.229000 -3.293000
v 0.143200 0.205935 -2.905211
v 0.143200 0.184310 -2.908769
v 0.143200 0.164234 -2.914563
v 0.143200 0.145815 -2.922482
v 0.143200 0.129159 -2.932415
v 0.143200 0.114375 -2.944250
v 0.143200 0.101570 -2.957877
v 0.143200 0.090852 -2.973185
v 0.143200 0.082328 -2.990063
v 0.143200 0.076106 -3.008398
v 0.143200 0.072295 -3.028081
v 0.143200 0.071000 -3.049000
v 0.143200 0.072237 -3.071757
v 0.143200 0.075894 -3.092973
v 0.143200 0.081891 -3.112563
v 0.143200 0.090148 -3.130445
v 0.143200 0.100586 -3.146535
v 0.143200 0.113125 -3.160750
v 0.143200 0.127685 -3.173007
v 0.143200 0.144185 -3.183222
v 0.143200 0.162547 -3.191313
v 0.143200 0.182690 -3.197195
v 0.143200 0.204534 -3.200785
v 0.143200 0.228000 -3.202000
v 0.143200 0.249227 -3.200689
v 0.143200 0.269320 -3.196847
v 0.143200 0.288141 -3.190609
v 0.143200 0.305556 -3.182111
v 0.143200 0.321429 -3.171488
v 0.143200 0.335625 -3.158875
v 0.143200 0.348009 -3.144408
v 0.143200 0.358444 -3.128222
v 0.143200 0.366797 -3.110453
v 0.143200 0.372931 -3.091236
v 0.143200 0.376710 -3.070707
v 0.143200 0.378000 -3.049000
v 0.143200 0.376711 -3.028501
v 0.143200 0.372935 -3.009093
v 0.143200 0.366813 -2.990906
v 0.143200 0.358482 -2.974074
v 0.143200 0.348081 -2.958728
v 0.143200 0.335750 -2.945000
v 0.143200 0.321627 -2.933022
v 0.143200 0.305852 -2.922926
v 0.143200 0.288563 -2.914844
v 0.143200 0.269898 -2.908908
v 0.143200 0.249998 -2.905249
v 0.143200 0.229000 -2.904000
v 0.143200 0.594000 -2.524000
v 0.143200 -0.000000 -2.524000
v 0.143200 -0.000000 -2.426000
v 0.143200 0.594000 -2.426000
v 0.143200 0.594000 -2.190000
v 0.143200 0.682000 -2.190000
v 0.143200 0.682000 -2.760000
v 0.143200 0.594000 -2.760000
v 0.143200 0.390000 -1.547000
v 0.143200 0.400371 -1.555824
v 0.143200 0.409968 -1.565259
v 0.143200 0.418766 -1.575250
v 0.143200 0.426741 -1.585741
v 0.143200 0.433869 -1.596676
v 0.143200 0.440125 -1.608000
v 0.143200 0.445486 -1.619657
v 0.143200 0.449926 -1.631593
v 0.143200 0.453422 -1.643750
v 0.143200 0.455949 -1.656074
v 0.143200 0.457483 -1.668509
v 0.143200 0.458000 -1.681000
v 0.143200 0.456748 -1.702497
v 0.143200 0.452986 -1.722889
v 0.143200 0.446703 -1.742031
v 0.143200 0.437889 -1.759778
v 0.143200 0.426533 -1.775983
v 0.143200 0.412625 -1.790500
v 0.143200 0.396155 -1.803184
v 0.143200 0.377111 -1.813889
v 0.143200 0.355484 -1.822469
v 0.143200 0.331264 -1.828778
v 0.143200 0.304439 -1.832670
v 0.143200 0.275000 -1.834000
v 0.143200 -0.000000 -1.834000
v 0.143200 -0.000000 -1.745000
v 0.143200 0.278000 -1.745000
v 0.143200 0.294009 -1.744300
v 0.143200 0.308991 -1.742232
v 0.143200 0.322875 -1.738844
v 0.143200 0.335593 -1.734185
v 0.143200 0.347074 -1.728305
v 0.143200 0.357250 -1.721250
v 0.143200 0.366051 -1.713071
v 0.143200 0.373407 -1.703815
v 0.143200 0.379250 -1.693531
v 0.143200 0.383509 -1.682269
v 0.143200 0.386116 -1.670075
v 0.143200 0.387000 -1.657000
v 0.143200 0.386619 -1.647406
v 0.143200 0.385449 -1.638079
v 0.143200 0.383453 -1.628953
v 0.143200 0.380593 -1.619963
v 0.143200 0.376829 -1.611042
v 0.143200 0.372125 -1.602125
v 0.143200 0.366442 -1.593145
v 0.143200 0.359741 -1.584037
v 0.143200 0.351984 -1.574734
v 0.143200 0.343134 -1.565171
v 0.143200 0.333152 -1.555282
v 0.143200 0.322000 -1.545000
v 0.143200 -0.000000 -1.545000
v 0.143200 -0.000000 -1.456000
v 0.143200 0.682000 -1.456000
v 0.143200 0.682000 -1.545000
v 0.143200 0.390000 -1.545000
v 0.143200 0.340857 -1.321569
v 0.143200 0.347940 -1.309301
v 0.143200 0.354266 -1.297234
v 0.143200 0.359852 -1.285407
v 0.143200 0.364716 -1.273858
v 0.143200 0.368875 -1.262625
v 0.143200 0.372347 -1.251746
v 0.143200 0.375148 -1.241259
v 0.143200 0.377297 -1.231203
v 0.143200 0.378810 -1.221616
v 0.143200 0.379705 -1.212535
v 0.143200 0.380000 -1.204000
v 0.143200 0.379652 -1.195277
v 0.143200 0.378630 -1.187130
v 0.143200 0.376969 -1.179594
v 0.143200 0.374704 -1.172704
v 0.143200 0.371869 -1.166494
v 0.143200 0.368500 -1.161000
v 0.143200 0.364631 -1.156256
v 0.143200 0.360296 -1.152296
v 0.143200 0.355531 -1.149156
v 0.143200 0.350370 -1.146870
v 0.143200 0.344848 -1.145473
v 0.143200 0.339000 -1.145000
v 0.143200 0.333906 -1.145636
v 0.143200 0.328583 -1.147588
v 0.143200 0.322969 -1.150922
v 0.143200 0.317000 -1.155704
v 0.143200 0.310615 -1.161999
v 0.143200 0.303750 -1.169875
v 0.143200 0.296344 -1.179396
v 0.143200 0.288333 -1.190629
v 0.143200 0.279656 -1.203640
v 0.143200 0.270250 -1.218495
v 0.143200 0.260052 -1.235260
v 0.143200 0.249000 -1.254000
v 0.143200 0.237106 -1.271532
v 0.143200 0.225847 -1.287176
v 0.143200 0.215109 -1.301000
v 0.143200 0.204778 -1.313074
v 0.143200 0.194738 -1.323468
v 0.143200 0.184875 -1.332250
v 0.143200 0.175075 -1.339491
v 0.143200 0.165222 -1.345259
v 0.143200 0.155203 -1.349625
v 0.143200 0.144903 -1.352657
v 0.143200 0.134207 -1.354426
v 0.143200 0.123000 -1.355000
v 0.143200 0.103807 -1.353711
v 0.143200 0.085792 -1.349940
v 0.143200 0.069047 -1.343828
v 0.143200 0.053667 -1.335518
v 0.143200 0.039745 -1.325153
v 0.143200 0.027375 -1.312875
v 0.143200 0.016651 -1.298826
v 0.143200 0.007667 -1.283148
v 0.143200 0.000516 -1.265984
v 0.143200 -0.004708 -1.247477
v 0.143200 -0.007911 -1.227768
v 0.143200 -0.009000 -1.207000
v 0.143200 -0.008766 -1.193484
v 0.143200 -0.008046 -1.180375
v 0.143200 -0.006812 -1.167578
v 0.143200 -0.005037 -1.155000
v 0.143200 -0.002692 -1.142547
v 0.143200 0.000250 -1.130125
v 0.143200 0.003817 -1.117640
v 0.143200 0.008037 -1.105000
v 0.143200 0.012937 -1.092109
v 0.143200 0.018546 -1.078875
v 0.143200 0.024891 -1.065203
v 0.143200 0.032000 -1.051000
v 0.143200 0.128000 -1.051000
v 0.143200 0.118436 -1.065389
v 0.143200 0.109741 -1.079528
v 0.143200 0.101906 -1.093375
v 0.143200 0.094926 -1.106889
v 0.143200 0.088793 -1.120028
v 0.143200 0.083500 -1.132750
v 0.143200 0.079041 -1.145014
v 0.143200 0.075407 -1.156778
v 0.143200 0.072594 -1.168000
v 0.143200 0.070593 -1.178639
v 0.143200 0.069397 -1.188653
v 0.143200 0.069000 -1.198000
v 0.143200 0.069812 -1.206861
v 0.143200 0.071250 -1.215389
v 0.143200 0.073312 -1.223500
v 0.143200 0.076000 -1.231111
v 0.143200 0.079312 -1.238139
v 0.143200 0.083250 -1.244500
v 0.143200 0.087812 -1.250111
v 0.143200 0.093000 -1.254889
v 0.143200 0.098812 -1.258750
v 0.143200 0.105250 -1.261611
v 0.143200 0.112312 -1.263389
v 0.143200 0.120000 -1.264000
v 0.143200 0.134964 -1.259868
v 0.143200 0.149125 -1.248445
v 0.143200 0.162891 -1.231188
v 0.143200 0.176667 -1.209556
v 0.143200 0.190859 -1.185007
v 0.143200 0.205875 -1.159000
v 0.143200 0.222120 -1.132993
v 0.143200 0.240000 -1.108444
v 0.143200 0.259922 -1.086812
v 0.143200 0.282292 -1.069556
v 0.143200 0.307516 -1.058132
v 0.143200 0.336000 -1.054000
v 0.143200 0.354366 -1.055193
v 0.143200 0.371426 -1.058713
v 0.143200 0.387125 -1.064469
v 0.143200 0.401407 -1.072370
v 0.143200 0.414218 -1.082327
v 0.143200 0.425500 -1.094250
v 0.143200 0.435199 -1.108047
v 0.143200 0.443259 -1.123630
v 0.143200 0.449625 -1.140906
v 0.143200 0.454241 -1.159787
v 0.143200 0.457051 -1.180182
v 0.143200 0.458000 -1.202000
v 0.143200 0.457749 -1.212522
v 0.143200 0.456995 -1.223097
v 0.143200 0.455734 -1.233734
v 0.143200 0.453963 -1.244444
v 0.143200 0.451678 -1.255238
v 0.143200 0.448875 -1.266125
v 0.143200 0.445552 -1.277116
v 0.143200 0.441704 -1.288222
v 0.143200 0.437328 -1.299453
v 0.143200 0.432421 -1.310819
v 0.143200 0.426980 -1.322332
v 0.143200 0.421000 -1.334000
v 0.143200 0.333000 -1.334000
v 0.143200 0.057000 -0.858000
v 0.143200 0.047299 -0.848451
v 0.143200 0.038222 -0.838357
v 0.143200 0.029812 -0.827797
v 0.143200 0.022111 -0.816852
v 0.143200 0.015160 -0.805601
v 0.143200 0.009000 -0.794125
v 0.143200 0.003674 -0.782503
v 0.143200 -0.000778 -0.770815
v 0.143200 -0.004313 -0.759141
v 0.143200 -0.006889 -0.747560
v 0.143200 -0.008465 -0.736153
v 0.143200 -0.009000 -0.725000
v 0.143200 -0.007655 -0.702834
v 0.143200 -0.003657 -0.681921
v 0.143200 0.002938 -0.662391
v 0.143200 0.012074 -0.644370
v 0.143200 0.023697 -0.627989
v 0.143200 0.037750 -0.613375
v 0.143200 0.054178 -0.600657
v 0.143200 0.072926 -0.589963
v 0.143200 0.093938 -0.581422
v 0.143200 0.117157 -0.575162
v 0.143200 0.142530 -0.571312
v 0.143200 0.170000 -0.570000
v 0.143200 0.449000 -0.570000
v 0.143200 0.449000 -0.659000
v 0.143200 0.164000 -0.659000
v 0.143200 0.148818 -0.659645
v 0.143200 0.134792 -0.661579
v 0.143200 0.121953 -0.664797
v 0.143200 0.110333 -0.669296
v 0.143200 0.099964 -0.675074
v 0.143200 0.090875 -0.682125
v 0.143200 0.083099 -0.690447
v 0.143200 0.076667 -0.700037
v 0.143200 0.071609 -0.710891
v 0.143200 0.067958 -0.723005
v 0.143200 0.065745 -0.736376
v 0.143200 0.065000 -0.751000
v 0.143200 0.065457 -0.760954
v 0.143200 0.066819 -0.770801
v 0.143200 0.069078 -0.780516
v 0.143200 0.072222 -0.790074
v 0.143200 0.076241 -0.799452
v 0.143200 0.081125 -0.808625
v 0.143200 0.086863 -0.817569
v 0.143200 0.093444 -0.826259
v 0.143200 0.100859 -0.834672
v 0.143200 0.109097 -0.842782
v 0.143200 0.118148 -0.850567
v 0.143200 0.128000 -0.858000
v 0.143200 0.449000 -0.858000
v 0.143200 0.449000 -0.947000
v 0.143200 -0.000000 -0.947000
v 0.143200 -0.000000 -0.858000
v 0.143200 0.680206 -0.318570
v 0.143200 0.674982 -0.350810
v 0.143200 0.666563 -0.379766
v 0.143200 0.655185 -0.405482
v 0.143200 0.641086 -0.428003
v 0.143200 0.624500 -0.447375
v 0.143200 0.605664 -0.463643
v 0.143200 0.584815 -0.476852
v 0.143200 0.562188 -0.487047
v 0.143200 0.538019 -0.494273
v 0.143200 0.512544 -0.498576
v 0.143200 0.486000 -0.500000
v 0.143200 0.459765 -0.498492
v 0.143200 0.434699 -0.493935
v 0.143200 0.411016 -0.486281
v 0.143200 0.388926 -0.475481
v 0.143200 0.368642 -0.461487
v 0.143200 0.350375 -0.444250
v 0.143200 0.334337 -0.423721
v 0.143200 0.320741 -0.399852
v 0.143200 0.309797 -0.372594
v 0.143200 0.301718 -0.341898
v 0.143200 0.296715 -0.307716
v 0.143200 0.295000 -0.270000
v 0.143200 0.295000 -0.168000
v 0.143200 -0.000000 -0.168000
v 0.143200 -0.000000 -0.070000
v 0.143200 0.682000 -0.070000
v 0.143200 0.682000 -0.283000
v 0.143200 0.383000 -0.279000
v 0.143200 0.383807 -0.296696
v 0.143200 0.386204 -0.313236
v 0.143200 0.390156 -0.328547
v 0.143200 0.395630 -0.342556
v 0.143200 0.402589 -0.355189
v 0.143200 0.411000 -0.366375
v 0.143200 0.420828 -0.376040
v 0.143200 0.432037 -0.384111
v 0.143200 0.444594 -0.390516
v 0.143200 0.458463 -0.395181
v 0.143200 0.473610 -0.398033
v 0.143200 0.490000 -0.399000
v 0.143200 0.502550 -0.398417
v 0.143200 0.515065 -0.396588
v 0.143200 0.527344 -0.393391
v 0.143200 0.539185 -0.388704
v 0.143200 0.550388 -0.382406
v 0.143200 0.560750 -0.374375
v 0.143200 0.570071 -0.364490
v 0.143200 0.578148 -0.352630
v 0.143200 0.584781 -0.338672
v 0.143200 0.589769 -0.322495
v 0.143200 0.592909 -0.303979
v 0.143200 0.594000 -0.283000
v 0.143200 0.594000 -0.168000
v 0.143200 0.383000 -0.168000
v -0.143200 0.682000 -3.880000
v -0.143200 0.680219 -3.915012
v -0.143200 0.675083 -3.946597
v -0.143200 0.666906 -3.974828
v -0.143200 0.656000 -3.999778
v -0.143200 0.642677 -4.021519
v -0.143200 0.627250 -4.040125
v -0.143200 0.610031 -4.055668
v -0.143200 0.591333 -4.068222
v -0.143200 0.571469 -4.077859
v -0.143200 0.550750 -4.084653
v -0.143200 0.529490 -4.088675
v -0.143200 0.508000 -4.090000
v -0.143200 0.490766 -4.089309
v -0.143200 0.474546 -4.087226
v -0.143200 0.459312 -4.083734
v -0.143200 0.445037 -4.078815
v -0.143200 0.431692 -4.072451
v -0.143200 0.419250 -4.064625
v -0.143200 0.407683 -4.055320
v -0.143200 0.396963 -4.044518
v -0.143200 0.387063 -4.032203
v -0.143200 0.377954 -4.018357
v -0.143200 0.369609 -4.002962
v -0.143200 0.362000 -3.986000
v -0.143200 0.360000 -3.986000
v -0.143200 0.354263 -4.010654
v -0.143200 0.346606 -4.033565
v -0.143200 0.337109 -4.054657
v -0.143200 0.325852 -4.073852
v -0.143200 0.312914 -4.091075
v -0.143200 0.298375 -4.106250
v -0.143200 0.282315 -4.119300
v -0.143200 0.264815 -4.130148
v -0.143200 0.245953 -4.138719
v -0.143200 0.225810 -4.144936
v -0.143200 0.204466 -4.148722
v -0.143200 0.182000 -4.150001
v -0.143200 0.160773 -4.148662
v -0.143200 0.139352 -4.144542
v -0.143200 0.118125 -4.137485
v -0.143200 0.097481 -4.127334
v -0.143200 0.077810 -4.113933
v -0.143200 0.059500 -4.097126
v -0.143200 0.042940 -4.076756
v -0.143200 0.028519 -4.052667
v -0.143200 0.016625 -4.024704
v -0.143200 0.007648 -3.992709
v -0.143200 0.001977 -3.956527
v -0.143200 0.000000 -3.916000
v -0.143200 0.000000 -3.682000
v -0.143200 0.682000 -3.682000
v -0.143200 0.390000 -3.845000
v -0.143200 0.390751 -3.868210
v -0.143200 0.393005 -3.889348
v -0.143200 0.396766 -3.908422
v -0.143200 0.402037 -3.925445
v -0.143200 0.408822 -3.940426
v -0.143200 0.417125 -3.953375
v -0.143200 0.426948 -3.964304
v -0.143200 0.438296 -3.973222
v -0.143200 0.451172 -3.980141
v -0.143200 0.465579 -3.985070
v -0.143200 0.481520 -3.988019
v -0.143200 0.499000 -3.989000
v -0.143200 0.511583 -3.988378
v -0.143200 0.523745 -3.986435
v -0.143200 0.535359 -3.983063
v -0.143200 0.546296 -3.978148
v -0.143200 0.556428 -3.971581
v -0.143200 0.565625 -3.963250
v -0.143200 0.573760 -3.953044
v -0.143200 0.580704 -3.940852
v -0.143200 0.586328 -3.926563
v -0.143200 0.590505 -3.910065
v -0.143200 0.593105 -3.891248
v -0.143200 0.594000 -3.870000
v -0.143200 0.594000 -3.780000
v -0.143200 0.390000 -3.780000
v -0.143200 0.088000 -3.903000
v -0.143200 0.089151 -3.930031
v -0.143200 0.092458 -3.953746
v -0.143200 0.097703 -3.974329
v -0.143200 0.104667 -3.991964
v -0.143200 0.113130 -4.006835
v -0.143200 0.122875 -4.019125
v -0.143200 0.133682 -4.029021
v -0.143200 0.145333 -4.036704
v -0.143200 0.157609 -4.042360
v -0.143200 0.170292 -4.046172
v -0.143200 0.183161 -4.048324
v -0.143200 0.196000 -4.049000
v -0.143200 0.211110 -4.047996
v -0.143200 0.225380 -4.044968
v -0.143200 0.238719 -4.039891
v -0.143200 0.251037 -4.032741
v -0.143200 0.262244 -4.023494
v -0.143200 0.272250 -4.012125
v -0.143200 0.280964 -3.998610
v -0.143200 0.288296 -3.982926
v -0.143200 0.294156 -3.965047
v -0.143200 0.298454 -3.944949
v -0.143200 0.301098 -3.922608
v -0.143200 0.302000 -3.898000
v -0.143200 0.302000 -3.780000
v -0.143200 0.088000 -3.780000
v -0.143200 0.194487 -3.290969
v -0.143200 0.162065 -3.285000
v -0.143200 0.131906 -3.275282
v -0.143200 0.104185 -3.262000
v -0.143200 0.079075 -3.245344
v -0.143200 0.056750 -3.225500
v -0.143200 0.037383 -3.202657
v -0.143200 0.021148 -3.177000
v -0.143200 0.008219 -3.148719
v -0.143200 -0.001231 -3.118000
v -0.143200 -0.007029 -3.085032
v -0.143200 -0.009000 -3.050000
v -0.143200 -0.006953 -3.016347
v -0.143200 -0.000954 -2.984528
v -0.143200 0.008781 -2.954750
v -0.143200 0.022037 -2.927222
v -0.143200 0.038598 -2.902153
v -0.143200 0.058250 -2.879750
v -0.143200 0.080777 -2.860223
v -0.143200 0.105963 -2.843778
v -0.143200 0.133594 -2.830625
v -0.143200 0.163454 -2.820972
v -0.143200 0.195328 -2.815028
v -0.143200 0.229000 -2.813000
v -0.143200 0.260605 -2.815104
v -0.143200 0.290755 -2.821250
v -0.143200 0.319203 -2.831187
v -0.143200 0.345704 -2.844667
v -0.143200 0.370010 -2.861438
v -0.143200 0.391875 -2.881250
v -0.143200 0.411053 -2.903854
v -0.143200 0.427296 -2.929000
v -0.143200 0.440359 -2.956438
v -0.143200 0.449995 -2.985917
v -0.143200 0.455958 -3.017188
v -0.143200 0.458000 -3.050000
v -0.143200 0.456034 -3.084402
v -0.143200 0.450273 -3.116959
v -0.143200 0.440922 -3.147454
v -0.143200 0.428185 -3.175667
v -0.143200 0.412268 -3.201381
v -0.143200 0.393375 -3.224375
v -0.143200 0.371711 -3.244433
v -0.143200 0.347482 -3.261334
v -0.143200 0.320891 -3.274860
v -0.143200 0.292144 -3.284792
v -0.143200 0.261445 -3.290912
v -0.143200 0.229000 -3.293000
v -0.143200 0.205935 -2.905211
v -0.143200 0.184310 -2.908769
v -0.143200 0.164234 -2.914563
v -0.143200 0.145815 -2.922482
v -0.143200 0.129159 -2.932415
v -0.143200 0.114375 -2.944250
v -0.143200 0.101570 -2.957877
v -0.143200 0.090852 -2.973185
v -0.143200 0.082328 -2.990063
v -0.143200 0.076106 -3.008398
v -0.143200 0.072295 -3.028081
v -0.143200 0.071000 -3.049000
v -0.143200 0.072237 -3.071757
v -0.143200 0.075894 -3.092973
v -0.143200 0.081891 -3.112563
v -0.143200 0.090148 -3.130445
v -0.143200 0.100586 -3.146535
v -0.143200 0.113125 -3.160750
v -0.143200 0.127685 -3.173007
v -0.143200 0.144185 -3.183222
v -0.143200 0.162547 -3.191313
v -0.143200 0.182690 -3.197195
v -0.143200 0.204534 -3.200785
v -0.143200 0.228000 -3.202000
v -0.143200 0.249227 -3.200689
v -0.143200 0.269320 -3.196847
v -0.143200 0.288141 -3.190609
v -0.143200 0.305556 -3.182111
v -0.143200 0.321429 -3.171488
v -0.143200 0.335625 -3.158875
v -0.143200 0.348009 -3.144408
v -0.143200 0.358444 -3.128222
v -0.143200 0.366797 -3.110453
v -0.143200 0.372931 -3.091236
v -0.143200 0.376710 -3.070707
v -0.143200 0.378000 -3.049000
v -0.143200 0.376711 -3.028501
v -0.143200 0.372935 -3.009093
v -0.143200 0.366813 -2.990906
v -0.143200 0.358482 -2.974074
v -0.143200 0.348081 -2.958728
v -0.143200 0.335750 -2.945000
v -0.143200 0.321627 -2.933022
v -0.143200 0.305852 -2.922926
v -0.143200 0.288563 -2.914844
v -0.143200 0.269898 -2.908908
v -0.143200 0.249998 -2.905249
v -0.143200 0.229000 -2.904000
v -0.143200 0.594000 -2.524000
v -0.143200 0.000000 -2.524000
v -0.143200 0.000000 -2.426000
v -0.143200 0.594000 -2.426000
v -0.143200 0.594000 -2.190000
v -0.143200 0.682000 -2.190000
v -0.143200 0.682000 -2.760000
v -0.143200 0.594000 -2.760000
v -0.143200 0.390000 -1.547000
v -0.143200 0.400371 -1.555824
v -0.143200 0.409968 -1.565259
v -0.143200 0.418766 -1.575250
v -0.143200 0.426741 -1.585741
v -0.143200 0.433869 -1.596676
v -0.143200 0.440125 -1.608000
v -0.143200 0.445486 -1.619657
v -0.143200 0.449926 -1.631593
v -0.143200 0.453422 -1.643750
v -0.143200 0.455949 -1.656074
v -0.143200 0.457483 -1.668509
v -0.143200 0.458000 -1.681000
v -0.143200 0.456748 -1.702497
v -0.143200 0.452986 -1.722889
v -0.143200 0.446703 -1.742031
v -0.143200 0.437889 -1.759778
v -0.143200 0.426533 -1.775983
v -0.143200 0.412625 -1.790500
v -0.143200 0.396155 -1.803184
v -0.143200 0.377111 -1.813889
v -0.143200 0.355484 -1.822469
v -0.143200 0.331264 -1.828778
v -0.143200 0.304439 -1.832670
v -0.143200 0.275000 -1.834000
v -0.143200 0.000000 -1.834000
v -0.143200 0.000000 -1.745000
v -0.143200 0.278000 -1.745000
v -0.143200 0.294009 -1.744300
v -0.143200 0.308991 -1.742232
v -0.143200 0.322875 -1.738844
v -0.143200 0.335593 -1.734185
v -0.143200 0.347074 -1.728305
v -0.143200 0.357250 -1.721250
v -0.143200 0.366051 -1.713071
v -0.143200 0.373407 -1.703815
v -0.143200 0.379250 -1.693531
v -0.143200 0.383509 -1.682269
v -0.143200 0.386116 -1.670075
v -0.143200 0.387000 -1.657000
v -0.143200 0.386619 -1.647406
v -0.143200 0.385449 -1.638079
v -0.143200 0.383453 -1.628953
v -0.143200 0.380593 -1.619963
v -0.143200 0.376829 -1.611042
v -0.143200 0.372125 -1.602125
v -0.143200 0.366442 -1.593145
v -0.143200 0.359741 -1.584037
v -0.143200 0.351984 -1.574734
v -0.143200 0.343134 -1.565171
v -0.143200 0.333152 -1.555282
v -0.143200 0.322000 -1.545000
v -0.143200 0.000000 -1.545000
v -0.143200 0.000000 -1.456000
v -0.143200 0.682000 -1.456000
v -0.143200 0.682000 -1.545000
v -0.143200 0.390000 -1.545000
v -0.143200 0.340857 -1.321569
v -0.143200 0.347940 -1.309301
v -0.143200 0.354266 -1.297234
v -0.143200 0.359852 -1.285407
v -0.143200 0.364716 -1.273858
v -0.143200 0.368875 -1.262625
v -0.143200 0.372347 -1.251746
v -0.143200 0.375148 -1.241259
v -0.143200 0.377297 -1.231203
v -0.143200 0.378810 -1.221616
v -0.143200 0.379705 -1.212535
v -0.143200 0.380000 -1.204000
v -0.143200 0.379652 -1.195277
v -0.143200 0.378630 -1.187130
v -0.143200 0.376969 -1.179594
v -0.143200 0.374704 -1.172704
v -0.143200 0.371869 -1.166494
v -0.143200 0.368500 -1.161000
v -0.143200 0.364631 -1.156256
v -0.143200 0.360296 -1.152296
v -0.143200 0.355531 -1.149156
v -0.143200 0.350370 -1.146870
v -0.143200 0.344848 -1.145473
v -0.143200 0.339000 -1.145000
v -0.143200 0.333906 -1.145636
v -0.143200 0.328583 -1.147588
v -0.143200 0.322969 -1.150922
v -0.143200 0.317000 -1.155704
v -0.143200 0.310615 -1.161999
v -0.143200 0.303750 -1.169875
v -0.143200 0.296344 -1.179396
v -0.143200 0.288333 -1.190629
v -0.143200 0.279656 -1.203640
v -0.143200 0.270250 -1.218495
v -0.143200 0.260052 -1.235260
v -0.143200 0.249000 -1.254000
v -0.143200 0.237106 -1.271532
v -0.143200 0.225847 -1.287176
v -0.143200 0.215109 -1.301000
v -0.143200 0.204778 -1.313074
v -0.143200 0.194738 -1.323468
v -0.143200 0.184875 -1.332250
v -0.143200 0.175075 -1.339491
v -0.143200 0.165222 -1.345259
v -0.143200 0.155203 -1.349625
v -0.143200 0.144903 -1.352657
v -0.143200 0.134207 -1.354426
v -0.143200 0.123000 -1.355000
v -0.143200 0.103807 -1.353711
v -0.143200 0.085792 -1.349940
v -0.143200 0.069047 -1.343828
v -0.143200 0.053667 -1.335518
v -0.143200 0.039745 -1.325153
v -0.143200 0.027375 -1.312875
v -0.143200 0.016651 -1.298826
v -0.143200 0.007667 -1.283148
v -0.143200 0.000516 -1.265984
v -0.143200 -0.004708 -1.247477
v -0.143200 -0.007911 -1.227768
v -0.143200 -0.009000 -1.207000
v -0.143200 -0.008766 -1.193484
v -0.143200 -0.008046 -1.180375
v -0.143200 -0.006812 -1.167578
v -0.143200 -0.005037 -1.155000
v -0.143200 -0.002692 -1.142547
v -0.143200 0.000250 -1.130125
v -0.143200 0.003817 -1.117640
v -0.143200 0.008037 -1.105000
v -0.143200 0.012938 -1.092109
v -0.143200 0.018546 -1.078875
v -0.143200 0.024891 -1.065203
v -0.143200 0.032000 -1.051000
v -0.143200 0.128000 -1.051000
v -0.143200 0.118436 -1.065389
v -0.143200 0.109741 -1.079528
v -0.143200 0.101906 -1.093375
v -0.143200 0.094926 -1.106889
v -0.143200 0.088793 -1.120028
v -0.143200 0.083500 -1.132750
v -0.143200 0.079041 -1.145014
v -0.143200 0.075407 -1.156778
v -0.143200 0.072594 -1.168000
v -0.143200 0.070593 -1.178639
v -0.143200 0.069397 -1.188653
v -0.143200 0.069000 -1.198000
v -0.143200 0.069813 -1.206861
v -0.143200 0.071250 -1.215389
v -0.143200 0.073313 -1.223500
v -0.143200 0.076000 -1.231111
v -0.143200 0.079313 -1.238139
v -0.143200 0.083250 -1.244500
v -0.143200 0.087813 -1.250111
v -0.143200 0.093000 -1.254889
v -0.143200 0.098813 -1.258750
v -0.143200 0.105250 -1.261611
v -0.143200 0.112313 -1.263389
v -0.143200 0.120000 -1.264000
v -0.143200 0.134964 -1.259868
v -0.143200 0.149125 -1.248445
v -0.143200 0.162891 -1.231188
v -0.143200 0.176667 -1.209556
v -0.143200 0.190859 -1.185007
v -0.143200 0.205875 -1.159000
v -0.143200 0.222120 -1.132993
v -0.143200 0.240000 -1.108444
v -0.143200 0.259922 -1.086812
v -0.143200 0.282292 -1.069556
v -0.143200 0.307516 -1.058132
v -0.143200 0.336000 -1.054000
v -0.143200 0.354366 -1.055193
v -0.143200 0.371426 -1.058713
v -0.143200 0.387125 -1.064469
v -0.143200 0.401407 -1.072370
v -0.143200 0.414218 -1.082327
v -0.143200 0.425500 -1.094250
v -0.143200 0.435199 -1.108047
v -0.143200 0.443259 -1.123630
v -0.143200 0.449625 -1.140906
v -0.143200 0.454241 -1.159787
v -0.143200 0.457051 -1.180182
v -0.143200 0.458000 -1.202000
v -0.143200 0.457749 -1.212522
v -0.143200 0.456995 -1.223097
v -0.143200 0.455734 -1.233734
v -0.143200 0.453963 -1.244444
v -0.143200 0.451678 -1.255238
v -0.143200 0.448875 -1.266125
v -0.143200 0.445552 -1.277116
v -0.143200 0.441704 -1.288222
v -0.143200 0.437328 -1.299453
v -0.143200 0.432421 -1.310819
v -0.143200 0.426980 -1.322332
v -0.143200 0.421000 -1.334000
v -0.143200 0.333000 -1.334000
v -0.143200 0.057000 -0.858000
v -0.143200 0.047299 -0.848451
v -0.143200 0.038222 -0.838357
v -0.143200 0.029813 -0.827797
v -0.143200 0.022111 -0.816852
v -0.143200 0.015160 -0.805601
v -0.143200 0.009000 -0.794125
v -0.143200 0.003674 -0.782503
v -0.143200 -0.000778 -0.770815
v -0.143200 -0.004312 -0.759141
v -0.143200 -0.006889 -0.747560
v -0.143200 -0.008465 -0.736153
v -0.143200 -0.009000 -0.725000
v -0.143200 -0.007655 -0.702834
v -0.143200 -0.003657 -0.681921
v -0.143200 0.002938 -0.662391
v -0.143200 0.012074 -0.644370
v -0.143200 0.023697 -0.627989
v -0.143200 0.037750 -0.613375
v -0.143200 0.054178 -0.600657
v -0.143200 0.072926 -0.589963
v -0.143200 0.093938 -0.581422
v -0.143200 0.117157 -0.575162
v -0.143200 0.142530 -0.571312
v -0.143200 0.170000 -0.570000
v -0.143200 0.449000 -0.570000
v -0.143200 0.449000 -0.659000
v -0.143200 0.164000 -0.659000
v -0.143200 0.148818 -0.659645
v -0.143200 0.134792 -0.661579
v -0.143200 0.121953 -0.664797
v -0.143200 0.110333 -0.669296
v -0.143200 0.099964 -0.675074
v -0.143200 0.090875 -0.682125
v -0.143200 0.083099 -0.690447
v -0.143200 0.076667 -0.700037
v -0.143200 0.071609 -0.710891
v -0.143200 0.067958 -0.723005
v -0.143200 0.065745 -0.736376
v -0.143200 0.065000 -0.751000
v -0.143200 0.065457 -0.760954
v -0.143200 0.066819 -0.770801
v -0.143200 0.069078 -0.780516
v -0.143200 0.072222 -0.790074
v -0.143200 0.076241 -0.799452
v -0.143200 0.081125 -0.808625
v -0.143200 0.086863 -0.817569
v -0.143200 0.093444 -0.826259
v -0.143200 0.100859 -0.834672
v -0.143200 0.109097 -0.842782
v -0.143200 0.118148 -0.850567
v -0.143200 0.128000 -0.858000
v -0.143200 0.449000 -0.858000
v -0.143200 0.449000 -0.947000
v -0.143200 0.000000 -0.947000
v -0.143200 0.000000 -0.858000
v -0.143200 0.680206 -0.318570
v -0.143200 0.674982 -0.350810
v -0.143200 0.666563 -0.379766
v -0.143200 0.655185 -0.405482
v -0.143200 0.641086 -0.428003
v -0.143200 0.624500 -0.447375
v -0.143200 0.605664 -0.463643
v -0.143200 0.584815 -0.476852
v -0.143200 0.562188 -0.487047
v -0.143200 0.538019 -0.494273
v -0.143200 0.512544 -0.498576
v -0.143200 0.486000 -0.500000
v -0.143200 0.459765 -0.498492
v -0.143200 0.434699 -0.493935
v -0.143200 0.411016 -0.486281
v -0.143200 0.388926 -0.475481
v -0.143200 0.368642 -0.461487
v -0.143200 0.350375 -0.444250
v -0.143200 0.334337 -0.423721
v -0.143200 0.320741 -0.399852
v -0.143200 0.309797 -0.372594
v -0.143200 0.301718 -0.341898
v -0.143200 0.296715 -0.307716
v -0.143200 0.295000 -0.270000
v -0.143200 0.295000 -0.168000
v -0.143200 0.000000 -0.168000
v -0.143200 0.000000 -0.070000
v -0.143200 0.682000 -0.070000
v -0.143200 0.682000 -0.283000
v -0.143200 0.383000 -0.279000
v -0.143200 0.383807 -0.296696
v -0.143200 0.386204 -0.313236
v -0.143200 0.390156 -0.328547
v -0.143200 0.395630 -0.342556
v -0.143200 0.402589 -0.355189
v -0.143200 0.411000 -0.366375
v -0.143200 0.420828 -0.376040
v -0.143200 0.432037 -0.384111
v -0.143200 0.444594 -0.390516
v -0.143200 0.458463 -0.395181
v -0.143200 0.473610 -0.398033
v -0.143200 0.490000 -0.399000
v -0.143200 0.502550 -0.398417
v -0.143200 0.515065 -0.396588
v -0.143200 0.527344 -0.393391
v -0.143200 0.539185 -0.388704
v -0.143200 0.550388 -0.382406
v -0.143200 0.560750 -0.374375
v -0.143200 0.570071 -0.364490
v -0.143200 0.578148 -0.352630
v -0.143200 0.584781 -0.338672
v -0.143200 0.589769 -0.322495
v -0.143200 0.592909 -0.303979
v -0.143200 0.594000 -0.283000
v -0.143200 0.594000 -0.168000
v -0.143200 0.383000 -0.168000
v -0.143200 0.680206 -0.318570
v 0.143200 0.680206 -0.318570
v -0.143200 0.674982 -0.350810
v 0.143200 0.674982 -0.350810
v -0.143200 0.666563 -0.379766
v 0.143200 0.666563 -0.379766
v -0.143200 0.655185 -0.405482
v 0.143200 0.655185 -0.405482
v -0.143200 0.641086 -0.428003
v 0.143200 0.641086 -0.428003
v -0.143200 0.624500 -0.447375
v 0.143200 0.624500 -0.447375
v -0.143200 0.605664 -0.463643
v 0.143200 0.605664 -0.463643
v -0.143200 0.584815 -0.476852
v 0.143200 0.584815 -0.476852
v -0.143200 0.562188 -0.487047
v 0.143200 0.562188 -0.487047
v -0.143200 0.538019 -0.494273
v 0.143200 0.538019 -0.494273
v -0.143200 0.512544 -0.498576
v 0.143200 0.512544 -0.498576
v -0.143200 0.486000 -0.500000
v 0.143200 0.486000 -0.500000
v -0.143200 0.459765 -0.498492
v 0.143200 0.459765 -0.498492
v -0.143200 0.434699 -0.493935
v 0.143200 0.434699 -0.493935
v -0.143200 0.411016 -0.486281
v 0.143200 0.411016 -0.486281
v -0.143200 0.388926 -0.475481
v 0.143200 0.388926 -0.475481
v -0.143200 0.368642 -0.461487
v 0.143200 0.368642 -0.461487
v -0.143200 0.350375 -0.444250
v 0.143200 0.350375 -0.444250
v -0.143200 0.334337 -0.423721
v 0.143200 0.334337 -0.423721
v -0.143200 0.320741 -0.399852
v 0.143200 0.320741 -0.399852
v -0.143200 0.309797 -0.372594
v 0.143200 0.309797 -0.372594
v -0.143200 0.301718 -0.341898
v 0.143200 0.301718 -0.341898
v -0.143200 0.296715 -0.307716
v 0.143200 0.296715 -0.307716
v -0.143200 0.295000 -0.270000
v 0.143200 0.295000 -0.270000
v -0.143200 0.295000 -0.168000
v 0.143200 0.295000 -0.168000
v -0.143200 0.000000 -0.168000
v 0.143200 -0.000000 -0.168000
v -0.143200 0.000000 -0.070000
v 0.143200 -0.000000 -0.070000
v -0.143200 0.682000 -0.070000
v 0.143200 0.682000 -0.070000
v -0.143200 0.682000 -0.283000
v 0.143200 0.682000 -0.283000
v -0.143200 0.383000 -0.279000
v 0.143200 0.383000 -0.279000
v -0.143200 0.383807 -0.296696
v 0.143200 0.383807 -0.296696
v -0.143200 0.386204 -0.313236
v 0.143200 0.386204 -0.313236
v -0.143200 0.390156 -0.328547
v 0.143200 0.390156 -0.328547
v -0.143200 0.395630 -0.342556
v 0.143200 0.395630 -0.342556
v -0.143200 0.402589 -0.355189
v 0.143200 0.402589 -0.355189
v -0.143200 0.411000 -0.366375
v 0.143200 0.411000 -0.366375
v -0.143200 0.420828 -0.376040
v 0.143200 0.420828 -0.376040
v -0.143200 0.432037 -0.384111
v 0.143200 0.432037 -0.384111
v -0.143200 0.444594 -0.390516
v 0.143200 0.444594 -0.390516
v -0.143200 0.458463 -0.395181
v 0.143200 0.458463 -0.395181
v -0.143200 0.473610 -0.398033
v 0.143200 0.473610 -0.398033
v -0.143200 0.490000 -0.399000
v 0.143200 0.490000 -0.399000
v -0.143200 0.502550 -0.398417
v 0.143200 0.502550 -0.398417
v -0.143200 0.515065 -0.396588
v 0.143200 0.515065 -0.396588
v -0.143200 0.527344 -0.393391
v 0.143200 0.527344 -0.393391
v -0.143200 0.539185 -0.388704
v 0.143200 0.539185 -0.388704
v -0.143200 0.550388 -0.382406
v 0.143200 0.550388 -0.382406
v -0.143200 0.560750 -0.374375
v 0.143200 0.560750 -0.374375
v -0.143200 0.570071 -0.364490
v 0.143200 0.570071 -0.364490
v -0.143200 0.578148 -0.352630
v 0.143200 0.578148 -0.352630
v -0.143200 0.584781 -0.338672
v 0.143200 0.584781 -0.338672
v -0.143200 0.589769 -0.322495
v 0.143200 0.589769 -0.322495
v -0.143200 0.592909 -0.303979
v 0.143200 0.592909 -0.303979
v -0.143200 0.594000 -0.283000
v 0.143200 0.594000 -0.283000
v -0.143200 0.594000 -0.168000
v 0.143200 0.594000 -0.168000
v -0.143200 0.383000 -0.168000
v 0.143200 0.383000 -0.168000
v -0.143200 0.057000 -0.858000
v 0.143200 0.057000 -0.858000
v -0.143200 0.047299 -0.848451
v 0.143200 0.047299 -0.848451
v -0.143200 0.038222 -0.838357
v 0.143200 0.038222 -0.838357
v -0.143200 0.029813 -0.827797
v 0.143200 0.029812 -0.827797
v -0.143200 0.022111 -0.816852
v 0.143200 0.022111 -0.816852
v -0.143200 0.015160 -0.805601
v 0.143200 0.015160 -0.805601
v -0.143200 0.009000 -0.794125
v 0.143200 0.009000 -0.794125
v -0.143200 0.003674 -0.782503
v 0.143200 0.003674 -0.782503
v -0.143200 -0.000778 -0.770815
v 0.143200 -0.000778 -0.770815
v -0.143200 -0.004312 -0.759141
v 0.143200 -0.004313 -0.759141
v -0.143200 -0.006889 -0.747560
v 0.143200 -0.006889 -0.747560
v -0.143200 -0.008465 -0.736153
v 0.143200 -0.008465 -0.736153
v -0.143200 -0.009000 -0.725000
v 0.143200 -0.009000 -0.725000
v -0.143200 -0.007655 -0.702834
v 0.143200 -0.007655 -0.702834
v -0.143200 -0.003657 -0.681921
v 0.143200 -0.003657 -0.681921
v -0.143200 0.002938 -0.662391
v 0.143200 0.002938 -0.662391
v -0.143200 0.012074 -0.644370
v 0.143200 0.012074 -0.644370
v -0.143200 0.023697 -0.627989
v 0.143200 0.023697 -0.627989
v -0.143200 0.037750 -0.613375
v 0.143200 0.037750 -0.613375
v -0.143200 0.054178 -0.600657
v 0.143200 0.054178 -0.600657
v -0.143200 0.072926 -0.589963
v 0.143200 0.072926 -0.589963
v -0.143200 0.093938 -0.581422
v 0.143200 0.093938 -0.581422
v -0.143200 0.117157 -0.575162
v 0.143200 0.117157 -0.575162
v -0.143200 0.142530 -0.571312
v 0.143200 0.142530 -0.571312
v -0.143200 0.170000 -0.570000
v 0.143200 0.170000 -0.570000
v -0.143200 0.449000 -0.570000
v 0.143200 0.449000 -0.570000
v -0.143200 0.449000 -0.659000
v 0.143200 0.449000 -0.659000
v -0.143200 0.164000 -0.659000
v 0.143200 0.164000 -0.659000
v -0.143200 0.148818 -0.659645
v 0.143200 0.148818 -0.659645
v -0.143200 0.134792 -0.661579
v 0.143200 0.134792 -0.661579
v -0.143200 0.121953 -0.664797
v 0.143200 0.121953 -0.664797
v -0.143200 0.110333 -0.669296
v 0.143200 0.110333 -0.669296
v -0.143200 0.099964 -0.675074
v 0.143200 0.099964 -0.675074
v -0.143200 0.090875 -0.682125
v 0.143200 0.090875 -0.682125
v -0.143200 0.083099 -0.690447
v 0.143200 0.083099 -0.690447
v -0.143200 0.076667 -0.700037
v 0.143200 0.076667 -0.700037
v -0.143200 0.071609 -0.710891
v 0.143200 0.071609 -0.710891
v -0.143200 0.067958 -0.723005
v 0.143200 0.067958 -0.723005
v -0.143200 0.065745 -0.736376
v 0.143200 0.065745 -0.736376
v -0.143200 0.065000 -0.751000
v 0.143200 0.065000 -0.751000
v -0.143200 0.065457 -0.760954
v 0.143200 0.065457 -0.760954
v -0.143200 0.066819 -0.770801
v 0.143200 0.066819 -0.770801
v -0.143200 0.069078 -0.780516
v 0.143200 0.069078 -0.780516
v -0.143200 0.072222 -0.790074
v 0.143200 0.072222 -0.790074
v -0.143200 0.076241 -0.799452
v 0.143200 0.076241 -0.799452
v -0.143200 0.081125 -0.808625
v 0.143200 0.081125 -0.808625
v -0.143200 0.086863 -0.817569
v 0.143200 0.086863 -0.817569
v -0.143200 0.093444 -0.826259
v 0.143200 0.093444 -0.826259
v -0.143200 0.100859 -0.834672
v 0.143200 0.100859 -0.834672
v -0.143200 0.109097 -0.842782
v 0.143200 0.109097 -0.842782
v -0.143200 0.118148 -0.850567
v 0.143200 0.118148 -0.850567
v -0.143200 0.128000 -0.858000
v 0.143200 0.128000 -0.858000
v -0.143200 0.449000 -0.858000
v 0.143200 0.449000 -0.858000
v -0.143200 0.449000 -0.947000
v 0.143200 0.449000 -0.947000
v -0.143200 0.000000 -0.947000
v 0.143200 -0.000000 -0.947000
v -0.143200 0.000000 -0.858000
v 0.143200 -0.000000 -0.858000
v -0.143200 0.340857 -1.321569
v 0.143200 0.340857 -1.321569
v -0.143200 0.347940 -1.309301
v 0.143200 0.347940 -1.309301
v -0.143200 0.354266 -1.297234
v 0.143200 0.354266 -1.297234
v -0.143200 0.359852 -1.285407
v 0.143200 0.359852 -1.285407
v -0.143200 0.364716 -1.273858
v 0.143200 0.364716 -1.273858
v -0.143200 0.368875 -1.262625
v 0.143200 0.368875 -1.262625
v -0.143200 0.372347 -1.251746
v 0.143200 0.372347 -1.251746
v -0.143200 0.375148 -1.241259
v 0.143200 0.375148 -1.241259
v -0.143200 0.377297 -1.231203
v 0.143200 0.377297 -1.231203
v -0.143200 0.378810 -1.221616
v 0.143200 0.378810 -1.221616
v -0.143200 0.379705 -1.212535
v 0.143200 0.379705 -1.212535
v -0.143200 0.380000 -1.204000
v 0.143200 0.380000 -1.204000
v -0.143200 0.379652 -1.195277
v 0.143200 0.379652 -1.195277
v -0.143200 0.378630 -1.187130
v 0.143200 0.378630 -1.187130
v -0.143200 0.376969 -1.179594
v 0.143200 0.376969 -1.179594
v -0.143200 0.374704 -1.172704
v 0.143200 0.374704 -1.172704
v -0.143200 0.371869 -1.166494
v 0.143200 0.371869 -1.166494
v -0.143200 0.368500 -1.161000
v 0.143200 0.368500 -1.161000
v -0.143200 0.364631 -1.156256
v 0.143200 0.364631 -1.156256
v -0.143200 0.360296 -1.152296
v 0.143200 0.360296 -1.152296
v -0.143200 0.355531 -1.149156
v 0.143200 0.355531 -1.149156
v -0.143200 0.350370 -1.146870
v 0.143200 0.350370 -1.146870
v -0.143200 0.344848 -1.145473
v 0.143200 0.344848 -1.145473
v -0.143200 0.339000 -1.145000
v 0.143200 0.339000 -1.145000
v -0.143200 0.333906 -1.145636
v 0.143200 0.333906 -1.145636
v -0.143200 0.328583 -1.147588
v 0.143200 0.328583 -1.147588
v -0.143200 0.322969 -1.150922
v 0.143200 0.322969 -1.150922
v -0.143200 0.317000 -1.155704
v 0.143200 0.317000 -1.155704
v -0.143200 0.310615 -1.161999
v 0.143200 0.310615 -1.161999
v -0.143200 0.303750 -1.169875
v 0.143200 0.303750 -1.169875
v -0.143200 0.296344 -1.179396
v 0.143200 0.296344 -1.179396
v -0.143200 0.288333 -1.190629
v 0.143200 0.288333 -1.190629
v -0.143200 0.279656 -1.203640
v 0.143200 0.279656 -1.203640
v -0.143200 0.270250 -1.218495
v 0.143200 0.270250 -1.218495
v -0.143200 0.260052 -1.235260
v 0.143200 0.260052 -1.235260
v -0.143200 0.249000 -1.254000
v 0.143200 0.249000 -1.254000
v -0.143200 0.237106 -1.271532
v 0.143200 0.237106 -1.271532
v -0.143200 0.225847 -1.287176
v 0.143200 0.225847 -1.287176
v -0.143200 0.215109 -1.301000
v 0.143200 0.215109 -1.301000
v -0.143200 0.204778 -1.313074
v 0.143200 0.204778 -1.313074
v -0.143200 0.194738 -1.323468
v 0.143200 0.194738 -1.323468
v -0.143200 0.184875 -1.332250
v 0.143200 0.184875 -1.332250
v -0.143200 0.175075 -1.339491
v 0.143200 0.175075 -1.339491
v -0.143200 0.165222 -1.345259
v 0.143200 0.165222 -1.345259
v -0.143200 0.155203 -1.349625
v 0.143200 0.155203 -1.349625
v -0.143200 0.144903 -1.352657
v 0.143200 0.144903 -1.352657
v -0.143200 0.134207 -1.354426
v 0.143200 0.134207 -1.354426
v -0.143200 0.123000 -1.355000
v 0.143200 0.123000 -1.355000
v -0.143200 0.103807 -1.353711
v 0.143200 0.103807 -1.353711
v -0.143200 0.085792 -1.349940
v 0.143200 0.085792 -1.349940
v -0.143200 0.069047 -1.343828
v 0.143200 0.069047 -1.343828
v -0.143200 0.053667 -1.335518
v 0.143200 0.053667 -1.335518
v -0.143200 0.039745 -1.325153
v 0.143200 0.039745 -1.325153
v -0.143200 0.027375 -1.312875
v 0.143200 0.027375 -1.312875
v -0.143200 0.016651 -1.298826
v 0.143200 0.016651 -1.298826
v -0.143200 0.007667 -1.283148
v 0.143200 0.007667 -1.283148
v -0.143200 0.000516 -1.265984
v 0.143200 0.000516 -1.265984
v -0.143200 -0.004708 -1.247477
v 0.143200 -0.004708 -1.247477
v -0.143200 -0.007911 -1.227768
v 0.143200 -0.007911 -1.227768
v -0.143200 -0.009000 -1.207000
v 0.143200 -0.009000 -1.207000
v -0.143200 -0.008766 -1.193484
v 0.143200 -0.008766 -1.193484
v -0.143200 -0.008046 -1.180375
v 0.143200 -0.008046 -1.180375
v -0.143200 -0.006812 -1.167578
v 0.143200 -0.006812 -1.167578
v -0.143200 -0.005037 -1.155000
v 0.143200 -0.005037 -1.155000
v -0.143200 -0.002692 -1.142547
v 0.143200 -0.002692 -1.142547
v -0.143200 0.000250 -1.130125
v 0.143200 0.000250 -1.130125
v -0.143200 0.003817 -1.117640
v 0.143200 0.003817 -1.117640
v -0.143200 0.008037 -1.105000
v 0.143200 0.008037 -1.105000
v -0.143200 0.012938 -1.092109
v 0.143200 0.012937 -1.092109
v -0.143200 0.018546 -1.078875
v 0.143200 0.018546 -1.078875
v -0.143200 0.024891 -1.065203
v 0.143200 0.024891 -1.065203
v -0.143200 0.032000 -1.051000
v 0.143200 0.032000 -1.051000
v -0.143200 0.128000 -1.051000
v 0.143200 0.128000 -1.051000
v -0.143200 0.118436 -1.065389
v 0.143200 0.118436 -1.065389
v -0.143200 0.109741 -1.079528
v 0.143200 0.109741 -1.079528
v -0.143200 0.101906 -1.093375
v 0.143200 0.101906 -1.093375
v -0.143200 0.094926 -1.106889
v 0.143200 0.094926 -1.106889
v -0.143200 0.088793 -1.120028
v 0.143200 0.088793 -1.120028
v -0.143200 0.083500 -1.132750
v 0.143200 0.083500 -1.132750
v -0.143200 0.079041 -1.145014
v 0.143200 0.079041 -1.145014
v -0.143200 0.075407 -1.156778
v 0.143200 0.075407 -1.156778
v -0.143200 0.072594 -1.168000
v 0.143200 0.072594 -1.168000
v -0.143200 0.070593 -1.178639
v 0.143200 0.070593 -1.178639
v -0.143200 0.069397 -1.188653
v 0.143200 0.069397 -1.188653
v -0.143200 0.069000 -1.198000
v 0.143200 0.069000 -1.198000
v -0.143200 0.069813 -1.206861
v 0.143200 0.069812 -1.206861
v -0.143200 0.071250 -1.215389
v 0.143200 0.071250 -1.215389
v -0.143200 0.073313 -1.223500
v 0.143200 0.073312 -1.223500
v -0.143200 0.076000 -1.231111
v 0.143200 0.076000 -1.231111
v -0.143200 0.079313 -1.238139
v 0.143200 0.079312 -1.238139
v -0.143200 0.083250 -1.244500
v 0.143200 0.083250 -1.244500
v -0.143200 0.087813 -1.250111
v 0.143200 0.087812 -1.250111
v -0.143200 0.093000 -1.254889
v 0.143200 0.093000 -1.254889
v -0.143200 0.098813 -1.258750
v 0.143200 0.098812 -1.258750
v -0.143200 0.105250 -1.261611
v 0.143200 0.105250 -1.261611
v -0.143200 0.112313 -1.263389
v 0.143200 0.112312 -1.263389
v -0.143200 0.120000 -1.264000
v 0.143200 0.120000 -1.264000
v -0.143200 0.134964 -1.259868
v 0.143200 0.134964 -1.259868
v -0.143200 0.149125 -1.248445
v 0.143200 0.149125 -1.248445
v -0.143200 0.162891 -1.231188
v 0.143200 0.162891 -1.231188
v -0.143200 0.176667 -1.209556
v 0.143200 0.176667 -1.209556
v -0.143200 0.190859 -1.185007
v 0.143200 0.190859 -1.185007
v -0.143200 0.205875 -1.159000
v 0.143200 0.205875 -1.159000
v -0.143200 0.222120 -1.132993
v 0.143200 0.222120 -1.132993
v -0.143200 0.240000 -1.108444
v 0.143200 0.240000 -1.108444
v -0.143200 0.259922 -1.086812
v 0.143200 0.259922 -1.086812
v -0.143200 0.282292 -1.069556
v 0.143200 0.282292 -1.069556
v -0.143200 0.307516 -1.058132
v 0.143200 0.307516 -1.058132
v -0.143200 0.336000 -1.054000
v 0.143200 0.336000 -1.054000
v -0.143200 0.354366 -1.055193
v 0.143200 0.354366 -1.055193
v -0.143200 0.371426 -1.058713
v 0.143200 0.371426 -1.058713
v -0.143200 0.387125 -1.064469
v 0.143200 0.387125 -1.064469
v -0.143200 0.401407 -1.072370
v 0.143200 0.401407 -1.072370
v -0.143200 0.414218 -1.082327
v 0.143200 0.414218 -1.082327
v -0.143200 0.425500 -1.094250
v 0.143200 0.425500 -1.094250
v -0.143200 0.435199 -1.108047
v 0.143200 0.435199 -1.108047
v -0.143200 0.443259 -1.123630
v 0.143200 0.443259 -1.123630
v -0.143200 0.449625 -1.140906
v 0.143200 0.449625 -1.140906
v -0.143200 0.454241 -1.159787
v 0.143200 0.454241 -1.159787
v -0.143200 0.457051 -1.180182
v 0.143200 0.457051 -1.180182
v -0.143200 0.458000 -1.202000
v 0.143200 0.458000 -1.202000
v -0.143200 0.457749 -1.212522
v 0.143200 0.457749 -1.212522
v -0.143200 0.456995 -1.223097
v 0.143200 0.456995 -1.223097
v -0.143200 0.455734 -1.233734
v 0.143200 0.455734 -1.233734
v -0.143200 0.453963 -1.244444
v 0.143200 0.453963 -1.244444
v -0.143200 0.451678 -1.255238
v 0.143200 0.451678 -1.255238
v -0.143200 0.448875 -1.266125
v 0.143200 0.448875 -1.266125
v -0.143200 0.445552 -1.277116
v 0.143200 0.445552 -1.277116
v -0.143200 0.441704 -1.288222
v 0.143200 0.441704 -1.288222
v -0.143200 0.437328 -1.299453
v 0.143200 0.437328 -1.299453
v -0.143200 0.432421 -1.310819
v 0.143200 0.432421 -1.310819
v -0.143200 0.426980 -1.322332
v 0.143200 0.426980 -1.322332
v -0.143200 0.421000 -1.334000
v 0.143200 0.421000 -1.334000
v -0.143200 0.333000 -1.334000
v 0.143200 0.333000 -1.334000
v -0.143200 0.390000 -1.547000
v 0.143200 0.390000 -1.547000
v -0.143200 0.400371 -1.555824
v 0.143200 0.400371 -1.555824
v -0.143200 0.409968 -1.565259
v 0.143200 0.409968 -1.565259
v -0.143200 0.418766 -1.575250
v 0.143200 0.418766 -1.575250
v -0.143200 0.426741 -1.585741
v 0.143200 0.426741 -1.585741
v -0.143200 0.433869 -1.596676
v 0.143200 0.433869 -1.596676
v -0.143200 0.440125 -1.608000
v 0.143200 0.440125 -1.608000
v -0.143200 0.445486 -1.619657
v 0.143200 0.445486 -1.619657
v -0.143200 0.449926 -1.631593
v 0.143200 0.449926 -1.631593
v -0.143200 0.453422 -1.643750
v 0.143200 0.453422 -1.643750
v -0.143200 0.455949 -1.656074
v 0.143200 0.455949 -1.656074
v -0.143200 0.457483 -1.668509
v 0.143200 0.457483 -1.668509
v -0.143200 0.458000 -1.681000
v 0.143200 0.458000 -1.681000
v -0.143200 0.456748 -1.702497
v 0.143200 0.456748 -1.702497
v -0.143200 0.452986 -1.722889
v 0.143200 0.452986 -1.722889
v -0.143200 0.446703 -1.742031
v 0.143200 0.446703 -1.742031
v -0.143200 0.437889 -1.759778
v 0.143200 0.437889 -1.759778
v -0.143200 0.426533 -1.775983
v 0.143200 0.426533 -1.775983
v -0.143200 0.412625 -1.790500
v 0.143200 0.412625 -1.790500
v -0.143200 0.396155 -1.803184
v 0.143200 0.396155 -1.803184
v -0.143200 0.377111 -1.813889
v 0.143200 0.377111 -1.813889
v -0.143200 0.355484 -1.822469
v 0.143200 0.355484 -1.822469
v -0.143200 0.331264 -1.828778
v 0.143200 0.331264 -1.828778
v -0.143200 0.304439 -1.832670
v 0.143200 0.304439 -1.832670
v -0.143200 0.275000 -1.834000
v 0.143200 0.275000 -1.834000
v -0.143200 0.000000 -1.834000
v 0.143200 -0.000000 -1.834000
v -0.143200 0.000000 -1.745000
v 0.143200 -0.000000 -1.745000
v -0.143200 0.278000 -1.745000
v 0.143200 0.278000 -1.745000
v -0.143200 0.294009 -1.744300
v 0.143200 0.294009 -1.744300
v -0.143200 0.308991 -1.742232
v 0.143200 0.308991 -1.742232
v -0.143200 0.322875 -1.738844
v 0.143200 0.322875 -1.738844
v -0.143200 0.335593 -1.734185
v 0.143200 0.335593 -1.734185
v -0.143200 0.347074 -1.728305
v 0.143200 0.347074 -1.728305
v -0.143200 0.357250 -1.721250
v 0.143200 0.357250 -1.721250
v -0.143200 0.366051 -1.713071
v 0.143200 0.366051 -1.713071
v -0.143200 0.373407 -1.703815
v 0.143200 0.373407 -1.703815
v -0.143200 0.379250 -1.693531
v 0.143200 0.379250 -1.693531
v -0.143200 0.383509 -1.682269
v 0.143200 0.383509 -1.682269
v -0.143200 0.386116 -1.670075
v 0.143200 0.386116 -1.670075
v -0.143200 0.387000 -1.657000
v 0.143200 0.387000 -1.657000
v -0.143200 0.386619 -1.647406
v 0.143200 0.386619 -1.647406
v -0.143200 0.385449 -1.638079
v 0.143200 0.385449 -1.638079
v -0.143200 0.383453 -1.628953
v 0.143200 0.383453 -1.628953
v -0.143200 0.380593 -1.619963
v 0.143200 0.380593 -1.619963
v -0.143200 0.376829 -1.611042
v 0.143200 0.376829 -1.611042
v -0.143200 0.372125 -1.602125
v 0.143200 0.372125 -1.602125
v -0.143200 0.366442 -1.593145
v 0.143200 0.366442 -1.593145
v -0.143200 0.359741 -1.584037
v 0.143200 0.359741 -1.584037
v -0.143200 0.351984 -1.574734
v 0.143200 0.351984 -1.574734
v -0.143200 0.343134 -1.565171
v 0.143200 0.343134 -1.565171
v -0.143200 0.333152 -1.555282
v 0.143200 0.333152 -1.555282
v -0.143200 0.322000 -1.545000
v 0.143200 0.322000 -1.545000
v -0.143200 0.000000 -1.545000
v 0.143200 -0.000000 -1.545000
v -0.143200 0.000000 -1.456000
v 0.143200 -0.000000 -1.456000
v -0.143200 0.682000 -1.456000
v 0.143200 0.682000 -1.456000
v -0.143200 0.682000 -1.545000
v 0.143200 0.682000 -1.545000
v -0.143200 0.390000 -1.545000
v 0.143200 0.390000 -1.545000
v -0.143200 0.594000 -2.524000
v 0.143200 0.594000 -2.524000
v -0.143200 0.000000 -2.524000
v 0.143200 -0.000000 -2.524000
v -0.143200 0.000000 -2.426000
v 0.143200 -0.000000 -2.426000
v -0.143200 0.594000 -2.426000
v 0.143200 0.594000 -2.426000
v -0.143200 0.594000 -2.190000
v 0.143200 0.594000 -2.190000
v -0.143200 0.682000 -2.190000
v 0.143200 0.682000 -2.190000
v -0.143200 0.682000 -2.760000
v 0.143200 0.682000 -2.760000
v -0.143200 0.594000 -2.760000
v 0.143200 0.594000 -2.760000
v -0.143200 0.194487 -3.290969
v 0.143200 0.194487 -3.290969
v -0.143200 0.162065 -3.285000
v 0.143200 0.162065 -3.285000
v -0.143200 0.131906 -3.275282
v 0.143200 0.131906 -3.275282
v -0.143200 0.104185 -3.262000
v 0.143200 0.104185 -3.262000
v -0.143200 0.079075 -3.245344
v 0.143200 0.079075 -3.245344
v -0.143200 0.056750 -3.225500
v 0.143200 0.056750 -3.225500
v -0.143200 0.037383 -3.202657
v 0.143200 0.037383 -3.202657
v -0.143200 0.021148 -3.177000
v 0.143200 0.021148 -3.177000
v -0.143200 0.008219 -3.148719
v 0.143200 0.008219 -3.148719
v -0.143200 -0.001231 -3.118000
v 0.143200 -0.001231 -3.118000
v -0.143200 -0.007029 -3.085032
v 0.143200 -0.007029 -3.085032
v -0.143200 -0.009000 -3.050000
v 0.143200 -0.009000 -3.050000
v -0.143200 -0.006953 -3.016347
v 0.143200 -0.006953 -3.016347
v -0.143200 -0.000954 -2.984528
v 0.143200 -0.000954 -2.984528
v -0.143200 0.008781 -2.954750
v 0.143200 0.008781 -2.954750
v -0.143200 0.022037 -2.927222
v 0.143200 0.022037 -2.927222
v -0.143200 0.038598 -2.902153
v 0.143200 0.038598 -2.902153
v -0.143200 0.058250 -2.879750
v 0.143200 0.058250 -2.879750
v -0.143200 0.080777 -2.860223
v 0.143200 0.080777 -2.860223
v -0.143200 0.105963 -2.843778
v 0.143200 0.105963 -2.843778
v -0.143200 0.133594 -2.830625
v 0.143200 0.133594 -2.830625
v -0.143200 0.163454 -2.820972
v 0.143200 0.163454 -2.820972
v -0.143200 0.195328 -2.815028
v 0.143200 0.195328 -2.815028
v -0.143200 0.229000 -2.813000
v 0.143200 0.229000 -2.813000
v -0.143200 0.260605 -2.815104
v 0.143200 0.260605 -2.815104
v -0.143200 0.290755 -2.821250
v 0.143200 0.290755 -2.821250
v -0.143200 0.319203 -2.831187
v 0.143200 0.319203 -2.831187
v -0.143200 0.345704 -2.844667
v 0.143200 0.345704 -2.844667
v -0.143200 0.370010 -2.861438
v 0.143200 0.370010 -2.861438
v -0.143200 0.391875 -2.881250
v 0.143200 0.391875 -2.881250
v -0.143200 0.411053 -2.903854
v 0.143200 0.411053 -2.903854
v -0.143200 0.427296 -2.929000
v 0.143200 0.427296 -2.929000
v -0.143200 0.440359 -2.956438
v 0.143200 0.440359 -2.956438
v -0.143200 0.449995 -2.985917
v 0.143200 0.449995 -2.985917
v -0.143200 0.455958 -3.017188
v 0.143200 0.455958 -3.017188
v -0.143200 0.458000 -3.050000
v 0.143200 0.458000 -3.050000
v -0.143200 0.456034 -3.084402
v 0.143200 0.456034 -3.084402
v -0.143200 0.450273 -3.116959
v 0.143200 0.450273 -3.116959
v -0.143200 0.440922 -3.147454
v 0.143200 0.440922 -3.147454
v -0.143200 0.428185 -3.175667
v 0.143200 0.428185 -3.175667
v -0.143200 0.412268 -3.201381
v 0.143200 0.412268 -3.201381
v -0.143200 0.393375 -3.224375
v 0.143200 0.393375 -3.224375
v -0.143200 0.371711 -3.244433
v 0.143200 0.371711 -3.244433
v -0.143200 0.347482 -3.261334
v 0.143200 0.347482 -3.261334
v -0.143200 0.320891 -3.274860
v 0.143200 0.320891 -3.274860
v -0.143200 0.292144 -3.284792
v 0.143200 0.292144 -3.284792
v -0.143200 0.261445 -3.290912
v 0.143200 0.261445 -3.290912
v -0.143200 0.229000 -3.293000
v 0.143200 0.229000 -3.293000
v -0.143200 0.205935 -2.905211
v 0.143200 0.205935 -2.905211
v -0.143200 0.184310 -2.908769
v 0.143200 0.184310 -2.908769
v -0.143200 0.164234 -2.914563
v 0.143200 0.164234 -2.914563
v -0.143200 0.145815 -2.922482
v 0.143200 0.145815 -2.922482
v -0.143200 0.129159 -2.932415
v 0.143200 0.129159 -2.932415
v -0.143200 0.114375 -2.944250
v 0.143200 0.114375 -2.944250
v -0.143200 0.101570 -2.957877
v 0.143200 0.101570 -2.957877
v -0.143200 0.090852 -2.973185
v 0.143200 0.090852 -2.973185
v -0.143200 0.082328 -2.990063
v 0.143200 0.082328 -2.990063
v -0.143200 0.076106 -3.008398
v 0.143200 0.076106 -3.008398
v -0.143200 0.072295 -3.028081
v 0.143200 0.072295 -3.028081
v -0.143200 0.071000 -3.049000
v 0.143200 0.071000 -3.049000
v -0.143200 0.072237 -3.071757
v 0.143200 0.072237 -3.071757
v -0.143200 0.075894 -3.092973
v 0.143200 0.075894 -3.092973
v -0.143200 0.081891 -3.112563
v 0.143200 0.081891 -3.112563
v -0.143200 0.090148 -3.130445
v 0.143200 0.090148 -3.130445
v -0.143200 0.100586 -3.146535
v 0.143200 0.100586 -3.146535
v -0.143200 0.113125 -3.160750
v 0.143200 0.113125 -3.160750
v -0.143200 0.127685 -3.173007
v 0.143200 0.127685 -3.173007
v -0.143200 0.144185 -3.183222
v 0.143200 0.144185 -3.183222
v -0.143200 0.162547 -3.191313
v 0.143200 0.162547 -3.191313
v -0.143200 0.182690 -3.197195
v 0.143200 0.182690 -3.197195
v -0.143200 0.204534 -3.200785
v 0.143200 0.204534 -3.200785
v -0.143200 0.228000 -3.202000
v 0.143200 0.228000 -3.202000
v -0.143200 0.249227 -3.200689
v 0.143200 0.249227 -3.200689
v -0.143200 0.269320 -3.196847
v 0.143200 0.269320 -3.196847
v -0.143200 0.288141 -3.190609
v 0.143200 0.288141 -3.190609
v -0.143200 0.305556 -3.182111
v 0.143200 0.305556 -3.182111
v -0.143200 0.321429 -3.171488
v 0.143200 0.321429 -3.171488
v -0.143200 0.335625 -3.158875
v 0.143200 0.335625 -3.158875
v -0.143200 0.348009 -3.144408
v 0.143200 0.348009 -3.144408
v -0.143200 0.358444 -3.128222
v 0.143200 0.358444 -3.128222
v -0.143200 0.366797 -3.110453
v 0.143200 0.366797 -3.110453
v -0.143200 0.372931 -3.091236
v 0.143200 0.372931 -3.091236
v -0.143200 0.376710 -3.070707
v 0.143200 0.376710 -3.070707
v -0.143200 0.378000 -3.049000
v 0.143200 0.378000 -3.049000
v -0.143200 0.376711 -3.028501
v 0.143200 0.376711 -3.028501
v -0.143200 0.372935 -3.009093
v 0.143200 0.372935 -3.009093
v -0.143200 0.366813 -2.990906
v 0.143200 0.366813 -2.990906
v -0.143200 0.358482 -2.974074
v 0.143200 0.358482 -2.974074
v -0.143200 0.348081 -2.958728
v 0.143200 0.348081 -2.958728
v -0.143200 0.335750 -2.945000
v 0.143200 0.335750 -2.945000
v -0.143200 0.321627 -2.933022
v 0.143200 0.321627 -2.933022
v -0.143200 0.305852 -2.922926
v 0.143200 0.305852 -2.922926
v -0.143200 0.288563 -2.914844
v 0.143200 0.288563 -2.914844
v -0.143200 0.269898 -2.908908
v 0.143200 0.269898 -2.908908
v -0.143200 0.249998 -2.905249
v 0.143200 0.249998 -2.905249
v -0.143200 0.229000 -2.904000
v 0.143200 0.229000 -2.904000
v -0.143200 0.682000 -3.880000
v 0.143200 0.682000 -3.880000
v -0.143200 0.680219 -3.915012
v 0.143200 0.680219 -3.915012
v -0.143200 0.675083 -3.946597
v 0.143200 0.675083 -3.946597
v -0.143200 0.666906 -3.974828
v 0.143200 0.666906 -3.974828
v -0.143200 0.656000 -3.999778
v 0.143200 0.656000 -3.999778
v -0.143200 0.642677 -4.021519
v 0.143200 0.642677 -4.021519
v -0.143200 0.627250 -4.040125
v 0.143200 0.627250 -4.040125
v -0.143200 0.610031 -4.055668
v 0.143200 0.610031 -4.055668
v -0.143200 0.591333 -4.068222
v 0.143200 0.591333 -4.068222
v -0.143200 0.571469 -4.077859
v 0.143200 0.571469 -4.077859
v -0.143200 0.550750 -4.084653
v 0.143200 0.550750 -4.084653
v -0.143200 0.529490 -4.088675
v 0.143200 0.529490 -4.088675
v -0.143200 0.508000 -4.090000
v 0.143200 0.508000 -4.090000
v -0.143200 0.490766 -4.089309
v 0.143200 0.490766 -4.089309
v -0.143200 0.474546 -4.087226
v 0.143200 0.474546 -4.087226
v -0.143200 0.459312 -4.083734
v 0.143200 0.459312 -4.083734
v -0.143200 0.445037 -4.078815
v 0.143200 0.445037 -4.078815
v -0.143200 0.431692 -4.072451
v 0.143200 0.431692 -4.072451
v -0.143200 0.419250 -4.064625
v 0.143200 0.419250 -4.064625
v -0.143200 0.407683 -4.055320
v 0.143200 0.407683 -4.055320
v -0.143200 0.396963 -4.044518
v 0.143200 0.396963 -4.044518
v -0.143200 0.387063 -4.032203
v 0.143200 0.387063 -4.032203
v -0.143200 0.377954 -4.018357
v 0.143200 0.377954 -4.018357
v -0.143200 0.369609 -4.002962
v 0.143200 0.369609 -4.002962
v -0.143200 0.362000 -3.986000
v 0.143200 0.362000 -3.986000
v -0.143200 0.360000 -3.986000
v 0.143200 0.360000 -3.986000
v -0.143200 0.354263 -4.010654
v 0.143200 0.354263 -4.010654
v -0.143200 0.346606 -4.033565
v 0.143200 0.346606 -4.033565
v -0.143200 0.337109 -4.054657
v 0.143200 0.337109 -4.054657
v -0.143200 0.325852 -4.073852
v 0.143200 0.325852 -4.073852
v -0.143200 0.312914 -4.091075
v 0.143200 0.312914 -4.091075
v -0.143200 0.298375 -4.106250
v 0.143200 0.298375 -4.106250
v -0.143200 0.282315 -4.119300
v 0.143200 0.282315 -4.119300
v -0.143200 0.264815 -4.130148
v 0.143200 0.264815 -4.130148
v -0.143200 0.245953 -4.138719
v 0.143200 0.245953 -4.138719
v -0.143200 0.225810 -4.144936
v 0.143200 0.225810 -4.144936
v -0.143200 0.204466 -4.148722
v 0.143200 0.204466 -4.148722
v -0.143200 0.182000 -4.150001
v 0.143200 0.182000 -4.150001
v -0.143200 0.160773 -4.148662
v 0.143200 0.160773 -4.148662
v -0.143200 0.139352 -4.144542
v 0.143200 0.139352 -4.144542
v -0.143200 0.118125 -4.137485
v 0.143200 0.118125 -4.137485
v -0.143200 0.097481 -4.127334
v 0.143200 0.097481 -4.127334
v -0.143200 0.077810 -4.113933
v 0.143200 0.077810 -4.113933
v -0.143200 0.059500 -4.097126
v 0.143200 0.059500 -4.097126
v -0.143200 0.042940 -4.076756
v 0.143200 0.042940 -4.076756
v -0.143200 0.028519 -4.052667
v 0.143200 0.028519 -4.052667
v -0.143200 0.016625 -4.024704
v 0.143200 0.016625 -4.024704
v -0.143200 0.007648 -3.992709
v 0.143200 0.007648 -3.992709
v -0.143200 0.001977 -3.956527
v 0.143200 0.001977 -3.956527
v -0.143200 0.000000 -3.916000
v 0.143200 -0.000000 -3.916000
v -0.143200 0.000000 -3.682000
v 0.143200 -0.000000 -3.682000
v -0.143200 0.682000 -3.682000
v 0.143200 0.682000 -3.682000
v -0.143200 0.390000 -3.845000
v 0.143200 0.390000 -3.845000
v -0.143200 0.390751 -3.868210
v 0.143200 0.390751 -3.868210
v -0.143200 0.393005 -3.889348
v 0.143200 0.393005 -3.889348
v -0.143200 0.396766 -3.908422
v 0.143200 0.396766 -3.908422
v -0.143200 0.402037 -3.925445
v 0.143200 0.402037 -3.925445
v -0.143200 0.408822 -3.940426
v 0.143200 0.408822 -3.940426
v -0.143200 0.417125 -3.953375
v 0.143200 0.417125 -3.953375
v -0.143200 0.426948 -3.964304
v 0.143200 0.426948 -3.964304
v -0.143200 0.438296 -3.973222
v 0.143200 0.438296 -3.973222
v -0.143200 0.451172 -3.980141
v 0.143200 0.451172 -3.980141
v -0.143200 0.465579 -3.985070
v 0.143200 0.465579 -3.985070
v -0.143200 0.481520 -3.988019
v 0.143200 0.481520 -3.988019
v -0.143200 0.499000 -3.989000
v 0.143200 0.499000 -3.989000
v -0.143200 0.511583 -3.988378
v 0.143200 0.511583 -3.988378
v -0.143200 0.523745 -3.986435
v 0.143200 0.523745 -3.986435
v -0.143200 0.535359 -3.983063
v 0.143200 0.535359 -3.983063
v -0.143200 0.546296 -3.978148
v 0.143200 0.546296 -3.978148
v -0.143200 0.556428 -3.971581
v 0.143200 0.556428 -3.971581
v -0.143200 0.565625 -3.963250
v 0.143200 0.565625 -3.963250
v -0.143200 0.573760 -3.953044
v 0.143200 0.573760 -3.953044
v -0.143200 0.580704 -3.940852
v 0.143200 0.580704 -3.940852
v -0.143200 0.586328 -3.926563
v 0.143200 0.586328 -3.926563
v -0.143200 0.590505 -3.910065
v 0.143200 0.590505 -3.910065
v -0.143200 0.593105 -3.891248
v 0.143200 0.593105 -3.891248
v -0.143200 0.594000 -3.870000
v 0.143200 0.594000 -3.870000
v -0.143200 0.594000 -3.780000
v 0.143200 0.594000 -3.780000
v -0.143200 0.390000 -3.780000
v 0.143200 0.390000 -3.780000
v -0.143200 0.088000 -3.903000
v 0.143200 0.088000 -3.903000
v -0.143200 0.089151 -3.930031
v 0.143200 0.089151 -3.930031
v -0.143200 0.092458 -3.953746
v 0.143200 0.092458 -3.953746
v -0.143200 0.097703 -3.974329
v 0.143200 0.097703 -3.974329
v -0.143200 0.104667 -3.991964
v 0.143200 0.104667 -3.991964
v -0.143200 0.113130 -4.006835
v 0.143200 0.113130 -4.006835
v -0.143200 0.122875 -4.019125
v 0.143200 0.122875 -4.019125
v -0.143200 0.133682 -4.029021
v 0.143200 0.133682 -4.029021
v -0.143200 0.145333 -4.036704
v 0.143200 0.145333 -4.036704
v -0.143200 0.157609 -4.042360
v 0.143200 0.157609 -4.042360
v -0.143200 0.170292 -4.046172
v 0.143200 0.170292 -4.046172
v -0.143200 0.183161 -4.048324
v 0.143200 0.183161 -4.048324
v -0.143200 0.196000 -4.049000
v 0.143200 0.196000 -4.049000
v -0.143200 0.211110 -4.047996
v 0.143200 0.211110 -4.047996
v -0.143200 0.225380 -4.044968
v 0.143200 0.225380 -4.044968
v -0.143200 0.238719 -4.039891
v 0.143200 0.238719 -4.039891
v -0.143200 0.251037 -4.032741
v 0.143200 0.251037 -4.032741
v -0.143200 0.262244 -4.023494
v 0.143200 0.262244 -4.023494
v -0.143200 0.272250 -4.012125
v 0.143200 0.272250 -4.012125
v -0.143200 0.280964 -3.998610
v 0.143200 0.280964 -3.998610
v -0.143200 0.288296 -3.982926
v 0.143200 0.288296 -3.982926
v -0.143200 0.294156 -3.965047
v 0.143200 0.294156 -3.965047
v -0.143200 0.298454 -3.944949
v 0.143200 0.298454 -3.944949
v -0.143200 0.301098 -3.922608
v 0.143200 0.301098 -3.922608
v -0.143200 0.302000 -3.898000
v 0.143200 0.302000 -3.898000
v -0.143200 0.302000 -3.780000
v 0.143200 0.302000 -3.780000
v -0.143200 0.088000 -3.780000
v 0.143200 0.088000 -3.780000
vn 1.0000 -0.0000 -0.0000
vn -1.0000 -0.0000 -0.0000
vn -0.0000 0.9944 -0.1053
vn -0.0000 0.9755 -0.2200
vn -0.0000 0.9395 -0.3427
vn -0.0000 0.8833 -0.4688
vn -0.0000 0.8058 -0.5921
vn -0.0000 0.7086 -0.7056
vn -0.0000 0.5960 -0.8030
vn -0.0000 0.4742 -0.8804
vn -0.0000 0.3494 -0.9370
vn -0.0000 0.2269 -0.9739
vn -0.0000 0.1102 -0.9939
vn -0.0000 -0.0019 -1.0000
vn -0.0000 -0.1183 -0.9930
vn -0.0000 -0.2437 -0.9698
vn -0.0000 -0.3743 -0.9273
vn -0.0000 -0.5050 -0.8631
vn -0.0000 -0.6289 -0.7775
vn -0.0000 -0.7393 -0.6734
vn -0.0000 -0.8307 -0.5568
vn -0.0000 -0.9005 -0.4348
vn -0.0000 -0.9494 -0.3142
vn -0.0000 -0.9798 -0.2000
vn -0.0000 -0.9955 -0.0952
vn -0.0000 -0.9997 -0.0227
vn -0.0000 -0.7071 -0.7071
vn -0.0000 -0.7071 0.7071
vn -0.0000 0.7071 0.7071
vn -0.0000 0.9997 -0.0252
vn -0.0000 0.9997 0.0228
vn -0.0000 0.9955 0.0946
vn -0.0000 0.9804 0.1970
vn -0.0000 0.9516 0.3075
vn -0.0000 0.9056 0.4241
vn -0.0000 0.8397 0.5431
vn -0.0000 0.7523 0.6588
vn -0.0000 0.6446 0.7645
vn -0.0000 0.5209 0.8536
vn -0.0000 0.3876 0.9218
vn -0.0000 0.2525 0.9676
vn -0.0000 0.1222 0.9925
vn -0.0000 0.0063 1.0000
vn -0.0000 -0.0956 0.9954
vn -0.0000 -0.1986 0.9801
vn -0.0000 -0.3106 0.9505
vn -0.0000 -0.4300 0.9028
vn -0.0000 -0.5528 0.8333
vn -0.0000 -0.6721 0.7405
vn -0.0000 -0.7795 0.6264
vn -0.0000 -0.8674 0.4975
vn -0.0000 -0.9318 0.3629
vn -0.0000 -0.9729 0.2314
vn -0.0000 -0.9940 0.1098
vn -0.0000 -0.9997 0.0260
vn -0.0000 0.7071 -0.7071
vn -0.0000 -0.9254 0.3790
vn -0.0000 -0.7229 -0.6910
vn -0.0000 -0.7633 -0.6461
vn -0.0000 -0.8004 -0.5995
vn -0.0000 -0.8346 -0.5508
vn -0.0000 -0.8663 -0.4995
vn -0.0000 -0.8955 -0.4450
vn -0.0000 -0.9223 -0.3865
vn -0.0000 -0.9464 -0.3230
vn -0.0000 -0.9673 -0.2537
vn -0.0000 -0.9842 -0.1772
vn -0.0000 -0.9957 -0.0925
vn -0.0000 -1.0000 0.0063
vn -0.0000 -0.9922 0.1244
vn -0.0000 -0.9671 0.2544
vn -0.0000 -0.9221 0.3871
vn -0.0000 -0.8561 0.5168
vn -0.0000 -0.7703 0.6377
vn -0.0000 -0.6683 0.7439
vn -0.0000 -0.5552 0.8317
vn -0.0000 -0.4370 0.8995
vn -0.0000 -0.3190 0.9477
vn -0.0000 -0.2055 0.9787
vn -0.0000 -0.0990 0.9951
vn -0.0000 -0.0239 0.9997
vn -0.0000 0.0212 -0.9998
vn -0.0000 0.0896 -0.9960
vn -0.0000 0.1901 -0.9818
vn -0.0000 0.3027 -0.9531
vn -0.0000 0.4249 -0.9052
vn -0.0000 0.5514 -0.8342
vn -0.0000 0.6740 -0.7387
vn -0.0000 0.7831 -0.6219
vn -0.0000 0.8711 -0.4912
vn -0.0000 0.9343 -0.3564
vn -0.0000 0.9740 -0.2264
vn -0.0000 0.9942 -0.1073
vn -0.0000 1.0000 -0.0025
vn -0.0000 0.9958 0.0916
vn -0.0000 0.9833 0.1820
vn -0.0000 0.9629 0.2697
vn -0.0000 0.9354 0.3535
vn -0.0000 0.9017 0.4323
vn -0.0000 0.8629 0.5054
vn -0.0000 0.8201 0.5723
vn -0.0000 0.7742 0.6329
vn -0.0000 0.7263 0.6873
vn -0.0000 0.6772 0.7358
vn -0.0000 0.6275 0.7786
vn -0.0000 0.3176 0.9482
vn -0.0000 -0.8558 0.5172
vn -0.0000 -0.8760 0.4823
vn -0.0000 -0.8951 0.4458
vn -0.0000 -0.9131 0.4077
vn -0.0000 -0.9299 0.3678
vn -0.0000 -0.9455 0.3257
vn -0.0000 -0.9597 0.2811
vn -0.0000 -0.9723 0.2336
vn -0.0000 -0.9832 0.1825
vn -0.0000 -0.9919 0.1271
vn -0.0000 -0.9978 0.0663
vn -0.0000 -1.0000 -0.0027
vn -0.0000 -0.9966 -0.0823
vn -0.0000 -0.9854 -0.1700
vn -0.0000 -0.9645 -0.2641
vn -0.0000 -0.9313 -0.3643
vn -0.0000 -0.8827 -0.4699
vn -0.0000 -0.8155 -0.5787
vn -0.0000 -0.7266 -0.6870
vn -0.0000 -0.6143 -0.7891
vn -0.0000 -0.4793 -0.8777
vn -0.0000 -0.3263 -0.9453
vn -0.0000 -0.1635 -0.9865
vn -0.0000 0.0217 -0.9998
vn -0.0000 0.2356 -0.9718
vn -0.0000 0.4293 -0.9032
vn -0.0000 0.5693 -0.8221
vn -0.0000 0.6645 -0.7473
vn -0.0000 0.7285 -0.6851
vn -0.0000 0.7719 -0.6358
vn -0.0000 0.8019 -0.5974
vn -0.0000 0.8232 -0.5678
vn -0.0000 0.8385 -0.5449
vn -0.0000 0.8496 -0.5274
vn -0.0000 0.8579 -0.5139
vn -0.0000 0.8449 -0.5350
vn -0.0000 0.8197 -0.5728
vn -0.0000 0.8008 -0.5989
vn -0.0000 0.7750 -0.6320
vn -0.0000 0.7399 -0.6728
vn -0.0000 0.6926 -0.7213
vn -0.0000 0.6303 -0.7764
vn -0.0000 0.5505 -0.8348
vn -0.0000 0.4532 -0.8914
vn -0.0000 0.3416 -0.9398
vn -0.0000 0.2232 -0.9748
vn -0.0000 0.1073 -0.9942
vn -0.0000 -0.0079 -1.0000
vn -0.0000 -0.1363 -0.9907
vn -0.0000 -0.2746 -0.9616
vn -0.0000 -0.4102 -0.9120
vn -0.0000 -0.5377 -0.8432
vn -0.0000 -0.6525 -0.7578
vn -0.0000 -0.7514 -0.6598
vn -0.0000 -0.8331 -0.5532
vn -0.0000 -0.8971 -0.4418
vn -0.0000 -0.9444 -0.3287
vn -0.0000 -0.9763 -0.2164
vn -0.0000 -0.9943 -0.1065
vn -0.0000 -0.9998 -0.0175
vn -0.0000 -0.9993 0.0361
vn -0.0000 -0.9972 0.0754
vn -0.0000 -0.9930 0.1179
vn -0.0000 -0.9867 0.1625
vn -0.0000 -0.9782 0.2078
vn -0.0000 -0.9676 0.2527
vn -0.0000 -0.9553 0.2958
vn -0.0000 -0.9418 0.3361
vn -0.0000 -0.9279 0.3728
vn -0.0000 -0.9140 0.4056
vn -0.0000 -0.9008 0.4343
vn -0.0000 -0.5256 0.8508
vn -0.0000 0.8813 0.4725
vn -0.0000 0.8424 -0.5388
vn -0.0000 0.8612 -0.5082
vn -0.0000 0.8796 -0.4758
vn -0.0000 0.8975 -0.4410
vn -0.0000 0.9149 -0.4036
vn -0.0000 0.9318 -0.3630
vn -0.0000 0.9479 -0.3185
vn -0.0000 0.9631 -0.2692
vn -0.0000 0.9768 -0.2141
vn -0.0000 0.9884 -0.1518
vn -0.0000 0.9968 -0.0806
vn -0.0000 0.9997 0.0245
vn -0.0000 0.9917 0.1289
vn -0.0000 0.9784 0.2065
vn -0.0000 0.9570 0.2900
vn -0.0000 0.9249 0.3801
vn -0.0000 0.8788 0.4771
vn -0.0000 0.8148 0.5798
vn -0.0000 0.7286 0.6850
vn -0.0000 0.6173 0.7867
vn -0.0000 0.4814 0.8765
vn -0.0000 0.3263 0.9453
vn -0.0000 0.1622 0.9868
vn -0.0000 -0.0949 0.9955
vn -0.0000 -0.4565 0.8897
vn -0.0000 -0.7090 0.7052
vn -0.0000 -0.8138 0.5812
vn -0.0000 -0.8548 0.5190
vn -0.0000 -0.8659 0.5003
vn -0.0000 -0.8572 0.5150
vn -0.0000 -0.8288 0.5596
vn -0.0000 -0.7732 0.6341
vn -0.0000 -0.6756 0.7373
vn -0.0000 -0.5151 0.8571
vn -0.0000 -0.2808 0.9598
vn -0.0000 -0.0396 0.9992
vn -0.0000 0.1338 0.9910
vn -0.0000 0.2739 0.9618
vn -0.0000 0.4154 0.9096
vn -0.0000 0.5506 0.8348
vn -0.0000 0.6720 0.7406
vn -0.0000 0.8551 0.5185
vn -0.0000 0.9150 0.4034
vn -0.0000 0.9564 0.2921
vn -0.0000 0.9823 0.1872
vn -0.0000 0.9959 0.0901
vn -0.0000 1.0000 0.0098
vn -0.0000 0.9989 -0.0475
vn -0.0000 0.9955 -0.0945
vn -0.0000 0.9901 -0.1405
vn -0.0000 0.9827 -0.1852
vn -0.0000 0.9736 -0.2283
vn -0.0000 0.9630 -0.2694
vn -0.0000 0.9512 -0.3085
vn -0.0000 0.9385 -0.3453
vn -0.0000 0.9251 -0.3797
vn -0.0000 0.9112 -0.4119
vn -0.0000 0.8971 -0.4418
vn -0.0000 0.5215 -0.8532
vn -0.0000 -0.8759 -0.4826
vn -0.0000 0.9077 0.4195
vn -0.0000 0.6750 0.7378
vn -0.0000 0.7263 0.6874
vn -0.0000 0.7738 0.6334
vn -0.0000 0.8174 0.5760
vn -0.0000 0.8571 0.5152
vn -0.0000 0.8925 0.4510
vn -0.0000 0.9235 0.3835
vn -0.0000 0.9498 0.3128
vn -0.0000 0.9711 0.2388
vn -0.0000 0.9868 0.1618
vn -0.0000 0.9966 0.0820
vn -0.0000 1.0000 -0.0084
vn -0.0000 0.9928 -0.1200
vn -0.0000 0.9690 -0.2472
vn -0.0000 0.9253 -0.3793
vn -0.0000 0.8597 -0.5108
vn -0.0000 0.7728 -0.6347
vn -0.0000 0.6680 -0.7442
vn -0.0000 0.5515 -0.8342
vn -0.0000 0.4304 -0.9027
vn -0.0000 0.3110 -0.9504
vn -0.0000 0.1981 -0.9802
vn -0.0000 0.0945 -0.9955
vn -0.0000 0.0226 -0.9997
vn -0.0000 -0.0218 0.9998
vn -0.0000 -0.0903 0.9959
vn -0.0000 -0.1871 0.9823
vn -0.0000 -0.2910 0.9567
vn -0.0000 -0.4007 0.9162
vn -0.0000 -0.5139 0.8578
vn -0.0000 -0.6268 0.7791
vn -0.0000 -0.7339 0.6793
vn -0.0000 -0.8286 0.5598
vn -0.0000 -0.9051 0.4251
vn -0.0000 -0.9594 0.2822
vn -0.0000 -0.9903 0.1386
vn -0.0000 -0.9999 0.0139
vn -0.0000 -0.9966 -0.0821
vn -0.0000 -0.9856 -0.1692
vn -0.0000 -0.9660 -0.2587
vn -0.0000 -0.9381 -0.3463
vn -0.0000 -0.9038 -0.4280
vn -0.0000 -0.8654 -0.5011
vn -0.0000 -0.8257 -0.5640
vn -0.0000 -0.7871 -0.6168
vn -0.0000 -0.7512 -0.6600
vn -0.0000 -0.7190 -0.6950
vn -0.0000 -0.6909 -0.7229
vn -0.0000 -0.3639 -0.9315
vn -0.0000 -0.1201 -0.9928
vn -0.0000 -0.2444 -0.9697
vn -0.0000 -0.3702 -0.9289
vn -0.0000 -0.4936 -0.8697
vn -0.0000 -0.6101 -0.7923
vn -0.0000 -0.7153 -0.6988
vn -0.0000 -0.8058 -0.5921
vn -0.0000 -0.8793 -0.4763
vn -0.0000 -0.9346 -0.3557
vn -0.0000 -0.9722 -0.2341
vn -0.0000 -0.9934 -0.1149
vn -0.0000 -1.0000 0.0023
vn -0.0000 -0.9924 0.1232
vn -0.0000 -0.9686 0.2485
vn -0.0000 -0.9278 0.3731
vn -0.0000 -0.8697 0.4937
vn -0.0000 -0.7949 0.6067
vn -0.0000 -0.7050 0.7092
vn -0.0000 -0.6022 0.7983
vn -0.0000 -0.4894 0.8721
vn -0.0000 -0.3695 0.9292
vn -0.0000 -0.2460 0.9693
vn -0.0000 -0.1220 0.9925
vn -0.0000 0.0032 1.0000
vn -0.0000 0.1334 0.9911
vn -0.0000 0.2654 0.9642
vn -0.0000 0.3925 0.9198
vn -0.0000 0.5118 0.8591
vn -0.0000 0.6210 0.7838
vn -0.0000 0.7185 0.6955
vn -0.0000 0.8030 0.5960
vn -0.0000 0.8733 0.4873
vn -0.0000 0.9286 0.3710
vn -0.0000 0.9684 0.2495
vn -0.0000 0.9922 0.1250
vn -0.0000 1.0000 0.0025
vn -0.0000 0.9933 -0.1158
vn -0.0000 0.9722 -0.2341
vn -0.0000 0.9356 -0.3530
vn -0.0000 0.8827 -0.4699
vn -0.0000 0.8133 -0.5819
vn -0.0000 0.7277 -0.6859
vn -0.0000 0.6272 -0.7788
vn -0.0000 0.5140 -0.8578
vn -0.0000 0.3909 -0.9204
vn -0.0000 0.2616 -0.9652
vn -0.0000 0.1302 -0.9915
vn -0.0000 0.0027 -1.0000
vn -0.0000 0.1075 -0.9942
vn -0.0000 0.2202 -0.9755
vn -0.0000 0.3368 -0.9416
vn -0.0000 0.4546 -0.8907
vn -0.0000 0.5699 -0.8217
vn -0.0000 0.6786 -0.7346
vn -0.0000 0.7760 -0.6308
vn -0.0000 0.8581 -0.5135
vn -0.0000 0.9221 -0.3870
vn -0.0000 0.9666 -0.2563
vn -0.0000 0.9920 -0.1262
vn -0.0000 1.0000 -0.0038
vn -0.0000 0.9937 0.1123
vn -0.0000 0.9728 0.2318
vn -0.0000 0.9342 0.3568
vn -0.0000 0.8756 0.4830
vn -0.0000 0.7966 0.6045
vn -0.0000 0.6989 0.7152
vn -0.0000 0.5867 0.8098
vn -0.0000 0.4659 0.8848
vn -0.0000 0.3425 0.9395
vn -0.0000 0.2217 0.9751
vn -0.0000 0.1071 0.9942
vn -0.0000 -0.0050 1.0000
vn -0.0000 -0.1250 0.9922
vn -0.0000 -0.2517 0.9678
vn -0.0000 -0.3774 0.9260
vn -0.0000 -0.4985 0.8669
vn -0.0000 -0.6116 0.7912
vn -0.0000 -0.7136 0.7006
vn -0.0000 -0.8019 0.5975
vn -0.0000 -0.8747 0.4847
vn -0.0000 -0.9308 0.3655
vn -0.0000 -0.9700 0.2431
vn -0.0000 -0.9927 0.1204
vn -0.0000 -1.0000 -0.0017
vn -0.0000 -0.9919 -0.1271
vn -0.0000 -0.9668 -0.2556
vn -0.0000 -0.9241 -0.3822
vn -0.0000 -0.8640 -0.5035
vn -0.0000 -0.7877 -0.6161
vn -0.0000 -0.6970 -0.7171
vn -0.0000 -0.5943 -0.8043
vn -0.0000 -0.4823 -0.8760
vn -0.0000 -0.3640 -0.9314
vn -0.0000 -0.2424 -0.9702
vn -0.0000 -0.1203 -0.9927
vn -0.0000 -0.0035 -1.0000
vn -0.0000 0.9997 -0.0254
vn -0.0000 0.9944 -0.1058
vn -0.0000 0.9756 -0.2197
vn -0.0000 0.9404 -0.3401
vn -0.0000 0.8866 -0.4626
vn -0.0000 0.7218 -0.6921
vn -0.0000 0.6153 -0.7883
vn -0.0000 0.4982 -0.8671
vn -0.0000 0.3749 -0.9271
vn -0.0000 0.2493 -0.9684
vn -0.0000 0.1240 -0.9923
vn -0.0000 0.0108 -0.9999
vn -0.0000 -0.0838 -0.9965
vn -0.0000 -0.1756 -0.9845
vn -0.0000 -0.2750 -0.9614
vn -0.0000 -0.3787 -0.9255
vn -0.0000 -0.4822 -0.8760
vn -0.0000 -0.5806 -0.8142
vn -0.0000 -0.6693 -0.7430
vn -0.0000 -0.7456 -0.6664
vn -0.0000 -0.8083 -0.5887
vn -0.0000 -0.8581 -0.5135
vn -0.0000 -0.8964 -0.4432
vn -0.0000 -0.5435 -0.8394
vn -0.0000 0.6218 -0.7831
vn -0.0000 0.9623 -0.2721
vn -0.0000 0.9313 -0.3642
vn -0.0000 0.8885 -0.4589
vn -0.0000 0.8324 -0.5541
vn -0.0000 0.7622 -0.6474
vn -0.0000 0.6777 -0.7354
vn -0.0000 0.5799 -0.8147
vn -0.0000 0.4713 -0.8820
vn -0.0000 0.3550 -0.9349
vn -0.0000 0.2352 -0.9719
vn -0.0000 0.1159 -0.9933
vn -0.0000 -0.0031 -1.0000
vn -0.0000 -0.1262 -0.9920
vn -0.0000 -0.2527 -0.9675
vn -0.0000 -0.3792 -0.9253
vn -0.0000 -0.5034 -0.8641
vn -0.0000 -0.6212 -0.7836
vn -0.0000 -0.7280 -0.6856
vn -0.0000 -0.8191 -0.5737
vn -0.0000 -0.8912 -0.4536
vn -0.0000 -0.9435 -0.3315
vn -0.0000 -0.9771 -0.2129
vn -0.0000 -0.9948 -0.1019
vn -0.0000 -0.9997 -0.0244
vn -0.0000 0.9999 0.0162
vn -0.0000 0.9976 0.0692
vn -0.0000 0.9887 0.1499
vn -0.0000 0.9695 0.2450
vn -0.0000 0.9349 0.3549
vn -0.0000 0.8787 0.4774
vn -0.0000 0.7954 0.6061
vn -0.0000 0.6834 0.7301
vn -0.0000 0.5477 0.8367
vn -0.0000 0.3998 0.9166
vn -0.0000 0.2535 0.9673
vn -0.0000 0.1192 0.9929
vn -0.0000 0.0033 1.0000
vn -0.0000 -0.1037 0.9946
vn -0.0000 -0.2187 0.9758
vn -0.0000 -0.3452 0.9385
vn -0.0000 -0.4783 0.8782
vn -0.0000 -0.6096 0.7927
vn -0.0000 -0.7290 0.6845
vn -0.0000 -0.8280 0.5608
vn -0.0000 -0.9020 0.4317
vn -0.0000 -0.9519 0.3065
vn -0.0000 -0.9815 0.1914
vn -0.0000 -0.9960 0.0896
vn -0.0000 -0.9998 0.0211
vn -0.0000 0.9998 0.0213
vn -0.0000 0.9959 0.0904
vn -0.0000 0.9812 0.1928
vn -0.0000 0.9515 0.3077
vn -0.0000 0.9019 0.4320
vn -0.0000 0.8288 0.5596
vn -0.0000 0.7318 0.6816
vn -0.0000 0.6148 0.7887
vn -0.0000 0.4859 0.8740
vn -0.0000 0.3540 0.9352
vn -0.0000 0.2268 0.9739
vn -0.0000 0.1089 0.9940
vn -0.0000 -0.0069 1.0000
vn -0.0000 -0.1373 0.9905
vn -0.0000 -0.2825 0.9593
vn -0.0000 -0.4303 0.9027
vn -0.0000 -0.5711 0.8209
vn -0.0000 -0.6958 0.7183
vn -0.0000 -0.7978 0.6030
vn -0.0000 -0.8752 0.4838
vn -0.0000 -0.9298 0.3681
vn -0.0000 -0.9654 0.2606
vn -0.0000 -0.9865 0.1635
vn -0.0000 -0.9970 0.0771
vn -0.0000 -0.9998 0.0183
vt 0.476190 0.000000
vt 0.733333 0.000000
vt 0.485714 0.000000
vt 0.000000 0.000000
vt 0.009524 0.000000
vt 0.019048 0.000000
vt 0.028571 0.000000
vt 0.038095 0.000000
vt 0.047619 0.000000
vt 0.057143 0.000000
vt 0.066667 0.000000
vt 0.723810 0.000000
vt 0.076190 0.000000
vt 0.742857 0.000000
vt 0.714286 0.000000
vt 0.704762 0.000000
vt 0.085714 0.000000
vt 0.695238 0.000000
vt 0.685714 0.000000
vt 0.676190 0.000000
vt 0.666667 0.000000
vt 0.095238 0.000000
vt 0.657143 0.000000
vt 0.647619 0.000000
vt 0.104762 0.000000
vt 0.638095 0.000000
vt 0.628571 0.000000
vt 0.114286 0.000000
vt 0.619048 0.000000
vt 0.609524 0.000000
vt 0.123810 0.000000
vt 0.600000 0.000000
vt 0.133333 0.000000
vt 0.590476 0.000000
vt 0.142857 0.000000
vt 0.580952 0.000000
vt 0.152381 0.000000
vt 0.571429 0.000000
vt 0.161905 0.000000
vt 0.561905 0.000000
vt 0.171429 0.000000
vt 0.552381 0.000000
vt 0.180952 0.000000
vt 0.542857 0.000000
vt 0.533333 0.000000
vt 0.190476 0.000000
vt 0.523810 0.000000
vt 0.200000 0.000000
vt 0.514286 0.000000
vt 0.504762 0.000000
vt 0.495238 0.000000
vt 0.990476 0.000000
vt 0.209524 0.000000
vt 0.219048 0.000000
vt 0.228571 0.000000
vt 0.238095 0.000000
vt 0.247619 0.000000
vt 0.257143 0.000000
vt 0.266667 0.000000
vt 0.276190 0.000000
vt 0.285714 0.000000
vt 0.980952 0.000000
vt 0.295238 0.000000
vt 1.000000 0.000000
vt 0.971429 0.000000
vt 0.961905 0.000000
vt 0.952381 0.000000
vt 0.304762 0.000000
vt 0.942857 0.000000
vt 0.933333 0.000000
vt 0.314286 0.000000
vt 0.923810 0.000000
vt 0.914286 0.000000
vt 0.323810 0.000000
vt 0.904762 0.000000
vt 0.895238 0.000000
vt 0.333333 0.000000
vt 0.885714 0.000000
vt 0.342857 0.000000
vt 0.876190 0.000000
vt 0.866667 0.000000
vt 0.352381 0.000000
vt 0.857143 0.000000
vt 0.847619 0.000000
vt 0.361905 0.000000
vt 0.838095 0.000000
vt 0.371429 0.000000
vt 0.828571 0.000000
vt 0.819048 0.000000
vt 0.380952 0.000000
vt 0.809524 0.000000
vt 0.800000 0.000000
vt 0.390476 0.000000
vt 0.790476 0.000000
vt 0.780952 0.000000
vt 0.771429 0.000000
vt 0.400000 0.000000
vt 0.761905 0.000000
vt 0.752381 0.000000
vt 0.409524 0.000000
vt 0.419048 0.000000
vt 0.428571 0.000000
vt 0.438095 0.000000
vt 0.447619 0.000000
vt 0.457143 0.000000
vt 0.466667 0.000000
vt 0.357895 0.000000
vt 0.378947 0.000000
vt 0.368421 0.000000
vt 0.389474 0.000000
vt 0.347368 0.000000
vt 0.336842 0.000000
vt 0.410526 0.000000
vt 0.326316 0.000000
vt 0.421053 0.000000
vt 0.315789 0.000000
vt 0.431579 0.000000
vt 0.305263 0.000000
vt 0.442105 0.000000
vt 0.294737 0.000000
vt 0.873684 0.000000
vt 0.884211 0.000000
vt 0.863158 0.000000
vt 0.894737 0.000000
vt 0.852632 0.000000
vt 0.905263 0.000000
vt 0.842105 0.000000
vt 0.452632 0.000000
vt 0.284211 0.000000
vt 0.915789 0.000000
vt 0.831579 0.000000
vt 0.926316 0.000000
vt 0.821053 0.000000
vt 0.936842 0.000000
vt 0.810526 0.000000
vt 0.463158 0.000000
vt 0.273684 0.000000
vt 0.947368 0.000000
vt 0.957895 0.000000
vt 0.789474 0.000000
vt 0.473684 0.000000
vt 0.263158 0.000000
vt 0.968421 0.000000
vt 0.778947 0.000000
vt 0.484211 0.000000
vt 0.252632 0.000000
vt 0.978947 0.000000
vt 0.768421 0.000000
vt 0.989474 0.000000
vt 0.757895 0.000000
vt 0.494737 0.000000
vt 0.242105 0.000000
vt 0.747368 0.000000
vt 0.231579 0.000000
vt 0.505263 0.000000
vt 0.736842 0.000000
vt 0.515789 0.000000
vt 0.726316 0.000000
vt 0.221053 0.000000
vt 0.010526 0.000000
vt 0.526316 0.000000
vt 0.715789 0.000000
vt 0.536842 0.000000
vt 0.210526 0.000000
vt 0.705263 0.000000
vt 0.021053 0.000000
vt 0.547368 0.000000
vt 0.694737 0.000000
vt 0.031579 0.000000
vt 0.557895 0.000000
vt 0.684211 0.000000
vt 0.568421 0.000000
vt 0.673684 0.000000
vt 0.189474 0.000000
vt 0.042105 0.000000
vt 0.578947 0.000000
vt 0.663158 0.000000
vt 0.589474 0.000000
vt 0.652632 0.000000
vt 0.642105 0.000000
vt 0.178947 0.000000
vt 0.052632 0.000000
vt 0.610526 0.000000
vt 0.631579 0.000000
vt 0.621053 0.000000
vt 0.168421 0.000000
vt 0.063158 0.000000
vt 0.157895 0.000000
vt 0.073684 0.000000
vt 0.147368 0.000000
vt 0.084211 0.000000
vt 0.136842 0.000000
vt 0.094737 0.000000
vt 0.126316 0.000000
vt 0.105263 0.000000
vt 0.115789 0.000000
vt 0.946429 0.000000
vt 0.982143 0.000000
vt 0.964286 0.000000
vt 0.196429 0.000000
vt 0.232143 0.000000
vt 0.214286 0.000000
vt 0.178571 0.000000
vt 0.250000 0.000000
vt 0.160714 0.000000
vt 0.267857 0.000000
vt 0.125000 0.000000
vt 0.107143 0.000000
vt 0.089286 0.000000
vt 0.303571 0.000000
vt 0.071429 0.000000
vt 0.053571 0.000000
vt 0.321429 0.000000
vt 0.035714 0.000000
vt 0.339286 0.000000
vt 0.017857 0.000000
vt 0.696429 0.000000
vt 0.357143 0.000000
vt 0.910714 0.000000
vt 0.892857 0.000000
vt 0.875000 0.000000
vt 0.839286 0.000000
vt 0.821429 0.000000
vt 0.803571 0.000000
vt 0.785714 0.000000
vt 0.767857 0.000000
vt 0.750000 0.000000
vt 0.732143 0.000000
vt 0.678571 0.000000
vt 0.660714 0.000000
vt 0.642857 0.000000
vt 0.625000 0.000000
vt 0.375000 0.000000
vt 0.607143 0.000000
vt 0.589286 0.000000
vt 0.392857 0.000000
vt 0.553571 0.000000
vt 0.535714 0.000000
vt 0.410714 0.000000
vt 0.517857 0.000000
vt 0.928571 0.000000
vt 0.500000 0.000000
vt 0.482143 0.000000
vt 0.464286 0.000000
vt 0.446429 0.000000
vt 0.909774 0.000000
vt 0.902256 0.000000
vt 0.917293 0.000000
vt 0.887218 0.000000
vt 0.924812 0.000000
vt 0.932331 0.000000
vt 0.879699 0.000000
vt 0.939850 0.000000
vt 0.872180 0.000000
vt 0.954887 0.000000
vt 0.962406 0.000000
vt 0.864662 0.000000
vt 0.969925 0.000000
vt 0.977444 0.000000
vt 0.984962 0.000000
vt 0.992481 0.000000
vt 0.849624 0.000000
vt 0.045113 0.000000
vt 0.037594 0.000000
vt 0.030075 0.000000
vt 0.022556 0.000000
vt 0.015038 0.000000
vt 0.007519 0.000000
vt 0.067669 0.000000
vt 0.060150 0.000000
vt 0.834586 0.000000
vt 0.075188 0.000000
vt 0.827068 0.000000
vt 0.090226 0.000000
vt 0.082707 0.000000
vt 0.097744 0.000000
vt 0.112782 0.000000
vt 0.120301 0.000000
vt 0.127820 0.000000
vt 0.819549 0.000000
vt 0.135338 0.000000
vt 0.150376 0.000000
vt 0.812030 0.000000
vt 0.165414 0.000000
vt 0.172932 0.000000
vt 0.180451 0.000000
vt 0.804511 0.000000
vt 0.187970 0.000000
vt 0.195489 0.000000
vt 0.203008 0.000000
vt 0.218045 0.000000
vt 0.796992 0.000000
vt 0.225564 0.000000
vt 0.233083 0.000000
vt 0.240602 0.000000
vt 0.248120 0.000000
vt 0.255639 0.000000
vt 0.781955 0.000000
vt 0.270677 0.000000
vt 0.774436 0.000000
vt 0.278196 0.000000
vt 0.766917 0.000000
vt 0.293233 0.000000
vt 0.759399 0.000000
vt 0.300752 0.000000
vt 0.308271 0.000000
vt 0.751880 0.000000
vt 0.744361 0.000000
vt 0.323308 0.000000
vt 0.330827 0.000000
vt 0.338346 0.000000
vt 0.729323 0.000000
vt 0.345865 0.000000
vt 0.721804 0.000000
vt 0.353383 0.000000
vt 0.533835 0.000000
vt 0.548872 0.000000
vt 0.541353 0.000000
vt 0.360902 0.000000
vt 0.556391 0.000000
vt 0.706767 0.000000
vt 0.563910 0.000000
vt 0.699248 0.000000
vt 0.691729 0.000000
vt 0.586466 0.000000
vt 0.676692 0.000000
vt 0.375940 0.000000
vt 0.593985 0.000000
vt 0.669173 0.000000
vt 0.661654 0.000000
vt 0.601504 0.000000
vt 0.654135 0.000000
vt 0.609023 0.000000
vt 0.646617 0.000000
vt 0.616541 0.000000
vt 0.639098 0.000000
vt 0.624060 0.000000
vt 0.383459 0.000000
vt 0.390977 0.000000
vt 0.398496 0.000000
vt 0.406015 0.000000
vt 0.518797 0.000000
vt 0.511278 0.000000
vt 0.413534 0.000000
vt 0.503759 0.000000
vt 0.496241 0.000000
vt 0.488722 0.000000
vt 0.481203 0.000000
vt 0.436090 0.000000
vt 0.466165 0.000000
vt 0.458647 0.000000
vt 0.443609 0.000000
vt 0.451128 0.000000
vt 0.436364 0.000000
vt 0.472727 0.000000
vt 0.454545 0.000000
vt 0.490909 0.000000
vt 0.927273 0.000000
vt 0.963636 0.000000
vt 0.945455 0.000000
vt 0.981818 0.000000
vt 0.418182 0.000000
vt 0.509091 0.000000
vt 0.527273 0.000000
vt 0.545455 0.000000
vt 0.909091 0.000000
vt 0.563636 0.000000
vt 0.890909 0.000000
vt 0.381818 0.000000
vt 0.581818 0.000000
vt 0.872727 0.000000
vt 0.854545 0.000000
vt 0.363636 0.000000
vt 0.836364 0.000000
vt 0.618182 0.000000
vt 0.818182 0.000000
vt 0.636364 0.000000
vt 0.654545 0.000000
vt 0.781818 0.000000
vt 0.345455 0.000000
vt 0.763636 0.000000
vt 0.672727 0.000000
vt 0.745455 0.000000
vt 0.690909 0.000000
vt 0.727273 0.000000
vt 0.709091 0.000000
vt 0.018182 0.000000
vt 0.327273 0.000000
vt 0.036364 0.000000
vt 0.054545 0.000000
vt 0.309091 0.000000
vt 0.072727 0.000000
vt 0.290909 0.000000
vt 0.090909 0.000000
vt 0.109091 0.000000
vt 0.272727 0.000000
vt 0.127273 0.000000
vt 0.145455 0.000000
vt 0.254545 0.000000
vt 0.163636 0.000000
vt 0.236364 0.000000
vt 0.181818 0.000000
vt 0.218182 0.000000
vt 0.000000 1.000000
vt 0.034483 1.000000
vt 0.034483 0.000000
vt 0.068966 1.000000
vt 0.068966 0.000000
vt 0.103448 1.000000
vt 0.103448 0.000000
vt 0.137931 1.000000
vt 0.137931 0.000000
vt 0.172414 1.000000
vt 0.172414 0.000000
vt 0.206897 1.000000
vt 0.206897 0.000000
vt 0.241379 1.000000
vt 0.241379 0.000000
vt 0.275862 1.000000
vt 0.275862 0.000000
vt 0.310345 1.000000
vt 0.310345 0.000000
vt 0.344828 1.000000
vt 0.344828 0.000000
vt 0.379310 1.000000
vt 0.379310 0.000000
vt 0.413793 1.000000
vt 0.413793 0.000000
vt 0.448276 1.000000
vt 0.448276 0.000000
vt 0.482759 1.000000
vt 0.482759 0.000000
vt 0.517241 1.000000
vt 0.517241 0.000000
vt 0.551724 1.000000
vt 0.551724 0.000000
vt 0.586207 1.000000
vt 0.586207 0.000000
vt 0.620690 1.000000
vt 0.620690 0.000000
vt 0.655172 1.000000
vt 0.655172 0.000000
vt 0.689655 1.000000
vt 0.689655 0.000000
vt 0.724138 1.000000
vt 0.724138 0.000000
vt 0.758621 1.000000
vt 0.758621 0.000000
vt 0.793103 1.000000
vt 0.793103 0.000000
vt 0.827586 1.000000
vt 0.827586 0.000000
vt 0.862069 1.000000
vt 0.862069 0.000000
vt 0.896552 1.000000
vt 0.896552 0.000000
vt 0.931035 1.000000
vt 0.931035 0.000000
vt 0.965517 1.000000
vt 0.965517 0.000000
vt 1.000000 1.000000
vt 0.037037 1.000000
vt 0.037037 0.000000
vt 0.074074 1.000000
vt 0.074074 0.000000
vt 0.111111 1.000000
vt 0.111111 0.000000
vt 0.148148 1.000000
vt 0.148148 0.000000
vt 0.185185 1.000000
vt 0.185185 0.000000
vt 0.222222 1.000000
vt 0.222222 0.000000
vt 0.259259 1.000000
vt 0.259259 0.000000
vt 0.296296 1.000000
vt 0.296296 0.000000
vt 0.333333 1.000000
vt 0.370370 1.000000
vt 0.370370 0.000000
vt 0.407407 1.000000
vt 0.407407 0.000000
vt 0.444444 1.000000
vt 0.444444 0.000000
vt 0.481481 1.000000
vt 0.481481 0.000000
vt 0.518519 1.000000
vt 0.518519 0.000000
vt 0.555556 1.000000
vt 0.555556 0.000000
vt 0.592593 1.000000
vt 0.592593 0.000000
vt 0.629630 1.000000
vt 0.629630 0.000000
vt 0.666667 1.000000
vt 0.703704 1.000000
vt 0.703704 0.000000
vt 0.740741 1.000000
vt 0.740741 0.000000
vt 0.777778 1.000000
vt 0.777778 0.000000
vt 0.814815 1.000000
vt 0.814815 0.000000
vt 0.851852 1.000000
vt 0.851852 0.000000
vt 0.888889 1.000000
vt 0.888889 0.000000
vt 0.925926 1.000000
vt 0.925926 0.000000
vt 0.962963 1.000000
vt 0.962963 0.000000
vt 0.017857 1.000000
vt 0.035714 1.000000
vt 0.053571 1.000000
vt 0.071429 1.000000
vt 0.089286 1.000000
vt 0.107143 1.000000
vt 0.125000 1.000000
vt 0.142857 1.000000
vt 0.160714 1.000000
vt 0.178571 1.000000
vt 0.196429 1.000000
vt 0.214286 1.000000
vt 0.232143 1.000000
vt 0.250000 1.000000
vt 0.267857 1.000000
vt 0.285714 1.000000
vt 0.303571 1.000000
vt 0.321429 1.000000
vt 0.339286 1.000000
vt 0.357143 1.000000
vt 0.375000 1.000000
vt 0.392857 1.000000
vt 0.410714 1.000000
vt 0.428571 1.000000
vt 0.446429 1.000000
vt 0.464286 1.000000
vt 0.482143 1.000000
vt 0.500000 1.000000
vt 0.517857 1.000000
vt 0.535714 1.000000
vt 0.553571 1.000000
vt 0.571429 1.000000
vt 0.589286 1.000000
vt 0.607143 1.000000
vt 0.625000 1.000000
vt 0.642857 1.000000
vt 0.660714 1.000000
vt 0.678571 1.000000
vt 0.696429 1.000000
vt 0.714286 1.000000
vt 0.732143 1.000000
vt 0.750000 1.000000
vt 0.767857 1.000000
vt 0.785714 1.000000
vt 0.803571 1.000000
vt 0.821429 1.000000
vt 0.839286 1.000000
vt 0.857143 1.000000
vt 0.875000 1.000000
vt 0.892857 1.000000
vt 0.910714 1.000000
vt 0.928571 1.000000
vt 0.946429 1.000000
vt 0.964286 1.000000
vt 0.982143 1.000000
vt 0.007463 1.000000
vt 0.007463 0.000000
vt 0.014925 1.000000
vt 0.014925 0.000000
vt 0.022388 1.000000
vt 0.022388 0.000000
vt 0.029851 1.000000
vt 0.029851 0.000000
vt 0.037313 1.000000
vt 0.037313 0.000000
vt 0.044776 1.000000
vt 0.044776 0.000000
vt 0.052239 1.000000
vt 0.052239 0.000000
vt 0.059701 1.000000
vt 0.059701 0.000000
vt 0.067164 1.000000
vt 0.067164 0.000000
vt 0.074627 1.000000
vt 0.074627 0.000000
vt 0.082090 1.000000
vt 0.082090 0.000000
vt 0.089552 1.000000
vt 0.089552 0.000000
vt 0.097015 1.000000
vt 0.097015 0.000000
vt 0.104478 1.000000
vt 0.104478 0.000000
vt 0.111940 1.000000
vt 0.111940 0.000000
vt 0.119403 1.000000
vt 0.119403 0.000000
vt 0.126866 1.000000
vt 0.126866 0.000000
vt 0.134328 1.000000
vt 0.134328 0.000000
vt 0.141791 1.000000
vt 0.141791 0.000000
vt 0.149254 1.000000
vt 0.149254 0.000000
vt 0.156716 1.000000
vt 0.156716 0.000000
vt 0.164179 1.000000
vt 0.164179 0.000000
vt 0.171642 1.000000
vt 0.171642 0.000000
vt 0.179104 1.000000
vt 0.179104 0.000000
vt 0.186567 1.000000
vt 0.186567 0.000000
vt 0.194030 1.000000
vt 0.194030 0.000000
vt 0.201493 1.000000
vt 0.201493 0.000000
vt 0.208955 1.000000
vt 0.208955 0.000000
vt 0.216418 1.000000
vt 0.216418 0.000000
vt 0.223881 1.000000
vt 0.223881 0.000000
vt 0.231343 1.000000
vt 0.231343 0.000000
vt 0.238806 1.000000
vt 0.238806 0.000000
vt 0.246269 1.000000
vt 0.246269 0.000000
vt 0.253731 1.000000
vt 0.253731 0.000000
vt 0.261194 1.000000
vt 0.261194 0.000000
vt 0.268657 1.000000
vt 0.268657 0.000000
vt 0.276119 1.000000
vt 0.276119 0.000000
vt 0.283582 1.000000
vt 0.283582 0.000000
vt 0.291045 1.000000
vt 0.291045 0.000000
vt 0.298507 1.000000
vt 0.298507 0.000000
vt 0.305970 1.000000
vt 0.305970 0.000000
vt 0.313433 1.000000
vt 0.313433 0.000000
vt 0.320896 1.000000
vt 0.320896 0.000000
vt 0.328358 1.000000
vt 0.328358 0.000000
vt 0.335821 1.000000
vt 0.335821 0.000000
vt 0.343284 1.000000
vt 0.343284 0.000000
vt 0.350746 1.000000
vt 0.350746 0.000000
vt 0.358209 1.000000
vt 0.358209 0.000000
vt 0.365672 1.000000
vt 0.365672 0.000000
vt 0.373134 1.000000
vt 0.373134 0.000000
vt 0.380597 1.000000
vt 0.380597 0.000000
vt 0.388060 1.000000
vt 0.388060 0.000000
vt 0.395522 1.000000
vt 0.395522 0.000000
vt 0.402985 1.000000
vt 0.402985 0.000000
vt 0.410448 1.000000
vt 0.410448 0.000000
vt 0.417910 1.000000
vt 0.417910 0.000000
vt 0.425373 1.000000
vt 0.425373 0.000000
vt 0.432836 1.000000
vt 0.432836 0.000000
vt 0.440298 1.000000
vt 0.440298 0.000000
vt 0.447761 1.000000
vt 0.447761 0.000000
vt 0.455224 1.000000
vt 0.455224 0.000000
vt 0.462687 1.000000
vt 0.462687 0.000000
vt 0.470149 1.000000
vt 0.470149 0.000000
vt 0.477612 1.000000
vt 0.477612 0.000000
vt 0.485075 1.000000
vt 0.485075 0.000000
vt 0.492537 1.000000
vt 0.492537 0.000000
vt 0.507463 1.000000
vt 0.507463 0.000000
vt 0.514925 1.000000
vt 0.514925 0.000000
vt 0.522388 1.000000
vt 0.522388 0.000000
vt 0.529851 1.000000
vt 0.529851 0.000000
vt 0.537313 1.000000
vt 0.537313 0.000000
vt 0.544776 1.000000
vt 0.544776 0.000000
vt 0.552239 1.000000
vt 0.552239 0.000000
vt 0.559702 1.000000
vt 0.559702 0.000000
vt 0.567164 1.000000
vt 0.567164 0.000000
vt 0.574627 1.000000
vt 0.574627 0.000000
vt 0.582090 1.000000
vt 0.582090 0.000000
vt 0.589552 1.000000
vt 0.589552 0.000000
vt 0.597015 1.000000
vt 0.597015 0.000000
vt 0.604478 1.000000
vt 0.604478 0.000000
vt 0.611940 1.000000
vt 0.611940 0.000000
vt 0.619403 1.000000
vt 0.619403 0.000000
vt 0.626866 1.000000
vt 0.626866 0.000000
vt 0.634328 1.000000
vt 0.634328 0.000000
vt 0.641791 1.000000
vt 0.641791 0.000000
vt 0.649254 1.000000
vt 0.649254 0.000000
vt 0.656716 1.000000
vt 0.656716 0.000000
vt 0.664179 1.000000
vt 0.664179 0.000000
vt 0.671642 1.000000
vt 0.671642 0.000000
vt 0.679105 1.000000
vt 0.679105 0.000000
vt 0.686567 1.000000
vt 0.686567 0.000000
vt 0.694030 1.000000
vt 0.694030 0.000000
vt 0.701493 1.000000
vt 0.701493 0.000000
vt 0.708955 1.000000
vt 0.708955 0.000000
vt 0.716418 1.000000
vt 0.716418 0.000000
vt 0.723881 1.000000
vt 0.723881 0.000000
vt 0.731343 1.000000
vt 0.731343 0.000000
vt 0.738806 1.000000
vt 0.738806 0.000000
vt 0.746269 1.000000
vt 0.746269 0.000000
vt 0.753731 1.000000
vt 0.753731 0.000000
vt 0.761194 1.000000
vt 0.761194 0.000000
vt 0.768657 1.000000
vt 0.768657 0.000000
vt 0.776119 1.000000
vt 0.776119 0.000000
vt 0.783582 1.000000
vt 0.783582 0.000000
vt 0.791045 1.000000
vt 0.791045 0.000000
vt 0.798507 1.000000
vt 0.798507 0.000000
vt 0.805970 1.000000
vt 0.805970 0.000000
vt 0.813433 1.000000
vt 0.813433 0.000000
vt 0.820895 1.000000
vt 0.820895 0.000000
vt 0.828358 1.000000
vt 0.828358 0.000000
vt 0.835821 1.000000
vt 0.835821 0.000000
vt 0.843284 1.000000
vt 0.843284 0.000000
vt 0.850746 1.000000
vt 0.850746 0.000000
vt 0.858209 1.000000
vt 0.858209 0.000000
vt 0.865672 1.000000
vt 0.865672 0.000000
vt 0.873134 1.000000
vt 0.873134 0.000000
vt 0.880597 1.000000
vt 0.880597 0.000000
vt 0.888060 1.000000
vt 0.888060 0.000000
vt 0.895522 1.000000
vt 0.895522 0.000000
vt 0.902985 1.000000
vt 0.902985 0.000000
vt 0.910448 1.000000
vt 0.910448 0.000000
vt 0.917910 1.000000
vt 0.917910 0.000000
vt 0.925373 1.000000
vt 0.925373 0.000000
vt 0.932836 1.000000
vt 0.932836 0.000000
vt 0.940298 1.000000
vt 0.940298 0.000000
vt 0.947761 1.000000
vt 0.947761 0.000000
vt 0.955224 1.000000
vt 0.955224 0.000000
vt 0.962687 1.000000
vt 0.962687 0.000000
vt 0.970149 1.000000
vt 0.970149 0.000000
vt 0.977612 1.000000
vt 0.977612 0.000000
vt 0.985075 1.000000
vt 0.985075 0.000000
vt 0.992537 1.000000
vt 0.992537 0.000000
vt 0.017544 1.000000
vt 0.017544 0.000000
vt 0.035088 1.000000
vt 0.035088 0.000000
vt 0.052632 1.000000
vt 0.070175 1.000000
vt 0.070175 0.000000
vt 0.087719 1.000000
vt 0.087719 0.000000
vt 0.105263 1.000000
vt 0.122807 1.000000
vt 0.122807 0.000000
vt 0.140351 1.000000
vt 0.140351 0.000000
vt 0.157895 1.000000
vt 0.175439 1.000000
vt 0.175439 0.000000
vt 0.192982 1.000000
vt 0.192982 0.000000
vt 0.210526 1.000000
vt 0.228070 1.000000
vt 0.228070 0.000000
vt 0.245614 1.000000
vt 0.245614 0.000000
vt 0.263158 1.000000
vt 0.280702 1.000000
vt 0.280702 0.000000
vt 0.298246 1.000000
vt 0.298246 0.000000
vt 0.315789 1.000000
vt 0.350877 1.000000
vt 0.350877 0.000000
vt 0.368421 1.000000
vt 0.385965 1.000000
vt 0.385965 0.000000
vt 0.403509 1.000000
vt 0.403509 0.000000
vt 0.421053 1.000000
vt 0.438596 1.000000
vt 0.438596 0.000000
vt 0.456140 1.000000
vt 0.456140 0.000000
vt 0.473684 1.000000
vt 0.491228 1.000000
vt 0.491228 0.000000
vt 0.508772 1.000000
vt 0.508772 0.000000
vt 0.526316 1.000000
vt 0.543860 1.000000
vt 0.543860 0.000000
vt 0.561404 1.000000
vt 0.561404 0.000000
vt 0.578947 1.000000
vt 0.596491 1.000000
vt 0.596491 0.000000
vt 0.614035 1.000000
vt 0.614035 0.000000
vt 0.631579 1.000000
vt 0.649123 1.000000
vt 0.649123 0.000000
vt 0.684211 1.000000
vt 0.701754 1.000000
vt 0.701754 0.000000
vt 0.719298 1.000000
vt 0.719298 0.000000
vt 0.736842 1.000000
vt 0.754386 1.000000
vt 0.754386 0.000000
vt 0.771930 1.000000
vt 0.771930 0.000000
vt 0.789474 1.000000
vt 0.807018 1.000000
vt 0.807018 0.000000
vt 0.824561 1.000000
vt 0.824561 0.000000
vt 0.842105 1.000000
vt 0.859649 1.000000
vt 0.859649 0.000000
vt 0.877193 1.000000
vt 0.877193 0.000000
vt 0.894737 1.000000
vt 0.912281 1.000000
vt 0.912281 0.000000
vt 0.929825 1.000000
vt 0.929825 0.000000
vt 0.947368 1.000000
vt 0.964912 1.000000
vt 0.964912 0.000000
vt 0.982456 1.000000
vt 0.982456 0.000000
vt 0.020833 1.000000
vt 0.020833 0.000000
vt 0.041667 1.000000
vt 0.041667 0.000000
vt 0.062500 1.000000
vt 0.062500 0.000000
vt 0.083333 1.000000
vt 0.083333 0.000000
vt 0.104167 1.000000
vt 0.104167 0.000000
vt 0.145833 1.000000
vt 0.145833 0.000000
vt 0.166667 1.000000
vt 0.166667 0.000000
vt 0.187500 1.000000
vt 0.187500 0.000000
vt 0.208333 1.000000
vt 0.208333 0.000000
vt 0.229167 1.000000
vt 0.229167 0.000000
vt 0.270833 1.000000
vt 0.270833 0.000000
vt 0.291667 1.000000
vt 0.291667 0.000000
vt 0.312500 1.000000
vt 0.312500 0.000000
vt 0.354167 1.000000
vt 0.354167 0.000000
vt 0.395833 1.000000
vt 0.395833 0.000000
vt 0.416667 1.000000
vt 0.416667 0.000000
vt 0.437500 1.000000
vt 0.437500 0.000000
vt 0.458333 1.000000
vt 0.458333 0.000000
vt 0.479167 1.000000
vt 0.479167 0.000000
vt 0.520833 1.000000
vt 0.520833 0.000000
vt 0.541667 1.000000
vt 0.541667 0.000000
vt 0.562500 1.000000
vt 0.562500 0.000000
vt 0.583333 1.000000
vt 0.583333 0.000000
vt 0.604167 1.000000
vt 0.604167 0.000000
vt 0.645833 1.000000
vt 0.645833 0.000000
vt 0.687500 1.000000
vt 0.687500 0.000000
vt 0.708333 1.000000
vt 0.708333 0.000000
vt 0.729167 1.000000
vt 0.729167 0.000000
vt 0.770833 1.000000
vt 0.770833 0.000000
vt 0.791667 1.000000
vt 0.791667 0.000000
vt 0.812500 1.000000
vt 0.812500 0.000000
vt 0.833333 1.000000
vt 0.833333 0.000000
vt 0.854167 1.000000
vt 0.854167 0.000000
vt 0.895833 1.000000
vt 0.895833 0.000000
vt 0.916667 1.000000
vt 0.916667 0.000000
vt 0.937500 1.000000
vt 0.937500 0.000000
vt 0.958333 1.000000
vt 0.958333 0.000000
vt 0.979167 1.000000
vt 0.979167 0.000000
vt 0.019231 1.000000
vt 0.019231 0.000000
vt 0.038462 1.000000
vt 0.038462 0.000000
vt 0.057692 1.000000
vt 0.057692 0.000000
vt 0.076923 1.000000
vt 0.076923 0.000000
vt 0.096154 1.000000
vt 0.096154 0.000000
vt 0.115385 1.000000
vt 0.115385 0.000000
vt 0.134615 1.000000
vt 0.134615 0.000000
vt 0.153846 1.000000
vt 0.153846 0.000000
vt 0.173077 1.000000
vt 0.173077 0.000000
vt 0.192308 1.000000
vt 0.192308 0.000000
vt 0.211538 1.000000
vt 0.211538 0.000000
vt 0.230769 1.000000
vt 0.230769 0.000000
vt 0.269231 1.000000
vt 0.269231 0.000000
vt 0.288462 1.000000
vt 0.288462 0.000000
vt 0.307692 1.000000
vt 0.307692 0.000000
vt 0.326923 1.000000
vt 0.326923 0.000000
vt 0.346154 1.000000
vt 0.346154 0.000000
vt 0.365385 1.000000
vt 0.365385 0.000000
vt 0.384615 1.000000
vt 0.384615 0.000000
vt 0.403846 1.000000
vt 0.403846 0.000000
vt 0.423077 1.000000
vt 0.423077 0.000000
vt 0.442308 1.000000
vt 0.442308 0.000000
vt 0.461538 1.000000
vt 0.461538 0.000000
vt 0.480769 1.000000
vt 0.480769 0.000000
vt 0.519231 1.000000
vt 0.519231 0.000000
vt 0.538462 1.000000
vt 0.538462 0.000000
vt 0.557692 1.000000
vt 0.557692 0.000000
vt 0.576923 1.000000
vt 0.576923 0.000000
vt 0.596154 1.000000
vt 0.596154 0.000000
vt 0.615385 1.000000
vt 0.615385 0.000000
vt 0.634615 1.000000
vt 0.634615 0.000000
vt 0.653846 1.000000
vt 0.653846 0.000000
vt 0.673077 1.000000
vt 0.673077 0.000000
vt 0.692308 1.000000
vt 0.692308 0.000000
vt 0.711538 1.000000
vt 0.711538 0.000000
vt 0.730769 1.000000
vt 0.730769 0.000000
vt 0.769231 1.000000
vt 0.769231 0.000000
vt 0.788462 1.000000
vt 0.788462 0.000000
vt 0.807692 1.000000
vt 0.807692 0.000000
vt 0.826923 1.000000
vt 0.826923 0.000000
vt 0.846154 1.000000
vt 0.846154 0.000000
vt 0.865385 1.000000
vt 0.865385 0.000000
vt 0.884615 1.000000
vt 0.884615 0.000000
vt 0.903846 1.000000
vt 0.903846 0.000000
vt 0.923077 1.000000
vt 0.923077 0.000000
vt 0.942308 1.000000
vt 0.942308 0.000000
vt 0.961538 1.000000
vt 0.961538 0.000000
vt 0.980769 1.000000
vt 0.980769 0.000000
s 0
f 51/1/1 78/2/1 52/3/1
f 78/2/1 1/4/1 52/3/1
f 78/2/1 2/5/1 1/4/1
f 78/2/1 3/6/1 2/5/1
f 78/2/1 4/7/1 3/6/1
f 78/2/1 5/8/1 4/7/1
f 78/2/1 6/9/1 5/8/1
f 78/2/1 7/10/1 6/9/1
f 78/2/1 8/11/1 7/10/1
f 78/2/1 77/12/1 8/11/1
f 77/12/1 9/13/1 8/11/1
f 51/1/1 79/14/1 78/2/1
f 76/15/1 9/13/1 77/12/1
f 75/16/1 9/13/1 76/15/1
f 75/16/1 10/17/1 9/13/1
f 74/18/1 10/17/1 75/16/1
f 73/19/1 10/17/1 74/18/1
f 72/20/1 10/17/1 73/19/1
f 71/21/1 10/17/1 72/20/1
f 71/21/1 11/22/1 10/17/1
f 70/23/1 11/22/1 71/21/1
f 69/24/1 11/22/1 70/23/1
f 69/24/1 12/25/1 11/22/1
f 68/26/1 12/25/1 69/24/1
f 67/27/1 12/25/1 68/26/1
f 67/27/1 13/28/1 12/25/1
f 66/29/1 13/28/1 67/27/1
f 65/30/1 13/28/1 66/29/1
f 65/30/1 14/31/1 13/28/1
f 64/32/1 14/31/1 65/30/1
f 64/32/1 15/33/1 14/31/1
f 63/34/1 15/33/1 64/32/1
f 63/34/1 16/35/1 15/33/1
f 62/36/1 16/35/1 63/34/1
f 62/36/1 17/37/1 16/35/1
f 61/38/1 17/37/1 62/36/1
f 61/38/1 18/39/1 17/37/1
f 60/40/1 18/39/1 61/38/1
f 60/40/1 19/41/1 18/39/1
f 59/42/1 19/41/1 60/40/1
f 59/42/1 20/43/1 19/41/1
f 58/44/1 20/43/1 59/42/1
f 57/45/1 20/43/1 58/44/1
f 57/45/1 21/46/1 20/43/1
f 56/47/1 21/46/1 57/45/1
f 56/47/1 22/48/1 21/46/1
f 55/49/1 22/48/1 56/47/1
f 54/50/1 22/48/1 55/49/1
f 53/51/1 22/48/1 54/50/1
f 51/1/1 105/52/1 79/14/1
f 105/52/1 53/51/1 79/14/1
f 105/52/1 22/48/1 53/51/1
f 105/52/1 23/53/1 22/48/1
f 105/52/1 24/54/1 23/53/1
f 105/52/1 25/55/1 24/54/1
f 105/52/1 26/56/1 25/55/1
f 105/52/1 27/57/1 26/56/1
f 105/52/1 28/58/1 27/57/1
f 105/52/1 29/59/1 28/58/1
f 105/52/1 30/60/1 29/59/1
f 105/52/1 31/61/1 30/60/1
f 105/52/1 104/62/1 31/61/1
f 104/62/1 32/63/1 31/61/1
f 51/1/1 106/64/1 105/52/1
f 103/65/1 32/63/1 104/62/1
f 102/66/1 32/63/1 103/65/1
f 101/67/1 32/63/1 102/66/1
f 101/67/1 33/68/1 32/63/1
f 100/69/1 33/68/1 101/67/1
f 99/70/1 33/68/1 100/69/1
f 99/70/1 34/71/1 33/68/1
f 98/72/1 34/71/1 99/70/1
f 97/73/1 34/71/1 98/72/1
f 97/73/1 35/74/1 34/71/1
f 96/75/1 35/74/1 97/73/1
f 95/76/1 35/74/1 96/75/1
f 95/76/1 36/77/1 35/74/1
f 94/78/1 36/77/1 95/76/1
f 94/78/1 37/79/1 36/77/1
f 93/80/1 37/79/1 94/78/1
f 92/81/1 37/79/1 93/80/1
f 92/81/1 38/82/1 37/79/1
f 91/83/1 38/82/1 92/81/1
f 90/84/1 38/82/1 91/83/1
f 90/84/1 39/85/1 38/82/1
f 89/86/1 39/85/1 90/84/1
f 89/86/1 40/87/1 39/85/1
f 88/88/1 40/87/1 89/86/1
f 87/89/1 40/87/1 88/88/1
f 87/89/1 41/90/1 40/87/1
f 86/91/1 41/90/1 87/89/1
f 85/92/1 41/90/1 86/91/1
f 85/92/1 42/93/1 41/90/1
f 84/94/1 42/93/1 85/92/1
f 83/95/1 42/93/1 84/94/1
f 82/96/1 42/93/1 83/95/1
f 82/96/1 43/97/1 42/93/1
f 81/98/1 43/97/1 82/96/1
f 80/99/1 43/97/1 81/98/1
f 51/1/1 80/99/1 106/64/1
f 51/1/1 43/97/1 80/99/1
f 51/1/1 44/100/1 43/97/1
f 51/1/1 45/101/1 44/100/1
f 51/1/1 46/102/1 45/101/1
f 51/1/1 47/103/1 46/102/1
f 51/1/1 48/104/1 47/103/1
f 51/1/1 49/105/1 48/104/1
f 51/1/1 50/106/1 49/105/1
f 141/107/1 143/108/1 142/109/1
f 141/107/1 144/110/1 143/108/1
f 140/111/1 144/110/1 141/107/1
f 140/111/1 145/97/1 144/110/1
f 139/112/1 145/97/1 140/111/1
f 139/112/1 146/113/1 145/97/1
f 138/114/1 146/113/1 139/112/1
f 138/114/1 147/115/1 146/113/1
f 137/116/1 147/115/1 138/114/1
f 137/116/1 148/117/1 147/115/1
f 136/118/1 148/117/1 137/116/1
f 136/118/1 149/119/1 148/117/1
f 135/120/1 190/121/1 136/118/1
f 190/121/1 149/119/1 136/118/1
f 135/120/1 191/122/1 190/121/1
f 189/123/1 149/119/1 190/121/1
f 135/120/1 192/124/1 191/122/1
f 188/125/1 149/119/1 189/123/1
f 135/120/1 193/126/1 192/124/1
f 187/127/1 149/119/1 188/125/1
f 187/127/1 150/128/1 149/119/1
f 134/129/1 193/126/1 135/120/1
f 134/129/1 194/130/1 193/126/1
f 186/131/1 150/128/1 187/127/1
f 134/129/1 195/132/1 194/130/1
f 185/133/1 150/128/1 186/131/1
f 134/129/1 196/134/1 195/132/1
f 184/135/1 150/128/1 185/133/1
f 184/135/1 151/136/1 150/128/1
f 133/137/1 196/134/1 134/129/1
f 133/137/1 197/138/1 196/134/1
f 183/92/1 151/136/1 184/135/1
f 133/137/1 198/139/1 197/138/1
f 182/140/1 151/136/1 183/92/1
f 182/140/1 152/141/1 151/136/1
f 132/142/1 198/139/1 133/137/1
f 132/142/1 199/143/1 198/139/1
f 181/144/1 152/141/1 182/140/1
f 181/144/1 153/145/1 152/141/1
f 131/146/1 199/143/1 132/142/1
f 131/146/1 200/147/1 199/143/1
f 180/148/1 153/145/1 181/144/1
f 131/146/1 201/149/1 200/147/1
f 179/150/1 153/145/1 180/148/1
f 179/150/1 154/151/1 153/145/1
f 130/152/1 201/149/1 131/146/1
f 130/152/1 202/64/1 201/149/1
f 178/153/1 154/151/1 179/150/1
f 129/154/1 202/64/1 130/152/1
f 129/154/1 155/155/1 202/64/1
f 178/153/1 107/4/1 154/151/1
f 177/156/1 107/4/1 178/153/1
f 129/154/1 156/157/1 155/155/1
f 176/158/1 107/4/1 177/156/1
f 128/159/1 156/157/1 129/154/1
f 176/158/1 108/160/1 107/4/1
f 128/159/1 157/161/1 156/157/1
f 175/162/1 108/160/1 176/158/1
f 128/159/1 158/163/1 157/161/1
f 127/164/1 158/163/1 128/159/1
f 174/165/1 108/160/1 175/162/1
f 174/165/1 109/166/1 108/160/1
f 127/164/1 159/167/1 158/163/1
f 173/168/1 109/166/1 174/165/1
f 126/48/1 159/167/1 127/164/1
f 173/168/1 110/169/1 109/166/1
f 126/48/1 160/170/1 159/167/1
f 172/171/1 110/169/1 173/168/1
f 126/48/1 161/172/1 160/170/1
f 171/173/1 110/169/1 172/171/1
f 125/174/1 161/172/1 126/48/1
f 171/173/1 111/175/1 110/169/1
f 125/174/1 162/176/1 161/172/1
f 170/177/1 111/175/1 171/173/1
f 125/174/1 163/178/1 162/176/1
f 169/179/1 111/175/1 170/177/1
f 125/174/1 164/32/1 163/178/1
f 168/180/1 111/175/1 169/179/1
f 124/181/1 164/32/1 125/174/1
f 168/180/1 112/182/1 111/175/1
f 124/181/1 165/183/1 164/32/1
f 167/184/1 112/182/1 168/180/1
f 124/181/1 166/185/1 165/183/1
f 166/185/1 112/182/1 167/184/1
f 124/181/1 112/182/1 166/185/1
f 123/186/1 112/182/1 124/181/1
f 123/186/1 113/187/1 112/182/1
f 122/188/1 113/187/1 123/186/1
f 122/188/1 114/189/1 113/187/1
f 121/190/1 114/189/1 122/188/1
f 121/190/1 115/191/1 114/189/1
f 120/192/1 115/191/1 121/190/1
f 120/192/1 116/193/1 115/191/1
f 119/194/1 116/193/1 120/192/1
f 119/194/1 117/195/1 116/193/1
f 118/196/1 117/195/1 119/194/1
f 207/38/1 209/83/1 208/15/1
f 207/38/1 210/64/1 209/83/1
f 206/102/1 210/64/1 207/38/1
f 205/61/1 203/4/1 206/102/1
f 203/4/1 210/64/1 206/102/1
f 205/61/1 204/35/1 203/4/1
f 264/197/1 266/198/1 265/199/1
f 264/197/1 267/64/1 266/198/1
f 222/200/1 224/201/1 223/202/1
f 221/203/1 224/201/1 222/200/1
f 221/203/1 225/204/1 224/201/1
f 220/205/1 225/204/1 221/203/1
f 219/35/1 225/204/1 220/205/1
f 219/35/1 226/206/1 225/204/1
f 218/207/1 226/206/1 219/35/1
f 218/207/1 227/61/1 226/206/1
f 217/208/1 227/61/1 218/207/1
f 216/209/1 227/61/1 217/208/1
f 216/209/1 228/210/1 227/61/1
f 215/211/1 228/210/1 216/209/1
f 214/212/1 228/210/1 215/211/1
f 214/212/1 229/213/1 228/210/1
f 213/214/1 229/213/1 214/212/1
f 213/214/1 230/215/1 229/213/1
f 212/216/1 230/215/1 213/214/1
f 211/4/1 230/215/1 212/216/1
f 211/4/1 250/217/1 230/215/1
f 250/217/1 231/218/1 230/215/1
f 264/197/1 211/4/1 267/64/1
f 264/197/1 262/219/1 211/4/1
f 262/219/1 261/220/1 211/4/1
f 261/220/1 260/221/1 211/4/1
f 260/221/1 259/83/1 211/4/1
f 259/83/1 258/222/1 211/4/1
f 258/222/1 257/223/1 211/4/1
f 257/223/1 256/224/1 211/4/1
f 256/224/1 255/225/1 211/4/1
f 255/225/1 254/226/1 211/4/1
f 254/226/1 253/227/1 211/4/1
f 253/227/1 252/228/1 211/4/1
f 252/228/1 251/15/1 211/4/1
f 251/15/1 250/217/1 211/4/1
f 249/229/1 231/218/1 250/217/1
f 248/230/1 231/218/1 249/229/1
f 247/231/1 231/218/1 248/230/1
f 246/232/1 231/218/1 247/231/1
f 246/232/1 232/233/1 231/218/1
f 245/234/1 232/233/1 246/232/1
f 244/235/1 232/233/1 245/234/1
f 243/38/1 232/233/1 244/235/1
f 243/38/1 233/236/1 232/233/1
f 242/237/1 233/236/1 243/38/1
f 241/238/1 233/236/1 242/237/1
f 241/238/1 234/239/1 233/236/1
f 240/240/1 234/239/1 241/238/1
f 264/197/1 263/241/1 262/219/1
f 239/242/1 234/239/1 240/240/1
f 239/242/1 235/102/1 234/239/1
f 238/243/1 235/102/1 239/242/1
f 237/244/1 235/102/1 238/243/1
f 237/244/1 236/245/1 235/102/1
f 387/124/1 389/246/1 388/247/1
f 387/124/1 390/248/1 389/246/1
f 386/249/1 390/248/1 387/124/1
f 386/249/1 391/250/1 390/248/1
f 386/249/1 392/251/1 391/250/1
f 385/252/1 392/251/1 386/249/1
f 385/252/1 393/253/1 392/251/1
f 385/252/1 394/138/1 393/253/1
f 384/254/1 394/138/1 385/252/1
f 384/254/1 395/255/1 394/138/1
f 384/254/1 396/256/1 395/255/1
f 383/257/1 396/256/1 384/254/1
f 383/257/1 397/258/1 396/256/1
f 383/257/1 398/259/1 397/258/1
f 382/83/1 398/259/1 383/257/1
f 382/83/1 399/260/1 398/259/1
f 382/83/1 400/261/1 399/260/1
f 381/262/1 400/261/1 382/83/1
f 381/262/1 275/182/1 400/261/1
f 275/182/1 274/263/1 400/261/1
f 274/263/1 273/264/1 400/261/1
f 273/264/1 272/265/1 400/261/1
f 272/265/1 271/266/1 400/261/1
f 271/266/1 270/267/1 400/261/1
f 270/267/1 269/268/1 400/261/1
f 269/268/1 268/4/1 400/261/1
f 268/4/1 401/64/1 400/261/1
f 380/127/1 277/269/1 381/262/1
f 277/269/1 276/270/1 381/262/1
f 276/270/1 275/182/1 381/262/1
f 379/271/1 278/272/1 380/127/1
f 278/272/1 277/269/1 380/127/1
f 378/273/1 280/274/1 379/271/1
f 280/274/1 279/275/1 379/271/1
f 279/275/1 278/272/1 379/271/1
f 378/273/1 281/276/1 280/274/1
f 378/273/1 282/195/1 281/276/1
f 378/273/1 283/277/1 282/195/1
f 378/273/1 284/278/1 283/277/1
f 378/273/1 285/279/1 284/278/1
f 377/280/1 285/279/1 378/273/1
f 377/280/1 286/281/1 285/279/1
f 377/280/1 287/35/1 286/281/1
f 377/280/1 288/282/1 287/35/1
f 377/280/1 289/188/1 288/282/1
f 376/283/1 289/188/1 377/280/1
f 376/283/1 290/284/1 289/188/1
f 376/283/1 291/285/1 290/284/1
f 376/283/1 292/286/1 291/285/1
f 375/287/1 292/286/1 376/283/1
f 375/287/1 293/288/1 292/286/1
f 375/287/1 294/289/1 293/288/1
f 375/287/1 295/290/1 294/289/1
f 375/287/1 296/164/1 295/290/1
f 375/287/1 297/291/1 296/164/1
f 374/292/1 297/291/1 375/287/1
f 374/292/1 298/293/1 297/291/1
f 374/292/1 299/294/1 298/293/1
f 374/292/1 300/295/1 299/294/1
f 373/140/1 300/295/1 374/292/1
f 373/140/1 301/296/1 300/295/1
f 373/140/1 302/297/1 301/296/1
f 373/140/1 303/142/1 302/297/1
f 372/298/1 303/142/1 373/140/1
f 372/298/1 304/299/1 303/142/1
f 371/300/1 304/299/1 372/298/1
f 371/300/1 305/301/1 304/299/1
f 371/300/1 306/61/1 305/301/1
f 370/302/1 306/61/1 371/300/1
f 370/302/1 307/303/1 306/61/1
f 369/304/1 307/303/1 370/302/1
f 369/304/1 308/305/1 307/303/1
f 369/304/1 309/306/1 308/305/1
f 368/307/1 309/306/1 369/304/1
f 368/307/1 310/116/1 309/306/1
f 367/308/1 310/116/1 368/307/1
f 367/308/1 311/309/1 310/116/1
f 367/308/1 312/310/1 311/309/1
f 366/156/1 312/310/1 367/308/1
f 366/156/1 313/311/1 312/310/1
f 365/312/1 313/311/1 366/156/1
f 365/312/1 314/313/1 313/311/1
f 364/314/1 314/313/1 365/312/1
f 364/314/1 315/315/1 314/313/1
f 339/316/1 341/317/1 340/318/1
f 364/314/1 316/319/1 315/315/1
f 363/15/1 316/319/1 364/314/1
f 339/316/1 342/320/1 341/317/1
f 362/321/1 316/319/1 363/15/1
f 339/316/1 343/322/1 342/320/1
f 361/323/1 316/319/1 362/321/1
f 361/323/1 317/109/1 316/319/1
f 339/316/1 344/38/1 343/322/1
f 360/324/1 317/109/1 361/323/1
f 339/316/1 345/176/1 344/38/1
f 359/171/1 317/109/1 360/324/1
f 339/316/1 346/325/1 345/176/1
f 358/326/1 317/109/1 359/171/1
f 358/326/1 318/327/1 317/109/1
f 339/316/1 347/328/1 346/325/1
f 357/329/1 318/327/1 358/326/1
f 356/330/1 318/327/1 357/329/1
f 339/316/1 348/331/1 347/328/1
f 355/332/1 318/327/1 356/330/1
f 339/316/1 349/333/1 348/331/1
f 354/334/1 318/327/1 355/332/1
f 339/316/1 350/335/1 349/333/1
f 353/336/1 318/327/1 354/334/1
f 339/316/1 351/337/1 350/335/1
f 352/184/1 318/327/1 353/336/1
f 339/316/1 352/184/1 351/337/1
f 352/184/1 319/338/1 318/327/1
f 339/316/1 319/338/1 352/184/1
f 339/316/1 320/339/1 319/338/1
f 339/316/1 321/340/1 320/339/1
f 338/161/1 321/340/1 339/316/1
f 338/161/1 322/341/1 321/340/1
f 337/342/1 322/341/1 338/161/1
f 336/343/1 322/341/1 337/342/1
f 336/343/1 323/344/1 322/341/1
f 335/345/1 323/344/1 336/343/1
f 334/346/1 323/344/1 335/345/1
f 334/346/1 324/115/1 323/344/1
f 333/347/1 324/115/1 334/346/1
f 333/347/1 325/102/1 324/115/1
f 332/348/1 325/102/1 333/347/1
f 331/141/1 325/102/1 332/348/1
f 331/141/1 326/349/1 325/102/1
f 330/350/1 326/349/1 331/141/1
f 329/351/1 326/349/1 330/350/1
f 329/351/1 327/352/1 326/349/1
f 328/353/1 327/352/1 329/351/1
f 426/354/1 428/355/1 427/356/1
f 426/354/1 429/357/1 428/355/1
f 453/358/1 455/359/1 454/360/1
f 453/358/1 456/361/1 455/359/1
f 425/362/1 429/357/1 426/354/1
f 425/362/1 430/363/1 429/357/1
f 425/362/1 431/364/1 430/363/1
f 424/97/1 431/364/1 425/362/1
f 424/97/1 432/365/1 431/364/1
f 452/366/1 456/361/1 453/358/1
f 424/97/1 433/367/1 432/365/1
f 451/368/1 456/361/1 452/366/1
f 423/369/1 433/367/1 424/97/1
f 423/369/1 434/370/1 433/367/1
f 450/371/1 456/361/1 451/368/1
f 449/372/1 456/361/1 450/371/1
f 423/369/1 435/32/1 434/370/1
f 422/373/1 435/32/1 423/369/1
f 448/374/1 456/361/1 449/372/1
f 422/373/1 436/375/1 435/32/1
f 447/376/1 402/4/1 448/374/1
f 402/4/1 456/361/1 448/374/1
f 422/373/1 437/377/1 436/375/1
f 446/92/1 402/4/1 447/376/1
f 422/373/1 438/378/1 437/377/1
f 445/379/1 402/4/1 446/92/1
f 421/380/1 438/378/1 422/373/1
f 444/381/1 402/4/1 445/379/1
f 421/380/1 439/382/1 438/378/1
f 443/383/1 402/4/1 444/381/1
f 421/380/1 440/384/1 439/382/1
f 442/385/1 402/4/1 443/383/1
f 421/380/1 441/386/1 440/384/1
f 441/386/1 402/4/1 442/385/1
f 421/380/1 402/4/1 441/386/1
f 421/380/1 403/387/1 402/4/1
f 457/64/1 456/361/1 402/4/1
f 420/388/1 403/387/1 421/380/1
f 420/388/1 404/389/1 403/387/1
f 420/388/1 405/390/1 404/389/1
f 419/391/1 405/390/1 420/388/1
f 419/391/1 406/392/1 405/390/1
f 418/393/1 406/392/1 419/391/1
f 418/393/1 407/394/1 406/392/1
f 418/393/1 408/395/1 407/394/1
f 417/396/1 408/395/1 418/393/1
f 417/396/1 409/397/1 408/395/1
f 417/396/1 410/398/1 409/397/1
f 416/399/1 410/398/1 417/396/1
f 416/399/1 411/400/1 410/398/1
f 415/401/1 411/400/1 416/399/1
f 415/401/1 412/402/1 411/400/1
f 415/401/1 413/48/1 412/402/1
f 414/403/1 413/48/1 415/401/1
f 484/355/1 512/361/1 485/357/1
f 512/361/1 486/363/1 485/357/1
f 512/361/1 458/4/1 486/363/1
f 512/361/1 459/387/1 458/4/1
f 512/361/1 460/389/1 459/387/1
f 512/361/1 461/390/1 460/389/1
f 512/361/1 462/392/1 461/390/1
f 512/361/1 463/394/1 462/392/1
f 512/361/1 464/395/1 463/394/1
f 512/361/1 511/359/1 464/395/1
f 511/359/1 465/397/1 464/395/1
f 484/355/1 513/64/1 512/361/1
f 510/360/1 465/397/1 511/359/1
f 509/358/1 465/397/1 510/360/1
f 508/366/1 465/397/1 509/358/1
f 508/366/1 466/398/1 465/397/1
f 507/368/1 466/398/1 508/366/1
f 506/371/1 466/398/1 507/368/1
f 505/372/1 466/398/1 506/371/1
f 505/372/1 467/400/1 466/398/1
f 504/374/1 467/400/1 505/372/1
f 503/376/1 467/400/1 504/374/1
f 502/92/1 467/400/1 503/376/1
f 502/92/1 468/402/1 467/400/1
f 501/379/1 468/402/1 502/92/1
f 500/381/1 468/402/1 501/379/1
f 500/381/1 469/48/1 468/402/1
f 499/383/1 469/48/1 500/381/1
f 498/385/1 469/48/1 499/383/1
f 498/385/1 470/403/1 469/48/1
f 497/386/1 470/403/1 498/385/1
f 497/386/1 471/401/1 470/403/1
f 496/384/1 471/401/1 497/386/1
f 495/382/1 471/401/1 496/384/1
f 495/382/1 472/399/1 471/401/1
f 494/378/1 472/399/1 495/382/1
f 493/377/1 472/399/1 494/378/1
f 493/377/1 473/396/1 472/399/1
f 492/375/1 473/396/1 493/377/1
f 491/32/1 473/396/1 492/375/1
f 490/370/1 473/396/1 491/32/1
f 489/367/1 473/396/1 490/370/1
f 489/367/1 474/393/1 473/396/1
f 488/365/1 474/393/1 489/367/1
f 487/364/1 474/393/1 488/365/1
f 484/355/1 482/354/1 513/64/1
f 482/354/1 487/364/1 513/64/1
f 482/354/1 474/393/1 487/364/1
f 482/354/1 475/391/1 474/393/1
f 482/354/1 476/388/1 475/391/1
f 482/354/1 477/380/1 476/388/1
f 482/354/1 478/373/1 477/380/1
f 482/354/1 479/369/1 478/373/1
f 482/354/1 480/97/1 479/369/1
f 482/354/1 481/362/1 480/97/1
f 484/355/1 483/356/1 482/354/1
f 564/1/2 565/3/2 591/2/2
f 591/2/2 565/3/2 514/4/2
f 591/2/2 514/4/2 515/5/2
f 591/2/2 515/5/2 516/6/2
f 591/2/2 516/6/2 517/7/2
f 591/2/2 517/7/2 518/8/2
f 591/2/2 518/8/2 519/9/2
f 591/2/2 519/9/2 520/10/2
f 591/2/2 520/10/2 521/11/2
f 591/2/2 521/11/2 590/12/2
f 590/12/2 521/11/2 522/13/2
f 564/1/2 591/2/2 592/14/2
f 589/15/2 590/12/2 522/13/2
f 588/16/2 589/15/2 522/13/2
f 588/16/2 522/13/2 523/17/2
f 587/18/2 588/16/2 523/17/2
f 586/19/2 587/18/2 523/17/2
f 585/20/2 586/19/2 523/17/2
f 584/21/2 585/20/2 523/17/2
f 584/21/2 523/17/2 524/22/2
f 583/23/2 584/21/2 524/22/2
f 582/24/2 583/23/2 524/22/2
f 582/24/2 524/22/2 525/25/2
f 581/26/2 582/24/2 525/25/2
f 580/27/2 581/26/2 525/25/2
f 580/27/2 525/25/2 526/28/2
f 579/29/2 580/27/2 526/28/2
f 578/30/2 579/29/2 526/28/2
f 578/30/2 526/28/2 527/31/2
f 577/32/2 578/30/2 527/31/2
f 577/32/2 527/31/2 528/33/2
f 576/34/2 577/32/2 528/33/2
f 576/34/2 528/33/2 529/35/2
f 575/36/2 576/34/2 529/35/2
f 575/36/2 529/35/2 530/37/2
f 574/38/2 575/36/2 530/37/2
f 574/38/2 530/37/2 531/39/2
f 573/40/2 574/38/2 531/39/2
f 573/40/2 531/39/2 532/41/2
f 572/42/2 573/40/2 532/41/2
f 572/42/2 532/41/2 533/43/2
f 571/44/2 572/42/2 533/43/2
f 570/45/2 571/44/2 533/43/2
f 570/45/2 533/43/2 534/46/2
f 569/47/2 570/45/2 534/46/2
f 569/47/2 534/46/2 535/48/2
f 568/49/2 569/47/2 535/48/2
f 567/50/2 568/49/2 535/48/2
f 566/51/2 567/50/2 535/48/2
f 564/1/2 592/14/2 618/52/2
f 618/52/2 592/14/2 566/51/2
f 618/52/2 566/51/2 535/48/2
f 618/52/2 535/48/2 536/53/2
f 618/52/2 536/53/2 537/54/2
f 618/52/2 537/54/2 538/55/2
f 618/52/2 538/55/2 539/56/2
f 618/52/2 539/56/2 540/57/2
f 618/52/2 540/57/2 541/58/2
f 618/52/2 541/58/2 542/59/2
f 618/52/2 542/59/2 543/60/2
f 618/52/2 543/60/2 544/61/2
f 618/52/2 544/61/2 617/62/2
f 617/62/2 544/61/2 545/63/2
f 564/1/2 618/52/2 619/64/2
f 616/65/2 617/62/2 545/63/2
f 615/66/2 616/65/2 545/63/2
f 614/67/2 615/66/2 545/63/2
f 614/67/2 545/63/2 546/68/2
f 613/69/2 614/67/2 546/68/2
f 612/70/2 613/69/2 546/68/2
f 612/70/2 546/68/2 547/71/2
f 611/72/2 612/70/2 547/71/2
f 610/73/2 611/72/2 547/71/2
f 610/73/2 547/71/2 548/74/2
f 609/75/2 610/73/2 548/74/2
f 608/76/2 609/75/2 548/74/2
f 608/76/2 548/74/2 549/77/2
f 607/78/2 608/76/2 549/77/2
f 607/78/2 549/77/2 550/79/2
f 606/80/2 607/78/2 550/79/2
f 605/81/2 606/80/2 550/79/2
f 605/81/2 550/79/2 551/82/2
f 604/83/2 605/81/2 551/82/2
f 603/84/2 604/83/2 551/82/2
f 603/84/2 551/82/2 552/85/2
f 602/86/2 603/84/2 552/85/2
f 602/86/2 552/85/2 553/87/2
f 601/88/2 602/86/2 553/87/2
f 600/89/2 601/88/2 553/87/2
f 600/89/2 553/87/2 554/90/2
f 599/91/2 600/89/2 554/90/2
f 598/92/2 599/91/2 554/90/2
f 598/92/2 554/90/2 555/93/2
f 597/94/2 598/92/2 555/93/2
f 596/95/2 597/94/2 555/93/2
f 595/96/2 596/95/2 555/93/2
f 595/96/2 555/93/2 556/97/2
f 594/98/2 595/96/2 556/97/2
f 593/99/2 594/98/2 556/97/2
f 564/1/2 619/64/2 593/99/2
f 564/1/2 593/99/2 556/97/2
f 564/1/2 556/97/2 557/100/2
f 564/1/2 557/100/2 558/101/2
f 564/1/2 558/101/2 559/102/2
f 564/1/2 559/102/2 560/103/2
f 564/1/2 560/103/2 561/104/2
f 564/1/2 561/104/2 562/105/2
f 564/1/2 562/105/2 563/106/2
f 654/107/2 655/109/2 656/108/2
f 654/107/2 656/108/2 657/110/2
f 653/111/2 654/107/2 657/110/2
f 653/111/2 657/110/2 658/97/2
f 652/112/2 653/111/2 658/97/2
f 652/112/2 658/97/2 659/113/2
f 651/114/2 652/112/2 659/113/2
f 651/114/2 659/113/2 660/115/2
f 650/116/2 651/114/2 660/115/2
f 650/116/2 660/115/2 661/117/2
f 649/118/2 650/116/2 661/117/2
f 649/118/2 661/117/2 662/119/2
f 648/120/2 649/118/2 703/121/2
f 703/121/2 649/118/2 662/119/2
f 648/120/2 703/121/2 704/122/2
f 702/123/2 703/121/2 662/119/2
f 648/120/2 704/122/2 705/124/2
f 701/125/2 702/123/2 662/119/2
f 648/120/2 705/124/2 706/126/2
f 700/127/2 701/125/2 662/119/2
f 700/127/2 662/119/2 663/128/2
f 647/129/2 648/120/2 706/126/2
f 647/129/2 706/126/2 707/130/2
f 699/131/2 700/127/2 663/128/2
f 647/129/2 707/130/2 708/132/2
f 698/133/2 699/131/2 663/128/2
f 647/129/2 708/132/2 709/134/2
f 697/135/2 698/133/2 663/128/2
f 697/135/2 663/128/2 664/136/2
f 646/137/2 647/129/2 709/134/2
f 646/137/2 709/134/2 710/138/2
f 696/92/2 697/135/2 664/136/2
f 646/137/2 710/138/2 711/139/2
f 695/140/2 696/92/2 664/136/2
f 695/140/2 664/136/2 665/141/2
f 645/142/2 646/137/2 711/139/2
f 645/142/2 711/139/2 712/143/2
f 694/144/2 695/140/2 665/141/2
f 694/144/2 665/141/2 666/145/2
f 644/146/2 645/142/2 712/143/2
f 644/146/2 712/143/2 713/147/2
f 693/148/2 694/144/2 666/145/2
f 644/146/2 713/147/2 714/149/2
f 692/150/2 693/148/2 666/145/2
f 692/150/2 666/145/2 667/151/2
f 643/152/2 644/146/2 714/149/2
f 643/152/2 714/149/2 715/64/2
f 691/153/2 692/150/2 667/151/2
f 642/154/2 643/152/2 715/64/2
f 642/154/2 715/64/2 668/155/2
f 691/153/2 667/151/2 620/4/2
f 690/156/2 691/153/2 620/4/2
f 642/154/2 668/155/2 669/157/2
f 689/158/2 690/156/2 620/4/2
f 641/159/2 642/154/2 669/157/2
f 689/158/2 620/4/2 621/160/2
f 641/159/2 669/157/2 670/161/2
f 688/162/2 689/158/2 621/160/2
f 641/159/2 670/161/2 671/163/2
f 640/164/2 641/159/2 671/163/2
f 687/165/2 688/162/2 621/160/2
f 687/165/2 621/160/2 622/166/2
f 640/164/2 671/163/2 672/167/2
f 686/168/2 687/165/2 622/166/2
f 639/48/2 640/164/2 672/167/2
f 686/168/2 622/166/2 623/169/2
f 639/48/2 672/167/2 673/170/2
f 685/171/2 686/168/2 623/169/2
f 639/48/2 673/170/2 674/172/2
f 684/173/2 685/171/2 623/169/2
f 638/174/2 639/48/2 674/172/2
f 684/173/2 623/169/2 624/175/2
f 638/174/2 674/172/2 675/176/2
f 683/177/2 684/173/2 624/175/2
f 638/174/2 675/176/2 676/178/2
f 682/179/2 683/177/2 624/175/2
f 638/174/2 676/178/2 677/32/2
f 681/180/2 682/179/2 624/175/2
f 637/181/2 638/174/2 677/32/2
f 681/180/2 624/175/2 625/182/2
f 637/181/2 677/32/2 678/183/2
f 680/184/2 681/180/2 625/182/2
f 637/181/2 678/183/2 679/185/2
f 679/185/2 680/184/2 625/182/2
f 637/181/2 679/185/2 625/182/2
f 636/186/2 637/181/2 625/182/2
f 636/186/2 625/182/2 626/187/2
f 635/188/2 636/186/2 626/187/2
f 635/188/2 626/187/2 627/189/2
f 634/190/2 635/188/2 627/189/2
f 634/190/2 627/189/2 628/191/2
f 633/192/2 634/190/2 628/191/2
f 633/192/2 628/191/2 629/193/2
f 632/194/2 633/192/2 629/193/2
f 632/194/2 629/193/2 630/195/2
f 631/196/2 632/194/2 630/195/2
f 720/38/2 721/15/2 722/83/2
f 720/38/2 722/83/2 723/64/2
f 719/102/1 720/38/1 723/64/1
f 718/61/2 719/102/2 716/4/2
f 716/4/1 719/102/1 723/64/1
f 718/61/2 716/4/2 717/35/2
f 777/197/2 778/199/2 779/198/2
f 777/197/2 779/198/2 780/64/2
f 735/200/2 736/202/2 737/201/2
f 734/203/2 735/200/2 737/201/2
f 734/203/2 737/201/2 738/204/2
f 733/205/2 734/203/2 738/204/2
f 732/35/2 733/205/2 738/204/2
f 732/35/2 738/204/2 739/206/2
f 731/207/2 732/35/2 739/206/2
f 731/207/2 739/206/2 740/61/2
f 730/208/2 731/207/2 740/61/2
f 729/209/2 730/208/2 740/61/2
f 729/209/2 740/61/2 741/210/2
f 728/211/2 729/209/2 741/210/2
f 727/212/2 728/211/2 741/210/2
f 727/212/2 741/210/2 742/213/2
f 726/214/2 727/212/2 742/213/2
f 726/214/2 742/213/2 743/215/2
f 725/216/2 726/214/2 743/215/2
f 724/4/2 725/216/2 743/215/2
f 724/4/2 743/215/2 763/217/2
f 763/217/2 743/215/2 744/218/2
f 777/197/2 780/64/2 724/4/2
f 777/197/2 724/4/2 775/219/2
f 775/219/2 724/4/2 774/220/2
f 774/220/2 724/4/2 773/221/2
f 773/221/2 724/4/2 772/83/2
f 772/83/2 724/4/2 771/222/2
f 771/222/2 724/4/2 770/223/2
f 770/223/2 724/4/2 769/224/2
f 769/224/2 724/4/2 768/225/2
f 768/225/2 724/4/2 767/226/2
f 767/226/2 724/4/2 766/227/2
f 766/227/2 724/4/2 765/228/2
f 765/228/2 724/4/2 764/15/2
f 764/15/2 724/4/2 763/217/2
f 762/229/2 763/217/2 744/218/2
f 761/230/2 762/229/2 744/218/2
f 760/231/2 761/230/2 744/218/2
f 759/232/2 760/231/2 744/218/2
f 759/232/2 744/218/2 745/233/2
f 758/234/2 759/232/2 745/233/2
f 757/235/2 758/234/2 745/233/2
f 756/38/2 757/235/2 745/233/2
f 756/38/2 745/233/2 746/236/2
f 755/237/2 756/38/2 746/236/2
f 754/238/2 755/237/2 746/236/2
f 754/238/2 746/236/2 747/239/2
f 753/240/2 754/238/2 747/239/2
f 777/197/2 775/219/2 776/241/2
f 752/242/2 753/240/2 747/239/2
f 752/242/2 747/239/2 748/102/2
f 751/243/2 752/242/2 748/102/2
f 750/244/2 751/243/2 748/102/2
f 750/244/2 748/102/2 749/245/2
f 900/124/2 901/247/2 902/246/2
f 900/124/2 902/246/2 903/248/2
f 899/249/2 900/124/2 903/248/2
f 899/249/2 903/248/2 904/250/2
f 899/249/2 904/250/2 905/251/2
f 898/252/2 899/249/2 905/251/2
f 898/252/2 905/251/2 906/253/2
f 898/252/2 906/253/2 907/138/2
f 897/254/2 898/252/2 907/138/2
f 897/254/2 907/138/2 908/255/2
f 897/254/2 908/255/2 909/256/2
f 896/257/2 897/254/2 909/256/2
f 896/257/2 909/256/2 910/258/2
f 896/257/2 910/258/2 911/259/2
f 895/83/2 896/257/2 911/259/2
f 895/83/2 911/259/2 912/260/2
f 895/83/2 912/260/2 913/261/2
f 894/262/2 895/83/2 913/261/2
f 894/262/2 913/261/2 788/182/2
f 788/182/2 913/261/2 787/263/2
f 787/263/2 913/261/2 786/264/2
f 786/264/2 913/261/2 785/265/2
f 785/265/2 913/261/2 784/266/2
f 784/266/2 913/261/2 783/267/2
f 783/267/2 913/261/2 782/268/2
f 782/268/2 913/261/2 781/4/2
f 781/4/2 913/261/2 914/64/2
f 893/127/2 894/262/2 790/269/2
f 790/269/2 894/262/2 789/270/2
f 789/270/2 894/262/2 788/182/2
f 892/271/2 893/127/2 791/272/2
f 791/272/2 893/127/2 790/269/2
f 891/273/2 892/271/2 793/274/2
f 793/274/2 892/271/2 792/275/2
f 792/275/2 892/271/2 791/272/2
f 891/273/2 793/274/2 794/276/2
f 891/273/2 794/276/2 795/195/2
f 891/273/2 795/195/2 796/277/2
f 891/273/2 796/277/2 797/278/2
f 891/273/2 797/278/2 798/279/2
f 890/280/2 891/273/2 798/279/2
f 890/280/2 798/279/2 799/281/2
f 890/280/2 799/281/2 800/35/2
f 890/280/2 800/35/2 801/282/2
f 890/280/2 801/282/2 802/188/2
f 889/283/2 890/280/2 802/188/2
f 889/283/2 802/188/2 803/284/2
f 889/283/2 803/284/2 804/285/2
f 889/283/2 804/285/2 805/286/2
f 888/287/2 889/283/2 805/286/2
f 888/287/2 805/286/2 806/288/2
f 888/287/2 806/288/2 807/289/2
f 888/287/2 807/289/2 808/290/2
f 888/287/2 808/290/2 809/164/2
f 888/287/2 809/164/2 810/291/2
f 887/292/2 888/287/2 810/291/2
f 887/292/2 810/291/2 811/293/2
f 887/292/2 811/293/2 812/294/2
f 887/292/2 812/294/2 813/295/2
f 886/140/2 887/292/2 813/295/2
f 886/140/2 813/295/2 814/296/2
f 886/140/2 814/296/2 815/297/2
f 886/140/2 815/297/2 816/142/2
f 885/298/2 886/140/2 816/142/2
f 885/298/2 816/142/2 817/299/2
f 884/300/2 885/298/2 817/299/2
f 884/300/2 817/299/2 818/301/2
f 884/300/2 818/301/2 819/61/2
f 883/302/2 884/300/2 819/61/2
f 883/302/2 819/61/2 820/303/2
f 882/304/2 883/302/2 820/303/2
f 882/304/2 820/303/2 821/305/2
f 882/304/2 821/305/2 822/306/2
f 881/307/2 882/304/2 822/306/2
f 881/307/2 822/306/2 823/116/2
f 880/308/2 881/307/2 823/116/2
f 880/308/2 823/116/2 824/309/2
f 880/308/2 824/309/2 825/310/2
f 879/156/2 880/308/2 825/310/2
f 879/156/2 825/310/2 826/311/2
f 878/312/2 879/156/2 826/311/2
f 878/312/2 826/311/2 827/313/2
f 877/314/2 878/312/2 827/313/2
f 877/314/2 827/313/2 828/315/2
f 852/316/2 853/318/2 854/317/2
f 877/314/2 828/315/2 829/319/2
f 876/15/2 877/314/2 829/319/2
f 852/316/2 854/317/2 855/320/2
f 875/321/2 876/15/2 829/319/2
f 852/316/2 855/320/2 856/322/2
f 874/323/2 875/321/2 829/319/2
f 874/323/2 829/319/2 830/109/2
f 852/316/2 856/322/2 857/38/2
f 873/324/2 874/323/2 830/109/2
f 852/316/2 857/38/2 858/176/2
f 872/171/2 873/324/2 830/109/2
f 852/316/2 858/176/2 859/325/2
f 871/326/2 872/171/2 830/109/2
f 871/326/2 830/109/2 831/327/2
f 852/316/2 859/325/2 860/328/2
f 870/329/2 871/326/2 831/327/2
f 869/330/2 870/329/2 831/327/2
f 852/316/2 860/328/2 861/331/2
f 868/332/2 869/330/2 831/327/2
f 852/316/2 861/331/2 862/333/2
f 867/334/2 868/332/2 831/327/2
f 852/316/2 862/333/2 863/335/2
f 866/336/2 867/334/2 831/327/2
f 852/316/2 863/335/2 864/337/2
f 865/184/2 866/336/2 831/327/2
f 852/316/2 864/337/2 865/184/2
f 865/184/2 831/327/2 832/338/2
f 852/316/2 865/184/2 832/338/2
f 852/316/2 832/338/2 833/339/2
f 852/316/2 833/339/2 834/340/2
f 851/161/2 852/316/2 834/340/2
f 851/161/2 834/340/2 835/341/2
f 850/342/2 851/161/2 835/341/2
f 849/343/2 850/342/2 835/341/2
f 849/343/2 835/341/2 836/344/2
f 848/345/2 849/343/2 836/344/2
f 847/346/2 848/345/2 836/344/2
f 847/346/2 836/344/2 837/115/2
f 846/347/2 847/346/2 837/115/2
f 846/347/2 837/115/2 838/102/2
f 845/348/2 846/347/2 838/102/2
f 844/141/2 845/348/2 838/102/2
f 844/141/2 838/102/2 839/349/2
f 843/350/2 844/141/2 839/349/2
f 842/351/2 843/350/2 839/349/2
f 842/351/2 839/349/2 840/352/2
f 841/353/2 842/351/2 840/352/2
f 939/354/2 940/356/2 941/355/2
f 939/354/2 941/355/2 942/357/2
f 966/358/2 967/360/2 968/359/2
f 966/358/2 968/359/2 969/361/2
f 938/362/2 939/354/2 942/357/2
f 938/362/2 942/357/2 943/363/2
f 938/362/2 943/363/2 944/364/2
f 937/97/2 938/362/2 944/364/2
f 937/97/2 944/364/2 945/365/2
f 965/366/2 966/358/2 969/361/2
f 937/97/2 945/365/2 946/367/2
f 964/368/2 965/366/2 969/361/2
f 936/369/2 937/97/2 946/367/2
f 936/369/2 946/367/2 947/370/2
f 963/371/2 964/368/2 969/361/2
f 962/372/2 963/371/2 969/361/2
f 936/369/2 947/370/2 948/32/2
f 935/373/2 936/369/2 948/32/2
f 961/374/2 962/372/2 969/361/2
f 935/373/2 948/32/2 949/375/2
f 960/376/2 961/374/2 915/4/2
f 915/4/2 961/374/2 969/361/2
f 935/373/2 949/375/2 950/377/2
f 959/92/2 960/376/2 915/4/2
f 935/373/2 950/377/2 951/378/2
f 958/379/2 959/92/2 915/4/2
f 934/380/2 935/373/2 951/378/2
f 957/381/2 958/379/2 915/4/2
f 934/380/2 951/378/2 952/382/2
f 956/383/2 957/381/2 915/4/2
f 934/380/2 952/382/2 953/384/2
f 955/385/2 956/383/2 915/4/2
f 934/380/2 953/384/2 954/386/2
f 954/386/2 955/385/2 915/4/2
f 934/380/2 954/386/2 915/4/2
f 934/380/2 915/4/2 916/387/2
f 970/64/2 915/4/2 969/361/2
f 933/388/2 934/380/2 916/387/2
f 933/388/2 916/387/2 917/389/2
f 933/388/2 917/389/2 918/390/2
f 932/391/2 933/388/2 918/390/2
f 932/391/2 918/390/2 919/392/2
f 931/393/2 932/391/2 919/392/2
f 931/393/2 919/392/2 920/394/2
f 931/393/2 920/394/2 921/395/2
f 930/396/2 931/393/2 921/395/2
f 930/396/2 921/395/2 922/397/2
f 930/396/2 922/397/2 923/398/2
f 929/399/2 930/396/2 923/398/2
f 929/399/2 923/398/2 924/400/2
f 928/401/2 929/399/2 924/400/2
f 928/401/2 924/400/2 925/402/2
f 928/401/2 925/402/2 926/48/2
f 927/403/2 928/401/2 926/48/2
f 997/355/2 998/357/2 1025/361/2
f 1025/361/2 998/357/2 999/363/2
f 1025/361/2 999/363/2 971/4/2
f 1025/361/2 971/4/2 972/387/2
f 1025/361/2 972/387/2 973/389/2
f 1025/361/2 973/389/2 974/390/2
f 1025/361/2 974/390/2 975/392/2
f 1025/361/2 975/392/2 976/394/2
f 1025/361/2 976/394/2 977/395/2
f 1025/361/2 977/395/2 1024/359/2
f 1024/359/2 977/395/2 978/397/2
f 997/355/2 1025/361/2 1026/64/2
f 1023/360/2 1024/359/2 978/397/2
f 1022/358/2 1023/360/2 978/397/2
f 1021/366/2 1022/358/2 978/397/2
f 1021/366/2 978/397/2 979/398/2
f 1020/368/2 1021/366/2 979/398/2
f 1019/371/2 1020/368/2 979/398/2
f 1018/372/2 1019/371/2 979/398/2
f 1018/372/2 979/398/2 980/400/2
f 1017/374/2 1018/372/2 980/400/2
f 1016/376/2 1017/374/2 980/400/2
f 1015/92/2 1016/376/2 980/400/2
f 1015/92/2 980/400/2 981/402/2
f 1014/379/2 1015/92/2 981/402/2
f 1013/381/2 1014/379/2 981/402/2
f 1013/381/2 981/402/2 982/48/2
f 1012/383/2 1013/381/2 982/48/2
f 1011/385/2 1012/383/2 982/48/2
f 1011/385/2 982/48/2 983/403/2
f 1010/386/2 1011/385/2 983/403/2
f 1010/386/2 983/403/2 984/401/2
f 1009/384/2 1010/386/2 984/401/2
f 1008/382/2 1009/384/2 984/401/2
f 1008/382/2 984/401/2 985/399/2
f 1007/378/2 1008/382/2 985/399/2
f 1006/377/2 1007/378/2 985/399/2
f 1006/377/2 985/399/2 986/396/2
f 1005/375/2 1006/377/2 986/396/2
f 1004/32/2 1005/375/2 986/396/2
f 1003/370/2 1004/32/2 986/396/2
f 1002/367/2 1003/370/2 986/396/2
f 1002/367/2 986/396/2 987/393/2
f 1001/365/2 1002/367/2 987/393/2
f 1000/364/2 1001/365/2 987/393/2
f 997/355/2 1026/64/2 995/354/2
f 995/354/2 1026/64/2 1000/364/2
f 995/354/2 1000/364/2 987/393/2
f 995/354/2 987/393/2 988/391/2
f 995/354/2 988/391/2 989/388/2
f 995/354/2 989/388/2 990/380/2
f 995/354/2 990/380/2 991/373/2
f 995/354/2 991/373/2 992/369/2
f 995/354/2 992/369/2 993/97/2
f 995/354/2 993/97/2 994/362/2
f 997/355/2 995/354/2 996/356/2
s 1
f 1028/404/3 1030/405/4 1029/406/4 1027/4/3
f 1030/405/4 1032/407/5 1031/408/5 1029/406/4
f 1032/407/5 1034/409/6 1033/410/6 1031/408/5
f 1034/409/6 1036/411/7 1035/412/7 1033/410/6
f 1036/411/7 1038/413/8 1037/414/8 1035/412/7
f 1038/413/8 1040/415/9 1039/416/9 1037/414/8
f 1040/415/9 1042/417/10 1041/418/10 1039/416/9
f 1042/417/10 1044/419/11 1043/420/11 1041/418/10
f 1044/419/11 1046/421/12 1045/422/12 1043/420/11
f 1046/421/12 1048/423/13 1047/424/13 1045/422/12
f 1048/423/13 1050/425/14 1049/426/14 1047/424/13
f 1050/425/14 1052/427/15 1051/428/15 1049/426/14
f 1052/427/15 1054/429/16 1053/430/16 1051/428/15
f 1054/429/16 1056/431/17 1055/432/17 1053/430/16
f 1056/431/17 1058/433/18 1057/434/18 1055/432/17
f 1058/433/18 1060/435/19 1059/436/19 1057/434/18
f 1060/435/19 1062/437/20 1061/438/20 1059/436/19
f 1062/437/20 1064/439/21 1063/440/21 1061/438/20
f 1064/439/21 1066/441/22 1065/442/22 1063/440/21
f 1066/441/22 1068/443/23 1067/444/23 1065/442/22
f 1068/443/23 1070/445/24 1069/446/24 1067/444/23
f 1070/445/24 1072/447/25 1071/448/25 1069/446/24
f 1072/447/25 1074/449/26 1073/450/26 1071/448/25
f 1074/449/26 1076/451/27 1075/452/27 1073/450/26
f 1076/451/27 1078/453/27 1077/454/27 1075/452/27
f 1078/453/27 1080/455/28 1079/456/28 1077/454/27
f 1080/455/28 1082/457/29 1081/458/29 1079/456/28
f 1082/457/29 1084/459/30 1083/460/30 1081/458/29
f 1084/459/30 1028/461/3 1027/64/3 1083/460/30
f 1086/404/31 1088/462/32 1087/463/32 1085/4/31
f 1088/462/32 1090/464/33 1089/465/33 1087/463/32
f 1090/464/33 1092/466/34 1091/467/34 1089/465/33
f 1092/466/34 1094/468/35 1093/469/35 1091/467/34
f 1094/468/35 1096/470/36 1095/471/36 1093/469/35
f 1096/470/36 1098/472/37 1097/473/37 1095/471/36
f 1098/472/37 1100/474/38 1099/475/38 1097/473/37
f 1100/474/38 1102/476/39 1101/477/39 1099/475/38
f 1102/476/39 1104/478/40 1103/77/40 1101/477/39
f 1104/478/40 1106/479/41 1105/480/41 1103/77/40
f 1106/479/41 1108/481/42 1107/482/42 1105/480/41
f 1108/481/42 1110/483/43 1109/484/43 1107/482/42
f 1110/483/43 1112/485/44 1111/486/44 1109/484/43
f 1112/485/44 1114/487/45 1113/488/45 1111/486/44
f 1114/487/45 1116/489/46 1115/490/46 1113/488/45
f 1116/489/46 1118/491/47 1117/492/47 1115/490/46
f 1118/491/47 1120/493/48 1119/494/48 1117/492/47
f 1120/493/48 1122/495/49 1121/21/49 1119/494/48
f 1122/495/49 1124/496/50 1123/497/50 1121/21/49
f 1124/496/50 1126/498/51 1125/499/51 1123/497/50
f 1126/498/51 1128/500/52 1127/501/52 1125/499/51
f 1128/500/52 1130/502/53 1129/503/53 1127/501/52
f 1130/502/53 1132/504/54 1131/505/54 1129/503/53
f 1132/504/54 1134/506/55 1133/507/55 1131/505/54
f 1134/506/55 1136/508/27 1135/509/27 1133/507/55
f 1136/508/27 1138/510/56 1137/511/56 1135/509/27
f 1138/510/56 1086/461/31 1085/64/31 1137/511/56
f 1140/404/57 1142/512/58 1141/216/58 1139/4/57
f 1142/512/58 1144/513/59 1143/214/59 1141/216/58
f 1144/513/59 1146/514/60 1145/212/60 1143/214/59
f 1146/514/60 1148/515/61 1147/211/61 1145/212/60
f 1148/515/61 1150/516/62 1149/209/62 1147/211/61
f 1150/516/62 1152/517/63 1151/208/63 1149/209/62
f 1152/517/63 1154/518/64 1153/207/64 1151/208/63
f 1154/518/64 1156/519/65 1155/35/65 1153/207/64
f 1156/519/65 1158/520/66 1157/205/66 1155/35/65
f 1158/520/66 1160/521/67 1159/203/67 1157/205/66
f 1160/521/67 1162/522/68 1161/200/68 1159/203/67
f 1162/522/68 1164/523/69 1163/202/69 1161/200/68
f 1164/523/69 1166/524/70 1165/201/70 1163/202/69
f 1166/524/70 1168/525/71 1167/204/71 1165/201/70
f 1168/525/71 1170/526/72 1169/206/72 1167/204/71
f 1170/526/72 1172/527/73 1171/61/73 1169/206/72
f 1172/527/73 1174/528/74 1173/210/74 1171/61/73
f 1174/528/74 1176/529/75 1175/213/75 1173/210/74
f 1176/529/75 1178/530/76 1177/215/76 1175/213/75
f 1178/530/76 1180/531/77 1179/218/77 1177/215/76
f 1180/531/77 1182/532/78 1181/233/78 1179/218/77
f 1182/532/78 1184/533/79 1183/236/79 1181/233/78
f 1184/533/79 1186/534/80 1185/239/80 1183/236/79
f 1186/534/80 1188/535/81 1187/102/81 1185/239/80
f 1188/535/81 1190/536/29 1189/245/29 1187/102/81
f 1190/536/29 1192/537/56 1191/244/56 1189/245/29
f 1192/537/56 1194/538/82 1193/243/82 1191/244/56
f 1194/538/82 1196/539/83 1195/242/83 1193/243/82
f 1196/539/83 1198/540/84 1197/240/84 1195/242/83
f 1198/540/84 1200/541/85 1199/238/85 1197/240/84
f 1200/541/85 1202/542/86 1201/237/86 1199/238/85
f 1202/542/86 1204/543/87 1203/38/87 1201/237/86
f 1204/543/87 1206/544/88 1205/235/88 1203/38/87
f 1206/544/88 1208/545/89 1207/234/89 1205/235/88
f 1208/545/89 1210/546/90 1209/232/90 1207/234/89
f 1210/546/90 1212/547/91 1211/231/91 1209/232/90
f 1212/547/91 1214/548/92 1213/230/92 1211/231/91
f 1214/548/92 1216/549/93 1215/229/93 1213/230/92
f 1216/549/93 1218/550/94 1217/217/94 1215/229/93
f 1218/550/94 1220/551/95 1219/15/95 1217/217/94
f 1220/551/95 1222/552/96 1221/228/96 1219/15/95
f 1222/552/96 1224/553/97 1223/227/97 1221/228/96
f 1224/553/97 1226/554/98 1225/226/98 1223/227/97
f 1226/554/98 1228/555/99 1227/225/99 1225/226/98
f 1228/555/99 1230/556/100 1229/224/100 1227/225/99
f 1230/556/100 1232/557/101 1231/223/101 1229/224/100
f 1232/557/101 1234/558/102 1233/222/102 1231/223/101
f 1234/558/102 1236/559/103 1235/83/103 1233/222/102
f 1236/559/103 1238/560/104 1237/221/104 1235/83/103
f 1238/560/104 1240/561/105 1239/220/105 1237/221/104
f 1240/561/105 1242/562/106 1241/219/106 1239/220/105
f 1242/562/106 1244/563/29 1243/241/29 1241/219/106
f 1244/563/29 1246/564/56 1245/197/56 1243/241/29
f 1246/564/56 1248/565/27 1247/199/27 1245/197/56
f 1248/565/27 1250/566/28 1249/198/28 1247/199/27
f 1250/566/28 1140/461/57 1139/64/57 1249/198/28
f 1252/404/107 1254/567/108 1253/568/108 1251/4/107
f 1254/567/108 1256/569/109 1255/570/109 1253/568/108
f 1256/569/109 1258/571/110 1257/572/110 1255/570/109
f 1258/571/110 1260/573/111 1259/574/111 1257/572/110
f 1260/573/111 1262/575/112 1261/576/112 1259/574/111
f 1262/575/112 1264/577/113 1263/578/113 1261/576/112
f 1264/577/113 1266/579/114 1265/580/114 1263/578/113
f 1266/579/114 1268/581/115 1267/582/115 1265/580/114
f 1268/581/115 1270/583/116 1269/584/116 1267/582/115
f 1270/583/116 1272/585/117 1271/586/117 1269/584/116
f 1272/585/117 1274/587/118 1273/588/118 1271/586/117
f 1274/587/118 1276/589/119 1275/590/119 1273/588/118
f 1276/589/119 1278/591/120 1277/592/120 1275/590/119
f 1278/591/120 1280/593/121 1279/594/121 1277/592/120
f 1280/593/121 1282/595/122 1281/596/122 1279/594/121
f 1282/595/122 1284/597/123 1283/598/123 1281/596/122
f 1284/597/123 1286/599/124 1285/600/124 1283/598/123
f 1286/599/124 1288/601/125 1287/602/125 1285/600/124
f 1288/601/125 1290/603/126 1289/604/126 1287/602/125
f 1290/603/126 1292/605/127 1291/606/127 1289/604/126
f 1292/605/127 1294/607/128 1293/608/128 1291/606/127
f 1294/607/128 1296/609/129 1295/610/129 1293/608/128
f 1296/609/129 1298/611/130 1297/612/130 1295/610/129
f 1298/611/130 1300/613/131 1299/614/131 1297/612/130
f 1300/613/131 1302/615/132 1301/616/132 1299/614/131
f 1302/615/132 1304/617/133 1303/618/133 1301/616/132
f 1304/617/133 1306/619/134 1305/620/134 1303/618/133
f 1306/619/134 1308/621/135 1307/622/135 1305/620/134
f 1308/621/135 1310/623/136 1309/624/136 1307/622/135
f 1310/623/136 1312/625/137 1311/626/137 1309/624/136
f 1312/625/137 1314/627/138 1313/628/138 1311/626/137
f 1314/627/138 1316/629/139 1315/630/139 1313/628/138
f 1316/629/139 1318/631/140 1317/632/140 1315/630/139
f 1318/631/140 1320/633/141 1319/634/141 1317/632/140
f 1320/633/141 1322/635/142 1321/636/142 1319/634/141
f 1322/635/142 1324/637/143 1323/638/143 1321/636/142
f 1324/637/143 1326/639/144 1325/640/144 1323/638/143
f 1326/639/144 1328/641/145 1327/642/145 1325/640/144
f 1328/641/145 1330/643/146 1329/644/146 1327/642/145
f 1330/643/146 1332/645/147 1331/646/147 1329/644/146
f 1332/645/147 1334/647/148 1333/648/148 1331/646/147
f 1334/647/148 1336/649/149 1335/650/149 1333/648/148
f 1336/649/149 1338/651/150 1337/652/150 1335/650/149
f 1338/651/150 1340/653/151 1339/654/151 1337/652/150
f 1340/653/151 1342/655/152 1341/656/152 1339/654/151
f 1342/655/152 1344/657/153 1343/658/153 1341/656/152
f 1344/657/153 1346/659/154 1345/660/154 1343/658/153
f 1346/659/154 1348/661/155 1347/662/155 1345/660/154
f 1348/661/155 1350/663/156 1349/664/156 1347/662/155
f 1350/663/156 1352/665/157 1351/666/157 1349/664/156
f 1352/665/157 1354/667/158 1353/668/158 1351/666/157
f 1354/667/158 1356/669/159 1355/670/159 1353/668/158
f 1356/669/159 1358/671/160 1357/672/160 1355/670/159
f 1358/671/160 1360/673/161 1359/674/161 1357/672/160
f 1360/673/161 1362/675/162 1361/676/162 1359/674/161
f 1362/675/162 1364/677/163 1363/678/163 1361/676/162
f 1364/677/163 1366/679/164 1365/680/164 1363/678/163
f 1366/679/164 1368/681/165 1367/682/165 1365/680/164
f 1368/681/165 1370/683/166 1369/684/166 1367/682/165
f 1370/683/166 1372/685/167 1371/686/167 1369/684/166
f 1372/685/167 1374/687/168 1373/688/168 1371/686/167
f 1374/687/168 1376/689/169 1375/690/169 1373/688/168
f 1376/689/169 1378/691/170 1377/692/170 1375/690/169
f 1378/691/170 1380/693/171 1379/694/171 1377/692/170
f 1380/693/171 1382/695/172 1381/696/172 1379/694/171
f 1382/695/172 1384/697/173 1383/698/173 1381/696/172
f 1384/697/173 1386/539/174 1385/242/174 1383/698/173
f 1386/539/174 1388/699/175 1387/700/175 1385/242/174
f 1388/699/175 1390/701/176 1389/702/176 1387/700/175
f 1390/701/176 1392/703/177 1391/704/177 1389/702/176
f 1392/703/177 1394/705/178 1393/706/178 1391/704/177
f 1394/705/178 1396/707/179 1395/708/179 1393/706/178
f 1396/707/179 1398/709/180 1397/710/180 1395/708/179
f 1398/709/180 1400/711/181 1399/712/181 1397/710/180
f 1400/711/181 1402/713/182 1401/714/182 1399/712/181
f 1402/713/182 1404/715/183 1403/716/183 1401/714/182
f 1404/715/183 1406/717/184 1405/718/184 1403/716/183
f 1406/717/184 1408/719/185 1407/720/185 1405/718/184
f 1408/719/185 1410/721/186 1409/722/186 1407/720/185
f 1410/721/186 1412/723/187 1411/724/187 1409/722/186
f 1412/723/187 1414/725/188 1413/726/188 1411/724/187
f 1414/725/188 1416/727/189 1415/728/189 1413/726/188
f 1416/727/189 1418/729/190 1417/730/190 1415/728/189
f 1418/729/190 1420/731/191 1419/732/191 1417/730/190
f 1420/731/191 1422/733/192 1421/734/192 1419/732/191
f 1422/733/192 1424/735/193 1423/736/193 1421/734/192
f 1424/735/193 1426/737/194 1425/738/194 1423/736/193
f 1426/737/194 1428/739/195 1427/740/195 1425/738/194
f 1428/739/195 1430/741/196 1429/742/196 1427/740/195
f 1430/741/196 1432/743/197 1431/744/197 1429/742/196
f 1432/743/197 1434/745/198 1433/746/198 1431/744/197
f 1434/745/198 1436/747/199 1435/748/199 1433/746/198
f 1436/747/199 1438/749/200 1437/750/200 1435/748/199
f 1438/749/200 1440/751/201 1439/752/201 1437/750/200
f 1440/751/201 1442/753/202 1441/754/202 1439/752/201
f 1442/753/202 1444/755/203 1443/756/203 1441/754/202
f 1444/755/203 1446/757/204 1445/758/204 1443/756/203
f 1446/757/204 1448/759/205 1447/760/205 1445/758/204
f 1448/759/205 1450/761/206 1449/762/206 1447/760/205
f 1450/761/206 1452/763/207 1451/764/207 1449/762/206
f 1452/763/207 1454/765/208 1453/766/208 1451/764/207
f 1454/765/208 1456/767/209 1455/768/209 1453/766/208
f 1456/767/209 1458/769/210 1457/770/210 1455/768/209
f 1458/769/210 1460/771/211 1459/772/211 1457/770/210
f 1460/771/211 1462/773/212 1461/774/212 1459/772/211
f 1462/773/212 1464/775/213 1463/776/213 1461/774/212
f 1464/775/213 1466/777/214 1465/778/214 1463/776/213
f 1466/777/214 1468/779/215 1467/780/215 1465/778/214
f 1468/779/215 1470/781/216 1469/782/216 1467/780/215
f 1470/781/216 1472/783/217 1471/784/217 1469/782/216
f 1472/783/217 1474/785/218 1473/786/218 1471/784/217
f 1474/785/218 1476/787/219 1475/788/219 1473/786/218
f 1476/787/219 1478/789/220 1477/790/220 1475/788/219
f 1478/789/220 1480/791/102 1479/792/102 1477/790/220
f 1480/791/102 1482/793/221 1481/794/221 1479/792/102
f 1482/793/221 1484/795/222 1483/796/222 1481/794/221
f 1484/795/222 1486/797/223 1485/798/223 1483/796/222
f 1486/797/223 1488/799/224 1487/800/224 1485/798/223
f 1488/799/224 1490/801/225 1489/802/225 1487/800/224
f 1490/801/225 1492/803/226 1491/804/226 1489/802/225
f 1492/803/226 1494/805/227 1493/806/227 1491/804/226
f 1494/805/227 1496/807/228 1495/808/228 1493/806/227
f 1496/807/228 1498/809/229 1497/810/229 1495/808/228
f 1498/809/229 1500/811/230 1499/812/230 1497/810/229
f 1500/811/230 1502/813/231 1501/814/231 1499/812/230
f 1502/813/231 1504/815/232 1503/816/232 1501/814/231
f 1504/815/232 1506/817/233 1505/818/233 1503/816/232
f 1506/817/233 1508/819/234 1507/820/234 1505/818/233
f 1508/819/234 1510/821/235 1509/822/235 1507/820/234
f 1510/821/235 1512/823/236 1511/824/236 1509/822/235
f 1512/823/236 1514/825/237 1513/826/237 1511/824/236
f 1514/825/237 1516/827/238 1515/828/238 1513/826/237
f 1516/827/238 1518/829/239 1517/830/239 1515/828/238
f 1518/829/239 1252/461/107 1251/64/107 1517/830/239
f 1520/404/240 1522/831/241 1521/832/241 1519/4/240
f 1522/831/241 1524/833/242 1523/834/242 1521/832/241
f 1524/833/242 1526/835/243 1525/182/243 1523/834/242
f 1526/835/243 1528/836/244 1527/837/244 1525/182/243
f 1528/836/244 1530/838/245 1529/839/245 1527/837/244
f 1530/838/245 1532/840/246 1531/195/246 1529/839/245
f 1532/840/246 1534/841/247 1533/842/247 1531/195/246
f 1534/841/247 1536/843/248 1535/844/248 1533/842/247
f 1536/843/248 1538/845/249 1537/188/249 1535/844/248
f 1538/845/249 1540/846/250 1539/847/250 1537/188/249
f 1540/846/250 1542/848/251 1541/849/251 1539/847/250
f 1542/848/251 1544/850/252 1543/164/252 1541/849/251
f 1544/850/252 1546/851/253 1545/852/253 1543/164/252
f 1546/851/253 1548/853/254 1547/854/254 1545/852/253
f 1548/853/254 1550/855/255 1549/142/255 1547/854/254
f 1550/855/255 1552/856/256 1551/857/256 1549/142/255
f 1552/856/256 1554/858/257 1553/859/257 1551/857/256
f 1554/858/257 1556/860/258 1555/116/258 1553/859/257
f 1556/860/258 1558/478/259 1557/77/259 1555/116/258
f 1558/478/259 1560/861/260 1559/862/260 1557/77/259
f 1560/861/260 1562/863/261 1561/109/261 1559/862/260
f 1562/863/261 1564/864/262 1563/865/262 1561/109/261
f 1564/864/262 1566/866/263 1565/867/263 1563/865/262
f 1566/866/263 1568/868/264 1567/115/264 1565/867/263
f 1568/868/264 1570/869/27 1569/870/27 1567/115/264
f 1570/869/27 1572/871/28 1571/872/28 1569/870/27
f 1572/871/28 1574/873/265 1573/141/265 1571/872/28
f 1574/873/265 1576/874/266 1575/875/266 1573/141/265
f 1576/874/266 1578/876/267 1577/877/267 1575/875/266
f 1578/876/267 1580/878/268 1579/161/268 1577/877/267
f 1580/878/268 1582/879/269 1581/880/269 1579/161/268
f 1582/879/269 1584/881/270 1583/882/270 1581/880/269
f 1584/881/270 1586/883/271 1585/176/271 1583/882/270
f 1586/883/271 1588/884/272 1587/885/272 1585/176/271
f 1588/884/272 1590/886/273 1589/887/273 1587/885/272
f 1590/886/273 1592/888/274 1591/184/274 1589/887/273
f 1592/888/274 1594/889/275 1593/890/275 1591/184/274
f 1594/889/275 1596/495/276 1595/21/276 1593/890/275
f 1596/495/276 1598/891/277 1597/171/277 1595/21/276
f 1598/891/277 1600/892/278 1599/893/278 1597/171/277
f 1600/892/278 1602/894/279 1601/895/279 1599/893/278
f 1602/894/279 1604/896/280 1603/156/280 1601/895/279
f 1604/896/280 1606/897/281 1605/898/281 1603/156/280
f 1606/897/281 1608/899/282 1607/900/282 1605/898/281
f 1608/899/282 1610/901/283 1609/140/283 1607/900/282
f 1610/901/283 1612/902/284 1611/903/284 1609/140/283
f 1612/902/284 1614/904/285 1613/905/285 1611/903/284
f 1614/904/285 1616/906/286 1615/127/286 1613/905/285
f 1616/906/286 1618/907/287 1617/908/287 1615/127/286
f 1618/907/287 1620/909/288 1619/910/288 1617/908/287
f 1620/909/288 1622/911/289 1621/124/289 1619/910/288
f 1622/911/289 1624/912/27 1623/913/27 1621/124/289
f 1624/912/27 1626/914/28 1625/915/28 1623/913/27
f 1626/914/28 1628/916/29 1627/138/29 1625/915/28
f 1628/916/29 1630/917/56 1629/918/56 1627/138/29
f 1630/917/56 1632/919/56 1631/920/56 1629/918/56
f 1632/919/56 1520/461/240 1519/64/240 1631/920/56
f 1634/404/27 1636/518/27 1635/207/27 1633/4/27
f 1636/518/27 1638/525/28 1637/204/28 1635/207/27
f 1638/525/28 1640/532/28 1639/233/28 1637/204/28
f 1640/532/28 1642/539/28 1641/242/28 1639/233/28
f 1642/539/28 1644/546/29 1643/232/29 1641/242/28
f 1644/546/29 1646/553/56 1645/227/56 1643/232/29
f 1646/553/56 1648/560/27 1647/221/27 1645/227/56
f 1648/560/27 1634/461/27 1633/64/27 1647/221/27
f 1650/404/290 1652/921/291 1651/922/291 1649/4/290
f 1652/921/291 1654/923/292 1653/924/292 1651/922/291
f 1654/923/292 1656/925/293 1655/926/293 1653/924/292
f 1656/925/293 1658/927/294 1657/928/294 1655/926/293
f 1658/927/294 1660/929/295 1659/930/295 1657/928/294
f 1660/929/295 1662/518/296 1661/207/296 1659/930/295
f 1662/518/296 1664/931/297 1663/932/297 1661/207/296
f 1664/931/297 1666/933/298 1665/934/298 1663/932/297
f 1666/933/298 1668/935/299 1667/936/299 1665/934/298
f 1668/935/299 1670/937/300 1669/938/300 1667/936/299
f 1670/937/300 1672/939/301 1671/940/301 1669/938/300
f 1672/939/301 1674/525/302 1673/204/302 1671/940/301
f 1674/525/302 1676/941/303 1675/942/303 1673/204/302
f 1676/941/303 1678/943/304 1677/944/304 1675/942/303
f 1678/943/304 1680/945/305 1679/946/305 1677/944/304
f 1680/945/305 1682/478/306 1681/77/306 1679/946/305
f 1682/478/306 1684/947/307 1683/948/307 1681/77/306
f 1684/947/307 1686/532/308 1685/233/308 1683/948/307
f 1686/532/308 1688/949/309 1687/950/309 1685/233/308
f 1688/949/309 1690/951/310 1689/952/310 1687/950/309
f 1690/951/310 1692/953/311 1691/954/311 1689/952/310
f 1692/953/311 1694/955/312 1693/956/312 1691/954/311
f 1694/955/312 1696/957/313 1695/958/313 1693/956/312
f 1696/957/313 1698/539/314 1697/242/314 1695/958/313
f 1698/539/314 1700/959/315 1699/960/315 1697/242/314
f 1700/959/315 1702/961/316 1701/962/316 1699/960/315
f 1702/961/316 1704/963/317 1703/964/317 1701/962/316
f 1704/963/317 1706/965/318 1705/966/318 1703/964/317
f 1706/965/318 1708/967/319 1707/968/319 1705/966/318
f 1708/967/319 1710/546/320 1709/232/320 1707/968/319
f 1710/546/320 1712/969/321 1711/970/321 1709/232/320
f 1712/969/321 1714/495/322 1713/21/322 1711/970/321
f 1714/495/322 1716/971/323 1715/972/323 1713/21/322
f 1716/971/323 1718/973/324 1717/974/324 1715/972/323
f 1718/973/324 1720/975/325 1719/976/325 1717/974/324
f 1720/975/325 1722/553/326 1721/227/326 1719/976/325
f 1722/553/326 1724/977/327 1723/978/327 1721/227/326
f 1724/977/327 1726/979/328 1725/980/328 1723/978/327
f 1726/979/328 1728/981/329 1727/982/329 1725/980/328
f 1728/981/329 1730/983/330 1729/984/330 1727/982/329
f 1730/983/330 1732/985/331 1731/986/331 1729/984/330
f 1732/985/331 1734/560/332 1733/221/332 1731/986/331
f 1734/560/332 1736/987/333 1735/988/333 1733/221/332
f 1736/987/333 1738/989/334 1737/990/334 1735/988/333
f 1738/989/334 1740/991/335 1739/992/335 1737/990/334
f 1740/991/335 1742/993/336 1741/994/336 1739/992/335
f 1742/993/336 1744/995/337 1743/996/337 1741/994/336
f 1744/995/337 1650/461/290 1649/64/290 1743/996/337
f 1746/404/338 1748/921/339 1747/922/339 1745/4/338
f 1748/921/339 1750/923/340 1749/924/340 1747/922/339
f 1750/923/340 1752/925/341 1751/926/341 1749/924/340
f 1752/925/341 1754/927/342 1753/928/342 1751/926/341
f 1754/927/342 1756/929/343 1755/930/343 1753/928/342
f 1756/929/343 1758/518/344 1757/207/344 1755/930/343
f 1758/518/344 1760/931/345 1759/932/345 1757/207/344
f 1760/931/345 1762/933/346 1761/934/346 1759/932/345
f 1762/933/346 1764/935/347 1763/936/347 1761/934/346
f 1764/935/347 1766/937/348 1765/938/348 1763/936/347
f 1766/937/348 1768/939/349 1767/940/349 1765/938/348
f 1768/939/349 1770/525/350 1769/204/350 1767/940/349
f 1770/525/350 1772/941/351 1771/942/351 1769/204/350
f 1772/941/351 1774/943/352 1773/944/352 1771/942/351
f 1774/943/352 1776/945/353 1775/946/353 1773/944/352
f 1776/945/353 1778/478/354 1777/77/354 1775/946/353
f 1778/478/354 1780/947/355 1779/948/355 1777/77/354
f 1780/947/355 1782/532/356 1781/233/356 1779/948/355
f 1782/532/356 1784/949/357 1783/950/357 1781/233/356
f 1784/949/357 1786/951/358 1785/952/358 1783/950/357
f 1786/951/358 1788/953/359 1787/954/359 1785/952/358
f 1788/953/359 1790/955/360 1789/956/360 1787/954/359
f 1790/955/360 1792/957/361 1791/958/361 1789/956/360
f 1792/957/361 1794/539/362 1793/242/362 1791/958/361
f 1794/539/362 1796/959/363 1795/960/363 1793/242/362
f 1796/959/363 1798/961/364 1797/962/364 1795/960/363
f 1798/961/364 1800/963/365 1799/964/365 1797/962/364
f 1800/963/365 1802/965/366 1801/966/366 1799/964/365
f 1802/965/366 1804/967/367 1803/968/367 1801/966/366
f 1804/967/367 1806/546/368 1805/232/368 1803/968/367
f 1806/546/368 1808/969/369 1807/970/369 1805/232/368
f 1808/969/369 1810/495/370 1809/21/370 1807/970/369
f 1810/495/370 1812/971/371 1811/972/371 1809/21/370
f 1812/971/371 1814/973/372 1813/974/372 1811/972/371
f 1814/973/372 1816/975/373 1815/976/373 1813/974/372
f 1816/975/373 1818/553/374 1817/227/374 1815/976/373
f 1818/553/374 1820/977/375 1819/978/375 1817/227/374
f 1820/977/375 1822/979/376 1821/980/376 1819/978/375
f 1822/979/376 1824/981/377 1823/982/377 1821/980/376
f 1824/981/377 1826/983/378 1825/984/378 1823/982/377
f 1826/983/378 1828/985/379 1827/986/379 1825/984/378
f 1828/985/379 1830/560/380 1829/221/380 1827/986/379
f 1830/560/380 1832/987/381 1831/988/381 1829/221/380
f 1832/987/381 1834/989/382 1833/990/382 1831/988/381
f 1834/989/382 1836/991/383 1835/992/383 1833/990/382
f 1836/991/383 1838/993/384 1837/994/384 1835/992/383
f 1838/993/384 1840/995/385 1839/996/385 1837/994/384
f 1840/995/385 1746/461/338 1745/64/338 1839/996/385
f 1842/404/386 1844/997/387 1843/998/387 1841/4/386
f 1844/997/387 1846/999/388 1845/1000/388 1843/998/387
f 1846/999/388 1848/1001/389 1847/1002/389 1845/1000/388
f 1848/1001/389 1850/1003/390 1849/1004/390 1847/1002/389
f 1850/1003/390 1852/1005/330 1851/1006/330 1849/1004/390
f 1852/1005/330 1854/1007/391 1853/1008/391 1851/1006/330
f 1854/1007/391 1856/1009/392 1855/1010/392 1853/1008/391
f 1856/1009/392 1858/1011/393 1857/1012/393 1855/1010/392
f 1858/1011/393 1860/1013/394 1859/1014/394 1857/1012/393
f 1860/1013/394 1862/1015/395 1861/1016/395 1859/1014/394
f 1862/1015/395 1864/1017/396 1863/1018/396 1861/1016/395
f 1864/1017/396 1866/1019/397 1865/1020/397 1863/1018/396
f 1866/1019/397 1868/525/398 1867/204/398 1865/1020/397
f 1868/525/398 1870/1021/399 1869/1022/399 1867/204/398
f 1870/1021/399 1872/1023/400 1871/1024/400 1869/1022/399
f 1872/1023/400 1874/1025/401 1873/1026/401 1871/1024/400
f 1874/1025/401 1876/1027/402 1875/1028/402 1873/1026/401
f 1876/1027/402 1878/1029/403 1877/1030/403 1875/1028/402
f 1878/1029/403 1880/1031/404 1879/1032/404 1877/1030/403
f 1880/1031/404 1882/1033/405 1881/1034/405 1879/1032/404
f 1882/1033/405 1884/1035/406 1883/1036/406 1881/1034/405
f 1884/1035/406 1886/1037/407 1885/1038/407 1883/1036/406
f 1886/1037/407 1888/1039/408 1887/1040/408 1885/1038/407
f 1888/1039/408 1890/1041/409 1889/1042/409 1887/1040/408
f 1890/1041/409 1892/1043/410 1891/1044/410 1889/1042/409
f 1892/1043/410 1894/539/411 1893/242/411 1891/1044/410
f 1894/539/411 1896/1045/412 1895/1046/412 1893/242/411
f 1896/1045/412 1898/1047/413 1897/1048/413 1895/1046/412
f 1898/1047/413 1900/1049/414 1899/1050/414 1897/1048/413
f 1900/1049/414 1902/1051/415 1901/1052/415 1899/1050/414
f 1902/1051/415 1904/1053/416 1903/1054/416 1901/1052/415
f 1904/1053/416 1906/1055/417 1905/1056/417 1903/1054/416
f 1906/1055/417 1908/1057/418 1907/1058/418 1905/1056/417
f 1908/1057/418 1910/1059/419 1909/1060/419 1907/1058/418
f 1910/1059/419 1912/1061/420 1911/1062/420 1909/1060/419
f 1912/1061/420 1914/1063/421 1913/1064/421 1911/1062/420
f 1914/1063/421 1916/1065/422 1915/1066/422 1913/1064/421
f 1916/1065/422 1918/1067/423 1917/1068/423 1915/1066/422
f 1918/1067/423 1920/553/424 1919/227/424 1917/1068/423
f 1920/553/424 1922/1069/425 1921/1070/425 1919/227/424
f 1922/1069/425 1924/1071/426 1923/1072/426 1921/1070/425
f 1924/1071/426 1926/1073/427 1925/1074/427 1923/1072/426
f 1926/1073/427 1928/1075/428 1927/1076/428 1925/1074/427
f 1928/1075/428 1930/1077/429 1929/1078/429 1927/1076/428
f 1930/1077/429 1932/1079/430 1931/1080/430 1929/1078/429
f 1932/1079/430 1934/1081/431 1933/1082/431 1931/1080/430
f 1934/1081/431 1936/1083/432 1935/1084/432 1933/1082/431
f 1936/1083/432 1938/1085/433 1937/1086/433 1935/1084/432
f 1938/1085/433 1940/1087/434 1939/1088/434 1937/1086/433
f 1940/1087/434 1942/1089/28 1941/1090/28 1939/1088/434
f 1942/1089/28 1944/1091/29 1943/1092/29 1941/1090/28
f 1944/1091/29 1842/461/386 1841/64/386 1943/1092/29
f 1946/404/435 1948/462/436 1947/463/436 1945/4/435
f 1948/462/436 1950/464/437 1949/465/437 1947/463/436
f 1950/464/437 1952/466/438 1951/467/438 1949/465/437
f 1952/466/438 1954/468/439 1953/469/439 1951/467/438
f 1954/468/439 1956/470/440 1955/471/440 1953/469/439
f 1956/470/440 1958/472/441 1957/473/441 1955/471/440
f 1958/472/441 1960/474/442 1959/475/442 1957/473/441
f 1960/474/442 1962/476/443 1961/477/443 1959/475/442
f 1962/476/443 1964/478/444 1963/77/444 1961/477/443
f 1964/478/444 1966/479/445 1965/480/445 1963/77/444
f 1966/479/445 1968/481/446 1967/482/446 1965/480/445
f 1968/481/446 1970/483/447 1969/484/447 1967/482/446
f 1970/483/447 1972/485/448 1971/486/448 1969/484/447
f 1972/485/448 1974/487/449 1973/488/449 1971/486/448
f 1974/487/449 1976/489/450 1975/490/450 1973/488/449
f 1976/489/450 1978/491/451 1977/492/451 1975/490/450
f 1978/491/451 1980/493/452 1979/494/452 1977/492/451
f 1980/493/452 1982/495/453 1981/21/453 1979/494/452
f 1982/495/453 1984/496/454 1983/497/454 1981/21/453
f 1984/496/454 1986/498/455 1985/499/455 1983/497/454
f 1986/498/455 1988/500/456 1987/501/456 1985/499/455
f 1988/500/456 1990/502/457 1989/503/457 1987/501/456
f 1990/502/457 1992/504/458 1991/505/458 1989/503/457
f 1992/504/458 1994/506/459 1993/507/459 1991/505/458
f 1994/506/459 1996/508/27 1995/509/27 1993/507/459
f 1996/508/27 1998/510/56 1997/511/56 1995/509/27
f 1998/510/56 1946/461/435 1945/64/435 1997/511/56
f 2000/404/460 2002/462/461 2001/463/461 1999/4/460
f 2002/462/461 2004/464/462 2003/465/462 2001/463/461
f 2004/464/462 2006/466/463 2005/467/463 2003/465/462
f 2006/466/463 2008/468/464 2007/469/464 2005/467/463
f 2008/468/464 2010/470/465 2009/471/465 2007/469/464
f 2010/470/465 2012/472/466 2011/473/466 2009/471/465
f 2012/472/466 2014/474/467 2013/475/467 2011/473/466
f 2014/474/467 2016/476/468 2015/477/468 2013/475/467
f 2016/476/468 2018/478/469 2017/77/469 2015/477/468
f 2018/478/469 2020/479/470 2019/480/470 2017/77/469
f 2020/479/470 2022/481/471 2021/482/471 2019/480/470
f 2022/481/471 2024/483/472 2023/484/472 2021/482/471
f 2024/483/472 2026/485/473 2025/486/473 2023/484/472
f 2026/485/473 2028/487/474 2027/488/474 2025/486/473
f 2028/487/474 2030/489/475 2029/490/475 2027/488/474
f 2030/489/475 2032/491/476 2031/492/476 2029/490/475
f 2032/491/476 2034/493/477 2033/494/477 2031/492/476
f 2034/493/477 2036/495/478 2035/21/478 2033/494/477
f 2036/495/478 2038/496/479 2037/497/479 2035/21/478
f 2038/496/479 2040/498/480 2039/499/480 2037/497/479
f 2040/498/480 2042/500/481 2041/501/481 2039/499/480
f 2042/500/481 2044/502/482 2043/503/482 2041/501/481
f 2044/502/482 2046/504/483 2045/505/483 2043/503/482
f 2046/504/483 2048/506/484 2047/507/484 2045/505/483
f 2048/506/484 2050/508/27 2049/509/27 2047/507/484
f 2050/508/27 2052/510/56 2051/511/56 2049/509/27
f 2052/510/56 2000/461/460 1999/64/460 2051/511/56
