# Blender 4.4.1
# www.blender.org
mtllib Score.mtl
o テキスト
v 1.205406 0.101725 0.000000
v 1.192424 0.095304 0.000000
v 1.179471 0.089357 0.000000
v 1.166531 0.083898 0.000000
v 1.153591 0.078945 0.000000
v 1.140637 0.074514 0.000000
v 1.127656 0.070620 0.000000
v 1.114632 0.067281 0.000000
v 1.101554 0.064512 0.000000
v 1.088406 0.062331 0.000000
v 1.075174 0.060752 0.000000
v 1.061845 0.059793 0.000000
v 1.048406 0.059470 0.000000
v 1.027636 0.060218 0.000000
v 1.008332 0.062458 0.000000
v 0.990500 0.066182 0.000000
v 0.974147 0.071381 0.000000
v 0.959280 0.078047 0.000000
v 0.945906 0.086172 0.000000
v 0.934032 0.095748 0.000000
v 0.923665 0.106767 0.000000
v 0.914812 0.119221 0.000000
v 0.907480 0.133100 0.000000
v 0.901676 0.148399 0.000000
v 0.897406 0.165107 0.000000
v 1.213406 0.165107 0.000000
v 1.211842 0.196196 0.000000
v 1.207225 0.224526 0.000000
v 1.199672 0.250105 0.000000
v 1.189295 0.272946 0.000000
v 1.176210 0.293059 0.000000
v 1.160531 0.310455 0.000000
v 1.142373 0.325145 0.000000
v 1.121850 0.337140 0.000000
v 1.099078 0.346450 0.000000
v 1.074170 0.353087 0.000000
v 1.047241 0.357061 0.000000
v 1.018406 0.358383 0.000000
v 0.988225 0.356905 0.000000
v 0.959795 0.352558 0.000000
v 0.933281 0.345472 0.000000
v 0.908851 0.335778 0.000000
v 0.886670 0.323606 0.000000
v 0.866906 0.309086 0.000000
v 0.849726 0.292349 0.000000
v 0.835295 0.273526 0.000000
v 0.823781 0.252746 0.000000
v 0.815351 0.230141 0.000000
v 0.810170 0.205840 0.000000
v 0.808406 0.179974 0.000000
v 0.810022 0.155912 0.000000
v 0.814832 0.132430 0.000000
v 0.822781 0.109818 0.000000
v 0.833813 0.088364 0.000000
v 0.847874 0.068355 0.000000
v 0.864906 0.050080 0.000000
v 0.884855 0.033826 0.000000
v 0.907665 0.019881 0.000000
v 0.933281 0.008534 0.000000
v 0.961647 0.000072 0.000000
v 0.992707 -0.005216 -0.000000
v 1.026406 -0.007042 -0.000000
v 1.044862 -0.006764 -0.000000
v 1.062304 -0.005927 -0.000000
v 1.078843 -0.004524 -0.000000
v 1.094591 -0.002550 -0.000000
v 1.109658 -0.000001 -0.000000
v 1.124156 0.003130 0.000000
v 1.138195 0.006848 0.000000
v 1.151888 0.011158 0.000000
v 1.165344 0.016066 0.000000
v 1.178675 0.021577 0.000000
v 1.191992 0.027696 0.000000
v 1.205406 0.034430 0.000000
v 0.899406 0.211274 0.000000
v 0.903009 0.224654 0.000000
v 0.907813 0.236999 0.000000
v 0.913812 0.248284 0.000000
v 0.920998 0.258485 0.000000
v 0.929365 0.267577 0.000000
v 0.938906 0.275537 0.000000
v 0.949613 0.282339 0.000000
v 0.961480 0.287959 0.000000
v 0.974499 0.292372 0.000000
v 0.988665 0.295555 0.000000
v 1.003969 0.297483 0.000000
v 1.020406 0.298131 0.000000
v 1.035649 0.297438 0.000000
v 1.049850 0.295392 0.000000
v 1.062968 0.292042 0.000000
v 1.074962 0.287437 0.000000
v 1.085788 0.281625 0.000000
v 1.095406 0.274656 0.000000
v 1.103774 0.266579 0.000000
v 1.110850 0.257441 0.000000
v 1.116593 0.247293 0.000000
v 1.120962 0.236183 0.000000
v 1.123913 0.224161 0.000000
v 1.125406 0.211274 0.000000
v 0.440406 0.351341 0.000000
v 0.440406 0.000000 0.000000
v 0.529406 0.000000 0.000000
v 0.529406 0.183887 0.000000
v 0.530386 0.198669 0.000000
v 0.533244 0.212806 0.000000
v 0.537859 0.226178 0.000000
v 0.544110 0.238661 0.000000
v 0.551874 0.250134 0.000000
v 0.561031 0.260473 0.000000
v 0.571459 0.269558 0.000000
v 0.583036 0.277265 0.000000
v 0.595640 0.283472 0.000000
v 0.609151 0.288056 0.000000
v 0.623447 0.290897 0.000000
v 0.638406 0.291871 0.000000
v 0.643935 0.291582 0.000000
v 0.649971 0.290734 0.000000
v 0.656437 0.289353 0.000000
v 0.663258 0.287466 0.000000
v 0.670356 0.285101 0.000000
v 0.677656 0.282286 0.000000
v 0.685081 0.279046 0.000000
v 0.692554 0.275410 0.000000
v 0.700000 0.271404 0.000000
v 0.707341 0.267056 0.000000
v 0.714502 0.262393 0.000000
v 0.721406 0.257441 0.000000
v 0.768406 0.317694 0.000000
v 0.759215 0.324247 0.000000
v 0.750133 0.330217 0.000000
v 0.741140 0.335605 0.000000
v 0.732221 0.340415 0.000000
v 0.723357 0.344648 0.000000
v 0.714531 0.348309 0.000000
v 0.705726 0.351398 0.000000
v 0.696924 0.353920 0.000000
v 0.688109 0.355877 0.000000
v 0.679262 0.357271 0.000000
v 0.670367 0.358106 0.000000
v 0.661406 0.358383 0.000000
v 0.650885 0.357840 0.000000
v 0.640318 0.356184 0.000000
v 0.629703 0.353383 0.000000
v 0.619035 0.349399 0.000000
v 0.608313 0.344198 0.000000
v 0.597531 0.337745 0.000000
v 0.586686 0.330004 0.000000
v 0.575776 0.320939 0.000000
v 0.564796 0.310517 0.000000
v 0.553744 0.298700 0.000000
v 0.542615 0.285454 0.000000
v 0.531406 0.270744 0.000000
v 0.529406 0.270744 0.000000
v 0.529406 0.351341 0.000000
v 0.092406 0.358383 0.000000
v 0.059593 0.356785 0.000000
v 0.028322 0.352120 0.000000
v -0.001157 0.344580 0.000000
v -0.028594 0.334358 0.000000
v -0.053740 0.321647 0.000000
v -0.076344 0.306641 0.000000
v -0.096157 0.289531 0.000000
v -0.112927 0.270512 0.000000
v -0.126407 0.249775 0.000000
v -0.136344 0.227515 0.000000
v -0.142490 0.203922 0.000000
v -0.144594 0.179192 0.000000
v -0.142566 0.152843 0.000000
v -0.136622 0.127902 0.000000
v -0.126969 0.104537 0.000000
v -0.113816 0.082916 0.000000
v -0.097372 0.063207 0.000000
v -0.077844 0.045580 0.000000
v -0.055441 0.030203 0.000000
v -0.030372 0.017244 0.000000
v -0.002844 0.006871 0.000000
v 0.026934 -0.000746 -0.000000
v 0.058753 -0.005440 -0.000000
v 0.092406 -0.007042 -0.000000
v 0.127437 -0.005500 -0.000000
v 0.160406 -0.000964 -0.000000
v 0.191125 0.006431 0.000000
v 0.219406 0.016548 0.000000
v 0.245062 0.029252 0.000000
v 0.267906 0.044407 0.000000
v 0.287749 0.061876 0.000000
v 0.304406 0.081525 0.000000
v 0.317687 0.103216 0.000000
v 0.327406 0.126815 0.000000
v 0.333374 0.152186 0.000000
v 0.335406 0.179192 0.000000
v 0.333317 0.204580 0.000000
v 0.327197 0.228601 0.000000
v 0.317265 0.251096 0.000000
v 0.303739 0.271903 0.000000
v 0.286838 0.290863 0.000000
v 0.266781 0.307815 0.000000
v 0.243786 0.322598 0.000000
v 0.218072 0.335053 0.000000
v 0.189859 0.345020 0.000000
v 0.159364 0.352337 0.000000
v 0.126807 0.356845 0.000000
v 0.091406 0.295784 0.000000
v 0.113112 0.294774 0.000000
v 0.133642 0.291817 0.000000
v 0.152859 0.287017 0.000000
v 0.170628 0.280482 0.000000
v 0.186814 0.272316 0.000000
v 0.201281 0.262625 0.000000
v 0.213894 0.251517 0.000000
v 0.224517 0.239096 0.000000
v 0.233015 0.225469 0.000000
v 0.239253 0.210742 0.000000
v 0.243095 0.195020 0.000000
v 0.244406 0.178409 0.000000
v 0.243191 0.160047 0.000000
v 0.239600 0.142954 0.000000
v 0.233719 0.127192 0.000000
v 0.225628 0.112824 0.000000
v 0.215413 0.099913 0.000000
v 0.203156 0.088520 0.000000
v 0.188941 0.078708 0.000000
v 0.172850 0.070541 0.000000
v 0.154969 0.064079 0.000000
v 0.135378 0.059386 0.000000
v 0.114163 0.056525 0.000000
v 0.091406 0.055557 0.000000
v 0.070487 0.056570 0.000000
v 0.050804 0.059553 0.000000
v 0.032468 0.064421 0.000000
v 0.015591 0.071091 0.000000
v 0.000283 0.079478 0.000000
v -0.013344 0.089498 0.000000
v -0.025180 0.101067 0.000000
v -0.035113 0.114100 0.000000
v -0.043032 0.128513 0.000000
v -0.048826 0.144222 0.000000
v -0.052384 0.161143 0.000000
v -0.053594 0.179192 0.000000
v -0.052345 0.195622 0.000000
v -0.048687 0.211194 0.000000
v -0.042750 0.225799 0.000000
v -0.034668 0.239328 0.000000
v -0.024572 0.251672 0.000000
v -0.012594 0.262723 0.000000
v 0.001134 0.272372 0.000000
v 0.016480 0.280511 0.000000
v 0.033312 0.287030 0.000000
v 0.051498 0.291820 0.000000
v 0.070907 0.294775 0.000000
v -0.225594 0.334126 0.000000
v -0.236192 0.337726 0.000000
v -0.246543 0.341085 0.000000
v -0.256735 0.344188 0.000000
v -0.266853 0.347023 0.000000
v -0.276986 0.349574 0.000000
v -0.287219 0.351830 0.000000
v -0.297640 0.353776 0.000000
v -0.308335 0.355398 0.000000
v -0.319391 0.356684 0.000000
v -0.330895 0.357619 0.000000
v -0.342934 0.358190 0.000000
v -0.355594 0.358383 0.000000
v -0.388532 0.356869 0.000000
v -0.419261 0.352399 0.000000
v -0.447657 0.345081 0.000000
v -0.473594 0.335024 0.000000
v -0.496948 0.322338 0.000000
v -0.517594 0.307130 0.000000
v -0.535407 0.289509 0.000000
v -0.550261 0.269585 0.000000
v -0.562032 0.247465 0.000000
v -0.570594 0.223258 0.000000
v -0.575823 0.197073 0.000000
v -0.577594 0.169019 0.000000
v -0.575667 0.143857 0.000000
v -0.570011 0.120113 0.000000
v -0.560813 0.097934 0.000000
v -0.548261 0.077467 0.000000
v -0.532542 0.058858 0.000000
v -0.513844 0.042255 0.000000
v -0.492355 0.027803 0.000000
v -0.468261 0.015650 0.000000
v -0.441750 0.005942 0.000000
v -0.413011 -0.001174 -0.000000
v -0.382230 -0.005551 -0.000000
v -0.349594 -0.007042 -0.000000
v -0.337657 -0.006851 -0.000000
v -0.325432 -0.006296 -0.000000
v -0.313047 -0.005404 -0.000000
v -0.300631 -0.004202 -0.000000
v -0.288312 -0.002718 -0.000000
v -0.276219 -0.000978 -0.000000
v -0.264480 0.000990 0.000000
v -0.253224 0.003159 0.000000
v -0.242579 0.005502 0.000000
v -0.232673 0.007992 0.000000
v -0.223635 0.010601 0.000000
v -0.215594 0.013302 0.000000
v -0.215594 0.082162 0.000000
v -0.226663 0.078413 0.000000
v -0.237395 0.074989 0.000000
v -0.247829 0.071892 0.000000
v -0.258002 0.069121 0.000000
v -0.267952 0.066675 0.000000
v -0.277719 0.064556 0.000000
v -0.287340 0.062763 0.000000
v -0.296853 0.061296 0.000000
v -0.306297 0.060154 0.000000
v -0.315710 0.059339 0.000000
v -0.325130 0.058850 0.000000
v -0.334594 0.058687 0.000000
v -0.356911 0.059592 0.000000
v -0.377798 0.062270 0.000000
v -0.397157 0.066671 0.000000
v -0.414891 0.072743 0.000000
v -0.430902 0.080435 0.000000
v -0.445094 0.089694 0.000000
v -0.457370 0.100469 0.000000
v -0.467631 0.112708 0.000000
v -0.475782 0.126361 0.000000
v -0.481724 0.141375 0.000000
v -0.485360 0.157698 0.000000
v -0.486594 0.175279 0.000000
v -0.485445 0.192578 0.000000
v -0.482071 0.208814 0.000000
v -0.476579 0.223904 0.000000
v -0.469076 0.237763 0.000000
v -0.459670 0.250307 0.000000
v -0.448469 0.261452 0.000000
v -0.435581 0.271113 0.000000
v -0.421113 0.279206 0.000000
v -0.405172 0.285648 0.000000
v -0.387867 0.290353 0.000000
v -0.369306 0.293238 0.000000
v -0.349594 0.294219 0.000000
v -0.339936 0.294049 0.000000
v -0.330409 0.293516 0.000000
v -0.320938 0.292580 0.000000
v -0.311446 0.291205 0.000000
v -0.301857 0.289351 0.000000
v -0.292094 0.286981 0.000000
v -0.282081 0.284056 0.000000
v -0.271742 0.280539 0.000000
v -0.261000 0.276392 0.000000
v -0.249779 0.271577 0.000000
v -0.238003 0.266055 0.000000
v -0.225594 0.259789 0.000000
v -0.677594 0.503145 0.000000
v -0.689675 0.509144 0.000000
v -0.701909 0.514622 0.000000
v -0.714282 0.519578 0.000000
v -0.726779 0.524012 0.000000
v -0.739388 0.527924 0.000000
v -0.752094 0.531315 0.000000
v -0.764884 0.534184 0.000000
v -0.777742 0.536532 0.000000
v -0.790657 0.538358 0.000000
v -0.803613 0.539662 0.000000
v -0.816597 0.540444 0.000000
v -0.829594 0.540705 0.000000
v -0.859926 0.539562 0.000000
v -0.888330 0.536188 0.000000
v -0.914672 0.530667 0.000000
v -0.938816 0.523084 0.000000
v -0.960627 0.513524 0.000000
v -0.979969 0.502069 0.000000
v -0.996707 0.488805 0.000000
v -1.010705 0.473816 0.000000
v -1.021829 0.457186 0.000000
v -1.029941 0.438999 0.000000
v -1.034909 0.419339 0.000000
v -1.036594 0.398291 0.000000
v -1.030790 0.364363 0.000000
v -1.014742 0.335206 0.000000
v -0.990500 0.310015 0.000000
v -0.960113 0.287988 0.000000
v -0.925628 0.268318 0.000000
v -0.889094 0.250203 0.000000
v -0.852561 0.232838 0.000000
v -0.818076 0.215418 0.000000
v -0.787688 0.197140 0.000000
v -0.763446 0.177199 0.000000
v -0.747399 0.154791 0.000000
v -0.741594 0.129112 0.000000
v -0.742327 0.121541 0.000000
v -0.744539 0.113803 0.000000
v -0.748250 0.106053 0.000000
v -0.753483 0.098450 0.000000
v -0.760257 0.091151 0.000000
v -0.768594 0.084314 0.000000
v -0.778514 0.078097 0.000000
v -0.790039 0.072656 0.000000
v -0.803188 0.068151 0.000000
v -0.817983 0.064737 0.000000
v -0.834445 0.062573 0.000000
v -0.852594 0.061817 0.000000
v -0.869256 0.062385 0.000000
v -0.885719 0.064078 0.000000
v -0.901954 0.066879 0.000000
v -0.917928 0.070772 0.000000
v -0.933610 0.075742 0.000000
v -0.948969 0.081771 0.000000
v -0.963974 0.088843 0.000000
v -0.978594 0.096943 0.000000
v -0.992797 0.106053 0.000000
v -1.006553 0.116157 0.000000
v -1.019829 0.127240 0.000000
v -1.032594 0.139284 0.000000
v -1.032594 0.042255 0.000000
v -1.018275 0.034217 0.000000
v -1.003793 0.026920 0.000000
v -0.989110 0.020357 0.000000
v -0.974187 0.014520 0.000000
v -0.958986 0.009399 0.000000
v -0.943469 0.004988 0.000000
v -0.927598 0.001278 0.000000
v -0.911335 -0.001739 -0.000000
v -0.894641 -0.004071 -0.000000
v -0.877478 -0.005727 -0.000000
v -0.859809 -0.006715 -0.000000
v -0.841594 -0.007042 -0.000000
v -0.814728 -0.005793 -0.000000
v -0.789252 -0.002134 -0.000000
v -0.765344 0.003802 0.000000
v -0.743187 0.011882 0.000000
v -0.722960 0.021973 0.000000
v -0.704844 0.033941 0.000000
v -0.689020 0.047653 0.000000
v -0.675668 0.062976 0.000000
v -0.664969 0.079778 0.000000
v -0.657103 0.097924 0.000000
v -0.652252 0.117283 0.000000
v -0.650594 0.137719 0.000000
v -0.656399 0.176759 0.000000
v -0.672446 0.209615 0.000000
v -0.696688 0.237243 0.000000
v -0.727076 0.260600 0.000000
v -0.761561 0.280643 0.000000
v -0.798094 0.298327 0.000000
v -0.834628 0.314609 0.000000
v -0.869113 0.330445 0.000000
v -0.899500 0.346793 0.000000
v -0.923742 0.364607 0.000000
v -0.939790 0.384845 0.000000
v -0.945594 0.408463 0.000000
v -0.944672 0.417600 0.000000
v -0.941969 0.426200 0.000000
v -0.937579 0.434212 0.000000
v -0.931594 0.441589 0.000000
v -0.924110 0.448281 0.000000
v -0.915219 0.454239 0.000000
v -0.905016 0.459415 0.000000
v -0.893594 0.463760 0.000000
v -0.881047 0.467224 0.000000
v -0.867469 0.469759 0.000000
v -0.852954 0.471316 0.000000
v -0.837594 0.471845 0.000000
v -0.825891 0.471574 0.000000
v -0.813798 0.470719 0.000000
v -0.801344 0.469217 0.000000
v -0.788557 0.467005 0.000000
v -0.775465 0.464023 0.000000
v -0.762094 0.460206 0.000000
v -0.748474 0.455492 0.000000
v -0.734631 0.449820 0.000000
v -0.720594 0.443125 0.000000
v -0.706391 0.435347 0.000000
v -0.692048 0.426422 0.000000
v -0.677594 0.416288 0.000000
v 1.205406 0.101725 0.214877
v 1.192424 0.095304 0.214877
v 1.179471 0.089357 0.214877
v 1.166531 0.083898 0.214877
v 1.153591 0.078945 0.214877
v 1.140637 0.074514 0.214877
v 1.127656 0.070620 0.214877
v 1.114632 0.067281 0.214877
v 1.101554 0.064512 0.214877
v 1.088406 0.062331 0.214877
v 1.075174 0.060752 0.214877
v 1.061845 0.059793 0.214877
v 1.048406 0.059470 0.214877
v 1.027636 0.060218 0.214877
v 1.008332 0.062458 0.214877
v 0.990500 0.066182 0.214877
v 0.974147 0.071381 0.214877
v 0.959280 0.078047 0.214877
v 0.945906 0.086172 0.214877
v 0.934032 0.095748 0.214877
v 0.923665 0.106767 0.214877
v 0.914812 0.119221 0.214877
v 0.907480 0.133100 0.214877
v 0.901676 0.148399 0.214877
v 0.897406 0.165107 0.214877
v 1.213406 0.165107 0.214877
v 1.211842 0.196196 0.214877
v 1.207225 0.224526 0.214877
v 1.199672 0.250105 0.214877
v 1.189295 0.272946 0.214877
v 1.176210 0.293059 0.214877
v 1.160531 0.310455 0.214877
v 1.142373 0.325145 0.214877
v 1.121850 0.337140 0.214877
v 1.099078 0.346450 0.214877
v 1.074170 0.353087 0.214877
v 1.047241 0.357061 0.214877
v 1.018406 0.358383 0.214877
v 0.988225 0.356905 0.214877
v 0.959795 0.352558 0.214877
v 0.933281 0.345472 0.214877
v 0.908851 0.335778 0.214877
v 0.886670 0.323606 0.214877
v 0.866906 0.309086 0.214877
v 0.849726 0.292349 0.214877
v 0.835295 0.273526 0.214877
v 0.823781 0.252746 0.214877
v 0.815351 0.230141 0.214877
v 0.810170 0.205840 0.214877
v 0.808406 0.179974 0.214877
v 0.810022 0.155911 0.214877
v 0.814832 0.132430 0.214877
v 0.822781 0.109818 0.214877
v 0.833813 0.088364 0.214877
v 0.847874 0.068355 0.214877
v 0.864906 0.050080 0.214877
v 0.884855 0.033826 0.214877
v 0.907665 0.019881 0.214877
v 0.933281 0.008534 0.214877
v 0.961647 0.000072 0.214877
v 0.992707 -0.005216 0.214877
v 1.026406 -0.007042 0.214877
v 1.044862 -0.006764 0.214877
v 1.062304 -0.005927 0.214877
v 1.078843 -0.004524 0.214877
v 1.094591 -0.002550 0.214877
v 1.109658 -0.000001 0.214877
v 1.124156 0.003130 0.214877
v 1.138195 0.006848 0.214877
v 1.151888 0.011158 0.214877
v 1.165344 0.016066 0.214877
v 1.178675 0.021577 0.214877
v 1.191992 0.027696 0.214877
v 1.205406 0.034430 0.214877
v 0.899406 0.211274 0.214877
v 0.903009 0.224654 0.214877
v 0.907813 0.236999 0.214877
v 0.913812 0.248284 0.214877
v 0.920998 0.258485 0.214877
v 0.929365 0.267577 0.214877
v 0.938906 0.275537 0.214877
v 0.949613 0.282339 0.214877
v 0.961480 0.287959 0.214877
v 0.974499 0.292372 0.214877
v 0.988665 0.295555 0.214877
v 1.003969 0.297483 0.214877
v 1.020406 0.298131 0.214877
v 1.035649 0.297438 0.214877
v 1.049850 0.295392 0.214877
v 1.062968 0.292042 0.214877
v 1.074962 0.287437 0.214877
v 1.085788 0.281625 0.214877
v 1.095406 0.274656 0.214877
v 1.103774 0.266579 0.214877
v 1.110850 0.257441 0.214877
v 1.116593 0.247293 0.214877
v 1.120962 0.236183 0.214877
v 1.123913 0.224161 0.214877
v 1.125406 0.211274 0.214877
v 0.440406 0.351341 0.214877
v 0.440406 -0.000000 0.214877
v 0.529406 -0.000000 0.214877
v 0.529406 0.183887 0.214877
v 0.530386 0.198669 0.214877
v 0.533244 0.212806 0.214877
v 0.537859 0.226178 0.214877
v 0.544110 0.238661 0.214877
v 0.551874 0.250134 0.214877
v 0.561031 0.260473 0.214877
v 0.571459 0.269558 0.214877
v 0.583036 0.277265 0.214877
v 0.595640 0.283472 0.214877
v 0.609151 0.288056 0.214877
v 0.623447 0.290897 0.214877
v 0.638406 0.291871 0.214877
v 0.643935 0.291582 0.214877
v 0.649971 0.290734 0.214877
v 0.656437 0.289353 0.214877
v 0.663258 0.287466 0.214877
v 0.670356 0.285101 0.214877
v 0.677656 0.282286 0.214877
v 0.685081 0.279046 0.214877
v 0.692554 0.275410 0.214877
v 0.700000 0.271404 0.214877
v 0.707341 0.267056 0.214877
v 0.714502 0.262393 0.214877
v 0.721406 0.257441 0.214877
v 0.768406 0.317694 0.214877
v 0.759215 0.324247 0.214877
v 0.750133 0.330217 0.214877
v 0.741140 0.335605 0.214877
v 0.732221 0.340415 0.214877
v 0.723357 0.344648 0.214877
v 0.714531 0.348309 0.214877
v 0.705726 0.351398 0.214877
v 0.696924 0.353920 0.214877
v 0.688109 0.355877 0.214877
v 0.679262 0.357271 0.214877
v 0.670367 0.358106 0.214877
v 0.661406 0.358383 0.214877
v 0.650885 0.357840 0.214877
v 0.640318 0.356184 0.214877
v 0.629703 0.353383 0.214877
v 0.619035 0.349399 0.214877
v 0.608313 0.344198 0.214877
v 0.597531 0.337745 0.214877
v 0.586686 0.330004 0.214877
v 0.575776 0.320939 0.214877
v 0.564796 0.310517 0.214877
v 0.553744 0.298700 0.214877
v 0.542615 0.285454 0.214877
v 0.531406 0.270744 0.214877
v 0.529406 0.270744 0.214877
v 0.529406 0.351341 0.214877
v 0.092406 0.358383 0.214877
v 0.059593 0.356785 0.214877
v 0.028322 0.352120 0.214877
v -0.001157 0.344580 0.214877
v -0.028594 0.334358 0.214877
v -0.053740 0.321647 0.214877
v -0.076344 0.306641 0.214877
v -0.096157 0.289531 0.214877
v -0.112927 0.270512 0.214877
v -0.126407 0.249775 0.214877
v -0.136344 0.227515 0.214877
v -0.142490 0.203922 0.214877
v -0.144594 0.179192 0.214877
v -0.142566 0.152843 0.214877
v -0.136622 0.127902 0.214877
v -0.126969 0.104537 0.214877
v -0.113816 0.082916 0.214877
v -0.097372 0.063207 0.214877
v -0.077844 0.045580 0.214877
v -0.055441 0.030203 0.214877
v -0.030372 0.017244 0.214877
v -0.002844 0.006871 0.214877
v 0.026934 -0.000746 0.214877
v 0.058753 -0.005440 0.214877
v 0.092406 -0.007042 0.214877
v 0.127437 -0.005500 0.214877
v 0.160406 -0.000964 0.214877
v 0.191125 0.006431 0.214877
v 0.219406 0.016548 0.214877
v 0.245062 0.029252 0.214877
v 0.267906 0.044407 0.214877
v 0.287749 0.061876 0.214877
v 0.304406 0.081525 0.214877
v 0.317687 0.103216 0.214877
v 0.327406 0.126815 0.214877
v 0.333374 0.152186 0.214877
v 0.335406 0.179192 0.214877
v 0.333317 0.204580 0.214877
v 0.327197 0.228601 0.214877
v 0.317265 0.251096 0.214877
v 0.303739 0.271903 0.214877
v 0.286838 0.290863 0.214877
v 0.266781 0.307815 0.214877
v 0.243786 0.322598 0.214877
v 0.218072 0.335053 0.214877
v 0.189859 0.345020 0.214877
v 0.159364 0.352337 0.214877
v 0.126807 0.356845 0.214877
v 0.091406 0.295784 0.214877
v 0.113112 0.294774 0.214877
v 0.133642 0.291817 0.214877
v 0.152859 0.287017 0.214877
v 0.170628 0.280482 0.214877
v 0.186814 0.272316 0.214877
v 0.201281 0.262625 0.214877
v 0.213894 0.251517 0.214877
v 0.224517 0.239096 0.214877
v 0.233015 0.225469 0.214877
v 0.239253 0.210742 0.214877
v 0.243095 0.195020 0.214877
v 0.244406 0.178409 0.214877
v 0.243191 0.160047 0.214877
v 0.239600 0.142954 0.214877
v 0.233719 0.127192 0.214877
v 0.225628 0.112824 0.214877
v 0.215413 0.099913 0.214877
v 0.203156 0.088520 0.214877
v 0.188941 0.078708 0.214877
v 0.172850 0.070541 0.214877
v 0.154969 0.064079 0.214877
v 0.135378 0.059386 0.214877
v 0.114163 0.056525 0.214877
v 0.091406 0.055557 0.214877
v 0.070487 0.056570 0.214877
v 0.050804 0.059553 0.214877
v 0.032468 0.064421 0.214877
v 0.015591 0.071091 0.214877
v 0.000283 0.079478 0.214877
v -0.013344 0.089498 0.214877
v -0.025180 0.101067 0.214877
v -0.035113 0.114100 0.214877
v -0.043032 0.128513 0.214877
v -0.048826 0.144222 0.214877
v -0.052384 0.161143 0.214877
v -0.053594 0.179192 0.214877
v -0.052345 0.195622 0.214877
v -0.048687 0.211194 0.214877
v -0.042750 0.225799 0.214877
v -0.034668 0.239328 0.214877
v -0.024572 0.251672 0.214877
v -0.012594 0.262723 0.214877
v 0.001134 0.272372 0.214877
v 0.016480 0.280511 0.214877
v 0.033312 0.287030 0.214877
v 0.051498 0.291820 0.214877
v 0.070907 0.294775 0.214877
v -0.225594 0.334126 0.214877
v -0.236192 0.337726 0.214877
v -0.246543 0.341085 0.214877
v -0.256735 0.344188 0.214877
v -0.266853 0.347023 0.214877
v -0.276986 0.349574 0.214877
v -0.287219 0.351830 0.214877
v -0.297640 0.353776 0.214877
v -0.308335 0.355398 0.214877
v -0.319391 0.356684 0.214877
v -0.330895 0.357619 0.214877
v -0.342934 0.358190 0.214877
v -0.355594 0.358383 0.214877
v -0.388532 0.356869 0.214877
v -0.419261 0.352399 0.214877
v -0.447657 0.345081 0.214877
v -0.473594 0.335024 0.214877
v -0.496948 0.322338 0.214877
v -0.517594 0.307130 0.214877
v -0.535407 0.289509 0.214877
v -0.550261 0.269585 0.214877
v -0.562032 0.247465 0.214877
v -0.570594 0.223258 0.214877
v -0.575823 0.197073 0.214877
v -0.577594 0.169019 0.214877
v -0.575667 0.143857 0.214877
v -0.570011 0.120113 0.214877
v -0.560813 0.097934 0.214877
v -0.548261 0.077467 0.214877
v -0.532542 0.058858 0.214877
v -0.513844 0.042255 0.214877
v -0.492355 0.027803 0.214877
v -0.468261 0.015650 0.214877
v -0.441750 0.005942 0.214877
v -0.413011 -0.001174 0.214877
v -0.382230 -0.005551 0.214877
v -0.349594 -0.007042 0.214877
v -0.337657 -0.006851 0.214877
v -0.325432 -0.006296 0.214877
v -0.313047 -0.005404 0.214877
v -0.300631 -0.004202 0.214877
v -0.288312 -0.002718 0.214877
v -0.276219 -0.000978 0.214877
v -0.264480 0.000990 0.214877
v -0.253224 0.003159 0.214877
v -0.242579 0.005502 0.214877
v -0.232673 0.007992 0.214877
v -0.223635 0.010601 0.214877
v -0.215594 0.013302 0.214877
v -0.215594 0.082162 0.214877
v -0.226663 0.078413 0.214877
v -0.237395 0.074989 0.214877
v -0.247829 0.071892 0.214877
v -0.258002 0.069121 0.214877
v -0.267952 0.066675 0.214877
v -0.277719 0.064556 0.214877
v -0.287340 0.062763 0.214877
v -0.296853 0.061296 0.214877
v -0.306297 0.060154 0.214877
v -0.315710 0.059339 0.214877
v -0.325130 0.058850 0.214877
v -0.334594 0.058687 0.214877
v -0.356911 0.059592 0.214877
v -0.377798 0.062270 0.214877
v -0.397157 0.066671 0.214877
v -0.414891 0.072743 0.214877
v -0.430902 0.080435 0.214877
v -0.445094 0.089694 0.214877
v -0.457370 0.100469 0.214877
v -0.467631 0.112708 0.214877
v -0.475782 0.126361 0.214877
v -0.481724 0.141375 0.214877
v -0.485360 0.157698 0.214877
v -0.486594 0.175279 0.214877
v -0.485445 0.192578 0.214877
v -0.482071 0.208814 0.214877
v -0.476579 0.223904 0.214877
v -0.469076 0.237763 0.214877
v -0.459670 0.250307 0.214877
v -0.448469 0.261452 0.214877
v -0.435581 0.271113 0.214877
v -0.421113 0.279206 0.214877
v -0.405172 0.285648 0.214877
v -0.387867 0.290353 0.214877
v -0.369306 0.293238 0.214877
v -0.349594 0.294219 0.214877
v -0.339936 0.294049 0.214877
v -0.330409 0.293516 0.214877
v -0.320938 0.292580 0.214877
v -0.311446 0.291205 0.214877
v -0.301857 0.289351 0.214877
v -0.292094 0.286981 0.214877
v -0.282081 0.284056 0.214877
v -0.271742 0.280539 0.214877
v -0.261000 0.276392 0.214877
v -0.249779 0.271577 0.214877
v -0.238003 0.266055 0.214877
v -0.225594 0.259789 0.214877
v -0.677594 0.503145 0.214877
v -0.689675 0.509144 0.214877
v -0.701909 0.514622 0.214877
v -0.714282 0.519578 0.214877
v -0.726779 0.524012 0.214877
v -0.739388 0.527924 0.214877
v -0.752094 0.531315 0.214877
v -0.764884 0.534184 0.214877
v -0.777742 0.536532 0.214877
v -0.790657 0.538358 0.214877
v -0.803613 0.539662 0.214877
v -0.816597 0.540444 0.214877
v -0.829594 0.540705 0.214877
v -0.859926 0.539562 0.214877
v -0.888330 0.536188 0.214877
v -0.914672 0.530667 0.214877
v -0.938816 0.523084 0.214877
v -0.960627 0.513524 0.214877
v -0.979969 0.502069 0.214877
v -0.996707 0.488805 0.214877
v -1.010705 0.473816 0.214877
v -1.021829 0.457186 0.214877
v -1.029941 0.438999 0.214877
v -1.034909 0.419339 0.214877
v -1.036594 0.398291 0.214877
v -1.030790 0.364363 0.214877
v -1.014742 0.335206 0.214877
v -0.990500 0.310015 0.214877
v -0.960113 0.287988 0.214877
v -0.925628 0.268318 0.214877
v -0.889094 0.250203 0.214877
v -0.852561 0.232838 0.214877
v -0.818076 0.215418 0.214877
v -0.787688 0.197140 0.214877
v -0.763446 0.177199 0.214877
v -0.747399 0.154791 0.214877
v -0.741594 0.129112 0.214877
v -0.742327 0.121541 0.214877
v -0.744539 0.113802 0.214877
v -0.748250 0.106053 0.214877
v -0.753483 0.098450 0.214877
v -0.760257 0.091151 0.214877
v -0.768594 0.084314 0.214877
v -0.778514 0.078097 0.214877
v -0.790039 0.072656 0.214877
v -0.803188 0.068151 0.214877
v -0.817983 0.064737 0.214877
v -0.834445 0.062573 0.214877
v -0.852594 0.061817 0.214877
v -0.869256 0.062385 0.214877
v -0.885719 0.064078 0.214877
v -0.901954 0.066879 0.214877
v -0.917928 0.070772 0.214877
v -0.933610 0.075742 0.214877
v -0.948969 0.081771 0.214877
v -0.963974 0.088843 0.214877
v -0.978594 0.096943 0.214877
v -0.992797 0.106053 0.214877
v -1.006553 0.116157 0.214877
v -1.019829 0.127240 0.214877
v -1.032594 0.139284 0.214877
v -1.032594 0.042255 0.214877
v -1.018275 0.034217 0.214877
v -1.003793 0.026920 0.214877
v -0.989110 0.020357 0.214877
v -0.974187 0.014520 0.214877
v -0.958986 0.009399 0.214877
v -0.943469 0.004988 0.214877
v -0.927598 0.001278 0.214877
v -0.911335 -0.001739 0.214877
v -0.894641 -0.004071 0.214877
v -0.877478 -0.005727 0.214877
v -0.859809 -0.006715 0.214877
v -0.841594 -0.007042 0.214877
v -0.814728 -0.005793 0.214877
v -0.789252 -0.002134 0.214877
v -0.765344 0.003802 0.214877
v -0.743187 0.011882 0.214877
v -0.722960 0.021973 0.214877
v -0.704844 0.033941 0.214877
v -0.689020 0.047653 0.214877
v -0.675668 0.062976 0.214877
v -0.664969 0.079778 0.214877
v -0.657103 0.097924 0.214877
v -0.652252 0.117283 0.214877
v -0.650594 0.137719 0.214877
v -0.656399 0.176759 0.214877
v -0.672446 0.209615 0.214877
v -0.696688 0.237243 0.214877
v -0.727076 0.260600 0.214877
v -0.761561 0.280643 0.214877
v -0.798094 0.298327 0.214877
v -0.834628 0.314609 0.214877
v -0.869113 0.330445 0.214877
v -0.899500 0.346793 0.214877
v -0.923742 0.364607 0.214877
v -0.939790 0.384845 0.214877
v -0.945594 0.408463 0.214877
v -0.944672 0.417600 0.214877
v -0.941969 0.426200 0.214877
v -0.937579 0.434212 0.214877
v -0.931594 0.441589 0.214877
v -0.924110 0.448281 0.214877
v -0.915219 0.454239 0.214877
v -0.905016 0.459415 0.214877
v -0.893594 0.463760 0.214877
v -0.881047 0.467224 0.214877
v -0.867469 0.469759 0.214877
v -0.852954 0.471316 0.214877
v -0.837594 0.471845 0.214877
v -0.825891 0.471574 0.214877
v -0.813798 0.470719 0.214877
v -0.801344 0.469217 0.214877
v -0.788557 0.467005 0.214877
v -0.775465 0.464023 0.214877
v -0.762094 0.460206 0.214877
v -0.748474 0.455492 0.214877
v -0.734631 0.449820 0.214877
v -0.720594 0.443125 0.214877
v -0.706391 0.435347 0.214877
v -0.692048 0.426422 0.214877
v -0.677594 0.416288 0.214877
vn -0.0000 -0.0000 -1.0000
vn -0.0000 -0.0000 1.0000
vn -0.0000 -0.0001 1.0000
vn -0.0000 0.0001 1.0000
vn -0.0000 -0.0002 1.0000
vn -0.6808 0.7325 -0.0000
vn 0.5399 0.8417 -0.0000
vn 0.5140 0.8578 -0.0000
vn -0.8238 0.5669 -0.0000
vn 0.0405 0.9992 -0.0000
vn 0.0394 -0.9992 -0.0000
vn -0.0519 0.9987 -0.0000
vn 0.5924 0.8057 -0.0000
vn 0.5492 0.8357 -0.0000
vn -0.0454 -0.9990 -0.0000
vn -0.7329 0.6803 -0.0000
vn -0.5680 0.8230 -0.0000
vn -0.6390 0.7692 -0.0000
vn -0.6640 -0.7477 -0.0000
vn -0.7678 -0.6407 -0.0000
vn 0.1250 -0.9922 -0.0000
vn 0.9175 -0.3977 -0.0000
vn -0.0172 0.9999 -0.0000
vn 0.5806 0.8142 -0.0000
vn -0.1426 -0.9898 -0.0000
vn -0.6885 0.7253 -0.0000
vn 0.4846 0.8747 -0.0000
vn 0.7628 -0.6466 -0.0000
vn -0.6341 0.7732 -0.0000
vn -0.5580 -0.8298 -0.0000
vn 0.2192 -0.9757 -0.0000
vn 0.4805 0.8770 -0.0000
vn -0.2474 -0.9689 -0.0000
vn -0.4504 -0.8928 -0.0000
vn -0.4526 0.8917 -0.0000
vn -0.2666 -0.9638 -0.0000
vn 0.4263 0.9046 -0.0000
vn -0.5311 0.8473 -0.0000
vn -0.3439 -0.9390 -0.0000
vn -0.3161 -0.9487 -0.0000
vn 0.8382 0.5453 -0.0000
vn 0.3675 0.9300 -0.0000
vn -0.3398 0.9405 -0.0000
vn -0.3599 -0.9330 -0.0000
vn 0.3211 -0.9471 -0.0000
vn 0.3654 0.9309 -0.0000
vn 0.3185 -0.9479 -0.0000
vn -0.7936 0.6084 -0.0000
vn -0.3999 -0.9166 -0.0000
vn 0.8435 -0.5371 -0.0000
vn 0.2774 -0.9608 -0.0000
vn 0.2566 0.9665 -0.0000
vn -0.3585 -0.9335 -0.0000
vn -0.4269 0.9043 -0.0000
vn -0.2330 0.9725 -0.0000
vn -0.4375 -0.8992 -0.0000
vn 0.2438 -0.9698 -0.0000
vn -0.2403 -0.9707 -0.0000
vn -0.6701 -0.7423 -0.0000
vn -0.4738 -0.8806 -0.0000
vn 0.4280 -0.9038 -0.0000
vn 0.3021 0.9533 -0.0000
vn -0.4730 -0.8811 -0.0000
vn -0.3242 0.9460 -0.0000
vn -0.5096 -0.8604 -0.0000
vn 0.2149 -0.9766 -0.0000
vn 0.6608 -0.7506 -0.0000
vn -0.5457 -0.8380 -0.0000
vn 0.5362 -0.8441 -0.0000
vn 0.2368 0.9716 -0.0000
vn 0.1892 -0.9819 -0.0000
vn 0.1498 0.9887 -0.0000
vn -0.5867 -0.8098 -0.0000
vn -0.2248 0.9744 -0.0000
vn -0.1337 0.9910 -0.0000
vn -0.5828 -0.8126 -0.0000
vn 0.1653 -0.9862 -0.0000
vn 0.7885 -0.6151 -0.0000
vn -0.7303 0.6831 -0.0000
vn 0.6406 -0.7679 -0.0000
vn 0.1700 0.9854 -0.0000
vn 0.1424 -0.9898 -0.0000
vn 0.0484 0.9988 -0.0000
vn -0.6945 -0.7195 -0.0000
vn -0.1303 0.9915 -0.0000
vn -0.1408 -0.9900 -0.0000
vn -0.0425 0.9991 -0.0000
vn -0.1392 -0.9903 -0.0000
vn -0.8747 0.4847 -0.0000
vn 0.1023 0.9948 -0.0000
vn 0.1196 -0.9928 -0.0000
vn -0.5659 -0.8245 -0.0000
vn -0.2089 -0.9779 -0.0000
vn -0.7656 0.6433 -0.0000
vn 0.9104 0.4136 -0.0000
vn 0.7539 -0.6569 -0.0000
vn 0.0963 -0.9953 -0.0000
vn -0.0416 0.9991 -0.0000
vn 0.5528 -0.8333 -0.0000
vn 0.7359 -0.6771 -0.0000
vn 0.0718 -0.9974 -0.0000
vn -0.4592 -0.8883 -0.0000
vn 0.0650 -0.9979 -0.0000
vn -0.7906 -0.6123 -0.0000
vn -0.0457 -0.9990 -0.0000
vn 0.0341 0.9994 -0.0000
vn -0.0522 -0.9986 -0.0000
vn 0.0160 -0.9999 -0.0000
vn 0.4437 -0.8962 -0.0000
vn 0.8175 -0.5759 -0.0000
vn 0.0454 -0.9990 -0.0000
vn -0.3526 -0.9358 -0.0000
vn 0.1949 -0.9808 -0.0000
vn -0.8703 -0.4925 -0.0000
vn 0.6549 -0.7557 -0.0000
vn -0.0377 0.9993 -0.0000
vn -0.4895 -0.8720 -0.0000
vn 0.3213 -0.9470 -0.0000
vn -0.9370 0.3494 -0.0000
vn 0.0201 0.9998 -0.0000
vn 0.3368 -0.9416 -0.0000
vn -0.7954 0.6061 -0.0000
vn -0.4499 -0.8931 -0.0000
vn -0.2478 -0.9688 -0.0000
vn 0.0602 0.9982 -0.0000
vn 0.9591 0.2832 -0.0000
vn 0.4418 -0.8971 -0.0000
vn 0.5512 -0.8344 -0.0000
vn 0.1002 0.9950 -0.0000
vn 0.2340 -0.9722 -0.0000
vn 0.8830 -0.4694 -0.0000
vn -0.4081 -0.9130 -0.0000
vn -0.1180 0.9930 -0.0000
vn -0.1459 -0.9893 -0.0000
vn 0.5541 -0.8324 -0.0000
vn -0.9307 -0.3659 -0.0000
vn -0.0000 1.0000 -0.0000
vn 0.4464 -0.8948 -0.0000
vn 0.1400 0.9902 -0.0000
vn 0.1363 -0.9907 -0.0000
vn 0.9319 -0.3627 -0.0000
vn -0.3643 -0.9313 -0.0000
vn -0.0476 -0.9989 -0.0000
vn -0.9712 -0.2384 -0.0000
vn 0.1796 0.9837 -0.0000
vn 0.0440 -0.9990 -0.0000
vn 0.8942 -0.4477 -0.0000
vn -0.3192 -0.9477 -0.0000
vn -0.2051 0.9787 -0.0000
vn -0.0459 0.9989 -0.0000
vn -0.9780 0.2085 -0.0000
vn 0.8282 -0.5605 -0.0000
vn 0.0153 0.9999 -0.0000
vn 0.3426 -0.9395 -0.0000
vn 0.2189 0.9757 -0.0000
vn 0.7486 -0.6630 -0.0000
vn 0.9656 -0.2600 -0.0000
vn -0.2734 -0.9619 -0.0000
vn 0.0474 0.9989 -0.0000
vn 0.2578 0.9662 -0.0000
vn 0.6569 -0.7540 -0.0000
vn 0.9870 0.1608 -0.0000
vn -0.2276 -0.9737 -0.0000
vn -0.2996 0.9541 -0.0000
vn 0.0810 0.9967 -0.0000
vn -0.9934 -0.1151 -0.0000
vn -0.1440 0.9896 -0.0000
vn 0.9453 -0.3263 -0.0000
vn 0.2410 -0.9705 -0.0000
vn 0.2964 0.9551 -0.0000
vn 0.9802 -0.1982 -0.0000
vn -0.1824 -0.9832 -0.0000
vn 0.1155 0.9933 -0.0000
vn 0.3344 0.9424 -0.0000
vn 0.9978 -0.0661 -0.0000
vn -0.9977 0.0680 -0.0000
vn -0.1384 -0.9904 -0.0000
vn -0.4015 0.9159 -0.0000
vn 0.1500 0.9887 -0.0000
vn -0.0000 -1.0000 -0.0000
vn 1.0000 -0.0000 -0.0000
vn 0.1836 0.9830 -0.0000
vn -0.0486 0.9988 -0.0000
vn 0.9987 0.0503 -0.0000
vn 0.1422 -0.9898 -0.0000
vn 0.3718 0.9283 -0.0000
vn -0.2496 0.9684 -0.0000
vn -0.9978 -0.0670 -0.0000
vn -0.0960 -0.9954 -0.0000
vn 0.0447 0.9990 -0.0000
vn 0.4086 0.9127 -0.0000
vn -0.0558 -0.9984 -0.0000
vn -0.5096 0.8604 -0.0000
vn 0.2152 0.9766 -0.0000
vn 0.1372 0.9905 -0.0000
vn -0.1476 0.9891 -0.0000
vn -0.0180 -0.9998 -0.0000
vn 0.2442 0.9697 -0.0000
vn 0.9689 0.2476 -0.0000
vn 0.0465 -0.9989 -0.0000
vn 0.4448 0.8957 -0.0000
vn -0.9797 -0.2007 -0.0000
vn 0.2697 0.9629 -0.0000
vn 0.2333 0.9724 -0.0000
vn -0.3615 0.9324 -0.0000
vn -0.2478 0.9688 -0.0000
vn -0.2221 -0.9750 -0.0000
vn 0.9350 0.3547 -0.0000
vn -0.2745 -0.9616 -0.0000
vn 0.2913 0.9566 -0.0000
vn 0.3331 0.9429 -0.0000
vn 0.8842 0.4671 -0.0000
vn -0.3491 0.9371 -0.0000
vn -0.9434 -0.3317 -0.0000
vn -0.3270 -0.9450 -0.0000
vn 0.3086 0.9512 -0.0000
vn -0.3792 -0.9253 -0.0000
vn 0.3217 0.9468 -0.0000
vn 0.4359 0.9000 -0.0000
vn 0.8150 0.5794 -0.0000
vn -0.4773 0.8787 -0.0000
vn -0.4511 0.8925 -0.0000
vn -0.8893 -0.4573 -0.0000
vn -0.4305 -0.9026 -0.0000
vn -0.4803 -0.8771 -0.0000
vn 0.5408 0.8412 -0.0000
vn 0.7283 0.6852 -0.0000
vn -0.1898 -0.9818 -0.0000
vn -0.5531 0.8331 -0.0000
vn -0.4433 0.8964 -0.0000
vn -0.5283 -0.8490 -0.0000
vn -0.2359 -0.9718 -0.0000
vn -0.5741 -0.8188 -0.0000
vn 0.6455 0.7638 -0.0000
vn -0.2804 -0.9599 -0.0000
vn -0.6536 0.7568 -0.0000
vn 0.6278 0.7784 -0.0000
vn -0.6211 0.7837 -0.0000
vn -0.4173 0.9088 -0.0000
vn -0.3220 -0.9467 -0.0000
vn -0.3887 0.9214 -0.0000
vn -0.1197 -0.9928 -0.0000
vn -0.3602 -0.9329 -0.0000
vn 0.0492 -0.9988 -0.0000
vn -0.8182 -0.5749 -0.0000
vn -0.1704 -0.9854 -0.0000
vn -0.3944 -0.9190 -0.0000
vn -0.0465 -0.9989 -0.0000
vn -0.7309 0.6825 -0.0000
vn -0.4245 -0.9054 -0.0000
vn 0.5192 0.8546 -0.0000
vn 0.1505 -0.9886 -0.0000
vn -0.3575 0.9339 -0.0000
vn -0.0232 -0.9997 -0.0000
vn -0.4508 -0.8926 -0.0000
vn -0.3237 0.9462 -0.0000
vn -0.0706 -0.9975 -0.0000
vn -0.5931 0.8051 -0.0000
vn -0.8312 0.5560 -0.0000
vn 0.2547 -0.9670 -0.0000
vn -0.2423 -0.9702 -0.0000
vn 0.4091 0.9125 -0.0000
vn -0.0983 -0.9952 -0.0000
vn -0.2873 0.9578 -0.0000
vn 0.0345 -0.9994 -0.0000
vn -0.1434 -0.9897 -0.0000
vn 0.7465 0.6654 -0.0000
vn 0.1066 -0.9943 -0.0000
vn -0.7033 0.7109 -0.0000
vn -0.7501 0.6614 -0.0000
vn 0.3030 0.9530 -0.0000
vn -0.2484 0.9687 -0.0000
vn 0.1835 -0.9830 -0.0000
vn -0.0175 -0.9998 -0.0000
vn 0.3612 -0.9325 -0.0000
vn -0.7315 -0.6818 -0.0000
vn 0.2661 -0.9639 -0.0000
vn -0.3452 -0.9385 -0.0000
vn -0.0559 -0.9984 -0.0000
vn -0.2071 0.9783 -0.0000
vn 0.3555 -0.9347 -0.0000
vn 0.0497 -0.9988 -0.0000
vn 0.4685 -0.8835 -0.0000
vn 0.4524 -0.8918 -0.0000
vn 0.2044 0.9789 -0.0000
vn -0.9133 0.4074 -0.0000
vn 0.1536 -0.9881 -0.0000
vn -0.1637 0.9865 -0.0000
vn 0.2624 -0.9650 -0.0000
vn 0.5750 -0.8181 -0.0000
vn 0.5567 -0.8307 -0.0000
vn -0.8017 0.5977 -0.0000
vn -0.5565 -0.8308 -0.0000
vn 0.1153 0.9933 -0.0000
vn -0.1185 0.9930 -0.0000
vn 0.6665 -0.7455 -0.0000
vn 0.3747 -0.9272 -0.0000
vn 0.8384 0.5450 -0.0000
vn -0.0718 0.9974 -0.0000
vn 0.7766 -0.6300 -0.0000
vn -0.8384 0.5450 -0.0000
vn -0.9695 0.2450 -0.0000
vn 0.4882 -0.8727 -0.0000
vn 0.0360 0.9994 -0.0000
vn 0.5998 -0.8001 -0.0000
vn 0.6781 -0.7350 -0.0000
vn -0.0240 0.9997 -0.0000
vn 0.8770 -0.4806 -0.0000
vn -0.8828 0.4698 -0.0000
vn -0.6609 -0.7504 -0.0000
vn 0.9540 -0.2999 -0.0000
vn -0.6317 -0.7753 -0.0000
vn -0.9968 0.0798 -0.0000
vn 0.7053 -0.7089 -0.0000
vn 0.7741 -0.6331 -0.0000
vn -0.7600 -0.6500 -0.0000
vn 0.8001 -0.5999 -0.0000
vn 0.4486 -0.8937 -0.0000
vn 0.9949 -0.1004 -0.0000
vn -0.9428 0.3335 -0.0000
vn -0.5216 -0.8532 -0.0000
vn 0.9148 0.4039 -0.0000
vn 0.9711 0.2387 -0.0000
vn -0.9131 0.4076 -0.0000
vn -0.9857 -0.1686 -0.0000
vn 0.8794 -0.4761 -0.0000
vn 0.4176 -0.9087 -0.0000
vn 0.9397 -0.3420 -0.0000
vn 0.8585 -0.5129 -0.0000
vn 0.3820 -0.9241 -0.0000
vn 0.7836 0.6213 -0.0000
vn -0.9806 0.1958 -0.0000
vn -0.8485 -0.5292 -0.0000
vn -0.4050 -0.9143 -0.0000
vn 0.5922 0.8058 -0.0000
vn -0.8761 -0.4822 -0.0000
vn 0.9791 -0.2035 -0.0000
vn 0.9690 0.2469 -0.0000
vn -0.9980 0.0630 -0.0000
vn -0.9677 0.2521 -0.0000
vn 0.3003 -0.9539 -0.0000
vn 0.4738 0.8807 -0.0000
vn -0.2859 -0.9583 -0.0000
vn -0.7205 -0.6934 -0.0000
vn 0.9978 -0.0663 -0.0000
vn 0.9264 -0.3766 -0.0000
vn -0.9208 -0.3900 -0.0000
vn 0.9975 0.0700 -0.0000
vn 0.2560 -0.9667 -0.0000
vn 0.4173 0.9088 -0.0000
vn -0.9971 -0.0764 -0.0000
vn 0.9735 -0.2287 -0.0000
vn 0.2111 -0.9775 -0.0000
vn 0.4071 0.9134 -0.0000
vn -0.9714 -0.2374 -0.0000
vn -0.1678 -0.9858 -0.0000
vn -0.5869 -0.8097 -0.0000
vn 0.9761 0.2175 -0.0000
vn -0.9728 -0.2317 -0.0000
vn 0.9966 0.0820 -0.0000
vn 0.1668 -0.9860 -0.0000
vn 0.4357 0.9001 -0.0000
vn -0.9964 0.0848 -0.0000
vn -0.4954 -0.8686 -0.0000
vn 0.9298 0.3680 -0.0000
vn 0.1243 -0.9922 -0.0000
vn 0.8586 0.5126 -0.0000
vn 0.9971 -0.0758 -0.0000
vn 0.0845 -0.9964 -0.0000
vn 0.5025 0.8646 -0.0000
vn -0.9237 -0.3831 -0.0000
vn -0.9969 -0.0787 -0.0000
vn -0.0541 -0.9985 -0.0000
vn -0.4442 -0.8959 -0.0000
vn -0.9971 -0.0767 -0.0000
vn 0.0151 -0.9999 -0.0000
vn 0.7663 0.6425 -0.0000
vn 0.0480 -0.9988 -0.0000
vn 0.6094 0.7929 -0.0000
vn -0.0516 0.9987 -0.0000
vn -0.4293 -0.9032 -0.0000
vn 0.6597 0.7515 -0.0000
vn 0.9978 0.0669 -0.0000
vn -0.8525 -0.5228 -0.0000
vn 0.0310 0.9995 -0.0000
vn 0.9972 -0.0750 -0.0000
vn 0.7517 0.6595 -0.0000
vn -0.9978 0.0660 -0.0000
vn 0.0934 0.9956 -0.0000
vn -0.4509 -0.8926 -0.0000
vn 0.5464 0.8375 -0.0000
vn -0.1547 0.9880 -0.0000
vn -0.3208 0.9471 -0.0000
vn -0.5154 -0.8569 -0.0000
vn 0.9786 0.2058 -0.0000
vn -0.9786 0.2056 -0.0000
vn 0.1557 0.9878 -0.0000
vn -0.0489 0.9988 -0.0000
vn -0.2552 0.9669 -0.0000
vn 0.8986 0.4389 -0.0000
vn 0.4330 0.9014 -0.0000
vn -0.9728 -0.2318 -0.0000
vn 0.0458 0.9990 -0.0000
vn -0.6353 -0.7723 -0.0000
vn -0.3039 0.9527 -0.0000
vn 0.2167 0.9762 -0.0000
vn 0.1460 0.9893 -0.0000
vn -0.8130 -0.5822 -0.0000
vn -0.7639 -0.6453 -0.0000
vn 0.9734 -0.2290 -0.0000
vn -0.1511 0.9885 -0.0000
vn 0.2754 0.9613 -0.0000
vn -0.2846 0.9586 -0.0000
vn 0.9382 0.3460 -0.0000
vn -0.3498 0.9368 -0.0000
vn 0.9891 0.1471 -0.0000
vn -0.9369 0.3496 -0.0000
vn 0.2575 0.9663 -0.0000
vn -0.9754 -0.2205 -0.0000
vn -0.2582 0.9661 -0.0000
vn 0.3239 0.9461 -0.0000
vn 0.3311 0.9436 -0.0000
vn -1.0000 -0.0000 -0.0000
vn -0.2628 0.9648 -0.0000
vn 0.8764 0.4815 -0.0000
vn -0.9242 -0.3818 -0.0000
vn 0.3784 0.9256 -0.0000
vn 0.6863 0.7274 -0.0000
vn -0.2386 0.9711 -0.0000
vn -0.3688 0.9295 -0.0000
vn -0.8714 0.4906 -0.0000
vn 0.9967 -0.0808 -0.0000
vn -0.2121 0.9773 -0.0000
vn -0.9953 0.0963 -0.0000
vn -0.4364 0.8998 -0.0000
vn 0.5046 0.8634 -0.0000
vn 0.9247 -0.3808 -0.0000
vn -0.4811 0.8767 -0.0000
vn 0.2217 0.9751 -0.0000
vn 0.6408 0.7677 -0.0000
vn -0.1832 0.9831 -0.0000
vn 0.7953 0.6062 -0.0000
vn 0.3831 0.9237 -0.0000
vn -0.9615 0.2748 -0.0000
vn -0.7842 0.6205 -0.0000
vn 0.6290 0.7774 -0.0000
vn -0.1524 0.9883 -0.0000
vn 0.4310 0.9024 -0.0000
vn -0.5921 0.8059 -0.0000
vn -0.8543 -0.5197 -0.0000
vn -0.5136 0.8580 -0.0000
vn 0.9700 -0.2431 -0.0000
vn 0.1272 0.9919 -0.0000
vn 0.7428 0.6695 -0.0000
vn 0.5920 0.8059 -0.0000
vn -0.1200 0.9928 -0.0000
vn 0.8528 -0.5222 -0.0000
vn 0.4746 0.8802 -0.0000
vn -0.6978 0.7163 -0.0000
vn -0.9019 0.4320 -0.0000
vn -0.5810 0.8139 -0.0000
vn -0.0863 0.9963 -0.0000
vn 0.6990 0.7151 -0.0000
vt 0.387755 0.000000
vt 0.377551 0.000000
vt 0.367347 0.000000
vt 0.357143 0.000000
vt 0.397959 0.000000
vt 0.346939 0.000000
vt 0.408163 0.000000
vt 0.336735 0.000000
vt 0.418367 0.000000
vt 0.326531 0.000000
vt 0.428571 0.000000
vt 0.316327 0.000000
vt 0.438776 0.000000
vt 0.306122 0.000000
vt 0.448980 0.000000
vt 0.877551 0.000000
vt 0.867347 0.000000
vt 0.887755 0.000000
vt 0.857143 0.000000
vt 0.897959 0.000000
vt 0.846939 0.000000
vt 0.908163 0.000000
vt 0.295918 0.000000
vt 0.836735 0.000000
vt 0.459184 0.000000
vt 0.918367 0.000000
vt 0.826531 0.000000
vt 0.928571 0.000000
vt 0.816327 0.000000
vt 0.938776 0.000000
vt 0.806122 0.000000
vt 0.948980 0.000000
vt 0.469388 0.000000
vt 0.285714 0.000000
vt 0.795918 0.000000
vt 0.959184 0.000000
vt 0.785714 0.000000
vt 0.969388 0.000000
vt 0.479592 0.000000
vt 0.275510 0.000000
vt 0.775510 0.000000
vt 0.979592 0.000000
vt 0.765306 0.000000
vt 0.989796 0.000000
vt 0.489796 0.000000
vt 0.755102 0.000000
vt 0.265306 0.000000
vt 1.000000 0.000000
vt 0.500000 0.000000
vt 0.255102 0.000000
vt 0.510204 0.000000
vt 0.244898 0.000000
vt 0.234694 0.000000
vt 0.520408 0.000000
vt 0.224490 0.000000
vt 0.214286 0.000000
vt 0.530612 0.000000
vt 0.204082 0.000000
vt 0.540816 0.000000
vt 0.193878 0.000000
vt 0.010204 0.000000
vt 0.000000 0.000000
vt 0.744898 0.000000
vt 0.183673 0.000000
vt 0.020408 0.000000
vt 0.030612 0.000000
vt 0.551020 0.000000
vt 0.173469 0.000000
vt 0.040816 0.000000
vt 0.051020 0.000000
vt 0.163265 0.000000
vt 0.061224 0.000000
vt 0.153061 0.000000
vt 0.071429 0.000000
vt 0.561224 0.000000
vt 0.081633 0.000000
vt 0.142857 0.000000
vt 0.091837 0.000000
vt 0.132653 0.000000
vt 0.102041 0.000000
vt 0.112245 0.000000
vt 0.122449 0.000000
vt 0.571429 0.000000
vt 0.734694 0.000000
vt 0.581633 0.000000
vt 0.724490 0.000000
vt 0.714286 0.000000
vt 0.591837 0.000000
vt 0.704082 0.000000
vt 0.693878 0.000000
vt 0.602041 0.000000
vt 0.683673 0.000000
vt 0.673469 0.000000
vt 0.612245 0.000000
vt 0.663265 0.000000
vt 0.653061 0.000000
vt 0.642857 0.000000
vt 0.622449 0.000000
vt 0.632653 0.000000
vt 0.759259 0.000000
vt 0.740741 0.000000
vt 0.722222 0.000000
vt 0.703704 0.000000
vt 0.777778 0.000000
vt 0.685185 0.000000
vt 0.796296 0.000000
vt 0.666667 0.000000
vt 0.648148 0.000000
vt 0.814815 0.000000
vt 0.629630 0.000000
vt 0.018519 0.000000
vt 0.981481 0.000000
vt 0.833333 0.000000
vt 0.611111 0.000000
vt 0.592593 0.000000
vt 0.851852 0.000000
vt 0.574074 0.000000
vt 0.870370 0.000000
vt 0.555556 0.000000
vt 0.537037 0.000000
vt 0.888889 0.000000
vt 0.518519 0.000000
vt 0.907407 0.000000
vt 0.333333 0.000000
vt 0.351852 0.000000
vt 0.370370 0.000000
vt 0.388889 0.000000
vt 0.407407 0.000000
vt 0.425926 0.000000
vt 0.444444 0.000000
vt 0.462963 0.000000
vt 0.481481 0.000000
vt 0.925926 0.000000
vt 0.296296 0.000000
vt 0.314815 0.000000
vt 0.944444 0.000000
vt 0.259259 0.000000
vt 0.277778 0.000000
vt 0.240741 0.000000
vt 0.222222 0.000000
vt 0.962963 0.000000
vt 0.203704 0.000000
vt 0.185185 0.000000
vt 0.111111 0.000000
vt 0.129630 0.000000
vt 0.148148 0.000000
vt 0.166667 0.000000
vt 0.092593 0.000000
vt 0.074074 0.000000
vt 0.055556 0.000000
vt 0.037037 0.000000
vt 0.010526 0.000000
vt 0.494737 0.000000
vt 0.484211 0.000000
vt 0.021053 0.000000
vt 0.473684 0.000000
vt 0.031579 0.000000
vt 0.463158 0.000000
vt 0.042105 0.000000
vt 0.452632 0.000000
vt 0.052632 0.000000
vt 0.442105 0.000000
vt 0.063158 0.000000
vt 0.431579 0.000000
vt 0.073684 0.000000
vt 0.505263 0.000000
vt 0.515789 0.000000
vt 0.989474 0.000000
vt 0.526316 0.000000
vt 0.978947 0.000000
vt 0.536842 0.000000
vt 0.421053 0.000000
vt 0.084211 0.000000
vt 0.968421 0.000000
vt 0.547368 0.000000
vt 0.957895 0.000000
vt 0.557895 0.000000
vt 0.947368 0.000000
vt 0.568421 0.000000
vt 0.410526 0.000000
vt 0.094737 0.000000
vt 0.936842 0.000000
vt 0.578947 0.000000
vt 0.926316 0.000000
vt 0.589474 0.000000
vt 0.400000 0.000000
vt 0.105263 0.000000
vt 0.915789 0.000000
vt 0.600000 0.000000
vt 0.389474 0.000000
vt 0.115789 0.000000
vt 0.905263 0.000000
vt 0.610526 0.000000
vt 0.894737 0.000000
vt 0.621053 0.000000
vt 0.378947 0.000000
vt 0.126316 0.000000
vt 0.884211 0.000000
vt 0.631579 0.000000
vt 0.136842 0.000000
vt 0.873684 0.000000
vt 0.368421 0.000000
vt 0.642105 0.000000
vt 0.863158 0.000000
vt 0.652632 0.000000
vt 0.147368 0.000000
vt 0.357895 0.000000
vt 0.852632 0.000000
vt 0.663158 0.000000
vt 0.842105 0.000000
vt 0.157895 0.000000
vt 0.673684 0.000000
vt 0.347368 0.000000
vt 0.831579 0.000000
vt 0.684211 0.000000
vt 0.168421 0.000000
vt 0.336842 0.000000
vt 0.821053 0.000000
vt 0.694737 0.000000
vt 0.810526 0.000000
vt 0.705263 0.000000
vt 0.178947 0.000000
vt 0.326316 0.000000
vt 0.800000 0.000000
vt 0.715789 0.000000
vt 0.789474 0.000000
vt 0.726316 0.000000
vt 0.778947 0.000000
vt 0.736842 0.000000
vt 0.189474 0.000000
vt 0.315789 0.000000
vt 0.768421 0.000000
vt 0.747368 0.000000
vt 0.757895 0.000000
vt 0.200000 0.000000
vt 0.305263 0.000000
vt 0.210526 0.000000
vt 0.294737 0.000000
vt 0.221053 0.000000
vt 0.284211 0.000000
vt 0.231579 0.000000
vt 0.273684 0.000000
vt 0.242105 0.000000
vt 0.263158 0.000000
vt 0.252632 0.000000
vt 0.134021 0.000000
vt 0.123711 0.000000
vt 0.113402 0.000000
vt 0.103093 0.000000
vt 0.092784 0.000000
vt 0.144330 0.000000
vt 0.082474 0.000000
vt 0.072165 0.000000
vt 0.061856 0.000000
vt 0.154639 0.000000
vt 0.051546 0.000000
vt 0.041237 0.000000
vt 0.030928 0.000000
vt 0.164948 0.000000
vt 0.020619 0.000000
vt 0.010309 0.000000
vt 0.175258 0.000000
vt 0.917526 0.000000
vt 0.927835 0.000000
vt 0.938144 0.000000
vt 0.948454 0.000000
vt 0.958763 0.000000
vt 0.969072 0.000000
vt 0.979381 0.000000
vt 0.989691 0.000000
vt 0.185567 0.000000
vt 0.896907 0.000000
vt 0.907216 0.000000
vt 0.195876 0.000000
vt 0.876289 0.000000
vt 0.886598 0.000000
vt 0.865979 0.000000
vt 0.855670 0.000000
vt 0.845361 0.000000
vt 0.206186 0.000000
vt 0.835052 0.000000
vt 0.824742 0.000000
vt 0.814433 0.000000
vt 0.216495 0.000000
vt 0.804124 0.000000
vt 0.793814 0.000000
vt 0.226804 0.000000
vt 0.783505 0.000000
vt 0.773196 0.000000
vt 0.237113 0.000000
vt 0.762887 0.000000
vt 0.247423 0.000000
vt 0.752577 0.000000
vt 0.742268 0.000000
vt 0.257732 0.000000
vt 0.731959 0.000000
vt 0.268041 0.000000
vt 0.721649 0.000000
vt 0.711340 0.000000
vt 0.278351 0.000000
vt 0.701031 0.000000
vt 0.690722 0.000000
vt 0.288660 0.000000
vt 0.680412 0.000000
vt 0.515464 0.000000
vt 0.505155 0.000000
vt 0.494845 0.000000
vt 0.670103 0.000000
vt 0.525773 0.000000
vt 0.298969 0.000000
vt 0.536082 0.000000
vt 0.659794 0.000000
vt 0.546392 0.000000
vt 0.556701 0.000000
vt 0.567010 0.000000
vt 0.649485 0.000000
vt 0.577320 0.000000
vt 0.587629 0.000000
vt 0.639175 0.000000
vt 0.597938 0.000000
vt 0.608247 0.000000
vt 0.628866 0.000000
vt 0.618557 0.000000
vt 0.309278 0.000000
vt 0.319588 0.000000
vt 0.329897 0.000000
vt 0.340206 0.000000
vt 0.484536 0.000000
vt 0.474227 0.000000
vt 0.463918 0.000000
vt 0.350515 0.000000
vt 0.453608 0.000000
vt 0.443299 0.000000
vt 0.432990 0.000000
vt 0.422680 0.000000
vt 0.360825 0.000000
vt 0.412371 0.000000
vt 0.402062 0.000000
vt 0.391753 0.000000
vt 0.371134 0.000000
vt 0.381443 0.000000
vt 0.107438 0.000000
vt 0.099174 0.000000
vt 0.090909 0.000000
vt 0.082645 0.000000
vt 0.074380 0.000000
vt 0.115702 0.000000
vt 0.066116 0.000000
vt 0.057851 0.000000
vt 0.123967 0.000000
vt 0.049587 0.000000
vt 0.041322 0.000000
vt 0.132231 0.000000
vt 0.033058 0.000000
vt 0.024793 0.000000
vt 0.140496 0.000000
vt 0.016529 0.000000
vt 0.008264 0.000000
vt 0.148760 0.000000
vt 0.933884 0.000000
vt 0.942149 0.000000
vt 0.950413 0.000000
vt 0.958678 0.000000
vt 0.966942 0.000000
vt 0.975207 0.000000
vt 0.983471 0.000000
vt 0.991736 0.000000
vt 0.157025 0.000000
vt 0.917355 0.000000
vt 0.925620 0.000000
vt 0.165289 0.000000
vt 0.900826 0.000000
vt 0.909091 0.000000
vt 0.173554 0.000000
vt 0.892562 0.000000
vt 0.884298 0.000000
vt 0.876033 0.000000
vt 0.867769 0.000000
vt 0.859504 0.000000
vt 0.851240 0.000000
vt 0.181818 0.000000
vt 0.842975 0.000000
vt 0.834711 0.000000
vt 0.826446 0.000000
vt 0.190083 0.000000
vt 0.818182 0.000000
vt 0.809917 0.000000
vt 0.198347 0.000000
vt 0.801653 0.000000
vt 0.793388 0.000000
vt 0.206612 0.000000
vt 0.785124 0.000000
vt 0.776860 0.000000
vt 0.214876 0.000000
vt 0.768595 0.000000
vt 0.223140 0.000000
vt 0.760331 0.000000
vt 0.752066 0.000000
vt 0.231405 0.000000
vt 0.743802 0.000000
vt 0.239669 0.000000
vt 0.735537 0.000000
vt 0.247934 0.000000
vt 0.727273 0.000000
vt 0.256198 0.000000
vt 0.719008 0.000000
vt 0.264463 0.000000
vt 0.272727 0.000000
vt 0.710744 0.000000
vt 0.280992 0.000000
vt 0.289256 0.000000
vt 0.702479 0.000000
vt 0.297521 0.000000
vt 0.504132 0.000000
vt 0.495868 0.000000
vt 0.487603 0.000000
vt 0.694215 0.000000
vt 0.305785 0.000000
vt 0.479339 0.000000
vt 0.314050 0.000000
vt 0.685950 0.000000
vt 0.471074 0.000000
vt 0.322314 0.000000
vt 0.462810 0.000000
vt 0.330579 0.000000
vt 0.338843 0.000000
vt 0.677686 0.000000
vt 0.454545 0.000000
vt 0.347107 0.000000
vt 0.446281 0.000000
vt 0.355372 0.000000
vt 0.438017 0.000000
vt 0.669421 0.000000
vt 0.363636 0.000000
vt 0.429752 0.000000
vt 0.371901 0.000000
vt 0.421488 0.000000
vt 0.380165 0.000000
vt 0.413223 0.000000
vt 0.388430 0.000000
vt 0.404959 0.000000
vt 0.661157 0.000000
vt 0.396694 0.000000
vt 0.652893 0.000000
vt 0.512397 0.000000
vt 0.520661 0.000000
vt 0.644628 0.000000
vt 0.528926 0.000000
vt 0.636364 0.000000
vt 0.537190 0.000000
vt 0.545455 0.000000
vt 0.628099 0.000000
vt 0.553719 0.000000
vt 0.561983 0.000000
vt 0.619835 0.000000
vt 0.570248 0.000000
vt 0.578512 0.000000
vt 0.611570 0.000000
vt 0.586777 0.000000
vt 0.595041 0.000000
vt 0.603306 0.000000
vt 0.582423 0.647532
vt 0.613543 0.629919
vt 0.599724 0.641085
vt 0.625416 0.618034
vt 0.565398 0.652090
vt 0.635179 0.605199
vt 0.548507 0.654326
vt 0.642732 0.591358
vt 0.531851 0.654227
vt 0.648010 0.576526
vt 0.515555 0.651823
vt 0.650956 0.560738
vt 0.499753 0.647156
vt 0.651518 0.544033
vt 0.486872 0.640266
vt 0.574815 0.590895
vt 0.577572 0.588644
vt 0.582189 0.585677
vt 0.567820 0.592868
vt 0.588458 0.579935
vt 0.558116 0.595749
vt 0.593684 0.573667
vt 0.653434 0.526108
vt 0.548479 0.597321
vt 0.469318 0.632054
vt 0.598231 0.566949
vt 0.538886 0.597695
vt 0.601735 0.559743
vt 0.529418 0.596797
vt 0.604219 0.552072
vt 0.520109 0.594651
vt 0.605677 0.543973
vt 0.452742 0.620995
vt 0.652877 0.506319
vt 0.510928 0.591332
vt 0.606372 0.535490
vt 0.501978 0.586803
vt 0.605970 0.526649
vt 0.437447 0.607115
vt 0.649026 0.484560
vt 0.493226 0.581118
vt 0.604678 0.517457
vt 0.484782 0.574280
vt 0.602231 0.508033
vt 0.423886 0.590540
vt 0.476596 0.566344
vt 0.641298 0.461309
vt 0.598767 0.498327
vt 0.411404 0.572603
vt 0.630509 0.437409
vt 0.397440 0.558245
vt 0.455883 0.528220
vt 0.450559 0.506935
vt 0.382357 0.540421
vt 0.445139 0.485187
vt 0.439678 0.462879
vt 0.366507 0.518551
vt 0.435420 0.440125
vt 0.351468 0.493372
vt 0.432795 0.416942
vt 0.634907 0.130627
vt 0.562149 0.058017
vt 0.653434 0.123053
vt 0.431582 0.393489
vt 0.617044 0.138629
vt 0.599854 0.147089
vt 0.337783 0.464230
vt 0.432799 0.369661
vt 0.583349 0.156037
vt 0.567542 0.165504
vt 0.436154 0.345692
vt 0.552444 0.175521
vt 0.441997 0.321668
vt 0.538065 0.186117
vt 0.326438 0.430855
vt 0.524419 0.197324
vt 0.450922 0.297464
vt 0.511517 0.209171
vt 0.462670 0.273195
vt 0.499369 0.221690
vt 0.487989 0.234911
vt 0.477387 0.248864
vt 0.318913 0.393468
vt 0.542844 0.064683
vt 0.316704 0.355183
vt 0.524384 0.071894
vt 0.506684 0.079715
vt 0.320128 0.316295
vt 0.489658 0.088319
vt 0.473216 0.097758
vt 0.329536 0.277099
vt 0.457280 0.108225
vt 0.441749 0.119751
vt 0.345258 0.237841
vt 0.426565 0.132567
vt 0.411603 0.146657
vt 0.396766 0.162125
vt 0.367306 0.198131
vt 0.382061 0.179325
vt 0.445689 0.677686
vt 0.446005 0.659604
vt 0.446334 0.667921
vt 0.445015 0.651349
vt 0.443726 0.687493
vt 0.443362 0.643138
vt 0.440403 0.697345
vt 0.441041 0.634957
vt 0.438050 0.626788
vt 0.435679 0.707245
vt 0.434385 0.618616
vt 0.021267 0.873030
vt 0.437981 0.790430
vt 0.437981 0.873030
vt 0.342388 0.790430
vt 0.429510 0.717197
vt 0.430044 0.610425
vt 0.425023 0.602198
vt 0.421856 0.727203
vt 0.419318 0.593920
vt 0.412674 0.737268
vt 0.412927 0.585574
vt 0.405847 0.577145
vt 0.401923 0.747394
vt 0.398073 0.568615
vt 0.389561 0.757584
vt 0.364459 0.672533
vt 0.362222 0.666202
vt 0.359417 0.659615
vt 0.356077 0.652840
vt 0.352235 0.645949
vt 0.347922 0.639013
vt 0.343171 0.632103
vt 0.338014 0.625289
vt 0.332483 0.618643
vt 0.326610 0.612236
vt 0.375546 0.767842
vt 0.367104 0.684136
vt 0.366097 0.678534
vt 0.359835 0.778171
vt 0.366291 0.703151
vt 0.367446 0.689267
vt 0.362922 0.716418
vt 0.357484 0.728958
vt 0.342388 0.788574
vt 0.350122 0.740656
vt 0.340981 0.751401
vt 0.289530 0.782584
vt 0.304336 0.776783
vt 0.317943 0.769577
vt 0.330207 0.761079
vt 0.273670 0.786868
vt 0.256902 0.789521
vt 0.239369 0.790430
vt 0.021267 0.790430
vt 0.569014 0.731874
vt 0.565278 0.794143
vt 0.565333 0.762163
vt 0.568839 0.824621
vt 0.576244 0.703227
vt 0.575840 0.853384
vt 0.586779 0.676441
vt 0.586102 0.880218
vt 0.600379 0.651732
vt 0.599446 0.904910
vt 0.616800 0.629321
vt 0.615697 0.927245
vt 0.635800 0.609424
vt 0.634674 0.947009
vt 0.657139 0.592261
vt 0.639506 0.765598
vt 0.641819 0.746677
vt 0.639518 0.785779
vt 0.646376 0.728901
vt 0.641900 0.805005
vt 0.653040 0.712385
vt 0.646534 0.823145
vt 0.656201 0.963989
vt 0.680573 0.578048
vt 0.661677 0.697245
vt 0.653304 0.840063
vt 0.672149 0.683594
vt 0.662090 0.855628
vt 0.684323 0.671548
vt 0.672774 0.869708
vt 0.680100 0.977971
vt 0.705860 0.567005
vt 0.698060 0.661221
vt 0.685239 0.882168
vt 0.713227 0.652727
vt 0.699366 0.892876
vt 0.706192 0.988741
vt 0.732759 0.559350
vt 0.729686 0.646182
vt 0.715037 0.901699
vt 0.734301 0.996085
vt 0.761028 0.555300
vt 0.747302 0.641700
vt 0.732135 0.908505
vt 0.765939 0.639396
vt 0.750540 0.913161
vt 0.764247 0.999789
vt 0.790424 0.555074
vt 0.785461 0.639384
vt 0.770136 0.915533
vt 0.821510 0.558789
vt 0.806765 0.641763
vt 0.796334 0.999789
vt 0.791943 0.915687
vt 0.826606 0.646239
vt 0.812378 0.913551
vt 0.850717 0.566034
vt 0.826699 0.996027
vt 0.844890 0.652702
vt 0.831361 0.909200
vt 0.861523 0.661043
vt 0.877855 0.576606
vt 0.848814 0.902706
vt 0.855170 0.988668
vt 0.876413 0.671154
vt 0.864659 0.894142
vt 0.902738 0.590299
vt 0.881578 0.977874
vt 0.889465 0.682926
vt 0.878817 0.883580
vt 0.900586 0.696250
vt 0.891209 0.871093
vt 0.925176 0.606908
vt 0.905750 0.963812
vt 0.909681 0.711017
vt 0.901757 0.856755
vt 0.916658 0.727118
vt 0.910383 0.840638
vt 0.921422 0.744446
vt 0.917007 0.822815
vt 0.944982 0.626228
vt 0.927517 0.946644
vt 0.923881 0.762889
vt 0.921552 0.803358
vt 0.923939 0.782341
vt 0.961967 0.648056
vt 0.946706 0.926536
vt 0.975944 0.672186
vt 0.963146 0.903651
vt 0.986724 0.698413
vt 0.976667 0.878154
vt 0.994119 0.726532
vt 0.987098 0.850208
vt 0.997942 0.756340
vt 0.994267 0.819979
vt 0.998004 0.787630
vt 0.769138 0.506190
vt 0.811485 0.506442
vt 0.799748 0.507036
vt 0.822632 0.505418
vt 0.833269 0.503978
vt 0.740467 0.501775
vt 0.843478 0.502136
vt 0.853339 0.499904
vt 0.862935 0.497297
vt 0.713856 0.493918
vt 0.872344 0.494329
vt 0.881650 0.491012
vt 0.890932 0.487360
vt 0.689425 0.482743
vt 0.900272 0.483388
vt 0.909751 0.479108
vt 0.919449 0.474534
vt 0.667294 0.468376
vt 0.838229 0.426124
vt 0.847056 0.423650
vt 0.856025 0.420559
vt 0.865206 0.416804
vt 0.874667 0.412337
vt 0.884479 0.407111
vt 0.894711 0.401079
vt 0.905433 0.394194
vt 0.916713 0.386408
vt 0.647582 0.450941
vt 0.820723 0.429410
vt 0.829474 0.428028
vt 0.630409 0.430565
vt 0.802951 0.430796
vt 0.811905 0.430317
vt 0.784630 0.430201
vt 0.767305 0.427316
vt 0.751079 0.422236
vt 0.615896 0.407372
vt 0.736055 0.415059
vt 0.722335 0.405881
vt 0.710024 0.394799
vt 0.604163 0.381488
vt 0.699223 0.381909
vt 0.690036 0.367309
vt 0.595329 0.353038
vt 0.682566 0.351096
vt 0.676916 0.333365
vt 0.589514 0.322147
vt 0.673188 0.314214
vt 0.586839 0.288940
vt 0.671485 0.293740
vt 0.671983 0.272861
vt 0.587700 0.259054
vt 0.674755 0.253405
vt 0.592073 0.230743
vt 0.679715 0.235436
vt 0.686773 0.219016
vt 0.599789 0.204185
vt 0.695841 0.204210
vt 0.706832 0.191083
vt 0.610680 0.179560
vt 0.719656 0.179697
vt 0.909043 0.171417
vt 0.916914 0.093910
vt 0.919449 0.175543
vt 0.734227 0.170118
vt 0.898962 0.167668
vt 0.624576 0.157046
vt 0.889169 0.164296
vt 0.750454 0.162409
vt 0.879630 0.161304
vt 0.870309 0.158692
vt 0.861171 0.156461
vt 0.768250 0.156633
vt 0.852180 0.154612
vt 0.843301 0.153147
vt 0.787527 0.152856
vt 0.834499 0.152066
vt 0.825737 0.151371
vt 0.808195 0.151142
vt 0.816981 0.151062
vt 0.641310 0.136824
vt 0.660713 0.119073
vt 0.682616 0.103971
vt 0.706851 0.091699
vt 0.909355 0.090939
vt 0.900876 0.088106
vt 0.891595 0.085440
vt 0.733249 0.082436
vt 0.881634 0.082969
vt 0.871112 0.080722
vt 0.860150 0.078727
vt 0.848868 0.077013
vt 0.761642 0.076360
vt 0.837385 0.075608
vt 0.825824 0.074541
vt 0.814302 0.073840
vt 0.791861 0.073651
vt 0.802941 0.073534
vt 0.166084 0.648747
vt 0.206305 0.649451
vt 0.194245 0.649863
vt 0.218346 0.648420
vt 0.230357 0.646771
vt 0.139690 0.644970
vt 0.242323 0.644503
vt 0.254233 0.641618
vt 0.115187 0.638630
vt 0.266073 0.638114
vt 0.277831 0.633992
vt 0.092704 0.629828
vt 0.289493 0.629252
vt 0.301046 0.623894
vt 0.072366 0.618662
vt 0.312478 0.617919
vt 0.323776 0.611326
vt 0.054300 0.605229
vt 0.334927 0.604115
vt 0.231584 0.562131
vt 0.243705 0.558490
vt 0.256074 0.553857
vt 0.268667 0.548159
vt 0.281456 0.541322
vt 0.294415 0.533272
vt 0.307518 0.523934
vt 0.320739 0.513236
vt 0.334050 0.501103
vt 0.038629 0.589635
vt 0.208187 0.566692
vt 0.219729 0.564809
vt 0.025482 0.571972
vt 0.186115 0.568223
vt 0.196974 0.567805
vt 0.014985 0.552339
vt 0.171855 0.567720
vt 0.158368 0.565991
vt 0.145741 0.563096
vt 0.134060 0.559090
vt 0.123415 0.554030
vt 0.113892 0.547975
vt 0.007267 0.530836
vt 0.105579 0.540981
vt 0.098564 0.533105
vt 0.092933 0.524405
vt 0.002452 0.507560
vt 0.088775 0.514938
vt 0.086177 0.504762
vt 0.000668 0.482610
vt 0.085226 0.493932
vt 0.090366 0.465874
vt 0.005701 0.442324
vt 0.105048 0.441741
vt 0.127360 0.420415
vt 0.020290 0.407613
vt 0.155390 0.400779
vt 0.042525 0.377540
vt 0.187229 0.381716
vt 0.220963 0.362108
vt 0.070496 0.351167
vt 0.254684 0.340836
vt 0.102294 0.327558
vt 0.286478 0.316785
vt 0.136010 0.305775
vt 0.314436 0.288835
vt 0.169734 0.284882
vt 0.336645 0.255870
vt 0.201555 0.263941
vt 0.229566 0.242015
vt 0.351195 0.216773
vt 0.251855 0.218168
vt 0.266515 0.191461
vt 0.356175 0.170424
vt 0.271634 0.160958
vt 0.000668 0.060319
vt 0.013401 0.161008
vt 0.001680 0.175397
vt 0.354424 0.146200
vt 0.270875 0.151985
vt 0.025606 0.147755
vt 0.268741 0.142825
vt 0.349719 0.123280
vt 0.038267 0.135659
vt 0.265216 0.133664
vt 0.051353 0.124739
vt 0.260281 0.124690
vt 0.253918 0.116089
vt 0.342230 0.101823
vt 0.064836 0.115014
vt 0.246109 0.108048
vt 0.078688 0.106503
vt 0.236838 0.100755
vt 0.092879 0.099228
vt 0.332126 0.081984
vt 0.226087 0.094397
vt 0.107381 0.093206
vt 0.213837 0.089160
vt 0.122165 0.088458
vt 0.200071 0.085233
vt 0.137202 0.085003
vt 0.184771 0.082801
vt 0.152463 0.082862
vt 0.319575 0.063919
vt 0.167920 0.082052
vt 0.304747 0.047785
vt 0.013873 0.050669
vt 0.027237 0.041898
vt 0.287810 0.033739
vt 0.040795 0.033994
vt 0.268933 0.021937
vt 0.054583 0.026949
vt 0.068637 0.020753
vt 0.248286 0.012535
vt 0.082991 0.015394
vt 0.097681 0.010865
vt 0.226037 0.005690
vt 0.112743 0.007154
vt 0.128211 0.004251
vt 0.202356 0.001557
vt 0.144122 0.002147
vt 0.160509 0.000832
vt 0.177410 0.000295
s 0
usemtl マテリアル
f 39/1/1 38/2/1 37/3/1
f 39/1/1 37/3/1 36/4/1
f 40/5/1 39/1/1 36/4/1
f 40/5/1 36/4/1 35/6/1
f 41/7/1 40/5/1 35/6/1
f 41/7/1 35/6/1 34/8/1
f 42/9/1 41/7/1 34/8/1
f 42/9/1 34/8/1 33/10/1
f 43/11/1 42/9/1 33/10/1
f 43/11/1 33/10/1 32/12/1
f 44/13/1 43/11/1 32/12/1
f 44/13/1 32/12/1 31/14/1
f 45/15/1 44/13/1 87/16/1
f 87/16/1 44/13/1 31/14/1
f 45/15/1 87/16/1 86/17/1
f 88/18/1 87/16/1 31/14/1
f 45/15/1 86/17/1 85/19/1
f 89/20/1 88/18/1 31/14/1
f 45/15/1 85/19/1 84/21/1
f 90/22/1 89/20/1 31/14/1
f 90/22/1 31/14/1 30/23/1
f 45/15/1 84/21/1 83/24/1
f 46/25/1 45/15/1 83/24/1
f 91/26/1 90/22/1 30/23/1
f 46/25/1 83/24/1 82/27/1
f 92/28/1 91/26/1 30/23/1
f 46/25/1 82/27/1 81/29/1
f 93/30/1 92/28/1 30/23/1
f 46/25/1 81/29/1 80/31/1
f 94/32/1 93/30/1 30/23/1
f 47/33/1 46/25/1 80/31/1
f 94/32/1 30/23/1 29/34/1
f 47/33/1 80/31/1 79/35/1
f 95/36/1 94/32/1 29/34/1
f 47/33/1 79/35/1 78/37/1
f 96/38/1 95/36/1 29/34/1
f 48/39/1 47/33/1 78/37/1
f 96/38/1 29/34/1 28/40/1
f 48/39/1 78/37/1 77/41/1
f 97/42/1 96/38/1 28/40/1
f 48/39/1 77/41/1 76/43/1
f 98/44/1 97/42/1 28/40/1
f 49/45/1 48/39/1 76/43/1
f 49/45/1 76/43/1 75/46/1
f 98/44/1 28/40/1 27/47/1
f 99/48/1 98/44/1 27/47/1
f 49/45/1 75/46/1 99/48/1
f 49/45/1 99/48/1 27/47/1
f 50/49/1 49/45/1 27/47/1
f 50/49/1 27/47/1 26/50/1
f 51/51/1 50/49/1 25/52/1
f 25/52/1 50/49/1 26/50/1
f 51/51/1 25/52/1 24/53/1
f 52/54/1 51/51/1 24/53/1
f 52/54/1 24/53/1 23/55/1
f 52/54/1 23/55/1 22/56/1
f 53/57/1 52/54/1 22/56/1
f 53/57/1 22/56/1 21/58/1
f 54/59/1 53/57/1 21/58/1
f 54/59/1 21/58/1 20/60/1
f 2/61/1 1/62/1 74/63/1
f 54/59/1 20/60/1 19/64/1
f 3/65/1 2/61/1 74/63/1
f 4/66/1 3/65/1 74/63/1
f 55/67/1 54/59/1 19/64/1
f 55/67/1 19/64/1 18/68/1
f 5/69/1 4/66/1 74/63/1
f 6/70/1 5/69/1 74/63/1
f 55/67/1 18/68/1 17/71/1
f 7/72/1 6/70/1 74/63/1
f 55/67/1 17/71/1 16/73/1
f 8/74/1 7/72/1 74/63/1
f 56/75/1 55/67/1 16/73/1
f 9/76/1 8/74/1 74/63/1
f 56/75/1 16/73/1 15/77/1
f 10/78/1 9/76/1 74/63/1
f 56/75/1 15/77/1 14/79/1
f 11/80/1 10/78/1 74/63/1
f 12/81/1 11/80/1 74/63/1
f 56/75/1 14/79/1 13/82/1
f 13/82/1 12/81/1 74/63/1
f 56/75/1 13/82/1 74/63/1
f 57/83/1 56/75/1 74/63/1
f 57/83/1 74/63/1 73/84/1
f 58/85/1 57/83/1 73/84/1
f 58/85/1 73/84/1 72/86/1
f 58/85/1 72/86/1 71/87/1
f 59/88/1 58/85/1 71/87/1
f 59/88/1 71/87/1 70/89/1
f 59/88/1 70/89/1 69/90/1
f 60/91/1 59/88/1 69/90/1
f 60/91/1 69/90/1 68/92/1
f 60/91/1 68/92/1 67/93/1
f 61/94/1 60/91/1 67/93/1
f 61/94/1 67/93/1 66/95/1
f 61/94/1 66/95/1 65/96/1
f 61/94/1 65/96/1 64/97/1
f 62/98/1 61/94/1 64/97/1
f 62/98/1 64/97/1 63/99/1
f 141/100/1 140/101/1 139/102/1
f 141/100/1 139/102/1 138/103/1
f 142/104/1 141/100/1 138/103/1
f 142/104/1 138/103/1 137/105/1
f 143/106/1 142/104/1 137/105/1
f 143/106/1 137/105/1 136/107/1
f 143/106/1 136/107/1 135/108/1
f 144/109/1 143/106/1 135/108/1
f 144/109/1 135/108/1 134/110/1
f 101/111/1 100/62/1 154/48/1
f 101/111/1 154/48/1 153/112/1
f 145/113/1 144/109/1 134/110/1
f 145/113/1 134/110/1 133/114/1
f 145/113/1 133/114/1 132/115/1
f 146/116/1 145/113/1 132/115/1
f 146/116/1 132/115/1 131/117/1
f 147/118/1 146/116/1 131/117/1
f 147/118/1 131/117/1 130/119/1
f 147/118/1 130/119/1 129/120/1
f 148/121/1 147/118/1 129/120/1
f 148/121/1 129/120/1 128/122/1
f 149/123/1 148/121/1 128/122/1
f 149/123/1 128/122/1 118/124/1
f 118/124/1 128/122/1 119/125/1
f 119/125/1 128/122/1 120/126/1
f 120/126/1 128/122/1 121/127/1
f 121/127/1 128/122/1 122/128/1
f 122/128/1 128/122/1 123/129/1
f 123/129/1 128/122/1 124/130/1
f 124/130/1 128/122/1 125/131/1
f 125/131/1 128/122/1 126/132/1
f 126/132/1 128/122/1 127/49/1
f 150/133/1 149/123/1 116/134/1
f 116/134/1 149/123/1 117/135/1
f 117/135/1 149/123/1 118/124/1
f 151/136/1 150/133/1 114/137/1
f 114/137/1 150/133/1 115/138/1
f 115/138/1 150/133/1 116/134/1
f 151/136/1 114/137/1 113/139/1
f 151/136/1 113/139/1 112/140/1
f 152/141/1 151/136/1 112/140/1
f 152/141/1 112/140/1 111/142/1
f 152/141/1 111/142/1 110/143/1
f 101/111/1 153/112/1 152/141/1
f 101/111/1 152/141/1 106/144/1
f 106/144/1 152/141/1 107/145/1
f 107/145/1 152/141/1 108/146/1
f 108/146/1 152/141/1 109/147/1
f 109/147/1 152/141/1 110/143/1
f 101/111/1 106/144/1 105/148/1
f 101/111/1 105/148/1 104/149/1
f 101/111/1 104/149/1 103/150/1
f 101/111/1 103/150/1 102/151/1
f 156/152/1 155/62/1 202/153/1
f 156/152/1 202/153/1 201/154/1
f 157/155/1 156/152/1 201/154/1
f 157/155/1 201/154/1 200/156/1
f 158/157/1 157/155/1 200/156/1
f 158/157/1 200/156/1 199/158/1
f 159/159/1 158/157/1 199/158/1
f 159/159/1 199/158/1 198/160/1
f 160/161/1 159/159/1 198/160/1
f 160/161/1 198/160/1 197/162/1
f 161/163/1 160/161/1 197/162/1
f 161/163/1 197/162/1 196/164/1
f 162/165/1 161/163/1 203/166/1
f 203/166/1 161/163/1 196/164/1
f 162/165/1 203/166/1 250/48/1
f 204/167/1 203/166/1 196/164/1
f 162/165/1 250/48/1 249/168/1
f 205/169/1 204/167/1 196/164/1
f 162/165/1 249/168/1 248/170/1
f 206/171/1 205/169/1 196/164/1
f 206/171/1 196/164/1 195/172/1
f 163/173/1 162/165/1 248/170/1
f 163/173/1 248/170/1 247/174/1
f 207/175/1 206/171/1 195/172/1
f 163/173/1 247/174/1 246/176/1
f 208/177/1 207/175/1 195/172/1
f 163/173/1 246/176/1 245/178/1
f 209/179/1 208/177/1 195/172/1
f 209/179/1 195/172/1 194/180/1
f 164/181/1 163/173/1 245/178/1
f 164/181/1 245/178/1 244/182/1
f 210/183/1 209/179/1 194/180/1
f 164/181/1 244/182/1 243/184/1
f 211/185/1 210/183/1 194/180/1
f 211/185/1 194/180/1 193/186/1
f 165/187/1 164/181/1 243/184/1
f 165/187/1 243/184/1 242/188/1
f 212/189/1 211/185/1 193/186/1
f 212/189/1 193/186/1 192/190/1
f 166/191/1 165/187/1 242/188/1
f 166/191/1 242/188/1 241/192/1
f 213/193/1 212/189/1 192/190/1
f 166/191/1 241/192/1 240/194/1
f 214/195/1 213/193/1 192/190/1
f 214/195/1 192/190/1 191/196/1
f 167/197/1 166/191/1 240/194/1
f 167/197/1 240/194/1 239/198/1
f 215/199/1 214/195/1 191/196/1
f 168/200/1 167/197/1 239/198/1
f 168/200/1 239/198/1 238/201/1
f 215/199/1 191/196/1 190/202/1
f 216/203/1 215/199/1 190/202/1
f 168/200/1 238/201/1 237/204/1
f 217/205/1 216/203/1 190/202/1
f 169/206/1 168/200/1 237/204/1
f 217/205/1 190/202/1 189/207/1
f 169/206/1 237/204/1 236/208/1
f 218/209/1 217/205/1 189/207/1
f 169/206/1 236/208/1 235/210/1
f 170/211/1 169/206/1 235/210/1
f 219/212/1 218/209/1 189/207/1
f 219/212/1 189/207/1 188/213/1
f 170/211/1 235/210/1 234/214/1
f 220/215/1 219/212/1 188/213/1
f 171/216/1 170/211/1 234/214/1
f 220/215/1 188/213/1 187/217/1
f 171/216/1 234/214/1 233/218/1
f 221/219/1 220/215/1 187/217/1
f 171/216/1 233/218/1 232/220/1
f 222/221/1 221/219/1 187/217/1
f 172/222/1 171/216/1 232/220/1
f 222/221/1 187/217/1 186/223/1
f 172/222/1 232/220/1 231/224/1
f 223/225/1 222/221/1 186/223/1
f 172/222/1 231/224/1 230/226/1
f 224/227/1 223/225/1 186/223/1
f 172/222/1 230/226/1 229/228/1
f 225/229/1 224/227/1 186/223/1
f 173/230/1 172/222/1 229/228/1
f 225/229/1 186/223/1 185/231/1
f 173/230/1 229/228/1 228/232/1
f 226/233/1 225/229/1 185/231/1
f 173/230/1 228/232/1 227/234/1
f 227/234/1 226/233/1 185/231/1
f 173/230/1 227/234/1 185/231/1
f 174/235/1 173/230/1 185/231/1
f 174/235/1 185/231/1 184/236/1
f 175/237/1 174/235/1 184/236/1
f 175/237/1 184/236/1 183/238/1
f 176/239/1 175/237/1 183/238/1
f 176/239/1 183/238/1 182/240/1
f 177/241/1 176/239/1 182/240/1
f 177/241/1 182/240/1 181/242/1
f 178/243/1 177/241/1 181/242/1
f 178/243/1 181/242/1 180/244/1
f 179/245/1 178/243/1 180/244/1
f 264/246/1 263/247/1 262/248/1
f 264/246/1 262/248/1 261/249/1
f 264/246/1 261/249/1 260/250/1
f 265/251/1 264/246/1 260/250/1
f 265/251/1 260/250/1 259/252/1
f 265/251/1 259/252/1 258/253/1
f 265/251/1 258/253/1 257/254/1
f 266/255/1 265/251/1 257/254/1
f 266/255/1 257/254/1 256/256/1
f 266/255/1 256/256/1 255/257/1
f 266/255/1 255/257/1 254/258/1
f 267/259/1 266/255/1 254/258/1
f 267/259/1 254/258/1 253/260/1
f 267/259/1 253/260/1 252/261/1
f 267/259/1 252/261/1 251/62/1
f 268/262/1 267/259/1 251/62/1
f 268/262/1 251/62/1 340/263/1
f 340/263/1 251/62/1 341/264/1
f 341/264/1 251/62/1 342/265/1
f 342/265/1 251/62/1 343/266/1
f 343/266/1 251/62/1 344/267/1
f 344/267/1 251/62/1 345/268/1
f 345/268/1 251/62/1 346/269/1
f 346/269/1 251/62/1 347/270/1
f 347/270/1 251/62/1 348/48/1
f 269/271/1 268/262/1 338/272/1
f 338/272/1 268/262/1 339/273/1
f 339/273/1 268/262/1 340/263/1
f 270/274/1 269/271/1 336/275/1
f 336/275/1 269/271/1 337/276/1
f 337/276/1 269/271/1 338/272/1
f 270/274/1 336/275/1 335/277/1
f 270/274/1 335/277/1 334/278/1
f 270/274/1 334/278/1 333/279/1
f 271/280/1 270/274/1 333/279/1
f 271/280/1 333/279/1 332/281/1
f 271/280/1 332/281/1 331/282/1
f 271/280/1 331/282/1 330/283/1
f 272/284/1 271/280/1 330/283/1
f 272/284/1 330/283/1 329/285/1
f 272/284/1 329/285/1 328/286/1
f 273/287/1 272/284/1 328/286/1
f 273/287/1 328/286/1 327/288/1
f 273/287/1 327/288/1 326/289/1
f 274/290/1 273/287/1 326/289/1
f 274/290/1 326/289/1 325/291/1
f 275/292/1 274/290/1 325/291/1
f 275/292/1 325/291/1 324/293/1
f 275/292/1 324/293/1 323/294/1
f 276/295/1 275/292/1 323/294/1
f 276/295/1 323/294/1 322/296/1
f 277/297/1 276/295/1 322/296/1
f 277/297/1 322/296/1 321/298/1
f 277/297/1 321/298/1 320/299/1
f 278/300/1 277/297/1 320/299/1
f 278/300/1 320/299/1 319/301/1
f 278/300/1 319/301/1 318/302/1
f 279/303/1 278/300/1 318/302/1
f 279/303/1 318/302/1 317/304/1
f 301/305/1 300/306/1 299/307/1
f 279/303/1 317/304/1 316/308/1
f 302/309/1 301/305/1 299/307/1
f 280/310/1 279/303/1 316/308/1
f 303/311/1 302/309/1 299/307/1
f 280/310/1 316/308/1 315/312/1
f 304/313/1 303/311/1 299/307/1
f 305/314/1 304/313/1 299/307/1
f 306/315/1 305/314/1 299/307/1
f 280/310/1 315/312/1 314/316/1
f 307/317/1 306/315/1 299/307/1
f 308/318/1 307/317/1 299/307/1
f 280/310/1 314/316/1 313/319/1
f 309/320/1 308/318/1 299/307/1
f 310/321/1 309/320/1 299/307/1
f 280/310/1 313/319/1 312/322/1
f 311/323/1 310/321/1 299/307/1
f 281/324/1 280/310/1 312/322/1
f 312/322/1 311/323/1 299/307/1
f 281/324/1 312/322/1 299/307/1
f 282/325/1 281/324/1 299/307/1
f 283/326/1 282/325/1 299/307/1
f 284/327/1 283/326/1 299/307/1
f 284/327/1 299/307/1 298/328/1
f 284/327/1 298/328/1 297/329/1
f 284/327/1 297/329/1 296/330/1
f 285/331/1 284/327/1 296/330/1
f 285/331/1 296/330/1 295/332/1
f 285/331/1 295/332/1 294/333/1
f 285/331/1 294/333/1 293/334/1
f 285/331/1 293/334/1 292/335/1
f 286/336/1 285/331/1 292/335/1
f 286/336/1 292/335/1 291/337/1
f 286/336/1 291/337/1 290/338/1
f 286/336/1 290/338/1 289/339/1
f 287/340/1 286/336/1 289/339/1
f 287/340/1 289/339/1 288/341/1
f 362/342/1 361/343/1 360/344/1
f 362/342/1 360/344/1 359/345/1
f 362/342/1 359/345/1 358/346/1
f 363/347/1 362/342/1 358/346/1
f 363/347/1 358/346/1 357/348/1
f 363/347/1 357/348/1 356/349/1
f 364/350/1 363/347/1 356/349/1
f 364/350/1 356/349/1 355/351/1
f 364/350/1 355/351/1 354/352/1
f 365/353/1 364/350/1 354/352/1
f 365/353/1 354/352/1 353/354/1
f 365/353/1 353/354/1 352/355/1
f 366/356/1 365/353/1 352/355/1
f 366/356/1 352/355/1 351/357/1
f 366/356/1 351/357/1 350/358/1
f 367/359/1 366/356/1 350/358/1
f 367/359/1 350/358/1 349/62/1
f 367/359/1 349/62/1 462/360/1
f 462/360/1 349/62/1 463/361/1
f 463/361/1 349/62/1 464/362/1
f 464/362/1 349/62/1 465/363/1
f 465/363/1 349/62/1 466/364/1
f 466/364/1 349/62/1 467/365/1
f 467/365/1 349/62/1 468/366/1
f 468/366/1 349/62/1 469/367/1
f 469/367/1 349/62/1 470/48/1
f 368/368/1 367/359/1 460/369/1
f 460/369/1 367/359/1 461/370/1
f 461/370/1 367/359/1 462/360/1
f 369/371/1 368/368/1 458/372/1
f 458/372/1 368/368/1 459/373/1
f 459/373/1 368/368/1 460/369/1
f 370/374/1 369/371/1 457/375/1
f 457/375/1 369/371/1 458/372/1
f 370/374/1 457/375/1 456/376/1
f 370/374/1 456/376/1 455/377/1
f 370/374/1 455/377/1 454/378/1
f 370/374/1 454/378/1 453/379/1
f 370/374/1 453/379/1 452/380/1
f 371/381/1 370/374/1 452/380/1
f 371/381/1 452/380/1 451/382/1
f 371/381/1 451/382/1 450/383/1
f 371/381/1 450/383/1 449/384/1
f 372/385/1 371/381/1 449/384/1
f 372/385/1 449/384/1 448/386/1
f 372/385/1 448/386/1 447/387/1
f 373/388/1 372/385/1 447/387/1
f 373/388/1 447/387/1 446/389/1
f 373/388/1 446/389/1 445/390/1
f 374/391/1 373/388/1 445/390/1
f 374/391/1 445/390/1 444/392/1
f 374/391/1 444/392/1 443/393/1
f 375/394/1 374/391/1 443/393/1
f 375/394/1 443/393/1 442/395/1
f 376/396/1 375/394/1 442/395/1
f 376/396/1 442/395/1 441/397/1
f 376/396/1 441/397/1 440/398/1
f 377/399/1 376/396/1 440/398/1
f 377/399/1 440/398/1 439/400/1
f 378/401/1 377/399/1 439/400/1
f 378/401/1 439/400/1 438/402/1
f 379/403/1 378/401/1 438/402/1
f 379/403/1 438/402/1 437/404/1
f 380/405/1 379/403/1 437/404/1
f 380/405/1 437/404/1 436/406/1
f 381/407/1 380/405/1 436/406/1
f 382/408/1 381/407/1 436/406/1
f 382/408/1 436/406/1 435/409/1
f 383/410/1 382/408/1 435/409/1
f 384/411/1 383/410/1 435/409/1
f 384/411/1 435/409/1 434/412/1
f 385/413/1 384/411/1 434/412/1
f 410/414/1 409/415/1 408/416/1
f 385/413/1 434/412/1 433/417/1
f 386/418/1 385/413/1 433/417/1
f 410/414/1 408/416/1 407/419/1
f 387/420/1 386/418/1 433/417/1
f 387/420/1 433/417/1 432/421/1
f 410/414/1 407/419/1 406/422/1
f 388/423/1 387/420/1 432/421/1
f 410/414/1 406/422/1 405/424/1
f 389/425/1 388/423/1 432/421/1
f 390/426/1 389/425/1 432/421/1
f 390/426/1 432/421/1 431/427/1
f 410/414/1 405/424/1 404/428/1
f 391/429/1 390/426/1 431/427/1
f 410/414/1 404/428/1 403/430/1
f 392/431/1 391/429/1 431/427/1
f 410/414/1 403/430/1 402/432/1
f 392/431/1 431/427/1 430/433/1
f 393/434/1 392/431/1 430/433/1
f 410/414/1 402/432/1 401/435/1
f 394/436/1 393/434/1 430/433/1
f 410/414/1 401/435/1 400/437/1
f 395/438/1 394/436/1 430/433/1
f 410/414/1 400/437/1 399/439/1
f 396/440/1 395/438/1 430/433/1
f 410/414/1 399/439/1 398/441/1
f 396/440/1 430/433/1 429/442/1
f 397/443/1 396/440/1 429/442/1
f 410/414/1 398/441/1 397/443/1
f 410/414/1 397/443/1 429/442/1
f 410/414/1 429/442/1 428/444/1
f 411/445/1 410/414/1 428/444/1
f 412/446/1 411/445/1 428/444/1
f 412/446/1 428/444/1 427/447/1
f 413/448/1 412/446/1 427/447/1
f 413/448/1 427/447/1 426/449/1
f 414/450/1 413/448/1 426/449/1
f 415/451/1 414/450/1 426/449/1
f 415/451/1 426/449/1 425/452/1
f 416/453/1 415/451/1 425/452/1
f 417/454/1 416/453/1 425/452/1
f 417/454/1 425/452/1 424/455/1
f 418/456/1 417/454/1 424/455/1
f 419/457/1 418/456/1 424/455/1
f 419/457/1 424/455/1 423/458/1
f 420/459/1 419/457/1 423/458/1
f 421/460/1 420/459/1 423/458/1
f 421/460/1 423/458/1 422/461/1
f 509/462/2 507/463/2 508/464/2
f 509/462/2 506/465/2 507/463/2
f 510/466/2 506/465/2 509/462/2
f 510/466/2 505/467/2 506/465/2
f 511/468/2 505/467/2 510/466/2
f 511/468/2 504/469/2 505/467/2
f 512/470/2 504/469/2 511/468/2
f 512/470/2 503/471/2 504/469/2
f 513/472/2 503/471/2 512/470/2
f 513/472/2 502/473/2 503/471/2
f 514/474/2 502/473/2 513/472/2
f 514/474/2 501/475/2 502/473/2
f 515/476/2 557/477/2 514/474/2
f 557/477/2 501/475/2 514/474/2
f 515/476/3 556/478/3 557/477/3
f 558/479/2 501/475/2 557/477/2
f 515/476/2 555/480/2 556/478/2
f 559/481/2 501/475/2 558/479/2
f 515/476/2 554/482/2 555/480/2
f 560/483/2 501/475/2 559/481/2
f 560/483/2 500/484/2 501/475/2
f 515/476/2 553/485/2 554/482/2
f 516/486/2 553/485/2 515/476/2
f 561/487/2 500/484/2 560/483/2
f 516/486/2 552/488/2 553/485/2
f 562/489/2 500/484/2 561/487/2
f 516/486/2 551/490/2 552/488/2
f 563/491/2 500/484/2 562/489/2
f 516/486/2 550/492/2 551/490/2
f 564/493/2 500/484/2 563/491/2
f 517/494/2 550/492/2 516/486/2
f 564/493/2 499/495/2 500/484/2
f 517/494/2 549/496/2 550/492/2
f 565/497/2 499/495/2 564/493/2
f 517/494/2 548/498/2 549/496/2
f 566/499/2 499/495/2 565/497/2
f 518/500/2 548/498/2 517/494/2
f 566/499/2 498/501/2 499/495/2
f 518/500/2 547/502/2 548/498/2
f 567/503/2 498/501/2 566/499/2
f 518/500/2 546/504/2 547/502/2
f 568/505/2 498/501/2 567/503/2
f 519/506/2 546/504/2 518/500/2
f 519/506/2 545/507/2 546/504/2
f 568/505/2 497/508/2 498/501/2
f 569/509/2 497/508/2 568/505/2
f 519/506/2 569/509/2 545/507/2
f 519/506/2 497/508/2 569/509/2
f 520/510/2 497/508/2 519/506/2
f 520/510/2 496/511/2 497/508/2
f 521/512/2 495/513/2 520/510/2
f 495/513/2 496/511/2 520/510/2
f 521/512/2 494/514/2 495/513/2
f 522/515/2 494/514/2 521/512/2
f 522/515/2 493/516/2 494/514/2
f 522/515/2 492/517/2 493/516/2
f 523/518/2 492/517/2 522/515/2
f 523/518/2 491/519/2 492/517/2
f 524/520/2 491/519/2 523/518/2
f 524/520/2 490/521/2 491/519/2
f 472/522/2 544/523/2 471/524/2
f 524/520/2 489/525/2 490/521/2
f 473/526/2 544/523/2 472/522/2
f 474/527/2 544/523/2 473/526/2
f 525/528/2 489/525/2 524/520/2
f 525/528/2 488/529/2 489/525/2
f 475/530/2 544/523/2 474/527/2
f 476/531/2 544/523/2 475/530/2
f 525/528/2 487/532/2 488/529/2
f 477/533/2 544/523/2 476/531/2
f 525/528/2 486/534/2 487/532/2
f 478/535/2 544/523/2 477/533/2
f 526/536/2 486/534/2 525/528/2
f 479/537/2 544/523/2 478/535/2
f 526/536/2 485/538/2 486/534/2
f 480/539/2 544/523/2 479/537/2
f 526/536/2 484/540/2 485/538/2
f 481/541/2 544/523/2 480/539/2
f 482/542/2 544/523/2 481/541/2
f 526/536/2 483/543/2 484/540/2
f 483/543/2 544/523/2 482/542/2
f 526/536/2 544/523/2 483/543/2
f 527/544/2 544/523/2 526/536/2
f 527/544/2 543/545/2 544/523/2
f 528/546/2 543/545/2 527/544/2
f 528/546/2 542/547/2 543/545/2
f 528/546/2 541/548/2 542/547/2
f 529/549/2 541/548/2 528/546/2
f 529/549/2 540/550/2 541/548/2
f 529/549/2 539/551/2 540/550/2
f 530/552/2 539/551/2 529/549/2
f 530/552/2 538/553/2 539/551/2
f 530/552/2 537/554/2 538/553/2
f 531/555/2 537/554/2 530/552/2
f 531/555/2 536/556/2 537/554/2
f 531/555/2 535/557/2 536/556/2
f 531/555/2 534/558/2 535/557/2
f 532/559/2 534/558/2 531/555/2
f 532/559/2 533/560/2 534/558/2
f 611/561/2 609/562/2 610/563/2
f 611/561/2 608/564/2 609/562/2
f 612/565/2 608/564/2 611/561/2
f 612/565/2 607/566/2 608/564/2
f 613/567/2 607/566/2 612/565/2
f 613/567/2 606/568/2 607/566/2
f 613/567/2 605/569/2 606/568/2
f 614/570/2 605/569/2 613/567/2
f 614/570/2 604/571/2 605/569/2
f 571/572/2 624/573/2 570/574/2
f 571/572/2 623/575/2 624/573/2
f 615/576/2 604/571/2 614/570/2
f 615/576/2 603/577/2 604/571/2
f 615/576/2 602/578/2 603/577/2
f 616/579/2 602/578/2 615/576/2
f 616/579/2 601/580/2 602/578/2
f 617/581/2 601/580/2 616/579/2
f 617/581/2 600/582/2 601/580/2
f 617/581/2 599/583/2 600/582/2
f 618/584/2 599/583/2 617/581/2
f 618/584/2 598/585/2 599/583/2
f 619/586/2 598/585/2 618/584/2
f 619/586/2 588/587/2 598/585/2
f 588/587/2 589/588/2 598/585/2
f 589/588/2 590/589/2 598/585/2
f 590/589/2 591/590/2 598/585/2
f 591/590/2 592/591/2 598/585/2
f 592/591/2 593/592/2 598/585/2
f 593/592/2 594/593/2 598/585/2
f 594/593/2 595/594/2 598/585/2
f 595/594/2 596/595/2 598/585/2
f 596/595/2 597/596/2 598/585/2
f 620/597/2 586/598/2 619/586/2
f 586/598/2 587/599/2 619/586/2
f 587/599/2 588/587/2 619/586/2
f 621/600/2 584/601/2 620/597/2
f 584/601/2 585/602/2 620/597/2
f 585/602/2 586/598/2 620/597/2
f 621/600/2 583/603/2 584/601/2
f 621/600/2 582/604/2 583/603/2
f 622/605/2 582/604/2 621/600/2
f 622/605/2 581/606/2 582/604/2
f 622/605/2 580/607/2 581/606/2
f 571/572/2 622/605/2 623/575/2
f 571/572/2 576/608/2 622/605/2
f 576/608/2 577/609/2 622/605/2
f 577/609/2 578/610/2 622/605/2
f 578/610/2 579/611/2 622/605/2
f 579/611/2 580/607/2 622/605/2
f 571/572/2 575/612/2 576/608/2
f 571/572/2 574/613/2 575/612/2
f 571/572/2 573/614/2 574/613/2
f 571/572/2 572/615/2 573/614/2
f 626/616/2 672/617/2 625/618/2
f 626/616/2 671/619/2 672/617/2
f 627/620/2 671/619/2 626/616/2
f 627/620/2 670/621/2 671/619/2
f 628/622/2 670/621/2 627/620/2
f 628/622/2 669/623/2 670/621/2
f 629/624/2 669/623/2 628/622/2
f 629/624/2 668/625/2 669/623/2
f 630/626/2 668/625/2 629/624/2
f 630/626/2 667/627/2 668/625/2
f 631/628/2 667/627/2 630/626/2
f 631/628/2 666/629/2 667/627/2
f 632/630/2 673/631/2 631/628/2
f 673/631/2 666/629/2 631/628/2
f 632/630/4 720/632/4 673/631/4
f 674/633/2 666/629/2 673/631/2
f 632/630/2 719/634/2 720/632/2
f 675/635/2 666/629/2 674/633/2
f 632/630/2 718/636/2 719/634/2
f 676/637/2 666/629/2 675/635/2
f 676/637/2 665/638/2 666/629/2
f 633/639/2 718/636/2 632/630/2
f 633/639/2 717/640/2 718/636/2
f 677/641/2 665/638/2 676/637/2
f 633/639/2 716/642/2 717/640/2
f 678/643/2 665/638/2 677/641/2
f 633/639/2 715/644/2 716/642/2
f 679/645/2 665/638/2 678/643/2
f 679/645/2 664/646/2 665/638/2
f 634/647/2 715/644/2 633/639/2
f 634/647/2 714/648/2 715/644/2
f 680/649/2 664/646/2 679/645/2
f 634/647/2 713/650/2 714/648/2
f 681/651/2 664/646/2 680/649/2
f 681/651/2 663/652/2 664/646/2
f 635/653/2 713/650/2 634/647/2
f 635/653/2 712/654/2 713/650/2
f 682/655/2 663/652/2 681/651/2
f 682/655/2 662/656/2 663/652/2
f 636/657/2 712/654/2 635/653/2
f 636/657/2 711/658/2 712/654/2
f 683/659/2 662/656/2 682/655/2
f 636/657/2 710/660/2 711/658/2
f 684/661/2 662/656/2 683/659/2
f 684/661/2 661/662/2 662/656/2
f 637/663/2 710/660/2 636/657/2
f 637/663/2 709/664/2 710/660/2
f 685/665/2 661/662/2 684/661/2
f 638/666/2 709/664/2 637/663/2
f 638/666/2 708/667/2 709/664/2
f 685/665/2 660/668/2 661/662/2
f 686/669/2 660/668/2 685/665/2
f 638/666/2 707/670/2 708/667/2
f 687/671/2 660/668/2 686/669/2
f 639/672/2 707/670/2 638/666/2
f 687/671/2 659/673/2 660/668/2
f 639/672/2 706/674/2 707/670/2
f 688/675/2 659/673/2 687/671/2
f 639/672/2 705/676/2 706/674/2
f 640/677/2 705/676/2 639/672/2
f 689/678/2 659/673/2 688/675/2
f 689/678/2 658/679/2 659/673/2
f 640/677/2 704/680/2 705/676/2
f 690/681/2 658/679/2 689/678/2
f 641/682/2 704/680/2 640/677/2
f 690/681/2 657/683/2 658/679/2
f 641/682/2 703/684/2 704/680/2
f 691/685/2 657/683/2 690/681/2
f 641/682/2 702/686/2 703/684/2
f 692/687/2 657/683/2 691/685/2
f 642/688/2 702/686/2 641/682/2
f 692/687/2 656/689/2 657/683/2
f 642/688/2 701/690/2 702/686/2
f 693/691/2 656/689/2 692/687/2
f 642/688/2 700/692/2 701/690/2
f 694/693/2 656/689/2 693/691/2
f 642/688/2 699/694/2 700/692/2
f 695/695/2 656/689/2 694/693/2
f 643/696/2 699/694/2 642/688/2
f 695/695/2 655/697/2 656/689/2
f 643/696/2 698/698/2 699/694/2
f 696/699/2 655/697/2 695/695/2
f 643/696/2 697/700/2 698/698/2
f 697/700/2 655/697/2 696/699/2
f 643/696/2 655/697/2 697/700/2
f 644/701/2 655/697/2 643/696/2
f 644/701/2 654/702/2 655/697/2
f 645/703/2 654/702/2 644/701/2
f 645/703/2 653/704/2 654/702/2
f 646/705/2 653/704/2 645/703/2
f 646/705/2 652/706/2 653/704/2
f 647/707/2 652/706/2 646/705/2
f 647/707/2 651/708/2 652/706/2
f 648/709/2 651/708/2 647/707/2
f 648/709/2 650/710/2 651/708/2
f 649/711/2 650/710/2 648/709/2
f 734/712/2 732/713/2 733/714/2
f 734/712/2 731/715/2 732/713/2
f 734/712/2 730/716/2 731/715/2
f 735/717/2 730/716/2 734/712/2
f 735/717/2 729/718/2 730/716/2
f 735/717/2 728/719/2 729/718/2
f 735/717/2 727/720/2 728/719/2
f 736/721/2 727/720/2 735/717/2
f 736/721/2 726/722/2 727/720/2
f 736/721/2 725/723/2 726/722/2
f 736/721/2 724/724/2 725/723/2
f 737/725/2 724/724/2 736/721/2
f 737/725/2 723/726/2 724/724/2
f 737/725/2 722/727/2 723/726/2
f 737/725/2 721/728/2 722/727/2
f 738/729/2 721/728/2 737/725/2
f 738/729/2 810/730/2 721/728/2
f 810/730/2 811/731/2 721/728/2
f 811/731/2 812/732/2 721/728/2
f 812/732/2 813/733/2 721/728/2
f 813/733/2 814/734/2 721/728/2
f 814/734/2 815/735/2 721/728/2
f 815/735/2 816/736/2 721/728/2
f 816/736/2 817/737/2 721/728/2
f 817/737/2 818/738/2 721/728/2
f 739/739/2 808/740/2 738/729/2
f 808/740/2 809/741/2 738/729/2
f 809/741/2 810/730/2 738/729/2
f 740/742/2 806/743/2 739/739/2
f 806/743/2 807/744/2 739/739/2
f 807/744/5 808/740/5 739/739/5
f 740/742/3 805/745/3 806/743/3
f 740/742/2 804/746/2 805/745/2
f 740/742/2 803/747/2 804/746/2
f 741/748/2 803/747/2 740/742/2
f 741/748/2 802/749/2 803/747/2
f 741/748/2 801/750/2 802/749/2
f 741/748/2 800/751/2 801/750/2
f 742/752/2 800/751/2 741/748/2
f 742/752/2 799/753/2 800/751/2
f 742/752/2 798/754/2 799/753/2
f 743/755/2 798/754/2 742/752/2
f 743/755/2 797/756/2 798/754/2
f 743/755/2 796/757/2 797/756/2
f 744/758/2 796/757/2 743/755/2
f 744/758/2 795/759/2 796/757/2
f 745/760/2 795/759/2 744/758/2
f 745/760/2 794/761/2 795/759/2
f 745/760/2 793/762/2 794/761/2
f 746/763/2 793/762/2 745/760/2
f 746/763/2 792/764/2 793/762/2
f 747/765/2 792/764/2 746/763/2
f 747/765/2 791/766/2 792/764/2
f 747/765/2 790/767/2 791/766/2
f 748/768/2 790/767/2 747/765/2
f 748/768/2 789/769/2 790/767/2
f 748/768/2 788/770/2 789/769/2
f 749/771/2 788/770/2 748/768/2
f 749/771/2 787/772/2 788/770/2
f 771/773/2 769/774/2 770/775/2
f 749/771/2 786/776/2 787/772/2
f 772/777/2 769/774/2 771/773/2
f 750/778/2 786/776/2 749/771/2
f 773/779/2 769/774/2 772/777/2
f 750/778/2 785/780/2 786/776/2
f 774/781/2 769/774/2 773/779/2
f 775/782/2 769/774/2 774/781/2
f 776/783/2 769/774/2 775/782/2
f 750/778/2 784/784/2 785/780/2
f 777/785/2 769/774/2 776/783/2
f 778/786/2 769/774/2 777/785/2
f 750/778/2 783/787/2 784/784/2
f 779/788/2 769/774/2 778/786/2
f 780/789/2 769/774/2 779/788/2
f 750/778/2 782/790/2 783/787/2
f 781/791/2 769/774/2 780/789/2
f 751/792/2 782/790/2 750/778/2
f 782/790/2 769/774/2 781/791/2
f 751/792/2 769/774/2 782/790/2
f 752/793/2 769/774/2 751/792/2
f 753/794/2 769/774/2 752/793/2
f 754/795/2 769/774/2 753/794/2
f 754/795/2 768/796/2 769/774/2
f 754/795/2 767/797/2 768/796/2
f 754/795/2 766/798/2 767/797/2
f 755/799/2 766/798/2 754/795/2
f 755/799/2 765/800/2 766/798/2
f 755/799/2 764/801/2 765/800/2
f 755/799/2 763/802/2 764/801/2
f 755/799/2 762/803/2 763/802/2
f 756/804/2 762/803/2 755/799/2
f 756/804/2 761/805/2 762/803/2
f 756/804/2 760/806/2 761/805/2
f 756/804/2 759/807/2 760/806/2
f 757/808/2 759/807/2 756/804/2
f 757/808/2 758/809/2 759/807/2
f 832/810/2 830/811/2 831/812/2
f 832/810/2 829/813/2 830/811/2
f 832/810/2 828/814/2 829/813/2
f 833/815/2 828/814/2 832/810/2
f 833/815/2 827/816/2 828/814/2
f 833/815/2 826/817/2 827/816/2
f 834/818/2 826/817/2 833/815/2
f 834/818/2 825/819/2 826/817/2
f 834/818/2 824/820/2 825/819/2
f 835/821/2 824/820/2 834/818/2
f 835/821/2 823/822/2 824/820/2
f 835/821/2 822/823/2 823/822/2
f 836/824/2 822/823/2 835/821/2
f 836/824/2 821/825/2 822/823/2
f 836/824/2 820/826/2 821/825/2
f 837/827/2 820/826/2 836/824/2
f 837/827/2 819/828/2 820/826/2
f 837/827/2 932/829/2 819/828/2
f 932/829/2 933/830/2 819/828/2
f 933/830/2 934/831/2 819/828/2
f 934/831/2 935/832/2 819/828/2
f 935/832/2 936/833/2 819/828/2
f 936/833/2 937/834/2 819/828/2
f 937/834/2 938/835/2 819/828/2
f 938/835/2 939/836/2 819/828/2
f 939/836/2 940/837/2 819/828/2
f 838/838/2 930/839/2 837/827/2
f 930/839/2 931/840/2 837/827/2
f 931/840/2 932/829/2 837/827/2
f 839/841/2 928/842/2 838/838/2
f 928/842/2 929/843/2 838/838/2
f 929/843/3 930/839/3 838/838/3
f 840/844/2 927/845/2 839/841/2
f 927/845/2 928/842/2 839/841/2
f 840/844/2 926/846/2 927/845/2
f 840/844/2 925/847/2 926/846/2
f 840/844/2 924/848/2 925/847/2
f 840/844/2 923/849/2 924/848/2
f 840/844/2 922/850/2 923/849/2
f 841/851/2 922/850/2 840/844/2
f 841/851/2 921/852/2 922/850/2
f 841/851/2 920/853/2 921/852/2
f 841/851/2 919/854/2 920/853/2
f 842/855/2 919/854/2 841/851/2
f 842/855/2 918/856/2 919/854/2
f 842/855/2 917/857/2 918/856/2
f 843/858/2 917/857/2 842/855/2
f 843/858/2 916/859/2 917/857/2
f 843/858/2 915/860/2 916/859/2
f 844/861/2 915/860/2 843/858/2
f 844/861/2 914/862/2 915/860/2
f 844/861/2 913/863/2 914/862/2
f 845/864/2 913/863/2 844/861/2
f 845/864/2 912/865/2 913/863/2
f 846/866/2 912/865/2 845/864/2
f 846/866/2 911/867/2 912/865/2
f 846/866/2 910/868/2 911/867/2
f 847/869/2 910/868/2 846/866/2
f 847/869/2 909/870/2 910/868/2
f 848/871/2 909/870/2 847/869/2
f 848/871/2 908/872/2 909/870/2
f 849/873/2 908/872/2 848/871/2
f 849/873/2 907/874/2 908/872/2
f 850/875/2 907/874/2 849/873/2
f 850/875/2 906/876/2 907/874/2
f 851/877/2 906/876/2 850/875/2
f 852/878/2 906/876/2 851/877/2
f 852/878/2 905/879/2 906/876/2
f 853/880/2 905/879/2 852/878/2
f 854/881/2 905/879/2 853/880/2
f 854/881/2 904/882/2 905/879/2
f 855/883/2 904/882/2 854/881/2
f 880/884/2 878/885/2 879/886/2
f 855/883/2 903/887/2 904/882/2
f 856/888/2 903/887/2 855/883/2
f 880/884/2 877/889/2 878/885/2
f 857/890/2 903/887/2 856/888/2
f 857/890/2 902/891/2 903/887/2
f 880/884/2 876/892/2 877/889/2
f 858/893/2 902/891/2 857/890/2
f 880/884/2 875/894/2 876/892/2
f 859/895/2 902/891/2 858/893/2
f 860/896/2 902/891/2 859/895/2
f 860/896/2 901/897/2 902/891/2
f 880/884/2 874/898/2 875/894/2
f 861/899/2 901/897/2 860/896/2
f 880/884/2 873/900/2 874/898/2
f 862/901/2 901/897/2 861/899/2
f 880/884/2 872/902/2 873/900/2
f 862/901/2 900/903/2 901/897/2
f 863/904/2 900/903/2 862/901/2
f 880/884/2 871/905/2 872/902/2
f 864/906/2 900/903/2 863/904/2
f 880/884/2 870/907/2 871/905/2
f 865/908/2 900/903/2 864/906/2
f 880/884/2 869/909/2 870/907/2
f 866/910/2 900/903/2 865/908/2
f 880/884/2 868/911/2 869/909/2
f 866/910/2 899/912/2 900/903/2
f 867/913/2 899/912/2 866/910/2
f 880/884/2 867/913/2 868/911/2
f 880/884/2 899/912/2 867/913/2
f 880/884/2 898/914/2 899/912/2
f 881/915/2 898/914/2 880/884/2
f 882/916/2 898/914/2 881/915/2
f 882/916/2 897/917/2 898/914/2
f 883/918/2 897/917/2 882/916/2
f 883/918/2 896/919/2 897/917/2
f 884/920/2 896/919/2 883/918/2
f 885/921/2 896/919/2 884/920/2
f 885/921/2 895/922/2 896/919/2
f 886/923/2 895/922/2 885/921/2
f 887/924/2 895/922/2 886/923/2
f 887/924/2 894/925/2 895/922/2
f 888/926/2 894/925/2 887/924/2
f 889/927/2 894/925/2 888/926/2
f 889/927/2 893/928/2 894/925/2
f 890/929/2 893/928/2 889/927/2
f 891/930/2 893/928/2 890/929/2
f 891/930/2 892/931/2 893/928/2
f 220/215/6 221/219/6 691/219/6 690/215/6
f 405/424/7 406/422/7 876/422/7 875/424/7
f 130/119/8 131/117/8 601/117/8 600/119/8
f 388/423/9 389/425/9 859/425/9 858/423/9
f 312/322/10 313/319/10 783/319/10 782/322/10
f 86/17/11 87/16/11 557/16/11 556/17/11
f 310/321/12 311/323/12 781/323/12 780/321/12
f 232/220/13 233/218/13 703/218/13 702/220/13
f 129/120/14 130/119/14 600/119/14 599/120/14
f 87/16/15 88/18/15 558/18/15 557/16/15
f 389/425/16 390/426/16 860/426/16 859/425/16
f 221/219/17 222/221/17 692/221/17 691/219/17
f 147/118/18 148/121/18 618/121/18 617/118/18
f 280/310/19 281/324/19 751/324/19 750/310/19
f 171/216/20 172/222/20 642/222/20 641/216/20
f 85/19/21 86/17/21 556/17/21 555/19/21
f 431/427/22 432/421/22 902/421/22 901/427/22
f 311/323/23 312/322/23 782/322/23 781/323/23
f 128/122/24 129/120/24 599/120/24 598/122/24
f 88/18/25 89/20/25 559/20/25 558/18/25
f 148/121/26 149/123/26 619/123/26 618/121/26
f 404/428/27 405/424/27 875/424/27 874/428/27
f 186/223/28 187/217/28 657/217/28 656/223/28
f 390/426/29 391/429/29 861/429/29 860/426/29
f 281/324/30 282/325/30 752/325/30 751/324/30
f 84/21/31 85/19/31 555/19/31 554/21/31
f 231/224/32 232/220/32 702/220/32 701/224/32
f 89/20/33 90/22/33 560/22/33 559/20/33
f 282/325/34 283/326/34 753/326/34 752/325/34
f 222/221/35 223/225/35 693/225/35 692/221/35
f 118/124/36 119/125/36 589/125/36 588/124/36
f 403/430/37 404/428/37 874/428/37 873/430/37
f 391/429/38 392/431/38 862/431/38 861/429/38
f 283/326/39 284/327/39 754/327/39 753/326/39
f 119/125/40 120/126/40 590/126/40 589/125/40
f 30/23/41 31/14/41 501/14/41 500/23/41
f 230/226/42 231/224/42 701/224/42 700/226/42
f 223/225/43 224/227/43 694/227/43 693/225/43
f 120/126/44 121/127/44 591/127/44 590/126/44
f 83/24/45 84/21/45 554/21/45 553/24/45
f 402/432/46 403/430/46 873/430/46 872/432/46
f 298/328/47 299/307/47 769/307/47 768/328/47
f 45/15/48 46/25/48 516/25/48 515/15/48
f 121/127/49 122/128/49 592/128/49 591/127/49
f 430/433/50 431/427/50 901/427/50 900/433/50
f 297/329/51 298/328/51 768/328/51 767/329/51
f 229/228/52 230/226/52 700/226/52 699/228/52
f 90/22/53 91/26/53 561/26/53 560/22/53
f 392/431/54 393/434/54 863/434/54 862/431/54
f 224/227/55 225/229/55 695/229/55 694/227/55
f 122/128/56 123/129/56 593/129/56 592/128/56
f 296/330/57 297/329/57 767/329/57 766/330/57
f 284/327/58 285/331/58 755/331/58 754/327/58
f 172/222/59 173/230/59 643/230/59 642/222/59
f 123/129/60 124/130/60 594/130/60 593/129/60
f 82/27/61 83/24/61 553/24/61 552/27/61
f 401/435/62 402/432/62 872/432/62 871/435/62
f 91/26/63 92/28/63 562/28/63 561/26/63
f 393/434/64 394/436/64 864/436/64 863/434/64
f 124/130/65 125/131/65 595/131/65 594/130/65
f 295/332/66 296/330/66 766/330/66 765/332/66
f 185/231/67 186/223/67 656/223/67 655/231/67
f 125/131/68 126/132/68 596/132/68 595/131/68
f 81/29/69 82/27/69 552/27/69 551/29/69
f 400/437/70 401/435/70 871/435/70 870/437/70
f 294/333/71 295/332/71 765/332/71 764/333/71
f 228/232/72 229/228/72 699/228/72 698/232/72
f 92/28/73 93/30/73 563/30/73 562/28/73
f 394/436/74 395/438/74 865/438/74 864/436/74
f 225/229/75 226/233/75 696/233/75 695/229/75
f 126/132/76 127/49/76 597/49/76 596/132/76
f 293/334/77 294/333/77 764/333/77 763/334/77
f 127/49/78 128/122/78 598/122/78 597/49/78
f 149/123/79 150/133/79 620/133/79 619/123/79
f 80/31/80 81/29/80 551/29/80 550/31/80
f 399/439/81 400/437/81 870/437/81 869/439/81
f 292/335/82 293/334/82 763/334/82 762/335/82
f 227/234/83 228/232/83 698/232/83 697/234/83
f 93/30/84 94/32/84 564/32/84 563/30/84
f 395/438/85 396/440/85 866/440/85 865/438/85
f 285/331/86 286/336/86 756/336/86 755/331/86
f 226/233/87 227/234/87 697/234/87 696/233/87
f 116/134/88 117/135/88 587/135/88 586/134/88
f 46/25/89 47/33/89 517/33/89 516/25/89
f 398/441/90 399/439/90 869/439/90 868/441/90
f 291/337/91 292/335/91 762/335/91 761/337/91
f 173/230/92 174/235/92 644/235/92 643/230/92
f 117/135/93 118/124/93 588/124/93 587/135/93
f 150/133/94 151/136/94 621/136/94 620/133/94
f 29/34/95 30/23/95 500/23/95 499/34/95
f 429/442/96 430/433/96 900/433/96 899/442/96
f 290/338/97 291/337/97 761/337/97 760/338/97
f 396/440/98 397/443/98 867/443/98 866/440/98
f 184/236/99 185/231/99 655/231/99 654/236/99
f 79/35/100 80/31/100 550/31/100 549/35/100
f 289/339/101 290/338/101 760/338/101 759/339/101
f 174/235/102 175/237/102 645/237/102 644/235/102
f 114/137/103 115/138/103 585/138/103 584/137/103
f 94/32/104 95/36/104 565/36/104 564/32/104
f 286/336/105 287/340/105 757/340/105 756/336/105
f 397/443/106 398/441/106 868/441/106 867/443/106
f 115/138/107 116/134/107 586/134/107 585/138/107
f 287/340/108 288/341/108 758/341/108 757/340/108
f 183/238/109 184/236/109 654/236/109 653/238/109
f 78/37/110 79/35/110 549/35/110 548/37/110
f 288/341/111 289/339/111 759/339/111 758/341/111
f 175/237/112 176/239/112 646/239/112 645/237/112
f 113/139/113 114/137/113 584/137/113 583/139/113
f 95/36/114 96/38/114 566/38/114 565/36/114
f 428/444/115 429/442/115 899/442/115 898/444/115
f 361/343/116 362/342/116 832/342/116 831/343/116
f 410/414/117 411/445/117 881/445/117 880/414/117
f 112/140/118 113/139/118 583/139/118 582/140/118
f 47/33/119 48/39/119 518/39/119 517/33/119
f 360/344/120 361/343/120 831/343/120 830/344/120
f 182/240/121 183/238/121 653/238/121 652/240/121
f 151/136/122 152/141/122 622/141/122 621/136/122
f 411/445/123 412/446/123 882/446/123 881/445/123
f 176/239/124 177/241/124 647/241/124 646/239/124
f 359/345/125 360/344/125 830/344/125 829/345/125
f 28/40/126 29/34/126 499/34/126 498/40/126
f 111/142/127 112/140/127 582/140/127 581/142/127
f 427/447/128 428/444/128 898/444/128 897/447/128
f 358/346/129 359/345/129 829/345/129 828/346/129
f 181/242/130 182/240/130 652/240/130 651/242/130
f 77/41/131 78/37/131 548/37/131 547/41/131
f 412/446/132 413/448/132 883/448/132 882/446/132
f 362/342/133 363/347/133 833/347/133 832/342/133
f 177/241/134 178/243/134 648/243/134 647/241/134
f 110/143/135 111/142/135 581/142/135 580/143/135
f 96/38/136 97/42/136 567/42/136 566/38/136
f 152/141/137 153/112/137 623/112/137 622/141/137
f 426/449/138 427/447/138 897/447/138 896/449/138
f 357/348/139 358/346/139 828/346/139 827/348/139
f 180/244/140 181/242/140 651/242/140 650/244/140
f 76/43/141 77/41/141 547/41/141 546/43/141
f 413/448/142 414/450/142 884/450/142 883/448/142
f 178/243/143 179/245/143 649/245/143 648/243/143
f 97/42/144 98/44/144 568/44/144 567/42/144
f 356/349/145 357/348/145 827/348/145 826/349/145
f 179/245/146 180/244/146 650/244/146 649/245/146
f 106/144/147 107/145/147 577/145/147 576/144/147
f 414/450/148 415/451/148 885/451/148 884/450/148
f 363/347/149 364/350/149 834/350/149 833/347/149
f 263/247/150 264/246/150 734/246/150 733/247/150
f 48/39/151 49/45/151 519/45/151 518/39/151
f 107/145/152 108/146/152 578/146/152 577/145/152
f 262/248/153 263/247/153 733/247/153 732/248/153
f 425/452/154 426/449/154 896/449/154 895/452/154
f 355/351/155 356/349/155 826/349/155 825/351/155
f 108/146/156 109/147/156 579/147/156 578/146/156
f 75/46/157 76/43/157 546/43/157 545/46/157
f 415/451/158 416/453/158 886/453/158 885/451/158
f 261/249/159 262/248/159 732/248/159 731/249/159
f 354/352/160 355/351/160 825/351/160 824/352/160
f 109/147/161 110/143/161 580/143/161 579/147/161
f 27/47/162 28/40/162 498/40/162 497/47/162
f 416/453/163 417/454/163 887/454/163 886/453/163
f 364/350/164 365/353/164 835/353/164 834/350/164
f 260/250/165 261/249/165 731/249/165 730/250/165
f 98/44/166 99/48/166 569/48/166 568/44/166
f 264/246/167 265/251/167 735/251/167 734/246/167
f 105/148/168 106/144/168 576/144/168 575/148/168
f 424/455/169 425/452/169 895/452/169 894/455/169
f 353/354/170 354/352/170 824/352/170 823/354/170
f 104/149/171 105/148/171 575/148/171 574/149/171
f 99/48/137 75/46/137 545/46/137 569/48/137
f 417/454/172 418/456/172 888/456/172 887/454/172
f 259/252/173 260/250/173 730/250/173 729/252/173
f 352/355/174 353/354/174 823/354/174 822/355/174
f 103/150/175 104/149/175 574/149/175 573/150/175
f 49/45/176 50/49/176 520/49/176 519/45/176
f 418/456/177 419/457/177 889/457/177 888/456/177
f 365/353/178 366/356/178 836/356/178 835/353/178
f 258/253/179 259/252/179 729/252/179 728/253/179
f 101/111/180 102/151/180 572/151/180 571/111/180
f 102/151/181 103/150/181 573/150/181 572/151/181
f 257/254/182 258/253/182 728/253/182 727/254/182
f 155/62/183 156/152/183 626/152/183 625/62/183
f 26/50/184 27/47/184 497/47/184 496/50/184
f 423/458/185 424/455/185 894/455/185 893/458/185
f 351/357/186 352/355/186 822/355/186 821/357/186
f 265/251/187 266/255/187 736/255/187 735/251/187
f 50/49/188 51/51/188 521/51/188 520/49/188
f 419/457/189 420/459/189 890/459/189 889/457/189
f 202/153/190 155/62/190 625/62/190 672/153/190
f 350/358/191 351/357/191 821/357/191 820/358/191
f 420/459/192 421/460/192 891/460/192 890/459/192
f 366/356/193 367/359/193 837/359/193 836/356/193
f 256/256/194 257/254/194 727/254/194 726/256/194
f 201/154/195 202/153/195 672/153/195 671/154/195
f 25/52/180 26/50/180 496/50/180 495/52/180
f 156/152/196 157/155/196 627/155/196 626/152/196
f 421/460/197 422/461/197 892/461/197 891/460/197
f 255/257/198 256/256/198 726/256/198 725/257/198
f 24/53/199 25/52/199 495/52/199 494/53/199
f 422/461/200 423/458/200 893/458/200 892/461/200
f 349/62/201 350/358/201 820/358/201 819/62/201
f 51/51/202 52/54/202 522/54/202 521/51/202
f 254/258/203 255/257/203 725/257/203 724/258/203
f 200/156/204 201/154/204 671/154/204 670/156/204
f 266/255/205 267/259/205 737/259/205 736/255/205
f 157/155/206 158/157/206 628/157/206 627/155/206
f 462/360/207 463/361/207 933/361/207 932/360/207
f 23/55/208 24/53/208 494/53/208 493/55/208
f 463/361/209 464/362/209 934/362/209 933/361/209
f 253/260/210 254/258/210 724/258/210 723/260/210
f 199/158/211 200/156/211 670/156/211 669/158/211
f 22/56/212 23/55/212 493/55/212 492/56/212
f 158/157/213 159/159/213 629/159/213 628/157/213
f 52/54/214 53/57/214 523/57/214 522/54/214
f 464/362/215 465/363/215 935/363/215 934/362/215
f 252/261/216 253/260/216 723/260/216 722/261/216
f 465/363/217 466/364/217 936/364/217 935/363/217
f 251/62/218 252/261/218 722/261/218 721/62/218
f 198/160/219 199/158/219 669/158/219 668/160/219
f 21/58/220 22/56/220 492/56/220 491/58/220
f 267/259/221 268/262/221 738/262/221 737/259/221
f 159/159/222 160/161/222 630/161/222 629/159/222
f 53/57/223 54/59/223 524/59/223 523/57/223
f 466/364/224 467/365/224 937/365/224 936/364/224
f 467/365/225 468/366/225 938/366/225 937/365/225
f 197/162/226 198/160/226 668/160/226 667/162/226
f 20/60/227 21/58/227 491/58/227 490/60/227
f 340/263/228 341/264/228 811/264/228 810/263/228
f 160/161/229 161/163/229 631/163/229 630/161/229
f 1/62/230 2/61/230 472/61/230 471/62/230
f 468/366/231 469/367/231 939/367/231 938/366/231
f 341/264/232 342/265/232 812/265/232 811/264/232
f 74/63/181 1/62/181 471/62/181 544/63/181
f 469/367/233 470/48/233 940/48/233 939/367/233
f 196/164/234 197/162/234 667/162/234 666/164/234
f 470/48/181 349/62/181 819/62/181 940/48/181
f 342/265/235 343/266/235 813/266/235 812/265/235
f 161/163/236 162/165/236 632/165/236 631/163/236
f 19/64/237 20/60/237 490/60/237 489/64/237
f 367/359/238 368/368/238 838/368/238 837/359/238
f 2/61/239 3/65/239 473/65/239 472/61/239
f 343/266/240 344/267/240 814/267/240 813/266/240
f 3/65/241 4/66/241 474/66/241 473/65/241
f 460/369/242 461/370/242 931/370/242 930/369/242
f 344/267/243 345/268/243 815/268/243 814/267/243
f 250/48/244 203/166/244 673/166/244 720/48/244
f 54/59/245 55/67/245 525/67/245 524/59/245
f 461/370/246 462/360/246 932/360/246 931/370/246
f 345/268/247 346/269/247 816/269/247 815/268/247
f 203/166/248 204/167/248 674/167/248 673/166/248
f 368/368/249 369/371/249 839/371/249 838/368/249
f 346/269/250 347/270/250 817/270/250 816/269/250
f 18/68/251 19/64/251 489/64/251 488/68/251
f 249/168/252 250/48/252 720/48/252 719/168/252
f 4/66/253 5/69/253 475/69/253 474/66/253
f 458/372/254 459/373/254 929/373/254 928/372/254
f 347/270/255 348/48/255 818/48/255 817/270/255
f 204/167/25 205/169/25 675/169/25 674/167/25
f 348/48/181 251/62/181 721/62/181 818/48/181
f 5/69/256 6/70/256 476/70/256 475/69/256
f 459/373/257 460/369/257 930/369/257 929/373/257
f 268/262/258 269/271/258 739/271/258 738/262/258
f 369/371/259 370/374/259 840/374/259 839/371/259
f 248/170/260 249/168/260 719/168/260 718/170/260
f 205/169/261 206/171/261 676/171/261 675/169/261
f 17/71/262 18/68/262 488/68/262 487/71/262
f 338/272/263 339/273/263 809/273/263 808/272/263
f 6/70/264 7/72/264 477/72/264 476/70/264
f 457/375/265 458/372/265 928/372/265 927/375/265
f 339/273/266 340/263/266 810/263/266 809/273/266
f 195/172/267 196/164/267 666/164/267 665/172/267
f 456/376/268 457/375/268 927/375/268 926/376/268
f 269/271/269 270/274/269 740/274/269 739/271/269
f 162/165/270 163/173/270 633/173/270 632/165/270
f 16/73/271 17/71/271 487/71/271 486/73/271
f 7/72/272 8/74/272 478/74/272 477/72/272
f 455/377/273 456/376/273 926/376/273 925/377/273
f 336/275/274 337/276/274 807/276/274 806/275/274
f 247/174/275 248/170/275 718/170/275 717/174/275
f 55/67/276 56/75/276 526/75/276 525/67/276
f 454/378/277 455/377/277 925/377/277 924/378/277
f 206/171/278 207/175/278 677/175/278 676/171/278
f 337/276/279 338/272/279 808/272/279 807/276/279
f 8/74/280 9/76/280 479/76/280 478/74/280
f 453/379/281 454/378/281 924/378/281 923/379/281
f 335/277/282 336/275/282 806/275/282 805/277/282
f 246/176/283 247/174/283 717/174/283 716/176/283
f 452/380/284 453/379/284 923/379/284 922/380/284
f 207/175/34 208/177/34 678/177/34 677/175/34
f 15/77/285 16/73/285 486/73/285 485/77/285
f 370/374/286 371/381/286 841/381/286 840/374/286
f 334/278/287 335/277/287 805/277/287 804/278/287
f 9/76/288 10/78/288 480/78/288 479/76/288
f 333/279/289 334/278/289 804/278/289 803/279/289
f 245/178/290 246/176/290 716/176/290 715/178/290
f 451/382/291 452/380/291 922/380/291 921/382/291
f 270/274/292 271/280/292 741/280/292 740/274/292
f 208/177/293 209/179/293 679/179/293 678/177/293
f 14/79/294 15/77/294 485/77/294 484/79/294
f 10/78/295 11/80/295 481/80/295 480/78/295
f 450/383/296 451/382/296 921/382/296 920/383/296
f 332/281/297 333/279/297 803/279/297 802/281/297
f 194/180/298 195/172/298 665/172/298 664/180/298
f 11/80/299 12/81/299 482/81/299 481/80/299
f 449/384/300 450/383/300 920/383/300 919/384/300
f 163/173/301 164/181/301 634/181/301 633/173/301
f 371/381/302 372/385/302 842/385/302 841/381/302
f 331/282/303 332/281/303 802/281/303 801/282/303
f 13/82/304 14/79/304 484/79/304 483/82/304
f 330/283/305 331/282/305 801/282/305 800/283/305
f 244/182/306 245/178/306 715/178/306 714/182/306
f 12/81/307 13/82/307 483/82/307 482/81/307
f 448/386/308 449/384/308 919/384/308 918/386/308
f 271/280/309 272/284/309 742/284/309 741/280/309
f 209/179/310 210/183/310 680/183/310 679/179/310
f 447/387/311 448/386/311 918/386/311 917/387/311
f 56/75/312 57/83/312 527/83/312 526/75/312
f 372/385/313 373/388/313 843/388/313 842/385/313
f 329/285/314 330/283/314 800/283/314 799/285/314
f 243/184/315 244/182/315 714/182/315 713/184/315
f 210/183/316 211/185/316 681/185/316 680/183/316
f 328/286/317 329/285/317 799/285/317 798/286/317
f 73/84/318 74/63/318 544/63/318 543/84/318
f 446/389/319 447/387/319 917/387/319 916/389/319
f 272/284/320 273/287/320 743/287/320 742/284/320
f 57/83/321 58/85/321 528/85/321 527/83/321
f 193/186/322 194/180/322 664/180/322 663/186/322
f 445/390/323 446/389/323 916/389/323 915/390/323
f 164/181/324 165/187/324 635/187/324 634/181/324
f 373/388/325 374/391/325 844/391/325 843/388/325
f 327/288/326 328/286/326 798/286/326 797/288/326
f 72/86/327 73/84/327 543/84/327 542/86/327
f 326/289/328 327/288/328 797/288/328 796/289/328
f 242/188/329 243/184/329 713/184/329 712/188/329
f 71/87/330 72/86/330 542/86/330 541/87/330
f 444/392/331 445/390/331 915/390/331 914/392/331
f 273/287/332 274/290/332 744/290/332 743/287/332
f 211/185/333 212/189/333 682/189/333 681/185/333
f 58/85/334 59/88/334 529/88/334 528/85/334
f 443/393/335 444/392/335 914/392/335 913/393/335
f 374/391/336 375/394/336 845/394/336 844/391/336
f 325/291/337 326/289/337 796/289/337 795/291/337
f 192/190/338 193/186/338 663/186/338 662/190/338
f 70/89/154 71/87/154 541/87/154 540/89/154
f 274/290/339 275/292/339 745/292/339 744/290/339
f 165/187/340 166/191/340 636/191/340 635/187/340
f 69/90/341 70/89/341 540/89/341 539/90/341
f 442/395/342 443/393/342 913/393/342 912/395/342
f 59/88/343 60/91/343 530/91/343 529/88/343
f 375/394/344 376/396/344 846/396/344 845/394/344
f 324/293/345 325/291/345 795/291/345 794/293/345
f 241/192/346 242/188/346 712/188/346 711/192/346
f 212/189/347 213/193/347 683/193/347 682/189/347
f 323/294/348 324/293/348 794/293/348 793/294/348
f 68/92/349 69/90/349 539/90/349 538/92/349
f 441/397/350 442/395/350 912/395/350 911/397/350
f 275/292/351 276/295/351 746/295/351 745/292/351
f 240/194/352 241/192/352 711/192/352 710/194/352
f 67/93/353 68/92/353 538/92/353 537/93/353
f 440/398/354 441/397/354 911/397/354 910/398/354
f 213/193/355 214/195/355 684/195/355 683/193/355
f 60/91/356 61/94/356 531/94/356 530/91/356
f 376/396/357 377/399/357 847/399/357 846/396/357
f 322/296/358 323/294/358 793/294/358 792/296/358
f 276/295/359 277/297/359 747/297/359 746/295/359
f 191/196/360 192/190/360 662/190/360 661/196/360
f 66/95/361 67/93/361 537/93/361 536/95/361
f 439/400/362 440/398/362 910/398/362 909/400/362
f 166/191/363 167/197/363 637/197/363 636/191/363
f 377/399/364 378/401/364 848/401/364 847/399/364
f 321/298/365 322/296/365 792/296/365 791/298/365
f 65/96/366 66/95/366 536/95/366 535/96/366
f 320/299/367 321/298/367 791/298/367 790/299/367
f 239/198/368 240/194/368 710/194/368 709/198/368
f 64/97/369 65/96/369 535/96/369 534/97/369
f 438/402/370 439/400/370 909/400/370 908/402/370
f 277/297/371 278/300/371 748/300/371 747/297/371
f 214/195/372 215/199/372 685/199/372 684/195/372
f 61/94/373 62/98/373 532/98/373 531/94/373
f 378/401/374 379/403/374 849/403/374 848/401/374
f 167/197/375 168/200/375 638/200/375 637/197/375
f 62/98/376 63/99/376 533/99/376 532/98/376
f 319/301/377 320/299/377 790/299/377 789/301/377
f 63/99/378 64/97/378 534/97/378 533/99/378
f 437/404/379 438/402/379 908/402/379 907/404/379
f 140/101/380 141/100/380 611/100/380 610/101/380
f 379/403/381 380/405/381 850/405/381 849/403/381
f 318/302/382 319/301/382 789/301/382 788/302/382
f 238/201/383 239/198/383 709/198/383 708/201/383
f 278/300/384 279/303/384 749/303/384 748/300/384
f 139/102/385 140/101/385 610/101/385 609/102/385
f 190/202/386 191/196/386 661/196/386 660/202/386
f 436/406/387 437/404/387 907/404/387 906/406/387
f 215/199/388 216/203/388 686/203/388 685/199/388
f 138/103/389 139/102/389 609/102/389 608/103/389
f 380/405/390 381/407/390 851/407/390 850/405/390
f 317/304/391 318/302/391 788/302/391 787/304/391
f 141/100/392 142/104/392 612/104/392 611/100/392
f 300/306/393 301/305/393 771/305/393 770/306/393
f 381/407/394 382/408/394 852/408/394 851/407/394
f 237/204/395 238/201/395 708/201/395 707/204/395
f 299/307/181 300/306/181 770/306/181 769/307/181
f 216/203/396 217/205/396 687/205/396 686/203/396
f 137/105/397 138/103/397 608/103/397 607/105/397
f 38/2/398 39/1/398 509/1/398 508/2/398
f 142/104/399 143/106/399 613/106/399 612/104/399
f 435/409/400 436/406/400 906/406/400 905/409/400
f 316/308/401 317/304/401 787/304/401 786/308/401
f 168/200/402 169/206/402 639/206/402 638/200/402
f 37/3/403 38/2/403 508/2/403 507/3/403
f 382/408/404 383/410/404 853/410/404 852/408/404
f 301/305/405 302/309/405 772/309/405 771/305/405
f 136/107/406 137/105/406 607/105/406 606/107/406
f 36/4/407 37/3/407 507/3/407 506/4/407
f 383/410/408 384/411/408 854/411/408 853/410/408
f 279/303/409 280/310/409 750/310/409 749/303/409
f 189/207/410 190/202/410 660/202/410 659/207/410
f 39/1/411 40/5/411 510/5/411 509/1/411
f 135/108/412 136/107/412 606/107/412 605/108/412
f 302/309/413 303/311/413 773/311/413 772/309/413
f 236/208/414 237/204/414 707/204/414 706/208/414
f 143/106/415 144/109/415 614/109/415 613/106/415
f 434/412/416 435/409/416 905/409/416 904/412/416
f 217/205/417 218/209/417 688/209/417 687/205/417
f 35/6/418 36/4/418 506/4/418 505/6/418
f 384/411/419 385/413/419 855/413/419 854/411/419
f 40/5/420 41/7/420 511/7/420 510/5/420
f 315/312/421 316/308/421 786/308/421 785/312/421
f 134/110/422 135/108/422 605/108/422 604/110/422
f 409/415/423 410/414/423 880/414/423 879/415/423
f 303/311/424 304/313/424 774/313/424 773/311/424
f 235/210/425 236/208/425 706/208/425 705/210/425
f 100/62/423 101/111/423 571/111/423 570/62/423
f 169/206/426 170/211/426 640/211/426 639/206/426
f 34/8/427 35/6/427 505/6/427 504/8/427
f 408/416/428 409/415/428 879/415/428 878/416/428
f 304/313/429 305/314/429 775/314/429 774/313/429
f 154/48/137 100/62/137 570/62/137 624/48/137
f 41/7/430 42/9/430 512/9/430 511/7/430
f 218/209/431 219/212/431 689/212/431 688/209/431
f 433/417/432 434/412/432 904/412/432 903/417/432
f 305/314/433 306/315/433 776/315/433 775/314/433
f 153/112/181 154/48/181 624/48/181 623/112/181
f 385/413/434 386/418/434 856/418/434 855/413/434
f 144/109/435 145/113/435 615/113/435 614/109/435
f 33/10/436 34/8/436 504/8/436 503/10/436
f 188/213/437 189/207/437 659/207/437 658/213/437
f 42/9/438 43/11/438 513/11/438 512/9/438
f 314/316/439 315/312/439 785/312/439 784/316/439
f 407/419/440 408/416/440 878/416/440 877/419/440
f 306/315/441 307/317/441 777/317/441 776/315/441
f 234/214/442 235/210/442 705/210/442 704/214/442
f 133/114/443 134/110/443 604/110/443 603/114/443
f 386/418/444 387/420/444 857/420/444 856/418/444
f 219/212/445 220/215/445 690/215/445 689/212/445
f 32/12/446 33/10/446 503/10/446 502/12/446
f 307/317/447 308/318/447 778/318/447 777/317/447
f 132/115/448 133/114/448 603/114/448 602/115/448
f 43/11/449 44/13/449 514/13/449 513/11/449
f 170/211/450 171/216/450 641/216/450 640/211/450
f 145/113/451 146/116/451 616/116/451 615/113/451
f 432/421/452 433/417/452 903/417/452 902/421/452
f 313/319/453 314/316/453 784/316/453 783/319/453
f 31/14/454 32/12/454 502/12/454 501/14/454
f 406/422/455 407/419/455 877/419/455 876/422/455
f 308/318/456 309/320/456 779/320/456 778/318/456
f 187/217/457 188/213/457 658/213/457 657/217/457
f 131/117/458 132/115/458 602/115/458 601/117/458
f 44/13/459 45/15/459 515/15/459 514/13/459
f 387/420/460 388/423/460 858/423/460 857/420/460
f 146/116/461 147/118/461 617/118/461 616/116/461
f 309/320/462 310/321/462 780/321/462 779/320/462
f 233/218/463 234/214/463 704/214/463 703/218/463
