# Blender 4.4.1
# www.blender.org
mtllib Space.mtl
o テキスト
v 4.024752 0.145000 0.000000
v 4.024752 0.574000 0.000000
v 4.156752 0.574000 0.000000
v 4.165964 0.573927 0.000000
v 4.174933 0.573708 0.000000
v 4.183659 0.573344 0.000000
v 4.192141 0.572833 0.000000
v 4.200381 0.572177 0.000000
v 4.208377 0.571375 0.000000
v 4.216131 0.570427 0.000000
v 4.223641 0.569333 0.000000
v 4.230909 0.568094 0.000000
v 4.237933 0.566708 0.000000
v 4.244714 0.565177 0.000000
v 4.251253 0.563500 0.000000
v 4.257537 0.561660 0.000000
v 4.263558 0.559639 0.000000
v 4.269315 0.557438 0.000000
v 4.274808 0.555056 0.000000
v 4.280037 0.552493 0.000000
v 4.285002 0.549750 0.000000
v 4.289704 0.546826 0.000000
v 4.294141 0.543722 0.000000
v 4.298315 0.540438 0.000000
v 4.302225 0.536972 0.000000
v 4.305871 0.533326 0.000000
v 4.309252 0.529500 0.000000
v 4.312367 0.525469 0.000000
v 4.315211 0.521208 0.000000
v 4.317784 0.516719 0.000000
v 4.320086 0.512000 0.000000
v 4.322117 0.507052 0.000000
v 4.323878 0.501875 0.000000
v 4.325367 0.496469 0.000000
v 4.326586 0.490833 0.000000
v 4.327534 0.484969 0.000000
v 4.328211 0.478875 0.000000
v 4.328618 0.472552 0.000000
v 4.328752 0.466000 0.000000
v 4.328585 0.459441 0.000000
v 4.328085 0.453097 0.000000
v 4.327252 0.446969 0.000000
v 4.326086 0.441056 0.000000
v 4.324585 0.435358 0.000000
v 4.322752 0.429875 0.000000
v 4.320586 0.424608 0.000000
v 4.318086 0.419556 0.000000
v 4.315253 0.414719 0.000000
v 4.312087 0.410097 0.000000
v 4.308587 0.405691 0.000000
v 4.304753 0.401500 0.000000
v 4.300586 0.397524 0.000000
v 4.296086 0.393764 0.000000
v 4.291253 0.390219 0.000000
v 4.286086 0.386889 0.000000
v 4.280586 0.383774 0.000000
v 4.274752 0.380875 0.000000
v 4.268586 0.378191 0.000000
v 4.262085 0.375722 0.000000
v 4.255252 0.373469 0.000000
v 4.248085 0.371431 0.000000
v 4.240586 0.369608 0.000000
v 4.232752 0.368000 0.000000
v 4.232752 0.376000 0.000000
v 4.238673 0.374781 0.000000
v 4.244433 0.373458 0.000000
v 4.250034 0.372031 0.000000
v 4.255475 0.370500 0.000000
v 4.260756 0.368865 0.000000
v 4.265877 0.367125 0.000000
v 4.270839 0.365281 0.000000
v 4.275641 0.363333 0.000000
v 4.280283 0.361281 0.000000
v 4.284766 0.359125 0.000000
v 4.289089 0.356865 0.000000
v 4.293252 0.354500 0.000000
v 4.297249 0.352035 0.000000
v 4.301073 0.349472 0.000000
v 4.304722 0.346813 0.000000
v 4.308198 0.344056 0.000000
v 4.311500 0.341201 0.000000
v 4.314628 0.338250 0.000000
v 4.317583 0.335201 0.000000
v 4.320364 0.332056 0.000000
v 4.322971 0.328813 0.000000
v 4.325405 0.325472 0.000000
v 4.327665 0.322035 0.000000
v 4.329752 0.318500 0.000000
v 4.331669 0.314865 0.000000
v 4.333419 0.311125 0.000000
v 4.335002 0.307281 0.000000
v 4.336419 0.303333 0.000000
v 4.337669 0.299281 0.000000
v 4.338752 0.295125 0.000000
v 4.339669 0.290865 0.000000
v 4.340418 0.286500 0.000000
v 4.341002 0.282031 0.000000
v 4.341419 0.277458 0.000000
v 4.341669 0.272781 0.000000
v 4.341753 0.268000 0.000000
v 4.341461 0.258510 0.000000
v 4.340586 0.249375 0.000000
v 4.339128 0.240594 0.000000
v 4.337086 0.232167 0.000000
v 4.334461 0.224094 0.000000
v 4.331253 0.216375 0.000000
v 4.327461 0.209010 0.000000
v 4.323085 0.202000 0.000000
v 4.318127 0.195344 0.000000
v 4.312585 0.189042 0.000000
v 4.306460 0.183094 0.000000
v 4.299753 0.177500 0.000000
v 4.292537 0.172309 0.000000
v 4.284892 0.167569 0.000000
v 4.276815 0.163281 0.000000
v 4.268308 0.159444 0.000000
v 4.259370 0.156059 0.000000
v 4.250002 0.153125 0.000000
v 4.240204 0.150642 0.000000
v 4.229975 0.148611 0.000000
v 4.219315 0.147031 0.000000
v 4.208225 0.145903 0.000000
v 4.196704 0.145226 0.000000
v 4.184752 0.145000 0.000000
v 4.093752 0.198000 0.000000
v 4.174752 0.198000 0.000000
v 4.182586 0.198132 0.000000
v 4.190086 0.198528 0.000000
v 4.197253 0.199188 0.000000
v 4.204086 0.200111 0.000000
v 4.210587 0.201299 0.000000
v 4.216753 0.202750 0.000000
v 4.222586 0.204465 0.000000
v 4.228086 0.206444 0.000000
v 4.233253 0.208688 0.000000
v 4.238086 0.211194 0.000000
v 4.242586 0.213965 0.000000
v 4.246752 0.217000 0.000000
v 4.250585 0.220292 0.000000
v 4.254085 0.223833 0.000000
v 4.257251 0.227625 0.000000
v 4.260085 0.231667 0.000000
v 4.262584 0.235958 0.000000
v 4.264751 0.240500 0.000000
v 4.266584 0.245292 0.000000
v 4.268084 0.250333 0.000000
v 4.269250 0.255625 0.000000
v 4.270084 0.261167 0.000000
v 4.270584 0.266958 0.000000
v 4.270752 0.273000 0.000000
v 4.270579 0.278712 0.000000
v 4.270058 0.284181 0.000000
v 4.269190 0.289406 0.000000
v 4.267975 0.294389 0.000000
v 4.266413 0.299128 0.000000
v 4.264504 0.303625 0.000000
v 4.262247 0.307878 0.000000
v 4.259642 0.311889 0.000000
v 4.256691 0.315656 0.000000
v 4.253392 0.319181 0.000000
v 4.249746 0.322462 0.000000
v 4.245753 0.325500 0.000000
v 4.241413 0.328295 0.000000
v 4.236725 0.330847 0.000000
v 4.231690 0.333156 0.000000
v 4.226308 0.335222 0.000000
v 4.220579 0.337045 0.000000
v 4.214502 0.338625 0.000000
v 4.208079 0.339962 0.000000
v 4.201308 0.341056 0.000000
v 4.194190 0.341906 0.000000
v 4.186725 0.342514 0.000000
v 4.178912 0.342878 0.000000
v 4.170753 0.343000 0.000000
v 4.093752 0.343000 0.000000
v 4.093752 0.395000 0.000000
v 4.166752 0.395000 0.000000
v 4.175350 0.395115 0.000000
v 4.183475 0.395458 0.000000
v 4.191127 0.396031 0.000000
v 4.198308 0.396833 0.000000
v 4.205016 0.397865 0.000000
v 4.211252 0.399125 0.000000
v 4.217016 0.400615 0.000000
v 4.222308 0.402333 0.000000
v 4.227127 0.404281 0.000000
v 4.231474 0.406458 0.000000
v 4.235349 0.408865 0.000000
v 4.238752 0.411500 0.000000
v 4.241787 0.414358 0.000000
v 4.244558 0.417431 0.000000
v 4.247065 0.420719 0.000000
v 4.249308 0.424222 0.000000
v 4.251287 0.427941 0.000000
v 4.253003 0.431875 0.000000
v 4.254454 0.436024 0.000000
v 4.255641 0.440389 0.000000
v 4.256566 0.444969 0.000000
v 4.257226 0.449764 0.000000
v 4.257621 0.454774 0.000000
v 4.257752 0.460000 0.000000
v 4.257589 0.465212 0.000000
v 4.257100 0.470181 0.000000
v 4.256283 0.474906 0.000000
v 4.255141 0.479389 0.000000
v 4.253672 0.483629 0.000000
v 4.251877 0.487625 0.000000
v 4.249755 0.491379 0.000000
v 4.247307 0.494889 0.000000
v 4.244533 0.498156 0.000000
v 4.241433 0.501181 0.000000
v 4.238006 0.503962 0.000000
v 4.234252 0.506500 0.000000
v 4.230138 0.508816 0.000000
v 4.225627 0.510931 0.000000
v 4.220721 0.512844 0.000000
v 4.215419 0.514556 0.000000
v 4.209722 0.516066 0.000000
v 4.203628 0.517375 0.000000
v 4.197138 0.518483 0.000000
v 4.190252 0.519389 0.000000
v 4.182971 0.520094 0.000000
v 4.175294 0.520597 0.000000
v 4.167221 0.520899 0.000000
v 4.158752 0.521000 0.000000
v 4.093752 0.521000 0.000000
v 4.153752 -0.055000 -0.000000
v 4.139655 -0.054778 -0.000000
v 4.125697 -0.054111 -0.000000
v 4.111877 -0.053000 -0.000000
v 4.098197 -0.051444 -0.000000
v 4.084655 -0.049444 -0.000000
v 4.071252 -0.047000 -0.000000
v 4.057988 -0.044111 -0.000000
v 4.044863 -0.040778 -0.000000
v 4.031877 -0.037000 -0.000000
v 4.019030 -0.032778 -0.000000
v 4.006322 -0.028111 -0.000000
v 3.993752 -0.023000 -0.000000
v 3.981381 -0.017497 -0.000000
v 3.969266 -0.011653 -0.000000
v 3.957409 -0.005469 -0.000000
v 3.945808 0.001056 0.000000
v 3.934464 0.007920 0.000000
v 3.923378 0.015125 0.000000
v 3.912548 0.022670 0.000000
v 3.901975 0.030556 0.000000
v 3.891659 0.038781 0.000000
v 3.881600 0.047347 0.000000
v 3.871798 0.056253 0.000000
v 3.862252 0.065500 0.000000
v 3.853006 0.075045 0.000000
v 3.844100 0.084847 0.000000
v 3.835534 0.094906 0.000000
v 3.827308 0.105222 0.000000
v 3.819422 0.115795 0.000000
v 3.811877 0.126625 0.000000
v 3.804672 0.137712 0.000000
v 3.797808 0.149056 0.000000
v 3.791284 0.160656 0.000000
v 3.785100 0.172514 0.000000
v 3.779256 0.184628 0.000000
v 3.773752 0.197000 0.000000
v 3.768641 0.209569 0.000000
v 3.763974 0.222278 0.000000
v 3.759752 0.235125 0.000000
v 3.755974 0.248111 0.000000
v 3.752640 0.261236 0.000000
v 3.749752 0.274500 0.000000
v 3.747307 0.287903 0.000000
v 3.745307 0.301444 0.000000
v 3.743752 0.315125 0.000000
v 3.742641 0.328944 0.000000
v 3.741974 0.342903 0.000000
v 3.741752 0.357000 0.000000
v 3.741974 0.371253 0.000000
v 3.742641 0.385347 0.000000
v 3.743752 0.399281 0.000000
v 3.745307 0.413056 0.000000
v 3.747307 0.426670 0.000000
v 3.749752 0.440125 0.000000
v 3.752640 0.453420 0.000000
v 3.755974 0.466556 0.000000
v 3.759752 0.479531 0.000000
v 3.763974 0.492347 0.000000
v 3.768641 0.505004 0.000000
v 3.773752 0.517500 0.000000
v 3.779256 0.529792 0.000000
v 3.785100 0.541833 0.000000
v 3.791284 0.553625 0.000000
v 3.797808 0.565167 0.000000
v 3.804672 0.576458 0.000000
v 3.811877 0.587500 0.000000
v 3.819422 0.598292 0.000000
v 3.827308 0.608833 0.000000
v 3.835534 0.619125 0.000000
v 3.844100 0.629167 0.000000
v 3.853006 0.638958 0.000000
v 3.862252 0.648500 0.000000
v 3.871798 0.657747 0.000000
v 3.881600 0.666653 0.000000
v 3.891659 0.675219 0.000000
v 3.901975 0.683444 0.000000
v 3.912548 0.691330 0.000000
v 3.923378 0.698875 0.000000
v 3.934464 0.706080 0.000000
v 3.945808 0.712944 0.000000
v 3.957409 0.719469 0.000000
v 3.969266 0.725653 0.000000
v 3.981381 0.731497 0.000000
v 3.993752 0.737000 0.000000
v 4.006322 0.742111 0.000000
v 4.019030 0.746778 0.000000
v 4.031877 0.751000 0.000000
v 4.044863 0.754778 0.000000
v 4.057988 0.758111 0.000000
v 4.071252 0.761000 0.000000
v 4.084655 0.763445 0.000000
v 4.098197 0.765445 0.000000
v 4.111877 0.767000 0.000000
v 4.125697 0.768111 0.000000
v 4.139655 0.768778 0.000000
v 4.153752 0.769000 0.000000
v 4.168006 0.768778 0.000000
v 4.182100 0.768111 0.000000
v 4.196034 0.767000 0.000000
v 4.209808 0.765445 0.000000
v 4.223423 0.763445 0.000000
v 4.236878 0.761000 0.000000
v 4.250173 0.758111 0.000000
v 4.263308 0.754778 0.000000
v 4.276284 0.751000 0.000000
v 4.289099 0.746778 0.000000
v 4.301755 0.742111 0.000000
v 4.314252 0.737000 0.000000
v 4.326544 0.731497 0.000000
v 4.338586 0.725653 0.000000
v 4.350378 0.719469 0.000000
v 4.361919 0.712944 0.000000
v 4.373210 0.706080 0.000000
v 4.384252 0.698875 0.000000
v 4.395044 0.691330 0.000000
v 4.405586 0.683444 0.000000
v 4.415878 0.675219 0.000000
v 4.425919 0.666653 0.000000
v 4.435710 0.657747 0.000000
v 4.445252 0.648500 0.000000
v 4.454499 0.638958 0.000000
v 4.463405 0.629167 0.000000
v 4.471971 0.619125 0.000000
v 4.480196 0.608833 0.000000
v 4.488082 0.598292 0.000000
v 4.495628 0.587500 0.000000
v 4.502833 0.576458 0.000000
v 4.509697 0.565167 0.000000
v 4.516222 0.553625 0.000000
v 4.522405 0.541833 0.000000
v 4.528248 0.529792 0.000000
v 4.533752 0.517500 0.000000
v 4.538863 0.505004 0.000000
v 4.543529 0.492347 0.000000
v 4.547751 0.479531 0.000000
v 4.551528 0.466556 0.000000
v 4.554862 0.453420 0.000000
v 4.557750 0.440125 0.000000
v 4.560194 0.426670 0.000000
v 4.562194 0.413056 0.000000
v 4.563750 0.399281 0.000000
v 4.564861 0.385347 0.000000
v 4.565527 0.371253 0.000000
v 4.565753 0.357000 0.000000
v 4.565530 0.342903 0.000000
v 4.564864 0.328944 0.000000
v 4.563753 0.315125 0.000000
v 4.562197 0.301444 0.000000
v 4.560197 0.287903 0.000000
v 4.557753 0.274500 0.000000
v 4.554864 0.261236 0.000000
v 4.551531 0.248111 0.000000
v 4.547754 0.235125 0.000000
v 4.543532 0.222278 0.000000
v 4.538866 0.209569 0.000000
v 4.533752 0.197000 0.000000
v 4.528248 0.184628 0.000000
v 4.522404 0.172514 0.000000
v 4.516221 0.160656 0.000000
v 4.509696 0.149056 0.000000
v 4.502832 0.137712 0.000000
v 4.495627 0.126625 0.000000
v 4.488081 0.115795 0.000000
v 4.480196 0.105222 0.000000
v 4.471970 0.094906 0.000000
v 4.463404 0.084847 0.000000
v 4.454498 0.075045 0.000000
v 4.445252 0.065500 0.000000
v 4.435710 0.056253 0.000000
v 4.425919 0.047347 0.000000
v 4.415878 0.038781 0.000000
v 4.405586 0.030556 0.000000
v 4.395044 0.022670 0.000000
v 4.384252 0.015125 0.000000
v 4.373210 0.007920 0.000000
v 4.361919 0.001056 0.000000
v 4.350378 -0.005469 -0.000000
v 4.338586 -0.011653 -0.000000
v 4.326544 -0.017497 -0.000000
v 4.314252 -0.023000 -0.000000
v 4.301756 -0.028111 -0.000000
v 4.289100 -0.032778 -0.000000
v 4.276285 -0.037000 -0.000000
v 4.263309 -0.040778 -0.000000
v 4.250174 -0.044111 -0.000000
v 4.236879 -0.047000 -0.000000
v 4.223424 -0.049444 -0.000000
v 4.209809 -0.051444 -0.000000
v 4.196035 -0.053000 -0.000000
v 4.182101 -0.054111 -0.000000
v 4.168007 -0.054778 -0.000000
v 4.153752 0.001000 0.000000
v 4.166020 0.001191 0.000000
v 4.178155 0.001764 0.000000
v 4.190159 0.002719 0.000000
v 4.202031 0.004056 0.000000
v 4.213770 0.005774 0.000000
v 4.225378 0.007875 0.000000
v 4.236854 0.010358 0.000000
v 4.248198 0.013222 0.000000
v 4.259410 0.016469 0.000000
v 4.270490 0.020097 0.000000
v 4.281438 0.024108 0.000000
v 4.292252 0.028500 0.000000
v 4.302894 0.033233 0.000000
v 4.313322 0.038264 0.000000
v 4.323534 0.043594 0.000000
v 4.333530 0.049222 0.000000
v 4.343311 0.055149 0.000000
v 4.352877 0.061375 0.000000
v 4.362228 0.067899 0.000000
v 4.371363 0.074722 0.000000
v 4.380284 0.081844 0.000000
v 4.388989 0.089264 0.000000
v 4.397479 0.096983 0.000000
v 4.405753 0.105000 0.000000
v 4.413770 0.113274 0.000000
v 4.421489 0.121764 0.000000
v 4.428910 0.130469 0.000000
v 4.436031 0.139389 0.000000
v 4.442853 0.148524 0.000000
v 4.449378 0.157875 0.000000
v 4.455603 0.167441 0.000000
v 4.461530 0.177222 0.000000
v 4.467159 0.187219 0.000000
v 4.472489 0.197431 0.000000
v 4.477520 0.207858 0.000000
v 4.482253 0.218500 0.000000
v 4.486645 0.229316 0.000000
v 4.490655 0.240264 0.000000
v 4.494284 0.251344 0.000000
v 4.497530 0.262556 0.000000
v 4.500395 0.273899 0.000000
v 4.502878 0.285375 0.000000
v 4.504979 0.296983 0.000000
v 4.506697 0.308722 0.000000
v 4.508034 0.320594 0.000000
v 4.508989 0.332597 0.000000
v 4.509562 0.344733 0.000000
v 4.509753 0.357000 0.000000
v 4.509562 0.369267 0.000000
v 4.508989 0.381403 0.000000
v 4.508034 0.393406 0.000000
v 4.506697 0.405278 0.000000
v 4.504979 0.417017 0.000000
v 4.502878 0.428625 0.000000
v 4.500395 0.440101 0.000000
v 4.497530 0.451444 0.000000
v 4.494284 0.462656 0.000000
v 4.490655 0.473736 0.000000
v 4.486645 0.484684 0.000000
v 4.482253 0.495500 0.000000
v 4.477520 0.506142 0.000000
v 4.472488 0.516569 0.000000
v 4.467158 0.526781 0.000000
v 4.461529 0.536778 0.000000
v 4.455602 0.546559 0.000000
v 4.449377 0.556125 0.000000
v 4.442852 0.565476 0.000000
v 4.436030 0.574611 0.000000
v 4.428909 0.583531 0.000000
v 4.421488 0.592236 0.000000
v 4.413769 0.600726 0.000000
v 4.405753 0.609000 0.000000
v 4.397479 0.617017 0.000000
v 4.388989 0.624736 0.000000
v 4.380284 0.632156 0.000000
v 4.371363 0.639278 0.000000
v 4.362228 0.646101 0.000000
v 4.352877 0.652625 0.000000
v 4.343311 0.658851 0.000000
v 4.333530 0.664778 0.000000
v 4.323534 0.670406 0.000000
v 4.313322 0.675736 0.000000
v 4.302894 0.680767 0.000000
v 4.292252 0.685500 0.000000
v 4.281436 0.689892 0.000000
v 4.270488 0.693903 0.000000
v 4.259408 0.697531 0.000000
v 4.248197 0.700778 0.000000
v 4.236854 0.703642 0.000000
v 4.225378 0.706125 0.000000
v 4.213770 0.708226 0.000000
v 4.202031 0.709945 0.000000
v 4.190159 0.711281 0.000000
v 4.178156 0.712236 0.000000
v 4.166020 0.712809 0.000000
v 4.153752 0.713000 0.000000
v 4.141485 0.712809 0.000000
v 4.129350 0.712236 0.000000
v 4.117346 0.711281 0.000000
v 4.105475 0.709944 0.000000
v 4.093735 0.708226 0.000000
v 4.082128 0.706125 0.000000
v 4.070652 0.703642 0.000000
v 4.059308 0.700778 0.000000
v 4.048096 0.697531 0.000000
v 4.037016 0.693903 0.000000
v 4.026069 0.689892 0.000000
v 4.015253 0.685500 0.000000
v 4.004610 0.680767 0.000000
v 3.994183 0.675736 0.000000
v 3.983971 0.670406 0.000000
v 3.973975 0.664778 0.000000
v 3.964193 0.658851 0.000000
v 3.954628 0.652625 0.000000
v 3.945277 0.646101 0.000000
v 3.936141 0.639278 0.000000
v 3.927221 0.632156 0.000000
v 3.918517 0.624736 0.000000
v 3.910027 0.617017 0.000000
v 3.901752 0.609000 0.000000
v 3.893735 0.600726 0.000000
v 3.886016 0.592236 0.000000
v 3.878596 0.583531 0.000000
v 3.871475 0.574611 0.000000
v 3.864652 0.565476 0.000000
v 3.858128 0.556125 0.000000
v 3.851902 0.546559 0.000000
v 3.845975 0.536778 0.000000
v 3.840346 0.526781 0.000000
v 3.835017 0.516569 0.000000
v 3.829986 0.506142 0.000000
v 3.825253 0.495500 0.000000
v 3.820860 0.484684 0.000000
v 3.816850 0.473736 0.000000
v 3.813221 0.462656 0.000000
v 3.809975 0.451444 0.000000
v 3.807110 0.440101 0.000000
v 3.804628 0.428625 0.000000
v 3.802527 0.417017 0.000000
v 3.800808 0.405278 0.000000
v 3.799471 0.393406 0.000000
v 3.798517 0.381403 0.000000
v 3.797944 0.369267 0.000000
v 3.797752 0.357000 0.000000
v 3.797944 0.344733 0.000000
v 3.798517 0.332597 0.000000
v 3.799471 0.320594 0.000000
v 3.800808 0.308722 0.000000
v 3.802527 0.296983 0.000000
v 3.804628 0.285375 0.000000
v 3.807110 0.273899 0.000000
v 3.809975 0.262556 0.000000
v 3.813221 0.251344 0.000000
v 3.816850 0.240264 0.000000
v 3.820860 0.229316 0.000000
v 3.825253 0.218500 0.000000
v 3.829985 0.207858 0.000000
v 3.835016 0.197431 0.000000
v 3.840346 0.187219 0.000000
v 3.845974 0.177222 0.000000
v 3.851902 0.167441 0.000000
v 3.858127 0.157875 0.000000
v 3.864651 0.148524 0.000000
v 3.871474 0.139389 0.000000
v 3.878596 0.130469 0.000000
v 3.886016 0.121764 0.000000
v 3.893734 0.113274 0.000000
v 3.901752 0.105000 0.000000
v 3.910027 0.096983 0.000000
v 3.918516 0.089264 0.000000
v 3.927221 0.081844 0.000000
v 3.936141 0.074722 0.000000
v 3.945276 0.067899 0.000000
v 3.954627 0.061375 0.000000
v 3.964193 0.055149 0.000000
v 3.973974 0.049222 0.000000
v 3.983971 0.043594 0.000000
v 3.994183 0.038264 0.000000
v 4.004610 0.033233 0.000000
v 4.015253 0.028500 0.000000
v 4.026069 0.024108 0.000000
v 4.037016 0.020097 0.000000
v 4.048096 0.016469 0.000000
v 4.059308 0.013222 0.000000
v 4.070652 0.010358 0.000000
v 4.082128 0.007875 0.000000
v 4.093735 0.005774 0.000000
v 4.105475 0.004056 0.000000
v 4.117346 0.002719 0.000000
v 4.129350 0.001764 0.000000
v 4.141485 0.001191 0.000000
v 3.048752 0.449000 0.000000
v 3.048752 0.000000 0.000000
v 3.137753 0.000000 0.000000
v 3.137753 0.235000 0.000000
v 3.138732 0.253891 0.000000
v 3.141591 0.271958 0.000000
v 3.146206 0.289047 0.000000
v 3.152456 0.305000 0.000000
v 3.160221 0.319661 0.000000
v 3.169377 0.332875 0.000000
v 3.179805 0.344484 0.000000
v 3.191382 0.354333 0.000000
v 3.203987 0.362266 0.000000
v 3.217498 0.368125 0.000000
v 3.231793 0.371755 0.000000
v 3.246753 0.373000 0.000000
v 3.252282 0.372631 0.000000
v 3.258317 0.371546 0.000000
v 3.264784 0.369781 0.000000
v 3.271605 0.367370 0.000000
v 3.278703 0.364348 0.000000
v 3.286003 0.360750 0.000000
v 3.293427 0.356610 0.000000
v 3.300901 0.351963 0.000000
v 3.308347 0.346844 0.000000
v 3.315688 0.341287 0.000000
v 3.322849 0.335328 0.000000
v 3.329752 0.329000 0.000000
v 3.376752 0.406000 0.000000
v 3.367562 0.414376 0.000000
v 3.358479 0.422005 0.000000
v 3.349487 0.428891 0.000000
v 3.340567 0.435037 0.000000
v 3.331703 0.440447 0.000000
v 3.322877 0.445125 0.000000
v 3.314073 0.449074 0.000000
v 3.305271 0.452296 0.000000
v 3.296456 0.454797 0.000000
v 3.287609 0.456579 0.000000
v 3.278714 0.457645 0.000000
v 3.269753 0.458000 0.000000
v 3.259231 0.457305 0.000000
v 3.248664 0.455190 0.000000
v 3.238049 0.451609 0.000000
v 3.227382 0.446519 0.000000
v 3.216659 0.439872 0.000000
v 3.205877 0.431625 0.000000
v 3.195033 0.421732 0.000000
v 3.184123 0.410148 0.000000
v 3.173143 0.396828 0.000000
v 3.162090 0.381727 0.000000
v 3.150961 0.364799 0.000000
v 3.139752 0.346000 0.000000
v 3.137753 0.346000 0.000000
v 3.137753 0.449000 0.000000
v 2.700753 0.458000 0.000000
v 2.667940 0.455958 0.000000
v 2.636669 0.449995 0.000000
v 2.607190 0.440359 0.000000
v 2.579752 0.427296 0.000000
v 2.554606 0.411053 0.000000
v 2.532002 0.391875 0.000000
v 2.512190 0.370010 0.000000
v 2.495419 0.345704 0.000000
v 2.481940 0.319203 0.000000
v 2.472003 0.290755 0.000000
v 2.465857 0.260605 0.000000
v 2.463752 0.229000 0.000000
v 2.465780 0.195328 0.000000
v 2.471725 0.163454 0.000000
v 2.481377 0.133594 0.000000
v 2.494530 0.105963 0.000000
v 2.510974 0.080777 0.000000
v 2.530502 0.058250 0.000000
v 2.552905 0.038598 0.000000
v 2.577975 0.022037 0.000000
v 2.605503 0.008781 0.000000
v 2.635281 -0.000954 -0.000000
v 2.667100 -0.006953 -0.000000
v 2.700753 -0.009000 -0.000000
v 2.735784 -0.007029 -0.000000
v 2.768753 -0.001231 -0.000000
v 2.799471 0.008219 0.000000
v 2.827753 0.021148 0.000000
v 2.853409 0.037383 0.000000
v 2.876253 0.056750 0.000000
v 2.896096 0.079075 0.000000
v 2.912753 0.104185 0.000000
v 2.926034 0.131906 0.000000
v 2.935753 0.162065 0.000000
v 2.941721 0.194487 0.000000
v 2.943753 0.229000 0.000000
v 2.941664 0.261445 0.000000
v 2.935544 0.292144 0.000000
v 2.925612 0.320891 0.000000
v 2.912086 0.347482 0.000000
v 2.895185 0.371711 0.000000
v 2.875128 0.393375 0.000000
v 2.852133 0.412268 0.000000
v 2.826419 0.428185 0.000000
v 2.798206 0.440922 0.000000
v 2.767711 0.450273 0.000000
v 2.735154 0.456034 0.000000
v 2.699752 0.378000 0.000000
v 2.721459 0.376710 0.000000
v 2.741989 0.372931 0.000000
v 2.761206 0.366797 0.000000
v 2.778975 0.358444 0.000000
v 2.795161 0.348009 0.000000
v 2.809628 0.335625 0.000000
v 2.822241 0.321429 0.000000
v 2.832864 0.305556 0.000000
v 2.841362 0.288141 0.000000
v 2.847600 0.269320 0.000000
v 2.851442 0.249227 0.000000
v 2.852753 0.228000 0.000000
v 2.851537 0.204534 0.000000
v 2.847947 0.182690 0.000000
v 2.842065 0.162547 0.000000
v 2.833975 0.144185 0.000000
v 2.823760 0.127685 0.000000
v 2.811502 0.113125 0.000000
v 2.797287 0.100586 0.000000
v 2.781197 0.090148 0.000000
v 2.763315 0.081891 0.000000
v 2.743724 0.075894 0.000000
v 2.722509 0.072237 0.000000
v 2.699752 0.071000 0.000000
v 2.678833 0.072295 0.000000
v 2.659151 0.076106 0.000000
v 2.640815 0.082328 0.000000
v 2.623938 0.090852 0.000000
v 2.608630 0.101570 0.000000
v 2.595002 0.114375 0.000000
v 2.583167 0.129159 0.000000
v 2.573234 0.145815 0.000000
v 2.565315 0.164234 0.000000
v 2.559521 0.184310 0.000000
v 2.555963 0.205935 0.000000
v 2.554752 0.229000 0.000000
v 2.556001 0.249998 0.000000
v 2.559660 0.269898 0.000000
v 2.565596 0.288563 0.000000
v 2.573678 0.305852 0.000000
v 2.583775 0.321627 0.000000
v 2.595753 0.335750 0.000000
v 2.609481 0.348081 0.000000
v 2.624827 0.358482 0.000000
v 2.641659 0.366813 0.000000
v 2.659845 0.372935 0.000000
v 2.679254 0.376711 0.000000
v 2.108753 0.130000 0.000000
v 2.095771 0.121795 0.000000
v 2.082818 0.114194 0.000000
v 2.069878 0.107219 0.000000
v 2.056938 0.100889 0.000000
v 2.043984 0.095226 0.000000
v 2.031003 0.090250 0.000000
v 2.017979 0.085983 0.000000
v 2.004900 0.082444 0.000000
v 1.991752 0.079656 0.000000
v 1.978521 0.077639 0.000000
v 1.965192 0.076413 0.000000
v 1.951753 0.076000 0.000000
v 1.930983 0.076957 0.000000
v 1.911679 0.079819 0.000000
v 1.893847 0.084578 0.000000
v 1.877493 0.091222 0.000000
v 1.862627 0.099741 0.000000
v 1.849253 0.110125 0.000000
v 1.837379 0.122363 0.000000
v 1.827012 0.136444 0.000000
v 1.818159 0.152359 0.000000
v 1.810827 0.170097 0.000000
v 1.805022 0.189648 0.000000
v 1.800753 0.211000 0.000000
v 2.116753 0.211000 0.000000
v 2.115189 0.250731 0.000000
v 2.110572 0.286935 0.000000
v 2.103018 0.319625 0.000000
v 2.092641 0.348815 0.000000
v 2.079556 0.374519 0.000000
v 2.063878 0.396750 0.000000
v 2.045720 0.415523 0.000000
v 2.025197 0.430852 0.000000
v 2.002424 0.442750 0.000000
v 1.977516 0.451232 0.000000
v 1.950587 0.456310 0.000000
v 1.921752 0.458000 0.000000
v 1.891572 0.456111 0.000000
v 1.863142 0.450556 0.000000
v 1.836627 0.441500 0.000000
v 1.812197 0.429111 0.000000
v 1.790016 0.413556 0.000000
v 1.770252 0.395000 0.000000
v 1.753072 0.373611 0.000000
v 1.738641 0.349556 0.000000
v 1.727128 0.323000 0.000000
v 1.718697 0.294111 0.000000
v 1.713517 0.263056 0.000000
v 1.711752 0.230000 0.000000
v 1.713368 0.199249 0.000000
v 1.718178 0.169241 0.000000
v 1.726127 0.140344 0.000000
v 1.737160 0.112926 0.000000
v 1.751220 0.087355 0.000000
v 1.768252 0.064000 0.000000
v 1.788201 0.043228 0.000000
v 1.811011 0.025407 0.000000
v 1.836627 0.010906 0.000000
v 1.864993 0.000093 0.000000
v 1.896053 -0.006665 -0.000000
v 1.929752 -0.009000 -0.000000
v 1.948208 -0.008645 -0.000000
v 1.965651 -0.007574 -0.000000
v 1.982190 -0.005781 -0.000000
v 1.997938 -0.003259 -0.000000
v 2.013005 -0.000001 -0.000000
v 2.027503 0.004000 0.000000
v 2.041542 0.008751 0.000000
v 2.055234 0.014259 0.000000
v 2.068690 0.020531 0.000000
v 2.082021 0.027574 0.000000
v 2.095338 0.035395 0.000000
v 2.108753 0.044000 0.000000
v 1.802752 0.270000 0.000000
v 1.806355 0.287099 0.000000
v 1.811160 0.302875 0.000000
v 1.817159 0.317297 0.000000
v 1.824345 0.330333 0.000000
v 1.832712 0.341953 0.000000
v 1.842253 0.352125 0.000000
v 1.852960 0.360818 0.000000
v 1.864827 0.368000 0.000000
v 1.877847 0.373641 0.000000
v 1.892012 0.377708 0.000000
v 1.907317 0.380172 0.000000
v 1.923752 0.381000 0.000000
v 1.938995 0.380115 0.000000
v 1.953197 0.377500 0.000000
v 1.966315 0.373219 0.000000
v 1.978308 0.367333 0.000000
v 1.989135 0.359906 0.000000
v 1.998753 0.351000 0.000000
v 2.007121 0.340677 0.000000
v 2.014197 0.329000 0.000000
v 2.019940 0.316031 0.000000
v 2.024308 0.301833 0.000000
v 2.027259 0.286469 0.000000
v 2.028752 0.270000 0.000000
v 1.625752 0.427000 0.000000
v 1.615155 0.431601 0.000000
v 1.604804 0.435894 0.000000
v 1.594612 0.439859 0.000000
v 1.584494 0.443482 0.000000
v 1.574361 0.446743 0.000000
v 1.564128 0.449625 0.000000
v 1.553707 0.452112 0.000000
v 1.543012 0.454185 0.000000
v 1.531956 0.455828 0.000000
v 1.520452 0.457023 0.000000
v 1.508413 0.457753 0.000000
v 1.495752 0.458000 0.000000
v 1.462815 0.456065 0.000000
v 1.432086 0.450352 0.000000
v 1.403690 0.441000 0.000000
v 1.377752 0.428148 0.000000
v 1.354398 0.411935 0.000000
v 1.333753 0.392500 0.000000
v 1.315940 0.369981 0.000000
v 1.301086 0.344519 0.000000
v 1.289315 0.316250 0.000000
v 1.280753 0.285315 0.000000
v 1.275524 0.251852 0.000000
v 1.273752 0.216000 0.000000
v 1.275679 0.183844 0.000000
v 1.281335 0.153500 0.000000
v 1.290533 0.125156 0.000000
v 1.303085 0.099000 0.000000
v 1.318804 0.075219 0.000000
v 1.337502 0.054000 0.000000
v 1.358992 0.035531 0.000000
v 1.383085 0.020000 0.000000
v 1.409595 0.007594 0.000000
v 1.438335 -0.001500 -0.000000
v 1.469116 -0.007094 -0.000000
v 1.501752 -0.009000 -0.000000
v 1.513690 -0.008756 -0.000000
v 1.525915 -0.008046 -0.000000
v 1.538300 -0.006906 -0.000000
v 1.550715 -0.005370 -0.000000
v 1.563035 -0.003473 -0.000000
v 1.575128 -0.001250 -0.000000
v 1.586866 0.001265 0.000000
v 1.598123 0.004037 0.000000
v 1.608768 0.007031 0.000000
v 1.618674 0.010213 0.000000
v 1.627711 0.013547 0.000000
v 1.635752 0.017000 0.000000
v 1.635752 0.105000 0.000000
v 1.624683 0.100208 0.000000
v 1.613951 0.095833 0.000000
v 1.603518 0.091875 0.000000
v 1.593345 0.088333 0.000000
v 1.583394 0.085208 0.000000
v 1.573627 0.082500 0.000000
v 1.564006 0.080208 0.000000
v 1.554493 0.078333 0.000000
v 1.545049 0.076875 0.000000
v 1.535636 0.075833 0.000000
v 1.526217 0.075208 0.000000
v 1.516752 0.075000 0.000000
v 1.494435 0.076156 0.000000
v 1.473549 0.079579 0.000000
v 1.454190 0.085203 0.000000
v 1.436457 0.092963 0.000000
v 1.420445 0.102792 0.000000
v 1.406253 0.114625 0.000000
v 1.393978 0.128395 0.000000
v 1.383716 0.144037 0.000000
v 1.375566 0.161484 0.000000
v 1.369623 0.180671 0.000000
v 1.365987 0.201532 0.000000
v 1.364752 0.224000 0.000000
v 1.365901 0.246107 0.000000
v 1.369276 0.266856 0.000000
v 1.374768 0.286141 0.000000
v 1.382271 0.303852 0.000000
v 1.391677 0.319883 0.000000
v 1.402878 0.334125 0.000000
v 1.415766 0.346472 0.000000
v 1.430234 0.356815 0.000000
v 1.446175 0.365047 0.000000
v 1.463480 0.371060 0.000000
v 1.482041 0.374747 0.000000
v 1.501752 0.376000 0.000000
v 1.511411 0.375784 0.000000
v 1.520937 0.375102 0.000000
v 1.530408 0.373906 0.000000
v 1.539900 0.372148 0.000000
v 1.549489 0.369779 0.000000
v 1.559252 0.366750 0.000000
v 1.569265 0.363013 0.000000
v 1.579604 0.358519 0.000000
v 1.590346 0.353219 0.000000
v 1.601567 0.347065 0.000000
v 1.613343 0.340008 0.000000
v 1.625752 0.332000 0.000000
v 1.216753 0.080000 0.000000
v 1.211798 0.076377 0.000000
v 1.206952 0.073014 0.000000
v 1.202237 0.069922 0.000000
v 1.197678 0.067111 0.000000
v 1.193300 0.064592 0.000000
v 1.189127 0.062375 0.000000
v 1.185184 0.060470 0.000000
v 1.181493 0.058889 0.000000
v 1.178081 0.057641 0.000000
v 1.174970 0.056736 0.000000
v 1.172186 0.056186 0.000000
v 1.169752 0.056000 0.000000
v 1.167107 0.056128 0.000000
v 1.164674 0.056523 0.000000
v 1.162456 0.057203 0.000000
v 1.160456 0.058185 0.000000
v 1.158679 0.059487 0.000000
v 1.157127 0.061125 0.000000
v 1.155805 0.063117 0.000000
v 1.154716 0.065481 0.000000
v 1.153862 0.068234 0.000000
v 1.153248 0.071394 0.000000
v 1.152877 0.074976 0.000000
v 1.152752 0.079000 0.000000
v 1.152752 0.310000 0.000000
v 1.151283 0.334339 0.000000
v 1.146998 0.356380 0.000000
v 1.140080 0.376156 0.000000
v 1.130715 0.393704 0.000000
v 1.119086 0.409057 0.000000
v 1.105377 0.422250 0.000000
v 1.089772 0.433318 0.000000
v 1.072456 0.442296 0.000000
v 1.053612 0.449219 0.000000
v 1.033424 0.454120 0.000000
v 1.012076 0.457036 0.000000
v 0.989752 0.458000 0.000000
v 0.973835 0.457583 0.000000
v 0.958576 0.456329 0.000000
v 0.943971 0.454234 0.000000
v 0.930011 0.451296 0.000000
v 0.916691 0.447511 0.000000
v 0.904002 0.442875 0.000000
v 0.891939 0.437385 0.000000
v 0.880493 0.431037 0.000000
v 0.869658 0.423828 0.000000
v 0.859428 0.415755 0.000000
v 0.849795 0.406813 0.000000
v 0.840752 0.397000 0.000000
v 0.840752 0.300000 0.000000
v 0.851644 0.312170 0.000000
v 0.862799 0.323190 0.000000
v 0.874190 0.333078 0.000000
v 0.885789 0.341852 0.000000
v 0.897570 0.349528 0.000000
v 0.909503 0.356125 0.000000
v 0.921560 0.361659 0.000000
v 0.933715 0.366148 0.000000
v 0.945940 0.369609 0.000000
v 0.958206 0.372060 0.000000
v 0.970486 0.373518 0.000000
v 0.982752 0.374000 0.000000
v 0.995690 0.373515 0.000000
v 1.007503 0.372037 0.000000
v 1.018190 0.369531 0.000000
v 1.027752 0.365963 0.000000
v 1.036190 0.361297 0.000000
v 1.043502 0.355500 0.000000
v 1.049690 0.348536 0.000000
v 1.054752 0.340370 0.000000
v 1.058690 0.330969 0.000000
v 1.061502 0.320296 0.000000
v 1.063190 0.308318 0.000000
v 1.063752 0.295000 0.000000
v 1.063752 0.271000 0.000000
v 0.984752 0.243000 0.000000
v 0.966617 0.236444 0.000000
v 0.948419 0.229634 0.000000
v 0.930471 0.222359 0.000000
v 0.913085 0.214407 0.000000
v 0.896575 0.205567 0.000000
v 0.881252 0.195625 0.000000
v 0.867429 0.184371 0.000000
v 0.855419 0.171593 0.000000
v 0.845533 0.157078 0.000000
v 0.838086 0.140616 0.000000
v 0.833388 0.121994 0.000000
v 0.831752 0.101000 0.000000
v 0.832656 0.086652 0.000000
v 0.835317 0.072713 0.000000
v 0.839659 0.059344 0.000000
v 0.845604 0.046704 0.000000
v 0.853078 0.034953 0.000000
v 0.862003 0.024250 0.000000
v 0.872303 0.014756 0.000000
v 0.883901 0.006630 0.000000
v 0.896722 0.000031 0.000000
v 0.910688 -0.004880 -0.000000
v 0.925725 -0.007943 -0.000000
v 0.941752 -0.009000 -0.000000
v 0.952001 -0.008687 -0.000000
v 0.962243 -0.007745 -0.000000
v 0.972471 -0.006172 -0.000000
v 0.982678 -0.003963 -0.000000
v 0.992858 -0.001115 -0.000000
v 1.003003 0.002375 0.000000
v 1.013106 0.006511 0.000000
v 1.023160 0.011296 0.000000
v 1.033159 0.016734 0.000000
v 1.043096 0.022829 0.000000
v 1.052962 0.029583 0.000000
v 1.062752 0.037000 0.000000
v 1.065026 0.029373 0.000000
v 1.067859 0.022481 0.000000
v 1.071268 0.016312 0.000000
v 1.075271 0.010852 0.000000
v 1.079885 0.006086 0.000000
v 1.085127 0.002000 0.000000
v 1.091016 -0.001419 -0.000000
v 1.097567 -0.004185 -0.000000
v 1.104799 -0.006313 -0.000000
v 1.112729 -0.007815 -0.000000
v 1.121374 -0.008706 -0.000000
v 1.130752 -0.009000 -0.000000
v 1.137543 -0.008827 -0.000000
v 1.143998 -0.008282 -0.000000
v 1.150237 -0.007328 -0.000000
v 1.156382 -0.005926 -0.000000
v 1.162555 -0.004038 -0.000000
v 1.168878 -0.001625 -0.000000
v 1.175471 0.001350 0.000000
v 1.182456 0.004926 0.000000
v 1.189956 0.009141 0.000000
v 1.198091 0.014032 0.000000
v 1.206983 0.019639 0.000000
v 1.216753 0.026000 0.000000
v 1.063752 0.091000 0.000000
v 1.057711 0.085440 0.000000
v 1.051586 0.080273 0.000000
v 1.045377 0.075516 0.000000
v 1.039085 0.071185 0.000000
v 1.032711 0.067299 0.000000
v 1.026252 0.063875 0.000000
v 1.019711 0.060930 0.000000
v 1.013085 0.058481 0.000000
v 1.006377 0.056547 0.000000
v 0.999586 0.055144 0.000000
v 0.992711 0.054289 0.000000
v 0.985752 0.054000 0.000000
v 0.976720 0.054533 0.000000
v 0.968164 0.056097 0.000000
v 0.960143 0.058641 0.000000
v 0.952715 0.062111 0.000000
v 0.945940 0.066457 0.000000
v 0.939878 0.071625 0.000000
v 0.934585 0.077564 0.000000
v 0.930123 0.084222 0.000000
v 0.926549 0.091547 0.000000
v 0.923924 0.099486 0.000000
v 0.922305 0.107988 0.000000
v 0.921752 0.117000 0.000000
v 0.923095 0.129703 0.000000
v 0.926993 0.141375 0.000000
v 0.933253 0.152109 0.000000
v 0.941679 0.162000 0.000000
v 0.952076 0.171141 0.000000
v 0.964252 0.179625 0.000000
v 0.978012 0.187547 0.000000
v 0.993160 0.195000 0.000000
v 1.009502 0.202078 0.000000
v 1.026845 0.208875 0.000000
v 1.044993 0.215484 0.000000
v 1.063752 0.222000 0.000000
v 0.451752 0.011000 0.000000
v 0.460112 0.007666 0.000000
v 0.468211 0.004657 0.000000
v 0.476080 0.001969 0.000000
v 0.483752 -0.000407 -0.000000
v 0.491258 -0.002478 -0.000000
v 0.498628 -0.004250 -0.000000
v 0.505893 -0.005730 -0.000000
v 0.513086 -0.006926 -0.000000
v 0.520237 -0.007844 -0.000000
v 0.527378 -0.008491 -0.000000
v 0.534539 -0.008874 -0.000000
v 0.541752 -0.009000 -0.000000
v 0.574178 -0.007053 -0.000000
v 0.604822 -0.001338 -0.000000
v 0.633487 0.007953 0.000000
v 0.659975 0.020630 0.000000
v 0.684087 0.036501 0.000000
v 0.705627 0.055375 0.000000
v 0.724397 0.077062 0.000000
v 0.740197 0.101370 0.000000
v 0.752831 0.128109 0.000000
v 0.762100 0.157088 0.000000
v 0.767807 0.188115 0.000000
v 0.769753 0.221000 0.000000
v 0.767907 0.256576 0.000000
v 0.762401 0.289278 0.000000
v 0.753284 0.319063 0.000000
v 0.740604 0.345889 0.000000
v 0.724411 0.369715 0.000000
v 0.704752 0.390500 0.000000
v 0.681677 0.408201 0.000000
v 0.655234 0.422778 0.000000
v 0.625471 0.434188 0.000000
v 0.592438 0.442389 0.000000
v 0.556182 0.447340 0.000000
v 0.516752 0.449000 0.000000
v 0.362752 0.449000 0.000000
v 0.362752 -0.230000 -0.000000
v 0.451752 -0.230000 -0.000000
v 0.451752 0.369000 0.000000
v 0.532753 0.369000 0.000000
v 0.556002 0.367884 0.000000
v 0.577248 0.364569 0.000000
v 0.596487 0.359109 0.000000
v 0.613715 0.351556 0.000000
v 0.628930 0.341960 0.000000
v 0.642128 0.330375 0.000000
v 0.653304 0.316852 0.000000
v 0.662457 0.301445 0.000000
v 0.669581 0.284203 0.000000
v 0.674674 0.265181 0.000000
v 0.677732 0.244429 0.000000
v 0.678752 0.222000 0.000000
v 0.677524 0.200753 0.000000
v 0.673923 0.180606 0.000000
v 0.668080 0.161703 0.000000
v 0.660122 0.144185 0.000000
v 0.650178 0.128195 0.000000
v 0.638377 0.113875 0.000000
v 0.624846 0.101367 0.000000
v 0.609715 0.090815 0.000000
v 0.593111 0.082359 0.000000
v 0.575164 0.076144 0.000000
v 0.556001 0.072310 0.000000
v 0.535752 0.071000 0.000000
v 0.528733 0.071145 0.000000
v 0.521683 0.071579 0.000000
v 0.514612 0.072297 0.000000
v 0.507530 0.073296 0.000000
v 0.500449 0.074574 0.000000
v 0.493378 0.076125 0.000000
v 0.486327 0.077947 0.000000
v 0.479308 0.080037 0.000000
v 0.472331 0.082391 0.000000
v 0.465405 0.085005 0.000000
v 0.458542 0.087876 0.000000
v 0.451752 0.091000 0.000000
v 0.246752 0.643000 0.000000
v 0.234671 0.650667 0.000000
v 0.222437 0.657667 0.000000
v 0.210065 0.664000 0.000000
v 0.197567 0.669667 0.000000
v 0.184958 0.674667 0.000000
v 0.172252 0.679000 0.000000
v 0.159463 0.682667 0.000000
v 0.146604 0.685667 0.000000
v 0.133690 0.688000 0.000000
v 0.120733 0.689667 0.000000
v 0.107750 0.690667 0.000000
v 0.094752 0.691000 0.000000
v 0.064420 0.689539 0.000000
v 0.036016 0.685227 0.000000
v 0.009674 0.678172 0.000000
v -0.014470 0.668482 0.000000
v -0.036281 0.656263 0.000000
v -0.055623 0.641625 0.000000
v -0.072361 0.624674 0.000000
v -0.086359 0.605519 0.000000
v -0.097482 0.584266 0.000000
v -0.105595 0.561023 0.000000
v -0.110562 0.535899 0.000000
v -0.112248 0.509000 0.000000
v -0.106444 0.465641 0.000000
v -0.090396 0.428380 0.000000
v -0.066154 0.396187 0.000000
v -0.035767 0.368037 0.000000
v -0.001282 0.342900 0.000000
v 0.035252 0.319750 0.000000
v 0.071785 0.297558 0.000000
v 0.106270 0.275296 0.000000
v 0.136658 0.251937 0.000000
v 0.160900 0.226454 0.000000
v 0.176947 0.197817 0.000000
v 0.182752 0.165000 0.000000
v 0.182019 0.155325 0.000000
v 0.179808 0.145435 0.000000
v 0.176096 0.135531 0.000000
v 0.170863 0.125815 0.000000
v 0.164089 0.116487 0.000000
v 0.155752 0.107750 0.000000
v 0.145832 0.099804 0.000000
v 0.134308 0.092852 0.000000
v 0.121159 0.087094 0.000000
v 0.106364 0.082731 0.000000
v 0.089902 0.079966 0.000000
v 0.071752 0.079000 0.000000
v 0.055091 0.079726 0.000000
v 0.038627 0.081889 0.000000
v 0.022393 0.085469 0.000000
v 0.006419 0.090444 0.000000
v -0.009264 0.096795 0.000000
v -0.024623 0.104500 0.000000
v -0.039628 0.113538 0.000000
v -0.054248 0.123889 0.000000
v -0.068451 0.135531 0.000000
v -0.082206 0.148444 0.000000
v -0.095482 0.162608 0.000000
v -0.108248 0.178000 0.000000
v -0.108248 0.054000 0.000000
v -0.093929 0.043727 0.000000
v -0.079447 0.034403 0.000000
v -0.064764 0.026016 0.000000
v -0.049840 0.018556 0.000000
v -0.034640 0.012012 0.000000
v -0.019123 0.006375 0.000000
v -0.003252 0.001634 0.000000
v 0.013011 -0.002222 -0.000000
v 0.029705 -0.005203 -0.000000
v 0.046868 -0.007319 -0.000000
v 0.064538 -0.008582 -0.000000
v 0.082752 -0.009000 -0.000000
v 0.109618 -0.007403 -0.000000
v 0.135095 -0.002727 -0.000000
v 0.159002 0.004859 0.000000
v 0.181160 0.015185 0.000000
v 0.201387 0.028080 0.000000
v 0.219502 0.043375 0.000000
v 0.235327 0.060899 0.000000
v 0.248678 0.080481 0.000000
v 0.259377 0.101953 0.000000
v 0.267243 0.125144 0.000000
v 0.272095 0.149883 0.000000
v 0.273752 0.176000 0.000000
v 0.267948 0.225891 0.000000
v 0.251900 0.267880 0.000000
v 0.227658 0.303187 0.000000
v 0.197271 0.333037 0.000000
v 0.162786 0.358650 0.000000
v 0.126252 0.381250 0.000000
v 0.089719 0.402058 0.000000
v 0.055234 0.422296 0.000000
v 0.024846 0.443187 0.000000
v 0.000604 0.465954 0.000000
v -0.015443 0.491817 0.000000
v -0.021248 0.522000 0.000000
v -0.020326 0.533677 0.000000
v -0.017623 0.544667 0.000000
v -0.013232 0.554906 0.000000
v -0.007248 0.564333 0.000000
v 0.000237 0.572885 0.000000
v 0.009127 0.580500 0.000000
v 0.019331 0.587115 0.000000
v 0.030752 0.592667 0.000000
v 0.043299 0.597094 0.000000
v 0.056877 0.600333 0.000000
v 0.071393 0.602323 0.000000
v 0.086752 0.603000 0.000000
v 0.098456 0.602653 0.000000
v 0.110548 0.601560 0.000000
v 0.123002 0.599641 0.000000
v 0.135789 0.596815 0.000000
v 0.148882 0.593003 0.000000
v 0.162252 0.588125 0.000000
v 0.175873 0.582101 0.000000
v 0.189715 0.574852 0.000000
v 0.203752 0.566297 0.000000
v 0.217956 0.556357 0.000000
v 0.232299 0.544951 0.000000
v 0.246752 0.532000 0.000000
v -0.709248 0.458000 0.000000
v -0.742061 0.455958 0.000000
v -0.773331 0.449995 0.000000
v -0.802811 0.440359 0.000000
v -0.830248 0.427296 0.000000
v -0.855394 0.411053 0.000000
v -0.877998 0.391875 0.000000
v -0.897811 0.370010 0.000000
v -0.914582 0.345704 0.000000
v -0.928061 0.319203 0.000000
v -0.937998 0.290755 0.000000
v -0.944144 0.260605 0.000000
v -0.946248 0.229000 0.000000
v -0.944220 0.195328 0.000000
v -0.938276 0.163454 0.000000
v -0.928623 0.133594 0.000000
v -0.915470 0.105963 0.000000
v -0.899026 0.080777 0.000000
v -0.879498 0.058250 0.000000
v -0.857095 0.038598 0.000000
v -0.832026 0.022037 0.000000
v -0.804498 0.008781 0.000000
v -0.774720 -0.000954 -0.000000
v -0.742901 -0.006953 -0.000000
v -0.709248 -0.009000 -0.000000
v -0.674217 -0.007029 -0.000000
v -0.641248 -0.001231 -0.000000
v -0.610529 0.008219 0.000000
v -0.582248 0.021148 0.000000
v -0.556592 0.037383 0.000000
v -0.533748 0.056750 0.000000
v -0.513904 0.079075 0.000000
v -0.497248 0.104185 0.000000
v -0.483967 0.131906 0.000000
v -0.474248 0.162065 0.000000
v -0.468279 0.194487 0.000000
v -0.466248 0.229000 0.000000
v -0.468337 0.261445 0.000000
v -0.474456 0.292144 0.000000
v -0.484389 0.320891 0.000000
v -0.497915 0.347482 0.000000
v -0.514816 0.371711 0.000000
v -0.534873 0.393375 0.000000
v -0.557868 0.412268 0.000000
v -0.583581 0.428185 0.000000
v -0.611794 0.440922 0.000000
v -0.642289 0.450273 0.000000
v -0.674846 0.456034 0.000000
v -0.710248 0.378000 0.000000
v -0.688541 0.376710 0.000000
v -0.668012 0.372931 0.000000
v -0.648795 0.366797 0.000000
v -0.631026 0.358444 0.000000
v -0.614840 0.348009 0.000000
v -0.600373 0.335625 0.000000
v -0.587760 0.321429 0.000000
v -0.577137 0.305556 0.000000
v -0.568639 0.288141 0.000000
v -0.562401 0.269320 0.000000
v -0.558559 0.249227 0.000000
v -0.557248 0.228000 0.000000
v -0.558463 0.204534 0.000000
v -0.562054 0.182690 0.000000
v -0.567936 0.162547 0.000000
v -0.576026 0.144185 0.000000
v -0.586241 0.127685 0.000000
v -0.598498 0.113125 0.000000
v -0.612713 0.100586 0.000000
v -0.628803 0.090148 0.000000
v -0.646685 0.081891 0.000000
v -0.666276 0.075894 0.000000
v -0.687491 0.072237 0.000000
v -0.710248 0.071000 0.000000
v -0.731167 0.072295 0.000000
v -0.750850 0.076106 0.000000
v -0.769186 0.082328 0.000000
v -0.786063 0.090852 0.000000
v -0.801371 0.101570 0.000000
v -0.814998 0.114375 0.000000
v -0.826834 0.129159 0.000000
v -0.836766 0.145815 0.000000
v -0.844686 0.164234 0.000000
v -0.850480 0.184310 0.000000
v -0.854038 0.205935 0.000000
v -0.855248 0.229000 0.000000
v -0.853999 0.249998 0.000000
v -0.850341 0.269898 0.000000
v -0.844404 0.288563 0.000000
v -0.836322 0.305852 0.000000
v -0.826226 0.321627 0.000000
v -0.814248 0.335750 0.000000
v -0.800520 0.348081 0.000000
v -0.785174 0.358482 0.000000
v -0.768342 0.366813 0.000000
v -0.750156 0.372935 0.000000
v -0.730747 0.376711 0.000000
v -0.999248 0.682000 0.000000
v -1.569248 0.682000 0.000000
v -1.569248 0.594000 0.000000
v -1.333248 0.594000 0.000000
v -1.333248 0.000000 0.000000
v -1.235248 0.000000 0.000000
v -1.235248 0.594000 0.000000
v -0.999248 0.594000 0.000000
v -2.214248 0.682000 0.000000
v -2.303248 0.682000 0.000000
v -2.303248 0.000000 0.000000
v -2.214248 0.000000 0.000000
v -2.214248 0.322000 0.000000
v -2.203967 0.333152 0.000000
v -2.194077 0.343134 0.000000
v -2.184514 0.351984 0.000000
v -2.175211 0.359741 0.000000
v -2.166103 0.366442 0.000000
v -2.157123 0.372125 0.000000
v -2.148206 0.376829 0.000000
v -2.139286 0.380593 0.000000
v -2.130295 0.383453 0.000000
v -2.121170 0.385449 0.000000
v -2.111843 0.386619 0.000000
v -2.102248 0.387000 0.000000
v -2.089173 0.386116 0.000000
v -2.076980 0.383509 0.000000
v -2.065717 0.379250 0.000000
v -2.055433 0.373407 0.000000
v -2.046177 0.366051 0.000000
v -2.037998 0.357250 0.000000
v -2.030944 0.347074 0.000000
v -2.025063 0.335593 0.000000
v -2.020404 0.322875 0.000000
v -2.017016 0.308991 0.000000
v -2.014948 0.294009 0.000000
v -2.014248 0.278000 0.000000
v -2.014248 0.000000 0.000000
v -1.925248 0.000000 0.000000
v -1.925248 0.275000 0.000000
v -1.926578 0.304439 0.000000
v -1.930470 0.331264 0.000000
v -1.936779 0.355484 0.000000
v -1.945359 0.377111 0.000000
v -1.956064 0.396155 0.000000
v -1.968748 0.412625 0.000000
v -1.983266 0.426533 0.000000
v -1.999470 0.437889 0.000000
v -2.017217 0.446703 0.000000
v -2.036359 0.452986 0.000000
v -2.056752 0.456748 0.000000
v -2.078248 0.458000 0.000000
v -2.090739 0.457483 0.000000
v -2.103174 0.455949 0.000000
v -2.115498 0.453422 0.000000
v -2.127656 0.449926 0.000000
v -2.139591 0.445486 0.000000
v -2.151248 0.440125 0.000000
v -2.162572 0.433869 0.000000
v -2.173508 0.426741 0.000000
v -2.183998 0.418766 0.000000
v -2.193989 0.409968 0.000000
v -2.203424 0.400371 0.000000
v -2.212248 0.390000 0.000000
v -2.214248 0.390000 0.000000
v -2.425248 0.421000 0.000000
v -2.436917 0.426980 0.000000
v -2.448429 0.432421 0.000000
v -2.459795 0.437328 0.000000
v -2.471026 0.441704 0.000000
v -2.482132 0.445552 0.000000
v -2.493124 0.448875 0.000000
v -2.504011 0.451678 0.000000
v -2.514804 0.453963 0.000000
v -2.525514 0.455734 0.000000
v -2.536151 0.456995 0.000000
v -2.546726 0.457749 0.000000
v -2.557248 0.458000 0.000000
v -2.579067 0.457051 0.000000
v -2.599461 0.454241 0.000000
v -2.618342 0.449625 0.000000
v -2.635619 0.443259 0.000000
v -2.651201 0.435199 0.000000
v -2.664998 0.425500 0.000000
v -2.676921 0.414218 0.000000
v -2.686878 0.401407 0.000000
v -2.694780 0.387125 0.000000
v -2.700535 0.371426 0.000000
v -2.704055 0.354366 0.000000
v -2.705248 0.336000 0.000000
v -2.701116 0.307516 0.000000
v -2.689693 0.282292 0.000000
v -2.672436 0.259922 0.000000
v -2.650804 0.240000 0.000000
v -2.626255 0.222120 0.000000
v -2.600248 0.205875 0.000000
v -2.574241 0.190859 0.000000
v -2.549693 0.176667 0.000000
v -2.528061 0.162891 0.000000
v -2.510804 0.149125 0.000000
v -2.499380 0.134964 0.000000
v -2.495248 0.120000 0.000000
v -2.495859 0.112313 0.000000
v -2.497637 0.105250 0.000000
v -2.500498 0.098812 0.000000
v -2.504359 0.093000 0.000000
v -2.509137 0.087812 0.000000
v -2.514748 0.083250 0.000000
v -2.521109 0.079313 0.000000
v -2.528137 0.076000 0.000000
v -2.535748 0.073313 0.000000
v -2.543859 0.071250 0.000000
v -2.552387 0.069813 0.000000
v -2.561248 0.069000 0.000000
v -2.570596 0.069397 0.000000
v -2.580609 0.070593 0.000000
v -2.591248 0.072594 0.000000
v -2.602470 0.075407 0.000000
v -2.614234 0.079041 0.000000
v -2.626498 0.083500 0.000000
v -2.639221 0.088793 0.000000
v -2.652359 0.094926 0.000000
v -2.665874 0.101906 0.000000
v -2.679721 0.109741 0.000000
v -2.693860 0.118436 0.000000
v -2.708248 0.128000 0.000000
v -2.708248 0.032000 0.000000
v -2.694045 0.024891 0.000000
v -2.680373 0.018546 0.000000
v -2.667139 0.012938 0.000000
v -2.654248 0.008037 0.000000
v -2.641608 0.003817 0.000000
v -2.629123 0.000250 0.000000
v -2.616702 -0.002692 -0.000000
v -2.604249 -0.005037 -0.000000
v -2.591670 -0.006812 -0.000000
v -2.578873 -0.008046 -0.000000
v -2.565764 -0.008766 -0.000000
v -2.552248 -0.009000 -0.000000
v -2.531480 -0.007911 -0.000000
v -2.511771 -0.004708 -0.000000
v -2.493264 0.000516 0.000000
v -2.476100 0.007667 0.000000
v -2.460423 0.016651 0.000000
v -2.446373 0.027375 0.000000
v -2.434095 0.039745 0.000000
v -2.423730 0.053667 0.000000
v -2.415420 0.069047 0.000000
v -2.409308 0.085792 0.000000
v -2.405537 0.103807 0.000000
v -2.404248 0.123000 0.000000
v -2.404822 0.134207 0.000000
v -2.406591 0.144903 0.000000
v -2.409623 0.155203 0.000000
v -2.413989 0.165222 0.000000
v -2.419757 0.175075 0.000000
v -2.426998 0.184875 0.000000
v -2.435781 0.194738 0.000000
v -2.446174 0.204778 0.000000
v -2.458248 0.215109 0.000000
v -2.472072 0.225847 0.000000
v -2.487716 0.237106 0.000000
v -2.505248 0.249000 0.000000
v -2.523988 0.260052 0.000000
v -2.540753 0.270250 0.000000
v -2.555608 0.279656 0.000000
v -2.568619 0.288333 0.000000
v -2.579852 0.296344 0.000000
v -2.589373 0.303750 0.000000
v -2.597249 0.310615 0.000000
v -2.603545 0.317000 0.000000
v -2.608326 0.322969 0.000000
v -2.611660 0.328583 0.000000
v -2.613612 0.333906 0.000000
v -2.614248 0.339000 0.000000
v -2.613775 0.344848 0.000000
v -2.612378 0.350370 0.000000
v -2.610092 0.355531 0.000000
v -2.606952 0.360296 0.000000
v -2.602993 0.364631 0.000000
v -2.598248 0.368500 0.000000
v -2.592754 0.371869 0.000000
v -2.586545 0.374704 0.000000
v -2.579654 0.376969 0.000000
v -2.572119 0.378630 0.000000
v -2.563972 0.379652 0.000000
v -2.555248 0.380000 0.000000
v -2.546713 0.379705 0.000000
v -2.537632 0.378810 0.000000
v -2.528045 0.377297 0.000000
v -2.517989 0.375148 0.000000
v -2.507502 0.372347 0.000000
v -2.496623 0.368875 0.000000
v -2.485390 0.364716 0.000000
v -2.473841 0.359852 0.000000
v -2.462014 0.354266 0.000000
v -2.449947 0.347940 0.000000
v -2.437679 0.340857 0.000000
v -2.425248 0.333000 0.000000
v -2.812248 0.000000 0.000000
v -2.812248 0.449000 0.000000
v -2.901248 0.449000 0.000000
v -2.901248 0.128000 0.000000
v -2.908682 0.118148 0.000000
v -2.916466 0.109097 0.000000
v -2.924576 0.100859 0.000000
v -2.932989 0.093444 0.000000
v -2.941679 0.086863 0.000000
v -2.950623 0.081125 0.000000
v -2.959796 0.076241 0.000000
v -2.969174 0.072222 0.000000
v -2.978733 0.069078 0.000000
v -2.988447 0.066819 0.000000
v -2.998294 0.065457 0.000000
v -3.008248 0.065000 0.000000
v -3.022873 0.065745 0.000000
v -3.036243 0.067958 0.000000
v -3.048357 0.071609 0.000000
v -3.059211 0.076667 0.000000
v -3.068801 0.083099 0.000000
v -3.077123 0.090875 0.000000
v -3.084175 0.099964 0.000000
v -3.089952 0.110333 0.000000
v -3.094451 0.121953 0.000000
v -3.097670 0.134792 0.000000
v -3.099603 0.148818 0.000000
v -3.100248 0.164000 0.000000
v -3.100248 0.449000 0.000000
v -3.189248 0.449000 0.000000
v -3.189248 0.170000 0.000000
v -3.187936 0.142530 0.000000
v -3.184086 0.117157 0.000000
v -3.177826 0.093938 0.000000
v -3.169285 0.072926 0.000000
v -3.158591 0.054178 0.000000
v -3.145873 0.037750 0.000000
v -3.131259 0.023697 0.000000
v -3.114878 0.012074 0.000000
v -3.096858 0.002938 0.000000
v -3.077327 -0.003657 -0.000000
v -3.056414 -0.007655 -0.000000
v -3.034248 -0.009000 -0.000000
v -3.023095 -0.008465 -0.000000
v -3.011688 -0.006889 -0.000000
v -3.000108 -0.004312 -0.000000
v -2.988433 -0.000778 -0.000000
v -2.976745 0.003674 0.000000
v -2.965123 0.009000 0.000000
v -2.953647 0.015160 0.000000
v -2.942396 0.022111 0.000000
v -2.931451 0.029812 0.000000
v -2.920892 0.038222 0.000000
v -2.910797 0.047299 0.000000
v -2.901248 0.057000 0.000000
v -2.901248 0.000000 0.000000
v -3.689248 0.682000 0.000000
v -3.689248 0.000000 0.000000
v -3.591248 0.000000 0.000000
v -3.591248 0.295000 0.000000
v -3.489248 0.295000 0.000000
v -3.451532 0.296715 0.000000
v -3.417350 0.301718 0.000000
v -3.386654 0.309797 0.000000
v -3.359396 0.320741 0.000000
v -3.335527 0.334337 0.000000
v -3.314998 0.350375 0.000000
v -3.297761 0.368642 0.000000
v -3.283767 0.388926 0.000000
v -3.272967 0.411016 0.000000
v -3.265313 0.434699 0.000000
v -3.260756 0.459765 0.000000
v -3.259248 0.486000 0.000000
v -3.260673 0.512544 0.000000
v -3.264975 0.538019 0.000000
v -3.272201 0.562188 0.000000
v -3.282396 0.584815 0.000000
v -3.295605 0.605664 0.000000
v -3.311873 0.624500 0.000000
v -3.331245 0.641086 0.000000
v -3.353767 0.655185 0.000000
v -3.379483 0.666563 0.000000
v -3.408438 0.674982 0.000000
v -3.440678 0.680206 0.000000
v -3.476248 0.682000 0.000000
v -3.591248 0.594000 0.000000
v -3.476248 0.594000 0.000000
v -3.455270 0.592909 0.000000
v -3.436753 0.589769 0.000000
v -3.420576 0.584781 0.000000
v -3.406619 0.578148 0.000000
v -3.394758 0.570071 0.000000
v -3.384873 0.560750 0.000000
v -3.376842 0.550388 0.000000
v -3.370544 0.539185 0.000000
v -3.365858 0.527344 0.000000
v -3.362660 0.515065 0.000000
v -3.360831 0.502550 0.000000
v -3.360248 0.490000 0.000000
v -3.361215 0.473610 0.000000
v -3.364068 0.458463 0.000000
v -3.368733 0.444594 0.000000
v -3.375137 0.432037 0.000000
v -3.383208 0.420828 0.000000
v -3.392873 0.411000 0.000000
v -3.404059 0.402589 0.000000
v -3.416693 0.395630 0.000000
v -3.430701 0.390156 0.000000
v -3.446012 0.386204 0.000000
v -3.462552 0.383807 0.000000
v -3.480248 0.383000 0.000000
v -3.591248 0.383000 0.000000
v 4.024752 0.145000 0.224623
v 4.024752 0.574000 0.224623
v 4.156752 0.574000 0.224623
v 4.165964 0.573927 0.224623
v 4.174933 0.573708 0.224623
v 4.183659 0.573344 0.224623
v 4.192141 0.572833 0.224623
v 4.200381 0.572177 0.224623
v 4.208377 0.571375 0.224623
v 4.216131 0.570427 0.224623
v 4.223641 0.569333 0.224623
v 4.230909 0.568094 0.224623
v 4.237933 0.566708 0.224623
v 4.244714 0.565177 0.224623
v 4.251253 0.563500 0.224623
v 4.257537 0.561660 0.224623
v 4.263558 0.559639 0.224623
v 4.269315 0.557438 0.224623
v 4.274808 0.555056 0.224623
v 4.280037 0.552493 0.224623
v 4.285002 0.549750 0.224623
v 4.289704 0.546826 0.224623
v 4.294141 0.543722 0.224623
v 4.298315 0.540438 0.224623
v 4.302225 0.536972 0.224623
v 4.305871 0.533326 0.224623
v 4.309252 0.529500 0.224623
v 4.312367 0.525469 0.224623
v 4.315211 0.521208 0.224623
v 4.317784 0.516719 0.224623
v 4.320086 0.512000 0.224623
v 4.322117 0.507052 0.224623
v 4.323878 0.501875 0.224623
v 4.325367 0.496469 0.224623
v 4.326586 0.490833 0.224623
v 4.327534 0.484969 0.224623
v 4.328211 0.478875 0.224623
v 4.328618 0.472552 0.224623
v 4.328752 0.466000 0.224623
v 4.328585 0.459441 0.224623
v 4.328085 0.453097 0.224623
v 4.327252 0.446969 0.224623
v 4.326086 0.441056 0.224623
v 4.324585 0.435358 0.224623
v 4.322752 0.429875 0.224623
v 4.320586 0.424608 0.224623
v 4.318086 0.419556 0.224623
v 4.315253 0.414719 0.224623
v 4.312087 0.410097 0.224623
v 4.308587 0.405691 0.224623
v 4.304753 0.401500 0.224623
v 4.300586 0.397524 0.224623
v 4.296086 0.393764 0.224623
v 4.291253 0.390219 0.224623
v 4.286086 0.386889 0.224623
v 4.280586 0.383774 0.224623
v 4.274752 0.380875 0.224623
v 4.268586 0.378191 0.224623
v 4.262085 0.375722 0.224623
v 4.255252 0.373469 0.224623
v 4.248085 0.371431 0.224623
v 4.240586 0.369608 0.224623
v 4.232752 0.368000 0.224623
v 4.232752 0.376000 0.224623
v 4.238673 0.374781 0.224623
v 4.244433 0.373458 0.224623
v 4.250034 0.372031 0.224623
v 4.255475 0.370500 0.224623
v 4.260756 0.368865 0.224623
v 4.265877 0.367125 0.224623
v 4.270839 0.365281 0.224623
v 4.275641 0.363333 0.224623
v 4.280283 0.361281 0.224623
v 4.284766 0.359125 0.224623
v 4.289089 0.356865 0.224623
v 4.293252 0.354500 0.224623
v 4.297249 0.352035 0.224623
v 4.301073 0.349472 0.224623
v 4.304722 0.346813 0.224623
v 4.308198 0.344056 0.224623
v 4.311500 0.341201 0.224623
v 4.314628 0.338250 0.224623
v 4.317583 0.335201 0.224623
v 4.320364 0.332056 0.224623
v 4.322971 0.328813 0.224623
v 4.325405 0.325472 0.224623
v 4.327665 0.322035 0.224623
v 4.329752 0.318500 0.224623
v 4.331669 0.314865 0.224623
v 4.333419 0.311125 0.224623
v 4.335002 0.307281 0.224623
v 4.336419 0.303333 0.224623
v 4.337669 0.299281 0.224623
v 4.338752 0.295125 0.224623
v 4.339669 0.290865 0.224623
v 4.340418 0.286500 0.224623
v 4.341002 0.282031 0.224623
v 4.341419 0.277458 0.224623
v 4.341669 0.272781 0.224623
v 4.341753 0.268000 0.224623
v 4.341461 0.258510 0.224623
v 4.340586 0.249375 0.224623
v 4.339128 0.240594 0.224623
v 4.337086 0.232167 0.224623
v 4.334461 0.224094 0.224623
v 4.331253 0.216375 0.224623
v 4.327461 0.209010 0.224623
v 4.323085 0.202000 0.224623
v 4.318127 0.195344 0.224623
v 4.312585 0.189042 0.224623
v 4.306460 0.183094 0.224623
v 4.299753 0.177500 0.224623
v 4.292537 0.172309 0.224623
v 4.284892 0.167569 0.224623
v 4.276815 0.163281 0.224623
v 4.268308 0.159444 0.224623
v 4.259370 0.156059 0.224623
v 4.250002 0.153125 0.224623
v 4.240204 0.150642 0.224623
v 4.229975 0.148611 0.224623
v 4.219315 0.147031 0.224623
v 4.208225 0.145903 0.224623
v 4.196704 0.145226 0.224623
v 4.184752 0.145000 0.224623
v 4.093752 0.198000 0.224623
v 4.174752 0.198000 0.224623
v 4.182586 0.198132 0.224623
v 4.190086 0.198528 0.224623
v 4.197253 0.199188 0.224623
v 4.204086 0.200111 0.224623
v 4.210587 0.201299 0.224623
v 4.216753 0.202750 0.224623
v 4.222586 0.204465 0.224623
v 4.228086 0.206444 0.224623
v 4.233253 0.208687 0.224623
v 4.238086 0.211194 0.224623
v 4.242586 0.213965 0.224623
v 4.246752 0.217000 0.224623
v 4.250585 0.220292 0.224623
v 4.254085 0.223833 0.224623
v 4.257251 0.227625 0.224623
v 4.260085 0.231667 0.224623
v 4.262584 0.235958 0.224623
v 4.264751 0.240500 0.224623
v 4.266584 0.245292 0.224623
v 4.268084 0.250333 0.224623
v 4.269250 0.255625 0.224623
v 4.270084 0.261167 0.224623
v 4.270584 0.266958 0.224623
v 4.270752 0.273000 0.224623
v 4.270579 0.278712 0.224623
v 4.270058 0.284181 0.224623
v 4.269190 0.289406 0.224623
v 4.267975 0.294389 0.224623
v 4.266413 0.299128 0.224623
v 4.264504 0.303625 0.224623
v 4.262247 0.307878 0.224623
v 4.259642 0.311889 0.224623
v 4.256691 0.315656 0.224623
v 4.253392 0.319181 0.224623
v 4.249746 0.322462 0.224623
v 4.245753 0.325500 0.224623
v 4.241413 0.328295 0.224623
v 4.236725 0.330847 0.224623
v 4.231690 0.333156 0.224623
v 4.226308 0.335222 0.224623
v 4.220579 0.337045 0.224623
v 4.214502 0.338625 0.224623
v 4.208079 0.339962 0.224623
v 4.201308 0.341056 0.224623
v 4.194190 0.341906 0.224623
v 4.186725 0.342514 0.224623
v 4.178912 0.342878 0.224623
v 4.170753 0.343000 0.224623
v 4.093752 0.343000 0.224623
v 4.093752 0.395000 0.224623
v 4.166752 0.395000 0.224623
v 4.175350 0.395115 0.224623
v 4.183475 0.395458 0.224623
v 4.191127 0.396031 0.224623
v 4.198308 0.396833 0.224623
v 4.205016 0.397865 0.224623
v 4.211252 0.399125 0.224623
v 4.217016 0.400615 0.224623
v 4.222308 0.402333 0.224623
v 4.227127 0.404281 0.224623
v 4.231474 0.406458 0.224623
v 4.235349 0.408865 0.224623
v 4.238752 0.411500 0.224623
v 4.241787 0.414358 0.224623
v 4.244558 0.417431 0.224623
v 4.247065 0.420719 0.224623
v 4.249308 0.424222 0.224623
v 4.251287 0.427941 0.224623
v 4.253003 0.431875 0.224623
v 4.254454 0.436024 0.224623
v 4.255641 0.440389 0.224623
v 4.256566 0.444969 0.224623
v 4.257226 0.449764 0.224623
v 4.257621 0.454774 0.224623
v 4.257752 0.460000 0.224623
v 4.257589 0.465212 0.224623
v 4.257100 0.470181 0.224623
v 4.256283 0.474906 0.224623
v 4.255141 0.479389 0.224623
v 4.253672 0.483629 0.224623
v 4.251877 0.487625 0.224623
v 4.249755 0.491379 0.224623
v 4.247307 0.494889 0.224623
v 4.244533 0.498156 0.224623
v 4.241433 0.501181 0.224623
v 4.238006 0.503962 0.224623
v 4.234252 0.506500 0.224623
v 4.230138 0.508816 0.224623
v 4.225627 0.510931 0.224623
v 4.220721 0.512844 0.224623
v 4.215419 0.514556 0.224623
v 4.209722 0.516066 0.224623
v 4.203628 0.517375 0.224623
v 4.197138 0.518483 0.224623
v 4.190252 0.519389 0.224623
v 4.182971 0.520094 0.224623
v 4.175294 0.520597 0.224623
v 4.167221 0.520899 0.224623
v 4.158752 0.521000 0.224623
v 4.093752 0.521000 0.224623
v 4.153752 -0.055000 0.224623
v 4.139655 -0.054778 0.224623
v 4.125697 -0.054111 0.224623
v 4.111877 -0.053000 0.224623
v 4.098197 -0.051444 0.224623
v 4.084655 -0.049444 0.224623
v 4.071252 -0.047000 0.224623
v 4.057988 -0.044111 0.224623
v 4.044863 -0.040778 0.224623
v 4.031877 -0.037000 0.224623
v 4.019030 -0.032778 0.224623
v 4.006322 -0.028111 0.224623
v 3.993752 -0.023000 0.224623
v 3.981381 -0.017497 0.224623
v 3.969266 -0.011653 0.224623
v 3.957409 -0.005469 0.224623
v 3.945808 0.001056 0.224623
v 3.934464 0.007920 0.224623
v 3.923378 0.015125 0.224623
v 3.912548 0.022670 0.224623
v 3.901975 0.030556 0.224623
v 3.891659 0.038781 0.224623
v 3.881600 0.047347 0.224623
v 3.871798 0.056253 0.224623
v 3.862252 0.065500 0.224623
v 3.853006 0.075045 0.224623
v 3.844100 0.084847 0.224623
v 3.835534 0.094906 0.224623
v 3.827308 0.105222 0.224623
v 3.819422 0.115795 0.224623
v 3.811877 0.126625 0.224623
v 3.804672 0.137712 0.224623
v 3.797808 0.149056 0.224623
v 3.791284 0.160656 0.224623
v 3.785100 0.172514 0.224623
v 3.779256 0.184628 0.224623
v 3.773752 0.197000 0.224623
v 3.768641 0.209569 0.224623
v 3.763974 0.222278 0.224623
v 3.759752 0.235125 0.224623
v 3.755974 0.248111 0.224623
v 3.752640 0.261236 0.224623
v 3.749752 0.274500 0.224623
v 3.747307 0.287903 0.224623
v 3.745307 0.301444 0.224623
v 3.743752 0.315125 0.224623
v 3.742641 0.328944 0.224623
v 3.741974 0.342903 0.224623
v 3.741752 0.357000 0.224623
v 3.741974 0.371253 0.224623
v 3.742641 0.385347 0.224623
v 3.743752 0.399281 0.224623
v 3.745307 0.413056 0.224623
v 3.747307 0.426670 0.224623
v 3.749752 0.440125 0.224623
v 3.752640 0.453420 0.224623
v 3.755974 0.466556 0.224623
v 3.759752 0.479531 0.224623
v 3.763974 0.492347 0.224623
v 3.768641 0.505004 0.224623
v 3.773752 0.517500 0.224623
v 3.779256 0.529792 0.224623
v 3.785100 0.541833 0.224623
v 3.791284 0.553625 0.224623
v 3.797808 0.565167 0.224623
v 3.804672 0.576458 0.224623
v 3.811877 0.587500 0.224623
v 3.819422 0.598292 0.224623
v 3.827308 0.608833 0.224623
v 3.835534 0.619125 0.224623
v 3.844100 0.629167 0.224623
v 3.853006 0.638958 0.224623
v 3.862252 0.648500 0.224623
v 3.871798 0.657747 0.224623
v 3.881600 0.666653 0.224623
v 3.891659 0.675219 0.224623
v 3.901975 0.683444 0.224623
v 3.912548 0.691330 0.224623
v 3.923378 0.698875 0.224623
v 3.934464 0.706080 0.224623
v 3.945808 0.712944 0.224623
v 3.957409 0.719469 0.224623
v 3.969266 0.725653 0.224623
v 3.981381 0.731497 0.224623
v 3.993752 0.737000 0.224623
v 4.006322 0.742111 0.224623
v 4.019030 0.746778 0.224623
v 4.031877 0.751000 0.224623
v 4.044863 0.754778 0.224623
v 4.057988 0.758111 0.224623
v 4.071252 0.761000 0.224623
v 4.084655 0.763445 0.224623
v 4.098197 0.765445 0.224623
v 4.111877 0.767000 0.224623
v 4.125697 0.768111 0.224623
v 4.139655 0.768778 0.224623
v 4.153752 0.769000 0.224623
v 4.168006 0.768778 0.224623
v 4.182100 0.768111 0.224623
v 4.196034 0.767000 0.224623
v 4.209808 0.765445 0.224623
v 4.223423 0.763445 0.224623
v 4.236878 0.761000 0.224623
v 4.250173 0.758111 0.224623
v 4.263308 0.754778 0.224623
v 4.276284 0.751000 0.224623
v 4.289099 0.746778 0.224623
v 4.301755 0.742111 0.224623
v 4.314252 0.737000 0.224623
v 4.326544 0.731497 0.224623
v 4.338586 0.725653 0.224623
v 4.350378 0.719469 0.224623
v 4.361919 0.712944 0.224623
v 4.373210 0.706080 0.224623
v 4.384252 0.698875 0.224623
v 4.395044 0.691330 0.224623
v 4.405586 0.683444 0.224623
v 4.415878 0.675219 0.224623
v 4.425919 0.666653 0.224623
v 4.435710 0.657747 0.224623
v 4.445252 0.648500 0.224623
v 4.454499 0.638958 0.224623
v 4.463405 0.629167 0.224623
v 4.471971 0.619125 0.224623
v 4.480196 0.608833 0.224623
v 4.488082 0.598292 0.224623
v 4.495628 0.587500 0.224623
v 4.502833 0.576458 0.224623
v 4.509697 0.565167 0.224623
v 4.516222 0.553625 0.224623
v 4.522405 0.541833 0.224623
v 4.528248 0.529792 0.224623
v 4.533752 0.517500 0.224623
v 4.538863 0.505004 0.224623
v 4.543529 0.492347 0.224623
v 4.547751 0.479531 0.224623
v 4.551528 0.466556 0.224623
v 4.554862 0.453420 0.224623
v 4.557750 0.440125 0.224623
v 4.560194 0.426670 0.224623
v 4.562194 0.413056 0.224623
v 4.563750 0.399281 0.224623
v 4.564861 0.385347 0.224623
v 4.565527 0.371253 0.224623
v 4.565753 0.357000 0.224623
v 4.565530 0.342903 0.224623
v 4.564864 0.328944 0.224623
v 4.563753 0.315125 0.224623
v 4.562197 0.301444 0.224623
v 4.560197 0.287903 0.224623
v 4.557753 0.274500 0.224623
v 4.554864 0.261236 0.224623
v 4.551531 0.248111 0.224623
v 4.547754 0.235125 0.224623
v 4.543532 0.222278 0.224623
v 4.538866 0.209569 0.224623
v 4.533752 0.197000 0.224623
v 4.528248 0.184628 0.224623
v 4.522404 0.172514 0.224623
v 4.516221 0.160656 0.224623
v 4.509696 0.149056 0.224623
v 4.502832 0.137712 0.224623
v 4.495627 0.126625 0.224623
v 4.488081 0.115795 0.224623
v 4.480196 0.105222 0.224623
v 4.471970 0.094906 0.224623
v 4.463404 0.084847 0.224623
v 4.454498 0.075045 0.224623
v 4.445252 0.065500 0.224623
v 4.435710 0.056253 0.224623
v 4.425919 0.047347 0.224623
v 4.415878 0.038781 0.224623
v 4.405586 0.030556 0.224623
v 4.395044 0.022670 0.224623
v 4.384252 0.015125 0.224623
v 4.373210 0.007920 0.224623
v 4.361919 0.001056 0.224623
v 4.350378 -0.005469 0.224623
v 4.338586 -0.011653 0.224623
v 4.326544 -0.017497 0.224623
v 4.314252 -0.023000 0.224623
v 4.301756 -0.028111 0.224623
v 4.289100 -0.032778 0.224623
v 4.276285 -0.037000 0.224623
v 4.263309 -0.040778 0.224623
v 4.250174 -0.044111 0.224623
v 4.236879 -0.047000 0.224623
v 4.223424 -0.049444 0.224623
v 4.209809 -0.051444 0.224623
v 4.196035 -0.053000 0.224623
v 4.182101 -0.054111 0.224623
v 4.168007 -0.054778 0.224623
v 4.153752 0.001000 0.224623
v 4.166020 0.001191 0.224623
v 4.178155 0.001764 0.224623
v 4.190159 0.002719 0.224623
v 4.202031 0.004056 0.224623
v 4.213770 0.005774 0.224623
v 4.225378 0.007875 0.224623
v 4.236854 0.010358 0.224623
v 4.248198 0.013222 0.224623
v 4.259410 0.016469 0.224623
v 4.270490 0.020097 0.224623
v 4.281438 0.024108 0.224623
v 4.292252 0.028500 0.224623
v 4.302894 0.033233 0.224623
v 4.313322 0.038264 0.224623
v 4.323534 0.043594 0.224623
v 4.333530 0.049222 0.224623
v 4.343311 0.055149 0.224623
v 4.352877 0.061375 0.224623
v 4.362228 0.067899 0.224623
v 4.371363 0.074722 0.224623
v 4.380284 0.081844 0.224623
v 4.388989 0.089264 0.224623
v 4.397479 0.096983 0.224623
v 4.405753 0.105000 0.224623
v 4.413770 0.113274 0.224623
v 4.421489 0.121764 0.224623
v 4.428910 0.130469 0.224623
v 4.436031 0.139389 0.224623
v 4.442853 0.148524 0.224623
v 4.449378 0.157875 0.224623
v 4.455603 0.167441 0.224623
v 4.461530 0.177222 0.224623
v 4.467159 0.187219 0.224623
v 4.472489 0.197431 0.224623
v 4.477520 0.207858 0.224623
v 4.482253 0.218500 0.224623
v 4.486645 0.229316 0.224623
v 4.490655 0.240264 0.224623
v 4.494284 0.251344 0.224623
v 4.497530 0.262556 0.224623
v 4.500395 0.273899 0.224623
v 4.502878 0.285375 0.224623
v 4.504979 0.296983 0.224623
v 4.506697 0.308722 0.224623
v 4.508034 0.320594 0.224623
v 4.508989 0.332597 0.224623
v 4.509562 0.344733 0.224623
v 4.509753 0.357000 0.224623
v 4.509562 0.369267 0.224623
v 4.508989 0.381403 0.224623
v 4.508034 0.393406 0.224623
v 4.506697 0.405278 0.224623
v 4.504979 0.417017 0.224623
v 4.502878 0.428625 0.224623
v 4.500395 0.440101 0.224623
v 4.497530 0.451444 0.224623
v 4.494284 0.462656 0.224623
v 4.490655 0.473736 0.224623
v 4.486645 0.484684 0.224623
v 4.482253 0.495500 0.224623
v 4.477520 0.506142 0.224623
v 4.472488 0.516569 0.224623
v 4.467158 0.526781 0.224623
v 4.461529 0.536778 0.224623
v 4.455602 0.546559 0.224623
v 4.449377 0.556125 0.224623
v 4.442852 0.565476 0.224623
v 4.436030 0.574611 0.224623
v 4.428909 0.583531 0.224623
v 4.421488 0.592236 0.224623
v 4.413769 0.600726 0.224623
v 4.405753 0.609000 0.224623
v 4.397479 0.617017 0.224623
v 4.388989 0.624736 0.224623
v 4.380284 0.632156 0.224623
v 4.371363 0.639278 0.224623
v 4.362228 0.646101 0.224623
v 4.352877 0.652625 0.224623
v 4.343311 0.658851 0.224623
v 4.333530 0.664778 0.224623
v 4.323534 0.670406 0.224623
v 4.313322 0.675736 0.224623
v 4.302894 0.680767 0.224623
v 4.292252 0.685500 0.224623
v 4.281436 0.689892 0.224623
v 4.270488 0.693903 0.224623
v 4.259408 0.697531 0.224623
v 4.248197 0.700778 0.224623
v 4.236854 0.703642 0.224623
v 4.225378 0.706125 0.224623
v 4.213770 0.708226 0.224623
v 4.202031 0.709945 0.224623
v 4.190159 0.711281 0.224623
v 4.178156 0.712236 0.224623
v 4.166020 0.712809 0.224623
v 4.153752 0.713000 0.224623
v 4.141485 0.712809 0.224623
v 4.129350 0.712236 0.224623
v 4.117346 0.711281 0.224623
v 4.105475 0.709944 0.224623
v 4.093735 0.708226 0.224623
v 4.082128 0.706125 0.224623
v 4.070652 0.703642 0.224623
v 4.059308 0.700778 0.224623
v 4.048096 0.697531 0.224623
v 4.037016 0.693903 0.224623
v 4.026069 0.689892 0.224623
v 4.015253 0.685500 0.224623
v 4.004610 0.680767 0.224623
v 3.994183 0.675736 0.224623
v 3.983971 0.670406 0.224623
v 3.973975 0.664778 0.224623
v 3.964193 0.658851 0.224623
v 3.954628 0.652625 0.224623
v 3.945277 0.646101 0.224623
v 3.936141 0.639278 0.224623
v 3.927221 0.632156 0.224623
v 3.918517 0.624736 0.224623
v 3.910027 0.617017 0.224623
v 3.901752 0.609000 0.224623
v 3.893735 0.600726 0.224623
v 3.886016 0.592236 0.224623
v 3.878596 0.583531 0.224623
v 3.871475 0.574611 0.224623
v 3.864652 0.565476 0.224623
v 3.858128 0.556125 0.224623
v 3.851902 0.546559 0.224623
v 3.845975 0.536778 0.224623
v 3.840346 0.526781 0.224623
v 3.835017 0.516569 0.224623
v 3.829986 0.506142 0.224623
v 3.825253 0.495500 0.224623
v 3.820860 0.484684 0.224623
v 3.816850 0.473736 0.224623
v 3.813221 0.462656 0.224623
v 3.809975 0.451444 0.224623
v 3.807110 0.440101 0.224623
v 3.804628 0.428625 0.224623
v 3.802527 0.417017 0.224623
v 3.800808 0.405278 0.224623
v 3.799471 0.393406 0.224623
v 3.798517 0.381403 0.224623
v 3.797944 0.369267 0.224623
v 3.797752 0.357000 0.224623
v 3.797944 0.344733 0.224623
v 3.798517 0.332597 0.224623
v 3.799471 0.320594 0.224623
v 3.800808 0.308722 0.224623
v 3.802527 0.296983 0.224623
v 3.804628 0.285375 0.224623
v 3.807110 0.273899 0.224623
v 3.809975 0.262556 0.224623
v 3.813221 0.251344 0.224623
v 3.816850 0.240264 0.224623
v 3.820860 0.229316 0.224623
v 3.825253 0.218500 0.224623
v 3.829985 0.207858 0.224623
v 3.835016 0.197431 0.224623
v 3.840346 0.187219 0.224623
v 3.845974 0.177222 0.224623
v 3.851902 0.167441 0.224623
v 3.858127 0.157875 0.224623
v 3.864651 0.148524 0.224623
v 3.871474 0.139389 0.224623
v 3.878596 0.130469 0.224623
v 3.886016 0.121764 0.224623
v 3.893734 0.113274 0.224623
v 3.901752 0.105000 0.224623
v 3.910027 0.096983 0.224623
v 3.918516 0.089264 0.224623
v 3.927221 0.081844 0.224623
v 3.936141 0.074722 0.224623
v 3.945276 0.067899 0.224623
v 3.954627 0.061375 0.224623
v 3.964193 0.055149 0.224623
v 3.973974 0.049222 0.224623
v 3.983971 0.043594 0.224623
v 3.994183 0.038264 0.224623
v 4.004610 0.033233 0.224623
v 4.015253 0.028500 0.224623
v 4.026069 0.024108 0.224623
v 4.037016 0.020097 0.224623
v 4.048096 0.016469 0.224623
v 4.059308 0.013222 0.224623
v 4.070652 0.010358 0.224623
v 4.082128 0.007875 0.224623
v 4.093735 0.005774 0.224623
v 4.105475 0.004056 0.224623
v 4.117346 0.002719 0.224623
v 4.129350 0.001764 0.224623
v 4.141485 0.001191 0.224623
v 3.048752 0.449000 0.224623
v 3.048752 -0.000000 0.224623
v 3.137753 -0.000000 0.224623
v 3.137753 0.235000 0.224623
v 3.138732 0.253891 0.224623
v 3.141591 0.271958 0.224623
v 3.146206 0.289047 0.224623
v 3.152456 0.305000 0.224623
v 3.160221 0.319661 0.224623
v 3.169377 0.332875 0.224623
v 3.179805 0.344484 0.224623
v 3.191382 0.354333 0.224623
v 3.203987 0.362266 0.224623
v 3.217498 0.368125 0.224623
v 3.231793 0.371755 0.224623
v 3.246753 0.373000 0.224623
v 3.252282 0.372631 0.224623
v 3.258317 0.371546 0.224623
v 3.264784 0.369781 0.224623
v 3.271605 0.367370 0.224623
v 3.278703 0.364348 0.224623
v 3.286003 0.360750 0.224623
v 3.293427 0.356610 0.224623
v 3.300901 0.351963 0.224623
v 3.308347 0.346844 0.224623
v 3.315688 0.341287 0.224623
v 3.322849 0.335328 0.224623
v 3.329752 0.329000 0.224623
v 3.376752 0.406000 0.224623
v 3.367562 0.414376 0.224623
v 3.358479 0.422005 0.224623
v 3.349487 0.428891 0.224623
v 3.340567 0.435037 0.224623
v 3.331703 0.440447 0.224623
v 3.322877 0.445125 0.224623
v 3.314073 0.449074 0.224623
v 3.305271 0.452296 0.224623
v 3.296456 0.454797 0.224623
v 3.287609 0.456579 0.224623
v 3.278714 0.457645 0.224623
v 3.269753 0.458000 0.224623
v 3.259231 0.457305 0.224623
v 3.248664 0.455190 0.224623
v 3.238049 0.451609 0.224623
v 3.227382 0.446519 0.224623
v 3.216659 0.439872 0.224623
v 3.205877 0.431625 0.224623
v 3.195033 0.421732 0.224623
v 3.184123 0.410148 0.224623
v 3.173143 0.396828 0.224623
v 3.162090 0.381727 0.224623
v 3.150961 0.364799 0.224623
v 3.139752 0.346000 0.224623
v 3.137753 0.346000 0.224623
v 3.137753 0.449000 0.224623
v 2.700753 0.458000 0.224623
v 2.667940 0.455958 0.224623
v 2.636669 0.449995 0.224623
v 2.607190 0.440359 0.224623
v 2.579752 0.427296 0.224623
v 2.554606 0.411053 0.224623
v 2.532002 0.391875 0.224623
v 2.512190 0.370010 0.224623
v 2.495419 0.345704 0.224623
v 2.481940 0.319203 0.224623
v 2.472003 0.290755 0.224623
v 2.465857 0.260605 0.224623
v 2.463752 0.229000 0.224623
v 2.465780 0.195328 0.224623
v 2.471725 0.163454 0.224623
v 2.481377 0.133594 0.224623
v 2.494530 0.105963 0.224623
v 2.510974 0.080777 0.224623
v 2.530502 0.058250 0.224623
v 2.552905 0.038598 0.224623
v 2.577975 0.022037 0.224623
v 2.605503 0.008781 0.224623
v 2.635281 -0.000954 0.224623
v 2.667100 -0.006953 0.224623
v 2.700753 -0.009000 0.224623
v 2.735784 -0.007029 0.224623
v 2.768753 -0.001231 0.224623
v 2.799471 0.008219 0.224623
v 2.827753 0.021148 0.224623
v 2.853409 0.037383 0.224623
v 2.876253 0.056750 0.224623
v 2.896096 0.079075 0.224623
v 2.912753 0.104185 0.224623
v 2.926034 0.131906 0.224623
v 2.935753 0.162065 0.224623
v 2.941721 0.194487 0.224623
v 2.943753 0.229000 0.224623
v 2.941664 0.261445 0.224623
v 2.935544 0.292144 0.224623
v 2.925612 0.320891 0.224623
v 2.912086 0.347482 0.224623
v 2.895185 0.371711 0.224623
v 2.875128 0.393375 0.224623
v 2.852133 0.412268 0.224623
v 2.826419 0.428185 0.224623
v 2.798206 0.440922 0.224623
v 2.767711 0.450273 0.224623
v 2.735154 0.456034 0.224623
v 2.699752 0.378000 0.224623
v 2.721459 0.376710 0.224623
v 2.741989 0.372931 0.224623
v 2.761206 0.366797 0.224623
v 2.778975 0.358444 0.224623
v 2.795161 0.348009 0.224623
v 2.809628 0.335625 0.224623
v 2.822241 0.321429 0.224623
v 2.832864 0.305556 0.224623
v 2.841362 0.288141 0.224623
v 2.847600 0.269320 0.224623
v 2.851442 0.249227 0.224623
v 2.852753 0.228000 0.224623
v 2.851537 0.204534 0.224623
v 2.847947 0.182690 0.224623
v 2.842065 0.162547 0.224623
v 2.833975 0.144185 0.224623
v 2.823760 0.127685 0.224623
v 2.811502 0.113125 0.224623
v 2.797287 0.100586 0.224623
v 2.781197 0.090148 0.224623
v 2.763315 0.081891 0.224623
v 2.743724 0.075894 0.224623
v 2.722509 0.072237 0.224623
v 2.699752 0.071000 0.224623
v 2.678833 0.072295 0.224623
v 2.659151 0.076106 0.224623
v 2.640815 0.082328 0.224623
v 2.623938 0.090852 0.224623
v 2.608630 0.101570 0.224623
v 2.595002 0.114375 0.224623
v 2.583167 0.129159 0.224623
v 2.573234 0.145815 0.224623
v 2.565315 0.164234 0.224623
v 2.559521 0.184310 0.224623
v 2.555963 0.205935 0.224623
v 2.554752 0.229000 0.224623
v 2.556001 0.249998 0.224623
v 2.559660 0.269898 0.224623
v 2.565596 0.288563 0.224623
v 2.573678 0.305852 0.224623
v 2.583775 0.321627 0.224623
v 2.595753 0.335750 0.224623
v 2.609481 0.348081 0.224623
v 2.624827 0.358482 0.224623
v 2.641659 0.366813 0.224623
v 2.659845 0.372935 0.224623
v 2.679254 0.376711 0.224623
v 2.108753 0.130000 0.224623
v 2.095771 0.121795 0.224623
v 2.082818 0.114194 0.224623
v 2.069878 0.107219 0.224623
v 2.056938 0.100889 0.224623
v 2.043984 0.095226 0.224623
v 2.031003 0.090250 0.224623
v 2.017979 0.085983 0.224623
v 2.004900 0.082444 0.224623
v 1.991752 0.079656 0.224623
v 1.978521 0.077639 0.224623
v 1.965192 0.076413 0.224623
v 1.951753 0.076000 0.224623
v 1.930983 0.076957 0.224623
v 1.911679 0.079819 0.224623
v 1.893847 0.084578 0.224623
v 1.877493 0.091222 0.224623
v 1.862627 0.099741 0.224623
v 1.849253 0.110125 0.224623
v 1.837379 0.122363 0.224623
v 1.827012 0.136444 0.224623
v 1.818159 0.152359 0.224623
v 1.810827 0.170097 0.224623
v 1.805022 0.189648 0.224623
v 1.800753 0.211000 0.224623
v 2.116753 0.211000 0.224623
v 2.115189 0.250731 0.224623
v 2.110572 0.286935 0.224623
v 2.103018 0.319625 0.224623
v 2.092641 0.348815 0.224623
v 2.079556 0.374519 0.224623
v 2.063878 0.396750 0.224623
v 2.045720 0.415523 0.224623
v 2.025197 0.430852 0.224623
v 2.002424 0.442750 0.224623
v 1.977516 0.451232 0.224623
v 1.950587 0.456310 0.224623
v 1.921752 0.458000 0.224623
v 1.891572 0.456111 0.224623
v 1.863142 0.450556 0.224623
v 1.836627 0.441500 0.224623
v 1.812197 0.429111 0.224623
v 1.790016 0.413556 0.224623
v 1.770252 0.395000 0.224623
v 1.753072 0.373611 0.224623
v 1.738641 0.349556 0.224623
v 1.727128 0.323000 0.224623
v 1.718697 0.294111 0.224623
v 1.713517 0.263056 0.224623
v 1.711752 0.230000 0.224623
v 1.713368 0.199249 0.224623
v 1.718178 0.169241 0.224623
v 1.726127 0.140344 0.224623
v 1.737160 0.112926 0.224623
v 1.751220 0.087355 0.224623
v 1.768252 0.064000 0.224623
v 1.788201 0.043228 0.224623
v 1.811011 0.025407 0.224623
v 1.836627 0.010906 0.224623
v 1.864993 0.000093 0.224623
v 1.896053 -0.006665 0.224623
v 1.929752 -0.009000 0.224623
v 1.948208 -0.008645 0.224623
v 1.965651 -0.007574 0.224623
v 1.982190 -0.005781 0.224623
v 1.997938 -0.003259 0.224623
v 2.013005 -0.000001 0.224623
v 2.027503 0.004000 0.224623
v 2.041542 0.008751 0.224623
v 2.055234 0.014259 0.224623
v 2.068690 0.020531 0.224623
v 2.082021 0.027574 0.224623
v 2.095338 0.035395 0.224623
v 2.108753 0.044000 0.224623
v 1.802752 0.270000 0.224623
v 1.806355 0.287099 0.224623
v 1.811160 0.302875 0.224623
v 1.817159 0.317297 0.224623
v 1.824345 0.330333 0.224623
v 1.832712 0.341953 0.224623
v 1.842253 0.352125 0.224623
v 1.852960 0.360818 0.224623
v 1.864827 0.368000 0.224623
v 1.877847 0.373641 0.224623
v 1.892012 0.377708 0.224623
v 1.907317 0.380172 0.224623
v 1.923752 0.381000 0.224623
v 1.938995 0.380115 0.224623
v 1.953197 0.377500 0.224623
v 1.966315 0.373219 0.224623
v 1.978308 0.367333 0.224623
v 1.989135 0.359906 0.224623
v 1.998753 0.351000 0.224623
v 2.007121 0.340677 0.224623
v 2.014197 0.329000 0.224623
v 2.019940 0.316031 0.224623
v 2.024308 0.301833 0.224623
v 2.027259 0.286469 0.224623
v 2.028752 0.270000 0.224623
v 1.625752 0.427000 0.224623
v 1.615155 0.431601 0.224623
v 1.604804 0.435894 0.224623
v 1.594612 0.439859 0.224623
v 1.584494 0.443482 0.224623
v 1.574361 0.446743 0.224623
v 1.564128 0.449625 0.224623
v 1.553707 0.452112 0.224623
v 1.543012 0.454185 0.224623
v 1.531956 0.455828 0.224623
v 1.520452 0.457023 0.224623
v 1.508413 0.457753 0.224623
v 1.495752 0.458000 0.224623
v 1.462815 0.456065 0.224623
v 1.432086 0.450352 0.224623
v 1.403690 0.441000 0.224623
v 1.377752 0.428148 0.224623
v 1.354398 0.411935 0.224623
v 1.333753 0.392500 0.224623
v 1.315940 0.369981 0.224623
v 1.301086 0.344519 0.224623
v 1.289315 0.316250 0.224623
v 1.280753 0.285315 0.224623
v 1.275524 0.251852 0.224623
v 1.273752 0.216000 0.224623
v 1.275679 0.183844 0.224623
v 1.281335 0.153500 0.224623
v 1.290533 0.125156 0.224623
v 1.303085 0.099000 0.224623
v 1.318804 0.075219 0.224623
v 1.337502 0.054000 0.224623
v 1.358992 0.035531 0.224623
v 1.383085 0.020000 0.224623
v 1.409595 0.007594 0.224623
v 1.438335 -0.001500 0.224623
v 1.469116 -0.007094 0.224623
v 1.501752 -0.009000 0.224623
v 1.513690 -0.008756 0.224623
v 1.525915 -0.008046 0.224623
v 1.538300 -0.006906 0.224623
v 1.550715 -0.005370 0.224623
v 1.563035 -0.003473 0.224623
v 1.575128 -0.001250 0.224623
v 1.586866 0.001265 0.224623
v 1.598123 0.004037 0.224623
v 1.608768 0.007031 0.224623
v 1.618674 0.010213 0.224623
v 1.627711 0.013547 0.224623
v 1.635752 0.017000 0.224623
v 1.635752 0.105000 0.224623
v 1.624683 0.100208 0.224623
v 1.613951 0.095833 0.224623
v 1.603518 0.091875 0.224623
v 1.593345 0.088333 0.224623
v 1.583394 0.085208 0.224623
v 1.573627 0.082500 0.224623
v 1.564006 0.080208 0.224623
v 1.554493 0.078333 0.224623
v 1.545049 0.076875 0.224623
v 1.535636 0.075833 0.224623
v 1.526217 0.075208 0.224623
v 1.516752 0.075000 0.224623
v 1.494435 0.076156 0.224623
v 1.473549 0.079579 0.224623
v 1.454190 0.085203 0.224623
v 1.436457 0.092963 0.224623
v 1.420445 0.102792 0.224623
v 1.406253 0.114625 0.224623
v 1.393978 0.128395 0.224623
v 1.383716 0.144037 0.224623
v 1.375566 0.161484 0.224623
v 1.369623 0.180671 0.224623
v 1.365987 0.201532 0.224623
v 1.364752 0.224000 0.224623
v 1.365901 0.246107 0.224623
v 1.369276 0.266856 0.224623
v 1.374768 0.286141 0.224623
v 1.382271 0.303852 0.224623
v 1.391677 0.319883 0.224623
v 1.402878 0.334125 0.224623
v 1.415766 0.346472 0.224623
v 1.430234 0.356815 0.224623
v 1.446175 0.365047 0.224623
v 1.463480 0.371060 0.224623
v 1.482041 0.374747 0.224623
v 1.501752 0.376000 0.224623
v 1.511411 0.375784 0.224623
v 1.520937 0.375102 0.224623
v 1.530408 0.373906 0.224623
v 1.539900 0.372148 0.224623
v 1.549489 0.369779 0.224623
v 1.559252 0.366750 0.224623
v 1.569265 0.363013 0.224623
v 1.579604 0.358519 0.224623
v 1.590346 0.353219 0.224623
v 1.601567 0.347065 0.224623
v 1.613343 0.340008 0.224623
v 1.625752 0.332000 0.224623
v 1.216753 0.080000 0.224623
v 1.211798 0.076377 0.224623
v 1.206952 0.073014 0.224623
v 1.202237 0.069922 0.224623
v 1.197678 0.067111 0.224623
v 1.193300 0.064592 0.224623
v 1.189127 0.062375 0.224623
v 1.185184 0.060470 0.224623
v 1.181493 0.058889 0.224623
v 1.178081 0.057641 0.224623
v 1.174970 0.056736 0.224623
v 1.172186 0.056186 0.224623
v 1.169752 0.056000 0.224623
v 1.167107 0.056128 0.224623
v 1.164674 0.056523 0.224623
v 1.162456 0.057203 0.224623
v 1.160456 0.058185 0.224623
v 1.158679 0.059487 0.224623
v 1.157127 0.061125 0.224623
v 1.155805 0.063117 0.224623
v 1.154716 0.065481 0.224623
v 1.153862 0.068234 0.224623
v 1.153248 0.071394 0.224623
v 1.152877 0.074976 0.224623
v 1.152752 0.079000 0.224623
v 1.152752 0.310000 0.224623
v 1.151283 0.334339 0.224623
v 1.146998 0.356380 0.224623
v 1.140080 0.376156 0.224623
v 1.130715 0.393704 0.224623
v 1.119086 0.409057 0.224623
v 1.105377 0.422250 0.224623
v 1.089772 0.433318 0.224623
v 1.072456 0.442296 0.224623
v 1.053612 0.449219 0.224623
v 1.033424 0.454120 0.224623
v 1.012076 0.457036 0.224623
v 0.989752 0.458000 0.224623
v 0.973835 0.457583 0.224623
v 0.958576 0.456329 0.224623
v 0.943971 0.454234 0.224623
v 0.930011 0.451296 0.224623
v 0.916691 0.447511 0.224623
v 0.904002 0.442875 0.224623
v 0.891939 0.437385 0.224623
v 0.880493 0.431037 0.224623
v 0.869658 0.423828 0.224623
v 0.859428 0.415755 0.224623
v 0.849795 0.406813 0.224623
v 0.840752 0.397000 0.224623
v 0.840752 0.300000 0.224623
v 0.851644 0.312170 0.224623
v 0.862799 0.323190 0.224623
v 0.874190 0.333078 0.224623
v 0.885789 0.341852 0.224623
v 0.897570 0.349528 0.224623
v 0.909503 0.356125 0.224623
v 0.921560 0.361659 0.224623
v 0.933715 0.366148 0.224623
v 0.945940 0.369609 0.224623
v 0.958206 0.372060 0.224623
v 0.970486 0.373518 0.224623
v 0.982752 0.374000 0.224623
v 0.995690 0.373515 0.224623
v 1.007503 0.372037 0.224623
v 1.018190 0.369531 0.224623
v 1.027752 0.365963 0.224623
v 1.036190 0.361297 0.224623
v 1.043502 0.355500 0.224623
v 1.049690 0.348536 0.224623
v 1.054752 0.340370 0.224623
v 1.058690 0.330969 0.224623
v 1.061502 0.320296 0.224623
v 1.063190 0.308318 0.224623
v 1.063752 0.295000 0.224623
v 1.063752 0.271000 0.224623
v 0.984752 0.243000 0.224623
v 0.966617 0.236444 0.224623
v 0.948419 0.229634 0.224623
v 0.930471 0.222359 0.224623
v 0.913085 0.214407 0.224623
v 0.896575 0.205567 0.224623
v 0.881252 0.195625 0.224623
v 0.867429 0.184371 0.224623
v 0.855419 0.171593 0.224623
v 0.845533 0.157078 0.224623
v 0.838086 0.140616 0.224623
v 0.833388 0.121994 0.224623
v 0.831752 0.101000 0.224623
v 0.832656 0.086652 0.224623
v 0.835317 0.072713 0.224623
v 0.839659 0.059344 0.224623
v 0.845604 0.046704 0.224623
v 0.853078 0.034953 0.224623
v 0.862003 0.024250 0.224623
v 0.872303 0.014756 0.224623
v 0.883901 0.006630 0.224623
v 0.896722 0.000031 0.224623
v 0.910688 -0.004880 0.224623
v 0.925725 -0.007943 0.224623
v 0.941752 -0.009000 0.224623
v 0.952001 -0.008687 0.224623
v 0.962243 -0.007745 0.224623
v 0.972471 -0.006172 0.224623
v 0.982678 -0.003963 0.224623
v 0.992858 -0.001115 0.224623
v 1.003003 0.002375 0.224623
v 1.013106 0.006511 0.224623
v 1.023160 0.011296 0.224623
v 1.033159 0.016734 0.224623
v 1.043096 0.022829 0.224623
v 1.052962 0.029583 0.224623
v 1.062752 0.037000 0.224623
v 1.065026 0.029373 0.224623
v 1.067859 0.022481 0.224623
v 1.071268 0.016312 0.224623
v 1.075271 0.010852 0.224623
v 1.079885 0.006086 0.224623
v 1.085127 0.002000 0.224623
v 1.091016 -0.001419 0.224623
v 1.097567 -0.004185 0.224623
v 1.104799 -0.006313 0.224623
v 1.112729 -0.007815 0.224623
v 1.121374 -0.008706 0.224623
v 1.130752 -0.009000 0.224623
v 1.137543 -0.008827 0.224623
v 1.143998 -0.008282 0.224623
v 1.150237 -0.007328 0.224623
v 1.156382 -0.005926 0.224623
v 1.162555 -0.004038 0.224623
v 1.168878 -0.001625 0.224623
v 1.175471 0.001350 0.224623
v 1.182456 0.004926 0.224623
v 1.189956 0.009141 0.224623
v 1.198091 0.014032 0.224623
v 1.206983 0.019639 0.224623
v 1.216753 0.026000 0.224623
v 1.063752 0.091000 0.224623
v 1.057711 0.085440 0.224623
v 1.051586 0.080273 0.224623
v 1.045377 0.075516 0.224623
v 1.039085 0.071185 0.224623
v 1.032711 0.067299 0.224623
v 1.026252 0.063875 0.224623
v 1.019711 0.060930 0.224623
v 1.013085 0.058481 0.224623
v 1.006377 0.056547 0.224623
v 0.999586 0.055144 0.224623
v 0.992711 0.054289 0.224623
v 0.985752 0.054000 0.224623
v 0.976720 0.054533 0.224623
v 0.968164 0.056097 0.224623
v 0.960143 0.058641 0.224623
v 0.952715 0.062111 0.224623
v 0.945940 0.066457 0.224623
v 0.939878 0.071625 0.224623
v 0.934585 0.077564 0.224623
v 0.930123 0.084222 0.224623
v 0.926549 0.091547 0.224623
v 0.923924 0.099486 0.224623
v 0.922305 0.107988 0.224623
v 0.921752 0.117000 0.224623
v 0.923095 0.129703 0.224623
v 0.926993 0.141375 0.224623
v 0.933253 0.152109 0.224623
v 0.941679 0.162000 0.224623
v 0.952076 0.171141 0.224623
v 0.964252 0.179625 0.224623
v 0.978012 0.187547 0.224623
v 0.993160 0.195000 0.224623
v 1.009502 0.202078 0.224623
v 1.026845 0.208875 0.224623
v 1.044993 0.215484 0.224623
v 1.063752 0.222000 0.224623
v 0.451752 0.011000 0.224623
v 0.460112 0.007666 0.224623
v 0.468211 0.004657 0.224623
v 0.476080 0.001969 0.224623
v 0.483752 -0.000407 0.224623
v 0.491258 -0.002478 0.224623
v 0.498628 -0.004250 0.224623
v 0.505893 -0.005730 0.224623
v 0.513086 -0.006926 0.224623
v 0.520237 -0.007844 0.224623
v 0.527378 -0.008491 0.224623
v 0.534539 -0.008874 0.224623
v 0.541752 -0.009000 0.224623
v 0.574178 -0.007053 0.224623
v 0.604822 -0.001338 0.224623
v 0.633487 0.007953 0.224623
v 0.659975 0.020630 0.224623
v 0.684087 0.036501 0.224623
v 0.705627 0.055375 0.224623
v 0.724397 0.077062 0.224623
v 0.740197 0.101370 0.224623
v 0.752831 0.128109 0.224623
v 0.762100 0.157088 0.224623
v 0.767807 0.188115 0.224623
v 0.769753 0.221000 0.224623
v 0.767907 0.256576 0.224623
v 0.762401 0.289278 0.224623
v 0.753284 0.319063 0.224623
v 0.740604 0.345889 0.224623
v 0.724411 0.369715 0.224623
v 0.704752 0.390500 0.224623
v 0.681677 0.408201 0.224623
v 0.655234 0.422778 0.224623
v 0.625471 0.434188 0.224623
v 0.592438 0.442389 0.224623
v 0.556182 0.447340 0.224623
v 0.516752 0.449000 0.224623
v 0.362752 0.449000 0.224623
v 0.362752 -0.230000 0.224623
v 0.451752 -0.230000 0.224623
v 0.451752 0.369000 0.224623
v 0.532753 0.369000 0.224623
v 0.556002 0.367884 0.224623
v 0.577248 0.364569 0.224623
v 0.596487 0.359109 0.224623
v 0.613715 0.351556 0.224623
v 0.628930 0.341960 0.224623
v 0.642128 0.330375 0.224623
v 0.653304 0.316852 0.224623
v 0.662457 0.301445 0.224623
v 0.669581 0.284203 0.224623
v 0.674674 0.265181 0.224623
v 0.677732 0.244429 0.224623
v 0.678752 0.222000 0.224623
v 0.677524 0.200753 0.224623
v 0.673923 0.180606 0.224623
v 0.668080 0.161703 0.224623
v 0.660122 0.144185 0.224623
v 0.650178 0.128195 0.224623
v 0.638377 0.113875 0.224623
v 0.624846 0.101367 0.224623
v 0.609715 0.090815 0.224623
v 0.593111 0.082359 0.224623
v 0.575164 0.076144 0.224623
v 0.556001 0.072310 0.224623
v 0.535752 0.071000 0.224623
v 0.528733 0.071145 0.224623
v 0.521683 0.071579 0.224623
v 0.514612 0.072297 0.224623
v 0.507530 0.073296 0.224623
v 0.500449 0.074573 0.224623
v 0.493378 0.076125 0.224623
v 0.486327 0.077947 0.224623
v 0.479308 0.080037 0.224623
v 0.472331 0.082391 0.224623
v 0.465405 0.085005 0.224623
v 0.458542 0.087876 0.224623
v 0.451752 0.091000 0.224623
v 0.246752 0.643000 0.224623
v 0.234671 0.650667 0.224623
v 0.222437 0.657667 0.224623
v 0.210065 0.664000 0.224623
v 0.197567 0.669667 0.224623
v 0.184958 0.674667 0.224623
v 0.172252 0.679000 0.224623
v 0.159463 0.682667 0.224623
v 0.146604 0.685667 0.224623
v 0.133690 0.688000 0.224623
v 0.120733 0.689667 0.224623
v 0.107750 0.690667 0.224623
v 0.094752 0.691000 0.224623
v 0.064420 0.689539 0.224623
v 0.036016 0.685227 0.224623
v 0.009674 0.678172 0.224623
v -0.014470 0.668482 0.224623
v -0.036281 0.656263 0.224623
v -0.055623 0.641625 0.224623
v -0.072361 0.624674 0.224623
v -0.086359 0.605519 0.224623
v -0.097482 0.584266 0.224623
v -0.105595 0.561023 0.224623
v -0.110562 0.535899 0.224623
v -0.112248 0.509000 0.224623
v -0.106444 0.465641 0.224623
v -0.090396 0.428380 0.224623
v -0.066154 0.396187 0.224623
v -0.035767 0.368037 0.224623
v -0.001282 0.342900 0.224623
v 0.035252 0.319750 0.224623
v 0.071785 0.297558 0.224623
v 0.106270 0.275296 0.224623
v 0.136658 0.251937 0.224623
v 0.160900 0.226454 0.224623
v 0.176947 0.197817 0.224623
v 0.182752 0.165000 0.224623
v 0.182019 0.155325 0.224623
v 0.179808 0.145435 0.224623
v 0.176096 0.135531 0.224623
v 0.170863 0.125815 0.224623
v 0.164089 0.116487 0.224623
v 0.155752 0.107750 0.224623
v 0.145832 0.099804 0.224623
v 0.134308 0.092852 0.224623
v 0.121159 0.087094 0.224623
v 0.106364 0.082731 0.224623
v 0.089902 0.079966 0.224623
v 0.071752 0.079000 0.224623
v 0.055091 0.079726 0.224623
v 0.038627 0.081889 0.224623
v 0.022393 0.085469 0.224623
v 0.006419 0.090444 0.224623
v -0.009264 0.096795 0.224623
v -0.024623 0.104500 0.224623
v -0.039628 0.113538 0.224623
v -0.054248 0.123889 0.224623
v -0.068451 0.135531 0.224623
v -0.082206 0.148444 0.224623
v -0.095482 0.162608 0.224623
v -0.108248 0.178000 0.224623
v -0.108248 0.054000 0.224623
v -0.093929 0.043727 0.224623
v -0.079447 0.034403 0.224623
v -0.064764 0.026016 0.224623
v -0.049840 0.018556 0.224623
v -0.034640 0.012012 0.224623
v -0.019123 0.006375 0.224623
v -0.003252 0.001634 0.224623
v 0.013011 -0.002222 0.224623
v 0.029705 -0.005203 0.224623
v 0.046868 -0.007319 0.224623
v 0.064538 -0.008582 0.224623
v 0.082752 -0.009000 0.224623
v 0.109618 -0.007403 0.224623
v 0.135095 -0.002727 0.224623
v 0.159002 0.004859 0.224623
v 0.181160 0.015185 0.224623
v 0.201387 0.028080 0.224623
v 0.219502 0.043375 0.224623
v 0.235327 0.060899 0.224623
v 0.248678 0.080481 0.224623
v 0.259377 0.101953 0.224623
v 0.267243 0.125144 0.224623
v 0.272095 0.149883 0.224623
v 0.273752 0.176000 0.224623
v 0.267948 0.225891 0.224623
v 0.251900 0.267880 0.224623
v 0.227658 0.303187 0.224623
v 0.197271 0.333037 0.224623
v 0.162786 0.358650 0.224623
v 0.126252 0.381250 0.224623
v 0.089719 0.402058 0.224623
v 0.055234 0.422296 0.224623
v 0.024846 0.443187 0.224623
v 0.000604 0.465954 0.224623
v -0.015443 0.491817 0.224623
v -0.021248 0.522000 0.224623
v -0.020326 0.533677 0.224623
v -0.017623 0.544667 0.224623
v -0.013232 0.554906 0.224623
v -0.007248 0.564333 0.224623
v 0.000237 0.572885 0.224623
v 0.009127 0.580500 0.224623
v 0.019331 0.587115 0.224623
v 0.030752 0.592667 0.224623
v 0.043299 0.597094 0.224623
v 0.056877 0.600333 0.224623
v 0.071393 0.602323 0.224623
v 0.086752 0.603000 0.224623
v 0.098456 0.602653 0.224623
v 0.110548 0.601560 0.224623
v 0.123002 0.599641 0.224623
v 0.135789 0.596815 0.224623
v 0.148882 0.593003 0.224623
v 0.162252 0.588125 0.224623
v 0.175873 0.582101 0.224623
v 0.189715 0.574852 0.224623
v 0.203752 0.566297 0.224623
v 0.217956 0.556357 0.224623
v 0.232299 0.544951 0.224623
v 0.246752 0.532000 0.224623
v -0.709248 0.458000 0.224623
v -0.742061 0.455958 0.224623
v -0.773331 0.449995 0.224623
v -0.802811 0.440359 0.224623
v -0.830248 0.427296 0.224623
v -0.855394 0.411053 0.224623
v -0.877998 0.391875 0.224623
v -0.897811 0.370010 0.224623
v -0.914582 0.345704 0.224623
v -0.928061 0.319203 0.224623
v -0.937998 0.290755 0.224623
v -0.944144 0.260605 0.224623
v -0.946248 0.229000 0.224623
v -0.944220 0.195328 0.224623
v -0.938276 0.163454 0.224623
v -0.928623 0.133594 0.224623
v -0.915470 0.105963 0.224623
v -0.899026 0.080777 0.224623
v -0.879498 0.058250 0.224623
v -0.857095 0.038598 0.224623
v -0.832026 0.022037 0.224623
v -0.804498 0.008781 0.224623
v -0.774720 -0.000954 0.224623
v -0.742901 -0.006953 0.224623
v -0.709248 -0.009000 0.224623
v -0.674217 -0.007029 0.224623
v -0.641248 -0.001231 0.224623
v -0.610529 0.008219 0.224623
v -0.582248 0.021148 0.224623
v -0.556592 0.037383 0.224623
v -0.533748 0.056750 0.224623
v -0.513904 0.079075 0.224623
v -0.497248 0.104185 0.224623
v -0.483967 0.131906 0.224623
v -0.474248 0.162065 0.224623
v -0.468279 0.194487 0.224623
v -0.466248 0.229000 0.224623
v -0.468337 0.261445 0.224623
v -0.474456 0.292144 0.224623
v -0.484389 0.320891 0.224623
v -0.497915 0.347482 0.224623
v -0.514816 0.371711 0.224623
v -0.534873 0.393375 0.224623
v -0.557868 0.412268 0.224623
v -0.583581 0.428185 0.224623
v -0.611794 0.440922 0.224623
v -0.642289 0.450273 0.224623
v -0.674846 0.456034 0.224623
v -0.710248 0.378000 0.224623
v -0.688541 0.376710 0.224623
v -0.668012 0.372931 0.224623
v -0.648795 0.366797 0.224623
v -0.631026 0.358444 0.224623
v -0.614840 0.348009 0.224623
v -0.600373 0.335625 0.224623
v -0.587760 0.321429 0.224623
v -0.577137 0.305556 0.224623
v -0.568639 0.288141 0.224623
v -0.562401 0.269320 0.224623
v -0.558559 0.249227 0.224623
v -0.557248 0.228000 0.224623
v -0.558463 0.204534 0.224623
v -0.562054 0.182690 0.224623
v -0.567936 0.162547 0.224623
v -0.576026 0.144185 0.224623
v -0.586241 0.127685 0.224623
v -0.598498 0.113125 0.224623
v -0.612713 0.100586 0.224623
v -0.628803 0.090148 0.224623
v -0.646685 0.081891 0.224623
v -0.666276 0.075894 0.224623
v -0.687491 0.072237 0.224623
v -0.710248 0.071000 0.224623
v -0.731167 0.072295 0.224623
v -0.750850 0.076106 0.224623
v -0.769186 0.082328 0.224623
v -0.786063 0.090852 0.224623
v -0.801371 0.101570 0.224623
v -0.814998 0.114375 0.224623
v -0.826834 0.129159 0.224623
v -0.836766 0.145815 0.224623
v -0.844686 0.164234 0.224623
v -0.850480 0.184310 0.224623
v -0.854038 0.205935 0.224623
v -0.855248 0.229000 0.224623
v -0.853999 0.249998 0.224623
v -0.850341 0.269898 0.224623
v -0.844404 0.288563 0.224623
v -0.836322 0.305852 0.224623
v -0.826226 0.321627 0.224623
v -0.814248 0.335750 0.224623
v -0.800520 0.348081 0.224623
v -0.785174 0.358482 0.224623
v -0.768342 0.366813 0.224623
v -0.750156 0.372935 0.224623
v -0.730747 0.376711 0.224623
v -0.999248 0.682000 0.224623
v -1.569248 0.682000 0.224623
v -1.569248 0.594000 0.224623
v -1.333248 0.594000 0.224623
v -1.333248 -0.000000 0.224623
v -1.235248 -0.000000 0.224623
v -1.235248 0.594000 0.224623
v -0.999248 0.594000 0.224623
v -2.214248 0.682000 0.224623
v -2.303248 0.682000 0.224623
v -2.303248 -0.000000 0.224623
v -2.214248 -0.000000 0.224623
v -2.214248 0.322000 0.224623
v -2.203967 0.333152 0.224623
v -2.194077 0.343134 0.224623
v -2.184514 0.351984 0.224623
v -2.175211 0.359741 0.224623
v -2.166103 0.366442 0.224623
v -2.157123 0.372125 0.224623
v -2.148206 0.376829 0.224623
v -2.139286 0.380593 0.224623
v -2.130295 0.383453 0.224623
v -2.121170 0.385449 0.224623
v -2.111843 0.386619 0.224623
v -2.102248 0.387000 0.224623
v -2.089173 0.386116 0.224623
v -2.076980 0.383509 0.224623
v -2.065717 0.379250 0.224623
v -2.055433 0.373407 0.224623
v -2.046177 0.366051 0.224623
v -2.037998 0.357250 0.224623
v -2.030944 0.347074 0.224623
v -2.025063 0.335593 0.224623
v -2.020404 0.322875 0.224623
v -2.017016 0.308991 0.224623
v -2.014948 0.294009 0.224623
v -2.014248 0.278000 0.224623
v -2.014248 -0.000000 0.224623
v -1.925248 -0.000000 0.224623
v -1.925248 0.275000 0.224623
v -1.926578 0.304439 0.224623
v -1.930470 0.331264 0.224623
v -1.936779 0.355484 0.224623
v -1.945359 0.377111 0.224623
v -1.956064 0.396155 0.224623
v -1.968748 0.412625 0.224623
v -1.983266 0.426533 0.224623
v -1.999470 0.437889 0.224623
v -2.017217 0.446703 0.224623
v -2.036359 0.452986 0.224623
v -2.056752 0.456748 0.224623
v -2.078248 0.458000 0.224623
v -2.090739 0.457483 0.224623
v -2.103174 0.455949 0.224623
v -2.115498 0.453422 0.224623
v -2.127656 0.449926 0.224623
v -2.139591 0.445486 0.224623
v -2.151248 0.440125 0.224623
v -2.162572 0.433869 0.224623
v -2.173508 0.426741 0.224623
v -2.183998 0.418766 0.224623
v -2.193989 0.409968 0.224623
v -2.203424 0.400371 0.224623
v -2.212248 0.390000 0.224623
v -2.214248 0.390000 0.224623
v -2.425248 0.421000 0.224623
v -2.436917 0.426980 0.224623
v -2.448429 0.432421 0.224623
v -2.459795 0.437328 0.224623
v -2.471026 0.441704 0.224623
v -2.482132 0.445552 0.224623
v -2.493124 0.448875 0.224623
v -2.504011 0.451678 0.224623
v -2.514804 0.453963 0.224623
v -2.525514 0.455734 0.224623
v -2.536151 0.456995 0.224623
v -2.546726 0.457749 0.224623
v -2.557248 0.458000 0.224623
v -2.579067 0.457051 0.224623
v -2.599461 0.454241 0.224623
v -2.618342 0.449625 0.224623
v -2.635619 0.443259 0.224623
v -2.651201 0.435199 0.224623
v -2.664998 0.425500 0.224623
v -2.676921 0.414218 0.224623
v -2.686878 0.401407 0.224623
v -2.694780 0.387125 0.224623
v -2.700535 0.371426 0.224623
v -2.704055 0.354366 0.224623
v -2.705248 0.336000 0.224623
v -2.701116 0.307516 0.224623
v -2.689693 0.282292 0.224623
v -2.672436 0.259922 0.224623
v -2.650804 0.240000 0.224623
v -2.626255 0.222120 0.224623
v -2.600248 0.205875 0.224623
v -2.574241 0.190859 0.224623
v -2.549693 0.176667 0.224623
v -2.528061 0.162891 0.224623
v -2.510804 0.149125 0.224623
v -2.499380 0.134964 0.224623
v -2.495248 0.120000 0.224623
v -2.495859 0.112312 0.224623
v -2.497637 0.105250 0.224623
v -2.500498 0.098812 0.224623
v -2.504359 0.093000 0.224623
v -2.509137 0.087812 0.224623
v -2.514748 0.083250 0.224623
v -2.521109 0.079312 0.224623
v -2.528137 0.076000 0.224623
v -2.535748 0.073312 0.224623
v -2.543859 0.071250 0.224623
v -2.552387 0.069812 0.224623
v -2.561248 0.069000 0.224623
v -2.570596 0.069397 0.224623
v -2.580609 0.070593 0.224623
v -2.591248 0.072594 0.224623
v -2.602470 0.075407 0.224623
v -2.614234 0.079041 0.224623
v -2.626498 0.083500 0.224623
v -2.639221 0.088793 0.224623
v -2.652359 0.094926 0.224623
v -2.665874 0.101906 0.224623
v -2.679721 0.109741 0.224623
v -2.693860 0.118436 0.224623
v -2.708248 0.128000 0.224623
v -2.708248 0.032000 0.224623
v -2.694045 0.024891 0.224623
v -2.680373 0.018546 0.224623
v -2.667139 0.012937 0.224623
v -2.654248 0.008037 0.224623
v -2.641608 0.003817 0.224623
v -2.629123 0.000250 0.224623
v -2.616702 -0.002692 0.224623
v -2.604249 -0.005037 0.224623
v -2.591670 -0.006813 0.224623
v -2.578873 -0.008046 0.224623
v -2.565764 -0.008766 0.224623
v -2.552248 -0.009000 0.224623
v -2.531480 -0.007911 0.224623
v -2.511771 -0.004708 0.224623
v -2.493264 0.000516 0.224623
v -2.476100 0.007667 0.224623
v -2.460423 0.016651 0.224623
v -2.446373 0.027375 0.224623
v -2.434095 0.039745 0.224623
v -2.423730 0.053667 0.224623
v -2.415420 0.069047 0.224623
v -2.409308 0.085792 0.224623
v -2.405537 0.103807 0.224623
v -2.404248 0.123000 0.224623
v -2.404822 0.134207 0.224623
v -2.406591 0.144903 0.224623
v -2.409623 0.155203 0.224623
v -2.413989 0.165222 0.224623
v -2.419757 0.175075 0.224623
v -2.426998 0.184875 0.224623
v -2.435781 0.194738 0.224623
v -2.446174 0.204778 0.224623
v -2.458248 0.215109 0.224623
v -2.472072 0.225847 0.224623
v -2.487716 0.237106 0.224623
v -2.505248 0.249000 0.224623
v -2.523988 0.260052 0.224623
v -2.540753 0.270250 0.224623
v -2.555608 0.279656 0.224623
v -2.568619 0.288333 0.224623
v -2.579852 0.296344 0.224623
v -2.589373 0.303750 0.224623
v -2.597249 0.310615 0.224623
v -2.603545 0.317000 0.224623
v -2.608326 0.322969 0.224623
v -2.611660 0.328583 0.224623
v -2.613612 0.333906 0.224623
v -2.614248 0.339000 0.224623
v -2.613775 0.344848 0.224623
v -2.612378 0.350370 0.224623
v -2.610092 0.355531 0.224623
v -2.606952 0.360296 0.224623
v -2.602993 0.364631 0.224623
v -2.598248 0.368500 0.224623
v -2.592754 0.371869 0.224623
v -2.586545 0.374704 0.224623
v -2.579654 0.376969 0.224623
v -2.572119 0.378630 0.224623
v -2.563972 0.379652 0.224623
v -2.555248 0.380000 0.224623
v -2.546713 0.379705 0.224623
v -2.537632 0.378810 0.224623
v -2.528045 0.377297 0.224623
v -2.517989 0.375148 0.224623
v -2.507502 0.372347 0.224623
v -2.496623 0.368875 0.224623
v -2.485390 0.364716 0.224623
v -2.473841 0.359852 0.224623
v -2.462014 0.354266 0.224623
v -2.449947 0.347940 0.224623
v -2.437679 0.340857 0.224623
v -2.425248 0.333000 0.224623
v -2.812248 -0.000000 0.224623
v -2.812248 0.449000 0.224623
v -2.901248 0.449000 0.224623
v -2.901248 0.128000 0.224623
v -2.908682 0.118148 0.224623
v -2.916466 0.109097 0.224623
v -2.924576 0.100859 0.224623
v -2.932989 0.093444 0.224623
v -2.941679 0.086863 0.224623
v -2.950623 0.081125 0.224623
v -2.959796 0.076241 0.224623
v -2.969174 0.072222 0.224623
v -2.978733 0.069078 0.224623
v -2.988447 0.066819 0.224623
v -2.998294 0.065457 0.224623
v -3.008248 0.065000 0.224623
v -3.022873 0.065745 0.224623
v -3.036243 0.067958 0.224623
v -3.048357 0.071609 0.224623
v -3.059211 0.076667 0.224623
v -3.068801 0.083099 0.224623
v -3.077123 0.090875 0.224623
v -3.084175 0.099964 0.224623
v -3.089952 0.110333 0.224623
v -3.094451 0.121953 0.224623
v -3.097670 0.134792 0.224623
v -3.099603 0.148818 0.224623
v -3.100248 0.164000 0.224623
v -3.100248 0.449000 0.224623
v -3.189248 0.449000 0.224623
v -3.189248 0.170000 0.224623
v -3.187936 0.142530 0.224623
v -3.184086 0.117157 0.224623
v -3.177826 0.093938 0.224623
v -3.169285 0.072926 0.224623
v -3.158591 0.054178 0.224623
v -3.145873 0.037750 0.224623
v -3.131259 0.023697 0.224623
v -3.114878 0.012074 0.224623
v -3.096858 0.002938 0.224623
v -3.077327 -0.003657 0.224623
v -3.056414 -0.007655 0.224623
v -3.034248 -0.009000 0.224623
v -3.023095 -0.008465 0.224623
v -3.011688 -0.006889 0.224623
v -3.000108 -0.004313 0.224623
v -2.988433 -0.000778 0.224623
v -2.976745 0.003674 0.224623
v -2.965123 0.009000 0.224623
v -2.953647 0.015160 0.224623
v -2.942396 0.022111 0.224623
v -2.931451 0.029812 0.224623
v -2.920892 0.038222 0.224623
v -2.910797 0.047299 0.224623
v -2.901248 0.057000 0.224623
v -2.901248 -0.000000 0.224623
v -3.689248 0.682000 0.224623
v -3.689248 -0.000000 0.224623
v -3.591248 -0.000000 0.224623
v -3.591248 0.295000 0.224623
v -3.489248 0.295000 0.224623
v -3.451532 0.296715 0.224623
v -3.417350 0.301718 0.224623
v -3.386654 0.309797 0.224623
v -3.359396 0.320741 0.224623
v -3.335527 0.334337 0.224623
v -3.314998 0.350375 0.224623
v -3.297761 0.368642 0.224623
v -3.283767 0.388926 0.224623
v -3.272967 0.411016 0.224623
v -3.265313 0.434699 0.224623
v -3.260756 0.459765 0.224623
v -3.259248 0.486000 0.224623
v -3.260673 0.512544 0.224623
v -3.264975 0.538019 0.224623
v -3.272201 0.562188 0.224623
v -3.282396 0.584815 0.224623
v -3.295605 0.605664 0.224623
v -3.311873 0.624500 0.224623
v -3.331245 0.641086 0.224623
v -3.353767 0.655185 0.224623
v -3.379483 0.666563 0.224623
v -3.408438 0.674982 0.224623
v -3.440678 0.680206 0.224623
v -3.476248 0.682000 0.224623
v -3.591248 0.594000 0.224623
v -3.476248 0.594000 0.224623
v -3.455270 0.592909 0.224623
v -3.436753 0.589769 0.224623
v -3.420576 0.584781 0.224623
v -3.406619 0.578148 0.224623
v -3.394758 0.570071 0.224623
v -3.384873 0.560750 0.224623
v -3.376842 0.550388 0.224623
v -3.370544 0.539185 0.224623
v -3.365858 0.527344 0.224623
v -3.362660 0.515065 0.224623
v -3.360831 0.502550 0.224623
v -3.360248 0.490000 0.224623
v -3.361215 0.473610 0.224623
v -3.364068 0.458463 0.224623
v -3.368733 0.444594 0.224623
v -3.375137 0.432037 0.224623
v -3.383208 0.420828 0.224623
v -3.392873 0.411000 0.224623
v -3.404059 0.402589 0.224623
v -3.416693 0.395630 0.224623
v -3.430701 0.390156 0.224623
v -3.446012 0.386204 0.224623
v -3.462552 0.383807 0.224623
v -3.480248 0.383000 0.224623
v -3.591248 0.383000 0.224623
vn -0.0000 -0.0000 -1.0000
vn -0.0000 -1.0000 -0.0000
vn -0.0000 1.0000 -0.0000
vn -0.0000 -0.0001 1.0000
vn -0.0000 -0.0000 1.0000
vn -0.0000 -0.0002 1.0000
vn -0.0000 0.0002 1.0000
vn -0.0000 0.0001 1.0000
vn -0.0000 -0.0005 1.0000
vn -0.0000 -0.0004 1.0000
vn -0.1662 0.9861 -0.0000
vn -0.2462 0.9692 -0.0000
vn -0.1811 -0.9835 -0.0000
vn 0.7071 0.7071 -0.0000
vn -0.8865 -0.4627 -0.0000
vn 0.6068 -0.7949 -0.0000
vn 0.2795 0.9601 -0.0000
vn -0.4210 -0.9071 -0.0000
vn -0.4902 0.8716 -0.0000
vn -0.2562 -0.9666 -0.0000
vn -0.0960 -0.9954 -0.0000
vn 0.7626 -0.6468 -0.0000
vn 1.0000 -0.0000 -0.0000
vn -0.9441 0.3298 -0.0000
vn -0.9492 -0.3146 -0.0000
vn 0.0156 -0.9999 -0.0000
vn 0.9700 0.2431 -0.0000
vn 0.9608 0.2773 -0.0000
vn 0.9641 0.2656 -0.0000
vn -0.7623 -0.6472 -0.0000
vn 0.5195 0.8545 -0.0000
vn 0.9518 -0.3067 -0.0000
vn -0.2448 -0.9696 -0.0000
vn -0.9655 -0.2603 -0.0000
vn 0.9498 0.3129 -0.0000
vn 0.2781 -0.9605 -0.0000
vn -0.7650 0.6440 -0.0000
vn 0.9503 -0.3112 -0.0000
vn -0.4906 -0.8714 -0.0000
vn -0.9995 -0.0313 -0.0000
vn 0.5182 -0.8552 -0.0000
vn -0.6958 0.7183 -0.0000
vn -0.5400 0.8417 -0.0000
vn -0.9772 0.2123 -0.0000
vn -0.7556 -0.6550 -0.0000
vn 0.1901 0.9818 -0.0000
vn 0.9909 -0.1348 -0.0000
vn 0.1633 0.9866 -0.0000
vn 0.1732 -0.9849 -0.0000
vn 0.7181 0.6959 -0.0000
vn -1.0000 -0.0000 -0.0000
vn -0.9774 -0.2114 -0.0000
vn -0.6959 -0.7182 -0.0000
vn 0.4729 -0.8811 -0.0000
vn -0.8828 0.4698 -0.0000
vn 0.7182 -0.6959 -0.0000
vn -0.8545 0.5195 -0.0000
vn 0.1814 0.9834 -0.0000
vn -0.1878 -0.9822 -0.0000
vn 0.7830 -0.6220 -0.0000
vn -0.4836 0.8753 -0.0000
vn -0.3747 0.9271 -0.0000
vn 0.5348 -0.8450 -0.0000
vn -0.0133 0.9999 -0.0000
vn 0.0079 1.0000 -0.0000
vn 0.4046 0.9145 -0.0000
vn -0.2946 -0.9556 -0.0000
vn -0.2090 -0.9779 -0.0000
vn 0.1681 0.9858 -0.0000
vn -0.9895 -0.1446 -0.0000
vn 0.9677 0.2521 -0.0000
vn 0.9989 0.0472 -0.0000
vn 0.9986 0.0536 -0.0000
vn 0.9989 -0.0472 -0.0000
vn 0.8705 0.4921 -0.0000
vn -0.9715 -0.2371 -0.0000
vn 0.3991 -0.9169 -0.0000
vn -0.2238 -0.9746 -0.0000
vn 0.4401 0.8980 -0.0000
vn -0.6010 0.7993 -0.0000
vn 0.1632 0.9866 -0.0000
vn -0.8552 -0.5182 -0.0000
vn 0.4950 -0.8689 -0.0000
vn 0.4335 0.9011 -0.0000
vn 0.8714 -0.4906 -0.0000
vn 0.0795 0.9968 -0.0000
vn -0.4594 0.8882 -0.0000
vn -0.9989 0.0472 -0.0000
vn -0.1794 0.9838 -0.0000
vn 0.7913 0.6114 -0.0000
vn 0.4561 0.8899 -0.0000
vn -0.1682 -0.9857 -0.0000
vn -0.6302 -0.7765 -0.0000
vn 0.3460 0.9383 -0.0000
vn -0.9989 -0.0477 -0.0000
vn -0.4345 0.9007 -0.0000
vn 0.9872 0.1596 -0.0000
vn 0.0793 -0.9969 -0.0000
vn -0.3881 -0.9216 -0.0000
vn -0.9601 0.2796 -0.0000
vn -0.1781 -0.9840 -0.0000
vn 0.6863 0.7273 -0.0000
vn -0.1595 -0.9872 -0.0000
vn -0.9854 -0.1702 -0.0000
vn -0.6055 -0.7958 -0.0000
vn 0.5730 0.8196 -0.0000
vn 0.3440 -0.9390 -0.0000
vn 0.0399 -0.9992 -0.0000
vn 0.9693 0.2460 -0.0000
vn -0.4346 -0.9006 -0.0000
vn 0.8350 -0.5503 -0.0000
vn 0.9057 0.4238 -0.0000
vn -0.9605 -0.2781 -0.0000
vn -0.6483 0.7613 -0.0000
vn -0.9715 -0.2369 -0.0000
vn 0.9696 -0.2449 -0.0000
vn 0.5722 -0.8201 -0.0000
vn 0.9670 -0.2546 -0.0000
vn -0.9896 -0.1436 -0.0000
vn 0.9774 0.2114 -0.0000
vn -0.9439 0.3302 -0.0000
vn -0.6487 -0.7610 -0.0000
vn 0.7121 0.7021 -0.0000
vn -0.5276 0.8495 -0.0000
vn 0.5614 0.8275 -0.0000
vn 0.9959 0.0908 -0.0000
vn 0.7608 0.6490 -0.0000
vn 0.9771 -0.2128 -0.0000
vn -0.8196 0.5730 -0.0000
vn -0.9503 0.3112 -0.0000
vn -0.5372 -0.8435 -0.0000
vn -0.9585 0.2852 -0.0000
vn 0.6903 -0.7235 -0.0000
vn 0.9167 0.3995 -0.0000
vn -0.9500 -0.3122 -0.0000
vn -0.0747 0.9972 -0.0000
vn 0.7610 -0.6487 -0.0000
vn 0.4589 0.8885 -0.0000
vn 0.0417 0.9991 -0.0000
vn 0.3132 -0.9497 -0.0000
vn -0.7355 0.6775 -0.0000
vn 0.2709 0.9626 -0.0000
vn 0.2203 0.9754 -0.0000
vn -0.9999 0.0156 -0.0000
vn -0.8201 -0.5722 -0.0000
vn 0.9234 -0.3838 -0.0000
vn 0.0424 0.9991 -0.0000
vn -0.5887 0.8083 -0.0000
vn -0.1339 0.9910 -0.0000
vn 0.5281 0.8492 -0.0000
vn 0.8021 -0.5972 -0.0000
vn -0.9999 -0.0155 -0.0000
vn 0.8997 0.4366 -0.0000
vn 0.8865 0.4627 -0.0000
vn -0.3553 -0.9347 -0.0000
vn 0.9999 0.0156 -0.0000
vn -0.0173 -0.9999 -0.0000
vn 0.9999 -0.0158 -0.0000
vn 0.8676 0.4972 -0.0000
vn 0.4938 0.8696 -0.0000
vn -0.0964 -0.9953 -0.0000
vn 0.9991 0.0425 -0.0000
vn -0.0811 -0.9967 -0.0000
vn 0.9006 -0.4346 -0.0000
vn -0.4905 -0.8714 -0.0000
vn 0.8867 -0.4624 -0.0000
vn -0.9382 0.3460 -0.0000
vn 0.4223 0.9064 -0.0000
vn -0.3939 0.9191 -0.0000
vn 0.5269 -0.8499 -0.0000
vn 0.7492 0.6623 -0.0000
vn -0.8686 -0.4955 -0.0000
vn -0.4781 -0.8783 -0.0000
vn -0.8381 0.5455 -0.0000
vn -0.9390 -0.3440 -0.0000
vn 0.5755 -0.8178 -0.0000
vn -0.9449 -0.3273 -0.0000
vn 0.0479 -0.9989 -0.0000
vn 0.9413 0.3377 -0.0000
vn -0.9205 -0.3908 -0.0000
vn 0.1600 0.9871 -0.0000
vn 0.9979 0.0641 -0.0000
vn -0.5629 -0.8265 -0.0000
vn -0.9696 0.2449 -0.0000
vn 0.9581 0.2865 -0.0000
vn 0.9998 0.0175 -0.0000
vn -0.9802 0.1978 -0.0000
vn 0.1012 -0.9949 -0.0000
vn 0.9605 0.2781 -0.0000
vn 0.9839 0.1787 -0.0000
vn -0.9692 -0.2462 -0.0000
vn -0.9983 0.0589 -0.0000
vn -0.8385 -0.5449 -0.0000
vn 0.9248 -0.3804 -0.0000
vn -0.3639 0.9314 -0.0000
vn -0.9889 0.1487 -0.0000
vn 0.9840 -0.1781 -0.0000
vn 0.7273 -0.6863 -0.0000
vn -0.6855 0.7281 -0.0000
vn 0.7399 0.6727 -0.0000
vn -0.9968 0.0795 -0.0000
vn -0.1130 0.9936 -0.0000
vn -0.6727 0.7399 -0.0000
vn 0.9602 -0.2793 -0.0000
vn -0.7113 0.7029 -0.0000
vn -0.1519 0.9884 -0.0000
vn 0.1453 0.9894 -0.0000
vn 0.7401 -0.6725 -0.0000
vn -0.3767 0.9263 -0.0000
vn 0.5455 0.8381 -0.0000
vn -0.6725 -0.7401 -0.0000
vn 0.8483 -0.5295 -0.0000
vn -0.2291 0.9734 -0.0000
vn 0.4086 0.9127 -0.0000
vn -0.8714 0.4906 -0.0000
vn -0.1119 -0.9937 -0.0000
vn 0.8552 0.5182 -0.0000
vn 0.5914 -0.8063 -0.0000
vn 0.1449 -0.9895 -0.0000
vn -0.4627 0.8865 -0.0000
vn 0.4111 -0.9116 -0.0000
vn -0.5979 0.8016 -0.0000
vn -0.9969 -0.0793 -0.0000
vn 0.3112 0.9503 -0.0000
vn -0.8716 -0.4902 -0.0000
vn -0.3763 -0.9265 -0.0000
vn -0.2362 0.9717 -0.0000
vn 0.5465 -0.8375 -0.0000
vn 0.3216 0.9469 -0.0000
vn -0.2114 0.9774 -0.0000
vn 0.8555 -0.5177 -0.0000
vn 0.0472 0.9989 -0.0000
vn 0.0189 -0.9998 -0.0000
vn 0.5567 0.8307 -0.0000
vn 0.4063 -0.9137 -0.0000
vn -0.4624 -0.8867 -0.0000
vn -0.7182 0.6959 -0.0000
vn 0.6959 0.7182 -0.0000
vn -0.0149 -0.9999 -0.0000
vn 0.6243 0.7812 -0.0000
vn -0.5984 -0.8012 -0.0000
vn 0.3129 -0.9498 -0.0000
vn -0.7183 -0.6958 -0.0000
vn -0.3584 -0.9336 -0.0000
vn 0.6239 -0.7815 -0.0000
vn -0.2128 -0.9771 -0.0000
vn -0.7811 0.6244 -0.0000
vn 0.9969 0.0793 -0.0000
vn 0.0472 -0.9989 -0.0000
vn 0.9968 -0.0801 -0.0000
vn 0.1191 0.9929 -0.0000
vn 0.6959 -0.7181 -0.0000
vn 0.8082 0.5889 -0.0000
vn -0.5183 0.8552 -0.0000
vn -0.8387 -0.5447 -0.0000
vn -0.6740 0.7388 -0.0000
vn 0.4906 0.8714 -0.0000
vn 0.8007 0.5990 -0.0000
vn -0.2781 0.9605 -0.0000
vn 0.9677 0.2522 -0.0000
vn -0.7815 -0.6239 -0.0000
vn 0.6080 0.7939 -0.0000
vn 0.2448 0.9696 -0.0000
vn -0.9840 0.1781 -0.0000
vn 0.8012 -0.5984 -0.0000
vn -0.9838 -0.1794 -0.0000
vn -0.5280 -0.8492 -0.0000
vn -0.5177 -0.8556 -0.0000
vn 0.0794 0.9968 -0.0000
vn -0.9996 0.0279 -0.0000
vn 0.2810 0.9597 -0.0000
vn 0.0829 -0.9966 -0.0000
vn 0.6185 0.7858 -0.0000
vn 0.9311 -0.3648 -0.0000
vn -0.9127 0.4087 -0.0000
vn 0.9954 -0.0953 -0.0000
vn 0.9390 0.3440 -0.0000
vn -0.8188 0.5740 -0.0000
vn -0.8231 0.5679 -0.0000
vn -0.0374 -0.9993 -0.0000
vn 0.9387 -0.3447 -0.0000
vn 0.9256 0.3785 -0.0000
vn 0.8913 0.4534 -0.0000
vn -0.9006 0.4346 -0.0000
vn 0.0156 0.9999 -0.0000
vn -0.3386 0.9409 -0.0000
vn -0.8311 -0.5562 -0.0000
vn -0.0156 0.9999 -0.0000
vn -0.3633 -0.9317 -0.0000
vn 0.9059 -0.4235 -0.0000
vn 0.4921 -0.8705 -0.0000
vn -0.2793 -0.9602 -0.0000
vn 0.9251 0.3798 -0.0000
vn -0.9151 0.4032 -0.0000
vn -0.9137 -0.4064 -0.0000
vn 0.9265 -0.3762 -0.0000
vn 0.8589 0.5122 -0.0000
vn -0.8705 -0.4921 -0.0000
vn -0.9029 -0.4298 -0.0000
vn 0.2460 -0.9693 -0.0000
vn 0.7510 -0.6604 -0.0000
vn -0.0158 -0.9999 -0.0000
vn -0.9007 -0.4345 -0.0000
vn 0.8333 -0.5528 -0.0000
vn 0.9997 -0.0254 -0.0000
vn -0.0659 0.9978 -0.0000
vn -0.9969 0.0787 -0.0000
vn 0.8201 0.5722 -0.0000
vn -0.9894 0.1453 -0.0000
vn 0.2989 -0.9543 -0.0000
vn -0.0543 0.9985 -0.0000
vn 0.5210 0.8536 -0.0000
vn -0.7610 0.6487 -0.0000
vn -0.0607 -0.9982 -0.0000
vn -0.7716 0.6361 -0.0000
vn 0.8205 -0.5717 -0.0000
vn -0.7952 0.6063 -0.0000
vn -0.3232 0.9463 -0.0000
vn -0.7614 -0.6483 -0.0000
vn -0.6035 -0.7974 -0.0000
vn 0.8629 -0.5055 -0.0000
vn 0.7188 0.6952 -0.0000
vn 0.6487 0.7610 -0.0000
vn -0.9895 -0.1448 -0.0000
vn -0.1768 -0.9842 -0.0000
vn -0.5722 0.8201 -0.0000
vn 0.7294 -0.6841 -0.0000
vn 0.9937 0.1122 -0.0000
vn 0.8219 -0.5696 -0.0000
vn 0.9937 -0.1119 -0.0000
vn -0.2502 0.9682 -0.0000
vn -0.9558 -0.2940 -0.0000
vn 0.6490 -0.7608 -0.0000
vn -0.1873 0.9823 -0.0000
vn 0.4346 0.9006 -0.0000
vn -0.9864 0.1645 -0.0000
vn 0.7338 0.6794 -0.0000
vn -0.3440 0.9390 -0.0000
vn -0.5716 -0.8205 -0.0000
vn 0.4928 -0.8702 -0.0000
vn 0.9806 0.1961 -0.0000
vn 0.3764 0.9265 -0.0000
vn 0.1781 0.9840 -0.0000
vn -0.0793 0.9969 -0.0000
vn 0.4366 -0.8997 -0.0000
vn 0.3759 0.9267 -0.0000
vn -0.2611 0.9653 -0.0000
vn -0.3447 -0.9387 -0.0000
vn 0.6214 0.7835 -0.0000
vn -0.7213 -0.6927 -0.0000
vn -0.2516 -0.9678 -0.0000
vn 0.5064 -0.8623 -0.0000
vn 0.1788 -0.9839 -0.0000
vn 0.1078 -0.9942 -0.0000
vn -0.0801 -0.9968 -0.0000
vn -0.0587 0.9983 -0.0000
vn 0.8610 0.5085 -0.0000
vn -0.9937 0.1119 -0.0000
vn 0.3064 0.9519 -0.0000
vn -0.3196 0.9476 -0.0000
vn -0.7301 -0.6834 -0.0000
vn -0.3986 -0.9171 -0.0000
vn 0.0634 -0.9980 -0.0000
vn 0.4092 0.9124 -0.0000
vn -0.9936 -0.1130 -0.0000
vn -0.3333 -0.9428 -0.0000
vn 0.9895 0.1448 -0.0000
vn -0.9232 0.3844 -0.0000
vn 0.9893 -0.1461 -0.0000
vn 0.9208 -0.3901 -0.0000
vn -0.6757 -0.7372 -0.0000
vn 0.8361 0.5485 -0.0000
vn -0.8356 0.5493 -0.0000
vn 0.4631 0.8863 -0.0000
vn 0.9856 0.1693 -0.0000
vn 0.6480 -0.7617 -0.0000
vn -0.9955 -0.0948 -0.0000
vn -0.5742 0.8187 -0.0000
vn -0.8342 -0.5514 -0.0000
vn -0.4406 -0.8977 -0.0000
vn -0.3288 0.9444 -0.0000
vn 0.5178 -0.8555 -0.0000
vn 0.9719 -0.2355 -0.0000
vn -0.0220 0.9998 -0.0000
vn -0.9959 -0.0903 -0.0000
vn -0.4299 0.9029 -0.0000
vn -0.9025 0.4306 -0.0000
vn 0.2708 -0.9626 -0.0000
vn 0.5263 0.8503 -0.0000
vn -0.9265 0.3763 -0.0000
vn 0.9992 0.0393 -0.0000
vn -0.4254 -0.9050 -0.0000
vn 0.9137 0.4063 -0.0000
vn 0.0205 -0.9998 -0.0000
vn -0.9986 -0.0525 -0.0000
vn 0.5610 -0.8278 -0.0000
vn -0.4604 0.8877 -0.0000
vn -0.9263 -0.3767 -0.0000
vn 0.2359 0.9718 -0.0000
vn -0.5061 0.8625 -0.0000
vn -0.3432 0.9393 -0.0000
vn 0.6133 0.7899 -0.0000
vn -0.9978 0.0664 -0.0000
vn 0.7452 -0.6669 -0.0000
vn -0.9981 -0.0616 -0.0000
vn 0.2724 -0.9622 -0.0000
vn -0.1507 0.9886 -0.0000
vn 0.9986 0.0524 -0.0000
vn -0.0527 0.9986 -0.0000
vn -0.4839 -0.8751 -0.0000
vn 0.9983 -0.0588 -0.0000
vn 0.9816 0.1909 -0.0000
vn 0.9137 -0.4065 -0.0000
vn -0.4926 -0.8702 -0.0000
vn 0.6405 -0.7680 -0.0000
vn 0.2114 -0.9774 -0.0000
vn -0.5442 0.8389 -0.0000
vn 0.1948 -0.9808 -0.0000
vn 0.4508 0.8926 -0.0000
vn -0.8012 0.5984 -0.0000
vn 0.2321 0.9727 -0.0000
vn 0.7815 0.6239 -0.0000
vn 0.3649 -0.9310 -0.0000
vn -0.3128 0.9498 -0.0000
vn -0.5512 -0.8344 -0.0000
vn -0.8016 -0.5979 -0.0000
vn -0.4809 -0.8768 -0.0000
vn 0.4158 -0.9095 -0.0000
vn -0.6314 0.7755 -0.0000
vn -0.0714 -0.9974 -0.0000
vn 0.9485 -0.3168 -0.0000
vn 0.7860 -0.6182 -0.0000
vn 0.1853 0.9827 -0.0000
vn 0.7819 -0.6234 -0.0000
vn -0.6448 0.7643 -0.0000
vn -0.7796 0.6262 -0.0000
vn -0.6239 0.7815 -0.0000
vn 0.5984 0.8012 -0.0000
vn -0.9880 0.1544 -0.0000
vn 0.2760 -0.9612 -0.0000
vn -0.6234 -0.7819 -0.0000
vn 0.9552 0.2958 -0.0000
vn -0.6794 -0.7337 -0.0000
vn -0.5484 0.8362 -0.0000
vn -0.2672 0.9636 -0.0000
vn -0.9511 -0.3089 -0.0000
vn 0.1617 0.9868 -0.0000
vn 0.9743 0.2251 -0.0000
vn 0.9566 -0.2913 -0.0000
vn 0.8332 0.5529 -0.0000
vn -0.6518 -0.7584 -0.0000
vn -0.4063 0.9137 -0.0000
vn 0.3462 -0.9382 -0.0000
vn -0.9642 -0.2652 -0.0000
vn -0.1939 0.9810 -0.0000
vn 0.0917 -0.9958 -0.0000
vn 0.5990 -0.8008 -0.0000
vn -0.2024 0.9793 -0.0000
vn 0.8053 0.5929 -0.0000
vn 0.3763 0.9265 -0.0000
vn 0.0432 0.9991 -0.0000
vn -0.1449 0.9895 -0.0000
vn -0.4394 0.8983 -0.0000
vn 0.1119 0.9937 -0.0000
vn -0.8752 -0.4837 -0.0000
vn -0.4850 0.8745 -0.0000
vn -0.4064 -0.9137 -0.0000
vn 0.3789 -0.9255 -0.0000
vn 0.6555 -0.7552 -0.0000
vn -0.0307 0.9995 -0.0000
vn 0.4113 -0.9115 -0.0000
vn 0.1179 -0.9930 -0.0000
vn 0.3786 -0.9256 -0.0000
vn -0.1461 -0.9893 -0.0000
vn 0.8822 0.4708 -0.0000
vn 0.3206 -0.9472 -0.0000
vn -0.1997 -0.9799 -0.0000
vn -0.7476 -0.6642 -0.0000
vn -0.2126 -0.9771 -0.0000
vn 0.1122 -0.9937 -0.0000
vn -0.3400 0.9404 -0.0000
vn 0.1470 0.9891 -0.0000
vn 0.2729 0.9620 -0.0000
vn -0.1025 -0.9947 -0.0000
vn 0.3281 -0.9446 -0.0000
vn -0.5268 0.8500 -0.0000
vn 0.3983 0.9173 -0.0000
vn -0.5703 0.8215 -0.0000
vn 0.6736 0.7391 -0.0000
vn -0.8265 0.5629 -0.0000
vn 0.8271 0.5621 -0.0000
vn 0.7612 -0.6485 -0.0000
vn 0.8307 0.5567 -0.0000
vn -0.4421 -0.8969 -0.0000
vn -0.5670 0.8237 -0.0000
vn -0.4015 -0.9158 -0.0000
vn 0.3979 -0.9174 -0.0000
vn 0.9551 0.2961 -0.0000
vn -0.9990 -0.0454 -0.0000
vn 0.9877 -0.1562 -0.0000
vn -0.4987 0.8667 -0.0000
vn 0.2932 0.9561 -0.0000
vn 0.9042 -0.4272 -0.0000
vn -0.5422 -0.8402 -0.0000
vn -0.5720 0.8202 -0.0000
vn -0.1821 -0.9833 -0.0000
vn -0.6469 0.7625 -0.0000
vn 0.4180 0.9084 -0.0000
vn 0.5816 -0.8135 -0.0000
vn 0.3191 -0.9477 -0.0000
vn 0.1397 0.9902 -0.0000
vn 0.0483 0.9988 -0.0000
vn -0.6503 -0.7597 -0.0000
vn -0.2659 -0.9640 -0.0000
vn 0.0599 -0.9982 -0.0000
vn 0.9807 0.1955 -0.0000
vn -0.0415 0.9991 -0.0000
vn 0.9985 0.0549 -0.0000
vn -0.2587 0.9660 -0.0000
vn -0.9982 -0.0598 -0.0000
vn 0.9835 -0.1808 -0.0000
vn -0.8438 -0.5366 -0.0000
vn 0.2756 0.9613 -0.0000
vn 0.4778 -0.8785 -0.0000
vn -0.5734 -0.8193 -0.0000
vn -0.0900 -0.9959 -0.0000
vn -0.7185 -0.6955 -0.0000
vn 0.4009 0.9161 -0.0000
vn -0.9868 0.1622 -0.0000
vn 0.4899 -0.8718 -0.0000
vn 0.6505 -0.7595 -0.0000
vn -0.9831 -0.1833 -0.0000
vn 0.0305 -0.9995 -0.0000
vn 0.6848 0.7288 -0.0000
vn 0.0255 -0.9997 -0.0000
vn -0.2927 0.9562 -0.0000
vn -0.9810 0.1939 -0.0000
vn 0.6467 -0.7628 -0.0000
vn -0.1934 0.9811 -0.0000
vn 0.6846 0.7289 -0.0000
vn 0.6087 0.7934 -0.0000
vn -0.3107 -0.9505 -0.0000
vn -0.6597 -0.7515 -0.0000
vn -0.5192 -0.8547 -0.0000
vn -0.0625 0.9980 -0.0000
vn -0.9844 0.1759 -0.0000
vn 0.9341 0.3570 -0.0000
vn 0.0503 -0.9987 -0.0000
vn 0.9835 -0.1809 -0.0000
vn 0.8912 0.4537 -0.0000
vn -0.4239 -0.9057 -0.0000
vn -0.9364 0.3509 -0.0000
vn 0.1522 -0.9884 -0.0000
vn -0.0819 0.9966 -0.0000
vn 0.5160 0.8566 -0.0000
vn -0.6195 0.7850 -0.0000
vn -0.1656 0.9862 -0.0000
vn -0.3273 0.9449 -0.0000
vn 0.6934 0.7205 -0.0000
vn 0.2143 0.9768 -0.0000
vn -0.5414 -0.8408 -0.0000
vn 0.5460 -0.8378 -0.0000
vn 0.6451 -0.7641 -0.0000
vn 0.3083 -0.9513 -0.0000
vn -0.0375 -0.9993 -0.0000
vn -0.9175 0.3978 -0.0000
vn -0.9224 -0.3863 -0.0000
vn -0.8552 -0.5183 -0.0000
vn -0.1996 -0.9799 -0.0000
vn 0.8758 -0.4828 -0.0000
vn -0.1224 -0.9925 -0.0000
vn -0.3757 0.9268 -0.0000
vn 0.4115 0.9114 -0.0000
vn 0.1778 0.9841 -0.0000
vn 0.5717 -0.8205 -0.0000
vn 0.9242 0.3820 -0.0000
vn -0.4887 0.8724 -0.0000
vn -0.8763 -0.4818 -0.0000
vn -0.5426 0.8400 -0.0000
vn 0.5358 0.8443 -0.0000
vn 0.4436 -0.8962 -0.0000
vn -0.9696 0.2446 -0.0000
vn -0.3579 0.9338 -0.0000
vn -0.5419 -0.8405 -0.0000
vn 0.9494 0.3140 -0.0000
vn 0.1467 0.9892 -0.0000
vn 0.9979 0.0642 -0.0000
vn 0.9947 0.1030 -0.0000
vn 0.4225 -0.9064 -0.0000
vn -0.4684 0.8835 -0.0000
vn 0.0192 -0.9998 -0.0000
vn 0.9982 -0.0594 -0.0000
vn -0.4349 0.9005 -0.0000
vn 0.0605 0.9982 -0.0000
vn -0.9982 -0.0601 -0.0000
vn -0.6673 -0.7448 -0.0000
vn 0.2931 0.9561 -0.0000
vn -0.9987 0.0517 -0.0000
vn 0.3626 0.9319 -0.0000
vn 0.5736 0.8192 -0.0000
vn -0.2158 -0.9764 -0.0000
vn 0.1798 0.9837 -0.0000
vn -0.2963 -0.9551 -0.0000
vn -0.4192 0.9079 -0.0000
vn 0.4372 -0.8994 -0.0000
vn -0.7843 0.6204 -0.0000
vn 0.5649 -0.8252 -0.0000
vn 0.5347 -0.8450 -0.0000
vn -0.6778 -0.7353 -0.0000
vn -0.4339 -0.9010 -0.0000
vn 0.9820 0.1889 -0.0000
vn 0.5334 -0.8459 -0.0000
vn 0.3282 -0.9446 -0.0000
vn -0.9912 -0.1327 -0.0000
vn 0.9870 -0.1605 -0.0000
vn 0.7008 0.7134 -0.0000
vn -0.1224 0.9925 -0.0000
vn -0.5021 -0.8648 -0.0000
vn -0.6609 0.7505 -0.0000
vn -0.6094 -0.7928 -0.0000
vn 0.1521 -0.9884 -0.0000
vn 0.1512 -0.9885 -0.0000
vn -0.9512 -0.3087 -0.0000
vn 0.7923 0.6101 -0.0000
vn 0.6339 0.7734 -0.0000
vn 0.6404 0.7681 -0.0000
vn 0.3580 0.9337 -0.0000
vn -0.3775 0.9260 -0.0000
vn -0.8091 0.5876 -0.0000
vn -0.1100 0.9939 -0.0000
vn 0.8262 -0.5633 -0.0000
vn 0.7352 -0.6778 -0.0000
vn -0.8598 -0.5107 -0.0000
vn 0.3032 -0.9529 -0.0000
vn 0.0435 0.9991 -0.0000
vn 0.9987 0.0518 -0.0000
vn 0.2095 -0.9778 -0.0000
vn -0.6222 -0.7829 -0.0000
vn -0.4471 -0.8945 -0.0000
vn -0.9105 0.4136 -0.0000
vn -0.1788 -0.9839 -0.0000
vn -0.2060 0.9786 -0.0000
vn -0.0230 -0.9997 -0.0000
vn 0.1742 0.9847 -0.0000
vn 0.4603 0.8878 -0.0000
vn 0.0238 0.9997 -0.0000
vn 0.2853 0.9584 -0.0000
vn -0.7354 0.6777 -0.0000
vn 0.3630 0.9318 -0.0000
vn -0.7410 0.6715 -0.0000
vn 0.4171 -0.9088 -0.0000
vn -0.2283 -0.9736 -0.0000
vn -0.5000 -0.8660 -0.0000
vn 0.1909 -0.9816 -0.0000
vn -0.9902 -0.1395 -0.0000
vn -0.7895 0.6137 -0.0000
vn -0.0645 0.9979 -0.0000
vn -0.1559 -0.9878 -0.0000
vn 0.9452 0.3266 -0.0000
vn 0.5228 -0.8525 -0.0000
vn 0.9530 -0.3031 -0.0000
vn 0.9389 0.3442 -0.0000
vn -0.9599 0.2803 -0.0000
vn 0.5350 0.8449 -0.0000
vn 0.5498 -0.8353 -0.0000
vn -0.9515 -0.3076 -0.0000
vn -0.4721 0.8816 -0.0000
vn 0.7807 0.6250 -0.0000
vn 0.4415 -0.8973 -0.0000
vn -0.6774 -0.7356 -0.0000
vn -0.3705 -0.9288 -0.0000
vn 0.7468 0.6650 -0.0000
vn 0.7474 -0.6643 -0.0000
vn -0.1699 0.9855 -0.0000
vn -0.1273 -0.9919 -0.0000
vn 0.9981 0.0612 -0.0000
vn -0.9639 -0.2662 -0.0000
vn 0.0768 0.9970 -0.0000
vn -0.9980 -0.0629 -0.0000
vn 0.5535 0.8328 -0.0000
vn 0.4557 0.8902 -0.0000
vn 0.9788 -0.2049 -0.0000
vn -0.1853 -0.9827 -0.0000
vn -0.3427 -0.9394 -0.0000
vn -0.5903 0.8072 -0.0000
vn -0.4264 0.9046 -0.0000
vn -0.2764 0.9611 -0.0000
vn -0.7116 0.7026 -0.0000
vn 0.4233 0.9060 -0.0000
vn 0.2432 0.9700 -0.0000
vn 0.5739 0.8189 -0.0000
vn -0.3467 0.9380 -0.0000
vn 0.2321 -0.9727 -0.0000
vn 0.9711 -0.2389 -0.0000
vn 0.2716 -0.9624 -0.0000
vn -0.7616 0.6480 -0.0000
vn 0.5908 0.8068 -0.0000
vn -0.2305 -0.9731 -0.0000
vn -0.3435 0.9391 -0.0000
vn 0.6792 -0.7339 -0.0000
vn -0.7988 -0.6016 -0.0000
vn -0.7126 0.7016 -0.0000
vn 0.5261 0.8504 -0.0000
vn 0.1244 -0.9922 -0.0000
vn 0.7901 0.6130 -0.0000
vn -0.8724 -0.4889 -0.0000
vn -0.8218 -0.5697 -0.0000
vn 0.7296 0.6839 -0.0000
vn -0.1371 0.9906 -0.0000
vn -0.1365 0.9906 -0.0000
vn 0.9470 -0.3212 -0.0000
vn -0.9583 -0.2857 -0.0000
vn 0.7127 -0.7015 -0.0000
vn 0.2894 0.9572 -0.0000
vn -0.6252 0.7805 -0.0000
vn -0.2581 -0.9661 -0.0000
vn -0.4576 -0.8892 -0.0000
vn -0.5787 -0.8156 -0.0000
vn 0.2153 0.9765 -0.0000
vn 0.2694 -0.9630 -0.0000
vn 0.2898 -0.9571 -0.0000
vn -0.9389 0.3442 -0.0000
vn 0.7568 0.6536 -0.0000
vn -0.3415 -0.9399 -0.0000
vn 0.3123 -0.9500 -0.0000
vn 0.1805 -0.9836 -0.0000
vn 0.2925 -0.9563 -0.0000
vn 0.9967 -0.0807 -0.0000
vn -0.0621 0.9981 -0.0000
vn -0.2822 -0.9594 -0.0000
vn 0.5806 0.8142 -0.0000
vn 0.0570 0.9984 -0.0000
vn -0.8717 -0.4901 -0.0000
vn 0.0628 -0.9980 -0.0000
vn 0.1353 0.9908 -0.0000
vn -0.8908 0.4544 -0.0000
vn -0.0593 -0.9982 -0.0000
vn -0.1541 -0.9881 -0.0000
vn 0.9515 -0.3075 -0.0000
vn -0.5298 -0.8481 -0.0000
vn 0.8202 0.5721 -0.0000
vn 0.9562 0.2927 -0.0000
vn 0.6502 0.7598 -0.0000
vn 0.9987 0.0512 -0.0000
vn -0.0455 0.9990 -0.0000
vn -0.9660 -0.2586 -0.0000
vn 0.1448 -0.9895 -0.0000
vn -0.9697 0.2441 -0.0000
vn -0.7717 0.6360 -0.0000
vn -0.0158 0.9999 -0.0000
vn 0.3531 0.9356 -0.0000
vn 0.3417 0.9398 -0.0000
vn 0.2460 0.9693 -0.0000
vn 0.7561 -0.6544 -0.0000
vn -0.2793 0.9602 -0.0000
vn -0.2464 0.9692 -0.0000
vn -0.8913 0.4534 -0.0000
vn 0.8423 -0.5390 -0.0000
vn -0.8987 -0.4386 -0.0000
vn 0.0614 0.9981 -0.0000
vn 0.9187 0.3950 -0.0000
vn 0.4921 0.8705 -0.0000
vn -0.4476 -0.8942 -0.0000
vn -0.8503 0.5264 -0.0000
vn -0.3233 -0.9463 -0.0000
vn -0.0156 -0.9999 -0.0000
vn 0.4972 -0.8676 -0.0000
vn -0.5177 0.8556 -0.0000
vn -0.0534 -0.9986 -0.0000
vn 0.9018 -0.4321 -0.0000
vn -0.0481 0.9988 -0.0000
vn -0.1398 -0.9902 -0.0000
vn -0.9887 -0.1500 -0.0000
vn 0.3686 0.9296 -0.0000
vn -0.4639 -0.8859 -0.0000
vn 0.9325 0.3611 -0.0000
vn -0.8373 -0.5467 -0.0000
vn -0.8860 0.4637 -0.0000
vn -0.6037 0.7972 -0.0000
vn 0.0618 0.9981 -0.0000
vn 0.2448 -0.9696 -0.0000
vn 0.0562 -0.9984 -0.0000
vn 0.0440 -0.9990 -0.0000
vn -0.2782 -0.9605 -0.0000
vn 0.0509 0.9987 -0.0000
vn 0.8443 -0.5359 -0.0000
vn 0.4906 -0.8714 -0.0000
vn 0.5062 0.8624 -0.0000
vn -0.5183 -0.8552 -0.0000
vn 0.4166 -0.9091 -0.0000
vn -0.5890 -0.8081 -0.0000
vn 0.6959 0.7181 -0.0000
vn -0.3199 -0.9474 -0.0000
vn -0.7181 0.6959 -0.0000
vn 0.3119 0.9501 -0.0000
vn 0.5306 0.8476 -0.0000
vn 0.9980 -0.0633 -0.0000
vn -0.1672 -0.9859 -0.0000
vn -0.4178 0.9085 -0.0000
vn -0.9971 0.0755 -0.0000
vn -0.9677 -0.2520 -0.0000
vn 0.6959 -0.7182 -0.0000
vn -0.7182 -0.6958 -0.0000
vn 0.9984 -0.0574 -0.0000
vn 0.3754 0.9269 -0.0000
vn -0.4011 0.9160 -0.0000
vn -0.7130 0.7012 -0.0000
vn 0.5926 -0.8055 -0.0000
vn 0.4224 -0.9064 -0.0000
vn 0.8545 0.5195 -0.0000
vn 0.3726 -0.9280 -0.0000
vn -0.0675 -0.9977 -0.0000
vn 0.0473 0.9989 -0.0000
vn -0.2128 0.9771 -0.0000
vn -0.2307 -0.9730 -0.0000
vn 0.9896 0.1436 -0.0000
vn 0.1441 0.9896 -0.0000
vn -0.8705 0.4921 -0.0000
vn 0.3129 0.9498 -0.0000
vn 0.2071 0.9783 -0.0000
vn -0.3107 0.9505 -0.0000
vn -0.4624 0.8867 -0.0000
vn -0.3457 0.9383 -0.0000
vn 0.6348 0.7727 -0.0000
vn -0.3472 -0.9378 -0.0000
vn -0.3041 -0.9527 -0.0000
vn 0.3978 0.9175 -0.0000
vn 0.1245 -0.9922 -0.0000
vn 0.6682 -0.7439 -0.0000
vn 0.8552 -0.5182 -0.0000
vn -0.3496 -0.9369 -0.0000
vn -0.9799 0.1997 -0.0000
vn -0.8714 -0.4906 -0.0000
vn -0.9822 -0.1878 -0.0000
vn 0.7493 0.6622 -0.0000
vn 0.9982 0.0603 -0.0000
vn 0.9867 0.1623 -0.0000
vn -0.2100 -0.9777 -0.0000
vn 0.9143 -0.4050 -0.0000
vn -0.9979 0.0648 -0.0000
vn 0.9835 -0.1811 -0.0000
vn -0.6983 -0.7158 -0.0000
vn -0.2115 -0.9774 -0.0000
vn -0.9991 -0.0422 -0.0000
vn 0.6571 0.7538 -0.0000
vn 0.5841 0.8117 -0.0000
vn 0.5465 0.8375 -0.0000
vn -0.6615 0.7499 -0.0000
vn 0.3112 -0.9503 -0.0000
vn 0.3213 0.9470 -0.0000
vn -0.4627 -0.8865 -0.0000
vn -0.5443 0.8389 -0.0000
vn -0.6725 0.7401 -0.0000
vn 0.3974 -0.9176 -0.0000
vn -0.5005 -0.8657 -0.0000
vn 0.9601 0.2795 -0.0000
vn 0.9945 -0.1051 -0.0000
vn 0.9593 0.2824 -0.0000
vn -0.9952 -0.0980 -0.0000
vn -0.9693 0.2460 -0.0000
vn -0.6594 -0.7518 -0.0000
vn 0.5455 -0.8381 -0.0000
vn -0.8330 0.5533 -0.0000
vn 0.2940 -0.9558 -0.0000
vn -0.6772 0.7358 -0.0000
vn 0.9605 -0.2781 -0.0000
vn -0.9823 -0.1875 -0.0000
vn 0.4230 0.9061 -0.0000
vn -0.9696 -0.2449 -0.0000
vn 0.7398 0.6729 -0.0000
vn -0.5701 0.8216 -0.0000
vn -0.0913 0.9958 -0.0000
vn -0.6727 -0.7399 -0.0000
vn 0.5399 0.8417 -0.0000
vn 0.7097 -0.7045 -0.0000
vn 0.0581 0.9983 -0.0000
vn 0.9811 -0.1935 -0.0000
vn 0.7399 -0.6727 -0.0000
vn -0.9166 0.3997 -0.0000
vn -0.8375 0.5465 -0.0000
vn 0.7261 0.6876 -0.0000
vn -0.3902 -0.9207 -0.0000
vn -0.5461 0.8377 -0.0000
vn -0.4478 0.8941 -0.0000
vn -0.2771 0.9608 -0.0000
vn -0.0548 -0.9985 -0.0000
vn 0.0244 0.9997 -0.0000
vn -0.2792 0.9602 -0.0000
vn 0.4666 -0.8845 -0.0000
vn 0.7379 -0.6750 -0.0000
vn -0.0423 0.9991 -0.0000
vn 0.1935 0.9811 -0.0000
vn -0.9249 -0.3802 -0.0000
vn -0.3537 -0.9354 -0.0000
vn 0.9906 0.1365 -0.0000
vn 0.9295 0.3688 -0.0000
vn -0.8381 -0.5455 -0.0000
vn -0.9264 -0.3766 -0.0000
vn 0.3551 -0.9348 -0.0000
vn 0.3253 -0.9456 -0.0000
vn -0.9906 -0.1367 -0.0000
vn -0.2469 -0.9690 -0.0000
vn 0.8856 0.4644 -0.0000
vn -0.3317 -0.9434 -0.0000
vn -0.4699 0.8827 -0.0000
vn 0.9999 0.0158 -0.0000
vn 0.4836 0.8753 -0.0000
vn 0.3565 -0.9343 -0.0000
vn 0.1177 0.9930 -0.0000
vn 0.9999 -0.0156 -0.0000
vn 0.2886 0.9575 -0.0000
vn -0.5751 0.8181 -0.0000
vn 0.8865 -0.4627 -0.0000
vn 0.5256 -0.8507 -0.0000
vn 0.4634 0.8862 -0.0000
vn 0.8317 0.5552 -0.0000
vn -0.1861 -0.9825 -0.0000
vn 0.4273 0.9041 -0.0000
vn -0.9999 -0.0158 -0.0000
vn -0.1305 -0.9914 -0.0000
vn -0.4271 -0.9042 -0.0000
vn -0.5602 -0.8284 -0.0000
vn 0.0421 0.9991 -0.0000
vn -0.0345 -0.9994 -0.0000
vn -0.9498 0.3129 -0.0000
vn -0.2730 -0.9620 -0.0000
vn -0.0606 -0.9982 -0.0000
vn 0.7383 -0.6744 -0.0000
vn -0.9999 0.0155 -0.0000
vn 0.9041 0.4273 -0.0000
vn -0.1187 -0.9929 -0.0000
vn 0.2792 0.9602 -0.0000
vn 0.9939 0.1104 -0.0000
vn -0.9893 -0.1458 -0.0000
vn -0.4292 -0.9032 -0.0000
vn 0.7804 0.6252 -0.0000
vn -0.9690 -0.2470 -0.0000
vn -0.6788 0.7343 -0.0000
vn -0.9503 -0.3112 -0.0000
vn 0.9860 0.1665 -0.0000
vn 0.8384 -0.5450 -0.0000
vn -0.9109 -0.4125 -0.0000
vn -0.5415 -0.8407 -0.0000
vn 0.5080 0.8614 -0.0000
vn 0.9772 0.2123 -0.0000
vn -0.9989 -0.0464 -0.0000
vn 0.3859 0.9225 -0.0000
vn -0.4825 0.8759 -0.0000
vn 0.9246 0.3808 -0.0000
vn -0.9649 0.2625 -0.0000
vn 0.8630 0.5052 -0.0000
vn -0.9497 -0.3130 -0.0000
vn 0.1010 0.9949 -0.0000
vn 0.6156 -0.7880 -0.0000
vn 0.9774 -0.2114 -0.0000
vn -0.6236 -0.7818 -0.0000
vn -0.2959 -0.9552 -0.0000
vn 0.1122 0.9937 -0.0000
vn 0.9986 0.0533 -0.0000
vn 0.9484 -0.3171 -0.0000
vn -0.0175 -0.9998 -0.0000
vn -0.1461 0.9893 -0.0000
vn 0.4924 0.8704 -0.0000
vn -0.6123 0.7906 -0.0000
vn -0.1501 0.9887 -0.0000
vn 0.9696 0.2449 -0.0000
vn -0.6309 0.7759 -0.0000
vn 0.3228 0.9465 -0.0000
vn 0.3786 0.9256 -0.0000
vn -0.9605 0.2781 -0.0000
vn -0.4065 0.9137 -0.0000
vn 0.1186 0.9929 -0.0000
vn -0.5204 -0.8539 -0.0000
vn 0.8798 -0.4753 -0.0000
vn 0.9692 -0.2461 -0.0000
vn 0.6412 -0.7674 -0.0000
vn -0.0296 -0.9996 -0.0000
vn -0.9766 0.2152 -0.0000
vn -0.1110 0.9938 -0.0000
vn 0.1119 -0.9937 -0.0000
vn -0.3167 -0.9485 -0.0000
vn -0.9602 -0.2793 -0.0000
vn -0.1449 -0.9895 -0.0000
vn 0.0523 -0.9986 -0.0000
vn -0.9989 -0.0472 -0.0000
vn 0.5990 0.8008 -0.0000
vn -0.7983 0.6023 -0.0000
vn -0.6515 0.7586 -0.0000
vn -0.9441 0.3296 -0.0000
vn 0.3762 -0.9265 -0.0000
vn 0.7525 -0.6586 -0.0000
vn -0.4063 -0.9137 -0.0000
vn 0.5570 0.8305 -0.0000
vn 0.2735 -0.9619 -0.0000
vn 0.5665 0.8240 -0.0000
vn -0.6234 0.7819 -0.0000
vn 0.8891 -0.4578 -0.0000
vn 0.2958 0.9553 -0.0000
vn -0.3125 0.9499 -0.0000
vn -0.1797 0.9837 -0.0000
vn 0.8714 0.4906 -0.0000
vn -0.5353 -0.8447 -0.0000
vn -0.8552 0.5182 -0.0000
vn 0.5250 0.8511 -0.0000
vn 0.9933 0.1156 -0.0000
vn 0.5984 -0.8012 -0.0000
vn -0.7907 -0.6122 -0.0000
vn -0.6239 -0.7815 -0.0000
vn 0.6230 -0.7822 -0.0000
vn 0.4689 -0.8832 -0.0000
vn -0.9759 0.2182 -0.0000
vn 0.1369 -0.9906 -0.0000
vn 0.9989 -0.0477 -0.0000
vn 0.8716 -0.4902 -0.0000
vn -0.0466 -0.9989 -0.0000
vn 0.4484 0.8938 -0.0000
vn 0.7812 0.6243 -0.0000
vn 0.0504 0.9987 -0.0000
vn -0.8555 -0.5177 -0.0000
vn -0.8008 0.5990 -0.0000
vn -0.4169 -0.9090 -0.0000
vn -0.2828 0.9592 -0.0000
vn 0.9117 0.4108 -0.0000
vn 0.0587 -0.9983 -0.0000
vn 0.7794 0.6266 -0.0000
vn 0.7815 -0.6239 -0.0000
vn -0.8833 -0.4688 -0.0000
vn -0.5829 -0.8125 -0.0000
vn -0.8012 -0.5984 -0.0000
vn -0.6860 -0.7276 -0.0000
vn 0.5376 -0.8432 -0.0000
vn -0.6959 0.7182 -0.0000
vn 0.0601 0.9982 -0.0000
vn -0.9827 0.1851 -0.0000
vn 0.9555 0.2948 -0.0000
vn -0.1758 -0.9844 -0.0000
vn -0.2500 0.9683 -0.0000
vn -0.9774 0.2114 -0.0000
vn 0.2484 0.9686 -0.0000
vn 0.7183 -0.6958 -0.0000
vn -0.9771 -0.2128 -0.0000
vn 0.8231 -0.5679 -0.0000
vn -0.6958 -0.7183 -0.0000
vn 0.5732 0.8194 -0.0000
vn 0.5182 0.8552 -0.0000
vn 0.9995 -0.0307 -0.0000
vn 0.9127 0.4087 -0.0000
vn -0.4906 0.8714 -0.0000
vn -0.9963 0.0860 -0.0000
vn 0.2781 0.9605 -0.0000
vn 0.9503 0.3112 -0.0000
vn -0.0654 -0.9979 -0.0000
vn -0.2448 0.9696 -0.0000
vn 0.9500 -0.3122 -0.0000
vn 0.5195 -0.8545 -0.0000
vn -0.7676 0.6410 -0.0000
vn -0.4902 -0.8716 -0.0000
vn 0.9983 -0.0587 -0.0000
vn -0.9256 0.3786 -0.0000
vn -0.0801 0.9968 -0.0000
vn -0.2821 0.9594 -0.0000
vn 0.8987 0.4385 -0.0000
vn 0.2795 -0.9601 -0.0000
vn 0.1788 0.9839 -0.0000
vn -0.2462 -0.9692 -0.0000
vn -0.4245 -0.9054 -0.0000
vn -0.3447 0.9387 -0.0000
vn 0.8020 -0.5974 -0.0000
vn -0.8865 0.4627 -0.0000
vn 0.9137 -0.4064 -0.0000
vn -0.8867 -0.4624 -0.0000
vn -0.9265 -0.3763 -0.0000
vn 0.4366 0.8997 -0.0000
vn 0.0396 0.9992 -0.0000
vn -0.9122 -0.4097 -0.0000
vn -0.0793 -0.9969 -0.0000
vn 0.1781 -0.9840 -0.0000
vn 0.5674 0.8234 -0.0000
vn 0.8381 0.5455 -0.0000
vn -0.5716 0.8205 -0.0000
vn 0.3542 -0.9352 -0.0000
vn -0.0413 0.9991 -0.0000
vn 0.9998 0.0205 -0.0000
vn -0.7279 0.6856 -0.0000
vn -0.6052 0.7961 -0.0000
vn -0.9907 0.1363 -0.0000
vn 0.8717 0.4900 -0.0000
vn -0.3440 -0.9390 -0.0000
vn -0.5665 -0.8240 -0.0000
vn 0.8385 -0.5449 -0.0000
vn 0.3887 -0.9214 -0.0000
vn -0.0666 -0.9978 -0.0000
vn -0.7399 0.6727 -0.0000
vn 0.4346 -0.9006 -0.0000
vn 0.6727 0.7399 -0.0000
vn -0.4940 -0.8695 -0.0000
vn 0.8837 -0.4680 -0.0000
vn -0.7401 -0.6725 -0.0000
vn 0.9894 0.1453 -0.0000
vn 0.8963 -0.4435 -0.0000
vn 0.6490 0.7608 -0.0000
vn -0.7427 0.6696 -0.0000
vn -0.5722 -0.8201 -0.0000
vn -0.9990 -0.0437 -0.0000
vn 0.9895 -0.1448 -0.0000
vn 0.6487 -0.7610 -0.0000
vn -0.5455 0.8381 -0.0000
vn -0.9937 0.1122 -0.0000
vn -0.7608 0.6490 -0.0000
vn 0.0711 0.9975 -0.0000
vn 0.6729 -0.7398 -0.0000
vn 0.4627 0.8865 -0.0000
vn -0.9937 -0.1119 -0.0000
vn -0.3112 0.9503 -0.0000
vn 0.3963 0.9181 -0.0000
vn -0.1981 0.9802 -0.0000
vn -0.5449 -0.8385 -0.0000
vn 0.8195 0.5730 -0.0000
vn -0.6873 0.7263 -0.0000
vn -0.7610 -0.6487 -0.0000
vn -0.4643 -0.8857 -0.0000
vn 0.5417 -0.8406 -0.0000
vn -0.0981 -0.9952 -0.0000
vn 0.0998 0.9950 -0.0000
vn 0.2114 0.9774 -0.0000
vn 0.6320 -0.7750 -0.0000
vn 0.8201 -0.5722 -0.0000
vn -0.0472 0.9989 -0.0000
vn 0.8598 0.5106 -0.0000
vn -0.2010 0.9796 -0.0000
vn 0.3182 0.9480 -0.0000
vn 0.4645 -0.8856 -0.0000
vn 0.3483 0.9374 -0.0000
vn -0.3122 -0.9500 -0.0000
vn -0.8997 0.4366 -0.0000
vn 0.5890 0.8082 -0.0000
vn -0.7918 -0.6108 -0.0000
vn 0.6633 0.7484 -0.0000
vn 0.2123 -0.9772 -0.0000
vn 0.5197 0.8543 -0.0000
vn -0.3032 -0.9529 -0.0000
vn -0.0477 -0.9989 -0.0000
vn 0.8043 0.5942 -0.0000
vn -0.0119 -0.9999 -0.0000
vn -0.1963 0.9805 -0.0000
vn -0.7783 -0.6279 -0.0000
vn -0.9006 -0.4346 -0.0000
vn 0.8356 0.5494 -0.0000
vn 0.5239 0.8518 -0.0000
vn -0.3073 -0.9516 -0.0000
vn 0.4683 0.8836 -0.0000
vn 0.9937 0.1119 -0.0000
vn -0.7872 -0.6167 -0.0000
vn -0.4523 0.8919 -0.0000
vn -0.6397 -0.7686 -0.0000
vn 0.9394 -0.3429 -0.0000
vn 0.9936 -0.1130 -0.0000
vn -0.8070 0.5906 -0.0000
vn -0.5263 0.8503 -0.0000
vn -0.9895 0.1448 -0.0000
vn 0.9468 0.3220 -0.0000
vn -0.9893 -0.1461 -0.0000
vn -0.2633 -0.9647 -0.0000
vn 0.1849 0.9828 -0.0000
vn 0.9383 0.3459 -0.0000
vn -0.3103 -0.9507 -0.0000
vn -0.8202 -0.5720 -0.0000
vn 0.6303 -0.7764 -0.0000
vn 0.9390 -0.3440 -0.0000
vn -0.9820 -0.1886 -0.0000
vn -0.2747 -0.9615 -0.0000
vn 0.7440 -0.6682 -0.0000
vn 0.1604 -0.9870 -0.0000
vn 0.9776 0.2103 -0.0000
vn -0.9995 -0.0304 -0.0000
vn -0.9997 0.0250 -0.0000
vn -0.9986 0.0533 -0.0000
vn -0.7582 0.6521 -0.0000
vn 0.9969 -0.0785 -0.0000
vn -0.9839 0.1787 -0.0000
vn 0.6827 0.7307 -0.0000
vn 0.9865 -0.1638 -0.0000
vn -0.8641 0.5033 -0.0000
vn -0.5343 0.8453 -0.0000
vn -0.2265 0.9740 -0.0000
vn 0.9265 0.3762 -0.0000
vn -0.9840 -0.1781 -0.0000
vn -0.9137 0.4063 -0.0000
vn -0.8422 0.5392 -0.0000
vn 0.4972 0.8676 -0.0000
vn 0.6686 -0.7436 -0.0000
vn 0.9263 -0.3768 -0.0000
vn -0.2074 0.9782 -0.0000
vn -0.6931 -0.7208 -0.0000
vn -0.3982 0.9173 -0.0000
vn 0.8250 -0.5652 -0.0000
vn -0.9798 0.1997 -0.0000
vn 0.2172 -0.9761 -0.0000
vn -0.0168 0.9999 -0.0000
vn -0.9137 -0.4065 -0.0000
vn 0.5399 -0.8417 -0.0000
vn -0.3089 0.9511 -0.0000
vn -0.6157 -0.7880 -0.0000
vn 0.8447 0.5352 -0.0000
vn 0.6966 -0.7174 -0.0000
vn 0.9968 0.0795 -0.0000
vn 0.1581 -0.9874 -0.0000
vn 0.9835 -0.1810 -0.0000
vn -0.1828 0.9832 -0.0000
vn 0.2456 -0.9694 -0.0000
vn 0.9969 -0.0793 -0.0000
vn 0.8012 0.5984 -0.0000
vn 0.2711 0.9625 -0.0000
vn -0.6615 0.7500 -0.0000
vn -0.7904 -0.6126 -0.0000
vn -0.7815 0.6239 -0.0000
vn -0.4425 -0.8968 -0.0000
vn -0.9478 0.3188 -0.0000
vn 0.4451 -0.8955 -0.0000
vn -0.0224 -0.9997 -0.0000
vn -0.2016 -0.9795 -0.0000
vn 0.8984 -0.4392 -0.0000
vn 0.8016 -0.5979 -0.0000
vn -0.7819 -0.6235 -0.0000
vn 0.4043 0.9146 -0.0000
vn 0.8625 -0.5061 -0.0000
vn -0.9638 0.2668 -0.0000
vn 0.6540 0.7565 -0.0000
vn 0.9060 0.4232 -0.0000
vn -0.1434 0.9897 -0.0000
vn 0.6239 0.7815 -0.0000
vn -0.2037 -0.9790 -0.0000
vn 0.3223 0.9466 -0.0000
vn 0.0454 -0.9990 -0.0000
vn -0.5984 0.8012 -0.0000
vn -0.9969 0.0793 -0.0000
vn -0.9968 -0.0801 -0.0000
vn -0.2996 0.9541 -0.0000
vn -0.6845 0.7290 -0.0000
vn 0.3975 -0.9176 -0.0000
vn 0.6243 -0.7812 -0.0000
vn -0.6690 -0.7433 -0.0000
vn -0.5657 -0.8246 -0.0000
vn 0.4063 0.9137 -0.0000
vn 0.9785 -0.2062 -0.0000
vn -0.5978 -0.8016 -0.0000
vn 0.0517 0.9987 -0.0000
vn -0.7503 -0.6611 -0.0000
vn 0.9920 0.1265 -0.0000
vn 0.8846 0.4664 -0.0000
vn 0.3058 -0.9521 -0.0000
vn -0.3763 0.9265 -0.0000
vn 0.0579 -0.9983 -0.0000
vn 0.1449 0.9895 -0.0000
vn 0.9840 0.1781 -0.0000
vn -0.1119 0.9937 -0.0000
vn -0.9874 -0.1583 -0.0000
vn 0.4086 -0.9127 -0.0000
vn -0.9865 -0.1638 -0.0000
vn -0.3767 -0.9263 -0.0000
vn -0.4142 0.9102 -0.0000
vn 0.7177 0.6963 -0.0000
vn 0.9838 -0.1794 -0.0000
vn 0.7028 -0.7114 -0.0000
vn 0.9916 0.1295 -0.0000
vn 0.1959 -0.9806 -0.0000
vn -0.4745 0.8802 -0.0000
vn 0.1453 -0.9894 -0.0000
vn -0.9340 0.3573 -0.0000
vn -0.1130 -0.9936 -0.0000
vn 0.9439 0.3302 -0.0000
vn -0.0916 0.9958 -0.0000
vn -0.9390 0.3439 -0.0000
vn 0.3438 0.9390 -0.0000
vn 0.9510 -0.3093 -0.0000
vn -0.4307 0.9025 -0.0000
vn -0.9387 -0.3447 -0.0000
vn -0.6213 -0.7836 -0.0000
vn -0.3562 -0.9344 -0.0000
vn 0.2660 -0.9640 -0.0000
vn -0.3341 0.9425 -0.0000
vn -0.3917 -0.9201 -0.0000
vn -0.5243 0.8515 -0.0000
vn 0.1903 0.9817 -0.0000
vn 0.8536 -0.5210 -0.0000
vn 0.9006 0.4346 -0.0000
vn 0.3422 -0.9396 -0.0000
vn -0.4440 0.8960 -0.0000
vn -0.8589 0.5121 -0.0000
vn -0.0917 0.9958 -0.0000
vn -0.5140 -0.8578 -0.0000
vn -0.1252 -0.9921 -0.0000
vn 0.5326 -0.8464 -0.0000
vn 0.6918 -0.7221 -0.0000
vn 0.9987 -0.0518 -0.0000
vn 0.9007 -0.4345 -0.0000
vn -0.7287 0.6849 -0.0000
vn 0.5840 -0.8118 -0.0000
vn 0.8639 -0.5037 -0.0000
vn -0.8201 0.5722 -0.0000
vn -0.6082 0.7937 -0.0000
vn -0.9988 0.0494 -0.0000
vn 0.1466 -0.9892 -0.0000
vn 0.7466 0.6653 -0.0000
vn 0.9851 0.1717 -0.0000
vn 0.7610 0.6487 -0.0000
vn 0.2790 0.9603 -0.0000
vn -0.8205 -0.5716 -0.0000
vn -0.2317 0.9728 -0.0000
vn -0.5248 0.8512 -0.0000
vn -0.5418 -0.8405 -0.0000
vn 0.3945 -0.9189 -0.0000
vn 0.1228 -0.9924 -0.0000
vn 0.9082 0.4186 -0.0000
vn -0.0262 0.9997 -0.0000
vn 0.7614 -0.6483 -0.0000
vn -0.5539 0.8326 -0.0000
vn -0.6487 0.7610 -0.0000
vn 0.5722 0.8201 -0.0000
vn -0.9049 -0.4256 -0.0000
vn 0.7971 0.6038 -0.0000
vn -0.6483 -0.7613 -0.0000
vn -0.0761 0.9971 -0.0000
vn 0.6033 -0.7975 -0.0000
vn -0.1234 0.9924 -0.0000
vn -0.4346 0.9006 -0.0000
vn 0.0393 -0.9992 -0.0000
vn -0.8065 -0.5912 -0.0000
vn 0.3440 0.9390 -0.0000
vn 0.4297 -0.9030 -0.0000
vn -0.8499 -0.5269 -0.0000
vn 0.4557 -0.8902 -0.0000
vn 0.0585 0.9983 -0.0000
vn 0.5730 -0.8196 -0.0000
vn -0.3505 0.9366 -0.0000
vn -0.1781 0.9840 -0.0000
vn 0.0793 0.9969 -0.0000
vn -0.4345 -0.9007 -0.0000
vn 0.6602 -0.7511 -0.0000
vn 0.1589 -0.9873 -0.0000
vn -0.0658 -0.9978 -0.0000
vn -0.9111 0.4122 -0.0000
vn 0.3460 -0.9383 -0.0000
vn -0.0313 -0.9995 -0.0000
vn -0.8575 0.5144 -0.0000
vn -0.1794 -0.9838 -0.0000
vn -0.7768 -0.6297 -0.0000
vn 0.9816 0.1908 -0.0000
vn -0.5205 0.8539 -0.0000
vn 0.9422 0.3350 -0.0000
vn 0.0795 -0.9968 -0.0000
vn 0.7265 0.6872 -0.0000
vn 0.1974 0.9803 -0.0000
vn -0.4692 0.8831 -0.0000
vn 0.9233 -0.3840 -0.0000
vn -0.5334 -0.8458 -0.0000
vn -0.9983 0.0577 -0.0000
vn 0.1603 0.9871 -0.0000
vn 0.8739 0.4861 -0.0000
vn -0.6076 0.7943 -0.0000
vn 0.0589 0.9983 -0.0000
vn -0.9277 -0.3733 -0.0000
vn 0.9525 -0.3047 -0.0000
vn 0.6432 0.7657 -0.0000
vn -0.7680 -0.6404 -0.0000
vn -0.4006 0.9163 -0.0000
vn -0.4538 0.8911 -0.0000
vn 0.5228 -0.8524 -0.0000
vn -0.4870 -0.8734 -0.0000
vn 0.1775 0.9841 -0.0000
vn 0.5153 -0.8570 -0.0000
vn 0.0460 0.9989 -0.0000
vn 0.2461 -0.9692 -0.0000
vn 0.3732 -0.9277 -0.0000
vn 0.9654 -0.2607 -0.0000
vn 0.1833 -0.9831 -0.0000
vn -0.6147 -0.7887 -0.0000
vn -0.2338 -0.9723 -0.0000
vn 0.0915 -0.9958 -0.0000
vn 0.0841 -0.9965 -0.0000
vn 0.2272 0.9738 -0.0000
vn 0.4827 0.8758 -0.0000
vn -0.0691 -0.9976 -0.0000
vn -0.3725 0.9280 -0.0000
vn -0.7708 -0.6371 -0.0000
vn -0.6224 -0.7827 -0.0000
vn 0.1033 0.9946 -0.0000
vn -0.1523 -0.9883 -0.0000
vn 0.9983 -0.0591 -0.0000
vn 0.5440 -0.8391 -0.0000
vn -0.9554 0.2953 -0.0000
vn 0.3830 0.9237 -0.0000
vn 0.2502 0.9682 -0.0000
vn -0.1962 0.9806 -0.0000
vn -0.2399 -0.9708 -0.0000
vn -0.9980 0.0626 -0.0000
vn 0.4317 -0.9020 -0.0000
vn -0.6854 0.7281 -0.0000
vn 0.8497 0.5272 -0.0000
vn -0.1640 -0.9865 -0.0000
vn 0.4589 -0.8885 -0.0000
vn 0.8244 0.5660 -0.0000
vn 0.1276 0.9918 -0.0000
vn 0.9987 -0.0519 -0.0000
vn -0.5424 -0.8401 -0.0000
vn -0.8804 0.4741 -0.0000
vn 0.4966 0.8680 -0.0000
vn -0.9831 -0.1832 -0.0000
vn -0.6035 0.7974 -0.0000
vn -0.3973 0.9177 -0.0000
vn 0.5778 0.8162 -0.0000
vn 0.5232 0.8522 -0.0000
vn -0.2795 -0.9601 -0.0000
vn -0.1526 0.9883 -0.0000
vn 0.3327 -0.9430 -0.0000
vn -0.0532 0.9986 -0.0000
vn 0.9969 -0.0787 -0.0000
vn 0.7422 -0.6702 -0.0000
vn -0.1918 0.9814 -0.0000
vn -0.3017 -0.9534 -0.0000
vn 0.8172 0.5763 -0.0000
vn -0.4960 -0.8683 -0.0000
vn -0.9184 -0.3955 -0.0000
vn 0.1808 -0.9835 -0.0000
vn 0.5963 0.8028 -0.0000
vn -0.1419 0.9899 -0.0000
vn -0.0580 -0.9983 -0.0000
vn -0.0712 -0.9975 -0.0000
vn 0.5785 0.8157 -0.0000
vn -0.7245 -0.6892 -0.0000
vn 0.6844 0.7291 -0.0000
vn -0.6803 0.7329 -0.0000
vn 0.4838 -0.8752 -0.0000
vn 0.8115 -0.5843 -0.0000
vn -0.1242 -0.9923 -0.0000
vn -0.7235 0.6903 -0.0000
vn -0.9670 -0.2548 -0.0000
vn -0.9144 -0.4049 -0.0000
vn 0.8950 -0.4460 -0.0000
vn -0.9600 0.2801 -0.0000
vn -0.4159 0.9094 -0.0000
vn 0.1303 0.9915 -0.0000
vn 0.4990 -0.8666 -0.0000
vn 0.9586 0.2846 -0.0000
vn -0.3954 -0.9185 -0.0000
vn -0.3114 0.9503 -0.0000
vn 0.0593 -0.9982 -0.0000
vn -0.9970 0.0777 -0.0000
vn -0.8080 -0.5892 -0.0000
vn 0.9823 0.1871 -0.0000
vn 0.2578 0.9662 -0.0000
vn -0.9830 -0.1833 -0.0000
vn 0.9995 0.0309 -0.0000
vn 0.4671 -0.8842 -0.0000
vn 0.0613 -0.9981 -0.0000
vn -0.4105 0.9119 -0.0000
vn 0.0195 0.9998 -0.0000
vn 0.3022 0.9532 -0.0000
vn 0.3370 0.9415 -0.0000
vn 0.4409 0.8976 -0.0000
vn -0.3497 -0.9369 -0.0000
vn -0.2009 0.9796 -0.0000
vn 0.6039 -0.7971 -0.0000
vn 0.5456 -0.8380 -0.0000
vn 0.6918 0.7221 -0.0000
vn -0.7131 0.7011 -0.0000
vn -0.5738 -0.8190 -0.0000
vn -0.8638 0.5039 -0.0000
vn 0.7104 -0.7038 -0.0000
vn 0.9617 -0.2739 -0.0000
vn 0.2137 -0.9769 -0.0000
vn -0.3890 -0.9212 -0.0000
vn 0.2115 -0.9774 -0.0000
vn -0.7325 -0.6808 -0.0000
vn 0.2225 -0.9749 -0.0000
vn 0.7465 0.6654 -0.0000
vn -0.9016 -0.4327 -0.0000
vn 0.2410 0.9705 -0.0000
vn -0.3547 0.9350 -0.0000
vn -0.0435 0.9991 -0.0000
vn -0.0480 -0.9988 -0.0000
vn -0.0662 0.9978 -0.0000
vn -0.9242 -0.3819 -0.0000
vn 0.2391 -0.9710 -0.0000
vn 0.3274 0.9449 -0.0000
vn -0.3487 0.9372 -0.0000
vn 0.9861 0.1660 -0.0000
vn -0.5343 -0.8453 -0.0000
vn 0.4448 0.8956 -0.0000
vn -0.8492 0.5281 -0.0000
vn -0.0583 -0.9983 -0.0000
vn -0.8750 0.4841 -0.0000
vn 0.3196 0.9475 -0.0000
vn -0.2734 0.9619 -0.0000
vn 0.0207 0.9998 -0.0000
vn 0.4153 -0.9097 -0.0000
vn 0.6404 -0.7681 -0.0000
vn 0.6590 -0.7521 -0.0000
vn 0.3448 0.9387 -0.0000
vn 0.9923 0.1239 -0.0000
vn 0.5548 0.8320 -0.0000
vn 0.0397 -0.9992 -0.0000
vn -0.3482 -0.9374 -0.0000
vn -0.5887 -0.8083 -0.0000
vn -0.0477 0.9989 -0.0000
vn 0.6948 0.7192 -0.0000
vn -0.0902 -0.9959 -0.0000
vn 0.0256 0.9997 -0.0000
vn 0.2123 0.9772 -0.0000
vn -0.3122 0.9500 -0.0000
vn 0.4130 0.9108 -0.0000
vn 0.9978 -0.0670 -0.0000
vn 0.3464 -0.9381 -0.0000
vn -0.9969 0.0792 -0.0000
vn -0.4045 -0.9146 -0.0000
vn 0.4645 0.8856 -0.0000
vn -0.0472 -0.9989 -0.0000
vn -0.8074 0.5900 -0.0000
vn 0.2951 0.9555 -0.0000
vn -0.5449 0.8385 -0.0000
vn -0.3330 0.9429 -0.0000
vn -0.8900 -0.4559 -0.0000
vn 0.3846 -0.9231 -0.0000
vn 0.9990 0.0451 -0.0000
vn 0.1358 -0.9907 -0.0000
vn -0.2375 0.9714 -0.0000
vn 0.9191 -0.3941 -0.0000
vn -0.1850 -0.9827 -0.0000
vn -0.3112 -0.9503 -0.0000
vn 0.2493 0.9684 -0.0000
vn 0.4627 -0.8865 -0.0000
vn 0.8736 0.4867 -0.0000
vn -0.3040 -0.9527 -0.0000
vn 0.4949 0.8689 -0.0000
vn -0.6612 0.7502 -0.0000
vn -0.6796 -0.7336 -0.0000
vn 0.6729 0.7398 -0.0000
vn -0.5454 -0.8381 -0.0000
vn -0.0458 0.9989 -0.0000
vn -0.7398 0.6729 -0.0000
vn 0.2152 -0.9766 -0.0000
vn -0.9847 -0.1742 -0.0000
vn 0.7697 0.6384 -0.0000
vn 0.6727 -0.7399 -0.0000
vn 0.9813 -0.1925 -0.0000
vn -0.7399 -0.6727 -0.0000
vn -0.4522 -0.8919 -0.0000
vn -0.9794 0.2021 -0.0000
vn 0.3559 -0.9345 -0.0000
vn 0.9695 -0.2452 -0.0000
vn 0.6140 0.7893 -0.0000
vn -0.5166 0.8562 -0.0000
vn 0.8375 0.5465 -0.0000
vn 0.6504 0.7596 -0.0000
vn 0.6134 0.7897 -0.0000
vn -0.0520 -0.9986 -0.0000
vn 0.2974 0.9548 -0.0000
vn -0.9298 -0.3680 -0.0000
vn -0.2862 -0.9582 -0.0000
vn 0.1213 0.9926 -0.0000
vn 0.9839 -0.1789 -0.0000
vn 0.9866 0.1631 -0.0000
vn 0.3025 -0.9532 -0.0000
vn 0.3571 0.9340 -0.0000
vn -0.9138 0.4061 -0.0000
vn 0.8381 -0.5455 -0.0000
vn -0.8115 0.5843 -0.0000
vn -0.8856 0.4645 -0.0000
vn 0.3841 0.9233 -0.0000
vn 0.2545 -0.9671 -0.0000
vn 0.1682 0.9858 -0.0000
vn -0.9601 0.2795 -0.0000
vn 0.9057 0.4239 -0.0000
vn 0.4224 0.9064 -0.0000
vn -0.9390 -0.3439 -0.0000
vn -0.1520 0.9884 -0.0000
vn -0.5978 0.8016 -0.0000
vn 0.5568 0.8307 -0.0000
vn 0.1190 0.9929 -0.0000
vn 0.9390 0.3439 -0.0000
vn -0.8356 0.5494 -0.0000
vn 0.0431 0.9991 -0.0000
vn -0.5670 0.8238 -0.0000
vn -0.3435 0.9392 -0.0000
vn -0.0155 -0.9999 -0.0000
vn -0.2781 -0.9605 -0.0000
vn 0.5841 0.8116 -0.0000
vn -0.6771 0.7358 -0.0000
vn 0.3550 -0.9348 -0.0000
vn -0.5414 -0.8407 -0.0000
vn -0.6123 0.7907 -0.0000
vn -0.4064 0.9137 -0.0000
vn 0.2958 0.9552 -0.0000
vn -0.4168 -0.9090 -0.0000
vn 0.2485 0.9686 -0.0000
vn 0.5889 0.8082 -0.0000
vn -0.3072 -0.9516 -0.0000
vn 0.9468 0.3219 -0.0000
vn 0.9390 -0.3439 -0.0000
vn -0.2733 0.9619 -0.0000
vn 0.4129 0.9108 -0.0000
vn 0.6729 0.7397 -0.0000
vn -0.5455 -0.8381 -0.0000
vn 0.1214 0.9926 -0.0000
vn -0.8856 0.4644 -0.0000
vt 0.114151 0.078900
vt 0.114151 0.078629
vt 0.114151 0.078358
vt 0.114151 0.079171
vt 0.114151 0.078087
vt 0.114151 0.079441
vt 0.114151 0.077816
vt 0.114151 0.079712
vt 0.114151 0.077545
vt 0.114151 0.079983
vt 0.114151 0.077274
vt 0.114151 0.080254
vt 0.114151 0.077003
vt 0.114151 0.080525
vt 0.114151 0.076732
vt 0.114151 0.080796
vt 0.114151 0.076461
vt 0.114151 0.081067
vt 0.114151 0.076190
vt 0.114151 0.081338
vt 0.114151 0.075919
vt 0.114151 0.081609
vt 0.114151 0.075648
vt 0.114151 0.081880
vt 0.114151 0.075377
vt 0.114151 0.082151
vt 0.114151 0.075106
vt 0.114151 0.082422
vt 0.114151 0.074836
vt 0.114151 0.082693
vt 0.114151 0.074565
vt 0.114151 0.082964
vt 0.114151 0.026609
vt 0.114151 0.074294
vt 0.114151 0.026338
vt 0.114151 0.026880
vt 0.114151 0.083235
vt 0.114151 0.074023
vt 0.114151 0.027151
vt 0.114151 0.026067
vt 0.114151 0.027422
vt 0.114151 0.025796
vt 0.114151 0.027693
vt 0.114151 0.025525
vt 0.114151 0.027964
vt 0.114151 0.025254
vt 0.114151 0.028235
vt 0.114151 0.024983
vt 0.114151 0.028506
vt 0.114151 0.024713
vt 0.114151 0.083505
vt 0.114151 0.073752
vt 0.114151 0.028777
vt 0.114151 0.024442
vt 0.114151 0.029047
vt 0.114151 0.024171
vt 0.114151 0.083776
vt 0.114151 0.073481
vt 0.114151 0.029318
vt 0.114151 0.023900
vt 0.114151 0.029589
vt 0.114151 0.023629
vt 0.114151 0.084047
vt 0.114151 0.073210
vt 0.114151 0.029860
vt 0.114151 0.023358
vt 0.114151 0.023087
vt 0.114151 0.030131
vt 0.114151 0.084318
vt 0.114151 0.072939
vt 0.114151 0.022816
vt 0.114151 0.030402
vt 0.114151 0.022545
vt 0.114151 0.030673
vt 0.114151 0.084589
vt 0.114151 0.072668
vt 0.114151 0.022274
vt 0.114151 0.030944
vt 0.114151 0.084860
vt 0.114151 0.072397
vt 0.114151 0.022003
vt 0.114151 0.031215
vt 0.114151 0.021732
vt 0.114151 0.031486
vt 0.114151 0.085131
vt 0.114151 0.072126
vt 0.114151 0.021461
vt 0.114151 0.031757
vt 0.114151 0.085402
vt 0.114151 0.071855
vt 0.114151 0.021190
vt 0.114151 0.032028
vt 0.114151 0.020919
vt 0.114151 0.032299
vt 0.114151 0.085673
vt 0.114151 0.071584
vt 0.114151 0.020648
vt 0.114151 0.032570
vt 0.114151 0.085944
vt 0.114151 0.071313
vt 0.114151 0.020378
vt 0.114151 0.032841
vt 0.114151 0.086215
vt 0.114151 0.071042
vt 0.114151 0.020107
vt 0.114151 0.033111
vt 0.114151 0.019836
vt 0.114151 0.033382
vt 0.114151 0.086486
vt 0.114151 0.070772
vt 0.114151 0.019565
vt 0.114151 0.033653
vt 0.114151 0.086757
vt 0.114151 0.070501
vt 0.114151 0.019294
vt 0.114151 0.033924
vt 0.114151 0.087028
vt 0.114151 0.070230
vt 0.114151 0.019023
vt 0.114151 0.034195
vt 0.114151 0.087299
vt 0.114151 0.069959
vt 0.114151 0.018752
vt 0.114151 0.034466
vt 0.012681 0.003164
vt 0.012680 0.003169
vt 0.012681 0.003168
vt 0.012680 0.003169
vt 0.012680 0.003169
vt 0.012680 0.003169
vt 0.012680 0.003169
vt 0.012680 0.003169
vt 0.012680 0.003169
vt 0.012680 0.003169
vt 0.012680 0.003169
vt 0.012680 0.003169
vt 0.012680 0.003169
vt 0.012680 0.003169
vt 0.012680 0.003169
vt 0.114151 0.018481
vt 0.114151 0.034737
vt 0.012680 0.003169
vt 0.114151 0.087570
vt 0.114151 0.069688
vt 0.012680 0.003169
vt 0.012680 0.003169
vt 0.012680 0.003169
vt 0.012680 0.003169
vt 0.114151 0.018210
vt 0.114151 0.035008
vt 0.012680 0.003168
vt 0.114151 0.087840
vt 0.114151 0.069417
vt 0.012680 0.003168
vt 0.012681 0.003168
vt 0.012681 0.003168
vt 0.114151 0.017939
vt 0.114151 0.035279
vt 0.012681 0.003168
vt 0.114151 0.088111
vt 0.114151 0.069146
vt 0.012681 0.003168
vt 0.012681 0.003168
vt 0.114151 0.017668
vt 0.114151 0.035550
vt 0.012681 0.003168
vt 0.114151 0.088382
vt 0.114151 0.068875
vt 0.012681 0.003168
vt 0.114151 0.017397
vt 0.114151 0.035821
vt 0.012681 0.003168
vt 0.012681 0.003168
vt 0.012681 0.003168
vt 0.012681 0.003168
vt 0.012681 0.003167
vt 0.012681 0.003168
vt 0.012681 0.003168
vt 0.012681 0.003168
vt 0.012681 0.003168
vt 0.012681 0.003168
vt 0.114151 0.088653
vt 0.114151 0.068604
vt 0.012681 0.003168
vt 0.012681 0.003168
vt 0.114151 0.017126
vt 0.114151 0.036092
vt 0.012681 0.003168
vt 0.012681 0.003168
vt 0.012681 0.003168
vt 0.012681 0.003168
vt 0.012681 0.003168
vt 0.012681 0.003168
vt 0.012681 0.003168
vt 0.012681 0.003168
vt 0.114151 0.016855
vt 0.114151 0.036363
vt 0.114151 0.088924
vt 0.114151 0.068333
vt 0.012681 0.003168
vt 0.012681 0.003168
vt 0.012681 0.003168
vt 0.012681 0.003168
vt 0.012681 0.003168
vt 0.114151 0.016584
vt 0.114151 0.036634
vt 0.012681 0.003168
vt 0.114151 0.089195
vt 0.114151 0.068062
vt 0.012681 0.003168
vt 0.012681 0.003168
vt 0.012681 0.003168
vt 0.012681 0.003168
vt 0.114151 0.016313
vt 0.114151 0.036905
vt 0.012681 0.003168
vt 0.114151 0.089466
vt 0.114151 0.067791
vt 0.012681 0.003168
vt 0.012681 0.003168
vt 0.012681 0.003168
vt 0.114151 0.016043
vt 0.114151 0.037176
vt 0.012681 0.003168
vt 0.012681 0.003168
vt 0.114151 0.089737
vt 0.114151 0.067520
vt 0.012681 0.003168
vt 0.012681 0.003168
vt 0.114151 0.015772
vt 0.114151 0.037446
vt 0.012681 0.003168
vt 0.012681 0.003168
vt 0.012681 0.003168
vt 0.114151 0.090008
vt 0.114151 0.067249
vt 0.012681 0.003168
vt 0.114151 0.015501
vt 0.114151 0.037717
vt 0.012681 0.003168
vt 0.012681 0.003168
vt 0.012681 0.003168
vt 0.012681 0.003168
vt 0.012681 0.003167
vt 0.114151 0.090279
vt 0.114151 0.066978
vt 0.114151 0.015230
vt 0.114151 0.037988
vt 0.012681 0.003167
vt 0.012681 0.003168
vt 0.012681 0.003167
vt 0.012681 0.003168
vt 0.114151 0.014959
vt 0.114151 0.038259
vt 0.012681 0.003167
vt 0.114151 0.090550
vt 0.114151 0.066707
vt 0.012681 0.003168
vt 0.012681 0.003167
vt 0.012681 0.003167
vt 0.012681 0.003167
vt 0.012681 0.003167
vt 0.114151 0.014688
vt 0.114151 0.038530
vt 0.012681 0.003167
vt 0.012681 0.003167
vt 0.114151 0.090821
vt 0.114151 0.066437
vt 0.012681 0.003167
vt 0.012680 0.003167
vt 0.012681 0.003167
vt 0.012681 0.003167
vt 0.012680 0.003167
vt 0.114151 0.014417
vt 0.114151 0.038801
vt 0.012681 0.003167
vt 0.012681 0.003167
vt 0.012680 0.003167
vt 0.012681 0.003167
vt 0.114151 0.091092
vt 0.114151 0.066166
vt 0.012681 0.003167
vt 0.012681 0.003167
vt 0.012680 0.003167
vt 0.012681 0.003167
vt 0.012681 0.003167
vt 0.012681 0.003167
vt 0.012681 0.003167
vt 0.012681 0.003166
vt 0.012681 0.003167
vt 0.114151 0.014146
vt 0.114151 0.039072
vt 0.012681 0.003167
vt 0.012681 0.003167
vt 0.012681 0.003167
vt 0.114151 0.091363
vt 0.114151 0.065895
vt 0.012681 0.003167
vt 0.114151 0.013875
vt 0.114151 0.039343
vt 0.012681 0.003167
vt 0.012681 0.003167
vt 0.012681 0.003167
vt 0.012681 0.003167
vt 0.012681 0.003167
vt 0.012681 0.003167
vt 0.012681 0.003167
vt 0.012681 0.003167
vt 0.012681 0.003167
vt 0.012681 0.003167
vt 0.114151 0.091634
vt 0.114151 0.065624
vt 0.012681 0.003167
vt 0.012681 0.003167
vt 0.114151 0.013604
vt 0.114151 0.039614
vt 0.012681 0.003167
vt 0.012681 0.003167
vt 0.012681 0.003166
vt 0.012681 0.003166
vt 0.012681 0.003166
vt 0.012681 0.003166
vt 0.012681 0.003166
vt 0.114151 0.091904
vt 0.114151 0.013333
vt 0.114151 0.039885
vt 0.114151 0.065353
vt 0.012681 0.003166
vt 0.012681 0.003166
vt 0.012681 0.003166
vt 0.012681 0.003166
vt 0.012681 0.003166
vt 0.114151 0.040156
vt 0.114151 0.013062
vt 0.012681 0.003166
vt 0.012681 0.003166
vt 0.012681 0.003165
vt 0.012681 0.003166
vt 0.114151 0.065082
vt 0.114151 0.092175
vt 0.012681 0.003166
vt 0.012681 0.003166
vt 0.012681 0.003166
vt 0.012681 0.003166
vt 0.012681 0.003166
vt 0.012681 0.003166
vt 0.012681 0.003166
vt 0.012681 0.003166
vt 0.012681 0.003166
vt 0.012681 0.003166
vt 0.012681 0.003166
vt 0.012681 0.003166
vt 0.114151 0.040427
vt 0.114151 0.012791
vt 0.012681 0.003165
vt 0.012681 0.003166
vt 0.114151 0.064811
vt 0.114151 0.092446
vt 0.012681 0.003165
vt 0.012681 0.003166
vt 0.012681 0.003165
vt 0.012681 0.003165
vt 0.012681 0.003165
vt 0.012681 0.003165
vt 0.114151 0.040698
vt 0.114151 0.012520
vt 0.012681 0.003165
vt 0.012681 0.003165
vt 0.012681 0.003165
vt 0.114151 0.064540
vt 0.114151 0.092717
vt 0.012681 0.003165
vt 0.012681 0.003165
vt 0.012681 0.003165
vt 0.114151 0.040969
vt 0.114151 0.012249
vt 0.012681 0.003165
vt 0.012681 0.003165
vt 0.012681 0.003165
vt 0.012681 0.003165
vt 0.114151 0.064269
vt 0.114151 0.092988
vt 0.012681 0.003165
vt 0.012681 0.003165
vt 0.114151 0.041240
vt 0.114151 0.011979
vt 0.012681 0.003165
vt 0.012681 0.003165
vt 0.012681 0.003165
vt 0.012681 0.003165
vt 0.114151 0.063998
vt 0.114151 0.093259
vt 0.012681 0.003165
vt 0.114151 0.041510
vt 0.114151 0.011708
vt 0.012681 0.003165
vt 0.012681 0.003165
vt 0.012681 0.003165
vt 0.012681 0.003165
vt 0.114151 0.063727
vt 0.114151 0.093530
vt 0.114151 0.011437
vt 0.114151 0.041781
vt 0.012681 0.003165
vt 0.012681 0.003165
vt 0.012681 0.003164
vt 0.012681 0.003165
vt 0.114151 0.011166
vt 0.114151 0.042052
vt 0.114151 0.063456
vt 0.114151 0.093801
vt 0.012681 0.003165
vt 0.012681 0.003164
vt 0.012681 0.003165
vt 0.114151 0.010895
vt 0.114151 0.042323
vt 0.012681 0.003165
vt 0.012681 0.003164
vt 0.114151 0.063185
vt 0.114151 0.094072
vt 0.012681 0.003165
vt 0.012681 0.003164
vt 0.012681 0.003165
vt 0.114151 0.010624
vt 0.114151 0.042594
vt 0.012681 0.003165
vt 0.114151 0.062914
vt 0.114151 0.094343
vt 0.012681 0.003164
vt 0.012681 0.003165
vt 0.114151 0.010353
vt 0.114151 0.042865
vt 0.012681 0.003164
vt 0.012681 0.003164
vt 0.012681 0.003164
vt 0.114151 0.094614
vt 0.114151 0.062643
vt 0.012681 0.003164
vt 0.114151 0.010082
vt 0.114151 0.043136
vt 0.012681 0.003164
vt 0.012681 0.003164
vt 0.012681 0.003164
vt 0.012681 0.003164
vt 0.114151 0.094885
vt 0.114151 0.062373
vt 0.012681 0.003164
vt 0.012681 0.003164
vt 0.114151 0.009811
vt 0.114151 0.043407
vt 0.012681 0.003164
vt 0.012681 0.003164
vt 0.012681 0.003164
vt 0.012681 0.003164
vt 0.012681 0.003164
vt 0.012681 0.003164
vt 0.012681 0.003164
vt 0.012681 0.003164
vt 0.012681 0.003164
vt 0.114151 0.009540
vt 0.114151 0.043678
vt 0.114151 0.095156
vt 0.114151 0.062102
vt 0.012681 0.003164
vt 0.012681 0.003163
vt 0.114151 0.009269
vt 0.114151 0.043949
vt 0.114151 0.061831
vt 0.114151 0.095427
vt 0.012681 0.003163
vt 0.012681 0.003163
vt 0.114151 0.008998
vt 0.114151 0.044220
vt 0.114151 0.061560
vt 0.114151 0.095698
vt 0.012681 0.003163
vt 0.012680 0.003162
vt 0.114151 0.008727
vt 0.114151 0.044491
vt 0.012680 0.003162
vt 0.114151 0.061289
vt 0.114151 0.095969
vt 0.012680 0.003162
vt 0.114151 0.008456
vt 0.114151 0.044762
vt 0.012680 0.003162
vt 0.012680 0.003161
vt 0.012680 0.003161
vt 0.114151 0.061018
vt 0.114151 0.096239
vt 0.012680 0.003161
vt 0.114151 0.008185
vt 0.114151 0.045033
vt 0.012679 0.003161
vt 0.012679 0.003161
vt 0.012679 0.003161
vt 0.114151 0.007915
vt 0.114151 0.045304
vt 0.114151 0.060747
vt 0.114151 0.096510
vt 0.114151 0.007644
vt 0.114151 0.045575
vt 0.114151 0.060476
vt 0.114151 0.096781
vt 0.114151 0.045845
vt 0.114151 0.007373
vt 0.114151 0.060205
vt 0.114151 0.097052
vt 0.114151 0.046116
vt 0.114151 0.007102
vt 0.114151 0.059934
vt 0.114151 0.097323
vt 0.114151 0.006831
vt 0.114151 0.046387
vt 0.114151 0.046658
vt 0.114151 0.006560
vt 0.114151 0.059663
vt 0.114151 0.097594
vt 0.114151 0.046929
vt 0.114151 0.006289
vt 0.114151 0.059392
vt 0.114151 0.097865
vt 0.114151 0.047200
vt 0.114151 0.006018
vt 0.114151 0.059121
vt 0.114151 0.098136
vt 0.114151 0.047471
vt 0.114151 0.005747
vt 0.114151 0.005476
vt 0.114151 0.047742
vt 0.114151 0.098407
vt 0.114151 0.058850
vt 0.114151 0.005205
vt 0.114151 0.048013
vt 0.114151 0.058579
vt 0.114151 0.098678
vt 0.114151 0.004934
vt 0.114151 0.048284
vt 0.114151 0.004663
vt 0.114151 0.048555
vt 0.114151 0.098949
vt 0.114151 0.058308
vt 0.114151 0.004392
vt 0.114151 0.048826
vt 0.114151 0.099220
vt 0.114151 0.058038
vt 0.114151 0.004121
vt 0.114151 0.049097
vt 0.114151 0.003850
vt 0.114151 0.049368
vt 0.114151 0.099491
vt 0.114151 0.057767
vt 0.114151 0.003580
vt 0.114151 0.049639
vt 0.114151 0.003309
vt 0.114151 0.049909
vt 0.114151 0.099762
vt 0.114151 0.057496
vt 0.114151 0.003038
vt 0.114151 0.050180
vt 0.114151 0.002767
vt 0.114151 0.050451
vt 0.114151 0.057225
vt 0.114151 0.100033
vt 0.114151 0.002496
vt 0.114151 0.050722
vt 0.114151 0.002225
vt 0.114151 0.050993
vt 0.114151 0.056954
vt 0.114151 0.100303
vt 0.114151 0.001954
vt 0.114151 0.051264
vt 0.114151 0.001683
vt 0.114151 0.051535
vt 0.114151 0.001412
vt 0.114151 0.051806
vt 0.114151 0.001141
vt 0.114151 0.052077
vt 0.114151 0.000870
vt 0.114151 0.052348
vt 0.114151 0.052619
vt 0.114151 0.056683
vt 0.114151 0.100574
vt 0.114151 0.056412
vt 0.114151 0.100845
vt 0.114151 0.056141
vt 0.114151 0.101116
vt 0.114151 0.055870
vt 0.114151 0.101387
vt 0.114151 0.101658
vt 0.114151 0.055599
vt 0.114151 0.101929
vt 0.114151 0.055328
vt 0.114151 0.102200
vt 0.114151 0.055057
vt 0.114151 0.102471
vt 0.114151 0.054786
vt 0.114151 0.054515
vt 0.114151 0.102742
vt 0.114151 0.054244
vt 0.114151 0.103013
vt 0.114151 0.053974
vt 0.114151 0.103284
vt 0.114151 0.053703
vt 0.114151 0.103555
vt 0.114151 0.053432
vt 0.114151 0.103826
vt 0.114151 0.053161
vt 0.114151 0.104097
vt 0.114151 0.052890
vt 0.114151 0.104368
vt 0.114151 0.104638
vt 0.759257 0.757112
vt 0.740738 0.738646
vt 0.722220 0.720180
vt 0.703701 0.701714
vt 0.777775 0.775578
vt 0.685183 0.683248
vt 0.796294 0.794044
vt 0.666664 0.664781
vt 0.648146 0.646315
vt 0.814812 0.812511
vt 0.629628 0.627849
vt 0.018518 0.018466
vt 0.000000 0.000000
vt 0.999997 0.997172
vt 0.981478 0.978706
vt 0.833331 0.830977
vt 0.611109 0.609383
vt 0.592591 0.590917
vt 0.851849 0.849443
vt 0.574072 0.572451
vt 0.870368 0.867909
vt 0.555554 0.553985
vt 0.537035 0.535518
vt 0.888886 0.886375
vt 0.518517 0.517052
vt 0.907404 0.904841
vt 0.333332 0.332391
vt 0.351851 0.350857
vt 0.370369 0.369323
vt 0.388888 0.387789
vt 0.407406 0.406255
vt 0.425925 0.424721
vt 0.444443 0.443188
vt 0.462961 0.461654
vt 0.481480 0.480120
vt 0.499998 0.498586
vt 0.925923 0.923307
vt 0.296295 0.295458
vt 0.314814 0.313925
vt 0.944441 0.941774
vt 0.259258 0.258526
vt 0.277777 0.276992
vt 0.240740 0.240060
vt 0.222222 0.221594
vt 0.962960 0.960240
vt 0.203703 0.203128
vt 0.185185 0.184662
vt 0.111111 0.110797
vt 0.129629 0.129263
vt 0.148148 0.147729
vt 0.166666 0.166195
vt 0.092592 0.092331
vt 0.074074 0.073865
vt 0.055555 0.055398
vt 0.037037 0.036932
vt 0.003171 0.637004
vt 0.003171 0.643685
vt 0.003171 0.329680
vt 0.003171 0.336361
vt 0.003171 0.630323
vt 0.003171 0.343042
vt 0.003171 0.623642
vt 0.003171 0.349723
vt 0.003171 0.616961
vt 0.003171 0.356404
vt 0.003171 0.610280
vt 0.003171 0.363085
vt 0.003171 0.603599
vt 0.003171 0.369766
vt 0.003171 0.596918
vt 0.003171 0.322999
vt 0.003171 0.008995
vt 0.003171 0.316318
vt 0.003171 0.015676
vt 0.003171 0.309637
vt 0.003171 0.022357
vt 0.003171 0.302956
vt 0.003171 0.376447
vt 0.003171 0.590237
vt 0.003171 0.029038
vt 0.003171 0.296276
vt 0.003171 0.035718
vt 0.003171 0.289595
vt 0.003171 0.042399
vt 0.003171 0.282914
vt 0.003171 0.383128
vt 0.003171 0.583556
vt 0.003171 0.049080
vt 0.003171 0.276233
vt 0.003171 0.055761
vt 0.003171 0.269552
vt 0.003171 0.389809
vt 0.003171 0.576876
vt 0.003171 0.062442
vt 0.003171 0.262871
vt 0.003171 0.396490
vt 0.003171 0.570195
vt 0.003171 0.069123
vt 0.003171 0.256190
vt 0.003171 0.075804
vt 0.003171 0.249509
vt 0.003171 0.403171
vt 0.003171 0.563513
vt 0.003171 0.082485
vt 0.003171 0.242828
vt 0.003171 0.556833
vt 0.003171 0.089166
vt 0.003171 0.409852
vt 0.003171 0.236147
vt 0.003171 0.095847
vt 0.003171 0.229466
vt 0.003171 0.550152
vt 0.003171 0.416533
vt 0.003171 0.102528
vt 0.003171 0.222785
vt 0.003171 0.109209
vt 0.003171 0.543471
vt 0.003171 0.216104
vt 0.003171 0.423214
vt 0.003171 0.115890
vt 0.003171 0.209423
vt 0.003171 0.536790
vt 0.003171 0.429895
vt 0.003171 0.122571
vt 0.003171 0.202742
vt 0.003171 0.129252
vt 0.003171 0.196061
vt 0.003171 0.530109
vt 0.003171 0.436576
vt 0.003171 0.135933
vt 0.003171 0.189380
vt 0.003171 0.142614
vt 0.003171 0.182699
vt 0.003171 0.149295
vt 0.003171 0.176018
vt 0.003171 0.523428
vt 0.003171 0.443256
vt 0.003171 0.155976
vt 0.003171 0.169337
vt 0.003171 0.162657
vt 0.003171 0.516747
vt 0.003171 0.449937
vt 0.003171 0.510066
vt 0.003171 0.456618
vt 0.003171 0.503385
vt 0.003171 0.463299
vt 0.003171 0.496704
vt 0.003171 0.469980
vt 0.003171 0.490023
vt 0.003171 0.476661
vt 0.003171 0.483342
vt 0.523192 0.201512
vt 0.523192 0.196257
vt 0.523192 0.191001
vt 0.523192 0.185745
vt 0.523192 0.206768
vt 0.523192 0.180490
vt 0.523192 0.212023
vt 0.523192 0.175234
vt 0.523192 0.217279
vt 0.523192 0.169978
vt 0.523192 0.222535
vt 0.523192 0.164723
vt 0.523192 0.227790
vt 0.523192 0.159467
vt 0.523192 0.233046
vt 0.523192 0.453783
vt 0.523192 0.448527
vt 0.523192 0.459038
vt 0.523192 0.443272
vt 0.523192 0.464294
vt 0.523192 0.438016
vt 0.523192 0.469550
vt 0.523192 0.154211
vt 0.523192 0.432760
vt 0.523192 0.238302
vt 0.523192 0.474805
vt 0.523192 0.427505
vt 0.523192 0.480061
vt 0.523192 0.422249
vt 0.523192 0.485317
vt 0.523192 0.416993
vt 0.523192 0.490572
vt 0.523192 0.243557
vt 0.523192 0.148956
vt 0.523192 0.411738
vt 0.523192 0.495828
vt 0.523192 0.406482
vt 0.523192 0.501084
vt 0.523192 0.248813
vt 0.523192 0.143700
vt 0.523192 0.401226
vt 0.523192 0.506339
vt 0.523192 0.395971
vt 0.523192 0.511595
vt 0.523192 0.254069
vt 0.523192 0.390715
vt 0.523192 0.138444
vt 0.523192 0.516851
vt 0.523192 0.259324
vt 0.523192 0.133189
vt 0.523192 0.264580
vt 0.523192 0.127933
vt 0.523192 0.122678
vt 0.523192 0.269835
vt 0.523192 0.117422
vt 0.523192 0.112166
vt 0.523192 0.275091
vt 0.523192 0.106911
vt 0.523192 0.280347
vt 0.523192 0.101655
vt 0.523192 0.007053
vt 0.523192 0.001798
vt 0.523192 0.385460
vt 0.523192 0.096399
vt 0.523192 0.012309
vt 0.523192 0.017565
vt 0.523192 0.285602
vt 0.523192 0.091144
vt 0.523192 0.022820
vt 0.523192 0.028076
vt 0.523192 0.085888
vt 0.523192 0.033332
vt 0.523192 0.080632
vt 0.523192 0.038587
vt 0.523192 0.290858
vt 0.523192 0.043843
vt 0.523192 0.075377
vt 0.523192 0.049099
vt 0.523192 0.070121
vt 0.523192 0.054354
vt 0.523192 0.059610
vt 0.523192 0.064865
vt 0.523192 0.296114
vt 0.523192 0.380204
vt 0.523192 0.301369
vt 0.523192 0.374948
vt 0.523192 0.369693
vt 0.523192 0.306625
vt 0.523192 0.364437
vt 0.523192 0.359181
vt 0.523192 0.311881
vt 0.523192 0.353926
vt 0.523192 0.348670
vt 0.523192 0.317136
vt 0.523192 0.343414
vt 0.523192 0.338159
vt 0.523192 0.332903
vt 0.523192 0.322392
vt 0.523192 0.327647
vt 0.006342 0.457502
vt 0.006342 0.462799
vt 0.006342 0.468096
vt 0.006342 0.473393
vt 0.006342 0.478690
vt 0.006342 0.452205
vt 0.006342 0.483987
vt 0.006342 0.489284
vt 0.006342 0.494581
vt 0.006342 0.446908
vt 0.006342 0.499878
vt 0.006342 0.505175
vt 0.006342 0.510472
vt 0.006342 0.441611
vt 0.006342 0.515769
vt 0.006342 0.521066
vt 0.006342 0.526363
vt 0.006342 0.436314
vt 0.006342 0.054928
vt 0.006342 0.049631
vt 0.006342 0.044334
vt 0.006342 0.039037
vt 0.006342 0.033740
vt 0.006342 0.028443
vt 0.006342 0.023146
vt 0.006342 0.017849
vt 0.006342 0.012552
vt 0.006342 0.431017
vt 0.006342 0.065522
vt 0.006342 0.060225
vt 0.006342 0.425720
vt 0.006342 0.076116
vt 0.006342 0.070819
vt 0.006342 0.081413
vt 0.006342 0.086710
vt 0.006342 0.092007
vt 0.006342 0.420423
vt 0.006342 0.097304
vt 0.006342 0.102601
vt 0.006342 0.107898
vt 0.006342 0.415126
vt 0.006342 0.113195
vt 0.006342 0.118492
vt 0.006342 0.409829
vt 0.006342 0.123789
vt 0.006342 0.129086
vt 0.006342 0.404532
vt 0.006342 0.134383
vt 0.006342 0.399235
vt 0.006342 0.139680
vt 0.006342 0.144977
vt 0.006342 0.393938
vt 0.006342 0.150274
vt 0.006342 0.388641
vt 0.006342 0.155571
vt 0.006342 0.160869
vt 0.006342 0.383343
vt 0.006342 0.166166
vt 0.006342 0.171463
vt 0.006342 0.378046
vt 0.006342 0.176760
vt 0.006342 0.261512
vt 0.006342 0.266809
vt 0.006342 0.272106
vt 0.006342 0.182057
vt 0.006342 0.256215
vt 0.006342 0.372749
vt 0.006342 0.250918
vt 0.006342 0.187354
vt 0.006342 0.245621
vt 0.006342 0.240324
vt 0.006342 0.235027
vt 0.006342 0.192651
vt 0.006342 0.229730
vt 0.006342 0.224433
vt 0.006342 0.197948
vt 0.006342 0.219136
vt 0.006342 0.213839
vt 0.006342 0.203245
vt 0.006342 0.208542
vt 0.006342 0.367452
vt 0.006342 0.362155
vt 0.006342 0.356858
vt 0.006342 0.351561
vt 0.006342 0.277403
vt 0.006342 0.282700
vt 0.006342 0.287997
vt 0.006342 0.346264
vt 0.006342 0.293294
vt 0.006342 0.298591
vt 0.006342 0.303888
vt 0.006342 0.309185
vt 0.006342 0.340967
vt 0.006342 0.314482
vt 0.006342 0.319779
vt 0.006342 0.325076
vt 0.006342 0.335670
vt 0.006342 0.330373
vt 0.332941 0.254998
vt 0.332941 0.256883
vt 0.332941 0.258767
vt 0.332941 0.253114
vt 0.332941 0.260651
vt 0.332941 0.251230
vt 0.332941 0.249346
vt 0.332941 0.262535
vt 0.332941 0.247461
vt 0.332941 0.264419
vt 0.332941 0.245577
vt 0.332941 0.243693
vt 0.332941 0.266304
vt 0.332941 0.241809
vt 0.332941 0.268188
vt 0.332941 0.239925
vt 0.332941 0.238040
vt 0.332941 0.270072
vt 0.332941 0.236156
vt 0.332941 0.271956
vt 0.332941 0.234272
vt 0.332941 0.232388
vt 0.332940 0.230503
vt 0.332940 0.228619
vt 0.332940 0.226735
vt 0.332940 0.224851
vt 0.332940 0.222967
vt 0.332940 0.221082
vt 0.332940 0.219198
vt 0.332940 0.217314
vt 0.332940 0.215430
vt 0.332940 0.213545
vt 0.332940 0.211661
vt 0.332940 0.209777
vt 0.332941 0.273841
vt 0.332940 0.207893
vt 0.332941 0.275725
vt 0.332940 0.206009
vt 0.332940 0.204124
vt 0.332940 0.202240
vt 0.332940 0.200356
vt 0.332940 0.198472
vt 0.332941 0.277609
vt 0.332940 0.196588
vt 0.332940 0.194703
vt 0.332940 0.192819
vt 0.332941 0.279493
vt 0.332940 0.190935
vt 0.332940 0.189051
vt 0.332941 0.281377
vt 0.332940 0.187166
vt 0.332940 0.185282
vt 0.332940 0.183398
vt 0.332940 0.000628
vt 0.332940 0.181514
vt 0.332940 0.179630
vt 0.332940 0.177745
vt 0.332940 0.175861
vt 0.332940 0.002513
vt 0.332940 0.068460
vt 0.332940 0.004397
vt 0.332940 0.173977
vt 0.332940 0.006281
vt 0.332940 0.172093
vt 0.332940 0.008165
vt 0.332940 0.170208
vt 0.332940 0.010050
vt 0.332940 0.011934
vt 0.332940 0.168324
vt 0.332940 0.013818
vt 0.332940 0.166440
vt 0.332940 0.015702
vt 0.332940 0.017586
vt 0.332940 0.164556
vt 0.332940 0.019471
vt 0.332940 0.021355
vt 0.332940 0.162672
vt 0.332940 0.023239
vt 0.332940 0.160787
vt 0.332940 0.025123
vt 0.332940 0.027008
vt 0.332940 0.158903
vt 0.332940 0.028892
vt 0.332940 0.030776
vt 0.332940 0.066576
vt 0.332940 0.157019
vt 0.332940 0.064692
vt 0.332940 0.032660
vt 0.332940 0.062808
vt 0.332941 0.324715
vt 0.332941 0.326599
vt 0.332940 0.070345
vt 0.332941 0.283262
vt 0.332940 0.034544
vt 0.332941 0.322830
vt 0.332940 0.060924
vt 0.332941 0.285146
vt 0.332941 0.320946
vt 0.332940 0.155135
vt 0.332940 0.036429
vt 0.332941 0.287030
vt 0.332940 0.059039
vt 0.332941 0.319062
vt 0.332941 0.288914
vt 0.332940 0.057155
vt 0.332941 0.317178
vt 0.332940 0.038313
vt 0.332941 0.290799
vt 0.332941 0.315293
vt 0.332940 0.055271
vt 0.332941 0.292683
vt 0.332941 0.313409
vt 0.332940 0.040197
vt 0.332941 0.294567
vt 0.332940 0.053387
vt 0.332941 0.311525
vt 0.332941 0.296451
vt 0.332940 0.153250
vt 0.332941 0.309641
vt 0.332940 0.042081
vt 0.332940 0.051502
vt 0.332941 0.298335
vt 0.332941 0.307757
vt 0.332941 0.300220
vt 0.332941 0.305872
vt 0.332940 0.049618
vt 0.332941 0.302104
vt 0.332941 0.303988
vt 0.332940 0.043966
vt 0.332940 0.047734
vt 0.332940 0.045850
vt 0.332940 0.115566
vt 0.332940 0.151366
vt 0.332940 0.117450
vt 0.332940 0.113682
vt 0.332940 0.149482
vt 0.332940 0.119334
vt 0.332940 0.111798
vt 0.332940 0.072229
vt 0.332940 0.147598
vt 0.332940 0.121219
vt 0.332940 0.109913
vt 0.332940 0.074113
vt 0.332940 0.123103
vt 0.332940 0.108029
vt 0.332940 0.145714
vt 0.332940 0.075997
vt 0.332940 0.124987
vt 0.332940 0.106145
vt 0.332940 0.077882
vt 0.332940 0.143829
vt 0.332940 0.126871
vt 0.332940 0.104261
vt 0.332940 0.079766
vt 0.332940 0.128756
vt 0.332940 0.102376
vt 0.332940 0.081650
vt 0.332940 0.141945
vt 0.332940 0.130640
vt 0.332940 0.100492
vt 0.332940 0.083534
vt 0.332940 0.132524
vt 0.332940 0.085418
vt 0.332940 0.098608
vt 0.332940 0.140061
vt 0.332940 0.087303
vt 0.332940 0.134408
vt 0.332940 0.096724
vt 0.332940 0.089187
vt 0.332940 0.136292
vt 0.332940 0.094840
vt 0.332940 0.138177
vt 0.332940 0.091071
vt 0.332940 0.092955
vt 0.421725 0.209528
vt 0.421725 0.214862
vt 0.421725 0.198861
vt 0.421725 0.220196
vt 0.421725 0.225530
vt 0.421725 0.230864
vt 0.421725 0.236197
vt 0.421725 0.241531
vt 0.421725 0.246865
vt 0.421725 0.252199
vt 0.421725 0.257532
vt 0.421725 0.193527
vt 0.421725 0.188193
vt 0.421725 0.262866
vt 0.421725 0.001511
vt 0.421725 0.182860
vt 0.421725 0.177526
vt 0.421725 0.172192
vt 0.421725 0.166858
vt 0.421725 0.268200
vt 0.421725 0.161524
vt 0.421725 0.156191
vt 0.421725 0.273534
vt 0.421725 0.150857
vt 0.421725 0.145523
vt 0.421725 0.278868
vt 0.421725 0.140189
vt 0.421725 0.134856
vt 0.421725 0.284201
vt 0.421725 0.129522
vt 0.421725 0.124188
vt 0.421725 0.289535
vt 0.421725 0.118854
vt 0.421725 0.294869
vt 0.421725 0.113520
vt 0.421725 0.108187
vt 0.421725 0.300203
vt 0.421725 0.102853
vt 0.421725 0.097519
vt 0.421725 0.305536
vt 0.421725 0.092185
vt 0.421725 0.310870
vt 0.421725 0.086852
vt 0.421725 0.006845
vt 0.421725 0.081518
vt 0.421725 0.012179
vt 0.421725 0.017512
vt 0.421725 0.412212
vt 0.421725 0.022846
vt 0.421725 0.076184
vt 0.421725 0.028180
vt 0.421725 0.033514
vt 0.421725 0.316204
vt 0.421725 0.070850
vt 0.421725 0.038848
vt 0.421725 0.044181
vt 0.421725 0.049515
vt 0.421725 0.065516
vt 0.421725 0.054849
vt 0.421725 0.060183
vt 0.421725 0.321538
vt 0.421725 0.326872
vt 0.421725 0.332205
vt 0.421725 0.204195
vt 0.421725 0.406878
vt 0.421725 0.337539
vt 0.421725 0.401545
vt 0.421725 0.396211
vt 0.421725 0.390877
vt 0.421725 0.385543
vt 0.421725 0.342873
vt 0.421725 0.380209
vt 0.421725 0.374876
vt 0.421725 0.369542
vt 0.421725 0.364208
vt 0.421725 0.348207
vt 0.421725 0.358874
vt 0.421725 0.353540
vt 0.323428 0.277442
vt 0.323428 0.280004
vt 0.323428 0.282566
vt 0.323428 0.285127
vt 0.323428 0.287689
vt 0.323428 0.274880
vt 0.323428 0.290251
vt 0.323428 0.292812
vt 0.323428 0.272319
vt 0.323428 0.295374
vt 0.323428 0.297936
vt 0.323428 0.269757
vt 0.323428 0.300498
vt 0.323428 0.303059
vt 0.323428 0.267195
vt 0.323428 0.305621
vt 0.323428 0.308183
vt 0.323428 0.264634
vt 0.323428 0.310744
vt 0.323428 0.021270
vt 0.323428 0.018709
vt 0.323428 0.016147
vt 0.323428 0.013585
vt 0.323428 0.011023
vt 0.323428 0.008462
vt 0.323428 0.005900
vt 0.323428 0.003338
vt 0.323428 0.000777
vt 0.323428 0.262072
vt 0.323428 0.026394
vt 0.323428 0.023832
vt 0.323428 0.259510
vt 0.323428 0.031517
vt 0.323428 0.028955
vt 0.323428 0.256948
vt 0.323428 0.034079
vt 0.323428 0.036641
vt 0.323428 0.039202
vt 0.323428 0.041764
vt 0.323428 0.044326
vt 0.323428 0.046888
vt 0.323428 0.254387
vt 0.323428 0.049449
vt 0.323428 0.052011
vt 0.323428 0.054573
vt 0.323428 0.251825
vt 0.323428 0.057134
vt 0.323428 0.059696
vt 0.323428 0.249263
vt 0.323428 0.062258
vt 0.323428 0.064820
vt 0.323428 0.246702
vt 0.323428 0.067381
vt 0.323428 0.069943
vt 0.323428 0.244140
vt 0.323428 0.072505
vt 0.323428 0.241578
vt 0.323428 0.075066
vt 0.323428 0.077628
vt 0.323428 0.239016
vt 0.323428 0.080190
vt 0.323428 0.236455
vt 0.323428 0.082752
vt 0.323428 0.233893
vt 0.323428 0.085313
vt 0.323428 0.231331
vt 0.323428 0.087875
vt 0.323428 0.228770
vt 0.323428 0.226208
vt 0.323428 0.090437
vt 0.323428 0.223646
vt 0.323428 0.221084
vt 0.323428 0.092998
vt 0.323428 0.218523
vt 0.323428 0.154480
vt 0.323428 0.157041
vt 0.323428 0.159603
vt 0.323428 0.095560
vt 0.323428 0.215961
vt 0.323428 0.162165
vt 0.323428 0.213399
vt 0.323428 0.098122
vt 0.323428 0.164727
vt 0.323428 0.210837
vt 0.323428 0.167288
vt 0.323428 0.208276
vt 0.323428 0.205714
vt 0.323428 0.100684
vt 0.323428 0.169850
vt 0.323428 0.203152
vt 0.323428 0.172412
vt 0.323428 0.200591
vt 0.323428 0.174973
vt 0.323428 0.103245
vt 0.323428 0.198029
vt 0.323428 0.177535
vt 0.323428 0.195467
vt 0.323428 0.180097
vt 0.323428 0.192905
vt 0.323428 0.182659
vt 0.323428 0.190344
vt 0.323428 0.185220
vt 0.323428 0.105807
vt 0.323428 0.187782
vt 0.323428 0.108369
vt 0.323428 0.151918
vt 0.323428 0.149356
vt 0.323428 0.110930
vt 0.323428 0.146795
vt 0.323428 0.113492
vt 0.323428 0.144233
vt 0.323428 0.141671
vt 0.323428 0.116054
vt 0.323428 0.139109
vt 0.323428 0.136548
vt 0.323428 0.118616
vt 0.323428 0.133986
vt 0.323428 0.131424
vt 0.323428 0.121177
vt 0.323428 0.128863
vt 0.323428 0.126301
vt 0.323428 0.123739
vt 0.396358 0.382780
vt 0.396358 0.386845
vt 0.396358 0.195780
vt 0.396358 0.199845
vt 0.396358 0.378715
vt 0.396358 0.203910
vt 0.396358 0.374649
vt 0.396358 0.207975
vt 0.396358 0.370584
vt 0.396358 0.212040
vt 0.396358 0.366519
vt 0.396358 0.216106
vt 0.396358 0.362454
vt 0.396358 0.220171
vt 0.396358 0.358389
vt 0.396358 0.191714
vt 0.396358 0.000649
vt 0.396358 0.187649
vt 0.396358 0.004714
vt 0.396358 0.183584
vt 0.396358 0.008779
vt 0.396358 0.179519
vt 0.396358 0.224236
vt 0.396358 0.354323
vt 0.396358 0.012844
vt 0.396358 0.175453
vt 0.396358 0.016910
vt 0.396358 0.171388
vt 0.396358 0.020975
vt 0.396358 0.167323
vt 0.396358 0.228301
vt 0.396358 0.350258
vt 0.396358 0.025040
vt 0.396358 0.163258
vt 0.396358 0.029105
vt 0.396358 0.159193
vt 0.396358 0.232367
vt 0.396358 0.346193
vt 0.396358 0.033171
vt 0.396358 0.155127
vt 0.396358 0.236432
vt 0.396358 0.342128
vt 0.396358 0.037236
vt 0.396358 0.151062
vt 0.396358 0.041301
vt 0.396358 0.146997
vt 0.396358 0.240497
vt 0.396358 0.338062
vt 0.396358 0.045366
vt 0.396358 0.142932
vt 0.396358 0.333997
vt 0.396358 0.049431
vt 0.396358 0.244562
vt 0.396358 0.138866
vt 0.396358 0.053497
vt 0.396358 0.134801
vt 0.396358 0.329932
vt 0.396358 0.248627
vt 0.396358 0.057562
vt 0.396358 0.130736
vt 0.396358 0.061627
vt 0.396358 0.325867
vt 0.396358 0.126671
vt 0.396358 0.252693
vt 0.396358 0.065692
vt 0.396358 0.122605
vt 0.396358 0.321802
vt 0.396358 0.256758
vt 0.396358 0.069758
vt 0.396358 0.118540
vt 0.396358 0.073823
vt 0.396358 0.114475
vt 0.396358 0.317736
vt 0.396358 0.260823
vt 0.396358 0.077888
vt 0.396358 0.110410
vt 0.396358 0.081953
vt 0.396358 0.106345
vt 0.396358 0.086018
vt 0.396358 0.102279
vt 0.396358 0.313671
vt 0.396358 0.264888
vt 0.396358 0.090084
vt 0.396358 0.098214
vt 0.396358 0.094149
vt 0.396358 0.309606
vt 0.396358 0.268954
vt 0.396358 0.305541
vt 0.396358 0.273019
vt 0.396358 0.301475
vt 0.396358 0.277084
vt 0.396358 0.297410
vt 0.396358 0.281149
vt 0.396358 0.293345
vt 0.396358 0.285215
vt 0.396358 0.289280
vt 0.424775 0.428053
vt 0.310061 0.313664
vt 0.195348 0.199274
vt 0.998342 1.000000
vt 0.539488 0.542442
vt 0.654202 0.656832
vt 0.883628 0.885610
vt 0.768915 0.771221
vt 0.424895 0.400617
vt 0.424895 0.408000
vt 0.424895 0.415383
vt 0.424895 0.001924
vt 0.424895 0.090522
vt 0.424895 0.097906
vt 0.424895 0.105289
vt 0.424895 0.083139
vt 0.424895 0.112672
vt 0.424895 0.075756
vt 0.424895 0.068373
vt 0.424895 0.120055
vt 0.424895 0.060990
vt 0.424895 0.127438
vt 0.424895 0.053606
vt 0.424895 0.046223
vt 0.424895 0.134822
vt 0.424895 0.038840
vt 0.424895 0.031457
vt 0.424895 0.142205
vt 0.424895 0.024074
vt 0.424895 0.149588
vt 0.424895 0.016690
vt 0.424895 0.009307
vt 0.424895 0.297252
vt 0.424895 0.156971
vt 0.424895 0.385850
vt 0.424895 0.378467
vt 0.424895 0.371084
vt 0.424895 0.363701
vt 0.424895 0.356317
vt 0.424895 0.348934
vt 0.424895 0.341551
vt 0.424895 0.334168
vt 0.424895 0.326785
vt 0.424895 0.319401
vt 0.424895 0.312018
vt 0.424895 0.304635
vt 0.424895 0.289869
vt 0.424895 0.282485
vt 0.424895 0.275102
vt 0.424895 0.267719
vt 0.424895 0.164354
vt 0.424895 0.260336
vt 0.424895 0.252953
vt 0.424895 0.245569
vt 0.424895 0.171737
vt 0.424895 0.238186
vt 0.424895 0.230803
vt 0.424895 0.179121
vt 0.424895 0.223420
vt 0.424895 0.393233
vt 0.424895 0.216037
vt 0.424895 0.186504
vt 0.424895 0.208653
vt 0.424895 0.201270
vt 0.424895 0.193887
vt 0.196593 0.168925
vt 0.196593 0.170322
vt 0.196593 0.171718
vt 0.196593 0.173115
vt 0.196593 0.167529
vt 0.196593 0.174512
vt 0.196593 0.175908
vt 0.196593 0.166132
vt 0.196593 0.177305
vt 0.196593 0.178701
vt 0.196593 0.164735
vt 0.196593 0.180098
vt 0.196593 0.181495
vt 0.196593 0.163339
vt 0.196593 0.182891
vt 0.196593 0.184288
vt 0.196593 0.161942
vt 0.196593 0.185684
vt 0.196593 0.187081
vt 0.196593 0.160546
vt 0.196593 0.012508
vt 0.196593 0.011111
vt 0.196593 0.009714
vt 0.196593 0.008318
vt 0.196593 0.006921
vt 0.196593 0.005525
vt 0.196593 0.004128
vt 0.196593 0.002731
vt 0.196593 0.001335
vt 0.196593 0.159149
vt 0.196593 0.015301
vt 0.196593 0.013904
vt 0.196593 0.157753
vt 0.196593 0.016697
vt 0.196593 0.156356
vt 0.196593 0.019490
vt 0.196593 0.018094
vt 0.196593 0.020887
vt 0.196593 0.022284
vt 0.196593 0.023680
vt 0.196593 0.025077
vt 0.196593 0.026473
vt 0.196593 0.154959
vt 0.196593 0.027870
vt 0.196593 0.029267
vt 0.196593 0.030663
vt 0.196593 0.032060
vt 0.196593 0.153563
vt 0.196593 0.033456
vt 0.196593 0.034853
vt 0.196593 0.036250
vt 0.196593 0.152166
vt 0.196593 0.037646
vt 0.196593 0.039043
vt 0.196593 0.040439
vt 0.196593 0.041836
vt 0.196593 0.043232
vt 0.196593 0.150770
vt 0.196593 0.044629
vt 0.196593 0.046026
vt 0.196593 0.047422
vt 0.196593 0.149373
vt 0.196593 0.048819
vt 0.196593 0.050215
vt 0.196593 0.051612
vt 0.196593 0.147976
vt 0.196593 0.053009
vt 0.196593 0.146580
vt 0.196593 0.054405
vt 0.196593 0.055802
vt 0.196593 0.145183
vt 0.196593 0.057198
vt 0.196593 0.143787
vt 0.196593 0.058595
vt 0.196593 0.059992
vt 0.196593 0.142390
vt 0.196593 0.061388
vt 0.196593 0.140994
vt 0.196593 0.062785
vt 0.196593 0.064181
vt 0.196593 0.139597
vt 0.196593 0.065578
vt 0.196593 0.138200
vt 0.196593 0.066974
vt 0.196593 0.136804
vt 0.196593 0.068371
vt 0.196593 0.101889
vt 0.196593 0.103286
vt 0.196593 0.104682
vt 0.196593 0.069768
vt 0.196593 0.135407
vt 0.196593 0.106079
vt 0.196593 0.134011
vt 0.196593 0.107475
vt 0.196593 0.132614
vt 0.196593 0.071164
vt 0.196593 0.108872
vt 0.196593 0.131217
vt 0.196593 0.110269
vt 0.196593 0.129821
vt 0.196593 0.111665
vt 0.196593 0.128424
vt 0.196593 0.072561
vt 0.196593 0.113062
vt 0.196593 0.127028
vt 0.196593 0.125631
vt 0.196593 0.114458
vt 0.196593 0.124234
vt 0.196593 0.115855
vt 0.196593 0.122838
vt 0.196593 0.117252
vt 0.196593 0.121441
vt 0.196593 0.118648
vt 0.196593 0.120045
vt 0.196593 0.073957
vt 0.196593 0.075354
vt 0.196593 0.076751
vt 0.196593 0.100493
vt 0.196593 0.078147
vt 0.196593 0.099096
vt 0.196593 0.097699
vt 0.196593 0.079544
vt 0.196593 0.096303
vt 0.196593 0.094906
vt 0.196593 0.080940
vt 0.196593 0.093510
vt 0.196593 0.082337
vt 0.196593 0.092113
vt 0.196593 0.090716
vt 0.196593 0.083733
vt 0.196593 0.089320
vt 0.196593 0.087923
vt 0.196593 0.085130
vt 0.196593 0.086527
vt 0.383674 0.170804
vt 0.383674 0.177583
vt 0.383674 0.184361
vt 0.383674 0.191140
vt 0.383674 0.353826
vt 0.383674 0.360605
vt 0.383674 0.367383
vt 0.383674 0.374162
vt 0.383674 0.164025
vt 0.383674 0.197918
vt 0.383674 0.204697
vt 0.383674 0.157247
vt 0.383674 0.211475
vt 0.383674 0.347047
vt 0.383674 0.218254
vt 0.383674 0.340269
vt 0.383674 0.150468
vt 0.383674 0.225033
vt 0.383674 0.333490
vt 0.383674 0.326712
vt 0.383674 0.231811
vt 0.383674 0.143690
vt 0.383674 0.319933
vt 0.383674 0.238590
vt 0.383674 0.313154
vt 0.383674 0.008118
vt 0.383674 0.245368
vt 0.383674 0.306376
vt 0.383674 0.252147
vt 0.383674 0.299597
vt 0.383674 0.136911
vt 0.383674 0.292819
vt 0.383674 0.258926
vt 0.383674 0.286040
vt 0.383674 0.265704
vt 0.383674 0.279261
vt 0.383674 0.272483
vt 0.383674 0.014896
vt 0.383674 0.001339
vt 0.383674 0.130132
vt 0.383674 0.021675
vt 0.383674 0.028453
vt 0.383674 0.123354
vt 0.383674 0.035232
vt 0.383674 0.116575
vt 0.383674 0.042011
vt 0.383674 0.048789
vt 0.383674 0.109797
vt 0.383674 0.055568
vt 0.383674 0.062346
vt 0.383674 0.103018
vt 0.383674 0.069125
vt 0.383674 0.096239
vt 0.383674 0.075904
vt 0.383674 0.082682
vt 0.383674 0.089461
vt 0.009513 0.330287
vt 0.009513 0.336111
vt 0.009513 0.167210
vt 0.009513 0.173034
vt 0.009513 0.178858
vt 0.009513 0.184682
vt 0.009513 0.190506
vt 0.009513 0.196331
vt 0.009513 0.202155
vt 0.009513 0.207979
vt 0.009513 0.213803
vt 0.009513 0.161385
vt 0.009513 0.219627
vt 0.009513 0.015780
vt 0.009513 0.155561
vt 0.009513 0.149737
vt 0.009513 0.143913
vt 0.009513 0.225452
vt 0.009513 0.138089
vt 0.009513 0.132264
vt 0.009513 0.126440
vt 0.009513 0.231276
vt 0.009513 0.120616
vt 0.009513 0.114792
vt 0.009513 0.108968
vt 0.009513 0.237100
vt 0.009513 0.103143
vt 0.009513 0.097319
vt 0.009513 0.242924
vt 0.009513 0.091495
vt 0.009513 0.085671
vt 0.009513 0.248748
vt 0.009513 0.079847
vt 0.009513 0.254573
vt 0.009513 0.074022
vt 0.009513 0.068198
vt 0.009513 0.260397
vt 0.009513 0.062374
vt 0.009513 0.056550
vt 0.009513 0.266221
vt 0.009513 0.050726
vt 0.009513 0.044901
vt 0.009513 0.039077
vt 0.009513 0.033253
vt 0.009513 0.272045
vt 0.009513 0.027429
vt 0.009513 0.021605
vt 0.009513 0.318639
vt 0.009513 0.277869
vt 0.009513 0.283694
vt 0.009513 0.289518
vt 0.009513 0.295342
vt 0.009513 0.301166
vt 0.009513 0.306990
vt 0.009513 0.312815
vt 0.009513 0.324463
vt 0.012683 0.003163
vt 0.012681 0.003169
vt 0.012681 0.003171
vt 0.012681 0.003170
vt 0.012681 0.003170
vt 0.012681 0.003170
vt 0.012681 0.003170
vt 0.012681 0.003170
vt 0.012681 0.003170
vt 0.012681 0.003170
vt 0.012681 0.003170
vt 0.012681 0.003169
vt 0.012681 0.003169
vt 0.012681 0.003169
vt 0.012681 0.003169
vt 0.012681 0.003169
vt 0.012681 0.003169
vt 0.012681 0.003169
vt 0.012681 0.003169
vt 0.012681 0.003169
vt 0.012681 0.003169
vt 0.012681 0.003169
vt 0.012681 0.003169
vt 0.012681 0.003169
vt 0.012681 0.003169
vt 0.012681 0.003169
vt 0.012681 0.003169
vt 0.012681 0.003169
vt 0.012681 0.003169
vt 0.114151 0.035821
vt 0.012681 0.003169
vt 0.012681 0.003169
vt 0.012681 0.003169
vt 0.012681 0.003169
vt 0.012681 0.003167
vt 0.012681 0.003169
vt 0.012681 0.003169
vt 0.012681 0.003169
vt 0.012681 0.003169
vt 0.012681 0.003169
vt 0.012681 0.003169
vt 0.012681 0.003168
vt 0.114151 0.036092
vt 0.012681 0.003169
vt 0.012681 0.003169
vt 0.012681 0.003169
vt 0.012681 0.003168
vt 0.012681 0.003169
vt 0.012681 0.003169
vt 0.012681 0.003168
vt 0.012681 0.003169
vt 0.012681 0.003168
vt 0.012681 0.003168
vt 0.012681 0.003168
vt 0.012681 0.003168
vt 0.012681 0.003168
vt 0.012681 0.003168
vt 0.012681 0.003168
vt 0.012681 0.003168
vt 0.012681 0.003168
vt 0.012681 0.003168
vt 0.012681 0.003168
vt 0.012681 0.003168
vt 0.012681 0.003168
vt 0.012681 0.003168
vt 0.012681 0.003168
vt 0.012681 0.003168
vt 0.012681 0.003168
vt 0.012681 0.003168
vt 0.012681 0.003168
vt 0.012681 0.003168
vt 0.012681 0.003168
vt 0.012681 0.003168
vt 0.012681 0.003168
vt 0.012681 0.003168
vt 0.012681 0.003168
vt 0.012681 0.003168
vt 0.012681 0.003168
vt 0.012681 0.003168
vt 0.012681 0.003168
vt 0.012681 0.003168
vt 0.012681 0.003168
vt 0.012681 0.003168
vt 0.012681 0.003168
vt 0.012681 0.003168
vt 0.012681 0.003168
vt 0.012681 0.003168
vt 0.012681 0.003168
vt 0.012681 0.003168
vt 0.012681 0.003167
vt 0.012681 0.003167
vt 0.012681 0.003168
vt 0.012681 0.003167
vt 0.012681 0.003167
vt 0.012681 0.003168
vt 0.012681 0.003167
vt 0.012681 0.003167
vt 0.012681 0.003168
vt 0.012681 0.003167
vt 0.012681 0.003167
vt 0.012681 0.003167
vt 0.012681 0.003168
vt 0.012681 0.003167
vt 0.012681 0.003167
vt 0.012681 0.003167
vt 0.012681 0.003167
vt 0.012681 0.003166
vt 0.012681 0.003167
vt 0.012681 0.003167
vt 0.012681 0.003167
vt 0.012681 0.003167
vt 0.012681 0.003167
vt 0.012681 0.003167
vt 0.012681 0.003167
vt 0.012681 0.003167
vt 0.012681 0.003167
vt 0.012681 0.003167
vt 0.012681 0.003167
vt 0.012681 0.003167
vt 0.012681 0.003167
vt 0.012681 0.003167
vt 0.012681 0.003167
vt 0.012681 0.003167
vt 0.012681 0.003167
vt 0.012681 0.003167
vt 0.012681 0.003167
vt 0.012681 0.003167
vt 0.012681 0.003166
vt 0.012681 0.003166
vt 0.012681 0.003166
vt 0.012681 0.003166
vt 0.012681 0.003166
vt 0.012681 0.003166
vt 0.012681 0.003166
vt 0.012681 0.003166
vt 0.012681 0.003166
vt 0.012681 0.003166
vt 0.012681 0.003166
vt 0.012682 0.003164
vt 0.012681 0.003166
vt 0.012681 0.003166
vt 0.012681 0.003166
vt 0.012681 0.003166
vt 0.012681 0.003165
vt 0.012681 0.003166
vt 0.012681 0.003166
vt 0.012681 0.003166
vt 0.012681 0.003165
vt 0.012681 0.003165
vt 0.012681 0.003165
vt 0.012681 0.003165
vt 0.012681 0.003165
vt 0.012681 0.003165
vt 0.012681 0.003165
vt 0.012681 0.003165
vt 0.012681 0.003165
vt 0.012681 0.003165
vt 0.012681 0.003165
vt 0.012681 0.003165
vt 0.012681 0.003165
vt 0.012681 0.003165
vt 0.012681 0.003165
vt 0.012681 0.003165
vt 0.012681 0.003165
vt 0.012681 0.003165
vt 0.012681 0.003165
vt 0.012681 0.003165
vt 0.012681 0.003165
vt 0.012681 0.003165
vt 0.012681 0.003165
vt 0.012681 0.003165
vt 0.012681 0.003165
vt 0.012681 0.003164
vt 0.012681 0.003165
vt 0.012681 0.003164
vt 0.012681 0.003165
vt 0.012681 0.003164
vt 0.012681 0.003165
vt 0.012681 0.003164
vt 0.012681 0.003164
vt 0.012681 0.003164
vt 0.012681 0.003164
vt 0.012681 0.003164
vt 0.012681 0.003164
vt 0.012681 0.003164
vt 0.114151 0.063456
vt 0.012681 0.003164
vt 0.012681 0.003164
vt 0.012681 0.003164
vt 0.012681 0.003164
vt 0.012681 0.003164
vt 0.012681 0.003164
vt 0.012681 0.003164
vt 0.012681 0.003164
vt 0.012681 0.003164
vt 0.012681 0.003164
vt 0.012681 0.003164
vt 0.012681 0.003164
vt 0.012681 0.003164
vt 0.012681 0.003164
vt 0.012681 0.003164
vt 0.012681 0.003164
vt 0.012681 0.003163
vt 0.012681 0.003164
vt 0.012681 0.003164
vt 0.012681 0.003163
vt 0.012681 0.003164
vt 0.012681 0.003164
vt 0.012682 0.003164
vt 0.012682 0.003164
vt 0.012681 0.003163
vt 0.012682 0.003164
vt 0.012682 0.003164
vt 0.012682 0.003164
vt 0.012682 0.003164
vt 0.012682 0.003164
vt 0.012681 0.003163
vt 0.012681 0.003162
vt 0.114151 0.043949
vt 0.012681 0.003162
vt 0.012681 0.003161
vt 0.012681 0.003161
vt 0.012681 0.003161
vt 0.012682 0.003160
vt 0.012682 0.003160
vt 0.012682 0.003159
vt 0.012682 0.003159
vt 0.012682 0.003158
vt 0.012682 0.003158
vt 0.012683 0.003157
vt 0.012683 0.003157
vt 0.012683 0.003157
vt 0.114151 0.060747
vt 0.114151 0.058308
vt 0.114151 0.049910
vt 0.114151 0.103826
vt 0.114151 0.052890
vt 0.055555 0.055399
vt 0.003171 0.169337
vt 0.003171 0.162657
vt 0.523192 0.122678
vt 0.523192 0.117422
vt 0.523192 0.080632
vt 0.523192 0.075377
vt 0.006342 0.309185
vt 0.006342 0.314482
vt 0.006342 0.319779
vt 0.006342 0.325076
vt 0.006342 0.335670
vt 0.332940 0.008165
vt 0.332940 0.128756
vt 0.332940 0.096724
vt 0.421725 0.204195
vt 0.421725 0.348207
vt 0.323428 0.221084
vt 0.323428 0.218523
vt 0.396358 0.252693
vt 0.396358 0.118540
vt 0.396358 0.106345
vt 0.396358 0.281149
vt 0.196593 0.083733
vt 0.383674 0.184361
vt 0.383674 0.245368
vt 0.012681 0.003167
vt 0.012681 0.003167
vt 0.012681 0.003167
s 0
usemtl マテリアル
f 322/1/1 323/2/1 324/3/1
f 321/4/1 322/1/1 324/3/1
f 321/4/1 324/3/1 325/5/1
f 320/6/1 321/4/1 325/5/1
f 320/6/1 325/5/1 326/7/1
f 319/8/1 320/6/1 326/7/1
f 319/8/1 326/7/1 327/9/1
f 318/10/1 319/8/1 327/9/1
f 318/10/1 327/9/1 328/11/1
f 317/12/1 318/10/1 328/11/1
f 317/12/1 328/11/1 329/13/1
f 316/14/1 317/12/1 329/13/1
f 316/14/1 329/13/1 330/15/1
f 315/16/1 316/14/1 330/15/1
f 315/16/1 330/15/1 331/17/1
f 314/18/1 315/16/1 331/17/1
f 314/18/1 331/17/1 332/19/1
f 313/20/1 314/18/1 332/19/1
f 313/20/1 332/19/1 333/21/1
f 312/22/1 313/20/1 333/21/1
f 312/22/1 333/21/1 334/23/1
f 311/24/1 312/22/1 334/23/1
f 311/24/1 334/23/1 335/25/1
f 310/26/1 311/24/1 335/25/1
f 310/26/1 335/25/1 336/27/1
f 309/28/1 310/26/1 336/27/1
f 309/28/1 336/27/1 337/29/1
f 308/30/1 309/28/1 337/29/1
f 308/30/1 337/29/1 338/31/1
f 307/32/1 308/30/1 338/31/1
f 307/32/1 338/31/1 515/33/1
f 515/33/1 338/31/1 339/34/1
f 307/32/1 515/33/1 516/35/1
f 514/36/1 515/33/1 339/34/1
f 306/37/1 307/32/1 516/35/1
f 514/36/1 339/34/1 340/38/1
f 513/39/1 514/36/1 340/38/1
f 306/37/1 516/35/1 517/40/1
f 512/41/1 513/39/1 340/38/1
f 306/37/1 517/40/1 518/42/1
f 511/43/1 512/41/1 340/38/1
f 306/37/1 518/42/1 519/44/1
f 510/45/1 511/43/1 340/38/1
f 306/37/1 519/44/1 520/46/1
f 509/47/1 510/45/1 340/38/1
f 306/37/1 520/46/1 521/48/1
f 508/49/1 509/47/1 340/38/1
f 306/37/1 521/48/1 522/50/1
f 305/51/1 306/37/1 522/50/1
f 508/49/1 340/38/1 341/52/1
f 507/53/1 508/49/1 341/52/1
f 305/51/1 522/50/1 523/54/1
f 506/55/1 507/53/1 341/52/1
f 305/51/1 523/54/1 524/56/1
f 304/57/1 305/51/1 524/56/1
f 506/55/1 341/52/1 342/58/1
f 505/59/1 506/55/1 342/58/1
f 304/57/1 524/56/1 525/60/1
f 504/61/1 505/59/1 342/58/1
f 304/57/1 525/60/1 526/62/1
f 303/63/1 304/57/1 526/62/1
f 504/61/1 342/58/1 343/64/1
f 503/65/1 504/61/1 343/64/1
f 303/63/1 526/62/1 527/66/1
f 303/63/1 527/66/1 528/67/1
f 502/68/1 503/65/1 343/64/1
f 302/69/1 303/63/1 528/67/1
f 502/68/1 343/64/1 344/70/1
f 302/69/1 528/67/1 529/71/1
f 501/72/1 502/68/1 344/70/1
f 302/69/1 529/71/1 530/73/1
f 500/74/1 501/72/1 344/70/1
f 301/75/1 302/69/1 530/73/1
f 500/74/1 344/70/1 345/76/1
f 301/75/1 530/73/1 531/77/1
f 499/78/1 500/74/1 345/76/1
f 300/79/1 301/75/1 531/77/1
f 499/78/1 345/76/1 346/80/1
f 300/79/1 531/77/1 532/81/1
f 498/82/1 499/78/1 346/80/1
f 300/79/1 532/81/1 533/83/1
f 497/84/1 498/82/1 346/80/1
f 299/85/1 300/79/1 533/83/1
f 497/84/1 346/80/1 347/86/1
f 299/85/1 533/83/1 534/87/1
f 496/88/1 497/84/1 347/86/1
f 298/89/1 299/85/1 534/87/1
f 496/88/1 347/86/1 348/90/1
f 298/89/1 534/87/1 535/91/1
f 495/92/1 496/88/1 348/90/1
f 298/89/1 535/91/1 536/93/1
f 494/94/1 495/92/1 348/90/1
f 297/95/1 298/89/1 536/93/1
f 494/94/1 348/90/1 349/96/1
f 297/95/1 536/93/1 537/97/1
f 493/98/1 494/94/1 349/96/1
f 296/99/1 297/95/1 537/97/1
f 493/98/1 349/96/1 350/100/1
f 296/99/1 537/97/1 538/101/1
f 492/102/1 493/98/1 350/100/1
f 295/103/1 296/99/1 538/101/1
f 492/102/1 350/100/1 351/104/1
f 295/103/1 538/101/1 539/105/1
f 491/106/1 492/102/1 351/104/1
f 295/103/1 539/105/1 540/107/1
f 490/108/1 491/106/1 351/104/1
f 294/109/1 295/103/1 540/107/1
f 490/108/1 351/104/1 352/110/1
f 294/109/1 540/107/1 541/111/1
f 489/112/1 490/108/1 352/110/1
f 293/113/1 294/109/1 541/111/1
f 489/112/1 352/110/1 353/114/1
f 293/113/1 541/111/1 542/115/1
f 488/116/1 489/112/1 353/114/1
f 292/117/1 293/113/1 542/115/1
f 488/116/1 353/114/1 354/118/1
f 292/117/1 542/115/1 543/119/1
f 487/120/1 488/116/1 354/118/1
f 291/121/1 292/117/1 543/119/1
f 487/120/1 354/118/1 355/122/1
f 291/121/1 543/119/1 544/123/1
f 486/124/1 487/120/1 355/122/1
f 1/125/1 2/126/1 226/127/1
f 226/127/1 2/126/1 3/128/1
f 226/127/1 3/128/1 4/129/1
f 226/127/1 4/129/1 5/130/1
f 226/127/1 5/130/1 6/131/1
f 226/127/1 6/131/1 7/132/1
f 226/127/1 7/132/1 8/133/1
f 226/127/1 8/133/1 9/134/1
f 226/127/1 9/134/1 10/135/1
f 226/127/1 10/135/1 11/136/1
f 226/127/1 11/136/1 12/137/1
f 226/127/1 12/137/1 13/138/1
f 226/127/1 13/138/1 14/139/1
f 291/121/1 544/123/1 545/140/1
f 485/141/1 486/124/1 355/122/1
f 226/127/1 14/139/1 15/142/1
f 290/143/1 291/121/1 545/140/1
f 485/141/1 355/122/1 356/144/1
f 226/127/1 15/142/1 16/145/1
f 226/127/1 16/145/1 17/146/1
f 226/127/1 17/146/1 18/147/1
f 226/127/1 18/147/1 19/148/1
f 290/143/1 545/140/1 546/149/1
f 484/150/1 485/141/1 356/144/1
f 226/127/1 19/148/1 20/151/1
f 289/152/1 290/143/1 546/149/1
f 484/150/1 356/144/1 357/153/1
f 226/127/1 20/151/1 21/154/1
f 226/127/1 21/154/1 22/155/1
f 226/127/1 22/155/1 23/156/1
f 289/152/1 546/149/1 547/157/1
f 483/158/1 484/150/1 357/153/1
f 226/127/1 23/156/1 24/159/1
f 288/160/1 289/152/1 547/157/1
f 483/158/1 357/153/1 358/161/1
f 226/127/1 24/159/1 25/162/1
f 226/127/1 25/162/1 26/163/1
f 288/160/1 547/157/1 548/164/1
f 482/165/1 483/158/1 358/161/1
f 226/127/1 26/163/1 27/166/1
f 287/167/1 288/160/1 548/164/1
f 482/165/1 358/161/1 359/168/1
f 226/127/1 27/166/1 28/169/1
f 287/167/1 548/164/1 549/170/1
f 481/171/1 482/165/1 359/168/1
f 226/127/1 28/169/1 29/172/1
f 226/127/1 29/172/1 225/173/1
f 225/173/1 29/172/1 224/174/1
f 224/174/1 29/172/1 30/175/1
f 1/125/1 226/127/1 176/176/1
f 223/177/1 224/174/1 30/175/1
f 222/178/1 223/177/1 30/175/1
f 221/179/1 222/178/1 30/175/1
f 220/180/1 221/179/1 30/175/1
f 219/181/1 220/180/1 30/175/1
f 286/182/1 287/167/1 549/170/1
f 481/171/1 359/168/1 360/183/1
f 218/184/1 219/181/1 30/175/1
f 218/184/1 30/175/1 31/185/1
f 286/182/1 549/170/1 550/186/1
f 480/187/1 481/171/1 360/183/1
f 217/188/1 218/184/1 31/185/1
f 216/189/1 217/188/1 31/185/1
f 215/190/1 216/189/1 31/185/1
f 215/190/1 31/185/1 32/191/1
f 214/192/1 215/190/1 32/191/1
f 213/193/1 214/192/1 32/191/1
f 213/193/1 32/191/1 33/194/1
f 212/195/1 213/193/1 33/194/1
f 286/182/1 550/186/1 551/196/1
f 479/197/1 480/187/1 360/183/1
f 285/198/1 286/182/1 551/196/1
f 479/197/1 360/183/1 361/199/1
f 211/200/1 212/195/1 33/194/1
f 211/200/1 33/194/1 34/201/1
f 210/202/1 211/200/1 34/201/1
f 209/203/1 210/202/1 34/201/1
f 209/203/1 34/201/1 35/204/1
f 285/198/1 551/196/1 552/205/1
f 478/206/1 479/197/1 361/199/1
f 208/207/1 209/203/1 35/204/1
f 284/208/1 285/198/1 552/205/1
f 478/206/1 361/199/1 362/209/1
f 207/210/1 208/207/1 35/204/1
f 207/210/1 35/204/1 36/211/1
f 206/212/1 207/210/1 36/211/1
f 206/212/1 36/211/1 37/213/1
f 284/208/1 552/205/1 553/214/1
f 477/215/1 478/206/1 362/209/1
f 205/216/1 206/212/1 37/213/1
f 283/217/1 284/208/1 553/214/1
f 477/215/1 362/209/1 363/218/1
f 204/219/1 205/216/1 37/213/1
f 204/219/1 37/213/1 38/220/1
f 203/221/1 204/219/1 38/220/1
f 283/217/1 553/214/1 554/222/1
f 476/223/1 477/215/1 363/218/1
f 203/221/1 38/220/1 39/224/1
f 202/225/1 203/221/1 39/224/1
f 282/226/1 283/217/1 554/222/1
f 476/223/1 363/218/1 364/227/1
f 202/225/1 39/224/1 40/228/1
f 201/229/1 202/225/1 40/228/1
f 282/226/1 554/222/1 555/230/1
f 475/231/1 476/223/1 364/227/1
f 200/232/1 201/229/1 40/228/1
f 200/232/1 40/228/1 41/233/1
f 199/234/1 200/232/1 41/233/1
f 281/235/1 282/226/1 555/230/1
f 475/231/1 364/227/1 365/236/1
f 199/234/1 41/233/1 42/237/1
f 281/235/1 555/230/1 556/238/1
f 474/239/1 475/231/1 365/236/1
f 198/240/1 199/234/1 42/237/1
f 198/240/1 42/237/1 43/241/1
f 197/242/1 198/240/1 43/241/1
f 197/242/1 43/241/1 44/243/1
f 196/244/1 197/242/1 44/243/1
f 280/245/1 281/235/1 556/238/1
f 474/239/1 365/236/1 366/246/1
f 280/245/1 556/238/1 557/247/1
f 473/248/1 474/239/1 366/246/1
f 195/249/1 196/244/1 44/243/1
f 195/249/1 44/243/1 45/250/1
f 194/251/1 195/249/1 45/250/1
f 194/251/1 45/250/1 46/252/1
f 280/245/1 557/247/1 558/253/1
f 472/254/1 473/248/1 366/246/1
f 193/255/1 194/251/1 46/252/1
f 279/256/1 280/245/1 558/253/1
f 472/254/1 366/246/1 367/257/1
f 193/255/1 46/252/1 47/258/1
f 192/259/1 193/255/1 47/258/1
f 191/260/1 192/259/1 47/258/1
f 191/260/1 47/258/1 48/261/1
f 190/262/1 191/260/1 48/261/1
f 279/256/1 558/253/1 559/263/1
f 471/264/1 472/254/1 367/257/1
f 190/262/1 48/261/1 49/265/1
f 189/266/1 190/262/1 49/265/1
f 278/267/1 279/256/1 559/263/1
f 471/264/1 367/257/1 368/268/1
f 188/269/1 189/266/1 49/265/1
f 188/269/1 49/265/1 50/270/1
f 187/271/1 188/269/1 50/270/1
f 186/272/1 187/271/1 50/270/1
f 186/272/1 50/270/1 51/273/1
f 278/267/1 559/263/1 560/274/1
f 470/275/1 471/264/1 368/268/1
f 185/276/1 186/272/1 51/273/1
f 184/277/1 185/276/1 51/273/1
f 184/277/1 51/273/1 52/278/1
f 183/279/1 184/277/1 52/278/1
f 277/280/1 278/267/1 560/274/1
f 470/275/1 368/268/1 369/281/1
f 182/282/1 183/279/1 52/278/1
f 181/283/1 182/282/1 52/278/1
f 181/283/1 52/278/1 53/284/1
f 180/285/1 181/283/1 53/284/1
f 179/286/1 180/285/1 53/284/1
f 178/287/1 179/286/1 53/284/1
f 177/288/1 178/287/1 53/284/1
f 1/125/1 176/176/1 175/289/1
f 175/289/1 176/176/1 177/288/1
f 175/289/1 177/288/1 53/284/1
f 175/289/1 53/284/1 54/290/1
f 277/280/1 560/274/1 561/291/1
f 469/292/1 470/275/1 369/281/1
f 175/289/1 54/290/1 64/293/1
f 64/293/1 54/290/1 55/294/1
f 64/293/1 55/294/1 56/295/1
f 276/296/1 277/280/1 561/291/1
f 469/292/1 369/281/1 370/297/1
f 64/293/1 56/295/1 57/298/1
f 276/296/1 561/291/1 562/299/1
f 468/300/1 469/292/1 370/297/1
f 64/293/1 57/298/1 58/301/1
f 64/293/1 58/301/1 59/302/1
f 175/289/1 64/293/1 63/303/1
f 65/304/1 64/293/1 59/302/1
f 65/304/1 59/302/1 60/305/1
f 66/306/1 65/304/1 60/305/1
f 66/306/1 60/305/1 67/307/1
f 67/307/1 60/305/1 61/308/1
f 61/308/1 67/307/1 68/309/1
f 62/310/1 61/308/1 68/309/1
f 275/311/1 276/296/1 562/299/1
f 468/300/1 370/297/1 371/312/1
f 62/310/1 68/309/1 69/313/1
f 63/314/1 62/310/1 69/313/1
f 275/311/1 562/299/1 563/315/1
f 467/316/1 468/300/1 371/312/1
f 63/303/1 69/317/1 70/318/1
f 175/289/1 63/303/1 70/318/1
f 175/289/1 70/318/1 71/319/1
f 175/289/1 71/319/1 72/320/1
f 175/289/1 72/320/1 73/321/1
f 175/289/1 73/321/1 74/322/1
f 175/289/1 74/322/1 75/323/1
f 274/324/1 275/311/1 563/315/1
f 274/324/1 563/315/1 564/325/1
f 466/326/1 467/316/1 371/312/1
f 466/326/1 371/312/1 372/327/1
f 175/289/1 75/323/1 76/328/1
f 175/289/1 76/328/1 77/329/1
f 175/289/1 77/329/1 78/330/1
f 175/289/1 78/330/1 79/331/1
f 175/289/1 79/331/1 80/332/1
f 465/333/1 466/326/1 372/327/1
f 274/324/1 564/325/1 565/334/1
f 175/289/1 80/332/1 174/335/1
f 174/335/1 80/332/1 81/336/1
f 1/125/1 175/289/1 125/337/1
f 173/338/1 174/335/1 81/336/1
f 465/333/1 372/327/1 373/339/1
f 273/340/1 274/324/1 565/334/1
f 172/341/1 173/338/1 81/336/1
f 171/342/1 172/341/1 81/336/1
f 170/343/1 171/342/1 81/336/1
f 170/343/1 81/336/1 82/344/1
f 169/345/1 170/343/1 82/344/1
f 168/346/1 169/345/1 82/344/1
f 167/347/1 168/346/1 82/344/1
f 167/347/1 82/344/1 83/348/1
f 166/349/1 167/347/1 83/348/1
f 165/350/1 166/349/1 83/348/1
f 165/350/1 83/348/1 84/351/1
f 164/352/1 165/350/1 84/351/1
f 464/353/1 465/333/1 373/339/1
f 273/340/1 565/334/1 566/354/1
f 164/352/1 84/351/1 85/355/1
f 163/356/1 164/352/1 85/355/1
f 464/353/1 373/339/1 374/357/1
f 272/358/1 273/340/1 566/354/1
f 163/356/1 85/355/1 86/359/1
f 162/360/1 163/356/1 86/359/1
f 161/361/1 162/360/1 86/359/1
f 161/361/1 86/359/1 87/362/1
f 160/363/1 161/361/1 87/362/1
f 160/363/1 87/362/1 88/364/1
f 463/365/1 464/353/1 374/357/1
f 272/358/1 566/354/1 567/366/1
f 159/367/1 160/363/1 88/364/1
f 159/367/1 88/364/1 89/368/1
f 158/369/1 159/367/1 89/368/1
f 463/365/1 374/357/1 375/370/1
f 271/371/1 272/358/1 567/366/1
f 158/369/1 89/368/1 90/372/1
f 157/373/1 158/369/1 90/372/1
f 157/373/1 90/372/1 91/374/1
f 462/375/1 463/365/1 375/370/1
f 271/371/1 567/366/1 568/376/1
f 156/377/1 157/373/1 91/374/1
f 156/377/1 91/374/1 92/378/1
f 155/379/1 156/377/1 92/378/1
f 155/379/1 92/378/1 93/380/1
f 462/375/1 375/370/1 376/381/1
f 270/382/1 271/371/1 568/376/1
f 155/379/1 93/380/1 94/383/1
f 154/384/1 155/379/1 94/383/1
f 461/385/1 462/375/1 376/381/1
f 270/382/1 568/376/1 569/386/1
f 154/384/1 94/383/1 95/387/1
f 153/388/1 154/384/1 95/387/1
f 153/388/1 95/387/1 96/389/1
f 152/390/1 153/388/1 96/389/1
f 461/385/1 376/381/1 377/391/1
f 269/392/1 270/382/1 569/386/1
f 152/390/1 96/389/1 97/393/1
f 460/394/1 461/385/1 377/391/1
f 269/392/1 569/386/1 570/395/1
f 151/396/1 152/390/1 97/393/1
f 151/396/1 97/393/1 98/397/1
f 150/398/1 151/396/1 98/397/1
f 150/398/1 98/397/1 99/399/1
f 460/394/1 377/391/1 378/400/1
f 268/401/1 269/392/1 570/395/1
f 268/401/1 570/395/1 571/402/1
f 459/403/1 460/394/1 378/400/1
f 149/404/1 150/398/1 99/399/1
f 149/404/1 99/399/1 100/405/1
f 149/404/1 100/405/1 101/406/1
f 148/407/1 149/404/1 101/406/1
f 268/401/1 571/402/1 572/408/1
f 458/409/1 459/403/1 378/400/1
f 458/409/1 378/400/1 379/410/1
f 267/411/1 268/401/1 572/408/1
f 147/412/1 148/407/1 101/406/1
f 147/412/1 101/406/1 102/413/1
f 146/414/1 147/412/1 102/413/1
f 267/411/1 572/408/1 573/415/1
f 457/416/1 458/409/1 379/410/1
f 145/417/1 146/414/1 102/413/1
f 145/417/1 102/413/1 103/418/1
f 457/416/1 379/410/1 380/419/1
f 266/420/1 267/411/1 573/415/1
f 144/421/1 145/417/1 103/418/1
f 144/421/1 103/418/1 104/422/1
f 143/423/1 144/421/1 104/422/1
f 266/420/1 573/415/1 574/424/1
f 456/425/1 457/416/1 380/419/1
f 142/426/1 143/423/1 104/422/1
f 456/425/1 380/419/1 381/427/1
f 265/428/1 266/420/1 574/424/1
f 142/426/1 104/422/1 105/429/1
f 141/430/1 142/426/1 105/429/1
f 265/428/1 574/424/1 575/431/1
f 455/432/1 456/425/1 381/427/1
f 140/433/1 141/430/1 105/429/1
f 140/433/1 105/429/1 106/434/1
f 139/435/1 140/433/1 106/434/1
f 264/436/1 265/428/1 575/431/1
f 455/432/1 381/427/1 382/437/1
f 138/438/1 139/435/1 106/434/1
f 264/436/1 575/431/1 576/439/1
f 454/440/1 455/432/1 382/437/1
f 137/441/1 138/438/1 106/434/1
f 137/441/1 106/434/1 107/442/1
f 136/443/1 137/441/1 107/442/1
f 135/444/1 136/443/1 107/442/1
f 263/445/1 264/436/1 576/439/1
f 454/440/1 382/437/1 383/446/1
f 135/444/1 107/442/1 108/447/1
f 134/448/1 135/444/1 108/447/1
f 263/445/1 576/439/1 577/449/1
f 453/450/1 454/440/1 383/446/1
f 133/451/1 134/448/1 108/447/1
f 132/452/1 133/451/1 108/447/1
f 131/453/1 132/452/1 108/447/1
f 131/453/1 108/447/1 109/454/1
f 130/455/1 131/453/1 109/454/1
f 129/456/1 130/455/1 109/454/1
f 128/457/1 129/456/1 109/454/1
f 127/458/1 128/457/1 109/454/1
f 126/459/1 127/458/1 109/454/1
f 1/125/1 125/337/1 126/459/1
f 1/125/1 126/459/1 109/454/1
f 263/445/1 577/449/1 578/460/1
f 452/461/1 453/450/1 383/446/1
f 262/462/1 263/445/1 578/460/1
f 452/461/1 383/446/1 384/463/1
f 1/125/1 109/454/1 110/464/1
f 1/125/1 110/464/1 111/465/1
f 262/462/1 578/460/1 579/466/1
f 451/467/1 452/461/1 384/463/1
f 451/467/1 384/463/1 385/468/1
f 261/469/1 262/462/1 579/466/1
f 1/125/1 111/465/1 112/470/1
f 1/125/1 112/470/1 113/471/1
f 261/469/1 579/466/1 580/472/1
f 450/473/1 451/467/1 385/468/1
f 450/473/1 385/468/1 386/474/1
f 260/475/1 261/469/1 580/472/1
f 1/125/1 113/471/1 114/476/1
f 1/125/1 114/476/1 115/477/1
f 260/475/1 580/472/1 581/478/1
f 449/479/1 450/473/1 386/474/1
f 1/125/1 115/477/1 116/480/1
f 449/479/1 386/474/1 387/481/1
f 259/482/1 260/475/1 581/478/1
f 1/125/1 116/480/1 117/483/1
f 259/482/1 581/478/1 582/484/1
f 448/485/1 449/479/1 387/481/1
f 1/125/1 117/483/1 118/486/1
f 1/125/1 118/486/1 119/487/1
f 1/125/1 119/487/1 120/488/1
f 448/485/1 387/481/1 388/489/1
f 258/490/1 259/482/1 582/484/1
f 1/125/1 120/488/1 121/491/1
f 258/490/1 582/484/1 583/492/1
f 447/493/1 448/485/1 388/489/1
f 1/125/1 121/491/1 122/494/1
f 1/125/1 122/494/1 123/495/1
f 1/125/1 123/495/1 124/496/1
f 258/490/1 583/492/1 584/497/1
f 446/498/1 447/493/1 388/489/1
f 446/498/1 388/489/1 389/499/1
f 257/500/1 258/490/1 584/497/1
f 257/500/1 584/497/1 585/501/1
f 445/502/1 446/498/1 389/499/1
f 445/502/1 389/499/1 390/503/1
f 256/504/1 257/500/1 585/501/1
f 444/505/1 445/502/1 390/503/1
f 256/504/1 585/501/1 586/506/1
f 444/505/1 390/503/1 391/507/1
f 255/508/1 256/504/1 586/506/1
f 443/509/1 444/505/1 391/507/1
f 255/508/1 586/506/1 587/510/1
f 443/509/1 391/507/1 392/511/1
f 254/512/1 255/508/1 587/510/1
f 254/512/1 587/510/1 588/513/1
f 442/514/1 443/509/1 392/511/1
f 441/515/1 442/514/1 392/511/1
f 254/512/1 588/513/1 589/516/1
f 441/515/1 392/511/1 393/517/1
f 253/518/1 254/512/1 589/516/1
f 440/519/1 441/515/1 393/517/1
f 253/518/1 589/516/1 590/520/1
f 440/519/1 393/517/1 394/521/1
f 252/522/1 253/518/1 590/520/1
f 439/523/1 440/519/1 394/521/1
f 252/522/1 590/520/1 591/524/1
f 439/523/1 394/521/1 395/525/1
f 251/526/1 252/522/1 591/524/1
f 438/527/1 439/523/1 395/525/1
f 251/526/1 591/524/1 592/528/1
f 251/526/1 592/528/1 593/529/1
f 437/530/1 438/527/1 395/525/1
f 250/531/1 251/526/1 593/529/1
f 437/530/1 395/525/1 396/532/1
f 250/531/1 593/529/1 594/533/1
f 436/534/1 437/530/1 396/532/1
f 436/534/1 396/532/1 397/535/1
f 249/536/1 250/531/1 594/533/1
f 249/536/1 594/533/1 595/537/1
f 435/538/1 436/534/1 397/535/1
f 249/536/1 595/537/1 596/539/1
f 434/540/1 435/538/1 397/535/1
f 248/541/1 249/536/1 596/539/1
f 434/540/1 397/535/1 398/542/1
f 248/541/1 596/539/1 597/543/1
f 433/544/1 434/540/1 398/542/1
f 247/545/1 248/541/1 597/543/1
f 433/544/1 398/542/1 399/546/1
f 247/545/1 597/543/1 598/547/1
f 432/548/1 433/544/1 399/546/1
f 247/545/1 598/547/1 599/549/1
f 431/550/1 432/548/1 399/546/1
f 246/551/1 247/545/1 599/549/1
f 431/550/1 399/546/1 400/552/1
f 246/551/1 599/549/1 600/553/1
f 430/554/1 431/550/1 400/552/1
f 246/551/1 600/553/1 601/555/1
f 429/556/1 430/554/1 400/552/1
f 245/557/1 246/551/1 601/555/1
f 429/556/1 400/552/1 401/558/1
f 245/557/1 601/555/1 602/559/1
f 428/560/1 429/556/1 401/558/1
f 245/557/1 602/559/1 603/561/1
f 427/562/1 428/560/1 401/558/1
f 427/562/1 401/558/1 402/563/1
f 244/564/1 245/557/1 603/561/1
f 244/564/1 603/561/1 604/565/1
f 426/566/1 427/562/1 402/563/1
f 244/564/1 604/565/1 605/567/1
f 425/568/1 426/566/1 402/563/1
f 425/568/1 402/563/1 403/569/1
f 243/570/1 244/564/1 605/567/1
f 243/570/1 605/567/1 606/571/1
f 424/572/1 425/568/1 403/569/1
f 243/570/1 606/571/1 607/573/1
f 423/574/1 424/572/1 403/569/1
f 243/570/1 607/573/1 608/575/1
f 422/576/1 423/574/1 403/569/1
f 243/570/1 608/575/1 609/577/1
f 421/578/1 422/576/1 403/569/1
f 243/570/1 609/577/1 610/579/1
f 420/580/1 421/578/1 403/569/1
f 243/570/1 610/579/1 419/581/1
f 419/581/1 420/580/1 403/569/1
f 419/581/1 403/569/1 404/582/1
f 242/583/1 243/570/1 419/581/1
f 242/583/1 419/581/1 404/582/1
f 242/583/1 404/582/1 405/584/1
f 241/585/1 242/583/1 405/584/1
f 241/585/1 405/584/1 406/586/1
f 240/587/1 241/585/1 406/586/1
f 240/587/1 406/586/1 407/588/1
f 239/589/1 240/587/1 407/588/1
f 238/590/1 239/589/1 407/588/1
f 238/590/1 407/588/1 408/591/1
f 237/592/1 238/590/1 408/591/1
f 237/592/1 408/591/1 409/593/1
f 236/594/1 237/592/1 409/593/1
f 236/594/1 409/593/1 410/595/1
f 235/596/1 236/594/1 410/595/1
f 235/596/1 410/595/1 411/597/1
f 235/596/1 411/597/1 412/598/1
f 234/599/1 235/596/1 412/598/1
f 234/599/1 412/598/1 413/600/1
f 233/601/1 234/599/1 413/600/1
f 233/601/1 413/600/1 414/602/1
f 232/603/1 233/601/1 414/602/1
f 232/603/1 414/602/1 415/604/1
f 231/605/1 232/603/1 415/604/1
f 231/605/1 415/604/1 416/606/1
f 230/607/1 231/605/1 416/606/1
f 230/607/1 416/606/1 417/608/1
f 229/609/1 230/607/1 417/608/1
f 229/609/1 417/608/1 418/610/1
f 228/611/1 229/609/1 418/610/1
f 228/611/1 418/610/1 227/612/1
f 652/613/1 651/614/1 650/615/1
f 652/613/1 650/615/1 649/616/1
f 653/617/1 652/613/1 649/616/1
f 653/617/1 649/616/1 648/618/1
f 654/619/1 653/617/1 648/618/1
f 654/619/1 648/618/1 647/620/1
f 654/619/1 647/620/1 646/621/1
f 655/622/1 654/619/1 646/621/1
f 655/622/1 646/621/1 645/623/1
f 612/624/1 611/625/1 665/626/1
f 612/624/1 665/626/1 664/627/1
f 656/628/1 655/622/1 645/623/1
f 656/628/1 645/623/1 644/629/1
f 656/628/1 644/629/1 643/630/1
f 657/631/1 656/628/1 643/630/1
f 657/631/1 643/630/1 642/632/1
f 658/633/1 657/631/1 642/632/1
f 658/633/1 642/632/1 641/634/1
f 658/633/1 641/634/1 640/635/1
f 659/636/1 658/633/1 640/635/1
f 659/636/1 640/635/1 639/637/1
f 660/638/1 659/636/1 639/637/1
f 660/638/1 639/637/1 629/639/1
f 629/639/1 639/637/1 630/640/1
f 630/640/1 639/637/1 631/641/1
f 631/641/1 639/637/1 632/642/1
f 632/642/1 639/637/1 633/643/1
f 633/643/1 639/637/1 634/644/1
f 634/644/1 639/637/1 635/645/1
f 635/645/1 639/637/1 636/646/1
f 636/646/1 639/637/1 637/647/1
f 637/647/1 639/637/1 638/648/1
f 661/649/1 660/638/1 627/650/1
f 627/650/1 660/638/1 628/651/1
f 628/651/1 660/638/1 629/639/1
f 662/652/1 661/649/1 625/653/1
f 625/653/1 661/649/1 626/654/1
f 626/654/1 661/649/1 627/650/1
f 662/652/1 625/653/1 624/655/1
f 662/652/1 624/655/1 623/656/1
f 663/657/1 662/652/1 623/656/1
f 663/657/1 623/656/1 622/658/1
f 663/657/1 622/658/1 621/659/1
f 612/624/1 664/627/1 663/657/1
f 612/624/1 663/657/1 617/660/1
f 617/660/1 663/657/1 618/661/1
f 618/661/1 663/657/1 619/662/1
f 619/662/1 663/657/1 620/663/1
f 620/663/1 663/657/1 621/659/1
f 612/624/1 617/660/1 616/664/1
f 612/624/1 616/664/1 615/665/1
f 612/624/1 615/665/1 614/666/1
f 612/624/1 614/666/1 613/667/1
f 667/668/1 666/669/1 713/670/1
f 667/668/1 713/670/1 712/671/1
f 668/672/1 667/668/1 712/671/1
f 668/672/1 712/671/1 711/673/1
f 669/674/1 668/672/1 711/673/1
f 669/674/1 711/673/1 710/675/1
f 670/676/1 669/674/1 710/675/1
f 670/676/1 710/675/1 709/677/1
f 671/678/1 670/676/1 709/677/1
f 671/678/1 709/677/1 708/679/1
f 672/680/1 671/678/1 708/679/1
f 672/680/1 708/679/1 707/681/1
f 673/682/1 672/680/1 714/683/1
f 714/683/1 672/680/1 707/681/1
f 673/682/1 714/683/1 761/684/1
f 715/685/1 714/683/1 707/681/1
f 673/682/1 761/684/1 760/686/1
f 716/687/1 715/685/1 707/681/1
f 673/682/1 760/686/1 759/688/1
f 717/689/1 716/687/1 707/681/1
f 717/689/1 707/681/1 706/690/1
f 674/691/1 673/682/1 759/688/1
f 674/691/1 759/688/1 758/692/1
f 718/693/1 717/689/1 706/690/1
f 674/691/1 758/692/1 757/694/1
f 719/695/1 718/693/1 706/690/1
f 674/691/1 757/694/1 756/696/1
f 720/697/1 719/695/1 706/690/1
f 720/697/1 706/690/1 705/698/1
f 675/699/1 674/691/1 756/696/1
f 675/699/1 756/696/1 755/700/1
f 721/701/1 720/697/1 705/698/1
f 675/699/1 755/700/1 754/702/1
f 722/703/1 721/701/1 705/698/1
f 722/703/1 705/698/1 704/704/1
f 676/705/1 675/699/1 754/702/1
f 676/705/1 754/702/1 753/706/1
f 723/707/1 722/703/1 704/704/1
f 723/707/1 704/704/1 703/708/1
f 677/709/1 676/705/1 753/706/1
f 677/709/1 753/706/1 752/710/1
f 724/711/1 723/707/1 703/708/1
f 677/709/1 752/710/1 751/712/1
f 725/713/1 724/711/1 703/708/1
f 725/713/1 703/708/1 702/714/1
f 678/715/1 677/709/1 751/712/1
f 678/715/1 751/712/1 750/716/1
f 726/717/1 725/713/1 702/714/1
f 679/718/1 678/715/1 750/716/1
f 679/718/1 750/716/1 749/719/1
f 726/717/1 702/714/1 701/720/1
f 727/721/1 726/717/1 701/720/1
f 679/718/1 749/719/1 748/722/1
f 728/723/1 727/721/1 701/720/1
f 680/724/1 679/718/1 748/722/1
f 728/723/1 701/720/1 700/725/1
f 680/724/1 748/722/1 747/726/1
f 729/727/1 728/723/1 700/725/1
f 680/724/1 747/726/1 746/728/1
f 681/729/1 680/724/1 746/728/1
f 730/730/1 729/727/1 700/725/1
f 730/730/1 700/725/1 699/731/1
f 681/729/1 746/728/1 745/732/1
f 731/733/1 730/730/1 699/731/1
f 682/734/1 681/729/1 745/732/1
f 731/733/1 699/731/1 698/735/1
f 682/734/1 745/732/1 744/736/1
f 732/737/1 731/733/1 698/735/1
f 682/734/1 744/736/1 743/738/1
f 733/739/1 732/737/1 698/735/1
f 683/740/1 682/734/1 743/738/1
f 733/739/1 698/735/1 697/741/1
f 683/740/1 743/738/1 742/742/1
f 734/743/1 733/739/1 697/741/1
f 683/740/1 742/742/1 741/744/1
f 735/745/1 734/743/1 697/741/1
f 683/740/1 741/744/1 740/746/1
f 736/747/1 735/745/1 697/741/1
f 684/748/1 683/740/1 740/746/1
f 736/747/1 697/741/1 696/749/1
f 684/748/1 740/746/1 739/750/1
f 737/751/1 736/747/1 696/749/1
f 684/748/1 739/750/1 738/752/1
f 738/752/1 737/751/1 696/749/1
f 684/748/1 738/752/1 696/749/1
f 685/753/1 684/748/1 696/749/1
f 685/753/1 696/749/1 695/754/1
f 686/755/1 685/753/1 695/754/1
f 686/755/1 695/754/1 694/756/1
f 687/757/1 686/755/1 694/756/1
f 687/757/1 694/756/1 693/758/1
f 688/759/1 687/757/1 693/758/1
f 688/759/1 693/758/1 692/760/1
f 689/761/1 688/759/1 692/760/1
f 689/761/1 692/760/1 691/762/1
f 690/763/1 689/761/1 691/762/1
f 800/764/1 799/765/1 798/766/1
f 800/764/1 798/766/1 797/767/1
f 801/768/1 800/764/1 797/767/1
f 801/768/1 797/767/1 796/769/1
f 802/770/1 801/768/1 796/769/1
f 802/770/1 796/769/1 795/771/1
f 803/772/1 802/770/1 795/771/1
f 803/772/1 795/771/1 794/773/1
f 804/774/1 803/772/1 794/773/1
f 804/774/1 794/773/1 793/775/1
f 805/776/1 804/774/1 793/775/1
f 805/776/1 793/775/1 792/777/1
f 806/778/1 805/776/1 848/779/1
f 848/779/1 805/776/1 792/777/1
f 806/778/1 848/779/1 847/780/1
f 849/781/1 848/779/1 792/777/1
f 806/778/1 847/780/1 846/782/1
f 850/783/1 849/781/1 792/777/1
f 806/778/1 846/782/1 845/784/1
f 851/785/1 850/783/1 792/777/1
f 851/785/1 792/777/1 791/786/1
f 806/778/1 845/784/1 844/787/1
f 807/788/1 806/778/1 844/787/1
f 852/789/1 851/785/1 791/786/1
f 807/788/1 844/787/1 843/790/1
f 853/791/1 852/789/1 791/786/1
f 807/788/1 843/790/1 842/792/1
f 854/793/1 853/791/1 791/786/1
f 807/788/1 842/792/1 841/794/1
f 855/795/1 854/793/1 791/786/1
f 808/796/1 807/788/1 841/794/1
f 855/795/1 791/786/1 790/797/1
f 808/796/1 841/794/1 840/798/1
f 856/799/1 855/795/1 790/797/1
f 808/796/1 840/798/1 839/800/1
f 857/801/1 856/799/1 790/797/1
f 809/802/1 808/796/1 839/800/1
f 857/801/1 790/797/1 789/803/1
f 809/802/1 839/800/1 838/804/1
f 858/805/1 857/801/1 789/803/1
f 809/802/1 838/804/1 837/806/1
f 859/807/1 858/805/1 789/803/1
f 810/808/1 809/802/1 837/806/1
f 810/808/1 837/806/1 836/809/1
f 859/807/1 789/803/1 788/810/1
f 860/811/1 859/807/1 788/810/1
f 810/808/1 836/809/1 860/811/1
f 810/808/1 860/811/1 788/810/1
f 811/812/1 810/808/1 788/810/1
f 811/812/1 788/810/1 787/813/1
f 812/814/1 811/812/1 786/815/1
f 786/815/1 811/812/1 787/813/1
f 812/814/1 786/815/1 785/816/1
f 813/817/1 812/814/1 785/816/1
f 813/817/1 785/816/1 784/818/1
f 813/817/1 784/818/1 783/819/1
f 814/820/1 813/817/1 783/819/1
f 814/820/1 783/819/1 782/821/1
f 815/822/1 814/820/1 782/821/1
f 815/822/1 782/821/1 781/823/1
f 763/824/1 762/825/1 835/826/1
f 815/822/1 781/823/1 780/827/1
f 764/828/1 763/824/1 835/826/1
f 765/829/1 764/828/1 835/826/1
f 816/830/1 815/822/1 780/827/1
f 816/830/1 780/827/1 779/831/1
f 766/832/1 765/829/1 835/826/1
f 767/833/1 766/832/1 835/826/1
f 816/830/1 779/831/1 778/834/1
f 768/835/1 767/833/1 835/826/1
f 816/830/1 778/834/1 777/836/1
f 769/837/1 768/835/1 835/826/1
f 817/838/1 816/830/1 777/836/1
f 770/839/1 769/837/1 835/826/1
f 817/838/1 777/836/1 776/840/1
f 771/841/1 770/839/1 835/826/1
f 817/838/1 776/840/1 775/842/1
f 772/843/1 771/841/1 835/826/1
f 773/844/1 772/843/1 835/826/1
f 817/838/1 775/842/1 774/845/1
f 774/845/1 773/844/1 835/826/1
f 817/838/1 774/845/1 835/826/1
f 818/846/1 817/838/1 835/826/1
f 818/846/1 835/826/1 834/847/1
f 819/848/1 818/846/1 834/847/1
f 819/848/1 834/847/1 833/849/1
f 819/848/1 833/849/1 832/850/1
f 820/851/1 819/848/1 832/850/1
f 820/851/1 832/850/1 831/852/1
f 820/851/1 831/852/1 830/853/1
f 821/854/1 820/851/1 830/853/1
f 821/854/1 830/853/1 829/855/1
f 821/854/1 829/855/1 828/856/1
f 822/857/1 821/854/1 828/856/1
f 822/857/1 828/856/1 827/858/1
f 822/857/1 827/858/1 826/859/1
f 822/857/1 826/859/1 825/860/1
f 823/861/1 822/857/1 825/860/1
f 823/861/1 825/860/1 824/862/1
f 874/863/1 873/864/1 872/865/1
f 874/863/1 872/865/1 871/866/1
f 874/863/1 871/866/1 870/867/1
f 875/868/1 874/863/1 870/867/1
f 875/868/1 870/867/1 869/869/1
f 875/868/1 869/869/1 868/870/1
f 875/868/1 868/870/1 867/871/1
f 876/872/1 875/868/1 867/871/1
f 876/872/1 867/871/1 866/873/1
f 876/872/1 866/873/1 865/874/1
f 876/872/1 865/874/1 864/875/1
f 877/876/1 876/872/1 864/875/1
f 877/876/1 864/875/1 863/877/1
f 877/876/1 863/877/1 862/878/1
f 877/876/1 862/878/1 861/879/1
f 878/880/1 877/876/1 861/879/1
f 878/880/1 861/879/1 950/881/1
f 950/881/1 861/879/1 951/882/1
f 951/882/1 861/879/1 952/883/1
f 952/883/1 861/879/1 953/884/1
f 953/884/1 861/879/1 954/885/1
f 954/885/1 861/879/1 955/886/1
f 955/886/1 861/879/1 956/887/1
f 956/887/1 861/879/1 957/888/1
f 957/888/1 861/879/1 958/889/1
f 879/890/1 878/880/1 948/891/1
f 948/891/1 878/880/1 949/892/1
f 949/892/1 878/880/1 950/881/1
f 880/893/1 879/890/1 946/894/1
f 946/894/1 879/890/1 947/895/1
f 947/895/1 879/890/1 948/891/1
f 880/893/1 946/894/1 945/896/1
f 880/893/1 945/896/1 944/897/1
f 880/893/1 944/897/1 943/898/1
f 881/899/1 880/893/1 943/898/1
f 881/899/1 943/898/1 942/900/1
f 881/899/1 942/900/1 941/901/1
f 881/899/1 941/901/1 940/902/1
f 882/903/1 881/899/1 940/902/1
f 882/903/1 940/902/1 939/904/1
f 882/903/1 939/904/1 938/905/1
f 883/906/1 882/903/1 938/905/1
f 883/906/1 938/905/1 937/907/1
f 883/906/1 937/907/1 936/908/1
f 884/909/1 883/906/1 936/908/1
f 884/909/1 936/908/1 935/910/1
f 885/911/1 884/909/1 935/910/1
f 885/911/1 935/910/1 934/912/1
f 885/911/1 934/912/1 933/913/1
f 886/914/1 885/911/1 933/913/1
f 886/914/1 933/913/1 932/915/1
f 887/916/1 886/914/1 932/915/1
f 887/916/1 932/915/1 931/917/1
f 887/916/1 931/917/1 930/918/1
f 888/919/1 887/916/1 930/918/1
f 888/919/1 930/918/1 929/920/1
f 888/919/1 929/920/1 928/921/1
f 889/922/1 888/919/1 928/921/1
f 889/922/1 928/921/1 927/923/1
f 911/924/1 910/925/1 909/926/1
f 889/922/1 927/923/1 926/927/1
f 912/928/1 911/924/1 909/926/1
f 890/929/1 889/922/1 926/927/1
f 913/930/1 912/928/1 909/926/1
f 890/929/1 926/927/1 925/931/1
f 914/932/1 913/930/1 909/926/1
f 915/933/1 914/932/1 909/926/1
f 916/934/1 915/933/1 909/926/1
f 890/929/1 925/931/1 924/935/1
f 917/936/1 916/934/1 909/926/1
f 918/937/1 917/936/1 909/926/1
f 890/929/1 924/935/1 923/938/1
f 919/939/1 918/937/1 909/926/1
f 920/940/1 919/939/1 909/926/1
f 890/929/1 923/938/1 922/941/1
f 921/942/1 920/940/1 909/926/1
f 891/943/1 890/929/1 922/941/1
f 922/941/1 921/942/1 909/926/1
f 891/943/1 922/941/1 909/926/1
f 892/944/1 891/943/1 909/926/1
f 893/945/1 892/944/1 909/926/1
f 894/946/1 893/945/1 909/926/1
f 894/946/1 909/926/1 908/947/1
f 894/946/1 908/947/1 907/948/1
f 894/946/1 907/948/1 906/949/1
f 895/950/1 894/946/1 906/949/1
f 895/950/1 906/949/1 905/951/1
f 895/950/1 905/951/1 904/952/1
f 895/950/1 904/952/1 903/953/1
f 895/950/1 903/953/1 902/954/1
f 896/955/1 895/950/1 902/954/1
f 896/955/1 902/954/1 901/956/1
f 896/955/1 901/956/1 900/957/1
f 896/955/1 900/957/1 899/958/1
f 897/959/1 896/955/1 899/958/1
f 897/959/1 899/958/1 898/960/1
f 997/961/1 996/962/1 995/963/1
f 998/964/1 997/961/1 995/963/1
f 998/964/1 995/963/1 994/965/1
f 999/966/1 998/964/1 994/965/1
f 1000/967/1 999/966/1 994/965/1
f 1000/967/1 994/965/1 993/968/1
f 1001/969/1 1000/967/1 993/968/1
f 1001/969/1 993/968/1 992/970/1
f 1002/971/1 1001/969/1 992/970/1
f 1003/972/1 1002/971/1 992/970/1
f 1003/972/1 992/970/1 991/973/1
f 1004/974/1 1003/972/1 991/973/1
f 1004/974/1 991/973/1 990/975/1
f 1005/976/1 1004/974/1 990/975/1
f 1006/977/1 1005/976/1 990/975/1
f 1006/977/1 990/975/1 989/978/1
f 1007/979/1 1006/977/1 989/978/1
f 1007/979/1 989/978/1 988/980/1
f 1008/981/1 1007/979/1 988/980/1
f 1009/982/1 1008/981/1 1010/983/1
f 1010/983/1 1008/981/1 1011/984/1
f 1011/984/1 1008/981/1 1012/985/1
f 1012/985/1 1008/981/1 1013/986/1
f 1013/986/1 1008/981/1 1014/987/1
f 1014/987/1 1008/981/1 1015/988/1
f 1015/988/1 1008/981/1 1016/989/1
f 1016/989/1 1008/981/1 1017/990/1
f 1017/990/1 1008/981/1 1018/991/1
f 1018/991/1 1008/981/1 1019/992/1
f 1019/992/1 1008/981/1 988/980/1
f 1019/992/1 988/980/1 1020/993/1
f 1020/993/1 988/980/1 1021/994/1
f 1021/994/1 988/980/1 987/995/1
f 1021/994/1 987/995/1 1022/996/1
f 1022/996/1 987/995/1 986/997/1
f 1023/998/1 1022/996/1 986/997/1
f 1024/999/1 1023/998/1 986/997/1
f 1025/1000/1 1024/999/1 986/997/1
f 1026/1001/1 1025/1000/1 986/997/1
f 1027/1002/1 1026/1001/1 986/997/1
f 1027/1002/1 986/997/1 985/1003/1
f 1028/1004/1 1027/1002/1 985/1003/1
f 1029/1005/1 1028/1004/1 985/1003/1
f 1030/1006/1 1029/1005/1 985/1003/1
f 1030/1006/1 985/1003/1 984/1007/1
f 1031/1008/1 1030/1006/1 984/1007/1
f 1032/1009/1 1031/1008/1 984/1007/1
f 1032/1009/1 984/1007/1 983/1010/1
f 1033/1011/1 1032/1009/1 983/1010/1
f 1034/1012/1 1033/1011/1 983/1010/1
f 1035/1013/1 1034/1012/1 1132/1014/1
f 1132/1014/1 1034/1012/1 983/1010/1
f 1036/1015/1 1035/1013/1 1132/1014/1
f 1037/1016/1 1036/1015/1 1132/1014/1
f 1038/1017/1 1037/1016/1 1132/1014/1
f 1039/1018/1 1038/1017/1 1132/1014/1
f 1039/1018/1 1132/1014/1 1131/1019/1
f 1096/1020/1 1132/1014/1 983/1010/1
f 1039/1018/1 1131/1019/1 1130/1021/1
f 1040/1022/1 1039/1018/1 1130/1021/1
f 1040/1022/1 1130/1021/1 1129/1023/1
f 1041/1024/1 1040/1022/1 1129/1023/1
f 1041/1024/1 1129/1023/1 1128/1025/1
f 1042/1026/1 1041/1024/1 1128/1025/1
f 1042/1026/1 1128/1025/1 1127/1027/1
f 1042/1026/1 1127/1027/1 1126/1028/1
f 1043/1029/1 1042/1026/1 1126/1028/1
f 1043/1029/1 1126/1028/1 1125/1030/1
f 1044/1031/1 1043/1029/1 1125/1030/1
f 1044/1031/1 1125/1030/1 1124/1032/1
f 1044/1031/1 1124/1032/1 1123/1033/1
f 1045/1034/1 1044/1031/1 1123/1033/1
f 1045/1034/1 1123/1033/1 1122/1035/1
f 1045/1034/1 1122/1035/1 1121/1036/1
f 1046/1037/1 1045/1034/1 1121/1036/1
f 1046/1037/1 1121/1036/1 1120/1038/1
f 1047/1039/1 1046/1037/1 1120/1038/1
f 1047/1039/1 1120/1038/1 1119/1040/1
f 1047/1039/1 1119/1040/1 1118/1041/1
f 1048/1042/1 1047/1039/1 1118/1041/1
f 1048/1042/1 1118/1041/1 1117/1043/1
f 1048/1042/1 1117/1043/1 1116/1044/1
f 1097/1045/1 1096/1020/1 983/1010/1
f 1049/1046/1 1048/1042/1 1116/1044/1
f 1098/1047/1 1097/1045/1 983/1010/1
f 1049/1046/1 1116/1044/1 1115/1048/1
f 1099/1049/1 1098/1047/1 983/1010/1
f 960/1050/1 959/1051/1 1095/1052/1
f 1099/1049/1 983/1010/1 982/1053/1
f 1049/1046/1 1115/1048/1 1114/1054/1
f 961/1055/1 960/1050/1 1095/1052/1
f 1100/1056/1 1099/1049/1 982/1053/1
f 1100/1056/1 982/1053/1 981/1057/1
f 962/1058/1 961/1055/1 1095/1052/1
f 1050/1059/1 1049/1046/1 1114/1054/1
f 1050/1059/1 1114/1054/1 1113/1060/1
f 1100/1056/1 981/1057/1 980/1061/1
f 1101/1062/1 1100/1056/1 980/1061/1
f 963/1063/1 962/1058/1 1095/1052/1
f 1101/1062/1 980/1061/1 979/1064/1
f 1102/1065/1 1101/1062/1 979/1064/1
f 964/1066/1 963/1063/1 1095/1052/1
f 1050/1059/1 1113/1060/1 1112/1067/1
f 1102/1065/1 979/1064/1 978/1068/1
f 965/1069/1 964/1066/1 1095/1052/1
f 1103/1070/1 1102/1065/1 978/1068/1
f 1103/1070/1 978/1068/1 977/1071/1
f 966/1072/1 965/1069/1 1095/1052/1
f 1050/1059/1 1112/1067/1 1111/1073/1
f 1103/1070/1 977/1071/1 976/1074/1
f 1104/1075/1 1103/1070/1 976/1074/1
f 967/1076/1 966/1072/1 1095/1052/1
f 1104/1075/1 976/1074/1 975/1077/1
f 1051/1078/1 1050/1059/1 1111/1073/1
f 968/1079/1 967/1076/1 1095/1052/1
f 1051/1078/1 1111/1073/1 1110/1080/1
f 1105/1081/1 1104/1075/1 975/1077/1
f 1105/1081/1 975/1077/1 974/1082/1
f 969/1083/1 968/1079/1 1095/1052/1
f 1105/1081/1 974/1082/1 973/1084/1
f 970/1085/1 969/1083/1 1095/1052/1
f 1106/1086/1 1105/1081/1 973/1084/1
f 1106/1086/1 973/1084/1 972/1087/1
f 971/1088/1 970/1085/1 1095/1052/1
f 1106/1086/1 972/1087/1 971/1088/1
f 1051/1078/1 1110/1080/1 1109/1089/1
f 1106/1086/1 971/1088/1 1095/1052/1
f 1107/1090/1 1106/1086/1 1095/1052/1
f 1051/1078/1 1109/1089/1 1108/1091/1
f 1108/1091/1 1107/1090/1 1095/1052/1
f 1051/1078/1 1108/1091/1 1071/1092/1
f 1071/1092/1 1108/1091/1 1095/1052/1
f 1052/1093/1 1051/1078/1 1071/1092/1
f 1052/1093/1 1071/1092/1 1070/1094/1
f 1072/1095/1 1071/1092/1 1095/1052/1
f 1053/1096/1 1052/1093/1 1070/1094/1
f 1053/1096/1 1070/1094/1 1069/1097/1
f 1073/1098/1 1072/1095/1 1095/1052/1
f 1073/1098/1 1095/1052/1 1094/1099/1
f 1054/1100/1 1053/1096/1 1069/1097/1
f 1054/1100/1 1069/1097/1 1068/1101/1
f 1074/1102/1 1073/1098/1 1094/1099/1
f 1074/1102/1 1094/1099/1 1093/1103/1
f 1054/1100/1 1068/1101/1 1067/1104/1
f 1075/1105/1 1074/1102/1 1093/1103/1
f 1055/1106/1 1054/1100/1 1067/1104/1
f 1075/1105/1 1093/1103/1 1092/1107/1
f 1055/1106/1 1067/1104/1 1066/1108/1
f 1076/1109/1 1075/1105/1 1092/1107/1
f 1076/1109/1 1092/1107/1 1091/1110/1
f 1056/1111/1 1055/1106/1 1066/1108/1
f 1056/1111/1 1066/1108/1 1065/1112/1
f 1077/1113/1 1076/1109/1 1091/1110/1
f 1077/1113/1 1091/1110/1 1090/1114/1
f 1056/1111/1 1065/1112/1 1064/1115/1
f 1078/1116/1 1077/1113/1 1090/1114/1
f 1078/1116/1 1090/1114/1 1089/1117/1
f 1057/1118/1 1056/1111/1 1064/1115/1
f 1057/1118/1 1064/1115/1 1063/1119/1
f 1079/1120/1 1078/1116/1 1089/1117/1
f 1079/1120/1 1089/1117/1 1088/1121/1
f 1057/1118/1 1063/1119/1 1062/1122/1
f 1079/1120/1 1088/1121/1 1087/1123/1
f 1080/1124/1 1079/1120/1 1087/1123/1
f 1058/1125/1 1057/1118/1 1062/1122/1
f 1080/1124/1 1087/1123/1 1086/1126/1
f 1058/1125/1 1062/1122/1 1061/1127/1
f 1081/1128/1 1080/1124/1 1086/1126/1
f 1081/1128/1 1086/1126/1 1085/1129/1
f 1058/1125/1 1061/1127/1 1060/1130/1
f 1082/1131/1 1081/1128/1 1085/1129/1
f 1059/1132/1 1058/1125/1 1060/1130/1
f 1082/1131/1 1085/1129/1 1084/1133/1
f 1083/1134/1 1082/1131/1 1084/1133/1
f 1171/1135/1 1170/1136/1 1173/1137/1
f 1173/1137/1 1170/1136/1 1169/1138/1
f 1173/1137/1 1169/1138/1 1168/1139/1
f 1173/1137/1 1168/1139/1 1167/1140/1
f 1173/1137/1 1167/1140/1 1166/1141/1
f 1173/1137/1 1166/1141/1 1165/1142/1
f 1173/1137/1 1165/1142/1 1164/1143/1
f 1173/1137/1 1164/1143/1 1163/1144/1
f 1173/1137/1 1163/1144/1 1162/1145/1
f 1173/1137/1 1162/1145/1 1174/1146/1
f 1174/1146/1 1162/1145/1 1175/1147/1
f 1175/1147/1 1162/1145/1 1161/1148/1
f 1171/1135/1 1173/1137/1 1210/1149/1
f 1176/1150/1 1175/1147/1 1161/1148/1
f 1177/1151/1 1176/1150/1 1161/1148/1
f 1178/1152/1 1177/1151/1 1161/1148/1
f 1179/1153/1 1178/1152/1 1161/1148/1
f 1179/1153/1 1161/1148/1 1160/1154/1
f 1180/1155/1 1179/1153/1 1160/1154/1
f 1181/1156/1 1180/1155/1 1160/1154/1
f 1181/1156/1 1160/1154/1 1159/1157/1
f 1182/1158/1 1181/1156/1 1159/1157/1
f 1183/1159/1 1182/1158/1 1159/1157/1
f 1183/1159/1 1159/1157/1 1158/1160/1
f 1184/1161/1 1183/1159/1 1158/1160/1
f 1185/1162/1 1184/1161/1 1158/1160/1
f 1185/1162/1 1158/1160/1 1157/1163/1
f 1186/1164/1 1185/1162/1 1157/1163/1
f 1187/1165/1 1186/1164/1 1157/1163/1
f 1187/1165/1 1157/1163/1 1156/1166/1
f 1188/1167/1 1187/1165/1 1156/1166/1
f 1188/1167/1 1156/1166/1 1155/1168/1
f 1189/1169/1 1188/1167/1 1155/1168/1
f 1190/1170/1 1189/1169/1 1155/1168/1
f 1190/1170/1 1155/1168/1 1154/1171/1
f 1191/1172/1 1190/1170/1 1154/1171/1
f 1192/1173/1 1191/1172/1 1154/1171/1
f 1192/1173/1 1154/1171/1 1153/1174/1
f 1193/1175/1 1192/1173/1 1153/1174/1
f 1193/1175/1 1153/1174/1 1152/1176/1
f 1194/1177/1 1193/1175/1 1152/1176/1
f 1171/1135/1 1210/1149/1 1209/1178/1
f 1195/1179/1 1194/1177/1 1152/1176/1
f 1171/1135/1 1209/1178/1 1208/1180/1
f 1171/1135/1 1208/1180/1 1207/1181/1
f 1171/1135/1 1207/1181/1 1133/1182/1
f 1133/1182/1 1207/1181/1 1206/1183/1
f 1196/1184/1 1195/1179/1 1152/1176/1
f 1133/1182/1 1206/1183/1 1205/1185/1
f 1133/1182/1 1205/1185/1 1204/1186/1
f 1196/1184/1 1152/1176/1 1151/1187/1
f 1197/1188/1 1196/1184/1 1151/1187/1
f 1133/1182/1 1204/1186/1 1203/1189/1
f 1133/1182/1 1203/1189/1 1202/1190/1
f 1133/1182/1 1202/1190/1 1201/1191/1
f 1198/1192/1 1197/1188/1 1151/1187/1
f 1133/1182/1 1201/1191/1 1200/1193/1
f 1133/1182/1 1200/1193/1 1199/1194/1
f 1133/1182/1 1199/1194/1 1198/1192/1
f 1133/1182/1 1198/1192/1 1151/1187/1
f 1133/1182/1 1151/1187/1 1150/1195/1
f 1133/1182/1 1150/1195/1 1149/1196/1
f 1133/1182/1 1149/1196/1 1148/1197/1
f 1171/1135/1 1133/1182/1 1172/1198/1
f 1134/1199/1 1133/1182/1 1148/1197/1
f 1134/1199/1 1148/1197/1 1147/1200/1
f 1135/1201/1 1134/1199/1 1147/1200/1
f 1136/1202/1 1135/1201/1 1147/1200/1
f 1137/1203/1 1136/1202/1 1147/1200/1
f 1138/1204/1 1137/1203/1 1147/1200/1
f 1138/1204/1 1147/1200/1 1146/1205/1
f 1139/1206/1 1138/1204/1 1146/1205/1
f 1140/1207/1 1139/1206/1 1146/1205/1
f 1141/1208/1 1140/1207/1 1146/1205/1
f 1142/1209/1 1141/1208/1 1146/1205/1
f 1142/1209/1 1146/1205/1 1145/1210/1
f 1143/1211/1 1142/1209/1 1145/1210/1
f 1144/1212/1 1143/1211/1 1145/1210/1
f 1224/1213/1 1223/1214/1 1222/1215/1
f 1224/1213/1 1222/1215/1 1221/1216/1
f 1224/1213/1 1221/1216/1 1220/1217/1
f 1225/1218/1 1224/1213/1 1220/1217/1
f 1225/1218/1 1220/1217/1 1219/1219/1
f 1225/1218/1 1219/1219/1 1218/1220/1
f 1226/1221/1 1225/1218/1 1218/1220/1
f 1226/1221/1 1218/1220/1 1217/1222/1
f 1226/1221/1 1217/1222/1 1216/1223/1
f 1227/1224/1 1226/1221/1 1216/1223/1
f 1227/1224/1 1216/1223/1 1215/1225/1
f 1227/1224/1 1215/1225/1 1214/1226/1
f 1228/1227/1 1227/1224/1 1214/1226/1
f 1228/1227/1 1214/1226/1 1213/1228/1
f 1228/1227/1 1213/1228/1 1212/1229/1
f 1229/1230/1 1228/1227/1 1212/1229/1
f 1229/1230/1 1212/1229/1 1211/1231/1
f 1229/1230/1 1211/1231/1 1324/1232/1
f 1324/1232/1 1211/1231/1 1325/1233/1
f 1325/1233/1 1211/1231/1 1326/1234/1
f 1326/1234/1 1211/1231/1 1327/1235/1
f 1327/1235/1 1211/1231/1 1328/1236/1
f 1328/1236/1 1211/1231/1 1329/1237/1
f 1329/1237/1 1211/1231/1 1330/1238/1
f 1330/1238/1 1211/1231/1 1331/1239/1
f 1331/1239/1 1211/1231/1 1332/1240/1
f 1230/1241/1 1229/1230/1 1322/1242/1
f 1322/1242/1 1229/1230/1 1323/1243/1
f 1323/1243/1 1229/1230/1 1324/1232/1
f 1231/1244/1 1230/1241/1 1320/1245/1
f 1320/1245/1 1230/1241/1 1321/1246/1
f 1321/1246/1 1230/1241/1 1322/1242/1
f 1232/1247/1 1231/1244/1 1319/1248/1
f 1319/1248/1 1231/1244/1 1320/1245/1
f 1232/1247/1 1319/1248/1 1318/1249/1
f 1232/1247/1 1318/1249/1 1317/1250/1
f 1232/1247/1 1317/1250/1 1316/1251/1
f 1232/1247/1 1316/1251/1 1315/1252/1
f 1232/1247/1 1315/1252/1 1314/1253/1
f 1233/1254/1 1232/1247/1 1314/1253/1
f 1233/1254/1 1314/1253/1 1313/1255/1
f 1233/1254/1 1313/1255/1 1312/1256/1
f 1233/1254/1 1312/1256/1 1311/1257/1
f 1234/1258/1 1233/1254/1 1311/1257/1
f 1234/1258/1 1311/1257/1 1310/1259/1
f 1234/1258/1 1310/1259/1 1309/1260/1
f 1235/1261/1 1234/1258/1 1309/1260/1
f 1235/1261/1 1309/1260/1 1308/1262/1
f 1235/1261/1 1308/1262/1 1307/1263/1
f 1236/1264/1 1235/1261/1 1307/1263/1
f 1236/1264/1 1307/1263/1 1306/1265/1
f 1236/1264/1 1306/1265/1 1305/1266/1
f 1237/1267/1 1236/1264/1 1305/1266/1
f 1237/1267/1 1305/1266/1 1304/1268/1
f 1238/1269/1 1237/1267/1 1304/1268/1
f 1238/1269/1 1304/1268/1 1303/1270/1
f 1238/1269/1 1303/1270/1 1302/1271/1
f 1239/1272/1 1238/1269/1 1302/1271/1
f 1239/1272/1 1302/1271/1 1301/1273/1
f 1240/1274/1 1239/1272/1 1301/1273/1
f 1240/1274/1 1301/1273/1 1300/1275/1
f 1241/1276/1 1240/1274/1 1300/1275/1
f 1241/1276/1 1300/1275/1 1299/1277/1
f 1242/1278/1 1241/1276/1 1299/1277/1
f 1242/1278/1 1299/1277/1 1298/1279/1
f 1243/1280/1 1242/1278/1 1298/1279/1
f 1244/1281/1 1243/1280/1 1298/1279/1
f 1244/1281/1 1298/1279/1 1297/1282/1
f 1245/1283/1 1244/1281/1 1297/1282/1
f 1246/1284/1 1245/1283/1 1297/1282/1
f 1246/1284/1 1297/1282/1 1296/1285/1
f 1247/1286/1 1246/1284/1 1296/1285/1
f 1272/1287/1 1271/1288/1 1270/1289/1
f 1247/1286/1 1296/1285/1 1295/1290/1
f 1248/1291/1 1247/1286/1 1295/1290/1
f 1272/1287/1 1270/1289/1 1269/1292/1
f 1249/1293/1 1248/1291/1 1295/1290/1
f 1249/1293/1 1295/1290/1 1294/1294/1
f 1272/1287/1 1269/1292/1 1268/1295/1
f 1250/1296/1 1249/1293/1 1294/1294/1
f 1272/1287/1 1268/1295/1 1267/1297/1
f 1251/1298/1 1250/1296/1 1294/1294/1
f 1252/1299/1 1251/1298/1 1294/1294/1
f 1252/1299/1 1294/1294/1 1293/1300/1
f 1272/1287/1 1267/1297/1 1266/1301/1
f 1253/1302/1 1252/1299/1 1293/1300/1
f 1272/1287/1 1266/1301/1 1265/1303/1
f 1254/1304/1 1253/1302/1 1293/1300/1
f 1272/1287/1 1265/1303/1 1264/1305/1
f 1254/1304/1 1293/1300/1 1292/1306/1
f 1255/1307/1 1254/1304/1 1292/1306/1
f 1272/1287/1 1264/1305/1 1263/1308/1
f 1256/1309/1 1255/1307/1 1292/1306/1
f 1272/1287/1 1263/1308/1 1262/1310/1
f 1257/1311/1 1256/1309/1 1292/1306/1
f 1272/1287/1 1262/1310/1 1261/1312/1
f 1258/1313/1 1257/1311/1 1292/1306/1
f 1272/1287/1 1261/1312/1 1260/1314/1
f 1258/1313/1 1292/1306/1 1291/1315/1
f 1259/1316/1 1258/1313/1 1291/1315/1
f 1272/1287/1 1260/1314/1 1259/1316/1
f 1272/1287/1 1259/1316/1 1291/1315/1
f 1272/1287/1 1291/1315/1 1290/1317/1
f 1273/1318/1 1272/1287/1 1290/1317/1
f 1274/1319/1 1273/1318/1 1290/1317/1
f 1274/1319/1 1290/1317/1 1289/1320/1
f 1275/1321/1 1274/1319/1 1289/1320/1
f 1275/1321/1 1289/1320/1 1288/1322/1
f 1276/1323/1 1275/1321/1 1288/1322/1
f 1277/1324/1 1276/1323/1 1288/1322/1
f 1277/1324/1 1288/1322/1 1287/1325/1
f 1278/1326/1 1277/1324/1 1287/1325/1
f 1279/1327/1 1278/1326/1 1287/1325/1
f 1279/1327/1 1287/1325/1 1286/1328/1
f 1280/1329/1 1279/1327/1 1286/1328/1
f 1281/1330/1 1280/1329/1 1286/1328/1
f 1281/1330/1 1286/1328/1 1285/1331/1
f 1282/1332/1 1281/1330/1 1285/1331/1
f 1283/1333/1 1282/1332/1 1285/1331/1
f 1283/1333/1 1285/1331/1 1284/1334/1
f 1334/1335/1 1333/1336/1 1380/1337/1
f 1334/1335/1 1380/1337/1 1379/1338/1
f 1335/1339/1 1334/1335/1 1379/1338/1
f 1335/1339/1 1379/1338/1 1378/1340/1
f 1336/1341/1 1335/1339/1 1378/1340/1
f 1336/1341/1 1378/1340/1 1377/1342/1
f 1337/1343/1 1336/1341/1 1377/1342/1
f 1337/1343/1 1377/1342/1 1376/1344/1
f 1338/1345/1 1337/1343/1 1376/1344/1
f 1338/1345/1 1376/1344/1 1375/1346/1
f 1339/1347/1 1338/1345/1 1375/1346/1
f 1339/1347/1 1375/1346/1 1374/1348/1
f 1340/1349/1 1339/1347/1 1381/1350/1
f 1381/1350/1 1339/1347/1 1374/1348/1
f 1340/1349/1 1381/1350/1 1428/1351/1
f 1382/1352/1 1381/1350/1 1374/1348/1
f 1340/1349/1 1428/1351/1 1427/1353/1
f 1383/1354/1 1382/1352/1 1374/1348/1
f 1340/1349/1 1427/1353/1 1426/1355/1
f 1384/1356/1 1383/1354/1 1374/1348/1
f 1384/1356/1 1374/1348/1 1373/1357/1
f 1341/1358/1 1340/1349/1 1426/1355/1
f 1341/1358/1 1426/1355/1 1425/1359/1
f 1385/1360/1 1384/1356/1 1373/1357/1
f 1341/1358/1 1425/1359/1 1424/1361/1
f 1386/1362/1 1385/1360/1 1373/1357/1
f 1341/1358/1 1424/1361/1 1423/1363/1
f 1387/1364/1 1386/1362/1 1373/1357/1
f 1387/1364/1 1373/1357/1 1372/1365/1
f 1342/1366/1 1341/1358/1 1423/1363/1
f 1342/1366/1 1423/1363/1 1422/1367/1
f 1388/1368/1 1387/1364/1 1372/1365/1
f 1342/1366/1 1422/1367/1 1421/1369/1
f 1389/1370/1 1388/1368/1 1372/1365/1
f 1389/1370/1 1372/1365/1 1371/1371/1
f 1343/1372/1 1342/1366/1 1421/1369/1
f 1343/1372/1 1421/1369/1 1420/1373/1
f 1390/1374/1 1389/1370/1 1371/1371/1
f 1390/1374/1 1371/1371/1 1370/1375/1
f 1344/1376/1 1343/1372/1 1420/1373/1
f 1344/1376/1 1420/1373/1 1419/1377/1
f 1391/1378/1 1390/1374/1 1370/1375/1
f 1344/1376/1 1419/1377/1 1418/1379/1
f 1392/1380/1 1391/1378/1 1370/1375/1
f 1392/1380/1 1370/1375/1 1369/1381/1
f 1345/1382/1 1344/1376/1 1418/1379/1
f 1345/1382/1 1418/1379/1 1417/1383/1
f 1393/1384/1 1392/1380/1 1369/1381/1
f 1346/1385/1 1345/1382/1 1417/1383/1
f 1346/1385/1 1417/1383/1 1416/1386/1
f 1393/1384/1 1369/1381/1 1368/1387/1
f 1394/1388/1 1393/1384/1 1368/1387/1
f 1346/1385/1 1416/1386/1 1415/1389/1
f 1395/1390/1 1394/1388/1 1368/1387/1
f 1347/1391/1 1346/1385/1 1415/1389/1
f 1395/1390/1 1368/1387/1 1367/1392/1
f 1347/1391/1 1415/1389/1 1414/1393/1
f 1396/1394/1 1395/1390/1 1367/1392/1
f 1347/1391/1 1414/1393/1 1413/1395/1
f 1348/1396/1 1347/1391/1 1413/1395/1
f 1397/1397/1 1396/1394/1 1367/1392/1
f 1397/1397/1 1367/1392/1 1366/1398/1
f 1348/1396/1 1413/1395/1 1412/1399/1
f 1398/1400/1 1397/1397/1 1366/1398/1
f 1349/1401/1 1348/1396/1 1412/1399/1
f 1398/1400/1 1366/1398/1 1365/1402/1
f 1349/1401/1 1412/1399/1 1411/1403/1
f 1399/1404/1 1398/1400/1 1365/1402/1
f 1349/1401/1 1411/1403/1 1410/1405/1
f 1400/1406/1 1399/1404/1 1365/1402/1
f 1350/1407/1 1349/1401/1 1410/1405/1
f 1400/1406/1 1365/1402/1 1364/1408/1
f 1350/1407/1 1410/1405/1 1409/1409/1
f 1401/1410/1 1400/1406/1 1364/1408/1
f 1350/1407/1 1409/1409/1 1408/1411/1
f 1402/1412/1 1401/1410/1 1364/1408/1
f 1350/1407/1 1408/1411/1 1407/1413/1
f 1403/1414/1 1402/1412/1 1364/1408/1
f 1351/1415/1 1350/1407/1 1407/1413/1
f 1403/1414/1 1364/1408/1 1363/1416/1
f 1351/1415/1 1407/1413/1 1406/1417/1
f 1404/1418/1 1403/1414/1 1363/1416/1
f 1351/1415/1 1406/1417/1 1405/1419/1
f 1405/1419/1 1404/1418/1 1363/1416/1
f 1351/1415/1 1405/1419/1 1363/1416/1
f 1352/1420/1 1351/1415/1 1363/1416/1
f 1352/1420/1 1363/1416/1 1362/1421/1
f 1353/1422/1 1352/1420/1 1362/1421/1
f 1353/1422/1 1362/1421/1 1361/1423/1
f 1354/1424/1 1353/1422/1 1361/1423/1
f 1354/1424/1 1361/1423/1 1360/1425/1
f 1355/1426/1 1354/1424/1 1360/1425/1
f 1355/1426/1 1360/1425/1 1359/1427/1
f 1356/1428/1 1355/1426/1 1359/1427/1
f 1356/1428/1 1359/1427/1 1358/1429/1
f 1357/1430/1 1356/1428/1 1358/1429/1
f 1431/1431/1 1430/1432/1 1429/1433/1
f 1431/1431/1 1429/1433/1 1436/1434/1
f 1432/1435/2 1431/1431/2 1436/1434/2
f 1433/1436/1 1432/1435/1 1435/1437/1
f 1435/1437/3 1432/1435/3 1436/1434/3
f 1433/1436/1 1435/1437/1 1434/1438/1
f 1439/1439/1 1438/1440/1 1437/1441/1
f 1439/1439/1 1437/1441/1 1493/1442/1
f 1481/1443/1 1480/1444/1 1479/1445/1
f 1482/1446/1 1481/1443/1 1479/1445/1
f 1482/1446/1 1479/1445/1 1478/1447/1
f 1483/1448/1 1482/1446/1 1478/1447/1
f 1484/1449/1 1483/1448/1 1478/1447/1
f 1484/1449/1 1478/1447/1 1477/1450/1
f 1485/1451/1 1484/1449/1 1477/1450/1
f 1485/1451/1 1477/1450/1 1476/1452/1
f 1486/1453/1 1485/1451/1 1476/1452/1
f 1487/1454/1 1486/1453/1 1476/1452/1
f 1487/1454/1 1476/1452/1 1475/1455/1
f 1488/1456/1 1487/1454/1 1475/1455/1
f 1489/1457/1 1488/1456/1 1475/1455/1
f 1489/1457/1 1475/1455/1 1474/1458/1
f 1490/1459/1 1489/1457/1 1474/1458/1
f 1490/1459/1 1474/1458/1 1473/1460/1
f 1491/1461/1 1490/1459/1 1473/1460/1
f 1492/1462/1 1491/1461/1 1473/1460/1
f 1492/1462/1 1473/1460/1 1453/1463/1
f 1453/1463/1 1473/1460/1 1472/1464/1
f 1439/1439/1 1493/1442/1 1492/1462/1
f 1439/1439/1 1492/1462/1 1441/1465/1
f 1441/1465/1 1492/1462/1 1442/1466/1
f 1442/1466/1 1492/1462/1 1443/1467/1
f 1443/1467/1 1492/1462/1 1444/1468/1
f 1444/1468/1 1492/1462/1 1445/1469/1
f 1445/1469/1 1492/1462/1 1446/1470/1
f 1446/1470/1 1492/1462/1 1447/1471/1
f 1447/1471/1 1492/1462/1 1448/1472/1
f 1448/1472/1 1492/1462/1 1449/1473/1
f 1449/1473/1 1492/1462/1 1450/1474/1
f 1450/1474/1 1492/1462/1 1451/1475/1
f 1451/1475/1 1492/1462/1 1452/1476/1
f 1452/1476/1 1492/1462/1 1453/1463/1
f 1454/1477/1 1453/1463/1 1472/1464/1
f 1455/1478/1 1454/1477/1 1472/1464/1
f 1456/1479/1 1455/1478/1 1472/1464/1
f 1457/1480/1 1456/1479/1 1472/1464/1
f 1457/1480/1 1472/1464/1 1471/1481/1
f 1458/1482/1 1457/1480/1 1471/1481/1
f 1459/1483/1 1458/1482/1 1471/1481/1
f 1460/1484/1 1459/1483/1 1471/1481/1
f 1460/1484/1 1471/1481/1 1470/1485/1
f 1461/1486/1 1460/1484/1 1470/1485/1
f 1462/1487/1 1461/1486/1 1470/1485/1
f 1462/1487/1 1470/1485/1 1469/1488/1
f 1463/1489/1 1462/1487/1 1469/1488/1
f 1439/1439/1 1441/1465/1 1440/1490/1
f 1464/1491/1 1463/1489/1 1469/1488/1
f 1464/1491/1 1469/1488/1 1468/1492/1
f 1465/1493/1 1464/1491/1 1468/1492/1
f 1466/1494/1 1465/1493/1 1468/1492/1
f 1466/1494/1 1468/1492/1 1467/1495/1
f 1507/1496/1 1506/1497/1 1505/1498/1
f 1507/1496/1 1505/1498/1 1504/1499/1
f 1508/1500/1 1507/1496/1 1504/1499/1
f 1508/1500/1 1504/1499/1 1503/1501/1
f 1508/1500/1 1503/1501/1 1502/1502/1
f 1509/1503/1 1508/1500/1 1502/1502/1
f 1509/1503/1 1502/1502/1 1501/1504/1
f 1509/1503/1 1501/1504/1 1500/1505/1
f 1510/1506/1 1509/1503/1 1500/1505/1
f 1510/1506/1 1500/1505/1 1499/1507/1
f 1510/1506/1 1499/1507/1 1498/1508/1
f 1511/1509/1 1510/1506/1 1498/1508/1
f 1511/1509/1 1498/1508/1 1497/1510/1
f 1511/1509/1 1497/1510/1 1496/1511/1
f 1512/1512/1 1511/1509/1 1496/1511/1
f 1512/1512/1 1496/1511/1 1495/1513/1
f 1512/1512/1 1495/1513/1 1494/1514/1
f 1513/1515/1 1512/1512/1 1494/1514/1
f 1513/1515/1 1494/1514/1 1619/1516/1
f 1619/1516/1 1494/1514/1 1620/1517/1
f 1620/1517/1 1494/1514/1 1621/1518/1
f 1621/1518/1 1494/1514/1 1622/1519/1
f 1622/1519/1 1494/1514/1 1623/1520/1
f 1623/1520/1 1494/1514/1 1624/1521/1
f 1624/1521/1 1494/1514/1 1625/1522/1
f 1625/1522/1 1494/1514/1 1626/1523/1
f 1626/1523/1 1494/1514/1 1627/1524/1
f 1514/1525/1 1513/1515/1 1617/1526/1
f 1617/1526/1 1513/1515/1 1618/1527/1
f 1618/1527/1 1513/1515/1 1619/1516/1
f 1515/1528/1 1514/1525/1 1616/1529/1
f 1616/1529/1 1514/1525/1 1617/1526/1
f 1516/1530/1 1515/1528/1 1614/1531/1
f 1614/1531/1 1515/1528/1 1615/1532/1
f 1615/1532/1 1515/1528/1 1616/1529/1
f 1516/1530/1 1614/1531/1 1613/1533/1
f 1516/1530/1 1613/1533/1 1612/1534/1
f 1516/1530/1 1612/1534/1 1611/1535/1
f 1516/1530/1 1611/1535/1 1610/1536/1
f 1516/1530/1 1610/1536/1 1609/1537/1
f 1517/1538/1 1516/1530/1 1609/1537/1
f 1517/1538/1 1609/1537/1 1608/1539/1
f 1517/1538/1 1608/1539/1 1607/1540/1
f 1517/1538/1 1607/1540/1 1606/1541/1
f 1517/1538/1 1606/1541/1 1605/1542/1
f 1518/1543/1 1517/1538/1 1605/1542/1
f 1518/1543/1 1605/1542/1 1604/1544/1
f 1518/1543/1 1604/1544/1 1603/1545/1
f 1518/1543/1 1603/1545/1 1602/1546/1
f 1519/1547/1 1518/1543/1 1602/1546/1
f 1519/1547/1 1602/1546/1 1601/1548/1
f 1519/1547/1 1601/1548/1 1600/1549/1
f 1519/1547/1 1600/1549/1 1599/1550/1
f 1519/1547/1 1599/1550/1 1598/1551/1
f 1519/1547/1 1598/1551/1 1597/1552/1
f 1520/1553/1 1519/1547/1 1597/1552/1
f 1520/1553/1 1597/1552/1 1596/1554/1
f 1520/1553/1 1596/1554/1 1595/1555/1
f 1520/1553/1 1595/1555/1 1594/1556/1
f 1521/1557/1 1520/1553/1 1594/1556/1
f 1521/1557/1 1594/1556/1 1593/1558/1
f 1521/1557/1 1593/1558/1 1592/1559/1
f 1521/1557/1 1592/1559/1 1591/1560/1
f 1522/1561/1 1521/1557/1 1591/1560/1
f 1522/1561/1 1591/1560/1 1590/1562/1
f 1523/1563/1 1522/1561/1 1590/1562/1
f 1523/1563/1 1590/1562/1 1589/1564/1
f 1523/1563/1 1589/1564/1 1588/1565/1
f 1524/1566/1 1523/1563/1 1588/1565/1
f 1524/1566/1 1588/1565/1 1587/1567/1
f 1525/1568/1 1524/1566/1 1587/1567/1
f 1525/1568/1 1587/1567/1 1586/1569/1
f 1525/1568/1 1586/1569/1 1585/1570/1
f 1526/1571/1 1525/1568/1 1585/1570/1
f 1526/1571/1 1585/1570/1 1584/1572/1
f 1527/1573/1 1526/1571/1 1584/1572/1
f 1527/1573/1 1584/1572/1 1583/1574/1
f 1527/1573/1 1583/1574/1 1582/1575/1
f 1528/1576/1 1527/1573/1 1582/1575/1
f 1528/1576/1 1582/1575/1 1581/1577/1
f 1529/1578/1 1528/1576/1 1581/1577/1
f 1529/1578/1 1581/1577/1 1580/1579/1
f 1530/1580/1 1529/1578/1 1580/1579/1
f 1530/1580/1 1580/1579/1 1579/1581/1
f 1555/1582/1 1554/1583/1 1553/1584/1
f 1530/1580/1 1579/1581/1 1578/1585/1
f 1531/1586/1 1530/1580/1 1578/1585/1
f 1555/1582/1 1553/1584/1 1552/1587/1
f 1532/1588/1 1531/1586/1 1578/1585/1
f 1555/1582/1 1552/1587/1 1551/1589/1
f 1533/1590/1 1532/1588/1 1578/1585/1
f 1533/1590/1 1578/1585/1 1577/1591/1
f 1555/1582/1 1551/1589/1 1550/1592/1
f 1534/1593/1 1533/1590/1 1577/1591/1
f 1555/1582/1 1550/1592/1 1549/1594/1
f 1535/1595/1 1534/1593/1 1577/1591/1
f 1555/1582/1 1549/1594/1 1548/1596/1
f 1536/1597/1 1535/1595/1 1577/1591/1
f 1536/1597/1 1577/1591/1 1576/1598/1
f 1555/1582/1 1548/1596/1 1547/1599/1
f 1537/1600/1 1536/1597/1 1576/1598/1
f 1538/1601/1 1537/1600/1 1576/1598/1
f 1555/1582/1 1547/1599/1 1546/1602/1
f 1539/1603/1 1538/1601/1 1576/1598/1
f 1555/1582/1 1546/1602/1 1545/1604/1
f 1540/1605/1 1539/1603/1 1576/1598/1
f 1555/1582/1 1545/1604/1 1544/1606/1
f 1541/1607/1 1540/1605/1 1576/1598/1
f 1555/1582/1 1544/1606/1 1543/1608/1
f 1542/1609/1 1541/1607/1 1576/1598/1
f 1555/1582/1 1543/1608/1 1542/1609/1
f 1542/1609/1 1576/1598/1 1575/1610/1
f 1555/1582/1 1542/1609/1 1575/1610/1
f 1555/1582/1 1575/1610/1 1574/1611/1
f 1555/1582/1 1574/1611/1 1573/1612/1
f 1556/1613/1 1555/1582/1 1573/1612/1
f 1556/1613/1 1573/1612/1 1572/1614/1
f 1557/1615/1 1556/1613/1 1572/1614/1
f 1558/1616/1 1557/1615/1 1572/1614/1
f 1558/1616/1 1572/1614/1 1571/1617/1
f 1559/1618/1 1558/1616/1 1571/1617/1
f 1560/1619/1 1559/1618/1 1571/1617/1
f 1560/1619/1 1571/1617/1 1570/1620/1
f 1561/1621/1 1560/1619/1 1570/1620/1
f 1561/1621/1 1570/1620/1 1569/1622/1
f 1562/1623/1 1561/1621/1 1569/1622/1
f 1563/1624/1 1562/1623/1 1569/1622/1
f 1563/1624/1 1569/1622/1 1568/1625/1
f 1564/1626/1 1563/1624/1 1568/1625/1
f 1565/1627/1 1564/1626/1 1568/1625/1
f 1565/1627/1 1568/1625/1 1567/1628/1
f 1566/1629/1 1565/1627/1 1567/1628/1
f 1658/1630/1 1657/1631/1 1656/1632/1
f 1658/1630/1 1656/1632/1 1655/1633/1
f 1631/1634/1 1630/1635/1 1629/1636/1
f 1631/1634/1 1629/1636/1 1628/1637/1
f 1659/1638/1 1658/1630/1 1655/1633/1
f 1659/1638/1 1655/1633/1 1654/1639/1
f 1659/1638/1 1654/1639/1 1653/1640/1
f 1660/1641/1 1659/1638/1 1653/1640/1
f 1660/1641/1 1653/1640/1 1652/1642/1
f 1632/1643/1 1631/1634/1 1628/1637/1
f 1660/1641/1 1652/1642/1 1651/1644/1
f 1633/1645/1 1632/1643/1 1628/1637/1
f 1661/1646/1 1660/1641/1 1651/1644/1
f 1661/1646/1 1651/1644/1 1650/1647/1
f 1634/1648/1 1633/1645/1 1628/1637/1
f 1635/1649/1 1634/1648/1 1628/1637/1
f 1661/1646/1 1650/1647/1 1649/1650/1
f 1662/1651/1 1661/1646/1 1649/1650/1
f 1636/1652/1 1635/1649/1 1628/1637/1
f 1662/1651/1 1649/1650/1 1648/1653/1
f 1637/1654/1 1636/1652/1 1682/1655/1
f 1682/1655/1 1636/1652/1 1628/1637/1
f 1662/1651/1 1648/1653/1 1647/1656/1
f 1638/1657/1 1637/1654/1 1682/1655/1
f 1662/1651/1 1647/1656/1 1646/1658/1
f 1639/1659/1 1638/1657/1 1682/1655/1
f 1663/1660/1 1662/1651/1 1646/1658/1
f 1640/1661/1 1639/1659/1 1682/1655/1
f 1663/1660/1 1646/1658/1 1645/1662/1
f 1641/1663/1 1640/1661/1 1682/1655/1
f 1663/1660/1 1645/1662/1 1644/1664/1
f 1642/1665/1 1641/1663/1 1682/1655/1
f 1663/1660/1 1644/1664/1 1643/1666/1
f 1643/1666/1 1642/1665/1 1682/1655/1
f 1663/1660/1 1643/1666/1 1682/1655/1
f 1663/1660/1 1682/1655/1 1681/1667/1
f 1683/1668/1 1682/1655/1 1628/1637/1
f 1664/1669/1 1663/1660/1 1681/1667/1
f 1664/1669/1 1681/1667/1 1680/1670/1
f 1664/1669/1 1680/1670/1 1679/1671/1
f 1665/1672/1 1664/1669/1 1679/1671/1
f 1665/1672/1 1679/1671/1 1678/1673/1
f 1666/1674/1 1665/1672/1 1678/1673/1
f 1666/1674/1 1678/1673/1 1677/1675/1
f 1666/1674/1 1677/1675/1 1676/1676/1
f 1667/1677/1 1666/1674/1 1676/1676/1
f 1667/1677/1 1676/1676/1 1675/1678/1
f 1667/1677/1 1675/1678/1 1674/1679/1
f 1668/1680/1 1667/1677/1 1674/1679/1
f 1668/1680/1 1674/1679/1 1673/1681/1
f 1669/1682/1 1668/1680/1 1673/1681/1
f 1669/1682/1 1673/1681/1 1672/1683/1
f 1669/1682/1 1672/1683/1 1671/1684/1
f 1670/1685/1 1669/1682/1 1671/1684/1
f 1685/1686/1 1684/1687/1 1713/1688/1
f 1713/1688/1 1684/1687/1 1712/1689/1
f 1713/1688/1 1712/1689/1 1711/1690/1
f 1713/1688/1 1711/1690/1 1710/1691/1
f 1713/1688/1 1710/1691/1 1709/1692/1
f 1713/1688/1 1709/1692/1 1708/1693/1
f 1713/1688/1 1708/1693/1 1707/1694/1
f 1713/1688/1 1707/1694/1 1706/1695/1
f 1713/1688/1 1706/1695/1 1705/1696/1
f 1713/1688/1 1705/1696/1 1714/1697/1
f 1714/1697/1 1705/1696/1 1704/1698/1
f 1685/1686/1 1713/1688/1 1739/1699/1
f 1715/1700/1 1714/1697/1 1704/1698/1
f 1716/1701/1 1715/1700/1 1704/1698/1
f 1717/1702/1 1716/1701/1 1704/1698/1
f 1717/1702/1 1704/1698/1 1703/1703/1
f 1718/1704/1 1717/1702/1 1703/1703/1
f 1719/1705/1 1718/1704/1 1703/1703/1
f 1720/1706/1 1719/1705/1 1703/1703/1
f 1720/1706/1 1703/1703/1 1702/1707/1
f 1721/1708/1 1720/1706/1 1702/1707/1
f 1722/1709/1 1721/1708/1 1702/1707/1
f 1723/1710/1 1722/1709/1 1702/1707/1
f 1723/1710/1 1702/1707/1 1701/1711/1
f 1724/1712/1 1723/1710/1 1701/1711/1
f 1725/1713/1 1724/1712/1 1701/1711/1
f 1725/1713/1 1701/1711/1 1700/1714/1
f 1726/1715/1 1725/1713/1 1700/1714/1
f 1727/1716/1 1726/1715/1 1700/1714/1
f 1727/1716/1 1700/1714/1 1699/1717/1
f 1728/1718/1 1727/1716/1 1699/1717/1
f 1728/1718/1 1699/1717/1 1698/1719/1
f 1729/1720/1 1728/1718/1 1698/1719/1
f 1730/1721/1 1729/1720/1 1698/1719/1
f 1730/1721/1 1698/1719/1 1697/1722/1
f 1731/1723/1 1730/1721/1 1697/1722/1
f 1732/1724/1 1731/1723/1 1697/1722/1
f 1732/1724/1 1697/1722/1 1696/1725/1
f 1733/1726/1 1732/1724/1 1696/1725/1
f 1734/1727/1 1733/1726/1 1696/1725/1
f 1735/1728/1 1734/1727/1 1696/1725/1
f 1736/1729/1 1735/1728/1 1696/1725/1
f 1736/1729/1 1696/1725/1 1695/1730/1
f 1737/1731/1 1736/1729/1 1695/1730/1
f 1738/1732/1 1737/1731/1 1695/1730/1
f 1685/1686/1 1739/1699/1 1687/1733/1
f 1687/1733/1 1739/1699/1 1738/1732/1
f 1687/1733/1 1738/1732/1 1695/1730/1
f 1687/1733/1 1695/1730/1 1694/1734/1
f 1687/1733/1 1694/1734/1 1693/1735/1
f 1687/1733/1 1693/1735/1 1692/1736/1
f 1687/1733/1 1692/1736/1 1691/1737/1
f 1687/1733/1 1691/1737/1 1690/1738/1
f 1687/1733/1 1690/1738/1 1689/1739/1
f 1687/1733/1 1689/1739/1 1688/1740/1
f 1685/1686/1 1687/1733/1 1686/1741/1
f 2061/1/4 2063/3/4 2062/2/4
f 2060/4/5 2063/3/5 2061/1/5
f 2060/4/5 2064/5/5 2063/3/5
f 2059/6/5 2064/5/5 2060/4/5
f 2059/6/5 2065/7/5 2064/5/5
f 2058/8/5 2065/7/5 2059/6/5
f 2058/8/5 2066/9/5 2065/7/5
f 2057/10/5 2066/9/5 2058/8/5
f 2057/10/5 2067/11/5 2066/9/5
f 2056/12/5 2067/11/5 2057/10/5
f 2056/12/5 2068/13/5 2067/11/5
f 2055/14/5 2068/13/5 2056/12/5
f 2055/14/5 2069/15/5 2068/13/5
f 2054/16/5 2069/15/5 2055/14/5
f 2054/16/5 2070/17/5 2069/15/5
f 2053/18/5 2070/17/5 2054/16/5
f 2053/18/5 2071/19/5 2070/17/5
f 2052/20/5 2071/19/5 2053/18/5
f 2052/20/5 2072/21/5 2071/19/5
f 2051/22/5 2072/21/5 2052/20/5
f 2051/22/5 2073/23/5 2072/21/5
f 2050/24/5 2073/23/5 2051/22/5
f 2050/24/5 2074/25/5 2073/23/5
f 2049/26/5 2074/25/5 2050/24/5
f 2049/26/5 2075/27/5 2074/25/5
f 2048/28/5 2075/27/5 2049/26/5
f 2048/28/5 2076/29/5 2075/27/5
f 2047/30/5 2076/29/5 2048/28/5
f 2047/30/5 2077/31/5 2076/29/5
f 2046/32/5 2077/31/5 2047/30/5
f 2046/32/5 2254/33/5 2077/31/5
f 2254/33/5 2078/34/5 2077/31/5
f 2046/32/5 2255/35/5 2254/33/5
f 2253/36/5 2078/34/5 2254/33/5
f 2045/37/5 2255/35/5 2046/32/5
f 2253/36/5 2079/38/5 2078/34/5
f 2252/39/6 2079/38/6 2253/36/6
f 2045/37/4 2256/40/4 2255/35/4
f 2251/41/5 2079/38/5 2252/39/5
f 2045/37/5 2257/42/5 2256/40/5
f 2250/43/5 2079/38/5 2251/41/5
f 2045/37/5 2258/44/5 2257/42/5
f 2249/45/5 2079/38/5 2250/43/5
f 2045/37/5 2259/46/5 2258/44/5
f 2248/47/5 2079/38/5 2249/45/5
f 2045/37/5 2260/48/5 2259/46/5
f 2247/49/5 2079/38/5 2248/47/5
f 2045/37/5 2261/50/5 2260/48/5
f 2044/51/5 2261/50/5 2045/37/5
f 2247/49/5 2080/52/5 2079/38/5
f 2246/53/5 2080/52/5 2247/49/5
f 2044/51/5 2262/54/5 2261/50/5
f 2245/55/5 2080/52/5 2246/53/5
f 2044/51/5 2263/56/5 2262/54/5
f 2043/57/5 2263/56/5 2044/51/5
f 2245/55/5 2081/58/5 2080/52/5
f 2244/59/5 2081/58/5 2245/55/5
f 2043/57/5 2264/60/5 2263/56/5
f 2243/61/5 2081/58/5 2244/59/5
f 2043/57/5 2265/62/5 2264/60/5
f 2042/63/5 2265/62/5 2043/57/5
f 2243/61/5 2082/64/5 2081/58/5
f 2242/65/5 2082/64/5 2243/61/5
f 2042/63/5 2266/66/5 2265/62/5
f 2042/63/5 2267/67/5 2266/66/5
f 2241/68/5 2082/64/5 2242/65/5
f 2041/69/5 2267/67/5 2042/63/5
f 2241/68/5 2083/70/5 2082/64/5
f 2041/69/5 2268/71/5 2267/67/5
f 2240/72/5 2083/70/5 2241/68/5
f 2041/69/5 2269/73/5 2268/71/5
f 2239/74/5 2083/70/5 2240/72/5
f 2040/75/5 2269/73/5 2041/69/5
f 2239/74/5 2084/76/5 2083/70/5
f 2040/75/5 2270/77/5 2269/73/5
f 2238/78/5 2084/76/5 2239/74/5
f 2039/79/5 2270/77/5 2040/75/5
f 2238/78/5 2085/80/5 2084/76/5
f 2039/79/5 2271/81/5 2270/77/5
f 2237/82/5 2085/80/5 2238/78/5
f 2039/79/5 2272/83/5 2271/81/5
f 2236/84/5 2085/80/5 2237/82/5
f 2038/85/5 2272/83/5 2039/79/5
f 2236/84/5 2086/86/5 2085/80/5
f 2038/85/5 2273/87/5 2272/83/5
f 2235/88/5 2086/86/5 2236/84/5
f 2037/89/5 2273/87/5 2038/85/5
f 2235/88/5 2087/90/5 2086/86/5
f 2037/89/5 2274/91/5 2273/87/5
f 2234/92/5 2087/90/5 2235/88/5
f 2037/89/5 2275/93/5 2274/91/5
f 2233/94/5 2087/90/5 2234/92/5
f 2036/95/5 2275/93/5 2037/89/5
f 2233/94/5 2088/96/5 2087/90/5
f 2036/95/5 2276/97/5 2275/93/5
f 2232/98/5 2088/96/5 2233/94/5
f 2035/99/5 2276/97/5 2036/95/5
f 2232/98/5 2089/100/5 2088/96/5
f 2035/99/5 2277/101/5 2276/97/5
f 2231/102/5 2089/100/5 2232/98/5
f 2034/103/5 2277/101/5 2035/99/5
f 2231/102/5 2090/104/5 2089/100/5
f 2034/103/5 2278/105/5 2277/101/5
f 2230/106/5 2090/104/5 2231/102/5
f 2034/103/5 2279/107/5 2278/105/5
f 2229/108/5 2090/104/5 2230/106/5
f 2033/109/5 2279/107/5 2034/103/5
f 2229/108/5 2091/110/5 2090/104/5
f 2033/109/5 2280/111/5 2279/107/5
f 2228/112/5 2091/110/5 2229/108/5
f 2032/113/5 2280/111/5 2033/109/5
f 2228/112/5 2092/114/5 2091/110/5
f 2032/113/5 2281/115/5 2280/111/5
f 2227/116/5 2092/114/5 2228/112/5
f 2031/117/5 2281/115/5 2032/113/5
f 2227/116/5 2093/118/5 2092/114/5
f 2031/117/5 2282/119/5 2281/115/5
f 2226/120/5 2093/118/5 2227/116/5
f 2030/121/5 2282/119/5 2031/117/5
f 2226/120/5 2094/122/5 2093/118/5
f 2030/121/5 2283/123/5 2282/119/5
f 2225/124/5 2094/122/5 2226/120/5
f 1740/1742/5 1965/1743/5 1741/1744/5
f 1965/1743/5 1742/1745/5 1741/1744/5
f 1965/1743/5 1743/1746/5 1742/1745/5
f 1965/1743/5 1744/1747/5 1743/1746/5
f 1965/1743/5 1745/1748/5 1744/1747/5
f 1965/1743/5 1746/1749/5 1745/1748/5
f 1965/1743/5 1747/1750/5 1746/1749/5
f 1965/1743/5 1748/1751/5 1747/1750/5
f 1965/1743/5 1749/1752/5 1748/1751/5
f 1965/1743/5 1750/1753/5 1749/1752/5
f 1965/1743/5 1751/1754/5 1750/1753/5
f 1965/1743/5 1752/1755/5 1751/1754/5
f 1965/1743/5 1753/1756/5 1752/1755/5
f 2030/121/5 2284/140/5 2283/123/5
f 2224/141/5 2094/122/5 2225/124/5
f 1965/1743/5 1754/1757/5 1753/1756/5
f 2029/143/5 2284/140/5 2030/121/5
f 2224/141/5 2095/144/5 2094/122/5
f 1965/1743/5 1755/1758/5 1754/1757/5
f 1965/1743/5 1756/1759/5 1755/1758/5
f 1965/1743/5 1757/1760/5 1756/1759/5
f 1965/1743/5 1758/1761/5 1757/1760/5
f 2029/143/5 2285/149/5 2284/140/5
f 2223/150/5 2095/144/5 2224/141/5
f 1965/1743/5 1759/1762/5 1758/1761/5
f 2028/152/5 2285/149/5 2029/143/5
f 2223/150/5 2096/153/5 2095/144/5
f 1965/1743/5 1760/1763/5 1759/1762/5
f 1965/1743/5 1761/1764/5 1760/1763/5
f 1965/1743/5 1762/1765/5 1761/1764/5
f 2028/152/5 2286/157/5 2285/149/5
f 2222/158/5 2096/153/5 2223/150/5
f 1965/1743/5 1763/1766/5 1762/1765/5
f 2027/160/5 2286/157/5 2028/152/5
f 2222/158/5 2097/161/5 2096/153/5
f 1965/1743/5 1764/1767/5 1763/1766/5
f 1965/1743/5 1765/1768/5 1764/1767/5
f 2027/160/5 2287/164/5 2286/157/5
f 2221/165/5 2097/161/5 2222/158/5
f 1965/1743/5 1766/1769/5 1765/1768/5
f 2026/167/5 2287/164/5 2027/160/5
f 2221/165/5 2098/168/5 2097/161/5
f 1965/1743/5 1767/1770/5 1766/1769/5
f 2026/167/5 2288/170/5 2287/164/5
f 2220/1771/5 2098/168/5 2221/165/5
f 1965/1743/5 1768/1772/5 1767/1770/5
f 1965/1743/5 1964/1773/5 1768/1772/5
f 1964/1773/5 1963/1774/5 1768/1772/5
f 1963/1774/5 1769/1775/5 1768/1772/5
f 1740/1742/5 1915/1776/5 1965/1743/5
f 1962/1777/5 1769/1775/5 1963/1774/5
f 1961/1778/7 1769/1775/7 1962/1777/7
f 1960/1779/5 1769/1775/5 1961/1778/5
f 1959/1780/5 1769/1775/5 1960/1779/5
f 1958/1781/5 1769/1775/5 1959/1780/5
f 2025/182/5 2288/170/5 2026/167/5
f 2220/1771/5 2099/183/5 2098/168/5
f 1957/1782/5 1769/1775/5 1958/1781/5
f 1957/1782/5 1770/1783/5 1769/1775/5
f 2025/182/5 2289/186/5 2288/170/5
f 2219/1784/5 2099/183/5 2220/1771/5
f 1956/1785/5 1770/1783/5 1957/1782/5
f 1955/1786/5 1770/1783/5 1956/1785/5
f 1954/1787/5 1770/1783/5 1955/1786/5
f 1954/1787/5 1771/1788/5 1770/1783/5
f 1953/1789/5 1771/1788/5 1954/1787/5
f 1952/1790/5 1771/1788/5 1953/1789/5
f 1952/1790/5 1772/1791/5 1771/1788/5
f 1951/1792/5 1772/1791/5 1952/1790/5
f 2025/182/5 2290/196/5 2289/186/5
f 2218/197/5 2099/183/5 2219/1784/5
f 2024/198/5 2290/196/5 2025/182/5
f 2218/197/5 2100/199/5 2099/183/5
f 1950/1793/5 1772/1791/5 1951/1792/5
f 1950/1793/5 1773/1794/5 1772/1791/5
f 1949/1795/5 1773/1794/5 1950/1793/5
f 1948/1796/5 1773/1794/5 1949/1795/5
f 1948/1796/5 1774/1797/5 1773/1794/5
f 2024/198/5 2291/205/5 2290/196/5
f 2217/206/5 2100/199/5 2218/197/5
f 1947/1798/5 1774/1797/5 1948/1796/5
f 2023/208/5 2291/205/5 2024/198/5
f 2217/206/5 2101/209/5 2100/199/5
f 1946/1799/5 1774/1797/5 1947/1798/5
f 1946/1799/5 1775/1800/5 1774/1797/5
f 1945/1801/5 1775/1800/5 1946/1799/5
f 1945/1801/5 1776/1802/5 1775/1800/5
f 2023/208/5 2292/214/5 2291/205/5
f 2216/215/5 2101/209/5 2217/206/5
f 1944/1803/5 1776/1802/5 1945/1801/5
f 2022/217/5 2292/214/5 2023/208/5
f 2216/215/5 2102/218/5 2101/209/5
f 1943/1804/5 1776/1802/5 1944/1803/5
f 1943/1804/5 1777/1805/5 1776/1802/5
f 1942/1806/5 1777/1805/5 1943/1804/5
f 2022/217/5 2293/222/5 2292/214/5
f 2215/223/5 2102/218/5 2216/215/5
f 1942/1806/5 1778/1807/5 1777/1805/5
f 1941/1808/5 1778/1807/5 1942/1806/5
f 2021/226/5 2293/222/5 2022/217/5
f 2215/223/5 2103/227/5 2102/218/5
f 1941/1808/5 1779/1809/5 1778/1807/5
f 1940/1810/5 1779/1809/5 1941/1808/5
f 2021/226/5 2294/230/5 2293/222/5
f 2214/231/5 2103/227/5 2215/223/5
f 1939/1811/5 1779/1809/5 1940/1810/5
f 1939/1811/5 1780/1812/5 1779/1809/5
f 1938/1813/5 1780/1812/5 1939/1811/5
f 2020/235/5 2294/230/5 2021/226/5
f 2214/231/5 2104/236/5 2103/227/5
f 1938/1813/5 1781/1814/5 1780/1812/5
f 2020/235/5 2295/238/5 2294/230/5
f 2213/239/5 2104/236/5 2214/231/5
f 1937/1815/5 1781/1814/5 1938/1813/5
f 1937/1815/5 1782/1816/5 1781/1814/5
f 1936/1817/5 1782/1816/5 1937/1815/5
f 1936/1817/5 1783/1818/5 1782/1816/5
f 1935/1819/5 1783/1818/5 1936/1817/5
f 2019/245/5 2295/238/5 2020/235/5
f 2213/239/5 2105/246/5 2104/236/5
f 2019/245/5 2296/247/5 2295/238/5
f 2212/248/5 2105/246/5 2213/239/5
f 1934/1820/5 1783/1818/5 1935/1819/5
f 1934/1820/5 1784/1821/5 1783/1818/5
f 1933/1822/5 1784/1821/5 1934/1820/5
f 1933/1822/5 1785/1823/5 1784/1821/5
f 2019/245/5 2297/253/5 2296/247/5
f 2211/254/5 2105/246/5 2212/248/5
f 1932/1824/5 1785/1823/5 1933/1822/5
f 2018/256/5 2297/253/5 2019/245/5
f 2211/254/5 2106/257/5 2105/246/5
f 1932/1824/5 1786/1825/5 1785/1823/5
f 1931/1826/5 1786/1825/5 1932/1824/5
f 1930/1827/5 1786/1825/5 1931/1826/5
f 1930/1827/5 1787/1828/5 1786/1825/5
f 1929/1829/5 1787/1828/5 1930/1827/5
f 2018/256/5 2298/263/5 2297/253/5
f 2210/264/5 2106/257/5 2211/254/5
f 1929/1829/5 1788/1830/5 1787/1828/5
f 1928/1831/5 1788/1830/5 1929/1829/5
f 2017/267/5 2298/263/5 2018/256/5
f 2210/264/5 2107/268/5 2106/257/5
f 1927/1832/5 1788/1830/5 1928/1831/5
f 1927/1832/5 1789/1833/5 1788/1830/5
f 1926/1834/5 1789/1833/5 1927/1832/5
f 1925/1835/5 1789/1833/5 1926/1834/5
f 1925/1835/5 1790/1836/5 1789/1833/5
f 2017/267/5 2299/274/5 2298/263/5
f 2209/275/5 2107/268/5 2210/264/5
f 1924/1837/5 1790/1836/5 1925/1835/5
f 1923/1838/5 1790/1836/5 1924/1837/5
f 1923/1838/5 1791/1839/5 1790/1836/5
f 1922/1840/5 1791/1839/5 1923/1838/5
f 2016/280/5 2299/274/5 2017/267/5
f 2209/275/5 2108/281/5 2107/268/5
f 1921/1841/5 1791/1839/5 1922/1840/5
f 1920/1842/5 1791/1839/5 1921/1841/5
f 1920/1842/5 1792/1843/5 1791/1839/5
f 1919/1844/5 1792/1843/5 1920/1842/5
f 1918/1845/5 1792/1843/5 1919/1844/5
f 1917/1846/5 1792/1843/5 1918/1845/5
f 1916/1847/5 1792/1843/5 1917/1846/5
f 1740/1742/5 1914/1848/5 1915/1776/5
f 1914/1848/5 1916/1847/5 1915/1776/5
f 1914/1848/5 1792/1843/5 1916/1847/5
f 1914/1848/5 1793/1849/5 1792/1843/5
f 2016/280/5 2300/291/5 2299/274/5
f 2208/292/5 2108/281/5 2209/275/5
f 1914/1848/5 1803/1850/5 1793/1849/5
f 1803/1850/5 1794/1851/5 1793/1849/5
f 1803/1850/5 1795/1852/5 1794/1851/5
f 2015/296/5 2300/291/5 2016/280/5
f 2208/292/5 2109/297/5 2108/281/5
f 1803/1850/5 1796/1853/5 1795/1852/5
f 2015/296/5 2301/299/5 2300/291/5
f 2207/300/5 2109/297/5 2208/292/5
f 1803/1850/5 1797/1854/5 1796/1853/5
f 1803/1850/5 1798/1855/5 1797/1854/5
f 1914/1848/5 1802/1856/5 1803/1850/5
f 1804/1857/5 1798/1855/5 1803/1850/5
f 1804/1857/5 1799/1858/5 1798/1855/5
f 1805/1859/5 1799/1858/5 1804/1857/5
f 1805/1859/5 1806/1860/5 1799/1858/5
f 1806/1860/5 1800/1861/5 1799/1858/5
f 1800/1861/5 1807/1862/5 1806/1860/5
f 1801/1863/5 1807/1862/5 1800/1861/5
f 2014/311/5 2301/299/5 2015/296/5
f 2207/300/5 2110/312/5 2109/297/5
f 1801/1864/5 1808/1865/5 1807/1866/5
f 1802/1856/5 1808/1865/5 1801/1864/5
f 2014/311/5 2302/315/5 2301/299/5
f 2206/316/5 2110/312/5 2207/300/5
f 1802/1856/5 1809/1867/5 1808/1865/5
f 1914/1848/5 1809/1867/5 1802/1856/5
f 1914/1848/5 1810/1868/5 1809/1867/5
f 1914/1848/5 1811/1869/5 1810/1868/5
f 1914/1848/5 1812/1870/5 1811/1869/5
f 1914/1848/5 1813/1871/5 1812/1870/5
f 1914/1848/5 1814/1872/5 1813/1871/5
f 2013/324/5 2302/315/5 2014/311/5
f 2013/324/5 2303/325/5 2302/315/5
f 2205/326/5 2110/312/5 2206/316/5
f 2205/326/5 2111/327/5 2110/312/5
f 1914/1848/5 1815/1873/5 1814/1872/5
f 1914/1848/5 1816/1874/5 1815/1873/5
f 1914/1848/5 1817/1875/5 1816/1874/5
f 1914/1848/5 1818/1876/5 1817/1875/5
f 1914/1848/5 1819/1877/5 1818/1876/5
f 2204/333/5 2111/327/5 2205/326/5
f 2013/324/5 2304/334/5 2303/325/5
f 1914/1848/5 1913/1878/5 1819/1877/5
f 1913/1878/5 1820/1879/5 1819/1877/5
f 1740/1742/5 1864/1880/5 1914/1848/5
f 1912/1881/5 1820/1879/5 1913/1878/5
f 2204/333/5 2112/339/5 2111/327/5
f 2012/340/5 2304/334/5 2013/324/5
f 1911/1882/5 1820/1879/5 1912/1881/5
f 1910/1883/4 1820/1879/4 1911/1882/4
f 1909/1884/5 1820/1879/5 1910/1883/5
f 1909/1884/5 1821/1885/5 1820/1879/5
f 1908/1886/5 1821/1885/5 1909/1884/5
f 1907/1887/5 1821/1885/5 1908/1886/5
f 1906/1888/5 1821/1885/5 1907/1887/5
f 1906/1888/5 1822/1889/5 1821/1885/5
f 1905/1890/5 1822/1889/5 1906/1888/5
f 1904/1891/5 1822/1889/5 1905/1890/5
f 1904/1891/5 1823/1892/5 1822/1889/5
f 1903/1893/5 1823/1892/5 1904/1891/5
f 2203/353/5 2112/339/5 2204/333/5
f 2012/340/5 2305/354/5 2304/334/5
f 1903/1893/5 1824/1894/5 1823/1892/5
f 1902/1895/5 1824/1894/5 1903/1893/5
f 2203/353/5 2113/357/5 2112/339/5
f 2011/358/5 2305/354/5 2012/340/5
f 1902/1895/5 1825/1896/5 1824/1894/5
f 1901/1897/5 1825/1896/5 1902/1895/5
f 1900/1898/5 1825/1896/5 1901/1897/5
f 1900/1898/5 1826/1899/5 1825/1896/5
f 1899/1900/5 1826/1899/5 1900/1898/5
f 1899/1900/5 1827/1901/5 1826/1899/5
f 2202/365/5 2113/357/5 2203/353/5
f 2011/358/5 2306/366/5 2305/354/5
f 1898/1902/5 1827/1901/5 1899/1900/5
f 1898/1902/5 1828/1903/5 1827/1901/5
f 1897/1904/5 1828/1903/5 1898/1902/5
f 2202/365/5 2114/370/5 2113/357/5
f 2010/371/5 2306/366/5 2011/358/5
f 1897/1904/5 1829/1905/5 1828/1903/5
f 1896/1906/5 1829/1905/5 1897/1904/5
f 1896/1906/5 1830/1907/5 1829/1905/5
f 2201/375/5 2114/370/5 2202/365/5
f 2010/371/5 2307/376/5 2306/366/5
f 1895/1908/5 1830/1907/5 1896/1906/5
f 1895/1908/5 1831/1909/5 1830/1907/5
f 1894/1910/5 1831/1909/5 1895/1908/5
f 1894/1910/5 1832/1911/5 1831/1909/5
f 2201/375/5 2115/381/5 2114/370/5
f 2009/382/5 2307/376/5 2010/371/5
f 1894/1910/5 1833/1912/5 1832/1911/5
f 1893/1913/5 1833/1912/5 1894/1910/5
f 2200/385/5 2115/381/5 2201/375/5
f 2009/382/5 2308/386/5 2307/376/5
f 1893/1913/5 1834/1914/5 1833/1912/5
f 1892/1915/5 1834/1914/5 1893/1913/5
f 1892/1915/5 1835/1916/5 1834/1914/5
f 1891/1917/5 1835/1916/5 1892/1915/5
f 2200/385/5 2116/391/5 2115/381/5
f 2008/392/5 2308/386/5 2009/382/5
f 1891/1917/5 1836/1918/5 1835/1916/5
f 2199/394/5 2116/391/5 2200/385/5
f 2008/392/5 2309/395/5 2308/386/5
f 1890/1919/5 1836/1918/5 1891/1917/5
f 1890/1919/5 1837/1920/5 1836/1918/5
f 1889/1921/5 1837/1920/5 1890/1919/5
f 1889/1921/5 1838/1922/5 1837/1920/5
f 2199/394/5 2117/400/5 2116/391/5
f 2007/401/5 2309/395/5 2008/392/5
f 2007/401/5 2310/402/5 2309/395/5
f 2198/403/5 2117/400/5 2199/394/5
f 1888/1923/5 1838/1922/5 1889/1921/5
f 1888/1923/5 1839/1924/5 1838/1922/5
f 1888/1923/5 1840/1925/5 1839/1924/5
f 1887/1926/5 1840/1925/5 1888/1923/5
f 2007/401/5 2311/408/5 2310/402/5
f 2197/409/5 2117/400/5 2198/403/5
f 2197/409/5 2118/1927/5 2117/400/5
f 2006/411/5 2311/408/5 2007/401/5
f 1886/1928/5 1840/1925/5 1887/1926/5
f 1886/1928/5 1841/1929/5 1840/1925/5
f 1885/1930/5 1841/1929/5 1886/1928/5
f 2006/411/5 2312/415/5 2311/408/5
f 2196/416/5 2118/1927/5 2197/409/5
f 1884/1931/5 1841/1929/5 1885/1930/5
f 1884/1931/5 1842/1932/5 1841/1929/5
f 2196/416/5 2119/419/5 2118/1927/5
f 2005/420/5 2312/415/5 2006/411/5
f 1883/1933/5 1842/1932/5 1884/1931/5
f 1883/1933/5 1843/1934/5 1842/1932/5
f 1882/1935/5 1843/1934/5 1883/1933/5
f 2005/420/5 2313/424/5 2312/415/5
f 2195/425/5 2119/419/5 2196/416/5
f 1881/1936/5 1843/1934/5 1882/1935/5
f 2195/425/5 2120/427/5 2119/419/5
f 2004/428/5 2313/424/5 2005/420/5
f 1881/1936/5 1844/1937/5 1843/1934/5
f 1880/1938/5 1844/1937/5 1881/1936/5
f 2004/428/5 2314/431/5 2313/424/5
f 2194/432/5 2120/427/5 2195/425/5
f 1879/1939/5 1844/1937/5 1880/1938/5
f 1879/1939/5 1845/1940/5 1844/1937/5
f 1878/1941/5 1845/1940/5 1879/1939/5
f 2003/436/5 2314/431/5 2004/428/5
f 2194/432/5 2121/437/5 2120/427/5
f 1877/1942/5 1845/1940/5 1878/1941/5
f 2003/436/5 2315/439/5 2314/431/5
f 2193/440/5 2121/437/5 2194/432/5
f 1876/1943/5 1845/1940/5 1877/1942/5
f 1876/1943/5 1846/1944/5 1845/1940/5
f 1875/1945/5 1846/1944/5 1876/1943/5
f 1874/1946/5 1846/1944/5 1875/1945/5
f 2002/445/5 2315/439/5 2003/436/5
f 2193/440/5 2122/446/5 2121/437/5
f 1874/1946/5 1847/1947/5 1846/1944/5
f 1873/1948/5 1847/1947/5 1874/1946/5
f 2002/445/5 2316/449/5 2315/439/5
f 2192/450/5 2122/446/5 2193/440/5
f 1872/1949/5 1847/1947/5 1873/1948/5
f 1871/1950/5 1847/1947/5 1872/1949/5
f 1870/1951/5 1847/1947/5 1871/1950/5
f 1870/1951/5 1848/1952/5 1847/1947/5
f 1869/1953/5 1848/1952/5 1870/1951/5
f 1868/1954/5 1848/1952/5 1869/1953/5
f 1867/1955/5 1848/1952/5 1868/1954/5
f 1866/1956/5 1848/1952/5 1867/1955/5
f 1865/1957/5 1848/1952/5 1866/1956/5
f 1740/1742/5 1865/1957/5 1864/1880/5
f 1740/1742/5 1848/1952/5 1865/1957/5
f 2002/445/5 2317/460/5 2316/449/5
f 2191/461/5 2122/446/5 2192/450/5
f 2001/462/5 2317/460/5 2002/445/5
f 2191/461/5 2123/463/5 2122/446/5
f 1740/1742/5 1849/1958/5 1848/1952/5
f 1740/1742/5 1850/1959/5 1849/1958/5
f 2001/462/5 2318/466/5 2317/460/5
f 2190/1960/5 2123/463/5 2191/461/5
f 2190/1960/5 2124/468/5 2123/463/5
f 2000/469/5 2318/466/5 2001/462/5
f 1740/1742/5 1851/1961/5 1850/1959/5
f 1740/1742/5 1852/1962/5 1851/1961/5
f 2000/469/5 2319/472/5 2318/466/5
f 2189/473/5 2124/468/5 2190/1960/5
f 2189/473/5 2125/474/5 2124/468/5
f 1999/475/5 2319/472/5 2000/469/5
f 1740/1742/5 1853/1963/5 1852/1962/5
f 1740/1742/5 1854/1964/5 1853/1963/5
f 1999/475/5 2320/478/5 2319/472/5
f 2188/479/5 2125/474/5 2189/473/5
f 1740/1742/5 1855/1965/5 1854/1964/5
f 2188/479/5 2126/481/5 2125/474/5
f 1998/482/5 2320/478/5 1999/475/5
f 1740/1742/5 1856/1966/5 1855/1965/5
f 1998/482/5 2321/484/5 2320/478/5
f 2187/485/5 2126/481/5 2188/479/5
f 1740/1742/5 1857/1967/5 1856/1966/5
f 1740/1742/5 1858/1968/5 1857/1967/5
f 1740/1742/5 1859/1969/5 1858/1968/5
f 2187/485/5 2127/489/5 2126/481/5
f 1997/490/5 2321/484/5 1998/482/5
f 1740/1742/5 1860/1970/5 1859/1969/5
f 1997/490/5 2322/492/5 2321/484/5
f 2186/493/5 2127/489/5 2187/485/5
f 1740/1742/5 1861/1971/5 1860/1970/5
f 1740/1742/5 1862/1972/5 1861/1971/5
f 1740/1742/5 1863/1973/5 1862/1972/5
f 1997/490/5 2323/497/5 2322/492/5
f 2185/498/5 2127/489/5 2186/493/5
f 2185/498/5 2128/1974/5 2127/489/5
f 1996/500/5 2323/497/5 1997/490/5
f 1996/500/5 2324/501/5 2323/497/5
f 2184/502/5 2128/1974/5 2185/498/5
f 2184/502/5 2129/503/5 2128/1974/5
f 1995/504/5 2324/501/5 1996/500/5
f 2183/505/5 2129/503/5 2184/502/5
f 1995/504/5 2325/506/5 2324/501/5
f 2183/505/5 2130/507/5 2129/503/5
f 1994/508/5 2325/506/5 1995/504/5
f 2182/509/5 2130/507/5 2183/505/5
f 1994/508/5 2326/510/5 2325/506/5
f 2182/509/5 2131/511/5 2130/507/5
f 1993/512/5 2326/510/5 1994/508/5
f 1993/512/5 2327/513/5 2326/510/5
f 2181/514/5 2131/511/5 2182/509/5
f 2180/515/5 2131/511/5 2181/514/5
f 1993/512/5 2328/516/5 2327/513/5
f 2180/515/5 2132/517/5 2131/511/5
f 1992/518/5 2328/516/5 1993/512/5
f 2179/519/5 2132/517/5 2180/515/5
f 1992/518/5 2329/520/5 2328/516/5
f 2179/519/5 2133/521/5 2132/517/5
f 1991/522/5 2329/520/5 1992/518/5
f 2178/523/5 2133/521/5 2179/519/5
f 1991/522/5 2330/524/5 2329/520/5
f 2178/523/5 2134/525/5 2133/521/5
f 1990/526/5 2330/524/5 1991/522/5
f 2177/527/5 2134/525/5 2178/523/5
f 1990/526/5 2331/528/5 2330/524/5
f 1990/526/5 2332/529/5 2331/528/5
f 2176/530/5 2134/525/5 2177/527/5
f 1989/531/5 2332/529/5 1990/526/5
f 2176/530/5 2135/532/5 2134/525/5
f 1989/531/5 2333/533/5 2332/529/5
f 2175/534/5 2135/532/5 2176/530/5
f 2175/534/5 2136/535/5 2135/532/5
f 1988/536/5 2333/533/5 1989/531/5
f 1988/536/5 2334/537/5 2333/533/5
f 2174/538/5 2136/535/5 2175/534/5
f 1988/536/5 2335/539/5 2334/537/5
f 2173/540/5 2136/535/5 2174/538/5
f 1987/541/5 2335/539/5 1988/536/5
f 2173/540/5 2137/1975/5 2136/535/5
f 1987/541/5 2336/543/5 2335/539/5
f 2172/544/5 2137/1975/5 2173/540/5
f 1986/545/5 2336/543/5 1987/541/5
f 2172/544/5 2138/546/5 2137/1975/5
f 1986/545/5 2337/547/5 2336/543/5
f 2171/548/5 2138/546/5 2172/544/5
f 1986/545/5 2338/549/5 2337/547/5
f 2170/550/5 2138/546/5 2171/548/5
f 1985/551/5 2338/549/5 1986/545/5
f 2170/550/5 2139/552/5 2138/546/5
f 1985/551/5 2339/553/5 2338/549/5
f 2169/554/5 2139/552/5 2170/550/5
f 1985/551/5 2340/555/5 2339/553/5
f 2168/1976/5 2139/552/5 2169/554/5
f 1984/557/5 2340/555/5 1985/551/5
f 2168/1976/5 2140/558/5 2139/552/5
f 1984/557/5 2341/559/5 2340/555/5
f 2167/560/5 2140/558/5 2168/1976/5
f 1984/557/5 2342/561/5 2341/559/5
f 2166/562/5 2140/558/5 2167/560/5
f 2166/562/5 2141/563/5 2140/558/5
f 1983/564/5 2342/561/5 1984/557/5
f 1983/564/5 2343/565/5 2342/561/5
f 2165/566/5 2141/563/5 2166/562/5
f 1983/564/5 2344/567/5 2343/565/5
f 2164/568/5 2141/563/5 2165/566/5
f 2164/568/5 2142/569/5 2141/563/5
f 1982/570/5 2344/567/5 1983/564/5
f 1982/570/5 2345/571/5 2344/567/5
f 2163/572/5 2142/569/5 2164/568/5
f 1982/570/5 2346/573/5 2345/571/5
f 2162/574/5 2142/569/5 2163/572/5
f 1982/570/5 2347/575/5 2346/573/5
f 2161/576/5 2142/569/5 2162/574/5
f 1982/570/5 2348/577/5 2347/575/5
f 2160/578/5 2142/569/5 2161/576/5
f 1982/570/5 2349/579/5 2348/577/5
f 2159/580/5 2142/569/5 2160/578/5
f 1982/570/5 2158/581/5 2349/579/5
f 2158/581/5 2142/569/5 2159/580/5
f 2158/581/5 2143/582/5 2142/569/5
f 1981/583/5 2158/581/5 1982/570/5
f 1981/583/5 2143/582/5 2158/581/5
f 1981/583/5 2144/584/5 2143/582/5
f 1980/585/5 2144/584/5 1981/583/5
f 1980/585/5 2145/586/5 2144/584/5
f 1979/587/5 2145/586/5 1980/585/5
f 1979/587/5 2146/588/5 2145/586/5
f 1978/589/5 2146/588/5 1979/587/5
f 1977/590/5 2146/588/5 1978/589/5
f 1977/590/5 2147/591/5 2146/588/5
f 1976/592/5 2147/591/5 1977/590/5
f 1976/592/5 2148/593/5 2147/591/5
f 1975/594/5 2148/593/5 1976/592/5
f 1975/594/5 2149/595/5 2148/593/5
f 1974/596/5 2149/595/5 1975/594/5
f 1974/596/5 2150/597/5 2149/595/5
f 1974/596/5 2151/598/5 2150/597/5
f 1973/599/5 2151/598/5 1974/596/5
f 1973/599/5 2152/600/5 2151/598/5
f 1972/601/5 2152/600/5 1973/599/5
f 1972/601/5 2153/602/5 2152/600/5
f 1971/603/5 2153/602/5 1972/601/5
f 1971/603/5 2154/604/5 2153/602/5
f 1970/605/5 2154/604/5 1971/603/5
f 1970/605/5 2155/606/5 2154/604/5
f 1969/1977/5 2155/606/5 1970/605/5
f 1969/1977/5 2156/608/5 2155/606/5
f 1968/609/5 2156/608/5 1969/1977/5
f 1968/609/5 2157/1978/5 2156/608/5
f 1967/611/5 2157/1978/5 1968/609/5
f 1967/611/8 1966/612/8 2157/1978/8
f 2391/613/5 2389/615/5 2390/614/5
f 2391/613/5 2388/616/5 2389/615/5
f 2392/617/5 2388/616/5 2391/613/5
f 2392/617/5 2387/618/5 2388/616/5
f 2393/619/5 2387/618/5 2392/617/5
f 2393/619/5 2386/620/5 2387/618/5
f 2393/619/5 2385/621/5 2386/620/5
f 2394/622/5 2385/621/5 2393/619/5
f 2394/622/5 2384/623/5 2385/621/5
f 2351/624/5 2404/626/5 2350/625/5
f 2351/624/5 2403/627/5 2404/626/5
f 2395/628/5 2384/623/5 2394/622/5
f 2395/628/5 2383/629/5 2384/623/5
f 2395/628/5 2382/630/5 2383/629/5
f 2396/631/5 2382/630/5 2395/628/5
f 2396/631/5 2381/632/5 2382/630/5
f 2397/633/5 2381/632/5 2396/631/5
f 2397/633/5 2380/634/5 2381/632/5
f 2397/633/5 2379/635/5 2380/634/5
f 2398/636/5 2379/635/5 2397/633/5
f 2398/636/5 2378/637/5 2379/635/5
f 2399/638/5 2378/637/5 2398/636/5
f 2399/638/5 2368/639/5 2378/637/5
f 2368/639/5 2369/640/5 2378/637/5
f 2369/640/5 2370/641/5 2378/637/5
f 2370/641/5 2371/642/5 2378/637/5
f 2371/642/5 2372/643/5 2378/637/5
f 2372/643/5 2373/644/5 2378/637/5
f 2373/644/5 2374/645/5 2378/637/5
f 2374/645/5 2375/646/5 2378/637/5
f 2375/646/5 2376/647/5 2378/637/5
f 2376/647/5 2377/648/5 2378/637/5
f 2400/649/5 2366/650/5 2399/638/5
f 2366/650/5 2367/651/5 2399/638/5
f 2367/651/5 2368/639/5 2399/638/5
f 2401/652/5 2364/653/5 2400/649/5
f 2364/653/5 2365/654/5 2400/649/5
f 2365/654/5 2366/650/5 2400/649/5
f 2401/652/5 2363/655/5 2364/653/5
f 2401/652/5 2362/656/5 2363/655/5
f 2402/657/5 2362/656/5 2401/652/5
f 2402/657/5 2361/658/5 2362/656/5
f 2402/657/5 2360/659/5 2361/658/5
f 2351/624/5 2402/657/5 2403/627/5
f 2351/624/5 2356/660/5 2402/657/5
f 2356/660/5 2357/661/5 2402/657/5
f 2357/661/5 2358/662/5 2402/657/5
f 2358/662/5 2359/663/5 2402/657/5
f 2359/663/5 2360/659/5 2402/657/5
f 2351/624/5 2355/664/5 2356/660/5
f 2351/624/5 2354/665/5 2355/664/5
f 2351/624/5 2353/1979/5 2354/665/5
f 2351/624/5 2352/667/5 2353/1979/5
f 2406/668/5 2452/670/5 2405/669/5
f 2406/668/5 2451/671/5 2452/670/5
f 2407/672/5 2451/671/5 2406/668/5
f 2407/672/5 2450/673/5 2451/671/5
f 2408/674/5 2450/673/5 2407/672/5
f 2408/674/5 2449/675/5 2450/673/5
f 2409/676/5 2449/675/5 2408/674/5
f 2409/676/5 2448/677/5 2449/675/5
f 2410/678/5 2448/677/5 2409/676/5
f 2410/678/5 2447/679/5 2448/677/5
f 2411/680/5 2447/679/5 2410/678/5
f 2411/680/5 2446/681/5 2447/679/5
f 2412/682/5 2453/683/5 2411/680/5
f 2453/683/5 2446/681/5 2411/680/5
f 2412/682/5 2500/684/5 2453/683/5
f 2454/685/5 2446/681/5 2453/683/5
f 2412/682/5 2499/686/5 2500/684/5
f 2455/687/5 2446/681/5 2454/685/5
f 2412/682/5 2498/688/5 2499/686/5
f 2456/689/5 2446/681/5 2455/687/5
f 2456/689/5 2445/690/5 2446/681/5
f 2413/691/5 2498/688/5 2412/682/5
f 2413/691/5 2497/692/5 2498/688/5
f 2457/693/5 2445/690/5 2456/689/5
f 2413/691/5 2496/694/5 2497/692/5
f 2458/695/5 2445/690/5 2457/693/5
f 2413/691/5 2495/696/5 2496/694/5
f 2459/697/5 2445/690/5 2458/695/5
f 2459/697/5 2444/698/5 2445/690/5
f 2414/699/5 2495/696/5 2413/691/5
f 2414/699/5 2494/700/5 2495/696/5
f 2460/701/5 2444/698/5 2459/697/5
f 2414/699/5 2493/702/5 2494/700/5
f 2461/703/5 2444/698/5 2460/701/5
f 2461/703/5 2443/704/5 2444/698/5
f 2415/705/5 2493/702/5 2414/699/5
f 2415/705/5 2492/706/5 2493/702/5
f 2462/707/5 2443/704/5 2461/703/5
f 2462/707/5 2442/708/5 2443/704/5
f 2416/709/5 2492/706/5 2415/705/5
f 2416/709/5 2491/710/5 2492/706/5
f 2463/711/5 2442/708/5 2462/707/5
f 2416/709/5 2490/712/5 2491/710/5
f 2464/713/5 2442/708/5 2463/711/5
f 2464/713/5 2441/714/5 2442/708/5
f 2417/715/5 2490/712/5 2416/709/5
f 2417/715/5 2489/716/5 2490/712/5
f 2465/717/5 2441/714/5 2464/713/5
f 2418/718/5 2489/716/5 2417/715/5
f 2418/718/5 2488/719/5 2489/716/5
f 2465/717/5 2440/720/5 2441/714/5
f 2466/721/5 2440/720/5 2465/717/5
f 2418/718/5 2487/722/5 2488/719/5
f 2467/723/5 2440/720/5 2466/721/5
f 2419/724/5 2487/722/5 2418/718/5
f 2467/723/5 2439/725/5 2440/720/5
f 2419/724/5 2486/726/5 2487/722/5
f 2468/727/5 2439/725/5 2467/723/5
f 2419/724/5 2485/728/5 2486/726/5
f 2420/729/5 2485/728/5 2419/724/5
f 2469/730/5 2439/725/5 2468/727/5
f 2469/730/5 2438/731/5 2439/725/5
f 2420/729/5 2484/732/5 2485/728/5
f 2470/733/5 2438/731/5 2469/730/5
f 2421/734/5 2484/732/5 2420/729/5
f 2470/733/5 2437/735/5 2438/731/5
f 2421/734/5 2483/736/5 2484/732/5
f 2471/737/5 2437/735/5 2470/733/5
f 2421/734/5 2482/738/5 2483/736/5
f 2472/739/5 2437/735/5 2471/737/5
f 2422/740/5 2482/738/5 2421/734/5
f 2472/739/5 2436/741/5 2437/735/5
f 2422/740/5 2481/742/5 2482/738/5
f 2473/743/5 2436/741/5 2472/739/5
f 2422/740/5 2480/744/5 2481/742/5
f 2474/745/5 2436/741/5 2473/743/5
f 2422/740/5 2479/746/5 2480/744/5
f 2475/747/5 2436/741/5 2474/745/5
f 2423/748/5 2479/746/5 2422/740/5
f 2475/747/5 2435/749/5 2436/741/5
f 2423/748/5 2478/750/5 2479/746/5
f 2476/1980/5 2435/749/5 2475/747/5
f 2423/748/5 2477/1981/5 2478/750/5
f 2477/1981/5 2435/749/5 2476/1980/5
f 2423/748/5 2435/749/5 2477/1981/5
f 2424/753/5 2435/749/5 2423/748/5
f 2424/753/5 2434/754/5 2435/749/5
f 2425/755/5 2434/754/5 2424/753/5
f 2425/755/5 2433/756/5 2434/754/5
f 2426/757/5 2433/756/5 2425/755/5
f 2426/757/5 2432/758/5 2433/756/5
f 2427/759/5 2432/758/5 2426/757/5
f 2427/759/5 2431/760/5 2432/758/5
f 2428/761/5 2431/760/5 2427/759/5
f 2428/761/5 2430/762/5 2431/760/5
f 2429/763/5 2430/762/5 2428/761/5
f 2539/764/5 2537/766/5 2538/765/5
f 2539/764/5 2536/767/5 2537/766/5
f 2540/768/5 2536/767/5 2539/764/5
f 2540/768/5 2535/769/5 2536/767/5
f 2541/770/5 2535/769/5 2540/768/5
f 2541/770/5 2534/771/5 2535/769/5
f 2542/772/5 2534/771/5 2541/770/5
f 2542/772/5 2533/773/5 2534/771/5
f 2543/774/5 2533/773/5 2542/772/5
f 2543/774/5 2532/775/5 2533/773/5
f 2544/776/5 2532/775/5 2543/774/5
f 2544/776/5 2531/777/5 2532/775/5
f 2545/778/5 2587/779/5 2544/776/5
f 2587/779/5 2531/777/5 2544/776/5
f 2545/778/5 2586/780/5 2587/779/5
f 2588/781/5 2531/777/5 2587/779/5
f 2545/778/5 2585/782/5 2586/780/5
f 2589/783/5 2531/777/5 2588/781/5
f 2545/778/5 2584/784/5 2585/782/5
f 2590/785/5 2531/777/5 2589/783/5
f 2590/785/5 2530/786/5 2531/777/5
f 2545/778/5 2583/787/5 2584/784/5
f 2546/788/5 2583/787/5 2545/778/5
f 2591/789/5 2530/786/5 2590/785/5
f 2546/788/5 2582/790/5 2583/787/5
f 2592/791/5 2530/786/5 2591/789/5
f 2546/788/5 2581/792/5 2582/790/5
f 2593/793/5 2530/786/5 2592/791/5
f 2546/788/5 2580/794/5 2581/792/5
f 2594/795/5 2530/786/5 2593/793/5
f 2547/796/5 2580/794/5 2546/788/5
f 2594/795/5 2529/797/5 2530/786/5
f 2547/796/5 2579/798/5 2580/794/5
f 2595/799/5 2529/797/5 2594/795/5
f 2547/796/5 2578/800/5 2579/798/5
f 2596/801/5 2529/797/5 2595/799/5
f 2548/802/5 2578/800/5 2547/796/5
f 2596/801/5 2528/803/5 2529/797/5
f 2548/802/5 2577/804/5 2578/800/5
f 2597/805/5 2528/803/5 2596/801/5
f 2548/802/5 2576/806/5 2577/804/5
f 2598/807/5 2528/803/5 2597/805/5
f 2549/808/5 2576/806/5 2548/802/5
f 2549/808/5 2575/809/5 2576/806/5
f 2598/807/5 2527/810/5 2528/803/5
f 2599/811/5 2527/810/5 2598/807/5
f 2549/808/5 2599/811/5 2575/809/5
f 2549/808/5 2527/810/5 2599/811/5
f 2550/812/5 2527/810/5 2549/808/5
f 2550/812/5 2526/813/5 2527/810/5
f 2551/814/5 2525/815/5 2550/812/5
f 2525/815/5 2526/813/5 2550/812/5
f 2551/814/5 2524/1982/5 2525/815/5
f 2552/817/5 2524/1982/5 2551/814/5
f 2552/817/5 2523/1983/5 2524/1982/5
f 2552/817/5 2522/819/5 2523/1983/5
f 2553/820/5 2522/819/5 2552/817/5
f 2553/820/5 2521/821/5 2522/819/5
f 2554/822/5 2521/821/5 2553/820/5
f 2554/822/5 2520/823/5 2521/821/5
f 2502/824/5 2574/826/5 2501/825/5
f 2554/822/5 2519/827/5 2520/823/5
f 2503/828/5 2574/826/5 2502/824/5
f 2504/829/5 2574/826/5 2503/828/5
f 2555/830/5 2519/827/5 2554/822/5
f 2555/830/5 2518/831/5 2519/827/5
f 2505/832/5 2574/826/5 2504/829/5
f 2506/833/5 2574/826/5 2505/832/5
f 2555/830/5 2517/834/5 2518/831/5
f 2507/835/5 2574/826/5 2506/833/5
f 2555/830/5 2516/1984/5 2517/834/5
f 2508/837/5 2574/826/5 2507/835/5
f 2556/838/5 2516/1984/5 2555/830/5
f 2509/839/5 2574/826/5 2508/837/5
f 2556/838/5 2515/1985/5 2516/1984/5
f 2510/841/5 2574/826/5 2509/839/5
f 2556/838/5 2514/842/5 2515/1985/5
f 2511/843/5 2574/826/5 2510/841/5
f 2512/844/5 2574/826/5 2511/843/5
f 2556/838/5 2513/845/5 2514/842/5
f 2513/845/5 2574/826/5 2512/844/5
f 2556/838/5 2574/826/5 2513/845/5
f 2557/846/5 2574/826/5 2556/838/5
f 2557/846/5 2573/847/5 2574/826/5
f 2558/848/5 2573/847/5 2557/846/5
f 2558/848/5 2572/849/5 2573/847/5
f 2558/848/5 2571/850/5 2572/849/5
f 2559/851/5 2571/850/5 2558/848/5
f 2559/851/5 2570/852/5 2571/850/5
f 2559/851/5 2569/853/5 2570/852/5
f 2560/854/5 2569/853/5 2559/851/5
f 2560/854/5 2568/855/5 2569/853/5
f 2560/854/5 2567/856/5 2568/855/5
f 2561/857/5 2567/856/5 2560/854/5
f 2561/857/5 2566/858/5 2567/856/5
f 2561/857/5 2565/859/5 2566/858/5
f 2561/857/5 2564/860/5 2565/859/5
f 2562/861/5 2564/860/5 2561/857/5
f 2562/861/8 2563/862/8 2564/860/8
f 2613/863/5 2611/865/5 2612/864/5
f 2613/863/5 2610/866/5 2611/865/5
f 2613/863/5 2609/867/5 2610/866/5
f 2614/868/5 2609/867/5 2613/863/5
f 2614/868/5 2608/869/5 2609/867/5
f 2614/868/5 2607/870/5 2608/869/5
f 2614/868/5 2606/871/5 2607/870/5
f 2615/872/5 2606/871/5 2614/868/5
f 2615/872/5 2605/873/5 2606/871/5
f 2615/872/5 2604/874/5 2605/873/5
f 2615/872/5 2603/875/5 2604/874/5
f 2616/876/5 2603/875/5 2615/872/5
f 2616/876/5 2602/877/5 2603/875/5
f 2616/876/5 2601/878/5 2602/877/5
f 2616/876/5 2600/879/5 2601/878/5
f 2617/880/5 2600/879/5 2616/876/5
f 2617/880/5 2689/881/5 2600/879/5
f 2689/881/5 2690/882/5 2600/879/5
f 2690/882/5 2691/883/5 2600/879/5
f 2691/883/5 2692/884/5 2600/879/5
f 2692/884/5 2693/885/5 2600/879/5
f 2693/885/5 2694/886/5 2600/879/5
f 2694/886/5 2695/887/5 2600/879/5
f 2695/887/5 2696/888/5 2600/879/5
f 2696/888/5 2697/889/5 2600/879/5
f 2618/890/5 2687/891/5 2617/880/5
f 2687/891/5 2688/892/5 2617/880/5
f 2688/892/4 2689/881/4 2617/880/4
f 2619/893/5 2685/894/5 2618/890/5
f 2685/894/5 2686/895/5 2618/890/5
f 2686/895/5 2687/891/5 2618/890/5
f 2619/893/5 2684/896/5 2685/894/5
f 2619/893/5 2683/897/5 2684/896/5
f 2619/893/5 2682/898/5 2683/897/5
f 2620/899/5 2682/898/5 2619/893/5
f 2620/899/5 2681/900/5 2682/898/5
f 2620/899/5 2680/901/5 2681/900/5
f 2620/899/5 2679/902/5 2680/901/5
f 2621/903/5 2679/902/5 2620/899/5
f 2621/903/5 2678/904/5 2679/902/5
f 2621/903/5 2677/905/5 2678/904/5
f 2622/906/5 2677/905/5 2621/903/5
f 2622/906/5 2676/907/5 2677/905/5
f 2622/906/5 2675/908/5 2676/907/5
f 2623/909/5 2675/908/5 2622/906/5
f 2623/909/5 2674/910/5 2675/908/5
f 2624/911/5 2674/910/5 2623/909/5
f 2624/911/5 2673/912/5 2674/910/5
f 2624/911/5 2672/913/5 2673/912/5
f 2625/914/5 2672/913/5 2624/911/5
f 2625/914/5 2671/915/5 2672/913/5
f 2626/916/5 2671/915/5 2625/914/5
f 2626/916/5 2670/917/5 2671/915/5
f 2626/916/5 2669/918/5 2670/917/5
f 2627/919/5 2669/918/5 2626/916/5
f 2627/919/5 2668/920/5 2669/918/5
f 2627/919/5 2667/921/5 2668/920/5
f 2628/922/5 2667/921/5 2627/919/5
f 2628/922/5 2666/923/5 2667/921/5
f 2650/924/5 2648/926/5 2649/925/5
f 2628/922/5 2665/927/5 2666/923/5
f 2651/928/5 2648/926/5 2650/924/5
f 2629/929/5 2665/927/5 2628/922/5
f 2652/930/5 2648/926/5 2651/928/5
f 2629/929/5 2664/931/5 2665/927/5
f 2653/932/5 2648/926/5 2652/930/5
f 2654/933/5 2648/926/5 2653/932/5
f 2655/934/5 2648/926/5 2654/933/5
f 2629/929/5 2663/935/5 2664/931/5
f 2656/936/5 2648/926/5 2655/934/5
f 2657/937/5 2648/926/5 2656/936/5
f 2629/929/5 2662/938/5 2663/935/5
f 2658/939/5 2648/926/5 2657/937/5
f 2659/940/5 2648/926/5 2658/939/5
f 2629/929/5 2661/941/5 2662/938/5
f 2660/942/5 2648/926/5 2659/940/5
f 2630/943/5 2661/941/5 2629/929/5
f 2661/941/5 2648/926/5 2660/942/5
f 2630/943/5 2648/926/5 2661/941/5
f 2631/944/5 2648/926/5 2630/943/5
f 2632/945/5 2648/926/5 2631/944/5
f 2633/946/5 2648/926/5 2632/945/5
f 2633/946/5 2647/947/5 2648/926/5
f 2633/946/5 2646/948/5 2647/947/5
f 2633/946/5 2645/949/5 2646/948/5
f 2634/950/5 2645/949/5 2633/946/5
f 2634/950/5 2644/951/5 2645/949/5
f 2634/950/5 2643/952/5 2644/951/5
f 2634/950/5 2642/953/5 2643/952/5
f 2634/950/5 2641/1986/5 2642/953/5
f 2635/955/5 2641/1986/5 2634/950/5
f 2635/955/5 2640/1987/5 2641/1986/5
f 2635/955/5 2639/1988/5 2640/1987/5
f 2635/955/5 2638/1989/5 2639/1988/5
f 2636/1990/5 2638/1989/5 2635/955/5
f 2636/1990/5 2637/960/5 2638/1989/5
f 2736/961/5 2734/963/5 2735/962/5
f 2737/964/5 2734/963/5 2736/961/5
f 2737/964/5 2733/965/5 2734/963/5
f 2738/966/5 2733/965/5 2737/964/5
f 2739/967/5 2733/965/5 2738/966/5
f 2739/967/5 2732/968/5 2733/965/5
f 2740/969/5 2732/968/5 2739/967/5
f 2740/969/5 2731/970/5 2732/968/5
f 2741/971/5 2731/970/5 2740/969/5
f 2742/972/5 2731/970/5 2741/971/5
f 2742/972/5 2730/973/5 2731/970/5
f 2743/974/5 2730/973/5 2742/972/5
f 2743/974/5 2729/975/5 2730/973/5
f 2744/976/5 2729/975/5 2743/974/5
f 2745/977/5 2729/975/5 2744/976/5
f 2745/977/5 2728/978/5 2729/975/5
f 2746/979/5 2728/978/5 2745/977/5
f 2746/979/5 2727/980/5 2728/978/5
f 2747/981/5 2727/980/5 2746/979/5
f 2748/982/5 2749/983/5 2747/981/5
f 2749/983/5 2750/984/5 2747/981/5
f 2750/984/5 2751/985/5 2747/981/5
f 2751/985/5 2752/986/5 2747/981/5
f 2752/986/5 2753/987/5 2747/981/5
f 2753/987/5 2754/988/5 2747/981/5
f 2754/988/5 2755/989/5 2747/981/5
f 2755/989/5 2756/990/5 2747/981/5
f 2756/990/5 2757/991/5 2747/981/5
f 2757/991/5 2758/992/5 2747/981/5
f 2758/992/5 2727/980/5 2747/981/5
f 2758/992/9 2759/993/9 2727/980/9
f 2759/993/5 2760/994/5 2727/980/5
f 2760/994/5 2726/995/5 2727/980/5
f 2760/994/8 2761/996/8 2726/995/8
f 2761/996/5 2725/997/5 2726/995/5
f 2762/998/5 2725/997/5 2761/996/5
f 2763/999/5 2725/997/5 2762/998/5
f 2764/1000/5 2725/997/5 2763/999/5
f 2765/1001/5 2725/997/5 2764/1000/5
f 2766/1002/5 2725/997/5 2765/1001/5
f 2766/1002/5 2724/1003/5 2725/997/5
f 2767/1004/5 2724/1003/5 2766/1002/5
f 2768/1005/5 2724/1003/5 2767/1004/5
f 2769/1006/5 2724/1003/5 2768/1005/5
f 2769/1006/5 2723/1007/5 2724/1003/5
f 2770/1008/5 2723/1007/5 2769/1006/5
f 2771/1009/5 2723/1007/5 2770/1008/5
f 2771/1009/5 2722/1010/5 2723/1007/5
f 2772/1011/5 2722/1010/5 2771/1009/5
f 2773/1012/5 2722/1010/5 2772/1011/5
f 2774/1013/5 2871/1014/5 2773/1012/5
f 2871/1014/5 2722/1010/5 2773/1012/5
f 2775/1015/5 2871/1014/5 2774/1013/5
f 2776/1016/5 2871/1014/5 2775/1015/5
f 2777/1017/5 2871/1014/5 2776/1016/5
f 2778/1018/5 2871/1014/5 2777/1017/5
f 2778/1018/5 2870/1019/5 2871/1014/5
f 2835/1020/5 2722/1010/5 2871/1014/5
f 2778/1018/5 2869/1021/5 2870/1019/5
f 2779/1022/5 2869/1021/5 2778/1018/5
f 2779/1022/5 2868/1023/5 2869/1021/5
f 2780/1024/5 2868/1023/5 2779/1022/5
f 2780/1024/5 2867/1991/5 2868/1023/5
f 2781/1026/5 2867/1991/5 2780/1024/5
f 2781/1026/5 2866/1027/5 2867/1991/5
f 2781/1026/5 2865/1028/5 2866/1027/5
f 2782/1029/5 2865/1028/5 2781/1026/5
f 2782/1029/5 2864/1030/5 2865/1028/5
f 2783/1031/5 2864/1030/5 2782/1029/5
f 2783/1031/5 2863/1032/5 2864/1030/5
f 2783/1031/5 2862/1033/5 2863/1032/5
f 2784/1034/5 2862/1033/5 2783/1031/5
f 2784/1034/5 2861/1035/5 2862/1033/5
f 2784/1034/5 2860/1036/5 2861/1035/5
f 2785/1037/5 2860/1036/5 2784/1034/5
f 2785/1037/5 2859/1038/5 2860/1036/5
f 2786/1039/5 2859/1038/5 2785/1037/5
f 2786/1039/5 2858/1040/5 2859/1038/5
f 2786/1039/5 2857/1041/5 2858/1040/5
f 2787/1042/5 2857/1041/5 2786/1039/5
f 2787/1042/5 2856/1043/5 2857/1041/5
f 2787/1042/5 2855/1044/5 2856/1043/5
f 2836/1045/5 2722/1010/5 2835/1020/5
f 2788/1046/5 2855/1044/5 2787/1042/5
f 2837/1047/5 2722/1010/5 2836/1045/5
f 2788/1046/5 2854/1048/5 2855/1044/5
f 2838/1049/5 2722/1010/5 2837/1047/5
f 2699/1050/5 2834/1052/5 2698/1051/5
f 2838/1049/5 2721/1053/5 2722/1010/5
f 2788/1046/5 2853/1054/5 2854/1048/5
f 2700/1055/5 2834/1052/5 2699/1050/5
f 2839/1056/5 2721/1053/5 2838/1049/5
f 2839/1056/5 2720/1057/5 2721/1053/5
f 2701/1058/5 2834/1052/5 2700/1055/5
f 2789/1059/5 2853/1054/5 2788/1046/5
f 2789/1059/5 2852/1060/5 2853/1054/5
f 2839/1056/5 2719/1061/5 2720/1057/5
f 2840/1062/5 2719/1061/5 2839/1056/5
f 2702/1063/5 2834/1052/5 2701/1058/5
f 2840/1062/5 2718/1064/5 2719/1061/5
f 2841/1065/5 2718/1064/5 2840/1062/5
f 2703/1066/5 2834/1052/5 2702/1063/5
f 2789/1059/5 2851/1067/5 2852/1060/5
f 2841/1065/5 2717/1068/5 2718/1064/5
f 2704/1069/5 2834/1052/5 2703/1066/5
f 2842/1070/5 2717/1068/5 2841/1065/5
f 2842/1070/5 2716/1071/5 2717/1068/5
f 2705/1072/5 2834/1052/5 2704/1069/5
f 2789/1059/5 2850/1073/5 2851/1067/5
f 2842/1070/5 2715/1074/5 2716/1071/5
f 2843/1075/5 2715/1074/5 2842/1070/5
f 2706/1076/5 2834/1052/5 2705/1072/5
f 2843/1075/5 2714/1077/5 2715/1074/5
f 2790/1078/5 2850/1073/5 2789/1059/5
f 2707/1079/5 2834/1052/5 2706/1076/5
f 2790/1078/5 2849/1080/5 2850/1073/5
f 2844/1081/5 2714/1077/5 2843/1075/5
f 2844/1081/5 2713/1082/5 2714/1077/5
f 2708/1083/5 2834/1052/5 2707/1079/5
f 2844/1081/5 2712/1084/5 2713/1082/5
f 2709/1085/5 2834/1052/5 2708/1083/5
f 2845/1086/5 2712/1084/5 2844/1081/5
f 2845/1086/5 2711/1087/5 2712/1084/5
f 2710/1088/5 2834/1052/5 2709/1085/5
f 2845/1086/4 2710/1088/4 2711/1087/4
f 2790/1078/5 2848/1089/5 2849/1080/5
f 2845/1086/5 2834/1052/5 2710/1088/5
f 2846/1090/5 2834/1052/5 2845/1086/5
f 2790/1078/5 2847/1091/5 2848/1089/5
f 2847/1091/5 2834/1052/5 2846/1090/5
f 2790/1078/5 2810/1092/5 2847/1091/5
f 2810/1092/5 2834/1052/5 2847/1091/5
f 2791/1093/5 2810/1092/5 2790/1078/5
f 2791/1093/5 2809/1094/5 2810/1092/5
f 2811/1095/5 2834/1052/5 2810/1092/5
f 2792/1096/5 2809/1094/5 2791/1093/5
f 2792/1096/5 2808/1097/5 2809/1094/5
f 2812/1098/5 2834/1052/5 2811/1095/5
f 2812/1098/5 2833/1099/5 2834/1052/5
f 2793/1100/5 2808/1097/5 2792/1096/5
f 2793/1100/5 2807/1101/5 2808/1097/5
f 2813/1102/5 2833/1099/5 2812/1098/5
f 2813/1102/5 2832/1103/5 2833/1099/5
f 2793/1100/5 2806/1104/5 2807/1101/5
f 2814/1105/5 2832/1103/5 2813/1102/5
f 2794/1106/5 2806/1104/5 2793/1100/5
f 2814/1105/5 2831/1107/5 2832/1103/5
f 2794/1106/5 2805/1108/5 2806/1104/5
f 2815/1109/5 2831/1107/5 2814/1105/5
f 2815/1109/5 2830/1110/5 2831/1107/5
f 2795/1111/5 2805/1108/5 2794/1106/5
f 2795/1111/5 2804/1112/5 2805/1108/5
f 2816/1113/5 2830/1110/5 2815/1109/5
f 2816/1113/5 2829/1114/5 2830/1110/5
f 2795/1111/5 2803/1992/5 2804/1112/5
f 2817/1116/5 2829/1114/5 2816/1113/5
f 2817/1116/5 2828/1117/5 2829/1114/5
f 2796/1118/5 2803/1992/5 2795/1111/5
f 2796/1118/5 2802/1119/5 2803/1992/5
f 2818/1120/5 2828/1117/5 2817/1116/5
f 2818/1120/5 2827/1121/5 2828/1117/5
f 2796/1118/5 2801/1122/5 2802/1119/5
f 2818/1120/5 2826/1123/5 2827/1121/5
f 2819/1124/5 2826/1123/5 2818/1120/5
f 2797/1125/5 2801/1122/5 2796/1118/5
f 2819/1124/5 2825/1126/5 2826/1123/5
f 2797/1125/5 2800/1127/5 2801/1122/5
f 2820/1993/5 2825/1126/5 2819/1124/5
f 2820/1993/5 2824/1129/5 2825/1126/5
f 2797/1125/5 2799/1130/5 2800/1127/5
f 2821/1131/5 2824/1129/5 2820/1993/5
f 2798/1132/5 2799/1130/5 2797/1125/5
f 2821/1131/5 2823/1133/5 2824/1129/5
f 2822/1134/8 2823/1133/8 2821/1131/8
f 2910/1135/5 2912/1137/5 2909/1136/5
f 2912/1137/5 2908/1138/5 2909/1136/5
f 2912/1137/5 2907/1139/5 2908/1138/5
f 2912/1137/5 2906/1140/5 2907/1139/5
f 2912/1137/5 2905/1141/5 2906/1140/5
f 2912/1137/5 2904/1142/5 2905/1141/5
f 2912/1137/5 2903/1143/5 2904/1142/5
f 2912/1137/5 2902/1144/5 2903/1143/5
f 2912/1137/5 2901/1145/5 2902/1144/5
f 2912/1137/4 2913/1146/4 2901/1145/4
f 2913/1146/5 2914/1147/5 2901/1145/5
f 2914/1147/5 2900/1148/5 2901/1145/5
f 2910/1135/5 2949/1149/5 2912/1137/5
f 2915/1150/4 2900/1148/4 2914/1147/4
f 2916/1151/5 2900/1148/5 2915/1150/5
f 2917/1152/5 2900/1148/5 2916/1151/5
f 2918/1153/5 2900/1148/5 2917/1152/5
f 2918/1153/5 2899/1154/5 2900/1148/5
f 2919/1155/5 2899/1154/5 2918/1153/5
f 2920/1156/5 2899/1154/5 2919/1155/5
f 2920/1156/5 2898/1157/5 2899/1154/5
f 2921/1158/5 2898/1157/5 2920/1156/5
f 2922/1159/5 2898/1157/5 2921/1158/5
f 2922/1159/5 2897/1160/5 2898/1157/5
f 2923/1161/5 2897/1160/5 2922/1159/5
f 2924/1162/5 2897/1160/5 2923/1161/5
f 2924/1162/5 2896/1163/5 2897/1160/5
f 2925/1164/5 2896/1163/5 2924/1162/5
f 2926/1165/5 2896/1163/5 2925/1164/5
f 2926/1165/5 2895/1166/5 2896/1163/5
f 2927/1167/5 2895/1166/5 2926/1165/5
f 2927/1167/5 2894/1168/5 2895/1166/5
f 2928/1169/5 2894/1168/5 2927/1167/5
f 2929/1170/5 2894/1168/5 2928/1169/5
f 2929/1170/5 2893/1171/5 2894/1168/5
f 2930/1172/5 2893/1171/5 2929/1170/5
f 2931/1173/5 2893/1171/5 2930/1172/5
f 2931/1173/5 2892/1174/5 2893/1171/5
f 2932/1175/5 2892/1174/5 2931/1173/5
f 2932/1175/5 2891/1176/5 2892/1174/5
f 2933/1177/5 2891/1176/5 2932/1175/5
f 2910/1135/5 2948/1178/5 2949/1149/5
f 2934/1179/5 2891/1176/5 2933/1177/5
f 2910/1135/5 2947/1180/5 2948/1178/5
f 2910/1135/5 2946/1181/5 2947/1180/5
f 2910/1135/5 2872/1182/5 2946/1181/5
f 2872/1182/5 2945/1183/5 2946/1181/5
f 2935/1184/5 2891/1176/5 2934/1179/5
f 2872/1182/5 2944/1185/5 2945/1183/5
f 2872/1182/5 2943/1186/5 2944/1185/5
f 2935/1184/5 2890/1187/5 2891/1176/5
f 2936/1188/5 2890/1187/5 2935/1184/5
f 2872/1182/5 2942/1189/5 2943/1186/5
f 2872/1182/5 2941/1190/5 2942/1189/5
f 2872/1182/5 2940/1191/5 2941/1190/5
f 2937/1192/5 2890/1187/5 2936/1188/5
f 2872/1182/5 2939/1193/5 2940/1191/5
f 2872/1182/5 2938/1194/5 2939/1193/5
f 2872/1182/5 2937/1192/5 2938/1194/5
f 2872/1182/5 2890/1187/5 2937/1192/5
f 2872/1182/5 2889/1195/5 2890/1187/5
f 2872/1182/5 2888/1196/5 2889/1195/5
f 2872/1182/5 2887/1197/5 2888/1196/5
f 2910/1135/5 2911/1994/5 2872/1182/5
f 2873/1199/5 2887/1197/5 2872/1182/5
f 2873/1199/5 2886/1200/5 2887/1197/5
f 2874/1201/5 2886/1200/5 2873/1199/5
f 2875/1202/5 2886/1200/5 2874/1201/5
f 2876/1203/5 2886/1200/5 2875/1202/5
f 2877/1204/5 2886/1200/5 2876/1203/5
f 2877/1204/5 2885/1205/5 2886/1200/5
f 2878/1206/5 2885/1205/5 2877/1204/5
f 2879/1207/5 2885/1205/5 2878/1206/5
f 2880/1208/5 2885/1205/5 2879/1207/5
f 2881/1209/5 2885/1205/5 2880/1208/5
f 2881/1209/5 2884/1995/5 2885/1205/5
f 2882/1211/5 2884/1995/5 2881/1209/5
f 2883/1212/5 2884/1995/5 2882/1211/5
f 2963/1213/5 2961/1215/5 2962/1214/5
f 2963/1213/5 2960/1216/5 2961/1215/5
f 2963/1213/5 2959/1217/5 2960/1216/5
f 2964/1218/5 2959/1217/5 2963/1213/5
f 2964/1218/5 2958/1219/5 2959/1217/5
f 2964/1218/5 2957/1220/5 2958/1219/5
f 2965/1221/5 2957/1220/5 2964/1218/5
f 2965/1221/5 2956/1222/5 2957/1220/5
f 2965/1221/5 2955/1223/5 2956/1222/5
f 2966/1224/5 2955/1223/5 2965/1221/5
f 2966/1224/5 2954/1225/5 2955/1223/5
f 2966/1224/5 2953/1226/5 2954/1225/5
f 2967/1227/5 2953/1226/5 2966/1224/5
f 2967/1227/5 2952/1228/5 2953/1226/5
f 2967/1227/5 2951/1229/5 2952/1228/5
f 2968/1230/5 2951/1229/5 2967/1227/5
f 2968/1230/5 2950/1231/5 2951/1229/5
f 2968/1230/5 3063/1232/5 2950/1231/5
f 3063/1232/5 3064/1233/5 2950/1231/5
f 3064/1233/5 3065/1234/5 2950/1231/5
f 3065/1234/5 3066/1235/5 2950/1231/5
f 3066/1235/5 3067/1236/5 2950/1231/5
f 3067/1236/5 3068/1237/5 2950/1231/5
f 3068/1237/5 3069/1238/5 2950/1231/5
f 3069/1238/5 3070/1239/5 2950/1231/5
f 3070/1239/5 3071/1240/5 2950/1231/5
f 2969/1241/5 3061/1242/5 2968/1230/5
f 3061/1242/5 3062/1243/5 2968/1230/5
f 3062/1243/5 3063/1232/5 2968/1230/5
f 2970/1244/5 3059/1245/5 2969/1241/5
f 3059/1245/5 3060/1246/5 2969/1241/5
f 3060/1246/5 3061/1242/5 2969/1241/5
f 2971/1247/5 3058/1248/5 2970/1244/5
f 3058/1248/5 3059/1245/5 2970/1244/5
f 2971/1247/5 3057/1249/5 3058/1248/5
f 2971/1247/5 3056/1250/5 3057/1249/5
f 2971/1247/5 3055/1251/5 3056/1250/5
f 2971/1247/5 3054/1252/5 3055/1251/5
f 2971/1247/5 3053/1253/5 3054/1252/5
f 2972/1254/5 3053/1253/5 2971/1247/5
f 2972/1254/5 3052/1255/5 3053/1253/5
f 2972/1254/5 3051/1256/5 3052/1255/5
f 2972/1254/5 3050/1257/5 3051/1256/5
f 2973/1258/5 3050/1257/5 2972/1254/5
f 2973/1258/5 3049/1259/5 3050/1257/5
f 2973/1258/5 3048/1260/5 3049/1259/5
f 2974/1261/5 3048/1260/5 2973/1258/5
f 2974/1261/5 3047/1262/5 3048/1260/5
f 2974/1261/5 3046/1263/5 3047/1262/5
f 2975/1264/5 3046/1263/5 2974/1261/5
f 2975/1264/5 3045/1265/5 3046/1263/5
f 2975/1264/5 3044/1266/5 3045/1265/5
f 2976/1267/5 3044/1266/5 2975/1264/5
f 2976/1267/5 3043/1268/5 3044/1266/5
f 2977/1269/5 3043/1268/5 2976/1267/5
f 2977/1269/5 3042/1270/5 3043/1268/5
f 2977/1269/5 3041/1271/5 3042/1270/5
f 2978/1272/5 3041/1271/5 2977/1269/5
f 2978/1272/5 3040/1273/5 3041/1271/5
f 2979/1274/5 3040/1273/5 2978/1272/5
f 2979/1274/5 3039/1275/5 3040/1273/5
f 2980/1276/5 3039/1275/5 2979/1274/5
f 2980/1276/5 3038/1277/5 3039/1275/5
f 2981/1278/5 3038/1277/5 2980/1276/5
f 2981/1278/5 3037/1279/5 3038/1277/5
f 2982/1280/5 3037/1279/5 2981/1278/5
f 2983/1281/5 3037/1279/5 2982/1280/5
f 2983/1281/5 3036/1282/5 3037/1279/5
f 2984/1283/5 3036/1282/5 2983/1281/5
f 2985/1996/5 3036/1282/5 2984/1283/5
f 2985/1996/5 3035/1285/5 3036/1282/5
f 2986/1997/5 3035/1285/5 2985/1996/5
f 3011/1287/5 3009/1289/5 3010/1288/5
f 2986/1997/5 3034/1290/5 3035/1285/5
f 2987/1291/5 3034/1290/5 2986/1997/5
f 3011/1287/5 3008/1292/5 3009/1289/5
f 2988/1293/5 3034/1290/5 2987/1291/5
f 2988/1293/5 3033/1294/5 3034/1290/5
f 3011/1287/5 3007/1295/5 3008/1292/5
f 2989/1296/5 3033/1294/5 2988/1293/5
f 3011/1287/5 3006/1297/5 3007/1295/5
f 2990/1298/5 3033/1294/5 2989/1296/5
f 2991/1299/5 3033/1294/5 2990/1298/5
f 2991/1299/5 3032/1300/5 3033/1294/5
f 3011/1287/5 3005/1301/5 3006/1297/5
f 2992/1302/5 3032/1300/5 2991/1299/5
f 3011/1287/5 3004/1303/5 3005/1301/5
f 2993/1304/5 3032/1300/5 2992/1302/5
f 3011/1287/5 3003/1305/5 3004/1303/5
f 2993/1304/5 3031/1306/5 3032/1300/5
f 2994/1307/5 3031/1306/5 2993/1304/5
f 3011/1287/5 3002/1308/5 3003/1305/5
f 2995/1309/5 3031/1306/5 2994/1307/5
f 3011/1287/5 3001/1310/5 3002/1308/5
f 2996/1311/5 3031/1306/5 2995/1309/5
f 3011/1287/5 3000/1312/5 3001/1310/5
f 2997/1313/5 3031/1306/5 2996/1311/5
f 3011/1287/5 2999/1314/5 3000/1312/5
f 2997/1313/5 3030/1315/5 3031/1306/5
f 2998/1316/5 3030/1315/5 2997/1313/5
f 3011/1287/5 2998/1316/5 2999/1314/5
f 3011/1287/5 3030/1315/5 2998/1316/5
f 3011/1287/5 3029/1317/5 3030/1315/5
f 3012/1318/5 3029/1317/5 3011/1287/5
f 3013/1319/5 3029/1317/5 3012/1318/5
f 3013/1319/5 3028/1320/5 3029/1317/5
f 3014/1321/5 3028/1320/5 3013/1319/5
f 3014/1321/5 3027/1322/5 3028/1320/5
f 3015/1323/5 3027/1322/5 3014/1321/5
f 3016/1324/5 3027/1322/5 3015/1323/5
f 3016/1324/5 3026/1325/5 3027/1322/5
f 3017/1326/5 3026/1325/5 3016/1324/5
f 3018/1327/5 3026/1325/5 3017/1326/5
f 3018/1327/5 3025/1328/5 3026/1325/5
f 3019/1329/5 3025/1328/5 3018/1327/5
f 3020/1330/5 3025/1328/5 3019/1329/5
f 3020/1330/5 3024/1331/5 3025/1328/5
f 3021/1332/5 3024/1331/5 3020/1330/5
f 3022/1333/5 3024/1331/5 3021/1332/5
f 3022/1333/5 3023/1334/5 3024/1331/5
f 3073/1335/5 3119/1337/5 3072/1336/5
f 3073/1335/5 3118/1338/5 3119/1337/5
f 3074/1339/5 3118/1338/5 3073/1335/5
f 3074/1339/5 3117/1340/5 3118/1338/5
f 3075/1341/5 3117/1340/5 3074/1339/5
f 3075/1341/5 3116/1342/5 3117/1340/5
f 3076/1343/5 3116/1342/5 3075/1341/5
f 3076/1343/5 3115/1344/5 3116/1342/5
f 3077/1345/5 3115/1344/5 3076/1343/5
f 3077/1345/5 3114/1346/5 3115/1344/5
f 3078/1347/5 3114/1346/5 3077/1345/5
f 3078/1347/5 3113/1348/5 3114/1346/5
f 3079/1349/5 3120/1350/5 3078/1347/5
f 3120/1350/5 3113/1348/5 3078/1347/5
f 3079/1349/5 3167/1351/5 3120/1350/5
f 3121/1352/8 3113/1348/8 3120/1350/8
f 3079/1349/5 3166/1353/5 3167/1351/5
f 3122/1354/5 3113/1348/5 3121/1352/5
f 3079/1349/5 3165/1355/5 3166/1353/5
f 3123/1356/5 3113/1348/5 3122/1354/5
f 3123/1356/5 3112/1357/5 3113/1348/5
f 3080/1358/5 3165/1355/5 3079/1349/5
f 3080/1358/5 3164/1359/5 3165/1355/5
f 3124/1360/5 3112/1357/5 3123/1356/5
f 3080/1358/5 3163/1361/5 3164/1359/5
f 3125/1362/5 3112/1357/5 3124/1360/5
f 3080/1358/5 3162/1363/5 3163/1361/5
f 3126/1364/5 3112/1357/5 3125/1362/5
f 3126/1364/5 3111/1365/5 3112/1357/5
f 3081/1366/5 3162/1363/5 3080/1358/5
f 3081/1366/5 3161/1367/5 3162/1363/5
f 3127/1368/5 3111/1365/5 3126/1364/5
f 3081/1366/5 3160/1369/5 3161/1367/5
f 3128/1370/5 3111/1365/5 3127/1368/5
f 3128/1370/5 3110/1371/5 3111/1365/5
f 3082/1372/5 3160/1369/5 3081/1366/5
f 3082/1372/5 3159/1373/5 3160/1369/5
f 3129/1374/5 3110/1371/5 3128/1370/5
f 3129/1374/5 3109/1375/5 3110/1371/5
f 3083/1376/5 3159/1373/5 3082/1372/5
f 3083/1376/5 3158/1377/5 3159/1373/5
f 3130/1378/5 3109/1375/5 3129/1374/5
f 3083/1376/5 3157/1379/5 3158/1377/5
f 3131/1380/5 3109/1375/5 3130/1378/5
f 3131/1380/5 3108/1381/5 3109/1375/5
f 3084/1382/5 3157/1379/5 3083/1376/5
f 3084/1382/5 3156/1383/5 3157/1379/5
f 3132/1384/5 3108/1381/5 3131/1380/5
f 3085/1385/5 3156/1383/5 3084/1382/5
f 3085/1385/5 3155/1386/5 3156/1383/5
f 3132/1384/5 3107/1387/5 3108/1381/5
f 3133/1388/5 3107/1387/5 3132/1384/5
f 3085/1385/5 3154/1389/5 3155/1386/5
f 3134/1390/5 3107/1387/5 3133/1388/5
f 3086/1391/5 3154/1389/5 3085/1385/5
f 3134/1390/5 3106/1392/5 3107/1387/5
f 3086/1391/5 3153/1393/5 3154/1389/5
f 3135/1394/5 3106/1392/5 3134/1390/5
f 3086/1391/5 3152/1395/5 3153/1393/5
f 3087/1396/5 3152/1395/5 3086/1391/5
f 3136/1397/5 3106/1392/5 3135/1394/5
f 3136/1397/5 3105/1998/5 3106/1392/5
f 3087/1396/5 3151/1399/5 3152/1395/5
f 3137/1400/5 3105/1998/5 3136/1397/5
f 3088/1401/5 3151/1399/5 3087/1396/5
f 3137/1400/5 3104/1402/5 3105/1998/5
f 3088/1401/5 3150/1403/5 3151/1399/5
f 3138/1999/5 3104/1402/5 3137/1400/5
f 3088/1401/5 3149/1405/5 3150/1403/5
f 3139/1406/5 3104/1402/5 3138/1999/5
f 3089/1407/5 3149/1405/5 3088/1401/5
f 3139/1406/5 3103/1408/5 3104/1402/5
f 3089/1407/5 3148/1409/5 3149/1405/5
f 3140/1410/5 3103/1408/5 3139/1406/5
f 3089/1407/5 3147/1411/5 3148/1409/5
f 3141/2000/5 3103/1408/5 3140/1410/5
f 3089/1407/5 3146/1413/5 3147/1411/5
f 3142/1414/5 3103/1408/5 3141/2000/5
f 3090/1415/5 3146/1413/5 3089/1407/5
f 3142/1414/5 3102/1416/5 3103/1408/5
f 3090/1415/5 3145/1417/5 3146/1413/5
f 3143/1418/5 3102/1416/5 3142/1414/5
f 3090/1415/5 3144/1419/5 3145/1417/5
f 3144/1419/5 3102/1416/5 3143/1418/5
f 3090/1415/5 3102/1416/5 3144/1419/5
f 3091/1420/5 3102/1416/5 3090/1415/5
f 3091/1420/5 3101/1421/5 3102/1416/5
f 3092/1422/5 3101/1421/5 3091/1420/5
f 3092/1422/5 3100/1423/5 3101/1421/5
f 3093/1424/5 3100/1423/5 3092/1422/5
f 3093/1424/5 3099/1425/5 3100/1423/5
f 3094/1426/5 3099/1425/5 3093/1424/5
f 3094/1426/5 3098/2001/5 3099/1425/5
f 3095/1428/5 3098/2001/5 3094/1426/5
f 3095/1428/5 3097/1429/5 3098/2001/5
f 3096/1430/5 3097/1429/5 3095/1428/5
f 3170/1431/5 3168/1433/5 3169/1432/5
f 3170/1431/5 3175/1434/5 3168/1433/5
f 3171/1435/3 3175/1434/3 3170/1431/3
f 3172/1436/5 3174/1437/5 3171/1435/5
f 3174/1437/3 3175/1434/3 3171/1435/3
f 3172/1436/5 3173/1438/5 3174/1437/5
f 3178/1439/5 3176/1441/5 3177/1440/5
f 3178/1439/5 3232/1442/5 3176/1441/5
f 3220/1443/5 3218/1445/5 3219/1444/5
f 3221/1446/5 3218/1445/5 3220/1443/5
f 3221/1446/5 3217/1447/5 3218/1445/5
f 3222/1448/5 3217/1447/5 3221/1446/5
f 3223/1449/5 3217/1447/5 3222/1448/5
f 3223/1449/5 3216/1450/5 3217/1447/5
f 3224/1451/5 3216/1450/5 3223/1449/5
f 3224/1451/5 3215/1452/5 3216/1450/5
f 3225/1453/5 3215/1452/5 3224/1451/5
f 3226/1454/5 3215/1452/5 3225/1453/5
f 3226/1454/5 3214/1455/5 3215/1452/5
f 3227/1456/5 3214/1455/5 3226/1454/5
f 3228/1457/5 3214/1455/5 3227/1456/5
f 3228/1457/5 3213/1458/5 3214/1455/5
f 3229/1459/5 3213/1458/5 3228/1457/5
f 3229/1459/5 3212/1460/5 3213/1458/5
f 3230/1461/5 3212/1460/5 3229/1459/5
f 3231/1462/5 3212/1460/5 3230/1461/5
f 3231/1462/5 3192/1463/5 3212/1460/5
f 3192/1463/5 3211/1464/5 3212/1460/5
f 3178/1439/5 3231/1462/5 3232/1442/5
f 3178/1439/5 3180/1465/5 3231/1462/5
f 3180/1465/5 3181/1466/5 3231/1462/5
f 3181/1466/5 3182/1467/5 3231/1462/5
f 3182/1467/5 3183/1468/5 3231/1462/5
f 3183/1468/5 3184/1469/5 3231/1462/5
f 3184/1469/5 3185/1470/5 3231/1462/5
f 3185/1470/5 3186/1471/5 3231/1462/5
f 3186/1471/5 3187/1472/5 3231/1462/5
f 3187/1472/5 3188/1473/5 3231/1462/5
f 3188/1473/5 3189/1474/5 3231/1462/5
f 3189/1474/5 3190/1475/5 3231/1462/5
f 3190/1475/5 3191/1476/5 3231/1462/5
f 3191/1476/5 3192/1463/5 3231/1462/5
f 3193/1477/5 3211/1464/5 3192/1463/5
f 3194/1478/5 3211/1464/5 3193/1477/5
f 3195/1479/5 3211/1464/5 3194/1478/5
f 3196/1480/5 3211/1464/5 3195/1479/5
f 3196/1480/5 3210/1481/5 3211/1464/5
f 3197/1482/5 3210/1481/5 3196/1480/5
f 3198/1483/5 3210/1481/5 3197/1482/5
f 3199/1484/5 3210/1481/5 3198/1483/5
f 3199/1484/5 3209/1485/5 3210/1481/5
f 3200/1486/5 3209/1485/5 3199/1484/5
f 3201/1487/5 3209/1485/5 3200/1486/5
f 3201/1487/5 3208/1488/5 3209/1485/5
f 3202/1489/5 3208/1488/5 3201/1487/5
f 3178/1439/5 3179/1490/5 3180/1465/5
f 3203/1491/5 3208/1488/5 3202/1489/5
f 3203/1491/5 3207/1492/5 3208/1488/5
f 3204/1493/5 3207/1492/5 3203/1491/5
f 3205/1494/5 3207/1492/5 3204/1493/5
f 3205/1494/5 3206/1495/5 3207/1492/5
f 3246/1496/5 3244/1498/5 3245/1497/5
f 3246/1496/5 3243/1499/5 3244/1498/5
f 3247/1500/5 3243/1499/5 3246/1496/5
f 3247/1500/5 3242/1501/5 3243/1499/5
f 3247/1500/5 3241/1502/5 3242/1501/5
f 3248/1503/5 3241/1502/5 3247/1500/5
f 3248/1503/5 3240/1504/5 3241/1502/5
f 3248/1503/5 3239/1505/5 3240/1504/5
f 3249/1506/5 3239/1505/5 3248/1503/5
f 3249/1506/5 3238/1507/5 3239/1505/5
f 3249/1506/5 3237/1508/5 3238/1507/5
f 3250/1509/5 3237/1508/5 3249/1506/5
f 3250/1509/5 3236/1510/5 3237/1508/5
f 3250/1509/5 3235/1511/5 3236/1510/5
f 3251/1512/5 3235/1511/5 3250/1509/5
f 3251/1512/5 3234/1513/5 3235/1511/5
f 3251/1512/5 3233/1514/5 3234/1513/5
f 3252/1515/5 3233/1514/5 3251/1512/5
f 3252/1515/5 3358/1516/5 3233/1514/5
f 3358/1516/5 3359/1517/5 3233/1514/5
f 3359/1517/5 3360/1518/5 3233/1514/5
f 3360/1518/5 3361/1519/5 3233/1514/5
f 3361/1519/5 3362/1520/5 3233/1514/5
f 3362/1520/5 3363/1521/5 3233/1514/5
f 3363/1521/5 3364/1522/5 3233/1514/5
f 3364/1522/5 3365/1523/5 3233/1514/5
f 3365/1523/5 3366/1524/5 3233/1514/5
f 3253/1525/5 3356/1526/5 3252/1515/5
f 3356/1526/5 3357/1527/5 3252/1515/5
f 3357/1527/5 3358/1516/5 3252/1515/5
f 3254/1528/5 3355/1529/5 3253/1525/5
f 3355/1529/5 3356/1526/5 3253/1525/5
f 3255/1530/5 3353/1531/5 3254/1528/5
f 3353/1531/8 3354/1532/8 3254/1528/8
f 3354/1532/10 3355/1529/10 3254/1528/10
f 3255/1530/5 3352/1533/5 3353/1531/5
f 3255/1530/5 3351/1534/5 3352/1533/5
f 3255/1530/5 3350/1535/5 3351/1534/5
f 3255/1530/5 3349/1536/5 3350/1535/5
f 3255/1530/5 3348/1537/5 3349/1536/5
f 3256/1538/5 3348/1537/5 3255/1530/5
f 3256/1538/5 3347/1539/5 3348/1537/5
f 3256/1538/5 3346/1540/5 3347/1539/5
f 3256/1538/5 3345/1541/5 3346/1540/5
f 3256/1538/5 3344/1542/5 3345/1541/5
f 3257/1543/5 3344/1542/5 3256/1538/5
f 3257/1543/5 3343/1544/5 3344/1542/5
f 3257/1543/5 3342/1545/5 3343/1544/5
f 3257/1543/5 3341/1546/5 3342/1545/5
f 3258/1547/5 3341/1546/5 3257/1543/5
f 3258/1547/5 3340/1548/5 3341/1546/5
f 3258/1547/5 3339/1549/5 3340/1548/5
f 3258/1547/5 3338/1550/5 3339/1549/5
f 3258/1547/5 3337/1551/5 3338/1550/5
f 3258/1547/5 3336/1552/5 3337/1551/5
f 3259/1553/5 3336/1552/5 3258/1547/5
f 3259/1553/5 3335/1554/5 3336/1552/5
f 3259/1553/5 3334/1555/5 3335/1554/5
f 3259/1553/5 3333/1556/5 3334/1555/5
f 3260/1557/5 3333/1556/5 3259/1553/5
f 3260/1557/5 3332/1558/5 3333/1556/5
f 3260/1557/5 3331/1559/5 3332/1558/5
f 3260/1557/5 3330/1560/5 3331/1559/5
f 3261/1561/5 3330/1560/5 3260/1557/5
f 3261/1561/5 3329/1562/5 3330/1560/5
f 3262/1563/5 3329/1562/5 3261/1561/5
f 3262/1563/5 3328/1564/5 3329/1562/5
f 3262/1563/5 3327/1565/5 3328/1564/5
f 3263/1566/5 3327/1565/5 3262/1563/5
f 3263/1566/5 3326/1567/5 3327/1565/5
f 3264/1568/5 3326/1567/5 3263/1566/5
f 3264/1568/5 3325/1569/5 3326/1567/5
f 3264/1568/5 3324/1570/5 3325/1569/5
f 3265/1571/5 3324/1570/5 3264/1568/5
f 3265/1571/5 3323/1572/5 3324/1570/5
f 3266/1573/5 3323/1572/5 3265/1571/5
f 3266/1573/5 3322/1574/5 3323/1572/5
f 3266/1573/5 3321/1575/5 3322/1574/5
f 3267/1576/5 3321/1575/5 3266/1573/5
f 3267/1576/5 3320/1577/5 3321/1575/5
f 3268/1578/5 3320/1577/5 3267/1576/5
f 3268/1578/5 3319/1579/5 3320/1577/5
f 3269/1580/5 3319/1579/5 3268/1578/5
f 3269/1580/5 3318/1581/5 3319/1579/5
f 3294/1582/5 3292/1584/5 3293/1583/5
f 3269/1580/5 3317/1585/5 3318/1581/5
f 3270/1586/5 3317/1585/5 3269/1580/5
f 3294/1582/5 3291/1587/5 3292/1584/5
f 3271/1588/5 3317/1585/5 3270/1586/5
f 3294/1582/5 3290/1589/5 3291/1587/5
f 3272/1590/5 3317/1585/5 3271/1588/5
f 3272/1590/5 3316/1591/5 3317/1585/5
f 3294/1582/5 3289/1592/5 3290/1589/5
f 3273/1593/5 3316/1591/5 3272/1590/5
f 3294/1582/5 3288/1594/5 3289/1592/5
f 3274/1595/5 3316/1591/5 3273/1593/5
f 3294/1582/5 3287/1596/5 3288/1594/5
f 3275/1597/5 3316/1591/5 3274/1595/5
f 3275/1597/5 3315/1598/5 3316/1591/5
f 3294/1582/5 3286/1599/5 3287/1596/5
f 3276/1600/5 3315/1598/5 3275/1597/5
f 3277/1601/5 3315/1598/5 3276/1600/5
f 3294/1582/5 3285/1602/5 3286/1599/5
f 3278/1603/5 3315/1598/5 3277/1601/5
f 3294/1582/5 3284/1604/5 3285/1602/5
f 3279/1605/5 3315/1598/5 3278/1603/5
f 3294/1582/5 3283/1606/5 3284/1604/5
f 3280/1607/5 3315/1598/5 3279/1605/5
f 3294/1582/5 3282/1608/5 3283/1606/5
f 3281/1609/5 3315/1598/5 3280/1607/5
f 3294/1582/5 3281/1609/5 3282/1608/5
f 3281/1609/5 3314/1610/5 3315/1598/5
f 3294/1582/5 3314/1610/5 3281/1609/5
f 3294/1582/5 3313/1611/5 3314/1610/5
f 3294/1582/5 3312/1612/5 3313/1611/5
f 3295/1613/5 3312/1612/5 3294/1582/5
f 3295/1613/5 3311/1614/5 3312/1612/5
f 3296/1615/5 3311/1614/5 3295/1613/5
f 3297/1616/5 3311/1614/5 3296/1615/5
f 3297/1616/5 3310/1617/5 3311/1614/5
f 3298/1618/5 3310/1617/5 3297/1616/5
f 3299/1619/5 3310/1617/5 3298/1618/5
f 3299/1619/5 3309/1620/5 3310/1617/5
f 3300/1621/5 3309/1620/5 3299/1619/5
f 3300/1621/5 3308/1622/5 3309/1620/5
f 3301/1623/5 3308/1622/5 3300/1621/5
f 3302/1624/5 3308/1622/5 3301/1623/5
f 3302/1624/5 3307/2002/5 3308/1622/5
f 3303/1626/5 3307/2002/5 3302/1624/5
f 3304/1627/5 3307/2002/5 3303/1626/5
f 3304/1627/5 3306/1628/5 3307/2002/5
f 3305/1629/5 3306/1628/5 3304/1627/5
f 3397/1630/5 3395/2003/5 3396/1631/5
f 3397/1630/5 3394/1633/5 3395/2003/5
f 3370/1634/5 3368/1636/5 3369/1635/5
f 3370/1634/5 3367/1637/5 3368/1636/5
f 3398/1638/5 3394/1633/5 3397/1630/5
f 3398/1638/5 3393/1639/5 3394/1633/5
f 3398/1638/5 3392/1640/5 3393/1639/5
f 3399/1641/5 3392/1640/5 3398/1638/5
f 3399/1641/5 3391/1642/5 3392/1640/5
f 3371/1643/5 3367/1637/5 3370/1634/5
f 3399/1641/5 3390/1644/5 3391/1642/5
f 3372/1645/5 3367/1637/5 3371/1643/5
f 3400/1646/5 3390/1644/5 3399/1641/5
f 3400/1646/5 3389/1647/5 3390/1644/5
f 3373/1648/5 3367/1637/5 3372/1645/5
f 3374/1649/5 3367/1637/5 3373/1648/5
f 3400/1646/5 3388/1650/5 3389/1647/5
f 3401/1651/5 3388/1650/5 3400/1646/5
f 3375/1652/5 3367/1637/5 3374/1649/5
f 3401/1651/5 3387/1653/5 3388/1650/5
f 3376/1654/5 3421/1655/5 3375/1652/5
f 3421/1655/5 3367/1637/5 3375/1652/5
f 3401/1651/5 3386/2004/5 3387/1653/5
f 3377/1657/5 3421/1655/5 3376/1654/5
f 3401/1651/5 3385/1658/5 3386/2004/5
f 3378/1659/5 3421/1655/5 3377/1657/5
f 3402/1660/5 3385/1658/5 3401/1651/5
f 3379/1661/5 3421/1655/5 3378/1659/5
f 3402/1660/5 3384/1662/5 3385/1658/5
f 3380/1663/5 3421/1655/5 3379/1661/5
f 3402/1660/5 3383/1664/5 3384/1662/5
f 3381/1665/5 3421/1655/5 3380/1663/5
f 3402/1660/5 3382/1666/5 3383/1664/5
f 3382/1666/5 3421/1655/5 3381/1665/5
f 3402/1660/5 3421/1655/5 3382/1666/5
f 3402/1660/5 3420/1667/5 3421/1655/5
f 3422/1668/5 3367/1637/5 3421/1655/5
f 3403/1669/5 3420/1667/5 3402/1660/5
f 3403/1669/5 3419/1670/5 3420/1667/5
f 3403/1669/5 3418/1671/5 3419/1670/5
f 3404/1672/5 3418/1671/5 3403/1669/5
f 3404/1672/5 3417/1673/5 3418/1671/5
f 3405/1674/5 3417/1673/5 3404/1672/5
f 3405/1674/5 3416/1675/5 3417/1673/5
f 3405/1674/5 3415/1676/5 3416/1675/5
f 3406/1677/5 3415/1676/5 3405/1674/5
f 3406/1677/5 3414/1678/5 3415/1676/5
f 3406/1677/5 3413/1679/5 3414/1678/5
f 3407/1680/5 3413/1679/5 3406/1677/5
f 3407/1680/5 3412/1681/5 3413/1679/5
f 3408/1682/5 3412/1681/5 3407/1680/5
f 3408/1682/5 3411/1683/5 3412/1681/5
f 3408/1682/5 3410/1684/5 3411/1683/5
f 3409/1685/5 3410/1684/5 3408/1682/5
f 3424/1686/5 3452/1688/5 3423/1687/5
f 3452/1688/5 3451/1689/5 3423/1687/5
f 3452/1688/5 3450/1690/5 3451/1689/5
f 3452/1688/5 3449/1691/5 3450/1690/5
f 3452/1688/5 3448/1692/5 3449/1691/5
f 3452/1688/5 3447/1693/5 3448/1692/5
f 3452/1688/5 3446/1694/5 3447/1693/5
f 3452/1688/5 3445/1695/5 3446/1694/5
f 3452/1688/5 3444/1696/5 3445/1695/5
f 3452/1688/5 3453/1697/5 3444/1696/5
f 3453/1697/5 3443/1698/5 3444/1696/5
f 3424/1686/5 3478/1699/5 3452/1688/5
f 3454/1700/5 3443/1698/5 3453/1697/5
f 3455/1701/5 3443/1698/5 3454/1700/5
f 3456/1702/5 3443/1698/5 3455/1701/5
f 3456/1702/5 3442/1703/5 3443/1698/5
f 3457/1704/5 3442/1703/5 3456/1702/5
f 3458/1705/5 3442/1703/5 3457/1704/5
f 3459/1706/5 3442/1703/5 3458/1705/5
f 3459/1706/5 3441/1707/5 3442/1703/5
f 3460/1708/5 3441/1707/5 3459/1706/5
f 3461/1709/5 3441/1707/5 3460/1708/5
f 3462/1710/5 3441/1707/5 3461/1709/5
f 3462/1710/5 3440/1711/5 3441/1707/5
f 3463/1712/5 3440/1711/5 3462/1710/5
f 3464/1713/5 3440/1711/5 3463/1712/5
f 3464/1713/5 3439/1714/5 3440/1711/5
f 3465/1715/5 3439/1714/5 3464/1713/5
f 3466/1716/5 3439/1714/5 3465/1715/5
f 3466/1716/5 3438/1717/5 3439/1714/5
f 3467/1718/5 3438/1717/5 3466/1716/5
f 3467/1718/5 3437/1719/5 3438/1717/5
f 3468/1720/5 3437/1719/5 3467/1718/5
f 3469/1721/5 3437/1719/5 3468/1720/5
f 3469/1721/5 3436/1722/5 3437/1719/5
f 3470/1723/5 3436/1722/5 3469/1721/5
f 3471/1724/5 3436/1722/5 3470/1723/5
f 3471/1724/5 3435/1725/5 3436/1722/5
f 3472/1726/5 3435/1725/5 3471/1724/5
f 3473/1727/5 3435/1725/5 3472/1726/5
f 3474/1728/5 3435/1725/5 3473/1727/5
f 3475/1729/5 3435/1725/5 3474/1728/5
f 3475/1729/5 3434/1730/5 3435/1725/5
f 3476/1731/5 3434/1730/5 3475/1729/5
f 3477/1732/5 3434/1730/5 3476/1731/5
f 3424/1686/5 3426/1733/5 3478/1699/5
f 3426/1733/5 3477/1732/5 3478/1699/5
f 3426/1733/5 3434/1730/5 3477/1732/5
f 3426/1733/5 3433/1734/5 3434/1730/5
f 3426/1733/5 3432/1735/5 3433/1734/5
f 3426/1733/5 3431/1736/5 3432/1735/5
f 3426/1733/5 3430/1737/5 3431/1736/5
f 3426/1733/5 3429/1738/5 3430/1737/5
f 3426/1733/5 3428/1739/5 3429/1738/5
f 3426/1733/5 3427/1740/5 3428/1739/5
f 3424/1686/5 3425/1741/5 3426/1733/5
f 1541/1607/11 3279/1605/11 1540/1605/11
f 315/16/12 2055/14/12 316/14/12
f 1383/1354/13 3121/1352/13 1382/1352/13
f 25/162/14 1765/1768/14 26/163/14
f 481/171/15 2221/165/15 482/165/15
f 1573/1612/16 3311/1614/16 1572/1614/16
f 225/173/2 1965/1743/2 226/127/2
f 331/17/17 2071/19/17 332/19/17
f 1557/1615/18 3295/1613/18 1556/1613/18
f 307/32/19 2047/30/19 308/30/19
f 217/188/20 1957/1782/20 218/184/20
f 1565/1627/21 3303/1626/21 1564/1626/21
f 1423/1363/22 3161/1367/22 1422/1367/22
f 1629/1636/23 3367/1637/23 1628/1637/23
f 1343/1372/24 3081/1366/24 1342/1366/24
f 1391/1378/25 3129/1374/25 1390/1374/25
f 515/33/26 2255/35/26 516/35/26
f 1653/1640/27 3391/1642/27 1652/1642/27
f 1415/1389/28 3153/1393/28 1414/1393/28
f 33/194/29 1773/1794/29 34/201/29
f 209/203/30 1949/1795/30 210/202/30
f 339/34/31 2079/38/31 340/38/31
f 1367/1392/32 3105/1998/32 1366/1398/32
f 507/53/33 2247/49/33 508/49/33
f 1661/1646/34 3399/1641/34 1660/1641/34
f 361/199/35 2101/209/35 362/209/35
f 523/54/36 2263/56/36 524/56/36
f 1398/1400/37 3138/1999/37 3137/1400/37
f 553/214/38 2293/222/38 554/222/38
f 499/78/39 2239/74/39 500/74/39
f 201/229/40 1941/1808/40 202/225/40
f 531/77/41 2271/81/41 532/81/41
f 299/85/42 2039/79/42 300/79/42
f 1637/1654/43 3375/1652/43 1636/1652/43
f 281/235/44 2021/226/44 282/226/44
f 1351/1415/45 3089/1407/45 1350/1407/45
f 1407/1413/46 3145/1417/46 1406/1417/46
f 41/233/47 1781/1814/47 42/237/47
f 1645/1662/48 3383/1664/48 1644/1664/48
f 1358/1429/49 3098/2001/49 3097/1429/49
f 347/86/50 2087/90/50 348/90/50
f 1628/1637/2 3422/1668/2 1683/1668/2
f 1431/1431/51 3169/1432/51 1430/1432/51
f 473/248/52 2213/239/52 474/239/52
f 491/106/53 2231/102/53 492/102/53
f 1677/1675/54 3415/1676/54 1676/1676/54
f 1439/1439/51 3177/1440/51 1438/1440/51
f 193/255/55 1933/1822/55 194/251/55
f 539/105/56 2279/107/56 540/107/56
f 291/121/57 2031/117/57 292/117/57
f 1479/1445/58 3217/1447/58 1478/1447/58
f 1669/1682/59 3407/1680/59 1668/1680/59
f 1685/1686/51 3423/1687/51 1684/1687/51
f 49/265/60 1789/1833/60 50/270/60
f 1487/1454/61 3225/1453/61 1486/1453/61
f 185/276/62 1925/1835/62 186/272/62
f 1684/1687/3 3451/1689/3 1712/1689/3
f 1447/1471/63 3185/1470/63 1446/1470/63
f 177/288/64 1917/1846/64 178/287/64
f 3/128/65 1743/1746/65 4/129/65
f 1709/1692/66 3447/1693/66 1708/1693/66
f 1717/1702/67 3455/1701/67 1716/1701/67
f 1455/1478/68 3193/1477/68 1454/1477/68
f 11/136/69 1751/1754/69 12/137/69
f 1725/1713/70 3463/1712/70 1724/1712/70
f 1471/1481/71 3209/1485/71 1470/1485/71
f 369/281/72 2109/297/72 370/297/72
f 1700/1714/73 3440/1711/73 3439/1714/73
f 561/291/74 2301/299/74 562/299/74
f 355/122/75 2095/144/75 356/144/75
f 1463/1489/76 3201/1487/76 1462/1487/76
f 57/298/77 1797/1854/77 58/301/77
f 66/306/78 1804/1857/78 65/304/78
f 19/148/79 1759/1762/79 20/151/79
f 1733/1726/80 3471/1724/80 1732/1724/80
f 1503/1501/81 3241/1502/81 1502/1502/81
f 483/158/82 2223/150/82 484/150/82
f 1693/1735/83 3431/1736/83 1692/1736/83
f 73/321/84 1813/1871/84 74/322/84
f 547/157/85 2287/164/85 548/164/85
f 325/5/86 2065/7/86 326/7/86
f 1511/1509/87 3249/1506/87 1510/1506/87
f 465/333/88 2205/326/88 466/326/88
f 317/12/89 2057/10/89 318/10/89
f 27/166/90 1767/1770/90 28/169/90
f 1495/1513/91 3233/1514/91 1494/1514/91
f 219/181/92 1959/1780/92 220/180/92
f 211/200/93 1951/1792/93 212/195/93
f 333/21/94 2073/23/94 334/23/94
f 273/340/95 2013/324/95 274/324/95
f 309/28/96 2049/26/96 310/26/96
f 35/204/97 1775/1800/97 36/211/97
f 517/40/98 2257/42/98 518/42/98
f 1623/1520/99 3361/1519/99 1622/1519/99
f 283/217/100 2023/208/100 284/208/100
f 509/47/101 2249/45/101 510/45/101
f 81/336/102 1821/1885/102 82/344/102
f 169/345/103 1909/1884/103 170/343/103
f 203/221/104 1943/1804/104 204/219/104
f 161/361/105 1901/1897/105 162/360/105
f 341/52/106 2081/58/106 342/58/106
f 1494/1514/23 3366/1524/23 1627/1524/23
f 525/60/107 2265/62/107 526/62/107
f 1615/1532/108 3353/1531/108 1614/1531/108
f 363/218/109 2103/227/109 364/227/109
f 501/72/110 2241/68/110 502/68/110
f 1607/1540/111 3345/1541/111 1606/1541/111
f 89/368/112 1829/1905/112 90/372/112
f 475/231/113 2215/223/113 476/223/113
f 301/75/114 2041/69/114 302/69/114
f 153/388/115 1893/1913/115 154/384/115
f 555/230/116 2295/238/116 556/238/116
f 533/83/117 2273/87/117 534/87/117
f 43/241/118 1783/1818/118 44/243/118
f 1519/1547/119 3257/1543/119 1518/1543/119
f 569/386/120 2309/395/120 570/395/120
f 195/249/121 1935/1819/121 196/244/121
f 493/98/122 2233/94/122 494/94/122
f 1599/1550/123 3337/1551/123 1598/1551/123
f 187/271/124 1927/1832/124 188/269/124
f 1591/1560/125 3329/1562/125 1590/1562/125
f 97/393/126 1837/1920/126 98/397/126
f 349/96/127 2089/100/127 350/100/127
f 377/391/128 2117/400/128 378/400/128
f 293/113/129 2033/109/129 294/109/129
f 457/416/130 2197/409/130 458/409/130
f 1527/1573/131 3265/1571/131 1526/1571/131
f 145/417/132 1885/1930/132 146/414/132
f 51/273/133 1791/1839/133 52/278/133
f 1583/1574/134 3321/1575/134 1582/1575/134
f 265/428/135 2005/420/135 266/420/135
f 179/286/136 1919/1844/136 180/285/136
f 541/111/137 2281/115/137 542/115/137
f 1551/1589/138 3289/1592/138 1550/1592/138
f 5/130/139 1745/1748/139 6/131/139
f 59/302/140 1799/1858/140 60/305/140
f 1535/1595/141 3273/1593/141 1534/1593/141
f 67/307/142 1807/1862/142 68/309/142
f 13/138/143 1753/1756/143 14/139/143
f 275/311/144 2015/296/144 276/296/144
f 485/141/145 2225/124/145 486/124/145
f 105/429/146 1845/1940/146 106/434/146
f 1543/1608/147 3281/1609/147 1542/1609/147
f 137/441/148 1877/1942/148 138/438/148
f 130/455/149 1868/1954/149 1869/1953/149
f 21/154/150 1761/1764/150 22/155/150
f 1575/1610/151 3313/1611/151 1574/1611/151
f 467/316/152 2207/300/152 468/300/152
f 357/153/153 2097/161/153 358/161/153
f 577/449/154 2317/460/154 578/460/154
f 1559/1618/155 3297/1616/155 1558/1616/155
f 563/315/156 2303/325/156 564/325/156
f 1567/1628/157 3305/1629/157 1566/1629/157
f 1631/1634/51 3369/1635/51 1630/1635/51
f 371/312/158 2111/327/158 372/327/158
f 29/172/159 1769/1775/159 30/175/159
f 75/323/160 1815/1873/160 76/328/160
f 221/179/161 1961/1778/161 222/178/161
f 1655/1633/162 3393/1639/162 1654/1639/162
f 171/342/163 1911/1882/163 172/341/163
f 549/170/164 2289/186/164 550/186/164
f 213/193/165 1953/1789/165 214/192/165
f 385/468/166 2125/474/166 386/474/166
f 285/198/167 2025/182/167 286/182/167
f 1647/1656/168 3385/1658/168 1646/1658/168
f 1639/1659/169 3377/1657/169 1638/1657/169
f 113/471/170 1853/1963/170 114/476/170
f 83/348/171 1823/1892/171 84/351/171
f 1663/1660/172 3401/1651/172 1662/1651/172
f 163/356/173 1903/1893/173 164/352/173
f 449/479/174 2189/473/174 450/473/174
f 477/215/175 2217/206/175 478/206/175
f 1679/1671/176 3417/1673/176 1678/1673/176
f 205/216/177 1945/1801/177 206/212/177
f 1671/1684/178 3409/1685/178 1670/1685/178
f 91/374/179 1831/1909/179 92/378/179
f 155/379/180 1895/1908/180 156/377/180
f 1711/1690/181 3449/1691/181 1710/1691/181
f 37/213/182 1777/1805/182 38/220/182
f 1719/1705/183 3457/1704/183 1718/1704/183
f 459/403/184 2199/394/184 460/394/184
f 1703/1703/185 3441/1707/185 1702/1707/185
f 99/399/186 1839/1924/186 100/405/186
f 197/242/187 1937/1815/187 198/240/187
f 121/491/188 1861/1971/188 122/494/188
f 571/402/189 2311/408/189 572/408/189
f 365/236/190 2105/246/190 366/246/190
f 124/496/2 1740/1742/2 1/125/2
f 267/411/191 2007/401/191 268/401/191
f 1727/1716/192 3465/1715/192 1726/1715/192
f 257/500/193 1997/490/193 258/490/193
f 45/250/194 1785/1823/194 46/252/194
f 1735/1728/195 3473/1727/195 1734/1727/195
f 147/412/196 1887/1926/196 148/407/196
f 557/247/197 2297/253/197 558/253/197
f 1695/1730/198 3433/1734/198 1694/1734/198
f 189/266/199 1929/1829/199 190/262/199
f 1687/1733/23 3425/1741/23 1686/1741/23
f 585/501/200 2325/506/200 586/506/200
f 277/280/201 2017/267/201 278/267/201
f 319/8/202 2059/6/202 320/6/202
f 441/515/203 2181/514/203 442/514/203
f 380/419/204 2118/1927/204 2119/419/204
f 139/435/205 1879/1939/205 140/433/205
f 181/283/206 1921/1841/206 182/282/206
f 327/9/207 2067/11/207 328/11/207
f 393/517/208 2133/521/208 394/521/208
f 311/24/209 2051/22/209 312/22/209
f 593/529/210 2333/533/210 594/533/210
f 249/536/211 1989/531/211 250/531/211
f 107/442/212 1847/1947/212 108/447/212
f 131/453/213 1871/1950/213 132/452/213
f 335/25/214 2075/27/214 336/27/214
f 451/467/215 2191/461/215 452/461/215
f 511/43/216 2251/41/216 512/41/216
f 579/466/217 2319/472/217 580/472/217
f 53/284/218 1793/1849/218 54/290/218
f 519/44/219 2259/46/219 520/46/219
f 433/544/220 2173/540/220 434/540/220
f 115/477/221 1855/1965/221 116/480/221
f 303/63/222 2043/57/222 304/57/222
f 469/292/223 2209/275/223 470/275/223
f 601/555/224 2341/559/224 602/559/224
f 259/482/225 1999/475/225 260/475/225
f 503/65/226 2243/61/226 504/61/226
f 62/310/227 1800/1861/227 61/308/227
f 401/558/228 2141/563/228 402/563/228
f 69/317/229 1809/1867/229 70/318/229
f 425/568/230 2165/566/230 426/566/230
f 387/481/231 2127/489/231 388/489/231
f 609/577/232 2349/579/232 610/579/232
f 123/495/233 1863/1973/233 124/496/233
f 77/329/234 1817/1875/234 78/330/234
f 527/66/235 2267/67/235 528/67/235
f 241/585/236 1981/583/236 242/583/236
f 443/509/237 2183/505/237 444/505/237
f 175/289/23 1864/1880/23 125/337/23
f 587/510/238 2327/513/238 588/513/238
f 173/338/239 1913/1878/239 174/335/239
f 343/64/240 2083/70/240 344/70/240
f 495/92/241 2235/88/241 496/88/241
f 409/593/242 2149/595/242 410/595/242
f 251/526/243 1991/522/243 252/522/243
f 165/350/244 1905/1890/244 166/349/244
f 535/91/245 2275/93/245 536/93/245
f 233/601/246 1973/599/246 234/599/246
f 295/103/247 2035/99/247 296/99/247
f 565/334/248 2305/354/248 566/354/248
f 417/608/249 2157/1978/249 418/610/249
f 373/339/250 2113/357/250 374/357/250
f 650/615/251 2388/616/251 649/616/251
f 395/525/252 2135/532/252 396/532/252
f 85/355/253 1825/1896/253 86/359/253
f 435/538/254 2175/534/254 436/534/254
f 157/373/255 1897/1904/255 158/369/255
f 658/633/256 2396/631/256 657/631/256
f 595/537/257 2335/539/257 596/539/257
f 351/104/258 2091/110/258 352/110/258
f 427/562/259 2167/560/259 428/560/259
f 93/380/260 1833/1912/260 94/383/260
f 487/120/261 2227/116/261 488/116/261
f 642/632/262 2380/634/262 641/634/262
f 603/561/263 2343/565/263 604/565/263
f 461/385/264 2201/375/264 462/375/264
f 543/119/265 2283/123/265 544/123/265
f 269/392/266 2009/382/266 270/382/266
f 634/644/267 2372/643/267 633/643/267
f 243/570/268 1983/564/268 244/564/268
f 7/132/269 1747/1750/269 8/133/269
f 149/404/270 1889/1921/270 150/398/270
f 15/142/271 1755/1758/271 16/145/271
f 626/654/272 2364/653/272 625/653/272
f 23/156/273 1763/1766/273 24/159/273
f 618/661/274 2356/660/274 617/660/274
f 287/167/275 2027/160/275 288/160/275
f 101/406/276 1841/1929/276 102/413/276
f 573/415/277 2313/424/277 574/424/277
f 141/430/278 1881/1936/278 142/426/278
f 674/691/279 2412/682/279 673/682/279
f 223/177/280 1963/1774/280 224/174/280
f 381/427/281 2121/437/281 382/437/281
f 360/183/282 2098/168/282 2099/183/282
f 706/690/283 2444/698/283 705/698/283
f 453/450/284 2193/440/284 454/440/284
f 610/579/285 2158/581/285 419/581/285
f 133/451/286 1873/1948/286 134/448/286
f 722/703/287 2460/701/287 721/701/287
f 420/580/288 2158/581/288 2159/580/288
f 216/189/289 1954/1787/289 1955/1786/289
f 754/702/290 2492/706/290 753/706/290
f 403/569/291 2143/582/291 404/582/291
f 235/596/292 1975/594/292 236/594/292
f 31/185/293 1771/1788/293 32/191/293
f 730/730/294 2468/727/294 729/727/294
f 479/197/295 2219/1784/295 480/187/295
f 551/196/296 2291/205/296 552/205/296
f 746/728/297 2484/732/297 745/732/297
f 125/337/3 1865/1957/3 126/459/3
f 207/210/298 1947/1798/298 208/207/298
f 682/734/299 2420/729/299 681/729/299
f 411/597/300 2151/598/300 412/598/300
f 109/454/301 1849/1958/301 110/464/301
f 227/612/302 1967/611/302 228/611/302
f 261/469/303 2001/462/303 262/462/303
f 697/741/304 2437/735/304 2436/741/304
f 227/612/26 2157/1978/26 1966/612/26
f 39/224/305 1779/1809/305 40/228/305
f 652/613/306 2390/614/306 651/614/306
f 199/234/307 1939/1811/307 200/232/307
f 612/624/51 2350/625/51 611/625/51
f 581/478/308 2321/484/308 582/484/308
f 279/256/309 2019/245/309 280/245/309
f 611/625/3 2404/626/3 665/626/3
f 117/483/310 1857/1967/310 118/486/310
f 738/752/311 2476/1980/311 737/751/311
f 644/629/312 2382/630/312 643/630/312
f 445/502/313 2185/498/313 446/498/313
f 690/763/314 2428/761/314 689/761/314
f 660/638/315 2398/636/315 659/636/315
f 389/499/316 2129/503/316 390/503/316
f 191/260/317 1931/1826/317 192/259/317
f 802/770/318 2540/768/318 801/768/318
f 253/518/319 1993/512/319 254/512/319
f 636/646/320 2374/645/320 635/645/320
f 47/258/321 1787/1828/321 48/261/321
f 794/773/322 2532/775/322 793/775/322
f 589/516/323 2329/520/323 590/520/323
f 471/264/324 2211/254/324 472/254/324
f 850/783/13 2588/781/13 849/781/13
f 628/651/325 2366/650/325 627/650/325
f 437/530/326 2177/527/326 438/527/326
f 842/792/327 2580/794/327 841/794/327
f 367/257/328 2107/268/328 368/268/328
f 620/663/329 2358/662/329 619/662/329
f 559/263/330 2299/274/330 560/274/330
f 183/279/331 1923/1838/331 184/277/331
f 858/805/332 2596/801/332 857/801/332
f 397/535/333 2137/1975/333 398/542/333
f 668/672/334 2406/668/334 667/668/334
f 597/543/335 2337/547/335 598/547/335
f 810/808/336 2548/802/336 809/802/336
f 708/679/337 2446/681/337 707/681/337
f 430/554/338 2168/1976/338 2169/554/338
f 245/557/339 1985/551/339 246/551/339
f 55/294/340 1795/1852/340 56/295/340
f 786/815/341 2524/1982/341 785/816/341
f 716/687/13 2454/685/13 715/685/13
f 64/293/23 1802/1856/23 63/303/23
f 778/834/342 2516/1984/342 777/836/342
f 605/567/343 2345/571/343 606/571/343
f 421/578/344 2161/576/344 422/576/344
f 405/584/345 2145/586/345 406/586/345
f 71/319/346 1811/1869/346 72/320/346
f 770/839/347 2508/837/347 769/837/347
f 756/696/22 2494/700/22 755/700/22
f 237/592/348 1977/590/348 238/590/348
f 79/331/349 1819/1877/349 80/332/349
f 818/846/350 2556/838/350 817/838/350
f 676/705/24 2414/699/24 675/699/24
f 167/347/351 1907/1887/351 168/346/351
f 834/847/352 2572/849/352 833/849/352
f 724/711/25 2462/707/25 723/707/25
f 413/600/353 2153/602/353 414/602/353
f 826/859/354 2564/860/354 825/860/354
f 748/722/28 2486/726/28 747/726/28
f 230/607/355 1968/609/355 1969/1977/355
f 874/863/356 2612/864/356 873/864/356
f 87/362/357 1827/1901/357 88/364/357
f 700/725/32 2438/731/32 699/731/32
f 463/365/358 2203/353/358 464/353/358
f 866/873/359 2604/874/359 865/874/359
f 654/619/360 2392/617/360 653/617/360
f 159/367/361 1899/1900/361 160/363/361
f 954/885/362 2692/884/362 953/884/362
f 732/737/37 2470/733/37 731/733/37
f 946/894/363 2684/896/363 945/896/363
f 646/621/364 2384/623/364 645/623/364
f 271/371/365 2011/358/365 272/358/365
f 684/748/45 2422/740/45 683/740/45
f 630/640/366 2368/639/366 629/639/366
f 567/366/367 2307/376/367 568/376/367
f 882/903/368 2620/899/368 881/899/368
f 740/746/46 2478/750/46 739/750/46
f 375/370/369 2115/381/369 376/381/369
f 938/905/370 2676/907/370 937/907/370
f 692/760/49 2430/762/49 691/762/49
f 638/648/371 2376/647/371 637/647/371
f 930/918/372 2668/920/372 929/920/372
f 662/652/373 2400/649/373 661/649/373
f 796/769/374 2534/771/374 795/771/374
f 95/387/375 1835/1916/375 96/389/375
f 622/658/376 2360/659/376 621/659/376
f 151/396/377 1891/1917/377 152/390/377
f 804/774/378 2542/772/378 803/772/378
f 614/666/23 2352/667/23 613/667/23
f 890/929/379 2628/922/379 889/922/379
f 852/789/380 2590/785/380 851/785/380
f 914/932/381 2652/930/381 913/930/381
f 844/787/382 2582/790/382 843/790/382
f 103/418/383 1843/1934/383 104/422/383
f 921/942/384 2661/941/384 2660/942/384
f 860/811/385 2598/807/385 859/807/385
f 670/676/386 2408/674/386 669/674/386
f 143/423/387 1883/1933/387 144/421/387
f 906/949/388 2644/951/388 905/951/388
f 710/675/389 2448/677/389 709/677/389
f 455/432/390 2195/425/390 456/425/390
f 788/810/391 2526/813/391 787/813/391
f 718/693/392 2456/689/392 717/689/392
f 575/431/393 2315/439/393 576/439/393
f 898/960/394 2636/1990/394 897/959/394
f 812/814/395 2550/812/395 811/812/395
f 758/692/396 2496/694/396 757/694/396
f 135/444/397 1875/1945/397 136/443/397
f 263/445/398 2003/436/398 264/436/398
f 994/965/399 2732/968/399 993/968/399
f 764/828/400 2502/824/400 763/824/400
f 1002/971/401 2740/969/401 1001/969/401
f 780/827/402 2518/831/402 779/831/402
f 678/715/403 2416/709/403 677/709/403
f 1010/983/404 2748/982/404 1009/982/404
f 726/717/405 2464/713/405 725/713/405
f 1018/991/406 2756/990/406 1017/990/406
f 772/843/407 2510/841/407 771/841/407
f 750/716/408 2488/719/408 749/719/408
f 128/457/409 1866/1956/409 1867/1955/409
f 1026/1001/410 2764/1000/410 1025/1000/410
f 702/714/411 2440/720/411 701/720/411
f 986/997/412 2724/1003/412 985/1003/412
f 383/446/413 2123/463/413 384/463/413
f 820/851/414 2558/848/414 819/848/414
f 111/465/415 1851/1961/415 112/470/415
f 828/856/416 2566/858/416 827/858/416
f 734/743/417 2472/739/417 733/739/417
f 119/487/418 1859/1969/418 120/488/418
f 742/742/419 2480/744/419 741/744/419
f 447/493/420 2187/485/420 448/485/420
f 1034/1012/51 2772/1011/51 1033/1011/51
f 868/870/421 2606/871/421 867/871/421
f 583/492/422 2323/497/422 584/497/422
f 1130/1021/423 2868/1023/423 1129/1023/423
f 876/872/424 2614/868/424 875/868/424
f 686/755/425 2424/753/425 685/753/425
f 255/508/426 1995/504/426 256/504/426
f 956/887/427 2694/886/427 955/886/427
f 694/756/428 2432/758/428 693/758/428
f 1042/1026/429 2780/1024/429 1041/1024/429
f 948/891/430 2686/895/430 947/895/430
f 1122/1035/431 2860/1036/431 1121/1036/431
f 940/902/432 2678/904/432 939/904/432
f 798/766/433 2536/767/433 797/767/433
f 391/507/434 2131/511/434 392/511/434
f 1098/1047/435 2836/1045/435 1097/1045/435
f 806/778/436 2544/776/436 805/776/436
f 439/523/437 2179/519/437 440/519/437
f 591/524/438 2331/528/438 592/528/438
f 884/909/439 2622/906/439 883/906/439
f 846/782/440 2584/784/440 845/784/440
f 247/545/441 1987/541/441 248/541/441
f 932/915/442 2670/917/442 931/917/442
f 854/793/443 2592/791/443 853/791/443
f 962/1058/444 2700/1055/444 961/1055/444
f 916/934/445 2654/933/445 915/933/445
f 1050/1059/446 2788/1046/446 1049/1046/446
f 924/935/447 2662/938/447 923/938/447
f 790/797/448 2528/803/448 789/803/448
f 1114/1054/323 2852/1060/323 1113/1060/323
f 838/804/449 2576/806/449 837/806/449
f 978/1068/450 2716/1071/450 977/1071/450
f 892/944/451 2630/943/451 891/943/451
f 431/550/452 2171/548/452 432/548/452
f 908/947/453 2646/948/453 907/948/453
f 814/820/454 2552/817/454 813/817/454
f 970/1085/455 2708/1083/455 969/1083/455
f 899/958/456 2639/1988/456 2638/1989/456
f 399/546/457 2139/552/457 400/552/457
f 1106/1086/458 2844/1081/458 1105/1081/458
f 782/821/459 2520/823/459 781/823/459
f 599/549/460 2339/553/460 600/553/460
f 996/962/461 2734/963/461 995/963/461
f 423/574/462 2163/572/462 424/572/462
f 766/832/463 2504/829/463 765/829/463
f 607/573/464 2347/575/464 608/575/464
f 1074/1102/465 2812/1098/465 1073/1098/465
f 1004/974/466 2742/972/466 1003/972/466
f 239/589/467 1979/587/467 240/587/467
f 1066/1108/468 2804/1112/468 1065/1112/468
f 1012/985/469 2750/984/469 1011/984/469
f 774/845/470 2512/844/470 773/844/470
f 1090/1114/471 2828/1117/471 1089/1117/471
f 1020/993/472 2758/992/472 1019/992/472
f 407/588/473 2147/591/473 408/591/473
f 231/605/474 1971/603/474 232/603/474
f 988/980/475 2726/995/475 987/995/475
f 830/853/476 2568/855/476 829/855/476
f 1058/1125/477 2796/1118/477 1057/1118/477
f 1028/1004/478 2766/1002/478 1027/1002/478
f 822/857/479 2560/854/479 821/854/479
f 415/604/480 2155/606/480 416/606/480
f 1036/1015/481 2774/1013/481 1035/1013/481
f 870/867/482 2608/869/482 869/869/482
f 648/618/483 2386/620/483 647/620/483
f 1082/1131/484 2820/1993/484 1081/1128/484
f 1132/1014/485 2870/1019/485 1131/1019/485
f 656/628/486 2394/622/486 655/622/486
f 862/878/487 2600/879/487 861/879/487
f 1170/1136/3 2908/1138/3 1169/1138/3
f 878/880/488 2616/876/488 877/876/488
f 640/635/489 2378/637/489 639/637/489
f 1044/1031/490 2782/1029/490 1043/1029/490
f 1162/1145/491 2900/1148/491 1161/1148/491
f 1124/1032/492 2862/1033/492 1123/1033/492
f 1116/1044/493 2854/1048/493 1115/1048/493
f 632/642/494 2370/641/494 631/641/494
f 1100/1056/495 2838/1049/495 1099/1049/495
f 1178/1152/496 2916/1151/496 1177/1151/496
f 624/655/497 2362/656/497 623/656/497
f 980/1061/498 2718/1064/498 979/1064/498
f 664/627/3 2402/657/3 663/657/3
f 1186/1164/499 2924/1162/499 1185/1162/499
f 616/664/500 2354/665/500 615/665/500
f 964/1066/501 2702/1063/501 963/1063/501
f 712/671/502 2450/673/502 711/673/502
f 1154/1171/503 2892/1174/503 1153/1174/503
f 958/889/504 2696/888/504 957/888/504
f 861/879/23 2697/889/23 958/889/23
f 1194/1177/505 2932/1175/505 1193/1175/505
f 950/881/506 2688/892/506 949/892/506
f 672/680/507 2410/678/507 671/678/507
f 1210/1149/508 2948/1178/508 1209/1178/508
f 942/900/509 2680/901/509 941/901/509
f 760/686/510 2498/688/510 759/688/510
f 1202/1190/511 2940/1191/511 1201/1191/511
f 972/1087/512 2710/1088/512 971/1088/512
f 720/697/513 2458/695/513 719/695/513
f 1138/1204/514 2876/1203/514 1137/1203/514
f 1145/1210/515 2885/1205/515 2884/1995/515
f 704/704/516 2442/708/516 703/708/516
f 1108/1091/517 2846/1090/517 1107/1090/517
f 934/912/518 2672/913/518 933/913/518
f 1226/1221/519 2964/1218/519 1225/1218/519
f 886/914/520 2624/911/520 885/911/520
f 752/710/521 2490/712/521 751/712/521
f 1052/1093/522 2790/1078/522 1051/1078/522
f 1218/1220/523 2956/1222/523 1217/1222/523
f 1068/1101/524 2806/1104/524 1067/1104/524
f 910/925/23 2648/926/23 909/926/23
f 1330/1238/525 3068/1237/525 1329/1237/525
f 1322/1242/526 3060/1246/526 1321/1246/526
f 1076/1109/527 2814/1105/527 1075/1105/527
f 926/927/528 2664/931/528 925/931/528
f 728/723/529 2466/721/529 727/721/529
f 1092/1107/530 2830/1110/530 1091/1110/530
f 1314/1253/531 3052/1255/531 1313/1255/531
f 679/718/532 2419/724/532 2418/718/532
f 1060/1130/533 2798/1132/533 1059/1132/533
f 744/736/534 2482/738/534 743/738/534
f 1084/1133/535 2822/1134/535 1083/1134/535
f 736/747/536 2474/745/536 735/745/536
f 1234/1258/537 2972/1254/537 1233/1254/537
f 696/749/538 2434/754/538 695/754/538
f 918/937/539 2656/936/539 917/936/539
f 1306/1265/540 3044/1266/540 1305/1266/540
f 1164/1143/541 2902/1144/541 1163/1144/541
f 688/759/542 2426/757/542 687/757/542
f 1180/1155/543 2918/1153/543 1179/1153/543
f 1242/1278/544 2980/1276/544 1241/1276/544
f 800/764/545 2538/765/545 799/765/545
f 1188/1167/546 2926/1165/546 1187/1165/546
f 1298/1279/547 3036/1282/547 1297/1282/547
f 848/779/548 2586/780/548 847/780/548
f 1156/1166/549 2894/1168/549 1155/1168/549
f 792/777/550 2530/786/550 791/786/550
f 894/946/551 2632/945/551 893/945/551
f 1250/1296/552 2988/1293/552 1249/1293/552
f 901/956/553 2641/1986/553 2640/1987/553
f 998/964/554 2736/961/554 997/961/554
f 1266/1301/555 3004/1303/555 1265/1303/555
f 1006/977/556 2744/976/556 1005/976/556
f 1258/1313/557 2996/1311/557 1257/1311/557
f 1196/1184/558 2934/1179/558 1195/1179/558
f 990/975/559 2728/978/559 989/978/559
f 1204/1186/560 2942/1189/560 1203/1189/560
f 1274/1319/561 3012/1318/561 1273/1318/561
f 1172/1198/2 2910/1135/2 1171/1135/2
f 1014/987/562 2752/986/562 1013/986/562
f 1290/1317/563 3028/1320/563 1289/1320/563
f 1148/1197/564 2886/1200/564 1147/1200/564
f 1022/996/565 2760/994/565 1021/994/565
f 808/796/566 2546/788/566 807/788/566
f 1030/1006/567 2768/1005/567 1029/1005/567
f 856/799/568 2594/795/568 855/795/568
f 1140/1207/569 2878/1206/569 1139/1206/569
f 840/798/570 2578/800/570 839/800/570
f 1282/1332/571 3020/1330/571 1281/1330/571
f 1038/1017/572 2776/1016/572 1037/1016/572
f 1378/1340/573 3116/1342/573 1377/1342/573
f 1220/1217/574 2958/1219/574 1219/1219/574
f 1126/1028/575 2864/1030/575 1125/1030/575
f 784/818/576 2522/819/576 783/819/576
f 1228/1227/577 2966/1224/577 1227/1224/577
f 816/830/578 2554/822/578 815/822/578
f 1338/1345/579 3076/1343/579 1337/1343/579
f 1212/1229/580 2950/1231/580 1211/1231/580
f 1426/1355/581 3164/1359/581 1425/1359/581
f 1046/1037/582 2784/1034/582 1045/1034/582
f 768/835/583 2506/833/583 767/833/583
f 1386/1362/584 3124/1360/584 1385/1360/584
f 1118/1041/585 2856/1043/585 1117/1043/585
f 776/840/586 2514/842/586 775/842/586
f 1370/1375/587 3108/1381/587 1369/1381/587
f 982/1053/588 2720/1057/588 981/1057/588
f 832/850/589 2570/852/589 831/852/589
f 1102/1065/590 2840/1062/590 1101/1062/590
f 824/862/591 2562/861/591 823/861/591
f 1418/1379/592 3156/1383/592 1417/1383/592
f 966/1072/593 2704/1069/593 965/1069/593
f 872/865/594 2610/866/594 871/866/594
f 1346/1385/595 3084/1382/595 1345/1382/595
f 1332/1240/596 3070/1239/596 1331/1239/596
f 974/1082/597 2712/1084/597 973/1084/597
f 1394/1388/598 3132/1384/598 1393/1384/598
f 1211/1231/23 3071/1240/23 1332/1240/23
f 864/875/599 2602/877/599 863/877/599
f 1410/1405/600 3148/1409/600 1409/1409/600
f 1324/1232/601 3062/1243/601 1323/1243/601
f 1110/1080/602 2848/1089/602 1109/1089/602
f 952/883/603 2690/882/603 951/882/603
f 1402/1412/604 3140/1410/604 1401/1410/604
f 1316/1251/605 3054/1252/605 1315/1252/605
f 880/893/606 2618/890/606 879/890/606
f 1070/1094/607 2808/1097/607 1069/1097/607
f 1362/1421/608 3100/1423/608 1361/1423/608
f 1054/1100/609 2792/1096/609 1053/1096/609
f 1354/1424/610 3092/1422/610 1353/1422/610
f 1308/1262/611 3046/1263/611 1307/1263/611
f 1094/1099/612 2832/1103/612 1093/1103/612
f 944/897/613 2682/898/613 943/898/613
f 1236/1264/614 2974/1261/614 1235/1261/614
f 936/908/615 2674/910/615 935/910/615
f 1434/1438/2 3172/1436/2 1433/1436/2
f 1300/1275/616 3038/1277/616 1299/1277/616
f 1482/1446/617 3220/1443/617 1481/1443/617
f 1078/1116/618 2816/1113/618 1077/1113/618
f 1490/1459/619 3228/1457/619 1489/1457/619
f 1244/1281/620 2982/1280/620 1243/1280/620
f 1062/1122/621 2800/1127/621 1061/1127/621
f 1086/1126/622 2824/1129/622 1085/1129/622
f 888/919/623 2626/916/623 887/916/623
f 1474/1458/624 3212/1460/624 1473/1460/624
f 1268/1295/625 3006/1297/625 1267/1297/625
f 928/921/626 2666/923/626 927/923/626
f 1166/1141/627 2904/1142/627 1165/1142/627
f 912/928/628 2650/924/628 911/924/628
f 1252/1299/629 2990/1298/629 1251/1298/629
f 1174/1146/2 2912/1137/2 1173/1137/2
f 920/940/630 2658/939/630 919/939/630
f 1292/1306/631 3030/1315/631 1291/1315/631
f 1173/1137/23 2949/1149/23 1210/1149/23
f 1442/1466/632 3180/1465/632 1441/1465/632
f 1182/1158/633 2920/1156/633 1181/1156/633
f 1450/1474/634 3188/1473/634 1449/1473/634
f 1260/1314/635 2998/1316/635 1259/1316/635
f 1158/1160/636 2896/1163/636 1157/1163/636
f 904/952/637 2642/953/637 903/953/637
f 1458/1482/638 3196/1480/638 1457/1480/638
f 1276/1323/639 3014/1321/639 1275/1321/639
f 1190/1170/640 2928/1169/640 1189/1169/640
f 896/955/641 2634/950/641 895/950/641
f 1000/967/642 2738/966/642 999/966/642
f 1466/1494/51 3204/1493/51 1465/1493/51
f 1284/1334/643 3022/1333/643 1283/1333/643
f 1380/1337/644 3118/1338/644 1379/1338/644
f 992/970/645 2730/973/645 991/973/645
f 1506/1497/646 3244/1498/646 1505/1498/646
f 1205/1185/647 2945/1183/647 2944/1185/647
f 1008/981/648 2746/979/648 1007/979/648
f 1498/1508/649 3236/1510/649 1497/1510/649
f 1340/1349/650 3078/1347/650 1339/1347/650
f 1016/989/651 2754/988/651 1015/988/651
f 1024/999/652 2762/998/652 1023/998/652
f 1626/1523/653 3364/1522/653 1625/1522/653
f 1428/1351/654 3166/1353/654 1427/1353/654
f 1032/1009/655 2770/1008/655 1031/1008/655
f 1514/1525/656 3252/1515/656 1513/1515/656
f 1388/1368/478 3126/1364/478 1387/1364/478
f 1198/1192/657 2936/1188/657 1197/1188/657
f 984/1007/23 2722/1010/23 983/1010/23
f 1618/1527/658 3356/1526/658 1617/1526/658
f 1372/1365/659 3110/1371/659 1371/1371/659
f 1610/1536/660 3348/1537/660 1609/1537/660
f 1420/1373/661 3158/1377/661 1419/1377/661
f 1602/1546/662 3340/1548/662 1601/1548/662
f 1396/1394/663 3134/1390/663 1395/1390/663
f 1594/1556/664 3332/1558/664 1593/1558/664
f 1150/1195/665 2888/1196/665 1149/1196/665
f 1348/1396/666 3086/1391/666 1347/1391/666
f 1040/1022/667 2778/1018/667 1039/1018/667
f 1412/1399/668 3150/1403/668 1411/1403/668
f 1172/1198/23 2872/1182/23 2911/1994/23
f 1128/1025/669 2866/1027/669 1127/1027/669
f 1522/1561/670 3260/1557/670 1521/1557/670
f 1134/1199/671 2872/1182/671 1133/1182/671
f 1586/1569/672 3324/1570/672 1585/1570/672
f 1364/1408/673 3102/1416/673 1363/1416/673
f 1404/1418/674 3142/1414/674 1403/1414/674
f 1142/1209/675 2880/1208/675 1141/1208/675
f 1120/1038/676 2858/1040/676 1119/1040/676
f 1530/1580/677 3268/1578/677 1529/1578/677
f 1222/1215/678 2960/1216/678 1221/1216/678
f 1048/1042/679 2786/1039/679 1047/1039/679
f 1554/1583/680 3292/1584/680 1553/1584/680
f 1214/1226/681 2952/1228/681 1213/1228/681
f 1578/1585/682 3316/1591/682 1577/1591/682
f 1356/1428/683 3094/1426/683 1355/1426/683
f 1436/1434/2 3174/1437/2 1435/1437/2
f 1326/1234/684 3064/1233/684 1325/1233/684
f 960/1050/685 2698/1051/685 959/1051/685
f 1538/1601/686 3276/1600/686 1537/1600/686
f 1484/1449/687 3222/1448/687 1483/1448/687
f 1230/1241/688 2968/1230/688 1229/1230/688
f 959/1051/23 2834/1052/23 1095/1052/23
f 1112/1067/689 2850/1073/689 1111/1073/689
f 1546/1602/690 3284/1604/690 1545/1604/690
f 1476/1452/691 3214/1455/691 1475/1455/691
f 1104/1075/692 2842/1070/692 1103/1070/692
f 1318/1249/693 3056/1250/693 1317/1250/693
f 1310/1259/694 3048/1260/694 1309/1260/694
f 1570/1620/695 3308/1622/695 1569/1622/695
f 1492/1462/696 3230/1461/696 1491/1461/696
f 976/1074/697 2714/1077/697 975/1077/697
f 1562/1623/698 3300/1621/698 1561/1621/698
f 968/1079/699 2706/1076/699 967/1076/699
f 1658/1630/51 3396/1631/51 1657/1631/51
f 1444/1468/700 3182/1467/700 1443/1467/700
f 1238/1269/701 2976/1267/701 1237/1267/701
f 1634/1648/702 3372/1645/702 1633/1645/702
f 1302/1271/703 3040/1273/703 1301/1273/703
f 1452/1476/704 3190/1475/704 1451/1475/704
f 1649/1650/705 3389/1647/705 3388/1650/705
f 1246/1284/706 2984/1283/706 1245/1283/706
f 1460/1484/707 3198/1483/707 1459/1483/707
f 1468/1492/23 3206/1495/23 1467/1495/23
f 1270/1289/708 3008/1292/708 1269/1292/708
f 1642/1665/709 3380/1663/709 1641/1663/709
f 1508/1500/710 3246/1496/710 1507/1496/710
f 1294/1294/711 3032/1300/711 1293/1300/711
f 1072/1095/712 2810/1092/712 1071/1092/712
f 1682/1655/713 3420/1667/713 1681/1667/713
f 1500/1505/714 3238/1507/714 1499/1507/714
f 1254/1304/715 2992/1302/715 1253/1302/715
f 1620/1517/716 3358/1516/716 1619/1516/716
f 1056/1111/717 2794/1106/717 1055/1106/717
f 1666/1674/718 3404/1672/718 1665/1672/718
f 1262/1310/719 3000/1312/719 1261/1312/719
f 1063/1119/720 2803/1992/720 2802/1119/720
f 1674/1679/721 3412/1681/721 1673/1681/721
f 1516/1530/722 3254/1528/722 1515/1528/722
f 1706/1695/723 3444/1696/723 1705/1696/723
f 1278/1326/724 3016/1324/724 1277/1324/724
f 1714/1697/2 3452/1688/2 1713/1688/2
f 1612/1534/725 3350/1535/725 1611/1535/725
f 1286/1328/726 3024/1331/726 1285/1331/726
f 1088/1121/727 2826/1123/727 1087/1123/727
f 1604/1544/728 3342/1545/728 1603/1545/728
f 1334/1335/729 3072/1336/729 1333/1336/729
f 1080/1124/730 2818/1120/730 1079/1120/730
f 1713/1688/23 3478/1699/23 1739/1699/23
f 1596/1554/731 3334/1555/731 1595/1555/731
f 1333/1336/732 3119/1337/732 1380/1337/732
f 1722/1709/733 3460/1708/733 1721/1708/733
f 1381/1350/734 3167/1351/734 1428/1351/734
f 1168/1139/735 2906/1140/735 1167/1140/735
f 1730/1721/736 3468/1720/736 1729/1720/736
f 1382/1352/737 3120/1350/737 1381/1350/737
f 1176/1150/738 2914/1147/738 1175/1147/738
f 1698/1719/739 3436/1722/739 1697/1722/739
f 1524/1566/740 3262/1563/740 1523/1563/740
f 1374/1348/741 3112/1357/741 1373/1357/741
f 1160/1154/742 2898/1157/742 1159/1157/742
f 1588/1565/743 3326/1567/743 1587/1567/743
f 1580/1579/744 3318/1581/744 1579/1581/744
f 1738/1732/745 3476/1731/745 1737/1731/745
f 1184/1161/746 2922/1159/746 1183/1159/746
f 1690/1738/747 3428/1739/747 1689/1739/747
f 1532/1588/748 3270/1586/748 1531/1586/748
f 1192/1173/749 2930/1172/749 1191/1172/749
f 322/1/750 2062/2/750 323/2/750
f 1208/1180/751 2946/1181/751 1207/1181/751
f 1548/1596/752 3286/1599/752 1547/1599/752
f 330/15/753 2070/17/753 331/17/753
f 1152/1176/754 2890/1187/754 1151/1187/754
f 314/18/755 2054/16/755 315/16/755
f 1540/1605/756 3278/1603/756 1539/1603/756
f 1342/1366/757 3080/1358/757 1341/1358/757
f 1422/1367/758 3160/1369/758 1421/1369/758
f 1390/1374/759 3128/1370/759 1389/1370/759
f 1200/1193/760 2938/1194/760 1199/1194/760
f 1414/1393/761 3152/1395/761 1413/1395/761
f 338/31/762 2078/34/762 339/34/762
f 1556/1613/763 3294/1582/763 1555/1582/763
f 1398/1400/764 3136/1397/764 1397/1397/764
f 1136/1202/765 2874/1201/765 1135/1201/765
f 514/36/766 2254/33/766 515/33/766
f 1572/1614/767 3310/1617/767 1571/1617/767
f 306/37/768 2046/32/768 307/32/768
f 1144/1212/769 2882/1211/769 1143/1211/769
f 1365/1402/770 3105/1998/770 3104/1402/770
f 1224/1213/771 2962/1214/771 1223/1214/771
f 1564/1626/772 3302/1624/772 1563/1624/772
f 1660/1641/773 3398/1638/773 1659/1638/773
f 1216/1223/774 2954/1225/774 1215/1225/774
f 1328/1236/775 3066/1235/775 1327/1235/775
f 1652/1642/776 3390/1644/776 1651/1644/776
f 1350/1407/777 3088/1401/777 1349/1401/777
f 1232/1247/778 2970/1244/778 1231/1244/778
f 1636/1652/779 3374/1649/779 1635/1649/779
f 1406/1417/780 3144/1419/780 1405/1419/780
f 522/50/781 2262/54/781 523/54/781
f 1358/1429/782 3096/1430/782 1357/1430/782
f 1320/1245/783 3058/1248/783 1319/1248/783
f 506/55/784 2246/53/784 507/53/784
f 1644/1664/785 3382/1666/785 1643/1666/785
f 1312/1256/786 3050/1257/786 1311/1257/786
f 530/73/787 2270/77/787 531/77/787
f 1430/1432/3 3168/1433/3 1429/1433/3
f 1304/1268/788 3042/1270/788 1303/1270/788
f 1429/1433/23 3175/1434/23 1436/1434/23
f 498/82/789 2238/78/789 499/78/789
f 1676/1676/790 3414/1678/790 1675/1678/790
f 1438/1440/3 3176/1441/3 1437/1441/3
f 1240/1274/791 2978/1272/791 1239/1272/791
f 1437/1441/23 3232/1442/23 1493/1442/23
f 346/80/792 2086/86/792 347/86/792
f 1668/1680/793 3406/1677/793 1667/1677/793
f 1272/1287/51 3010/1288/51 1271/1288/51
f 298/89/794 2038/85/794 299/85/794
f 1478/1447/795 3216/1450/795 1477/1450/795
f 1708/1693/796 3446/1694/796 1707/1694/796
f 1296/1285/797 3034/1290/797 1295/1290/797
f 1716/1701/798 3454/1700/798 1715/1700/798
f 1486/1453/799 3224/1451/799 1485/1451/799
f 1248/1291/800 2986/1997/800 1247/1286/800
f 1724/1712/801 3462/1710/801 1723/1710/801
f 538/101/802 2278/105/802 539/105/802
f 490/108/803 2230/106/803 491/106/803
f 1700/1714/804 3438/1717/804 1699/1717/804
f 1264/1305/805 3002/1308/805 1263/1308/805
f 1256/1309/806 2994/1307/806 1255/1307/806
f 1732/1724/807 3470/1723/807 1731/1723/807
f 1446/1470/808 3184/1469/808 1445/1469/808
f 1288/1322/809 3026/1325/809 1287/1325/809
f 354/118/810 2094/122/810 355/122/810
f 1692/1736/811 3430/1737/811 1691/1737/811
f 1454/1477/812 3192/1463/812 1453/1463/812
f 324/3/813 2064/5/813 325/5/813
f 2/126/3 1742/1745/3 3/128/3
f 316/14/814 2056/12/814 317/12/814
f 1462/1487/175 3200/1486/175 1461/1486/175
f 1280/1329/815 3018/1327/815 1279/1327/815
f 1470/1485/816 3208/1488/816 1469/1488/816
f 10/135/817 1750/1753/817 11/136/817
f 290/143/818 2030/121/818 291/121/818
f 332/19/819 2072/21/819 333/21/819
f 1502/1502/820 3240/1504/820 1501/1504/820
f 1336/1341/821 3074/1339/821 1335/1339/821
f 308/30/822 2048/28/822 309/28/822
f 1510/1506/823 3248/1503/823 1509/1503/823
f 1376/1344/824 3114/1346/824 1375/1346/824
f 1622/1519/825 3360/1518/825 1621/1518/825
f 1384/1356/826 3122/1354/826 1383/1354/826
f 18/147/827 1758/1761/827 19/148/827
f 1614/1531/828 3352/1533/828 1613/1533/828
f 1424/1361/829 3162/1363/829 1423/1363/829
f 546/149/830 2286/157/830 547/157/830
f 516/35/249 2256/40/249 517/40/249
f 1025/1000/831 2763/999/831 1024/999/831
f 1344/1376/832 3082/1372/832 1343/1372/832
f 482/165/833 2222/158/833 483/158/833
f 1392/1380/834 3130/1378/834 1391/1378/834
f 26/163/835 1766/1769/835 27/166/835
f 985/1003/836 2723/1007/836 984/1007/836
f 1416/1386/837 3154/1389/837 1415/1389/837
f 218/184/838 1958/1781/838 219/181/838
f 1606/1541/839 3344/1542/839 1605/1542/839
f 1518/1543/840 3256/1538/840 1517/1538/840
f 1368/1387/841 3106/1392/841 1367/1392/841
f 210/202/842 1950/1793/842 211/200/842
f 508/49/843 2248/47/843 509/47/843
f 1033/1011/844 2771/1009/844 1032/1009/844
f 1598/1551/845 3336/1552/845 1597/1552/845
f 1096/1020/51 2871/1014/51 1132/1014/51
f 1590/1562/846 3328/1564/846 1589/1564/846
f 340/38/847 2080/52/847 341/52/847
f 1400/1406/848 3138/1999/848 1399/1404/848
f 34/201/120 1774/1797/120 35/204/120
f 524/56/849 2264/60/849 525/60/849
f 1408/1411/850 3146/1413/850 1407/1413/850
f 500/74/851 2240/72/851 501/72/851
f 1041/1024/852 2779/1022/852 1040/1022/852
f 300/79/853 2040/75/853 301/75/853
f 1128/1025/854 2868/1023/854 2867/1991/854
f 1525/1568/855 3265/1571/855 3264/1568/855
f 362/209/856 2102/218/856 363/218/856
f 1121/1036/857 2859/1038/857 1120/1038/857
f 1582/1575/858 3320/1577/858 1581/1577/858
f 202/225/859 1942/1806/859 203/221/859
f 282/226/860 2022/217/860 283/217/860
f 1352/1420/861 3090/1415/861 1351/1415/861
f 532/81/862 2272/83/862 533/83/862
f 1534/1593/863 3272/1590/863 1533/1590/863
f 1360/1425/864 3098/2001/864 1359/1427/864
f 1097/1045/865 2835/1020/865 1096/1020/865
f 554/222/866 2294/230/866 555/230/866
f 1049/1046/867 2787/1042/867 1048/1042/867
f 1550/1592/868 3288/1594/868 1549/1594/868
f 1432/1435/2 3170/1431/2 1431/1431/2
f 474/239/869 2214/231/869 475/231/869
f 348/90/870 2088/96/870 349/96/870
f 961/1055/871 2699/1050/871 960/1050/871
f 1542/1609/872 3280/1607/872 1541/1607/872
f 492/102/873 2232/98/873 493/98/873
f 1113/1060/874 2851/1067/874 1112/1067/874
f 1574/1611/875 3312/1612/875 1573/1612/875
f 1480/1444/876 3218/1445/876 1479/1445/876
f 42/237/877 1782/1816/877 43/241/877
f 540/107/878 2280/111/878 541/111/878
f 194/251/879 1934/1820/879 195/249/879
f 292/117/880 2032/113/880 293/113/880
f 977/1071/881 2715/1074/881 976/1074/881
f 1558/1616/882 3296/1615/882 1557/1615/882
f 1488/1456/883 3226/1454/883 1487/1454/883
f 186/272/884 1926/1834/884 187/271/884
f 1105/1081/885 2843/1075/885 1104/1075/885
f 1566/1629/886 3304/1627/886 1565/1627/886
f 4/129/887 1744/1747/887 5/130/887
f 969/1083/888 2707/1079/888 968/1079/888
f 1448/1472/889 3186/1471/889 1447/1471/889
f 50/270/890 1790/1836/890 51/273/890
f 1630/1635/3 3368/1636/3 1629/1636/3
f 178/287/891 1918/1845/891 179/286/891
f 12/137/892 1752/1755/892 13/138/892
f 1073/1098/893 2811/1095/893 1072/1095/893
f 1456/1479/894 3194/1478/894 1455/1478/894
f 1654/1639/895 3392/1640/895 1653/1640/895
f 1472/1464/896 3210/1481/896 1471/1481/896
f 484/150/897 2224/141/897 485/141/897
f 1662/1651/898 3400/1646/898 1661/1646/898
f 1440/1490/2 3178/1439/2 1439/1439/2
f 58/301/899 1798/1855/899 59/302/899
f 1065/1112/900 2803/1992/900 1064/1115/900
f 1464/1491/901 3202/1489/901 1463/1489/901
f 67/307/902 1805/1859/902 66/306/902
f 356/144/903 2096/153/903 357/153/903
f 1057/1118/904 2795/1111/904 1056/1111/904
f 1638/1657/905 3376/1654/905 1637/1654/905
f 370/297/906 2110/312/906 371/312/906
f 20/151/907 1760/1763/907 21/154/907
f 1089/1117/908 2827/1121/908 1088/1121/908
f 1504/1499/909 3242/1501/909 1503/1501/909
f 562/299/910 2302/315/910 563/315/910
f 1646/1658/911 3384/1662/911 1645/1662/911
f 1512/1512/912 3250/1509/912 1511/1509/912
f 548/164/913 2288/170/913 549/170/913
f 1678/1673/914 3416/1675/914 1677/1675/914
f 74/322/915 1814/1872/915 75/323/915
f 28/169/916 1768/1772/916 29/172/916
f 1080/1124/917 2820/1993/917 2819/1124/917
f 1496/1511/918 3234/1513/918 1495/1513/918
f 274/324/919 2014/311/919 275/311/919
f 220/180/920 1960/1779/920 221/179/920
f 1624/1521/921 3362/1520/921 1623/1520/921
f 212/195/922 1952/1790/922 213/193/922
f 1169/1138/923 2907/1139/923 1168/1139/923
f 1616/1529/924 3354/1532/924 1615/1532/924
f 284/208/925 2024/198/925 285/198/925
f 1177/1151/926 2915/1150/926 1176/1150/926
f 1670/1685/927 3408/1682/927 1669/1682/927
f 1608/1539/928 3346/1540/928 1607/1540/928
f 466/326/929 2206/316/929 467/316/929
f 1161/1148/930 2899/1154/930 1160/1154/930
f 170/343/931 1910/1883/931 171/342/931
f 1710/1691/932 3448/1692/932 1709/1692/932
f 36/211/933 1776/1802/933 37/213/933
f 1185/1162/934 2923/1161/934 1184/1161/934
f 1718/1704/935 3456/1702/935 1717/1702/935
f 1600/1549/936 3338/1550/936 1599/1550/936
f 204/219/937 1944/1803/937 205/216/937
f 1193/1175/938 2931/1173/938 1192/1173/938
f 476/223/939 2216/215/939 477/215/939
f 1702/1707/940 3440/1711/940 1701/1711/940
f 82/344/50 1822/1889/50 83/348/50
f 1153/1174/941 2891/1176/941 1152/1176/941
f 1520/1553/942 3258/1547/942 1519/1547/942
f 162/360/943 1902/1895/943 163/356/943
f 1592/1559/944 3330/1560/944 1591/1560/944
f 364/227/945 2104/236/945 365/236/945
f 1726/1715/946 3464/1713/946 1725/1713/946
f 1209/1178/947 2947/1180/947 1208/1180/947
f 1734/1727/948 3472/1726/948 1733/1726/948
f 90/372/949 1830/1907/949 91/374/949
f 196/244/950 1936/1817/950 197/242/950
f 1584/1572/951 3322/1574/951 1583/1574/951
f 154/384/952 1894/1910/952 155/379/952
f 1201/1191/953 2939/1193/953 1200/1193/953
f 1694/1734/954 3432/1735/954 1693/1735/954
f 556/238/955 2296/247/955 557/247/955
f 1686/1741/2 3424/1686/2 1685/1686/2
f 1528/1576/956 3266/1573/956 1527/1573/956
f 1137/1203/957 2875/1202/957 1136/1202/957
f 326/7/958 2066/9/958 327/9/958
f 98/397/959 1838/1922/959 99/399/959
f 44/243/960 1784/1821/960 45/250/960
f 1145/1210/961 2883/1212/961 1144/1212/961
f 318/10/962 2058/8/962 319/8/962
f 1552/1587/963 3290/1589/963 1551/1589/963
f 188/269/964 1928/1831/964 189/266/964
f 1225/1218/965 2963/1213/965 1224/1213/965
f 570/395/966 2310/402/966 571/402/966
f 1536/1597/967 3274/1595/967 1535/1595/967
f 1217/1222/968 2955/1223/968 1216/1223/968
f 334/23/969 2074/25/969 335/25/969
f 458/409/970 2198/403/970 459/403/970
f 310/26/971 2050/24/971 311/24/971
f 1544/1606/972 3282/1608/972 1543/1608/972
f 1329/1237/973 3067/1236/973 1328/1236/973
f 1576/1598/974 3314/1610/974 1575/1610/974
f 378/400/975 2118/1927/975 379/410/975
f 52/278/976 1792/1843/976 53/284/976
f 1321/1246/977 3059/1245/977 1320/1245/977
f 146/414/978 1886/1928/978 147/412/978
f 180/285/979 1920/1842/979 181/283/979
f 518/42/980 2258/44/980 519/44/980
f 1560/1619/981 3298/1618/981 1559/1618/981
f 266/420/982 2006/411/982 267/411/982
f 276/296/88 2016/280/88 277/280/88
f 510/45/983 2250/43/983 511/43/983
f 1567/1628/984 3307/2002/984 3306/1628/984
f 1655/1633/23 3395/2003/23 3394/1633/23
f 468/300/985 2208/292/985 469/292/985
f 342/58/986 2082/64/986 343/64/986
f 1632/1643/987 3370/1634/987 1631/1634/987
f 138/438/988 1878/1941/988 139/435/988
f 1233/1254/989 2971/1247/989 1232/1247/989
f 526/62/990 2266/66/990 527/66/990
f 1313/1255/991 3051/1256/991 1312/1256/991
f 502/68/992 2242/65/992 503/65/992
f 1647/1656/993 3387/1653/993 3386/2004/993
f 60/305/994 1800/1861/994 61/308/994
f 1305/1266/995 3043/1268/995 1304/1268/995
f 302/69/996 2042/63/996 303/63/996
f 106/434/997 1846/1944/997 107/442/997
f 68/2005/998 1808/1865/998 69/317/998
f 1640/1661/999 3378/1659/999 1639/1659/999
f 130/455/1000 1870/1951/1000 131/453/1000
f 578/460/1001 2318/466/1001 579/466/1001
f 1241/1276/1002 2979/1274/1002 1240/1274/1002
f 451/467/1003 2189/473/1003 2190/1960/1003
f 76/328/1004 1816/1874/1004 77/329/1004
f 1297/1282/1005 3035/1285/1005 1296/1285/1005
f 534/87/1006 2274/91/1006 535/91/1006
f 1664/1669/1007 3402/1660/1007 1663/1660/1007
f 494/94/1008 2234/92/1008 495/92/1008
f 1680/1670/1009 3418/1671/1009 1679/1671/1009
f 114/476/1010 1854/1964/1010 115/477/1010
f 564/325/72 2304/334/72 565/334/72
f 1249/1293/1011 2987/1291/1011 1248/1291/1011
f 1672/1683/1012 3410/1684/1012 1671/1684/1012
f 372/327/1013 2112/339/1013 373/339/1013
f 386/474/1014 2126/481/1014 387/481/1014
f 172/341/1015 1912/1881/1015 173/338/1015
f 1265/1303/1016 3003/1305/1016 1264/1305/1016
f 350/100/1017 2090/104/1017 351/104/1017
f 1712/1689/1018 3450/1690/1018 1711/1690/1018
f 258/490/1019 1998/482/1019 259/482/1019
f 294/109/1020 2034/103/1020 295/103/1020
f 164/352/1021 1904/1891/1021 165/350/1021
f 1257/1311/1022 2995/1309/1022 1256/1309/1022
f 1704/1698/1023 3442/1703/1023 1703/1703/1023
f 122/494/1024 1862/1972/1024 123/495/1024
f 84/351/1025 1824/1894/1025 85/355/1025
f 542/115/1026 2282/119/1026 543/119/1026
f 156/377/1027 1896/1906/1027 157/373/1027
f 1273/1318/1028 3011/1287/1028 1272/1287/1028
f 486/124/1029 2226/120/1029 487/120/1029
f 1720/1706/1030 3458/1705/1030 1719/1705/1030
f 586/506/50 2326/510/50 587/510/50
f 1289/1320/1031 3027/1322/1031 1288/1322/1031
f 442/514/1032 2182/509/1032 443/509/1032
f 6/131/1033 1746/1749/1033 7/132/1033
f 1728/1718/1034 3466/1716/1034 1727/1716/1034
f 92/378/1035 1832/1911/1035 93/380/1035
f 1281/1330/1036 3019/1329/1036 1280/1329/1036
f 1736/1729/1037 3474/1728/1037 1735/1728/1037
f 460/394/1038 2200/385/1038 461/385/1038
f 14/139/1039 1754/1757/1039 15/142/1039
f 394/521/1040 2134/525/1040 395/525/1040
f 268/401/1041 2008/392/1041 269/392/1041
f 1696/1725/1042 3434/1730/1042 1695/1730/1042
f 250/531/1043 1990/526/1043 251/526/1043
f 1337/1343/386 3075/1341/386 1336/1341/386
f 22/155/1044 1762/1765/1044 23/156/1044
f 1377/1342/389 3115/1344/389 1376/1344/389
f 1385/1360/392 3123/1356/392 1384/1356/392
f 594/533/1045 2334/537/1045 595/537/1045
f 100/405/1046 1840/1925/1046 101/406/1046
f 1425/1359/396 3163/1361/396 1424/1361/396
f 358/161/1047 2098/168/1047 359/168/1047
f 434/540/1048 2174/538/1048 435/538/1048
f 148/407/1049 1888/1923/1049 149/404/1049
f 602/559/1050 2342/561/1050 603/561/1050
f 572/408/1051 2312/415/1051 573/415/1051
f 222/178/1052 1962/1777/1052 223/177/1052
f 426/566/1053 2166/562/1053 427/562/1053
f 1345/1382/403 3083/1376/403 1344/1376/403
f 1393/1384/405 3131/1380/405 1392/1380/405
f 380/419/1054 2120/427/1054 381/427/1054
f 1417/1383/408 3155/1386/408 1416/1386/408
f 402/563/1055 2142/569/1055 403/569/1055
f 140/433/1056 1880/1938/1056 141/430/1056
f 242/583/1057 1982/570/1057 243/570/1057
f 1369/1381/1058 3107/1387/1058 1368/1387/1058
f 286/182/1059 2026/167/1059 287/167/1059
f 1688/1740/2 3426/1733/2 1687/1733/2
f 320/6/1060 2060/4/1060 321/4/1060
f 132/452/1061 1872/1949/1061 133/451/1061
f 1401/1410/417 3139/1406/417 1400/1406/417
f 30/175/1062 1770/1783/1062 31/185/1062
f 410/595/1063 2150/597/1063 411/597/1063
f 1409/1409/419 3147/1411/419 1408/1411/419
f 328/11/1064 2068/13/1064 329/13/1064
f 234/599/1065 1974/596/1065 235/596/1065
f 214/192/1066 1954/1787/1066 215/190/1066
f 312/22/1067 2052/20/1067 313/20/1067
f 108/447/1068 1848/1952/1068 109/454/1068
f 452/461/1069 2192/450/1069 453/450/1069
f 1353/1422/425 3091/1420/425 1352/1420/425
f 550/186/1070 2290/196/1070 551/196/1070
f 260/475/1071 2000/469/1071 261/469/1071
f 1361/1423/428 3099/1425/428 1360/1425/428
f 478/206/1072 2218/197/1072 479/197/1072
f 336/27/1073 2076/29/1073 337/29/1073
f 651/614/1074 2389/615/1074 650/615/1074
f 206/212/1075 1946/1799/1075 207/210/1075
f 512/41/1076 2252/39/1076 513/39/1076
f 1433/1436/51 3171/1435/51 1432/1435/51
f 520/46/1077 2260/48/1077 521/48/1077
f 643/630/1078 2381/632/1078 642/632/1078
f 580/472/1079 2320/478/1079 581/478/1079
f 304/57/1080 2044/51/1080 305/51/1080
f 116/480/1081 1856/1966/1081 117/483/1081
f 1481/1443/1082 3219/1444/1082 1480/1444/1082
f 38/220/1083 1778/1807/1083 39/224/1083
f 659/636/1084 2397/633/1084 658/633/1084
f 1489/1457/1085 3227/1456/1085 1488/1456/1085
f 198/240/1086 1938/1813/1086 199/234/1086
f 1473/1460/1087 3211/1464/1087 1472/1464/1087
f 504/61/1088 2244/59/1088 505/59/1088
f 635/645/1089 2373/644/1089 634/644/1089
f 389/499/1090 2127/489/1090 2128/1974/1090
f 1449/1473/1091 3187/1472/1091 1448/1472/1091
f 627/650/1092 2365/654/1092 626/654/1092
f 444/505/1093 2184/502/1093 445/502/1093
f 528/67/1094 2268/71/1094 529/71/1094
f 588/513/1095 2328/516/1095 589/516/1095
f 1457/1480/1096 3195/1479/1096 1456/1479/1096
f 619/662/1097 2357/661/1097 618/661/1097
f 252/522/1098 1992/518/1098 253/518/1098
f 1441/1465/23 3179/1490/23 1440/1490/23
f 366/246/1099 2106/257/1099 367/257/1099
f 667/668/729 2405/669/729 666/669/729
f 46/252/1100 1786/1825/1100 47/258/1100
f 344/70/1101 2084/76/1101 345/76/1101
f 666/669/732 2452/670/732 713/670/732
f 190/262/1102 1930/1827/1102 191/260/1102
f 496/88/1103 2236/84/1103 497/84/1103
f 714/683/734 2500/684/734 761/684/734
f 1465/1493/1104 3203/1491/1104 1464/1491/1104
f 558/253/1105 2298/263/1105 559/263/1105
f 536/93/1106 2276/97/1106 537/97/1106
f 715/685/737 2453/683/737 714/683/737
f 436/534/1107 2176/530/1107 437/530/1107
f 278/267/1108 2018/256/1108 279/256/1108
f 296/99/1109 2036/95/1109 297/95/1109
f 1505/1498/1110 3243/1499/1110 1504/1499/1110
f 707/681/741 2445/690/741 706/690/741
f 396/532/1111 2136/535/1111 397/535/1111
f 596/539/1112 2336/543/1112 597/543/1112
f 470/275/1113 2210/264/1113 471/264/1113
f 428/560/1114 2168/1976/1114 429/556/1114
f 1497/1510/1115 3235/1511/1115 1496/1511/1115
f 182/282/1116 1922/1840/1116 183/279/1116
f 244/564/1117 1984/557/1117 245/557/1117
f 352/110/1118 2092/114/1118 353/114/1118
f 1513/1515/1119 3251/1512/1119 1512/1512/1119
f 488/116/1120 2228/112/1120 489/112/1120
f 1625/1522/1121 3363/1521/1121 1624/1521/1121
f 54/290/1122 1794/1851/1122 55/294/1122
f 1617/1526/1123 3355/1529/1123 1616/1529/1123
f 8/133/1124 1748/1751/1124 9/134/1124
f 604/565/1125 2344/567/1125 605/567/1125
f 1609/1537/1126 3347/1539/1126 1608/1539/1126
f 544/123/1127 2284/140/1127 545/140/1127
f 675/699/757 2413/691/757 674/691/757
f 421/578/1128 2159/580/1128 2160/578/1128
f 1601/1548/1129 3339/1549/1129 1600/1549/1129
f 63/303/1130 1801/1864/1130 62/2006/1130
f 755/700/758 2493/702/758 754/702/758
f 16/145/1131 1756/1759/1131 17/146/1131
f 723/707/759 2461/703/759 722/703/759
f 404/582/1132 2144/584/1132 405/584/1132
f 70/318/1133 1810/1868/1133 71/319/1133
f 747/726/761 2485/728/761 746/728/761
f 236/594/1134 1976/592/1134 237/592/1134
f 288/160/1135 2028/152/1135 289/152/1135
f 731/733/764 2469/730/764 730/730/764
f 78/330/1136 1818/1876/1136 79/331/1136
f 1521/1557/1137 3259/1553/1137 1520/1553/1137
f 174/335/2 1914/1848/2 175/289/2
f 24/159/1138 1764/1767/1138 25/162/1138
f 412/598/1139 2152/600/1139 413/600/1139
f 1593/1558/1140 3331/1559/1140 1592/1559/1140
f 166/349/1141 1906/1888/1141 167/347/1141
f 699/731/770 2437/735/770 698/735/770
f 229/609/1142 1967/611/1142 1968/609/1142
f 1585/1570/1143 3323/1572/1143 1584/1572/1143
f 224/174/1144 1964/1773/1144 225/173/1144
f 226/127/23 1915/1776/23 176/176/23
f 653/617/1145 2391/613/1145 652/613/1145
f 1529/1578/1146 3267/1576/1146 1528/1576/1146
f 481/171/1147 2219/1784/1147 2220/1771/1147
f 86/359/1148 1826/1899/1148 87/362/1148
f 683/740/777 2421/734/777 682/734/777
f 1553/1584/1149 3291/1587/1149 1552/1587/1149
f 216/189/1150 1956/1785/1150 217/188/1150
f 738/752/780 2478/750/780 2477/1981/780
f 645/623/1151 2383/629/1151 644/629/1151
f 566/354/1152 2306/366/1152 567/366/1152
f 690/763/782 2430/762/782 2429/763/782
f 158/369/1153 1898/1902/1153 159/367/1153
f 803/772/1154 2541/770/1154 802/770/1154
f 637/647/1155 2375/646/1155 636/646/1155
f 1577/1591/1156 3315/1598/1156 1576/1598/1156
f 374/357/1157 2114/370/1157 375/370/1157
f 661/649/1158 2399/638/1158 660/638/1158
f 1537/1600/1159 3275/1597/1159 1536/1597/1159
f 462/375/1160 2202/365/1160 463/365/1160
f 32/191/1161 1772/1791/1161 33/194/1161
f 795/771/438 2533/773/438 794/773/438
f 270/382/1162 2010/371/1162 271/371/1162
f 629/639/1163 2367/651/1163 628/651/1163
f 1545/1604/1164 3283/1606/1164 1544/1606/1164
f 360/183/1165 2100/199/1165 361/199/1165
f 851/785/1166 2589/783/1166 850/783/1166
f 208/207/1167 1948/1796/1167 209/203/1167
f 843/790/1168 2581/792/1168 842/792/1168
f 552/205/1169 2292/214/1169 553/214/1169
f 859/807/1170 2597/805/1170 858/805/1170
f 1561/1621/1171 3299/1619/1171 1560/1619/1171
f 621/659/1172 2359/663/1172 620/663/1172
f 1569/1622/1173 3307/2002/1173 1568/1625/1173
f 94/383/1174 1834/1914/1174 95/387/1174
f 150/398/1175 1890/1919/1175 151/396/1175
f 200/232/1176 1940/1810/1176 201/229/1176
f 1657/1631/3 3395/2003/3 1656/1632/3
f 811/812/1177 2549/808/1177 810/808/1177
f 1633/1645/1178 3371/1643/1178 1632/1643/1178
f 40/228/1179 1780/1812/1179 41/233/1179
f 613/667/2 2351/624/2 612/624/2
f 280/245/1180 2020/235/1180 281/235/1180
f 1649/1650/1181 3387/1653/1181 1648/1653/1181
f 102/413/1182 1842/1932/1182 103/418/1182
f 787/813/2 2525/815/2 786/815/2
f 142/426/1183 1882/1935/1183 143/423/1183
f 763/824/1184 2501/825/1184 762/825/1184
f 669/674/821 2407/672/821 668/672/821
f 1641/1663/1185 3379/1661/1185 1640/1661/1185
f 574/424/1186 2314/431/1186 575/431/1186
f 762/825/23 2574/826/23 835/826/23
f 709/677/824 2447/679/824 708/679/824
f 472/254/1187 2212/248/1187 473/248/1187
f 717/689/826 2455/687/826 716/687/826
f 454/440/1188 2194/432/1188 455/432/1188
f 192/259/1189 1932/1824/1189 193/255/1189
f 779/831/1190 2517/834/1190 778/834/1190
f 757/694/829 2495/696/829 756/696/829
f 1681/1667/1191 3419/1670/1191 1680/1670/1191
f 382/437/1192 2122/446/1192 383/446/1192
f 771/841/1193 2509/839/1193 770/839/1193
f 1665/1672/1194 3403/1669/1194 1664/1669/1194
f 134/448/1195 1874/1946/1195 135/444/1195
f 48/261/1196 1788/1830/1196 49/265/1196
f 677/709/1197 2415/705/1197 676/705/1197
f 1673/1681/1198 3411/1683/1198 1672/1683/1198
f 126/459/1199 1866/1956/1199 127/458/1199
f 725/713/834 2463/711/834 724/711/834
f 262/462/1200 2002/445/1200 263/445/1200
f 835/826/1201 2573/847/1201 834/847/1201
f 749/719/837 2487/722/837 748/722/837
f 184/277/1202 1924/1837/1202 185/276/1202
f 819/848/1203 2557/846/1203 818/846/1203
f 1705/1696/1204 3443/1698/1204 1704/1698/1204
f 110/464/1205 1850/1959/1205 111/465/1205
f 368/268/1206 2108/281/1206 369/281/1206
f 827/858/1207 2565/859/1207 826/859/1207
f 701/720/1208 2439/725/1208 700/725/1208
f 176/176/3 1916/1847/3 177/288/3
f 875/868/1209 2613/863/1209 874/863/1209
f 118/486/1210 1858/1968/1210 119/487/1210
f 560/274/1211 2300/291/1211 561/291/1211
f 582/484/1212 2322/492/1212 583/492/1212
f 867/871/1213 2605/873/1213 866/873/1213
f 733/739/1214 2471/737/1214 732/737/1214
f 1721/1708/1215 3459/1706/1215 1720/1706/1215
f 446/498/1216 2186/493/1216 447/493/1216
f 955/886/1217 2693/885/1217 954/885/1217
f 741/744/850 2479/746/850 740/746/850
f 1729/1720/1218 3467/1718/1218 1728/1718/1218
f 56/295/1219 1796/1853/1219 57/298/1219
f 947/895/1220 2685/894/1220 946/894/1220
f 65/304/1221 1803/1850/1221 64/293/1221
f 1697/1722/1222 3435/1725/1222 1696/1725/1222
f 390/503/1223 2130/507/1223 391/507/1223
f 254/512/1224 1994/508/1224 255/508/1224
f 72/320/1225 1812/1870/1225 73/321/1225
f 939/904/1226 2677/905/1226 938/905/1226
f 685/753/861 2423/748/861 684/748/861
f 883/906/1227 2621/903/1227 882/903/1227
f 693/758/864 2431/760/864 692/760/864
f 80/332/1228 1820/1879/1228 81/336/1228
f 931/917/1229 2669/918/1229 930/918/1229
f 1737/1731/1230 3475/1729/1230 1736/1729/1230
f 590/520/1231 2330/524/1231 591/524/1231
f 168/346/1232 1908/1886/1232 169/345/1232
f 797/767/1233 2535/769/1233 796/769/1233
f 1689/1739/1234 3427/1740/1234 1688/1740/1234
f 438/527/1235 2178/523/1235 439/523/1235
f 464/353/1236 2204/333/1236 465/333/1236
f 272/358/1237 2012/340/1237 273/340/1237
f 915/933/1238 2653/932/1238 914/932/1238
f 805/776/1239 2543/774/1239 804/774/1239
f 845/784/1240 2583/787/1240 844/787/1240
f 399/546/1241 2137/1975/1241 2138/546/1241
f 160/363/1242 1900/1898/1242 161/361/1242
f 853/791/1243 2591/789/1243 852/789/1243
f 598/547/1244 2338/549/1244 599/549/1244
f 837/806/1245 2575/809/1245 836/809/1245
f 246/551/1246 1986/545/1246 247/545/1246
f 923/938/1247 2661/941/1247 922/941/1247
f 891/943/1248 2629/929/1248 890/929/1248
f 789/803/1249 2527/810/1249 788/810/1249
f 88/364/1250 1828/1903/1250 89/368/1250
f 907/948/1251 2645/949/1251 906/949/1251
f 430/554/1252 2170/550/1252 431/550/1252
f 899/958/1253 2637/960/1253 898/960/1253
f 836/809/3 2599/811/3 860/811/3
f 606/571/1254 2346/573/1254 607/573/1254
f 568/376/1255 2308/386/1255 569/386/1255
f 995/963/735 2733/965/735 994/965/735
f 422/576/1256 2162/574/1256 423/574/1256
f 813/817/1257 2551/814/1257 812/814/1257
f 406/586/1258 2146/588/1258 407/588/1258
f 152/390/1259 1892/1915/1259 153/388/1259
f 238/590/1260 1978/589/1260 239/589/1260
f 1003/972/1261 2741/971/1261 1002/971/1261
f 781/823/1262 2519/827/1262 780/827/1262
f 376/381/1263 2116/391/1263 377/391/1263
f 1011/984/1264 2749/983/1264 1010/983/1264
f 96/389/1265 1836/1918/1265 97/393/1265
f 1019/992/1266 2757/991/1266 1018/991/1266
f 765/829/1267 2503/828/1267 764/828/1267
f 414/602/1268 2154/604/1268 415/604/1268
f 144/421/1269 1884/1931/1269 145/417/1269
f 230/607/1270 1970/605/1270 231/605/1270
f 987/995/1271 2725/997/1271 986/997/1271
f 773/844/1272 2511/843/1272 772/843/1272
f 456/425/1273 2196/416/1273 457/416/1273
f 647/620/1274 2385/621/1274 646/621/1274
f 104/422/1275 1844/1937/1275 105/429/1275
f 655/622/1276 2393/619/1276 654/619/1276
f 264/436/1277 2004/428/1277 265/428/1277
f 1027/1002/1278 2765/1001/1278 1026/1001/1278
f 821/854/1279 2559/851/1279 820/851/1279
f 829/855/1280 2567/856/1280 828/856/1280
f 1035/1013/1281 2773/1012/1281 1034/1012/1281
f 631/641/1282 2369/640/1282 630/640/1282
f 136/443/1283 1876/1943/1283 137/441/1283
f 869/869/1284 2607/870/1284 868/870/1284
f 639/637/1285 2377/648/1285 638/648/1285
f 576/439/1286 2316/449/1286 577/449/1286
f 1131/1019/1287 2869/1021/1287 1130/1021/1287
f 877/876/1288 2615/872/1288 876/872/1288
f 663/657/1289 2401/652/1289 662/652/1289
f 128/457/1290 1868/1954/1290 129/456/1290
f 957/888/1291 2695/887/1291 956/887/1291
f 949/892/1292 2687/891/1292 948/891/1292
f 623/656/1293 2361/658/1293 622/658/1293
f 941/901/1294 2679/902/1294 940/902/1294
f 614/666/1295 2354/665/1295 2353/1979/1295
f 384/463/1296 2124/468/1296 385/468/1296
f 1043/1029/1297 2781/1026/1297 1042/1026/1297
f 711/673/573 2449/675/573 710/675/573
f 112/470/1298 1852/1962/1298 113/471/1298
f 1123/1033/1299 2861/1035/1299 1122/1035/1299
f 448/485/1300 2188/479/1300 449/479/1300
f 1099/1049/1301 2837/1047/1301 1098/1047/1301
f 885/911/1302 2623/909/1302 884/909/1302
f 120/488/1303 1860/1970/1303 121/491/1303
f 1115/1048/1304 2853/1054/1304 1114/1054/1304
f 933/913/1305 2671/915/1305 932/915/1305
f 671/678/579 2409/676/579 670/676/579
f 584/497/1306 2324/501/1306 585/501/1306
f 925/931/1307 2663/935/1307 924/935/1307
f 759/688/581 2497/692/581 758/692/581
f 256/504/1308 1996/500/1308 257/500/1308
f 917/936/1309 2655/934/1309 916/934/1309
f 719/695/584 2457/693/584 718/693/584
f 963/1063/1310 2701/1058/1310 962/1058/1310
f 892/944/1311 2632/945/1311 2631/944/1311
f 703/708/587 2441/714/587 702/714/587
f 909/926/1312 2647/947/1312 908/947/1312
f 901/956/1313 2639/1988/1313 900/957/1313
f 979/1064/1314 2717/1068/1314 978/1068/1314
f 997/961/1315 2735/962/1315 996/962/1315
f 751/712/592 2489/716/592 750/716/592
f 392/511/1316 2132/517/1316 393/517/1316
f 1005/976/1317 2743/974/1317 1004/974/1317
f 440/519/1318 2180/515/1318 441/515/1318
f 679/718/595 2417/715/595 678/715/595
f 592/528/1319 2332/529/1319 593/529/1319
f 1051/1078/1320 2789/1059/1320 1050/1059/1320
f 989/978/1321 2727/980/1321 988/980/1321
f 727/721/598 2465/717/598 726/717/598
f 248/541/1322 1988/536/1322 249/536/1322
f 743/738/600 2481/742/600 742/742/600
f 971/1088/1323 2709/1085/1323 970/1085/1323
f 1013/986/1324 2751/985/1324 1012/985/1324
f 735/745/604 2473/743/604 734/743/604
f 1107/1090/1325 2845/1086/1325 1106/1086/1325
f 432/548/1326 2172/544/1326 433/544/1326
f 1021/994/1327 2759/993/1327 1020/993/1327
f 694/756/608 2434/754/608 2433/756/608
f 1075/1105/1328 2813/1102/1328 1074/1102/1328
f 687/757/610 2425/755/610 686/755/610
f 600/553/1329 2340/555/1329 601/555/1329
f 1067/1104/1330 2805/1108/1330 1066/1108/1330
f 1029/1005/1331 2767/1004/1331 1028/1004/1331
f 1091/1110/1332 2829/1114/1332 1090/1114/1332
f 799/765/1333 2537/766/1333 798/766/1333
f 400/552/1334 2140/558/1334 401/558/1334
f 1037/1016/1335 2775/1015/1335 1036/1015/1335
f 424/572/1336 2164/568/1336 425/568/1336
f 608/575/1337 2348/577/1337 609/577/1337
f 241/585/1338 1979/587/1338 1980/585/1338
f 1125/1030/1339 2863/1032/1339 1124/1032/1339
f 847/780/1340 2585/782/1340 846/782/1340
f 1059/1132/1341 2797/1125/1341 1058/1125/1341
f 1045/1034/1342 2783/1031/1342 1044/1031/1342
f 408/591/1343 2148/593/1343 409/593/1343
f 1083/1134/1344 2821/1131/1344 1082/1131/1344
f 1117/1043/1062 2855/1044/1062 1116/1044/1062
f 807/788/1345 2545/778/1345 806/778/1345
f 232/603/1346 1972/601/1346 233/601/1346
f 1171/1135/51 2909/1136/51 1170/1136/51
f 855/795/1347 2593/793/1347 854/793/1347
f 981/1057/1348 2719/1061/1348 980/1061/1348
f 1101/1062/1349 2839/1056/1349 1100/1056/1349
f 791/786/1350 2529/797/1350 790/797/1350
f 416/606/1351 2156/608/1351 417/608/1351
f 1163/1144/1352 2901/1145/1352 1162/1145/1352
f 649/616/1353 2387/618/1353 648/618/1353
f 965/1069/1354 2703/1066/1354 964/1066/1354
f 839/800/1355 2577/804/1355 838/804/1355
f 1179/1153/1356 2917/1152/1356 1178/1152/1356
f 665/626/23 2403/627/23 664/627/23
f 1187/1165/1357 2925/1164/1357 1186/1164/1357
f 973/1084/1358 2711/1087/1358 972/1087/1358
f 783/819/1359 2521/821/1359 782/821/1359
f 657/631/1360 2395/628/1360 656/628/1360
f 1108/1091/1361 2848/1089/1361 2847/1091/1361
f 815/822/1362 2553/820/1362 814/820/1362
f 1155/1168/1363 2893/1171/1363 1154/1171/1363
f 641/634/1364 2379/635/1364 640/635/1364
f 1053/1096/1365 2791/1093/1365 1052/1093/1365
f 767/833/1366 2505/832/1366 766/832/1366
f 1195/1179/1367 2933/1177/1367 1194/1177/1367
f 1069/1097/1368 2807/1101/1368 1068/1101/1368
f 633/643/1369 2371/642/1369 632/642/1369
f 1203/1189/1370 2941/1190/1370 1202/1190/1370
f 1093/1103/1371 2831/1107/1371 1092/1107/1371
f 775/842/1372 2513/845/1372 774/845/1372
f 625/653/1373 2363/655/1373 624/655/1373
f 831/852/1374 2569/853/1374 830/853/1374
f 617/660/1375 2355/664/1375 616/664/1375
f 1146/1205/1376 2886/1200/1376 2885/1205/1376
f 1077/1113/1377 2815/1109/1377 1076/1109/1377
f 713/670/644 2451/671/644 712/671/644
f 1139/1206/1378 2877/1204/1378 1138/1204/1378
f 1061/1127/1379 2799/1130/1379 1060/1130/1379
f 1085/1129/1380 2823/1133/1380 1084/1133/1380
f 1219/1219/1381 2957/1220/1381 1218/1220/1381
f 673/682/650 2411/680/650 672/680/650
f 1165/1142/1382 2903/1143/1382 1164/1143/1382
f 823/861/1383 2561/857/1383 822/857/1383
f 1227/1224/1384 2965/1221/1384 1226/1221/1384
f 1181/1156/1385 2919/1155/1385 1180/1155/1385
f 761/684/654 2499/686/654 760/686/654
f 1331/1239/1386 3069/1238/1386 1330/1238/1386
f 871/866/1387 2609/867/1387 870/867/1387
f 721/701/478 2459/697/478 720/697/478
f 1323/1243/1388 3061/1242/1388 1322/1242/1388
f 1157/1163/1389 2895/1166/1389 1156/1166/1389
f 1315/1252/1390 3053/1253/1390 1314/1253/1390
f 705/698/659 2443/704/659 704/704/659
f 1189/1169/1391 2927/1167/1391 1188/1167/1391
f 863/877/1392 2601/878/1392 862/878/1392
f 1205/1185/1393 2943/1186/1393 1204/1186/1393
f 753/706/661 2491/710/661 752/710/661
f 1197/1188/1394 2935/1184/1394 1196/1184/1394
f 951/882/1395 2689/881/1395 950/881/1395
f 1235/1261/1396 2973/1258/1396 1234/1258/1396
f 1149/1196/1397 2887/1197/1397 1148/1197/1397
f 879/890/1398 2617/880/1398 878/880/1398
f 1307/1263/1399 3045/1265/1399 1306/1265/1399
f 729/727/663 2467/723/663 728/723/663
f 1141/1208/1400 2879/1207/1400 1140/1207/1400
f 943/898/1401 2681/900/1401 942/900/1401
f 681/729/666 2419/724/666 680/724/666
f 1299/1277/1402 3037/1279/1402 1298/1279/1402
f 1221/1216/1403 2959/1217/1403 1220/1217/1403
f 935/910/1404 2673/912/1404 934/912/1404
f 745/732/668 2483/736/668 744/736/668
f 1243/1280/1405 2981/1278/1405 1242/1278/1405
f 697/741/673 2435/749/673 696/749/673
f 1251/1298/1406 2989/1296/1406 1250/1296/1406
f 1213/1228/1407 2951/1229/1407 1212/1229/1407
f 886/914/1408 2626/916/1408 2625/914/1408
f 736/747/674 2476/1980/674 2475/747/674
f 1229/1230/1409 2967/1227/1409 1228/1227/1409
f 911/924/1410 2649/925/1410 910/925/1410
f 1267/1297/1411 3005/1301/1411 1266/1301/1411
f 927/923/1412 2665/927/1412 926/927/1412
f 1325/1233/1413 3063/1232/1413 1324/1232/1413
f 919/939/1414 2657/937/1414 918/937/1414
f 1317/1250/1415 3055/1251/1415 1316/1251/1415
f 1259/1316/1416 2997/1313/1416 1258/1313/1416
f 1309/1260/1417 3047/1262/1417 1308/1262/1417
f 689/761/683 2427/759/683 688/759/683
f 1291/1315/1418 3029/1317/1418 1290/1317/1418
f 801/768/1419 2539/764/1419 800/764/1419
f 895/950/1420 2633/946/1420 894/946/1420
f 793/775/1421 2531/777/1421 792/777/1421
f 1275/1321/1422 3013/1319/1422 1274/1319/1422
f 1237/1267/1423 2975/1264/1423 1236/1264/1423
f 903/953/1424 2641/1986/1424 902/954/1424
f 1301/1273/1425 3039/1275/1425 1300/1275/1425
f 999/966/1426 2737/964/1426 998/964/1426
f 849/781/1427 2587/779/1427 848/779/1427
f 1283/1333/1428 3021/1332/1428 1282/1332/1428
f 1379/1338/502 3117/1340/502 1378/1340/502
f 991/973/1429 2729/975/1429 990/975/1429
f 1245/1283/1430 2983/1281/1430 1244/1281/1430
f 1339/1347/507 3077/1345/507 1338/1345/507
f 1269/1292/1431 3007/1295/1431 1268/1295/1431
f 1007/979/1432 2745/977/1432 1006/977/1432
f 1427/1353/510 3165/1355/510 1426/1355/510
f 1015/988/1433 2753/987/1433 1014/987/1433
f 841/794/1434 2579/798/1434 840/798/1434
f 1387/1364/513 3125/1362/513 1386/1362/513
f 1023/998/1435 2761/996/1435 1022/996/1435
f 1253/1302/1436 2991/1299/1436 1252/1299/1436
f 1031/1008/1437 2769/1006/1437 1030/1006/1437
f 857/801/1438 2595/799/1438 856/799/1438
f 1371/1371/516 3109/1375/516 1370/1375/516
f 1293/1300/1439 3031/1306/1439 1292/1306/1439
f 809/802/1440 2547/796/1440 808/796/1440
f 1038/1017/1441 2778/1018/1441 2777/1017/1441
f 1419/1377/521 3157/1379/521 1418/1379/521
f 1261/1312/1442 2999/1314/1442 1260/1314/1442
f 1127/1027/1443 2865/1028/1443 1126/1028/1443
f 784/818/1444 2524/1982/1444 2523/1983/1444
f 1277/1324/1445 3015/1323/1445 1276/1323/1445
f 769/837/1446 2507/835/1446 768/835/1446
f 1285/1331/1447 3023/1334/1447 1284/1334/1447
f 1047/1039/1448 2785/1037/1448 1046/1037/1448
f 817/838/1449 2555/830/1449 816/830/1449
f 1119/1040/1450 2857/1041/1450 1118/1041/1450
f 1395/1390/529 3133/1388/529 1394/1388/529
f 776/840/1451 2516/1984/1451 2515/1985/1451
f 1347/1391/1452 3085/1385/1452 1346/1385/1452
f 983/1010/1453 2721/1053/1453 982/1053/1453
f 833/849/1454 2571/850/1454 832/850/1454
f 1411/1403/534 3149/1405/534 1410/1405/534
f 825/860/1455 2563/862/1455 824/862/1455
f 1402/1412/536 3142/1414/536 3141/2000/536
f 1341/1358/279 3079/1349/279 1340/1349/279
f 1103/1070/1456 2841/1065/1456 1102/1065/1456
f 1363/1416/538 3101/1421/538 1362/1421/538
f 873/864/1457 2611/865/1457 872/865/1457
f 1373/1357/283 3111/1365/283 1372/1365/283
f 967/1076/169 2705/1072/169 966/1072/169
f 1111/1073/1458 2849/1080/1458 1110/1080/1458
f 865/874/1459 2603/875/1459 864/875/1459
f 1355/1426/542 3093/1424/542 1354/1424/542
f 1389/1370/287 3127/1368/287 1388/1368/287
f 1435/1437/23 3173/1438/23 1434/1438/23
f 975/1077/1460 2713/1082/1460 974/1082/1460
f 953/884/1461 2691/883/1461 952/883/1461
f 1483/1448/1462 3221/1446/1462 1482/1446/1462
f 1421/1369/290 3159/1373/290 1420/1373/290
f 1071/1092/1463 2809/1094/1463 1070/1094/1463
f 1095/1052/1464 2833/1099/1464 1094/1099/1464
f 1475/1455/1465 3213/1458/1465 1474/1458/1465
f 1397/1397/294 3135/1394/294 1396/1394/294
f 945/896/418 2683/897/418 944/897/418
f 1491/1461/1466 3229/1459/1466 1490/1459/1466
f 1413/1395/297 3151/1399/297 1412/1399/297
f 1349/1401/299 3087/1396/299 1348/1396/299
f 1055/1106/1467 2793/1100/1467 1054/1100/1467
f 881/899/1468 2619/893/1468 880/893/1468
f 1443/1467/1469 3181/1466/1469 1442/1466/1469
f 937/907/1470 2675/908/1470 936/908/1470
f 1365/1402/304 3103/1408/304 1364/1408/304
f 1451/1475/1471 3189/1474/1471 1450/1474/1471
f 1079/1120/1472 2817/1116/1472 1078/1116/1472
f 1063/1119/1473 2801/1122/1473 1062/1122/1473
f 1459/1483/1474 3197/1482/1474 1458/1482/1474
f 1087/1123/1475 2825/1126/1475 1086/1126/1475
f 929/920/1476 2667/921/1476 928/921/1476
f 1405/1419/311 3143/1418/311 1404/1418/311
f 889/922/1477 2627/919/1477 888/919/1477
f 1467/1495/2 3205/1494/2 1466/1494/2
f 1167/1140/1478 2905/1141/1478 1166/1141/1478
f 913/930/1479 2651/928/1479 912/928/1479
f 1507/1496/1480 3245/1497/1480 1506/1497/1480
f 1175/1147/1481 2913/1146/1481 1174/1146/1481
f 921/942/1482 2659/940/1482 920/940/1482
f 1357/1430/314 3095/1428/314 1356/1428/314
f 1183/1159/1483 2921/1158/1483 1182/1158/1483
f 905/951/1484 2643/952/1484 904/952/1484
f 1499/1507/1485 3237/1508/1485 1498/1508/1485
f 1485/1451/1486 3223/1449/1486 1484/1449/1486
f 1159/1157/1487 2897/1160/1487 1158/1160/1487
f 1627/1524/1488 3365/1523/1488 1626/1523/1488
f 1477/1450/1489 3215/1452/1489 1476/1452/1489
f 1619/1516/68 3357/1527/68 1618/1527/68
f 1191/1172/1490 2929/1170/1490 1190/1170/1490
f 896/955/1491 2636/1990/1491 2635/955/1491
f 1515/1528/1492 3253/1525/1492 1514/1525/1492
f 1493/1442/3 3231/1462/3 1492/1462/3
f 1207/1181/1493 2945/1183/1493 1206/1183/1493
f 1001/969/1494 2739/967/1494 1000/967/1494
f 1199/1194/1495 2937/1192/1495 1198/1192/1495
f 1611/1535/1496 3349/1536/1496 1610/1536/1496
f 1445/1469/1497 3183/1468/1497 1444/1468/1497
f 1151/1187/1498 2889/1195/1498 1150/1195/1498
f 993/968/1499 2731/970/1499 992/970/1499
f 1603/1545/1500 3341/1546/1500 1602/1546/1500
f 1595/1555/1501 3333/1556/1501 1594/1556/1501
f 1453/1463/1502 3191/1476/1502 1452/1476/1502
f 1135/1201/1503 2873/1199/1503 1134/1199/1503
f 1009/982/51 2747/981/51 1008/981/51
f 1523/1563/1504 3261/1561/1504 1522/1561/1504
f 321/4/1505 2061/1/1505 322/1/1505
f 1587/1567/1506 3325/1569/1506 1586/1569/1506
f 1143/1211/1507 2881/1209/1507 1142/1209/1507
f 1223/1214/1508 2961/1215/1508 1222/1215/1508
f 329/13/1509 2069/15/1509 330/15/1509
f 1555/1582/51 3293/1583/51 1554/1583/51
f 313/20/1510 2053/18/1510 314/18/1510
f 1215/1225/1511 2953/1226/1511 1214/1226/1511
f 1579/1581/1512 3317/1585/1512 1578/1585/1512
f 1017/990/1513 2755/989/1513 1016/989/1513
f 1531/1586/1514 3269/1580/1514 1530/1580/1514
f 1327/1235/1515 3065/1234/1515 1326/1234/1515
f 337/29/1516 2077/31/1516 338/31/1516
f 513/39/1517 2253/36/1517 514/36/1517
f 1231/1244/1518 2969/1241/1518 1230/1241/1518
f 521/48/1473 2261/50/1473 522/50/1473
f 1547/1599/1519 3285/1602/1519 1546/1602/1519
f 305/51/1520 2045/37/1520 306/37/1520
f 1539/1603/1521 3277/1601/1521 1538/1601/1521
f 1461/1486/1522 3199/1484/1522 1460/1484/1522
f 1571/1617/1523 3309/1620/1523 1570/1620/1523
f 1469/1488/1524 3207/1492/1524 1468/1492/1524
f 1319/1248/1525 3057/1249/1525 1318/1249/1525
f 1509/1503/1526 3247/1500/1526 1508/1500/1526
f 1311/1257/1527 3049/1259/1527 1310/1259/1527
f 1563/1624/1528 3301/1623/1528 1562/1623/1528
f 505/59/1529 2245/55/1529 506/55/1529
f 1659/1638/95 3397/1630/95 1658/1630/95
f 1501/1504/1530 3239/1505/1530 1500/1505/1530
f 529/71/1531 2269/73/1531 530/73/1531
f 1651/1644/1532 3389/1647/1532 1650/1647/1532
f 1621/1518/1533 3359/1517/1533 1620/1517/1533
f 1303/1270/1534 3041/1271/1534 1302/1271/1534
f 1635/1649/1535 3373/1648/1535 1634/1648/1535
f 1239/1272/1536 2977/1269/1536 1238/1269/1536
f 345/76/1537 2085/80/1537 346/80/1537
f 497/84/1538 2237/82/1538 498/82/1538
f 1643/1666/1539 3381/1665/1539 1642/1665/1539
f 297/95/1540 2037/89/1540 298/89/1540
f 1683/1668/51 3421/1655/51 1682/1655/51
f 1613/1533/1541 3351/1534/1541 1612/1534/1541
f 1246/1284/1542 2986/1997/1542 2985/1996/1542
f 1271/1288/1543 3009/1289/1543 1270/1289/1543
f 537/97/1544 2277/101/1544 538/101/1544
f 1295/1290/1545 3033/1294/1545 1294/1294/1545
f 489/112/1546 2229/108/1546 490/108/1546
f 1667/1677/1547 3405/1674/1547 1666/1674/1547
f 1517/1538/1548 3255/1530/1548 1516/1530/1548
f 1675/1678/1549 3413/1679/1549 1674/1679/1549
f 1605/1542/1550 3343/1544/1550 1604/1544/1550
f 1597/1552/1551 3335/1554/1551 1596/1554/1551
f 1254/1304/1552 2994/1307/1552 2993/1304/1552
f 353/114/1553 2093/118/1553 354/118/1553
f 1707/1694/1554 3445/1695/1554 1706/1695/1554
f 1589/1564/1555 3327/1565/1555 1588/1565/1555
f 1/125/51 1741/1744/51 2/126/51
f 1715/1700/1556 3453/1697/1556 1714/1697/1556
f 1263/1308/1557 3001/1310/1557 1262/1310/1557
f 1723/1710/1558 3461/1709/1558 1722/1709/1558
f 1525/1568/653 3263/1566/653 1524/1566/653
f 1279/1327/1559 3017/1326/1559 1278/1326/1559
f 9/134/1560 1749/1752/1560 10/135/1560
f 1699/1717/1561 3437/1719/1561 1698/1719/1561
f 1581/1577/1562 3319/1579/1562 1580/1579/1562
f 1287/1325/1563 3025/1328/1563 1286/1328/1563
f 17/146/1564 1757/1760/1564 18/147/1564
f 1533/1590/1565 3271/1588/1565 1532/1588/1565
f 545/140/1566 2285/149/1566 546/149/1566
f 1731/1723/1567 3469/1721/1567 1730/1721/1567
f 1335/1339/334 3073/1335/334 1334/1335/334
f 289/152/1568 2029/143/1568 290/143/1568
f 1739/1699/3 3477/1732/3 1738/1732/3
f 1549/1594/1569 3287/1596/1569 1548/1596/1569
f 1375/1346/337 3113/1348/337 1374/1348/337
f 1691/1737/1570 3429/1738/1570 1690/1738/1570
f 323/2/285 2063/3/285 324/3/285
f 1541/1607/11 3280/1607/11 3279/1605/11
f 315/16/12 2054/16/12 2055/14/12
f 1383/1354/13 3122/1354/13 3121/1352/13
f 25/162/14 1764/1767/14 1765/1768/14
f 481/171/15 2220/1771/15 2221/165/15
f 1573/1612/16 3312/1612/16 3311/1614/16
f 225/173/2 1964/1773/2 1965/1743/2
f 331/17/17 2070/17/17 2071/19/17
f 1557/1615/18 3296/1615/18 3295/1613/18
f 307/32/19 2046/32/19 2047/30/19
f 217/188/20 1956/1785/20 1957/1782/20
f 1565/1627/21 3304/1627/21 3303/1626/21
f 1423/1363/22 3162/1363/22 3161/1367/22
f 1629/1636/23 3368/1636/23 3367/1637/23
f 1343/1372/24 3082/1372/24 3081/1366/24
f 1391/1378/25 3130/1378/25 3129/1374/25
f 515/33/26 2254/33/26 2255/35/26
f 1653/1640/27 3392/1640/27 3391/1642/27
f 1415/1389/28 3154/1389/28 3153/1393/28
f 33/194/29 1772/1791/29 1773/1794/29
f 209/203/30 1948/1796/30 1949/1795/30
f 339/34/31 2078/34/31 2079/38/31
f 1367/1392/32 3106/1392/32 3105/1998/32
f 507/53/33 2246/53/33 2247/49/33
f 1661/1646/34 3400/1646/34 3399/1641/34
f 361/199/35 2100/199/35 2101/209/35
f 523/54/36 2262/54/36 2263/56/36
f 1398/1400/37 1399/1404/37 3138/1999/37
f 553/214/38 2292/214/38 2293/222/38
f 499/78/39 2238/78/39 2239/74/39
f 201/229/40 1940/1810/40 1941/1808/40
f 531/77/41 2270/77/41 2271/81/41
f 299/85/42 2038/85/42 2039/79/42
f 1637/1654/43 3376/1654/43 3375/1652/43
f 281/235/44 2020/235/44 2021/226/44
f 1351/1415/45 3090/1415/45 3089/1407/45
f 1407/1413/46 3146/1413/46 3145/1417/46
f 41/233/47 1780/1812/47 1781/1814/47
f 1645/1662/48 3384/1662/48 3383/1664/48
f 1358/1429/49 1359/1427/49 3098/2001/49
f 347/86/50 2086/86/50 2087/90/50
f 1628/1637/2 3367/1637/2 3422/1668/2
f 1431/1431/51 3170/1431/51 3169/1432/51
f 473/248/52 2212/248/52 2213/239/52
f 491/106/53 2230/106/53 2231/102/53
f 1677/1675/54 3416/1675/54 3415/1676/54
f 1439/1439/51 3178/1439/51 3177/1440/51
f 193/255/55 1932/1824/55 1933/1822/55
f 539/105/56 2278/105/56 2279/107/56
f 291/121/57 2030/121/57 2031/117/57
f 1479/1445/58 3218/1445/58 3217/1447/58
f 1669/1682/59 3408/1682/59 3407/1680/59
f 1685/1686/51 3424/1686/51 3423/1687/51
f 49/265/60 1788/1830/60 1789/1833/60
f 1487/1454/61 3226/1454/61 3225/1453/61
f 185/276/62 1924/1837/62 1925/1835/62
f 1684/1687/3 3423/1687/3 3451/1689/3
f 1447/1471/63 3186/1471/63 3185/1470/63
f 177/288/64 1916/1847/64 1917/1846/64
f 3/128/65 1742/1745/65 1743/1746/65
f 1709/1692/66 3448/1692/66 3447/1693/66
f 1717/1702/67 3456/1702/67 3455/1701/67
f 1455/1478/68 3194/1478/68 3193/1477/68
f 11/136/1571 1750/1753/1571 1751/1754/1571
f 1725/1713/70 3464/1713/70 3463/1712/70
f 1471/1481/71 3210/1481/71 3209/1485/71
f 369/281/72 2108/281/72 2109/297/72
f 1700/1714/73 1701/1711/73 3440/1711/73
f 561/291/74 2300/291/74 2301/299/74
f 355/122/75 2094/122/75 2095/144/75
f 1463/1489/76 3202/1489/76 3201/1487/76
f 57/298/77 1796/1853/77 1797/1854/77
f 66/306/78 1805/1859/78 1804/1857/78
f 19/148/79 1758/1761/79 1759/1762/79
f 1733/1726/80 3472/1726/80 3471/1724/80
f 1503/1501/81 3242/1501/81 3241/1502/81
f 483/158/82 2222/158/82 2223/150/82
f 1693/1735/83 3432/1735/83 3431/1736/83
f 73/321/84 1812/1870/84 1813/1871/84
f 547/157/85 2286/157/85 2287/164/85
f 325/5/86 2064/5/86 2065/7/86
f 1511/1509/87 3250/1509/87 3249/1506/87
f 465/333/88 2204/333/88 2205/326/88
f 317/12/89 2056/12/89 2057/10/89
f 27/166/90 1766/1769/90 1767/1770/90
f 1495/1513/91 3234/1513/91 3233/1514/91
f 219/181/92 1958/1781/92 1959/1780/92
f 211/200/93 1950/1793/93 1951/1792/93
f 333/21/94 2072/21/94 2073/23/94
f 273/340/95 2012/340/95 2013/324/95
f 309/28/96 2048/28/96 2049/26/96
f 35/204/97 1774/1797/97 1775/1800/97
f 517/40/98 2256/40/98 2257/42/98
f 1623/1520/99 3362/1520/99 3361/1519/99
f 283/217/1572 2022/217/1572 2023/208/1572
f 509/47/101 2248/47/101 2249/45/101
f 81/336/102 1820/1879/102 1821/1885/102
f 169/345/103 1908/1886/103 1909/1884/103
f 203/221/104 1942/1806/104 1943/1804/104
f 161/361/105 1900/1898/105 1901/1897/105
f 341/52/106 2080/52/106 2081/58/106
f 1494/1514/23 3233/1514/23 3366/1524/23
f 525/60/107 2264/60/107 2265/62/107
f 1615/1532/108 3354/1532/108 3353/1531/108
f 363/218/109 2102/218/109 2103/227/109
f 501/72/110 2240/72/110 2241/68/110
f 1607/1540/111 3346/1540/111 3345/1541/111
f 89/368/1573 1828/1903/1573 1829/1905/1573
f 475/231/113 2214/231/113 2215/223/113
f 301/75/114 2040/75/114 2041/69/114
f 153/388/115 1892/1915/115 1893/1913/115
f 555/230/116 2294/230/116 2295/238/116
f 533/83/117 2272/83/117 2273/87/117
f 43/241/118 1782/1816/118 1783/1818/118
f 1519/1547/119 3258/1547/119 3257/1543/119
f 569/386/120 2308/386/120 2309/395/120
f 195/249/121 1934/1820/121 1935/1819/121
f 493/98/122 2232/98/122 2233/94/122
f 1599/1550/123 3338/1550/123 3337/1551/123
f 187/271/124 1926/1834/124 1927/1832/124
f 1591/1560/125 3330/1560/125 3329/1562/125
f 97/393/126 1836/1918/126 1837/1920/126
f 349/96/127 2088/96/127 2089/100/127
f 377/391/128 2116/391/128 2117/400/128
f 293/113/129 2032/113/129 2033/109/129
f 457/416/130 2196/416/130 2197/409/130
f 1527/1573/131 3266/1573/131 3265/1571/131
f 145/417/132 1884/1931/132 1885/1930/132
f 51/273/133 1790/1836/133 1791/1839/133
f 1583/1574/134 3322/1574/134 3321/1575/134
f 265/428/135 2004/428/135 2005/420/135
f 179/286/136 1918/1845/136 1919/1844/136
f 541/111/137 2280/111/137 2281/115/137
f 1551/1589/138 3290/1589/138 3289/1592/138
f 5/130/139 1744/1747/139 1745/1748/139
f 59/302/140 1798/1855/140 1799/1858/140
f 1535/1595/141 3274/1595/141 3273/1593/141
f 67/307/142 1806/1860/142 1807/1862/142
f 13/138/143 1752/1755/143 1753/1756/143
f 275/311/144 2014/311/144 2015/296/144
f 485/141/145 2224/141/145 2225/124/145
f 105/429/146 1844/1937/146 1845/1940/146
f 1543/1608/147 3282/1608/147 3281/1609/147
f 137/441/148 1876/1943/148 1877/1942/148
f 130/455/149 129/456/149 1868/1954/149
f 21/154/150 1760/1763/150 1761/1764/150
f 1575/1610/151 3314/1610/151 3313/1611/151
f 467/316/152 2206/316/152 2207/300/152
f 357/153/153 2096/153/153 2097/161/153
f 577/449/154 2316/449/154 2317/460/154
f 1559/1618/155 3298/1618/155 3297/1616/155
f 563/315/156 2302/315/156 2303/325/156
f 1567/1628/157 3306/1628/157 3305/1629/157
f 1631/1634/51 3370/1634/51 3369/1635/51
f 371/312/158 2110/312/158 2111/327/158
f 29/172/159 1768/1772/159 1769/1775/159
f 75/323/160 1814/1872/160 1815/1873/160
f 221/179/161 1960/1779/161 1961/1778/161
f 1655/1633/162 3394/1633/162 3393/1639/162
f 171/342/163 1910/1883/163 1911/1882/163
f 549/170/164 2288/170/164 2289/186/164
f 213/193/165 1952/1790/165 1953/1789/165
f 385/468/166 2124/468/166 2125/474/166
f 285/198/167 2024/198/167 2025/182/167
f 1647/1656/1574 3386/2004/1574 3385/1658/1574
f 1639/1659/169 3378/1659/169 3377/1657/169
f 113/471/170 1852/1962/170 1853/1963/170
f 83/348/171 1822/1889/171 1823/1892/171
f 1663/1660/172 3402/1660/172 3401/1651/172
f 163/356/173 1902/1895/173 1903/1893/173
f 449/479/174 2188/479/174 2189/473/174
f 477/215/1575 2216/215/1575 2217/206/1575
f 1679/1671/176 3418/1671/176 3417/1673/176
f 205/216/177 1944/1803/177 1945/1801/177
f 1671/1684/178 3410/1684/178 3409/1685/178
f 91/374/179 1830/1907/179 1831/1909/179
f 155/379/180 1894/1910/180 1895/1908/180
f 1711/1690/181 3450/1690/181 3449/1691/181
f 37/213/182 1776/1802/182 1777/1805/182
f 1719/1705/183 3458/1705/183 3457/1704/183
f 459/403/184 2198/403/184 2199/394/184
f 1703/1703/185 3442/1703/185 3441/1707/185
f 99/399/186 1838/1922/186 1839/1924/186
f 197/242/187 1936/1817/187 1937/1815/187
f 121/491/188 1860/1970/188 1861/1971/188
f 571/402/189 2310/402/189 2311/408/189
f 365/236/190 2104/236/190 2105/246/190
f 124/496/2 1863/1973/2 1740/1742/2
f 267/411/191 2006/411/191 2007/401/191
f 1727/1716/192 3466/1716/192 3465/1715/192
f 257/500/193 1996/500/193 1997/490/193
f 45/250/194 1784/1821/194 1785/1823/194
f 1735/1728/195 3474/1728/195 3473/1727/195
f 147/412/196 1886/1928/196 1887/1926/196
f 557/247/197 2296/247/197 2297/253/197
f 1695/1730/198 3434/1730/198 3433/1734/198
f 189/266/199 1928/1831/199 1929/1829/199
f 1687/1733/23 3426/1733/23 3425/1741/23
f 585/501/200 2324/501/200 2325/506/200
f 277/280/201 2016/280/201 2017/267/201
f 319/8/202 2058/8/202 2059/6/202
f 441/515/203 2180/515/203 2181/514/203
f 380/419/204 379/410/204 2118/1927/204
f 139/435/205 1878/1941/205 1879/1939/205
f 181/283/1576 1920/1842/1576 1921/1841/1576
f 327/9/207 2066/9/207 2067/11/207
f 393/517/208 2132/517/208 2133/521/208
f 311/24/209 2050/24/209 2051/22/209
f 593/529/210 2332/529/210 2333/533/210
f 249/536/211 1988/536/211 1989/531/211
f 107/442/212 1846/1944/212 1847/1947/212
f 131/453/213 1870/1951/213 1871/1950/213
f 335/25/214 2074/25/214 2075/27/214
f 451/467/215 2190/1960/215 2191/461/215
f 511/43/216 2250/43/216 2251/41/216
f 579/466/217 2318/466/217 2319/472/217
f 53/284/218 1792/1843/218 1793/1849/218
f 519/44/219 2258/44/219 2259/46/219
f 433/544/220 2172/544/220 2173/540/220
f 115/477/221 1854/1964/221 1855/1965/221
f 303/63/1577 2042/63/1577 2043/57/1577
f 469/292/223 2208/292/223 2209/275/223
f 601/555/224 2340/555/224 2341/559/224
f 259/482/225 1998/482/225 1999/475/225
f 503/65/226 2242/65/226 2243/61/226
f 62/310/227 1801/1863/227 1800/1861/227
f 401/558/228 2140/558/228 2141/563/228
f 69/317/229 1808/1865/229 1809/1867/229
f 425/568/230 2164/568/230 2165/566/230
f 387/481/231 2126/481/231 2127/489/231
f 609/577/232 2348/577/232 2349/579/232
f 123/495/233 1862/1972/233 1863/1973/233
f 77/329/1578 1816/1874/1578 1817/1875/1578
f 527/66/235 2266/66/235 2267/67/235
f 241/585/236 1980/585/236 1981/583/236
f 443/509/237 2182/509/237 2183/505/237
f 175/289/23 1914/1848/23 1864/1880/23
f 587/510/238 2326/510/238 2327/513/238
f 173/338/239 1912/1881/239 1913/1878/239
f 343/64/240 2082/64/240 2083/70/240
f 495/92/241 2234/92/241 2235/88/241
f 409/593/242 2148/593/242 2149/595/242
f 251/526/243 1990/526/243 1991/522/243
f 165/350/244 1904/1891/244 1905/1890/244
f 535/91/245 2274/91/245 2275/93/245
f 233/601/246 1972/601/246 1973/599/246
f 295/103/247 2034/103/247 2035/99/247
f 565/334/248 2304/334/248 2305/354/248
f 417/608/249 2156/608/249 2157/1978/249
f 373/339/250 2112/339/250 2113/357/250
f 650/615/1579 2389/615/1579 2388/616/1579
f 395/525/252 2134/525/252 2135/532/252
f 85/355/253 1824/1894/253 1825/1896/253
f 435/538/254 2174/538/254 2175/534/254
f 157/373/255 1896/1906/255 1897/1904/255
f 658/633/256 2397/633/256 2396/631/256
f 595/537/257 2334/537/257 2335/539/257
f 351/104/258 2090/104/258 2091/110/258
f 427/562/259 2166/562/259 2167/560/259
f 93/380/260 1832/1911/260 1833/1912/260
f 487/120/261 2226/120/261 2227/116/261
f 642/632/262 2381/632/262 2380/634/262
f 603/561/263 2342/561/263 2343/565/263
f 461/385/264 2200/385/264 2201/375/264
f 543/119/265 2282/119/265 2283/123/265
f 269/392/266 2008/392/266 2009/382/266
f 634/644/267 2373/644/267 2372/643/267
f 243/570/268 1982/570/268 1983/564/268
f 7/132/269 1746/1749/269 1747/1750/269
f 149/404/270 1888/1923/270 1889/1921/270
f 15/142/271 1754/1757/271 1755/1758/271
f 626/654/272 2365/654/272 2364/653/272
f 23/156/273 1762/1765/273 1763/1766/273
f 618/661/274 2357/661/274 2356/660/274
f 287/167/275 2026/167/275 2027/160/275
f 101/406/276 1840/1925/276 1841/1929/276
f 573/415/1580 2312/415/1580 2313/424/1580
f 141/430/278 1880/1938/278 1881/1936/278
f 674/691/279 2413/691/279 2412/682/279
f 223/177/280 1962/1777/280 1963/1774/280
f 381/427/281 2120/427/281 2121/437/281
f 360/183/282 359/168/282 2098/168/282
f 706/690/283 2445/690/283 2444/698/283
f 453/450/284 2192/450/284 2193/440/284
f 610/579/285 2349/579/285 2158/581/285
f 133/451/286 1872/1949/286 1873/1948/286
f 722/703/287 2461/703/287 2460/701/287
f 420/580/288 419/581/288 2158/581/288
f 216/189/289 215/190/289 1954/1787/289
f 754/702/290 2493/702/290 2492/706/290
f 403/569/291 2142/569/291 2143/582/291
f 235/596/292 1974/596/292 1975/594/292
f 31/185/293 1770/1783/293 1771/1788/293
f 730/730/294 2469/730/294 2468/727/294
f 479/197/295 2218/197/295 2219/1784/295
f 551/196/296 2290/196/296 2291/205/296
f 746/728/297 2485/728/297 2484/732/297
f 125/337/3 1864/1880/3 1865/1957/3
f 207/210/298 1946/1799/298 1947/1798/298
f 682/734/299 2421/734/299 2420/729/299
f 411/597/300 2150/597/300 2151/598/300
f 109/454/301 1848/1952/301 1849/1958/301
f 227/612/302 1966/612/302 1967/611/302
f 261/469/303 2000/469/303 2001/462/303
f 697/741/304 698/735/304 2437/735/304
f 227/612/26 418/610/26 2157/1978/26
f 39/224/305 1778/1807/305 1779/1809/305
f 652/613/306 2391/613/306 2390/614/306
f 199/234/307 1938/1813/307 1939/1811/307
f 612/624/51 2351/624/51 2350/625/51
f 581/478/308 2320/478/308 2321/484/308
f 279/256/309 2018/256/309 2019/245/309
f 611/625/3 2350/625/3 2404/626/3
f 117/483/310 1856/1966/310 1857/1967/310
f 738/752/311 2477/1981/311 2476/1980/311
f 644/629/312 2383/629/312 2382/630/312
f 445/502/313 2184/502/313 2185/498/313
f 690/763/314 2429/763/314 2428/761/314
f 660/638/315 2399/638/315 2398/636/315
f 389/499/316 2128/1974/316 2129/503/316
f 191/260/317 1930/1827/317 1931/1826/317
f 802/770/318 2541/770/318 2540/768/318
f 253/518/319 1992/518/319 1993/512/319
f 636/646/320 2375/646/320 2374/645/320
f 47/258/321 1786/1825/321 1787/1828/321
f 794/773/322 2533/773/322 2532/775/322
f 589/516/323 2328/516/323 2329/520/323
f 471/264/324 2210/264/324 2211/254/324
f 850/783/13 2589/783/13 2588/781/13
f 628/651/325 2367/651/325 2366/650/325
f 437/530/326 2176/530/326 2177/527/326
f 842/792/327 2581/792/327 2580/794/327
f 367/257/328 2106/257/328 2107/268/328
f 620/663/329 2359/663/329 2358/662/329
f 559/263/330 2298/263/330 2299/274/330
f 183/279/331 1922/1840/331 1923/1838/331
f 858/805/332 2597/805/332 2596/801/332
f 397/535/333 2136/535/333 2137/1975/333
f 668/672/334 2407/672/334 2406/668/334
f 597/543/335 2336/543/335 2337/547/335
f 810/808/336 2549/808/336 2548/802/336
f 708/679/337 2447/679/337 2446/681/337
f 430/554/338 429/556/338 2168/1976/338
f 245/557/339 1984/557/339 1985/551/339
f 55/294/340 1794/1851/340 1795/1852/340
f 786/815/341 2525/815/341 2524/1982/341
f 716/687/13 2455/687/13 2454/685/13
f 64/293/23 1803/1850/23 1802/1856/23
f 778/834/342 2517/834/342 2516/1984/342
f 605/567/343 2344/567/343 2345/571/343
f 421/578/344 2160/578/344 2161/576/344
f 405/584/345 2144/584/345 2145/586/345
f 71/319/346 1810/1868/346 1811/1869/346
f 770/839/347 2509/839/347 2508/837/347
f 756/696/22 2495/696/22 2494/700/22
f 237/592/348 1976/592/348 1977/590/348
f 79/331/349 1818/1876/349 1819/1877/349
f 818/846/350 2557/846/350 2556/838/350
f 676/705/24 2415/705/24 2414/699/24
f 167/347/351 1906/1888/351 1907/1887/351
f 834/847/352 2573/847/352 2572/849/352
f 724/711/25 2463/711/25 2462/707/25
f 413/600/353 2152/600/353 2153/602/353
f 826/859/354 2565/859/354 2564/860/354
f 748/722/28 2487/722/28 2486/726/28
f 230/607/355 229/609/355 1968/609/355
f 874/863/356 2613/863/356 2612/864/356
f 87/362/357 1826/1899/357 1827/1901/357
f 700/725/32 2439/725/32 2438/731/32
f 463/365/358 2202/365/358 2203/353/358
f 866/873/359 2605/873/359 2604/874/359
f 654/619/360 2393/619/360 2392/617/360
f 159/367/361 1898/1902/361 1899/1900/361
f 954/885/362 2693/885/362 2692/884/362
f 732/737/37 2471/737/37 2470/733/37
f 946/894/363 2685/894/363 2684/896/363
f 646/621/364 2385/621/364 2384/623/364
f 271/371/365 2010/371/365 2011/358/365
f 684/748/45 2423/748/45 2422/740/45
f 630/640/366 2369/640/366 2368/639/366
f 567/366/367 2306/366/367 2307/376/367
f 882/903/368 2621/903/368 2620/899/368
f 740/746/46 2479/746/46 2478/750/46
f 375/370/369 2114/370/369 2115/381/369
f 938/905/370 2677/905/370 2676/907/370
f 692/760/49 2431/760/49 2430/762/49
f 638/648/371 2377/648/371 2376/647/371
f 930/918/372 2669/918/372 2668/920/372
f 662/652/1581 2401/652/1581 2400/649/1581
f 796/769/374 2535/769/374 2534/771/374
f 95/387/375 1834/1914/375 1835/1916/375
f 622/658/376 2361/658/376 2360/659/376
f 151/396/377 1890/1919/377 1891/1917/377
f 804/774/378 2543/774/378 2542/772/378
f 614/666/23 2353/1979/23 2352/667/23
f 890/929/379 2629/929/379 2628/922/379
f 852/789/380 2591/789/380 2590/785/380
f 914/932/381 2653/932/381 2652/930/381
f 844/787/382 2583/787/382 2582/790/382
f 103/418/383 1842/1932/383 1843/1934/383
f 921/942/384 922/941/384 2661/941/384
f 860/811/385 2599/811/385 2598/807/385
f 670/676/386 2409/676/386 2408/674/386
f 143/423/387 1882/1935/387 1883/1933/387
f 906/949/388 2645/949/388 2644/951/388
f 710/675/389 2449/675/389 2448/677/389
f 455/432/390 2194/432/390 2195/425/390
f 788/810/391 2527/810/391 2526/813/391
f 718/693/392 2457/693/392 2456/689/392
f 575/431/393 2314/431/393 2315/439/393
f 898/960/394 2637/960/394 2636/1990/394
f 812/814/395 2551/814/395 2550/812/395
f 758/692/396 2497/692/396 2496/694/396
f 135/444/397 1874/1946/397 1875/1945/397
f 263/445/398 2002/445/398 2003/436/398
f 994/965/399 2733/965/399 2732/968/399
f 764/828/400 2503/828/400 2502/824/400
f 1002/971/401 2741/971/401 2740/969/401
f 780/827/402 2519/827/402 2518/831/402
f 678/715/403 2417/715/403 2416/709/403
f 1010/983/404 2749/983/404 2748/982/404
f 726/717/405 2465/717/405 2464/713/405
f 1018/991/406 2757/991/406 2756/990/406
f 772/843/407 2511/843/407 2510/841/407
f 750/716/408 2489/716/408 2488/719/408
f 128/457/409 127/458/409 1866/1956/409
f 1026/1001/410 2765/1001/410 2764/1000/410
f 702/714/411 2441/714/411 2440/720/411
f 986/997/412 2725/997/412 2724/1003/412
f 383/446/413 2122/446/413 2123/463/413
f 820/851/414 2559/851/414 2558/848/414
f 111/465/415 1850/1959/415 1851/1961/415
f 828/856/416 2567/856/416 2566/858/416
f 734/743/417 2473/743/417 2472/739/417
f 119/487/418 1858/1968/418 1859/1969/418
f 742/742/419 2481/742/419 2480/744/419
f 447/493/420 2186/493/420 2187/485/420
f 1034/1012/51 2773/1012/51 2772/1011/51
f 868/870/421 2607/870/421 2606/871/421
f 583/492/422 2322/492/422 2323/497/422
f 1130/1021/423 2869/1021/423 2868/1023/423
f 876/872/424 2615/872/424 2614/868/424
f 686/755/425 2425/755/425 2424/753/425
f 255/508/426 1994/508/426 1995/504/426
f 956/887/427 2695/887/427 2694/886/427
f 694/756/428 2433/756/428 2432/758/428
f 1042/1026/429 2781/1026/429 2780/1024/429
f 948/891/430 2687/891/430 2686/895/430
f 1122/1035/431 2861/1035/431 2860/1036/431
f 940/902/432 2679/902/432 2678/904/432
f 798/766/433 2537/766/433 2536/767/433
f 391/507/434 2130/507/434 2131/511/434
f 1098/1047/435 2837/1047/435 2836/1045/435
f 806/778/436 2545/778/436 2544/776/436
f 439/523/437 2178/523/437 2179/519/437
f 591/524/438 2330/524/438 2331/528/438
f 884/909/439 2623/909/439 2622/906/439
f 846/782/440 2585/782/440 2584/784/440
f 247/545/441 1986/545/441 1987/541/441
f 932/915/442 2671/915/442 2670/917/442
f 854/793/443 2593/793/443 2592/791/443
f 962/1058/444 2701/1058/444 2700/1055/444
f 916/934/445 2655/934/445 2654/933/445
f 1050/1059/446 2789/1059/446 2788/1046/446
f 924/935/447 2663/935/447 2662/938/447
f 790/797/448 2529/797/448 2528/803/448
f 1114/1054/323 2853/1054/323 2852/1060/323
f 838/804/449 2577/804/449 2576/806/449
f 978/1068/450 2717/1068/450 2716/1071/450
f 892/944/451 2631/944/451 2630/943/451
f 431/550/452 2170/550/452 2171/548/452
f 908/947/453 2647/947/453 2646/948/453
f 814/820/454 2553/820/454 2552/817/454
f 970/1085/455 2709/1085/455 2708/1083/455
f 899/958/456 900/957/456 2639/1988/456
f 399/546/457 2138/546/457 2139/552/457
f 1106/1086/458 2845/1086/458 2844/1081/458
f 782/821/459 2521/821/459 2520/823/459
f 599/549/460 2338/549/460 2339/553/460
f 996/962/1582 2735/962/1582 2734/963/1582
f 423/574/462 2162/574/462 2163/572/462
f 766/832/463 2505/832/463 2504/829/463
f 607/573/464 2346/573/464 2347/575/464
f 1074/1102/465 2813/1102/465 2812/1098/465
f 1004/974/466 2743/974/466 2742/972/466
f 239/589/467 1978/589/467 1979/587/467
f 1066/1108/468 2805/1108/468 2804/1112/468
f 1012/985/469 2751/985/469 2750/984/469
f 774/845/470 2513/845/470 2512/844/470
f 1090/1114/471 2829/1114/471 2828/1117/471
f 1020/993/472 2759/993/472 2758/992/472
f 407/588/473 2146/588/473 2147/591/473
f 231/605/474 1970/605/474 1971/603/474
f 988/980/475 2727/980/475 2726/995/475
f 830/853/476 2569/853/476 2568/855/476
f 1058/1125/477 2797/1125/477 2796/1118/477
f 1028/1004/478 2767/1004/478 2766/1002/478
f 822/857/479 2561/857/479 2560/854/479
f 415/604/480 2154/604/480 2155/606/480
f 1036/1015/481 2775/1015/481 2774/1013/481
f 870/867/482 2609/867/482 2608/869/482
f 648/618/483 2387/618/483 2386/620/483
f 1082/1131/484 2821/1131/484 2820/1993/484
f 1132/1014/485 2871/1014/485 2870/1019/485
f 656/628/486 2395/628/486 2394/622/486
f 862/878/487 2601/878/487 2600/879/487
f 1170/1136/3 2909/1136/3 2908/1138/3
f 878/880/488 2617/880/488 2616/876/488
f 640/635/489 2379/635/489 2378/637/489
f 1044/1031/490 2783/1031/490 2782/1029/490
f 1162/1145/491 2901/1145/491 2900/1148/491
f 1124/1032/492 2863/1032/492 2862/1033/492
f 1116/1044/493 2855/1044/493 2854/1048/493
f 632/642/494 2371/642/494 2370/641/494
f 1100/1056/1583 2839/1056/1583 2838/1049/1583
f 1178/1152/496 2917/1152/496 2916/1151/496
f 624/655/497 2363/655/497 2362/656/497
f 980/1061/498 2719/1061/498 2718/1064/498
f 664/627/3 2403/627/3 2402/657/3
f 1186/1164/499 2925/1164/499 2924/1162/499
f 616/664/500 2355/664/500 2354/665/500
f 964/1066/501 2703/1066/501 2702/1063/501
f 712/671/502 2451/671/502 2450/673/502
f 1154/1171/503 2893/1171/503 2892/1174/503
f 958/889/504 2697/889/504 2696/888/504
f 861/879/23 2600/879/23 2697/889/23
f 1194/1177/505 2933/1177/505 2932/1175/505
f 950/881/506 2689/881/506 2688/892/506
f 672/680/507 2411/680/507 2410/678/507
f 1210/1149/508 2949/1149/508 2948/1178/508
f 942/900/509 2681/900/509 2680/901/509
f 760/686/510 2499/686/510 2498/688/510
f 1202/1190/511 2941/1190/511 2940/1191/511
f 972/1087/512 2711/1087/512 2710/1088/512
f 720/697/513 2459/697/513 2458/695/513
f 1138/1204/514 2877/1204/514 2876/1203/514
f 1145/1210/515 1146/1205/515 2885/1205/515
f 704/704/516 2443/704/516 2442/708/516
f 1108/1091/517 2847/1091/517 2846/1090/517
f 934/912/518 2673/912/518 2672/913/518
f 1226/1221/519 2965/1221/519 2964/1218/519
f 886/914/520 2625/914/520 2624/911/520
f 752/710/521 2491/710/521 2490/712/521
f 1052/1093/522 2791/1093/522 2790/1078/522
f 1218/1220/523 2957/1220/523 2956/1222/523
f 1068/1101/524 2807/1101/524 2806/1104/524
f 910/925/23 2649/925/23 2648/926/23
f 1330/1238/525 3069/1238/525 3068/1237/525
f 1322/1242/526 3061/1242/526 3060/1246/526
f 1076/1109/527 2815/1109/527 2814/1105/527
f 926/927/528 2665/927/528 2664/931/528
f 728/723/529 2467/723/529 2466/721/529
f 1092/1107/530 2831/1107/530 2830/1110/530
f 1314/1253/531 3053/1253/531 3052/1255/531
f 679/718/532 680/724/532 2419/724/532
f 1060/1130/533 2799/1130/533 2798/1132/533
f 744/736/534 2483/736/534 2482/738/534
f 1084/1133/535 2823/1133/535 2822/1134/535
f 736/747/536 2475/747/536 2474/745/536
f 1234/1258/537 2973/1258/537 2972/1254/537
f 696/749/538 2435/749/538 2434/754/538
f 918/937/539 2657/937/539 2656/936/539
f 1306/1265/540 3045/1265/540 3044/1266/540
f 1164/1143/541 2903/1143/541 2902/1144/541
f 688/759/542 2427/759/542 2426/757/542
f 1180/1155/543 2919/1155/543 2918/1153/543
f 1242/1278/544 2981/1278/544 2980/1276/544
f 800/764/545 2539/764/545 2538/765/545
f 1188/1167/546 2927/1167/546 2926/1165/546
f 1298/1279/547 3037/1279/547 3036/1282/547
f 848/779/548 2587/779/548 2586/780/548
f 1156/1166/549 2895/1166/549 2894/1168/549
f 792/777/550 2531/777/550 2530/786/550
f 894/946/551 2633/946/551 2632/945/551
f 1250/1296/552 2989/1296/552 2988/1293/552
f 901/956/553 902/954/553 2641/1986/553
f 998/964/554 2737/964/554 2736/961/554
f 1266/1301/555 3005/1301/555 3004/1303/555
f 1006/977/556 2745/977/556 2744/976/556
f 1258/1313/557 2997/1313/557 2996/1311/557
f 1196/1184/558 2935/1184/558 2934/1179/558
f 990/975/559 2729/975/559 2728/978/559
f 1204/1186/560 2943/1186/560 2942/1189/560
f 1274/1319/561 3013/1319/561 3012/1318/561
f 1172/1198/2 2911/1994/2 2910/1135/2
f 1014/987/562 2753/987/562 2752/986/562
f 1290/1317/563 3029/1317/563 3028/1320/563
f 1148/1197/564 2887/1197/564 2886/1200/564
f 1022/996/565 2761/996/565 2760/994/565
f 808/796/566 2547/796/566 2546/788/566
f 1030/1006/567 2769/1006/567 2768/1005/567
f 856/799/568 2595/799/568 2594/795/568
f 1140/1207/569 2879/1207/569 2878/1206/569
f 840/798/570 2579/798/570 2578/800/570
f 1282/1332/571 3021/1332/571 3020/1330/571
f 1038/1017/572 2777/1017/572 2776/1016/572
f 1378/1340/573 3117/1340/573 3116/1342/573
f 1220/1217/574 2959/1217/574 2958/1219/574
f 1126/1028/575 2865/1028/575 2864/1030/575
f 784/818/576 2523/1983/576 2522/819/576
f 1228/1227/577 2967/1227/577 2966/1224/577
f 816/830/578 2555/830/578 2554/822/578
f 1338/1345/579 3077/1345/579 3076/1343/579
f 1212/1229/580 2951/1229/580 2950/1231/580
f 1426/1355/581 3165/1355/581 3164/1359/581
f 1046/1037/582 2785/1037/582 2784/1034/582
f 768/835/583 2507/835/583 2506/833/583
f 1386/1362/584 3125/1362/584 3124/1360/584
f 1118/1041/585 2857/1041/585 2856/1043/585
f 776/840/586 2515/1985/586 2514/842/586
f 1370/1375/587 3109/1375/587 3108/1381/587
f 982/1053/588 2721/1053/588 2720/1057/588
f 832/850/589 2571/850/589 2570/852/589
f 1102/1065/590 2841/1065/590 2840/1062/590
f 824/862/591 2563/862/591 2562/861/591
f 1418/1379/592 3157/1379/592 3156/1383/592
f 966/1072/593 2705/1072/593 2704/1069/593
f 872/865/594 2611/865/594 2610/866/594
f 1346/1385/595 3085/1385/595 3084/1382/595
f 1332/1240/596 3071/1240/596 3070/1239/596
f 974/1082/597 2713/1082/597 2712/1084/597
f 1394/1388/598 3133/1388/598 3132/1384/598
f 1211/1231/23 2950/1231/23 3071/1240/23
f 864/875/599 2603/875/599 2602/877/599
f 1410/1405/600 3149/1405/600 3148/1409/600
f 1324/1232/601 3063/1232/601 3062/1243/601
f 1110/1080/602 2849/1080/602 2848/1089/602
f 952/883/603 2691/883/603 2690/882/603
f 1402/1412/604 3141/2000/604 3140/1410/604
f 1316/1251/605 3055/1251/605 3054/1252/605
f 880/893/606 2619/893/606 2618/890/606
f 1070/1094/607 2809/1094/607 2808/1097/607
f 1362/1421/608 3101/1421/608 3100/1423/608
f 1054/1100/609 2793/1100/609 2792/1096/609
f 1354/1424/610 3093/1424/610 3092/1422/610
f 1308/1262/611 3047/1262/611 3046/1263/611
f 1094/1099/612 2833/1099/612 2832/1103/612
f 944/897/613 2683/897/613 2682/898/613
f 1236/1264/614 2975/1264/614 2974/1261/614
f 936/908/615 2675/908/615 2674/910/615
f 1434/1438/2 3173/1438/2 3172/1436/2
f 1300/1275/616 3039/1275/616 3038/1277/616
f 1482/1446/617 3221/1446/617 3220/1443/617
f 1078/1116/618 2817/1116/618 2816/1113/618
f 1490/1459/619 3229/1459/619 3228/1457/619
f 1244/1281/620 2983/1281/620 2982/1280/620
f 1062/1122/621 2801/1122/621 2800/1127/621
f 1086/1126/622 2825/1126/622 2824/1129/622
f 888/919/623 2627/919/623 2626/916/623
f 1474/1458/624 3213/1458/624 3212/1460/624
f 1268/1295/625 3007/1295/625 3006/1297/625
f 928/921/626 2667/921/626 2666/923/626
f 1166/1141/627 2905/1141/627 2904/1142/627
f 912/928/628 2651/928/628 2650/924/628
f 1252/1299/629 2991/1299/629 2990/1298/629
f 1174/1146/2 2913/1146/2 2912/1137/2
f 920/940/630 2659/940/630 2658/939/630
f 1292/1306/631 3031/1306/631 3030/1315/631
f 1173/1137/23 2912/1137/23 2949/1149/23
f 1442/1466/632 3181/1466/632 3180/1465/632
f 1182/1158/633 2921/1158/633 2920/1156/633
f 1450/1474/634 3189/1474/634 3188/1473/634
f 1260/1314/635 2999/1314/635 2998/1316/635
f 1158/1160/636 2897/1160/636 2896/1163/636
f 904/952/637 2643/952/637 2642/953/637
f 1458/1482/638 3197/1482/638 3196/1480/638
f 1276/1323/639 3015/1323/639 3014/1321/639
f 1190/1170/640 2929/1170/640 2928/1169/640
f 896/955/641 2635/955/641 2634/950/641
f 1000/967/642 2739/967/642 2738/966/642
f 1466/1494/51 3205/1494/51 3204/1493/51
f 1284/1334/643 3023/1334/643 3022/1333/643
f 1380/1337/644 3119/1337/644 3118/1338/644
f 992/970/645 2731/970/645 2730/973/645
f 1506/1497/646 3245/1497/646 3244/1498/646
f 1205/1185/647 1206/1183/647 2945/1183/647
f 1008/981/648 2747/981/648 2746/979/648
f 1498/1508/649 3237/1508/649 3236/1510/649
f 1340/1349/650 3079/1349/650 3078/1347/650
f 1016/989/651 2755/989/651 2754/988/651
f 1024/999/652 2763/999/652 2762/998/652
f 1626/1523/653 3365/1523/653 3364/1522/653
f 1428/1351/654 3167/1351/654 3166/1353/654
f 1032/1009/655 2771/1009/655 2770/1008/655
f 1514/1525/656 3253/1525/656 3252/1515/656
f 1388/1368/478 3127/1368/478 3126/1364/478
f 1198/1192/657 2937/1192/657 2936/1188/657
f 984/1007/23 2723/1007/23 2722/1010/23
f 1618/1527/658 3357/1527/658 3356/1526/658
f 1372/1365/659 3111/1365/659 3110/1371/659
f 1610/1536/660 3349/1536/660 3348/1537/660
f 1420/1373/661 3159/1373/661 3158/1377/661
f 1602/1546/662 3341/1546/662 3340/1548/662
f 1396/1394/663 3135/1394/663 3134/1390/663
f 1594/1556/664 3333/1556/664 3332/1558/664
f 1150/1195/665 2889/1195/665 2888/1196/665
f 1348/1396/666 3087/1396/666 3086/1391/666
f 1040/1022/667 2779/1022/667 2778/1018/667
f 1412/1399/668 3151/1399/668 3150/1403/668
f 1172/1198/23 1133/1182/23 2872/1182/23
f 1128/1025/669 2867/1991/669 2866/1027/669
f 1522/1561/670 3261/1561/670 3260/1557/670
f 1134/1199/671 2873/1199/671 2872/1182/671
f 1586/1569/672 3325/1569/672 3324/1570/672
f 1364/1408/673 3103/1408/673 3102/1416/673
f 1404/1418/674 3143/1418/674 3142/1414/674
f 1142/1209/675 2881/1209/675 2880/1208/675
f 1120/1038/676 2859/1038/676 2858/1040/676
f 1530/1580/677 3269/1580/677 3268/1578/677
f 1222/1215/678 2961/1215/678 2960/1216/678
f 1048/1042/679 2787/1042/679 2786/1039/679
f 1554/1583/680 3293/1583/680 3292/1584/680
f 1214/1226/681 2953/1226/681 2952/1228/681
f 1578/1585/682 3317/1585/682 3316/1591/682
f 1356/1428/683 3095/1428/683 3094/1426/683
f 1436/1434/2 3175/1434/2 3174/1437/2
f 1326/1234/684 3065/1234/684 3064/1233/684
f 960/1050/685 2699/1050/685 2698/1051/685
f 1538/1601/686 3277/1601/686 3276/1600/686
f 1484/1449/687 3223/1449/687 3222/1448/687
f 1230/1241/688 2969/1241/688 2968/1230/688
f 959/1051/23 2698/1051/23 2834/1052/23
f 1112/1067/689 2851/1067/689 2850/1073/689
f 1546/1602/690 3285/1602/690 3284/1604/690
f 1476/1452/691 3215/1452/691 3214/1455/691
f 1104/1075/692 2843/1075/692 2842/1070/692
f 1318/1249/693 3057/1249/693 3056/1250/693
f 1310/1259/694 3049/1259/694 3048/1260/694
f 1570/1620/695 3309/1620/695 3308/1622/695
f 1492/1462/696 3231/1462/696 3230/1461/696
f 976/1074/697 2715/1074/697 2714/1077/697
f 1562/1623/698 3301/1623/698 3300/1621/698
f 968/1079/1584 2707/1079/1584 2706/1076/1584
f 1658/1630/51 3397/1630/51 3396/1631/51
f 1444/1468/700 3183/1468/700 3182/1467/700
f 1238/1269/701 2977/1269/701 2976/1267/701
f 1634/1648/702 3373/1648/702 3372/1645/702
f 1302/1271/703 3041/1271/703 3040/1273/703
f 1452/1476/704 3191/1476/704 3190/1475/704
f 1649/1650/705 1650/1647/705 3389/1647/705
f 1246/1284/706 2985/1996/706 2984/1283/706
f 1460/1484/707 3199/1484/707 3198/1483/707
f 1468/1492/23 3207/1492/23 3206/1495/23
f 1270/1289/708 3009/1289/708 3008/1292/708
f 1642/1665/709 3381/1665/709 3380/1663/709
f 1508/1500/710 3247/1500/710 3246/1496/710
f 1294/1294/711 3033/1294/711 3032/1300/711
f 1072/1095/712 2811/1095/712 2810/1092/712
f 1682/1655/713 3421/1655/713 3420/1667/713
f 1500/1505/714 3239/1505/714 3238/1507/714
f 1254/1304/715 2993/1304/715 2992/1302/715
f 1620/1517/716 3359/1517/716 3358/1516/716
f 1056/1111/717 2795/1111/717 2794/1106/717
f 1666/1674/718 3405/1674/718 3404/1672/718
f 1262/1310/719 3001/1310/719 3000/1312/719
f 1063/1119/720 1064/1115/720 2803/1992/720
f 1674/1679/721 3413/1679/721 3412/1681/721
f 1516/1530/722 3255/1530/722 3254/1528/722
f 1706/1695/723 3445/1695/723 3444/1696/723
f 1278/1326/724 3017/1326/724 3016/1324/724
f 1714/1697/2 3453/1697/2 3452/1688/2
f 1612/1534/725 3351/1534/725 3350/1535/725
f 1286/1328/726 3025/1328/726 3024/1331/726
f 1088/1121/727 2827/1121/727 2826/1123/727
f 1604/1544/728 3343/1544/728 3342/1545/728
f 1334/1335/729 3073/1335/729 3072/1336/729
f 1080/1124/730 2819/1124/730 2818/1120/730
f 1713/1688/23 3452/1688/23 3478/1699/23
f 1596/1554/731 3335/1554/731 3334/1555/731
f 1333/1336/732 3072/1336/732 3119/1337/732
f 1722/1709/733 3461/1709/733 3460/1708/733
f 1381/1350/734 3120/1350/734 3167/1351/734
f 1168/1139/735 2907/1139/735 2906/1140/735
f 1730/1721/736 3469/1721/736 3468/1720/736
f 1382/1352/737 3121/1352/737 3120/1350/737
f 1176/1150/738 2915/1150/738 2914/1147/738
f 1698/1719/739 3437/1719/739 3436/1722/739
f 1524/1566/740 3263/1566/740 3262/1563/740
f 1374/1348/741 3113/1348/741 3112/1357/741
f 1160/1154/742 2899/1154/742 2898/1157/742
f 1588/1565/743 3327/1565/743 3326/1567/743
f 1580/1579/744 3319/1579/744 3318/1581/744
f 1738/1732/745 3477/1732/745 3476/1731/745
f 1184/1161/746 2923/1161/746 2922/1159/746
f 1690/1738/747 3429/1738/747 3428/1739/747
f 1532/1588/748 3271/1588/748 3270/1586/748
f 1192/1173/749 2931/1173/749 2930/1172/749
f 322/1/750 2061/1/750 2062/2/750
f 1208/1180/751 2947/1180/751 2946/1181/751
f 1548/1596/752 3287/1596/752 3286/1599/752
f 330/15/753 2069/15/753 2070/17/753
f 1152/1176/754 2891/1176/754 2890/1187/754
f 314/18/755 2053/18/755 2054/16/755
f 1540/1605/756 3279/1605/756 3278/1603/756
f 1342/1366/757 3081/1366/757 3080/1358/757
f 1422/1367/758 3161/1367/758 3160/1369/758
f 1390/1374/759 3129/1374/759 3128/1370/759
f 1200/1193/760 2939/1193/760 2938/1194/760
f 1414/1393/761 3153/1393/761 3152/1395/761
f 338/31/762 2077/31/762 2078/34/762
f 1556/1613/763 3295/1613/763 3294/1582/763
f 1398/1400/764 3137/1400/764 3136/1397/764
f 1136/1202/765 2875/1202/765 2874/1201/765
f 514/36/1585 2253/36/1585 2254/33/1585
f 1572/1614/767 3311/1614/767 3310/1617/767
f 306/37/768 2045/37/768 2046/32/768
f 1144/1212/769 2883/1212/769 2882/1211/769
f 1365/1402/770 1366/1398/770 3105/1998/770
f 1224/1213/771 2963/1213/771 2962/1214/771
f 1564/1626/772 3303/1626/772 3302/1624/772
f 1660/1641/773 3399/1641/773 3398/1638/773
f 1216/1223/774 2955/1223/774 2954/1225/774
f 1328/1236/775 3067/1236/775 3066/1235/775
f 1652/1642/776 3391/1642/776 3390/1644/776
f 1350/1407/777 3089/1407/777 3088/1401/777
f 1232/1247/778 2971/1247/778 2970/1244/778
f 1636/1652/779 3375/1652/779 3374/1649/779
f 1406/1417/780 3145/1417/780 3144/1419/780
f 522/50/781 2261/50/781 2262/54/781
f 1358/1429/782 3097/1429/782 3096/1430/782
f 1320/1245/783 3059/1245/783 3058/1248/783
f 506/55/1586 2245/55/1586 2246/53/1586
f 1644/1664/785 3383/1664/785 3382/1666/785
f 1312/1256/786 3051/1256/786 3050/1257/786
f 530/73/787 2269/73/787 2270/77/787
f 1430/1432/3 3169/1432/3 3168/1433/3
f 1304/1268/788 3043/1268/788 3042/1270/788
f 1429/1433/23 3168/1433/23 3175/1434/23
f 498/82/789 2237/82/789 2238/78/789
f 1676/1676/790 3415/1676/790 3414/1678/790
f 1438/1440/3 3177/1440/3 3176/1441/3
f 1240/1274/791 2979/1274/791 2978/1272/791
f 1437/1441/23 3176/1441/23 3232/1442/23
f 346/80/792 2085/80/792 2086/86/792
f 1668/1680/793 3407/1680/793 3406/1677/793
f 1272/1287/51 3011/1287/51 3010/1288/51
f 298/89/794 2037/89/794 2038/85/794
f 1478/1447/795 3217/1447/795 3216/1450/795
f 1708/1693/796 3447/1693/796 3446/1694/796
f 1296/1285/797 3035/1285/797 3034/1290/797
f 1716/1701/798 3455/1701/798 3454/1700/798
f 1486/1453/799 3225/1453/799 3224/1451/799
f 1248/1291/800 2987/1291/800 2986/1997/800
f 1724/1712/801 3463/1712/801 3462/1710/801
f 538/101/802 2277/101/802 2278/105/802
f 490/108/803 2229/108/803 2230/106/803
f 1700/1714/804 3439/1714/804 3438/1717/804
f 1264/1305/805 3003/1305/805 3002/1308/805
f 1256/1309/806 2995/1309/806 2994/1307/806
f 1732/1724/807 3471/1724/807 3470/1723/807
f 1446/1470/808 3185/1470/808 3184/1469/808
f 1288/1322/809 3027/1322/809 3026/1325/809
f 354/118/810 2093/118/810 2094/122/810
f 1692/1736/811 3431/1736/811 3430/1737/811
f 1454/1477/812 3193/1477/812 3192/1463/812
f 324/3/232 2063/3/232 2064/5/232
f 2/126/3 1741/1744/3 1742/1745/3
f 316/14/814 2055/14/814 2056/12/814
f 1462/1487/175 3201/1487/175 3200/1486/175
f 1280/1329/815 3019/1329/815 3018/1327/815
f 1470/1485/816 3209/1485/816 3208/1488/816
f 10/135/817 1749/1752/817 1750/1753/817
f 290/143/818 2029/143/818 2030/121/818
f 332/19/819 2071/19/819 2072/21/819
f 1502/1502/820 3241/1502/820 3240/1504/820
f 1336/1341/821 3075/1341/821 3074/1339/821
f 308/30/822 2047/30/822 2048/28/822
f 1510/1506/823 3249/1506/823 3248/1503/823
f 1376/1344/824 3115/1344/824 3114/1346/824
f 1622/1519/825 3361/1519/825 3360/1518/825
f 1384/1356/826 3123/1356/826 3122/1354/826
f 18/147/827 1757/1760/827 1758/1761/827
f 1614/1531/828 3353/1531/828 3352/1533/828
f 1424/1361/829 3163/1361/829 3162/1363/829
f 546/149/830 2285/149/830 2286/157/830
f 516/35/249 2255/35/249 2256/40/249
f 1025/1000/831 2764/1000/831 2763/999/831
f 1344/1376/832 3083/1376/832 3082/1372/832
f 482/165/833 2221/165/833 2222/158/833
f 1392/1380/834 3131/1380/834 3130/1378/834
f 26/163/835 1765/1768/835 1766/1769/835
f 985/1003/836 2724/1003/836 2723/1007/836
f 1416/1386/837 3155/1386/837 3154/1389/837
f 218/184/838 1957/1782/838 1958/1781/838
f 1606/1541/839 3345/1541/839 3344/1542/839
f 1518/1543/840 3257/1543/840 3256/1538/840
f 1368/1387/841 3107/1387/841 3106/1392/841
f 210/202/842 1949/1795/842 1950/1793/842
f 508/49/843 2247/49/843 2248/47/843
f 1033/1011/844 2772/1011/844 2771/1009/844
f 1598/1551/845 3337/1551/845 3336/1552/845
f 1096/1020/51 2835/1020/51 2871/1014/51
f 1590/1562/1587 3329/1562/1587 3328/1564/1587
f 340/38/847 2079/38/847 2080/52/847
f 1400/1406/848 3139/1406/848 3138/1999/848
f 34/201/120 1773/1794/120 1774/1797/120
f 524/56/849 2263/56/849 2264/60/849
f 1408/1411/850 3147/1411/850 3146/1413/850
f 500/74/851 2239/74/851 2240/72/851
f 1041/1024/852 2780/1024/852 2779/1022/852
f 300/79/853 2039/79/853 2040/75/853
f 1128/1025/854 1129/1023/854 2868/1023/854
f 1525/1568/855 1526/1571/855 3265/1571/855
f 362/209/856 2101/209/856 2102/218/856
f 1121/1036/857 2860/1036/857 2859/1038/857
f 1582/1575/858 3321/1575/858 3320/1577/858
f 202/225/859 1941/1808/859 1942/1806/859
f 282/226/860 2021/226/860 2022/217/860
f 1352/1420/861 3091/1420/861 3090/1415/861
f 532/81/862 2271/81/862 2272/83/862
f 1534/1593/863 3273/1593/863 3272/1590/863
f 1360/1425/864 3099/1425/864 3098/2001/864
f 1097/1045/1588 2836/1045/1588 2835/1020/1588
f 554/222/866 2293/222/866 2294/230/866
f 1049/1046/867 2788/1046/867 2787/1042/867
f 1550/1592/868 3289/1592/868 3288/1594/868
f 1432/1435/2 3171/1435/2 3170/1431/2
f 474/239/869 2213/239/869 2214/231/869
f 348/90/870 2087/90/870 2088/96/870
f 961/1055/871 2700/1055/871 2699/1050/871
f 1542/1609/872 3281/1609/872 3280/1607/872
f 492/102/873 2231/102/873 2232/98/873
f 1113/1060/874 2852/1060/874 2851/1067/874
f 1574/1611/875 3313/1611/875 3312/1612/875
f 1480/1444/876 3219/1444/876 3218/1445/876
f 42/237/877 1781/1814/877 1782/1816/877
f 540/107/878 2279/107/878 2280/111/878
f 194/251/879 1933/1822/879 1934/1820/879
f 292/117/880 2031/117/880 2032/113/880
f 977/1071/881 2716/1071/881 2715/1074/881
f 1558/1616/882 3297/1616/882 3296/1615/882
f 1488/1456/883 3227/1456/883 3226/1454/883
f 186/272/884 1925/1835/884 1926/1834/884
f 1105/1081/885 2844/1081/885 2843/1075/885
f 1566/1629/886 3305/1629/886 3304/1627/886
f 4/129/887 1743/1746/887 1744/1747/887
f 969/1083/888 2708/1083/888 2707/1079/888
f 1448/1472/889 3187/1472/889 3186/1471/889
f 50/270/890 1789/1833/890 1790/1836/890
f 1630/1635/3 3369/1635/3 3368/1636/3
f 178/287/891 1917/1846/891 1918/1845/891
f 12/137/892 1751/1754/892 1752/1755/892
f 1073/1098/893 2812/1098/893 2811/1095/893
f 1456/1479/894 3195/1479/894 3194/1478/894
f 1654/1639/895 3393/1639/895 3392/1640/895
f 1472/1464/896 3211/1464/896 3210/1481/896
f 484/150/897 2223/150/897 2224/141/897
f 1662/1651/898 3401/1651/898 3400/1646/898
f 1440/1490/2 3179/1490/2 3178/1439/2
f 58/301/1589 1797/1854/1589 1798/1855/1589
f 1065/1112/900 2804/1112/900 2803/1992/900
f 1464/1491/901 3203/1491/901 3202/1489/901
f 67/307/902 1806/1860/902 1805/1859/902
f 356/144/903 2095/144/903 2096/153/903
f 1057/1118/904 2796/1118/904 2795/1111/904
f 1638/1657/905 3377/1657/905 3376/1654/905
f 370/297/906 2109/297/906 2110/312/906
f 20/151/907 1759/1762/907 1760/1763/907
f 1089/1117/908 2828/1117/908 2827/1121/908
f 1504/1499/909 3243/1499/909 3242/1501/909
f 562/299/910 2301/299/910 2302/315/910
f 1646/1658/911 3385/1658/911 3384/1662/911
f 1512/1512/912 3251/1512/912 3250/1509/912
f 548/164/913 2287/164/913 2288/170/913
f 1678/1673/914 3417/1673/914 3416/1675/914
f 74/322/915 1813/1871/915 1814/1872/915
f 28/169/916 1767/1770/916 1768/1772/916
f 1080/1124/917 1081/1128/917 2820/1993/917
f 1496/1511/918 3235/1511/918 3234/1513/918
f 274/324/919 2013/324/919 2014/311/919
f 220/180/920 1959/1780/920 1960/1779/920
f 1624/1521/921 3363/1521/921 3362/1520/921
f 212/195/922 1951/1792/922 1952/1790/922
f 1169/1138/923 2908/1138/923 2907/1139/923
f 1616/1529/924 3355/1529/924 3354/1532/924
f 284/208/925 2023/208/925 2024/198/925
f 1177/1151/926 2916/1151/926 2915/1150/926
f 1670/1685/927 3409/1685/927 3408/1682/927
f 1608/1539/928 3347/1539/928 3346/1540/928
f 466/326/929 2205/326/929 2206/316/929
f 1161/1148/930 2900/1148/930 2899/1154/930
f 170/343/931 1909/1884/931 1910/1883/931
f 1710/1691/932 3449/1691/932 3448/1692/932
f 36/211/933 1775/1800/933 1776/1802/933
f 1185/1162/934 2924/1162/934 2923/1161/934
f 1718/1704/935 3457/1704/935 3456/1702/935
f 1600/1549/936 3339/1549/936 3338/1550/936
f 204/219/937 1943/1804/937 1944/1803/937
f 1193/1175/938 2932/1175/938 2931/1173/938
f 476/223/939 2215/223/939 2216/215/939
f 1702/1707/940 3441/1707/940 3440/1711/940
f 82/344/50 1821/1885/50 1822/1889/50
f 1153/1174/941 2892/1174/941 2891/1176/941
f 1520/1553/942 3259/1553/942 3258/1547/942
f 162/360/1590 1901/1897/1590 1902/1895/1590
f 1592/1559/944 3331/1559/944 3330/1560/944
f 364/227/945 2103/227/945 2104/236/945
f 1726/1715/946 3465/1715/946 3464/1713/946
f 1209/1178/947 2948/1178/947 2947/1180/947
f 1734/1727/948 3473/1727/948 3472/1726/948
f 90/372/949 1829/1905/949 1830/1907/949
f 196/244/950 1935/1819/950 1936/1817/950
f 1584/1572/951 3323/1572/951 3322/1574/951
f 154/384/952 1893/1913/952 1894/1910/952
f 1201/1191/953 2940/1191/953 2939/1193/953
f 1694/1734/954 3433/1734/954 3432/1735/954
f 556/238/955 2295/238/955 2296/247/955
f 1686/1741/2 3425/1741/2 3424/1686/2
f 1528/1576/956 3267/1576/956 3266/1573/956
f 1137/1203/957 2876/1203/957 2875/1202/957
f 326/7/958 2065/7/958 2066/9/958
f 98/397/959 1837/1920/959 1838/1922/959
f 44/243/960 1783/1818/960 1784/1821/960
f 1145/1210/961 2884/1995/961 2883/1212/961
f 318/10/962 2057/10/962 2058/8/962
f 1552/1587/963 3291/1587/963 3290/1589/963
f 188/269/1591 1927/1832/1591 1928/1831/1591
f 1225/1218/965 2964/1218/965 2963/1213/965
f 570/395/966 2309/395/966 2310/402/966
f 1536/1597/967 3275/1597/967 3274/1595/967
f 1217/1222/968 2956/1222/968 2955/1223/968
f 334/23/969 2073/23/969 2074/25/969
f 458/409/970 2197/409/970 2198/403/970
f 310/26/1592 2049/26/1592 2050/24/1592
f 1544/1606/972 3283/1606/972 3282/1608/972
f 1329/1237/973 3068/1237/973 3067/1236/973
f 1576/1598/974 3315/1598/974 3314/1610/974
f 378/400/975 2117/400/975 2118/1927/975
f 52/278/976 1791/1839/976 1792/1843/976
f 1321/1246/977 3060/1246/977 3059/1245/977
f 146/414/978 1885/1930/978 1886/1928/978
f 180/285/979 1919/1844/979 1920/1842/979
f 518/42/980 2257/42/980 2258/44/980
f 1560/1619/981 3299/1619/981 3298/1618/981
f 266/420/982 2005/420/982 2006/411/982
f 276/296/88 2015/296/88 2016/280/88
f 510/45/983 2249/45/983 2250/43/983
f 1567/1628/984 1568/1625/984 3307/2002/984
f 1655/1633/23 1656/1632/23 3395/2003/23
f 468/300/985 2207/300/985 2208/292/985
f 342/58/986 2081/58/986 2082/64/986
f 1632/1643/987 3371/1643/987 3370/1634/987
f 138/438/988 1877/1942/988 1878/1941/988
f 1233/1254/989 2972/1254/989 2971/1247/989
f 526/62/990 2265/62/990 2266/66/990
f 1313/1255/991 3052/1255/991 3051/1256/991
f 502/68/992 2241/68/992 2242/65/992
f 1647/1656/993 1648/1653/993 3387/1653/993
f 60/305/994 1799/1858/994 1800/1861/994
f 1305/1266/995 3044/1266/995 3043/1268/995
f 302/69/996 2041/69/996 2042/63/996
f 106/434/997 1845/1940/997 1846/1944/997
f 68/309/1593 1807/1862/1593 1808/2007/1593
f 1640/1661/999 3379/1661/999 3378/1659/999
f 130/455/1000 1869/1953/1000 1870/1951/1000
f 578/460/1001 2317/460/1001 2318/466/1001
f 1241/1276/1002 2980/1276/1002 2979/1274/1002
f 451/467/1003 450/473/1003 2189/473/1003
f 76/328/1004 1815/1873/1004 1816/1874/1004
f 1297/1282/1005 3036/1282/1005 3035/1285/1005
f 534/87/1006 2273/87/1006 2274/91/1006
f 1664/1669/1007 3403/1669/1007 3402/1660/1007
f 494/94/1008 2233/94/1008 2234/92/1008
f 1680/1670/1009 3419/1670/1009 3418/1671/1009
f 114/476/1010 1853/1963/1010 1854/1964/1010
f 564/325/72 2303/325/72 2304/334/72
f 1249/1293/1011 2988/1293/1011 2987/1291/1011
f 1672/1683/1012 3411/1683/1012 3410/1684/1012
f 372/327/1013 2111/327/1013 2112/339/1013
f 386/474/1014 2125/474/1014 2126/481/1014
f 172/341/1015 1911/1882/1015 1912/1881/1015
f 1265/1303/1016 3004/1303/1016 3003/1305/1016
f 350/100/1017 2089/100/1017 2090/104/1017
f 1712/1689/1018 3451/1689/1018 3450/1690/1018
f 258/490/1019 1997/490/1019 1998/482/1019
f 294/109/1020 2033/109/1020 2034/103/1020
f 164/352/1594 1903/1893/1594 1904/1891/1594
f 1257/1311/1022 2996/1311/1022 2995/1309/1022
f 1704/1698/1023 3443/1698/1023 3442/1703/1023
f 122/494/1024 1861/1971/1024 1862/1972/1024
f 84/351/1025 1823/1892/1025 1824/1894/1025
f 542/115/1026 2281/115/1026 2282/119/1026
f 156/377/1027 1895/1908/1027 1896/1906/1027
f 1273/1318/1028 3012/1318/1028 3011/1287/1028
f 486/124/1029 2225/124/1029 2226/120/1029
f 1720/1706/1030 3459/1706/1030 3458/1705/1030
f 586/506/50 2325/506/50 2326/510/50
f 1289/1320/1031 3028/1320/1031 3027/1322/1031
f 442/514/1032 2181/514/1032 2182/509/1032
f 6/131/1033 1745/1748/1033 1746/1749/1033
f 1728/1718/1034 3467/1718/1034 3466/1716/1034
f 92/378/1035 1831/1909/1035 1832/1911/1035
f 1281/1330/1036 3020/1330/1036 3019/1329/1036
f 1736/1729/1037 3475/1729/1037 3474/1728/1037
f 460/394/1038 2199/394/1038 2200/385/1038
f 14/139/1595 1753/1756/1595 1754/1757/1595
f 394/521/1040 2133/521/1040 2134/525/1040
f 268/401/1041 2007/401/1041 2008/392/1041
f 1696/1725/1042 3435/1725/1042 3434/1730/1042
f 250/531/1043 1989/531/1043 1990/526/1043
f 1337/1343/386 3076/1343/386 3075/1341/386
f 22/155/1044 1761/1764/1044 1762/1765/1044
f 1377/1342/389 3116/1342/389 3115/1344/389
f 1385/1360/392 3124/1360/392 3123/1356/392
f 594/533/1045 2333/533/1045 2334/537/1045
f 100/405/1046 1839/1924/1046 1840/1925/1046
f 1425/1359/396 3164/1359/396 3163/1361/396
f 358/161/1047 2097/161/1047 2098/168/1047
f 434/540/1048 2173/540/1048 2174/538/1048
f 148/407/1049 1887/1926/1049 1888/1923/1049
f 602/559/1050 2341/559/1050 2342/561/1050
f 572/408/1051 2311/408/1051 2312/415/1051
f 222/178/1052 1961/1778/1052 1962/1777/1052
f 426/566/1053 2165/566/1053 2166/562/1053
f 1345/1382/403 3084/1382/403 3083/1376/403
f 1393/1384/405 3132/1384/405 3131/1380/405
f 380/419/1054 2119/419/1054 2120/427/1054
f 1417/1383/408 3156/1383/408 3155/1386/408
f 402/563/1055 2141/563/1055 2142/569/1055
f 140/433/1056 1879/1939/1056 1880/1938/1056
f 242/583/1057 1981/583/1057 1982/570/1057
f 1369/1381/1058 3108/1381/1058 3107/1387/1058
f 286/182/1059 2025/182/1059 2026/167/1059
f 1688/1740/2 3427/1740/2 3426/1733/2
f 320/6/1060 2059/6/1060 2060/4/1060
f 132/452/1061 1871/1950/1061 1872/1949/1061
f 1401/1410/417 3140/1410/417 3139/1406/417
f 30/175/1062 1769/1775/1062 1770/1783/1062
f 410/595/1063 2149/595/1063 2150/597/1063
f 1409/1409/419 3148/1409/419 3147/1411/419
f 328/11/1064 2067/11/1064 2068/13/1064
f 234/599/1065 1973/599/1065 1974/596/1065
f 214/192/1066 1953/1789/1066 1954/1787/1066
f 312/22/1067 2051/22/1067 2052/20/1067
f 108/447/1068 1847/1947/1068 1848/1952/1068
f 452/461/1069 2191/461/1069 2192/450/1069
f 1353/1422/425 3092/1422/425 3091/1420/425
f 550/186/1070 2289/186/1070 2290/196/1070
f 260/475/1071 1999/475/1071 2000/469/1071
f 1361/1423/428 3100/1423/428 3099/1425/428
f 478/206/1072 2217/206/1072 2218/197/1072
f 336/27/1073 2075/27/1073 2076/29/1073
f 651/614/1074 2390/614/1074 2389/615/1074
f 206/212/1075 1945/1801/1075 1946/1799/1075
f 512/41/1076 2251/41/1076 2252/39/1076
f 1433/1436/51 3172/1436/51 3171/1435/51
f 520/46/1077 2259/46/1077 2260/48/1077
f 643/630/1078 2382/630/1078 2381/632/1078
f 580/472/1079 2319/472/1079 2320/478/1079
f 304/57/1080 2043/57/1080 2044/51/1080
f 116/480/1081 1855/1965/1081 1856/1966/1081
f 1481/1443/1082 3220/1443/1082 3219/1444/1082
f 38/220/1083 1777/1805/1083 1778/1807/1083
f 659/636/1084 2398/636/1084 2397/633/1084
f 1489/1457/1085 3228/1457/1085 3227/1456/1085
f 198/240/1086 1937/1815/1086 1938/1813/1086
f 1473/1460/1087 3212/1460/1087 3211/1464/1087
f 504/61/1088 2243/61/1088 2244/59/1088
f 635/645/1089 2374/645/1089 2373/644/1089
f 389/499/1090 388/489/1090 2127/489/1090
f 1449/1473/1091 3188/1473/1091 3187/1472/1091
f 627/650/1092 2366/650/1092 2365/654/1092
f 444/505/1093 2183/505/1093 2184/502/1093
f 528/67/1094 2267/67/1094 2268/71/1094
f 588/513/1095 2327/513/1095 2328/516/1095
f 1457/1480/1096 3196/1480/1096 3195/1479/1096
f 619/662/1097 2358/662/1097 2357/661/1097
f 252/522/1098 1991/522/1098 1992/518/1098
f 1441/1465/23 3180/1465/23 3179/1490/23
f 366/246/1099 2105/246/1099 2106/257/1099
f 667/668/729 2406/668/729 2405/669/729
f 46/252/1100 1785/1823/1100 1786/1825/1100
f 344/70/1101 2083/70/1101 2084/76/1101
f 666/669/732 2405/669/732 2452/670/732
f 190/262/1102 1929/1829/1102 1930/1827/1102
f 496/88/1103 2235/88/1103 2236/84/1103
f 714/683/734 2453/683/734 2500/684/734
f 1465/1493/1104 3204/1493/1104 3203/1491/1104
f 558/253/1105 2297/253/1105 2298/263/1105
f 536/93/1106 2275/93/1106 2276/97/1106
f 715/685/737 2454/685/737 2453/683/737
f 436/534/1107 2175/534/1107 2176/530/1107
f 278/267/1108 2017/267/1108 2018/256/1108
f 296/99/1109 2035/99/1109 2036/95/1109
f 1505/1498/1110 3244/1498/1110 3243/1499/1110
f 707/681/741 2446/681/741 2445/690/741
f 396/532/1111 2135/532/1111 2136/535/1111
f 596/539/1112 2335/539/1112 2336/543/1112
f 470/275/1113 2209/275/1113 2210/264/1113
f 428/560/1114 2167/560/1114 2168/1976/1114
f 1497/1510/1115 3236/1510/1115 3235/1511/1115
f 182/282/1116 1921/1841/1116 1922/1840/1116
f 244/564/1117 1983/564/1117 1984/557/1117
f 352/110/1118 2091/110/1118 2092/114/1118
f 1513/1515/1119 3252/1515/1119 3251/1512/1119
f 488/116/1120 2227/116/1120 2228/112/1120
f 1625/1522/1121 3364/1522/1121 3363/1521/1121
f 54/290/1122 1793/1849/1122 1794/1851/1122
f 1617/1526/1123 3356/1526/1123 3355/1529/1123
f 8/133/1124 1747/1750/1124 1748/1751/1124
f 604/565/1125 2343/565/1125 2344/567/1125
f 1609/1537/1126 3348/1537/1126 3347/1539/1126
f 544/123/1127 2283/123/1127 2284/140/1127
f 675/699/757 2414/699/757 2413/691/757
f 421/578/1128 420/580/1128 2159/580/1128
f 1601/1548/1129 3340/1548/1129 3339/1549/1129
f 63/303/1130 1802/1856/1130 1801/1864/1130
f 755/700/758 2494/700/758 2493/702/758
f 16/145/1131 1755/1758/1131 1756/1759/1131
f 723/707/759 2462/707/759 2461/703/759
f 404/582/1132 2143/582/1132 2144/584/1132
f 70/318/1133 1809/1867/1133 1810/1868/1133
f 747/726/761 2486/726/761 2485/728/761
f 236/594/1134 1975/594/1134 1976/592/1134
f 288/160/1135 2027/160/1135 2028/152/1135
f 731/733/764 2470/733/764 2469/730/764
f 78/330/1596 1817/1875/1596 1818/1876/1596
f 1521/1557/1137 3260/1557/1137 3259/1553/1137
f 174/335/2 1913/1878/2 1914/1848/2
f 24/159/1138 1763/1766/1138 1764/1767/1138
f 412/598/1139 2151/598/1139 2152/600/1139
f 1593/1558/1140 3332/1558/1140 3331/1559/1140
f 166/349/1141 1905/1890/1141 1906/1888/1141
f 699/731/770 2438/731/770 2437/735/770
f 229/609/1142 228/611/1142 1967/611/1142
f 1585/1570/1143 3324/1570/1143 3323/1572/1143
f 224/174/1144 1963/1774/1144 1964/1773/1144
f 226/127/23 1965/1743/23 1915/1776/23
f 653/617/1145 2392/617/1145 2391/613/1145
f 1529/1578/1146 3268/1578/1146 3267/1576/1146
f 481/171/1147 480/187/1147 2219/1784/1147
f 86/359/1148 1825/1896/1148 1826/1899/1148
f 683/740/777 2422/740/777 2421/734/777
f 1553/1584/1149 3292/1584/1149 3291/1587/1149
f 216/189/1597 1955/1786/1597 1956/1785/1597
f 738/752/780 739/750/780 2478/750/780
f 645/623/1151 2384/623/1151 2383/629/1151
f 566/354/1152 2305/354/1152 2306/366/1152
f 690/763/782 691/762/782 2430/762/782
f 158/369/1153 1897/1904/1153 1898/1902/1153
f 803/772/1154 2542/772/1154 2541/770/1154
f 637/647/1155 2376/647/1155 2375/646/1155
f 1577/1591/1156 3316/1591/1156 3315/1598/1156
f 374/357/1157 2113/357/1157 2114/370/1157
f 661/649/1158 2400/649/1158 2399/638/1158
f 1537/1600/1159 3276/1600/1159 3275/1597/1159
f 462/375/1160 2201/375/1160 2202/365/1160
f 32/191/1598 1771/1788/1598 1772/1791/1598
f 795/771/438 2534/771/438 2533/773/438
f 270/382/1162 2009/382/1162 2010/371/1162
f 629/639/1163 2368/639/1163 2367/651/1163
f 1545/1604/1164 3284/1604/1164 3283/1606/1164
f 360/183/1165 2099/183/1165 2100/199/1165
f 851/785/1166 2590/785/1166 2589/783/1166
f 208/207/1167 1947/1798/1167 1948/1796/1167
f 843/790/1168 2582/790/1168 2581/792/1168
f 552/205/1599 2291/205/1599 2292/214/1599
f 859/807/1170 2598/807/1170 2597/805/1170
f 1561/1621/1171 3300/1621/1171 3299/1619/1171
f 621/659/1172 2360/659/1172 2359/663/1172
f 1569/1622/1173 3308/1622/1173 3307/2002/1173
f 94/383/1174 1833/1912/1174 1834/1914/1174
f 150/398/1175 1889/1921/1175 1890/1919/1175
f 200/232/1176 1939/1811/1176 1940/1810/1176
f 1657/1631/3 3396/1631/3 3395/2003/3
f 811/812/1177 2550/812/1177 2549/808/1177
f 1633/1645/1178 3372/1645/1178 3371/1643/1178
f 40/228/1179 1779/1809/1179 1780/1812/1179
f 613/667/2 2352/667/2 2351/624/2
f 280/245/1180 2019/245/1180 2020/235/1180
f 1649/1650/1181 3388/1650/1181 3387/1653/1181
f 102/413/1182 1841/1929/1182 1842/1932/1182
f 787/813/2 2526/813/2 2525/815/2
f 142/426/1183 1881/1936/1183 1882/1935/1183
f 763/824/1184 2502/824/1184 2501/825/1184
f 669/674/821 2408/674/821 2407/672/821
f 1641/1663/1185 3380/1663/1185 3379/1661/1185
f 574/424/1186 2313/424/1186 2314/431/1186
f 762/825/23 2501/825/23 2574/826/23
f 709/677/824 2448/677/824 2447/679/824
f 472/254/1187 2211/254/1187 2212/248/1187
f 717/689/826 2456/689/826 2455/687/826
f 454/440/1188 2193/440/1188 2194/432/1188
f 192/259/1189 1931/1826/1189 1932/1824/1189
f 779/831/1190 2518/831/1190 2517/834/1190
f 757/694/829 2496/694/829 2495/696/829
f 1681/1667/1191 3420/1667/1191 3419/1670/1191
f 382/437/1192 2121/437/1192 2122/446/1192
f 771/841/1193 2510/841/1193 2509/839/1193
f 1665/1672/1194 3404/1672/1194 3403/1669/1194
f 134/448/1195 1873/1948/1195 1874/1946/1195
f 48/261/1196 1787/1828/1196 1788/1830/1196
f 677/709/1197 2416/709/1197 2415/705/1197
f 1673/1681/1198 3412/1681/1198 3411/1683/1198
f 126/459/1199 1865/1957/1199 1866/1956/1199
f 725/713/834 2464/713/834 2463/711/834
f 262/462/1200 2001/462/1200 2002/445/1200
f 835/826/1201 2574/826/1201 2573/847/1201
f 749/719/837 2488/719/837 2487/722/837
f 184/277/1202 1923/1838/1202 1924/1837/1202
f 819/848/1203 2558/848/1203 2557/846/1203
f 1705/1696/1204 3444/1696/1204 3443/1698/1204
f 110/464/1205 1849/1958/1205 1850/1959/1205
f 368/268/1206 2107/268/1206 2108/281/1206
f 827/858/1207 2566/858/1207 2565/859/1207
f 701/720/1208 2440/720/1208 2439/725/1208
f 176/176/3 1915/1776/3 1916/1847/3
f 875/868/1209 2614/868/1209 2613/863/1209
f 118/486/1210 1857/1967/1210 1858/1968/1210
f 560/274/1211 2299/274/1211 2300/291/1211
f 582/484/1212 2321/484/1212 2322/492/1212
f 867/871/1213 2606/871/1213 2605/873/1213
f 733/739/1214 2472/739/1214 2471/737/1214
f 1721/1708/1215 3460/1708/1215 3459/1706/1215
f 446/498/1216 2185/498/1216 2186/493/1216
f 955/886/1217 2694/886/1217 2693/885/1217
f 741/744/850 2480/744/850 2479/746/850
f 1729/1720/1218 3468/1720/1218 3467/1718/1218
f 56/295/1219 1795/1852/1219 1796/1853/1219
f 947/895/1220 2686/895/1220 2685/894/1220
f 65/304/1221 1804/1857/1221 1803/1850/1221
f 1697/1722/1222 3436/1722/1222 3435/1725/1222
f 390/503/1223 2129/503/1223 2130/507/1223
f 254/512/1224 1993/512/1224 1994/508/1224
f 72/320/1225 1811/1869/1225 1812/1870/1225
f 939/904/1226 2678/904/1226 2677/905/1226
f 685/753/861 2424/753/861 2423/748/861
f 883/906/1227 2622/906/1227 2621/903/1227
f 693/758/864 2432/758/864 2431/760/864
f 80/332/1228 1819/1877/1228 1820/1879/1228
f 931/917/1229 2670/917/1229 2669/918/1229
f 1737/1731/1230 3476/1731/1230 3475/1729/1230
f 590/520/1231 2329/520/1231 2330/524/1231
f 168/346/1232 1907/1887/1232 1908/1886/1232
f 797/767/1233 2536/767/1233 2535/769/1233
f 1689/1739/1234 3428/1739/1234 3427/1740/1234
f 438/527/1235 2177/527/1235 2178/523/1235
f 464/353/1236 2203/353/1236 2204/333/1236
f 272/358/1237 2011/358/1237 2012/340/1237
f 915/933/1238 2654/933/1238 2653/932/1238
f 805/776/1239 2544/776/1239 2543/774/1239
f 845/784/1240 2584/784/1240 2583/787/1240
f 399/546/1241 398/542/1241 2137/1975/1241
f 160/363/1242 1899/1900/1242 1900/1898/1242
f 853/791/1243 2592/791/1243 2591/789/1243
f 598/547/1244 2337/547/1244 2338/549/1244
f 837/806/1245 2576/806/1245 2575/809/1245
f 246/551/1246 1985/551/1246 1986/545/1246
f 923/938/1247 2662/938/1247 2661/941/1247
f 891/943/1248 2630/943/1248 2629/929/1248
f 789/803/1249 2528/803/1249 2527/810/1249
f 88/364/1250 1827/1901/1250 1828/1903/1250
f 907/948/1251 2646/948/1251 2645/949/1251
f 430/554/1252 2169/554/1252 2170/550/1252
f 899/958/1253 2638/1989/1253 2637/960/1253
f 836/809/3 2575/809/3 2599/811/3
f 606/571/1254 2345/571/1254 2346/573/1254
f 568/376/1255 2307/376/1255 2308/386/1255
f 995/963/735 2734/963/735 2733/965/735
f 422/576/1256 2161/576/1256 2162/574/1256
f 813/817/1257 2552/817/1257 2551/814/1257
f 406/586/1258 2145/586/1258 2146/588/1258
f 152/390/1259 1891/1917/1259 1892/1915/1259
f 238/590/1260 1977/590/1260 1978/589/1260
f 1003/972/1261 2742/972/1261 2741/971/1261
f 781/823/1262 2520/823/1262 2519/827/1262
f 376/381/1263 2115/381/1263 2116/391/1263
f 1011/984/1264 2750/984/1264 2749/983/1264
f 96/389/1265 1835/1916/1265 1836/1918/1265
f 1019/992/1266 2758/992/1266 2757/991/1266
f 765/829/1267 2504/829/1267 2503/828/1267
f 414/602/1268 2153/602/1268 2154/604/1268
f 144/421/1269 1883/1933/1269 1884/1931/1269
f 230/607/1270 1969/1977/1270 1970/605/1270
f 987/995/1271 2726/995/1271 2725/997/1271
f 773/844/1272 2512/844/1272 2511/843/1272
f 456/425/1273 2195/425/1273 2196/416/1273
f 647/620/1274 2386/620/1274 2385/621/1274
f 104/422/1275 1843/1934/1275 1844/1937/1275
f 655/622/1276 2394/622/1276 2393/619/1276
f 264/436/1277 2003/436/1277 2004/428/1277
f 1027/1002/1278 2766/1002/1278 2765/1001/1278
f 821/854/1279 2560/854/1279 2559/851/1279
f 829/855/1280 2568/855/1280 2567/856/1280
f 1035/1013/1281 2774/1013/1281 2773/1012/1281
f 631/641/1282 2370/641/1282 2369/640/1282
f 136/443/1283 1875/1945/1283 1876/1943/1283
f 869/869/1284 2608/869/1284 2607/870/1284
f 639/637/1285 2378/637/1285 2377/648/1285
f 576/439/1286 2315/439/1286 2316/449/1286
f 1131/1019/1287 2870/1019/1287 2869/1021/1287
f 877/876/1288 2616/876/1288 2615/872/1288
f 663/657/1289 2402/657/1289 2401/652/1289
f 128/457/1290 1867/1955/1290 1868/1954/1290
f 957/888/1291 2696/888/1291 2695/887/1291
f 949/892/1292 2688/892/1292 2687/891/1292
f 623/656/1293 2362/656/1293 2361/658/1293
f 941/901/1294 2680/901/1294 2679/902/1294
f 614/666/1295 615/665/1295 2354/665/1295
f 384/463/1296 2123/463/1296 2124/468/1296
f 1043/1029/1297 2782/1029/1297 2781/1026/1297
f 711/673/573 2450/673/573 2449/675/573
f 112/470/1298 1851/1961/1298 1852/1962/1298
f 1123/1033/1299 2862/1033/1299 2861/1035/1299
f 448/485/1300 2187/485/1300 2188/479/1300
f 1099/1049/1301 2838/1049/1301 2837/1047/1301
f 885/911/1302 2624/911/1302 2623/909/1302
f 120/488/1303 1859/1969/1303 1860/1970/1303
f 1115/1048/1304 2854/1048/1304 2853/1054/1304
f 933/913/1305 2672/913/1305 2671/915/1305
f 671/678/579 2410/678/579 2409/676/579
f 584/497/1306 2323/497/1306 2324/501/1306
f 925/931/1307 2664/931/1307 2663/935/1307
f 759/688/581 2498/688/581 2497/692/581
f 256/504/1308 1995/504/1308 1996/500/1308
f 917/936/1309 2656/936/1309 2655/934/1309
f 719/695/584 2458/695/584 2457/693/584
f 963/1063/1310 2702/1063/1310 2701/1058/1310
f 892/944/1311 893/945/1311 2632/945/1311
f 703/708/587 2442/708/587 2441/714/587
f 909/926/1312 2648/926/1312 2647/947/1312
f 901/956/1313 2640/1987/1313 2639/1988/1313
f 979/1064/1314 2718/1064/1314 2717/1068/1314
f 997/961/1315 2736/961/1315 2735/962/1315
f 751/712/592 2490/712/592 2489/716/592
f 392/511/1316 2131/511/1316 2132/517/1316
f 1005/976/1317 2744/976/1317 2743/974/1317
f 440/519/1318 2179/519/1318 2180/515/1318
f 679/718/595 2418/718/595 2417/715/595
f 592/528/1319 2331/528/1319 2332/529/1319
f 1051/1078/1320 2790/1078/1320 2789/1059/1320
f 989/978/1321 2728/978/1321 2727/980/1321
f 727/721/598 2466/721/598 2465/717/598
f 248/541/1322 1987/541/1322 1988/536/1322
f 743/738/600 2482/738/600 2481/742/600
f 971/1088/1323 2710/1088/1323 2709/1085/1323
f 1013/986/1324 2752/986/1324 2751/985/1324
f 735/745/604 2474/745/604 2473/743/604
f 1107/1090/1325 2846/1090/1325 2845/1086/1325
f 432/548/1326 2171/548/1326 2172/544/1326
f 1021/994/1327 2760/994/1327 2759/993/1327
f 694/756/608 695/754/608 2434/754/608
f 1075/1105/1328 2814/1105/1328 2813/1102/1328
f 687/757/610 2426/757/610 2425/755/610
f 600/553/1329 2339/553/1329 2340/555/1329
f 1067/1104/1330 2806/1104/1330 2805/1108/1330
f 1029/1005/1331 2768/1005/1331 2767/1004/1331
f 1091/1110/1332 2830/1110/1332 2829/1114/1332
f 799/765/1333 2538/765/1333 2537/766/1333
f 400/552/1334 2139/552/1334 2140/558/1334
f 1037/1016/1335 2776/1016/1335 2775/1015/1335
f 424/572/1336 2163/572/1336 2164/568/1336
f 608/575/1337 2347/575/1337 2348/577/1337
f 241/585/1338 240/587/1338 1979/587/1338
f 1125/1030/1339 2864/1030/1339 2863/1032/1339
f 847/780/1340 2586/780/1340 2585/782/1340
f 1059/1132/1341 2798/1132/1341 2797/1125/1341
f 1045/1034/1342 2784/1034/1342 2783/1031/1342
f 408/591/1343 2147/591/1343 2148/593/1343
f 1083/1134/1344 2822/1134/1344 2821/1131/1344
f 1117/1043/1062 2856/1043/1062 2855/1044/1062
f 807/788/1345 2546/788/1345 2545/778/1345
f 232/603/1346 1971/603/1346 1972/601/1346
f 1171/1135/51 2910/1135/51 2909/1136/51
f 855/795/1347 2594/795/1347 2593/793/1347
f 981/1057/1348 2720/1057/1348 2719/1061/1348
f 1101/1062/1349 2840/1062/1349 2839/1056/1349
f 791/786/1350 2530/786/1350 2529/797/1350
f 416/606/1351 2155/606/1351 2156/608/1351
f 1163/1144/1352 2902/1144/1352 2901/1145/1352
f 649/616/1353 2388/616/1353 2387/618/1353
f 965/1069/1354 2704/1069/1354 2703/1066/1354
f 839/800/1355 2578/800/1355 2577/804/1355
f 1179/1153/1356 2918/1153/1356 2917/1152/1356
f 665/626/23 2404/626/23 2403/627/23
f 1187/1165/1357 2926/1165/1357 2925/1164/1357
f 973/1084/1358 2712/1084/1358 2711/1087/1358
f 783/819/1359 2522/819/1359 2521/821/1359
f 657/631/1360 2396/631/1360 2395/628/1360
f 1108/1091/1361 1109/1089/1361 2848/1089/1361
f 815/822/1362 2554/822/1362 2553/820/1362
f 1155/1168/1363 2894/1168/1363 2893/1171/1363
f 641/634/1364 2380/634/1364 2379/635/1364
f 1053/1096/1365 2792/1096/1365 2791/1093/1365
f 767/833/1366 2506/833/1366 2505/832/1366
f 1195/1179/1367 2934/1179/1367 2933/1177/1367
f 1069/1097/1368 2808/1097/1368 2807/1101/1368
f 633/643/1369 2372/643/1369 2371/642/1369
f 1203/1189/1370 2942/1189/1370 2941/1190/1370
f 1093/1103/1371 2832/1103/1371 2831/1107/1371
f 775/842/1372 2514/842/1372 2513/845/1372
f 625/653/1373 2364/653/1373 2363/655/1373
f 831/852/1374 2570/852/1374 2569/853/1374
f 617/660/1375 2356/660/1375 2355/664/1375
f 1146/1205/1376 1147/1200/1376 2886/1200/1376
f 1077/1113/1377 2816/1113/1377 2815/1109/1377
f 713/670/644 2452/670/644 2451/671/644
f 1139/1206/1378 2878/1206/1378 2877/1204/1378
f 1061/1127/1379 2800/1127/1379 2799/1130/1379
f 1085/1129/1380 2824/1129/1380 2823/1133/1380
f 1219/1219/1381 2958/1219/1381 2957/1220/1381
f 673/682/650 2412/682/650 2411/680/650
f 1165/1142/1382 2904/1142/1382 2903/1143/1382
f 823/861/1383 2562/861/1383 2561/857/1383
f 1227/1224/1384 2966/1224/1384 2965/1221/1384
f 1181/1156/1385 2920/1156/1385 2919/1155/1385
f 761/684/654 2500/684/654 2499/686/654
f 1331/1239/1386 3070/1239/1386 3069/1238/1386
f 871/866/1387 2610/866/1387 2609/867/1387
f 721/701/478 2460/701/478 2459/697/478
f 1323/1243/1388 3062/1243/1388 3061/1242/1388
f 1157/1163/1389 2896/1163/1389 2895/1166/1389
f 1315/1252/1390 3054/1252/1390 3053/1253/1390
f 705/698/659 2444/698/659 2443/704/659
f 1189/1169/1391 2928/1169/1391 2927/1167/1391
f 863/877/1392 2602/877/1392 2601/878/1392
f 1205/1185/1393 2944/1185/1393 2943/1186/1393
f 753/706/661 2492/706/661 2491/710/661
f 1197/1188/1394 2936/1188/1394 2935/1184/1394
f 951/882/1395 2690/882/1395 2689/881/1395
f 1235/1261/1396 2974/1261/1396 2973/1258/1396
f 1149/1196/1397 2888/1196/1397 2887/1197/1397
f 879/890/1398 2618/890/1398 2617/880/1398
f 1307/1263/1399 3046/1263/1399 3045/1265/1399
f 729/727/663 2468/727/663 2467/723/663
f 1141/1208/1400 2880/1208/1400 2879/1207/1400
f 943/898/1401 2682/898/1401 2681/900/1401
f 681/729/666 2420/729/666 2419/724/666
f 1299/1277/1402 3038/1277/1402 3037/1279/1402
f 1221/1216/1403 2960/1216/1403 2959/1217/1403
f 935/910/1404 2674/910/1404 2673/912/1404
f 745/732/668 2484/732/668 2483/736/668
f 1243/1280/1405 2982/1280/1405 2981/1278/1405
f 697/741/673 2436/741/673 2435/749/673
f 1251/1298/1406 2990/1298/1406 2989/1296/1406
f 1213/1228/1407 2952/1228/1407 2951/1229/1407
f 886/914/1408 887/916/1408 2626/916/1408
f 736/747/674 737/751/674 2476/1980/674
f 1229/1230/1409 2968/1230/1409 2967/1227/1409
f 911/924/1410 2650/924/1410 2649/925/1410
f 1267/1297/1411 3006/1297/1411 3005/1301/1411
f 927/923/1412 2666/923/1412 2665/927/1412
f 1325/1233/1413 3064/1233/1413 3063/1232/1413
f 919/939/1414 2658/939/1414 2657/937/1414
f 1317/1250/1415 3056/1250/1415 3055/1251/1415
f 1259/1316/1416 2998/1316/1416 2997/1313/1416
f 1309/1260/1417 3048/1260/1417 3047/1262/1417
f 689/761/683 2428/761/683 2427/759/683
f 1291/1315/1418 3030/1315/1418 3029/1317/1418
f 801/768/1419 2540/768/1419 2539/764/1419
f 895/950/1420 2634/950/1420 2633/946/1420
f 793/775/1421 2532/775/1421 2531/777/1421
f 1275/1321/1422 3014/1321/1422 3013/1319/1422
f 1237/1267/1423 2976/1267/1423 2975/1264/1423
f 903/953/1424 2642/953/1424 2641/1986/1424
f 1301/1273/1425 3040/1273/1425 3039/1275/1425
f 999/966/1426 2738/966/1426 2737/964/1426
f 849/781/1427 2588/781/1427 2587/779/1427
f 1283/1333/1428 3022/1333/1428 3021/1332/1428
f 1379/1338/502 3118/1338/502 3117/1340/502
f 991/973/1429 2730/973/1429 2729/975/1429
f 1245/1283/1430 2984/1283/1430 2983/1281/1430
f 1339/1347/507 3078/1347/507 3077/1345/507
f 1269/1292/1431 3008/1292/1431 3007/1295/1431
f 1007/979/1432 2746/979/1432 2745/977/1432
f 1427/1353/510 3166/1353/510 3165/1355/510
f 1015/988/1433 2754/988/1433 2753/987/1433
f 841/794/1434 2580/794/1434 2579/798/1434
f 1387/1364/513 3126/1364/513 3125/1362/513
f 1023/998/1435 2762/998/1435 2761/996/1435
f 1253/1302/1436 2992/1302/1436 2991/1299/1436
f 1031/1008/1437 2770/1008/1437 2769/1006/1437
f 857/801/1438 2596/801/1438 2595/799/1438
f 1371/1371/516 3110/1371/516 3109/1375/516
f 1293/1300/1439 3032/1300/1439 3031/1306/1439
f 809/802/1440 2548/802/1440 2547/796/1440
f 1038/1017/1441 1039/1018/1441 2778/1018/1441
f 1419/1377/521 3158/1377/521 3157/1379/521
f 1261/1312/1442 3000/1312/1442 2999/1314/1442
f 1127/1027/1443 2866/1027/1443 2865/1028/1443
f 784/818/1444 785/816/1444 2524/1982/1444
f 1277/1324/1445 3016/1324/1445 3015/1323/1445
f 769/837/1446 2508/837/1446 2507/835/1446
f 1285/1331/1447 3024/1331/1447 3023/1334/1447
f 1047/1039/1448 2786/1039/1448 2785/1037/1448
f 817/838/1449 2556/838/1449 2555/830/1449
f 1119/1040/1450 2858/1040/1450 2857/1041/1450
f 1395/1390/529 3134/1390/529 3133/1388/529
f 776/840/1451 777/836/1451 2516/1984/1451
f 1347/1391/1452 3086/1391/1452 3085/1385/1452
f 983/1010/1453 2722/1010/1453 2721/1053/1453
f 833/849/1454 2572/849/1454 2571/850/1454
f 1411/1403/534 3150/1403/534 3149/1405/534
f 825/860/1455 2564/860/1455 2563/862/1455
f 1402/1412/536 1403/1414/536 3142/1414/536
f 1341/1358/279 3080/1358/279 3079/1349/279
f 1103/1070/1456 2842/1070/1456 2841/1065/1456
f 1363/1416/538 3102/1416/538 3101/1421/538
f 873/864/1457 2612/864/1457 2611/865/1457
f 1373/1357/283 3112/1357/283 3111/1365/283
f 967/1076/169 2706/1076/169 2705/1072/169
f 1111/1073/1458 2850/1073/1458 2849/1080/1458
f 865/874/1459 2604/874/1459 2603/875/1459
f 1355/1426/542 3094/1426/542 3093/1424/542
f 1389/1370/287 3128/1370/287 3127/1368/287
f 1435/1437/23 3174/1437/23 3173/1438/23
f 975/1077/1460 2714/1077/1460 2713/1082/1460
f 953/884/1461 2692/884/1461 2691/883/1461
f 1483/1448/1462 3222/1448/1462 3221/1446/1462
f 1421/1369/290 3160/1369/290 3159/1373/290
f 1071/1092/1463 2810/1092/1463 2809/1094/1463
f 1095/1052/1464 2834/1052/1464 2833/1099/1464
f 1475/1455/1465 3214/1455/1465 3213/1458/1465
f 1397/1397/294 3136/1397/294 3135/1394/294
f 945/896/418 2684/896/418 2683/897/418
f 1491/1461/1466 3230/1461/1466 3229/1459/1466
f 1413/1395/297 3152/1395/297 3151/1399/297
f 1349/1401/299 3088/1401/299 3087/1396/299
f 1055/1106/1467 2794/1106/1467 2793/1100/1467
f 881/899/1468 2620/899/1468 2619/893/1468
f 1443/1467/1469 3182/1467/1469 3181/1466/1469
f 937/907/1470 2676/907/1470 2675/908/1470
f 1365/1402/304 3104/1402/304 3103/1408/304
f 1451/1475/1471 3190/1475/1471 3189/1474/1471
f 1079/1120/1472 2818/1120/1472 2817/1116/1472
f 1063/1119/1473 2802/1119/1473 2801/1122/1473
f 1459/1483/1474 3198/1483/1474 3197/1482/1474
f 1087/1123/1475 2826/1123/1475 2825/1126/1475
f 929/920/1476 2668/920/1476 2667/921/1476
f 1405/1419/311 3144/1419/311 3143/1418/311
f 889/922/1477 2628/922/1477 2627/919/1477
f 1467/1495/2 3206/1495/2 3205/1494/2
f 1167/1140/1478 2906/1140/1478 2905/1141/1478
f 913/930/1479 2652/930/1479 2651/928/1479
f 1507/1496/1480 3246/1496/1480 3245/1497/1480
f 1175/1147/1481 2914/1147/1481 2913/1146/1481
f 921/942/1482 2660/942/1482 2659/940/1482
f 1357/1430/314 3096/1430/314 3095/1428/314
f 1183/1159/1483 2922/1159/1483 2921/1158/1483
f 905/951/1484 2644/951/1484 2643/952/1484
f 1499/1507/1485 3238/1507/1485 3237/1508/1485
f 1485/1451/1486 3224/1451/1486 3223/1449/1486
f 1159/1157/1487 2898/1157/1487 2897/1160/1487
f 1627/1524/1488 3366/1524/1488 3365/1523/1488
f 1477/1450/1489 3216/1450/1489 3215/1452/1489
f 1619/1516/68 3358/1516/68 3357/1527/68
f 1191/1172/1490 2930/1172/1490 2929/1170/1490
f 896/955/1491 897/959/1491 2636/1990/1491
f 1515/1528/1492 3254/1528/1492 3253/1525/1492
f 1493/1442/3 3232/1442/3 3231/1462/3
f 1207/1181/1493 2946/1181/1493 2945/1183/1493
f 1001/969/1600 2740/969/1600 2739/967/1600
f 1199/1194/1495 2938/1194/1495 2937/1192/1495
f 1611/1535/1496 3350/1535/1496 3349/1536/1496
f 1445/1469/1497 3184/1469/1497 3183/1468/1497
f 1151/1187/1498 2890/1187/1498 2889/1195/1498
f 993/968/1499 2732/968/1499 2731/970/1499
f 1603/1545/1500 3342/1545/1500 3341/1546/1500
f 1595/1555/1501 3334/1555/1501 3333/1556/1501
f 1453/1463/1502 3192/1463/1502 3191/1476/1502
f 1135/1201/1503 2874/1201/1503 2873/1199/1503
f 1009/982/51 2748/982/51 2747/981/51
f 1523/1563/1504 3262/1563/1504 3261/1561/1504
f 321/4/1505 2060/4/1505 2061/1/1505
f 1587/1567/1506 3326/1567/1506 3325/1569/1506
f 1143/1211/1507 2882/1211/1507 2881/1209/1507
f 1223/1214/1508 2962/1214/1508 2961/1215/1508
f 329/13/1509 2068/13/1509 2069/15/1509
f 1555/1582/51 3294/1582/51 3293/1583/51
f 313/20/1510 2052/20/1510 2053/18/1510
f 1215/1225/1601 2954/1225/1601 2953/1226/1601
f 1579/1581/1512 3318/1581/1512 3317/1585/1512
f 1017/990/1513 2756/990/1513 2755/989/1513
f 1531/1586/1514 3270/1586/1514 3269/1580/1514
f 1327/1235/1515 3066/1235/1515 3065/1234/1515
f 337/29/1516 2076/29/1516 2077/31/1516
f 513/39/1517 2252/39/1517 2253/36/1517
f 1231/1244/1518 2970/1244/1518 2969/1241/1518
f 521/48/1473 2260/48/1473 2261/50/1473
f 1547/1599/1519 3286/1599/1519 3285/1602/1519
f 305/51/1520 2044/51/1520 2045/37/1520
f 1539/1603/1521 3278/1603/1521 3277/1601/1521
f 1461/1486/1522 3200/1486/1522 3199/1484/1522
f 1571/1617/1523 3310/1617/1523 3309/1620/1523
f 1469/1488/1524 3208/1488/1524 3207/1492/1524
f 1319/1248/1525 3058/1248/1525 3057/1249/1525
f 1509/1503/1526 3248/1503/1526 3247/1500/1526
f 1311/1257/1527 3050/1257/1527 3049/1259/1527
f 1563/1624/1528 3302/1624/1528 3301/1623/1528
f 505/59/1529 2244/59/1529 2245/55/1529
f 1659/1638/95 3398/1638/95 3397/1630/95
f 1501/1504/1530 3240/1504/1530 3239/1505/1530
f 529/71/1531 2268/71/1531 2269/73/1531
f 1651/1644/1532 3390/1644/1532 3389/1647/1532
f 1621/1518/1533 3360/1518/1533 3359/1517/1533
f 1303/1270/1534 3042/1270/1534 3041/1271/1534
f 1635/1649/1535 3374/1649/1535 3373/1648/1535
f 1239/1272/1536 2978/1272/1536 2977/1269/1536
f 345/76/1602 2084/76/1602 2085/80/1602
f 497/84/1603 2236/84/1603 2237/82/1603
f 1643/1666/1539 3382/1666/1539 3381/1665/1539
f 297/95/1540 2036/95/1540 2037/89/1540
f 1683/1668/51 3422/1668/51 3421/1655/51
f 1613/1533/1541 3352/1533/1541 3351/1534/1541
f 1246/1284/1542 1247/1286/1542 2986/1997/1542
f 1271/1288/1543 3010/1288/1543 3009/1289/1543
f 537/97/1544 2276/97/1544 2277/101/1544
f 1295/1290/1545 3034/1290/1545 3033/1294/1545
f 489/112/1546 2228/112/1546 2229/108/1546
f 1667/1677/1547 3406/1677/1547 3405/1674/1547
f 1517/1538/1548 3256/1538/1548 3255/1530/1548
f 1675/1678/1549 3414/1678/1549 3413/1679/1549
f 1605/1542/1550 3344/1542/1550 3343/1544/1550
f 1597/1552/1551 3336/1552/1551 3335/1554/1551
f 1254/1304/1552 1255/1307/1552 2994/1307/1552
f 353/114/1553 2092/114/1553 2093/118/1553
f 1707/1694/1554 3446/1694/1554 3445/1695/1554
f 1589/1564/1555 3328/1564/1555 3327/1565/1555
f 1/125/51 1740/1742/51 1741/1744/51
f 1715/1700/1556 3454/1700/1556 3453/1697/1556
f 1263/1308/1557 3002/1308/1557 3001/1310/1557
f 1723/1710/1558 3462/1710/1558 3461/1709/1558
f 1525/1568/653 3264/1568/653 3263/1566/653
f 1279/1327/1559 3018/1327/1559 3017/1326/1559
f 9/134/1604 1748/1751/1604 1749/1752/1604
f 1699/1717/1561 3438/1717/1561 3437/1719/1561
f 1581/1577/1562 3320/1577/1562 3319/1579/1562
f 1287/1325/1563 3026/1325/1563 3025/1328/1563
f 17/146/1564 1756/1759/1564 1757/1760/1564
f 1533/1590/1565 3272/1590/1565 3271/1588/1565
f 545/140/1566 2284/140/1566 2285/149/1566
f 1731/1723/1567 3470/1723/1567 3469/1721/1567
f 1335/1339/334 3074/1339/334 3073/1335/334
f 289/152/1605 2028/152/1605 2029/143/1605
f 1739/1699/3 3478/1699/3 3477/1732/3
f 1549/1594/1569 3288/1594/1569 3287/1596/1569
f 1375/1346/337 3114/1346/337 3113/1348/337
f 1691/1737/1570 3430/1737/1570 3429/1738/1570
f 323/2/285 2062/2/285 2063/3/285
