# Blender 4.4.1
# www.blender.org
mtllib Title.mtl
o テキスト
v 4.582523 -0.005000 -0.000000
v 4.591135 -0.004465 -0.000000
v 4.599417 -0.002889 -0.000000
v 4.607289 -0.000312 -0.000000
v 4.614672 0.003222 0.000000
v 4.621485 0.007674 0.000000
v 4.627648 0.013000 0.000000
v 4.633083 0.019160 0.000000
v 4.637709 0.026111 0.000000
v 4.641445 0.033813 0.000000
v 4.644213 0.042222 0.000000
v 4.645932 0.051299 0.000000
v 4.646523 0.061000 0.000000
v 4.645932 0.070721 0.000000
v 4.644213 0.079852 0.000000
v 4.641445 0.088344 0.000000
v 4.637709 0.096148 0.000000
v 4.633083 0.103216 0.000000
v 4.627648 0.109500 0.000000
v 4.621485 0.114950 0.000000
v 4.614672 0.119519 0.000000
v 4.607289 0.123156 0.000000
v 4.599417 0.125815 0.000000
v 4.591135 0.127446 0.000000
v 4.582523 0.128000 0.000000
v 4.573912 0.127446 0.000000
v 4.565630 0.125815 0.000000
v 4.557757 0.123156 0.000000
v 4.550375 0.119519 0.000000
v 4.543562 0.114950 0.000000
v 4.537398 0.109500 0.000000
v 4.531963 0.103216 0.000000
v 4.527338 0.096148 0.000000
v 4.523602 0.088344 0.000000
v 4.520834 0.079852 0.000000
v 4.519114 0.070721 0.000000
v 4.518523 0.061000 0.000000
v 4.519095 0.051299 0.000000
v 4.520764 0.042222 0.000000
v 4.523461 0.033813 0.000000
v 4.527117 0.026111 0.000000
v 4.531661 0.019160 0.000000
v 4.537024 0.013000 0.000000
v 4.543138 0.007674 0.000000
v 4.549932 0.003222 0.000000
v 4.557337 -0.000312 -0.000000
v 4.565284 -0.002889 -0.000000
v 4.573703 -0.004465 -0.000000
v 4.549523 0.242000 0.000000
v 4.615523 0.242000 0.000000
v 4.635524 0.630000 0.000000
v 4.637524 0.748000 0.000000
v 4.527523 0.748000 0.000000
v 4.529523 0.630000 0.000000
v 4.076523 0.670000 0.000000
v 3.998523 0.643000 0.000000
v 4.021770 0.611982 0.000000
v 4.043496 0.577685 0.000000
v 4.063680 0.540500 0.000000
v 4.082301 0.500815 0.000000
v 4.099339 0.459019 0.000000
v 4.114774 0.415500 0.000000
v 4.128583 0.370648 0.000000
v 4.140746 0.324852 0.000000
v 4.151243 0.278500 0.000000
v 4.160052 0.231981 0.000000
v 4.167152 0.185685 0.000000
v 4.172523 0.140000 0.000000
v 4.252523 0.173000 0.000000
v 4.247609 0.216065 0.000000
v 4.240458 0.260440 0.000000
v 4.231211 0.305641 0.000000
v 4.220005 0.351185 0.000000
v 4.206979 0.396591 0.000000
v 4.192273 0.441375 0.000000
v 4.176025 0.485055 0.000000
v 4.158375 0.527148 0.000000
v 4.139461 0.567172 0.000000
v 4.119421 0.604643 0.000000
v 4.098395 0.639080 0.000000
v 3.555523 0.698000 0.000000
v 3.458523 0.700000 0.000000
v 3.459921 0.693646 0.000000
v 3.461125 0.686671 0.000000
v 3.462148 0.679203 0.000000
v 3.463005 0.671370 0.000000
v 3.463708 0.663302 0.000000
v 3.464273 0.655125 0.000000
v 3.464713 0.646969 0.000000
v 3.465041 0.638963 0.000000
v 3.465272 0.631234 0.000000
v 3.465421 0.623912 0.000000
v 3.465499 0.617124 0.000000
v 3.465523 0.611000 0.000000
v 3.465549 0.595224 0.000000
v 3.465643 0.577125 0.000000
v 3.465836 0.557047 0.000000
v 3.466153 0.535333 0.000000
v 3.466622 0.512328 0.000000
v 3.467273 0.488375 0.000000
v 3.468132 0.463818 0.000000
v 3.469226 0.439000 0.000000
v 3.470585 0.414266 0.000000
v 3.472236 0.389958 0.000000
v 3.474205 0.366422 0.000000
v 3.476523 0.344000 0.000000
v 3.484572 0.282646 0.000000
v 3.495079 0.227921 0.000000
v 3.507836 0.179578 0.000000
v 3.522635 0.137370 0.000000
v 3.539267 0.101052 0.000000
v 3.557524 0.070375 0.000000
v 3.577198 0.045094 0.000000
v 3.598080 0.024963 0.000000
v 3.619962 0.009734 0.000000
v 3.642635 -0.000838 -0.000000
v 3.665892 -0.007001 -0.000000
v 3.689523 -0.009000 -0.000000
v 3.706151 -0.007760 -0.000000
v 3.722546 -0.003917 -0.000000
v 3.738726 0.002719 0.000000
v 3.754708 0.012333 0.000000
v 3.770510 0.025115 0.000000
v 3.786148 0.041250 0.000000
v 3.801641 0.060927 0.000000
v 3.817005 0.084333 0.000000
v 3.832258 0.111656 0.000000
v 3.847417 0.143083 0.000000
v 3.862500 0.178802 0.000000
v 3.877523 0.219000 0.000000
v 3.814523 0.290000 0.000000
v 3.807596 0.264979 0.000000
v 3.799852 0.240167 0.000000
v 3.791351 0.215938 0.000000
v 3.782153 0.192667 0.000000
v 3.772316 0.170729 0.000000
v 3.761898 0.150500 0.000000
v 3.750960 0.132354 0.000000
v 3.739560 0.116667 0.000000
v 3.727757 0.103813 0.000000
v 3.715611 0.094167 0.000000
v 3.703180 0.088104 0.000000
v 3.690523 0.086000 0.000000
v 3.673238 0.088281 0.000000
v 3.656908 0.094995 0.000000
v 3.641570 0.105953 0.000000
v 3.627264 0.120963 0.000000
v 3.614028 0.139834 0.000000
v 3.601899 0.162375 0.000000
v 3.590916 0.188395 0.000000
v 3.581117 0.217704 0.000000
v 3.572540 0.250109 0.000000
v 3.565223 0.285421 0.000000
v 3.559206 0.323449 0.000000
v 3.554523 0.364000 0.000000
v 3.552896 0.384896 0.000000
v 3.551505 0.406000 0.000000
v 3.550335 0.427188 0.000000
v 3.549375 0.448333 0.000000
v 3.548608 0.469313 0.000000
v 3.548023 0.490000 0.000000
v 3.547604 0.510271 0.000000
v 3.547338 0.530000 0.000000
v 3.547210 0.549062 0.000000
v 3.547208 0.567333 0.000000
v 3.547317 0.584687 0.000000
v 3.547523 0.601000 0.000000
v 3.547605 0.607912 0.000000
v 3.547838 0.615546 0.000000
v 3.548211 0.623750 0.000000
v 3.548709 0.632370 0.000000
v 3.549318 0.641255 0.000000
v 3.550024 0.650250 0.000000
v 3.550813 0.659204 0.000000
v 3.551672 0.667963 0.000000
v 3.552587 0.676375 0.000000
v 3.553543 0.684287 0.000000
v 3.554526 0.691546 0.000000
v 2.491523 0.540000 0.000000
v 2.491523 0.229000 0.000000
v 2.791523 0.229000 0.000000
v 2.791523 0.160000 0.000000
v 2.459523 0.160000 0.000000
v 2.459523 0.100000 0.000000
v 2.791523 0.100000 0.000000
v 2.791523 0.013000 0.000000
v 2.384523 0.013000 0.000000
v 2.384523 -0.048000 -0.000000
v 3.281523 -0.048000 -0.000000
v 3.281523 0.013000 0.000000
v 2.866523 0.013000 0.000000
v 2.866523 0.100000 0.000000
v 3.218524 0.100000 0.000000
v 3.218524 0.160000 0.000000
v 2.866523 0.160000 0.000000
v 2.866523 0.229000 0.000000
v 3.180523 0.229000 0.000000
v 3.180523 0.540000 0.000000
v 2.866523 0.540000 0.000000
v 2.866523 0.601000 0.000000
v 3.276524 0.601000 0.000000
v 3.276524 0.663000 0.000000
v 2.866523 0.663000 0.000000
v 2.866523 0.740000 0.000000
v 2.895617 0.742312 0.000000
v 2.924361 0.744750 0.000000
v 2.952695 0.747312 0.000000
v 2.980561 0.750000 0.000000
v 3.007898 0.752813 0.000000
v 3.034649 0.755750 0.000000
v 3.060754 0.758812 0.000000
v 3.086154 0.762000 0.000000
v 3.110789 0.765312 0.000000
v 3.134603 0.768750 0.000000
v 3.157534 0.772313 0.000000
v 3.179523 0.776000 0.000000
v 3.139524 0.834000 0.000000
v 3.097521 0.827190 0.000000
v 3.050917 0.820769 0.000000
v 3.000320 0.814750 0.000000
v 2.946338 0.809148 0.000000
v 2.889578 0.803977 0.000000
v 2.830648 0.799250 0.000000
v 2.770156 0.794982 0.000000
v 2.708709 0.791185 0.000000
v 2.646914 0.787875 0.000000
v 2.585380 0.785065 0.000000
v 2.524714 0.782769 0.000000
v 2.465523 0.781000 0.000000
v 2.467289 0.777013 0.000000
v 2.469069 0.772602 0.000000
v 2.470836 0.767844 0.000000
v 2.472560 0.762815 0.000000
v 2.474216 0.757591 0.000000
v 2.475773 0.752250 0.000000
v 2.477206 0.746867 0.000000
v 2.478487 0.741519 0.000000
v 2.479586 0.736281 0.000000
v 2.480477 0.731232 0.000000
v 2.481133 0.726446 0.000000
v 2.481524 0.722000 0.000000
v 2.506205 0.722542 0.000000
v 2.531222 0.723167 0.000000
v 2.556539 0.723875 0.000000
v 2.582116 0.724667 0.000000
v 2.607915 0.725542 0.000000
v 2.633899 0.726500 0.000000
v 2.660028 0.727542 0.000000
v 2.686265 0.728667 0.000000
v 2.712571 0.729875 0.000000
v 2.738908 0.731167 0.000000
v 2.765238 0.732542 0.000000
v 2.791523 0.734000 0.000000
v 2.791523 0.663000 0.000000
v 2.390523 0.663000 0.000000
v 2.390523 0.601000 0.000000
v 2.791523 0.601000 0.000000
v 2.791523 0.540000 0.000000
v 2.564523 0.360000 0.000000
v 2.791523 0.360000 0.000000
v 2.791523 0.284000 0.000000
v 2.564523 0.284000 0.000000
v 2.866523 0.360000 0.000000
v 3.104523 0.360000 0.000000
v 3.104523 0.284000 0.000000
v 2.866523 0.284000 0.000000
v 2.564523 0.486000 0.000000
v 2.791523 0.486000 0.000000
v 2.791523 0.411000 0.000000
v 2.564523 0.411000 0.000000
v 2.866523 0.486000 0.000000
v 3.104523 0.486000 0.000000
v 3.104523 0.411000 0.000000
v 2.866523 0.411000 0.000000
v 1.808523 0.642000 0.000000
v 1.805588 0.618946 0.000000
v 1.802292 0.595819 0.000000
v 1.798648 0.572672 0.000000
v 1.794672 0.549556 0.000000
v 1.790375 0.526523 0.000000
v 1.785773 0.503625 0.000000
v 1.780880 0.480915 0.000000
v 1.775709 0.458444 0.000000
v 1.770274 0.436266 0.000000
v 1.764588 0.414430 0.000000
v 1.758667 0.392991 0.000000
v 1.752523 0.372000 0.000000
v 1.739737 0.331855 0.000000
v 1.726894 0.295838 0.000000
v 1.714024 0.263828 0.000000
v 1.701153 0.235704 0.000000
v 1.688311 0.211343 0.000000
v 1.675524 0.190625 0.000000
v 1.662820 0.173428 0.000000
v 1.650227 0.159630 0.000000
v 1.637774 0.149109 0.000000
v 1.625486 0.141745 0.000000
v 1.613394 0.137416 0.000000
v 1.601523 0.136000 0.000000
v 1.590044 0.137175 0.000000
v 1.578269 0.140731 0.000000
v 1.566445 0.146719 0.000000
v 1.554819 0.155185 0.000000
v 1.543638 0.166179 0.000000
v 1.533148 0.179750 0.000000
v 1.523595 0.195946 0.000000
v 1.515227 0.214815 0.000000
v 1.508289 0.236406 0.000000
v 1.503028 0.260769 0.000000
v 1.499691 0.287950 0.000000
v 1.498523 0.318000 0.000000
v 1.500956 0.352486 0.000000
v 1.508153 0.387556 0.000000
v 1.519961 0.422625 0.000000
v 1.536227 0.457111 0.000000
v 1.556799 0.490431 0.000000
v 1.581523 0.522000 0.000000
v 1.610248 0.551236 0.000000
v 1.642820 0.577556 0.000000
v 1.679086 0.600375 0.000000
v 1.718894 0.619111 0.000000
v 1.762091 0.633181 0.000000
v 1.891523 0.644000 0.000000
v 1.932488 0.638007 0.000000
v 1.970329 0.627722 0.000000
v 2.004961 0.613438 0.000000
v 2.036301 0.595445 0.000000
v 2.064266 0.574035 0.000000
v 2.088773 0.549500 0.000000
v 2.109738 0.522132 0.000000
v 2.127079 0.492222 0.000000
v 2.140710 0.460063 0.000000
v 2.150551 0.425944 0.000000
v 2.156516 0.390160 0.000000
v 2.158524 0.353000 0.000000
v 2.155970 0.311368 0.000000
v 2.148597 0.272944 0.000000
v 2.136836 0.237687 0.000000
v 2.121116 0.205556 0.000000
v 2.101868 0.176507 0.000000
v 2.079523 0.150500 0.000000
v 2.054512 0.127493 0.000000
v 2.027264 0.107444 0.000000
v 1.998210 0.090312 0.000000
v 1.967782 0.076056 0.000000
v 1.936409 0.064632 0.000000
v 1.904523 0.056000 0.000000
v 1.898611 0.054751 0.000000
v 1.892389 0.053509 0.000000
v 1.885882 0.052281 0.000000
v 1.879116 0.051074 0.000000
v 1.872113 0.049895 0.000000
v 1.864898 0.048750 0.000000
v 1.857496 0.047647 0.000000
v 1.849931 0.046593 0.000000
v 1.842227 0.045594 0.000000
v 1.834408 0.044657 0.000000
v 1.826499 0.043791 0.000000
v 1.818523 0.043000 0.000000
v 1.865523 -0.031000 -0.000000
v 1.922688 -0.021002 -0.000000
v 1.975593 -0.006597 -0.000000
v 2.024102 0.012078 0.000000
v 2.068079 0.034889 0.000000
v 2.107390 0.061700 0.000000
v 2.141899 0.092375 0.000000
v 2.171470 0.126780 0.000000
v 2.195968 0.164778 0.000000
v 2.215258 0.206234 0.000000
v 2.229204 0.251014 0.000000
v 2.237671 0.298981 0.000000
v 2.240523 0.350000 0.000000
v 2.237456 0.399885 0.000000
v 2.228403 0.447745 0.000000
v 2.213586 0.493141 0.000000
v 2.193227 0.535630 0.000000
v 2.167549 0.574771 0.000000
v 2.136773 0.610125 0.000000
v 2.101123 0.641249 0.000000
v 2.060820 0.667704 0.000000
v 2.016086 0.689047 0.000000
v 1.967144 0.704838 0.000000
v 1.914216 0.714636 0.000000
v 1.857523 0.718000 0.000000
v 1.797668 0.714136 0.000000
v 1.740431 0.702921 0.000000
v 1.686305 0.684922 0.000000
v 1.635783 0.660704 0.000000
v 1.589358 0.630833 0.000000
v 1.547523 0.595875 0.000000
v 1.510772 0.556396 0.000000
v 1.479598 0.512963 0.000000
v 1.454492 0.466141 0.000000
v 1.435949 0.416495 0.000000
v 1.424462 0.364593 0.000000
v 1.420523 0.311000 0.000000
v 1.422326 0.271085 0.000000
v 1.427527 0.233931 0.000000
v 1.435820 0.199672 0.000000
v 1.446893 0.168444 0.000000
v 1.460439 0.140384 0.000000
v 1.476148 0.115625 0.000000
v 1.493711 0.094304 0.000000
v 1.512819 0.076556 0.000000
v 1.533163 0.062516 0.000000
v 1.554434 0.052319 0.000000
v 1.576324 0.046102 0.000000
v 1.598523 0.044000 0.000000
v 1.621479 0.046185 0.000000
v 1.643838 0.052731 0.000000
v 1.665586 0.063625 0.000000
v 1.686708 0.078852 0.000000
v 1.707192 0.098398 0.000000
v 1.727024 0.122250 0.000000
v 1.746188 0.150394 0.000000
v 1.764672 0.182815 0.000000
v 1.782461 0.219500 0.000000
v 1.799542 0.260435 0.000000
v 1.815901 0.305607 0.000000
v 1.831523 0.355000 0.000000
v 1.838337 0.378428 0.000000
v 1.844787 0.402171 0.000000
v 1.850883 0.426172 0.000000
v 1.856634 0.450370 0.000000
v 1.862052 0.474708 0.000000
v 1.867148 0.499125 0.000000
v 1.871931 0.523563 0.000000
v 1.876412 0.547963 0.000000
v 1.880601 0.572266 0.000000
v 1.884509 0.596412 0.000000
v 1.888146 0.620343 0.000000
v 0.684524 0.791000 0.000000
v 0.691034 0.780479 0.000000
v 0.697524 0.769495 0.000000
v 0.703930 0.758172 0.000000
v 0.710190 0.746630 0.000000
v 0.716242 0.734990 0.000000
v 0.722023 0.723375 0.000000
v 0.727471 0.711906 0.000000
v 0.732523 0.700704 0.000000
v 0.737117 0.689891 0.000000
v 0.741190 0.679588 0.000000
v 0.744679 0.669917 0.000000
v 0.747523 0.661000 0.000000
v 0.806523 0.683000 0.000000
v 0.803659 0.691896 0.000000
v 0.800111 0.701505 0.000000
v 0.795945 0.711703 0.000000
v 0.791227 0.722370 0.000000
v 0.786023 0.733385 0.000000
v 0.780398 0.744625 0.000000
v 0.774420 0.755969 0.000000
v 0.768153 0.767296 0.000000
v 0.761664 0.778484 0.000000
v 0.755019 0.789412 0.000000
v 0.748284 0.799958 0.000000
v 0.741523 0.810000 0.000000
v 1.182523 0.815000 0.000000
v 1.178513 0.804628 0.000000
v 1.174024 0.793607 0.000000
v 1.169117 0.782078 0.000000
v 1.163857 0.770185 0.000000
v 1.158305 0.758070 0.000000
v 1.152524 0.745875 0.000000
v 1.146575 0.733742 0.000000
v 1.140523 0.721815 0.000000
v 1.134429 0.710234 0.000000
v 1.128356 0.699143 0.000000
v 1.122367 0.688685 0.000000
v 1.116523 0.679000 0.000000
v 1.168523 0.659000 0.000000
v 1.174643 0.667671 0.000000
v 1.180982 0.677116 0.000000
v 1.187508 0.687234 0.000000
v 1.194190 0.697926 0.000000
v 1.200997 0.709090 0.000000
v 1.207898 0.720625 0.000000
v 1.214862 0.732431 0.000000
v 1.221857 0.744407 0.000000
v 1.228851 0.756453 0.000000
v 1.235815 0.768468 0.000000
v 1.242716 0.780350 0.000000
v 1.249523 0.792000 0.000000
v 0.628523 0.202000 0.000000
v 0.628523 0.139000 0.000000
v 0.897523 0.139000 0.000000
v 0.888598 0.123321 0.000000
v 0.877708 0.107819 0.000000
v 0.864679 0.092547 0.000000
v 0.849338 0.077556 0.000000
v 0.831511 0.062898 0.000000
v 0.811023 0.048625 0.000000
v 0.787703 0.034790 0.000000
v 0.761375 0.021444 0.000000
v 0.731867 0.008641 0.000000
v 0.699005 -0.003569 -0.000000
v 0.662614 -0.015134 -0.000000
v 0.622523 -0.026000 -0.000000
v 0.626178 -0.029968 -0.000000
v 0.630093 -0.034324 -0.000000
v 0.634195 -0.039000 -0.000000
v 0.638412 -0.043926 -0.000000
v 0.642671 -0.049032 -0.000000
v 0.646898 -0.054250 -0.000000
v 0.651021 -0.059509 -0.000000
v 0.654968 -0.064741 -0.000000
v 0.658664 -0.069875 -0.000000
v 0.662037 -0.074843 -0.000000
v 0.665014 -0.079574 -0.000000
v 0.667523 -0.084000 -0.000000
v 0.708046 -0.071362 -0.000000
v 0.745209 -0.057981 -0.000000
v 0.779149 -0.043906 -0.000000
v 0.810005 -0.029185 -0.000000
v 0.837917 -0.013867 -0.000000
v 0.863024 0.002000 0.000000
v 0.885464 0.018367 0.000000
v 0.905376 0.035185 0.000000
v 0.922899 0.052406 0.000000
v 0.938172 0.069981 0.000000
v 0.951334 0.087862 0.000000
v 0.962523 0.106000 0.000000
v 0.978812 0.082878 0.000000
v 0.996663 0.061023 0.000000
v 1.016055 0.040453 0.000000
v 1.036968 0.021185 0.000000
v 1.059381 0.003237 0.000000
v 1.083274 -0.013375 -0.000000
v 1.108624 -0.028633 -0.000000
v 1.135413 -0.042519 -0.000000
v 1.163618 -0.055016 -0.000000
v 1.193218 -0.066106 -0.000000
v 1.224194 -0.075774 -0.000000
v 1.256523 -0.084000 -0.000000
v 1.259243 -0.078595 -0.000000
v 1.262370 -0.072931 -0.000000
v 1.265851 -0.067078 -0.000000
v 1.269634 -0.061111 -0.000000
v 1.273667 -0.055102 -0.000000
v 1.277898 -0.049125 -0.000000
v 1.282275 -0.043252 -0.000000
v 1.286746 -0.037556 -0.000000
v 1.291258 -0.032109 -0.000000
v 1.295760 -0.026986 -0.000000
v 1.300199 -0.022259 -0.000000
v 1.304523 -0.018000 -0.000000
v 1.273116 -0.011836 -0.000000
v 1.242926 -0.004356 -0.000000
v 1.214008 0.004422 0.000000
v 1.186412 0.014481 0.000000
v 1.160192 0.025805 0.000000
v 1.135398 0.038375 0.000000
v 1.112084 0.052174 0.000000
v 1.090302 0.067185 0.000000
v 1.070102 0.083391 0.000000
v 1.051538 0.100773 0.000000
v 1.034661 0.119315 0.000000
v 1.019524 0.139000 0.000000
v 1.295524 0.139000 0.000000
v 1.295524 0.202000 0.000000
v 0.993524 0.202000 0.000000
v 0.994233 0.206500 0.000000
v 0.994862 0.211000 0.000000
v 0.995414 0.215500 0.000000
v 0.995894 0.220000 0.000000
v 0.996304 0.224500 0.000000
v 0.996648 0.229000 0.000000
v 0.996930 0.233500 0.000000
v 0.997153 0.238000 0.000000
v 0.997320 0.242500 0.000000
v 0.997435 0.247000 0.000000
v 0.997502 0.251500 0.000000
v 0.997523 0.256000 0.000000
v 0.997523 0.280000 0.000000
v 1.228523 0.280000 0.000000
v 1.228523 0.339000 0.000000
v 0.997523 0.339000 0.000000
v 0.997523 0.411000 0.000000
v 1.259523 0.411000 0.000000
v 1.259523 0.469000 0.000000
v 1.105524 0.469000 0.000000
v 1.110313 0.476703 0.000000
v 1.115176 0.484787 0.000000
v 1.120101 0.493219 0.000000
v 1.125079 0.501963 0.000000
v 1.130098 0.510985 0.000000
v 1.135148 0.520250 0.000000
v 1.140219 0.529723 0.000000
v 1.145301 0.539370 0.000000
v 1.150383 0.549156 0.000000
v 1.155454 0.559046 0.000000
v 1.160504 0.569006 0.000000
v 1.165524 0.579000 0.000000
v 1.146523 0.584000 0.000000
v 1.287523 0.584000 0.000000
v 1.287523 0.647000 0.000000
v 1.067523 0.647000 0.000000
v 1.067523 0.832000 0.000000
v 1.003523 0.832000 0.000000
v 1.003523 0.647000 0.000000
v 0.917523 0.647000 0.000000
v 0.917523 0.832000 0.000000
v 0.854523 0.832000 0.000000
v 0.854523 0.647000 0.000000
v 0.635523 0.647000 0.000000
v 0.635523 0.584000 0.000000
v 0.785523 0.584000 0.000000
v 0.760523 0.577000 0.000000
v 0.765247 0.568554 0.000000
v 0.769898 0.559764 0.000000
v 0.774446 0.550703 0.000000
v 0.778857 0.541444 0.000000
v 0.783102 0.532061 0.000000
v 0.787149 0.522625 0.000000
v 0.790967 0.513210 0.000000
v 0.794524 0.503889 0.000000
v 0.797790 0.494734 0.000000
v 0.800732 0.485819 0.000000
v 0.803321 0.477217 0.000000
v 0.805523 0.469000 0.000000
v 0.663523 0.469000 0.000000
v 0.663523 0.411000 0.000000
v 0.922523 0.411000 0.000000
v 0.922523 0.339000 0.000000
v 0.691524 0.339000 0.000000
v 0.691524 0.280000 0.000000
v 0.922523 0.280000 0.000000
v 0.922523 0.256000 0.000000
v 0.922502 0.251500 0.000000
v 0.922435 0.247000 0.000000
v 0.922320 0.242500 0.000000
v 0.922153 0.238000 0.000000
v 0.921930 0.233500 0.000000
v 0.921648 0.229000 0.000000
v 0.921304 0.224500 0.000000
v 0.920894 0.220000 0.000000
v 0.920414 0.215500 0.000000
v 0.919861 0.211000 0.000000
v 0.919232 0.206500 0.000000
v 0.918523 0.202000 0.000000
v 0.831523 0.584000 0.000000
v 1.087523 0.584000 0.000000
v 1.084383 0.575306 0.000000
v 1.080982 0.566278 0.000000
v 1.077352 0.557000 0.000000
v 1.073524 0.547556 0.000000
v 1.069529 0.538028 0.000000
v 1.065398 0.528500 0.000000
v 1.061164 0.519056 0.000000
v 1.056857 0.509778 0.000000
v 1.052508 0.500750 0.000000
v 1.048149 0.492056 0.000000
v 1.043810 0.483778 0.000000
v 1.039523 0.476000 0.000000
v 1.064523 0.469000 0.000000
v 0.849524 0.469000 0.000000
v 0.876523 0.477000 0.000000
v 0.874760 0.484529 0.000000
v 0.872496 0.492565 0.000000
v 0.869773 0.501031 0.000000
v 0.866634 0.509852 0.000000
v 0.863121 0.518950 0.000000
v 0.859273 0.528250 0.000000
v 0.855134 0.537675 0.000000
v 0.850746 0.547148 0.000000
v 0.846148 0.556594 0.000000
v 0.841384 0.565935 0.000000
v 0.836495 0.575096 0.000000
v 0.596523 0.836000 0.000000
v 0.581770 0.798071 0.000000
v 0.565584 0.760403 0.000000
v 0.548070 0.723172 0.000000
v 0.529338 0.686556 0.000000
v 0.509495 0.650731 0.000000
v 0.488648 0.615875 0.000000
v 0.466906 0.582165 0.000000
v 0.444376 0.549778 0.000000
v 0.421164 0.518891 0.000000
v 0.397380 0.489681 0.000000
v 0.373130 0.462325 0.000000
v 0.348523 0.437000 0.000000
v 0.352157 0.432317 0.000000
v 0.356009 0.426866 0.000000
v 0.360008 0.420797 0.000000
v 0.364079 0.414259 0.000000
v 0.368150 0.407402 0.000000
v 0.372149 0.400375 0.000000
v 0.376001 0.393327 0.000000
v 0.379634 0.386407 0.000000
v 0.382977 0.379766 0.000000
v 0.385954 0.373551 0.000000
v 0.388494 0.367913 0.000000
v 0.390523 0.363000 0.000000
v 0.399252 0.372124 0.000000
v 0.407940 0.381491 0.000000
v 0.416586 0.391094 0.000000
v 0.425190 0.400926 0.000000
v 0.433753 0.410980 0.000000
v 0.442273 0.421250 0.000000
v 0.450752 0.431728 0.000000
v 0.459190 0.442407 0.000000
v 0.467586 0.453281 0.000000
v 0.475940 0.464343 0.000000
v 0.484252 0.475585 0.000000
v 0.492523 0.487000 0.000000
v 0.492523 -0.078000 -0.000000
v 0.564523 -0.078000 -0.000000
v 0.564523 0.600000 0.000000
v 0.574208 0.617331 0.000000
v 0.583750 0.634815 0.000000
v 0.593133 0.652438 0.000000
v 0.602338 0.670185 0.000000
v 0.611349 0.688044 0.000000
v 0.620148 0.706000 0.000000
v 0.628718 0.724039 0.000000
v 0.637042 0.742148 0.000000
v 0.645102 0.760312 0.000000
v 0.652880 0.778518 0.000000
v 0.660359 0.796752 0.000000
v 0.667523 0.815000 0.000000
v -0.417477 -0.005000 -0.000000
v -0.408865 -0.004465 -0.000000
v -0.400583 -0.002889 -0.000000
v -0.392711 -0.000312 -0.000000
v -0.385328 0.003222 0.000000
v -0.378515 0.007674 0.000000
v -0.372351 0.013000 0.000000
v -0.366917 0.019160 0.000000
v -0.362291 0.026111 0.000000
v -0.358555 0.033813 0.000000
v -0.355787 0.042222 0.000000
v -0.354067 0.051299 0.000000
v -0.353477 0.061000 0.000000
v -0.354067 0.070721 0.000000
v -0.355787 0.079852 0.000000
v -0.358555 0.088344 0.000000
v -0.362291 0.096148 0.000000
v -0.366917 0.103216 0.000000
v -0.372351 0.109500 0.000000
v -0.378515 0.114950 0.000000
v -0.385328 0.119519 0.000000
v -0.392711 0.123156 0.000000
v -0.400583 0.125815 0.000000
v -0.408865 0.127446 0.000000
v -0.417477 0.128000 0.000000
v -0.426088 0.127446 0.000000
v -0.434370 0.125815 0.000000
v -0.442242 0.123156 0.000000
v -0.449625 0.119519 0.000000
v -0.456438 0.114950 0.000000
v -0.462602 0.109500 0.000000
v -0.468036 0.103216 0.000000
v -0.472662 0.096148 0.000000
v -0.476399 0.088344 0.000000
v -0.479167 0.079852 0.000000
v -0.480886 0.070721 0.000000
v -0.481477 0.061000 0.000000
v -0.480905 0.051299 0.000000
v -0.479236 0.042222 0.000000
v -0.476539 0.033813 0.000000
v -0.472884 0.026111 0.000000
v -0.468340 0.019160 0.000000
v -0.462976 0.013000 0.000000
v -0.456863 0.007674 0.000000
v -0.450069 0.003222 0.000000
v -0.442664 -0.000312 -0.000000
v -0.434717 -0.002889 -0.000000
v -0.426298 -0.004465 -0.000000
v -0.450477 0.242000 0.000000
v -0.384477 0.242000 0.000000
v -0.364477 0.630000 0.000000
v -0.362477 0.748000 0.000000
v -0.472477 0.748000 0.000000
v -0.470477 0.630000 0.000000
v -1.271477 0.573000 0.000000
v -1.271477 0.493000 0.000000
v -1.260173 0.492252 0.000000
v -1.247880 0.491514 0.000000
v -1.234774 0.490797 0.000000
v -1.221032 0.490111 0.000000
v -1.206833 0.489467 0.000000
v -1.192352 0.488875 0.000000
v -1.177767 0.488346 0.000000
v -1.163255 0.487889 0.000000
v -1.148993 0.487516 0.000000
v -1.135157 0.487236 0.000000
v -1.121927 0.487061 0.000000
v -1.109477 0.487000 0.000000
v -1.099186 0.487021 0.000000
v -1.088819 0.487083 0.000000
v -1.078383 0.487188 0.000000
v -1.067884 0.487333 0.000000
v -1.057330 0.487521 0.000000
v -1.046727 0.487750 0.000000
v -1.036082 0.488021 0.000000
v -1.025403 0.488333 0.000000
v -1.014696 0.488688 0.000000
v -1.003968 0.489083 0.000000
v -0.993226 0.489521 0.000000
v -0.982477 0.490000 0.000000
v -0.982477 0.459000 0.000000
v -0.982657 0.412611 0.000000
v -0.983417 0.369306 0.000000
v -0.985086 0.328875 0.000000
v -0.987995 0.291111 0.000000
v -0.992474 0.255806 0.000000
v -0.998852 0.222750 0.000000
v -1.007459 0.191736 0.000000
v -1.018625 0.162556 0.000000
v -1.032680 0.135000 0.000000
v -1.049954 0.108861 0.000000
v -1.070776 0.083931 0.000000
v -1.095477 0.060000 0.000000
v -1.101816 0.053987 0.000000
v -1.108773 0.047977 0.000000
v -1.116258 0.042016 0.000000
v -1.124180 0.036148 0.000000
v -1.132450 0.030420 0.000000
v -1.140976 0.024875 0.000000
v -1.149670 0.019560 0.000000
v -1.158439 0.014519 0.000000
v -1.167195 0.009797 0.000000
v -1.175847 0.005440 0.000000
v -1.184304 0.001492 0.000000
v -1.192477 -0.002000 -0.000000
v -1.119477 -0.059000 -0.000000
v -1.070771 -0.026942 -0.000000
v -1.030162 0.006801 0.000000
v -0.996914 0.042328 0.000000
v -0.970291 0.079741 0.000000
v -0.949557 0.119139 0.000000
v -0.933976 0.160625 0.000000
v -0.922812 0.204298 0.000000
v -0.915328 0.250259 0.000000
v -0.910789 0.298609 0.000000
v -0.908458 0.349449 0.000000
v -0.907599 0.402879 0.000000
v -0.907477 0.459000 0.000000
v -0.907477 0.494000 0.000000
v -0.892563 0.495041 0.000000
v -0.877838 0.496162 0.000000
v -0.863320 0.497359 0.000000
v -0.849032 0.498630 0.000000
v -0.834994 0.499969 0.000000
v -0.821227 0.501375 0.000000
v -0.807751 0.502843 0.000000
v -0.794588 0.504370 0.000000
v -0.781758 0.505953 0.000000
v -0.769283 0.507588 0.000000
v -0.757182 0.509271 0.000000
v -0.745477 0.511000 0.000000
v -0.745477 0.593000 0.000000
v -0.757430 0.590332 0.000000
v -0.769773 0.587824 0.000000
v -0.782477 0.585469 0.000000
v -0.795514 0.583259 0.000000
v -0.808856 0.581189 0.000000
v -0.822477 0.579250 0.000000
v -0.836347 0.577436 0.000000
v -0.850440 0.575741 0.000000
v -0.864727 0.574156 0.000000
v -0.879180 0.572676 0.000000
v -0.893773 0.571293 0.000000
v -0.908477 0.570000 0.000000
v -0.909477 0.721000 0.000000
v -0.909456 0.726458 0.000000
v -0.909394 0.731829 0.000000
v -0.909289 0.737109 0.000000
v -0.909143 0.742296 0.000000
v -0.908956 0.747386 0.000000
v -0.908727 0.752375 0.000000
v -0.908456 0.757260 0.000000
v -0.908143 0.762037 0.000000
v -0.907789 0.766703 0.000000
v -0.907393 0.771255 0.000000
v -0.906956 0.775688 0.000000
v -0.906476 0.780000 0.000000
v -0.999477 0.780000 0.000000
v -0.998708 0.775898 0.000000
v -0.997907 0.771597 0.000000
v -0.997086 0.767109 0.000000
v -0.996254 0.762444 0.000000
v -0.995423 0.757613 0.000000
v -0.994602 0.752625 0.000000
v -0.993801 0.747491 0.000000
v -0.993032 0.742222 0.000000
v -0.992305 0.736828 0.000000
v -0.991629 0.731319 0.000000
v -0.991016 0.725707 0.000000
v -0.990477 0.720000 0.000000
v -0.989958 0.712902 0.000000
v -0.989407 0.704213 0.000000
v -0.988836 0.694094 0.000000
v -0.988255 0.682704 0.000000
v -0.987673 0.670203 0.000000
v -0.987102 0.656750 0.000000
v -0.986552 0.642506 0.000000
v -0.986032 0.627630 0.000000
v -0.985555 0.612281 0.000000
v -0.985130 0.596620 0.000000
v -0.984767 0.580807 0.000000
v -0.984477 0.565000 0.000000
v -0.994996 0.564521 0.000000
v -1.005546 0.564083 0.000000
v -1.016117 0.563688 0.000000
v -1.026699 0.563333 0.000000
v -1.037280 0.563021 0.000000
v -1.047851 0.562750 0.000000
v -1.058402 0.562521 0.000000
v -1.068921 0.562333 0.000000
v -1.079398 0.562187 0.000000
v -1.089823 0.562083 0.000000
v -1.100186 0.562021 0.000000
v -1.110476 0.562000 0.000000
v -1.124167 0.562083 0.000000
v -1.138166 0.562329 0.000000
v -1.152367 0.562734 0.000000
v -1.166662 0.563296 0.000000
v -1.180943 0.564011 0.000000
v -1.195102 0.564875 0.000000
v -1.209032 0.565885 0.000000
v -1.222625 0.567037 0.000000
v -1.235774 0.568328 0.000000
v -1.248371 0.569755 0.000000
v -1.260308 0.571313 0.000000
v -1.412477 0.765000 0.000000
v -1.505477 0.774000 0.000000
v -1.505499 0.769340 0.000000
v -1.505569 0.764384 0.000000
v -1.505695 0.759172 0.000000
v -1.505884 0.753741 0.000000
v -1.506142 0.748129 0.000000
v -1.506477 0.742375 0.000000
v -1.506894 0.736517 0.000000
v -1.507402 0.730593 0.000000
v -1.508008 0.724641 0.000000
v -1.508717 0.718699 0.000000
v -1.509538 0.712806 0.000000
v -1.510477 0.707000 0.000000
v -1.513745 0.684807 0.000000
v -1.517458 0.659875 0.000000
v -1.521477 0.632422 0.000000
v -1.525662 0.602667 0.000000
v -1.529875 0.570828 0.000000
v -1.533976 0.537125 0.000000
v -1.537828 0.501776 0.000000
v -1.541291 0.465000 0.000000
v -1.544226 0.427016 0.000000
v -1.546495 0.388042 0.000000
v -1.547958 0.348297 0.000000
v -1.548477 0.308000 0.000000
v -1.547816 0.276459 0.000000
v -1.545940 0.245005 0.000000
v -1.543008 0.213891 0.000000
v -1.539181 0.183370 0.000000
v -1.534617 0.153697 0.000000
v -1.529477 0.125125 0.000000
v -1.523920 0.097907 0.000000
v -1.518106 0.072296 0.000000
v -1.512196 0.048547 0.000000
v -1.506347 0.026912 0.000000
v -1.500721 0.007645 0.000000
v -1.495477 -0.009000 -0.000000
v -1.427477 -0.001000 -0.000000
v -1.427727 0.001579 0.000000
v -1.427977 0.004296 0.000000
v -1.428227 0.007125 0.000000
v -1.428477 0.010037 0.000000
v -1.428727 0.013005 0.000000
v -1.428977 0.016000 0.000000
v -1.429227 0.018995 0.000000
v -1.429477 0.021963 0.000000
v -1.429728 0.024875 0.000000
v -1.429978 0.027704 0.000000
v -1.430228 0.030421 0.000000
v -1.430477 0.033000 0.000000
v -1.430665 0.035910 0.000000
v -1.430731 0.039111 0.000000
v -1.430680 0.042562 0.000000
v -1.430514 0.046222 0.000000
v -1.430236 0.050049 0.000000
v -1.429852 0.054000 0.000000
v -1.429363 0.058035 0.000000
v -1.428773 0.062111 0.000000
v -1.428086 0.066187 0.000000
v -1.427305 0.070222 0.000000
v -1.426435 0.074174 0.000000
v -1.425477 0.078000 0.000000
v -1.422345 0.091305 0.000000
v -1.418509 0.106523 0.000000
v -1.414055 0.123359 0.000000
v -1.409069 0.141519 0.000000
v -1.403639 0.160705 0.000000
v -1.397851 0.180625 0.000000
v -1.391793 0.200982 0.000000
v -1.385550 0.221482 0.000000
v -1.379211 0.241828 0.000000
v -1.372861 0.261727 0.000000
v -1.366587 0.280883 0.000000
v -1.360477 0.299000 0.000000
v -1.403477 0.325000 0.000000
v -1.408263 0.312288 0.000000
v -1.413102 0.299222 0.000000
v -1.417961 0.285906 0.000000
v -1.422810 0.272444 0.000000
v -1.427617 0.258941 0.000000
v -1.432352 0.245500 0.000000
v -1.436982 0.232226 0.000000
v -1.441476 0.219222 0.000000
v -1.445804 0.206594 0.000000
v -1.449934 0.194445 0.000000
v -1.453835 0.182879 0.000000
v -1.457477 0.172000 0.000000
v -1.465519 0.214071 0.000000
v -1.470819 0.257986 0.000000
v -1.473633 0.303297 0.000000
v -1.474217 0.349556 0.000000
v -1.472830 0.396314 0.000000
v -1.469727 0.443125 0.000000
v -1.465165 0.489540 0.000000
v -1.459402 0.535111 0.000000
v -1.452695 0.579391 0.000000
v -1.445301 0.621931 0.000000
v -1.437475 0.662283 0.000000
v -1.429477 0.700000 0.000000
v -1.428397 0.704907 0.000000
v -1.427176 0.710093 0.000000
v -1.425836 0.715500 0.000000
v -1.424403 0.721074 0.000000
v -1.422900 0.726759 0.000000
v -1.421352 0.732500 0.000000
v -1.419783 0.738241 0.000000
v -1.418217 0.743926 0.000000
v -1.416680 0.749500 0.000000
v -1.415194 0.754907 0.000000
v -1.413785 0.760093 0.000000
v -1.890477 0.775000 0.000000
v -1.944477 0.752000 0.000000
v -1.937363 0.742065 0.000000
v -1.930069 0.731357 0.000000
v -1.922664 0.720016 0.000000
v -1.915217 0.708185 0.000000
v -1.907798 0.696008 0.000000
v -1.900477 0.683625 0.000000
v -1.893322 0.671180 0.000000
v -1.886403 0.658815 0.000000
v -1.879789 0.646672 0.000000
v -1.873551 0.634894 0.000000
v -1.867757 0.623622 0.000000
v -1.862477 0.613000 0.000000
v -1.808477 0.637000 0.000000
v -1.814024 0.647641 0.000000
v -1.820106 0.658958 0.000000
v -1.826633 0.670797 0.000000
v -1.833514 0.683000 0.000000
v -1.840658 0.695412 0.000000
v -1.847977 0.707875 0.000000
v -1.855378 0.720234 0.000000
v -1.862773 0.732333 0.000000
v -1.870070 0.744016 0.000000
v -1.877180 0.755125 0.000000
v -1.884013 0.765505 0.000000
v -1.780477 0.815000 0.000000
v -1.833477 0.793000 0.000000
v -1.826152 0.783123 0.000000
v -1.818713 0.772569 0.000000
v -1.811211 0.761453 0.000000
v -1.803699 0.749889 0.000000
v -1.796228 0.737991 0.000000
v -1.788852 0.725875 0.000000
v -1.781621 0.713655 0.000000
v -1.774588 0.701444 0.000000
v -1.767805 0.689359 0.000000
v -1.761324 0.677514 0.000000
v -1.755197 0.666023 0.000000
v -1.749477 0.655000 0.000000
v -1.696477 0.679000 0.000000
v -1.701605 0.688761 0.000000
v -1.707421 0.699421 0.000000
v -1.713820 0.710797 0.000000
v -1.720699 0.722704 0.000000
v -1.727952 0.734958 0.000000
v -1.735477 0.747375 0.000000
v -1.743168 0.759771 0.000000
v -1.750921 0.771963 0.000000
v -1.758633 0.783766 0.000000
v -1.766199 0.794995 0.000000
v -1.773515 0.805468 0.000000
v -2.386477 0.765000 0.000000
v -2.465477 0.732000 0.000000
v -2.453609 0.704837 0.000000
v -2.441537 0.677449 0.000000
v -2.429305 0.649984 0.000000
v -2.416958 0.622593 0.000000
v -2.404542 0.595423 0.000000
v -2.392102 0.568625 0.000000
v -2.379682 0.542348 0.000000
v -2.367328 0.516741 0.000000
v -2.355086 0.491953 0.000000
v -2.343000 0.468134 0.000000
v -2.331115 0.445434 0.000000
v -2.319477 0.424000 0.000000
v -2.345568 0.405345 0.000000
v -2.369792 0.386343 0.000000
v -2.392070 0.366938 0.000000
v -2.412328 0.347074 0.000000
v -2.430490 0.326697 0.000000
v -2.446477 0.305750 0.000000
v -2.460214 0.284178 0.000000
v -2.471625 0.261926 0.000000
v -2.480633 0.238938 0.000000
v -2.487162 0.215157 0.000000
v -2.491135 0.190530 0.000000
v -2.492477 0.165000 0.000000
v -2.489712 0.129436 0.000000
v -2.481606 0.097657 0.000000
v -2.468446 0.069531 0.000000
v -2.450514 0.044926 0.000000
v -2.428096 0.023709 0.000000
v -2.401477 0.005750 0.000000
v -2.370941 -0.009084 -0.000000
v -2.336773 -0.020926 -0.000000
v -2.299258 -0.029906 -0.000000
v -2.258681 -0.036157 -0.000000
v -2.215325 -0.039811 -0.000000
v -2.169477 -0.041000 -0.000000
v -2.138433 -0.040775 -0.000000
v -2.107875 -0.040120 -0.000000
v -2.077914 -0.039062 -0.000000
v -2.048662 -0.037630 -0.000000
v -2.020229 -0.035850 -0.000000
v -1.992727 -0.033750 -0.000000
v -1.966266 -0.031359 -0.000000
v -1.940958 -0.028704 -0.000000
v -1.916914 -0.025813 -0.000000
v -1.894245 -0.022713 -0.000000
v -1.873062 -0.019433 -0.000000
v -1.853477 -0.016000 -0.000000
v -1.852477 0.073000 0.000000
v -1.873077 0.068130 0.000000
v -1.895694 0.063537 0.000000
v -1.920055 0.059250 0.000000
v -1.945884 0.055296 0.000000
v -1.972908 0.051704 0.000000
v -2.000852 0.048500 0.000000
v -2.029441 0.045713 0.000000
v -2.058403 0.043370 0.000000
v -2.087461 0.041500 0.000000
v -2.116342 0.040130 0.000000
v -2.144772 0.039287 0.000000
v -2.172477 0.039000 0.000000
v -2.210331 0.040071 0.000000
v -2.244893 0.043236 0.000000
v -2.276164 0.048422 0.000000
v -2.304143 0.055556 0.000000
v -2.328831 0.064564 0.000000
v -2.350227 0.075375 0.000000
v -2.368331 0.087915 0.000000
v -2.383143 0.102111 0.000000
v -2.394664 0.117891 0.000000
v -2.402893 0.135181 0.000000
v -2.407831 0.153908 0.000000
v -2.409477 0.174000 0.000000
v -2.408321 0.192794 0.000000
v -2.404902 0.211185 0.000000
v -2.399289 0.229188 0.000000
v -2.391551 0.246815 0.000000
v -2.381757 0.264081 0.000000
v -2.369977 0.281000 0.000000
v -2.356280 0.297586 0.000000
v -2.340736 0.313852 0.000000
v -2.323414 0.329813 0.000000
v -2.304384 0.345482 0.000000
v -2.283715 0.360873 0.000000
v -2.261477 0.376000 0.000000
v -2.236719 0.391977 0.000000
v -2.211578 0.407403 0.000000
v -2.186258 0.422266 0.000000
v -2.160958 0.436556 0.000000
v -2.135880 0.450262 0.000000
v -2.111227 0.463375 0.000000
v -2.087198 0.475884 0.000000
v -2.063995 0.487778 0.000000
v -2.041821 0.499047 0.000000
v -2.020875 0.509681 0.000000
v -2.001360 0.519668 0.000000
v -1.983477 0.529000 0.000000
v -1.976309 0.532710 0.000000
v -1.969305 0.536343 0.000000
v -1.962461 0.539906 0.000000
v -1.955773 0.543407 0.000000
v -1.949238 0.546853 0.000000
v -1.942852 0.550250 0.000000
v -1.936612 0.553605 0.000000
v -1.930514 0.556926 0.000000
v -1.924555 0.560219 0.000000
v -1.918731 0.563491 0.000000
v -1.913040 0.566749 0.000000
v -1.907477 0.570000 0.000000
v -1.947477 0.643000 0.000000
v -1.952750 0.638810 0.000000
v -1.958083 0.634727 0.000000
v -1.963492 0.630734 0.000000
v -1.968995 0.626815 0.000000
v -1.974609 0.622951 0.000000
v -1.980352 0.619125 0.000000
v -1.986240 0.615320 0.000000
v -1.992291 0.611519 0.000000
v -1.998523 0.607703 0.000000
v -2.004953 0.603857 0.000000
v -2.011599 0.599961 0.000000
v -2.018476 0.596000 0.000000
v -2.032954 0.587982 0.000000
v -2.048796 0.579435 0.000000
v -2.065867 0.570375 0.000000
v -2.084032 0.560815 0.000000
v -2.103155 0.550769 0.000000
v -2.123102 0.540250 0.000000
v -2.143735 0.529273 0.000000
v -2.164921 0.517852 0.000000
v -2.186523 0.506000 0.000000
v -2.208407 0.493732 0.000000
v -2.230437 0.481060 0.000000
v -2.252477 0.468000 0.000000
v -2.263382 0.488339 0.000000
v -2.274555 0.509792 0.000000
v -2.285930 0.532266 0.000000
v -2.297440 0.555667 0.000000
v -2.309019 0.579901 0.000000
v -2.320601 0.604875 0.000000
v -2.332122 0.630495 0.000000
v -2.343513 0.656667 0.000000
v -2.354711 0.683297 0.000000
v -2.365648 0.710292 0.000000
v -2.376258 0.737557 0.000000
v -3.359477 0.778000 0.000000
v -3.438477 0.745000 0.000000
v -3.426839 0.717608 0.000000
v -3.414958 0.690032 0.000000
v -3.402883 0.662422 0.000000
v -3.390662 0.634926 0.000000
v -3.378344 0.607694 0.000000
v -3.365977 0.580875 0.000000
v -3.353610 0.554619 0.000000
v -3.341291 0.529074 0.000000
v -3.329070 0.504391 0.000000
v -3.316995 0.480718 0.000000
v -3.305114 0.458204 0.000000
v -3.293477 0.437000 0.000000
v -3.319358 0.418116 0.000000
v -3.343444 0.398926 0.000000
v -3.365649 0.379375 0.000000
v -3.385884 0.359407 0.000000
v -3.404064 0.338968 0.000000
v -3.420102 0.318000 0.000000
v -3.433910 0.296449 0.000000
v -3.445403 0.274259 0.000000
v -3.454492 0.251375 0.000000
v -3.461092 0.227741 0.000000
v -3.465116 0.203301 0.000000
v -3.466477 0.178000 0.000000
v -3.463692 0.142436 0.000000
v -3.455532 0.110657 0.000000
v -3.442289 0.082531 0.000000
v -3.424254 0.057926 0.000000
v -3.401720 0.036709 0.000000
v -3.374977 0.018750 0.000000
v -3.344317 0.003916 0.000000
v -3.310032 -0.007926 -0.000000
v -3.272414 -0.016906 -0.000000
v -3.231754 -0.023157 -0.000000
v -3.188345 -0.026811 -0.000000
v -3.142477 -0.028000 -0.000000
v -3.111452 -0.027756 -0.000000
v -3.080944 -0.027051 -0.000000
v -3.051055 -0.025922 -0.000000
v -3.021884 -0.024407 -0.000000
v -2.993533 -0.022546 -0.000000
v -2.966102 -0.020375 -0.000000
v -2.939692 -0.017933 -0.000000
v -2.914403 -0.015259 -0.000000
v -2.890336 -0.012391 -0.000000
v -2.867592 -0.009366 -0.000000
v -2.846272 -0.006223 -0.000000
v -2.826477 -0.003000 -0.000000
v -2.826477 0.086000 0.000000
v -2.847077 0.081130 0.000000
v -2.869694 0.076537 0.000000
v -2.894055 0.072250 0.000000
v -2.919884 0.068296 0.000000
v -2.946908 0.064704 0.000000
v -2.974852 0.061500 0.000000
v -3.003441 0.058713 0.000000
v -3.032403 0.056370 0.000000
v -3.061461 0.054500 0.000000
v -3.090343 0.053130 0.000000
v -3.118773 0.052287 0.000000
v -3.146477 0.052000 0.000000
v -3.184331 0.053071 0.000000
v -3.218893 0.056236 0.000000
v -3.250164 0.061422 0.000000
v -3.278143 0.068556 0.000000
v -3.302831 0.077564 0.000000
v -3.324227 0.088375 0.000000
v -3.342331 0.100915 0.000000
v -3.357143 0.115111 0.000000
v -3.368664 0.130891 0.000000
v -3.376893 0.148181 0.000000
v -3.381831 0.166908 0.000000
v -3.383477 0.187000 0.000000
v -3.382321 0.205794 0.000000
v -3.378898 0.224185 0.000000
v -3.373274 0.242188 0.000000
v -3.365514 0.259815 0.000000
v -3.355684 0.277081 0.000000
v -3.343852 0.294000 0.000000
v -3.330081 0.310586 0.000000
v -3.314440 0.326852 0.000000
v -3.296992 0.342813 0.000000
v -3.277805 0.358482 0.000000
v -3.256945 0.373873 0.000000
v -3.234477 0.389000 0.000000
v -3.209207 0.405252 0.000000
v -3.182652 0.421435 0.000000
v -3.155195 0.437438 0.000000
v -3.127217 0.453148 0.000000
v -3.099101 0.468456 0.000000
v -3.071227 0.483250 0.000000
v -3.043978 0.497419 0.000000
v -3.017736 0.510852 0.000000
v -2.992883 0.523438 0.000000
v -2.969801 0.535065 0.000000
v -2.948871 0.545623 0.000000
v -2.930477 0.555000 0.000000
v -2.923309 0.558710 0.000000
v -2.916301 0.562347 0.000000
v -2.909445 0.565922 0.000000
v -2.902736 0.569444 0.000000
v -2.896165 0.572925 0.000000
v -2.889727 0.576375 0.000000
v -2.883413 0.579804 0.000000
v -2.877217 0.583222 0.000000
v -2.871133 0.586641 0.000000
v -2.865153 0.590069 0.000000
v -2.859269 0.593519 0.000000
v -2.853477 0.597000 0.000000
v -2.897477 0.668000 0.000000
v -2.902731 0.663829 0.000000
v -2.908014 0.659796 0.000000
v -2.913352 0.655875 0.000000
v -2.918773 0.652037 0.000000
v -2.924305 0.648255 0.000000
v -2.929976 0.644500 0.000000
v -2.935815 0.640745 0.000000
v -2.941847 0.636963 0.000000
v -2.948102 0.633125 0.000000
v -2.954606 0.629204 0.000000
v -2.961389 0.625171 0.000000
v -2.968477 0.621000 0.000000
v -2.983292 0.613032 0.000000
v -3.000083 0.604171 0.000000
v -3.018617 0.594484 0.000000
v -3.038662 0.584037 0.000000
v -3.059984 0.572895 0.000000
v -3.082352 0.561125 0.000000
v -3.105532 0.548792 0.000000
v -3.129292 0.535963 0.000000
v -3.153399 0.522703 0.000000
v -3.177620 0.509079 0.000000
v -3.201724 0.495156 0.000000
v -3.225477 0.481000 0.000000
v -3.236592 0.501339 0.000000
v -3.247903 0.522792 0.000000
v -3.259352 0.545266 0.000000
v -3.270884 0.568667 0.000000
v -3.282444 0.592901 0.000000
v -3.293977 0.617875 0.000000
v -3.305426 0.643495 0.000000
v -3.316736 0.669667 0.000000
v -3.327852 0.696297 0.000000
v -3.338717 0.723292 0.000000
v -3.349277 0.750557 0.000000
v 4.582523 -0.005000 0.274083
v 4.591135 -0.004465 0.274083
v 4.599417 -0.002889 0.274083
v 4.607289 -0.000313 0.274083
v 4.614672 0.003222 0.274083
v 4.621485 0.007674 0.274083
v 4.627648 0.013000 0.274083
v 4.633083 0.019160 0.274083
v 4.637709 0.026111 0.274083
v 4.641445 0.033812 0.274083
v 4.644213 0.042222 0.274083
v 4.645932 0.051299 0.274083
v 4.646523 0.061000 0.274083
v 4.645932 0.070721 0.274083
v 4.644213 0.079852 0.274083
v 4.641445 0.088344 0.274083
v 4.637709 0.096148 0.274083
v 4.633083 0.103216 0.274083
v 4.627648 0.109500 0.274083
v 4.621485 0.114950 0.274083
v 4.614672 0.119519 0.274083
v 4.607289 0.123156 0.274083
v 4.599417 0.125815 0.274083
v 4.591135 0.127446 0.274083
v 4.582523 0.128000 0.274083
v 4.573912 0.127446 0.274083
v 4.565630 0.125815 0.274083
v 4.557757 0.123156 0.274083
v 4.550375 0.119519 0.274083
v 4.543562 0.114950 0.274083
v 4.537398 0.109500 0.274083
v 4.531963 0.103216 0.274083
v 4.527338 0.096148 0.274083
v 4.523602 0.088344 0.274083
v 4.520834 0.079852 0.274083
v 4.519114 0.070721 0.274083
v 4.518523 0.061000 0.274083
v 4.519095 0.051299 0.274083
v 4.520764 0.042222 0.274083
v 4.523461 0.033812 0.274083
v 4.527117 0.026111 0.274083
v 4.531661 0.019160 0.274083
v 4.537024 0.013000 0.274083
v 4.543138 0.007674 0.274083
v 4.549932 0.003222 0.274083
v 4.557337 -0.000313 0.274083
v 4.565284 -0.002889 0.274083
v 4.573703 -0.004465 0.274083
v 4.549523 0.242000 0.274083
v 4.615523 0.242000 0.274083
v 4.635524 0.630000 0.274083
v 4.637524 0.748000 0.274083
v 4.527523 0.748000 0.274083
v 4.529523 0.630000 0.274083
v 4.076523 0.670000 0.274083
v 3.998523 0.643000 0.274083
v 4.021770 0.611982 0.274083
v 4.043496 0.577685 0.274083
v 4.063680 0.540500 0.274083
v 4.082301 0.500815 0.274083
v 4.099339 0.459019 0.274083
v 4.114774 0.415500 0.274083
v 4.128583 0.370648 0.274083
v 4.140746 0.324852 0.274083
v 4.151243 0.278500 0.274083
v 4.160052 0.231981 0.274083
v 4.167152 0.185685 0.274083
v 4.172523 0.140000 0.274083
v 4.252523 0.173000 0.274083
v 4.247609 0.216065 0.274083
v 4.240458 0.260440 0.274083
v 4.231211 0.305641 0.274083
v 4.220005 0.351185 0.274083
v 4.206979 0.396591 0.274083
v 4.192273 0.441375 0.274083
v 4.176025 0.485055 0.274083
v 4.158375 0.527148 0.274083
v 4.139461 0.567172 0.274083
v 4.119421 0.604643 0.274083
v 4.098395 0.639080 0.274083
v 3.555523 0.698000 0.274083
v 3.458523 0.700000 0.274083
v 3.459921 0.693646 0.274083
v 3.461125 0.686671 0.274083
v 3.462148 0.679203 0.274083
v 3.463005 0.671370 0.274083
v 3.463708 0.663302 0.274083
v 3.464273 0.655125 0.274083
v 3.464713 0.646969 0.274083
v 3.465041 0.638963 0.274083
v 3.465272 0.631234 0.274083
v 3.465421 0.623912 0.274083
v 3.465499 0.617124 0.274083
v 3.465523 0.611000 0.274083
v 3.465549 0.595224 0.274083
v 3.465643 0.577125 0.274083
v 3.465836 0.557047 0.274083
v 3.466153 0.535333 0.274083
v 3.466622 0.512328 0.274083
v 3.467273 0.488375 0.274083
v 3.468132 0.463818 0.274083
v 3.469226 0.439000 0.274083
v 3.470585 0.414266 0.274083
v 3.472236 0.389958 0.274083
v 3.474205 0.366422 0.274083
v 3.476523 0.344000 0.274083
v 3.484572 0.282646 0.274083
v 3.495079 0.227921 0.274083
v 3.507836 0.179578 0.274083
v 3.522635 0.137370 0.274083
v 3.539267 0.101051 0.274083
v 3.557524 0.070375 0.274083
v 3.577198 0.045094 0.274083
v 3.598080 0.024963 0.274083
v 3.619962 0.009734 0.274083
v 3.642635 -0.000838 0.274083
v 3.665892 -0.007001 0.274083
v 3.689523 -0.009000 0.274083
v 3.706151 -0.007760 0.274083
v 3.722546 -0.003917 0.274083
v 3.738726 0.002719 0.274083
v 3.754708 0.012333 0.274083
v 3.770510 0.025115 0.274083
v 3.786148 0.041250 0.274083
v 3.801641 0.060927 0.274083
v 3.817005 0.084333 0.274083
v 3.832258 0.111656 0.274083
v 3.847417 0.143083 0.274083
v 3.862500 0.178802 0.274083
v 3.877523 0.219000 0.274083
v 3.814523 0.290000 0.274083
v 3.807596 0.264979 0.274083
v 3.799852 0.240167 0.274083
v 3.791351 0.215937 0.274083
v 3.782153 0.192667 0.274083
v 3.772316 0.170729 0.274083
v 3.761898 0.150500 0.274083
v 3.750960 0.132354 0.274083
v 3.739560 0.116667 0.274083
v 3.727757 0.103812 0.274083
v 3.715611 0.094167 0.274083
v 3.703180 0.088104 0.274083
v 3.690523 0.086000 0.274083
v 3.673238 0.088281 0.274083
v 3.656908 0.094995 0.274083
v 3.641570 0.105953 0.274083
v 3.627264 0.120963 0.274083
v 3.614028 0.139834 0.274083
v 3.601899 0.162375 0.274083
v 3.590916 0.188395 0.274083
v 3.581117 0.217704 0.274083
v 3.572540 0.250109 0.274083
v 3.565223 0.285421 0.274083
v 3.559206 0.323449 0.274083
v 3.554523 0.364000 0.274083
v 3.552896 0.384896 0.274083
v 3.551505 0.406000 0.274083
v 3.550335 0.427188 0.274083
v 3.549375 0.448333 0.274083
v 3.548608 0.469313 0.274083
v 3.548023 0.490000 0.274083
v 3.547604 0.510271 0.274083
v 3.547338 0.530000 0.274083
v 3.547210 0.549062 0.274083
v 3.547208 0.567333 0.274083
v 3.547317 0.584687 0.274083
v 3.547523 0.601000 0.274083
v 3.547605 0.607912 0.274083
v 3.547838 0.615546 0.274083
v 3.548211 0.623750 0.274083
v 3.548709 0.632370 0.274083
v 3.549318 0.641255 0.274083
v 3.550024 0.650250 0.274083
v 3.550813 0.659204 0.274083
v 3.551672 0.667963 0.274083
v 3.552587 0.676375 0.274083
v 3.553543 0.684287 0.274083
v 3.554526 0.691546 0.274083
v 2.491523 0.540000 0.274083
v 2.491523 0.229000 0.274083
v 2.791523 0.229000 0.274083
v 2.791523 0.160000 0.274083
v 2.459523 0.160000 0.274083
v 2.459523 0.100000 0.274083
v 2.791523 0.100000 0.274083
v 2.791523 0.013000 0.274083
v 2.384523 0.013000 0.274083
v 2.384523 -0.048000 0.274083
v 3.281523 -0.048000 0.274083
v 3.281523 0.013000 0.274083
v 2.866523 0.013000 0.274083
v 2.866523 0.100000 0.274083
v 3.218524 0.100000 0.274083
v 3.218524 0.160000 0.274083
v 2.866523 0.160000 0.274083
v 2.866523 0.229000 0.274083
v 3.180523 0.229000 0.274083
v 3.180523 0.540000 0.274083
v 2.866523 0.540000 0.274083
v 2.866523 0.601000 0.274083
v 3.276524 0.601000 0.274083
v 3.276524 0.663000 0.274083
v 2.866523 0.663000 0.274083
v 2.866523 0.740000 0.274083
v 2.895617 0.742312 0.274083
v 2.924361 0.744750 0.274083
v 2.952695 0.747312 0.274083
v 2.980561 0.750000 0.274083
v 3.007898 0.752813 0.274083
v 3.034649 0.755750 0.274083
v 3.060754 0.758812 0.274083
v 3.086154 0.762000 0.274083
v 3.110789 0.765312 0.274083
v 3.134603 0.768750 0.274083
v 3.157534 0.772313 0.274083
v 3.179523 0.776000 0.274083
v 3.139524 0.834000 0.274083
v 3.097521 0.827190 0.274083
v 3.050917 0.820769 0.274083
v 3.000320 0.814750 0.274083
v 2.946338 0.809148 0.274083
v 2.889578 0.803977 0.274083
v 2.830648 0.799250 0.274083
v 2.770156 0.794982 0.274083
v 2.708709 0.791185 0.274083
v 2.646914 0.787875 0.274083
v 2.585380 0.785065 0.274083
v 2.524714 0.782769 0.274083
v 2.465523 0.781000 0.274083
v 2.467289 0.777013 0.274083
v 2.469069 0.772602 0.274083
v 2.470836 0.767844 0.274083
v 2.472560 0.762815 0.274083
v 2.474216 0.757591 0.274083
v 2.475773 0.752250 0.274083
v 2.477206 0.746867 0.274083
v 2.478487 0.741519 0.274083
v 2.479586 0.736281 0.274083
v 2.480477 0.731232 0.274083
v 2.481133 0.726446 0.274083
v 2.481524 0.722000 0.274083
v 2.506205 0.722542 0.274083
v 2.531222 0.723167 0.274083
v 2.556539 0.723875 0.274083
v 2.582116 0.724667 0.274083
v 2.607915 0.725542 0.274083
v 2.633899 0.726500 0.274083
v 2.660028 0.727542 0.274083
v 2.686265 0.728667 0.274083
v 2.712571 0.729875 0.274083
v 2.738908 0.731167 0.274083
v 2.765238 0.732542 0.274083
v 2.791523 0.734000 0.274083
v 2.791523 0.663000 0.274083
v 2.390523 0.663000 0.274083
v 2.390523 0.601000 0.274083
v 2.791523 0.601000 0.274083
v 2.791523 0.540000 0.274083
v 2.564523 0.360000 0.274083
v 2.791523 0.360000 0.274083
v 2.791523 0.284000 0.274083
v 2.564523 0.284000 0.274083
v 2.866523 0.360000 0.274083
v 3.104523 0.360000 0.274083
v 3.104523 0.284000 0.274083
v 2.866523 0.284000 0.274083
v 2.564523 0.486000 0.274083
v 2.791523 0.486000 0.274083
v 2.791523 0.411000 0.274083
v 2.564523 0.411000 0.274083
v 2.866523 0.486000 0.274083
v 3.104523 0.486000 0.274083
v 3.104523 0.411000 0.274083
v 2.866523 0.411000 0.274083
v 1.808523 0.642000 0.274083
v 1.805588 0.618946 0.274083
v 1.802292 0.595819 0.274083
v 1.798648 0.572672 0.274083
v 1.794672 0.549556 0.274083
v 1.790375 0.526523 0.274083
v 1.785773 0.503625 0.274083
v 1.780880 0.480915 0.274083
v 1.775709 0.458444 0.274083
v 1.770274 0.436266 0.274083
v 1.764588 0.414430 0.274083
v 1.758667 0.392991 0.274083
v 1.752523 0.372000 0.274083
v 1.739737 0.331855 0.274083
v 1.726894 0.295838 0.274083
v 1.714024 0.263828 0.274083
v 1.701153 0.235704 0.274083
v 1.688311 0.211343 0.274083
v 1.675524 0.190625 0.274083
v 1.662820 0.173428 0.274083
v 1.650227 0.159630 0.274083
v 1.637774 0.149109 0.274083
v 1.625486 0.141745 0.274083
v 1.613394 0.137416 0.274083
v 1.601523 0.136000 0.274083
v 1.590044 0.137175 0.274083
v 1.578269 0.140731 0.274083
v 1.566445 0.146719 0.274083
v 1.554819 0.155185 0.274083
v 1.543638 0.166179 0.274083
v 1.533148 0.179750 0.274083
v 1.523595 0.195946 0.274083
v 1.515227 0.214815 0.274083
v 1.508289 0.236406 0.274083
v 1.503028 0.260769 0.274083
v 1.499691 0.287950 0.274083
v 1.498523 0.318000 0.274083
v 1.500956 0.352486 0.274083
v 1.508153 0.387556 0.274083
v 1.519961 0.422625 0.274083
v 1.536227 0.457111 0.274083
v 1.556799 0.490431 0.274083
v 1.581523 0.522000 0.274083
v 1.610248 0.551236 0.274083
v 1.642820 0.577556 0.274083
v 1.679086 0.600375 0.274083
v 1.718894 0.619111 0.274083
v 1.762091 0.633181 0.274083
v 1.891523 0.644000 0.274083
v 1.932488 0.638007 0.274083
v 1.970329 0.627722 0.274083
v 2.004961 0.613438 0.274083
v 2.036301 0.595445 0.274083
v 2.064266 0.574035 0.274083
v 2.088773 0.549500 0.274083
v 2.109738 0.522132 0.274083
v 2.127079 0.492222 0.274083
v 2.140710 0.460063 0.274083
v 2.150551 0.425944 0.274083
v 2.156516 0.390160 0.274083
v 2.158524 0.353000 0.274083
v 2.155970 0.311368 0.274083
v 2.148597 0.272944 0.274083
v 2.136836 0.237687 0.274083
v 2.121116 0.205556 0.274083
v 2.101868 0.176507 0.274083
v 2.079523 0.150500 0.274083
v 2.054512 0.127493 0.274083
v 2.027264 0.107444 0.274083
v 1.998210 0.090312 0.274083
v 1.967782 0.076056 0.274083
v 1.936409 0.064632 0.274083
v 1.904523 0.056000 0.274083
v 1.898611 0.054751 0.274083
v 1.892389 0.053509 0.274083
v 1.885882 0.052281 0.274083
v 1.879116 0.051074 0.274083
v 1.872113 0.049895 0.274083
v 1.864898 0.048750 0.274083
v 1.857496 0.047647 0.274083
v 1.849931 0.046593 0.274083
v 1.842227 0.045594 0.274083
v 1.834408 0.044657 0.274083
v 1.826499 0.043790 0.274083
v 1.818523 0.043000 0.274083
v 1.865523 -0.031000 0.274083
v 1.922688 -0.021002 0.274083
v 1.975593 -0.006597 0.274083
v 2.024102 0.012078 0.274083
v 2.068079 0.034889 0.274083
v 2.107390 0.061700 0.274083
v 2.141899 0.092375 0.274083
v 2.171470 0.126780 0.274083
v 2.195968 0.164778 0.274083
v 2.215258 0.206234 0.274083
v 2.229204 0.251014 0.274083
v 2.237671 0.298981 0.274083
v 2.240523 0.350000 0.274083
v 2.237456 0.399885 0.274083
v 2.228403 0.447745 0.274083
v 2.213586 0.493141 0.274083
v 2.193227 0.535630 0.274083
v 2.167549 0.574771 0.274083
v 2.136773 0.610125 0.274083
v 2.101123 0.641249 0.274083
v 2.060820 0.667704 0.274083
v 2.016086 0.689047 0.274083
v 1.967144 0.704838 0.274083
v 1.914216 0.714636 0.274083
v 1.857523 0.718000 0.274083
v 1.797668 0.714136 0.274083
v 1.740431 0.702921 0.274083
v 1.686305 0.684922 0.274083
v 1.635783 0.660704 0.274083
v 1.589358 0.630833 0.274083
v 1.547523 0.595875 0.274083
v 1.510772 0.556396 0.274083
v 1.479598 0.512963 0.274083
v 1.454492 0.466141 0.274083
v 1.435949 0.416495 0.274083
v 1.424462 0.364593 0.274083
v 1.420523 0.311000 0.274083
v 1.422326 0.271085 0.274083
v 1.427527 0.233931 0.274083
v 1.435820 0.199672 0.274083
v 1.446893 0.168444 0.274083
v 1.460439 0.140384 0.274083
v 1.476148 0.115625 0.274083
v 1.493711 0.094304 0.274083
v 1.512819 0.076556 0.274083
v 1.533163 0.062516 0.274083
v 1.554434 0.052319 0.274083
v 1.576324 0.046102 0.274083
v 1.598523 0.044000 0.274083
v 1.621479 0.046185 0.274083
v 1.643838 0.052731 0.274083
v 1.665586 0.063625 0.274083
v 1.686708 0.078852 0.274083
v 1.707192 0.098398 0.274083
v 1.727024 0.122250 0.274083
v 1.746188 0.150394 0.274083
v 1.764672 0.182815 0.274083
v 1.782461 0.219500 0.274083
v 1.799542 0.260435 0.274083
v 1.815901 0.305607 0.274083
v 1.831523 0.355000 0.274083
v 1.838337 0.378428 0.274083
v 1.844787 0.402171 0.274083
v 1.850883 0.426172 0.274083
v 1.856634 0.450370 0.274083
v 1.862052 0.474708 0.274083
v 1.867148 0.499125 0.274083
v 1.871931 0.523563 0.274083
v 1.876412 0.547963 0.274083
v 1.880601 0.572266 0.274083
v 1.884509 0.596412 0.274083
v 1.888146 0.620343 0.274083
v 0.684524 0.791000 0.274083
v 0.691034 0.780479 0.274083
v 0.697524 0.769495 0.274083
v 0.703930 0.758172 0.274083
v 0.710190 0.746630 0.274083
v 0.716242 0.734990 0.274083
v 0.722023 0.723375 0.274083
v 0.727471 0.711906 0.274083
v 0.732523 0.700704 0.274083
v 0.737117 0.689891 0.274083
v 0.741190 0.679588 0.274083
v 0.744679 0.669917 0.274083
v 0.747523 0.661000 0.274083
v 0.806523 0.683000 0.274083
v 0.803659 0.691896 0.274083
v 0.800111 0.701505 0.274083
v 0.795945 0.711703 0.274083
v 0.791227 0.722370 0.274083
v 0.786023 0.733385 0.274083
v 0.780398 0.744625 0.274083
v 0.774420 0.755969 0.274083
v 0.768153 0.767296 0.274083
v 0.761664 0.778484 0.274083
v 0.755019 0.789412 0.274083
v 0.748284 0.799958 0.274083
v 0.741523 0.810000 0.274083
v 1.182523 0.815000 0.274083
v 1.178513 0.804628 0.274083
v 1.174024 0.793607 0.274083
v 1.169117 0.782078 0.274083
v 1.163857 0.770185 0.274083
v 1.158305 0.758070 0.274083
v 1.152524 0.745875 0.274083
v 1.146575 0.733742 0.274083
v 1.140523 0.721815 0.274083
v 1.134429 0.710234 0.274083
v 1.128356 0.699143 0.274083
v 1.122367 0.688685 0.274083
v 1.116523 0.679000 0.274083
v 1.168523 0.659000 0.274083
v 1.174643 0.667671 0.274083
v 1.180982 0.677116 0.274083
v 1.187508 0.687234 0.274083
v 1.194190 0.697926 0.274083
v 1.200997 0.709090 0.274083
v 1.207898 0.720625 0.274083
v 1.214862 0.732431 0.274083
v 1.221857 0.744407 0.274083
v 1.228851 0.756453 0.274083
v 1.235815 0.768468 0.274083
v 1.242716 0.780350 0.274083
v 1.249523 0.792000 0.274083
v 0.628523 0.202000 0.274083
v 0.628523 0.139000 0.274083
v 0.897523 0.139000 0.274083
v 0.888598 0.123321 0.274083
v 0.877708 0.107819 0.274083
v 0.864679 0.092547 0.274083
v 0.849338 0.077556 0.274083
v 0.831511 0.062898 0.274083
v 0.811023 0.048625 0.274083
v 0.787703 0.034790 0.274083
v 0.761375 0.021444 0.274083
v 0.731867 0.008641 0.274083
v 0.699005 -0.003569 0.274083
v 0.662614 -0.015134 0.274083
v 0.622523 -0.026000 0.274083
v 0.626178 -0.029968 0.274083
v 0.630093 -0.034324 0.274083
v 0.634195 -0.039000 0.274083
v 0.638412 -0.043926 0.274083
v 0.642671 -0.049032 0.274083
v 0.646898 -0.054250 0.274083
v 0.651021 -0.059509 0.274083
v 0.654968 -0.064741 0.274083
v 0.658664 -0.069875 0.274083
v 0.662037 -0.074843 0.274083
v 0.665014 -0.079574 0.274083
v 0.667523 -0.084000 0.274083
v 0.708046 -0.071362 0.274083
v 0.745209 -0.057981 0.274083
v 0.779149 -0.043906 0.274083
v 0.810005 -0.029185 0.274083
v 0.837917 -0.013867 0.274083
v 0.863024 0.002000 0.274083
v 0.885464 0.018367 0.274083
v 0.905376 0.035185 0.274083
v 0.922899 0.052406 0.274083
v 0.938172 0.069981 0.274083
v 0.951334 0.087862 0.274083
v 0.962523 0.106000 0.274083
v 0.978812 0.082878 0.274083
v 0.996663 0.061023 0.274083
v 1.016055 0.040453 0.274083
v 1.036968 0.021185 0.274083
v 1.059381 0.003237 0.274083
v 1.083274 -0.013375 0.274083
v 1.108624 -0.028633 0.274083
v 1.135413 -0.042519 0.274083
v 1.163618 -0.055016 0.274083
v 1.193218 -0.066107 0.274083
v 1.224194 -0.075774 0.274083
v 1.256523 -0.084000 0.274083
v 1.259243 -0.078596 0.274083
v 1.262370 -0.072931 0.274083
v 1.265851 -0.067078 0.274083
v 1.269634 -0.061111 0.274083
v 1.273667 -0.055102 0.274083
v 1.277898 -0.049125 0.274083
v 1.282275 -0.043252 0.274083
v 1.286746 -0.037556 0.274083
v 1.291258 -0.032109 0.274083
v 1.295760 -0.026986 0.274083
v 1.300199 -0.022259 0.274083
v 1.304523 -0.018000 0.274083
v 1.273116 -0.011836 0.274083
v 1.242926 -0.004356 0.274083
v 1.214008 0.004422 0.274083
v 1.186412 0.014481 0.274083
v 1.160192 0.025805 0.274083
v 1.135398 0.038375 0.274083
v 1.112084 0.052174 0.274083
v 1.090302 0.067185 0.274083
v 1.070102 0.083391 0.274083
v 1.051538 0.100773 0.274083
v 1.034661 0.119315 0.274083
v 1.019524 0.139000 0.274083
v 1.295524 0.139000 0.274083
v 1.295524 0.202000 0.274083
v 0.993524 0.202000 0.274083
v 0.994233 0.206500 0.274083
v 0.994862 0.211000 0.274083
v 0.995414 0.215500 0.274083
v 0.995894 0.220000 0.274083
v 0.996304 0.224500 0.274083
v 0.996648 0.229000 0.274083
v 0.996930 0.233500 0.274083
v 0.997153 0.238000 0.274083
v 0.997320 0.242500 0.274083
v 0.997435 0.247000 0.274083
v 0.997502 0.251500 0.274083
v 0.997523 0.256000 0.274083
v 0.997523 0.280000 0.274083
v 1.228523 0.280000 0.274083
v 1.228523 0.339000 0.274083
v 0.997523 0.339000 0.274083
v 0.997523 0.411000 0.274083
v 1.259523 0.411000 0.274083
v 1.259523 0.469000 0.274083
v 1.105524 0.469000 0.274083
v 1.110313 0.476703 0.274083
v 1.115176 0.484787 0.274083
v 1.120101 0.493219 0.274083
v 1.125079 0.501963 0.274083
v 1.130098 0.510985 0.274083
v 1.135148 0.520250 0.274083
v 1.140219 0.529723 0.274083
v 1.145301 0.539370 0.274083
v 1.150383 0.549156 0.274083
v 1.155454 0.559046 0.274083
v 1.160504 0.569006 0.274083
v 1.165524 0.579000 0.274083
v 1.146523 0.584000 0.274083
v 1.287523 0.584000 0.274083
v 1.287523 0.647000 0.274083
v 1.067523 0.647000 0.274083
v 1.067523 0.832000 0.274083
v 1.003523 0.832000 0.274083
v 1.003523 0.647000 0.274083
v 0.917523 0.647000 0.274083
v 0.917523 0.832000 0.274083
v 0.854523 0.832000 0.274083
v 0.854523 0.647000 0.274083
v 0.635523 0.647000 0.274083
v 0.635523 0.584000 0.274083
v 0.785523 0.584000 0.274083
v 0.760523 0.577000 0.274083
v 0.765247 0.568554 0.274083
v 0.769898 0.559764 0.274083
v 0.774446 0.550703 0.274083
v 0.778857 0.541444 0.274083
v 0.783102 0.532061 0.274083
v 0.787149 0.522625 0.274083
v 0.790967 0.513210 0.274083
v 0.794524 0.503889 0.274083
v 0.797790 0.494734 0.274083
v 0.800732 0.485819 0.274083
v 0.803321 0.477217 0.274083
v 0.805523 0.469000 0.274083
v 0.663523 0.469000 0.274083
v 0.663523 0.411000 0.274083
v 0.922523 0.411000 0.274083
v 0.922523 0.339000 0.274083
v 0.691524 0.339000 0.274083
v 0.691524 0.280000 0.274083
v 0.922523 0.280000 0.274083
v 0.922523 0.256000 0.274083
v 0.922502 0.251500 0.274083
v 0.922435 0.247000 0.274083
v 0.922320 0.242500 0.274083
v 0.922153 0.238000 0.274083
v 0.921930 0.233500 0.274083
v 0.921648 0.229000 0.274083
v 0.921304 0.224500 0.274083
v 0.920894 0.220000 0.274083
v 0.920414 0.215500 0.274083
v 0.919861 0.211000 0.274083
v 0.919232 0.206500 0.274083
v 0.918523 0.202000 0.274083
v 0.831523 0.584000 0.274083
v 1.087523 0.584000 0.274083
v 1.084383 0.575306 0.274083
v 1.080982 0.566278 0.274083
v 1.077352 0.557000 0.274083
v 1.073524 0.547556 0.274083
v 1.069529 0.538028 0.274083
v 1.065398 0.528500 0.274083
v 1.061164 0.519056 0.274083
v 1.056857 0.509778 0.274083
v 1.052508 0.500750 0.274083
v 1.048149 0.492056 0.274083
v 1.043810 0.483778 0.274083
v 1.039523 0.476000 0.274083
v 1.064523 0.469000 0.274083
v 0.849524 0.469000 0.274083
v 0.876523 0.477000 0.274083
v 0.874760 0.484529 0.274083
v 0.872496 0.492565 0.274083
v 0.869773 0.501031 0.274083
v 0.866634 0.509852 0.274083
v 0.863121 0.518950 0.274083
v 0.859273 0.528250 0.274083
v 0.855134 0.537675 0.274083
v 0.850746 0.547148 0.274083
v 0.846148 0.556594 0.274083
v 0.841384 0.565935 0.274083
v 0.836495 0.575096 0.274083
v 0.596523 0.836000 0.274083
v 0.581770 0.798071 0.274083
v 0.565584 0.760403 0.274083
v 0.548070 0.723172 0.274083
v 0.529338 0.686556 0.274083
v 0.509495 0.650731 0.274083
v 0.488648 0.615875 0.274083
v 0.466906 0.582165 0.274083
v 0.444376 0.549778 0.274083
v 0.421164 0.518891 0.274083
v 0.397380 0.489681 0.274083
v 0.373130 0.462325 0.274083
v 0.348523 0.437000 0.274083
v 0.352157 0.432317 0.274083
v 0.356009 0.426866 0.274083
v 0.360008 0.420797 0.274083
v 0.364079 0.414259 0.274083
v 0.368150 0.407402 0.274083
v 0.372149 0.400375 0.274083
v 0.376001 0.393327 0.274083
v 0.379634 0.386407 0.274083
v 0.382977 0.379766 0.274083
v 0.385954 0.373551 0.274083
v 0.388494 0.367913 0.274083
v 0.390523 0.363000 0.274083
v 0.399252 0.372124 0.274083
v 0.407940 0.381491 0.274083
v 0.416586 0.391094 0.274083
v 0.425190 0.400926 0.274083
v 0.433753 0.410980 0.274083
v 0.442273 0.421250 0.274083
v 0.450752 0.431728 0.274083
v 0.459190 0.442407 0.274083
v 0.467586 0.453281 0.274083
v 0.475940 0.464343 0.274083
v 0.484252 0.475585 0.274083
v 0.492523 0.487000 0.274083
v 0.492523 -0.078000 0.274083
v 0.564523 -0.078000 0.274083
v 0.564523 0.600000 0.274083
v 0.574208 0.617331 0.274083
v 0.583750 0.634815 0.274083
v 0.593133 0.652438 0.274083
v 0.602338 0.670185 0.274083
v 0.611349 0.688044 0.274083
v 0.620148 0.706000 0.274083
v 0.628718 0.724039 0.274083
v 0.637042 0.742148 0.274083
v 0.645102 0.760312 0.274083
v 0.652880 0.778518 0.274083
v 0.660359 0.796752 0.274083
v 0.667523 0.815000 0.274083
v -0.417477 -0.005000 0.274083
v -0.408865 -0.004465 0.274083
v -0.400583 -0.002889 0.274083
v -0.392711 -0.000313 0.274083
v -0.385328 0.003222 0.274083
v -0.378515 0.007674 0.274083
v -0.372351 0.013000 0.274083
v -0.366917 0.019160 0.274083
v -0.362291 0.026111 0.274083
v -0.358555 0.033812 0.274083
v -0.355787 0.042222 0.274083
v -0.354067 0.051299 0.274083
v -0.353477 0.061000 0.274083
v -0.354067 0.070721 0.274083
v -0.355787 0.079852 0.274083
v -0.358555 0.088344 0.274083
v -0.362291 0.096148 0.274083
v -0.366917 0.103216 0.274083
v -0.372351 0.109500 0.274083
v -0.378515 0.114950 0.274083
v -0.385328 0.119519 0.274083
v -0.392711 0.123156 0.274083
v -0.400583 0.125815 0.274083
v -0.408865 0.127446 0.274083
v -0.417477 0.128000 0.274083
v -0.426088 0.127446 0.274083
v -0.434370 0.125815 0.274083
v -0.442242 0.123156 0.274083
v -0.449625 0.119519 0.274083
v -0.456438 0.114950 0.274083
v -0.462602 0.109500 0.274083
v -0.468036 0.103216 0.274083
v -0.472662 0.096148 0.274083
v -0.476399 0.088344 0.274083
v -0.479167 0.079852 0.274083
v -0.480886 0.070721 0.274083
v -0.481477 0.061000 0.274083
v -0.480905 0.051299 0.274083
v -0.479236 0.042222 0.274083
v -0.476539 0.033812 0.274083
v -0.472884 0.026111 0.274083
v -0.468340 0.019160 0.274083
v -0.462976 0.013000 0.274083
v -0.456863 0.007674 0.274083
v -0.450069 0.003222 0.274083
v -0.442664 -0.000313 0.274083
v -0.434717 -0.002889 0.274083
v -0.426298 -0.004465 0.274083
v -0.450477 0.242000 0.274083
v -0.384477 0.242000 0.274083
v -0.364477 0.630000 0.274083
v -0.362477 0.748000 0.274083
v -0.472477 0.748000 0.274083
v -0.470477 0.630000 0.274083
v -1.271477 0.573000 0.274083
v -1.271477 0.493000 0.274083
v -1.260173 0.492252 0.274083
v -1.247880 0.491514 0.274083
v -1.234774 0.490797 0.274083
v -1.221032 0.490111 0.274083
v -1.206833 0.489467 0.274083
v -1.192352 0.488875 0.274083
v -1.177767 0.488346 0.274083
v -1.163255 0.487889 0.274083
v -1.148993 0.487516 0.274083
v -1.135157 0.487236 0.274083
v -1.121927 0.487061 0.274083
v -1.109477 0.487000 0.274083
v -1.099186 0.487021 0.274083
v -1.088819 0.487083 0.274083
v -1.078383 0.487188 0.274083
v -1.067884 0.487333 0.274083
v -1.057330 0.487521 0.274083
v -1.046727 0.487750 0.274083
v -1.036082 0.488021 0.274083
v -1.025403 0.488333 0.274083
v -1.014696 0.488688 0.274083
v -1.003968 0.489083 0.274083
v -0.993226 0.489521 0.274083
v -0.982477 0.490000 0.274083
v -0.982477 0.459000 0.274083
v -0.982657 0.412611 0.274083
v -0.983417 0.369306 0.274083
v -0.985086 0.328875 0.274083
v -0.987995 0.291111 0.274083
v -0.992474 0.255806 0.274083
v -0.998852 0.222750 0.274083
v -1.007459 0.191736 0.274083
v -1.018625 0.162556 0.274083
v -1.032680 0.135000 0.274083
v -1.049954 0.108861 0.274083
v -1.070776 0.083931 0.274083
v -1.095477 0.060000 0.274083
v -1.101816 0.053987 0.274083
v -1.108773 0.047977 0.274083
v -1.116258 0.042016 0.274083
v -1.124180 0.036148 0.274083
v -1.132450 0.030420 0.274083
v -1.140976 0.024875 0.274083
v -1.149670 0.019560 0.274083
v -1.158439 0.014519 0.274083
v -1.167195 0.009797 0.274083
v -1.175847 0.005440 0.274083
v -1.184304 0.001492 0.274083
v -1.192477 -0.002000 0.274083
v -1.119477 -0.059000 0.274083
v -1.070771 -0.026942 0.274083
v -1.030162 0.006801 0.274083
v -0.996914 0.042328 0.274083
v -0.970291 0.079741 0.274083
v -0.949557 0.119139 0.274083
v -0.933976 0.160625 0.274083
v -0.922812 0.204298 0.274083
v -0.915328 0.250259 0.274083
v -0.910789 0.298609 0.274083
v -0.908458 0.349449 0.274083
v -0.907599 0.402879 0.274083
v -0.907477 0.459000 0.274083
v -0.907477 0.494000 0.274083
v -0.892563 0.495041 0.274083
v -0.877838 0.496162 0.274083
v -0.863320 0.497359 0.274083
v -0.849032 0.498630 0.274083
v -0.834994 0.499969 0.274083
v -0.821227 0.501375 0.274083
v -0.807751 0.502843 0.274083
v -0.794588 0.504370 0.274083
v -0.781758 0.505953 0.274083
v -0.769283 0.507588 0.274083
v -0.757182 0.509271 0.274083
v -0.745477 0.511000 0.274083
v -0.745477 0.593000 0.274083
v -0.757430 0.590332 0.274083
v -0.769773 0.587824 0.274083
v -0.782477 0.585469 0.274083
v -0.795514 0.583259 0.274083
v -0.808856 0.581189 0.274083
v -0.822477 0.579250 0.274083
v -0.836347 0.577436 0.274083
v -0.850440 0.575741 0.274083
v -0.864727 0.574156 0.274083
v -0.879180 0.572676 0.274083
v -0.893773 0.571293 0.274083
v -0.908477 0.570000 0.274083
v -0.909477 0.721000 0.274083
v -0.909456 0.726458 0.274083
v -0.909394 0.731829 0.274083
v -0.909289 0.737109 0.274083
v -0.909143 0.742296 0.274083
v -0.908956 0.747386 0.274083
v -0.908727 0.752375 0.274083
v -0.908456 0.757260 0.274083
v -0.908143 0.762037 0.274083
v -0.907789 0.766703 0.274083
v -0.907393 0.771255 0.274083
v -0.906956 0.775688 0.274083
v -0.906476 0.780000 0.274083
v -0.999477 0.780000 0.274083
v -0.998708 0.775898 0.274083
v -0.997907 0.771597 0.274083
v -0.997086 0.767109 0.274083
v -0.996254 0.762444 0.274083
v -0.995423 0.757613 0.274083
v -0.994602 0.752625 0.274083
v -0.993801 0.747491 0.274083
v -0.993032 0.742222 0.274083
v -0.992305 0.736828 0.274083
v -0.991629 0.731319 0.274083
v -0.991016 0.725707 0.274083
v -0.990477 0.720000 0.274083
v -0.989958 0.712902 0.274083
v -0.989407 0.704213 0.274083
v -0.988836 0.694094 0.274083
v -0.988255 0.682704 0.274083
v -0.987673 0.670203 0.274083
v -0.987102 0.656750 0.274083
v -0.986552 0.642506 0.274083
v -0.986032 0.627630 0.274083
v -0.985555 0.612281 0.274083
v -0.985130 0.596620 0.274083
v -0.984767 0.580807 0.274083
v -0.984477 0.565000 0.274083
v -0.994996 0.564521 0.274083
v -1.005546 0.564083 0.274083
v -1.016117 0.563688 0.274083
v -1.026699 0.563333 0.274083
v -1.037280 0.563021 0.274083
v -1.047851 0.562750 0.274083
v -1.058402 0.562521 0.274083
v -1.068921 0.562333 0.274083
v -1.079398 0.562187 0.274083
v -1.089823 0.562083 0.274083
v -1.100186 0.562021 0.274083
v -1.110476 0.562000 0.274083
v -1.124167 0.562083 0.274083
v -1.138166 0.562329 0.274083
v -1.152367 0.562734 0.274083
v -1.166662 0.563296 0.274083
v -1.180943 0.564011 0.274083
v -1.195102 0.564875 0.274083
v -1.209032 0.565885 0.274083
v -1.222625 0.567037 0.274083
v -1.235774 0.568328 0.274083
v -1.248371 0.569755 0.274083
v -1.260308 0.571313 0.274083
v -1.412477 0.765000 0.274083
v -1.505477 0.774000 0.274083
v -1.505499 0.769340 0.274083
v -1.505569 0.764384 0.274083
v -1.505695 0.759172 0.274083
v -1.505884 0.753741 0.274083
v -1.506142 0.748129 0.274083
v -1.506477 0.742375 0.274083
v -1.506894 0.736517 0.274083
v -1.507402 0.730593 0.274083
v -1.508008 0.724641 0.274083
v -1.508717 0.718699 0.274083
v -1.509538 0.712806 0.274083
v -1.510477 0.707000 0.274083
v -1.513745 0.684807 0.274083
v -1.517458 0.659875 0.274083
v -1.521477 0.632422 0.274083
v -1.525662 0.602667 0.274083
v -1.529875 0.570828 0.274083
v -1.533976 0.537125 0.274083
v -1.537828 0.501776 0.274083
v -1.541291 0.465000 0.274083
v -1.544226 0.427016 0.274083
v -1.546495 0.388042 0.274083
v -1.547958 0.348297 0.274083
v -1.548477 0.308000 0.274083
v -1.547816 0.276459 0.274083
v -1.545940 0.245005 0.274083
v -1.543008 0.213891 0.274083
v -1.539181 0.183370 0.274083
v -1.534617 0.153697 0.274083
v -1.529477 0.125125 0.274083
v -1.523920 0.097907 0.274083
v -1.518106 0.072296 0.274083
v -1.512196 0.048547 0.274083
v -1.506347 0.026912 0.274083
v -1.500721 0.007645 0.274083
v -1.495477 -0.009000 0.274083
v -1.427477 -0.001000 0.274083
v -1.427727 0.001579 0.274083
v -1.427977 0.004296 0.274083
v -1.428227 0.007125 0.274083
v -1.428477 0.010037 0.274083
v -1.428727 0.013005 0.274083
v -1.428977 0.016000 0.274083
v -1.429227 0.018995 0.274083
v -1.429477 0.021963 0.274083
v -1.429728 0.024875 0.274083
v -1.429978 0.027704 0.274083
v -1.430228 0.030421 0.274083
v -1.430477 0.033000 0.274083
v -1.430665 0.035910 0.274083
v -1.430731 0.039111 0.274083
v -1.430680 0.042562 0.274083
v -1.430514 0.046222 0.274083
v -1.430236 0.050049 0.274083
v -1.429852 0.054000 0.274083
v -1.429363 0.058035 0.274083
v -1.428773 0.062111 0.274083
v -1.428086 0.066187 0.274083
v -1.427305 0.070222 0.274083
v -1.426435 0.074174 0.274083
v -1.425477 0.078000 0.274083
v -1.422345 0.091305 0.274083
v -1.418509 0.106523 0.274083
v -1.414055 0.123359 0.274083
v -1.409069 0.141519 0.274083
v -1.403639 0.160705 0.274083
v -1.397851 0.180625 0.274083
v -1.391793 0.200982 0.274083
v -1.385550 0.221482 0.274083
v -1.379211 0.241828 0.274083
v -1.372861 0.261727 0.274083
v -1.366587 0.280883 0.274083
v -1.360477 0.299000 0.274083
v -1.403477 0.325000 0.274083
v -1.408263 0.312288 0.274083
v -1.413102 0.299222 0.274083
v -1.417961 0.285906 0.274083
v -1.422810 0.272444 0.274083
v -1.427617 0.258941 0.274083
v -1.432352 0.245500 0.274083
v -1.436982 0.232226 0.274083
v -1.441476 0.219222 0.274083
v -1.445804 0.206594 0.274083
v -1.449934 0.194444 0.274083
v -1.453835 0.182879 0.274083
v -1.457477 0.172000 0.274083
v -1.465519 0.214071 0.274083
v -1.470819 0.257986 0.274083
v -1.473633 0.303297 0.274083
v -1.474217 0.349556 0.274083
v -1.472830 0.396314 0.274083
v -1.469727 0.443125 0.274083
v -1.465165 0.489540 0.274083
v -1.459402 0.535111 0.274083
v -1.452695 0.579391 0.274083
v -1.445301 0.621931 0.274083
v -1.437475 0.662283 0.274083
v -1.429477 0.700000 0.274083
v -1.428397 0.704907 0.274083
v -1.427176 0.710093 0.274083
v -1.425836 0.715500 0.274083
v -1.424403 0.721074 0.274083
v -1.422900 0.726759 0.274083
v -1.421352 0.732500 0.274083
v -1.419783 0.738241 0.274083
v -1.418217 0.743926 0.274083
v -1.416680 0.749500 0.274083
v -1.415194 0.754907 0.274083
v -1.413785 0.760093 0.274083
v -1.890477 0.775000 0.274083
v -1.944477 0.752000 0.274083
v -1.937363 0.742065 0.274083
v -1.930069 0.731357 0.274083
v -1.922664 0.720016 0.274083
v -1.915217 0.708185 0.274083
v -1.907798 0.696008 0.274083
v -1.900477 0.683625 0.274083
v -1.893322 0.671180 0.274083
v -1.886403 0.658815 0.274083
v -1.879789 0.646672 0.274083
v -1.873551 0.634894 0.274083
v -1.867757 0.623622 0.274083
v -1.862477 0.613000 0.274083
v -1.808477 0.637000 0.274083
v -1.814024 0.647641 0.274083
v -1.820106 0.658958 0.274083
v -1.826633 0.670797 0.274083
v -1.833514 0.683000 0.274083
v -1.840658 0.695412 0.274083
v -1.847977 0.707875 0.274083
v -1.855378 0.720234 0.274083
v -1.862773 0.732333 0.274083
v -1.870070 0.744016 0.274083
v -1.877180 0.755125 0.274083
v -1.884013 0.765505 0.274083
v -1.780477 0.815000 0.274083
v -1.833477 0.793000 0.274083
v -1.826152 0.783123 0.274083
v -1.818713 0.772569 0.274083
v -1.811211 0.761453 0.274083
v -1.803699 0.749889 0.274083
v -1.796228 0.737991 0.274083
v -1.788852 0.725875 0.274083
v -1.781621 0.713655 0.274083
v -1.774588 0.701444 0.274083
v -1.767805 0.689359 0.274083
v -1.761324 0.677514 0.274083
v -1.755197 0.666023 0.274083
v -1.749477 0.655000 0.274083
v -1.696477 0.679000 0.274083
v -1.701605 0.688761 0.274083
v -1.707421 0.699421 0.274083
v -1.713820 0.710797 0.274083
v -1.720699 0.722704 0.274083
v -1.727952 0.734958 0.274083
v -1.735477 0.747375 0.274083
v -1.743168 0.759771 0.274083
v -1.750921 0.771963 0.274083
v -1.758633 0.783766 0.274083
v -1.766199 0.794995 0.274083
v -1.773515 0.805468 0.274083
v -2.386477 0.765000 0.274083
v -2.465477 0.732000 0.274083
v -2.453609 0.704837 0.274083
v -2.441537 0.677449 0.274083
v -2.429305 0.649984 0.274083
v -2.416958 0.622593 0.274083
v -2.404542 0.595423 0.274083
v -2.392102 0.568625 0.274083
v -2.379682 0.542348 0.274083
v -2.367328 0.516741 0.274083
v -2.355086 0.491953 0.274083
v -2.343000 0.468134 0.274083
v -2.331115 0.445434 0.274083
v -2.319477 0.424000 0.274083
v -2.345568 0.405345 0.274083
v -2.369792 0.386343 0.274083
v -2.392070 0.366938 0.274083
v -2.412328 0.347074 0.274083
v -2.430490 0.326697 0.274083
v -2.446477 0.305750 0.274083
v -2.460214 0.284178 0.274083
v -2.471625 0.261926 0.274083
v -2.480633 0.238937 0.274083
v -2.487162 0.215157 0.274083
v -2.491135 0.190530 0.274083
v -2.492477 0.165000 0.274083
v -2.489712 0.129436 0.274083
v -2.481606 0.097657 0.274083
v -2.468446 0.069531 0.274083
v -2.450514 0.044926 0.274083
v -2.428096 0.023709 0.274083
v -2.401477 0.005750 0.274083
v -2.370941 -0.009084 0.274083
v -2.336773 -0.020926 0.274083
v -2.299258 -0.029906 0.274083
v -2.258681 -0.036157 0.274083
v -2.215325 -0.039811 0.274083
v -2.169477 -0.041000 0.274083
v -2.138433 -0.040775 0.274083
v -2.107875 -0.040120 0.274083
v -2.077914 -0.039063 0.274083
v -2.048662 -0.037630 0.274083
v -2.020229 -0.035850 0.274083
v -1.992727 -0.033750 0.274083
v -1.966266 -0.031359 0.274083
v -1.940958 -0.028704 0.274083
v -1.916914 -0.025813 0.274083
v -1.894245 -0.022713 0.274083
v -1.873062 -0.019433 0.274083
v -1.853477 -0.016000 0.274083
v -1.852477 0.073000 0.274083
v -1.873077 0.068130 0.274083
v -1.895694 0.063537 0.274083
v -1.920055 0.059250 0.274083
v -1.945884 0.055296 0.274083
v -1.972908 0.051704 0.274083
v -2.000852 0.048500 0.274083
v -2.029441 0.045713 0.274083
v -2.058403 0.043370 0.274083
v -2.087461 0.041500 0.274083
v -2.116342 0.040130 0.274083
v -2.144772 0.039287 0.274083
v -2.172477 0.039000 0.274083
v -2.210331 0.040071 0.274083
v -2.244893 0.043236 0.274083
v -2.276164 0.048422 0.274083
v -2.304143 0.055556 0.274083
v -2.328831 0.064564 0.274083
v -2.350227 0.075375 0.274083
v -2.368331 0.087915 0.274083
v -2.383143 0.102111 0.274083
v -2.394664 0.117891 0.274083
v -2.402893 0.135181 0.274083
v -2.407831 0.153908 0.274083
v -2.409477 0.174000 0.274083
v -2.408321 0.192794 0.274083
v -2.404902 0.211185 0.274083
v -2.399289 0.229188 0.274083
v -2.391551 0.246815 0.274083
v -2.381757 0.264081 0.274083
v -2.369977 0.281000 0.274083
v -2.356280 0.297586 0.274083
v -2.340736 0.313852 0.274083
v -2.323414 0.329813 0.274083
v -2.304384 0.345482 0.274083
v -2.283715 0.360873 0.274083
v -2.261477 0.376000 0.274083
v -2.236719 0.391977 0.274083
v -2.211578 0.407403 0.274083
v -2.186258 0.422266 0.274083
v -2.160958 0.436556 0.274083
v -2.135880 0.450262 0.274083
v -2.111227 0.463375 0.274083
v -2.087198 0.475884 0.274083
v -2.063995 0.487778 0.274083
v -2.041821 0.499047 0.274083
v -2.020875 0.509681 0.274083
v -2.001360 0.519668 0.274083
v -1.983477 0.529000 0.274083
v -1.976309 0.532710 0.274083
v -1.969305 0.536343 0.274083
v -1.962461 0.539906 0.274083
v -1.955773 0.543407 0.274083
v -1.949238 0.546853 0.274083
v -1.942852 0.550250 0.274083
v -1.936612 0.553605 0.274083
v -1.930514 0.556926 0.274083
v -1.924555 0.560219 0.274083
v -1.918731 0.563491 0.274083
v -1.913040 0.566749 0.274083
v -1.907477 0.570000 0.274083
v -1.947477 0.643000 0.274083
v -1.952750 0.638810 0.274083
v -1.958083 0.634727 0.274083
v -1.963492 0.630734 0.274083
v -1.968995 0.626815 0.274083
v -1.974609 0.622951 0.274083
v -1.980352 0.619125 0.274083
v -1.986240 0.615320 0.274083
v -1.992291 0.611519 0.274083
v -1.998523 0.607703 0.274083
v -2.004953 0.603857 0.274083
v -2.011599 0.599961 0.274083
v -2.018476 0.596000 0.274083
v -2.032954 0.587982 0.274083
v -2.048796 0.579435 0.274083
v -2.065867 0.570375 0.274083
v -2.084032 0.560815 0.274083
v -2.103155 0.550769 0.274083
v -2.123102 0.540250 0.274083
v -2.143735 0.529273 0.274083
v -2.164921 0.517852 0.274083
v -2.186523 0.506000 0.274083
v -2.208407 0.493732 0.274083
v -2.230437 0.481060 0.274083
v -2.252477 0.468000 0.274083
v -2.263382 0.488339 0.274083
v -2.274555 0.509792 0.274083
v -2.285930 0.532266 0.274083
v -2.297440 0.555667 0.274083
v -2.309019 0.579901 0.274083
v -2.320601 0.604875 0.274083
v -2.332122 0.630495 0.274083
v -2.343513 0.656667 0.274083
v -2.354711 0.683297 0.274083
v -2.365648 0.710292 0.274083
v -2.376258 0.737557 0.274083
v -3.359477 0.778000 0.274083
v -3.438477 0.745000 0.274083
v -3.426839 0.717608 0.274083
v -3.414958 0.690032 0.274083
v -3.402883 0.662422 0.274083
v -3.390662 0.634926 0.274083
v -3.378344 0.607694 0.274083
v -3.365977 0.580875 0.274083
v -3.353610 0.554619 0.274083
v -3.341291 0.529074 0.274083
v -3.329070 0.504391 0.274083
v -3.316995 0.480718 0.274083
v -3.305114 0.458204 0.274083
v -3.293477 0.437000 0.274083
v -3.319358 0.418116 0.274083
v -3.343444 0.398926 0.274083
v -3.365649 0.379375 0.274083
v -3.385884 0.359407 0.274083
v -3.404064 0.338968 0.274083
v -3.420102 0.318000 0.274083
v -3.433910 0.296449 0.274083
v -3.445403 0.274259 0.274083
v -3.454492 0.251375 0.274083
v -3.461092 0.227741 0.274083
v -3.465116 0.203301 0.274083
v -3.466477 0.178000 0.274083
v -3.463692 0.142436 0.274083
v -3.455532 0.110657 0.274083
v -3.442289 0.082531 0.274083
v -3.424254 0.057926 0.274083
v -3.401720 0.036709 0.274083
v -3.374977 0.018750 0.274083
v -3.344317 0.003915 0.274083
v -3.310032 -0.007926 0.274083
v -3.272414 -0.016906 0.274083
v -3.231754 -0.023157 0.274083
v -3.188345 -0.026811 0.274083
v -3.142477 -0.028000 0.274083
v -3.111452 -0.027756 0.274083
v -3.080944 -0.027051 0.274083
v -3.051055 -0.025922 0.274083
v -3.021884 -0.024407 0.274083
v -2.993533 -0.022546 0.274083
v -2.966102 -0.020375 0.274083
v -2.939692 -0.017933 0.274083
v -2.914403 -0.015259 0.274083
v -2.890336 -0.012391 0.274083
v -2.867592 -0.009366 0.274083
v -2.846272 -0.006223 0.274083
v -2.826477 -0.003000 0.274083
v -2.826477 0.086000 0.274083
v -2.847077 0.081130 0.274083
v -2.869694 0.076537 0.274083
v -2.894055 0.072250 0.274083
v -2.919884 0.068296 0.274083
v -2.946908 0.064704 0.274083
v -2.974852 0.061500 0.274083
v -3.003441 0.058713 0.274083
v -3.032403 0.056370 0.274083
v -3.061461 0.054500 0.274083
v -3.090343 0.053130 0.274083
v -3.118773 0.052287 0.274083
v -3.146477 0.052000 0.274083
v -3.184331 0.053071 0.274083
v -3.218893 0.056236 0.274083
v -3.250164 0.061422 0.274083
v -3.278143 0.068556 0.274083
v -3.302831 0.077564 0.274083
v -3.324227 0.088375 0.274083
v -3.342331 0.100915 0.274083
v -3.357143 0.115111 0.274083
v -3.368664 0.130891 0.274083
v -3.376893 0.148181 0.274083
v -3.381831 0.166908 0.274083
v -3.383477 0.187000 0.274083
v -3.382321 0.205794 0.274083
v -3.378898 0.224185 0.274083
v -3.373274 0.242188 0.274083
v -3.365514 0.259815 0.274083
v -3.355684 0.277081 0.274083
v -3.343852 0.294000 0.274083
v -3.330081 0.310586 0.274083
v -3.314440 0.326852 0.274083
v -3.296992 0.342813 0.274083
v -3.277805 0.358482 0.274083
v -3.256945 0.373873 0.274083
v -3.234477 0.389000 0.274083
v -3.209207 0.405252 0.274083
v -3.182652 0.421435 0.274083
v -3.155195 0.437438 0.274083
v -3.127217 0.453148 0.274083
v -3.099101 0.468456 0.274083
v -3.071227 0.483250 0.274083
v -3.043978 0.497419 0.274083
v -3.017736 0.510852 0.274083
v -2.992883 0.523438 0.274083
v -2.969801 0.535065 0.274083
v -2.948871 0.545623 0.274083
v -2.930477 0.555000 0.274083
v -2.923309 0.558710 0.274083
v -2.916301 0.562347 0.274083
v -2.909445 0.565922 0.274083
v -2.902736 0.569444 0.274083
v -2.896165 0.572925 0.274083
v -2.889727 0.576375 0.274083
v -2.883413 0.579804 0.274083
v -2.877217 0.583222 0.274083
v -2.871133 0.586641 0.274083
v -2.865153 0.590069 0.274083
v -2.859269 0.593519 0.274083
v -2.853477 0.597000 0.274083
v -2.897477 0.668000 0.274083
v -2.902731 0.663829 0.274083
v -2.908014 0.659796 0.274083
v -2.913352 0.655875 0.274083
v -2.918773 0.652037 0.274083
v -2.924305 0.648255 0.274083
v -2.929976 0.644500 0.274083
v -2.935815 0.640745 0.274083
v -2.941847 0.636963 0.274083
v -2.948102 0.633125 0.274083
v -2.954606 0.629204 0.274083
v -2.961389 0.625171 0.274083
v -2.968477 0.621000 0.274083
v -2.983292 0.613032 0.274083
v -3.000083 0.604171 0.274083
v -3.018617 0.594484 0.274083
v -3.038662 0.584037 0.274083
v -3.059984 0.572895 0.274083
v -3.082352 0.561125 0.274083
v -3.105532 0.548792 0.274083
v -3.129292 0.535963 0.274083
v -3.153399 0.522703 0.274083
v -3.177620 0.509079 0.274083
v -3.201724 0.495156 0.274083
v -3.225477 0.481000 0.274083
v -3.236592 0.501339 0.274083
v -3.247903 0.522792 0.274083
v -3.259352 0.545266 0.274083
v -3.270884 0.568667 0.274083
v -3.282444 0.592901 0.274083
v -3.293977 0.617875 0.274083
v -3.305426 0.643495 0.274083
v -3.316736 0.669667 0.274083
v -3.327852 0.696297 0.274083
v -3.338717 0.723292 0.274083
v -3.349277 0.750557 0.274083
vn -0.0000 -0.0000 -1.0000
vn -0.0000 -0.0000 1.0000
vn 0.9996 -0.0297 -0.0000
vn 0.7133 -0.7008 -0.0000
vn 0.2471 0.9690 -0.0000
vn 0.8295 0.5585 -0.0000
vn 0.9325 0.3612 -0.0000
vn -0.6608 0.7505 -0.0000
vn -0.9359 0.3524 -0.0000
vn -0.9204 -0.3910 -0.0000
vn 0.8195 -0.5731 -0.0000
vn 0.0960 -0.9954 -0.0000
vn -0.8504 -0.5261 -0.0000
vn -0.5920 0.8059 -0.0000
vn 0.9826 0.1859 -0.0000
vn 0.8652 -0.5015 -0.0000
vn -0.5110 0.8596 -0.0000
vn -0.9956 -0.0938 -0.0000
vn -0.0806 0.9967 -0.0000
vn -0.9867 0.1625 -0.0000
vn -0.9460 0.3242 -0.0000
vn 0.4831 -0.8756 -0.0000
vn 0.9029 0.4298 -0.0000
vn -0.9908 -0.1356 -0.0000
vn -0.9864 -0.1644 -0.0000
vn -0.4697 0.8828 -0.0000
vn -0.1139 0.9935 -0.0000
vn 0.9603 -0.2790 -0.0000
vn 0.0398 -0.9992 -0.0000
vn -0.9639 0.2663 -0.0000
vn 0.0912 0.9958 -0.0000
vn 0.9818 -0.1899 -0.0000
vn -1.0000 -0.0000 -0.0000
vn 0.9650 -0.2621 -0.0000
vn -0.8979 0.4402 -0.0000
vn 0.4542 -0.8909 -0.0000
vn -0.4355 -0.9002 -0.0000
vn 1.0000 -0.0000 -0.0000
vn 0.9925 0.1219 -0.0000
vn 0.1458 -0.9893 -0.0000
vn -0.9903 -0.1387 -0.0000
vn -0.8903 0.4554 -0.0000
vn 0.0377 -0.9993 -0.0000
vn -0.0000 -1.0000 -0.0000
vn 0.9145 0.4046 -0.0000
vn 0.8910 0.4539 -0.0000
vn 0.9998 0.0208 -0.0000
vn -0.2328 -0.9725 -0.0000
vn -0.8962 -0.4437 -0.0000
vn -0.0000 1.0000 -0.0000
vn -0.8043 0.5942 -0.0000
vn 0.0625 -0.9980 -0.0000
vn 0.4896 -0.8719 -0.0000
vn -0.4420 0.8970 -0.0000
vn 0.9180 0.3967 -0.0000
vn 0.5569 0.8306 -0.0000
vn -0.6770 0.7360 -0.0000
vn 0.8500 0.5268 -0.0000
vn 0.8928 -0.4505 -0.0000
vn -0.7472 0.6646 -0.0000
vn -0.9599 -0.2803 -0.0000
vn 0.8303 -0.5573 -0.0000
vn 0.7208 -0.6931 -0.0000
vn -0.9982 0.0607 -0.0000
vn 0.9965 0.0832 -0.0000
vn 0.4518 0.8921 -0.0000
vn -0.9845 -0.1755 -0.0000
vn 0.0592 0.9982 -0.0000
vn 0.7689 -0.6393 -0.0000
vn 0.9981 -0.0609 -0.0000
vn 0.6644 -0.7474 -0.0000
vn 0.9967 0.0816 -0.0000
vn -0.5481 -0.8364 -0.0000
vn 0.9971 -0.0757 -0.0000
vn -0.9969 -0.0781 -0.0000
vn 0.4318 -0.9020 -0.0000
vn 0.5326 -0.8464 -0.0000
vn -0.4323 -0.9018 -0.0000
vn -0.5312 0.8472 -0.0000
vn 0.8936 -0.4488 -0.0000
vn 1.0000 -0.0039 -0.0000
vn -0.8728 -0.4881 -0.0000
vn -0.9956 -0.0942 -0.0000
vn -0.6079 -0.7940 -0.0000
vn -0.1855 0.9827 -0.0000
vn 0.9074 0.4203 -0.0000
vn -0.9907 -0.1357 -0.0000
vn -0.9994 -0.0349 -0.0000
vn -0.1089 0.9940 -0.0000
vn -0.9125 0.4091 -0.0000
vn 0.9969 -0.0783 -0.0000
vn -0.1409 0.9900 -0.0000
vn -0.8124 0.5831 -0.0000
vn -0.9320 0.3625 -0.0000
vn 0.0845 0.9964 -0.0000
vn -0.9830 0.1834 -0.0000
vn 0.2836 0.9589 -0.0000
vn -0.9999 -0.0115 -0.0000
vn -0.0335 0.9994 -0.0000
vn 0.9018 0.4321 -0.0000
vn -0.9419 -0.3360 -0.0000
vn 1.0000 0.0001 -0.0000
vn -0.0020 1.0000 -0.0000
vn 0.9729 -0.2312 -0.0000
vn 0.1378 -0.9905 -0.0000
vn 0.8691 -0.4947 -0.0000
vn 0.0822 -0.9966 -0.0000
vn -0.9081 -0.4187 -0.0000
vn -0.9145 0.4046 -0.0000
vn -0.0599 -0.9982 -0.0000
vn -0.9528 0.3035 -0.0000
vn 0.9196 -0.3929 -0.0000
vn -0.4622 0.8868 -0.0000
vn 0.9978 0.0658 -0.0000
vn -0.9981 0.0612 -0.0000
vn 0.8651 0.5017 -0.0000
vn 0.8098 -0.5868 -0.0000
vn 0.4681 -0.8837 -0.0000
vn 0.2841 -0.9588 -0.0000
vn -0.9546 0.2979 -0.0000
vn 0.9975 -0.0704 -0.0000
vn 0.0216 -0.9998 -0.0000
vn -0.9425 -0.3342 -0.0000
vn -0.8952 -0.4456 -0.0000
vn -0.9669 -0.2551 -0.0000
vn 0.8687 -0.4953 -0.0000
vn 0.8613 -0.5081 -0.0000
vn 0.4518 -0.8921 -0.0000
vn -0.7172 0.6969 -0.0000
vn -0.2322 -0.9727 -0.0000
vn 0.8806 0.4738 -0.0000
vn -0.0202 -0.9998 -0.0000
vn 0.7525 -0.6585 -0.0000
vn 0.0655 -0.9979 -0.0000
vn -0.6219 0.7831 -0.0000
vn -1.0000 0.0039 -0.0000
vn -0.5119 0.8590 -0.0000
vn 0.7857 -0.6186 -0.0000
vn 0.9870 -0.1607 -0.0000
vn 0.7011 0.7130 -0.0000
vn 0.9519 0.3065 -0.0000
vn -0.8854 -0.4649 -0.0000
vn 0.3200 0.9474 -0.0000
vn 0.8405 -0.5419 -0.0000
vn -0.8562 0.5166 -0.0000
vn -0.8908 0.4544 -0.0000
vn -0.6453 0.7639 -0.0000
vn -0.6231 0.7821 -0.0000
vn -0.6623 0.7492 -0.0000
vn -0.2562 -0.9666 -0.0000
vn 0.5409 -0.8411 -0.0000
vn -0.5694 0.8220 -0.0000
vn 0.8778 -0.4791 -0.0000
vn 0.8690 -0.4947 -0.0000
vn 0.9827 0.1850 -0.0000
vn -0.5080 0.8614 -0.0000
vn -0.9835 -0.1808 -0.0000
vn 0.9222 0.3867 -0.0000
vn -0.6154 -0.7882 -0.0000
vn -0.9268 0.3757 -0.0000
vn 0.9988 -0.0494 -0.0000
vn -0.9260 -0.3775 -0.0000
vn -0.7994 0.6008 -0.0000
vn -0.9631 0.2690 -0.0000
vn -0.9988 0.0496 -0.0000
vn 0.6538 -0.7566 -0.0000
vn 0.3813 -0.9244 -0.0000
vn -0.1661 0.9861 -0.0000
vn 0.8076 0.5897 -0.0000
vn -0.1032 0.9947 -0.0000
vn -0.8174 -0.5761 -0.0000
vn -0.0943 -0.9955 -0.0000
vn 0.8875 -0.4608 -0.0000
vn -0.1318 0.9913 -0.0000
vn -0.0299 0.9996 -0.0000
vn -0.3854 0.9227 -0.0000
vn -0.3084 -0.9512 -0.0000
vn 0.9371 0.3489 -0.0000
vn -0.8441 -0.5361 -0.0000
vn 0.1333 -0.9911 -0.0000
vn 0.8605 0.5094 -0.0000
vn -0.7608 0.6490 -0.0000
vn 0.9308 -0.3655 -0.0000
vn -0.9190 -0.3942 -0.0000
vn 0.0283 0.9996 -0.0000
vn 0.8053 -0.5928 -0.0000
vn -0.9962 -0.0869 -0.0000
vn -0.9726 -0.2327 -0.0000
vn 0.8428 0.5383 -0.0000
vn 0.9329 0.3602 -0.0000
vn 0.5093 0.8606 -0.0000
vn 0.9952 -0.0976 -0.0000
vn 0.8579 0.5138 -0.0000
vn -0.8758 0.4827 -0.0000
vn -0.5575 -0.8302 -0.0000
vn 0.0792 -0.9969 -0.0000
vn -0.8463 -0.5327 -0.0000
vn 0.1318 -0.9913 -0.0000
vn 0.9268 0.3755 -0.0000
vn 0.8492 -0.5281 -0.0000
vn 0.0231 -0.9997 -0.0000
vn -1.0000 -0.0016 -0.0000
vn -0.3029 0.9530 -0.0000
vn 0.9999 -0.0127 -0.0000
vn 0.0554 -0.9985 -0.0000
vn 0.9999 -0.0170 -0.0000
vn 0.0309 -0.9995 -0.0000
vn -0.8773 -0.4800 -0.0000
vn -0.9049 0.4257 -0.0000
vn -0.3199 0.9475 -0.0000
vn -0.6079 0.7940 -0.0000
vn -0.9036 0.4284 -0.0000
vn 0.7915 -0.6111 -0.0000
vn -0.5157 -0.8568 -0.0000
vn 0.9990 0.0454 -0.0000
vn 0.8648 -0.5022 -0.0000
vn 0.6625 0.7491 -0.0000
vn 0.7290 -0.6845 -0.0000
vn -0.9985 -0.0549 -0.0000
vn -0.8955 -0.4451 -0.0000
vn -0.8599 -0.5105 -0.0000
vn 0.3831 -0.9237 -0.0000
vn 0.9484 0.3171 -0.0000
vn -0.5134 0.8582 -0.0000
vn 0.7226 -0.6913 -0.0000
vn -0.9827 0.1852 -0.0000
vn -0.9300 0.3676 -0.0000
vn -0.9115 -0.4112 -0.0000
vn -0.7870 -0.6170 -0.0000
vn 0.9257 0.3782 -0.0000
vn 0.9825 -0.1863 -0.0000
vn 0.8594 -0.5112 -0.0000
vn 0.4736 -0.8807 -0.0000
vn 0.8170 -0.5766 -0.0000
vn -0.9999 0.0147 -0.0000
vn -0.6569 -0.7540 -0.0000
vn 0.0642 0.9979 -0.0000
vn -0.9092 -0.4164 -0.0000
vn -0.4665 0.8845 -0.0000
vn 0.8877 -0.4604 -0.0000
vn -0.2696 0.9630 -0.0000
vn 0.9959 -0.0909 -0.0000
vn 0.3110 -0.9504 -0.0000
vn -0.8368 0.5476 -0.0000
vn 0.8732 -0.4874 -0.0000
vn -0.9007 -0.4345 -0.0000
vn -0.9926 0.1218 -0.0000
vn 0.9019 0.4319 -0.0000
vn 0.4556 -0.8902 -0.0000
vn 0.8919 -0.4523 -0.0000
vn -0.9854 -0.1700 -0.0000
vn -0.1640 0.9865 -0.0000
vn 0.9977 -0.0684 -0.0000
vn -0.9034 -0.4288 -0.0000
vn 0.8869 0.4619 -0.0000
vn -0.9175 0.3977 -0.0000
vn 0.0743 -0.9972 -0.0000
vn 0.5062 -0.8624 -0.0000
vn 0.9156 0.4022 -0.0000
vn 0.8325 -0.5540 -0.0000
vn 0.8818 0.4716 -0.0000
vn -0.9998 -0.0202 -0.0000
vn 0.7927 0.6096 -0.0000
vn 1.0000 0.0067 -0.0000
vn -0.9999 0.0142 -0.0000
vn 0.4306 0.9025 -0.0000
vn -0.7001 0.7140 -0.0000
vn 0.9641 -0.2655 -0.0000
vn -0.9557 -0.2942 -0.0000
vn 0.7711 -0.6368 -0.0000
vn -0.9343 -0.3565 -0.0000
vn 0.9873 0.1591 -0.0000
vn -0.5411 0.8410 -0.0000
vn -0.9996 -0.0271 -0.0000
vn -0.0800 0.9968 -0.0000
vn 0.8635 -0.5044 -0.0000
vn -0.6776 -0.7354 -0.0000
vn 0.9970 0.0777 -0.0000
vn -0.9929 0.1186 -0.0000
vn -0.9274 -0.3742 -0.0000
vn 0.9782 -0.2075 -0.0000
vn -0.9986 0.0525 -0.0000
vn -0.7483 0.6634 -0.0000
vn 0.6453 -0.7640 -0.0000
vn 0.1535 -0.9881 -0.0000
vn -0.2623 -0.9650 -0.0000
vn 0.9670 0.2550 -0.0000
vn 0.8041 -0.5945 -0.0000
vn -0.4521 0.8919 -0.0000
vn -0.9637 0.2668 -0.0000
vn -0.0970 0.9953 -0.0000
vn 0.3425 0.9395 -0.0000
vn -0.9927 0.1208 -0.0000
vn 0.0901 -0.9959 -0.0000
vn -0.9900 0.1411 -0.0000
vn 0.1636 0.9865 -0.0000
vn -0.9821 -0.1885 -0.0000
vn 0.9999 0.0126 -0.0000
vn 0.9855 -0.1699 -0.0000
vn 0.7866 -0.6174 -0.0000
vn 0.8187 0.5743 -0.0000
vn -0.3275 -0.9449 -0.0000
vn -0.7596 -0.6503 -0.0000
vn -0.7366 0.6763 -0.0000
vn 0.5174 0.8557 -0.0000
vn -0.9848 -0.1739 -0.0000
vn 0.7873 -0.6166 -0.0000
vn 0.1726 -0.9850 -0.0000
vn -0.8775 -0.4796 -0.0000
vn 0.7181 -0.6960 -0.0000
vn 0.0369 -0.9993 -0.0000
vn 0.0489 -0.9988 -0.0000
vn 0.7432 -0.6691 -0.0000
vn -0.9608 -0.2771 -0.0000
vn -0.5409 0.8411 -0.0000
vn -0.8699 -0.4932 -0.0000
vn -0.4226 -0.9063 -0.0000
vn -0.9982 -0.0595 -0.0000
vn 0.9130 0.4080 -0.0000
vn -0.9993 0.0369 -0.0000
vn -0.2466 -0.9691 -0.0000
vn -0.9451 0.3267 -0.0000
vn -0.9677 0.2519 -0.0000
vn -0.9111 -0.4121 -0.0000
vn -0.9999 -0.0169 -0.0000
vn -0.9053 -0.4248 -0.0000
vn 0.9622 -0.2723 -0.0000
vn 0.9981 0.0614 -0.0000
vn -0.4632 0.8863 -0.0000
vn 0.9981 -0.0623 -0.0000
vn 0.9373 0.3486 -0.0000
vn 0.9602 -0.2793 -0.0000
vn 0.4420 0.8970 -0.0000
vn -0.9990 -0.0451 -0.0000
vn 0.5151 -0.8572 -0.0000
vn -0.9878 0.1558 -0.0000
vn -0.5569 0.8306 -0.0000
vn -0.9932 -0.1168 -0.0000
vn 0.9861 -0.1661 -0.0000
vn 0.9775 0.2111 -0.0000
vn -0.1181 0.9930 -0.0000
vn 0.4648 -0.8854 -0.0000
vn 0.9982 0.0606 -0.0000
vn -0.0378 0.9993 -0.0000
vn -0.8183 0.5748 -0.0000
vn 0.1820 0.9833 -0.0000
vn -0.8510 0.5252 -0.0000
vn 0.4557 -0.8902 -0.0000
vn 0.7548 -0.6559 -0.0000
vn -0.9983 -0.0588 -0.0000
vn 0.1245 -0.9922 -0.0000
vn -0.5002 0.8659 -0.0000
vn 0.4522 0.8919 -0.0000
vn -0.9664 -0.2572 -0.0000
vn -0.9653 -0.2610 -0.0000
vn -0.7585 0.6517 -0.0000
vn 0.9979 0.0644 -0.0000
vn 0.9886 -0.1503 -0.0000
vn 0.5470 -0.8372 -0.0000
vn 0.9965 0.0841 -0.0000
vn -0.4979 -0.8672 -0.0000
vn 0.2892 0.9573 -0.0000
vn -0.4308 -0.9025 -0.0000
vn -0.9837 -0.1800 -0.0000
vn -0.7319 0.6814 -0.0000
vn 0.0521 -0.9986 -0.0000
vn 0.6904 -0.7235 -0.0000
vn -0.5894 0.8078 -0.0000
vn -0.3483 0.9374 -0.0000
vn 0.0280 -0.9996 -0.0000
vn 0.9979 -0.0653 -0.0000
vn 0.5585 -0.8295 -0.0000
vn 0.6285 -0.7778 -0.0000
vn -0.5708 -0.8211 -0.0000
vn -0.9975 0.0711 -0.0000
vn -0.9941 -0.1085 -0.0000
vn -0.9855 0.1696 -0.0000
vn -0.5680 -0.8230 -0.0000
vn 0.7512 -0.6601 -0.0000
vn 0.9668 -0.2556 -0.0000
vn 0.5635 -0.8261 -0.0000
vn 1.0000 0.0066 -0.0000
vn 0.9506 0.3103 -0.0000
vn -0.9294 0.3691 -0.0000
vn -0.7770 -0.6295 -0.0000
vn 0.9692 -0.2461 -0.0000
vn -0.1958 0.9807 -0.0000
vn 0.9152 -0.4029 -0.0000
vn 0.3388 -0.9409 -0.0000
vn -0.9895 0.1448 -0.0000
vn 0.6919 0.7220 -0.0000
vn 0.8755 -0.4833 -0.0000
vn 0.9887 -0.1498 -0.0000
vn -0.1189 0.9929 -0.0000
vn 0.1932 0.9812 -0.0000
vn -0.9201 0.3916 -0.0000
vn -0.1513 0.9885 -0.0000
vn -0.9993 0.0368 -0.0000
vn -0.9597 0.2809 -0.0000
vn 0.8750 0.4841 -0.0000
vn -0.7564 0.6542 -0.0000
vn -0.9421 0.3354 -0.0000
vn -0.9993 -0.0386 -0.0000
vn -0.9985 -0.0539 -0.0000
vn 0.9141 -0.4056 -0.0000
vn -0.6855 -0.7281 -0.0000
vn 0.9508 0.3099 -0.0000
vn 0.9527 -0.3040 -0.0000
vn 0.9992 0.0388 -0.0000
vn -0.0104 0.9999 -0.0000
vn -0.8872 -0.4613 -0.0000
vn 0.1184 -0.9930 -0.0000
vn -0.9522 -0.3053 -0.0000
vn -0.9719 -0.2353 -0.0000
vn 0.8582 -0.5134 -0.0000
vn 0.9822 0.1878 -0.0000
vn 0.0079 -1.0000 -0.0000
vn 0.7499 -0.6616 -0.0000
vn -0.4323 0.9017 -0.0000
vn -0.1534 0.9882 -0.0000
vn 0.9987 -0.0515 -0.0000
vn -0.7386 0.6741 -0.0000
vn -0.8678 0.4970 -0.0000
vn -0.1932 0.9812 -0.0000
vn -0.1840 -0.9829 -0.0000
vn -0.9798 -0.2000 -0.0000
vn 0.5487 0.8360 -0.0000
vn 0.3494 -0.9370 -0.0000
vn -1.0000 0.0047 -0.0000
vn 0.9697 -0.2444 -0.0000
vn 0.5887 0.8084 -0.0000
vn 0.7563 0.6542 -0.0000
vn 0.9646 -0.2636 -0.0000
vn 0.9953 -0.0970 -0.0000
vn 0.9961 0.0879 -0.0000
vn 0.8266 -0.5628 -0.0000
vn -0.9508 0.3099 -0.0000
vn 0.9958 0.0916 -0.0000
vn -0.5927 0.8055 -0.0000
vn -0.9949 0.1012 -0.0000
vn 0.7584 -0.6518 -0.0000
vn 0.8730 -0.4878 -0.0000
vn 0.9499 -0.3126 -0.0000
vn 0.9817 -0.1904 -0.0000
vn 0.0723 0.9974 -0.0000
vn -0.9895 -0.1445 -0.0000
vn 0.9900 -0.1413 -0.0000
vn -0.7542 -0.6567 -0.0000
vn -0.1448 -0.9895 -0.0000
vn -0.0374 0.9993 -0.0000
vn -0.8209 0.5711 -0.0000
vn -0.9914 0.1312 -0.0000
vn 0.9993 -0.0369 -0.0000
vn 0.1866 -0.9824 -0.0000
vn -0.2732 -0.9620 -0.0000
vn -0.9312 0.3644 -0.0000
vn 0.1870 -0.9824 -0.0000
vn -0.9987 -0.0510 -0.0000
vn -0.9920 0.1263 -0.0000
vn -0.1756 0.9845 -0.0000
vn -0.9766 -0.2150 -0.0000
vn -0.9998 -0.0209 -0.0000
vn -0.1991 0.9800 -0.0000
vn 0.9836 -0.1806 -0.0000
vn 0.9981 0.0620 -0.0000
vn -0.9998 -0.0184 -0.0000
vn -0.0986 0.9951 -0.0000
vn -0.9111 -0.4122 -0.0000
vn -0.1019 0.9948 -0.0000
vn -0.0060 1.0000 -0.0000
vn -0.9996 -0.0298 -0.0000
vn 0.9476 -0.3196 -0.0000
vn 0.0393 0.9992 -0.0000
vn -0.9207 -0.3903 -0.0000
vn 0.8848 -0.4661 -0.0000
vn 0.9983 -0.0576 -0.0000
vn -0.0178 0.9998 -0.0000
vn -0.9442 0.3293 -0.0000
vn 0.1083 -0.9941 -0.0000
vn 0.8509 -0.5253 -0.0000
vn 0.9421 0.3352 -0.0000
vn 0.9643 -0.2647 -0.0000
vn -0.9188 0.3948 -0.0000
vn -0.8857 0.4642 -0.0000
vn -0.9998 -0.0204 -0.0000
vn 0.9252 -0.3795 -0.0000
vn 0.9999 0.0135 -0.0000
vn 0.1299 -0.9915 -0.0000
vn 0.8544 0.5196 -0.0000
vn -0.0408 -0.9992 -0.0000
vn -0.9713 0.2380 -0.0000
vn -0.9973 0.0733 -0.0000
vn 0.9934 0.1147 -0.0000
vn -0.9704 -0.2415 -0.0000
vn 0.0060 -1.0000 -0.0000
vn 0.9534 -0.3016 -0.0000
vn -0.9091 0.4166 -0.0000
vn -0.9915 -0.1301 -0.0000
vn 0.9897 -0.1432 -0.0000
vn 1.0000 -0.0022 -0.0000
vn 0.9984 -0.0558 -0.0000
vn 0.8635 -0.5043 -0.0000
vn 0.9954 0.0960 -0.0000
vn 0.7846 -0.6200 -0.0000
vn 0.7480 0.6637 -0.0000
vn 0.9963 0.0856 -0.0000
vn -0.9831 -0.1831 -0.0000
vn -0.9920 0.1259 -0.0000
vn -0.9033 -0.4291 -0.0000
vn 0.9381 0.3463 -0.0000
vn -0.8489 -0.5286 -0.0000
vn -0.8090 0.5878 -0.0000
vn 0.9985 -0.0553 -0.0000
vn 0.9521 0.3059 -0.0000
vn 0.0759 -0.9971 -0.0000
vn 0.7239 0.6899 -0.0000
vn 0.8148 -0.5798 -0.0000
vn -0.8846 0.4664 -0.0000
vn -0.9242 -0.3818 -0.0000
vn -0.9926 -0.1216 -0.0000
vn -0.6882 0.7255 -0.0000
vn -0.3590 -0.9333 -0.0000
vn -1.0000 0.0046 -0.0000
vn -0.9991 -0.0424 -0.0000
vn 0.8827 -0.4700 -0.0000
vn -0.1671 0.9859 -0.0000
vn -0.4746 0.8802 -0.0000
vn -0.8336 0.5523 -0.0000
vn 1.0000 -0.0048 -0.0000
vn 0.6289 -0.7775 -0.0000
vn 0.8371 0.5470 -0.0000
vn -0.0661 -0.9978 -0.0000
vn -0.5712 -0.8208 -0.0000
vn 0.1493 0.9888 -0.0000
vn -0.3919 0.9200 -0.0000
vn 0.8899 -0.4562 -0.0000
vn -0.0876 0.9962 -0.0000
vn 0.8266 0.5628 -0.0000
vn 0.1018 0.9948 -0.0000
vn 0.9944 -0.1061 -0.0000
vn 0.0609 0.9981 -0.0000
vn 0.8353 0.5498 -0.0000
vn -0.9944 0.1059 -0.0000
vn -0.8789 -0.4771 -0.0000
vn -0.0414 0.9991 -0.0000
vn -0.9222 0.3866 -0.0000
vn 0.9501 0.3120 -0.0000
vn -0.0100 1.0000 -0.0000
vn -0.6806 -0.7327 -0.0000
vn -0.0262 -0.9997 -0.0000
vn 0.1224 -0.9925 -0.0000
vn -0.8542 -0.5200 -0.0000
vn 0.5848 -0.8112 -0.0000
vn 0.0178 -0.9998 -0.0000
vn 0.0696 -0.9976 -0.0000
vn 0.8852 0.4651 -0.0000
vn 0.9240 0.3823 -0.0000
vn 0.7395 0.6731 -0.0000
vn -0.9884 -0.1516 -0.0000
vn 0.0445 -0.9990 -0.0000
vn -0.9267 -0.3757 -0.0000
vn -0.1365 0.9906 -0.0000
vn -0.2067 0.9784 -0.0000
vn 0.9688 -0.2477 -0.0000
vn -0.7755 0.6314 -0.0000
vn -0.0456 0.9990 -0.0000
vn -0.9340 0.3574 -0.0000
vn -0.0314 -0.9995 -0.0000
vn -0.8727 -0.4883 -0.0000
vn -0.1286 0.9917 -0.0000
vn 0.8569 -0.5154 -0.0000
vn -0.7276 -0.6860 -0.0000
vn 0.1165 -0.9932 -0.0000
vn 0.0139 -0.9999 -0.0000
vn 0.8757 0.4828 -0.0000
vn 0.4604 -0.8877 -0.0000
vn -0.9600 -0.2800 -0.0000
vn -0.5952 0.8036 -0.0000
vn -0.2696 -0.9630 -0.0000
vn -0.5102 0.8600 -0.0000
vn -0.9117 -0.4109 -0.0000
vn 0.5893 -0.8079 -0.0000
vn 0.0490 -0.9988 -0.0000
vn -0.9636 0.2674 -0.0000
vn -0.5544 0.8322 -0.0000
vn -0.9261 0.3772 -0.0000
vn -0.3930 0.9196 -0.0000
vn 0.2905 0.9569 -0.0000
vn 0.0250 -0.9997 -0.0000
vn 0.9361 -0.3516 -0.0000
vn 0.9072 0.4207 -0.0000
vn 0.7980 -0.6027 -0.0000
vn -0.4748 0.8801 -0.0000
vn -0.7516 -0.6596 -0.0000
vn -0.6230 0.7822 -0.0000
vn -0.8790 -0.4768 -0.0000
vn 0.8019 -0.5975 -0.0000
vn 0.4968 -0.8679 -0.0000
vn 0.8847 0.4662 -0.0000
vn -0.8032 -0.5957 -0.0000
vn 0.9086 -0.4176 -0.0000
vn -0.8692 -0.4945 -0.0000
vn -0.4229 0.9062 -0.0000
vn 0.4618 -0.8870 -0.0000
vn 0.7332 -0.6800 -0.0000
vn -0.3834 0.9236 -0.0000
vn -0.4890 0.8723 -0.0000
vn -0.8373 -0.5467 -0.0000
vn -0.2979 -0.9546 -0.0000
vn 0.8076 0.5898 -0.0000
vn -0.8771 0.4803 -0.0000
vn 0.8659 0.5002 -0.0000
vn 0.8198 0.5727 -0.0000
vn 0.8538 -0.5206 -0.0000
vn -0.8464 -0.5326 -0.0000
vn -0.3156 0.9489 -0.0000
vn -0.9997 0.0257 -0.0000
vn -0.9527 -0.3038 -0.0000
vn 0.8623 0.5064 -0.0000
vn 0.6577 0.7533 -0.0000
vn -0.8265 -0.5629 -0.0000
vn -0.8720 -0.4894 -0.0000
vn 0.9971 -0.0763 -0.0000
vn 0.9218 0.3876 -0.0000
vn -0.8788 -0.4772 -0.0000
vn -0.9904 0.1384 -0.0000
vn 0.9814 -0.1921 -0.0000
vn -0.8665 -0.4991 -0.0000
vn 0.5973 -0.8021 -0.0000
vn -0.6221 0.7829 -0.0000
vn -0.8651 -0.5016 -0.0000
vn 0.8716 0.4903 -0.0000
vn -0.8894 -0.4572 -0.0000
vn -0.8690 0.4947 -0.0000
vn -0.9982 0.0606 -0.0000
vn 0.8667 0.4989 -0.0000
vn -0.8404 0.5420 -0.0000
vn -0.5221 0.8529 -0.0000
vn -0.8898 0.4563 -0.0000
vn 0.9981 -0.0608 -0.0000
vn -0.9745 0.2242 -0.0000
vn 0.9169 0.3991 -0.0000
vn 0.9547 -0.2977 -0.0000
vn 0.7009 -0.7133 -0.0000
vn -0.9041 -0.4273 -0.0000
vn 0.9044 -0.4266 -0.0000
vn -0.8837 -0.4681 -0.0000
vn -0.4651 0.8853 -0.0000
vn -0.9764 0.2161 -0.0000
vn 0.5694 0.8221 -0.0000
vn -0.9358 0.3525 -0.0000
vn 0.9402 -0.3405 -0.0000
vn 0.8770 0.4805 -0.0000
vn 0.8822 0.4709 -0.0000
vn 0.4696 -0.8829 -0.0000
vn 0.9848 -0.1738 -0.0000
vn 0.3965 0.9181 -0.0000
vn 0.4527 -0.8917 -0.0000
vn -0.3981 0.9174 -0.0000
vn -0.9983 0.0580 -0.0000
vn -0.9027 -0.4302 -0.0000
vn -0.6251 -0.7806 -0.0000
vn 0.9685 -0.2490 -0.0000
vn -0.9093 0.4161 -0.0000
vn 0.8813 0.4726 -0.0000
vn -0.9987 -0.0515 -0.0000
vn 0.7701 -0.6379 -0.0000
vn 0.8816 -0.4720 -0.0000
vn 0.5230 -0.8523 -0.0000
vn -0.8983 0.4394 -0.0000
vn 0.9520 0.3061 -0.0000
vn -0.0642 0.9979 -0.0000
vn -0.7680 -0.6404 -0.0000
vn -0.9891 0.1473 -0.0000
vn 0.9141 0.4054 -0.0000
vn -0.5319 0.8468 -0.0000
vn -0.8939 0.4482 -0.0000
vn -0.6568 0.7541 -0.0000
vn 0.2977 -0.9547 -0.0000
vn 0.9921 -0.1255 -0.0000
vn 0.8207 -0.5714 -0.0000
vn 0.8368 0.5475 -0.0000
vn 0.8932 -0.4496 -0.0000
vn -0.9019 0.4319 -0.0000
vn -0.1184 0.9930 -0.0000
vn -0.9659 -0.2589 -0.0000
vn -0.9983 0.0581 -0.0000
vn -0.9872 0.1593 -0.0000
vn -0.9408 0.3389 -0.0000
vn 0.9030 0.4297 -0.0000
vn 0.8997 -0.4366 -0.0000
vn -0.6624 0.7491 -0.0000
vn -0.7719 -0.6358 -0.0000
vn 0.9547 -0.2975 -0.0000
vn -0.8370 -0.5472 -0.0000
vn -0.2613 0.9653 -0.0000
vn -0.9070 -0.4211 -0.0000
vn 0.7773 -0.6291 -0.0000
vn -0.0605 -0.9982 -0.0000
vn 0.4479 -0.8941 -0.0000
vn -0.8351 -0.5501 -0.0000
vn -0.4370 -0.8995 -0.0000
vn 0.0620 -0.9981 -0.0000
vn -0.9483 0.3174 -0.0000
vn 0.1530 -0.9882 -0.0000
vn 0.6539 -0.7566 -0.0000
vn -0.1380 0.9904 -0.0000
vn -0.4657 0.8849 -0.0000
vn 0.0353 -0.9994 -0.0000
vn 0.0206 0.9998 -0.0000
vn 0.3593 -0.9332 -0.0000
vn 0.9883 -0.1528 -0.0000
vn -0.9842 -0.1771 -0.0000
vn 0.9910 -0.1342 -0.0000
vn -0.3084 -0.9513 -0.0000
vn 0.9734 -0.2291 -0.0000
vn 0.4664 -0.8846 -0.0000
vn -0.9138 -0.4062 -0.0000
vn 0.9974 -0.0722 -0.0000
vn -0.9327 0.3606 -0.0000
vn 0.9999 -0.0147 -0.0000
vn -0.5520 0.8338 -0.0000
vn 0.0963 0.9954 -0.0000
vn 0.3247 0.9458 -0.0000
vn 0.4530 -0.8915 -0.0000
vn -0.9959 0.0907 -0.0000
vn 0.9079 0.4192 -0.0000
vn -0.9992 -0.0410 -0.0000
vn 0.9953 0.0967 -0.0000
vn 0.8634 -0.5045 -0.0000
vn -0.4667 0.8844 -0.0000
vn 0.9990 -0.0454 -0.0000
vn 0.9662 -0.2577 -0.0000
vn -0.5098 0.8603 -0.0000
vn 0.9925 -0.1220 -0.0000
vn 0.9939 -0.1105 -0.0000
vn 0.5058 -0.8626 -0.0000
vn -0.8704 -0.4924 -0.0000
vn -0.9999 -0.0146 -0.0000
vn -0.9963 0.0854 -0.0000
vn -0.9881 -0.1539 -0.0000
vn 0.8943 0.4474 -0.0000
vn 0.4624 -0.8867 -0.0000
vn 0.9998 0.0206 -0.0000
vn 0.9655 -0.2603 -0.0000
vn -0.6172 0.7868 -0.0000
vn 0.6835 0.7300 -0.0000
vn -0.4903 0.8716 -0.0000
vn 0.9996 -0.0282 -0.0000
vn 0.5422 -0.8402 -0.0000
vn -0.9903 0.1393 -0.0000
vn 0.9032 -0.4291 -0.0000
vn 0.8698 -0.4934 -0.0000
vn -0.7745 -0.6326 -0.0000
vn 0.4613 -0.8872 -0.0000
vn -0.9947 -0.1028 -0.0000
vn 0.9852 -0.1713 -0.0000
vn -0.9984 -0.0563 -0.0000
vn -0.8849 0.4657 -0.0000
vn 0.9877 0.1563 -0.0000
vn -0.9997 -0.0229 -0.0000
vn 0.8480 -0.5300 -0.0000
vn -0.2178 0.9760 -0.0000
vn -0.9643 0.2648 -0.0000
vn -0.5716 0.8205 -0.0000
vn 0.9367 -0.3501 -0.0000
vn -0.9999 0.0129 -0.0000
vn -0.1102 0.9939 -0.0000
vn 0.5342 -0.8453 -0.0000
vn -0.8766 -0.4811 -0.0000
vn 0.1295 0.9916 -0.0000
vn -0.9407 -0.3394 -0.0000
vn 0.2405 0.9707 -0.0000
vn 0.5937 -0.8047 -0.0000
vn 0.9503 -0.3113 -0.0000
vn -0.0217 0.9998 -0.0000
vn -0.8564 0.5163 -0.0000
vn 0.0286 0.9996 -0.0000
vn 0.5813 0.8137 -0.0000
vn -0.9432 0.3322 -0.0000
vn 0.1016 -0.9948 -0.0000
vn -0.8582 0.5133 -0.0000
vn -0.7438 -0.6684 -0.0000
vn -0.8880 0.4599 -0.0000
vn 0.9928 0.1198 -0.0000
vn -0.9405 0.3398 -0.0000
vn 0.9545 -0.2982 -0.0000
vn -0.0453 -0.9990 -0.0000
vn -0.6940 -0.7199 -0.0000
vn 0.0331 -0.9995 -0.0000
vn -0.5593 -0.8290 -0.0000
vn 0.5155 -0.8569 -0.0000
vn 0.9667 -0.2558 -0.0000
vn 0.0020 -1.0000 -0.0000
vn 0.1355 -0.9908 -0.0000
vn 0.8162 -0.5778 -0.0000
vn 0.9999 -0.0161 -0.0000
vn 0.0214 -0.9998 -0.0000
vn -0.3509 -0.9364 -0.0000
vn -0.9752 -0.2214 -0.0000
vn -0.8065 -0.5912 -0.0000
vn -0.8448 -0.5351 -0.0000
vn 0.9927 -0.1204 -0.0000
vn 0.8908 0.4543 -0.0000
vn -0.8273 -0.5618 -0.0000
vn -0.1733 0.9849 -0.0000
vn 0.9612 0.2757 -0.0000
vn -0.9970 0.0768 -0.0000
vn -0.8938 -0.4485 -0.0000
vn -0.9162 -0.4007 -0.0000
vn -0.0296 0.9996 -0.0000
vn 0.9961 0.0882 -0.0000
vn -0.5644 0.8255 -0.0000
vn 0.9999 -0.0169 -0.0000
vn 0.1052 -0.9945 -0.0000
vn -0.9829 -0.1842 -0.0000
vn -0.6958 0.7182 -0.0000
vn 0.8781 -0.4786 -0.0000
vn -0.4737 0.8807 -0.0000
vn -0.3200 0.9474 -0.0000
vn -0.9825 -0.1860 -0.0000
vn 0.7301 -0.6833 -0.0000
vn 0.9026 0.4305 -0.0000
vn -0.1600 0.9871 -0.0000
vn 0.9989 -0.0459 -0.0000
vn -0.9009 0.4340 -0.0000
vn 0.6624 0.7492 -0.0000
vn -0.0535 0.9986 -0.0000
vn -0.4983 0.8670 -0.0000
vn 0.4974 -0.8675 -0.0000
vn -0.0259 -0.9997 -0.0000
vn -0.9533 -0.3021 -0.0000
vn -0.9910 -0.1336 -0.0000
vn 0.8438 0.5366 -0.0000
vn -0.9827 0.1850 -0.0000
vn -0.9989 -0.0465 -0.0000
vn 0.9625 0.2712 -0.0000
vn 0.4606 -0.8876 -0.0000
vn 0.1092 -0.9940 -0.0000
vn -0.1823 0.9832 -0.0000
vn 0.9825 -0.1861 -0.0000
vn 0.0459 -0.9989 -0.0000
vn -0.0944 0.9955 -0.0000
vn 0.8423 0.5390 -0.0000
vn -0.9576 -0.2882 -0.0000
vn -0.4819 0.8762 -0.0000
vn -0.0455 0.9990 -0.0000
vn -0.8469 -0.5318 -0.0000
vn 0.0500 0.9987 -0.0000
vn -0.8167 -0.5771 -0.0000
vn -0.0139 0.9999 -0.0000
vn 0.7696 -0.6386 -0.0000
vn 0.3111 -0.9504 -0.0000
vn 0.1152 -0.9933 -0.0000
vn 0.4688 -0.8833 -0.0000
vn 0.0219 -0.9998 -0.0000
vn -0.8669 -0.4984 -0.0000
vn 0.9650 -0.2622 -0.0000
vn 0.0407 -0.9992 -0.0000
vn -0.8844 -0.4667 -0.0000
vn 0.4125 -0.9110 -0.0000
vn 0.6325 -0.7745 -0.0000
vn -0.9135 -0.4068 -0.0000
vn -0.9989 0.0459 -0.0000
vn -0.0363 -0.9993 -0.0000
vn 0.8809 0.4734 -0.0000
vn -0.9018 -0.4321 -0.0000
vn 0.9707 -0.2405 -0.0000
vn 0.0100 -1.0000 -0.0000
vn -0.5670 0.8237 -0.0000
vn -0.8420 0.5395 -0.0000
vn -0.4845 0.8748 -0.0000
vn 0.9831 -0.1830 -0.0000
vn -0.9819 0.1895 -0.0000
vn 0.9023 0.4311 -0.0000
vn 0.9997 -0.0255 -0.0000
vn -0.9893 0.1457 -0.0000
vn 0.8849 -0.4657 -0.0000
vn 0.4898 -0.8718 -0.0000
vn -0.9971 0.0763 -0.0000
vn -0.6537 0.7567 -0.0000
vn -0.9047 -0.4260 -0.0000
vn 0.9952 -0.0978 -0.0000
vn -0.1923 0.9813 -0.0000
vn 0.9904 -0.1382 -0.0000
vn 0.4510 0.8925 -0.0000
vn -0.9970 0.0770 -0.0000
vn -0.4498 0.8931 -0.0000
vn 0.4605 -0.8877 -0.0000
vn -0.1990 0.9800 -0.0000
vn -0.9394 0.3428 -0.0000
vn 0.3097 -0.9508 -0.0000
vn 0.8293 0.5587 -0.0000
vn -0.4810 0.8767 -0.0000
vn -0.0474 0.9989 -0.0000
vn 0.9566 -0.2913 -0.0000
vn 0.7542 0.6566 -0.0000
vn -0.8175 -0.5759 -0.0000
vn -0.8859 -0.4638 -0.0000
vn 0.0921 -0.9958 -0.0000
vn -0.7938 -0.6081 -0.0000
vn -0.8131 -0.5822 -0.0000
vn 0.6356 -0.7720 -0.0000
vn 0.6258 0.7800 -0.0000
vn -0.9476 0.3196 -0.0000
vn -0.6351 0.7724 -0.0000
vn -0.0839 -0.9965 -0.0000
vn -0.9884 -0.1520 -0.0000
vn -0.9776 0.2106 -0.0000
vn -0.8606 -0.5092 -0.0000
vn 0.1926 0.9813 -0.0000
vn 0.9701 -0.2428 -0.0000
vn 0.9789 -0.2043 -0.0000
vn 0.8779 0.4789 -0.0000
vn -0.8435 0.5371 -0.0000
vn 0.4811 -0.8767 -0.0000
vn 0.9990 -0.0452 -0.0000
vn -0.9368 0.3499 -0.0000
vn 0.8711 0.4912 -0.0000
vn 0.9832 -0.1828 -0.0000
vn 0.9965 0.0840 -0.0000
vn -0.7355 -0.6775 -0.0000
vn -0.8367 0.5476 -0.0000
vn 0.9477 -0.3191 -0.0000
vn -0.8782 -0.4783 -0.0000
vn -0.9057 -0.4238 -0.0000
vn 0.1168 -0.9932 -0.0000
vn -0.4051 -0.9143 -0.0000
vn -0.9033 -0.4289 -0.0000
vn 0.9952 -0.0982 -0.0000
vn 0.9120 0.4101 -0.0000
vn -0.9278 0.3730 -0.0000
vn -0.9095 -0.4156 -0.0000
vn -0.8116 -0.5842 -0.0000
vn -0.9867 -0.1624 -0.0000
vn -0.9486 0.3165 -0.0000
vn -0.5427 0.8399 -0.0000
vn 0.9928 -0.1200 -0.0000
vn 0.9229 -0.3851 -0.0000
vn -0.4688 0.8833 -0.0000
vn 0.0900 -0.9959 -0.0000
vn 0.9998 -0.0198 -0.0000
vn 0.9548 -0.2973 -0.0000
vn 0.5046 -0.8634 -0.0000
vn 0.7564 0.6542 -0.0000
vn -0.9986 -0.0538 -0.0000
vn -0.9980 -0.0632 -0.0000
vn 0.8613 0.5080 -0.0000
vn -0.0840 -0.9965 -0.0000
vn 0.9995 -0.0306 -0.0000
vn -0.9996 -0.0272 -0.0000
vn 0.4638 -0.8860 -0.0000
vn -0.3371 0.9415 -0.0000
vn 0.9374 0.3484 -0.0000
vn -0.8444 -0.5357 -0.0000
vn -0.4986 0.8668 -0.0000
vn 0.9277 0.3734 -0.0000
vn 0.9499 -0.3127 -0.0000
vn -1.0000 -0.0095 -0.0000
vn -0.6068 0.7949 -0.0000
vn 0.9996 0.0283 -0.0000
vn -0.3422 0.9396 -0.0000
vn 0.4562 -0.8899 -0.0000
vn -0.5163 0.8564 -0.0000
vn 0.2810 -0.9597 -0.0000
vn -0.9965 -0.0834 -0.0000
vn -0.1474 0.9891 -0.0000
vn 0.4772 -0.8788 -0.0000
vn 0.9792 0.2029 -0.0000
vn 0.2627 -0.9649 -0.0000
vn -0.5816 0.8135 -0.0000
vn -0.4657 0.8850 -0.0000
vn -0.1194 0.9928 -0.0000
vn 0.5624 -0.8268 -0.0000
vn -0.9994 0.0347 -0.0000
vn 0.9212 -0.3890 -0.0000
vn -0.9007 -0.4344 -0.0000
vn 0.9643 -0.2649 -0.0000
vn -0.8890 0.4578 -0.0000
vn 0.4504 -0.8928 -0.0000
vn -0.8609 -0.5087 -0.0000
vn -0.9311 0.3648 -0.0000
vn -0.9872 0.1597 -0.0000
vn 0.9156 -0.4020 -0.0000
vn 0.8846 0.4664 -0.0000
vn 0.9733 -0.2293 -0.0000
vn 0.5035 -0.8640 -0.0000
vn 0.3803 0.9249 -0.0000
vn 0.1125 0.9936 -0.0000
vn -0.8918 0.4525 -0.0000
vn -0.9956 0.0937 -0.0000
vn 0.9042 0.4272 -0.0000
vn -0.7024 0.7118 -0.0000
vn 0.9978 -0.0661 -0.0000
vn 0.7694 -0.6388 -0.0000
vn -0.9378 0.3473 -0.0000
vn -0.7892 -0.6142 -0.0000
vn 0.3794 -0.9252 -0.0000
vn 0.8980 -0.4400 -0.0000
vn -0.6874 -0.7263 -0.0000
vn -0.0256 0.9997 -0.0000
vn -0.9922 -0.1244 -0.0000
vn -0.8002 -0.5997 -0.0000
vn 0.1194 -0.9928 -0.0000
vn -0.9986 0.0537 -0.0000
vn -0.9468 0.3219 -0.0000
vn -0.9300 -0.3676 -0.0000
vn 0.9670 0.2549 -0.0000
vn 0.0072 -1.0000 -0.0000
vn 0.9585 -0.2853 -0.0000
vn 0.9710 0.2389 -0.0000
vn 0.8404 -0.5420 -0.0000
vn -0.9753 -0.2208 -0.0000
vn 0.0176 0.9998 -0.0000
vn -0.8748 0.4845 -0.0000
vn -0.9184 -0.3957 -0.0000
vn -0.3265 -0.9452 -0.0000
vn 0.9765 -0.2153 -0.0000
vn 0.8232 0.5677 -0.0000
vn -0.5778 0.8162 -0.0000
vn 0.1607 -0.9870 -0.0000
vn 0.9999 -0.0149 -0.0000
vn -0.5072 0.8618 -0.0000
vn 0.0518 -0.9987 -0.0000
vn 0.0950 -0.9955 -0.0000
vn 0.8731 0.4876 -0.0000
vn -0.0498 -0.9988 -0.0000
vn 0.4421 0.8970 -0.0000
vn 0.0293 -0.9996 -0.0000
vn 0.2545 0.9671 -0.0000
vn 0.8970 0.4421 -0.0000
vn 0.9965 0.0833 -0.0000
vn -0.0617 0.9981 -0.0000
vn 0.4597 -0.8881 -0.0000
vn -0.8839 -0.4677 -0.0000
vn -0.4751 0.8799 -0.0000
vn 0.9982 0.0607 -0.0000
vn -0.0049 -1.0000 -0.0000
vn 0.8991 0.4377 -0.0000
vn -0.9538 -0.3005 -0.0000
vn -0.9070 0.4210 -0.0000
vn -0.9983 -0.0589 -0.0000
vn -0.8908 -0.4544 -0.0000
vn 0.9962 -0.0866 -0.0000
vn -0.9991 0.0413 -0.0000
vn 0.8739 -0.4862 -0.0000
vn 0.4782 -0.8783 -0.0000
vn 0.9990 -0.0458 -0.0000
vn 0.5469 -0.8372 -0.0000
vn -0.9855 -0.1696 -0.0000
vn -0.4307 -0.9025 -0.0000
vn -0.9460 -0.3243 -0.0000
vn 0.9999 -0.0116 -0.0000
vn -0.7675 0.6410 -0.0000
vn -0.9496 -0.3135 -0.0000
vn 0.6750 -0.7378 -0.0000
vn 0.1023 -0.9947 -0.0000
vn -0.7943 0.6075 -0.0000
vn -0.9973 -0.0728 -0.0000
vn -0.5217 0.8532 -0.0000
vn 0.9737 0.2280 -0.0000
vn 0.9981 -0.0614 -0.0000
vn -0.9941 -0.1086 -0.0000
vn -0.9995 -0.0311 -0.0000
vn 0.6391 -0.7691 -0.0000
vn 0.9961 -0.0879 -0.0000
vn -0.1297 0.9916 -0.0000
vn 0.0977 0.9952 -0.0000
vn -0.0295 0.9996 -0.0000
vn -0.8386 -0.5447 -0.0000
vn -0.7901 -0.6130 -0.0000
vn -0.9686 -0.2487 -0.0000
vn -1.0000 -0.0038 -0.0000
vn 0.0060 1.0000 -0.0000
vn 0.0428 -0.9991 -0.0000
vn 0.8497 0.5272 -0.0000
vn -0.2301 0.9732 -0.0000
vn 1.0000 -0.0063 -0.0000
vn 0.1461 -0.9893 -0.0000
vn 0.8481 0.5298 -0.0000
vn 0.3428 0.9394 -0.0000
vn 0.0886 -0.9961 -0.0000
vn 0.7613 -0.6483 -0.0000
vn -0.9961 -0.0877 -0.0000
vn -0.9990 -0.0441 -0.0000
vn -0.0546 -0.9985 -0.0000
vn 0.9985 0.0551 -0.0000
vn 0.0254 -0.9997 -0.0000
vn -0.8933 -0.4495 -0.0000
vn -0.9436 0.3311 -0.0000
vn -0.9151 -0.4033 -0.0000
vn -0.8608 -0.5090 -0.0000
vn -0.1520 -0.9884 -0.0000
vn -0.0133 -0.9999 -0.0000
vn 0.0789 -0.9969 -0.0000
vn -0.8876 -0.4606 -0.0000
vn 0.9213 0.3889 -0.0000
vn 0.8867 0.4623 -0.0000
vn -0.9437 -0.3309 -0.0000
vn -0.9998 0.0175 -0.0000
vn -0.5802 0.8145 -0.0000
vn -0.9980 0.0625 -0.0000
vn -0.4383 0.8988 -0.0000
vn 0.9956 -0.0935 -0.0000
vn -0.4991 0.8666 -0.0000
vn -0.7563 0.6542 -0.0000
vn 0.8360 -0.5487 -0.0000
vn 0.9878 -0.1558 -0.0000
vn 0.4837 -0.8753 -0.0000
vn 0.9508 0.3097 -0.0000
vn -0.8343 0.5513 -0.0000
vn 0.8973 0.4414 -0.0000
vn -0.0843 -0.9964 -0.0000
vn -0.0644 0.9979 -0.0000
vn 0.9041 0.4273 -0.0000
vn -0.5452 0.8383 -0.0000
vn 0.4596 -0.8881 -0.0000
vn 0.8511 -0.5250 -0.0000
vn 0.5498 -0.8353 -0.0000
vn 0.4259 -0.9048 -0.0000
vn -0.4745 0.8802 -0.0000
vn -0.6989 0.7152 -0.0000
vn 0.7498 -0.6616 -0.0000
vn 0.5674 0.8234 -0.0000
vn -0.8289 -0.5594 -0.0000
vn -0.1841 -0.9829 -0.0000
vn 0.9936 0.1134 -0.0000
vn 0.8361 0.5485 -0.0000
vn 0.9941 -0.1080 -0.0000
vn -0.0907 0.9959 -0.0000
vn 0.8552 0.5182 -0.0000
vn -0.7075 -0.7067 -0.0000
vn -0.8918 -0.4525 -0.0000
vn -0.9143 -0.4049 -0.0000
vn 0.4796 -0.8775 -0.0000
vn -0.2616 0.9652 -0.0000
vn 0.9319 0.3627 -0.0000
vn -0.9976 -0.0689 -0.0000
vn 0.1429 -0.9897 -0.0000
vn 0.8533 0.5215 -0.0000
vn -0.9804 0.1970 -0.0000
vn 0.7016 -0.7126 -0.0000
vn -0.9164 -0.4004 -0.0000
vn -0.8813 0.4725 -0.0000
vn 0.9761 -0.2173 -0.0000
vn 0.6776 -0.7354 -0.0000
vn 0.9999 -0.0117 -0.0000
vn 0.0845 -0.9964 -0.0000
vn -0.8540 -0.5203 -0.0000
vn -0.7949 0.6067 -0.0000
vn -0.4602 -0.8878 -0.0000
vn -0.9787 -0.2055 -0.0000
vn 0.9796 -0.2010 -0.0000
vn 0.9981 -0.0613 -0.0000
vn 0.4306 -0.9025 -0.0000
vn -1.0000 -0.0052 -0.0000
vn 0.9993 0.0365 -0.0000
vn 0.0339 -0.9994 -0.0000
vn -0.8824 -0.4705 -0.0000
vn 0.4061 -0.9138 -0.0000
vn -0.7984 -0.6022 -0.0000
vn -0.5939 0.8046 -0.0000
vn -0.9690 -0.2471 -0.0000
vn 0.8446 -0.5355 -0.0000
vn -0.9977 -0.0678 -0.0000
vn -0.5057 0.8627 -0.0000
vn 0.9667 0.2559 -0.0000
vn -0.9419 0.3358 -0.0000
vn 0.4782 -0.8782 -0.0000
vn -0.9821 0.1884 -0.0000
vn 0.8998 -0.4363 -0.0000
vn 0.9007 -0.4345 -0.0000
vn 0.9067 -0.4219 -0.0000
vn 0.8922 0.4516 -0.0000
vn 0.7912 0.6115 -0.0000
vn -0.9020 0.4318 -0.0000
vn -0.9006 -0.4347 -0.0000
vn -0.1523 -0.9883 -0.0000
vn 0.4626 -0.8866 -0.0000
vn 0.0761 -0.9971 -0.0000
vn -0.8966 -0.4428 -0.0000
vn 0.9228 0.3852 -0.0000
vn 0.8997 -0.4365 -0.0000
vn -0.8593 -0.5114 -0.0000
vn 0.4918 -0.8707 -0.0000
vn -0.6217 0.7832 -0.0000
vn 0.1308 0.9914 -0.0000
vn -0.5141 0.8577 -0.0000
vn -0.5230 0.8523 -0.0000
vn -0.8370 -0.5471 -0.0000
vn 0.2283 -0.9736 -0.0000
vn -0.3271 0.9450 -0.0000
vn -0.7465 0.6653 -0.0000
vn 0.8164 0.5775 -0.0000
vn 0.3071 0.9517 -0.0000
vn 0.7230 -0.6909 -0.0000
vn -0.4243 0.9055 -0.0000
vn -0.8082 -0.5890 -0.0000
vn -0.4631 0.8863 -0.0000
vn 0.8535 0.5211 -0.0000
vn -0.9047 -0.4261 -0.0000
vn -0.9997 0.0243 -0.0000
vn -0.1567 0.9876 -0.0000
vn 0.9640 -0.2660 -0.0000
vn -0.6412 0.7674 -0.0000
vn 0.0948 -0.9955 -0.0000
vn 0.1043 -0.9945 -0.0000
vn 0.4723 -0.8815 -0.0000
vn -0.9665 -0.2567 -0.0000
vn -0.3813 -0.9245 -0.0000
vn -0.9970 -0.0775 -0.0000
vn 0.9797 0.2004 -0.0000
vn 0.4499 -0.8931 -0.0000
vn -0.9904 0.1379 -0.0000
vn -0.0704 0.9975 -0.0000
vn 0.9999 -0.0112 -0.0000
vn 0.8775 0.4796 -0.0000
vn 0.9766 -0.2148 -0.0000
vn 0.9872 -0.1598 -0.0000
vn 0.1723 -0.9850 -0.0000
vn 0.5204 -0.8539 -0.0000
vn 0.1654 -0.9862 -0.0000
vn -0.9878 0.1555 -0.0000
vn -0.3162 0.9487 -0.0000
vn -0.9941 0.1083 -0.0000
vn -0.9375 -0.3481 -0.0000
vn -0.8503 -0.5262 -0.0000
vn 0.8652 -0.5014 -0.0000
vn -0.9639 0.2662 -0.0000
vn 0.9818 -0.1900 -0.0000
vn 0.9925 0.1218 -0.0000
vn -0.9903 -0.1386 -0.0000
vn 0.9145 0.4045 -0.0000
vn 0.5568 0.8306 -0.0000
vn 0.8928 -0.4504 -0.0000
vn 0.4320 -0.9019 -0.0000
vn 0.8936 -0.4489 -0.0000
vn 1.0000 -0.0037 -0.0000
vn -0.8728 -0.4882 -0.0000
vn -0.9955 -0.0942 -0.0000
vn -0.1855 0.9826 -0.0000
vn -0.9907 -0.1358 -0.0000
vn -0.1090 0.9940 -0.0000
vn -0.9999 -0.0117 -0.0000
vn -0.9145 0.4045 -0.0000
vn 0.8650 0.5017 -0.0000
vn 0.8098 -0.5867 -0.0000
vn -0.9669 -0.2552 -0.0000
vn 0.8613 -0.5080 -0.0000
vn 0.7011 0.7131 -0.0000
vn 0.9519 0.3064 -0.0000
vn -0.6625 0.7491 -0.0000
vn -0.2561 -0.9666 -0.0000
vn 0.9827 0.1852 -0.0000
vn -0.5079 0.8614 -0.0000
vn -0.9835 -0.1810 -0.0000
vn -0.9988 0.0492 -0.0000
vn 0.8874 -0.4609 -0.0000
vn -0.3083 -0.9513 -0.0000
vn 0.9371 0.3490 -0.0000
vn 0.9308 -0.3654 -0.0000
vn -0.9190 -0.3941 -0.0000
vn 0.8054 -0.5928 -0.0000
vn -0.9725 -0.2330 -0.0000
vn 0.9328 0.3603 -0.0000
vn 0.5094 0.8606 -0.0000
vn 0.7915 -0.6112 -0.0000
vn 0.8648 -0.5021 -0.0000
vn 0.6624 0.7491 -0.0000
vn -0.8598 -0.5106 -0.0000
vn -0.9116 -0.4111 -0.0000
vn 0.9258 0.3781 -0.0000
vn 0.8595 -0.5111 -0.0000
vn -0.9999 0.0149 -0.0000
vn 0.8877 -0.4605 -0.0000
vn 0.9959 -0.0907 -0.0000
vn 0.9020 0.4318 -0.0000
vn -0.9854 -0.1701 -0.0000
vn 0.9156 0.4021 -0.0000
vn 0.8326 -0.5539 -0.0000
vn -0.9998 -0.0203 -0.0000
vn -0.9343 -0.3566 -0.0000
vn -0.7483 0.6633 -0.0000
vn 0.8040 -0.5946 -0.0000
vn -0.4521 0.8920 -0.0000
vn -0.9821 -0.1886 -0.0000
vn 0.9855 -0.1698 -0.0000
vn 0.7867 -0.6174 -0.0000
vn 0.8187 0.5742 -0.0000
vn -0.9848 -0.1737 -0.0000
vn 0.7181 -0.6959 -0.0000
vn 0.7431 -0.6691 -0.0000
vn -0.8700 -0.4931 -0.0000
vn -0.9993 0.0373 -0.0000
vn -0.9677 0.2520 -0.0000
vn 0.9980 -0.0627 -0.0000
vn -0.9878 0.1556 -0.0000
vn 0.9861 -0.1662 -0.0000
vn 0.4649 -0.8854 -0.0000
vn -0.9654 -0.2609 -0.0000
vn 0.9979 0.0646 -0.0000
vn 0.5470 -0.8371 -0.0000
vn 0.9965 0.0838 -0.0000
vn 0.2891 0.9573 -0.0000
vn 0.0522 -0.9986 -0.0000
vn 0.9979 -0.0652 -0.0000
vn -0.5709 -0.8210 -0.0000
vn -0.9975 0.0712 -0.0000
vn 0.7511 -0.6601 -0.0000
vn 0.9668 -0.2555 -0.0000
vn 0.5634 -0.8262 -0.0000
vn -0.7769 -0.6296 -0.0000
vn 0.9692 -0.2462 -0.0000
vn -0.1957 0.9807 -0.0000
vn 0.8755 -0.4832 -0.0000
vn 0.9140 -0.4056 -0.0000
vn -0.8872 -0.4614 -0.0000
vn -0.9522 -0.3054 -0.0000
vn -0.9719 -0.2352 -0.0000
vn -0.8678 0.4969 -0.0000
vn -1.0000 0.0048 -0.0000
vn 0.5887 0.8083 -0.0000
vn 0.9953 -0.0968 -0.0000
vn 0.8266 -0.5629 -0.0000
vn -0.9508 0.3097 -0.0000
vn -0.5926 0.8055 -0.0000
vn 0.9499 -0.3125 -0.0000
vn -0.9895 -0.1444 -0.0000
vn 0.9993 -0.0368 -0.0000
vn -0.9313 0.3643 -0.0000
vn -0.9766 -0.2149 -0.0000
vn -0.9998 -0.0210 -0.0000
vn 0.9835 -0.1807 -0.0000
vn -0.9995 -0.0300 -0.0000
vn 0.8848 -0.4660 -0.0000
vn -0.9442 0.3294 -0.0000
vn 0.9421 0.3353 -0.0000
vn 0.9643 -0.2648 -0.0000
vn -0.8857 0.4643 -0.0000
vn -0.0409 -0.9992 -0.0000
vn 0.9897 -0.1431 -0.0000
vn 0.7847 -0.6199 -0.0000
vn -0.9831 -0.1829 -0.0000
vn -0.9921 0.1258 -0.0000
vn -0.9033 -0.4290 -0.0000
vn 0.9381 0.3465 -0.0000
vn -0.8089 0.5879 -0.0000
vn 0.9985 -0.0554 -0.0000
vn -0.8846 0.4663 -0.0000
vn -0.9926 -0.1218 -0.0000
vn -1.0000 0.0050 -0.0000
vn -0.8336 0.5524 -0.0000
vn 1.0000 -0.0046 -0.0000
vn 0.8898 -0.4563 -0.0000
vn 0.9944 -0.1059 -0.0000
vn -0.9944 0.1061 -0.0000
vn -0.8789 -0.4770 -0.0000
vn -0.9222 0.3867 -0.0000
vn -0.6805 -0.7327 -0.0000
vn 0.8853 0.4651 -0.0000
vn 0.9241 0.3822 -0.0000
vn -0.9267 -0.3758 -0.0000
vn -0.2066 0.9784 -0.0000
vn -0.5545 0.8322 -0.0000
vn -0.3929 0.9196 -0.0000
vn -0.7518 -0.6594 -0.0000
vn 0.8018 -0.5976 -0.0000
vn -0.4230 0.9062 -0.0000
vn 0.7332 -0.6801 -0.0000
vn 0.8075 0.5898 -0.0000
vn 0.4617 -0.8870 -0.0000
vn -0.8464 -0.5325 -0.0000
vn 0.8623 0.5063 -0.0000
vn 0.8715 0.4903 -0.0000
vn -0.8691 0.4947 -0.0000
vn 0.9982 -0.0608 -0.0000
vn -0.9745 0.2243 -0.0000
vn 0.7009 -0.7132 -0.0000
vn -0.5480 -0.8365 -0.0000
vn 0.4319 -0.9019 -0.0000
vn -0.9358 0.3526 -0.0000
vn 0.8822 0.4708 -0.0000
vn 0.3965 0.9180 -0.0000
vn -0.3980 0.9174 -0.0000
vn -0.9028 -0.4301 -0.0000
vn 0.9685 -0.2491 -0.0000
vn 0.7700 -0.6380 -0.0000
vn -0.8983 0.4395 -0.0000
vn -0.7680 -0.6405 -0.0000
vn 0.8367 0.5476 -0.0000
vn -0.1185 0.9930 -0.0000
vn -0.7718 -0.6358 -0.0000
vn 0.7774 -0.6290 -0.0000
vn -0.8350 -0.5502 -0.0000
vn 0.6538 -0.7567 -0.0000
vn -0.9118 -0.4106 -0.0000
vn 0.9883 -0.1527 -0.0000
vn 0.9909 -0.1343 -0.0000
vn 0.9974 -0.0723 -0.0000
vn 0.0963 0.9953 -0.0000
vn 0.4531 -0.8915 -0.0000
vn -0.9959 0.0909 -0.0000
vn -0.9992 -0.0409 -0.0000
vn 0.9953 0.0964 -0.0000
vn 0.9926 -0.1216 -0.0000
vn -0.9963 0.0855 -0.0000
vn -0.9881 -0.1541 -0.0000
vn 0.8943 0.4475 -0.0000
vn 0.9998 0.0207 -0.0000
vn 0.9655 -0.2604 -0.0000
vn 0.9996 -0.0281 -0.0000
vn 0.9033 -0.4291 -0.0000
vn -0.8850 0.4657 -0.0000
vn -0.9997 -0.0230 -0.0000
vn -0.9406 -0.3394 -0.0000
vn 0.9503 -0.3112 -0.0000
vn -0.8564 0.5162 -0.0000
vn -0.9405 0.3397 -0.0000
vn -0.6941 -0.7199 -0.0000
vn 0.9927 -0.1203 -0.0000
vn 0.8909 0.4543 -0.0000
vn -0.9829 -0.1843 -0.0000
vn 0.8780 -0.4786 -0.0000
vn -0.9825 -0.1861 -0.0000
vn -0.4984 0.8670 -0.0000
vn -0.9910 -0.1337 -0.0000
vn -0.9827 0.1851 -0.0000
vn -0.9989 -0.0464 -0.0000
vn 0.9625 0.2711 -0.0000
vn 0.8423 0.5391 -0.0000
vn -0.8166 -0.5772 -0.0000
vn 0.7696 -0.6385 -0.0000
vn 0.9650 -0.2623 -0.0000
vn -0.9135 -0.4069 -0.0000
vn -0.9989 0.0460 -0.0000
vn -0.9019 -0.4320 -0.0000
vn 0.9706 -0.2405 -0.0000
vn 0.9997 -0.0257 -0.0000
vn -0.6537 0.7568 -0.0000
vn 0.9903 -0.1386 -0.0000
vn 0.8293 0.5588 -0.0000
vn 0.7543 0.6566 -0.0000
vn -0.8606 -0.5093 -0.0000
vn 0.9700 -0.2429 -0.0000
vn 0.9990 -0.0455 -0.0000
vn -0.8368 0.5475 -0.0000
vn -0.9035 -0.4286 -0.0000
vn -0.9278 0.3731 -0.0000
vn 0.9928 -0.1201 -0.0000
vn 0.9998 -0.0197 -0.0000
vn 0.8613 0.5081 -0.0000
vn 0.9995 -0.0305 -0.0000
vn 0.4638 -0.8859 -0.0000
vn -1.0000 -0.0096 -0.0000
vn -0.3421 0.9396 -0.0000
vn -0.1195 0.9928 -0.0000
vn -0.8610 -0.5087 -0.0000
vn -0.9872 0.1595 -0.0000
vn 0.9157 -0.4020 -0.0000
vn 0.9734 -0.2293 -0.0000
vn 0.9041 0.4272 -0.0000
vn -0.7892 -0.6141 -0.0000
vn 0.8980 -0.4401 -0.0000
vn 0.9585 -0.2852 -0.0000
vn -0.9753 -0.2209 -0.0000
vn 0.9766 -0.2152 -0.0000
vn 0.9999 -0.0150 -0.0000
vn -0.9999 -0.0170 -0.0000
vn 0.0292 -0.9996 -0.0000
vn 0.9965 0.0831 -0.0000
vn 0.8992 0.4376 -0.0000
vn -0.9070 0.4211 -0.0000
vn -0.4308 -0.9024 -0.0000
vn -0.9459 -0.3245 -0.0000
vn -0.9496 -0.3134 -0.0000
vn -0.9973 -0.0730 -0.0000
vn 0.9736 0.2281 -0.0000
vn -0.9941 -0.1087 -0.0000
vn 0.9961 -0.0877 -0.0000
vn -0.8386 -0.5448 -0.0000
vn -0.7900 -0.6132 -0.0000
vn -1.0000 -0.0040 -0.0000
vn 0.7613 -0.6484 -0.0000
vn -0.9962 -0.0875 -0.0000
vn -0.8876 -0.4607 -0.0000
vn 0.9993 -0.0373 -0.0000
vn 0.9213 0.3888 -0.0000
vn -0.9998 0.0176 -0.0000
vn -0.5801 0.8145 -0.0000
vn -0.4384 0.8988 -0.0000
vn 0.8360 -0.5488 -0.0000
vn 0.9878 -0.1556 -0.0000
vn -0.5451 0.8384 -0.0000
vn -0.9425 -0.3343 -0.0000
vn 0.9936 0.1133 -0.0000
vn -0.9143 -0.4051 -0.0000
vn -0.9804 0.1971 -0.0000
vn 0.7017 -0.7125 -0.0000
vn 0.4306 -0.9026 -0.0000
vn -0.7983 -0.6022 -0.0000
vn -0.5938 0.8046 -0.0000
vn 0.8445 -0.5355 -0.0000
vn -0.9977 -0.0677 -0.0000
vn 0.9667 0.2558 -0.0000
vn -0.9419 0.3359 -0.0000
vn -0.9821 0.1885 -0.0000
vn 0.9007 -0.4344 -0.0000
vn 0.8368 0.5476 -0.0000
vn 0.7912 0.6116 -0.0000
vn -0.9997 0.0241 -0.0000
vn 0.9640 -0.2658 -0.0000
vn -0.3813 -0.9244 -0.0000
vn 0.9797 0.2005 -0.0000
vn 0.9767 -0.2148 -0.0000
vn -0.9375 -0.3479 -0.0000
vt 0.013079 0.000436
vt 0.013079 0.029122
vt 0.013079 0.057809
vt 0.013079 0.086496
vt 0.013079 0.143870
vt 0.013079 0.115183
vt 0.019619 0.053613
vt 0.019619 0.056046
vt 0.019619 0.058480
vt 0.019619 0.051180
vt 0.019619 0.060913
vt 0.019619 0.048747
vt 0.019619 0.063346
vt 0.019619 0.046314
vt 0.019619 0.065779
vt 0.019619 0.043881
vt 0.019619 0.068212
vt 0.019619 0.041448
vt 0.019619 0.070645
vt 0.019619 0.039014
vt 0.019619 0.073079
vt 0.019619 0.036581
vt 0.019619 0.075512
vt 0.019619 0.034148
vt 0.019619 0.077945
vt 0.019619 0.031715
vt 0.019619 0.080378
vt 0.019619 0.029282
vt 0.019619 0.082811
vt 0.019619 0.085244
vt 0.019619 0.026849
vt 0.019619 0.024415
vt 0.019619 0.087677
vt 0.019619 0.090111
vt 0.019619 0.021982
vt 0.019619 0.092544
vt 0.019619 0.019549
vt 0.019619 0.094977
vt 0.019619 0.017116
vt 0.019619 0.097410
vt 0.019619 0.014683
vt 0.019619 0.099843
vt 0.019619 0.012250
vt 0.019619 0.102276
vt 0.019619 0.009817
vt 0.019619 0.007383
vt 0.019619 0.104710
vt 0.019619 0.004950
vt 0.019619 0.107143
vt 0.019619 0.002517
vt 0.019619 0.109576
vt 0.019619 0.000084
vt 0.019619 0.112009
vt 0.019619 0.114442
vt 0.016349 0.134539
vt 0.016349 0.135935
vt 0.016349 0.137331
vt 0.016349 0.001932
vt 0.016349 0.133143
vt 0.016349 0.003328
vt 0.016349 0.131747
vt 0.016349 0.004724
vt 0.016349 0.130351
vt 0.016349 0.006120
vt 0.016349 0.128955
vt 0.016349 0.007516
vt 0.016349 0.127560
vt 0.016349 0.008912
vt 0.016349 0.126164
vt 0.016349 0.010308
vt 0.016349 0.124768
vt 0.016349 0.011703
vt 0.016349 0.123372
vt 0.016349 0.013099
vt 0.016349 0.121976
vt 0.016349 0.120580
vt 0.016349 0.014495
vt 0.016349 0.119184
vt 0.016349 0.015891
vt 0.016349 0.117789
vt 0.016349 0.017287
vt 0.016349 0.018683
vt 0.016349 0.116393
vt 0.016349 0.020079
vt 0.016349 0.114997
vt 0.016349 0.021474
vt 0.016349 0.113601
vt 0.016349 0.022870
vt 0.016349 0.112205
vt 0.016349 0.024266
vt 0.016349 0.110809
vt 0.016349 0.025662
vt 0.016349 0.027058
vt 0.016349 0.109413
vt 0.016349 0.028454
vt 0.016349 0.108018
vt 0.016349 0.029850
vt 0.016349 0.106622
vt 0.016349 0.031245
vt 0.016349 0.105226
vt 0.016349 0.032641
vt 0.016349 0.103830
vt 0.016349 0.034037
vt 0.016349 0.102434
vt 0.016349 0.035433
vt 0.016349 0.101038
vt 0.016349 0.036829
vt 0.016349 0.066142
vt 0.016349 0.067538
vt 0.016349 0.068934
vt 0.016349 0.038225
vt 0.016349 0.099642
vt 0.016349 0.064746
vt 0.016349 0.039621
vt 0.016349 0.063350
vt 0.016349 0.098247
vt 0.016349 0.070329
vt 0.016349 0.041016
vt 0.016349 0.061954
vt 0.016349 0.060558
vt 0.016349 0.042412
vt 0.016349 0.096851
vt 0.016349 0.071725
vt 0.016349 0.059163
vt 0.016349 0.043808
vt 0.016349 0.057767
vt 0.016349 0.073121
vt 0.016349 0.045204
vt 0.016349 0.095455
vt 0.016349 0.056371
vt 0.016349 0.046600
vt 0.016349 0.054975
vt 0.016349 0.074517
vt 0.016349 0.047996
vt 0.016349 0.053579
vt 0.016349 0.094059
vt 0.016349 0.049392
vt 0.016349 0.052183
vt 0.016349 0.050787
vt 0.016349 0.075913
vt 0.016349 0.092663
vt 0.016349 0.077309
vt 0.016349 0.091267
vt 0.016349 0.078705
vt 0.016349 0.080100
vt 0.016349 0.089871
vt 0.016349 0.081496
vt 0.016349 0.088476
vt 0.016349 0.082892
vt 0.016349 0.087080
vt 0.016349 0.084288
vt 0.016349 0.085684
vt 0.035968 0.063035
vt 0.035968 0.065396
vt 0.035968 0.006384
vt 0.035968 0.060675
vt 0.035968 0.008745
vt 0.035968 0.058314
vt 0.035968 0.011105
vt 0.035968 0.055954
vt 0.035968 0.013465
vt 0.035968 0.053593
vt 0.035968 0.015826
vt 0.035968 0.051233
vt 0.035968 0.018186
vt 0.035968 0.048872
vt 0.035968 0.020547
vt 0.035968 0.046512
vt 0.035968 0.022907
vt 0.035968 0.044151
vt 0.035968 0.025268
vt 0.035968 0.041791
vt 0.035968 0.027628
vt 0.035968 0.039430
vt 0.035968 0.029989
vt 0.035968 0.037070
vt 0.035968 0.032349
vt 0.035968 0.034710
vt 0.409475 0.589474
vt 0.398976 0.600000
vt 0.388476 0.610526
vt 0.419974 0.578947
vt 0.430474 0.568421
vt 0.440973 0.557895
vt 0.451472 0.547368
vt 0.461972 0.536842
vt 0.472471 0.526316
vt 0.482970 0.515789
vt 0.493470 0.505263
vt 0.503969 0.494737
vt 0.514468 0.484210
vt 0.524968 0.473684
vt 0.535467 0.463158
vt 0.545966 0.452632
vt 0.377977 0.621053
vt 0.556466 0.442105
vt 0.367477 0.631579
vt 0.356978 0.642105
vt 0.566965 0.431579
vt 0.346479 0.652631
vt 0.577465 0.421053
vt 0.335979 0.663158
vt 0.325480 0.673684
vt 0.587964 0.410526
vt 0.314981 0.684210
vt 0.304481 0.694737
vt 0.598463 0.400000
vt 0.293982 0.705263
vt 0.283483 0.715789
vt 0.608963 0.389474
vt 0.272983 0.726316
vt 0.262484 0.736842
vt 0.619462 0.378947
vt 0.776952 0.221053
vt 0.251985 0.747368
vt 0.629961 0.368421
vt 0.766453 0.231579
vt 0.787452 0.210526
vt 0.755954 0.242105
vt 0.640461 0.357895
vt 0.745454 0.252632
vt 0.734955 0.263158
vt 0.724455 0.273684
vt 0.713956 0.284210
vt 0.703457 0.294737
vt 0.650960 0.347368
vt 0.692957 0.305263
vt 0.682458 0.315789
vt 0.671959 0.326316
vt 0.661459 0.336842
vt 0.808450 0.189474
vt 0.797951 0.200000
vt 0.241485 0.757895
vt 0.230986 0.768421
vt 0.818950 0.178947
vt 0.829449 0.168421
vt 0.220487 0.778947
vt 0.209987 0.789473
vt 0.010500 0.989473
vt 0.000000 1.000000
vt 0.923943 0.073684
vt 0.199488 0.800000
vt 0.965941 0.031579
vt 0.976440 0.021053
vt 0.188989 0.810526
vt 0.955441 0.042105
vt 0.934443 0.063158
vt 0.944942 0.052632
vt 0.997439 0.000000
vt 0.986939 0.010526
vt 0.839948 0.157895
vt 0.881946 0.115789
vt 0.892445 0.105263
vt 0.871446 0.126316
vt 0.850448 0.147368
vt 0.860947 0.136842
vt 0.913444 0.084211
vt 0.902945 0.094737
vt 0.020999 0.978947
vt 0.031498 0.968421
vt 0.178489 0.821052
vt 0.167990 0.831579
vt 0.052497 0.947368
vt 0.041998 0.957895
vt 0.157490 0.842105
vt 0.146991 0.852631
vt 0.062996 0.936842
vt 0.073496 0.926316
vt 0.136492 0.863158
vt 0.125992 0.873684
vt 0.094494 0.905263
vt 0.083995 0.915789
vt 0.115493 0.884210
vt 0.104994 0.894737
vt 0.925304 0.076950
vt 0.923694 0.078564
vt 0.922084 0.080179
vt 0.920473 0.081793
vt 0.926915 0.075335
vt 0.918863 0.083408
vt 0.928525 0.073721
vt 0.917252 0.085022
vt 0.930136 0.072106
vt 0.915642 0.086637
vt 0.931746 0.070492
vt 0.748159 0.254550
vt 0.825459 0.177052
vt 0.999383 0.002681
vt 0.827069 0.175437
vt 0.823848 0.178666
vt 0.749770 0.252935
vt 0.914032 0.088252
vt 0.828680 0.173822
vt 0.822238 0.180281
vt 0.933356 0.068877
vt 0.830290 0.172208
vt 0.997773 0.004295
vt 0.820628 0.181895
vt 0.751380 0.251321
vt 0.831901 0.170593
vt 0.912421 0.089866
vt 0.819017 0.183510
vt 0.996162 0.005910
vt 0.934967 0.067262
vt 0.752990 0.249706
vt 0.833511 0.168979
vt 0.817407 0.185124
vt 0.910811 0.091481
vt 0.835121 0.167364
vt 0.754601 0.248092
vt 0.994552 0.007524
vt 0.936577 0.065648
vt 0.815796 0.186739
vt 0.756211 0.246477
vt 0.836732 0.165750
vt 0.992942 0.009139
vt 0.909200 0.093095
vt 0.757822 0.244863
vt 0.991331 0.010753
vt 0.838342 0.164135
vt 0.814186 0.188353
vt 0.938188 0.064033
vt 0.759432 0.243248
vt 0.989721 0.012368
vt 0.907590 0.094710
vt 0.839953 0.162521
vt 0.812576 0.189968
vt 0.761042 0.241633
vt 0.988110 0.013982
vt 0.939798 0.062419
vt 0.841563 0.160906
vt 0.762653 0.240019
vt 0.810965 0.191582
vt 0.986500 0.015597
vt 0.905979 0.096324
vt 0.764263 0.238404
vt 0.984890 0.017212
vt 0.843173 0.159292
vt 0.809355 0.193197
vt 0.941408 0.060804
vt 0.765874 0.236790
vt 0.983279 0.018826
vt 0.904369 0.097939
vt 0.767484 0.235175
vt 0.844784 0.157677
vt 0.807744 0.194812
vt 0.981669 0.020441
vt 0.769095 0.233561
vt 0.943019 0.059190
vt 0.980058 0.022055
vt 0.846394 0.156062
vt 0.806134 0.196426
vt 0.902759 0.099553
vt 0.770705 0.231946
vt 0.804524 0.198041
vt 0.848005 0.154448
vt 0.944629 0.057575
vt 0.978448 0.023670
vt 0.901148 0.101168
vt 0.772315 0.230332
vt 0.802913 0.199655
vt 0.849615 0.152833
vt 0.946240 0.055961
vt 0.773926 0.228717
vt 0.801303 0.201270
vt 0.976838 0.025284
vt 0.899538 0.102782
vt 0.851225 0.151219
vt 0.799692 0.202884
vt 0.775536 0.227103
vt 0.947850 0.054346
vt 0.975227 0.026899
vt 0.798082 0.204499
vt 0.777147 0.225488
vt 0.897927 0.104397
vt 0.852836 0.149604
vt 0.949461 0.052732
vt 0.796472 0.206113
vt 0.778757 0.223873
vt 0.973617 0.028513
vt 0.794861 0.207728
vt 0.854446 0.147990
vt 0.780367 0.222259
vt 0.951071 0.051117
vt 0.793251 0.209342
vt 0.896317 0.106012
vt 0.781978 0.220644
vt 0.791640 0.210957
vt 0.856057 0.146375
vt 0.972006 0.030128
vt 0.783588 0.219030
vt 0.790030 0.212572
vt 0.785199 0.217415
vt 0.788419 0.214186
vt 0.952681 0.049502
vt 0.786809 0.215801
vt 0.857667 0.144761
vt 0.894707 0.107626
vt 0.970396 0.031742
vt 0.954292 0.047888
vt 0.859278 0.143146
vt 0.968785 0.033357
vt 0.955902 0.046273
vt 0.893096 0.109241
vt 0.860888 0.141532
vt 0.967175 0.034972
vt 0.957513 0.044659
vt 0.862498 0.139917
vt 0.864109 0.138302
vt 0.965565 0.036586
vt 0.959123 0.043044
vt 0.891486 0.110855
vt 0.865719 0.136688
vt 0.867330 0.135073
vt 0.868940 0.133459
vt 0.963954 0.038201
vt 0.960733 0.041430
vt 0.870550 0.131844
vt 0.872161 0.130230
vt 0.873771 0.128615
vt 0.875382 0.127001
vt 0.876992 0.125386
vt 0.878602 0.123772
vt 0.962344 0.039815
vt 0.880213 0.122157
vt 0.881823 0.120542
vt 0.883434 0.118928
vt 0.885044 0.117313
vt 0.889875 0.112470
vt 0.888265 0.114084
vt 0.886654 0.115699
vt 0.032698 0.064200
vt 0.032698 0.065396
vt 0.032698 0.004441
vt 0.003270 0.069492
vt 0.003270 0.070548
vt 0.003270 0.071603
vt 0.003270 0.072659
vt 0.003270 0.073715
vt 0.003270 0.074771
vt 0.003270 0.075827
vt 0.003270 0.076882
vt 0.032698 0.005636
vt 0.045777 0.025240
vt 0.045777 0.026158
vt 0.045777 0.003195
vt 0.049047 0.052316
vt 0.049047 0.029787
vt 0.049047 0.030688
vt 0.045777 0.024321
vt 0.049047 0.031590
vt 0.032698 0.063005
vt 0.032698 0.006831
vt 0.045777 0.023403
vt 0.045777 0.004113
vt 0.049047 0.051415
vt 0.049047 0.032491
vt 0.045777 0.022484
vt 0.049047 0.050514
vt 0.045777 0.005032
vt 0.032698 0.008026
vt 0.049047 0.033392
vt 0.045777 0.021566
vt 0.049047 0.049613
vt 0.045777 0.005950
vt 0.049047 0.034293
vt 0.032698 0.061810
vt 0.032698 0.009221
vt 0.049047 0.048712
vt 0.045777 0.020647
vt 0.045777 0.006869
vt 0.049047 0.035194
vt 0.049047 0.047811
vt 0.045777 0.019728
vt 0.049047 0.036095
vt 0.045777 0.007787
vt 0.032698 0.010417
vt 0.049047 0.046909
vt 0.045777 0.018810
vt 0.049047 0.036997
vt 0.045777 0.008706
vt 0.032698 0.011612
vt 0.049047 0.046008
vt 0.032698 0.060615
vt 0.049047 0.037898
vt 0.045777 0.017891
vt 0.045777 0.009624
vt 0.049047 0.045107
vt 0.049047 0.038799
vt 0.045777 0.016973
vt 0.045777 0.010543
vt 0.032698 0.012807
vt 0.049047 0.039700
vt 0.049047 0.044206
vt 0.045777 0.016054
vt 0.045777 0.011462
vt 0.049047 0.040601
vt 0.049047 0.043305
vt 0.045777 0.015136
vt 0.032698 0.014002
vt 0.045777 0.012380
vt 0.032698 0.059420
vt 0.049047 0.042404
vt 0.049047 0.041502
vt 0.045777 0.014217
vt 0.045777 0.013299
vt 0.032698 0.015197
vt 0.032698 0.016393
vt 0.032698 0.058224
vt 0.003270 0.067380
vt 0.003270 0.068436
vt 0.003270 0.077938
vt 0.003270 0.078994
vt 0.032698 0.017588
vt 0.032698 0.018783
vt 0.032698 0.057029
vt 0.032698 0.022369
vt 0.032698 0.019978
vt 0.003270 0.066325
vt 0.003270 0.065269
vt 0.003270 0.030428
vt 0.003270 0.001921
vt 0.003270 0.029372
vt 0.003270 0.028316
vt 0.003270 0.080050
vt 0.003270 0.081106
vt 0.032698 0.055834
vt 0.003270 0.082161
vt 0.003270 0.064213
vt 0.003270 0.027260
vt 0.003270 0.002977
vt 0.003270 0.083217
vt 0.003270 0.063157
vt 0.003270 0.026205
vt 0.003270 0.004033
vt 0.003270 0.062101
vt 0.003270 0.084273
vt 0.003270 0.025149
vt 0.003270 0.005089
vt 0.003270 0.061046
vt 0.032698 0.054639
vt 0.003270 0.085329
vt 0.003270 0.024093
vt 0.003270 0.006145
vt 0.003270 0.059990
vt 0.003270 0.086384
vt 0.003270 0.023037
vt 0.003270 0.007200
vt 0.003270 0.058934
vt 0.003270 0.087440
vt 0.003270 0.021981
vt 0.003270 0.008256
vt 0.003270 0.057878
vt 0.003270 0.088496
vt 0.003270 0.020926
vt 0.003270 0.009312
vt 0.032698 0.053444
vt 0.003270 0.056822
vt 0.003270 0.089552
vt 0.003270 0.010368
vt 0.003270 0.019870
vt 0.003270 0.055767
vt 0.003270 0.090608
vt 0.003270 0.011423
vt 0.003270 0.018814
vt 0.003270 0.054711
vt 0.003270 0.091663
vt 0.003270 0.012479
vt 0.003270 0.017758
vt 0.032698 0.052248
vt 0.032698 0.023564
vt 0.032698 0.021173
vt 0.003270 0.053655
vt 0.003270 0.092719
vt 0.003270 0.013535
vt 0.003270 0.016702
vt 0.003270 0.052599
vt 0.003270 0.014591
vt 0.003270 0.093775
vt 0.003270 0.015647
vt 0.032698 0.024759
vt 0.003270 0.050488
vt 0.003270 0.051543
vt 0.003270 0.094831
vt 0.003270 0.095887
vt 0.032698 0.025954
vt 0.032698 0.051053
vt 0.032698 0.027149
vt 0.032698 0.028345
vt 0.032698 0.049858
vt 0.032698 0.048663
vt 0.032698 0.029540
vt 0.032698 0.047468
vt 0.032698 0.030735
vt 0.032698 0.046272
vt 0.032698 0.045077
vt 0.003270 0.049432
vt 0.003270 0.048376
vt 0.003270 0.096942
vt 0.003270 0.097998
vt 0.032698 0.031930
vt 0.032698 0.043882
vt 0.032698 0.033125
vt 0.032698 0.042687
vt 0.032698 0.041492
vt 0.032698 0.034321
vt 0.032698 0.040296
vt 0.032698 0.035516
vt 0.032698 0.039101
vt 0.032698 0.037906
vt 0.032698 0.036711
vt 0.003270 0.046265
vt 0.003270 0.047320
vt 0.003270 0.099054
vt 0.003270 0.100110
vt 0.003270 0.045209
vt 0.003270 0.044153
vt 0.003270 0.101166
vt 0.003270 0.102221
vt 0.003270 0.043097
vt 0.003270 0.103277
vt 0.003270 0.042041
vt 0.003270 0.104333
vt 0.003270 0.105389
vt 0.003270 0.040986
vt 0.003270 0.106445
vt 0.003270 0.039930
vt 0.003270 0.107500
vt 0.003270 0.038874
vt 0.003270 0.108556
vt 0.003270 0.037818
vt 0.003270 0.109612
vt 0.003270 0.036762
vt 0.003270 0.110668
vt 0.003270 0.035707
vt 0.003270 0.111723
vt 0.003270 0.034651
vt 0.003270 0.112779
vt 0.003270 0.033595
vt 0.003270 0.113835
vt 0.003270 0.032539
vt 0.003270 0.114891
vt 0.003270 0.031483
vt 0.003270 0.195131
vt 0.003270 0.196187
vt 0.003270 0.115947
vt 0.003270 0.117002
vt 0.003270 0.194075
vt 0.003270 0.193019
vt 0.003270 0.118058
vt 0.003270 0.119114
vt 0.003270 0.191963
vt 0.003270 0.156067
vt 0.003270 0.120170
vt 0.003270 0.190908
vt 0.003270 0.157122
vt 0.003270 0.155011
vt 0.003270 0.121226
vt 0.003270 0.189852
vt 0.003270 0.158178
vt 0.003270 0.122281
vt 0.003270 0.153955
vt 0.003270 0.188796
vt 0.003270 0.159234
vt 0.003270 0.123337
vt 0.003270 0.187740
vt 0.003270 0.152899
vt 0.003270 0.160290
vt 0.003270 0.124393
vt 0.003270 0.186684
vt 0.003270 0.151843
vt 0.003270 0.125449
vt 0.003270 0.161346
vt 0.003270 0.185629
vt 0.003270 0.126504
vt 0.003270 0.184573
vt 0.003270 0.150788
vt 0.003270 0.162401
vt 0.003270 0.127560
vt 0.003270 0.183517
vt 0.003270 0.128616
vt 0.003270 0.149732
vt 0.003270 0.163457
vt 0.003270 0.182461
vt 0.003270 0.129672
vt 0.003270 0.130728
vt 0.003270 0.148676
vt 0.003270 0.164513
vt 0.003270 0.181406
vt 0.003270 0.131783
vt 0.003270 0.132839
vt 0.003270 0.180350
vt 0.003270 0.133895
vt 0.003270 0.147620
vt 0.003270 0.165569
vt 0.003270 0.179294
vt 0.003270 0.134951
vt 0.003270 0.178238
vt 0.003270 0.136007
vt 0.003270 0.177182
vt 0.003270 0.146564
vt 0.003270 0.137062
vt 0.003270 0.166624
vt 0.003270 0.176127
vt 0.003270 0.175071
vt 0.003270 0.138118
vt 0.003270 0.174015
vt 0.003270 0.145509
vt 0.003270 0.139174
vt 0.003270 0.167680
vt 0.003270 0.172959
vt 0.003270 0.140230
vt 0.003270 0.171903
vt 0.003270 0.144453
vt 0.003270 0.141286
vt 0.003270 0.170848
vt 0.003270 0.169792
vt 0.003270 0.168736
vt 0.003270 0.142341
vt 0.003270 0.143397
vt 0.009809 0.002774
vt 0.009809 0.031648
vt 0.009809 0.060521
vt 0.009809 0.089394
vt 0.009809 0.147140
vt 0.009809 0.118267
vt 0.026158 0.052589
vt 0.026158 0.054932
vt 0.026158 0.057276
vt 0.026158 0.050246
vt 0.026158 0.059619
vt 0.026158 0.047902
vt 0.026158 0.061962
vt 0.026158 0.045559
vt 0.026158 0.064306
vt 0.026158 0.043216
vt 0.026158 0.066649
vt 0.026158 0.040872
vt 0.026158 0.068992
vt 0.026158 0.038529
vt 0.026158 0.071336
vt 0.026158 0.036186
vt 0.026158 0.073679
vt 0.026158 0.033842
vt 0.026158 0.076022
vt 0.026158 0.031499
vt 0.026158 0.078366
vt 0.026158 0.029156
vt 0.026158 0.080709
vt 0.026158 0.083052
vt 0.026158 0.026812
vt 0.026158 0.024469
vt 0.026158 0.085396
vt 0.026158 0.087739
vt 0.026158 0.022126
vt 0.026158 0.090082
vt 0.026158 0.019782
vt 0.026158 0.092426
vt 0.026158 0.017439
vt 0.026158 0.094769
vt 0.026158 0.015096
vt 0.026158 0.097112
vt 0.026158 0.012752
vt 0.026158 0.099456
vt 0.026158 0.010409
vt 0.026158 0.008065
vt 0.026158 0.101799
vt 0.026158 0.005722
vt 0.026158 0.104142
vt 0.026158 0.003379
vt 0.026158 0.106486
vt 0.026158 0.001035
vt 0.026158 0.108829
vt 0.026158 0.111172
vt 0.029428 0.077090
vt 0.029428 0.077782
vt 0.029428 0.078475
vt 0.029428 0.076397
vt 0.029428 0.002311
vt 0.029428 0.075705
vt 0.029428 0.003003
vt 0.029428 0.075013
vt 0.029428 0.003696
vt 0.029428 0.074320
vt 0.029428 0.004388
vt 0.029428 0.073628
vt 0.029428 0.005080
vt 0.029428 0.072935
vt 0.029428 0.005773
vt 0.029428 0.072243
vt 0.029428 0.006465
vt 0.029428 0.071551
vt 0.029428 0.007158
vt 0.029428 0.070858
vt 0.029428 0.007850
vt 0.029428 0.070166
vt 0.029428 0.008542
vt 0.029428 0.069473
vt 0.029428 0.009235
vt 0.029428 0.068781
vt 0.029428 0.009927
vt 0.029428 0.010620
vt 0.029428 0.068089
vt 0.029428 0.011312
vt 0.029428 0.067396
vt 0.029428 0.066704
vt 0.029428 0.012004
vt 0.029428 0.066011
vt 0.029428 0.012697
vt 0.029428 0.065319
vt 0.029428 0.064627
vt 0.029428 0.013389
vt 0.029428 0.063934
vt 0.029428 0.014082
vt 0.029428 0.063242
vt 0.029428 0.014774
vt 0.029428 0.062549
vt 0.029428 0.015466
vt 0.029428 0.061857
vt 0.029428 0.016159
vt 0.029428 0.061165
vt 0.029428 0.025852
vt 0.029428 0.026545
vt 0.029428 0.027237
vt 0.029428 0.025160
vt 0.029428 0.060472
vt 0.029428 0.016851
vt 0.029428 0.024468
vt 0.029428 0.027930
vt 0.029428 0.023775
vt 0.029428 0.028622
vt 0.029428 0.059780
vt 0.029428 0.023083
vt 0.029428 0.029314
vt 0.029428 0.022390
vt 0.029428 0.017544
vt 0.029428 0.021698
vt 0.029428 0.059087
vt 0.029428 0.030007
vt 0.029428 0.021006
vt 0.029428 0.030699
vt 0.029428 0.020313
vt 0.029428 0.018236
vt 0.029428 0.058395
vt 0.029428 0.019621
vt 0.029428 0.031392
vt 0.029428 0.018928
vt 0.029428 0.057703
vt 0.029428 0.032084
vt 0.029428 0.032776
vt 0.029428 0.057010
vt 0.029428 0.033469
vt 0.029428 0.056318
vt 0.029428 0.034161
vt 0.029428 0.034854
vt 0.029428 0.055625
vt 0.029428 0.035546
vt 0.029428 0.036238
vt 0.029428 0.036931
vt 0.029428 0.054933
vt 0.029428 0.037623
vt 0.029428 0.038316
vt 0.029428 0.039008
vt 0.029428 0.039700
vt 0.029428 0.040393
vt 0.029428 0.041085
vt 0.029428 0.054241
vt 0.029428 0.041778
vt 0.029428 0.042470
vt 0.029428 0.043162
vt 0.029428 0.043855
vt 0.029428 0.044547
vt 0.029428 0.045239
vt 0.029428 0.045932
vt 0.029428 0.053548
vt 0.029428 0.046624
vt 0.029428 0.047317
vt 0.029428 0.048009
vt 0.029428 0.048701
vt 0.029428 0.049394
vt 0.029428 0.050086
vt 0.029428 0.052856
vt 0.029428 0.050779
vt 0.029428 0.051471
vt 0.029428 0.052164
vt 0.022888 0.035409
vt 0.022888 0.036169
vt 0.022888 0.036929
vt 0.022888 0.037689
vt 0.022888 0.034649
vt 0.022888 0.038449
vt 0.022888 0.033890
vt 0.022888 0.039209
vt 0.022888 0.033130
vt 0.022888 0.039969
vt 0.022888 0.032370
vt 0.022888 0.040729
vt 0.022888 0.031610
vt 0.022888 0.041489
vt 0.022888 0.030850
vt 0.022888 0.042249
vt 0.022888 0.030090
vt 0.022888 0.043009
vt 0.022888 0.043769
vt 0.022888 0.029330
vt 0.022888 0.044529
vt 0.022888 0.028570
vt 0.022888 0.045288
vt 0.022888 0.027810
vt 0.022888 0.046048
vt 0.022888 0.027050
vt 0.022888 0.046808
vt 0.022888 0.026290
vt 0.022888 0.025530
vt 0.022888 0.024770
vt 0.022888 0.024010
vt 0.022888 0.023250
vt 0.022888 0.022491
vt 0.022888 0.021731
vt 0.022888 0.020971
vt 0.022888 0.020211
vt 0.022888 0.019451
vt 0.022888 0.018691
vt 0.022888 0.055168
vt 0.022888 0.055928
vt 0.022888 0.056687
vt 0.022888 0.054408
vt 0.022888 0.053648
vt 0.022888 0.052888
vt 0.022888 0.052128
vt 0.022888 0.051368
vt 0.022888 0.017931
vt 0.022888 0.050608
vt 0.022888 0.049848
vt 0.022888 0.049088
vt 0.022888 0.048328
vt 0.022888 0.113682
vt 0.022888 0.114442
vt 0.022888 0.000453
vt 0.022888 0.047568
vt 0.022888 0.001212
vt 0.022888 0.001972
vt 0.022888 0.002732
vt 0.022888 0.003492
vt 0.022888 0.004252
vt 0.022888 0.017171
vt 0.022888 0.005012
vt 0.022888 0.016411
vt 0.022888 0.015651
vt 0.022888 0.005772
vt 0.022888 0.014891
vt 0.022888 0.014131
vt 0.022888 0.006532
vt 0.022888 0.013371
vt 0.022888 0.012611
vt 0.022888 0.007292
vt 0.022888 0.011852
vt 0.022888 0.011092
vt 0.022888 0.008052
vt 0.022888 0.010332
vt 0.022888 0.009572
vt 0.022888 0.008812
vt 0.022888 0.057447
vt 0.022888 0.058207
vt 0.022888 0.058967
vt 0.022888 0.059727
vt 0.022888 0.060487
vt 0.022888 0.061247
vt 0.022888 0.062007
vt 0.022888 0.062767
vt 0.022888 0.063527
vt 0.022888 0.064287
vt 0.022888 0.065047
vt 0.022888 0.065807
vt 0.022888 0.095444
vt 0.022888 0.066567
vt 0.022888 0.112922
vt 0.022888 0.112162
vt 0.022888 0.111402
vt 0.022888 0.110643
vt 0.022888 0.109883
vt 0.022888 0.096204
vt 0.022888 0.094684
vt 0.022888 0.096964
vt 0.022888 0.109123
vt 0.022888 0.097724
vt 0.022888 0.108363
vt 0.022888 0.098484
vt 0.022888 0.107603
vt 0.022888 0.099244
vt 0.022888 0.100003
vt 0.022888 0.106843
vt 0.022888 0.100763
vt 0.022888 0.101523
vt 0.022888 0.106083
vt 0.022888 0.102283
vt 0.022888 0.105323
vt 0.022888 0.103043
vt 0.022888 0.103803
vt 0.022888 0.104563
vt 0.022888 0.093924
vt 0.022888 0.067326
vt 0.022888 0.093164
vt 0.022888 0.068086
vt 0.022888 0.092404
vt 0.022888 0.068846
vt 0.022888 0.091644
vt 0.022888 0.069606
vt 0.022888 0.090884
vt 0.022888 0.090124
vt 0.022888 0.070366
vt 0.022888 0.089364
vt 0.022888 0.071126
vt 0.022888 0.088605
vt 0.022888 0.087845
vt 0.022888 0.071886
vt 0.022888 0.087085
vt 0.022888 0.072646
vt 0.022888 0.086325
vt 0.022888 0.085565
vt 0.022888 0.073406
vt 0.022888 0.084805
vt 0.022888 0.084045
vt 0.022888 0.083285
vt 0.022888 0.074166
vt 0.022888 0.082525
vt 0.022888 0.081765
vt 0.022888 0.081005
vt 0.022888 0.080245
vt 0.022888 0.079485
vt 0.022888 0.078725
vt 0.022888 0.077965
vt 0.022888 0.074926
vt 0.022888 0.077206
vt 0.022888 0.076446
vt 0.022888 0.075686
vt 0.039237 0.028304
vt 0.039237 0.029428
vt 0.039237 0.001322
vt 0.039237 0.002446
vt 0.039237 0.003570
vt 0.039237 0.027179
vt 0.039237 0.004694
vt 0.039237 0.026055
vt 0.042507 0.044719
vt 0.042507 0.045777
vt 0.042507 0.019335
vt 0.039237 0.024931
vt 0.039237 0.005819
vt 0.042507 0.020393
vt 0.006540 0.162389
vt 0.006540 0.163489
vt 0.006540 0.002873
vt 0.039237 0.023807
vt 0.039237 0.006943
vt 0.042507 0.021451
vt 0.042507 0.043662
vt 0.039237 0.022682
vt 0.039237 0.008067
vt 0.042507 0.022508
vt 0.042507 0.042604
vt 0.039237 0.021558
vt 0.006540 0.003973
vt 0.039237 0.009191
vt 0.042507 0.023566
vt 0.006540 0.161289
vt 0.042507 0.041546
vt 0.039237 0.020434
vt 0.039237 0.010316
vt 0.042507 0.024624
vt 0.042507 0.040489
vt 0.039237 0.019310
vt 0.039237 0.011440
vt 0.006540 0.005073
vt 0.042507 0.039431
vt 0.042507 0.025681
vt 0.006540 0.160189
vt 0.039237 0.018185
vt 0.039237 0.012564
vt 0.042507 0.038373
vt 0.042507 0.026739
vt 0.039237 0.017061
vt 0.039237 0.013688
vt 0.042507 0.037316
vt 0.006540 0.006173
vt 0.042507 0.027797
vt 0.039237 0.015937
vt 0.039237 0.014813
vt 0.006540 0.159088
vt 0.042507 0.036258
vt 0.042507 0.028854
vt 0.042507 0.029912
vt 0.042507 0.035200
vt 0.006540 0.007273
vt 0.006540 0.157988
vt 0.042507 0.030970
vt 0.042507 0.034143
vt 0.006540 0.040276
vt 0.006540 0.041377
vt 0.006540 0.042477
vt 0.006540 0.039176
vt 0.042507 0.033085
vt 0.042507 0.032027
vt 0.006540 0.038076
vt 0.006540 0.036976
vt 0.006540 0.008373
vt 0.006540 0.035876
vt 0.006540 0.034776
vt 0.006540 0.156888
vt 0.006540 0.033676
vt 0.006540 0.032576
vt 0.006540 0.031476
vt 0.006540 0.030375
vt 0.006540 0.009473
vt 0.006540 0.029275
vt 0.006540 0.028175
vt 0.006540 0.027075
vt 0.006540 0.155788
vt 0.006540 0.025975
vt 0.006540 0.010573
vt 0.006540 0.024875
vt 0.006540 0.023775
vt 0.006540 0.043577
vt 0.006540 0.154688
vt 0.006540 0.044677
vt 0.006540 0.045777
vt 0.006540 0.022675
vt 0.006540 0.046877
vt 0.006540 0.047977
vt 0.006540 0.011674
vt 0.006540 0.049077
vt 0.006540 0.021575
vt 0.006540 0.050177
vt 0.006540 0.051278
vt 0.006540 0.052378
vt 0.006540 0.153588
vt 0.006540 0.020474
vt 0.006540 0.053478
vt 0.006540 0.054578
vt 0.006540 0.055678
vt 0.006540 0.012774
vt 0.006540 0.019374
vt 0.006540 0.056778
vt 0.006540 0.057878
vt 0.006540 0.018274
vt 0.006540 0.152488
vt 0.006540 0.013874
vt 0.006540 0.058978
vt 0.006540 0.017174
vt 0.006540 0.060078
vt 0.006540 0.016074
vt 0.006540 0.151388
vt 0.006540 0.014974
vt 0.006540 0.061179
vt 0.006540 0.062279
vt 0.006540 0.150288
vt 0.006540 0.063379
vt 0.006540 0.064479
vt 0.006540 0.149187
vt 0.006540 0.065579
vt 0.006540 0.148087
vt 0.006540 0.066679
vt 0.006540 0.067779
vt 0.006540 0.146987
vt 0.006540 0.068879
vt 0.006540 0.145887
vt 0.006540 0.069979
vt 0.006540 0.144787
vt 0.006540 0.071080
vt 0.006540 0.143687
vt 0.006540 0.072180
vt 0.006540 0.073280
vt 0.006540 0.142587
vt 0.006540 0.074380
vt 0.006540 0.141487
vt 0.006540 0.075480
vt 0.006540 0.140387
vt 0.006540 0.076580
vt 0.006540 0.077680
vt 0.006540 0.139286
vt 0.006540 0.078780
vt 0.006540 0.138186
vt 0.006540 0.079880
vt 0.006540 0.137086
vt 0.006540 0.080981
vt 0.006540 0.082081
vt 0.006540 0.135986
vt 0.006540 0.083181
vt 0.006540 0.134886
vt 0.006540 0.084281
vt 0.006540 0.085381
vt 0.006540 0.133786
vt 0.006540 0.086481
vt 0.006540 0.087581
vt 0.006540 0.132686
vt 0.006540 0.088681
vt 0.006540 0.089781
vt 0.006540 0.107383
vt 0.006540 0.108483
vt 0.006540 0.109583
vt 0.006540 0.131586
vt 0.006540 0.106283
vt 0.006540 0.090882
vt 0.006540 0.105183
vt 0.006540 0.104083
vt 0.006540 0.091982
vt 0.006540 0.102983
vt 0.006540 0.101883
vt 0.006540 0.100783
vt 0.006540 0.093082
vt 0.006540 0.099682
vt 0.006540 0.130486
vt 0.006540 0.098582
vt 0.006540 0.094182
vt 0.006540 0.097482
vt 0.006540 0.096382
vt 0.006540 0.095282
vt 0.006540 0.129385
vt 0.006540 0.128285
vt 0.006540 0.127185
vt 0.006540 0.110684
vt 0.006540 0.111784
vt 0.006540 0.126085
vt 0.006540 0.112884
vt 0.006540 0.113984
vt 0.006540 0.115084
vt 0.006540 0.124985
vt 0.006540 0.116184
vt 0.006540 0.117284
vt 0.006540 0.118384
vt 0.006540 0.123885
vt 0.006540 0.119484
vt 0.006540 0.120585
vt 0.006540 0.122785
vt 0.006540 0.121685
vt 0.827862 0.179272
vt 0.826675 0.180462
vt 0.999990 0.006703
vt 0.998803 0.007893
vt 0.829049 0.178082
vt 0.997616 0.009083
vt 0.830236 0.176892
vt 0.996429 0.010273
vt 0.831423 0.175702
vt 0.995242 0.011463
vt 0.959629 0.047167
vt 0.958442 0.048357
vt 0.957255 0.049548
vt 0.960816 0.045977
vt 0.832610 0.174512
vt 0.962003 0.044787
vt 0.963190 0.043597
vt 0.964377 0.042407
vt 0.965564 0.041217
vt 0.966751 0.040026
vt 0.994054 0.012653
vt 0.967938 0.038836
vt 0.969126 0.037646
vt 0.833798 0.173322
vt 0.970313 0.036456
vt 0.971500 0.035266
vt 0.972687 0.034076
vt 0.973874 0.032886
vt 0.992867 0.013843
vt 0.975061 0.031695
vt 0.834985 0.172132
vt 0.976248 0.030505
vt 0.956068 0.050738
vt 0.977435 0.029315
vt 0.954881 0.051928
vt 0.991680 0.015034
vt 0.953693 0.053118
vt 0.952506 0.054308
vt 0.978622 0.028125
vt 0.951319 0.055498
vt 0.836172 0.170941
vt 0.950132 0.056688
vt 0.948945 0.057878
vt 0.947758 0.059069
vt 0.979809 0.026935
vt 0.946571 0.060259
vt 0.990493 0.016224
vt 0.945384 0.061449
vt 0.944197 0.062639
vt 0.980996 0.025745
vt 0.943010 0.063829
vt 0.941823 0.065019
vt 0.837359 0.169751
vt 0.982184 0.024555
vt 0.940635 0.066209
vt 0.989306 0.017414
vt 0.983371 0.023364
vt 0.939448 0.067400
vt 0.838546 0.168561
vt 0.938261 0.068590
vt 0.988119 0.018604
vt 0.984558 0.022174
vt 0.937074 0.069780
vt 0.985745 0.020984
vt 0.839733 0.167371
vt 0.986932 0.019794
vt 0.935887 0.070970
vt 0.934700 0.072160
vt 0.840920 0.166181
vt 0.933513 0.073350
vt 0.842107 0.164991
vt 0.932326 0.074540
vt 0.931139 0.075730
vt 0.843294 0.163801
vt 0.929952 0.076921
vt 0.844481 0.162610
vt 0.928765 0.078111
vt 0.845668 0.161420
vt 0.927577 0.079301
vt 0.846856 0.160230
vt 0.926390 0.080491
vt 0.848043 0.159040
vt 0.925203 0.081681
vt 0.924016 0.082871
vt 0.849230 0.157850
vt 0.922829 0.084061
vt 0.850417 0.156660
vt 0.921642 0.085252
vt 0.851604 0.155470
vt 0.920455 0.086442
vt 0.919268 0.087632
vt 0.852791 0.154280
vt 0.918081 0.088822
vt 0.853978 0.153089
vt 0.916894 0.090012
vt 0.855165 0.151899
vt 0.915707 0.091202
vt 0.914520 0.092392
vt 0.856352 0.150709
vt 0.913332 0.093583
vt 0.857539 0.149519
vt 0.912145 0.094773
vt 0.910958 0.095963
vt 0.858726 0.148329
vt 0.909771 0.097153
vt 0.908584 0.098343
vt 0.859913 0.147139
vt 0.907397 0.099533
vt 0.906210 0.100723
vt 0.887217 0.119766
vt 0.886029 0.120956
vt 0.884842 0.122146
vt 0.861101 0.145949
vt 0.888404 0.118575
vt 0.905023 0.101914
vt 0.889591 0.117385
vt 0.890778 0.116195
vt 0.903836 0.103104
vt 0.891965 0.115005
vt 0.893152 0.113815
vt 0.894339 0.112625
vt 0.902649 0.104294
vt 0.895526 0.111435
vt 0.862288 0.144758
vt 0.896713 0.110244
vt 0.901462 0.105484
vt 0.897900 0.109054
vt 0.899087 0.107864
vt 0.900274 0.106674
vt 0.863475 0.143568
vt 0.864662 0.142378
vt 0.865849 0.141188
vt 0.883655 0.123336
vt 0.882468 0.124526
vt 0.867036 0.139998
vt 0.881281 0.125716
vt 0.880094 0.126906
vt 0.878907 0.128096
vt 0.868223 0.138808
vt 0.877720 0.129287
vt 0.876533 0.130477
vt 0.875346 0.131667
vt 0.869410 0.137618
vt 0.874159 0.132857
vt 0.872971 0.134047
vt 0.870597 0.136427
vt 0.871784 0.135237
s 0
usemtl マテリアル
f 54/1/1 53/2/1 52/3/1
f 54/1/1 52/3/1 51/4/1
f 49/5/1 54/1/1 51/4/1
f 49/5/1 51/4/1 50/6/1
f 26/7/1 25/8/1 24/9/1
f 27/10/1 26/7/1 24/9/1
f 27/10/1 24/9/1 23/11/1
f 28/12/1 27/10/1 23/11/1
f 28/12/1 23/11/1 22/13/1
f 29/14/1 28/12/1 22/13/1
f 29/14/1 22/13/1 21/15/1
f 30/16/1 29/14/1 21/15/1
f 30/16/1 21/15/1 20/17/1
f 31/18/1 30/16/1 20/17/1
f 31/18/1 20/17/1 19/19/1
f 32/20/1 31/18/1 19/19/1
f 32/20/1 19/19/1 18/21/1
f 33/22/1 32/20/1 18/21/1
f 33/22/1 18/21/1 17/23/1
f 34/24/1 33/22/1 17/23/1
f 34/24/1 17/23/1 16/25/1
f 35/26/1 34/24/1 16/25/1
f 35/26/1 16/25/1 15/27/1
f 36/28/1 35/26/1 15/27/1
f 36/28/1 15/27/1 14/29/1
f 36/28/1 14/29/1 13/30/1
f 37/31/1 36/28/1 13/30/1
f 38/32/1 37/31/1 13/30/1
f 38/32/1 13/30/1 12/33/1
f 38/32/1 12/33/1 11/34/1
f 39/35/1 38/32/1 11/34/1
f 39/35/1 11/34/1 10/36/1
f 40/37/1 39/35/1 10/36/1
f 40/37/1 10/36/1 9/38/1
f 41/39/1 40/37/1 9/38/1
f 41/39/1 9/38/1 8/40/1
f 42/41/1 41/39/1 8/40/1
f 42/41/1 8/40/1 7/42/1
f 43/43/1 42/41/1 7/42/1
f 43/43/1 7/42/1 6/44/1
f 44/45/1 43/43/1 6/44/1
f 45/46/1 44/45/1 6/44/1
f 45/46/1 6/44/1 5/47/1
f 46/48/1 45/46/1 5/47/1
f 46/48/1 5/47/1 4/49/1
f 47/50/1 46/48/1 4/49/1
f 47/50/1 4/49/1 3/51/1
f 48/52/1 47/50/1 3/51/1
f 48/52/1 3/51/1 2/53/1
f 1/54/1 48/52/1 2/53/1
f 83/55/1 82/56/1 81/57/1
f 83/55/1 81/57/1 178/58/1
f 84/59/1 83/55/1 178/58/1
f 84/59/1 178/58/1 177/60/1
f 85/61/1 84/59/1 177/60/1
f 85/61/1 177/60/1 176/62/1
f 86/63/1 85/61/1 176/62/1
f 86/63/1 176/62/1 175/64/1
f 87/65/1 86/63/1 175/64/1
f 87/65/1 175/64/1 174/66/1
f 88/67/1 87/65/1 174/66/1
f 88/67/1 174/66/1 173/68/1
f 89/69/1 88/67/1 173/68/1
f 89/69/1 173/68/1 172/70/1
f 90/71/1 89/69/1 172/70/1
f 90/71/1 172/70/1 171/72/1
f 91/73/1 90/71/1 171/72/1
f 91/73/1 171/72/1 170/74/1
f 92/75/1 91/73/1 170/74/1
f 93/76/1 92/75/1 170/74/1
f 93/76/1 170/74/1 169/77/1
f 94/78/1 93/76/1 169/77/1
f 94/78/1 169/77/1 168/79/1
f 95/80/1 94/78/1 168/79/1
f 95/80/1 168/79/1 167/81/1
f 95/80/1 167/81/1 166/82/1
f 96/83/1 95/80/1 166/82/1
f 96/83/1 166/82/1 165/84/1
f 97/85/1 96/83/1 165/84/1
f 97/85/1 165/84/1 164/86/1
f 98/87/1 97/85/1 164/86/1
f 98/87/1 164/86/1 163/88/1
f 99/89/1 98/87/1 163/88/1
f 99/89/1 163/88/1 162/90/1
f 100/91/1 99/89/1 162/90/1
f 100/91/1 162/90/1 161/92/1
f 100/91/1 161/92/1 160/93/1
f 101/94/1 100/91/1 160/93/1
f 101/94/1 160/93/1 159/95/1
f 102/96/1 101/94/1 159/95/1
f 102/96/1 159/95/1 158/97/1
f 103/98/1 102/96/1 158/97/1
f 103/98/1 158/97/1 157/99/1
f 104/100/1 103/98/1 157/99/1
f 104/100/1 157/99/1 156/101/1
f 105/102/1 104/100/1 156/101/1
f 105/102/1 156/101/1 155/103/1
f 106/104/1 105/102/1 155/103/1
f 106/104/1 155/103/1 154/105/1
f 107/106/1 106/104/1 154/105/1
f 107/106/1 154/105/1 153/107/1
f 132/108/1 131/109/1 130/110/1
f 107/106/1 153/107/1 152/111/1
f 108/112/1 107/106/1 152/111/1
f 133/113/1 132/108/1 130/110/1
f 108/112/1 152/111/1 151/114/1
f 134/115/1 133/113/1 130/110/1
f 109/116/1 108/112/1 151/114/1
f 134/115/1 130/110/1 129/117/1
f 109/116/1 151/114/1 150/118/1
f 135/119/1 134/115/1 129/117/1
f 136/120/1 135/119/1 129/117/1
f 109/116/1 150/118/1 149/121/1
f 110/122/1 109/116/1 149/121/1
f 136/120/1 129/117/1 128/123/1
f 137/124/1 136/120/1 128/123/1
f 110/122/1 149/121/1 148/125/1
f 138/126/1 137/124/1 128/123/1
f 138/126/1 128/123/1 127/127/1
f 110/122/1 148/125/1 147/128/1
f 111/129/1 110/122/1 147/128/1
f 139/130/1 138/126/1 127/127/1
f 111/129/1 147/128/1 146/131/1
f 140/132/1 139/130/1 127/127/1
f 140/132/1 127/127/1 126/133/1
f 111/129/1 146/131/1 145/134/1
f 141/135/1 140/132/1 126/133/1
f 112/136/1 111/129/1 145/134/1
f 112/136/1 145/134/1 144/137/1
f 142/138/1 141/135/1 126/133/1
f 112/136/1 144/137/1 143/139/1
f 143/139/1 142/138/1 126/133/1
f 112/136/1 143/139/1 126/133/1
f 112/136/1 126/133/1 125/140/1
f 113/141/1 112/136/1 125/140/1
f 113/141/1 125/140/1 124/142/1
f 114/143/1 113/141/1 124/142/1
f 114/143/1 124/142/1 123/144/1
f 114/143/1 123/144/1 122/145/1
f 115/146/1 114/143/1 122/145/1
f 115/146/1 122/145/1 121/147/1
f 116/148/1 115/146/1 121/147/1
f 116/148/1 121/147/1 120/149/1
f 117/150/1 116/148/1 120/149/1
f 117/150/1 120/149/1 119/151/1
f 118/152/1 117/150/1 119/151/1
f 56/153/1 55/154/1 80/155/1
f 57/156/1 56/153/1 80/155/1
f 57/156/1 80/155/1 79/157/1
f 58/158/1 57/156/1 79/157/1
f 58/158/1 79/157/1 78/159/1
f 59/160/1 58/158/1 78/159/1
f 59/160/1 78/159/1 77/161/1
f 60/162/1 59/160/1 77/161/1
f 60/162/1 77/161/1 76/163/1
f 61/164/1 60/162/1 76/163/1
f 61/164/1 76/163/1 75/165/1
f 62/166/1 61/164/1 75/165/1
f 62/166/1 75/165/1 74/167/1
f 63/168/1 62/166/1 74/167/1
f 63/168/1 74/167/1 73/169/1
f 64/170/1 63/168/1 73/169/1
f 64/170/1 73/169/1 72/171/1
f 65/172/1 64/170/1 72/171/1
f 65/172/1 72/171/1 71/173/1
f 66/174/1 65/172/1 71/173/1
f 66/174/1 71/173/1 70/175/1
f 67/176/1 66/174/1 70/175/1
f 67/176/1 70/175/1 69/177/1
f 68/178/1 67/176/1 69/177/1
f 218/179/1 217/180/1 216/181/1
f 219/182/1 218/179/1 216/181/1
f 220/183/1 219/182/1 216/181/1
f 221/184/1 220/183/1 216/181/1
f 222/185/1 221/184/1 216/181/1
f 223/186/1 222/185/1 216/181/1
f 224/187/1 223/186/1 216/181/1
f 225/188/1 224/187/1 216/181/1
f 226/189/1 225/188/1 216/181/1
f 227/190/1 226/189/1 216/181/1
f 228/191/1 227/190/1 216/181/1
f 229/192/1 228/191/1 216/181/1
f 230/193/1 229/192/1 216/181/1
f 231/194/1 230/193/1 216/181/1
f 231/194/1 216/181/1 215/195/1
f 232/196/1 231/194/1 215/195/1
f 232/196/1 215/195/1 214/197/1
f 232/196/1 214/197/1 213/198/1
f 233/199/1 232/196/1 213/198/1
f 233/199/1 213/198/1 212/200/1
f 234/201/1 233/199/1 212/200/1
f 234/201/1 212/200/1 211/202/1
f 234/201/1 211/202/1 210/203/1
f 235/204/1 234/201/1 210/203/1
f 235/204/1 210/203/1 209/205/1
f 235/204/1 209/205/1 208/206/1
f 236/207/1 235/204/1 208/206/1
f 236/207/1 208/206/1 207/208/1
f 236/207/1 207/208/1 206/209/1
f 237/210/1 236/207/1 206/209/1
f 237/210/1 206/209/1 205/211/1
f 237/210/1 205/211/1 204/212/1
f 238/213/1 237/210/1 204/212/1
f 238/213/1 204/212/1 253/214/1
f 253/214/1 204/212/1 203/215/1
f 239/216/1 238/213/1 253/214/1
f 239/216/1 253/214/1 252/217/1
f 254/218/1 253/214/1 203/215/1
f 239/216/1 252/217/1 251/219/1
f 240/220/1 239/216/1 251/219/1
f 240/220/1 251/219/1 250/221/1
f 240/220/1 250/221/1 249/222/1
f 240/220/1 249/222/1 248/223/1
f 240/220/1 248/223/1 247/224/1
f 240/220/1 247/224/1 246/225/1
f 241/226/1 240/220/1 246/225/1
f 241/226/1 246/225/1 245/227/1
f 241/226/1 245/227/1 244/228/1
f 241/226/1 244/228/1 243/229/1
f 241/226/1 243/229/1 242/230/1
f 256/231/1 255/232/1 254/218/1
f 256/231/1 254/218/1 203/215/1
f 256/231/1 203/215/1 202/233/1
f 256/231/1 202/233/1 201/234/1
f 257/235/2 256/231/2 201/234/2
f 258/236/1 257/235/1 200/237/1
f 200/237/2 257/235/2 201/234/2
f 258/236/1 200/237/1 199/238/1
f 180/239/1 179/240/1 267/241/1
f 267/241/1 179/240/1 258/236/1
f 267/241/1 258/236/1 199/238/1
f 267/241/1 199/238/1 198/242/1
f 267/241/1 198/242/1 271/243/1
f 271/243/1 198/242/1 272/244/1
f 272/244/1 198/242/1 197/245/1
f 180/239/1 267/241/1 270/246/1
f 268/247/2 267/241/2 271/243/2
f 269/248/1 268/247/1 271/243/1
f 269/248/1 271/243/1 274/249/1
f 273/250/1 272/244/1 197/245/1
f 180/239/1 270/246/1 259/251/1
f 259/251/1 270/246/1 269/248/1
f 259/251/1 269/248/1 274/249/1
f 259/251/1 274/249/1 273/250/1
f 259/251/1 273/250/1 263/252/1
f 263/252/1 273/250/1 264/253/1
f 264/253/1 273/250/1 197/245/1
f 180/239/1 259/251/1 262/254/1
f 260/255/2 259/251/2 263/252/2
f 261/256/1 260/255/1 263/252/1
f 261/256/1 263/252/1 266/257/1
f 265/258/1 264/253/1 197/245/1
f 180/239/1 262/254/1 261/256/1
f 180/239/1 261/256/1 266/257/1
f 180/239/1 266/257/1 265/258/1
f 180/239/1 265/258/1 197/245/1
f 181/259/2 180/239/2 197/245/2
f 182/260/1 181/259/1 196/261/1
f 196/261/2 181/259/2 197/245/2
f 182/260/1 196/261/1 195/262/1
f 184/263/1 183/264/1 182/260/1
f 184/263/1 182/260/1 195/262/1
f 184/263/1 195/262/1 194/265/1
f 184/263/1 194/265/1 193/266/1
f 185/267/2 184/263/2 193/266/2
f 186/268/1 185/267/1 192/269/1
f 192/269/2 185/267/2 193/266/2
f 186/268/1 192/269/1 191/270/1
f 188/271/1 187/272/1 186/268/1
f 188/271/1 186/268/1 191/270/1
f 188/271/1 191/270/1 190/273/1
f 188/271/1 190/273/1 189/274/1
f 385/275/1 384/276/1 383/277/1
f 385/275/1 383/277/1 382/278/1
f 386/279/1 385/275/1 382/278/1
f 386/279/1 382/278/1 381/280/1
f 387/281/1 386/279/1 381/280/1
f 387/281/1 381/280/1 380/282/1
f 388/283/1 387/281/1 380/282/1
f 388/283/1 380/282/1 379/284/1
f 389/285/1 388/283/1 275/286/1
f 275/286/1 388/283/1 323/287/1
f 323/287/1 388/283/1 379/284/1
f 275/286/1 323/287/1 431/288/1
f 324/289/1 323/287/1 379/284/1
f 389/285/1 275/286/1 322/290/1
f 276/291/1 275/286/1 431/288/1
f 324/289/1 379/284/1 378/292/1
f 325/293/1 324/289/1 378/292/1
f 389/285/1 322/290/1 321/294/1
f 390/295/1 389/285/1 321/294/1
f 326/296/1 325/293/1 378/292/1
f 276/291/1 431/288/1 430/297/1
f 390/295/1 321/294/1 320/298/1
f 277/299/1 276/291/1 430/297/1
f 327/300/1 326/296/1 378/292/1
f 327/300/1 378/292/1 377/301/1
f 390/295/1 320/298/1 319/302/1
f 277/299/1 430/297/1 429/303/1
f 391/304/1 390/295/1 319/302/1
f 278/305/1 277/299/1 429/303/1
f 328/306/1 327/300/1 377/301/1
f 391/304/1 319/302/1 318/307/1
f 328/306/1 377/301/1 376/308/1
f 329/309/1 328/306/1 376/308/1
f 279/310/1 278/305/1 429/303/1
f 279/310/1 429/303/1 428/311/1
f 392/312/1 391/304/1 318/307/1
f 392/312/1 318/307/1 317/313/1
f 280/314/1 279/310/1 428/311/1
f 330/315/1 329/309/1 376/308/1
f 280/314/1 428/311/1 427/316/1
f 330/315/1 376/308/1 375/317/1
f 281/318/1 280/314/1 427/316/1
f 281/318/1 427/316/1 426/319/1
f 331/320/1 330/315/1 375/317/1
f 392/312/1 317/313/1 316/321/1
f 393/322/1 392/312/1 316/321/1
f 282/323/1 281/318/1 426/319/1
f 282/323/1 426/319/1 425/324/1
f 331/320/1 375/317/1 374/325/1
f 332/326/1 331/320/1 374/325/1
f 393/322/1 316/321/1 315/327/1
f 283/328/1 282/323/1 425/324/1
f 283/328/1 425/324/1 424/329/1
f 394/330/1 393/322/1 315/327/1
f 333/331/1 332/326/1 374/325/1
f 284/332/1 283/328/1 424/329/1
f 394/330/1 315/327/1 314/333/1
f 284/332/1 424/329/1 423/334/1
f 333/331/1 374/325/1 373/335/1
f 285/336/1 284/332/1 423/334/1
f 285/336/1 423/334/1 422/337/1
f 334/338/1 333/331/1 373/335/1
f 394/330/1 314/333/1 313/339/1
f 395/340/1 394/330/1 313/339/1
f 286/341/1 285/336/1 422/337/1
f 286/341/1 422/337/1 421/342/1
f 334/338/1 373/335/1 372/343/1
f 287/344/1 286/341/1 421/342/1
f 335/345/1 334/338/1 372/343/1
f 395/340/1 313/339/1 312/346/1
f 287/344/1 421/342/1 420/347/1
f 288/348/1 287/344/1 420/347/1
f 396/349/1 395/340/1 312/346/1
f 288/348/1 420/347/1 419/350/1
f 336/351/1 335/345/1 372/343/1
f 396/349/1 312/346/1 311/352/1
f 336/351/1 372/343/1 371/353/1
f 289/354/1 288/348/1 419/350/1
f 396/349/1 311/352/1 310/355/1
f 337/356/1 336/351/1 371/353/1
f 397/357/1 396/349/1 310/355/1
f 289/354/1 419/350/1 418/358/1
f 337/356/1 371/353/1 370/359/1
f 290/360/1 289/354/1 418/358/1
f 397/357/1 310/355/1 309/361/1
f 338/362/1 337/356/1 370/359/1
f 398/363/1 397/357/1 309/361/1
f 291/364/1 290/360/1 418/358/1
f 398/363/1 309/361/1 308/365/1
f 291/364/1 418/358/1 417/366/1
f 338/362/1 370/359/1 369/367/1
f 339/368/1 338/362/1 369/367/1
f 398/363/1 308/365/1 307/369/1
f 292/370/1 291/364/1 417/366/1
f 399/371/1 398/363/1 307/369/1
f 292/370/1 417/366/1 416/372/1
f 399/371/1 307/369/1 306/373/1
f 293/374/1 292/370/1 416/372/1
f 339/368/1 369/367/1 368/375/1
f 340/376/1 339/368/1 368/375/1
f 400/377/1 399/371/1 306/373/1
f 400/377/1 306/373/1 305/378/1
f 294/379/1 293/374/1 416/372/1
f 294/379/1 416/372/1 415/380/1
f 400/377/1 305/378/1 304/381/1
f 341/382/1 340/376/1 368/375/1
f 295/383/1 294/379/1 415/380/1
f 401/384/1 400/377/1 304/381/1
f 401/384/1 304/381/1 303/385/1
f 341/382/1 368/375/1 367/386/1
f 296/387/1 295/383/1 415/380/1
f 401/384/1 303/385/1 302/388/1
f 342/389/1 341/382/1 367/386/1
f 296/387/1 415/380/1 414/390/1
f 297/391/1 296/387/1 414/390/1
f 401/384/1 302/388/1 301/392/1
f 298/393/1 297/391/1 414/390/1
f 401/384/1 301/392/1 300/394/1
f 402/395/1 401/384/1 300/394/1
f 299/396/1 298/393/1 414/390/1
f 402/395/1 300/394/1 299/396/1
f 402/395/1 299/396/1 414/390/1
f 343/397/1 342/389/1 367/386/1
f 343/397/1 367/386/1 366/398/1
f 402/395/1 414/390/1 413/399/1
f 403/400/1 402/395/1 413/399/1
f 344/401/1 343/397/1 366/398/1
f 403/400/1 413/399/1 412/402/1
f 404/403/1 403/400/1 412/402/1
f 344/401/1 366/398/1 365/404/1
f 345/405/1 344/401/1 365/404/1
f 404/403/1 412/402/1 411/406/1
f 405/407/1 404/403/1 411/406/1
f 346/408/1 345/405/1 365/404/1
f 347/409/1 346/408/1 365/404/1
f 405/407/1 411/406/1 410/410/1
f 406/411/1 405/407/1 410/410/1
f 347/409/1 365/404/1 364/412/1
f 348/413/1 347/409/1 364/412/1
f 349/414/1 348/413/1 364/412/1
f 350/415/1 349/414/1 364/412/1
f 406/411/1 410/410/1 409/416/1
f 407/417/1 406/411/1 409/416/1
f 351/418/1 350/415/1 364/412/1
f 352/419/1 351/418/1 364/412/1
f 353/420/1 352/419/1 364/412/1
f 354/421/1 353/420/1 364/412/1
f 355/422/1 354/421/1 364/412/1
f 356/423/1 355/422/1 364/412/1
f 407/417/1 409/416/1 408/424/1
f 357/425/1 356/423/1 364/412/1
f 358/426/1 357/425/1 364/412/1
f 359/427/1 358/426/1 364/412/1
f 360/428/1 359/427/1 364/412/1
f 360/428/1 364/412/1 363/429/1
f 360/428/1 363/429/1 362/430/1
f 360/428/1 362/430/1 361/431/1
f 670/432/1 669/433/1 720/434/1
f 604/435/1 603/436/1 602/437/1
f 604/435/1 602/437/1 601/438/1
f 600/439/1 599/440/1 598/441/1
f 600/439/1 598/441/1 597/442/1
f 670/432/1 720/434/1 719/443/1
f 459/444/1 458/445/1 483/446/1
f 432/447/1 457/448/1 456/449/1
f 460/450/1 459/444/1 483/446/1
f 432/447/1 456/449/1 455/451/1
f 671/452/1 670/432/1 719/443/1
f 671/452/1 719/443/1 718/453/1
f 461/454/1 460/450/1 483/446/1
f 461/454/1 483/446/1 482/455/1
f 433/456/1 432/447/1 455/451/1
f 433/456/1 455/451/1 454/457/1
f 462/458/1 461/454/1 482/455/1
f 434/459/1 433/456/1 454/457/1
f 462/458/1 482/455/1 481/460/1
f 671/452/1 718/453/1 717/461/1
f 434/459/1 454/457/1 453/462/1
f 463/463/1 462/458/1 481/460/1
f 435/464/1 434/459/1 453/462/1
f 463/463/1 481/460/1 480/465/1
f 435/464/1 453/462/1 452/466/1
f 672/467/1 671/452/1 717/461/1
f 672/467/1 717/461/1 716/468/1
f 436/469/1 435/464/1 452/466/1
f 464/470/1 463/463/1 480/465/1
f 464/470/1 480/465/1 479/471/1
f 436/469/1 452/466/1 451/472/1
f 437/473/1 436/469/1 451/472/1
f 465/474/1 464/470/1 479/471/1
f 437/473/1 451/472/1 450/475/1
f 465/474/1 479/471/1 478/476/1
f 672/467/1 716/468/1 715/477/1
f 438/478/1 437/473/1 450/475/1
f 466/479/1 465/474/1 478/476/1
f 438/478/1 450/475/1 449/480/1
f 466/479/1 478/476/1 477/481/1
f 672/467/1 715/477/1 714/482/1
f 439/483/1 438/478/1 449/480/1
f 673/484/1 672/467/1 714/482/1
f 439/483/1 449/480/1 448/485/1
f 467/486/1 466/479/1 477/481/1
f 467/486/1 477/481/1 476/487/1
f 440/488/1 439/483/1 448/485/1
f 440/488/1 448/485/1 447/489/1
f 468/490/1 467/486/1 476/487/1
f 468/490/1 476/487/1 475/491/1
f 673/484/1 714/482/1 713/492/1
f 440/488/1 447/489/1 446/493/1
f 441/494/1 440/488/1 446/493/1
f 469/495/1 468/490/1 475/491/1
f 469/495/1 475/491/1 474/496/1
f 441/494/1 446/493/1 445/497/1
f 442/498/1 441/494/1 445/497/1
f 470/499/1 469/495/1 474/496/1
f 673/484/1 713/492/1 712/500/1
f 470/499/1 474/496/1 473/501/1
f 674/502/1 673/484/1 712/500/1
f 442/498/1 445/497/1 443/503/1
f 443/503/1 445/497/1 444/504/1
f 471/505/1 470/499/1 473/501/1
f 471/505/1 473/501/1 472/506/1
f 674/502/1 712/500/1 711/507/1
f 674/502/1 711/507/1 710/508/1
f 675/509/1 674/502/1 710/508/1
f 606/510/1 605/511/1 604/435/1
f 606/510/1 604/435/1 601/438/1
f 606/510/1 601/438/1 600/439/1
f 606/510/1 600/439/1 597/442/1
f 606/510/1 597/442/1 596/512/1
f 606/510/1 596/512/1 595/513/1
f 675/509/1 710/508/1 709/514/1
f 675/509/1 709/514/1 708/515/1
f 676/516/1 675/509/1 708/515/1
f 676/516/1 708/515/1 705/517/1
f 705/517/1 708/515/1 707/518/1
f 607/519/2 606/510/2 595/513/2
f 608/520/1 607/519/1 641/521/1
f 641/521/1 607/519/1 595/513/1
f 608/520/1 641/521/1 668/522/1
f 642/523/2 641/521/2 595/513/2
f 643/524/1 642/523/1 594/525/1
f 594/525/1 642/523/1 595/513/1
f 643/524/1 594/525/1 593/526/1
f 677/527/1 676/516/1 705/517/1
f 643/524/1 593/526/1 592/528/1
f 609/529/1 608/520/1 668/522/1
f 644/530/1 643/524/1 592/528/1
f 609/529/1 668/522/1 667/531/1
f 644/530/1 592/528/1 591/532/1
f 610/533/1 609/529/1 667/531/1
f 645/534/1 644/530/1 591/532/1
f 610/533/1 667/531/1 666/535/1
f 611/536/1 610/533/1 666/535/1
f 645/534/1 591/532/1 590/537/1
f 646/538/1 645/534/1 590/537/1
f 611/536/1 666/535/1 665/539/1
f 612/540/1 611/536/1 665/539/1
f 678/541/1 677/527/1 705/517/1
f 646/538/1 590/537/1 589/542/1
f 647/543/1 646/538/1 589/542/1
f 612/540/1 665/539/1 664/544/1
f 613/545/1 612/540/1 664/544/1
f 647/543/1 589/542/1 588/546/1
f 648/547/1 647/543/1 588/546/1
f 613/545/1 664/544/1 663/548/1
f 614/549/1 613/545/1 663/548/1
f 648/547/1 588/546/1 587/550/1
f 649/551/1 648/547/1 587/550/1
f 614/549/1 663/548/1 662/552/1
f 615/553/1 614/549/1 662/552/1
f 649/551/1 587/550/1 586/554/1
f 650/555/1 649/551/1 586/554/1
f 615/553/1 662/552/1 661/556/1
f 679/557/1 678/541/1 705/517/1
f 616/558/1 615/553/1 661/556/1
f 650/555/1 586/554/1 585/559/1
f 616/558/1 661/556/1 660/560/1
f 651/561/1 650/555/1 585/559/1
f 617/562/1 616/558/1 660/560/1
f 651/561/1 585/559/1 584/563/1
f 617/562/1 660/560/1 659/564/1
f 652/565/1 651/561/1 584/563/1
f 618/566/1 617/562/1 659/564/1
f 652/565/1 584/563/1 583/567/1
f 618/566/1 659/564/1 658/568/1
f 653/569/1 652/565/1 583/567/1
f 680/570/1 679/557/1 705/517/1
f 680/570/1 705/517/1 704/571/1
f 706/572/1 705/517/1 707/518/1
f 619/573/1 618/566/1 658/568/1
f 653/569/1 583/567/1 582/574/1
f 619/573/1 658/568/1 657/575/1
f 654/576/1 653/569/1 582/574/1
f 620/577/1 619/573/1 657/575/1
f 620/577/1 657/575/1 656/578/1
f 654/576/1 582/574/1 581/579/1
f 655/580/1 654/576/1 581/579/1
f 680/570/1 704/571/1 703/581/1
f 622/582/1 621/583/1 620/577/1
f 622/582/1 620/577/1 656/578/1
f 622/582/1 656/578/1 655/580/1
f 622/582/1 655/580/1 581/579/1
f 622/582/1 581/579/1 580/584/1
f 622/582/1 580/584/1 579/585/1
f 680/570/1 703/581/1 702/586/1
f 681/587/1 680/570/1 702/586/1
f 681/587/1 702/586/1 701/588/1
f 681/587/1 701/588/1 700/589/1
f 682/590/1 681/587/1 700/589/1
f 683/591/1 682/590/1 700/589/1
f 683/591/1 700/589/1 699/592/1
f 684/593/1 683/591/1 699/592/1
f 684/593/1 699/592/1 698/594/1
f 685/595/1 684/593/1 698/594/1
f 686/596/1 685/595/1 698/594/1
f 623/597/2 622/582/2 579/585/2
f 624/598/1 623/597/1 578/599/1
f 578/599/1 623/597/1 579/585/1
f 624/598/1 578/599/1 577/600/1
f 686/596/1 698/594/1 697/601/1
f 687/602/1 686/596/1 697/601/1
f 687/602/1 697/601/1 696/603/1
f 688/604/1 687/602/1 696/603/1
f 689/605/1 688/604/1 696/603/1
f 689/605/1 696/603/1 695/606/1
f 690/607/1 689/605/1 695/606/1
f 690/607/1 695/606/1 694/608/1
f 691/609/1 690/607/1 694/608/1
f 692/610/1 691/609/1 694/608/1
f 692/610/1 694/608/1 693/611/1
f 626/612/1 625/613/1 624/598/1
f 626/612/1 624/598/1 577/600/1
f 626/612/1 577/600/1 576/614/1
f 626/612/1 576/614/1 575/615/1
f 627/616/2 626/612/2 575/615/2
f 628/617/1 627/616/1 574/618/1
f 574/618/2 627/616/2 575/615/2
f 628/617/1 574/618/1 573/619/1
f 629/620/1 628/617/1 573/619/1
f 629/620/1 573/619/1 572/621/1
f 630/622/1 629/620/1 572/621/1
f 630/622/1 572/621/1 571/623/1
f 630/622/1 571/623/1 570/624/1
f 631/625/1 630/622/1 570/624/1
f 631/625/1 570/624/1 569/626/1
f 632/627/1 631/625/1 569/626/1
f 632/627/1 569/626/1 568/628/1
f 633/629/1 632/627/1 568/628/1
f 633/629/1 568/628/1 567/630/1
f 634/631/1 633/629/1 567/630/1
f 634/631/1 567/630/1 566/632/1
f 635/633/1 634/631/1 566/632/1
f 635/633/1 566/632/1 565/634/1
f 636/635/1 635/633/1 565/634/1
f 636/635/1 565/634/1 564/636/1
f 637/637/1 636/635/1 564/636/1
f 637/637/1 564/636/1 563/638/1
f 638/639/1 637/637/1 563/638/1
f 638/639/1 563/638/1 562/640/1
f 639/641/1 638/639/1 562/640/1
f 639/641/1 562/640/1 561/642/1
f 640/643/1 639/641/1 561/642/1
f 485/644/1 484/645/1 640/643/1
f 485/644/1 640/643/1 561/642/1
f 485/644/1 561/642/1 560/646/1
f 485/644/1 560/646/1 559/647/1
f 486/648/2 485/644/2 559/647/2
f 487/649/1 486/648/1 558/650/1
f 558/650/2 486/648/2 559/647/2
f 487/649/1 558/650/1 557/651/1
f 488/652/1 487/649/1 557/651/1
f 488/652/1 557/651/1 522/653/1
f 522/653/1 557/651/1 556/654/1
f 489/655/1 488/652/1 522/653/1
f 489/655/1 522/653/1 521/656/1
f 523/657/1 522/653/1 556/654/1
f 523/657/1 556/654/1 555/658/1
f 490/659/1 489/655/1 521/656/1
f 490/659/1 521/656/1 520/660/1
f 523/657/1 555/658/1 554/661/1
f 524/662/1 523/657/1 554/661/1
f 491/663/1 490/659/1 520/660/1
f 491/663/1 520/660/1 519/664/1
f 524/662/1 554/661/1 553/665/1
f 492/666/1 491/663/1 519/664/1
f 525/667/1 524/662/1 553/665/1
f 492/666/1 519/664/1 518/668/1
f 525/667/1 553/665/1 552/669/1
f 493/670/1 492/666/1 518/668/1
f 526/671/1 525/667/1 552/669/1
f 526/671/1 552/669/1 551/672/1
f 493/670/1 518/668/1 517/673/1
f 494/674/1 493/670/1 517/673/1
f 526/671/1 551/672/1 550/675/1
f 495/676/1 494/674/1 517/673/1
f 527/677/1 526/671/1 550/675/1
f 495/676/1 517/673/1 516/678/1
f 527/677/1 550/675/1 549/679/1
f 496/680/1 495/676/1 516/678/1
f 527/677/1 549/679/1 548/681/1
f 528/682/1 527/677/1 548/681/1
f 496/680/1 516/678/1 515/683/1
f 497/684/1 496/680/1 515/683/1
f 528/682/1 548/681/1 547/685/1
f 528/682/1 547/685/1 546/686/1
f 529/687/1 528/682/1 546/686/1
f 497/684/1 515/683/1 514/688/1
f 498/689/1 497/684/1 514/688/1
f 529/687/1 546/686/1 545/690/1
f 529/687/1 545/690/1 544/691/1
f 499/692/1 498/689/1 514/688/1
f 529/687/1 544/691/1 543/693/1
f 530/694/1 529/687/1 543/693/1
f 499/692/1 514/688/1 513/695/1
f 500/696/1 499/692/1 513/695/1
f 530/694/1 543/693/1 542/697/1
f 501/698/1 500/696/1 513/695/1
f 530/694/1 542/697/1 541/699/1
f 502/700/1 501/698/1 513/695/1
f 531/701/1 530/694/1 541/699/1
f 531/701/1 541/699/1 540/702/1
f 502/700/1 513/695/1 512/703/1
f 503/704/1 502/700/1 512/703/1
f 504/705/1 503/704/1 512/703/1
f 531/701/1 540/702/1 539/706/1
f 505/707/1 504/705/1 512/703/1
f 532/708/1 531/701/1 539/706/1
f 532/708/1 539/706/1 538/709/1
f 505/707/1 512/703/1 511/710/1
f 506/711/1 505/707/1 511/710/1
f 532/708/1 538/709/1 537/712/1
f 507/713/1 506/711/1 511/710/1
f 533/714/1 532/708/1 537/712/1
f 533/714/1 537/712/1 536/715/1
f 508/716/1 507/713/1 511/710/1
f 508/716/1 511/710/1 509/717/1
f 509/717/1 511/710/1 510/718/1
f 533/714/1 536/715/1 535/719/1
f 534/720/1 533/714/1 535/719/1
f 774/721/1 773/722/1 772/723/1
f 774/721/1 772/723/1 771/724/1
f 769/725/1 774/721/1 771/724/1
f 769/725/1 771/724/1 770/726/1
f 746/727/1 745/728/1 744/729/1
f 747/730/1 746/727/1 744/729/1
f 747/730/1 744/729/1 743/731/1
f 748/732/1 747/730/1 743/731/1
f 748/732/1 743/731/1 742/733/1
f 749/734/1 748/732/1 742/733/1
f 749/734/1 742/733/1 741/735/1
f 750/736/1 749/734/1 741/735/1
f 750/736/1 741/735/1 740/737/1
f 751/738/1 750/736/1 740/737/1
f 751/738/1 740/737/1 739/739/1
f 752/740/1 751/738/1 739/739/1
f 752/740/1 739/739/1 738/741/1
f 753/742/1 752/740/1 738/741/1
f 753/742/1 738/741/1 737/743/1
f 754/744/1 753/742/1 737/743/1
f 754/744/1 737/743/1 736/745/1
f 755/746/1 754/744/1 736/745/1
f 755/746/1 736/745/1 735/747/1
f 756/748/1 755/746/1 735/747/1
f 756/748/1 735/747/1 734/749/1
f 756/748/1 734/749/1 733/750/1
f 757/751/1 756/748/1 733/750/1
f 758/752/1 757/751/1 733/750/1
f 758/752/1 733/750/1 732/753/1
f 758/752/1 732/753/1 731/754/1
f 759/755/1 758/752/1 731/754/1
f 759/755/1 731/754/1 730/756/1
f 760/757/1 759/755/1 730/756/1
f 760/757/1 730/756/1 729/758/1
f 761/759/1 760/757/1 729/758/1
f 761/759/1 729/758/1 728/760/1
f 762/761/1 761/759/1 728/760/1
f 762/761/1 728/760/1 727/762/1
f 763/763/1 762/761/1 727/762/1
f 763/763/1 727/762/1 726/764/1
f 764/765/1 763/763/1 726/764/1
f 765/766/1 764/765/1 726/764/1
f 765/766/1 726/764/1 725/767/1
f 766/768/1 765/766/1 725/767/1
f 766/768/1 725/767/1 724/769/1
f 767/770/1 766/768/1 724/769/1
f 767/770/1 724/769/1 723/771/1
f 768/772/1 767/770/1 723/771/1
f 768/772/1 723/771/1 722/773/1
f 721/774/1 768/772/1 722/773/1
f 928/775/1 927/776/1 926/777/1
f 929/778/1 928/775/1 926/777/1
f 929/778/1 926/777/1 1036/779/1
f 930/780/1 929/778/1 1036/779/1
f 930/780/1 1036/779/1 1035/781/1
f 931/782/1 930/780/1 1035/781/1
f 931/782/1 1035/781/1 1034/783/1
f 932/784/1 931/782/1 1034/783/1
f 932/784/1 1034/783/1 1033/785/1
f 933/786/1 932/784/1 1033/785/1
f 933/786/1 1033/785/1 1032/787/1
f 934/788/1 933/786/1 1032/787/1
f 934/788/1 1032/787/1 1031/789/1
f 935/790/1 934/788/1 1031/789/1
f 935/790/1 1031/789/1 1030/791/1
f 936/792/1 935/790/1 1030/791/1
f 936/792/1 1030/791/1 1029/793/1
f 937/794/1 936/792/1 1029/793/1
f 937/794/1 1029/793/1 1028/795/1
f 938/796/1 937/794/1 1028/795/1
f 938/796/1 1028/795/1 1027/797/1
f 939/798/1 938/796/1 1027/797/1
f 939/798/1 1027/797/1 1026/799/1
f 940/800/1 939/798/1 1026/799/1
f 940/800/1 1026/799/1 1025/801/1
f 940/800/1 1025/801/1 1024/802/1
f 941/803/1 940/800/1 1024/802/1
f 941/803/1 1024/802/1 1023/804/1
f 942/805/1 941/803/1 1023/804/1
f 943/806/1 942/805/1 1023/804/1
f 943/806/1 1023/804/1 1022/807/1
f 944/808/1 943/806/1 1022/807/1
f 944/808/1 1022/807/1 1021/809/1
f 945/810/1 944/808/1 1021/809/1
f 946/811/1 945/810/1 1021/809/1
f 946/811/1 1021/809/1 1020/812/1
f 947/813/1 946/811/1 1020/812/1
f 947/813/1 1020/812/1 1019/814/1
f 948/815/1 947/813/1 1019/814/1
f 948/815/1 1019/814/1 1018/816/1
f 949/817/1 948/815/1 1018/816/1
f 949/817/1 1018/816/1 1017/818/1
f 950/819/1 949/817/1 1017/818/1
f 950/819/1 1017/818/1 1016/820/1
f 951/821/1 950/819/1 1016/820/1
f 1002/822/1 1001/823/1 1000/824/1
f 1003/825/1 1002/822/1 1000/824/1
f 952/826/1 951/821/1 1016/820/1
f 952/826/1 1016/820/1 1015/827/1
f 1004/828/1 1003/825/1 1000/824/1
f 1004/828/1 1000/824/1 999/829/1
f 1005/830/1 1004/828/1 999/829/1
f 1005/830/1 999/829/1 998/831/1
f 953/832/1 952/826/1 1015/827/1
f 1006/833/1 1005/830/1 998/831/1
f 1006/833/1 998/831/1 997/834/1
f 1007/835/1 1006/833/1 997/834/1
f 953/832/1 1015/827/1 1014/836/1
f 1008/837/1 1007/835/1 997/834/1
f 954/838/1 953/832/1 1014/836/1
f 1008/837/1 997/834/1 996/839/1
f 1009/840/1 1008/837/1 996/839/1
f 1009/840/1 996/839/1 995/841/1
f 1010/842/1 1009/840/1 995/841/1
f 954/838/1 1014/836/1 1013/843/1
f 955/844/1 954/838/1 1013/843/1
f 1011/845/1 1010/842/1 995/841/1
f 1011/845/1 995/841/1 994/846/1
f 1012/847/1 1011/845/1 994/846/1
f 956/848/1 955/844/1 1013/843/1
f 1013/843/1 1012/847/1 994/846/1
f 1013/843/1 994/846/1 993/849/1
f 956/848/1 1013/843/1 993/849/1
f 956/848/1 993/849/1 992/850/1
f 957/851/1 956/848/1 992/850/1
f 957/851/1 992/850/1 991/852/1
f 958/853/1 957/851/1 991/852/1
f 958/853/1 991/852/1 990/854/1
f 958/853/1 990/854/1 989/855/1
f 959/856/1 958/853/1 989/855/1
f 959/856/1 989/855/1 988/857/1
f 959/856/1 988/857/1 987/858/1
f 959/856/1 987/858/1 986/859/1
f 960/860/1 959/856/1 986/859/1
f 960/860/1 986/859/1 985/861/1
f 960/860/1 985/861/1 984/862/1
f 960/860/1 984/862/1 983/863/1
f 960/860/1 983/863/1 982/864/1
f 960/860/1 982/864/1 981/865/1
f 960/860/1 981/865/1 980/866/1
f 961/867/1 960/860/1 980/866/1
f 961/867/1 980/866/1 979/868/1
f 961/867/1 979/868/1 978/869/1
f 961/867/1 978/869/1 977/870/1
f 961/867/1 977/870/1 976/871/1
f 961/867/1 976/871/1 975/872/1
f 961/867/1 975/872/1 974/873/1
f 961/867/1 974/873/1 973/874/1
f 962/875/1 961/867/1 973/874/1
f 962/875/1 973/874/1 972/876/1
f 962/875/1 972/876/1 971/877/1
f 962/875/1 971/877/1 970/878/1
f 962/875/1 970/878/1 969/879/1
f 962/875/1 969/879/1 968/880/1
f 962/875/1 968/880/1 967/881/1
f 963/882/1 962/875/1 967/881/1
f 963/882/1 967/881/1 966/883/1
f 963/882/1 966/883/1 965/884/1
f 963/882/1 965/884/1 964/885/1
f 879/886/1 878/887/1 877/888/1
f 879/886/1 877/888/1 876/889/1
f 880/890/1 879/886/1 876/889/1
f 880/890/1 876/889/1 875/891/1
f 881/892/1 880/890/1 875/891/1
f 881/892/1 875/891/1 874/893/1
f 882/894/1 881/892/1 874/893/1
f 882/894/1 874/893/1 873/895/1
f 883/896/1 882/894/1 873/895/1
f 883/896/1 873/895/1 872/897/1
f 884/898/1 883/896/1 872/897/1
f 884/898/1 872/897/1 871/899/1
f 885/900/1 884/898/1 871/899/1
f 885/900/1 871/899/1 870/901/1
f 886/902/1 885/900/1 870/901/1
f 886/902/1 870/901/1 869/903/1
f 886/902/1 869/903/1 868/904/1
f 887/905/1 886/902/1 868/904/1
f 887/905/1 868/904/1 867/906/1
f 888/907/1 887/905/1 867/906/1
f 888/907/1 867/906/1 866/908/1
f 889/909/1 888/907/1 866/908/1
f 889/909/1 866/908/1 865/910/1
f 890/911/1 889/909/1 865/910/1
f 890/911/1 865/910/1 864/912/1
f 891/913/1 890/911/1 864/912/1
f 892/914/1 891/913/1 864/912/1
f 893/915/1 892/914/1 864/912/1
f 894/916/1 893/915/1 864/912/1
f 895/917/1 894/916/1 864/912/1
f 896/918/1 895/917/1 864/912/1
f 897/919/1 896/918/1 864/912/1
f 898/920/1 897/919/1 864/912/1
f 899/921/1 898/920/1 864/912/1
f 900/922/1 899/921/1 864/912/1
f 901/923/1 900/922/1 864/912/1
f 853/924/1 852/925/1 851/926/1
f 854/927/1 853/924/1 851/926/1
f 855/928/1 854/927/1 851/926/1
f 856/929/1 855/928/1 851/926/1
f 857/930/1 856/929/1 851/926/1
f 858/931/1 857/930/1 851/926/1
f 902/932/1 901/923/1 864/912/1
f 859/933/1 858/931/1 851/926/1
f 860/934/1 859/933/1 851/926/1
f 861/935/1 860/934/1 851/926/1
f 862/936/1 861/935/1 851/926/1
f 776/937/1 775/938/1 925/939/1
f 863/940/1 862/936/1 851/926/1
f 776/937/1 925/939/1 924/941/1
f 864/912/1 863/940/1 851/926/1
f 902/932/1 864/912/1 851/926/1
f 776/937/1 924/941/1 923/942/1
f 776/937/1 923/942/1 922/943/1
f 776/937/1 922/943/1 921/944/1
f 776/937/1 921/944/1 920/945/1
f 903/946/1 902/932/1 851/926/1
f 776/937/1 920/945/1 919/947/1
f 904/948/1 903/946/1 851/926/1
f 905/949/1 904/948/1 851/926/1
f 776/937/1 919/947/1 918/950/1
f 906/951/1 905/949/1 851/926/1
f 907/952/1 906/951/1 851/926/1
f 776/937/1 918/950/1 917/953/1
f 908/954/1 907/952/1 851/926/1
f 909/955/1 908/954/1 851/926/1
f 776/937/1 917/953/1 916/956/1
f 910/957/1 909/955/1 851/926/1
f 911/958/1 910/957/1 851/926/1
f 776/937/1 916/956/1 915/959/1
f 912/960/1 911/958/1 851/926/1
f 913/961/1 912/960/1 851/926/1
f 776/937/1 915/959/1 914/962/1
f 914/962/1 913/961/1 851/926/1
f 776/937/1 914/962/1 851/926/1
f 776/937/1 851/926/1 850/963/1
f 776/937/1 850/963/1 849/964/1
f 776/937/1 849/964/1 848/965/1
f 776/937/1 848/965/1 847/966/1
f 776/937/1 847/966/1 846/967/1
f 776/937/1 846/967/1 845/968/1
f 776/937/1 845/968/1 844/969/1
f 776/937/1 844/969/1 843/970/1
f 776/937/1 843/970/1 842/971/1
f 776/937/1 842/971/1 841/972/1
f 776/937/1 841/972/1 840/973/1
f 776/937/1 840/973/1 839/974/1
f 776/937/1 839/974/1 800/975/1
f 800/975/1 839/974/1 838/976/1
f 777/977/1 776/937/1 800/975/1
f 778/978/1 777/977/1 800/975/1
f 779/979/1 778/978/1 800/975/1
f 780/980/1 779/979/1 800/975/1
f 781/981/1 780/980/1 800/975/1
f 781/981/1 800/975/1 799/982/1
f 801/983/1 800/975/1 838/976/1
f 781/981/1 799/982/1 798/984/1
f 782/985/1 781/981/1 798/984/1
f 782/985/1 798/984/1 797/986/1
f 783/987/1 782/985/1 797/986/1
f 783/987/1 797/986/1 796/988/1
f 784/989/1 783/987/1 796/988/1
f 784/989/1 796/988/1 795/990/1
f 784/989/1 795/990/1 794/991/1
f 785/992/1 784/989/1 794/991/1
f 785/992/1 794/991/1 793/993/1
f 785/992/1 793/993/1 792/994/1
f 786/995/1 785/992/1 792/994/1
f 786/995/1 792/994/1 791/996/1
f 787/997/1 786/995/1 791/996/1
f 787/997/1 791/996/1 790/998/1
f 787/997/1 790/998/1 789/999/1
f 788/1000/1 787/997/1 789/999/1
f 802/1001/1 801/983/1 838/976/1
f 802/1001/1 838/976/1 837/1002/1
f 803/1003/1 802/1001/1 837/1002/1
f 803/1003/1 837/1002/1 836/1004/1
f 804/1005/1 803/1003/1 836/1004/1
f 804/1005/1 836/1004/1 835/1006/1
f 805/1007/1 804/1005/1 835/1006/1
f 805/1007/1 835/1006/1 834/1008/1
f 806/1009/1 805/1007/1 834/1008/1
f 807/1010/1 806/1009/1 834/1008/1
f 807/1010/1 834/1008/1 833/1011/1
f 808/1012/1 807/1010/1 833/1011/1
f 808/1012/1 833/1011/1 832/1013/1
f 809/1014/1 808/1012/1 832/1013/1
f 810/1015/1 809/1014/1 832/1013/1
f 810/1015/1 832/1013/1 831/1016/1
f 811/1017/1 810/1015/1 831/1016/1
f 811/1017/1 831/1016/1 830/1018/1
f 812/1019/1 811/1017/1 830/1018/1
f 813/1020/1 812/1019/1 830/1018/1
f 813/1020/1 830/1018/1 829/1021/1
f 814/1022/1 813/1020/1 829/1021/1
f 815/1023/1 814/1022/1 829/1021/1
f 816/1024/1 815/1023/1 829/1021/1
f 816/1024/1 829/1021/1 828/1025/1
f 817/1026/1 816/1024/1 828/1025/1
f 818/1027/1 817/1026/1 828/1025/1
f 819/1028/1 818/1027/1 828/1025/1
f 820/1029/1 819/1028/1 828/1025/1
f 821/1030/1 820/1029/1 828/1025/1
f 822/1031/1 821/1030/1 828/1025/1
f 823/1032/1 822/1031/1 828/1025/1
f 823/1032/1 828/1025/1 827/1033/1
f 824/1034/1 823/1032/1 827/1033/1
f 825/1035/1 824/1034/1 827/1033/1
f 826/1036/1 825/1035/1 827/1033/1
f 1064/1037/1 1063/1038/1 1088/1039/1
f 1064/1037/1 1088/1039/1 1087/1040/1
f 1064/1037/1 1087/1040/1 1086/1041/1
f 1065/1042/1 1064/1037/1 1086/1041/1
f 1065/1042/1 1086/1041/1 1085/1043/1
f 1066/1044/1 1065/1042/1 1085/1043/1
f 1038/1045/1 1037/1046/1 1062/1047/1
f 1067/1048/1 1066/1044/1 1085/1043/1
f 1067/1048/1 1085/1043/1 1084/1049/1
f 1038/1045/1 1062/1047/1 1061/1050/1
f 1090/1051/1 1089/1052/1 1235/1053/1
f 1068/1054/1 1067/1048/1 1084/1049/1
f 1068/1054/1 1084/1049/1 1083/1055/1
f 1038/1045/1 1061/1050/1 1060/1056/1
f 1039/1057/1 1038/1045/1 1060/1056/1
f 1069/1058/1 1068/1054/1 1083/1055/1
f 1069/1058/1 1083/1055/1 1082/1059/1
f 1039/1057/1 1060/1056/1 1059/1060/1
f 1040/1061/1 1039/1057/1 1059/1060/1
f 1070/1062/1 1069/1058/1 1082/1059/1
f 1090/1051/1 1235/1053/1 1234/1063/1
f 1070/1062/1 1082/1059/1 1081/1064/1
f 1040/1061/1 1059/1060/1 1058/1065/1
f 1091/1066/1 1090/1051/1 1234/1063/1
f 1041/1067/1 1040/1061/1 1058/1065/1
f 1071/1068/1 1070/1062/1 1081/1064/1
f 1071/1068/1 1081/1064/1 1080/1069/1
f 1041/1067/1 1058/1065/1 1057/1070/1
f 1042/1071/1 1041/1067/1 1057/1070/1
f 1072/1072/1 1071/1068/1 1080/1069/1
f 1072/1072/1 1080/1069/1 1079/1073/1
f 1091/1066/1 1234/1063/1 1233/1074/1
f 1043/1075/1 1042/1071/1 1057/1070/1
f 1043/1075/1 1057/1070/1 1056/1076/1
f 1092/1077/1 1091/1066/1 1233/1074/1
f 1073/1078/1 1072/1072/1 1079/1073/1
f 1073/1078/1 1079/1073/1 1078/1079/1
f 1044/1080/1 1043/1075/1 1056/1076/1
f 1044/1080/1 1056/1076/1 1055/1081/1
f 1074/1082/1 1073/1078/1 1078/1079/1
f 1074/1082/1 1078/1079/1 1077/1083/1
f 1045/1084/1 1044/1080/1 1055/1081/1
f 1092/1077/1 1233/1074/1 1232/1085/1
f 1045/1084/1 1055/1081/1 1054/1086/1
f 1074/1082/1 1077/1083/1 1075/1087/1
f 1075/1087/1 1077/1083/1 1076/1088/1
f 1093/1089/1 1092/1077/1 1232/1085/1
f 1046/1090/1 1045/1084/1 1054/1086/1
f 1046/1090/1 1054/1086/1 1053/1091/1
f 1046/1090/1 1053/1091/1 1052/1092/1
f 1047/1093/1 1046/1090/1 1052/1092/1
f 1093/1089/1 1232/1085/1 1231/1094/1
f 1094/1095/1 1093/1089/1 1231/1094/1
f 1047/1093/1 1052/1092/1 1051/1096/1
f 1048/1097/1 1047/1093/1 1051/1096/1
f 1201/1098/1 1200/1099/1 1199/1100/1
f 1202/1101/1 1201/1098/1 1199/1100/1
f 1048/1097/1 1051/1096/1 1049/1102/1
f 1049/1102/1 1051/1096/1 1050/1103/1
f 1203/1104/1 1202/1101/1 1199/1100/1
f 1204/1105/1 1203/1104/1 1199/1100/1
f 1094/1095/1 1231/1094/1 1230/1106/1
f 1205/1107/1 1204/1105/1 1199/1100/1
f 1206/1108/1 1205/1107/1 1199/1100/1
f 1095/1109/1 1094/1095/1 1230/1106/1
f 1207/1110/1 1206/1108/1 1199/1100/1
f 1208/1111/1 1207/1110/1 1199/1100/1
f 1209/1112/1 1208/1111/1 1199/1100/1
f 1210/1113/1 1209/1112/1 1199/1100/1
f 1095/1109/1 1230/1106/1 1229/1114/1
f 1211/1115/1 1210/1113/1 1199/1100/1
f 1212/1116/1 1211/1115/1 1199/1100/1
f 1213/1117/1 1212/1116/1 1199/1100/1
f 1096/1118/1 1095/1109/1 1229/1114/1
f 1214/1119/1 1213/1117/1 1199/1100/1
f 1096/1118/1 1229/1114/1 1228/1120/1
f 1215/1121/1 1214/1119/1 1199/1100/1
f 1216/1122/1 1215/1121/1 1199/1100/1
f 1216/1122/1 1199/1100/1 1198/1123/1
f 1097/1124/1 1096/1118/1 1228/1120/1
f 1216/1122/1 1198/1123/1 1197/1125/1
f 1216/1122/1 1197/1125/1 1196/1126/1
f 1217/1127/1 1216/1122/1 1196/1126/1
f 1217/1127/1 1196/1126/1 1195/1128/1
f 1217/1127/1 1195/1128/1 1194/1129/1
f 1097/1124/1 1228/1120/1 1227/1130/1
f 1217/1127/1 1194/1129/1 1193/1131/1
f 1218/1132/1 1217/1127/1 1193/1131/1
f 1218/1132/1 1193/1131/1 1192/1133/1
f 1218/1132/1 1192/1133/1 1191/1134/1
f 1218/1132/1 1191/1134/1 1190/1135/1
f 1098/1136/1 1097/1124/1 1227/1130/1
f 1219/1137/1 1218/1132/1 1190/1135/1
f 1219/1137/1 1190/1135/1 1189/1138/1
f 1219/1137/1 1189/1138/1 1188/1139/1
f 1219/1137/1 1188/1139/1 1187/1140/1
f 1098/1136/1 1227/1130/1 1226/1141/1
f 1220/1142/1 1219/1137/1 1187/1140/1
f 1220/1142/1 1187/1140/1 1186/1143/1
f 1220/1142/1 1186/1143/1 1185/1144/1
f 1221/1145/1 1220/1142/1 1185/1144/1
f 1099/1146/1 1098/1136/1 1226/1141/1
f 1099/1146/1 1226/1141/1 1225/1147/1
f 1221/1145/1 1185/1144/1 1184/1148/1
f 1222/1149/1 1221/1145/1 1184/1148/1
f 1222/1149/1 1184/1148/1 1183/1150/1
f 1223/1151/1 1222/1149/1 1183/1150/1
f 1100/1152/1 1099/1146/1 1225/1147/1
f 1100/1152/1 1225/1147/1 1224/1153/1
f 1223/1151/1 1183/1150/1 1182/1154/1
f 1224/1153/1 1223/1151/1 1182/1154/1
f 1224/1153/1 1182/1154/1 1181/1155/1
f 1101/1156/1 1100/1152/1 1224/1153/1
f 1101/1156/1 1224/1153/1 1181/1155/1
f 1101/1156/1 1181/1155/1 1180/1157/1
f 1101/1156/1 1180/1157/1 1179/1158/1
f 1102/1159/1 1101/1156/1 1179/1158/1
f 1102/1159/1 1179/1158/1 1178/1160/1
f 1103/1161/1 1102/1159/1 1178/1160/1
f 1103/1161/1 1178/1160/1 1177/1162/1
f 1103/1161/1 1177/1162/1 1176/1163/1
f 1104/1164/1 1103/1161/1 1176/1163/1
f 1104/1164/1 1176/1163/1 1175/1165/1
f 1105/1166/1 1104/1164/1 1175/1165/1
f 1105/1166/1 1175/1165/1 1174/1167/1
f 1106/1168/1 1105/1166/1 1174/1167/1
f 1106/1168/1 1174/1167/1 1173/1169/1
f 1107/1170/1 1106/1168/1 1173/1169/1
f 1107/1170/1 1173/1169/1 1172/1171/1
f 1107/1170/1 1172/1171/1 1171/1172/1
f 1108/1173/1 1107/1170/1 1171/1172/1
f 1108/1173/1 1171/1172/1 1170/1174/1
f 1109/1175/1 1108/1173/1 1170/1174/1
f 1109/1175/1 1170/1174/1 1169/1176/1
f 1110/1177/1 1109/1175/1 1169/1176/1
f 1110/1177/1 1169/1176/1 1168/1178/1
f 1110/1177/1 1168/1178/1 1167/1179/1
f 1111/1180/1 1110/1177/1 1167/1179/1
f 1111/1180/1 1167/1179/1 1166/1181/1
f 1112/1182/1 1111/1180/1 1166/1181/1
f 1112/1182/1 1166/1181/1 1165/1183/1
f 1113/1184/1 1112/1182/1 1165/1183/1
f 1113/1184/1 1165/1183/1 1164/1185/1
f 1113/1184/1 1164/1185/1 1163/1186/1
f 1114/1187/1 1113/1184/1 1163/1186/1
f 1114/1187/1 1163/1186/1 1162/1188/1
f 1115/1189/1 1114/1187/1 1162/1188/1
f 1115/1189/1 1162/1188/1 1161/1190/1
f 1115/1189/1 1161/1190/1 1160/1191/1
f 1116/1192/1 1115/1189/1 1160/1191/1
f 1116/1192/1 1160/1191/1 1159/1193/1
f 1116/1192/1 1159/1193/1 1158/1194/1
f 1117/1195/1 1116/1192/1 1158/1194/1
f 1117/1195/1 1158/1194/1 1157/1196/1
f 1117/1195/1 1157/1196/1 1156/1197/1
f 1140/1198/1 1139/1199/1 1138/1200/1
f 1118/1201/1 1117/1195/1 1156/1197/1
f 1141/1202/1 1140/1198/1 1138/1200/1
f 1118/1201/1 1156/1197/1 1155/1203/1
f 1142/1204/1 1141/1202/1 1138/1200/1
f 1143/1205/1 1142/1204/1 1138/1200/1
f 1118/1201/1 1155/1203/1 1154/1206/1
f 1144/1207/1 1143/1205/1 1138/1200/1
f 1145/1208/1 1144/1207/1 1138/1200/1
f 1146/1209/1 1145/1208/1 1138/1200/1
f 1118/1201/1 1154/1206/1 1153/1210/1
f 1147/1211/1 1146/1209/1 1138/1200/1
f 1119/1212/1 1118/1201/1 1153/1210/1
f 1148/1213/1 1147/1211/1 1138/1200/1
f 1119/1212/1 1153/1210/1 1152/1214/1
f 1149/1215/1 1148/1213/1 1138/1200/1
f 1150/1216/1 1149/1215/1 1138/1200/1
f 1119/1212/1 1152/1214/1 1151/1217/1
f 1151/1217/1 1150/1216/1 1138/1200/1
f 1119/1212/1 1151/1217/1 1138/1200/1
f 1120/1218/1 1119/1212/1 1138/1200/1
f 1121/1219/1 1120/1218/1 1138/1200/1
f 1122/1220/1 1121/1219/1 1138/1200/1
f 1122/1220/1 1138/1200/1 1137/1221/1
f 1122/1220/1 1137/1221/1 1136/1222/1
f 1123/1223/1 1122/1220/1 1136/1222/1
f 1123/1223/1 1136/1222/1 1135/1224/1
f 1123/1223/1 1135/1224/1 1134/1225/1
f 1123/1223/1 1134/1225/1 1133/1226/1
f 1124/1227/1 1123/1223/1 1133/1226/1
f 1124/1227/1 1133/1226/1 1132/1228/1
f 1124/1227/1 1132/1228/1 1131/1229/1
f 1124/1227/1 1131/1229/1 1130/1230/1
f 1125/1231/1 1124/1227/1 1130/1230/1
f 1125/1231/1 1130/1230/1 1129/1232/1
f 1125/1231/1 1129/1232/1 1128/1233/1
f 1126/1234/1 1125/1231/1 1128/1233/1
f 1126/1234/1 1128/1233/1 1127/1235/1
f 1237/1236/1 1236/1237/1 1382/1238/1
f 1237/1236/1 1382/1238/1 1381/1239/1
f 1238/1240/1 1237/1236/1 1381/1239/1
f 1238/1240/1 1381/1239/1 1380/1241/1
f 1239/1242/1 1238/1240/1 1380/1241/1
f 1239/1242/1 1380/1241/1 1379/1243/1
f 1240/1244/1 1239/1242/1 1379/1243/1
f 1240/1244/1 1379/1243/1 1378/1245/1
f 1348/1246/1 1347/1247/1 1346/1248/1
f 1349/1249/1 1348/1246/1 1346/1248/1
f 1241/1250/1 1240/1244/1 1378/1245/1
f 1350/1251/1 1349/1249/1 1346/1248/1
f 1351/1252/1 1350/1251/1 1346/1248/1
f 1352/1253/1 1351/1252/1 1346/1248/1
f 1353/1254/1 1352/1253/1 1346/1248/1
f 1354/1255/1 1353/1254/1 1346/1248/1
f 1241/1250/1 1378/1245/1 1377/1256/1
f 1355/1257/1 1354/1255/1 1346/1248/1
f 1356/1258/1 1355/1257/1 1346/1248/1
f 1242/1259/1 1241/1250/1 1377/1256/1
f 1357/1260/1 1356/1258/1 1346/1248/1
f 1358/1261/1 1357/1260/1 1346/1248/1
f 1359/1262/1 1358/1261/1 1346/1248/1
f 1360/1263/1 1359/1262/1 1346/1248/1
f 1242/1259/1 1377/1256/1 1376/1264/1
f 1361/1265/1 1360/1263/1 1346/1248/1
f 1243/1266/1 1242/1259/1 1376/1264/1
f 1362/1267/1 1361/1265/1 1346/1248/1
f 1362/1267/1 1346/1248/1 1345/1268/1
f 1363/1269/1 1362/1267/1 1345/1268/1
f 1363/1269/1 1345/1268/1 1344/1270/1
f 1243/1266/1 1376/1264/1 1375/1271/1
f 1363/1269/1 1344/1270/1 1343/1272/1
f 1363/1269/1 1343/1272/1 1342/1273/1
f 1364/1274/1 1363/1269/1 1342/1273/1
f 1364/1274/1 1342/1273/1 1341/1275/1
f 1244/1276/1 1243/1266/1 1375/1271/1
f 1364/1274/1 1341/1275/1 1340/1277/1
f 1364/1274/1 1340/1277/1 1339/1278/1
f 1364/1274/1 1339/1278/1 1338/1279/1
f 1365/1280/1 1364/1274/1 1338/1279/1
f 1365/1280/1 1338/1279/1 1337/1281/1
f 1244/1276/1 1375/1271/1 1374/1282/1
f 1365/1280/1 1337/1281/1 1336/1283/1
f 1365/1280/1 1336/1283/1 1335/1284/1
f 1366/1285/1 1365/1280/1 1335/1284/1
f 1366/1285/1 1335/1284/1 1334/1286/1
f 1366/1285/1 1334/1286/1 1333/1287/1
f 1245/1288/1 1244/1276/1 1374/1282/1
f 1367/1289/1 1366/1285/1 1333/1287/1
f 1367/1289/1 1333/1287/1 1332/1290/1
f 1245/1288/1 1374/1282/1 1373/1291/1
f 1368/1292/1 1367/1289/1 1332/1290/1
f 1368/1292/1 1332/1290/1 1331/1293/1
f 1246/1294/1 1245/1288/1 1373/1291/1
f 1368/1292/1 1331/1293/1 1330/1295/1
f 1246/1294/1 1373/1291/1 1372/1296/1
f 1369/1297/1 1368/1292/1 1330/1295/1
f 1369/1297/1 1330/1295/1 1329/1298/1
f 1370/1299/1 1369/1297/1 1329/1298/1
f 1247/1300/1 1246/1294/1 1372/1296/1
f 1247/1300/1 1372/1296/1 1371/1301/1
f 1370/1299/1 1329/1298/1 1328/1302/1
f 1371/1301/1 1370/1299/1 1328/1302/1
f 1371/1301/1 1328/1302/1 1327/1303/1
f 1247/1300/1 1371/1301/1 1327/1303/1
f 1248/1304/1 1247/1300/1 1327/1303/1
f 1248/1304/1 1327/1303/1 1326/1305/1
f 1249/1306/1 1248/1304/1 1326/1305/1
f 1249/1306/1 1326/1305/1 1325/1307/1
f 1249/1306/1 1325/1307/1 1324/1308/1
f 1250/1309/1 1249/1306/1 1324/1308/1
f 1250/1309/1 1324/1308/1 1323/1310/1
f 1251/1311/1 1250/1309/1 1323/1310/1
f 1251/1311/1 1323/1310/1 1322/1312/1
f 1252/1313/1 1251/1311/1 1322/1312/1
f 1252/1313/1 1322/1312/1 1321/1314/1
f 1253/1315/1 1252/1313/1 1321/1314/1
f 1253/1315/1 1321/1314/1 1320/1316/1
f 1254/1317/1 1253/1315/1 1320/1316/1
f 1254/1317/1 1320/1316/1 1319/1318/1
f 1254/1317/1 1319/1318/1 1318/1319/1
f 1255/1320/1 1254/1317/1 1318/1319/1
f 1255/1320/1 1318/1319/1 1317/1321/1
f 1256/1322/1 1255/1320/1 1317/1321/1
f 1256/1322/1 1317/1321/1 1316/1323/1
f 1257/1324/1 1256/1322/1 1316/1323/1
f 1257/1324/1 1316/1323/1 1315/1325/1
f 1257/1324/1 1315/1325/1 1314/1326/1
f 1258/1327/1 1257/1324/1 1314/1326/1
f 1258/1327/1 1314/1326/1 1313/1328/1
f 1259/1329/1 1258/1327/1 1313/1328/1
f 1259/1329/1 1313/1328/1 1312/1330/1
f 1260/1331/1 1259/1329/1 1312/1330/1
f 1260/1331/1 1312/1330/1 1311/1332/1
f 1260/1331/1 1311/1332/1 1310/1333/1
f 1261/1334/1 1260/1331/1 1310/1333/1
f 1261/1334/1 1310/1333/1 1309/1335/1
f 1262/1336/1 1261/1334/1 1309/1335/1
f 1262/1336/1 1309/1335/1 1308/1337/1
f 1262/1336/1 1308/1337/1 1307/1338/1
f 1263/1339/1 1262/1336/1 1307/1338/1
f 1263/1339/1 1307/1338/1 1306/1340/1
f 1263/1339/1 1306/1340/1 1305/1341/1
f 1264/1342/1 1263/1339/1 1305/1341/1
f 1264/1342/1 1305/1341/1 1304/1343/1
f 1264/1342/1 1304/1343/1 1303/1344/1
f 1287/1345/1 1286/1346/1 1285/1347/1
f 1265/1348/1 1264/1342/1 1303/1344/1
f 1288/1349/1 1287/1345/1 1285/1347/1
f 1265/1348/1 1303/1344/1 1302/1350/1
f 1289/1351/1 1288/1349/1 1285/1347/1
f 1290/1352/1 1289/1351/1 1285/1347/1
f 1265/1348/1 1302/1350/1 1301/1353/1
f 1291/1354/1 1290/1352/1 1285/1347/1
f 1292/1355/1 1291/1354/1 1285/1347/1
f 1293/1356/1 1292/1355/1 1285/1347/1
f 1265/1348/1 1301/1353/1 1300/1357/1
f 1294/1358/1 1293/1356/1 1285/1347/1
f 1266/1359/1 1265/1348/1 1300/1357/1
f 1295/1360/1 1294/1358/1 1285/1347/1
f 1266/1359/1 1300/1357/1 1299/1361/1
f 1296/1362/1 1295/1360/1 1285/1347/1
f 1297/1363/1 1296/1362/1 1285/1347/1
f 1266/1359/1 1299/1361/1 1298/1364/1
f 1298/1364/1 1297/1363/1 1285/1347/1
f 1266/1359/1 1298/1364/1 1285/1347/1
f 1267/1365/1 1266/1359/1 1285/1347/1
f 1268/1366/1 1267/1365/1 1285/1347/1
f 1269/1367/1 1268/1366/1 1285/1347/1
f 1269/1367/1 1285/1347/1 1284/1368/1
f 1269/1367/1 1284/1368/1 1283/1369/1
f 1270/1370/1 1269/1367/1 1283/1369/1
f 1270/1370/1 1283/1369/1 1282/1371/1
f 1270/1370/1 1282/1371/1 1281/1372/1
f 1270/1370/1 1281/1372/1 1280/1373/1
f 1271/1374/1 1270/1370/1 1280/1373/1
f 1271/1374/1 1280/1373/1 1279/1375/1
f 1271/1374/1 1279/1375/1 1278/1376/1
f 1271/1374/1 1278/1376/1 1277/1377/1
f 1272/1378/1 1271/1374/1 1277/1377/1
f 1272/1378/1 1277/1377/1 1276/1379/1
f 1272/1378/1 1276/1379/1 1275/1380/1
f 1273/1381/1 1272/1378/1 1275/1380/1
f 1273/1381/1 1275/1380/1 1274/1382/1
f 1436/1/2 1434/3/2 1435/2/2
f 1436/1/2 1433/4/2 1434/3/2
f 1431/5/2 1433/4/2 1436/1/2
f 1431/5/2 1432/6/2 1433/4/2
f 1408/7/2 1406/9/2 1407/8/2
f 1409/10/2 1406/9/2 1408/7/2
f 1409/10/2 1405/11/2 1406/9/2
f 1410/12/2 1405/11/2 1409/10/2
f 1410/12/2 1404/13/2 1405/11/2
f 1411/14/2 1404/13/2 1410/12/2
f 1411/14/2 1403/15/2 1404/13/2
f 1412/16/2 1403/15/2 1411/14/2
f 1412/16/2 1402/17/2 1403/15/2
f 1413/18/2 1402/17/2 1412/16/2
f 1413/18/2 1401/19/2 1402/17/2
f 1414/20/2 1401/19/2 1413/18/2
f 1414/20/2 1400/21/2 1401/19/2
f 1415/22/2 1400/21/2 1414/20/2
f 1415/22/2 1399/23/2 1400/21/2
f 1416/24/2 1399/23/2 1415/22/2
f 1416/24/2 1398/25/2 1399/23/2
f 1417/26/2 1398/25/2 1416/24/2
f 1417/26/2 1397/27/2 1398/25/2
f 1418/28/2 1397/27/2 1417/26/2
f 1418/28/2 1396/29/2 1397/27/2
f 1418/28/2 1395/30/2 1396/29/2
f 1419/31/2 1395/30/2 1418/28/2
f 1420/32/2 1395/30/2 1419/31/2
f 1420/32/2 1394/33/2 1395/30/2
f 1420/32/2 1393/34/2 1394/33/2
f 1421/35/2 1393/34/2 1420/32/2
f 1421/35/2 1392/36/2 1393/34/2
f 1422/37/2 1392/36/2 1421/35/2
f 1422/37/2 1391/38/2 1392/36/2
f 1423/39/2 1391/38/2 1422/37/2
f 1423/39/2 1390/40/2 1391/38/2
f 1424/41/2 1390/40/2 1423/39/2
f 1424/41/2 1389/42/2 1390/40/2
f 1425/43/2 1389/42/2 1424/41/2
f 1425/43/2 1388/44/2 1389/42/2
f 1426/45/2 1388/44/2 1425/43/2
f 1427/46/2 1388/44/2 1426/45/2
f 1427/46/2 1387/47/2 1388/44/2
f 1428/48/2 1387/47/2 1427/46/2
f 1428/48/2 1386/49/2 1387/47/2
f 1429/50/2 1386/49/2 1428/48/2
f 1429/50/2 1385/51/2 1386/49/2
f 1430/52/2 1385/51/2 1429/50/2
f 1430/52/2 1384/53/2 1385/51/2
f 1383/54/2 1384/53/2 1430/52/2
f 1465/55/2 1463/57/2 1464/56/2
f 1465/55/2 1560/58/2 1463/57/2
f 1466/59/2 1560/58/2 1465/55/2
f 1466/59/2 1559/60/2 1560/58/2
f 1467/61/2 1559/60/2 1466/59/2
f 1467/61/2 1558/62/2 1559/60/2
f 1468/63/2 1558/62/2 1467/61/2
f 1468/63/2 1557/64/2 1558/62/2
f 1469/65/2 1557/64/2 1468/63/2
f 1469/65/2 1556/66/2 1557/64/2
f 1470/67/2 1556/66/2 1469/65/2
f 1470/67/2 1555/68/2 1556/66/2
f 1471/69/2 1555/68/2 1470/67/2
f 1471/69/2 1554/70/2 1555/68/2
f 1472/71/2 1554/70/2 1471/69/2
f 1472/71/2 1553/72/2 1554/70/2
f 1473/73/2 1553/72/2 1472/71/2
f 1473/73/2 1552/74/2 1553/72/2
f 1474/75/2 1552/74/2 1473/73/2
f 1475/76/2 1552/74/2 1474/75/2
f 1475/76/2 1551/77/2 1552/74/2
f 1476/78/2 1551/77/2 1475/76/2
f 1476/78/2 1550/79/2 1551/77/2
f 1477/80/2 1550/79/2 1476/78/2
f 1477/80/2 1549/81/2 1550/79/2
f 1477/80/2 1548/82/2 1549/81/2
f 1478/83/2 1548/82/2 1477/80/2
f 1478/83/2 1547/84/2 1548/82/2
f 1479/85/2 1547/84/2 1478/83/2
f 1479/85/2 1546/86/2 1547/84/2
f 1480/87/2 1546/86/2 1479/85/2
f 1480/87/2 1545/88/2 1546/86/2
f 1481/89/2 1545/88/2 1480/87/2
f 1481/89/2 1544/90/2 1545/88/2
f 1482/91/2 1544/90/2 1481/89/2
f 1482/91/2 1543/92/2 1544/90/2
f 1482/91/2 1542/93/2 1543/92/2
f 1483/94/2 1542/93/2 1482/91/2
f 1483/94/2 1541/95/2 1542/93/2
f 1484/96/2 1541/95/2 1483/94/2
f 1484/96/2 1540/97/2 1541/95/2
f 1485/98/2 1540/97/2 1484/96/2
f 1485/98/2 1539/99/2 1540/97/2
f 1486/100/2 1539/99/2 1485/98/2
f 1486/100/2 1538/101/2 1539/99/2
f 1487/102/2 1538/101/2 1486/100/2
f 1487/102/2 1537/103/2 1538/101/2
f 1488/104/2 1537/103/2 1487/102/2
f 1488/104/2 1536/105/2 1537/103/2
f 1489/106/2 1536/105/2 1488/104/2
f 1489/106/2 1535/107/2 1536/105/2
f 1514/108/2 1512/110/2 1513/109/2
f 1489/106/2 1534/111/2 1535/107/2
f 1490/112/2 1534/111/2 1489/106/2
f 1515/113/2 1512/110/2 1514/108/2
f 1490/112/2 1533/114/2 1534/111/2
f 1516/115/2 1512/110/2 1515/113/2
f 1491/116/2 1533/114/2 1490/112/2
f 1516/115/2 1511/117/2 1512/110/2
f 1491/116/2 1532/118/2 1533/114/2
f 1517/119/2 1511/117/2 1516/115/2
f 1518/120/2 1511/117/2 1517/119/2
f 1491/116/2 1531/121/2 1532/118/2
f 1492/122/2 1531/121/2 1491/116/2
f 1518/120/2 1510/123/2 1511/117/2
f 1519/124/2 1510/123/2 1518/120/2
f 1492/122/2 1530/125/2 1531/121/2
f 1520/126/2 1510/123/2 1519/124/2
f 1520/126/2 1509/127/2 1510/123/2
f 1492/122/2 1529/128/2 1530/125/2
f 1493/129/2 1529/128/2 1492/122/2
f 1521/130/2 1509/127/2 1520/126/2
f 1493/129/2 1528/131/2 1529/128/2
f 1522/132/2 1509/127/2 1521/130/2
f 1522/132/2 1508/133/2 1509/127/2
f 1493/129/2 1527/134/2 1528/131/2
f 1523/135/2 1508/133/2 1522/132/2
f 1494/136/2 1527/134/2 1493/129/2
f 1494/136/2 1526/137/2 1527/134/2
f 1524/138/2 1508/133/2 1523/135/2
f 1494/136/2 1525/139/2 1526/137/2
f 1525/139/2 1508/133/2 1524/138/2
f 1494/136/2 1508/133/2 1525/139/2
f 1494/136/2 1507/140/2 1508/133/2
f 1495/141/2 1507/140/2 1494/136/2
f 1495/141/2 1506/142/2 1507/140/2
f 1496/143/2 1506/142/2 1495/141/2
f 1496/143/2 1505/144/2 1506/142/2
f 1496/143/2 1504/145/2 1505/144/2
f 1497/146/2 1504/145/2 1496/143/2
f 1497/146/2 1503/147/2 1504/145/2
f 1498/148/2 1503/147/2 1497/146/2
f 1498/148/2 1502/149/2 1503/147/2
f 1499/150/2 1502/149/2 1498/148/2
f 1499/150/2 1501/151/2 1502/149/2
f 1500/152/2 1501/151/2 1499/150/2
f 1438/153/2 1462/155/2 1437/154/2
f 1439/156/2 1462/155/2 1438/153/2
f 1439/156/2 1461/157/2 1462/155/2
f 1440/158/2 1461/157/2 1439/156/2
f 1440/158/2 1460/159/2 1461/157/2
f 1441/160/2 1460/159/2 1440/158/2
f 1441/160/2 1459/161/2 1460/159/2
f 1442/162/2 1459/161/2 1441/160/2
f 1442/162/2 1458/163/2 1459/161/2
f 1443/164/2 1458/163/2 1442/162/2
f 1443/164/2 1457/165/2 1458/163/2
f 1444/166/2 1457/165/2 1443/164/2
f 1444/166/2 1456/167/2 1457/165/2
f 1445/168/2 1456/167/2 1444/166/2
f 1445/168/2 1455/169/2 1456/167/2
f 1446/170/2 1455/169/2 1445/168/2
f 1446/170/2 1454/171/2 1455/169/2
f 1447/172/2 1454/171/2 1446/170/2
f 1447/172/2 1453/173/2 1454/171/2
f 1448/174/2 1453/173/2 1447/172/2
f 1448/174/2 1452/175/2 1453/173/2
f 1449/176/2 1452/175/2 1448/174/2
f 1449/176/2 1451/177/2 1452/175/2
f 1450/178/2 1451/177/2 1449/176/2
f 1600/179/2 1598/181/2 1599/180/2
f 1601/182/2 1598/181/2 1600/179/2
f 1602/183/2 1598/181/2 1601/182/2
f 1603/184/2 1598/181/2 1602/183/2
f 1604/185/2 1598/181/2 1603/184/2
f 1605/186/2 1598/181/2 1604/185/2
f 1606/187/2 1598/181/2 1605/186/2
f 1607/188/2 1598/181/2 1606/187/2
f 1608/189/2 1598/181/2 1607/188/2
f 1609/190/2 1598/181/2 1608/189/2
f 1610/191/2 1598/181/2 1609/190/2
f 1611/192/2 1598/181/2 1610/191/2
f 1612/193/2 1598/181/2 1611/192/2
f 1613/194/2 1598/181/2 1612/193/2
f 1613/194/2 1597/195/2 1598/181/2
f 1614/196/2 1597/195/2 1613/194/2
f 1614/196/2 1596/197/2 1597/195/2
f 1614/196/2 1595/198/2 1596/197/2
f 1615/199/2 1595/198/2 1614/196/2
f 1615/199/2 1594/200/2 1595/198/2
f 1616/201/2 1594/200/2 1615/199/2
f 1616/201/2 1593/202/2 1594/200/2
f 1616/201/2 1592/203/2 1593/202/2
f 1617/204/2 1592/203/2 1616/201/2
f 1617/204/2 1591/205/2 1592/203/2
f 1617/204/2 1590/206/2 1591/205/2
f 1618/207/2 1590/206/2 1617/204/2
f 1618/207/2 1589/208/2 1590/206/2
f 1618/207/2 1588/209/2 1589/208/2
f 1619/210/2 1588/209/2 1618/207/2
f 1619/210/2 1587/211/2 1588/209/2
f 1619/210/2 1586/212/2 1587/211/2
f 1620/213/2 1586/212/2 1619/210/2
f 1620/213/2 1635/214/2 1586/212/2
f 1635/214/2 1585/215/2 1586/212/2
f 1621/216/2 1635/214/2 1620/213/2
f 1621/216/2 1634/217/2 1635/214/2
f 1636/218/2 1585/215/2 1635/214/2
f 1621/216/2 1633/219/2 1634/217/2
f 1622/220/2 1633/219/2 1621/216/2
f 1622/220/2 1632/221/2 1633/219/2
f 1622/220/2 1631/222/2 1632/221/2
f 1622/220/2 1630/223/2 1631/222/2
f 1622/220/2 1629/224/2 1630/223/2
f 1622/220/2 1628/225/2 1629/224/2
f 1623/226/2 1628/225/2 1622/220/2
f 1623/226/2 1627/227/2 1628/225/2
f 1623/226/2 1626/228/2 1627/227/2
f 1623/226/2 1625/229/2 1626/228/2
f 1623/226/2 1624/230/2 1625/229/2
f 1638/231/2 1636/218/2 1637/232/2
f 1638/231/2 1585/215/2 1636/218/2
f 1638/231/2 1584/233/2 1585/215/2
f 1638/231/2 1583/234/2 1584/233/2
f 1639/235/2 1583/234/2 1638/231/2
f 1640/236/2 1582/237/2 1639/235/2
f 1582/237/1 1583/234/1 1639/235/1
f 1640/236/2 1581/238/2 1582/237/2
f 1562/239/2 1649/241/2 1561/240/2
f 1649/241/2 1640/236/2 1561/240/2
f 1649/241/2 1581/238/2 1640/236/2
f 1649/241/2 1580/242/2 1581/238/2
f 1649/241/2 1653/243/2 1580/242/2
f 1653/243/2 1654/244/2 1580/242/2
f 1654/244/2 1579/245/2 1580/242/2
f 1562/239/2 1652/246/2 1649/241/2
f 1650/247/2 1653/243/2 1649/241/2
f 1651/248/2 1653/243/2 1650/247/2
f 1651/248/2 1656/249/2 1653/243/2
f 1655/250/2 1579/245/2 1654/244/2
f 1562/239/2 1641/251/2 1652/246/2
f 1641/251/2 1651/248/2 1652/246/2
f 1641/251/2 1656/249/2 1651/248/2
f 1641/251/2 1655/250/2 1656/249/2
f 1641/251/2 1645/252/2 1655/250/2
f 1645/252/2 1646/253/2 1655/250/2
f 1646/253/2 1579/245/2 1655/250/2
f 1562/239/2 1644/254/2 1641/251/2
f 1642/255/2 1645/252/2 1641/251/2
f 1643/256/2 1645/252/2 1642/255/2
f 1643/256/2 1648/257/2 1645/252/2
f 1647/258/2 1579/245/2 1646/253/2
f 1562/239/2 1643/256/2 1644/254/2
f 1562/239/2 1648/257/2 1643/256/2
f 1562/239/2 1647/258/2 1648/257/2
f 1562/239/2 1579/245/2 1647/258/2
f 1563/259/2 1579/245/2 1562/239/2
f 1564/260/2 1578/261/2 1563/259/2
f 1578/261/1 1579/245/1 1563/259/1
f 1564/260/2 1577/262/2 1578/261/2
f 1566/263/2 1564/260/2 1565/264/2
f 1566/263/2 1577/262/2 1564/260/2
f 1566/263/2 1576/265/2 1577/262/2
f 1566/263/2 1575/266/2 1576/265/2
f 1567/267/2 1575/266/2 1566/263/2
f 1568/268/2 1574/269/2 1567/267/2
f 1574/269/1 1575/266/1 1567/267/1
f 1568/268/2 1573/270/2 1574/269/2
f 1570/271/2 1568/268/2 1569/272/2
f 1570/271/2 1573/270/2 1568/268/2
f 1570/271/2 1572/273/2 1573/270/2
f 1570/271/2 1571/274/2 1572/273/2
f 1767/275/2 1765/277/2 1766/276/2
f 1767/275/2 1764/278/2 1765/277/2
f 1768/279/2 1764/278/2 1767/275/2
f 1768/279/2 1763/280/2 1764/278/2
f 1769/281/2 1763/280/2 1768/279/2
f 1769/281/2 1762/282/2 1763/280/2
f 1770/283/2 1762/282/2 1769/281/2
f 1770/283/2 1761/284/2 1762/282/2
f 1771/285/2 1657/286/2 1770/283/2
f 1657/286/2 1705/287/2 1770/283/2
f 1705/287/2 1761/284/2 1770/283/2
f 1657/286/2 1813/288/2 1705/287/2
f 1706/289/2 1761/284/2 1705/287/2
f 1771/285/2 1704/290/2 1657/286/2
f 1658/291/2 1813/288/2 1657/286/2
f 1706/289/2 1760/292/2 1761/284/2
f 1707/293/2 1760/292/2 1706/289/2
f 1771/285/2 1703/294/2 1704/290/2
f 1772/295/2 1703/294/2 1771/285/2
f 1708/296/2 1760/292/2 1707/293/2
f 1658/291/2 1812/297/2 1813/288/2
f 1772/295/2 1702/298/2 1703/294/2
f 1659/299/2 1812/297/2 1658/291/2
f 1709/300/2 1760/292/2 1708/296/2
f 1709/300/2 1759/301/2 1760/292/2
f 1772/295/2 1701/302/2 1702/298/2
f 1659/299/2 1811/303/2 1812/297/2
f 1773/304/2 1701/302/2 1772/295/2
f 1660/305/2 1811/303/2 1659/299/2
f 1710/306/2 1759/301/2 1709/300/2
f 1773/304/2 1700/307/2 1701/302/2
f 1710/306/2 1758/308/2 1759/301/2
f 1711/309/2 1758/308/2 1710/306/2
f 1661/310/2 1811/303/2 1660/305/2
f 1661/310/2 1810/311/2 1811/303/2
f 1774/312/2 1700/307/2 1773/304/2
f 1774/312/2 1699/313/2 1700/307/2
f 1662/314/2 1810/311/2 1661/310/2
f 1712/315/2 1758/308/2 1711/309/2
f 1662/314/2 1809/316/2 1810/311/2
f 1712/315/2 1757/317/2 1758/308/2
f 1663/318/2 1809/316/2 1662/314/2
f 1663/318/2 1808/319/2 1809/316/2
f 1713/320/2 1757/317/2 1712/315/2
f 1774/312/2 1698/321/2 1699/313/2
f 1775/322/2 1698/321/2 1774/312/2
f 1664/323/2 1808/319/2 1663/318/2
f 1664/323/2 1807/324/2 1808/319/2
f 1713/320/2 1756/325/2 1757/317/2
f 1714/326/2 1756/325/2 1713/320/2
f 1775/322/2 1697/327/2 1698/321/2
f 1665/328/2 1807/324/2 1664/323/2
f 1665/328/2 1806/329/2 1807/324/2
f 1776/330/2 1697/327/2 1775/322/2
f 1715/331/2 1756/325/2 1714/326/2
f 1666/332/2 1806/329/2 1665/328/2
f 1776/330/2 1696/333/2 1697/327/2
f 1666/332/2 1805/334/2 1806/329/2
f 1715/331/2 1755/335/2 1756/325/2
f 1667/336/2 1805/334/2 1666/332/2
f 1667/336/2 1804/337/2 1805/334/2
f 1716/338/2 1755/335/2 1715/331/2
f 1776/330/2 1695/339/2 1696/333/2
f 1777/340/2 1695/339/2 1776/330/2
f 1668/341/2 1804/337/2 1667/336/2
f 1668/341/2 1803/342/2 1804/337/2
f 1716/338/2 1754/343/2 1755/335/2
f 1669/344/2 1803/342/2 1668/341/2
f 1717/345/2 1754/343/2 1716/338/2
f 1777/340/2 1694/346/2 1695/339/2
f 1669/344/2 1802/347/2 1803/342/2
f 1670/348/2 1802/347/2 1669/344/2
f 1778/349/2 1694/346/2 1777/340/2
f 1670/348/2 1801/350/2 1802/347/2
f 1718/351/2 1754/343/2 1717/345/2
f 1778/349/2 1693/352/2 1694/346/2
f 1718/351/2 1753/353/2 1754/343/2
f 1671/354/2 1801/350/2 1670/348/2
f 1778/349/2 1692/355/2 1693/352/2
f 1719/356/2 1753/353/2 1718/351/2
f 1779/357/2 1692/355/2 1778/349/2
f 1671/354/2 1800/358/2 1801/350/2
f 1719/356/2 1752/359/2 1753/353/2
f 1672/360/2 1800/358/2 1671/354/2
f 1779/357/2 1691/361/2 1692/355/2
f 1720/362/2 1752/359/2 1719/356/2
f 1780/363/2 1691/361/2 1779/357/2
f 1673/364/2 1800/358/2 1672/360/2
f 1780/363/2 1690/365/2 1691/361/2
f 1673/364/2 1799/366/2 1800/358/2
f 1720/362/2 1751/367/2 1752/359/2
f 1721/368/2 1751/367/2 1720/362/2
f 1780/363/2 1689/369/2 1690/365/2
f 1674/370/2 1799/366/2 1673/364/2
f 1781/371/2 1689/369/2 1780/363/2
f 1674/370/2 1798/372/2 1799/366/2
f 1781/371/2 1688/373/2 1689/369/2
f 1675/374/2 1798/372/2 1674/370/2
f 1721/368/2 1750/375/2 1751/367/2
f 1722/376/2 1750/375/2 1721/368/2
f 1782/377/2 1688/373/2 1781/371/2
f 1782/377/2 1687/378/2 1688/373/2
f 1676/379/2 1798/372/2 1675/374/2
f 1676/379/2 1797/380/2 1798/372/2
f 1782/377/2 1686/381/2 1687/378/2
f 1723/382/2 1750/375/2 1722/376/2
f 1677/383/2 1797/380/2 1676/379/2
f 1783/384/2 1686/381/2 1782/377/2
f 1783/384/2 1685/385/2 1686/381/2
f 1723/382/2 1749/386/2 1750/375/2
f 1678/387/2 1797/380/2 1677/383/2
f 1783/384/2 1684/388/2 1685/385/2
f 1724/389/2 1749/386/2 1723/382/2
f 1678/387/2 1796/390/2 1797/380/2
f 1679/391/2 1796/390/2 1678/387/2
f 1783/384/2 1683/392/2 1684/388/2
f 1680/393/2 1796/390/2 1679/391/2
f 1783/384/2 1682/394/2 1683/392/2
f 1784/395/2 1682/394/2 1783/384/2
f 1681/396/2 1796/390/2 1680/393/2
f 1784/395/2 1681/396/2 1682/394/2
f 1784/395/2 1796/390/2 1681/396/2
f 1725/397/2 1749/386/2 1724/389/2
f 1725/397/2 1748/398/2 1749/386/2
f 1784/395/2 1795/399/2 1796/390/2
f 1785/400/2 1795/399/2 1784/395/2
f 1726/401/2 1748/398/2 1725/397/2
f 1785/400/2 1794/402/2 1795/399/2
f 1786/403/2 1794/402/2 1785/400/2
f 1726/401/2 1747/404/2 1748/398/2
f 1727/405/2 1747/404/2 1726/401/2
f 1786/403/2 1793/406/2 1794/402/2
f 1787/407/2 1793/406/2 1786/403/2
f 1728/408/2 1747/404/2 1727/405/2
f 1729/409/2 1747/404/2 1728/408/2
f 1787/407/2 1792/410/2 1793/406/2
f 1788/411/2 1792/410/2 1787/407/2
f 1729/409/2 1746/412/2 1747/404/2
f 1730/413/2 1746/412/2 1729/409/2
f 1731/414/2 1746/412/2 1730/413/2
f 1732/415/2 1746/412/2 1731/414/2
f 1788/411/2 1791/416/2 1792/410/2
f 1789/417/2 1791/416/2 1788/411/2
f 1733/418/2 1746/412/2 1732/415/2
f 1734/419/2 1746/412/2 1733/418/2
f 1735/420/2 1746/412/2 1734/419/2
f 1736/421/2 1746/412/2 1735/420/2
f 1737/422/2 1746/412/2 1736/421/2
f 1738/423/2 1746/412/2 1737/422/2
f 1789/417/2 1790/424/2 1791/416/2
f 1739/425/2 1746/412/2 1738/423/2
f 1740/426/2 1746/412/2 1739/425/2
f 1741/427/2 1746/412/2 1740/426/2
f 1742/428/2 1746/412/2 1741/427/2
f 1742/428/2 1745/429/2 1746/412/2
f 1742/428/2 1744/430/2 1745/429/2
f 1742/428/2 1743/431/2 1744/430/2
f 2052/432/2 2102/434/2 2051/433/2
f 1986/435/2 1984/437/2 1985/436/2
f 1986/435/2 1983/438/2 1984/437/2
f 1982/439/2 1980/441/2 1981/440/2
f 1982/439/2 1979/442/2 1980/441/2
f 2052/432/2 2101/443/2 2102/434/2
f 1841/444/2 1865/446/2 1840/445/2
f 1814/447/2 1838/449/2 1839/448/2
f 1842/450/2 1865/446/2 1841/444/2
f 1814/447/2 1837/451/2 1838/449/2
f 2053/452/2 2101/443/2 2052/432/2
f 2053/452/2 2100/453/2 2101/443/2
f 1843/454/2 1865/446/2 1842/450/2
f 1843/454/2 1864/455/2 1865/446/2
f 1815/456/2 1837/451/2 1814/447/2
f 1815/456/2 1836/457/2 1837/451/2
f 1844/458/2 1864/455/2 1843/454/2
f 1816/459/2 1836/457/2 1815/456/2
f 1844/458/2 1863/460/2 1864/455/2
f 2053/452/2 2099/461/2 2100/453/2
f 1816/459/2 1835/462/2 1836/457/2
f 1845/463/2 1863/460/2 1844/458/2
f 1817/464/2 1835/462/2 1816/459/2
f 1845/463/2 1862/465/2 1863/460/2
f 1817/464/2 1834/466/2 1835/462/2
f 2054/467/2 2099/461/2 2053/452/2
f 2054/467/2 2098/468/2 2099/461/2
f 1818/469/2 1834/466/2 1817/464/2
f 1846/470/2 1862/465/2 1845/463/2
f 1846/470/2 1861/471/2 1862/465/2
f 1818/469/2 1833/472/2 1834/466/2
f 1819/473/2 1833/472/2 1818/469/2
f 1847/474/2 1861/471/2 1846/470/2
f 1819/473/2 1832/475/2 1833/472/2
f 1847/474/2 1860/476/2 1861/471/2
f 2054/467/2 2097/477/2 2098/468/2
f 1820/478/2 1832/475/2 1819/473/2
f 1848/479/2 1860/476/2 1847/474/2
f 1820/478/2 1831/480/2 1832/475/2
f 1848/479/2 1859/481/2 1860/476/2
f 2054/467/2 2096/482/2 2097/477/2
f 1821/483/2 1831/480/2 1820/478/2
f 2055/484/2 2096/482/2 2054/467/2
f 1821/483/2 1830/485/2 1831/480/2
f 1849/486/2 1859/481/2 1848/479/2
f 1849/486/2 1858/487/2 1859/481/2
f 1822/488/2 1830/485/2 1821/483/2
f 1822/488/2 1829/489/2 1830/485/2
f 1850/490/2 1858/487/2 1849/486/2
f 1850/490/2 1857/491/2 1858/487/2
f 2055/484/2 2095/492/2 2096/482/2
f 1822/488/2 1828/493/2 1829/489/2
f 1823/494/2 1828/493/2 1822/488/2
f 1851/495/2 1857/491/2 1850/490/2
f 1851/495/2 1856/496/2 1857/491/2
f 1823/494/2 1827/497/2 1828/493/2
f 1824/498/2 1827/497/2 1823/494/2
f 1852/499/2 1856/496/2 1851/495/2
f 2055/484/2 2094/500/2 2095/492/2
f 1852/499/2 1855/501/2 1856/496/2
f 2056/502/2 2094/500/2 2055/484/2
f 1824/498/2 1825/503/2 1827/497/2
f 1825/503/2 1826/504/2 1827/497/2
f 1853/505/2 1855/501/2 1852/499/2
f 1853/505/2 1854/506/2 1855/501/2
f 2056/502/2 2093/507/2 2094/500/2
f 2056/502/2 2092/508/2 2093/507/2
f 2057/509/2 2092/508/2 2056/502/2
f 1988/510/2 1986/435/2 1987/511/2
f 1988/510/2 1983/438/2 1986/435/2
f 1988/510/2 1982/439/2 1983/438/2
f 1988/510/2 1979/442/2 1982/439/2
f 1988/510/2 1978/512/2 1979/442/2
f 1988/510/2 1977/513/2 1978/512/2
f 2057/509/2 2091/514/2 2092/508/2
f 2057/509/2 2090/515/2 2091/514/2
f 2058/516/2 2090/515/2 2057/509/2
f 2058/516/2 2087/517/2 2090/515/2
f 2087/517/2 2089/518/2 2090/515/2
f 1989/519/2 1977/513/2 1988/510/2
f 1990/520/2 2023/521/2 1989/519/2
f 2023/521/2 1977/513/2 1989/519/2
f 1990/520/2 2050/522/2 2023/521/2
f 2024/523/2 1977/513/2 2023/521/2
f 2025/524/2 1976/525/2 2024/523/2
f 1976/525/2 1977/513/2 2024/523/2
f 2025/524/2 1975/526/2 1976/525/2
f 2059/527/2 2087/517/2 2058/516/2
f 2025/524/2 1974/528/2 1975/526/2
f 1991/529/2 2050/522/2 1990/520/2
f 2026/530/2 1974/528/2 2025/524/2
f 1991/529/2 2049/531/2 2050/522/2
f 2026/530/2 1973/532/2 1974/528/2
f 1992/533/2 2049/531/2 1991/529/2
f 2027/534/2 1973/532/2 2026/530/2
f 1992/533/2 2048/535/2 2049/531/2
f 1993/536/2 2048/535/2 1992/533/2
f 2027/534/2 1972/537/2 1973/532/2
f 2028/538/2 1972/537/2 2027/534/2
f 1993/536/2 2047/539/2 2048/535/2
f 1994/540/2 2047/539/2 1993/536/2
f 2060/541/2 2087/517/2 2059/527/2
f 2028/538/2 1971/542/2 1972/537/2
f 2029/543/2 1971/542/2 2028/538/2
f 1994/540/2 2046/544/2 2047/539/2
f 1995/545/2 2046/544/2 1994/540/2
f 2029/543/2 1970/546/2 1971/542/2
f 2030/547/2 1970/546/2 2029/543/2
f 1995/545/2 2045/548/2 2046/544/2
f 1996/549/2 2045/548/2 1995/545/2
f 2030/547/2 1969/550/2 1970/546/2
f 2031/551/2 1969/550/2 2030/547/2
f 1996/549/2 2044/552/2 2045/548/2
f 1997/553/2 2044/552/2 1996/549/2
f 2031/551/2 1968/554/2 1969/550/2
f 2032/555/2 1968/554/2 2031/551/2
f 1997/553/2 2043/556/2 2044/552/2
f 2061/557/2 2087/517/2 2060/541/2
f 1998/558/2 2043/556/2 1997/553/2
f 2032/555/2 1967/559/2 1968/554/2
f 1998/558/2 2042/560/2 2043/556/2
f 2033/561/2 1967/559/2 2032/555/2
f 1999/562/2 2042/560/2 1998/558/2
f 2033/561/2 1966/563/2 1967/559/2
f 1999/562/2 2041/564/2 2042/560/2
f 2034/565/2 1966/563/2 2033/561/2
f 2000/566/2 2041/564/2 1999/562/2
f 2034/565/2 1965/567/2 1966/563/2
f 2000/566/2 2040/568/2 2041/564/2
f 2035/569/2 1965/567/2 2034/565/2
f 2062/570/2 2087/517/2 2061/557/2
f 2062/570/2 2086/571/2 2087/517/2
f 2088/572/2 2089/518/2 2087/517/2
f 2001/573/2 2040/568/2 2000/566/2
f 2035/569/2 1964/574/2 1965/567/2
f 2001/573/2 2039/575/2 2040/568/2
f 2036/576/2 1964/574/2 2035/569/2
f 2002/577/2 2039/575/2 2001/573/2
f 2002/577/2 2038/578/2 2039/575/2
f 2036/576/2 1963/579/2 1964/574/2
f 2037/580/2 1963/579/2 2036/576/2
f 2062/570/2 2085/581/2 2086/571/2
f 2004/582/2 2002/577/2 2003/583/2
f 2004/582/2 2038/578/2 2002/577/2
f 2004/582/2 2037/580/2 2038/578/2
f 2004/582/2 1963/579/2 2037/580/2
f 2004/582/2 1962/584/2 1963/579/2
f 2004/582/2 1961/585/2 1962/584/2
f 2062/570/2 2084/586/2 2085/581/2
f 2063/587/2 2084/586/2 2062/570/2
f 2063/587/2 2083/588/2 2084/586/2
f 2063/587/2 2082/589/2 2083/588/2
f 2064/590/2 2082/589/2 2063/587/2
f 2065/591/2 2082/589/2 2064/590/2
f 2065/591/2 2081/592/2 2082/589/2
f 2066/593/2 2081/592/2 2065/591/2
f 2066/593/2 2080/594/2 2081/592/2
f 2067/595/2 2080/594/2 2066/593/2
f 2068/596/2 2080/594/2 2067/595/2
f 2005/597/2 1961/585/2 2004/582/2
f 2006/598/2 1960/599/2 2005/597/2
f 1960/599/2 1961/585/2 2005/597/2
f 2006/598/2 1959/600/2 1960/599/2
f 2068/596/2 2079/601/2 2080/594/2
f 2069/602/2 2079/601/2 2068/596/2
f 2069/602/2 2078/603/2 2079/601/2
f 2070/604/2 2078/603/2 2069/602/2
f 2071/605/2 2078/603/2 2070/604/2
f 2071/605/2 2077/606/2 2078/603/2
f 2072/607/2 2077/606/2 2071/605/2
f 2072/607/2 2076/608/2 2077/606/2
f 2073/609/2 2076/608/2 2072/607/2
f 2074/610/2 2076/608/2 2073/609/2
f 2074/610/2 2075/611/2 2076/608/2
f 2008/612/2 2006/598/2 2007/613/2
f 2008/612/2 1959/600/2 2006/598/2
f 2008/612/2 1958/614/2 1959/600/2
f 2008/612/2 1957/615/2 1958/614/2
f 2009/616/1 1957/615/1 2008/612/1
f 2010/617/2 1956/618/2 2009/616/2
f 1956/618/2 1957/615/2 2009/616/2
f 2010/617/2 1955/619/2 1956/618/2
f 2011/620/2 1955/619/2 2010/617/2
f 2011/620/2 1954/621/2 1955/619/2
f 2012/622/2 1954/621/2 2011/620/2
f 2012/622/2 1953/623/2 1954/621/2
f 2012/622/2 1952/624/2 1953/623/2
f 2013/625/2 1952/624/2 2012/622/2
f 2013/625/2 1951/626/2 1952/624/2
f 2014/627/2 1951/626/2 2013/625/2
f 2014/627/2 1950/628/2 1951/626/2
f 2015/629/2 1950/628/2 2014/627/2
f 2015/629/2 1949/630/2 1950/628/2
f 2016/631/2 1949/630/2 2015/629/2
f 2016/631/2 1948/632/2 1949/630/2
f 2017/633/2 1948/632/2 2016/631/2
f 2017/633/2 1947/634/2 1948/632/2
f 2018/635/2 1947/634/2 2017/633/2
f 2018/635/2 1946/636/2 1947/634/2
f 2019/637/2 1946/636/2 2018/635/2
f 2019/637/2 1945/638/2 1946/636/2
f 2020/639/2 1945/638/2 2019/637/2
f 2020/639/2 1944/640/2 1945/638/2
f 2021/641/2 1944/640/2 2020/639/2
f 2021/641/2 1943/642/2 1944/640/2
f 2022/643/2 1943/642/2 2021/641/2
f 1867/644/2 2022/643/2 1866/645/2
f 1867/644/2 1943/642/2 2022/643/2
f 1867/644/2 1942/646/2 1943/642/2
f 1867/644/2 1941/647/2 1942/646/2
f 1868/648/2 1941/647/2 1867/644/2
f 1869/649/2 1940/650/2 1868/648/2
f 1940/650/2 1941/647/2 1868/648/2
f 1869/649/2 1939/651/2 1940/650/2
f 1870/652/2 1939/651/2 1869/649/2
f 1870/652/2 1904/653/2 1939/651/2
f 1904/653/2 1938/654/2 1939/651/2
f 1871/655/2 1904/653/2 1870/652/2
f 1871/655/2 1903/656/2 1904/653/2
f 1905/657/2 1938/654/2 1904/653/2
f 1905/657/2 1937/658/2 1938/654/2
f 1872/659/2 1903/656/2 1871/655/2
f 1872/659/2 1902/660/2 1903/656/2
f 1905/657/2 1936/661/2 1937/658/2
f 1906/662/2 1936/661/2 1905/657/2
f 1873/663/2 1902/660/2 1872/659/2
f 1873/663/2 1901/664/2 1902/660/2
f 1906/662/2 1935/665/2 1936/661/2
f 1874/666/2 1901/664/2 1873/663/2
f 1907/667/2 1935/665/2 1906/662/2
f 1874/666/2 1900/668/2 1901/664/2
f 1907/667/2 1934/669/2 1935/665/2
f 1875/670/2 1900/668/2 1874/666/2
f 1908/671/2 1934/669/2 1907/667/2
f 1908/671/2 1933/672/2 1934/669/2
f 1875/670/2 1899/673/2 1900/668/2
f 1876/674/2 1899/673/2 1875/670/2
f 1908/671/2 1932/675/2 1933/672/2
f 1877/676/2 1899/673/2 1876/674/2
f 1909/677/2 1932/675/2 1908/671/2
f 1877/676/2 1898/678/2 1899/673/2
f 1909/677/2 1931/679/2 1932/675/2
f 1878/680/2 1898/678/2 1877/676/2
f 1909/677/2 1930/681/2 1931/679/2
f 1910/682/2 1930/681/2 1909/677/2
f 1878/680/2 1897/683/2 1898/678/2
f 1879/684/2 1897/683/2 1878/680/2
f 1910/682/2 1929/685/2 1930/681/2
f 1910/682/2 1928/686/2 1929/685/2
f 1911/687/2 1928/686/2 1910/682/2
f 1879/684/2 1896/688/2 1897/683/2
f 1880/689/2 1896/688/2 1879/684/2
f 1911/687/2 1927/690/2 1928/686/2
f 1911/687/2 1926/691/2 1927/690/2
f 1881/692/2 1896/688/2 1880/689/2
f 1911/687/2 1925/693/2 1926/691/2
f 1912/694/2 1925/693/2 1911/687/2
f 1881/692/2 1895/695/2 1896/688/2
f 1882/696/2 1895/695/2 1881/692/2
f 1912/694/2 1924/697/2 1925/693/2
f 1883/698/2 1895/695/2 1882/696/2
f 1912/694/2 1923/699/2 1924/697/2
f 1884/700/2 1895/695/2 1883/698/2
f 1913/701/2 1923/699/2 1912/694/2
f 1913/701/2 1922/702/2 1923/699/2
f 1884/700/2 1894/703/2 1895/695/2
f 1885/704/2 1894/703/2 1884/700/2
f 1886/705/2 1894/703/2 1885/704/2
f 1913/701/2 1921/706/2 1922/702/2
f 1887/707/2 1894/703/2 1886/705/2
f 1914/708/2 1921/706/2 1913/701/2
f 1914/708/2 1920/709/2 1921/706/2
f 1887/707/2 1893/710/2 1894/703/2
f 1888/711/2 1893/710/2 1887/707/2
f 1914/708/2 1919/712/2 1920/709/2
f 1889/713/2 1893/710/2 1888/711/2
f 1915/714/2 1919/712/2 1914/708/2
f 1915/714/2 1918/715/2 1919/712/2
f 1890/716/2 1893/710/2 1889/713/2
f 1890/716/2 1891/717/2 1893/710/2
f 1891/717/2 1892/718/2 1893/710/2
f 1915/714/2 1917/719/2 1918/715/2
f 1916/720/2 1917/719/2 1915/714/2
f 2156/721/2 2154/723/2 2155/722/2
f 2156/721/2 2153/724/2 2154/723/2
f 2151/725/2 2153/724/2 2156/721/2
f 2151/725/2 2152/726/2 2153/724/2
f 2128/727/2 2126/729/2 2127/728/2
f 2129/730/2 2126/729/2 2128/727/2
f 2129/730/2 2125/731/2 2126/729/2
f 2130/732/2 2125/731/2 2129/730/2
f 2130/732/2 2124/733/2 2125/731/2
f 2131/734/2 2124/733/2 2130/732/2
f 2131/734/2 2123/735/2 2124/733/2
f 2132/736/2 2123/735/2 2131/734/2
f 2132/736/2 2122/737/2 2123/735/2
f 2133/738/2 2122/737/2 2132/736/2
f 2133/738/2 2121/739/2 2122/737/2
f 2134/740/2 2121/739/2 2133/738/2
f 2134/740/2 2120/741/2 2121/739/2
f 2135/742/2 2120/741/2 2134/740/2
f 2135/742/2 2119/743/2 2120/741/2
f 2136/744/2 2119/743/2 2135/742/2
f 2136/744/2 2118/745/2 2119/743/2
f 2137/746/2 2118/745/2 2136/744/2
f 2137/746/2 2117/747/2 2118/745/2
f 2138/748/2 2117/747/2 2137/746/2
f 2138/748/2 2116/749/2 2117/747/2
f 2138/748/2 2115/750/2 2116/749/2
f 2139/751/2 2115/750/2 2138/748/2
f 2140/752/2 2115/750/2 2139/751/2
f 2140/752/2 2114/753/2 2115/750/2
f 2140/752/2 2113/754/2 2114/753/2
f 2141/755/2 2113/754/2 2140/752/2
f 2141/755/2 2112/756/2 2113/754/2
f 2142/757/2 2112/756/2 2141/755/2
f 2142/757/2 2111/758/2 2112/756/2
f 2143/759/2 2111/758/2 2142/757/2
f 2143/759/2 2110/760/2 2111/758/2
f 2144/761/2 2110/760/2 2143/759/2
f 2144/761/2 2109/762/2 2110/760/2
f 2145/763/2 2109/762/2 2144/761/2
f 2145/763/2 2108/764/2 2109/762/2
f 2146/765/2 2108/764/2 2145/763/2
f 2147/766/2 2108/764/2 2146/765/2
f 2147/766/2 2107/767/2 2108/764/2
f 2148/768/2 2107/767/2 2147/766/2
f 2148/768/2 2106/769/2 2107/767/2
f 2149/770/2 2106/769/2 2148/768/2
f 2149/770/2 2105/771/2 2106/769/2
f 2150/772/2 2105/771/2 2149/770/2
f 2150/772/2 2104/773/2 2105/771/2
f 2103/774/2 2104/773/2 2150/772/2
f 2310/775/2 2308/777/2 2309/776/2
f 2311/778/2 2308/777/2 2310/775/2
f 2311/778/2 2418/779/2 2308/777/2
f 2312/780/2 2418/779/2 2311/778/2
f 2312/780/2 2417/781/2 2418/779/2
f 2313/782/2 2417/781/2 2312/780/2
f 2313/782/2 2416/783/2 2417/781/2
f 2314/784/2 2416/783/2 2313/782/2
f 2314/784/2 2415/785/2 2416/783/2
f 2315/786/2 2415/785/2 2314/784/2
f 2315/786/2 2414/787/2 2415/785/2
f 2316/788/2 2414/787/2 2315/786/2
f 2316/788/2 2413/789/2 2414/787/2
f 2317/790/2 2413/789/2 2316/788/2
f 2317/790/2 2412/791/2 2413/789/2
f 2318/792/2 2412/791/2 2317/790/2
f 2318/792/2 2411/793/2 2412/791/2
f 2319/794/2 2411/793/2 2318/792/2
f 2319/794/2 2410/795/2 2411/793/2
f 2320/796/2 2410/795/2 2319/794/2
f 2320/796/2 2409/797/2 2410/795/2
f 2321/798/2 2409/797/2 2320/796/2
f 2321/798/2 2408/799/2 2409/797/2
f 2322/800/2 2408/799/2 2321/798/2
f 2322/800/2 2407/801/2 2408/799/2
f 2322/800/2 2406/802/2 2407/801/2
f 2323/803/2 2406/802/2 2322/800/2
f 2323/803/2 2405/804/2 2406/802/2
f 2324/805/2 2405/804/2 2323/803/2
f 2325/806/2 2405/804/2 2324/805/2
f 2325/806/2 2404/807/2 2405/804/2
f 2326/808/2 2404/807/2 2325/806/2
f 2326/808/2 2403/809/2 2404/807/2
f 2327/810/2 2403/809/2 2326/808/2
f 2328/811/2 2403/809/2 2327/810/2
f 2328/811/2 2402/812/2 2403/809/2
f 2329/813/2 2402/812/2 2328/811/2
f 2329/813/2 2401/814/2 2402/812/2
f 2330/815/2 2401/814/2 2329/813/2
f 2330/815/2 2400/816/2 2401/814/2
f 2331/817/2 2400/816/2 2330/815/2
f 2331/817/2 2399/818/2 2400/816/2
f 2332/819/2 2399/818/2 2331/817/2
f 2332/819/2 2398/820/2 2399/818/2
f 2333/821/2 2398/820/2 2332/819/2
f 2384/822/2 2382/824/2 2383/823/2
f 2385/825/2 2382/824/2 2384/822/2
f 2334/826/2 2398/820/2 2333/821/2
f 2334/826/2 2397/827/2 2398/820/2
f 2386/828/2 2382/824/2 2385/825/2
f 2386/828/2 2381/829/2 2382/824/2
f 2387/830/2 2381/829/2 2386/828/2
f 2387/830/2 2380/831/2 2381/829/2
f 2335/832/2 2397/827/2 2334/826/2
f 2388/833/2 2380/831/2 2387/830/2
f 2388/833/2 2379/834/2 2380/831/2
f 2389/835/2 2379/834/2 2388/833/2
f 2335/832/2 2396/836/2 2397/827/2
f 2390/837/2 2379/834/2 2389/835/2
f 2336/838/2 2396/836/2 2335/832/2
f 2390/837/2 2378/839/2 2379/834/2
f 2391/840/2 2378/839/2 2390/837/2
f 2391/840/2 2377/841/2 2378/839/2
f 2392/842/2 2377/841/2 2391/840/2
f 2336/838/2 2395/843/2 2396/836/2
f 2337/844/2 2395/843/2 2336/838/2
f 2393/845/2 2377/841/2 2392/842/2
f 2393/845/2 2376/846/2 2377/841/2
f 2394/847/2 2376/846/2 2393/845/2
f 2338/848/2 2395/843/2 2337/844/2
f 2395/843/2 2376/846/2 2394/847/2
f 2395/843/2 2375/849/2 2376/846/2
f 2338/848/2 2375/849/2 2395/843/2
f 2338/848/2 2374/850/2 2375/849/2
f 2339/851/2 2374/850/2 2338/848/2
f 2339/851/2 2373/852/2 2374/850/2
f 2340/853/2 2373/852/2 2339/851/2
f 2340/853/2 2372/854/2 2373/852/2
f 2340/853/2 2371/855/2 2372/854/2
f 2341/856/2 2371/855/2 2340/853/2
f 2341/856/2 2370/857/2 2371/855/2
f 2341/856/2 2369/858/2 2370/857/2
f 2341/856/2 2368/859/2 2369/858/2
f 2342/860/2 2368/859/2 2341/856/2
f 2342/860/2 2367/861/2 2368/859/2
f 2342/860/2 2366/862/2 2367/861/2
f 2342/860/2 2365/863/2 2366/862/2
f 2342/860/2 2364/864/2 2365/863/2
f 2342/860/2 2363/865/2 2364/864/2
f 2342/860/2 2362/866/2 2363/865/2
f 2343/867/2 2362/866/2 2342/860/2
f 2343/867/2 2361/868/2 2362/866/2
f 2343/867/2 2360/869/2 2361/868/2
f 2343/867/2 2359/870/2 2360/869/2
f 2343/867/2 2358/871/2 2359/870/2
f 2343/867/2 2357/872/2 2358/871/2
f 2343/867/2 2356/873/2 2357/872/2
f 2343/867/2 2355/874/2 2356/873/2
f 2344/875/2 2355/874/2 2343/867/2
f 2344/875/2 2354/876/2 2355/874/2
f 2344/875/2 2353/877/2 2354/876/2
f 2344/875/2 2352/878/2 2353/877/2
f 2344/875/2 2351/879/2 2352/878/2
f 2344/875/2 2350/880/2 2351/879/2
f 2344/875/2 2349/881/2 2350/880/2
f 2345/882/2 2349/881/2 2344/875/2
f 2345/882/2 2348/883/2 2349/881/2
f 2345/882/2 2347/884/2 2348/883/2
f 2345/882/2 2346/885/2 2347/884/2
f 2261/886/2 2259/888/2 2260/887/2
f 2261/886/2 2258/889/2 2259/888/2
f 2262/890/2 2258/889/2 2261/886/2
f 2262/890/2 2257/891/2 2258/889/2
f 2263/892/2 2257/891/2 2262/890/2
f 2263/892/2 2256/893/2 2257/891/2
f 2264/894/2 2256/893/2 2263/892/2
f 2264/894/2 2255/895/2 2256/893/2
f 2265/896/2 2255/895/2 2264/894/2
f 2265/896/2 2254/897/2 2255/895/2
f 2266/898/2 2254/897/2 2265/896/2
f 2266/898/2 2253/899/2 2254/897/2
f 2267/900/2 2253/899/2 2266/898/2
f 2267/900/2 2252/901/2 2253/899/2
f 2268/902/2 2252/901/2 2267/900/2
f 2268/902/2 2251/903/2 2252/901/2
f 2268/902/2 2250/904/2 2251/903/2
f 2269/905/2 2250/904/2 2268/902/2
f 2269/905/2 2249/906/2 2250/904/2
f 2270/907/2 2249/906/2 2269/905/2
f 2270/907/2 2248/908/2 2249/906/2
f 2271/909/2 2248/908/2 2270/907/2
f 2271/909/2 2247/910/2 2248/908/2
f 2272/911/2 2247/910/2 2271/909/2
f 2272/911/2 2246/912/2 2247/910/2
f 2273/913/2 2246/912/2 2272/911/2
f 2274/914/2 2246/912/2 2273/913/2
f 2275/915/2 2246/912/2 2274/914/2
f 2276/916/2 2246/912/2 2275/915/2
f 2277/917/2 2246/912/2 2276/916/2
f 2278/918/2 2246/912/2 2277/917/2
f 2279/919/2 2246/912/2 2278/918/2
f 2280/920/2 2246/912/2 2279/919/2
f 2281/921/2 2246/912/2 2280/920/2
f 2282/922/2 2246/912/2 2281/921/2
f 2283/923/2 2246/912/2 2282/922/2
f 2235/924/2 2233/926/2 2234/925/2
f 2236/927/2 2233/926/2 2235/924/2
f 2237/928/2 2233/926/2 2236/927/2
f 2238/929/2 2233/926/2 2237/928/2
f 2239/930/2 2233/926/2 2238/929/2
f 2240/931/2 2233/926/2 2239/930/2
f 2284/932/2 2246/912/2 2283/923/2
f 2241/933/2 2233/926/2 2240/931/2
f 2242/934/2 2233/926/2 2241/933/2
f 2243/935/2 2233/926/2 2242/934/2
f 2244/936/2 2233/926/2 2243/935/2
f 2158/937/2 2307/939/2 2157/938/2
f 2245/940/2 2233/926/2 2244/936/2
f 2158/937/2 2306/941/2 2307/939/2
f 2246/912/2 2233/926/2 2245/940/2
f 2284/932/2 2233/926/2 2246/912/2
f 2158/937/2 2305/942/2 2306/941/2
f 2158/937/2 2304/943/2 2305/942/2
f 2158/937/2 2303/944/2 2304/943/2
f 2158/937/2 2302/945/2 2303/944/2
f 2285/946/2 2233/926/2 2284/932/2
f 2158/937/2 2301/947/2 2302/945/2
f 2286/948/2 2233/926/2 2285/946/2
f 2287/949/2 2233/926/2 2286/948/2
f 2158/937/2 2300/950/2 2301/947/2
f 2288/951/2 2233/926/2 2287/949/2
f 2289/952/2 2233/926/2 2288/951/2
f 2158/937/2 2299/953/2 2300/950/2
f 2290/954/2 2233/926/2 2289/952/2
f 2291/955/2 2233/926/2 2290/954/2
f 2158/937/2 2298/956/2 2299/953/2
f 2292/957/2 2233/926/2 2291/955/2
f 2293/958/2 2233/926/2 2292/957/2
f 2158/937/2 2297/959/2 2298/956/2
f 2294/960/2 2233/926/2 2293/958/2
f 2295/961/2 2233/926/2 2294/960/2
f 2158/937/2 2296/962/2 2297/959/2
f 2296/962/2 2233/926/2 2295/961/2
f 2158/937/2 2233/926/2 2296/962/2
f 2158/937/2 2232/963/2 2233/926/2
f 2158/937/2 2231/964/2 2232/963/2
f 2158/937/2 2230/965/2 2231/964/2
f 2158/937/2 2229/966/2 2230/965/2
f 2158/937/2 2228/967/2 2229/966/2
f 2158/937/2 2227/968/2 2228/967/2
f 2158/937/2 2226/969/2 2227/968/2
f 2158/937/2 2225/970/2 2226/969/2
f 2158/937/2 2224/971/2 2225/970/2
f 2158/937/2 2223/972/2 2224/971/2
f 2158/937/2 2222/973/2 2223/972/2
f 2158/937/2 2221/974/2 2222/973/2
f 2158/937/2 2182/975/2 2221/974/2
f 2182/975/2 2220/976/2 2221/974/2
f 2159/977/2 2182/975/2 2158/937/2
f 2160/978/2 2182/975/2 2159/977/2
f 2161/979/2 2182/975/2 2160/978/2
f 2162/980/2 2182/975/2 2161/979/2
f 2163/981/2 2182/975/2 2162/980/2
f 2163/981/2 2181/982/2 2182/975/2
f 2183/983/2 2220/976/2 2182/975/2
f 2163/981/2 2180/984/2 2181/982/2
f 2164/985/2 2180/984/2 2163/981/2
f 2164/985/2 2179/986/2 2180/984/2
f 2165/987/2 2179/986/2 2164/985/2
f 2165/987/2 2178/988/2 2179/986/2
f 2166/989/2 2178/988/2 2165/987/2
f 2166/989/2 2177/990/2 2178/988/2
f 2166/989/2 2176/991/2 2177/990/2
f 2167/992/2 2176/991/2 2166/989/2
f 2167/992/2 2175/993/2 2176/991/2
f 2167/992/2 2174/994/2 2175/993/2
f 2168/995/2 2174/994/2 2167/992/2
f 2168/995/2 2173/996/2 2174/994/2
f 2169/997/2 2173/996/2 2168/995/2
f 2169/997/2 2172/998/2 2173/996/2
f 2169/997/2 2171/999/2 2172/998/2
f 2170/1000/2 2171/999/2 2169/997/2
f 2184/1001/2 2220/976/2 2183/983/2
f 2184/1001/2 2219/1002/2 2220/976/2
f 2185/1003/2 2219/1002/2 2184/1001/2
f 2185/1003/2 2218/1004/2 2219/1002/2
f 2186/1005/2 2218/1004/2 2185/1003/2
f 2186/1005/2 2217/1006/2 2218/1004/2
f 2187/1007/2 2217/1006/2 2186/1005/2
f 2187/1007/2 2216/1008/2 2217/1006/2
f 2188/1009/2 2216/1008/2 2187/1007/2
f 2189/1010/2 2216/1008/2 2188/1009/2
f 2189/1010/2 2215/1011/2 2216/1008/2
f 2190/1012/2 2215/1011/2 2189/1010/2
f 2190/1012/2 2214/1013/2 2215/1011/2
f 2191/1014/2 2214/1013/2 2190/1012/2
f 2192/1015/2 2214/1013/2 2191/1014/2
f 2192/1015/2 2213/1016/2 2214/1013/2
f 2193/1017/2 2213/1016/2 2192/1015/2
f 2193/1017/2 2212/1018/2 2213/1016/2
f 2194/1019/2 2212/1018/2 2193/1017/2
f 2195/1020/2 2212/1018/2 2194/1019/2
f 2195/1020/2 2211/1021/2 2212/1018/2
f 2196/1022/2 2211/1021/2 2195/1020/2
f 2197/1023/2 2211/1021/2 2196/1022/2
f 2198/1024/2 2211/1021/2 2197/1023/2
f 2198/1024/2 2210/1025/2 2211/1021/2
f 2199/1026/2 2210/1025/2 2198/1024/2
f 2200/1027/2 2210/1025/2 2199/1026/2
f 2201/1028/2 2210/1025/2 2200/1027/2
f 2202/1029/2 2210/1025/2 2201/1028/2
f 2203/1030/2 2210/1025/2 2202/1029/2
f 2204/1031/2 2210/1025/2 2203/1030/2
f 2205/1032/2 2210/1025/2 2204/1031/2
f 2205/1032/2 2209/1033/2 2210/1025/2
f 2206/1034/2 2209/1033/2 2205/1032/2
f 2207/1035/2 2209/1033/2 2206/1034/2
f 2208/1036/2 2209/1033/2 2207/1035/2
f 2446/1037/2 2470/1039/2 2445/1038/2
f 2446/1037/2 2469/1040/2 2470/1039/2
f 2446/1037/2 2468/1041/2 2469/1040/2
f 2447/1042/2 2468/1041/2 2446/1037/2
f 2447/1042/2 2467/1043/2 2468/1041/2
f 2448/1044/2 2467/1043/2 2447/1042/2
f 2420/1045/2 2444/1047/2 2419/1046/2
f 2449/1048/2 2467/1043/2 2448/1044/2
f 2449/1048/2 2466/1049/2 2467/1043/2
f 2420/1045/2 2443/1050/2 2444/1047/2
f 2472/1051/2 2617/1053/2 2471/1052/2
f 2450/1054/2 2466/1049/2 2449/1048/2
f 2450/1054/2 2465/1055/2 2466/1049/2
f 2420/1045/2 2442/1056/2 2443/1050/2
f 2421/1057/2 2442/1056/2 2420/1045/2
f 2451/1058/2 2465/1055/2 2450/1054/2
f 2451/1058/2 2464/1059/2 2465/1055/2
f 2421/1057/2 2441/1060/2 2442/1056/2
f 2422/1061/2 2441/1060/2 2421/1057/2
f 2452/1062/2 2464/1059/2 2451/1058/2
f 2472/1051/2 2616/1063/2 2617/1053/2
f 2452/1062/2 2463/1064/2 2464/1059/2
f 2422/1061/2 2440/1065/2 2441/1060/2
f 2473/1066/2 2616/1063/2 2472/1051/2
f 2423/1067/2 2440/1065/2 2422/1061/2
f 2453/1068/2 2463/1064/2 2452/1062/2
f 2453/1068/2 2462/1069/2 2463/1064/2
f 2423/1067/2 2439/1070/2 2440/1065/2
f 2424/1071/2 2439/1070/2 2423/1067/2
f 2454/1072/2 2462/1069/2 2453/1068/2
f 2454/1072/2 2461/1073/2 2462/1069/2
f 2473/1066/2 2615/1074/2 2616/1063/2
f 2425/1075/2 2439/1070/2 2424/1071/2
f 2425/1075/2 2438/1076/2 2439/1070/2
f 2474/1077/2 2615/1074/2 2473/1066/2
f 2455/1078/2 2461/1073/2 2454/1072/2
f 2455/1078/2 2460/1079/2 2461/1073/2
f 2426/1080/2 2438/1076/2 2425/1075/2
f 2426/1080/2 2437/1081/2 2438/1076/2
f 2456/1082/2 2460/1079/2 2455/1078/2
f 2456/1082/2 2459/1083/2 2460/1079/2
f 2427/1084/2 2437/1081/2 2426/1080/2
f 2474/1077/2 2614/1085/2 2615/1074/2
f 2427/1084/2 2436/1086/2 2437/1081/2
f 2456/1082/2 2457/1087/2 2459/1083/2
f 2457/1087/2 2458/1088/2 2459/1083/2
f 2475/1089/2 2614/1085/2 2474/1077/2
f 2428/1090/2 2436/1086/2 2427/1084/2
f 2428/1090/2 2435/1091/2 2436/1086/2
f 2428/1090/2 2434/1092/2 2435/1091/2
f 2429/1093/2 2434/1092/2 2428/1090/2
f 2475/1089/2 2613/1094/2 2614/1085/2
f 2476/1095/2 2613/1094/2 2475/1089/2
f 2429/1093/2 2433/1096/2 2434/1092/2
f 2430/1097/2 2433/1096/2 2429/1093/2
f 2583/1098/2 2581/1100/2 2582/1099/2
f 2584/1101/2 2581/1100/2 2583/1098/2
f 2430/1097/2 2431/1102/2 2433/1096/2
f 2431/1102/2 2432/1103/2 2433/1096/2
f 2585/1104/2 2581/1100/2 2584/1101/2
f 2586/1105/2 2581/1100/2 2585/1104/2
f 2476/1095/2 2612/1106/2 2613/1094/2
f 2587/1107/2 2581/1100/2 2586/1105/2
f 2588/1108/2 2581/1100/2 2587/1107/2
f 2477/1109/2 2612/1106/2 2476/1095/2
f 2589/1110/2 2581/1100/2 2588/1108/2
f 2590/1111/2 2581/1100/2 2589/1110/2
f 2591/1112/2 2581/1100/2 2590/1111/2
f 2592/1113/2 2581/1100/2 2591/1112/2
f 2477/1109/2 2611/1114/2 2612/1106/2
f 2593/1115/2 2581/1100/2 2592/1113/2
f 2594/1116/2 2581/1100/2 2593/1115/2
f 2595/1117/2 2581/1100/2 2594/1116/2
f 2478/1118/2 2611/1114/2 2477/1109/2
f 2596/1119/2 2581/1100/2 2595/1117/2
f 2478/1118/2 2610/1120/2 2611/1114/2
f 2597/1121/2 2581/1100/2 2596/1119/2
f 2598/1122/2 2581/1100/2 2597/1121/2
f 2598/1122/2 2580/1123/2 2581/1100/2
f 2479/1124/2 2610/1120/2 2478/1118/2
f 2598/1122/2 2579/1125/2 2580/1123/2
f 2598/1122/2 2578/1126/2 2579/1125/2
f 2599/1127/2 2578/1126/2 2598/1122/2
f 2599/1127/2 2577/1128/2 2578/1126/2
f 2599/1127/2 2576/1129/2 2577/1128/2
f 2479/1124/2 2609/1130/2 2610/1120/2
f 2599/1127/2 2575/1131/2 2576/1129/2
f 2600/1132/2 2575/1131/2 2599/1127/2
f 2600/1132/2 2574/1133/2 2575/1131/2
f 2600/1132/2 2573/1134/2 2574/1133/2
f 2600/1132/2 2572/1135/2 2573/1134/2
f 2480/1136/2 2609/1130/2 2479/1124/2
f 2601/1137/2 2572/1135/2 2600/1132/2
f 2601/1137/2 2571/1138/2 2572/1135/2
f 2601/1137/2 2570/1139/2 2571/1138/2
f 2601/1137/2 2569/1140/2 2570/1139/2
f 2480/1136/2 2608/1141/2 2609/1130/2
f 2602/1142/2 2569/1140/2 2601/1137/2
f 2602/1142/2 2568/1143/2 2569/1140/2
f 2602/1142/2 2567/1144/2 2568/1143/2
f 2603/1145/2 2567/1144/2 2602/1142/2
f 2481/1146/2 2608/1141/2 2480/1136/2
f 2481/1146/2 2607/1147/2 2608/1141/2
f 2603/1145/2 2566/1148/2 2567/1144/2
f 2604/1149/2 2566/1148/2 2603/1145/2
f 2604/1149/2 2565/1150/2 2566/1148/2
f 2605/1151/2 2565/1150/2 2604/1149/2
f 2482/1152/2 2607/1147/2 2481/1146/2
f 2482/1152/2 2606/1153/2 2607/1147/2
f 2605/1151/2 2564/1154/2 2565/1150/2
f 2606/1153/2 2564/1154/2 2605/1151/2
f 2606/1153/2 2563/1155/2 2564/1154/2
f 2483/1156/2 2606/1153/2 2482/1152/2
f 2483/1156/2 2563/1155/2 2606/1153/2
f 2483/1156/2 2562/1157/2 2563/1155/2
f 2483/1156/2 2561/1158/2 2562/1157/2
f 2484/1159/2 2561/1158/2 2483/1156/2
f 2484/1159/2 2560/1160/2 2561/1158/2
f 2485/1161/2 2560/1160/2 2484/1159/2
f 2485/1161/2 2559/1162/2 2560/1160/2
f 2485/1161/2 2558/1163/2 2559/1162/2
f 2486/1164/2 2558/1163/2 2485/1161/2
f 2486/1164/2 2557/1165/2 2558/1163/2
f 2487/1166/2 2557/1165/2 2486/1164/2
f 2487/1166/2 2556/1167/2 2557/1165/2
f 2488/1168/2 2556/1167/2 2487/1166/2
f 2488/1168/2 2555/1169/2 2556/1167/2
f 2489/1170/2 2555/1169/2 2488/1168/2
f 2489/1170/2 2554/1171/2 2555/1169/2
f 2489/1170/2 2553/1172/2 2554/1171/2
f 2490/1173/2 2553/1172/2 2489/1170/2
f 2490/1173/2 2552/1174/2 2553/1172/2
f 2491/1175/2 2552/1174/2 2490/1173/2
f 2491/1175/2 2551/1176/2 2552/1174/2
f 2492/1177/2 2551/1176/2 2491/1175/2
f 2492/1177/2 2550/1178/2 2551/1176/2
f 2492/1177/2 2549/1179/2 2550/1178/2
f 2493/1180/2 2549/1179/2 2492/1177/2
f 2493/1180/2 2548/1181/2 2549/1179/2
f 2494/1182/2 2548/1181/2 2493/1180/2
f 2494/1182/2 2547/1183/2 2548/1181/2
f 2495/1184/2 2547/1183/2 2494/1182/2
f 2495/1184/2 2546/1185/2 2547/1183/2
f 2495/1184/2 2545/1186/2 2546/1185/2
f 2496/1187/2 2545/1186/2 2495/1184/2
f 2496/1187/2 2544/1188/2 2545/1186/2
f 2497/1189/2 2544/1188/2 2496/1187/2
f 2497/1189/2 2543/1190/2 2544/1188/2
f 2497/1189/2 2542/1191/2 2543/1190/2
f 2498/1192/2 2542/1191/2 2497/1189/2
f 2498/1192/2 2541/1193/2 2542/1191/2
f 2498/1192/2 2540/1194/2 2541/1193/2
f 2499/1195/2 2540/1194/2 2498/1192/2
f 2499/1195/2 2539/1196/2 2540/1194/2
f 2499/1195/2 2538/1197/2 2539/1196/2
f 2522/1198/2 2520/1200/2 2521/1199/2
f 2500/1201/2 2538/1197/2 2499/1195/2
f 2523/1202/2 2520/1200/2 2522/1198/2
f 2500/1201/2 2537/1203/2 2538/1197/2
f 2524/1204/2 2520/1200/2 2523/1202/2
f 2525/1205/2 2520/1200/2 2524/1204/2
f 2500/1201/2 2536/1206/2 2537/1203/2
f 2526/1207/2 2520/1200/2 2525/1205/2
f 2527/1208/2 2520/1200/2 2526/1207/2
f 2528/1209/2 2520/1200/2 2527/1208/2
f 2500/1201/2 2535/1210/2 2536/1206/2
f 2529/1211/2 2520/1200/2 2528/1209/2
f 2501/1212/2 2535/1210/2 2500/1201/2
f 2530/1213/2 2520/1200/2 2529/1211/2
f 2501/1212/2 2534/1214/2 2535/1210/2
f 2531/1215/2 2520/1200/2 2530/1213/2
f 2532/1216/2 2520/1200/2 2531/1215/2
f 2501/1212/2 2533/1217/2 2534/1214/2
f 2533/1217/2 2520/1200/2 2532/1216/2
f 2501/1212/2 2520/1200/2 2533/1217/2
f 2502/1218/2 2520/1200/2 2501/1212/2
f 2503/1219/2 2520/1200/2 2502/1218/2
f 2504/1220/2 2520/1200/2 2503/1219/2
f 2504/1220/2 2519/1221/2 2520/1200/2
f 2504/1220/2 2518/1222/2 2519/1221/2
f 2505/1223/2 2518/1222/2 2504/1220/2
f 2505/1223/2 2517/1224/2 2518/1222/2
f 2505/1223/2 2516/1225/2 2517/1224/2
f 2505/1223/2 2515/1226/2 2516/1225/2
f 2506/1227/2 2515/1226/2 2505/1223/2
f 2506/1227/2 2514/1228/2 2515/1226/2
f 2506/1227/2 2513/1229/2 2514/1228/2
f 2506/1227/2 2512/1230/2 2513/1229/2
f 2507/1231/2 2512/1230/2 2506/1227/2
f 2507/1231/2 2511/1232/2 2512/1230/2
f 2507/1231/2 2510/1233/2 2511/1232/2
f 2508/1234/2 2510/1233/2 2507/1231/2
f 2508/1234/2 2509/1235/2 2510/1233/2
f 2619/1236/2 2764/1238/2 2618/1237/2
f 2619/1236/2 2763/1239/2 2764/1238/2
f 2620/1240/2 2763/1239/2 2619/1236/2
f 2620/1240/2 2762/1241/2 2763/1239/2
f 2621/1242/2 2762/1241/2 2620/1240/2
f 2621/1242/2 2761/1243/2 2762/1241/2
f 2622/1244/2 2761/1243/2 2621/1242/2
f 2622/1244/2 2760/1245/2 2761/1243/2
f 2730/1246/2 2728/1248/2 2729/1247/2
f 2731/1249/2 2728/1248/2 2730/1246/2
f 2623/1250/2 2760/1245/2 2622/1244/2
f 2732/1251/2 2728/1248/2 2731/1249/2
f 2733/1252/2 2728/1248/2 2732/1251/2
f 2734/1253/2 2728/1248/2 2733/1252/2
f 2735/1254/2 2728/1248/2 2734/1253/2
f 2736/1255/2 2728/1248/2 2735/1254/2
f 2623/1250/2 2759/1256/2 2760/1245/2
f 2737/1257/2 2728/1248/2 2736/1255/2
f 2738/1258/2 2728/1248/2 2737/1257/2
f 2624/1259/2 2759/1256/2 2623/1250/2
f 2739/1260/2 2728/1248/2 2738/1258/2
f 2740/1261/2 2728/1248/2 2739/1260/2
f 2741/1262/2 2728/1248/2 2740/1261/2
f 2742/1263/2 2728/1248/2 2741/1262/2
f 2624/1259/2 2758/1264/2 2759/1256/2
f 2743/1265/2 2728/1248/2 2742/1263/2
f 2625/1266/2 2758/1264/2 2624/1259/2
f 2744/1267/2 2728/1248/2 2743/1265/2
f 2744/1267/2 2727/1268/2 2728/1248/2
f 2745/1269/2 2727/1268/2 2744/1267/2
f 2745/1269/2 2726/1270/2 2727/1268/2
f 2625/1266/2 2757/1271/2 2758/1264/2
f 2745/1269/2 2725/1272/2 2726/1270/2
f 2745/1269/2 2724/1273/2 2725/1272/2
f 2746/1274/2 2724/1273/2 2745/1269/2
f 2746/1274/2 2723/1275/2 2724/1273/2
f 2626/1276/2 2757/1271/2 2625/1266/2
f 2746/1274/2 2722/1277/2 2723/1275/2
f 2746/1274/2 2721/1278/2 2722/1277/2
f 2746/1274/2 2720/1279/2 2721/1278/2
f 2747/1280/2 2720/1279/2 2746/1274/2
f 2747/1280/2 2719/1281/2 2720/1279/2
f 2626/1276/2 2756/1282/2 2757/1271/2
f 2747/1280/2 2718/1283/2 2719/1281/2
f 2747/1280/2 2717/1284/2 2718/1283/2
f 2748/1285/2 2717/1284/2 2747/1280/2
f 2748/1285/2 2716/1286/2 2717/1284/2
f 2748/1285/2 2715/1287/2 2716/1286/2
f 2627/1288/2 2756/1282/2 2626/1276/2
f 2749/1289/2 2715/1287/2 2748/1285/2
f 2749/1289/2 2714/1290/2 2715/1287/2
f 2627/1288/2 2755/1291/2 2756/1282/2
f 2750/1292/2 2714/1290/2 2749/1289/2
f 2750/1292/2 2713/1293/2 2714/1290/2
f 2628/1294/2 2755/1291/2 2627/1288/2
f 2750/1292/2 2712/1295/2 2713/1293/2
f 2628/1294/2 2754/1296/2 2755/1291/2
f 2751/1297/2 2712/1295/2 2750/1292/2
f 2751/1297/2 2711/1298/2 2712/1295/2
f 2752/1299/2 2711/1298/2 2751/1297/2
f 2629/1300/2 2754/1296/2 2628/1294/2
f 2629/1300/2 2753/1301/2 2754/1296/2
f 2752/1299/2 2710/1302/2 2711/1298/2
f 2753/1301/2 2710/1302/2 2752/1299/2
f 2753/1301/2 2709/1303/2 2710/1302/2
f 2629/1300/2 2709/1303/2 2753/1301/2
f 2630/1304/2 2709/1303/2 2629/1300/2
f 2630/1304/2 2708/1305/2 2709/1303/2
f 2631/1306/2 2708/1305/2 2630/1304/2
f 2631/1306/2 2707/1307/2 2708/1305/2
f 2631/1306/2 2706/1308/2 2707/1307/2
f 2632/1309/2 2706/1308/2 2631/1306/2
f 2632/1309/2 2705/1310/2 2706/1308/2
f 2633/1311/2 2705/1310/2 2632/1309/2
f 2633/1311/2 2704/1312/2 2705/1310/2
f 2634/1313/2 2704/1312/2 2633/1311/2
f 2634/1313/2 2703/1314/2 2704/1312/2
f 2635/1315/2 2703/1314/2 2634/1313/2
f 2635/1315/2 2702/1316/2 2703/1314/2
f 2636/1317/2 2702/1316/2 2635/1315/2
f 2636/1317/2 2701/1318/2 2702/1316/2
f 2636/1317/2 2700/1319/2 2701/1318/2
f 2637/1320/2 2700/1319/2 2636/1317/2
f 2637/1320/2 2699/1321/2 2700/1319/2
f 2638/1322/2 2699/1321/2 2637/1320/2
f 2638/1322/2 2698/1323/2 2699/1321/2
f 2639/1324/2 2698/1323/2 2638/1322/2
f 2639/1324/2 2697/1325/2 2698/1323/2
f 2639/1324/2 2696/1326/2 2697/1325/2
f 2640/1327/2 2696/1326/2 2639/1324/2
f 2640/1327/2 2695/1328/2 2696/1326/2
f 2641/1329/2 2695/1328/2 2640/1327/2
f 2641/1329/2 2694/1330/2 2695/1328/2
f 2642/1331/2 2694/1330/2 2641/1329/2
f 2642/1331/2 2693/1332/2 2694/1330/2
f 2642/1331/2 2692/1333/2 2693/1332/2
f 2643/1334/2 2692/1333/2 2642/1331/2
f 2643/1334/2 2691/1335/2 2692/1333/2
f 2644/1336/2 2691/1335/2 2643/1334/2
f 2644/1336/2 2690/1337/2 2691/1335/2
f 2644/1336/2 2689/1338/2 2690/1337/2
f 2645/1339/2 2689/1338/2 2644/1336/2
f 2645/1339/2 2688/1340/2 2689/1338/2
f 2645/1339/2 2687/1341/2 2688/1340/2
f 2646/1342/2 2687/1341/2 2645/1339/2
f 2646/1342/2 2686/1343/2 2687/1341/2
f 2646/1342/2 2685/1344/2 2686/1343/2
f 2669/1345/2 2667/1347/2 2668/1346/2
f 2647/1348/2 2685/1344/2 2646/1342/2
f 2670/1349/2 2667/1347/2 2669/1345/2
f 2647/1348/2 2684/1350/2 2685/1344/2
f 2671/1351/2 2667/1347/2 2670/1349/2
f 2672/1352/2 2667/1347/2 2671/1351/2
f 2647/1348/2 2683/1353/2 2684/1350/2
f 2673/1354/2 2667/1347/2 2672/1352/2
f 2674/1355/2 2667/1347/2 2673/1354/2
f 2675/1356/2 2667/1347/2 2674/1355/2
f 2647/1348/2 2682/1357/2 2683/1353/2
f 2676/1358/2 2667/1347/2 2675/1356/2
f 2648/1359/2 2682/1357/2 2647/1348/2
f 2677/1360/2 2667/1347/2 2676/1358/2
f 2648/1359/2 2681/1361/2 2682/1357/2
f 2678/1362/2 2667/1347/2 2677/1360/2
f 2679/1363/2 2667/1347/2 2678/1362/2
f 2648/1359/2 2680/1364/2 2681/1361/2
f 2680/1364/2 2667/1347/2 2679/1363/2
f 2648/1359/2 2667/1347/2 2680/1364/2
f 2649/1365/2 2667/1347/2 2648/1359/2
f 2650/1366/2 2667/1347/2 2649/1365/2
f 2651/1367/2 2667/1347/2 2650/1366/2
f 2651/1367/2 2666/1368/2 2667/1347/2
f 2651/1367/2 2665/1369/2 2666/1368/2
f 2652/1370/2 2665/1369/2 2651/1367/2
f 2652/1370/2 2664/1371/2 2665/1369/2
f 2652/1370/2 2663/1372/2 2664/1371/2
f 2652/1370/2 2662/1373/2 2663/1372/2
f 2653/1374/2 2662/1373/2 2652/1370/2
f 2653/1374/2 2661/1375/2 2662/1373/2
f 2653/1374/2 2660/1376/2 2661/1375/2
f 2653/1374/2 2659/1377/2 2660/1376/2
f 2654/1378/2 2659/1377/2 2653/1374/2
f 2654/1378/2 2658/1379/2 2659/1377/2
f 2654/1378/2 2657/1380/2 2658/1379/2
f 2655/1381/2 2657/1380/2 2654/1378/2
f 2655/1381/2 2656/1382/2 2657/1380/2
f 1018/816/3 2399/818/3 1017/818/3
f 318/307/4 1699/313/4 317/313/4
f 1155/1203/5 2536/1206/5 1154/1206/5
f 457/448/6 1838/449/6 456/449/6
f 1382/1238/7 2763/1239/7 1381/1239/7
f 1252/1313/8 2633/1311/8 1251/1311/8
f 1002/822/9 2383/823/9 1001/823/9
f 1238/1240/10 2619/1236/10 1237/1236/10
f 1316/1323/11 2697/1325/11 1315/1325/11
f 208/206/12 1589/208/12 207/208/12
f 433/456/13 1814/447/13 432/447/13
f 1350/1251/14 2731/1249/14 1349/1249/14
f 374/325/15 1755/335/15 373/335/15
f 481/460/16 1862/465/16 480/465/16
f 1358/1261/17 2739/1260/17 1357/1260/17
f 954/838/18 2335/832/18 953/832/18
f 1147/1211/19 2528/1209/19 1146/1209/19
f 1260/1331/20 2641/1329/20 1259/1329/20
f 1010/842/21 2391/840/21 1009/840/21
f 1342/1273/22 2723/1275/22 1341/1275/22
f 1308/1337/23 2689/1338/23 1307/1338/23
f 240/220/24 1621/216/24 239/216/24
f 334/338/25 1715/331/25 333/331/25
f 1366/1285/26 2747/1280/26 1365/1280/26
f 1292/1355/27 2673/1354/27 1291/1354/27
f 994/846/28 2375/849/28 993/849/28
f 248/223/29 1629/224/29 247/224/29
f 286/341/30 1667/336/30 285/336/30
f 1300/1357/31 2681/1361/31 1299/1361/31
f 986/859/32 2367/861/32 985/861/32
f 256/231/33 1637/232/33 255/232/33
f 422/337/34 1803/342/34 421/342/34
f 465/474/35 1846/470/35 464/470/35
f 1334/1286/36 2715/1287/36 1333/1287/36
f 1268/1366/37 2649/1365/37 1267/1365/37
f 200/237/38 1581/238/38 199/238/38
f 310/355/39 1691/361/39 309/361/39
f 1284/1368/40 2665/1369/40 1283/1369/40
f 398/363/41 1779/357/41 397/357/41
f 673/484/42 2054/467/42 672/467/42
f 1276/1379/43 2657/1380/43 1275/1380/43
f 272/244/44 1653/243/44 271/243/44
f 449/480/45 1830/485/45 448/485/45
f 1374/1282/46 2755/1291/46 1373/1291/46
f 978/869/47 2359/870/47 977/870/47
f 271/243/38 1656/249/38 274/249/38
f 1123/1223/48 2504/1220/48 1122/1220/48
f 1246/1294/49 2627/1288/49 1245/1288/49
f 53/2/50 1434/3/50 52/3/50
f 294/379/51 1675/374/51 293/374/51
f 1131/1229/52 2512/1230/52 1130/1230/52
f 1326/1305/53 2707/1307/53 1325/1307/53
f 29/14/54 1410/12/54 28/12/54
f 264/253/44 1645/252/44 263/252/44
f 1379/1243/55 2760/1245/55 1378/1245/55
f 263/252/38 1648/257/38 266/257/38
f 441/494/10 1822/488/10 440/488/10
f 21/15/56 1402/17/56 20/17/56
f 184/263/33 1565/264/33 183/264/33
f 342/389/57 1723/382/57 341/382/57
f 1347/1247/58 2728/1248/58 1346/1248/58
f 713/492/59 2094/500/59 712/500/59
f 1254/1317/60 2635/1315/60 1253/1315/60
f 962/875/61 2343/867/61 961/867/61
f 192/269/38 1573/270/38 191/270/38
f 473/501/62 1854/506/62 472/506/62
f 1318/1319/63 2699/1321/63 1317/1321/63
f 37/31/64 1418/28/64 36/28/64
f 970/878/65 2351/879/65 969/879/65
f 302/388/66 1683/392/66 301/392/66
f 882/894/67 2263/892/67 881/892/67
f 384/276/68 1765/277/68 383/277/68
f 414/390/69 1795/399/69 413/399/69
f 601/438/50 1982/439/50 600/439/50
f 13/30/70 1394/33/70 12/33/70
f 366/398/71 1747/404/71 365/404/71
f 1310/1333/72 2691/1335/72 1309/1335/72
f 45/46/73 1426/45/73 44/45/73
f 874/893/74 2255/895/74 873/895/74
f 1262/1336/75 2643/1334/75 1261/1334/75
f 5/47/76 1386/49/76 4/49/76
f 320/298/77 1701/302/77 319/302/77
f 406/411/78 1787/407/78 405/407/78
f 1355/1257/79 2736/1255/79 1354/1255/79
f 593/526/80 1974/528/80 592/528/80
f 1286/1346/38 2667/1347/38 1285/1347/38
f 866/908/81 2247/910/81 865/910/81
f 609/529/82 1990/520/82 608/520/82
f 890/911/83 2271/909/83 889/909/83
f 328/306/84 1709/300/84 327/300/84
f 350/415/85 1731/414/85 349/414/85
f 665/539/86 2046/544/86 664/544/86
f 85/61/87 1466/59/87 84/59/87
f 898/920/88 2279/919/88 897/919/88
f 358/426/89 1739/425/89 357/425/89
f 649/551/90 2030/547/90 648/547/90
f 1302/1350/5 2683/1353/5 1301/1353/5
f 173/68/91 1554/70/91 172/70/91
f 858/931/92 2239/930/92 857/930/92
f 392/312/93 1773/304/93 391/304/93
f 670/432/94 2051/433/94 669/433/94
f 922/943/95 2303/944/95 921/944/95
f 280/314/96 1661/310/96 279/310/96
f 669/433/97 2102/434/97 720/434/97
f 93/76/98 1474/75/98 92/75/98
f 906/951/99 2287/949/99 905/949/99
f 376/308/100 1757/317/100 375/317/100
f 617/562/101 1998/558/101 616/558/101
f 165/84/102 1546/86/102 164/86/102
f 914/962/103 2295/961/103 913/961/103
f 424/329/104 1805/334/104 423/334/104
f 598/441/38 1979/442/38 597/442/38
f 1294/1358/19 2675/1356/19 1293/1356/19
f 850/963/105 2231/964/105 849/964/105
f 585/559/106 1966/563/106 584/563/106
f 842/971/107 2223/972/107 841/972/107
f 1243/1266/108 2624/1259/108 1242/1259/108
f 462/458/109 1843/454/109 461/454/109
f 101/94/88 1482/91/88 100/91/88
f 778/978/110 2159/977/110 777/977/110
f 288/348/111 1669/344/111 287/344/111
f 718/453/112 2099/461/112 717/461/112
f 1363/1269/113 2744/1267/113 1362/1267/113
f 157/99/114 1538/101/114 156/101/114
f 336/351/115 1717/345/115 335/345/115
f 454/457/116 1835/462/116 453/462/116
f 705/517/117 2086/571/117 704/571/117
f 1339/1278/118 2720/1279/118 1338/1279/118
f 657/575/119 2038/578/119 656/578/119
f 133/113/120 1514/108/120 132/108/120
f 312/346/121 1693/352/121 311/352/121
f 794/991/122 2175/993/122 793/993/122
f 400/377/123 1781/371/123 399/371/123
f 438/478/124 1819/473/124 437/473/124
f 109/116/125 1490/112/125 108/112/125
f 416/372/126 1797/380/126 415/380/126
f 478/476/127 1859/481/127 477/481/127
f 1331/1293/128 2712/1295/128 1330/1295/128
f 681/587/129 2062/570/129 680/570/129
f 1270/1370/130 2651/1367/130 1269/1367/130
f 149/121/131 1530/125/131 148/125/131
f 786/995/132 2167/992/132 785/992/132
f 697/601/133 2078/603/133 696/603/133
f 1278/1376/134 2659/1377/134 1277/1377/134
f 141/135/135 1522/132/135 140/132/135
f 802/1001/136 2183/983/136 801/983/136
f 1371/1301/137 2752/1299/137 1370/1299/137
f 125/140/138 1506/142/138 124/142/138
f 834/1008/139 2215/1011/139 833/1011/139
f 304/381/140 1685/385/140 303/385/140
f 446/493/141 1827/497/141 445/497/141
f 689/605/142 2070/604/142 688/604/142
f 23/11/143 1404/13/143 22/13/143
f 368/375/144 1749/386/144 367/386/144
f 470/499/145 1851/495/145 469/495/145
f 810/1015/146 2191/1014/146 809/1014/146
f 296/387/147 1677/383/147 295/383/147
f 606/510/33 1987/511/33 605/511/33
f 1251/1311/148 2632/1309/148 1250/1309/148
f 625/613/50 2006/598/50 624/598/50
f 31/18/149 1412/16/149 30/16/149
f 117/150/150 1498/148/150 116/148/150
f 1323/1310/151 2704/1312/151 1322/1312/151
f 818/1027/152 2199/1026/152 817/1026/152
f 710/508/153 2091/514/153 709/514/153
f 1315/1325/154 2696/1326/154 1314/1326/154
f 577/600/50 1958/614/50 576/614/50
f 15/27/155 1396/29/155 14/29/155
f 344/401/156 1725/397/156 343/397/156
f 39/35/157 1420/32/157 38/32/157
f 77/161/158 1458/163/158 76/163/158
f 826/1036/159 2207/1035/159 825/1035/159
f 646/538/160 2027/534/160 645/534/160
f 569/626/161 1950/628/161 568/628/161
f 61/164/162 1442/162/162 60/162/162
f 678/541/163 2059/527/163 677/527/163
f 1259/1329/164 2640/1327/164 1258/1327/164
f 633/629/165 2014/627/165 632/627/165
f 7/42/166 1388/44/166 6/44/166
f 69/177/167 1450/178/167 68/178/167
f 352/419/168 1733/418/168 351/418/168
f 1307/1338/169 2688/1340/169 1306/1340/169
f 221/184/170 1602/183/170 220/183/170
f 1066/1044/171 2447/1042/171 1065/1042/171
f 408/424/172 1789/417/172 407/417/172
f 590/537/173 1971/542/173 589/542/173
f 1291/1354/174 2672/1352/174 1290/1352/174
f 561/642/50 1942/646/50 560/646/50
f 229/192/175 1610/191/175 228/191/175
f 1090/1051/176 2471/1052/176 1089/1052/176
f 47/50/177 1428/48/177 46/48/177
f 1089/1052/178 2617/1053/178 1235/1053/178
f 360/428/179 1741/427/179 359/427/179
f 213/198/180 1594/200/180 212/200/180
f 1082/1059/181 2463/1064/181 1081/1064/181
f 600/439/33 1981/440/33 599/440/33
f 489/655/182 1870/652/182 488/652/182
f 720/434/183 2101/443/183 719/443/183
f 614/549/184 1995/545/184 613/545/184
f 1299/1361/185 2680/1364/185 1298/1364/185
f 521/656/186 1902/660/186 520/660/186
f 87/65/187 1468/63/187 86/63/187
f 237/210/188 1618/207/188 236/207/188
f 456/449/189 1837/451/189 455/451/189
f 662/552/190 2043/556/190 661/556/190
f 553/665/191 1934/669/191 552/669/191
f 175/64/192 1556/66/192 174/66/192
f 1058/1065/193 2439/1070/193 1057/1070/193
f 654/576/194 2035/569/194 653/569/194
f 1267/1365/195 2648/1359/195 1266/1359/195
f 205/211/196 1586/212/196 204/212/196
f 1042/1071/197 2423/1067/197 1041/1067/197
f 1283/1369/198 2664/1371/198 1282/1371/198
f 1234/1063/199 2615/1074/199 1233/1074/199
f 582/574/200 1963/579/200 581/579/200
f 1275/1380/201 2656/1382/201 1274/1382/201
f 95/80/202 1476/78/202 94/78/202
f 497/684/203 1878/680/203 496/680/203
f 167/81/204 1548/82/204 166/82/204
f 253/214/205 1634/217/205 252/217/205
f 622/582/33 2003/583/33 621/583/33
f 52/3/206 1433/4/206 51/4/206
f 245/227/207 1626/228/207 244/228/207
f 1074/1082/208 2455/1078/208 1073/1078/208
f 672/467/209 2053/452/209 671/452/209
f 28/12/210 1409/10/210 27/10/210
f 1202/1101/211 2583/1098/211 1201/1098/211
f 464/470/212 1845/463/212 463/463/212
f 702/586/213 2083/588/213 701/588/213
f 529/687/214 1910/682/214 528/682/214
f 159/95/215 1540/97/215 158/97/215
f 480/465/216 1861/471/216 479/471/216
f 20/17/217 1401/19/217 19/19/217
f 545/690/218 1926/691/218 544/691/218
f 103/98/219 1484/96/219 102/96/219
f 1050/1103/220 2431/1102/220 1049/1102/220
f 686/596/221 2067/595/221 685/595/221
f 513/695/222 1894/703/222 512/703/222
f 151/114/223 1532/118/223 150/118/223
f 269/248/33 1650/247/33 268/247/33
f 1210/1113/224 2591/1112/224 1209/1112/224
f 694/608/225 2075/611/225 693/611/225
f 36/28/226 1417/26/226 35/26/226
f 135/119/227 1516/115/227 134/115/227
f 440/488/228 1821/483/228 439/483/228
f 505/707/229 1886/705/229 504/705/229
f 448/485/230 1829/489/230 447/489/230
f 574/618/38 1955/619/38 573/619/38
f 12/33/231 1393/34/231 11/34/231
f 537/712/232 1918/715/232 536/715/232
f 261/256/33 1642/255/33 260/255/33
f 1194/1129/233 2575/1131/233 1193/1131/233
f 472/506/234 1853/505/234 471/505/234
f 630/622/235 2011/620/235 629/620/235
f 44/45/236 1425/43/236 43/43/236
f 745/728/237 2126/729/237 744/729/237
f 111/129/238 1492/122/238 110/122/238
f 1218/1132/239 2599/1127/239 1217/1127/239
f 712/500/240 2093/507/240 711/507/240
f 608/520/241 1989/519/241 607/519/241
f 566/632/242 1947/634/242 565/634/242
f 4/49/243 1385/51/243 3/51/243
f 753/742/244 2134/740/244 752/740/244
f 127/127/245 1508/133/245 126/133/245
f 1098/1136/246 2479/1124/246 1097/1124/246
f 638/639/247 2019/637/247 637/637/247
f 737/743/248 2118/745/248 736/745/248
f 181/259/44 1562/239/44 180/239/44
f 1186/1143/249 2567/1144/249 1185/1144/249
f 592/528/250 1973/532/250 591/532/250
f 84/59/251 1465/55/251 83/55/251
f 143/139/252 1524/138/252 142/138/252
f 197/245/44 1578/261/44 196/261/44
f 172/70/253 1553/72/253 171/72/253
f 761/759/254 2142/757/254 760/757/254
f 1226/1141/255 2607/1147/255 1225/1147/255
f 648/547/256 2029/543/256 647/543/256
f 119/151/257 1500/152/257 118/152/257
f 1178/1160/258 2559/1162/258 1177/1162/258
f 664/544/259 2045/548/259 663/548/259
f 729/758/260 2110/760/260 728/760/260
f 79/157/261 1460/159/261 78/159/261
f 189/274/44 1570/271/44 188/271/44
f 486/648/44 1867/644/44 485/644/44
f 92/75/262 1473/73/262 91/73/262
f 558/650/263 1939/651/263 557/651/263
f 164/86/264 1545/88/264 163/88/264
f 929/778/265 2310/775/265 928/775/265
f 381/280/266 1762/282/266 380/282/266
f 1106/1168/267 2487/1166/267 1105/1166/267
f 1033/785/268 2414/787/268 1032/787/268
f 63/168/269 1444/166/269 62/166/269
f 1170/1174/270 2551/1176/270 1169/1176/270
f 616/558/271 1997/553/271 615/553/271
f 71/173/272 1452/175/272 70/175/272
f 389/285/273 1770/283/273 388/283/273
f 100/91/274 1481/89/274 99/89/274
f 223/186/275 1604/185/275 222/185/275
f 584/563/276 1965/567/276 583/567/276
f 526/671/277 1907/667/277 525/667/277
f 156/101/278 1537/103/278 155/103/278
f 937/794/279 2318/792/279 936/792/279
f 231/194/280 1612/193/280 230/193/280
f 1025/801/281 2406/802/281 1024/802/281
f 1114/1187/282 2495/1184/282 1113/1184/282
f 680/570/283 2061/557/283 679/557/283
f 518/668/284 1899/673/284 517/673/284
f 215/195/285 1596/197/285 214/197/285
f 325/293/286 1706/289/286 324/289/286
f 1162/1188/287 2543/1190/287 1161/1190/287
f 704/571/288 2085/581/288 703/581/288
f 494/674/289 1875/670/289 493/670/289
f 132/108/290 1513/109/290 131/109/290
f 1146/1209/291 2527/1208/291 1145/1208/291
f 656/578/50 2037/580/50 655/580/50
f 550/675/292 1931/679/292 549/679/292
f 945/810/293 2326/808/293 944/808/293
f 207/208/294 1588/209/294 206/209/294
f 277/299/295 1658/291/295 276/291/295
f 1154/1206/296 2535/1210/296 1153/1210/296
f 624/598/33 2005/597/33 623/597/33
f 108/112/297 1489/106/297 107/106/297
f 1017/818/298 2398/820/298 1016/820/298
f 429/303/299 1810/311/299 428/311/299
f 542/697/300 1923/699/300 541/699/300
f 148/125/301 1529/128/301 147/128/301
f 1122/1220/302 2503/1219/302 1121/1219/302
f 502/700/303 1883/698/303 501/698/303
f 140/132/304 1521/130/304 139/130/304
f 1001/823/305 2382/824/305 1000/824/305
f 239/216/306 1620/213/306 238/213/306
f 317/313/307 1698/321/307 316/321/307
f 1138/1200/308 2519/1221/308 1137/1221/308
f 688/604/309 2069/602/309 687/602/309
f 124/142/310 1505/144/310 123/144/310
f 247/224/311 1628/225/311 246/225/311
f 1130/1230/312 2511/1232/312 1129/1232/312
f 696/603/313 2077/606/313 695/606/313
f 255/232/50 1636/218/50 254/218/50
f 333/331/314 1714/326/314 332/326/314
f 1354/1255/315 2735/1254/315 1353/1254/315
f 576/614/38 1957/615/38 575/615/38
f 510/718/316 1891/717/316 509/717/316
f 116/148/317 1497/146/317 115/146/317
f 953/832/318 2334/826/318 952/826/318
f 199/238/50 1580/242/50 198/242/50
f 1378/1245/319 2759/1256/319 1377/1256/319
f 632/627/320 2013/625/320 631/625/320
f 534/720/321 1915/714/321 533/714/321
f 1009/840/322 2390/837/322 1008/837/322
f 285/336/323 1666/332/323 284/332/323
f 1242/1259/324 2623/1250/324 1241/1250/324
f 774/721/325 2155/722/325 773/722/325
f 60/162/326 1441/160/326 59/160/326
f 993/849/327 2374/850/327 992/850/327
f 373/335/328 1754/343/328 372/343/328
f 1362/1267/329 2743/1265/329 1361/1265/329
f 568/628/330 1949/630/330 567/630/330
f 76/163/331 1457/165/331 75/165/331
f 421/342/332 1802/347/332 420/347/332
f 742/733/333 2123/735/333 741/735/333
f 397/357/334 1778/349/334 396/349/334
f 1346/1248/335 2727/1268/335 1345/1268/335
f 640/643/336 2021/641/336 639/641/336
f 750/736/337 2131/734/337 749/734/337
f 560/646/38 1941/647/38 559/647/38
f 68/178/338 1449/176/338 67/176/338
f 985/861/339 2366/862/339 984/862/339
f 183/264/50 1564/260/50 182/260/50
f 309/361/340 1690/365/340 308/365/340
f 220/183/341 1601/182/341 219/182/341
f 191/270/50 1572/273/50 190/273/50
f 1338/1279/342 2719/1281/342 1337/1281/342
f 734/749/343 2115/750/343 733/750/343
f 228/191/344 1609/190/344 227/190/344
f 488/652/345 1869/649/345 487/649/345
f 383/277/346 1764/278/346 382/278/346
f 293/374/347 1674/370/347 292/370/347
f 1330/1295/348 2711/1298/348 1329/1298/348
f 520/660/349 1901/664/349 519/664/349
f 758/752/350 2139/751/350 757/751/350
f 212/200/351 1593/202/351 211/202/351
f 1370/1299/352 2751/1297/352 1369/1297/352
f 552/669/353 1933/672/353 551/672/353
f 236/207/354 1617/204/354 235/204/354
f 961/867/355 2342/860/355 960/860/355
f 341/382/356 1722/376/356 340/376/356
f 977/870/357 2358/871/357 976/871/357
f 431/288/358 1812/297/358 430/297/358
f 726/764/359 2107/767/359 725/767/359
f 204/212/38 1585/215/38 203/215/38
f 969/879/360 2350/880/360 968/880/360
f 327/300/361 1708/296/361 326/296/361
f 301/392/362 1682/394/362 300/394/362
f 766/768/363 2147/766/363 765/766/363
f 881/892/364 2262/890/364 880/890/364
f 391/304/365 1772/295/365 390/295/365
f 252/217/366 1633/219/366 251/219/366
f 413/399/367 1794/402/367 412/402/367
f 1250/1309/368 2631/1306/368 1249/1306/368
f 496/680/369 1877/676/369 495/676/369
f 244/228/370 1625/229/370 243/229/370
f 873/895/371 2254/897/371 872/897/371
f 1322/1312/372 2703/1314/372 1321/1314/372
f 319/302/373 1700/307/373 318/307/373
f 528/682/374 1909/677/374 527/677/374
f 934/788/375 2315/786/375 933/786/375
f 180/239/33 1561/240/33 179/240/33
f 889/909/376 2270/907/376 888/907/376
f 279/310/377 1660/305/377 278/305/377
f 405/407/378 1786/403/378 404/403/378
f 544/691/379 1925/693/379 543/693/379
f 1030/791/380 2411/793/380 1029/793/380
f 365/404/381 1746/412/381 364/412/381
f 179/240/50 1640/236/50 258/236/50
f 865/910/382 2246/912/382 864/912/382
f 375/317/383 1756/325/383 374/325/383
f 1258/1327/384 2639/1324/384 1257/1324/384
f 504/705/385 1885/704/385 503/704/385
f 423/334/386 1804/337/386 422/337/386
f 349/414/387 1730/413/387 348/413/387
f 1314/1326/388 2695/1328/388 1313/1328/388
f 512/703/389 1893/710/389 511/710/389
f 942/805/390 2323/803/390 941/803/390
f 267/241/38 1652/246/38 270/246/38
f 1306/1340/391 2687/1341/391 1305/1341/391
f 536/715/392 1917/719/392 535/719/392
f 1022/807/393 2403/809/393 1021/809/393
f 268/247/44 1649/241/44 267/241/44
f 357/425/394 1738/423/394 356/423/394
f 744/729/395 2125/731/395 743/731/395
f 461/454/396 1842/450/396 460/450/396
f 1290/1352/397 2671/1351/397 1289/1351/397
f 950/819/398 2331/817/398 949/817/398
f 287/344/399 1668/341/399 286/341/399
f 453/462/400 1834/466/400 452/466/400
f 752/740/401 2133/738/401 751/738/401
f 1006/833/402 2387/830/402 1005/830/402
f 897/919/403 2278/918/403 896/918/403
f 335/345/404 1716/338/404 334/338/404
f 717/461/405 2098/468/405 716/468/405
f 1266/1359/406 2647/1348/406 1265/1348/406
f 736/745/407 2117/747/407 735/747/407
f 998/831/408 2379/834/408 997/834/408
f 259/251/38 1644/254/38 262/254/38
f 311/352/409 1692/355/409 310/355/409
f 1298/1364/410 2679/1363/410 1297/1363/410
f 260/255/44 1641/251/44 259/251/44
f 437/473/411 1818/469/411 436/469/411
f 1282/1371/412 2663/1372/412 1281/1372/412
f 760/757/413 2141/755/413 759/755/413
f 196/261/38 1577/262/38 195/262/38
f 399/371/414 1780/363/414 398/363/414
f 477/481/415 1858/487/415 476/487/415
f 1014/836/416 2395/843/416 1013/843/416
f 188/271/33 1569/272/33 187/272/33
f 1274/1382/417 2655/1381/417 1273/1381/417
f 728/760/418 2109/762/418 727/762/418
f 388/283/419 1769/281/419 387/281/419
f 857/930/420 2238/929/420 856/929/420
f 51/4/421 1432/6/421 50/6/421
f 295/383/422 1676/379/422 294/379/422
f 469/495/423 1850/490/423 468/490/423
f 27/10/424 1408/7/424 26/7/424
f 768/772/425 2149/770/425 767/770/425
f 958/853/426 2339/851/426 957/851/426
f 380/282/427 1761/284/427 379/284/427
f 445/497/428 1826/504/428 444/504/428
f 928/775/429 2309/776/429 927/776/429
f 990/854/430 2371/855/430 989/855/430
f 303/385/431 1684/388/431 302/388/431
f 19/19/432 1400/21/432 18/21/432
f 1032/787/433 2413/789/433 1031/789/433
f 982/864/434 2363/865/434 981/865/434
f 605/511/50 1986/435/50 604/435/50
f 974/873/435 2355/874/435 973/874/435
f 415/380/436 1796/390/436 414/390/436
f 35/26/437 1416/24/437 34/24/437
f 966/883/438 2347/884/438 965/884/438
f 343/397/439 1724/389/439 342/389/439
f 597/442/50 1978/512/50 596/512/50
f 936/792/440 2317/790/440 935/790/440
f 367/386/441 1748/398/441 366/398/441
f 709/514/442 2090/515/442 708/515/442
f 11/34/443 1392/36/443 10/36/443
f 1024/802/444 2405/804/444 1023/804/444
f 878/887/50 2259/888/50 877/888/50
f 921/944/445 2302/945/445 920/945/445
f 886/902/446 2267/900/446 885/900/446
f 323/287/447 1813/288/447 431/288/447
f 43/43/448 1424/41/448 42/41/448
f 324/289/449 1705/287/449 323/287/449
f 905/949/450 2286/948/450 904/948/450
f 677/527/451 2058/516/451 676/516/451
f 944/808/452 2325/806/452 943/806/452
f 870/901/453 2251/903/453 869/903/453
f 275/286/454 1704/290/454 322/290/454
f 407/417/455 1788/411/455 406/411/455
f 645/534/456 2026/530/456 644/530/456
f 3/51/457 1384/53/457 2/53/457
f 894/916/458 2275/915/458 893/915/458
f 276/291/459 1657/286/459 275/286/459
f 351/418/460 1732/415/460 350/415/460
f 83/55/461 1464/56/461 82/56/461
f 952/826/462 2333/821/462 951/821/462
f 854/927/463 2235/924/463 853/924/463
f 428/311/464 1809/316/464 427/316/464
f 1016/820/465 2397/827/465 1015/827/465
f 902/932/466 2283/923/466 901/923/466
f 359/427/467 1740/426/467 358/426/467
f 613/545/468 1994/540/468 612/540/468
f 862/936/469 2243/935/469 861/935/469
f 913/961/470 2294/960/470 912/960/470
f 91/73/471 1472/71/471 90/71/471
f 1000/824/472 2381/829/472 999/829/472
f 918/950/473 2299/953/473 917/953/473
f 332/326/474 1713/320/474 331/320/474
f 589/542/475 1970/546/475 588/546/475
f 171/72/476 1552/74/476 170/74/476
f 910/957/477 2291/955/477 909/955/477
f 599/440/50 1980/441/50 598/441/50
f 1008/837/478 2389/835/478 1007/835/478
f 846/967/479 2227/968/479 845/968/479
f 316/321/480 1697/327/480 315/327/480
f 661/556/481 2042/560/481 660/560/481
f 992/850/482 2373/852/482 991/852/482
f 671/452/483 2052/432/483 670/432/483
f 653/569/484 2034/565/484 652/565/484
f 99/89/485 1480/87/485 98/87/485
f 719/443/486 2100/453/486 718/453/486
f 163/88/487 1544/90/487 162/90/487
f 849/964/488 2230/965/488 848/965/488
f 455/451/489 1836/457/489 454/457/489
f 782/985/490 2163/981/490 781/981/490
f 284/332/491 1665/328/491 283/328/491
f 798/984/311 2179/986/311 797/986/311
f 396/349/492 1777/340/492 395/340/492
f 621/583/50 2002/577/50 620/577/50
f 155/103/493 1536/105/493 154/105/493
f 960/860/494 2341/856/494 959/856/494
f 790/998/495 2171/999/495 789/999/495
f 420/347/496 1801/350/496 419/350/496
f 463/463/497 1844/458/497 462/458/497
f 107/106/498 1488/104/498 106/104/498
f 984/862/499 2365/863/499 983/863/499
f 838/976/500 2219/1002/500 837/1002/500
f 372/343/501 1753/353/501 371/353/501
f 479/471/502 1860/476/502 478/476/502
f 581/579/50 1962/584/50 580/584/50
f 976/871/503 2357/872/503 975/872/503
f 701/588/504 2082/589/504 700/589/504
f 131/109/505 1512/110/505 130/110/505
f 968/880/506 2349/881/506 967/881/506
f 880/890/507 2261/886/507 879/886/507
f 806/1009/508 2187/1007/508 805/1007/508
f 439/483/509 1820/478/509 438/478/509
f 447/489/510 1828/493/510 446/493/510
f 685/595/511 2066/593/511 684/593/511
f 139/130/512 1520/126/512 138/126/512
f 872/897/513 2253/899/513 871/899/513
f 308/365/514 1689/369/514 307/369/514
f 841/972/515 2222/973/515 840/973/515
f 147/128/516 1528/131/516 146/131/516
f 830/1018/517 2211/1021/517 829/1021/517
f 292/370/518 1673/364/518 291/364/518
f 693/611/519 2074/610/519 692/610/519
f 888/907/520 2269/905/520 887/905/520
f 814/1022/521 2195/1020/521 813/1020/521
f 471/505/522 1852/499/522 470/499/522
f 629/620/523 2010/617/523 628/617/523
f 896/918/524 2277/917/524 895/917/524
f 711/507/525 2092/508/525 710/508/525
f 856/929/526 2237/928/526 855/928/526
f 822/1031/527 2203/1030/527 821/1030/527
f 340/376/528 1721/368/528 339/368/528
f 607/519/44 1988/510/44 606/510/44
f 573/619/529 1954/621/529 572/621/529
f 123/144/530 1504/145/530 122/145/530
f 776/937/33 2157/938/33 775/938/33
f 1086/1041/531 2467/1043/531 1085/1043/531
f 777/977/532 2158/937/532 776/937/532
f 115/146/533 1496/143/533 114/143/533
f 775/938/534 2307/939/534 925/939/534
f 1038/1045/535 2419/1046/535 1037/1046/535
f 801/983/33 2182/975/33 800/975/33
f 591/532/536 1972/537/536 590/537/536
f 864/912/537 2245/940/537 863/940/537
f 1037/1046/538 2444/1047/538 1062/1047/538
f 300/394/539 1681/396/539 299/396/539
f 565/634/540 1946/636/540 564/636/540
f 920/945/541 2301/947/541 919/947/541
f 1062/1047/542 2443/1050/542 1061/1050/542
f 637/637/543 2018/635/543 636/635/543
f 59/160/544 1440/158/544 58/158/544
f 904/948/545 2285/946/545 903/946/545
f 647/543/546 2028/538/546 646/538/546
f 75/165/547 1456/167/547 74/167/547
f 912/960/548 2293/958/548 911/958/548
f 404/403/549 1785/400/549 403/400/549
f 785/992/550 2166/989/550 784/989/550
f 485/644/33 1866/645/33 484/645/33
f 848/965/551 2229/966/551 847/966/551
f 1070/1062/552 2451/1058/552 1069/1058/552
f 412/402/553 1793/406/553 411/406/553
f 793/993/554 2174/994/554 792/994/554
f 484/645/50 2022/643/50 640/643/50
f 840/973/555 2221/974/555 839/974/555
f 1078/1079/556 2459/1083/556 1077/1083/556
f 663/548/557 2044/552/557 662/552/557
f 557/651/558 1938/654/558 556/654/558
f 67/176/559 1448/174/559 66/174/559
f 800/975/560 2181/982/560 799/982/560
f 615/553/561 1996/549/561 614/549/561
f 219/182/562 1600/179/562 218/179/562
f 348/413/563 1729/409/563 347/409/563
f 833/1011/564 2214/1013/564 832/1013/564
f 679/557/565 2060/541/565 678/541/565
f 227/190/566 1608/189/566 226/189/566
f 809/1014/567 2190/1012/567 808/1012/567
f 784/989/568 2165/987/568 783/987/568
f 1046/1090/569 2427/1084/569 1045/1084/569
f 356/423/570 1737/422/570 355/422/570
f 583/567/571 1964/574/571 582/574/571
f 525/667/572 1906/662/572 524/662/572
f 211/202/573 1592/203/573 210/203/573
f 792/994/574 2173/996/574 791/996/574
f 1054/1086/575 2435/1091/575 1053/1091/575
f 364/412/576 1745/429/576 363/429/576
f 235/204/577 1616/201/577 234/201/577
f 604/435/33 1985/436/33 603/436/33
f 817/1026/578 2198/1024/578 816/1024/578
f 655/580/579 2036/576/579 654/576/579
f 493/670/580 1874/666/580 492/666/580
f 1094/1095/581 2475/1089/581 1093/1089/581
f 517/673/582 1898/678/582 516/678/582
f 251/219/583 1632/221/583 250/221/583
f 808/1012/584 2189/1010/584 807/1010/584
f 1206/1108/585 2587/1107/585 1205/1107/585
f 460/450/586 1841/444/586 459/444/586
f 825/1035/587 2206/1034/587 824/1034/587
f 549/679/588 1930/681/588 548/681/588
f 243/229/589 1624/230/589 242/230/589
f 832/1013/590 2213/1016/590 831/1016/590
f 1230/1106/591 2611/1114/591 1229/1114/591
f 703/581/592 2084/586/592 702/586/592
f 1214/1119/593 2595/1117/593 1213/1117/593
f 501/698/594 1882/696/594 500/696/594
f 203/215/50 1584/233/50 202/233/50
f 816/1024/595 2197/1023/595 815/1023/595
f 436/469/596 1817/464/596 435/464/596
f 623/597/44 2004/582/44 622/582/44
f 541/699/597 1922/702/597 540/702/597
f 1198/1123/598 2579/1125/598 1197/1125/598
f 452/466/599 1833/472/599 451/472/599
f 1065/1042/600 2446/1037/600 1064/1037/600
f 195/262/50 1576/265/50 194/265/50
f 716/468/601 2097/477/601 715/477/601
f 687/602/602 2068/596/602 686/596/602
f 824/1034/603 2205/1032/603 823/1032/603
f 1190/1135/604 2571/1138/604 1189/1138/604
f 695/606/605 2076/608/605 694/608/605
f 1064/1037/606 2445/1038/606 1063/1038/606
f 1222/1149/607 2603/1145/607 1221/1145/607
f 1041/1067/608 2422/1061/608 1040/1061/608
f 533/714/609 1914/708/609 532/708/609
f 1063/1038/610 2470/1039/610 1088/1039/610
f 468/490/611 1849/486/611 467/486/611
f 1081/1064/612 2462/1069/612 1080/1069/612
f 187/272/50 1568/268/50 186/268/50
f 1088/1039/613 2469/1040/613 1087/1040/613
f 1182/1154/604 2563/1155/604 1181/1155/604
f 476/487/614 1857/491/614 475/491/614
f 575/615/44 1956/618/44 574/618/44
f 509/717/615 1890/716/615 508/716/615
f 387/281/616 1768/279/616 386/279/616
f 631/625/617 2012/622/617 630/622/617
f 444/504/618 1825/503/618 443/503/618
f 1057/1070/619 2438/1076/619 1056/1076/619
f 773/722/50 2154/723/50 772/723/50
f 379/284/620 1760/292/620 378/292/620
f 1040/1061/621 2421/1057/621 1039/1057/621
f 1073/1078/622 2454/1072/622 1072/1072/622
f 567/630/623 1948/632/623 566/632/623
f 749/734/54 2130/732/54 748/732/54
f 1233/1074/624 2614/1085/624 1232/1085/624
f 1102/1159/625 2483/1156/625 1101/1156/625
f 596/512/38 1977/513/38 595/513/38
f 639/641/626 2020/639/626 638/639/626
f 741/735/56 2122/737/56 740/737/56
f 427/316/627 1808/319/627 426/319/627
f 1072/1072/628 2453/1068/628 1071/1068/628
f 1174/1167/629 2555/1169/629 1173/1169/629
f 1201/1098/630 2582/1099/630 1200/1099/630
f 331/320/631 1712/315/631 330/315/631
f 1080/1069/632 2461/1073/632 1079/1073/632
f 1049/1102/633 2430/1097/633 1048/1097/633
f 487/649/634 1868/648/634 486/648/634
f 757/751/635 2138/748/635 756/748/635
f 1056/1076/636 2437/1081/636 1055/1081/636
f 676/516/637 2057/509/637 675/509/637
f 1209/1112/638 2590/1111/638 1208/1111/638
f 1110/1177/639 2491/1175/639 1109/1175/639
f 708/515/38 2089/518/38 707/518/38
f 559/647/44 1940/650/44 558/650/44
f 733/750/640 2114/753/640 732/753/640
f 283/328/641 1664/323/641 282/323/641
f 1232/1085/642 2613/1094/642 1231/1094/642
f 1166/1181/643 2547/1183/643 1165/1183/643
f 519/664/644 1900/668/644 518/668/644
f 765/766/73 2146/765/73 764/765/73
f 1097/1124/645 2478/1118/645 1096/1118/645
f 315/327/646 1696/333/646 314/333/646
f 1048/1097/647 2429/1093/647 1047/1093/647
f 1217/1127/648 2598/1122/648 1216/1122/648
f 725/767/76 2106/769/76 724/769/76
f 395/340/649 1776/330/649 394/330/649
f 1158/1194/650 2539/1196/650 1157/1196/650
f 644/530/651 2025/524/651 643/524/651
f 419/350/652 1800/358/652 418/358/652
f 1200/1099/653 2581/1100/653 1199/1100/653
f 668/522/654 2049/531/654 667/531/654
f 1193/1131/655 2574/1133/655 1192/1133/655
f 371/353/656 1752/359/656 370/359/656
f 551/672/657 1932/675/657 550/675/657
f 1185/1144/658 2566/1148/658 1184/1148/658
f 495/676/659 1876/674/659 494/674/659
f 933/786/660 2314/784/660 932/784/660
f 612/540/661 1993/536/661 611/536/661
f 527/677/662 1908/671/662 526/671/662
f 1029/793/663 2410/795/663 1028/795/663
f 291/364/664 1672/360/664 290/360/664
f 1225/1147/665 2606/1153/665 1224/1153/665
f 49/5/666 1436/1/666 54/1/666
f 543/693/667 1924/697/667 542/697/667
f 588/546/668 1969/550/668 587/550/668
f 1177/1162/669 2558/1163/669 1176/1163/669
f 339/368/670 1720/362/670 338/362/670
f 50/6/44 1431/5/44 49/5/44
f 660/560/671 2041/564/671 659/564/671
f 26/7/672 1407/8/672 25/8/672
f 503/704/673 1884/700/673 502/700/673
f 941/803/674 2322/800/674 940/800/674
f 307/369/675 1688/373/675 306/373/675
f 1208/1111/676 2589/1110/676 1207/1110/676
f 652/565/677 2033/561/677 651/561/677
f 1105/1166/678 2486/1164/678 1104/1164/678
f 511/710/679 1892/718/679 510/718/679
f 1021/809/680 2402/812/680 1020/812/680
f 1169/1176/681 2550/1178/681 1168/1178/681
f 18/21/682 1399/23/682 17/23/682
f 535/719/683 1916/720/683 534/720/683
f 34/24/684 1415/22/684 33/22/684
f 299/396/685 1680/393/685 298/393/685
f 620/577/686 2001/573/686 619/573/686
f 743/731/143 2124/733/143 742/733/143
f 949/817/687 2330/815/687 948/815/687
f 1113/1184/688 2494/1182/688 1112/1182/688
f 1005/830/689 2386/828/689 1004/828/689
f 580/584/38 1961/585/38 579/585/38
f 1161/1190/690 2542/1191/690 1160/1191/690
f 10/36/691 1391/38/691 9/38/691
f 751/738/692 2132/736/692 750/736/692
f 403/400/693 1784/395/693 402/395/693
f 1145/1208/27 2526/1207/27 1144/1207/27
f 997/834/694 2378/839/694 996/839/694
f 1153/1210/31 2534/1214/31 1152/1214/31
f 42/41/695 1423/39/695 41/39/695
f 735/747/155 2116/749/155 734/749/155
f 347/409/696 1728/408/696 346/408/696
f 1096/1118/697 2477/1109/697 1095/1109/697
f 700/589/698 2081/592/698 699/592/698
f 1/54/699 1430/52/699 48/52/699
f 759/755/157 2140/752/157 758/752/157
f 411/406/700 1792/410/700 410/410/700
f 684/593/701 2065/591/701 683/591/701
f 1121/1219/702 2502/1218/702 1120/1218/702
f 2/53/703 1383/54/703 1/54/703
f 1013/843/704 2394/847/704 1012/847/704
f 1137/1221/705 2518/1222/705 1136/1222/705
f 727/762/706 2108/764/706 726/764/706
f 355/422/707 1736/421/707 354/421/707
f 1216/1122/708 2597/1121/708 1215/1121/708
f 1129/1232/709 2510/1233/709 1128/1233/709
f 82/56/710 1463/57/710 81/57/710
f 363/429/711 1744/430/711 362/430/711
f 692/610/581 2073/609/581 691/609/581
f 81/57/712 1560/58/712 178/58/712
f 957/851/713 2338/848/713 956/848/713
f 628/617/33 2009/616/33 627/616/33
f 178/58/714 1559/60/714 177/60/714
f 767/770/715 2148/768/715 766/768/715
f 989/855/716 2370/857/716 988/857/716
f 603/436/50 1984/437/50 602/437/50
f 1192/1133/717 2573/1134/717 1191/1134/717
f 1241/1250/718 2622/1244/718 1240/1244/718
f 981/865/719 2362/866/719 980/866/719
f 459/444/720 1840/445/720 458/445/720
f 572/621/721 1953/623/721 571/623/721
f 1353/1254/722 2734/1253/722 1352/1253/722
f 927/776/723 2308/777/723 926/777/723
f 973/874/506 2354/876/506 972/876/506
f 458/445/724 1865/446/724 483/446/724
f 1184/1148/725 2565/1150/725 1183/1150/725
f 636/635/726 2017/633/726 635/633/726
f 1377/1256/727 2758/1264/727 1376/1264/727
f 90/71/728 1471/69/728 89/69/728
f 965/884/729 2346/885/729 964/885/729
f 483/446/730 1864/455/730 482/455/730
f 1361/1265/731 2742/1263/731 1360/1263/731
f 170/74/732 1551/77/732 169/77/732
f 926/777/733 2418/779/733 1036/779/733
f 1224/1153/734 2605/1151/734 1223/1151/734
f 564/636/735 1945/638/735 563/638/735
f 877/888/736 2258/889/736 876/889/736
f 1345/1268/737 2726/1270/737 1344/1270/737
f 435/464/738 1816/459/738 434/459/738
f 98/87/739 1479/85/739 97/85/739
f 935/790/740 2316/788/740 934/788/740
f 885/900/741 2266/898/741 884/898/741
f 451/472/742 1832/475/742 450/475/742
f 1337/1281/743 2718/1283/743 1336/1283/743
f 162/90/744 1543/92/744 161/92/744
f 1031/789/745 2412/791/745 1030/791/745
f 1104/1164/746 2485/1161/746 1103/1161/746
f 556/654/747 1937/658/747 555/658/747
f 1369/1297/748 2750/1292/748 1368/1292/748
f 869/903/749 2250/904/749 868/904/749
f 1176/1163/750 2557/1165/750 1175/1165/750
f 943/806/751 2324/805/751 942/805/751
f 715/477/752 2096/482/752 714/482/752
f 1168/1178/753 2549/1179/753 1167/1179/753
f 524/662/754 1905/657/754 523/657/754
f 1329/1298/755 2710/1302/755 1328/1302/755
f 106/104/756 1487/102/756 105/102/756
f 1023/804/757 2404/807/757 1022/807/757
f 893/915/758 2274/914/758 892/914/758
f 467/486/759 1848/479/759 466/479/759
f 154/105/760 1535/107/760 153/107/760
f 901/923/761 2282/922/761 900/922/761
f 475/491/762 1856/496/762 474/496/762
f 853/924/763 2234/925/763 852/925/763
f 1112/1182/764 2493/1180/764 1111/1180/764
f 492/666/765 1873/663/765 491/663/765
f 130/110/766 1511/117/766 129/117/766
f 951/821/767 2332/819/767 950/819/767
f 861/935/768 2242/934/768 860/934/768
f 1160/1191/169 2541/1193/169 1159/1193/169
f 516/678/769 1897/683/769 515/683/769
f 1249/1306/770 2630/1304/770 1248/1304/770
f 925/939/771 2306/941/771 924/941/771
f 443/503/772 1824/498/772 442/498/772
f 1144/1207/174 2525/1205/174 1143/1205/174
f 548/681/773 1929/685/773 547/685/773
f 1321/1314/774 2702/1316/774 1320/1316/774
f 999/829/775 2380/831/775 998/831/775
f 909/955/776 2290/954/776 908/954/776
f 138/126/777 1519/124/777 137/124/777
f 917/953/778 2298/956/778 916/956/778
f 146/131/779 1527/134/779 145/134/779
f 1007/835/780 2388/833/780 1006/833/780
f 845/968/781 2226/969/781 844/969/781
f 675/509/782 2056/502/782 674/502/782
f 500/696/783 1881/692/783 499/692/783
f 1257/1324/784 2638/1322/784 1256/1322/784
f 1015/827/785 2396/836/785 1014/836/785
f 643/524/786 2024/523/786 642/523/786
f 1152/1214/185 2533/1217/185 1151/1217/185
f 1313/1328/787 2694/1330/787 1312/1330/787
f 781/981/788 2162/980/788 780/980/788
f 114/143/789 1495/141/789 113/141/789
f 797/986/790 2178/988/790 796/988/790
f 1120/1218/791 2501/1212/791 1119/1212/791
f 122/145/792 1503/147/792 121/147/792
f 991/852/793 2372/854/793 990/854/793
f 789/999/794 2170/1000/794 788/1000/794
f 595/513/44 1976/525/44 594/525/44
f 1136/1222/795 2517/1224/795 1135/1224/795
f 540/702/796 1921/706/796 539/706/796
f 1305/1341/650 2686/1343/650 1304/1343/650
f 837/1002/797 2218/1004/797 836/1004/797
f 1128/1233/798 2509/1235/798 1127/1235/798
f 532/708/799 1913/701/799 531/701/799
f 959/856/800 2340/853/800 958/853/800
f 1265/1348/801 2646/1342/801 1264/1342/801
f 58/158/802 1439/156/802 57/156/802
f 983/863/803 2364/864/803 982/864/803
f 667/531/804 2048/535/804 666/535/804
f 508/716/805 1889/713/805 507/713/805
f 1289/1351/806 2670/1349/806 1288/1349/806
f 74/167/807 1455/169/807 73/169/807
f 975/872/438 2356/873/438 974/873/438
f 805/1007/808 2186/1005/808 804/1005/808
f 611/536/809 1992/533/809 610/533/809
f 1240/1244/810 2621/1242/810 1239/1242/810
f 1297/1363/811 2678/1362/811 1296/1362/811
f 967/881/812 2348/883/812 966/883/812
f 1352/1253/813 2733/1252/813 1351/1252/813
f 772/723/814 2153/724/814 771/724/814
f 1281/1372/815 2662/1373/815 1280/1373/815
f 879/886/816 2260/887/816 878/887/816
f 813/1020/817 2194/1019/817 812/1019/817
f 587/550/818 1968/554/818 586/554/818
f 1360/1263/819 2741/1262/819 1359/1262/819
f 748/732/820 2129/730/820 747/730/820
f 66/174/821 1447/172/821 65/172/821
f 829/1021/822 2210/1025/822 828/1025/822
f 1376/1264/823 2757/1271/823 1375/1271/823
f 218/179/824 1599/180/824 217/180/824
f 871/899/825 2252/901/825 870/901/825
f 651/561/826 2032/555/826 650/555/826
f 740/737/827 2121/739/827 739/739/827
f 226/189/828 1607/188/828 225/188/828
f 821/1030/829 2202/1029/829 820/1029/829
f 1344/1270/830 2725/1272/830 1343/1272/830
f 1273/1381/831 2654/1378/831 1272/1378/831
f 234/201/832 1615/199/832 233/199/832
f 887/905/833 2268/902/833 886/902/833
f 1085/1043/834 2466/1049/834 1084/1049/834
f 756/748/835 2137/746/835 755/746/835
f 895/917/836 2276/916/836 894/916/836
f 659/564/837 2040/568/837 658/568/837
f 1336/1283/838 2717/1284/838 1335/1284/838
f 210/203/839 1591/205/839 209/205/839
f 855/928/840 2236/927/840 854/927/840
f 707/518/44 2088/572/44 706/572/44
f 732/753/841 2113/754/841 731/754/841
f 250/221/842 1631/222/842 249/222/842
f 863/940/843 2244/936/843 862/936/843
f 1061/1050/844 2442/1056/844 1060/1056/844
f 619/573/845 2000/566/845 618/566/845
f 1368/1292/846 2749/1289/846 1367/1289/846
f 903/946/847 2284/932/847 902/932/847
f 1069/1058/848 2450/1054/848 1068/1054/848
f 764/765/236 2145/763/236 763/763/236
f 919/947/849 2300/950/849 918/950/849
f 683/591/850 2064/590/850 682/590/850
f 911/958/851 2292/957/851 910/957/851
f 699/592/852 2080/594/852 698/594/852
f 724/769/853 2105/771/853 723/771/853
f 847/966/854 2228/967/854 846/967/854
f 1328/1302/855 2709/1303/855 1327/1303/855
f 242/230/856 1623/226/856 241/226/856
f 839/974/38 2220/976/38 838/976/38
f 1045/1084/857 2426/1080/857 1044/1080/857
f 1036/779/858 2417/781/858 1035/781/858
f 799/982/859 2180/984/859 798/984/859
f 579/585/44 1960/599/44 578/599/44
f 1248/1304/860 2629/1300/860 1247/1300/860
f 202/233/38 1583/234/38 201/234/38
f 1077/1083/861 2458/1088/861 1076/1088/861
f 1320/1316/862 2701/1318/862 1319/1318/862
f 1093/1089/863 2474/1077/863 1092/1077/863
f 932/784/864 2313/782/864 931/782/864
f 258/236/33 1639/235/33 257/235/33
f 783/987/865 2164/985/865 782/985/865
f 1053/1091/866 2434/1092/866 1052/1092/866
f 691/609/867 2072/607/867 690/607/867
f 1028/795/868 2409/797/868 1027/797/868
f 274/249/50 1655/250/50 273/250/50
f 791/996/869 2172/998/869 790/998/869
f 1205/1107/870 2586/1105/870 1204/1105/870
f 627/616/44 2008/612/44 626/612/44
f 1256/1322/871 2637/1320/871 1255/1320/871
f 266/257/50 1647/258/50 265/258/50
f 1213/1117/872 2594/1116/872 1212/1116/872
f 1312/1330/873 2693/1332/873 1311/1332/873
f 194/265/38 1575/266/38 193/266/38
f 807/1010/874 2188/1009/874 806/1009/874
f 1229/1114/875 2610/1120/875 1228/1120/875
f 571/623/876 1952/624/876 570/624/876
f 940/800/877 2321/798/877 939/798/877
f 831/1016/878 2212/1018/878 830/1018/878
f 186/268/33 1567/267/33 185/267/33
f 1197/1125/879 2578/1126/879 1196/1126/879
f 635/633/880 2016/631/880 634/631/880
f 815/1023/881 2196/1022/881 814/1022/881
f 1264/1342/882 2645/1339/882 1263/1339/882
f 1020/812/883 2401/814/883 1019/814/883
f 386/279/884 1767/275/884 385/275/884
f 563/638/885 1944/640/885 562/640/885
f 1304/1343/886 2685/1344/886 1303/1344/886
f 948/815/887 2329/813/887 947/813/887
f 823/1032/888 2204/1031/888 822/1031/888
f 1189/1138/889 2570/1139/889 1188/1139/889
f 1288/1349/890 2669/1345/890 1287/1345/890
f 1004/828/891 2385/825/891 1003/825/891
f 322/290/892 1703/294/892 321/294/892
f 1087/1040/893 2468/1041/893 1086/1041/893
f 1221/1145/894 2602/1142/894 1220/1142/894
f 1296/1362/895 2677/1360/895 1295/1360/895
f 996/839/896 2377/841/896 995/841/896
f 378/292/897 1759/301/897 377/301/897
f 523/657/898 1904/653/898 522/653/898
f 1101/1156/899 2482/1152/899 1100/1152/899
f 1280/1373/900 2661/1375/900 1279/1375/900
f 330/315/901 1711/309/901 329/309/901
f 1039/1057/902 2420/1045/902 1038/1045/902
f 1181/1155/655 2562/1157/655 1180/1157/655
f 1173/1169/903 2554/1171/903 1172/1171/903
f 555/658/904 1936/661/904 554/661/904
f 1012/847/905 2393/845/905 1011/845/905
f 491/663/906 1872/659/906 490/659/906
f 1272/1378/907 2653/1374/907 1271/1374/907
f 956/848/908 2337/844/908 955/844/908
f 282/323/909 1663/318/909 281/318/909
f 1071/1068/910 2452/1062/910 1070/1062/910
f 547/685/911 1928/686/911 546/686/911
f 988/857/912 2369/858/912 987/858/912
f 426/319/913 1807/324/913 425/324/913
f 1079/1073/914 2460/1079/914 1078/1079/914
f 1109/1175/915 2490/1173/915 1108/1173/915
f 515/683/916 1896/688/916 514/688/916
f 25/8/237 1406/9/237 24/9/237
f 980/866/917 2361/868/917 979/868/917
f 394/330/918 1775/322/918 393/322/918
f 1055/1081/919 2436/1086/919 1054/1086/919
f 1165/1183/920 2546/1185/920 1164/1185/920
f 972/876/921 2353/877/921 971/877/921
f 499/692/922 1880/689/922 498/689/922
f 33/22/923 1414/20/923 32/20/923
f 314/333/924 1695/339/924 313/339/924
f 17/23/248 1398/25/248 16/25/248
f 1047/1093/925 2428/1090/925 1046/1090/925
f 1117/1195/926 2498/1192/926 1116/1192/926
f 964/885/927 2345/882/927 963/882/927
f 1157/1196/886 2538/1197/886 1156/1197/886
f 531/701/928 1912/694/928 530/694/928
f 41/39/929 1422/37/929 40/37/929
f 1141/1202/890 2522/1198/890 1140/1198/890
f 539/706/62 1920/709/62 538/709/62
f 876/889/930 2257/891/930 875/891/930
f 1231/1094/931 2612/1106/931 1230/1106/931
f 1149/1215/895 2530/1213/895 1148/1213/895
f 9/38/260 1390/40/260 8/40/260
f 290/360/932 1671/354/932 289/354/932
f 1095/1109/933 2476/1095/933 1094/1095/933
f 507/713/934 1888/711/934 506/711/934
f 884/898/935 2265/896/935 883/896/935
f 338/362/936 1719/356/936 337/356/936
f 1207/1110/937 2588/1108/937 1206/1108/937
f 771/724/421 2152/726/421 770/726/421
f 177/60/938 1558/62/938 176/62/938
f 418/358/939 1799/366/939 417/366/939
f 1215/1121/940 2596/1119/940 1214/1119/940
f 1133/1226/941 2514/1228/941 1132/1228/941
f 747/730/424 2128/727/424 746/727/424
f 868/904/942 2249/906/942 867/906/942
f 370/359/943 1751/367/943 369/367/943
f 1199/1100/944 2580/1123/944 1198/1123/944
f 739/739/945 2120/741/945 738/741/945
f 89/69/946 1470/67/946 88/67/946
f 892/914/947 2273/913/947 891/913/947
f 306/373/948 1687/378/948 305/378/948
f 1125/1231/949 2506/1227/949 1124/1227/949
f 169/77/950 1550/79/950 168/79/950
f 900/922/951 2281/921/951 899/921/951
f 1191/1134/952 2572/1135/952 1190/1135/952
f 1237/1236/176 2618/1237/176 1236/1237/176
f 755/746/437 2136/744/437 754/744/437
f 298/393/953 1679/391/953 297/391/953
f 1236/1237/954 2764/1238/954 1382/1238/954
f 852/925/38 2233/926/38 851/926/38
f 402/395/955 1783/384/955 401/384/955
f 1223/1151/956 2604/1149/956 1222/1149/956
f 1381/1239/957 2762/1241/957 1380/1241/957
f 731/754/958 2112/756/958 730/756/958
f 97/85/959 1478/83/959 96/83/959
f 1349/1249/960 2730/1246/960 1348/1246/960
f 161/92/961 1542/93/961 160/93/961
f 346/408/962 1727/405/962 345/405/962
f 1183/1150/963 2564/1154/963 1182/1154/963
f 1357/1260/964 2738/1258/964 1356/1258/964
f 763/763/448 2144/761/448 762/761/448
f 410/410/965 1791/416/965 409/416/965
f 723/771/457 2104/773/457 722/773/457
f 105/102/966 1486/100/966 104/100/966
f 354/421/967 1735/420/967 353/420/967
f 1341/1275/968 2722/1277/968 1340/1277/968
f 153/107/969 1534/111/969 152/111/969
f 362/430/970 1743/431/970 361/431/970
f 1103/1161/971 2484/1159/971 1102/1159/971
f 1365/1280/972 2746/1274/972 1364/1274/972
f 860/934/973 2241/933/973 859/933/973
f 1175/1165/974 2556/1167/974 1174/1167/974
f 931/782/975 2312/780/975 930/780/975
f 129/117/976 1510/123/976 128/123/976
f 602/437/38 1983/438/38 601/438/38
f 1245/1288/977 2626/1276/977 1244/1276/977
f 1035/781/978 2416/783/978 1034/783/978
f 137/124/979 1518/120/979 136/120/979
f 1333/1287/980 2714/1290/980 1332/1290/980
f 434/459/981 1815/456/981 433/456/981
f 1111/1180/982 2492/1177/982 1110/1177/982
f 939/798/983 2320/796/983 938/796/983
f 482/455/216 1863/460/216 481/460/216
f 1167/1179/984 2548/1181/984 1166/1181/984
f 1373/1291/985 2754/1296/985 1372/1296/985
f 1027/797/986 2408/799/986 1026/799/986
f 1159/1193/391 2540/1194/391 1158/1194/391
f 1325/1307/987 2706/1308/987 1324/1308/987
f 145/134/988 1526/137/988 144/137/988
f 924/941/989 2305/942/989 923/942/989
f 466/479/990 1847/474/990 465/474/990
f 947/813/991 2328/811/991 946/811/991
f 450/475/992 1831/480/992 449/480/992
f 1143/1205/397 2524/1204/397 1142/1204/397
f 1253/1315/993 2634/1313/993 1252/1313/993
f 1019/814/994 2400/816/994 1018/816/994
f 1317/1321/995 2698/1323/995 1316/1323/995
f 1003/825/996 2384/822/996 1002/822/996
f 113/141/997 1494/136/997 112/136/997
f 121/147/998 1502/149/998 120/149/998
f 714/482/999 2095/492/999 713/492/999
f 1119/1212/1000 2500/1201/1000 1118/1201/1000
f 908/954/1001 2289/952/1001 907/952/1001
f 1151/1217/410 2532/1216/410 1150/1216/410
f 955/844/1002 2336/838/1002 954/838/1002
f 57/156/1003 1438/153/1003 56/153/1003
f 1135/1224/1004 2516/1225/1004 1134/1225/1004
f 1261/1334/1005 2642/1331/1005 1260/1331/1005
f 1011/845/1006 2392/842/1006 1010/842/1006
f 442/498/1007 1823/494/1007 441/494/1007
f 1309/1335/1008 2690/1337/1008 1308/1337/1008
f 1127/1235/1009 2508/1234/1009 1126/1234/1009
f 1293/1356/291 2674/1355/291 1292/1355/291
f 995/841/1010 2376/846/1010 994/846/1010
f 73/169/1011 1454/171/1011 72/171/1011
f 474/496/1012 1855/501/1012 473/501/1012
f 1301/1353/296 2682/1357/296 1300/1357/296
f 65/172/1013 1446/170/1013 64/170/1013
f 916/956/1014 2297/959/1014 915/959/1014
f 674/502/1015 2055/484/1015 673/484/1015
f 1239/1242/1016 2620/1240/1016 1238/1240/1016
f 1269/1367/1017 2650/1366/1017 1268/1366/1017
f 987/858/1018 2368/859/1018 986/859/1018
f 217/180/1019 1598/181/1019 216/181/1019
f 1351/1252/1020 2732/1251/1020 1350/1251/1020
f 1285/1347/1021 2666/1368/1021 1284/1368/1021
f 979/868/1022 2360/869/1022 978/869/1022
f 1359/1262/1023 2740/1261/1023 1358/1261/1023
f 1277/1377/1024 2658/1379/1024 1276/1379/1024
f 844/969/1025 2225/970/1025 843/970/1025
f 641/521/1026 2050/522/1026 668/522/1026
f 54/1/325 1435/2/325 53/2/325
f 642/523/44 2023/521/44 641/521/44
f 1343/1272/879 2724/1273/879 1342/1273/879
f 780/980/1027 2161/979/1027 779/979/1027
f 22/13/1028 1403/15/1028 21/15/1028
f 796/988/1029 2177/990/1029 795/990/1029
f 594/525/1030 1975/526/1030 593/526/1030
f 1375/1271/1031 2756/1282/1031 1374/1282/1031
f 30/16/337 1411/14/337 29/14/337
f 971/877/1032 2352/878/1032 970/878/1032
f 225/188/1033 1606/187/1033 224/187/1033
f 1335/1284/1034 2716/1286/1034 1334/1286/1034
f 610/533/1035 1991/529/1035 609/529/1035
f 1367/1289/1036 2748/1285/1036 1366/1285/1036
f 14/29/1037 1395/30/1037 13/30/1037
f 788/1000/1038 2169/997/1038 787/997/1038
f 666/535/1039 2047/539/1039 665/539/1039
f 963/882/1040 2344/875/1040 962/875/1040
f 650/555/1041 2031/551/1041 649/551/1041
f 38/32/1042 1419/31/1042 37/31/1042
f 1247/1300/1043 2628/1294/1043 1246/1294/1043
f 875/891/1044 2256/893/1044 874/893/1044
f 804/1005/1045 2185/1003/1045 803/1003/1045
f 586/554/1046 1967/559/1046 585/559/1046
f 1327/1303/1047 2708/1305/1047 1326/1305/1047
f 836/1004/1048 2217/1006/1048 835/1006/1048
f 6/44/1049 1387/47/1049 5/47/1049
f 883/896/1050 2264/894/1050 882/894/1050
f 46/48/1051 1427/46/1051 45/46/1051
f 233/199/1052 1614/196/1052 232/196/1052
f 867/906/1053 2248/908/1053 866/908/1053
f 812/1019/1054 2193/1017/1054 811/1017/1054
f 618/566/1055 1999/562/1055 617/562/1055
f 1319/1318/1056 2700/1319/1056 1318/1319/1056
f 209/205/1057 1590/206/1057 208/206/1057
f 706/572/33 2087/517/33 705/517/33
f 1255/1320/1058 2636/1317/1058 1254/1317/1058
f 891/913/1059 2272/911/1059 890/911/1059
f 820/1029/1060 2201/1028/1060 819/1028/1060
f 658/568/1061 2039/575/1061 657/575/1061
f 1311/1332/1062 2692/1333/1062 1310/1333/1062
f 86/63/1063 1467/61/1063 85/61/1063
f 899/921/1064 2280/920/1064 898/920/1064
f 828/1025/1065 2209/1033/1065 827/1033/1065
f 174/66/1066 1555/68/1066 173/68/1066
f 859/933/1067 2240/931/1067 858/931/1067
f 923/942/1068 2304/943/1068 922/943/1068
f 907/952/1069 2288/951/1069 906/951/1069
f 1068/1054/1070 2449/1048/1070 1067/1048/1070
f 682/590/1071 2063/587/1071 681/587/1071
f 1263/1339/1072 2644/1336/1072 1262/1336/1072
f 94/78/1073 1475/76/1073 93/76/1073
f 915/959/1074 2296/962/1074 914/962/1074
f 249/222/1075 1630/223/1075 248/223/1075
f 1084/1049/1076 2465/1055/1076 1083/1055/1076
f 1287/1345/1077 2668/1346/1077 1286/1346/1077
f 166/82/1078 1547/84/1078 165/84/1078
f 851/926/1079 2232/963/1079 850/963/1079
f 1060/1056/1080 2441/1060/1080 1059/1060/1080
f 578/599/38 1959/600/38 577/600/38
f 1303/1344/1081 2684/1350/1081 1302/1350/1081
f 843/970/1082 2224/971/1082 842/971/1082
f 698/594/1083 2079/601/1083 697/601/1083
f 1295/1360/672 2676/1358/672 1294/1358/672
f 241/226/1084 1622/220/1084 240/220/1084
f 102/96/1085 1483/94/1085 101/94/1085
f 779/979/1086 2160/978/1086 778/978/1086
f 257/235/44 1638/231/44 256/231/44
f 158/97/1087 1539/99/1087 157/99/1087
f 795/990/1088 2176/991/1088 794/991/1088
f 690/607/1089 2071/605/1089 689/605/1089
f 134/115/1090 1515/113/1090 133/113/1090
f 1092/1077/1091 2473/1066/1091 1091/1066/1091
f 626/612/33 2007/613/33 625/613/33
f 201/234/44 1582/237/44 200/237/44
f 1044/1080/1092 2425/1075/1092 1043/1075/1092
f 1271/1374/1093 2652/1370/1093 1270/1370/1093
f 787/997/1094 2168/995/1094 786/995/1094
f 273/250/33 1654/244/33 272/244/33
f 1279/1375/1095 2660/1376/1095 1278/1376/1095
f 1076/1088/1096 2457/1087/1096 1075/1087/1096
f 570/624/453 1951/626/453 569/626/453
f 150/118/1097 1531/121/1097 149/121/1097
f 265/258/33 1646/253/33 264/253/33
f 1052/1092/1098 2433/1096/1098 1051/1096/1098
f 24/9/395 1405/11/395 23/11/395
f 110/122/1099 1491/116/1099 109/116/1099
f 803/1003/1100 2184/1001/1100 802/1001/1100
f 1204/1105/1101 2585/1104/1101 1203/1104/1101
f 634/631/1102 2015/629/1102 633/629/1102
f 142/138/1103 1523/135/1103 141/135/1103
f 835/1006/1104 2216/1008/1104 834/1008/1104
f 1212/1116/1105 2593/1115/1105 1211/1115/1105
f 32/20/1106 1413/18/1106 31/18/1106
f 126/133/1107 1507/140/1107 125/140/1107
f 562/640/1108 1943/642/1108 561/642/1108
f 185/267/44 1566/263/44 184/263/44
f 1196/1126/1109 2577/1128/1109 1195/1128/1109
f 16/25/1110 1397/27/1110 15/27/1110
f 811/1017/1111 2192/1015/1111 810/1015/1111
f 193/266/44 1574/269/44 192/269/44
f 1228/1120/1112 2609/1130/1112 1227/1130/1112
f 118/152/1113 1499/150/1113 117/150/1113
f 385/275/1114 1766/276/1114 384/276/1114
f 40/37/413 1421/35/413 39/35/413
f 78/159/1115 1459/161/1115 77/161/1115
f 819/1028/1116 2200/1027/1116 818/1027/1116
f 1188/1139/1117 2569/1140/1117 1187/1140/1117
f 522/653/1118 1903/656/1118 521/656/1118
f 827/1033/1119 2208/1036/1119 826/1036/1119
f 321/294/1120 1702/298/1120 320/298/1120
f 1220/1142/1121 2601/1137/1121 1219/1137/1121
f 490/659/1122 1871/655/1122 489/655/1122
f 8/40/1123 1389/42/1123 7/42/1123
f 554/661/1124 1935/665/1124 553/665/1124
f 62/166/123 1443/164/123 61/164/123
f 1067/1048/1125 2448/1044/1125 1066/1044/1125
f 48/52/1126 1429/50/1126 47/50/1126
f 70/175/1127 1451/177/1127 69/177/1127
f 377/301/1128 1758/308/1128 376/308/1128
f 176/62/1129 1557/64/1129 175/64/1129
f 222/185/1130 1603/184/1130 221/184/1130
f 1083/1055/1131 2464/1059/1131 1082/1059/1131
f 329/309/1132 1710/306/1132 328/306/1132
f 1100/1152/1133 2481/1146/1133 1099/1146/1133
f 230/193/1134 1611/192/1134 229/192/1134
f 1180/1157/1135 2561/1158/1135 1179/1158/1135
f 498/689/1136 1879/684/1136 497/684/1136
f 1235/1053/1137 2616/1063/1137 1234/1063/1137
f 88/67/1138 1469/65/1138 87/65/1138
f 214/197/1139 1595/198/1139 213/198/1139
f 1059/1060/1140 2440/1065/1140 1058/1065/1140
f 281/318/1141 1662/314/1141 280/314/1141
f 546/686/1142 1927/690/1142 545/690/1142
f 1091/1066/1143 2472/1051/1143 1090/1051/1143
f 393/322/1144 1774/312/1144 392/312/1144
f 425/324/1145 1806/329/1145 424/329/1145
f 1172/1171/1146 2553/1172/1146 1171/1172/1146
f 168/79/1147 1549/81/1147 167/81/1147
f 206/209/1148 1587/211/1148 205/211/1148
f 1043/1075/1149 2424/1071/1149 1042/1071/1149
f 1108/1173/1150 2489/1170/1150 1107/1170/1150
f 530/694/1151 1911/687/1151 529/687/1151
f 238/213/1152 1619/210/1152 237/210/1152
f 313/339/1153 1694/346/1153 312/346/1153
f 1164/1185/1154 2545/1186/1154 1163/1186/1154
f 514/688/1155 1895/695/1155 513/695/1155
f 96/83/1156 1477/80/1156 95/80/1156
f 254/218/33 1635/214/33 253/214/33
f 160/93/1157 1541/95/1157 159/95/1157
f 246/225/1158 1627/227/1158 245/227/1158
f 1075/1087/1159 2456/1082/1159 1074/1082/1159
f 1051/1096/1160 2432/1103/1160 1050/1103/1160
f 506/711/1161 1887/707/1161 505/707/1161
f 198/242/38 1579/245/38 197/245/38
f 1203/1104/1162 2584/1101/1162 1202/1101/1162
f 1116/1192/1163 2497/1189/1163 1115/1189/1163
f 538/709/1164 1919/712/1164 537/712/1164
f 104/100/1165 1485/98/1165 103/98/1165
f 1211/1115/1166 2592/1113/1166 1210/1113/1166
f 1140/1198/1077 2521/1199/1077 1139/1199/1077
f 769/725/666 2156/721/666 774/721/666
f 152/111/1167 1533/114/1167 151/114/1167
f 289/354/1168 1670/348/1168 288/348/1168
f 1156/1197/1081 2537/1203/1081 1155/1203/1081
f 136/120/90 1517/119/90 135/119/90
f 1195/1128/1169 2576/1129/1169 1194/1129/1169
f 337/356/1170 1718/351/1170 336/351/1170
f 1148/1213/672 2529/1211/672 1147/1211/672
f 770/726/44 2151/725/44 769/725/44
f 270/246/50 1651/248/50 269/248/50
f 417/366/1171 1798/372/1171 416/372/1171
f 746/727/672 2127/728/672 745/728/672
f 128/123/1172 1509/127/1172 127/127/1172
f 1219/1137/26 2600/1132/26 1218/1132/26
f 369/367/1173 1750/375/1173 368/375/1173
f 738/741/682 2119/743/682 737/743/682
f 1227/1130/1174 2608/1141/1174 1226/1141/1174
f 305/378/1175 1686/381/1175 304/381/1175
f 754/744/1176 2135/742/1176 753/742/1176
f 401/384/1177 1782/377/1177 400/377/1177
f 1124/1227/1178 2505/1223/1178 1123/1223/1178
f 262/254/50 1643/256/50 261/256/50
f 1187/1140/1179 2568/1143/1179 1186/1143/1179
f 1132/1228/1180 2513/1229/1180 1131/1229/1180
f 1099/1146/1181 2480/1136/1181 1098/1136/1181
f 1380/1241/1182 2761/1243/1182 1379/1243/1182
f 730/756/1183 2111/758/1183 729/758/1183
f 112/136/1184 1493/129/1184 111/129/1184
f 182/260/33 1563/259/33 181/259/33
f 1179/1158/1185 2560/1160/1185 1178/1160/1185
f 1348/1246/1186 2729/1247/1186 1347/1247/1186
f 144/137/1187 1525/139/1187 143/139/1187
f 297/391/1188 1678/387/1188 296/387/1188
f 1356/1258/1189 2737/1257/1189 1355/1257/1189
f 762/761/1190 2143/759/1190 761/759/1190
f 120/149/1191 1501/151/1191 119/151/1191
f 190/273/38 1571/274/38 189/274/38
f 721/774/699 2150/772/699 768/772/699
f 56/153/1192 1437/154/1192 55/154/1192
f 1107/1170/1193 2488/1168/1193 1106/1168/1193
f 722/773/703 2103/774/703 721/774/703
f 55/154/1194 1462/155/1194 80/155/1194
f 382/278/1195 1763/280/1195 381/280/1195
f 1171/1172/1196 2552/1174/1196 1170/1174/1196
f 345/405/1197 1726/401/1197 344/401/1197
f 1118/1201/1198 2499/1195/1198 1117/1195/1198
f 1364/1274/1199 2745/1269/1199 1363/1269/1199
f 80/155/1200 1461/157/1200 79/157/1200
f 1142/1204/806 2523/1202/806 1141/1202/806
f 1244/1276/1201 2625/1266/1201 1243/1266/1201
f 930/780/1202 2311/778/1202 929/778/1202
f 353/420/1203 1734/419/1203 352/419/1203
f 1150/1216/811 2531/1215/811 1149/1215/811
f 1034/783/1204 2415/785/1204 1033/785/1204
f 390/295/1205 1771/285/1205 389/285/1205
f 1163/1186/72 2544/1188/72 1162/1188/72
f 409/416/1206 1790/424/1206 408/424/1206
f 1134/1225/1207 2515/1226/1207 1133/1226/1207
f 1340/1277/1208 2721/1278/1208 1339/1278/1208
f 64/170/1209 1445/168/1209 63/168/1209
f 326/296/1210 1707/293/1210 325/293/1210
f 1115/1189/1211 2496/1187/1211 1114/1187/1211
f 72/171/1212 1453/173/1212 71/173/1212
f 1332/1290/1213 2713/1293/1213 1331/1293/1213
f 938/796/1214 2319/794/1214 937/794/1214
f 224/187/1215 1605/186/1215 223/186/1215
f 1139/1199/1216 2520/1200/1216 1138/1200/1216
f 1372/1296/1217 2753/1301/1217 1371/1301/1217
f 1026/799/1218 2407/801/1218 1025/801/1218
f 430/297/1219 1811/303/1219 429/303/1219
f 361/431/1220 1742/428/1220 360/428/1220
f 1126/1234/831 2507/1231/831 1125/1231/831
f 1324/1308/1221 2705/1310/1221 1323/1310/1221
f 216/181/1222 1597/195/1222 215/195/1222
f 278/305/1223 1659/299/1223 277/299/1223
f 432/447/1224 1839/448/1224 457/448/1224
f 946/811/1225 2327/810/1225 945/810/1225
f 232/196/1226 1613/194/1226 231/194/1226
f 1018/816/3 2400/816/3 2399/818/3
f 318/307/4 1700/307/4 1699/313/4
f 1155/1203/5 2537/1203/5 2536/1206/5
f 457/448/6 1839/448/6 1838/449/6
f 1382/1238/7 2764/1238/7 2763/1239/7
f 1252/1313/8 2634/1313/8 2633/1311/8
f 1002/822/9 2384/822/9 2383/823/9
f 1238/1240/10 2620/1240/10 2619/1236/10
f 1316/1323/11 2698/1323/11 2697/1325/11
f 208/206/12 1590/206/12 1589/208/12
f 433/456/1227 1815/456/1227 1814/447/1227
f 1350/1251/14 2732/1251/14 2731/1249/14
f 374/325/15 1756/325/15 1755/335/15
f 481/460/1228 1863/460/1228 1862/465/1228
f 1358/1261/17 2740/1261/17 2739/1260/17
f 954/838/18 2336/838/18 2335/832/18
f 1147/1211/19 2529/1211/19 2528/1209/19
f 1260/1331/20 2642/1331/20 2641/1329/20
f 1010/842/21 2392/842/21 2391/840/21
f 1342/1273/22 2724/1273/22 2723/1275/22
f 1308/1337/23 2690/1337/23 2689/1338/23
f 240/220/24 1622/220/24 1621/216/24
f 334/338/25 1716/338/25 1715/331/25
f 1366/1285/26 2748/1285/26 2747/1280/26
f 1292/1355/27 2674/1355/27 2673/1354/27
f 994/846/28 2376/846/28 2375/849/28
f 248/223/29 1630/223/29 1629/224/29
f 286/341/1229 1668/341/1229 1667/336/1229
f 1300/1357/31 2682/1357/31 2681/1361/31
f 986/859/1230 2368/859/1230 2367/861/1230
f 256/231/33 1638/231/33 1637/232/33
f 422/337/858 1804/337/858 1803/342/858
f 465/474/35 1847/474/35 1846/470/35
f 1334/1286/36 2716/1286/36 2715/1287/36
f 1268/1366/37 2650/1366/37 2649/1365/37
f 200/237/38 1582/237/38 1581/238/38
f 310/355/1231 1692/355/1231 1691/361/1231
f 1284/1368/40 2666/1368/40 2665/1369/40
f 398/363/1232 1780/363/1232 1779/357/1232
f 673/484/42 2055/484/42 2054/467/42
f 1276/1379/43 2658/1379/43 2657/1380/43
f 272/244/44 1654/244/44 1653/243/44
f 449/480/1233 1831/480/1233 1830/485/1233
f 1374/1282/46 2756/1282/46 2755/1291/46
f 978/869/47 2360/869/47 2359/870/47
f 271/243/38 1653/243/38 1656/249/38
f 1123/1223/48 2505/1223/48 2504/1220/48
f 1246/1294/49 2628/1294/49 2627/1288/49
f 53/2/50 1435/2/50 1434/3/50
f 294/379/51 1676/379/51 1675/374/51
f 1131/1229/52 2513/1229/52 2512/1230/52
f 1326/1305/53 2708/1305/53 2707/1307/53
f 29/14/54 1411/14/54 1410/12/54
f 264/253/44 1646/253/44 1645/252/44
f 1379/1243/55 2761/1243/55 2760/1245/55
f 263/252/38 1645/252/38 1648/257/38
f 441/494/10 1823/494/10 1822/488/10
f 21/15/1234 1403/15/1234 1402/17/1234
f 184/263/33 1566/263/33 1565/264/33
f 342/389/57 1724/389/57 1723/382/57
f 1347/1247/58 2729/1247/58 2728/1248/58
f 713/492/1235 2095/492/1235 2094/500/1235
f 1254/1317/60 2636/1317/60 2635/1315/60
f 962/875/61 2344/875/61 2343/867/61
f 192/269/38 1574/269/38 1573/270/38
f 473/501/62 1855/501/62 1854/506/62
f 1318/1319/63 2700/1319/63 2699/1321/63
f 37/31/64 1419/31/64 1418/28/64
f 970/878/65 2352/878/65 2351/879/65
f 302/388/66 1684/388/66 1683/392/66
f 882/894/67 2264/894/67 2263/892/67
f 384/276/68 1766/276/68 1765/277/68
f 414/390/69 1796/390/69 1795/399/69
f 601/438/50 1983/438/50 1982/439/50
f 13/30/70 1395/30/70 1394/33/70
f 366/398/71 1748/398/71 1747/404/71
f 1310/1333/72 2692/1333/72 2691/1335/72
f 45/46/73 1427/46/73 1426/45/73
f 874/893/74 2256/893/74 2255/895/74
f 1262/1336/75 2644/1336/75 2643/1334/75
f 5/47/1236 1387/47/1236 1386/49/1236
f 320/298/77 1702/298/77 1701/302/77
f 406/411/78 1788/411/78 1787/407/78
f 1355/1257/79 2737/1257/79 2736/1255/79
f 593/526/1237 1975/526/1237 1974/528/1237
f 1286/1346/38 2668/1346/38 2667/1347/38
f 866/908/1238 2248/908/1238 2247/910/1238
f 609/529/1239 1991/529/1239 1990/520/1239
f 890/911/1240 2272/911/1240 2271/909/1240
f 328/306/84 1710/306/84 1709/300/84
f 350/415/1241 1732/415/1241 1731/414/1241
f 665/539/86 2047/539/86 2046/544/86
f 85/61/1242 1467/61/1242 1466/59/1242
f 898/920/88 2280/920/88 2279/919/88
f 358/426/1243 1740/426/1243 1739/425/1243
f 649/551/90 2031/551/90 2030/547/90
f 1302/1350/5 2684/1350/5 2683/1353/5
f 173/68/91 1555/68/91 1554/70/91
f 858/931/92 2240/931/92 2239/930/92
f 392/312/93 1774/312/93 1773/304/93
f 670/432/94 2052/432/94 2051/433/94
f 922/943/95 2304/943/95 2303/944/95
f 280/314/96 1662/314/96 1661/310/96
f 669/433/97 2051/433/97 2102/434/97
f 93/76/1244 1475/76/1244 1474/75/1244
f 906/951/99 2288/951/99 2287/949/99
f 376/308/100 1758/308/100 1757/317/100
f 617/562/101 1999/562/101 1998/558/101
f 165/84/102 1547/84/102 1546/86/102
f 914/962/103 2296/962/103 2295/961/103
f 424/329/104 1806/329/104 1805/334/104
f 598/441/38 1980/441/38 1979/442/38
f 1294/1358/19 2676/1358/19 2675/1356/19
f 850/963/105 2232/963/105 2231/964/105
f 585/559/106 1967/559/106 1966/563/106
f 842/971/107 2224/971/107 2223/972/107
f 1243/1266/108 2625/1266/108 2624/1259/108
f 462/458/1245 1844/458/1245 1843/454/1245
f 101/94/88 1483/94/88 1482/91/88
f 778/978/110 2160/978/110 2159/977/110
f 288/348/111 1670/348/111 1669/344/111
f 718/453/112 2100/453/112 2099/461/112
f 1363/1269/113 2745/1269/113 2744/1267/113
f 157/99/114 1539/99/114 1538/101/114
f 336/351/115 1718/351/115 1717/345/115
f 454/457/1246 1836/457/1246 1835/462/1246
f 705/517/1247 2087/517/1247 2086/571/1247
f 1339/1278/118 2721/1278/118 2720/1279/118
f 657/575/119 2039/575/119 2038/578/119
f 133/113/120 1515/113/120 1514/108/120
f 312/346/121 1694/346/121 1693/352/121
f 794/991/122 2176/991/122 2175/993/122
f 400/377/123 1782/377/123 1781/371/123
f 438/478/124 1820/478/124 1819/473/124
f 109/116/1248 1491/116/1248 1490/112/1248
f 416/372/126 1798/372/126 1797/380/126
f 478/476/1249 1860/476/1249 1859/481/1249
f 1331/1293/128 2713/1293/128 2712/1295/128
f 681/587/129 2063/587/129 2062/570/129
f 1270/1370/130 2652/1370/130 2651/1367/130
f 149/121/131 1531/121/131 1530/125/131
f 786/995/132 2168/995/132 2167/992/132
f 697/601/133 2079/601/133 2078/603/133
f 1278/1376/134 2660/1376/134 2659/1377/134
f 141/135/135 1523/135/135 1522/132/135
f 802/1001/136 2184/1001/136 2183/983/136
f 1371/1301/137 2753/1301/137 2752/1299/137
f 125/140/138 1507/140/138 1506/142/138
f 834/1008/139 2216/1008/139 2215/1011/139
f 304/381/1250 1686/381/1250 1685/385/1250
f 446/493/1251 1828/493/1251 1827/497/1251
f 689/605/142 2071/605/142 2070/604/142
f 23/11/143 1405/11/143 1404/13/143
f 368/375/144 1750/375/144 1749/386/144
f 470/499/145 1852/499/145 1851/495/145
f 810/1015/146 2192/1015/146 2191/1014/146
f 296/387/147 1678/387/147 1677/383/147
f 606/510/33 1988/510/33 1987/511/33
f 1251/1311/148 2633/1311/148 2632/1309/148
f 625/613/50 2007/613/50 2006/598/50
f 31/18/1252 1413/18/1252 1412/16/1252
f 117/150/1253 1499/150/1253 1498/148/1253
f 1323/1310/151 2705/1310/151 2704/1312/151
f 818/1027/152 2200/1027/152 2199/1026/152
f 710/508/153 2092/508/153 2091/514/153
f 1315/1325/154 2697/1325/154 2696/1326/154
f 577/600/50 1959/600/50 1958/614/50
f 15/27/1254 1397/27/1254 1396/29/1254
f 344/401/1255 1726/401/1255 1725/397/1255
f 39/35/1256 1421/35/1256 1420/32/1256
f 77/161/158 1459/161/158 1458/163/158
f 826/1036/159 2208/1036/159 2207/1035/159
f 646/538/160 2028/538/160 2027/534/160
f 569/626/161 1951/626/161 1950/628/161
f 61/164/162 1443/164/162 1442/162/162
f 678/541/163 2060/541/163 2059/527/163
f 1259/1329/164 2641/1329/164 2640/1327/164
f 633/629/1257 2015/629/1257 2014/627/1257
f 7/42/706 1389/42/706 1388/44/706
f 69/177/167 1451/177/167 1450/178/167
f 352/419/168 1734/419/168 1733/418/168
f 1307/1338/169 2689/1338/169 2688/1340/169
f 221/184/170 1603/184/170 1602/183/170
f 1066/1044/171 2448/1044/171 2447/1042/171
f 408/424/172 1790/424/172 1789/417/172
f 590/537/1258 1972/537/1258 1971/542/1258
f 1291/1354/174 2673/1354/174 2672/1352/174
f 561/642/50 1943/642/50 1942/646/50
f 229/192/175 1611/192/175 1610/191/175
f 1090/1051/176 2472/1051/176 2471/1052/176
f 47/50/1259 1429/50/1259 1428/48/1259
f 1089/1052/1260 2471/1052/1260 2617/1053/1260
f 360/428/179 1742/428/179 1741/427/179
f 213/198/180 1595/198/180 1594/200/180
f 1082/1059/181 2464/1059/181 2463/1064/181
f 600/439/33 1982/439/33 1981/440/33
f 489/655/182 1871/655/182 1870/652/182
f 720/434/1261 2102/434/1261 2101/443/1261
f 614/549/1262 1996/549/1262 1995/545/1262
f 1299/1361/185 2681/1361/185 2680/1364/185
f 521/656/1263 1903/656/1263 1902/660/1263
f 87/65/187 1469/65/187 1468/63/187
f 237/210/1264 1619/210/1264 1618/207/1264
f 456/449/189 1838/449/189 1837/451/189
f 662/552/1265 2044/552/1265 2043/556/1265
f 553/665/1266 1935/665/1266 1934/669/1266
f 175/64/192 1557/64/192 1556/66/192
f 1058/1065/193 2440/1065/193 2439/1070/193
f 654/576/194 2036/576/194 2035/569/194
f 1267/1365/195 2649/1365/195 2648/1359/195
f 205/211/196 1587/211/196 1586/212/196
f 1042/1071/197 2424/1071/197 2423/1067/197
f 1283/1369/198 2665/1369/198 2664/1371/198
f 1234/1063/199 2616/1063/199 2615/1074/199
f 582/574/200 1964/574/200 1963/579/200
f 1275/1380/201 2657/1380/201 2656/1382/201
f 95/80/202 1477/80/202 1476/78/202
f 497/684/203 1879/684/203 1878/680/203
f 167/81/204 1549/81/204 1548/82/204
f 253/214/205 1635/214/205 1634/217/205
f 622/582/33 2004/582/33 2003/583/33
f 52/3/814 1434/3/814 1433/4/814
f 245/227/207 1627/227/207 1626/228/207
f 1074/1082/208 2456/1082/208 2455/1078/208
f 672/467/209 2054/467/209 2053/452/209
f 28/12/820 1410/12/820 1409/10/820
f 1202/1101/211 2584/1101/211 2583/1098/211
f 464/470/212 1846/470/212 1845/463/212
f 702/586/1267 2084/586/1267 2083/588/1267
f 529/687/214 1911/687/214 1910/682/214
f 159/95/215 1541/95/215 1540/97/215
f 480/465/1268 1862/465/1268 1861/471/1268
f 20/17/1269 1402/17/1269 1401/19/1269
f 545/690/218 1927/690/218 1926/691/218
f 103/98/219 1485/98/219 1484/96/219
f 1050/1103/220 2432/1103/220 2431/1102/220
f 686/596/1270 2068/596/1270 2067/595/1270
f 513/695/222 1895/695/222 1894/703/222
f 151/114/223 1533/114/223 1532/118/223
f 269/248/33 1651/248/33 1650/247/33
f 1210/1113/224 2592/1113/224 2591/1112/224
f 694/608/225 2076/608/225 2075/611/225
f 36/28/835 1418/28/835 1417/26/835
f 135/119/227 1517/119/227 1516/115/227
f 440/488/1271 1822/488/1271 1821/483/1271
f 505/707/229 1887/707/229 1886/705/229
f 448/485/1272 1830/485/1272 1829/489/1272
f 574/618/38 1956/618/38 1955/619/38
f 12/33/841 1394/33/841 1393/34/841
f 537/712/1273 1919/712/1273 1918/715/1273
f 261/256/33 1643/256/33 1642/255/33
f 1194/1129/233 2576/1129/233 2575/1131/233
f 472/506/234 1854/506/234 1853/505/234
f 630/622/1274 2012/622/1274 2011/620/1274
f 44/45/236 1426/45/236 1425/43/236
f 745/728/237 2127/728/237 2126/729/237
f 111/129/238 1493/129/238 1492/122/238
f 1218/1132/239 2600/1132/239 2599/1127/239
f 712/500/1275 2094/500/1275 2093/507/1275
f 608/520/241 1990/520/241 1989/519/241
f 566/632/1276 1948/632/1276 1947/634/1276
f 4/49/243 1386/49/243 1385/51/243
f 753/742/244 2135/742/244 2134/740/244
f 127/127/245 1509/127/245 1508/133/245
f 1098/1136/246 2480/1136/246 2479/1124/246
f 638/639/247 2020/639/247 2019/637/247
f 737/743/1277 2119/743/1277 2118/745/1277
f 181/259/44 1563/259/44 1562/239/44
f 1186/1143/249 2568/1143/249 2567/1144/249
f 592/528/250 1974/528/250 1973/532/250
f 84/59/1278 1466/59/1278 1465/55/1278
f 143/139/252 1525/139/252 1524/138/252
f 197/245/44 1579/245/44 1578/261/44
f 172/70/253 1554/70/253 1553/72/253
f 761/759/254 2143/759/254 2142/757/254
f 1226/1141/255 2608/1141/255 2607/1147/255
f 648/547/256 2030/547/256 2029/543/256
f 119/151/257 1501/151/257 1500/152/257
f 1178/1160/258 2560/1160/258 2559/1162/258
f 664/544/1279 2046/544/1279 2045/548/1279
f 729/758/1280 2111/758/1280 2110/760/1280
f 79/157/261 1461/157/261 1460/159/261
f 189/274/44 1571/274/44 1570/271/44
f 486/648/44 1868/648/44 1867/644/44
f 92/75/1281 1474/75/1281 1473/73/1281
f 558/650/263 1940/650/263 1939/651/263
f 164/86/264 1546/86/264 1545/88/264
f 929/778/265 2311/778/265 2310/775/265
f 381/280/266 1763/280/266 1762/282/266
f 1106/1168/267 2488/1168/267 2487/1166/267
f 1033/785/268 2415/785/268 2414/787/268
f 63/168/269 1445/168/269 1444/166/269
f 1170/1174/270 2552/1174/270 2551/1176/270
f 616/558/1282 1998/558/1282 1997/553/1282
f 71/173/272 1453/173/272 1452/175/272
f 389/285/273 1771/285/273 1770/283/273
f 100/91/951 1482/91/951 1481/89/951
f 223/186/275 1605/186/275 1604/185/275
f 584/563/276 1966/563/276 1965/567/276
f 526/671/277 1908/671/277 1907/667/277
f 156/101/278 1538/101/278 1537/103/278
f 937/794/279 2319/794/279 2318/792/279
f 231/194/280 1613/194/280 1612/193/280
f 1025/801/281 2407/801/281 2406/802/281
f 1114/1187/282 2496/1187/282 2495/1184/282
f 680/570/1283 2062/570/1283 2061/557/1283
f 518/668/284 1900/668/284 1899/673/284
f 215/195/285 1597/195/285 1596/197/285
f 325/293/286 1707/293/286 1706/289/286
f 1162/1188/1008 2544/1188/1008 2543/1190/1008
f 704/571/1284 2086/571/1284 2085/581/1284
f 494/674/1285 1876/674/1285 1875/670/1285
f 132/108/290 1514/108/290 1513/109/290
f 1146/1209/291 2528/1209/291 2527/1208/291
f 656/578/50 2038/578/50 2037/580/50
f 550/675/292 1932/675/292 1931/679/292
f 945/810/293 2327/810/293 2326/808/293
f 207/208/294 1589/208/294 1588/209/294
f 277/299/295 1659/299/295 1658/291/295
f 1154/1206/296 2536/1206/296 2535/1210/296
f 624/598/33 2006/598/33 2005/597/33
f 108/112/1286 1490/112/1286 1489/106/1286
f 1017/818/298 2399/818/298 2398/820/298
f 429/303/1287 1811/303/1287 1810/311/1287
f 542/697/1288 1924/697/1288 1923/699/1288
f 148/125/1289 1530/125/1289 1529/128/1289
f 1122/1220/302 2504/1220/302 2503/1219/302
f 502/700/303 1884/700/303 1883/698/303
f 140/132/304 1522/132/304 1521/130/304
f 1001/823/305 2383/823/305 2382/824/305
f 239/216/1290 1621/216/1290 1620/213/1290
f 317/313/307 1699/313/307 1698/321/307
f 1138/1200/308 2520/1200/308 2519/1221/308
f 688/604/309 2070/604/309 2069/602/309
f 124/142/1291 1506/142/1291 1505/144/1291
f 247/224/311 1629/224/311 1628/225/311
f 1130/1230/312 2512/1230/312 2511/1232/312
f 696/603/1292 2078/603/1292 2077/606/1292
f 255/232/50 1637/232/50 1636/218/50
f 333/331/314 1715/331/314 1714/326/314
f 1354/1255/315 2736/1255/315 2735/1254/315
f 576/614/38 1958/614/38 1957/615/38
f 510/718/1293 1892/718/1293 1891/717/1293
f 116/148/317 1498/148/317 1497/146/317
f 953/832/318 2335/832/318 2334/826/318
f 199/238/50 1581/238/50 1580/242/50
f 1378/1245/319 2760/1245/319 2759/1256/319
f 632/627/1294 2014/627/1294 2013/625/1294
f 534/720/321 1916/720/321 1915/714/321
f 1009/840/322 2391/840/322 2390/837/322
f 285/336/1295 1667/336/1295 1666/332/1295
f 1242/1259/324 2624/1259/324 2623/1250/324
f 774/721/325 2156/721/325 2155/722/325
f 60/162/326 1442/162/326 1441/160/326
f 993/849/327 2375/849/327 2374/850/327
f 373/335/328 1755/335/328 1754/343/328
f 1362/1267/329 2744/1267/329 2743/1265/329
f 568/628/1296 1950/628/1296 1949/630/1296
f 76/163/331 1458/163/331 1457/165/331
f 421/342/332 1803/342/332 1802/347/332
f 742/733/333 2124/733/333 2123/735/333
f 397/357/334 1779/357/334 1778/349/334
f 1346/1248/335 2728/1248/335 2727/1268/335
f 640/643/1297 2022/643/1297 2021/641/1297
f 750/736/337 2132/736/337 2131/734/337
f 560/646/38 1942/646/38 1941/647/38
f 68/178/338 1450/178/338 1449/176/338
f 985/861/1298 2367/861/1298 2366/862/1298
f 183/264/50 1565/264/50 1564/260/50
f 309/361/340 1691/361/340 1690/365/340
f 220/183/341 1602/183/341 1601/182/341
f 191/270/50 1573/270/50 1572/273/50
f 1338/1279/1299 2720/1279/1299 2719/1281/1299
f 734/749/1037 2116/749/1037 2115/750/1037
f 228/191/344 1610/191/344 1609/190/344
f 488/652/345 1870/652/345 1869/649/345
f 383/277/346 1765/277/346 1764/278/346
f 293/374/347 1675/374/347 1674/370/347
f 1330/1295/348 2712/1295/348 2711/1298/348
f 520/660/349 1902/660/349 1901/664/349
f 758/752/1042 2140/752/1042 2139/751/1042
f 212/200/351 1594/200/351 1593/202/351
f 1370/1299/352 2752/1299/352 2751/1297/352
f 552/669/353 1934/669/353 1933/672/353
f 236/207/354 1618/207/354 1617/204/354
f 961/867/1300 2343/867/1300 2342/860/1300
f 341/382/356 1723/382/356 1722/376/356
f 977/870/1301 2359/870/1301 2358/871/1301
f 431/288/358 1813/288/358 1812/297/358
f 726/764/1302 2108/764/1302 2107/767/1302
f 204/212/38 1586/212/38 1585/215/38
f 969/879/1303 2351/879/1303 2350/880/1303
f 327/300/361 1709/300/361 1708/296/361
f 301/392/1304 1683/392/1304 1682/394/1304
f 766/768/363 2148/768/363 2147/766/363
f 881/892/364 2263/892/364 2262/890/364
f 391/304/365 1773/304/365 1772/295/365
f 252/217/1305 1634/217/1305 1633/219/1305
f 413/399/367 1795/399/367 1794/402/367
f 1250/1309/368 2632/1309/368 2631/1306/368
f 496/680/369 1878/680/369 1877/676/369
f 244/228/370 1626/228/370 1625/229/370
f 873/895/1306 2255/895/1306 2254/897/1306
f 1322/1312/372 2704/1312/372 2703/1314/372
f 319/302/373 1701/302/373 1700/307/373
f 528/682/1307 1910/682/1307 1909/677/1307
f 934/788/1308 2316/788/1308 2315/786/1308
f 180/239/33 1562/239/33 1561/240/33
f 889/909/376 2271/909/376 2270/907/376
f 279/310/377 1661/310/377 1660/305/377
f 405/407/378 1787/407/378 1786/403/378
f 544/691/1309 1926/691/1309 1925/693/1309
f 1030/791/1310 2412/791/1310 2411/793/1310
f 365/404/1311 1747/404/1311 1746/412/1311
f 179/240/50 1561/240/50 1640/236/50
f 865/910/382 2247/910/382 2246/912/382
f 375/317/383 1757/317/383 1756/325/383
f 1258/1327/384 2640/1327/384 2639/1324/384
f 504/705/1312 1886/705/1312 1885/704/1312
f 423/334/1313 1805/334/1313 1804/337/1313
f 349/414/1314 1731/414/1314 1730/413/1314
f 1314/1326/388 2696/1326/388 2695/1328/388
f 512/703/389 1894/703/389 1893/710/389
f 942/805/390 2324/805/390 2323/803/390
f 267/241/38 1649/241/38 1652/246/38
f 1306/1340/391 2688/1340/391 2687/1341/391
f 536/715/1315 1918/715/1315 1917/719/1315
f 1022/807/393 2404/807/393 2403/809/393
f 268/247/44 1650/247/44 1649/241/44
f 357/425/394 1739/425/394 1738/423/394
f 744/729/395 2126/729/395 2125/731/395
f 461/454/396 1843/454/396 1842/450/396
f 1290/1352/397 2672/1352/397 2671/1351/397
f 950/819/398 2332/819/398 2331/817/398
f 287/344/399 1669/344/399 1668/341/399
f 453/462/400 1835/462/400 1834/466/400
f 752/740/401 2134/740/401 2133/738/401
f 1006/833/402 2388/833/402 2387/830/402
f 897/919/403 2279/919/403 2278/918/403
f 335/345/404 1717/345/404 1716/338/404
f 717/461/1316 2099/461/1316 2098/468/1316
f 1266/1359/406 2648/1359/406 2647/1348/406
f 736/745/407 2118/745/407 2117/747/407
f 998/831/408 2380/831/408 2379/834/408
f 259/251/38 1641/251/38 1644/254/38
f 311/352/409 1693/352/409 1692/355/409
f 1298/1364/410 2680/1364/410 2679/1363/410
f 260/255/44 1642/255/44 1641/251/44
f 437/473/1317 1819/473/1317 1818/469/1317
f 1282/1371/412 2664/1371/412 2663/1372/412
f 760/757/1318 2142/757/1318 2141/755/1318
f 196/261/38 1578/261/38 1577/262/38
f 399/371/1319 1781/371/1319 1780/363/1319
f 477/481/415 1859/481/415 1858/487/415
f 1014/836/416 2396/836/416 2395/843/416
f 188/271/33 1570/271/33 1569/272/33
f 1274/1382/417 2656/1382/417 2655/1381/417
f 728/760/418 2110/760/418 2109/762/418
f 388/283/419 1770/283/419 1769/281/419
f 857/930/420 2239/930/420 2238/929/420
f 51/4/421 1433/4/421 1432/6/421
f 295/383/422 1677/383/422 1676/379/422
f 469/495/1320 1851/495/1320 1850/490/1320
f 27/10/424 1409/10/424 1408/7/424
f 768/772/425 2150/772/425 2149/770/425
f 958/853/426 2340/853/426 2339/851/426
f 380/282/427 1762/282/427 1761/284/427
f 445/497/428 1827/497/428 1826/504/428
f 928/775/1321 2310/775/1321 2309/776/1321
f 990/854/430 2372/854/430 2371/855/430
f 303/385/1322 1685/385/1322 1684/388/1322
f 19/19/432 1401/19/432 1400/21/432
f 1032/787/433 2414/787/433 2413/789/433
f 982/864/1323 2364/864/1323 2363/865/1323
f 605/511/50 1987/511/50 1986/435/50
f 974/873/812 2356/873/812 2355/874/812
f 415/380/1324 1797/380/1324 1796/390/1324
f 35/26/1325 1417/26/1325 1416/24/1325
f 966/883/438 2348/883/438 2347/884/438
f 343/397/1326 1725/397/1326 1724/389/1326
f 597/442/50 1979/442/50 1978/512/50
f 936/792/440 2318/792/440 2317/790/440
f 367/386/441 1749/386/441 1748/398/441
f 709/514/442 2091/514/442 2090/515/442
f 11/34/1327 1393/34/1327 1392/36/1327
f 1024/802/444 2406/802/444 2405/804/444
f 878/887/50 2260/887/50 2259/888/50
f 921/944/445 2303/944/445 2302/945/445
f 886/902/1328 2268/902/1328 2267/900/1328
f 323/287/447 1705/287/447 1813/288/447
f 43/43/448 1425/43/448 1424/41/448
f 324/289/449 1706/289/449 1705/287/449
f 905/949/450 2287/949/450 2286/948/450
f 677/527/451 2059/527/451 2058/516/451
f 944/808/452 2326/808/452 2325/806/452
f 870/901/1329 2252/901/1329 2251/903/1329
f 275/286/454 1657/286/454 1704/290/454
f 407/417/455 1789/417/455 1788/411/455
f 645/534/1330 2027/534/1330 2026/530/1330
f 3/51/457 1385/51/457 1384/53/457
f 894/916/458 2276/916/458 2275/915/458
f 276/291/459 1658/291/459 1657/286/459
f 351/418/460 1733/418/460 1732/415/460
f 83/55/1331 1465/55/1331 1464/56/1331
f 952/826/1332 2334/826/1332 2333/821/1332
f 854/927/463 2236/927/463 2235/924/463
f 428/311/1333 1810/311/1333 1809/316/1333
f 1016/820/465 2398/820/465 2397/827/465
f 902/932/466 2284/932/466 2283/923/466
f 359/427/467 1741/427/467 1740/426/467
f 613/545/468 1995/545/468 1994/540/468
f 862/936/469 2244/936/469 2243/935/469
f 913/961/470 2295/961/470 2294/960/470
f 91/73/1334 1473/73/1334 1472/71/1334
f 1000/824/472 2382/824/472 2381/829/472
f 918/950/473 2300/950/473 2299/953/473
f 332/326/474 1714/326/474 1713/320/474
f 589/542/1335 1971/542/1335 1970/546/1335
f 171/72/476 1553/72/476 1552/74/476
f 910/957/477 2292/957/477 2291/955/477
f 599/440/50 1981/440/50 1980/441/50
f 1008/837/1336 2390/837/1336 2389/835/1336
f 846/967/479 2228/967/479 2227/968/479
f 316/321/480 1698/321/480 1697/327/480
f 661/556/1337 2043/556/1337 2042/560/1337
f 992/850/1338 2374/850/1338 2373/852/1338
f 671/452/483 2053/452/483 2052/432/483
f 653/569/1339 2035/569/1339 2034/565/1339
f 99/89/485 1481/89/485 1480/87/485
f 719/443/486 2101/443/486 2100/453/486
f 163/88/487 1545/88/487 1544/90/487
f 849/964/488 2231/964/488 2230/965/488
f 455/451/489 1837/451/489 1836/457/489
f 782/985/1340 2164/985/1340 2163/981/1340
f 284/332/491 1666/332/491 1665/328/491
f 798/984/311 2180/984/311 2179/986/311
f 396/349/492 1778/349/492 1777/340/492
f 621/583/50 2003/583/50 2002/577/50
f 155/103/493 1537/103/493 1536/105/493
f 960/860/494 2342/860/494 2341/856/494
f 790/998/495 2172/998/495 2171/999/495
f 420/347/496 1802/347/496 1801/350/496
f 463/463/497 1845/463/497 1844/458/497
f 107/106/498 1489/106/498 1488/104/498
f 984/862/1341 2366/862/1341 2365/863/1341
f 838/976/500 2220/976/500 2219/1002/500
f 372/343/501 1754/343/501 1753/353/501
f 479/471/502 1861/471/502 1860/476/502
f 581/579/50 1963/579/50 1962/584/50
f 976/871/503 2358/871/503 2357/872/503
f 701/588/1342 2083/588/1342 2082/589/1342
f 131/109/505 1513/109/505 1512/110/505
f 968/880/506 2350/880/506 2349/881/506
f 880/890/1343 2262/890/1343 2261/886/1343
f 806/1009/1344 2188/1009/1344 2187/1007/1344
f 439/483/1345 1821/483/1345 1820/478/1345
f 447/489/1346 1829/489/1346 1828/493/1346
f 685/595/511 2067/595/511 2066/593/511
f 139/130/1347 1521/130/1347 1520/126/1347
f 872/897/1348 2254/897/1348 2253/899/1348
f 308/365/514 1690/365/514 1689/369/514
f 841/972/515 2223/972/515 2222/973/515
f 147/128/516 1529/128/516 1528/131/516
f 830/1018/517 2212/1018/517 2211/1021/517
f 292/370/1349 1674/370/1349 1673/364/1349
f 693/611/519 2075/611/519 2074/610/519
f 888/907/1350 2270/907/1350 2269/905/1350
f 814/1022/521 2196/1022/521 2195/1020/521
f 471/505/522 1853/505/522 1852/499/522
f 629/620/1351 2011/620/1351 2010/617/1351
f 896/918/524 2278/918/524 2277/917/524
f 711/507/525 2093/507/525 2092/508/525
f 856/929/526 2238/929/526 2237/928/526
f 822/1031/527 2204/1031/527 2203/1030/527
f 340/376/1352 1722/376/1352 1721/368/1352
f 607/519/44 1989/519/44 1988/510/44
f 573/619/1353 1955/619/1353 1954/621/1353
f 123/144/530 1505/144/530 1504/145/530
f 776/937/33 2158/937/33 2157/938/33
f 1086/1041/531 2468/1041/531 2467/1043/531
f 777/977/532 2159/977/532 2158/937/532
f 115/146/533 1497/146/533 1496/143/533
f 775/938/534 2157/938/534 2307/939/534
f 1038/1045/535 2420/1045/535 2419/1046/535
f 801/983/33 2183/983/33 2182/975/33
f 591/532/1354 1973/532/1354 1972/537/1354
f 864/912/537 2246/912/537 2245/940/537
f 1037/1046/538 2419/1046/538 2444/1047/538
f 300/394/539 1682/394/539 1681/396/539
f 565/634/1355 1947/634/1355 1946/636/1355
f 920/945/541 2302/945/541 2301/947/541
f 1062/1047/542 2444/1047/542 2443/1050/542
f 637/637/1356 2019/637/1356 2018/635/1356
f 59/160/1357 1441/160/1357 1440/158/1357
f 904/948/545 2286/948/545 2285/946/545
f 647/543/1358 2029/543/1358 2028/538/1358
f 75/165/547 1457/165/547 1456/167/547
f 912/960/548 2294/960/548 2293/958/548
f 404/403/1359 1786/403/1359 1785/400/1359
f 785/992/550 2167/992/550 2166/989/550
f 485/644/33 1867/644/33 1866/645/33
f 848/965/551 2230/965/551 2229/966/551
f 1070/1062/552 2452/1062/552 2451/1058/552
f 412/402/553 1794/402/553 1793/406/553
f 793/993/554 2175/993/554 2174/994/554
f 484/645/50 1866/645/50 2022/643/50
f 840/973/555 2222/973/555 2221/974/555
f 1078/1079/1360 2460/1079/1360 2459/1083/1360
f 663/548/1361 2045/548/1361 2044/552/1361
f 557/651/558 1939/651/558 1938/654/558
f 67/176/559 1449/176/559 1448/174/559
f 800/975/560 2182/975/560 2181/982/560
f 615/553/1362 1997/553/1362 1996/549/1362
f 219/182/562 1601/182/562 1600/179/562
f 348/413/1363 1730/413/1363 1729/409/1363
f 833/1011/564 2215/1011/564 2214/1013/564
f 679/557/565 2061/557/565 2060/541/565
f 227/190/566 1609/190/566 1608/189/566
f 809/1014/567 2191/1014/567 2190/1012/567
f 784/989/568 2166/989/568 2165/987/568
f 1046/1090/569 2428/1090/569 2427/1084/569
f 356/423/570 1738/423/570 1737/422/570
f 583/567/571 1965/567/571 1964/574/571
f 525/667/572 1907/667/572 1906/662/572
f 211/202/573 1593/202/573 1592/203/573
f 792/994/574 2174/994/574 2173/996/574
f 1054/1086/575 2436/1086/575 2435/1091/575
f 364/412/576 1746/412/576 1745/429/576
f 235/204/577 1617/204/577 1616/201/577
f 604/435/33 1986/435/33 1985/436/33
f 817/1026/578 2199/1026/578 2198/1024/578
f 655/580/579 2037/580/579 2036/576/579
f 493/670/580 1875/670/580 1874/666/580
f 1094/1095/581 2476/1095/581 2475/1089/581
f 517/673/582 1899/673/582 1898/678/582
f 251/219/583 1633/219/583 1632/221/583
f 808/1012/584 2190/1012/584 2189/1010/584
f 1206/1108/1364 2588/1108/1364 2587/1107/1364
f 460/450/586 1842/450/586 1841/444/586
f 825/1035/1365 2207/1035/1365 2206/1034/1365
f 549/679/588 1931/679/588 1930/681/588
f 243/229/589 1625/229/589 1624/230/589
f 832/1013/590 2214/1013/590 2213/1016/590
f 1230/1106/591 2612/1106/591 2611/1114/591
f 703/581/592 2085/581/592 2084/586/592
f 1214/1119/593 2596/1119/593 2595/1117/593
f 501/698/1366 1883/698/1366 1882/696/1366
f 203/215/50 1585/215/50 1584/233/50
f 816/1024/595 2198/1024/595 2197/1023/595
f 436/469/596 1818/469/596 1817/464/596
f 623/597/44 2005/597/44 2004/582/44
f 541/699/1367 1923/699/1367 1922/702/1367
f 1198/1123/598 2580/1123/598 2579/1125/598
f 452/466/599 1834/466/599 1833/472/599
f 1065/1042/600 2447/1042/600 2446/1037/600
f 195/262/50 1577/262/50 1576/265/50
f 716/468/601 2098/468/601 2097/477/601
f 687/602/602 2069/602/602 2068/596/602
f 824/1034/1368 2206/1034/1368 2205/1032/1368
f 1190/1135/604 2572/1135/604 2571/1138/604
f 695/606/1369 2077/606/1369 2076/608/1369
f 1064/1037/606 2446/1037/606 2445/1038/606
f 1222/1149/607 2604/1149/607 2603/1145/607
f 1041/1067/608 2423/1067/608 2422/1061/608
f 533/714/609 1915/714/609 1914/708/609
f 1063/1038/1370 2445/1038/1370 2470/1039/1370
f 468/490/611 1850/490/611 1849/486/611
f 1081/1064/612 2463/1064/612 2462/1069/612
f 187/272/50 1569/272/50 1568/268/50
f 1088/1039/613 2470/1039/613 2469/1040/613
f 1182/1154/1371 2564/1154/1371 2563/1155/1371
f 476/487/614 1858/487/614 1857/491/614
f 575/615/44 1957/615/44 1956/618/44
f 509/717/1372 1891/717/1372 1890/716/1372
f 387/281/616 1769/281/616 1768/279/616
f 631/625/617 2013/625/617 2012/622/617
f 444/504/618 1826/504/618 1825/503/618
f 1057/1070/1373 2439/1070/1373 2438/1076/1373
f 773/722/50 2155/722/50 2154/723/50
f 379/284/620 1761/284/620 1760/292/620
f 1040/1061/621 2422/1061/621 2421/1057/621
f 1073/1078/622 2455/1078/622 2454/1072/622
f 567/630/623 1949/630/623 1948/632/623
f 749/734/54 2131/734/54 2130/732/54
f 1233/1074/624 2615/1074/624 2614/1085/624
f 1102/1159/625 2484/1159/625 2483/1156/625
f 596/512/38 1978/512/38 1977/513/38
f 639/641/626 2021/641/626 2020/639/626
f 741/735/56 2123/735/56 2122/737/56
f 427/316/627 1809/316/627 1808/319/627
f 1072/1072/628 2454/1072/628 2453/1068/628
f 1174/1167/629 2556/1167/629 2555/1169/629
f 1201/1098/630 2583/1098/630 2582/1099/630
f 331/320/631 1713/320/631 1712/315/631
f 1080/1069/1374 2462/1069/1374 2461/1073/1374
f 1049/1102/633 2431/1102/633 2430/1097/633
f 487/649/1375 1869/649/1375 1868/648/1375
f 757/751/635 2139/751/635 2138/748/635
f 1056/1076/636 2438/1076/636 2437/1081/636
f 676/516/637 2058/516/637 2057/509/637
f 1209/1112/638 2591/1112/638 2590/1111/638
f 1110/1177/639 2492/1177/639 2491/1175/639
f 708/515/38 2090/515/38 2089/518/38
f 559/647/44 1941/647/44 1940/650/44
f 733/750/1376 2115/750/1376 2114/753/1376
f 283/328/1377 1665/328/1377 1664/323/1377
f 1232/1085/642 2614/1085/642 2613/1094/642
f 1166/1181/643 2548/1181/643 2547/1183/643
f 519/664/1378 1901/664/1378 1900/668/1378
f 765/766/1379 2147/766/1379 2146/765/1379
f 1097/1124/645 2479/1124/645 2478/1118/645
f 315/327/646 1697/327/646 1696/333/646
f 1048/1097/647 2430/1097/647 2429/1093/647
f 1217/1127/648 2599/1127/648 2598/1122/648
f 725/767/1380 2107/767/1380 2106/769/1380
f 395/340/649 1777/340/649 1776/330/649
f 1158/1194/650 2540/1194/650 2539/1196/650
f 644/530/1381 2026/530/1381 2025/524/1381
f 419/350/652 1801/350/652 1800/358/652
f 1200/1099/653 2582/1099/653 2581/1100/653
f 668/522/1382 2050/522/1382 2049/531/1382
f 1193/1131/655 2575/1131/655 2574/1133/655
f 371/353/656 1753/353/656 1752/359/656
f 551/672/1383 1933/672/1383 1932/675/1383
f 1185/1144/658 2567/1144/658 2566/1148/658
f 495/676/1384 1877/676/1384 1876/674/1384
f 933/786/660 2315/786/660 2314/784/660
f 612/540/1385 1994/540/1385 1993/536/1385
f 527/677/662 1909/677/662 1908/671/662
f 1029/793/1386 2411/793/1386 2410/795/1386
f 291/364/664 1673/364/664 1672/360/664
f 1225/1147/665 2607/1147/665 2606/1153/665
f 49/5/666 1431/5/666 1436/1/666
f 543/693/1387 1925/693/1387 1924/697/1387
f 588/546/668 1970/546/668 1969/550/668
f 1177/1162/669 2559/1162/669 2558/1163/669
f 339/368/1388 1721/368/1388 1720/362/1388
f 50/6/44 1432/6/44 1431/5/44
f 660/560/671 2042/560/671 2041/564/671
f 26/7/672 1408/7/672 1407/8/672
f 503/704/1389 1885/704/1389 1884/700/1389
f 941/803/674 2323/803/674 2322/800/674
f 307/369/675 1689/369/675 1688/373/675
f 1208/1111/676 2590/1111/676 2589/1110/676
f 652/565/677 2034/565/677 2033/561/677
f 1105/1166/678 2487/1166/678 2486/1164/678
f 511/710/679 1893/710/679 1892/718/679
f 1021/809/680 2403/809/680 2402/812/680
f 1169/1176/681 2551/1176/681 2550/1178/681
f 18/21/1390 1400/21/1390 1399/23/1390
f 535/719/683 1917/719/683 1916/720/683
f 34/24/684 1416/24/684 1415/22/684
f 299/396/1391 1681/396/1391 1680/393/1391
f 620/577/686 2002/577/686 2001/573/686
f 743/731/143 2125/731/143 2124/733/143
f 949/817/687 2331/817/687 2330/815/687
f 1113/1184/688 2495/1184/688 2494/1182/688
f 1005/830/689 2387/830/689 2386/828/689
f 580/584/38 1962/584/38 1961/585/38
f 1161/1190/23 2543/1190/23 2542/1191/23
f 10/36/691 1392/36/691 1391/38/691
f 751/738/692 2133/738/692 2132/736/692
f 403/400/1392 1785/400/1392 1784/395/1392
f 1145/1208/27 2527/1208/27 2526/1207/27
f 997/834/694 2379/834/694 2378/839/694
f 1153/1210/31 2535/1210/31 2534/1214/31
f 42/41/695 1424/41/695 1423/39/695
f 735/747/155 2117/747/155 2116/749/155
f 347/409/696 1729/409/696 1728/408/696
f 1096/1118/697 2478/1118/697 2477/1109/697
f 700/589/1393 2082/589/1393 2081/592/1393
f 1/54/699 1383/54/699 1430/52/699
f 759/755/157 2141/755/157 2140/752/157
f 411/406/700 1793/406/700 1792/410/700
f 684/593/1394 2066/593/1394 2065/591/1394
f 1121/1219/702 2503/1219/702 2502/1218/702
f 2/53/703 1384/53/703 1383/54/703
f 1013/843/704 2395/843/704 2394/847/704
f 1137/1221/705 2519/1221/705 2518/1222/705
f 727/762/1395 2109/762/1395 2108/764/1395
f 355/422/707 1737/422/707 1736/421/707
f 1216/1122/708 2598/1122/708 2597/1121/708
f 1129/1232/709 2511/1232/709 2510/1233/709
f 82/56/710 1464/56/710 1463/57/710
f 363/429/711 1745/429/711 1744/430/711
f 692/610/1396 2074/610/1396 2073/609/1396
f 81/57/1397 1463/57/1397 1560/58/1397
f 957/851/713 2339/851/713 2338/848/713
f 628/617/33 2010/617/33 2009/616/33
f 178/58/1398 1560/58/1398 1559/60/1398
f 767/770/715 2149/770/715 2148/768/715
f 989/855/716 2371/855/716 2370/857/716
f 603/436/50 1985/436/50 1984/437/50
f 1192/1133/717 2574/1133/717 2573/1134/717
f 1241/1250/718 2623/1250/718 2622/1244/718
f 981/865/1399 2363/865/1399 2362/866/1399
f 459/444/720 1841/444/720 1840/445/720
f 572/621/1022 1954/621/1022 1953/623/1022
f 1353/1254/722 2735/1254/722 2734/1253/722
f 927/776/1400 2309/776/1400 2308/777/1400
f 973/874/506 2355/874/506 2354/876/506
f 458/445/724 1840/445/724 1865/446/724
f 1184/1148/1401 2566/1148/1401 2565/1150/1401
f 636/635/1402 2018/635/1402 2017/633/1402
f 1377/1256/727 2759/1256/727 2758/1264/727
f 90/71/1403 1472/71/1403 1471/69/1403
f 965/884/1404 2347/884/1404 2346/885/1404
f 483/446/730 1865/446/730 1864/455/730
f 1361/1265/731 2743/1265/731 2742/1263/731
f 170/74/732 1552/74/732 1551/77/732
f 926/777/733 2308/777/733 2418/779/733
f 1224/1153/734 2606/1153/734 2605/1151/734
f 564/636/1405 1946/636/1405 1945/638/1405
f 877/888/736 2259/888/736 2258/889/736
f 1345/1268/737 2727/1268/737 2726/1270/737
f 435/464/738 1817/464/738 1816/459/738
f 98/87/739 1480/87/739 1479/85/739
f 935/790/1406 2317/790/1406 2316/788/1406
f 885/900/1407 2267/900/1407 2266/898/1407
f 451/472/1408 1833/472/1408 1832/475/1408
f 1337/1281/743 2719/1281/743 2718/1283/743
f 162/90/1409 1544/90/1409 1543/92/1409
f 1031/789/1410 2413/789/1410 2412/791/1410
f 1104/1164/746 2486/1164/746 2485/1161/746
f 556/654/747 1938/654/747 1937/658/747
f 1369/1297/748 2751/1297/748 2750/1292/748
f 869/903/1411 2251/903/1411 2250/904/1411
f 1176/1163/750 2558/1163/750 2557/1165/750
f 943/806/751 2325/806/751 2324/805/751
f 715/477/1412 2097/477/1412 2096/482/1412
f 1168/1178/753 2550/1178/753 2549/1179/753
f 524/662/754 1906/662/754 1905/657/754
f 1329/1298/755 2711/1298/755 2710/1302/755
f 106/104/756 1488/104/756 1487/102/756
f 1023/804/757 2405/804/757 2404/807/757
f 893/915/758 2275/915/758 2274/914/758
f 467/486/1413 1849/486/1413 1848/479/1413
f 154/105/760 1536/105/760 1535/107/760
f 901/923/1414 2283/923/1414 2282/922/1414
f 475/491/762 1857/491/762 1856/496/762
f 853/924/763 2235/924/763 2234/925/763
f 1112/1182/764 2494/1182/764 2493/1180/764
f 492/666/765 1874/666/765 1873/663/765
f 130/110/766 1512/110/766 1511/117/766
f 951/821/767 2333/821/767 2332/819/767
f 861/935/768 2243/935/768 2242/934/768
f 1160/1191/169 2542/1191/169 2541/1193/169
f 516/678/769 1898/678/769 1897/683/769
f 1249/1306/770 2631/1306/770 2630/1304/770
f 925/939/771 2307/939/771 2306/941/771
f 443/503/1415 1825/503/1415 1824/498/1415
f 1144/1207/174 2526/1207/174 2525/1205/174
f 548/681/773 1930/681/773 1929/685/773
f 1321/1314/774 2703/1314/774 2702/1316/774
f 999/829/1416 2381/829/1416 2380/831/1416
f 909/955/776 2291/955/776 2290/954/776
f 138/126/1417 1520/126/1417 1519/124/1417
f 917/953/778 2299/953/778 2298/956/778
f 146/131/779 1528/131/779 1527/134/779
f 1007/835/780 2389/835/780 2388/833/780
f 845/968/781 2227/968/781 2226/969/781
f 675/509/782 2057/509/782 2056/502/782
f 500/696/783 1882/696/783 1881/692/783
f 1257/1324/784 2639/1324/784 2638/1322/784
f 1015/827/785 2397/827/785 2396/836/785
f 643/524/1418 2025/524/1418 2024/523/1418
f 1152/1214/185 2534/1214/185 2533/1217/185
f 1313/1328/787 2695/1328/787 2694/1330/787
f 781/981/788 2163/981/788 2162/980/788
f 114/143/1419 1496/143/1419 1495/141/1419
f 797/986/790 2179/986/790 2178/988/790
f 1120/1218/791 2502/1218/791 2501/1212/791
f 122/145/792 1504/145/792 1503/147/792
f 991/852/793 2373/852/793 2372/854/793
f 789/999/794 2171/999/794 2170/1000/794
f 595/513/44 1977/513/44 1976/525/44
f 1136/1222/795 2518/1222/795 2517/1224/795
f 540/702/796 1922/702/796 1921/706/796
f 1305/1341/650 2687/1341/650 2686/1343/650
f 837/1002/797 2219/1002/797 2218/1004/797
f 1128/1233/798 2510/1233/798 2509/1235/798
f 532/708/799 1914/708/799 1913/701/799
f 959/856/800 2341/856/800 2340/853/800
f 1265/1348/801 2647/1348/801 2646/1342/801
f 58/158/802 1440/158/802 1439/156/802
f 983/863/1420 2365/863/1420 2364/864/1420
f 667/531/1421 2049/531/1421 2048/535/1421
f 508/716/805 1890/716/805 1889/713/805
f 1289/1351/806 2671/1351/806 2670/1349/806
f 74/167/807 1456/167/807 1455/169/807
f 975/872/438 2357/872/438 2356/873/438
f 805/1007/808 2187/1007/808 2186/1005/808
f 611/536/809 1993/536/809 1992/533/809
f 1240/1244/810 2622/1244/810 2621/1242/810
f 1297/1363/811 2679/1363/811 2678/1362/811
f 967/881/435 2349/881/435 2348/883/435
f 1352/1253/813 2734/1253/813 2733/1252/813
f 772/723/814 2154/723/814 2153/724/814
f 1281/1372/815 2663/1372/815 2662/1373/815
f 879/886/1422 2261/886/1422 2260/887/1422
f 813/1020/817 2195/1020/817 2194/1019/817
f 587/550/1423 1969/550/1423 1968/554/1423
f 1360/1263/819 2742/1263/819 2741/1262/819
f 748/732/820 2130/732/820 2129/730/820
f 66/174/1424 1448/174/1424 1447/172/1424
f 829/1021/822 2211/1021/822 2210/1025/822
f 1376/1264/823 2758/1264/823 2757/1271/823
f 218/179/824 1600/179/824 1599/180/824
f 871/899/825 2253/899/825 2252/901/825
f 651/561/826 2033/561/826 2032/555/826
f 740/737/1269 2122/737/1269 2121/739/1269
f 226/189/828 1608/189/828 1607/188/828
f 821/1030/1425 2203/1030/1425 2202/1029/1425
f 1344/1270/830 2726/1270/830 2725/1272/830
f 1273/1381/831 2655/1381/831 2654/1378/831
f 234/201/832 1616/201/832 1615/199/832
f 887/905/1426 2269/905/1426 2268/902/1426
f 1085/1043/834 2467/1043/834 2466/1049/834
f 756/748/1427 2138/748/1427 2137/746/1427
f 895/917/1428 2277/917/1428 2276/916/1428
f 659/564/1429 2041/564/1429 2040/568/1429
f 1336/1283/838 2718/1283/838 2717/1284/838
f 210/203/839 1592/203/839 1591/205/839
f 855/928/840 2237/928/840 2236/927/840
f 707/518/44 2089/518/44 2088/572/44
f 732/753/841 2114/753/841 2113/754/841
f 250/221/842 1632/221/842 1631/222/842
f 863/940/843 2245/940/843 2244/936/843
f 1061/1050/1430 2443/1050/1430 2442/1056/1430
f 619/573/845 2001/573/845 2000/566/845
f 1368/1292/846 2750/1292/846 2749/1289/846
f 903/946/847 2285/946/847 2284/932/847
f 1069/1058/848 2451/1058/848 2450/1054/848
f 764/765/236 2146/765/236 2145/763/236
f 919/947/849 2301/947/849 2300/950/849
f 683/591/1431 2065/591/1431 2064/590/1431
f 911/958/851 2293/958/851 2292/957/851
f 699/592/1432 2081/592/1432 2080/594/1432
f 724/769/853 2106/769/853 2105/771/853
f 847/966/854 2229/966/854 2228/967/854
f 1328/1302/855 2710/1302/855 2709/1303/855
f 242/230/856 1624/230/856 1623/226/856
f 839/974/38 2221/974/38 2220/976/38
f 1045/1084/857 2427/1084/857 2426/1080/857
f 1036/779/1433 2418/779/1433 2417/781/1433
f 799/982/859 2181/982/859 2180/984/859
f 579/585/44 1961/585/44 1960/599/44
f 1248/1304/860 2630/1304/860 2629/1300/860
f 202/233/38 1584/233/38 1583/234/38
f 1077/1083/861 2459/1083/861 2458/1088/861
f 1320/1316/862 2702/1316/862 2701/1318/862
f 1093/1089/1434 2475/1089/1434 2474/1077/1434
f 932/784/1435 2314/784/1435 2313/782/1435
f 258/236/33 1640/236/33 1639/235/33
f 783/987/865 2165/987/865 2164/985/865
f 1053/1091/866 2435/1091/866 2434/1092/866
f 691/609/1436 2073/609/1436 2072/607/1436
f 1028/795/1437 2410/795/1437 2409/797/1437
f 274/249/50 1656/249/50 1655/250/50
f 791/996/869 2173/996/869 2172/998/869
f 1205/1107/870 2587/1107/870 2586/1105/870
f 627/616/44 2009/616/44 2008/612/44
f 1256/1322/871 2638/1322/871 2637/1320/871
f 266/257/50 1648/257/50 1647/258/50
f 1213/1117/872 2595/1117/872 2594/1116/872
f 1312/1330/873 2694/1330/873 2693/1332/873
f 194/265/38 1576/265/38 1575/266/38
f 807/1010/874 2189/1010/874 2188/1009/874
f 1229/1114/875 2611/1114/875 2610/1120/875
f 571/623/1438 1953/623/1438 1952/624/1438
f 940/800/877 2322/800/877 2321/798/877
f 831/1016/878 2213/1016/878 2212/1018/878
f 186/268/33 1568/268/33 1567/267/33
f 1197/1125/879 2579/1125/879 2578/1126/879
f 635/633/880 2017/633/880 2016/631/880
f 815/1023/1439 2197/1023/1439 2196/1022/1439
f 1264/1342/882 2646/1342/882 2645/1339/882
f 1020/812/883 2402/812/883 2401/814/883
f 386/279/884 1768/279/884 1767/275/884
f 563/638/1440 1945/638/1440 1944/640/1440
f 1304/1343/886 2686/1343/886 2685/1344/886
f 948/815/887 2330/815/887 2329/813/887
f 823/1032/888 2205/1032/888 2204/1031/888
f 1189/1138/889 2571/1138/889 2570/1139/889
f 1288/1349/890 2670/1349/890 2669/1345/890
f 1004/828/891 2386/828/891 2385/825/891
f 322/290/892 1704/290/892 1703/294/892
f 1087/1040/1441 2469/1040/1441 2468/1041/1441
f 1221/1145/894 2603/1145/894 2602/1142/894
f 1296/1362/895 2678/1362/895 2677/1360/895
f 996/839/896 2378/839/896 2377/841/896
f 378/292/1442 1760/292/1442 1759/301/1442
f 523/657/898 1905/657/898 1904/653/898
f 1101/1156/899 2483/1156/899 2482/1152/899
f 1280/1373/900 2662/1373/900 2661/1375/900
f 330/315/901 1712/315/901 1711/309/901
f 1039/1057/902 2421/1057/902 2420/1045/902
f 1181/1155/655 2563/1155/655 2562/1157/655
f 1173/1169/903 2555/1169/903 2554/1171/903
f 555/658/904 1937/658/904 1936/661/904
f 1012/847/905 2394/847/905 2393/845/905
f 491/663/906 1873/663/906 1872/659/906
f 1272/1378/907 2654/1378/907 2653/1374/907
f 956/848/908 2338/848/908 2337/844/908
f 282/323/909 1664/323/909 1663/318/909
f 1071/1068/1443 2453/1068/1443 2452/1062/1443
f 547/685/911 1929/685/911 1928/686/911
f 988/857/1444 2370/857/1444 2369/858/1444
f 426/319/913 1808/319/913 1807/324/913
f 1079/1073/914 2461/1073/914 2460/1079/914
f 1109/1175/915 2491/1175/915 2490/1173/915
f 515/683/916 1897/683/916 1896/688/916
f 25/8/237 1407/8/237 1406/9/237
f 980/866/1445 2362/866/1445 2361/868/1445
f 394/330/918 1776/330/918 1775/322/918
f 1055/1081/919 2437/1081/919 2436/1086/919
f 1165/1183/920 2547/1183/920 2546/1185/920
f 972/876/360 2354/876/360 2353/877/360
f 499/692/922 1881/692/922 1880/689/922
f 33/22/1446 1415/22/1446 1414/20/1446
f 314/333/924 1696/333/924 1695/339/924
f 17/23/248 1399/23/248 1398/25/248
f 1047/1093/925 2429/1093/925 2428/1090/925
f 1117/1195/926 2499/1195/926 2498/1192/926
f 964/885/927 2346/885/927 2345/882/927
f 1157/1196/886 2539/1196/886 2538/1197/886
f 531/701/928 1913/701/928 1912/694/928
f 41/39/1447 1423/39/1447 1422/37/1447
f 1141/1202/890 2523/1202/890 2522/1198/890
f 539/706/62 1921/706/62 1920/709/62
f 876/889/930 2258/889/930 2257/891/930
f 1231/1094/931 2613/1094/931 2612/1106/931
f 1149/1215/895 2531/1215/895 2530/1213/895
f 9/38/1280 1391/38/1280 1390/40/1280
f 290/360/1448 1672/360/1448 1671/354/1448
f 1095/1109/933 2477/1109/933 2476/1095/933
f 507/713/934 1889/713/934 1888/711/934
f 884/898/935 2266/898/935 2265/896/935
f 338/362/936 1720/362/936 1719/356/936
f 1207/1110/937 2589/1110/937 2588/1108/937
f 771/724/421 2153/724/421 2152/726/421
f 177/60/1449 1559/60/1449 1558/62/1449
f 418/358/939 1800/358/939 1799/366/939
f 1215/1121/940 2597/1121/940 2596/1119/940
f 1133/1226/941 2515/1226/941 2514/1228/941
f 747/730/424 2129/730/424 2128/727/424
f 868/904/1450 2250/904/1450 2249/906/1450
f 370/359/943 1752/359/943 1751/367/943
f 1199/1100/944 2581/1100/944 2580/1123/944
f 739/739/945 2121/739/945 2120/741/945
f 89/69/404 1471/69/404 1470/67/404
f 892/914/947 2274/914/947 2273/913/947
f 306/373/1451 1688/373/1451 1687/378/1451
f 1125/1231/949 2507/1231/949 2506/1227/949
f 169/77/1452 1551/77/1452 1550/79/1452
f 900/922/951 2282/922/951 2281/921/951
f 1191/1134/1453 2573/1134/1453 2572/1135/1453
f 1237/1236/176 2619/1236/176 2618/1237/176
f 755/746/437 2137/746/437 2136/744/437
f 298/393/953 1680/393/953 1679/391/953
f 1236/1237/954 2618/1237/954 2764/1238/954
f 852/925/38 2234/925/38 2233/926/38
f 402/395/955 1784/395/955 1783/384/955
f 1223/1151/956 2605/1151/956 2604/1149/956
f 1381/1239/957 2763/1239/957 2762/1241/957
f 731/754/443 2113/754/443 2112/756/443
f 97/85/1454 1479/85/1454 1478/83/1454
f 1349/1249/960 2731/1249/960 2730/1246/960
f 161/92/961 1543/92/961 1542/93/961
f 346/408/1455 1728/408/1455 1727/405/1455
f 1183/1150/963 2565/1150/963 2564/1154/963
f 1357/1260/964 2739/1260/964 2738/1258/964
f 763/763/448 2145/763/448 2144/761/448
f 410/410/965 1792/410/965 1791/416/965
f 723/771/457 2105/771/457 2104/773/457
f 105/102/966 1487/102/966 1486/100/966
f 354/421/967 1736/421/967 1735/420/967
f 1341/1275/968 2723/1275/968 2722/1277/968
f 153/107/969 1535/107/969 1534/111/969
f 362/430/970 1744/430/970 1743/431/970
f 1103/1161/971 2485/1161/971 2484/1159/971
f 1365/1280/972 2747/1280/972 2746/1274/972
f 860/934/1456 2242/934/1456 2241/933/1456
f 1175/1165/974 2557/1165/974 2556/1167/974
f 931/782/975 2313/782/975 2312/780/975
f 129/117/976 1511/117/976 1510/123/976
f 602/437/38 1984/437/38 1983/438/38
f 1245/1288/977 2627/1288/977 2626/1276/977
f 1035/781/978 2417/781/978 2416/783/978
f 137/124/979 1519/124/979 1518/120/979
f 1333/1287/980 2715/1287/980 2714/1290/980
f 434/459/1457 1816/459/1457 1815/456/1457
f 1111/1180/982 2493/1180/982 2492/1177/982
f 939/798/1458 2321/798/1458 2320/796/1458
f 482/455/216 1864/455/216 1863/460/216
f 1167/1179/1459 2549/1179/1459 2548/1181/1459
f 1373/1291/985 2755/1291/985 2754/1296/985
f 1027/797/1460 2409/797/1460 2408/799/1460
f 1159/1193/391 2541/1193/391 2540/1194/391
f 1325/1307/987 2707/1307/987 2706/1308/987
f 145/134/988 1527/134/988 1526/137/988
f 924/941/989 2306/941/989 2305/942/989
f 466/479/990 1848/479/990 1847/474/990
f 947/813/991 2329/813/991 2328/811/991
f 450/475/1461 1832/475/1461 1831/480/1461
f 1143/1205/397 2525/1205/397 2524/1204/397
f 1253/1315/993 2635/1315/993 2634/1313/993
f 1019/814/994 2401/814/994 2400/816/994
f 1317/1321/995 2699/1321/995 2698/1323/995
f 1003/825/996 2385/825/996 2384/822/996
f 113/141/1462 1495/141/1462 1494/136/1462
f 121/147/998 1503/147/998 1502/149/998
f 714/482/1463 2096/482/1463 2095/492/1463
f 1119/1212/1000 2501/1212/1000 2500/1201/1000
f 908/954/1001 2290/954/1001 2289/952/1001
f 1151/1217/410 2533/1217/410 2532/1216/410
f 955/844/1002 2337/844/1002 2336/838/1002
f 57/156/1003 1439/156/1003 1438/153/1003
f 1135/1224/1004 2517/1224/1004 2516/1225/1004
f 1261/1334/1005 2643/1334/1005 2642/1331/1005
f 1011/845/1006 2393/845/1006 2392/842/1006
f 442/498/1007 1824/498/1007 1823/494/1007
f 1309/1335/1008 2691/1335/1008 2690/1337/1008
f 1127/1235/1009 2509/1235/1009 2508/1234/1009
f 1293/1356/291 2675/1356/291 2674/1355/291
f 995/841/1464 2377/841/1464 2376/846/1464
f 73/169/1011 1455/169/1011 1454/171/1011
f 474/496/1012 1856/496/1012 1855/501/1012
f 1301/1353/296 2683/1353/296 2682/1357/296
f 65/172/1465 1447/172/1465 1446/170/1465
f 916/956/1014 2298/956/1014 2297/959/1014
f 674/502/1015 2056/502/1015 2055/484/1015
f 1239/1242/1016 2621/1242/1016 2620/1240/1016
f 1269/1367/1017 2651/1367/1017 2650/1366/1017
f 987/858/1466 2369/858/1466 2368/859/1466
f 217/180/1019 1599/180/1019 1598/181/1019
f 1351/1252/1020 2733/1252/1020 2732/1251/1020
f 1285/1347/1021 2667/1347/1021 2666/1368/1021
f 979/868/1467 2361/868/1467 2360/869/1467
f 1359/1262/1023 2741/1262/1023 2740/1261/1023
f 1277/1377/1024 2659/1377/1024 2658/1379/1024
f 844/969/1025 2226/969/1025 2225/970/1025
f 641/521/1026 2023/521/1026 2050/522/1026
f 54/1/1468 1436/1/1468 1435/2/1468
f 642/523/44 2024/523/44 2023/521/44
f 1343/1272/879 2725/1272/879 2724/1273/879
f 780/980/1027 2162/980/1027 2161/979/1027
f 22/13/333 1404/13/333 1403/15/333
f 796/988/1469 2178/988/1469 2177/990/1469
f 594/525/1030 1976/525/1030 1975/526/1030
f 1375/1271/1031 2757/1271/1031 2756/1282/1031
f 30/16/337 1412/16/337 1411/14/337
f 971/877/1470 2353/877/1470 2352/878/1470
f 225/188/1033 1607/188/1033 1606/187/1033
f 1335/1284/1034 2717/1284/1034 2716/1286/1034
f 610/533/1035 1992/533/1035 1991/529/1035
f 1367/1289/1036 2749/1289/1036 2748/1285/1036
f 14/29/1037 1396/29/1037 1395/30/1037
f 788/1000/1038 2170/1000/1038 2169/997/1038
f 666/535/1471 2048/535/1471 2047/539/1471
f 963/882/1040 2345/882/1040 2344/875/1040
f 650/555/1472 2032/555/1472 2031/551/1472
f 38/32/1042 1420/32/1042 1419/31/1042
f 1247/1300/1043 2629/1300/1043 2628/1294/1043
f 875/891/1044 2257/891/1044 2256/893/1044
f 804/1005/1045 2186/1005/1045 2185/1003/1045
f 586/554/1046 1968/554/1046 1967/559/1046
f 1327/1303/1047 2709/1303/1047 2708/1305/1047
f 836/1004/1048 2218/1004/1048 2217/1006/1048
f 6/44/1302 1388/44/1302 1387/47/1302
f 883/896/1050 2265/896/1050 2264/894/1050
f 46/48/1473 1428/48/1473 1427/46/1473
f 233/199/1474 1615/199/1474 1614/196/1474
f 867/906/1147 2249/906/1147 2248/908/1147
f 812/1019/1054 2194/1019/1054 2193/1017/1054
f 618/566/1475 2000/566/1475 1999/562/1475
f 1319/1318/1056 2701/1318/1056 2700/1319/1056
f 209/205/1057 1591/205/1057 1590/206/1057
f 706/572/33 2088/572/33 2087/517/33
f 1255/1320/1058 2637/1320/1058 2636/1317/1058
f 891/913/1476 2273/913/1476 2272/911/1476
f 820/1029/1060 2202/1029/1060 2201/1028/1060
f 658/568/1477 2040/568/1477 2039/575/1477
f 1311/1332/1062 2693/1332/1062 2692/1333/1062
f 86/63/1478 1468/63/1478 1467/61/1478
f 899/921/1064 2281/921/1064 2280/920/1064
f 828/1025/1065 2210/1025/1065 2209/1033/1065
f 174/66/1479 1556/66/1479 1555/68/1479
f 859/933/1067 2241/933/1067 2240/931/1067
f 923/942/1068 2305/942/1068 2304/943/1068
f 907/952/1069 2289/952/1069 2288/951/1069
f 1068/1054/1480 2450/1054/1480 2449/1048/1480
f 682/590/1481 2064/590/1481 2063/587/1481
f 1263/1339/1072 2645/1339/1072 2644/1336/1072
f 94/78/1482 1476/78/1482 1475/76/1482
f 915/959/1074 2297/959/1074 2296/962/1074
f 249/222/1075 1631/222/1075 1630/223/1075
f 1084/1049/1076 2466/1049/1076 2465/1055/1076
f 1287/1345/1077 2669/1345/1077 2668/1346/1077
f 166/82/1078 1548/82/1078 1547/84/1078
f 851/926/1079 2233/926/1079 2232/963/1079
f 1060/1056/1080 2442/1056/1080 2441/1060/1080
f 578/599/38 1960/599/38 1959/600/38
f 1303/1344/1081 2685/1344/1081 2684/1350/1081
f 843/970/1082 2225/970/1082 2224/971/1082
f 698/594/1483 2080/594/1483 2079/601/1483
f 1295/1360/672 2677/1360/672 2676/1358/672
f 241/226/1484 1623/226/1484 1622/220/1484
f 102/96/1085 1484/96/1085 1483/94/1085
f 779/979/1086 2161/979/1086 2160/978/1086
f 257/235/44 1639/235/44 1638/231/44
f 158/97/1087 1540/97/1087 1539/99/1087
f 795/990/1088 2177/990/1088 2176/991/1088
f 690/607/1089 2072/607/1089 2071/605/1089
f 134/115/1090 1516/115/1090 1515/113/1090
f 1092/1077/1091 2474/1077/1091 2473/1066/1091
f 626/612/33 2008/612/33 2007/613/33
f 201/234/44 1583/234/44 1582/237/44
f 1044/1080/1092 2426/1080/1092 2425/1075/1092
f 1271/1374/1093 2653/1374/1093 2652/1370/1093
f 787/997/1094 2169/997/1094 2168/995/1094
f 273/250/33 1655/250/33 1654/244/33
f 1279/1375/1095 2661/1375/1095 2660/1376/1095
f 1076/1088/1485 2458/1088/1485 2457/1087/1485
f 570/624/1486 1952/624/1486 1951/626/1486
f 150/118/1487 1532/118/1487 1531/121/1487
f 265/258/33 1647/258/33 1646/253/33
f 1052/1092/1098 2434/1092/1098 2433/1096/1098
f 24/9/395 1406/9/395 1405/11/395
f 110/122/1099 1492/122/1099 1491/116/1099
f 803/1003/1488 2185/1003/1488 2184/1001/1488
f 1204/1105/1489 2586/1105/1489 2585/1104/1489
f 634/631/1102 2016/631/1102 2015/629/1102
f 142/138/1490 1524/138/1490 1523/135/1490
f 835/1006/1104 2217/1006/1104 2216/1008/1104
f 1212/1116/1105 2594/1116/1105 2593/1115/1105
f 32/20/1106 1414/20/1106 1413/18/1106
f 126/133/1491 1508/133/1491 1507/140/1491
f 562/640/1492 1944/640/1492 1943/642/1492
f 185/267/44 1567/267/44 1566/263/44
f 1196/1126/1109 2578/1126/1109 2577/1128/1109
f 16/25/407 1398/25/407 1397/27/407
f 811/1017/1111 2193/1017/1111 2192/1015/1111
f 193/266/44 1575/266/44 1574/269/44
f 1228/1120/1112 2610/1120/1112 2609/1130/1112
f 118/152/1113 1500/152/1113 1499/150/1113
f 385/275/1114 1767/275/1114 1766/276/1114
f 40/37/413 1422/37/413 1421/35/413
f 78/159/1115 1460/159/1115 1459/161/1115
f 819/1028/1493 2201/1028/1493 2200/1027/1493
f 1188/1139/1034 2570/1139/1034 2569/1140/1034
f 522/653/1118 1904/653/1118 1903/656/1118
f 827/1033/1119 2209/1033/1119 2208/1036/1119
f 321/294/1120 1703/294/1120 1702/298/1120
f 1220/1142/1121 2602/1142/1121 2601/1137/1121
f 490/659/1122 1872/659/1122 1871/655/1122
f 8/40/1123 1390/40/1123 1389/42/1123
f 554/661/1124 1936/661/1124 1935/665/1124
f 62/166/1494 1444/166/1494 1443/164/1494
f 1067/1048/1125 2449/1048/1125 2448/1044/1125
f 48/52/1126 1430/52/1126 1429/50/1126
f 70/175/1495 1452/175/1495 1451/177/1495
f 377/301/1128 1759/301/1128 1758/308/1128
f 176/62/1129 1558/62/1129 1557/64/1129
f 222/185/1130 1604/185/1130 1603/184/1130
f 1083/1055/1131 2465/1055/1131 2464/1059/1131
f 329/309/1132 1711/309/1132 1710/306/1132
f 1100/1152/1133 2482/1152/1133 2481/1146/1133
f 230/193/1496 1612/193/1496 1611/192/1496
f 1180/1157/1135 2562/1157/1135 2561/1158/1135
f 498/689/1136 1880/689/1136 1879/684/1136
f 1235/1053/1137 2617/1053/1137 2616/1063/1137
f 88/67/1138 1470/67/1138 1469/65/1138
f 214/197/1139 1596/197/1139 1595/198/1139
f 1059/1060/1140 2441/1060/1140 2440/1065/1140
f 281/318/1497 1663/318/1497 1662/314/1497
f 546/686/1498 1928/686/1498 1927/690/1498
f 1091/1066/1143 2473/1066/1143 2472/1051/1143
f 393/322/1144 1775/322/1144 1774/312/1144
f 425/324/1145 1807/324/1145 1806/329/1145
f 1172/1171/1146 2554/1171/1146 2553/1172/1146
f 168/79/1147 1550/79/1147 1549/81/1147
f 206/209/1148 1588/209/1148 1587/211/1148
f 1043/1075/1149 2425/1075/1149 2424/1071/1149
f 1108/1173/1150 2490/1173/1150 2489/1170/1150
f 530/694/1151 1912/694/1151 1911/687/1151
f 238/213/1152 1620/213/1152 1619/210/1152
f 313/339/1153 1695/339/1153 1694/346/1153
f 1164/1185/1062 2546/1185/1062 2545/1186/1062
f 514/688/1499 1896/688/1499 1895/695/1499
f 96/83/1156 1478/83/1156 1477/80/1156
f 254/218/33 1636/218/33 1635/214/33
f 160/93/1157 1542/93/1157 1541/95/1157
f 246/225/1158 1628/225/1158 1627/227/1158
f 1075/1087/1159 2457/1087/1159 2456/1082/1159
f 1051/1096/1160 2433/1096/1160 2432/1103/1160
f 506/711/1500 1888/711/1500 1887/707/1500
f 198/242/38 1580/242/38 1579/245/38
f 1203/1104/1501 2585/1104/1501 2584/1101/1501
f 1116/1192/1163 2498/1192/1163 2497/1189/1163
f 538/709/1502 1920/709/1502 1919/712/1502
f 104/100/1503 1486/100/1503 1485/98/1503
f 1211/1115/1166 2593/1115/1166 2592/1113/1166
f 1140/1198/1077 2522/1198/1077 2521/1199/1077
f 769/725/666 2151/725/666 2156/721/666
f 152/111/1504 1534/111/1504 1533/114/1504
f 289/354/1505 1671/354/1505 1670/348/1505
f 1156/1197/1081 2538/1197/1081 2537/1203/1081
f 136/120/90 1518/120/90 1517/119/90
f 1195/1128/1169 2577/1128/1169 2576/1129/1169
f 337/356/1506 1719/356/1506 1718/351/1506
f 1148/1213/672 2530/1213/672 2529/1211/672
f 770/726/44 2152/726/44 2151/725/44
f 270/246/50 1652/246/50 1651/248/50
f 417/366/1171 1799/366/1171 1798/372/1171
f 746/727/672 2128/727/672 2127/728/672
f 128/123/1507 1510/123/1507 1509/127/1507
f 1219/1137/26 2601/1137/26 2600/1132/26
f 369/367/1173 1751/367/1173 1750/375/1173
f 738/741/1508 2120/741/1508 2119/743/1508
f 1227/1130/1174 2609/1130/1174 2608/1141/1174
f 305/378/1509 1687/378/1509 1686/381/1509
f 754/744/684 2136/744/684 2135/742/684
f 401/384/1177 1783/384/1177 1782/377/1177
f 1124/1227/1178 2506/1227/1178 2505/1223/1178
f 262/254/50 1644/254/50 1643/256/50
f 1187/1140/1179 2569/1140/1179 2568/1143/1179
f 1132/1228/1180 2514/1228/1180 2513/1229/1180
f 1099/1146/1181 2481/1146/1181 2480/1136/1181
f 1380/1241/1182 2762/1241/1182 2761/1243/1182
f 730/756/691 2112/756/691 2111/758/691
f 112/136/1184 1494/136/1184 1493/129/1184
f 182/260/33 1564/260/33 1563/259/33
f 1179/1158/1185 2561/1158/1185 2560/1160/1185
f 1348/1246/1186 2730/1246/1186 2729/1247/1186
f 144/137/1187 1526/137/1187 1525/139/1187
f 297/391/1188 1679/391/1188 1678/387/1188
f 1356/1258/1189 2738/1258/1189 2737/1257/1189
f 762/761/695 2144/761/695 2143/759/695
f 120/149/1191 1502/149/1191 1501/151/1191
f 190/273/38 1572/273/38 1571/274/38
f 721/774/699 2103/774/699 2150/772/699
f 56/153/1192 1438/153/1192 1437/154/1192
f 1107/1170/1193 2489/1170/1193 2488/1168/1193
f 722/773/703 2104/773/703 2103/774/703
f 55/154/1194 1437/154/1194 1462/155/1194
f 382/278/1195 1764/278/1195 1763/280/1195
f 1171/1172/1196 2553/1172/1196 2552/1174/1196
f 345/405/1197 1727/405/1197 1726/401/1197
f 1118/1201/1198 2500/1201/1198 2499/1195/1198
f 1364/1274/1199 2746/1274/1199 2745/1269/1199
f 80/155/1200 1462/155/1200 1461/157/1200
f 1142/1204/806 2524/1204/806 2523/1202/806
f 1244/1276/1201 2626/1276/1201 2625/1266/1201
f 930/780/1510 2312/780/1510 2311/778/1510
f 353/420/1203 1735/420/1203 1734/419/1203
f 1150/1216/811 2532/1216/811 2531/1215/811
f 1034/783/1511 2416/783/1511 2415/785/1511
f 390/295/1205 1772/295/1205 1771/285/1205
f 1163/1186/72 2545/1186/72 2544/1188/72
f 409/416/1206 1791/416/1206 1790/424/1206
f 1134/1225/1207 2516/1225/1207 2515/1226/1207
f 1340/1277/1208 2722/1277/1208 2721/1278/1208
f 64/170/1209 1446/170/1209 1445/168/1209
f 326/296/1512 1708/296/1512 1707/293/1512
f 1115/1189/1211 2497/1189/1211 2496/1187/1211
f 72/171/1513 1454/171/1513 1453/173/1513
f 1332/1290/1213 2714/1290/1213 2713/1293/1213
f 938/796/1214 2320/796/1214 2319/794/1214
f 224/187/1215 1606/187/1215 1605/186/1215
f 1139/1199/1216 2521/1199/1216 2520/1200/1216
f 1372/1296/1217 2754/1296/1217 2753/1301/1217
f 1026/799/1514 2408/799/1514 2407/801/1514
f 430/297/1219 1812/297/1219 1811/303/1219
f 361/431/1220 1743/431/1220 1742/428/1220
f 1126/1234/831 2508/1234/831 2507/1231/831
f 1324/1308/1221 2706/1308/1221 2705/1310/1221
f 216/181/1222 1598/181/1222 1597/195/1222
f 278/305/1223 1660/305/1223 1659/299/1223
f 432/447/1224 1814/447/1224 1839/448/1224
f 946/811/1225 2328/811/1225 2327/810/1225
f 232/196/1515 1614/196/1515 1613/194/1515
