# Blender 4.4.1
# www.blender.org
mtllib pinball_bumper.mtl
o PinballBumperBody
v 0.000000 0.000000 -0.847974
v 0.000000 0.012000 -0.860000
v 0.000000 0.003515 -0.856478
v 0.000000 0.200000 -0.847974
v 0.000000 0.188000 -0.860000
v 0.000000 0.196485 -0.856478
v 0.110683 0.000000 -0.840720
v 0.112253 0.012000 -0.852643
v 0.111793 0.003515 -0.849150
v 0.110683 0.200000 -0.840720
v 0.112253 0.188000 -0.852643
v 0.111793 0.196485 -0.849150
v 0.219472 0.000000 -0.819080
v 0.222584 0.012000 -0.830696
v 0.221673 0.003515 -0.827294
v 0.219472 0.200000 -0.819080
v 0.222584 0.188000 -0.830696
v 0.221673 0.196485 -0.827294
v 0.324506 0.000000 -0.783426
v 0.329108 0.012000 -0.794536
v 0.327760 0.003515 -0.791282
v 0.324506 0.200000 -0.783426
v 0.329108 0.188000 -0.794536
v 0.327760 0.196485 -0.791282
v 0.423987 0.000000 -0.734367
v 0.430000 0.012000 -0.744782
v 0.428239 0.003515 -0.741731
v 0.423987 0.200000 -0.734367
v 0.430000 0.188000 -0.744782
v 0.428239 0.196485 -0.741731
v 0.516214 0.000000 -0.672743
v 0.523535 0.012000 -0.682284
v 0.521391 0.003515 -0.679489
v 0.516214 0.200000 -0.672743
v 0.523535 0.188000 -0.682284
v 0.521391 0.196485 -0.679489
v 0.599608 0.000000 -0.599608
v 0.608112 0.012000 -0.608112
v 0.605621 0.003515 -0.605621
v 0.599608 0.200000 -0.599608
v 0.608112 0.188000 -0.608112
v 0.605621 0.196485 -0.605621
v 0.672743 0.000000 -0.516214
v 0.682284 0.012000 -0.523535
v 0.679489 0.003515 -0.521391
v 0.672743 0.200000 -0.516214
v 0.682284 0.188000 -0.523535
v 0.679489 0.196485 -0.521391
v 0.734367 0.000000 -0.423987
v 0.744782 0.012000 -0.430000
v 0.741731 0.003515 -0.428239
v 0.734367 0.200000 -0.423987
v 0.744782 0.188000 -0.430000
v 0.741731 0.196485 -0.428239
v 0.783426 0.000000 -0.324506
v 0.794536 0.012000 -0.329108
v 0.791282 0.003515 -0.327760
v 0.783426 0.200000 -0.324506
v 0.794536 0.188000 -0.329108
v 0.791282 0.196485 -0.327760
v 0.819080 0.000000 -0.219472
v 0.830696 0.012000 -0.222584
v 0.827294 0.003515 -0.221673
v 0.819080 0.200000 -0.219472
v 0.830696 0.188000 -0.222584
v 0.827294 0.196485 -0.221673
v 0.840720 0.000000 -0.110683
v 0.852643 0.012000 -0.112253
v 0.849150 0.003515 -0.111793
v 0.840720 0.200000 -0.110683
v 0.852643 0.188000 -0.112253
v 0.849150 0.196485 -0.111793
v 0.847974 0.000000 0.000000
v 0.860000 0.012000 0.000000
v 0.856478 0.003515 0.000000
v 0.847974 0.200000 0.000000
v 0.860000 0.188000 0.000000
v 0.856478 0.196485 0.000000
v 0.840720 0.000000 0.110683
v 0.852643 0.012000 0.112253
v 0.849150 0.003515 0.111793
v 0.840720 0.200000 0.110683
v 0.852643 0.188000 0.112253
v 0.849150 0.196485 0.111793
v 0.819080 0.000000 0.219472
v 0.830696 0.012000 0.222584
v 0.827294 0.003515 0.221673
v 0.819080 0.200000 0.219472
v 0.830696 0.188000 0.222584
v 0.827294 0.196485 0.221673
v 0.783426 0.000000 0.324506
v 0.794536 0.012000 0.329108
v 0.791282 0.003515 0.327760
v 0.783426 0.200000 0.324506
v 0.794536 0.188000 0.329108
v 0.791282 0.196485 0.327760
v 0.734367 0.000000 0.423987
v 0.744782 0.012000 0.430000
v 0.741731 0.003515 0.428239
v 0.734367 0.200000 0.423987
v 0.744782 0.188000 0.430000
v 0.741731 0.196485 0.428239
v 0.672743 0.000000 0.516214
v 0.682284 0.012000 0.523535
v 0.679489 0.003515 0.521391
v 0.672743 0.200000 0.516214
v 0.682284 0.188000 0.523535
v 0.679489 0.196485 0.521391
v 0.599608 0.000000 0.599608
v 0.608112 0.012000 0.608112
v 0.605621 0.003515 0.605621
v 0.599608 0.200000 0.599608
v 0.608112 0.188000 0.608112
v 0.605621 0.196485 0.605621
v 0.516214 0.000000 0.672743
v 0.523535 0.012000 0.682284
v 0.521391 0.003515 0.679489
v 0.516214 0.200000 0.672743
v 0.523535 0.188000 0.682284
v 0.521391 0.196485 0.679489
v 0.423987 0.000000 0.734367
v 0.430000 0.012000 0.744782
v 0.428239 0.003515 0.741731
v 0.423987 0.200000 0.734367
v 0.430000 0.188000 0.744782
v 0.428239 0.196485 0.741731
v 0.324506 0.000000 0.783426
v 0.329108 0.012000 0.794536
v 0.327760 0.003515 0.791282
v 0.324506 0.200000 0.783426
v 0.329108 0.188000 0.794536
v 0.327760 0.196485 0.791282
v 0.219472 0.000000 0.819080
v 0.222584 0.012000 0.830696
v 0.221673 0.003515 0.827294
v 0.219472 0.200000 0.819080
v 0.222584 0.188000 0.830696
v 0.221673 0.196485 0.827294
v 0.110683 0.000000 0.840720
v 0.112253 0.012000 0.852643
v 0.111793 0.003515 0.849150
v 0.110683 0.200000 0.840720
v 0.112253 0.188000 0.852643
v 0.111793 0.196485 0.849150
v 0.000000 0.000000 0.847974
v 0.000000 0.012000 0.860000
v 0.000000 0.003515 0.856478
v 0.000000 0.200000 0.847974
v 0.000000 0.188000 0.860000
v 0.000000 0.196485 0.856478
v -0.110683 0.000000 0.840720
v -0.112253 0.012000 0.852643
v -0.111793 0.003515 0.849150
v -0.110683 0.200000 0.840720
v -0.112253 0.188000 0.852643
v -0.111793 0.196485 0.849150
v -0.219472 0.000000 0.819080
v -0.222584 0.012000 0.830696
v -0.221673 0.003515 0.827294
v -0.219472 0.200000 0.819080
v -0.222584 0.188000 0.830696
v -0.221673 0.196485 0.827294
v -0.324506 0.000000 0.783426
v -0.329108 0.012000 0.794536
v -0.327760 0.003515 0.791282
v -0.324506 0.200000 0.783426
v -0.329108 0.188000 0.794536
v -0.327760 0.196485 0.791282
v -0.423987 0.000000 0.734367
v -0.430000 0.012000 0.744782
v -0.428239 0.003515 0.741731
v -0.423987 0.200000 0.734367
v -0.430000 0.188000 0.744782
v -0.428239 0.196485 0.741731
v -0.516214 0.000000 0.672743
v -0.523535 0.012000 0.682284
v -0.521391 0.003515 0.679489
v -0.516214 0.200000 0.672743
v -0.523535 0.188000 0.682284
v -0.521391 0.196485 0.679489
v -0.599608 0.000000 0.599608
v -0.608112 0.012000 0.608112
v -0.605621 0.003515 0.605621
v -0.599608 0.200000 0.599608
v -0.608112 0.188000 0.608112
v -0.605621 0.196485 0.605621
v -0.672743 0.000000 0.516214
v -0.682284 0.012000 0.523535
v -0.679489 0.003515 0.521391
v -0.672743 0.200000 0.516214
v -0.682284 0.188000 0.523535
v -0.679489 0.196485 0.521391
v -0.734367 0.000000 0.423987
v -0.744782 0.012000 0.430000
v -0.741731 0.003515 0.428239
v -0.734367 0.200000 0.423987
v -0.744782 0.188000 0.430000
v -0.741731 0.196485 0.428239
v -0.783426 0.000000 0.324506
v -0.794536 0.012000 0.329108
v -0.791282 0.003515 0.327760
v -0.783426 0.200000 0.324506
v -0.794536 0.188000 0.329108
v -0.791282 0.196485 0.327760
v -0.819080 0.000000 0.219472
v -0.830696 0.012000 0.222584
v -0.827294 0.003515 0.221673
v -0.819080 0.200000 0.219472
v -0.830696 0.188000 0.222584
v -0.827294 0.196485 0.221673
v -0.840720 0.000000 0.110683
v -0.852643 0.012000 0.112253
v -0.849150 0.003515 0.111793
v -0.840720 0.200000 0.110683
v -0.852643 0.188000 0.112253
v -0.849150 0.196485 0.111793
v -0.847974 0.000000 0.000000
v -0.860000 0.012000 0.000000
v -0.856478 0.003515 0.000000
v -0.847974 0.200000 0.000000
v -0.860000 0.188000 0.000000
v -0.856478 0.196485 0.000000
v -0.840720 0.000000 -0.110683
v -0.852643 0.012000 -0.112253
v -0.849150 0.003515 -0.111793
v -0.840720 0.200000 -0.110683
v -0.852643 0.188000 -0.112253
v -0.849150 0.196485 -0.111793
v -0.819080 0.000000 -0.219472
v -0.830696 0.012000 -0.222584
v -0.827294 0.003515 -0.221673
v -0.819080 0.200000 -0.219472
v -0.830696 0.188000 -0.222584
v -0.827294 0.196485 -0.221673
v -0.783426 0.000000 -0.324506
v -0.794536 0.012000 -0.329108
v -0.791282 0.003515 -0.327760
v -0.783426 0.200000 -0.324506
v -0.794536 0.188000 -0.329108
v -0.791282 0.196485 -0.327760
v -0.734367 0.000000 -0.423987
v -0.744782 0.012000 -0.430000
v -0.741731 0.003515 -0.428239
v -0.734367 0.200000 -0.423987
v -0.744782 0.188000 -0.430000
v -0.741731 0.196485 -0.428239
v -0.672743 0.000000 -0.516214
v -0.682284 0.012000 -0.523535
v -0.679489 0.003515 -0.521391
v -0.672743 0.200000 -0.516214
v -0.682284 0.188000 -0.523535
v -0.679489 0.196485 -0.521391
v -0.599608 0.000000 -0.599608
v -0.608112 0.012000 -0.608112
v -0.605621 0.003515 -0.605621
v -0.599608 0.200000 -0.599608
v -0.608112 0.188000 -0.608112
v -0.605621 0.196485 -0.605621
v -0.516214 0.000000 -0.672743
v -0.523535 0.012000 -0.682284
v -0.521391 0.003515 -0.679489
v -0.516214 0.200000 -0.672743
v -0.523535 0.188000 -0.682284
v -0.521391 0.196485 -0.679489
v -0.423987 0.000000 -0.734367
v -0.430000 0.012000 -0.744782
v -0.428239 0.003515 -0.741731
v -0.423987 0.200000 -0.734367
v -0.430000 0.188000 -0.744782
v -0.428239 0.196485 -0.741731
v -0.324506 0.000000 -0.783426
v -0.329108 0.012000 -0.794536
v -0.327760 0.003515 -0.791282
v -0.324506 0.200000 -0.783426
v -0.329108 0.188000 -0.794536
v -0.327760 0.196485 -0.791282
v -0.219472 0.000000 -0.819080
v -0.222584 0.012000 -0.830696
v -0.221673 0.003515 -0.827294
v -0.219472 0.200000 -0.819080
v -0.222584 0.188000 -0.830696
v -0.221673 0.196485 -0.827294
v -0.110683 0.000000 -0.840720
v -0.112253 0.012000 -0.852643
v -0.111793 0.003515 -0.849150
v -0.110683 0.200000 -0.840720
v -0.112253 0.188000 -0.852643
v -0.111793 0.196485 -0.849150
v 0.000000 0.170000 -0.757974
v 0.000000 0.182000 -0.770000
v 0.000000 0.173515 -0.766478
v 0.000000 0.330000 -0.757974
v 0.000000 0.318000 -0.770000
v 0.000000 0.326485 -0.766478
v 0.098936 0.170000 -0.751490
v 0.100505 0.182000 -0.763413
v 0.100045 0.173515 -0.759920
v 0.098936 0.330000 -0.751490
v 0.100505 0.318000 -0.763413
v 0.100045 0.326485 -0.759920
v 0.196178 0.170000 -0.732147
v 0.199291 0.182000 -0.743763
v 0.198379 0.173515 -0.740361
v 0.196178 0.330000 -0.732147
v 0.199291 0.318000 -0.743763
v 0.198379 0.326485 -0.740361
v 0.290064 0.170000 -0.700277
v 0.294666 0.182000 -0.711387
v 0.293318 0.173515 -0.708133
v 0.290064 0.330000 -0.700277
v 0.294666 0.318000 -0.711387
v 0.293318 0.326485 -0.708133
v 0.378987 0.170000 -0.656425
v 0.385000 0.182000 -0.666840
v 0.383239 0.173515 -0.663789
v 0.378987 0.330000 -0.656425
v 0.385000 0.318000 -0.666840
v 0.383239 0.326485 -0.663789
v 0.461426 0.170000 -0.601341
v 0.468746 0.182000 -0.610882
v 0.466602 0.173515 -0.608088
v 0.461426 0.330000 -0.601341
v 0.468746 0.318000 -0.610882
v 0.466602 0.326485 -0.608088
v 0.535969 0.170000 -0.535969
v 0.544472 0.182000 -0.544472
v 0.541982 0.173515 -0.541982
v 0.535969 0.330000 -0.535969
v 0.544472 0.318000 -0.544472
v 0.541982 0.326485 -0.541982
v 0.601341 0.170000 -0.461426
v 0.610882 0.182000 -0.468746
v 0.608088 0.173515 -0.466602
v 0.601341 0.330000 -0.461426
v 0.610882 0.318000 -0.468746
v 0.608088 0.326485 -0.466602
v 0.656425 0.170000 -0.378987
v 0.666840 0.182000 -0.385000
v 0.663789 0.173515 -0.383239
v 0.656425 0.330000 -0.378987
v 0.666840 0.318000 -0.385000
v 0.663789 0.326485 -0.383239
v 0.700277 0.170000 -0.290064
v 0.711387 0.182000 -0.294666
v 0.708133 0.173515 -0.293318
v 0.700277 0.330000 -0.290064
v 0.711387 0.318000 -0.294666
v 0.708133 0.326485 -0.293318
v 0.732147 0.170000 -0.196178
v 0.743763 0.182000 -0.199291
v 0.740361 0.173515 -0.198379
v 0.732147 0.330000 -0.196178
v 0.743763 0.318000 -0.199291
v 0.740361 0.326485 -0.198379
v 0.751490 0.170000 -0.098936
v 0.763413 0.182000 -0.100505
v 0.759920 0.173515 -0.100045
v 0.751490 0.330000 -0.098936
v 0.763413 0.318000 -0.100505
v 0.759920 0.326485 -0.100045
v 0.757974 0.170000 0.000000
v 0.770000 0.182000 0.000000
v 0.766478 0.173515 0.000000
v 0.757974 0.330000 0.000000
v 0.770000 0.318000 0.000000
v 0.766478 0.326485 0.000000
v 0.751490 0.170000 0.098936
v 0.763413 0.182000 0.100505
v 0.759920 0.173515 0.100045
v 0.751490 0.330000 0.098936
v 0.763413 0.318000 0.100505
v 0.759920 0.326485 0.100045
v 0.732147 0.170000 0.196178
v 0.743763 0.182000 0.199291
v 0.740361 0.173515 0.198379
v 0.732147 0.330000 0.196178
v 0.743763 0.318000 0.199291
v 0.740361 0.326485 0.198379
v 0.700277 0.170000 0.290064
v 0.711387 0.182000 0.294666
v 0.708133 0.173515 0.293318
v 0.700277 0.330000 0.290064
v 0.711387 0.318000 0.294666
v 0.708133 0.326485 0.293318
v 0.656425 0.170000 0.378987
v 0.666840 0.182000 0.385000
v 0.663789 0.173515 0.383239
v 0.656425 0.330000 0.378987
v 0.666840 0.318000 0.385000
v 0.663789 0.326485 0.383239
v 0.601341 0.170000 0.461426
v 0.610882 0.182000 0.468746
v 0.608088 0.173515 0.466602
v 0.601341 0.330000 0.461426
v 0.610882 0.318000 0.468746
v 0.608088 0.326485 0.466602
v 0.535969 0.170000 0.535969
v 0.544472 0.182000 0.544472
v 0.541982 0.173515 0.541982
v 0.535969 0.330000 0.535969
v 0.544472 0.318000 0.544472
v 0.541982 0.326485 0.541982
v 0.461426 0.170000 0.601341
v 0.468746 0.182000 0.610882
v 0.466602 0.173515 0.608088
v 0.461426 0.330000 0.601341
v 0.468746 0.318000 0.610882
v 0.466602 0.326485 0.608088
v 0.378987 0.170000 0.656425
v 0.385000 0.182000 0.666840
v 0.383239 0.173515 0.663789
v 0.378987 0.330000 0.656425
v 0.385000 0.318000 0.666840
v 0.383239 0.326485 0.663789
v 0.290064 0.170000 0.700277
v 0.294666 0.182000 0.711387
v 0.293318 0.173515 0.708133
v 0.290064 0.330000 0.700277
v 0.294666 0.318000 0.711387
v 0.293318 0.326485 0.708133
v 0.196178 0.170000 0.732147
v 0.199291 0.182000 0.743763
v 0.198379 0.173515 0.740361
v 0.196178 0.330000 0.732147
v 0.199291 0.318000 0.743763
v 0.198379 0.326485 0.740361
v 0.098936 0.170000 0.751490
v 0.100505 0.182000 0.763413
v 0.100045 0.173515 0.759920
v 0.098936 0.330000 0.751490
v 0.100505 0.318000 0.763413
v 0.100045 0.326485 0.759920
v 0.000000 0.170000 0.757974
v 0.000000 0.182000 0.770000
v 0.000000 0.173515 0.766478
v 0.000000 0.330000 0.757974
v 0.000000 0.318000 0.770000
v 0.000000 0.326485 0.766478
v -0.098936 0.170000 0.751490
v -0.100505 0.182000 0.763413
v -0.100045 0.173515 0.759920
v -0.098936 0.330000 0.751490
v -0.100505 0.318000 0.763413
v -0.100045 0.326485 0.759920
v -0.196178 0.170000 0.732147
v -0.199291 0.182000 0.743763
v -0.198379 0.173515 0.740361
v -0.196178 0.330000 0.732147
v -0.199291 0.318000 0.743763
v -0.198379 0.326485 0.740361
v -0.290064 0.170000 0.700277
v -0.294666 0.182000 0.711387
v -0.293318 0.173515 0.708133
v -0.290064 0.330000 0.700277
v -0.294666 0.318000 0.711387
v -0.293318 0.326485 0.708133
v -0.378987 0.170000 0.656425
v -0.385000 0.182000 0.666840
v -0.383239 0.173515 0.663789
v -0.378987 0.330000 0.656425
v -0.385000 0.318000 0.666840
v -0.383239 0.326485 0.663789
v -0.461426 0.170000 0.601341
v -0.468746 0.182000 0.610882
v -0.466602 0.173515 0.608088
v -0.461426 0.330000 0.601341
v -0.468746 0.318000 0.610882
v -0.466602 0.326485 0.608088
v -0.535969 0.170000 0.535969
v -0.544472 0.182000 0.544472
v -0.541982 0.173515 0.541982
v -0.535969 0.330000 0.535969
v -0.544472 0.318000 0.544472
v -0.541982 0.326485 0.541982
v -0.601341 0.170000 0.461426
v -0.610882 0.182000 0.468746
v -0.608088 0.173515 0.466602
v -0.601341 0.330000 0.461426
v -0.610882 0.318000 0.468746
v -0.608088 0.326485 0.466602
v -0.656425 0.170000 0.378987
v -0.666840 0.182000 0.385000
v -0.663789 0.173515 0.383239
v -0.656425 0.330000 0.378987
v -0.666840 0.318000 0.385000
v -0.663789 0.326485 0.383239
v -0.700277 0.170000 0.290064
v -0.711387 0.182000 0.294666
v -0.708133 0.173515 0.293318
v -0.700277 0.330000 0.290064
v -0.711387 0.318000 0.294666
v -0.708133 0.326485 0.293318
v -0.732147 0.170000 0.196178
v -0.743763 0.182000 0.199291
v -0.740361 0.173515 0.198379
v -0.732147 0.330000 0.196178
v -0.743763 0.318000 0.199291
v -0.740361 0.326485 0.198379
v -0.751490 0.170000 0.098936
v -0.763413 0.182000 0.100505
v -0.759920 0.173515 0.100045
v -0.751490 0.330000 0.098936
v -0.763413 0.318000 0.100505
v -0.759920 0.326485 0.100045
v -0.757974 0.170000 0.000000
v -0.770000 0.182000 0.000000
v -0.766478 0.173515 0.000000
v -0.757974 0.330000 0.000000
v -0.770000 0.318000 0.000000
v -0.766478 0.326485 0.000000
v -0.751490 0.170000 -0.098936
v -0.763413 0.182000 -0.100505
v -0.759920 0.173515 -0.100045
v -0.751490 0.330000 -0.098936
v -0.763413 0.318000 -0.100505
v -0.759920 0.326485 -0.100045
v -0.732147 0.170000 -0.196178
v -0.743763 0.182000 -0.199291
v -0.740361 0.173515 -0.198379
v -0.732147 0.330000 -0.196178
v -0.743763 0.318000 -0.199291
v -0.740361 0.326485 -0.198379
v -0.700277 0.170000 -0.290064
v -0.711387 0.182000 -0.294666
v -0.708133 0.173515 -0.293318
v -0.700277 0.330000 -0.290064
v -0.711387 0.318000 -0.294666
v -0.708133 0.326485 -0.293318
v -0.656425 0.170000 -0.378987
v -0.666840 0.182000 -0.385000
v -0.663789 0.173515 -0.383239
v -0.656425 0.330000 -0.378987
v -0.666840 0.318000 -0.385000
v -0.663789 0.326485 -0.383239
v -0.601341 0.170000 -0.461426
v -0.610882 0.182000 -0.468746
v -0.608088 0.173515 -0.466602
v -0.601341 0.330000 -0.461426
v -0.610882 0.318000 -0.468746
v -0.608088 0.326485 -0.466602
v -0.535969 0.170000 -0.535969
v -0.544472 0.182000 -0.544472
v -0.541982 0.173515 -0.541982
v -0.535969 0.330000 -0.535969
v -0.544472 0.318000 -0.544472
v -0.541982 0.326485 -0.541982
v -0.461426 0.170000 -0.601341
v -0.468746 0.182000 -0.610882
v -0.466602 0.173515 -0.608088
v -0.461426 0.330000 -0.601341
v -0.468746 0.318000 -0.610882
v -0.466602 0.326485 -0.608088
v -0.378987 0.170000 -0.656425
v -0.385000 0.182000 -0.666840
v -0.383239 0.173515 -0.663789
v -0.378987 0.330000 -0.656425
v -0.385000 0.318000 -0.666840
v -0.383239 0.326485 -0.663789
v -0.290064 0.170000 -0.700277
v -0.294666 0.182000 -0.711387
v -0.293318 0.173515 -0.708133
v -0.290064 0.330000 -0.700277
v -0.294666 0.318000 -0.711387
v -0.293318 0.326485 -0.708133
v -0.196178 0.170000 -0.732147
v -0.199291 0.182000 -0.743763
v -0.198379 0.173515 -0.740361
v -0.196178 0.330000 -0.732147
v -0.199291 0.318000 -0.743763
v -0.198379 0.326485 -0.740361
v -0.098936 0.170000 -0.751490
v -0.100505 0.182000 -0.763413
v -0.100045 0.173515 -0.759920
v -0.098936 0.330000 -0.751490
v -0.100505 0.318000 -0.763413
v -0.100045 0.326485 -0.759920
v 0.000000 0.330000 -0.867986
v 0.000000 0.336295 -0.869771
v 0.000000 0.331844 -0.873485
v 0.000000 0.490000 -0.607986
v 0.000000 0.483705 -0.630229
v 0.000000 0.488156 -0.619477
v 0.085077 0.330000 -0.863806
v 0.085252 0.336295 -0.865583
v 0.085616 0.331844 -0.869279
v 0.059593 0.490000 -0.605058
v 0.061773 0.483705 -0.627194
v 0.060719 0.488156 -0.616494
v 0.169336 0.330000 -0.851307
v 0.169684 0.336295 -0.853059
v 0.170409 0.331844 -0.856701
v 0.118612 0.490000 -0.596303
v 0.122952 0.483705 -0.618119
v 0.120854 0.488156 -0.607574
v 0.251963 0.330000 -0.830610
v 0.252481 0.336295 -0.832319
v 0.253559 0.331844 -0.835873
v 0.176489 0.490000 -0.581806
v 0.182946 0.483705 -0.603091
v 0.179825 0.488156 -0.592803
v 0.332164 0.330000 -0.801914
v 0.332847 0.336295 -0.803564
v 0.334268 0.331844 -0.806995
v 0.232666 0.490000 -0.561705
v 0.241178 0.483705 -0.582255
v 0.237064 0.488156 -0.572322
v 0.409165 0.330000 -0.765495
v 0.410007 0.336295 -0.767070
v 0.411758 0.331844 -0.770345
v 0.286602 0.490000 -0.536196
v 0.297088 0.483705 -0.555812
v 0.292019 0.488156 -0.546330
v 0.482227 0.330000 -0.721703
v 0.483219 0.336295 -0.723188
v 0.485282 0.331844 -0.726276
v 0.337779 0.490000 -0.505521
v 0.350136 0.483705 -0.524016
v 0.344163 0.488156 -0.515076
v 0.550644 0.330000 -0.670962
v 0.551777 0.336295 -0.672342
v 0.554133 0.331844 -0.675213
v 0.385702 0.490000 -0.469979
v 0.399813 0.483705 -0.487173
v 0.392992 0.488156 -0.478862
v 0.613758 0.330000 -0.613758
v 0.615021 0.336295 -0.615021
v 0.617647 0.331844 -0.617647
v 0.429911 0.490000 -0.429911
v 0.445639 0.483705 -0.445639
v 0.438036 0.488156 -0.438036
v 0.670962 0.330000 -0.550644
v 0.672342 0.336295 -0.551777
v 0.675213 0.331844 -0.554133
v 0.469979 0.490000 -0.385702
v 0.487173 0.483705 -0.399813
v 0.478862 0.488156 -0.392992
v 0.721703 0.330000 -0.482227
v 0.723188 0.336295 -0.483219
v 0.726276 0.331844 -0.485282
v 0.505521 0.490000 -0.337779
v 0.524016 0.483705 -0.350136
v 0.515076 0.488156 -0.344163
v 0.765495 0.330000 -0.409165
v 0.767070 0.336295 -0.410007
v 0.770345 0.331844 -0.411758
v 0.536196 0.490000 -0.286602
v 0.555812 0.483705 -0.297088
v 0.546330 0.488156 -0.292019
v 0.801914 0.330000 -0.332164
v 0.803564 0.336295 -0.332847
v 0.806995 0.331844 -0.334268
v 0.561705 0.490000 -0.232666
v 0.582255 0.483705 -0.241178
v 0.572322 0.488156 -0.237064
v 0.830610 0.330000 -0.251963
v 0.832319 0.336295 -0.252481
v 0.835873 0.331844 -0.253559
v 0.581806 0.490000 -0.176489
v 0.603091 0.483705 -0.182946
v 0.592803 0.488156 -0.179825
v 0.851307 0.330000 -0.169336
v 0.853059 0.336295 -0.169684
v 0.856701 0.331844 -0.170409
v 0.596303 0.490000 -0.118612
v 0.618119 0.483705 -0.122952
v 0.607574 0.488156 -0.120854
v 0.863806 0.330000 -0.085077
v 0.865583 0.336295 -0.085252
v 0.869279 0.331844 -0.085616
v 0.605058 0.490000 -0.059593
v 0.627194 0.483705 -0.061773
v 0.616494 0.488156 -0.060719
v 0.867986 0.330000 0.000000
v 0.869771 0.336295 0.000000
v 0.873485 0.331844 0.000000
v 0.607986 0.490000 0.000000
v 0.630229 0.483705 0.000000
v 0.619477 0.488156 0.000000
v 0.863806 0.330000 0.085077
v 0.865583 0.336295 0.085252
v 0.869279 0.331844 0.085616
v 0.605058 0.490000 0.059593
v 0.627194 0.483705 0.061773
v 0.616494 0.488156 0.060719
v 0.851307 0.330000 0.169336
v 0.853059 0.336295 0.169684
v 0.856701 0.331844 0.170409
v 0.596303 0.490000 0.118612
v 0.618119 0.483705 0.122952
v 0.607574 0.488156 0.120854
v 0.830610 0.330000 0.251963
v 0.832319 0.336295 0.252481
v 0.835873 0.331844 0.253559
v 0.581806 0.490000 0.176489
v 0.603091 0.483705 0.182946
v 0.592803 0.488156 0.179825
v 0.801914 0.330000 0.332164
v 0.803564 0.336295 0.332847
v 0.806995 0.331844 0.334268
v 0.561705 0.490000 0.232666
v 0.582255 0.483705 0.241178
v 0.572322 0.488156 0.237064
v 0.765495 0.330000 0.409165
v 0.767070 0.336295 0.410007
v 0.770345 0.331844 0.411758
v 0.536196 0.490000 0.286602
v 0.555812 0.483705 0.297088
v 0.546330 0.488156 0.292019
v 0.721703 0.330000 0.482227
v 0.723188 0.336295 0.483219
v 0.726276 0.331844 0.485282
v 0.505521 0.490000 0.337779
v 0.524016 0.483705 0.350136
v 0.515076 0.488156 0.344163
v 0.670962 0.330000 0.550644
v 0.672342 0.336295 0.551777
v 0.675213 0.331844 0.554133
v 0.469979 0.490000 0.385702
v 0.487173 0.483705 0.399813
v 0.478862 0.488156 0.392992
v 0.613758 0.330000 0.613758
v 0.615021 0.336295 0.615021
v 0.617647 0.331844 0.617647
v 0.429911 0.490000 0.429911
v 0.445639 0.483705 0.445639
v 0.438036 0.488156 0.438036
v 0.550644 0.330000 0.670962
v 0.551777 0.336295 0.672342
v 0.554133 0.331844 0.675213
v 0.385702 0.490000 0.469979
v 0.399813 0.483705 0.487173
v 0.392992 0.488156 0.478862
v 0.482227 0.330000 0.721703
v 0.483219 0.336295 0.723188
v 0.485282 0.331844 0.726276
v 0.337779 0.490000 0.505521
v 0.350136 0.483705 0.524016
v 0.344163 0.488156 0.515076
v 0.409165 0.330000 0.765495
v 0.410007 0.336295 0.767070
v 0.411758 0.331844 0.770345
v 0.286602 0.490000 0.536196
v 0.297088 0.483705 0.555812
v 0.292019 0.488156 0.546330
v 0.332164 0.330000 0.801914
v 0.332847 0.336295 0.803564
v 0.334268 0.331844 0.806995
v 0.232666 0.490000 0.561705
v 0.241178 0.483705 0.582255
v 0.237064 0.488156 0.572322
v 0.251963 0.330000 0.830610
v 0.252481 0.336295 0.832319
v 0.253559 0.331844 0.835873
v 0.176489 0.490000 0.581806
v 0.182946 0.483705 0.603091
v 0.179825 0.488156 0.592803
v 0.169336 0.330000 0.851307
v 0.169684 0.336295 0.853059
v 0.170409 0.331844 0.856701
v 0.118612 0.490000 0.596303
v 0.122952 0.483705 0.618119
v 0.120854 0.488156 0.607574
v 0.085077 0.330000 0.863806
v 0.085252 0.336295 0.865583
v 0.085616 0.331844 0.869279
v 0.059593 0.490000 0.605058
v 0.061773 0.483705 0.627194
v 0.060719 0.488156 0.616494
v 0.000000 0.330000 0.867986
v 0.000000 0.336295 0.869771
v 0.000000 0.331844 0.873485
v 0.000000 0.490000 0.607986
v 0.000000 0.483705 0.630229
v 0.000000 0.488156 0.619477
v -0.085077 0.330000 0.863806
v -0.085252 0.336295 0.865583
v -0.085616 0.331844 0.869279
v -0.059593 0.490000 0.605058
v -0.061773 0.483705 0.627194
v -0.060719 0.488156 0.616494
v -0.169336 0.330000 0.851307
v -0.169684 0.336295 0.853059
v -0.170409 0.331844 0.856701
v -0.118612 0.490000 0.596303
v -0.122952 0.483705 0.618119
v -0.120854 0.488156 0.607574
v -0.251963 0.330000 0.830610
v -0.252481 0.336295 0.832319
v -0.253559 0.331844 0.835873
v -0.176489 0.490000 0.581806
v -0.182946 0.483705 0.603091
v -0.179825 0.488156 0.592803
v -0.332164 0.330000 0.801914
v -0.332847 0.336295 0.803564
v -0.334268 0.331844 0.806995
v -0.232666 0.490000 0.561705
v -0.241178 0.483705 0.582255
v -0.237064 0.488156 0.572322
v -0.409165 0.330000 0.765495
v -0.410007 0.336295 0.767070
v -0.411758 0.331844 0.770345
v -0.286602 0.490000 0.536196
v -0.297088 0.483705 0.555812
v -0.292019 0.488156 0.546330
v -0.482227 0.330000 0.721703
v -0.483219 0.336295 0.723188
v -0.485282 0.331844 0.726276
v -0.337779 0.490000 0.505521
v -0.350136 0.483705 0.524016
v -0.344163 0.488156 0.515076
v -0.550644 0.330000 0.670962
v -0.551777 0.336295 0.672342
v -0.554133 0.331844 0.675213
v -0.385702 0.490000 0.469979
v -0.399813 0.483705 0.487173
v -0.392992 0.488156 0.478862
v -0.613758 0.330000 0.613758
v -0.615021 0.336295 0.615021
v -0.617647 0.331844 0.617647
v -0.429911 0.490000 0.429911
v -0.445639 0.483705 0.445639
v -0.438036 0.488156 0.438036
v -0.670962 0.330000 0.550644
v -0.672342 0.336295 0.551777
v -0.675213 0.331844 0.554133
v -0.469979 0.490000 0.385702
v -0.487173 0.483705 0.399813
v -0.478862 0.488156 0.392992
v -0.721703 0.330000 0.482227
v -0.723188 0.336295 0.483219
v -0.726276 0.331844 0.485282
v -0.505521 0.490000 0.337779
v -0.524016 0.483705 0.350136
v -0.515076 0.488156 0.344163
v -0.765495 0.330000 0.409165
v -0.767070 0.336295 0.410007
v -0.770345 0.331844 0.411758
v -0.536196 0.490000 0.286602
v -0.555812 0.483705 0.297088
v -0.546330 0.488156 0.292019
v -0.801914 0.330000 0.332164
v -0.803564 0.336295 0.332847
v -0.806995 0.331844 0.334268
v -0.561705 0.490000 0.232666
v -0.582255 0.483705 0.241178
v -0.572322 0.488156 0.237064
v -0.830610 0.330000 0.251963
v -0.832319 0.336295 0.252481
v -0.835873 0.331844 0.253559
v -0.581806 0.490000 0.176489
v -0.603091 0.483705 0.182946
v -0.592803 0.488156 0.179825
v -0.851307 0.330000 0.169336
v -0.853059 0.336295 0.169684
v -0.856701 0.331844 0.170409
v -0.596303 0.490000 0.118612
v -0.618119 0.483705 0.122952
v -0.607574 0.488156 0.120854
v -0.863806 0.330000 0.085077
v -0.865583 0.336295 0.085252
v -0.869279 0.331844 0.085616
v -0.605058 0.490000 0.059593
v -0.627194 0.483705 0.061773
v -0.616494 0.488156 0.060719
v -0.867986 0.330000 0.000000
v -0.869771 0.336295 0.000000
v -0.873485 0.331844 0.000000
v -0.607986 0.490000 0.000000
v -0.630229 0.483705 0.000000
v -0.619477 0.488156 0.000000
v -0.863806 0.330000 -0.085077
v -0.865583 0.336295 -0.085252
v -0.869279 0.331844 -0.085616
v -0.605058 0.490000 -0.059593
v -0.627194 0.483705 -0.061773
v -0.616494 0.488156 -0.060719
v -0.851307 0.330000 -0.169336
v -0.853059 0.336295 -0.169684
v -0.856701 0.331844 -0.170409
v -0.596303 0.490000 -0.118612
v -0.618119 0.483705 -0.122952
v -0.607574 0.488156 -0.120854
v -0.830610 0.330000 -0.251963
v -0.832319 0.336295 -0.252481
v -0.835873 0.331844 -0.253559
v -0.581806 0.490000 -0.176489
v -0.603091 0.483705 -0.182946
v -0.592803 0.488156 -0.179825
v -0.801914 0.330000 -0.332164
v -0.803564 0.336295 -0.332847
v -0.806995 0.331844 -0.334268
v -0.561705 0.490000 -0.232666
v -0.582255 0.483705 -0.241178
v -0.572322 0.488156 -0.237064
v -0.765495 0.330000 -0.409165
v -0.767070 0.336295 -0.410007
v -0.770345 0.331844 -0.411758
v -0.536196 0.490000 -0.286602
v -0.555812 0.483705 -0.297088
v -0.546330 0.488156 -0.292019
v -0.721703 0.330000 -0.482227
v -0.723188 0.336295 -0.483219
v -0.726276 0.331844 -0.485282
v -0.505521 0.490000 -0.337779
v -0.524016 0.483705 -0.350136
v -0.515076 0.488156 -0.344163
v -0.670962 0.330000 -0.550644
v -0.672342 0.336295 -0.551777
v -0.675213 0.331844 -0.554133
v -0.469979 0.490000 -0.385702
v -0.487173 0.483705 -0.399813
v -0.478862 0.488156 -0.392992
v -0.613758 0.330000 -0.613758
v -0.615021 0.336295 -0.615021
v -0.617647 0.331844 -0.617647
v -0.429911 0.490000 -0.429911
v -0.445639 0.483705 -0.445639
v -0.438036 0.488156 -0.438036
v -0.550644 0.330000 -0.670962
v -0.551777 0.336295 -0.672342
v -0.554133 0.331844 -0.675213
v -0.385702 0.490000 -0.469979
v -0.399813 0.483705 -0.487173
v -0.392992 0.488156 -0.478862
v -0.482227 0.330000 -0.721703
v -0.483219 0.336295 -0.723188
v -0.485282 0.331844 -0.726276
v -0.337779 0.490000 -0.505521
v -0.350136 0.483705 -0.524016
v -0.344163 0.488156 -0.515076
v -0.409165 0.330000 -0.765495
v -0.410007 0.336295 -0.767070
v -0.411758 0.331844 -0.770345
v -0.286602 0.490000 -0.536196
v -0.297088 0.483705 -0.555812
v -0.292019 0.488156 -0.546330
v -0.332164 0.330000 -0.801914
v -0.332847 0.336295 -0.803564
v -0.334268 0.331844 -0.806995
v -0.232666 0.490000 -0.561705
v -0.241178 0.483705 -0.582255
v -0.237064 0.488156 -0.572322
v -0.251963 0.330000 -0.830610
v -0.252481 0.336295 -0.832319
v -0.253559 0.331844 -0.835873
v -0.176489 0.490000 -0.581806
v -0.182946 0.483705 -0.603091
v -0.179825 0.488156 -0.592803
v -0.169336 0.330000 -0.851307
v -0.169684 0.336295 -0.853059
v -0.170409 0.331844 -0.856701
v -0.118612 0.490000 -0.596303
v -0.122952 0.483705 -0.618119
v -0.120854 0.488156 -0.607574
v -0.085077 0.330000 -0.863806
v -0.085252 0.336295 -0.865583
v -0.085616 0.331844 -0.869279
v -0.059593 0.490000 -0.605058
v -0.061773 0.483705 -0.627194
v -0.060719 0.488156 -0.616494
v -0.000000 0.430000 -0.547974
v 0.000000 0.442000 -0.560000
v -0.000000 0.433515 -0.556478
v 0.000000 0.850000 -0.547974
v 0.000000 0.838000 -0.560000
v 0.000000 0.846485 -0.556478
v 0.071525 0.430000 -0.543286
v 0.073095 0.442000 -0.555209
v 0.072635 0.433515 -0.551717
v 0.071525 0.850000 -0.543286
v 0.073095 0.838000 -0.555209
v 0.072635 0.846485 -0.551717
v 0.141826 0.430000 -0.529302
v 0.144939 0.442000 -0.540918
v 0.144027 0.433515 -0.537516
v 0.141826 0.850000 -0.529302
v 0.144939 0.838000 -0.540918
v 0.144027 0.846485 -0.537516
v 0.209701 0.430000 -0.506262
v 0.214303 0.442000 -0.517373
v 0.212955 0.433515 -0.514118
v 0.209701 0.850000 -0.506262
v 0.214303 0.838000 -0.517373
v 0.212955 0.846485 -0.514118
v 0.273987 0.430000 -0.474560
v 0.280000 0.442000 -0.484974
v 0.278239 0.433515 -0.481924
v 0.273987 0.850000 -0.474560
v 0.280000 0.838000 -0.484974
v 0.278239 0.846485 -0.481924
v 0.333586 0.430000 -0.434737
v 0.340906 0.442000 -0.444278
v 0.338762 0.433515 -0.441483
v 0.333586 0.850000 -0.434737
v 0.340906 0.838000 -0.444278
v 0.338762 0.846485 -0.441483
v 0.387476 0.430000 -0.387476
v 0.395980 0.442000 -0.395980
v 0.393489 0.433515 -0.393489
v 0.387476 0.850000 -0.387476
v 0.395980 0.838000 -0.395980
v 0.393489 0.846485 -0.393489
v 0.434737 0.430000 -0.333586
v 0.444278 0.442000 -0.340906
v 0.441483 0.433515 -0.338762
v 0.434737 0.850000 -0.333586
v 0.444278 0.838000 -0.340906
v 0.441483 0.846485 -0.338762
v 0.474560 0.430000 -0.273987
v 0.484974 0.442000 -0.280000
v 0.481924 0.433515 -0.278239
v 0.474560 0.850000 -0.273987
v 0.484974 0.838000 -0.280000
v 0.481924 0.846485 -0.278239
v 0.506262 0.430000 -0.209701
v 0.517373 0.442000 -0.214303
v 0.514118 0.433515 -0.212955
v 0.506262 0.850000 -0.209701
v 0.517373 0.838000 -0.214303
v 0.514118 0.846485 -0.212955
v 0.529302 0.430000 -0.141826
v 0.540918 0.442000 -0.144939
v 0.537516 0.433515 -0.144027
v 0.529302 0.850000 -0.141826
v 0.540918 0.838000 -0.144939
v 0.537516 0.846485 -0.144027
v 0.543286 0.430000 -0.071525
v 0.555209 0.442000 -0.073095
v 0.551717 0.433515 -0.072635
v 0.543286 0.850000 -0.071525
v 0.555209 0.838000 -0.073095
v 0.551717 0.846485 -0.072635
v 0.547974 0.430000 -0.000000
v 0.560000 0.442000 0.000000
v 0.556478 0.433515 -0.000000
v 0.547974 0.850000 0.000000
v 0.560000 0.838000 0.000000
v 0.556478 0.846485 0.000000
v 0.543286 0.430000 0.071525
v 0.555209 0.442000 0.073095
v 0.551717 0.433515 0.072635
v 0.543286 0.850000 0.071525
v 0.555209 0.838000 0.073095
v 0.551717 0.846485 0.072635
v 0.529302 0.430000 0.141826
v 0.540918 0.442000 0.144939
v 0.537516 0.433515 0.144027
v 0.529302 0.850000 0.141826
v 0.540918 0.838000 0.144939
v 0.537516 0.846485 0.144027
v 0.506262 0.430000 0.209701
v 0.517373 0.442000 0.214303
v 0.514118 0.433515 0.212955
v 0.506262 0.850000 0.209701
v 0.517373 0.838000 0.214303
v 0.514118 0.846485 0.212955
v 0.474560 0.430000 0.273987
v 0.484974 0.442000 0.280000
v 0.481924 0.433515 0.278239
v 0.474560 0.850000 0.273987
v 0.484974 0.838000 0.280000
v 0.481924 0.846485 0.278239
v 0.434737 0.430000 0.333586
v 0.444278 0.442000 0.340906
v 0.441483 0.433515 0.338762
v 0.434737 0.850000 0.333586
v 0.444278 0.838000 0.340906
v 0.441483 0.846485 0.338762
v 0.387476 0.430000 0.387476
v 0.395980 0.442000 0.395980
v 0.393489 0.433515 0.393489
v 0.387476 0.850000 0.387476
v 0.395980 0.838000 0.395980
v 0.393489 0.846485 0.393489
v 0.333586 0.430000 0.434737
v 0.340906 0.442000 0.444278
v 0.338762 0.433515 0.441483
v 0.333586 0.850000 0.434737
v 0.340906 0.838000 0.444278
v 0.338762 0.846485 0.441483
v 0.273987 0.430000 0.474560
v 0.280000 0.442000 0.484974
v 0.278239 0.433515 0.481924
v 0.273987 0.850000 0.474560
v 0.280000 0.838000 0.484974
v 0.278239 0.846485 0.481924
v 0.209701 0.430000 0.506262
v 0.214303 0.442000 0.517373
v 0.212955 0.433515 0.514118
v 0.209701 0.850000 0.506262
v 0.214303 0.838000 0.517373
v 0.212955 0.846485 0.514118
v 0.141826 0.430000 0.529302
v 0.144939 0.442000 0.540918
v 0.144027 0.433515 0.537516
v 0.141826 0.850000 0.529302
v 0.144939 0.838000 0.540918
v 0.144027 0.846485 0.537516
v 0.071525 0.430000 0.543286
v 0.073095 0.442000 0.555209
v 0.072635 0.433515 0.551717
v 0.071525 0.850000 0.543286
v 0.073095 0.838000 0.555209
v 0.072635 0.846485 0.551717
v 0.000000 0.430000 0.547974
v 0.000000 0.442000 0.560000
v 0.000000 0.433515 0.556478
v -0.000000 0.850000 0.547974
v 0.000000 0.838000 0.560000
v -0.000000 0.846485 0.556478
v -0.071525 0.430000 0.543286
v -0.073095 0.442000 0.555209
v -0.072635 0.433515 0.551717
v -0.071525 0.850000 0.543286
v -0.073095 0.838000 0.555209
v -0.072635 0.846485 0.551717
v -0.141826 0.430000 0.529302
v -0.144939 0.442000 0.540918
v -0.144027 0.433515 0.537516
v -0.141826 0.850000 0.529302
v -0.144939 0.838000 0.540918
v -0.144027 0.846485 0.537516
v -0.209701 0.430000 0.506262
v -0.214303 0.442000 0.517373
v -0.212955 0.433515 0.514118
v -0.209701 0.850000 0.506262
v -0.214303 0.838000 0.517373
v -0.212955 0.846485 0.514118
v -0.273987 0.430000 0.474560
v -0.280000 0.442000 0.484974
v -0.278239 0.433515 0.481924
v -0.273987 0.850000 0.474560
v -0.280000 0.838000 0.484974
v -0.278239 0.846485 0.481924
v -0.333586 0.430000 0.434737
v -0.340906 0.442000 0.444278
v -0.338762 0.433515 0.441483
v -0.333586 0.850000 0.434737
v -0.340906 0.838000 0.444278
v -0.338762 0.846485 0.441483
v -0.387476 0.430000 0.387476
v -0.395980 0.442000 0.395980
v -0.393489 0.433515 0.393489
v -0.387476 0.850000 0.387476
v -0.395980 0.838000 0.395980
v -0.393489 0.846485 0.393489
v -0.434737 0.430000 0.333586
v -0.444278 0.442000 0.340906
v -0.441483 0.433515 0.338762
v -0.434737 0.850000 0.333586
v -0.444278 0.838000 0.340906
v -0.441483 0.846485 0.338762
v -0.474560 0.430000 0.273987
v -0.484974 0.442000 0.280000
v -0.481924 0.433515 0.278239
v -0.474560 0.850000 0.273987
v -0.484974 0.838000 0.280000
v -0.481924 0.846485 0.278239
v -0.506262 0.430000 0.209701
v -0.517373 0.442000 0.214303
v -0.514118 0.433515 0.212955
v -0.506262 0.850000 0.209701
v -0.517373 0.838000 0.214303
v -0.514118 0.846485 0.212955
v -0.529302 0.430000 0.141826
v -0.540918 0.442000 0.144939
v -0.537516 0.433515 0.144027
v -0.529302 0.850000 0.141826
v -0.540918 0.838000 0.144939
v -0.537516 0.846485 0.144027
v -0.543286 0.430000 0.071525
v -0.555209 0.442000 0.073095
v -0.551717 0.433515 0.072635
v -0.543286 0.850000 0.071525
v -0.555209 0.838000 0.073095
v -0.551717 0.846485 0.072635
v -0.547974 0.430000 0.000000
v -0.560000 0.442000 0.000000
v -0.556478 0.433515 0.000000
v -0.547974 0.850000 -0.000000
v -0.560000 0.838000 0.000000
v -0.556478 0.846485 -0.000000
v -0.543286 0.430000 -0.071525
v -0.555209 0.442000 -0.073095
v -0.551717 0.433515 -0.072635
v -0.543286 0.850000 -0.071525
v -0.555209 0.838000 -0.073095
v -0.551717 0.846485 -0.072635
v -0.529302 0.430000 -0.141826
v -0.540918 0.442000 -0.144939
v -0.537516 0.433515 -0.144027
v -0.529302 0.850000 -0.141826
v -0.540918 0.838000 -0.144939
v -0.537516 0.846485 -0.144027
v -0.506262 0.430000 -0.209701
v -0.517373 0.442000 -0.214303
v -0.514118 0.433515 -0.212955
v -0.506262 0.850000 -0.209701
v -0.517373 0.838000 -0.214303
v -0.514118 0.846485 -0.212955
v -0.474560 0.430000 -0.273987
v -0.484974 0.442000 -0.280000
v -0.481924 0.433515 -0.278239
v -0.474560 0.850000 -0.273987
v -0.484974 0.838000 -0.280000
v -0.481924 0.846485 -0.278239
v -0.434737 0.430000 -0.333586
v -0.444278 0.442000 -0.340906
v -0.441483 0.433515 -0.338762
v -0.434737 0.850000 -0.333586
v -0.444278 0.838000 -0.340906
v -0.441483 0.846485 -0.338762
v -0.387476 0.430000 -0.387476
v -0.395980 0.442000 -0.395980
v -0.393489 0.433515 -0.393489
v -0.387476 0.850000 -0.387476
v -0.395980 0.838000 -0.395980
v -0.393489 0.846485 -0.393489
v -0.333586 0.430000 -0.434737
v -0.340906 0.442000 -0.444278
v -0.338762 0.433515 -0.441483
v -0.333586 0.850000 -0.434737
v -0.340906 0.838000 -0.444278
v -0.338762 0.846485 -0.441483
v -0.273987 0.430000 -0.474560
v -0.280000 0.442000 -0.484974
v -0.278239 0.433515 -0.481924
v -0.273987 0.850000 -0.474560
v -0.280000 0.838000 -0.484974
v -0.278239 0.846485 -0.481924
v -0.209701 0.430000 -0.506262
v -0.214303 0.442000 -0.517373
v -0.212955 0.433515 -0.514118
v -0.209701 0.850000 -0.506262
v -0.214303 0.838000 -0.517373
v -0.212955 0.846485 -0.514118
v -0.141826 0.430000 -0.529302
v -0.144939 0.442000 -0.540918
v -0.144027 0.433515 -0.537516
v -0.141826 0.850000 -0.529302
v -0.144939 0.838000 -0.540918
v -0.144027 0.846485 -0.537516
v -0.071525 0.430000 -0.543286
v -0.073095 0.442000 -0.555209
v -0.072635 0.433515 -0.551717
v -0.071525 0.850000 -0.543286
v -0.073095 0.838000 -0.555209
v -0.072635 0.846485 -0.551717
v 0.605000 0.840000 0.000000
v 0.594496 0.872328 0.000000
v 0.566996 0.892308 0.000000
v 0.533004 0.892308 0.000000
v 0.505504 0.872328 0.000000
v 0.495000 0.840000 0.000000
v 0.505504 0.807672 0.000000
v 0.533004 0.787692 0.000000
v 0.566996 0.787692 0.000000
v 0.594496 0.807672 0.000000
v 0.599824 0.840000 -0.078968
v 0.589410 0.872328 -0.077597
v 0.562145 0.892308 -0.074008
v 0.528444 0.892308 -0.069571
v 0.501179 0.872328 -0.065982
v 0.490765 0.840000 -0.064610
v 0.501179 0.807672 -0.065982
v 0.528444 0.787692 -0.069571
v 0.562145 0.787692 -0.074008
v 0.589410 0.807672 -0.077597
v 0.584385 0.840000 -0.156585
v 0.574239 0.872328 -0.153867
v 0.547676 0.892308 -0.146749
v 0.514842 0.892308 -0.137952
v 0.488279 0.872328 -0.130834
v 0.478133 0.840000 -0.128115
v 0.488279 0.807672 -0.130834
v 0.514842 0.787692 -0.137952
v 0.547676 0.787692 -0.146749
v 0.574239 0.807672 -0.153867
v 0.558947 0.840000 -0.231523
v 0.549243 0.872328 -0.227504
v 0.523836 0.892308 -0.216980
v 0.492432 0.892308 -0.203972
v 0.467025 0.872328 -0.193448
v 0.457320 0.840000 -0.189428
v 0.467025 0.807672 -0.193448
v 0.492432 0.787692 -0.203972
v 0.523836 0.787692 -0.216980
v 0.549243 0.807672 -0.227504
v 0.523945 0.840000 -0.302500
v 0.514849 0.872328 -0.297248
v 0.491033 0.892308 -0.283498
v 0.461595 0.892308 -0.266502
v 0.437779 0.872328 -0.252752
v 0.428683 0.840000 -0.247500
v 0.437779 0.807672 -0.252752
v 0.461595 0.787692 -0.266502
v 0.491033 0.787692 -0.283498
v 0.514849 0.807672 -0.297248
v 0.479979 0.840000 -0.368301
v 0.471645 0.872328 -0.361906
v 0.449828 0.892308 -0.345165
v 0.422861 0.892308 -0.324472
v 0.401043 0.872328 -0.307731
v 0.392710 0.840000 -0.301337
v 0.401043 0.807672 -0.307731
v 0.422861 0.787692 -0.324472
v 0.449828 0.787692 -0.345165
v 0.471645 0.807672 -0.361906
v 0.427800 0.840000 -0.427800
v 0.420372 0.872328 -0.420372
v 0.400927 0.892308 -0.400927
v 0.376891 0.892308 -0.376891
v 0.357445 0.872328 -0.357445
v 0.350018 0.840000 -0.350018
v 0.357445 0.807672 -0.357445
v 0.376891 0.787692 -0.376891
v 0.400927 0.787692 -0.400927
v 0.420372 0.807672 -0.420372
v 0.368301 0.840000 -0.479979
v 0.361906 0.872328 -0.471645
v 0.345165 0.892308 -0.449828
v 0.324472 0.892308 -0.422861
v 0.307731 0.872328 -0.401043
v 0.301337 0.840000 -0.392710
v 0.307731 0.807672 -0.401043
v 0.324472 0.787692 -0.422861
v 0.345165 0.787692 -0.449828
v 0.361906 0.807672 -0.471645
v 0.302500 0.840000 -0.523945
v 0.297248 0.872328 -0.514849
v 0.283498 0.892308 -0.491033
v 0.266502 0.892308 -0.461595
v 0.252752 0.872328 -0.437779
v 0.247500 0.840000 -0.428683
v 0.252752 0.807672 -0.437779
v 0.266502 0.787692 -0.461595
v 0.283498 0.787692 -0.491033
v 0.297248 0.807672 -0.514849
v 0.231524 0.840000 -0.558947
v 0.227504 0.872328 -0.549243
v 0.216980 0.892308 -0.523836
v 0.203972 0.892308 -0.492432
v 0.193448 0.872328 -0.467025
v 0.189428 0.840000 -0.457320
v 0.193448 0.807672 -0.467025
v 0.203972 0.787692 -0.492432
v 0.216980 0.787692 -0.523836
v 0.227504 0.807672 -0.549243
v 0.156586 0.840000 -0.584385
v 0.153867 0.872328 -0.574239
v 0.146749 0.892308 -0.547676
v 0.137952 0.892308 -0.514842
v 0.130834 0.872328 -0.488279
v 0.128115 0.840000 -0.478133
v 0.130834 0.807672 -0.488279
v 0.137952 0.787692 -0.514842
v 0.146749 0.787692 -0.547676
v 0.153867 0.807672 -0.574239
v 0.078968 0.840000 -0.599824
v 0.077597 0.872328 -0.589410
v 0.074008 0.892308 -0.562145
v 0.069571 0.892308 -0.528444
v 0.065981 0.872328 -0.501179
v 0.064610 0.840000 -0.490765
v 0.065981 0.807672 -0.501179
v 0.069571 0.787692 -0.528444
v 0.074008 0.787692 -0.562145
v 0.077597 0.807672 -0.589410
v 0.000000 0.840000 -0.605000
v 0.000000 0.872328 -0.594496
v 0.000000 0.892308 -0.566996
v 0.000000 0.892308 -0.533004
v 0.000000 0.872328 -0.505504
v 0.000000 0.840000 -0.495000
v 0.000000 0.807672 -0.505504
v 0.000000 0.787692 -0.533004
v 0.000000 0.787692 -0.566996
v 0.000000 0.807672 -0.594496
v -0.078968 0.840000 -0.599824
v -0.077597 0.872328 -0.589410
v -0.074008 0.892308 -0.562145
v -0.069571 0.892308 -0.528444
v -0.065982 0.872328 -0.501179
v -0.064611 0.840000 -0.490765
v -0.065982 0.807672 -0.501179
v -0.069571 0.787692 -0.528444
v -0.074008 0.787692 -0.562145
v -0.077597 0.807672 -0.589410
v -0.156585 0.840000 -0.584385
v -0.153867 0.872328 -0.574239
v -0.146749 0.892308 -0.547676
v -0.137952 0.892308 -0.514842
v -0.130834 0.872328 -0.488279
v -0.128115 0.840000 -0.478133
v -0.130834 0.807672 -0.488279
v -0.137952 0.787692 -0.514842
v -0.146749 0.787692 -0.547676
v -0.153867 0.807672 -0.574239
v -0.231524 0.840000 -0.558947
v -0.227504 0.872328 -0.549243
v -0.216980 0.892308 -0.523836
v -0.203972 0.892308 -0.492432
v -0.193448 0.872328 -0.467025
v -0.189428 0.840000 -0.457320
v -0.193448 0.807672 -0.467025
v -0.203972 0.787692 -0.492432
v -0.216980 0.787692 -0.523836
v -0.227504 0.807672 -0.549243
v -0.302500 0.840000 -0.523945
v -0.297248 0.872328 -0.514849
v -0.283498 0.892308 -0.491033
v -0.266502 0.892308 -0.461595
v -0.252752 0.872328 -0.437779
v -0.247500 0.840000 -0.428683
v -0.252752 0.807672 -0.437779
v -0.266502 0.787692 -0.461595
v -0.283498 0.787692 -0.491033
v -0.297248 0.807672 -0.514849
v -0.368301 0.840000 -0.479979
v -0.361906 0.872328 -0.471645
v -0.345165 0.892308 -0.449828
v -0.324472 0.892308 -0.422861
v -0.307731 0.872328 -0.401043
v -0.301337 0.840000 -0.392710
v -0.307731 0.807672 -0.401043
v -0.324472 0.787692 -0.422861
v -0.345165 0.787692 -0.449828
v -0.361906 0.807672 -0.471645
v -0.427800 0.840000 -0.427799
v -0.420372 0.872328 -0.420372
v -0.400927 0.892308 -0.400927
v -0.376891 0.892308 -0.376891
v -0.357445 0.872328 -0.357445
v -0.350018 0.840000 -0.350018
v -0.357445 0.807672 -0.357445
v -0.376891 0.787692 -0.376891
v -0.400927 0.787692 -0.400927
v -0.420372 0.807672 -0.420372
v -0.479979 0.840000 -0.368301
v -0.471645 0.872328 -0.361906
v -0.449828 0.892308 -0.345165
v -0.422861 0.892308 -0.324472
v -0.401043 0.872328 -0.307731
v -0.392710 0.840000 -0.301337
v -0.401043 0.807672 -0.307731
v -0.422861 0.787692 -0.324472
v -0.449828 0.787692 -0.345165
v -0.471645 0.807672 -0.361906
v -0.523945 0.840000 -0.302500
v -0.514849 0.872328 -0.297248
v -0.491033 0.892308 -0.283498
v -0.461595 0.892308 -0.266502
v -0.437779 0.872328 -0.252752
v -0.428683 0.840000 -0.247500
v -0.437779 0.807672 -0.252752
v -0.461595 0.787692 -0.266502
v -0.491033 0.787692 -0.283498
v -0.514849 0.807672 -0.297248
v -0.558947 0.840000 -0.231524
v -0.549243 0.872328 -0.227504
v -0.523836 0.892308 -0.216980
v -0.492432 0.892308 -0.203972
v -0.467025 0.872328 -0.193448
v -0.457320 0.840000 -0.189428
v -0.467025 0.807672 -0.193448
v -0.492432 0.787692 -0.203972
v -0.523836 0.787692 -0.216980
v -0.549243 0.807672 -0.227504
v -0.584385 0.840000 -0.156585
v -0.574239 0.872328 -0.153867
v -0.547676 0.892308 -0.146749
v -0.514842 0.892308 -0.137952
v -0.488279 0.872328 -0.130834
v -0.478133 0.840000 -0.128115
v -0.488279 0.807672 -0.130834
v -0.514842 0.787692 -0.137952
v -0.547676 0.787692 -0.146749
v -0.574239 0.807672 -0.153867
v -0.599824 0.840000 -0.078968
v -0.589410 0.872328 -0.077597
v -0.562145 0.892308 -0.074008
v -0.528444 0.892308 -0.069571
v -0.501179 0.872328 -0.065982
v -0.490765 0.840000 -0.064611
v -0.501179 0.807672 -0.065982
v -0.528444 0.787692 -0.069571
v -0.562145 0.787692 -0.074008
v -0.589410 0.807672 -0.077597
v -0.605000 0.840000 -0.000000
v -0.594496 0.872328 -0.000000
v -0.566996 0.892308 -0.000000
v -0.533004 0.892308 -0.000000
v -0.505504 0.872328 -0.000000
v -0.495000 0.840000 -0.000000
v -0.505504 0.807672 -0.000000
v -0.533004 0.787692 -0.000000
v -0.566996 0.787692 -0.000000
v -0.594496 0.807672 -0.000000
v -0.599824 0.840000 0.078968
v -0.589410 0.872328 0.077597
v -0.562145 0.892308 0.074008
v -0.528444 0.892308 0.069571
v -0.501179 0.872328 0.065982
v -0.490765 0.840000 0.064611
v -0.501179 0.807672 0.065982
v -0.528444 0.787692 0.069571
v -0.562145 0.787692 0.074008
v -0.589410 0.807672 0.077597
v -0.584385 0.840000 0.156585
v -0.574239 0.872328 0.153867
v -0.547676 0.892308 0.146749
v -0.514842 0.892308 0.137952
v -0.488279 0.872328 0.130834
v -0.478133 0.840000 0.128115
v -0.488279 0.807672 0.130834
v -0.514842 0.787692 0.137952
v -0.547676 0.787692 0.146749
v -0.574239 0.807672 0.153867
v -0.558947 0.840000 0.231523
v -0.549243 0.872328 0.227504
v -0.523836 0.892308 0.216980
v -0.492432 0.892308 0.203972
v -0.467025 0.872328 0.193448
v -0.457320 0.840000 0.189428
v -0.467025 0.807672 0.193448
v -0.492432 0.787692 0.203972
v -0.523836 0.787692 0.216980
v -0.549243 0.807672 0.227504
v -0.523945 0.840000 0.302500
v -0.514849 0.872328 0.297248
v -0.491033 0.892308 0.283498
v -0.461595 0.892308 0.266502
v -0.437779 0.872328 0.252752
v -0.428683 0.840000 0.247500
v -0.437779 0.807672 0.252752
v -0.461595 0.787692 0.266502
v -0.491033 0.787692 0.283498
v -0.514849 0.807672 0.297248
v -0.479979 0.840000 0.368301
v -0.471645 0.872328 0.361906
v -0.449828 0.892308 0.345165
v -0.422861 0.892308 0.324472
v -0.401043 0.872328 0.307731
v -0.392710 0.840000 0.301337
v -0.401043 0.807672 0.307731
v -0.422861 0.787692 0.324472
v -0.449828 0.787692 0.345165
v -0.471645 0.807672 0.361906
v -0.427800 0.840000 0.427799
v -0.420372 0.872328 0.420372
v -0.400927 0.892308 0.400927
v -0.376891 0.892308 0.376891
v -0.357445 0.872328 0.357445
v -0.350018 0.840000 0.350018
v -0.357445 0.807672 0.357445
v -0.376891 0.787692 0.376891
v -0.400927 0.787692 0.400927
v -0.420372 0.807672 0.420372
v -0.368301 0.840000 0.479979
v -0.361906 0.872328 0.471645
v -0.345165 0.892308 0.449828
v -0.324473 0.892308 0.422860
v -0.307732 0.872328 0.401043
v -0.301337 0.840000 0.392710
v -0.307732 0.807672 0.401043
v -0.324473 0.787692 0.422860
v -0.345165 0.787692 0.449828
v -0.361906 0.807672 0.471645
v -0.302500 0.840000 0.523945
v -0.297248 0.872328 0.514849
v -0.283498 0.892308 0.491033
v -0.266502 0.892308 0.461595
v -0.252752 0.872328 0.437779
v -0.247500 0.840000 0.428683
v -0.252752 0.807672 0.437779
v -0.266502 0.787692 0.461595
v -0.283498 0.787692 0.491033
v -0.297248 0.807672 0.514849
v -0.231524 0.840000 0.558947
v -0.227504 0.872328 0.549243
v -0.216980 0.892308 0.523836
v -0.203972 0.892308 0.492432
v -0.193448 0.872328 0.467025
v -0.189428 0.840000 0.457320
v -0.193448 0.807672 0.467025
v -0.203972 0.787692 0.492432
v -0.216980 0.787692 0.523836
v -0.227504 0.807672 0.549243
v -0.156586 0.840000 0.584385
v -0.153867 0.872328 0.574239
v -0.146750 0.892308 0.547676
v -0.137952 0.892308 0.514842
v -0.130834 0.872328 0.488279
v -0.128116 0.840000 0.478133
v -0.130834 0.807672 0.488279
v -0.137952 0.787692 0.514842
v -0.146750 0.787692 0.547676
v -0.153867 0.807672 0.574239
v -0.078969 0.840000 0.599824
v -0.077598 0.872328 0.589410
v -0.074008 0.892308 0.562145
v -0.069571 0.892308 0.528444
v -0.065982 0.872328 0.501179
v -0.064611 0.840000 0.490765
v -0.065982 0.807672 0.501179
v -0.069571 0.787692 0.528444
v -0.074008 0.787692 0.562145
v -0.077598 0.807672 0.589410
v 0.000000 0.840000 0.605000
v 0.000000 0.872328 0.594496
v 0.000000 0.892308 0.566996
v 0.000000 0.892308 0.533004
v 0.000000 0.872328 0.505504
v 0.000000 0.840000 0.495000
v 0.000000 0.807672 0.505504
v 0.000000 0.787692 0.533004
v 0.000000 0.787692 0.566996
v 0.000000 0.807672 0.594496
v 0.078968 0.840000 0.599824
v 0.077597 0.872328 0.589410
v 0.074008 0.892308 0.562145
v 0.069571 0.892308 0.528444
v 0.065981 0.872328 0.501179
v 0.064610 0.840000 0.490765
v 0.065981 0.807672 0.501179
v 0.069571 0.787692 0.528444
v 0.074008 0.787692 0.562145
v 0.077597 0.807672 0.589410
v 0.156585 0.840000 0.584385
v 0.153867 0.872328 0.574239
v 0.146749 0.892308 0.547676
v 0.137951 0.892308 0.514843
v 0.130834 0.872328 0.488279
v 0.128115 0.840000 0.478133
v 0.130834 0.807672 0.488279
v 0.137951 0.787692 0.514843
v 0.146749 0.787692 0.547676
v 0.153867 0.807672 0.574239
v 0.231524 0.840000 0.558947
v 0.227504 0.872328 0.549243
v 0.216980 0.892308 0.523836
v 0.203972 0.892308 0.492432
v 0.193448 0.872328 0.467025
v 0.189428 0.840000 0.457320
v 0.193448 0.807672 0.467025
v 0.203972 0.787692 0.492432
v 0.216980 0.787692 0.523836
v 0.227504 0.807672 0.549243
v 0.302500 0.840000 0.523945
v 0.297248 0.872328 0.514849
v 0.283498 0.892308 0.491033
v 0.266502 0.892308 0.461595
v 0.252752 0.872328 0.437779
v 0.247500 0.840000 0.428683
v 0.252752 0.807672 0.437779
v 0.266502 0.787692 0.461595
v 0.283498 0.787692 0.491033
v 0.297248 0.807672 0.514849
v 0.368301 0.840000 0.479979
v 0.361906 0.872328 0.471645
v 0.345165 0.892308 0.449828
v 0.324472 0.892308 0.422861
v 0.307731 0.872328 0.401043
v 0.301337 0.840000 0.392710
v 0.307731 0.807672 0.401043
v 0.324472 0.787692 0.422861
v 0.345165 0.787692 0.449828
v 0.361906 0.807672 0.471645
v 0.427799 0.840000 0.427800
v 0.420372 0.872328 0.420372
v 0.400926 0.892308 0.400927
v 0.376891 0.892308 0.376891
v 0.357445 0.872328 0.357446
v 0.350018 0.840000 0.350018
v 0.357445 0.807672 0.357446
v 0.376891 0.787692 0.376891
v 0.400926 0.787692 0.400927
v 0.420372 0.807672 0.420372
v 0.479979 0.840000 0.368301
v 0.471645 0.872328 0.361906
v 0.449828 0.892308 0.345165
v 0.422861 0.892308 0.324472
v 0.401043 0.872328 0.307731
v 0.392710 0.840000 0.301337
v 0.401043 0.807672 0.307731
v 0.422861 0.787692 0.324472
v 0.449828 0.787692 0.345165
v 0.471645 0.807672 0.361906
v 0.523945 0.840000 0.302500
v 0.514849 0.872328 0.297248
v 0.491033 0.892308 0.283498
v 0.461595 0.892308 0.266502
v 0.437779 0.872328 0.252752
v 0.428683 0.840000 0.247500
v 0.437779 0.807672 0.252752
v 0.461595 0.787692 0.266502
v 0.491033 0.787692 0.283498
v 0.514849 0.807672 0.297248
v 0.558947 0.840000 0.231524
v 0.549243 0.872328 0.227504
v 0.523836 0.892308 0.216980
v 0.492431 0.892308 0.203972
v 0.467025 0.872328 0.193448
v 0.457320 0.840000 0.189428
v 0.467025 0.807672 0.193448
v 0.492431 0.787692 0.203972
v 0.523836 0.787692 0.216980
v 0.549243 0.807672 0.227504
v 0.584385 0.840000 0.156585
v 0.574239 0.872328 0.153867
v 0.547676 0.892308 0.146749
v 0.514842 0.892308 0.137951
v 0.488279 0.872328 0.130834
v 0.478133 0.840000 0.128115
v 0.488279 0.807672 0.130834
v 0.514842 0.787692 0.137951
v 0.547676 0.787692 0.146749
v 0.574239 0.807672 0.153867
v 0.599824 0.840000 0.078968
v 0.589410 0.872328 0.077597
v 0.562145 0.892308 0.074008
v 0.528444 0.892308 0.069571
v 0.501179 0.872328 0.065982
v 0.490765 0.840000 0.064610
v 0.501179 0.807672 0.065982
v 0.528444 0.787692 0.069571
v 0.562145 0.787692 0.074008
v 0.589410 0.807672 0.077597
v 0.000000 1.087984 -0.364427
v 0.000000 0.977984 -0.589655
v 0.000000 0.944416 -0.612367
v 0.000000 0.842016 -0.589655
v 0.000000 0.754437 -0.438406
v 0.000000 0.732016 -0.364427
v 0.000000 0.700768 -0.191591
v 0.000000 0.692709 -0.096989
v 0.012660 1.127291 -0.096160
v 0.025008 1.119232 -0.189951
v 0.036740 1.106021 -0.279066
v 0.047567 1.087984 -0.361309
v 0.057223 1.065564 -0.434656
v 0.065471 1.039313 -0.497299
v 0.072106 1.009878 -0.547698
v 0.076965 0.977984 -0.584611
v 0.079930 0.944416 -0.607128
v 0.080926 0.910000 -0.614696
v 0.079930 0.875584 -0.607128
v 0.076965 0.842016 -0.584611
v 0.072106 0.810122 -0.547698
v 0.065471 0.780687 -0.497299
v 0.057223 0.754437 -0.434656
v 0.047567 0.732016 -0.361309
v 0.036740 0.713979 -0.279066
v 0.025008 0.700768 -0.189951
v 0.012660 0.692709 -0.096160
v 0.025103 1.127291 -0.093685
v 0.049587 1.119232 -0.185062
v 0.072851 1.106021 -0.271883
v 0.094321 1.087984 -0.352009
v 0.113468 1.065564 -0.423468
v 0.129821 1.039313 -0.484499
v 0.142978 1.009878 -0.533601
v 0.152614 0.977984 -0.569563
v 0.158492 0.944416 -0.591501
v 0.160468 0.910000 -0.598874
v 0.158492 0.875584 -0.591501
v 0.152614 0.842016 -0.569563
v 0.142978 0.810122 -0.533601
v 0.129821 0.780687 -0.484499
v 0.113468 0.754437 -0.423468
v 0.094321 0.732016 -0.352009
v 0.072851 0.713979 -0.271883
v 0.049587 0.700768 -0.185062
v 0.025103 0.692709 -0.093685
v 0.037116 1.127291 -0.089607
v 0.073319 1.119232 -0.177007
v 0.107716 1.106021 -0.260048
v 0.139460 1.087984 -0.336687
v 0.167771 1.065564 -0.405035
v 0.191950 1.039313 -0.463409
v 0.211404 1.009878 -0.510373
v 0.225651 0.977984 -0.544770
v 0.234343 0.944416 -0.565753
v 0.237264 0.910000 -0.572805
v 0.234343 0.875584 -0.565753
v 0.225651 0.842016 -0.544770
v 0.211404 0.810122 -0.510373
v 0.191950 0.780687 -0.463409
v 0.167771 0.754437 -0.405035
v 0.139460 0.732016 -0.336687
v 0.107716 0.713979 -0.260048
v 0.073319 0.700768 -0.177007
v 0.037116 0.692709 -0.089607
v 0.048495 1.127291 -0.083995
v 0.095795 1.119232 -0.165922
v 0.140737 1.106021 -0.243764
v 0.182213 1.087984 -0.315603
v 0.219203 1.065564 -0.379671
v 0.250795 1.039313 -0.434390
v 0.276212 1.009878 -0.478413
v 0.294828 0.977984 -0.510656
v 0.306183 0.944416 -0.530325
v 0.310000 0.910000 -0.536936
v 0.306183 0.875584 -0.530325
v 0.294828 0.842016 -0.510656
v 0.276212 0.810122 -0.478413
v 0.250795 0.780687 -0.434390
v 0.219203 0.754437 -0.379671
v 0.182213 0.732016 -0.315603
v 0.140737 0.713979 -0.243764
v 0.095795 0.700768 -0.165922
v 0.048495 0.692709 -0.083995
v 0.059043 1.127291 -0.076947
v 0.116633 1.119232 -0.151999
v 0.171351 1.106021 -0.223308
v 0.221849 1.087984 -0.289119
v 0.266885 1.065564 -0.347811
v 0.305349 1.039313 -0.397939
v 0.336295 1.009878 -0.438268
v 0.358959 0.977984 -0.467805
v 0.372785 0.944416 -0.485823
v 0.377432 0.910000 -0.491879
v 0.372785 0.875584 -0.485823
v 0.358959 0.842016 -0.467805
v 0.336295 0.810122 -0.438268
v 0.305349 0.780687 -0.397939
v 0.266885 0.754437 -0.347811
v 0.221849 0.732016 -0.289119
v 0.171351 0.713979 -0.223308
v 0.116633 0.700768 -0.151999
v 0.059043 0.692709 -0.076947
v 0.068582 1.127291 -0.068582
v 0.135475 1.119232 -0.135475
v 0.199032 1.106021 -0.199032
v 0.257689 1.087984 -0.257689
v 0.310000 1.065564 -0.310000
v 0.354678 1.039313 -0.354678
v 0.390623 1.009878 -0.390623
v 0.416949 0.977984 -0.416949
v 0.433009 0.944416 -0.433009
v 0.438406 0.910000 -0.438406
v 0.433009 0.875584 -0.433009
v 0.416949 0.842016 -0.416949
v 0.390623 0.810122 -0.390623
v 0.354678 0.780687 -0.354678
v 0.310000 0.754437 -0.310000
v 0.257689 0.732016 -0.257689
v 0.199032 0.713979 -0.199032
v 0.135475 0.700768 -0.135475
v 0.068582 0.692709 -0.068582
v 0.076947 1.127291 -0.059043
v 0.151999 1.119232 -0.116633
v 0.223308 1.106021 -0.171351
v 0.289119 1.087984 -0.221849
v 0.347811 1.065564 -0.266885
v 0.397939 1.039313 -0.305349
v 0.438267 1.009878 -0.336295
v 0.467805 0.977984 -0.358959
v 0.485823 0.944416 -0.372785
v 0.491879 0.910000 -0.377432
v 0.485823 0.875584 -0.372785
v 0.467805 0.842016 -0.358959
v 0.438267 0.810122 -0.336295
v 0.397939 0.780687 -0.305349
v 0.347811 0.754437 -0.266885
v 0.289119 0.732016 -0.221849
v 0.223308 0.713979 -0.171351
v 0.151999 0.700768 -0.116633
v 0.076947 0.692709 -0.059043
v 0.083995 1.127291 -0.048495
v 0.165922 1.119232 -0.095795
v 0.243764 1.106021 -0.140737
v 0.315603 1.087984 -0.182213
v 0.379671 1.065564 -0.219203
v 0.434390 1.039313 -0.250795
v 0.478413 1.009878 -0.276212
v 0.510656 0.977984 -0.294828
v 0.530325 0.944416 -0.306183
v 0.536936 0.910000 -0.310000
v 0.530325 0.875584 -0.306183
v 0.510656 0.842016 -0.294828
v 0.478413 0.810122 -0.276212
v 0.434390 0.780687 -0.250795
v 0.379671 0.754437 -0.219203
v 0.315603 0.732016 -0.182213
v 0.243764 0.713979 -0.140737
v 0.165922 0.700768 -0.095795
v 0.083995 0.692709 -0.048495
v 0.089607 1.127291 -0.037116
v 0.177007 1.119232 -0.073319
v 0.260048 1.106021 -0.107716
v 0.336687 1.087984 -0.139460
v 0.405035 1.065564 -0.167771
v 0.463409 1.039313 -0.191950
v 0.510373 1.009878 -0.211404
v 0.544770 0.977984 -0.225651
v 0.565753 0.944416 -0.234343
v 0.572805 0.910000 -0.237264
v 0.565753 0.875584 -0.234343
v 0.544770 0.842016 -0.225651
v 0.510373 0.810122 -0.211404
v 0.463409 0.780687 -0.191950
v 0.405035 0.754437 -0.167771
v 0.336687 0.732016 -0.139460
v 0.260048 0.713979 -0.107716
v 0.177007 0.700768 -0.073319
v 0.089607 0.692709 -0.037116
v 0.093685 1.127291 -0.025103
v 0.185062 1.119232 -0.049587
v 0.271883 1.106021 -0.072851
v 0.352009 1.087984 -0.094321
v 0.423468 1.065564 -0.113468
v 0.484499 1.039313 -0.129821
v 0.533601 1.009878 -0.142978
v 0.569563 0.977984 -0.152614
v 0.591501 0.944416 -0.158492
v 0.598874 0.910000 -0.160468
v 0.591501 0.875584 -0.158492
v 0.569563 0.842016 -0.152614
v 0.533601 0.810122 -0.142978
v 0.484499 0.780687 -0.129821
v 0.423468 0.754437 -0.113468
v 0.352009 0.732016 -0.094321
v 0.271883 0.713979 -0.072851
v 0.185062 0.700768 -0.049587
v 0.093685 0.692709 -0.025103
v 0.096160 1.127291 -0.012660
v 0.189951 1.119232 -0.025008
v 0.279066 1.106021 -0.036740
v 0.361309 1.087984 -0.047567
v 0.434656 1.065564 -0.057224
v 0.497300 1.039313 -0.065471
v 0.547698 1.009878 -0.072106
v 0.584611 0.977984 -0.076965
v 0.607128 0.944416 -0.079930
v 0.614696 0.910000 -0.080926
v 0.607128 0.875584 -0.079930
v 0.584611 0.842016 -0.076965
v 0.547698 0.810122 -0.072106
v 0.497300 0.780687 -0.065471
v 0.434656 0.754437 -0.057224
v 0.361309 0.732016 -0.047567
v 0.279066 0.713979 -0.036740
v 0.189951 0.700768 -0.025008
v 0.096160 0.692709 -0.012660
v 0.000000 0.690000 0.000000
v 0.096989 1.127291 0.000000
v 0.191591 1.119232 0.000000
v 0.281474 1.106021 0.000000
v 0.364427 1.087984 0.000000
v 0.438406 1.065564 0.000000
v 0.501591 1.039313 0.000000
v 0.552424 1.009878 0.000000
v 0.589655 0.977984 0.000000
v 0.612367 0.944416 0.000000
v 0.620000 0.910000 0.000000
v 0.612367 0.875584 0.000000
v 0.589655 0.842016 0.000000
v 0.552424 0.810122 0.000000
v 0.501591 0.780687 0.000000
v 0.438406 0.754437 0.000000
v 0.364427 0.732016 0.000000
v 0.281474 0.713979 0.000000
v 0.191591 0.700768 0.000000
v 0.096989 0.692709 0.000000
v 0.096160 1.127291 0.012660
v 0.189952 1.119232 0.025008
v 0.279066 1.106021 0.036740
v 0.361309 1.087984 0.047567
v 0.434656 1.065564 0.057224
v 0.497300 1.039313 0.065471
v 0.547698 1.009878 0.072106
v 0.584611 0.977984 0.076966
v 0.607128 0.944416 0.079930
v 0.614696 0.910000 0.080926
v 0.607128 0.875584 0.079930
v 0.584611 0.842016 0.076966
v 0.547698 0.810122 0.072106
v 0.497300 0.780687 0.065471
v 0.434656 0.754437 0.057224
v 0.361309 0.732016 0.047567
v 0.279066 0.713979 0.036740
v 0.189952 0.700768 0.025008
v 0.096160 0.692709 0.012660
v 0.093685 1.127291 0.025103
v 0.185062 1.119232 0.049587
v 0.271883 1.106021 0.072851
v 0.352009 1.087984 0.094321
v 0.423468 1.065564 0.113468
v 0.484499 1.039313 0.129821
v 0.533601 1.009878 0.142978
v 0.569563 0.977984 0.152614
v 0.591501 0.944416 0.158492
v 0.598874 0.910000 0.160468
v 0.591501 0.875584 0.158492
v 0.569563 0.842016 0.152614
v 0.533601 0.810122 0.142978
v 0.484499 0.780687 0.129821
v 0.423468 0.754437 0.113468
v 0.352009 0.732016 0.094321
v 0.271883 0.713979 0.072851
v 0.185062 0.700768 0.049587
v 0.093685 0.692709 0.025103
v 0.089607 1.127291 0.037116
v 0.177007 1.119232 0.073319
v 0.260048 1.106021 0.107716
v 0.336687 1.087984 0.139460
v 0.405035 1.065564 0.167771
v 0.463409 1.039313 0.191951
v 0.510374 1.009878 0.211404
v 0.544771 0.977984 0.225651
v 0.565753 0.944416 0.234343
v 0.572806 0.910000 0.237264
v 0.565753 0.875584 0.234343
v 0.544771 0.842016 0.225651
v 0.510374 0.810122 0.211404
v 0.463409 0.780687 0.191951
v 0.405035 0.754437 0.167771
v 0.336687 0.732016 0.139460
v 0.260048 0.713979 0.107716
v 0.177007 0.700768 0.073319
v 0.089607 0.692709 0.037116
v 0.083995 1.127291 0.048495
v 0.165922 1.119232 0.095795
v 0.243764 1.106021 0.140737
v 0.315603 1.087984 0.182214
v 0.379671 1.065564 0.219203
v 0.434390 1.039313 0.250795
v 0.478414 1.009878 0.276212
v 0.510657 0.977984 0.294828
v 0.530325 0.944416 0.306184
v 0.536936 0.910000 0.310000
v 0.530325 0.875584 0.306184
v 0.510657 0.842016 0.294828
v 0.478414 0.810122 0.276212
v 0.434390 0.780687 0.250795
v 0.379671 0.754437 0.219203
v 0.315603 0.732016 0.182214
v 0.243764 0.713979 0.140737
v 0.165922 0.700768 0.095795
v 0.083995 0.692709 0.048495
v 0.076947 1.127291 0.059043
v 0.151999 1.119232 0.116633
v 0.223309 1.106021 0.171351
v 0.289119 1.087984 0.221849
v 0.347811 1.065564 0.266885
v 0.397939 1.039313 0.305349
v 0.438268 1.009878 0.336295
v 0.467805 0.977984 0.358960
v 0.485823 0.944416 0.372786
v 0.491879 0.910000 0.377432
v 0.485823 0.875584 0.372786
v 0.467805 0.842016 0.358960
v 0.438268 0.810122 0.336295
v 0.397939 0.780687 0.305349
v 0.347811 0.754437 0.266885
v 0.289119 0.732016 0.221849
v 0.223309 0.713979 0.171351
v 0.151999 0.700768 0.116633
v 0.076947 0.692709 0.059043
v 0.068582 1.127291 0.068582
v 0.135475 1.119232 0.135475
v 0.199032 1.106021 0.199032
v 0.257689 1.087984 0.257689
v 0.310000 1.065564 0.310000
v 0.354678 1.039313 0.354678
v 0.390623 1.009878 0.390623
v 0.416949 0.977984 0.416949
v 0.433009 0.944416 0.433009
v 0.438406 0.910000 0.438407
v 0.433009 0.875584 0.433009
v 0.416949 0.842016 0.416949
v 0.390623 0.810122 0.390623
v 0.354678 0.780687 0.354678
v 0.310000 0.754437 0.310000
v 0.257689 0.732016 0.257689
v 0.199032 0.713979 0.199032
v 0.135475 0.700768 0.135475
v 0.068582 0.692709 0.068582
v 0.059043 1.127291 0.076947
v 0.116633 1.119232 0.151999
v 0.171351 1.106021 0.223309
v 0.221849 1.087984 0.289119
v 0.266885 1.065564 0.347811
v 0.305349 1.039313 0.397939
v 0.336295 1.009878 0.438268
v 0.358959 0.977984 0.467805
v 0.372785 0.944416 0.485824
v 0.377432 0.910000 0.491879
v 0.372785 0.875584 0.485824
v 0.358959 0.842016 0.467805
v 0.336295 0.810122 0.438268
v 0.305349 0.780687 0.397939
v 0.266885 0.754437 0.347811
v 0.221849 0.732016 0.289119
v 0.171351 0.713979 0.223309
v 0.116633 0.700768 0.151999
v 0.059043 0.692709 0.076947
v 0.048495 1.127291 0.083995
v 0.095795 1.119232 0.165922
v 0.140737 1.106021 0.243764
v 0.182214 1.087984 0.315603
v 0.219203 1.065564 0.379671
v 0.250795 1.039313 0.434390
v 0.276212 1.009878 0.478414
v 0.294828 0.977984 0.510657
v 0.306184 0.944416 0.530326
v 0.310000 0.910000 0.536936
v 0.306184 0.875584 0.530326
v 0.294828 0.842016 0.510657
v 0.276212 0.810122 0.478414
v 0.250795 0.780687 0.434390
v 0.219203 0.754437 0.379671
v 0.182214 0.732016 0.315603
v 0.140737 0.713979 0.243764
v 0.095795 0.700768 0.165922
v 0.048495 0.692709 0.083995
v 0.037116 1.127291 0.089607
v 0.073319 1.119232 0.177007
v 0.107716 1.106021 0.260048
v 0.139460 1.087984 0.336687
v 0.167771 1.065564 0.405035
v 0.191950 1.039313 0.463410
v 0.211404 1.009878 0.510374
v 0.225651 0.977984 0.544771
v 0.234343 0.944416 0.565754
v 0.237264 0.910000 0.572806
v 0.234343 0.875584 0.565754
v 0.225651 0.842016 0.544771
v 0.211404 0.810122 0.510374
v 0.191950 0.780687 0.463410
v 0.167771 0.754437 0.405035
v 0.139460 0.732016 0.336687
v 0.107716 0.713979 0.260048
v 0.073319 0.700768 0.177007
v 0.037116 0.692709 0.089607
v 0.025103 1.127291 0.093685
v 0.049587 1.119232 0.185062
v 0.072851 1.106021 0.271883
v 0.094321 1.087984 0.352010
v 0.113468 1.065564 0.423468
v 0.129821 1.039313 0.484500
v 0.142978 1.009878 0.533601
v 0.152614 0.977984 0.569564
v 0.158492 0.944416 0.591501
v 0.160468 0.910000 0.598875
v 0.158492 0.875584 0.591501
v 0.152614 0.842016 0.569564
v 0.142978 0.810122 0.533601
v 0.129821 0.780687 0.484500
v 0.113468 0.754437 0.423468
v 0.094321 0.732016 0.352010
v 0.072851 0.713979 0.271883
v 0.049587 0.700768 0.185062
v 0.025103 0.692709 0.093685
v 0.012660 1.127291 0.096160
v 0.025008 1.119232 0.189952
v 0.036740 1.106021 0.279066
v 0.047567 1.087984 0.361309
v 0.057223 1.065564 0.434656
v 0.065471 1.039313 0.497300
v 0.072106 1.009878 0.547698
v 0.076965 0.977984 0.584611
v 0.079930 0.944416 0.607128
v 0.080926 0.910000 0.614696
v 0.079930 0.875584 0.607128
v 0.076965 0.842016 0.584611
v 0.072106 0.810122 0.547698
v 0.065471 0.780687 0.497300
v 0.057223 0.754437 0.434656
v 0.047567 0.732016 0.361309
v 0.036740 0.713979 0.279066
v 0.025008 0.700768 0.189952
v 0.012660 0.692709 0.096160
v -0.000000 1.127291 0.096989
v -0.000000 1.119232 0.191591
v -0.000000 1.106021 0.281474
v -0.000000 1.087984 0.364427
v -0.000000 1.065564 0.438406
v -0.000000 1.039313 0.501591
v -0.000000 1.009878 0.552424
v -0.000000 0.977984 0.589656
v -0.000000 0.944416 0.612367
v -0.000000 0.910000 0.620001
v -0.000000 0.875584 0.612367
v -0.000000 0.842016 0.589656
v -0.000000 0.810122 0.552424
v -0.000000 0.780687 0.501591
v -0.000000 0.754437 0.438406
v -0.000000 0.732016 0.364427
v -0.000000 0.713979 0.281474
v -0.000000 0.700768 0.191591
v -0.000000 0.692709 0.096989
v 0.000000 1.130000 0.000000
v -0.012660 1.127291 0.096160
v -0.025008 1.119232 0.189952
v -0.036740 1.106021 0.279066
v -0.047567 1.087984 0.361309
v -0.057224 1.065564 0.434656
v -0.065471 1.039313 0.497300
v -0.072106 1.009878 0.547698
v -0.076966 0.977984 0.584611
v -0.079930 0.944416 0.607128
v -0.080926 0.910000 0.614696
v -0.079930 0.875584 0.607128
v -0.076966 0.842016 0.584611
v -0.072106 0.810122 0.547698
v -0.065471 0.780687 0.497300
v -0.057224 0.754437 0.434656
v -0.047567 0.732016 0.361309
v -0.036740 0.713979 0.279066
v -0.025008 0.700768 0.189952
v -0.012660 0.692709 0.096160
v -0.025103 1.127291 0.093685
v -0.049587 1.119232 0.185062
v -0.072851 1.106021 0.271883
v -0.094321 1.087984 0.352010
v -0.113468 1.065564 0.423468
v -0.129821 1.039313 0.484500
v -0.142978 1.009878 0.533601
v -0.152614 0.977984 0.569564
v -0.158492 0.944416 0.591501
v -0.160468 0.910000 0.598875
v -0.158492 0.875584 0.591501
v -0.152614 0.842016 0.569564
v -0.142978 0.810122 0.533601
v -0.129821 0.780687 0.484500
v -0.113468 0.754437 0.423468
v -0.094321 0.732016 0.352010
v -0.072851 0.713979 0.271883
v -0.049587 0.700768 0.185062
v -0.025103 0.692709 0.093685
v -0.037116 1.127291 0.089607
v -0.073319 1.119232 0.177007
v -0.107716 1.106021 0.260048
v -0.139460 1.087984 0.336687
v -0.167771 1.065564 0.405035
v -0.191951 1.039313 0.463410
v -0.211404 1.009878 0.510374
v -0.225652 0.977984 0.544771
v -0.234343 0.944416 0.565754
v -0.237264 0.910000 0.572806
v -0.234343 0.875584 0.565754
v -0.225652 0.842016 0.544771
v -0.211404 0.810122 0.510374
v -0.191951 0.780687 0.463410
v -0.167771 0.754437 0.405035
v -0.139460 0.732016 0.336687
v -0.107716 0.713979 0.260048
v -0.073319 0.700768 0.177007
v -0.037116 0.692709 0.089607
v -0.048495 1.127291 0.083995
v -0.095795 1.119232 0.165922
v -0.140737 1.106021 0.243764
v -0.182214 1.087984 0.315603
v -0.219203 1.065564 0.379671
v -0.250796 1.039313 0.434390
v -0.276212 1.009878 0.478414
v -0.294828 0.977984 0.510657
v -0.306184 0.944416 0.530326
v -0.310000 0.910000 0.536936
v -0.306184 0.875584 0.530326
v -0.294828 0.842016 0.510657
v -0.276212 0.810122 0.478414
v -0.250796 0.780687 0.434390
v -0.219203 0.754437 0.379671
v -0.182214 0.732016 0.315603
v -0.140737 0.713979 0.243764
v -0.095795 0.700768 0.165922
v -0.048495 0.692709 0.083995
v -0.059043 1.127291 0.076947
v -0.116633 1.119232 0.151999
v -0.171351 1.106021 0.223309
v -0.221849 1.087984 0.289119
v -0.266885 1.065564 0.347811
v -0.305349 1.039313 0.397939
v -0.336295 1.009878 0.438268
v -0.358960 0.977984 0.467805
v -0.372786 0.944416 0.485824
v -0.377433 0.910000 0.491880
v -0.372786 0.875584 0.485824
v -0.358960 0.842016 0.467805
v -0.336295 0.810122 0.438268
v -0.305349 0.780687 0.397939
v -0.266885 0.754437 0.347811
v -0.221849 0.732016 0.289119
v -0.171351 0.713979 0.223309
v -0.116633 0.700768 0.151999
v -0.059043 0.692709 0.076947
v -0.068582 1.127291 0.068582
v -0.135475 1.119232 0.135475
v -0.199032 1.106021 0.199032
v -0.257689 1.087984 0.257689
v -0.310000 1.065564 0.310000
v -0.354678 1.039313 0.354678
v -0.390623 1.009878 0.390623
v -0.416950 0.977984 0.416949
v -0.433009 0.944416 0.433009
v -0.438407 0.910000 0.438407
v -0.433009 0.875584 0.433009
v -0.416950 0.842016 0.416949
v -0.390623 0.810122 0.390623
v -0.354678 0.780687 0.354678
v -0.310000 0.754437 0.310000
v -0.257689 0.732016 0.257689
v -0.199032 0.713979 0.199032
v -0.135475 0.700768 0.135475
v -0.068582 0.692709 0.068582
v -0.076947 1.127291 0.059043
v -0.151999 1.119232 0.116633
v -0.223309 1.106021 0.171351
v -0.289120 1.087984 0.221849
v -0.347811 1.065564 0.266885
v -0.397939 1.039313 0.305349
v -0.438268 1.009878 0.336295
v -0.467805 0.977984 0.358960
v -0.485824 0.944416 0.372786
v -0.491880 0.910000 0.377432
v -0.485824 0.875584 0.372786
v -0.467805 0.842016 0.358960
v -0.438268 0.810122 0.336295
v -0.397939 0.780687 0.305349
v -0.347811 0.754437 0.266885
v -0.289120 0.732016 0.221849
v -0.223309 0.713979 0.171351
v -0.151999 0.700768 0.116633
v -0.076947 0.692709 0.059043
v -0.083995 1.127291 0.048495
v -0.165922 1.119232 0.095795
v -0.243764 1.106021 0.140737
v -0.315603 1.087984 0.182214
v -0.379671 1.065564 0.219203
v -0.434391 1.039313 0.250795
v -0.478414 1.009878 0.276212
v -0.510657 0.977984 0.294828
v -0.530326 0.944416 0.306184
v -0.536936 0.910000 0.310000
v -0.530326 0.875584 0.306184
v -0.510657 0.842016 0.294828
v -0.478414 0.810122 0.276212
v -0.434391 0.780687 0.250795
v -0.379671 0.754437 0.219203
v -0.315603 0.732016 0.182214
v -0.243764 0.713979 0.140737
v -0.165922 0.700768 0.095795
v -0.083995 0.692709 0.048495
v -0.089607 1.127291 0.037116
v -0.177007 1.119232 0.073319
v -0.260048 1.106021 0.107716
v -0.336687 1.087984 0.139460
v -0.405035 1.065564 0.167771
v -0.463410 1.039313 0.191950
v -0.510374 1.009878 0.211404
v -0.544771 0.977984 0.225651
v -0.565754 0.944416 0.234343
v -0.572806 0.910000 0.237264
v -0.565754 0.875584 0.234343
v -0.544771 0.842016 0.225651
v -0.510374 0.810122 0.211404
v -0.463410 0.780687 0.191950
v -0.405035 0.754437 0.167771
v -0.336687 0.732016 0.139460
v -0.260048 0.713979 0.107716
v -0.177007 0.700768 0.073319
v -0.089607 0.692709 0.037116
v -0.093685 1.127291 0.025103
v -0.185062 1.119232 0.049587
v -0.271883 1.106021 0.072851
v -0.352010 1.087984 0.094321
v -0.423468 1.065564 0.113468
v -0.484500 1.039313 0.129821
v -0.533601 1.009878 0.142978
v -0.569564 0.977984 0.152614
v -0.591502 0.944416 0.158492
v -0.598875 0.910000 0.160468
v -0.591502 0.875584 0.158492
v -0.569564 0.842016 0.152614
v -0.533601 0.810122 0.142978
v -0.484500 0.780687 0.129821
v -0.423468 0.754437 0.113468
v -0.352010 0.732016 0.094321
v -0.271883 0.713979 0.072851
v -0.185062 0.700768 0.049587
v -0.093685 0.692709 0.025103
v -0.096160 1.127291 0.012660
v -0.189952 1.119232 0.025008
v -0.279066 1.106021 0.036740
v -0.361309 1.087984 0.047567
v -0.434656 1.065564 0.057223
v -0.497300 1.039313 0.065471
v -0.547698 1.009878 0.072106
v -0.584611 0.977984 0.076965
v -0.607129 0.944416 0.079930
v -0.614697 0.910000 0.080926
v -0.607129 0.875584 0.079930
v -0.584611 0.842016 0.076965
v -0.547698 0.810122 0.072106
v -0.497300 0.780687 0.065471
v -0.434656 0.754437 0.057223
v -0.361309 0.732016 0.047567
v -0.279066 0.713979 0.036740
v -0.189952 0.700768 0.025008
v -0.096160 0.692709 0.012660
v -0.096989 1.127291 -0.000000
v -0.191591 1.119232 -0.000000
v -0.281474 1.106021 -0.000000
v -0.364427 1.087984 -0.000000
v -0.438407 1.065564 -0.000000
v -0.501591 1.039313 -0.000000
v -0.552425 1.009878 -0.000000
v -0.589656 0.977984 -0.000000
v -0.612368 0.944416 -0.000000
v -0.620001 0.910000 -0.000000
v -0.612368 0.875584 -0.000000
v -0.589656 0.842016 -0.000000
v -0.552425 0.810122 -0.000000
v -0.501591 0.780687 -0.000000
v -0.438407 0.754437 -0.000000
v -0.364427 0.732016 -0.000000
v -0.281474 0.713979 -0.000000
v -0.191591 0.700768 -0.000000
v -0.096989 0.692709 -0.000000
v -0.096160 1.127291 -0.012660
v -0.189952 1.119232 -0.025008
v -0.279066 1.106021 -0.036740
v -0.361309 1.087984 -0.047567
v -0.434656 1.065564 -0.057224
v -0.497300 1.039313 -0.065471
v -0.547698 1.009878 -0.072106
v -0.584611 0.977984 -0.076966
v -0.607129 0.944416 -0.079930
v -0.614697 0.910000 -0.080926
v -0.607129 0.875584 -0.079930
v -0.584611 0.842016 -0.076966
v -0.547698 0.810122 -0.072106
v -0.497300 0.780687 -0.065471
v -0.434656 0.754437 -0.057224
v -0.361309 0.732016 -0.047567
v -0.279066 0.713979 -0.036740
v -0.189952 0.700768 -0.025008
v -0.096160 0.692709 -0.012660
v -0.093685 1.127291 -0.025103
v -0.185062 1.119232 -0.049587
v -0.271883 1.106021 -0.072851
v -0.352010 1.087984 -0.094321
v -0.423468 1.065564 -0.113468
v -0.484500 1.039313 -0.129821
v -0.533601 1.009878 -0.142978
v -0.569564 0.977984 -0.152614
v -0.591502 0.944416 -0.158492
v -0.598875 0.910000 -0.160468
v -0.591502 0.875584 -0.158492
v -0.569564 0.842016 -0.152614
v -0.533601 0.810122 -0.142978
v -0.484500 0.780687 -0.129821
v -0.423468 0.754437 -0.113468
v -0.352010 0.732016 -0.094321
v -0.271883 0.713979 -0.072851
v -0.185062 0.700768 -0.049587
v -0.093685 0.692709 -0.025103
v -0.089607 1.127291 -0.037116
v -0.177007 1.119232 -0.073319
v -0.260048 1.106021 -0.107716
v -0.336687 1.087984 -0.139460
v -0.405035 1.065564 -0.167771
v -0.463410 1.039313 -0.191951
v -0.510374 1.009878 -0.211404
v -0.544771 0.977984 -0.225652
v -0.565754 0.944416 -0.234343
v -0.572806 0.910000 -0.237264
v -0.565754 0.875584 -0.234343
v -0.544771 0.842016 -0.225652
v -0.510374 0.810122 -0.211404
v -0.463410 0.780687 -0.191951
v -0.405035 0.754437 -0.167771
v -0.336687 0.732016 -0.139460
v -0.260048 0.713979 -0.107716
v -0.177007 0.700768 -0.073319
v -0.089607 0.692709 -0.037116
v -0.083995 1.127291 -0.048495
v -0.165922 1.119232 -0.095795
v -0.243764 1.106021 -0.140737
v -0.315603 1.087984 -0.182214
v -0.379671 1.065564 -0.219203
v -0.434391 1.039313 -0.250796
v -0.478414 1.009878 -0.276212
v -0.510657 0.977984 -0.294828
v -0.530326 0.944416 -0.306184
v -0.536936 0.910000 -0.310000
v -0.530326 0.875584 -0.306184
v -0.510657 0.842016 -0.294828
v -0.478414 0.810122 -0.276212
v -0.434391 0.780687 -0.250796
v -0.379671 0.754437 -0.219203
v -0.315603 0.732016 -0.182214
v -0.243764 0.713979 -0.140737
v -0.165922 0.700768 -0.095795
v -0.083995 0.692709 -0.048495
v -0.076947 1.127291 -0.059043
v -0.151999 1.119232 -0.116633
v -0.223309 1.106021 -0.171351
v -0.289119 1.087984 -0.221849
v -0.347811 1.065564 -0.266885
v -0.397939 1.039313 -0.305349
v -0.438268 1.009878 -0.336295
v -0.467805 0.977984 -0.358960
v -0.485824 0.944416 -0.372786
v -0.491880 0.910000 -0.377433
v -0.485824 0.875584 -0.372786
v -0.467805 0.842016 -0.358960
v -0.438268 0.810122 -0.336295
v -0.397939 0.780687 -0.305349
v -0.347811 0.754437 -0.266885
v -0.289119 0.732016 -0.221849
v -0.223309 0.713979 -0.171351
v -0.151999 0.700768 -0.116633
v -0.076947 0.692709 -0.059043
v -0.068582 1.127291 -0.068582
v -0.135475 1.119232 -0.135475
v -0.199032 1.106021 -0.199033
v -0.257689 1.087984 -0.257689
v -0.310000 1.065564 -0.310000
v -0.354678 1.039313 -0.354679
v -0.390623 1.009878 -0.390623
v -0.416950 0.977984 -0.416950
v -0.433009 0.944416 -0.433009
v -0.438407 0.910000 -0.438407
v -0.433009 0.875584 -0.433009
v -0.416950 0.842016 -0.416950
v -0.390623 0.810122 -0.390623
v -0.354678 0.780687 -0.354679
v -0.310000 0.754437 -0.310000
v -0.257689 0.732016 -0.257689
v -0.199032 0.713979 -0.199033
v -0.135475 0.700768 -0.135475
v -0.068582 0.692709 -0.068582
v -0.059043 1.127291 -0.076947
v -0.116633 1.119232 -0.151999
v -0.171351 1.106021 -0.223309
v -0.221849 1.087984 -0.289120
v -0.266885 1.065564 -0.347811
v -0.305349 1.039313 -0.397939
v -0.336295 1.009878 -0.438268
v -0.358960 0.977984 -0.467806
v -0.372786 0.944416 -0.485824
v -0.377432 0.910000 -0.491880
v -0.372786 0.875584 -0.485824
v -0.358960 0.842016 -0.467806
v -0.336295 0.810122 -0.438268
v -0.305349 0.780687 -0.397939
v -0.266885 0.754437 -0.347811
v -0.221849 0.732016 -0.289120
v -0.171351 0.713979 -0.223309
v -0.116633 0.700768 -0.151999
v -0.059043 0.692709 -0.076947
v -0.048495 1.127291 -0.083995
v -0.095795 1.119232 -0.165923
v -0.140737 1.106021 -0.243764
v -0.182213 1.087984 -0.315603
v -0.219203 1.065564 -0.379671
v -0.250795 1.039313 -0.434391
v -0.276212 1.009878 -0.478414
v -0.294828 0.977984 -0.510657
v -0.306184 0.944416 -0.530326
v -0.310000 0.910000 -0.536936
v -0.306184 0.875584 -0.530326
v -0.294828 0.842016 -0.510657
v -0.276212 0.810122 -0.478414
v -0.250795 0.780687 -0.434391
v -0.219203 0.754437 -0.379671
v -0.182213 0.732016 -0.315603
v -0.140737 0.713979 -0.243764
v -0.095795 0.700768 -0.165923
v -0.048495 0.692709 -0.083995
v -0.037116 1.127291 -0.089607
v -0.073319 1.119232 -0.177007
v -0.107716 1.106021 -0.260048
v -0.139460 1.087984 -0.336687
v -0.167771 1.065564 -0.405035
v -0.191951 1.039313 -0.463410
v -0.211404 1.009878 -0.510374
v -0.225651 0.977984 -0.544771
v -0.234343 0.944416 -0.565754
v -0.237264 0.910000 -0.572806
v -0.234343 0.875584 -0.565754
v -0.225651 0.842016 -0.544771
v -0.211404 0.810122 -0.510374
v -0.191951 0.780687 -0.463410
v -0.167771 0.754437 -0.405035
v -0.139460 0.732016 -0.336687
v -0.107716 0.713979 -0.260048
v -0.073319 0.700768 -0.177007
v -0.037116 0.692709 -0.089607
v -0.025103 1.127291 -0.093685
v -0.049587 1.119232 -0.185062
v -0.072851 1.106021 -0.271883
v -0.094321 1.087984 -0.352010
v -0.113468 1.065564 -0.423468
v -0.129821 1.039313 -0.484500
v -0.142978 1.009878 -0.533601
v -0.152614 0.977984 -0.569564
v -0.158492 0.944416 -0.591502
v -0.160468 0.910000 -0.598875
v -0.158492 0.875584 -0.591502
v -0.152614 0.842016 -0.569564
v -0.142978 0.810122 -0.533601
v -0.129821 0.780687 -0.484500
v -0.113468 0.754437 -0.423468
v -0.094321 0.732016 -0.352010
v -0.072851 0.713979 -0.271883
v -0.049587 0.700768 -0.185062
v -0.025103 0.692709 -0.093685
v -0.012660 1.127291 -0.096160
v -0.025008 1.119232 -0.189952
v -0.036740 1.106021 -0.279066
v -0.047567 1.087984 -0.361309
v -0.057223 1.065564 -0.434656
v -0.065471 1.039313 -0.497300
v -0.072106 1.009878 -0.547698
v -0.076965 0.977984 -0.584611
v -0.079930 0.944416 -0.607129
v -0.080926 0.910000 -0.614697
v -0.079930 0.875584 -0.607129
v -0.076965 0.842016 -0.584611
v -0.072106 0.810122 -0.547698
v -0.065471 0.780687 -0.497300
v -0.057223 0.754437 -0.434656
v -0.047567 0.732016 -0.361309
v -0.036740 0.713979 -0.279066
v -0.025008 0.700768 -0.189952
v -0.012660 0.692709 -0.096160
v 0.000000 1.127291 -0.096990
v 0.000000 1.119232 -0.191591
v 0.000000 1.106021 -0.281474
v 0.000000 1.065564 -0.438407
v 0.000000 1.039313 -0.501591
v 0.000000 1.009878 -0.552425
v 0.000000 0.910000 -0.620001
v 0.000000 0.875584 -0.612368
v 0.000000 0.810122 -0.552425
v 0.000000 0.780687 -0.501591
v 0.000000 0.713979 -0.281474
v 0.000000 1.067500 -0.207974
v 0.000000 1.079500 -0.220000
v 0.000000 1.071015 -0.216478
v -0.000000 1.102500 -0.207974
v 0.000000 1.090500 -0.220000
v -0.000000 1.098985 -0.216478
v 0.027146 1.067500 -0.206195
v 0.028716 1.079500 -0.218118
v 0.028256 1.071015 -0.214626
v 0.027146 1.102500 -0.206195
v 0.028716 1.090500 -0.218118
v 0.028256 1.098985 -0.214626
v 0.053828 1.067500 -0.200888
v 0.056940 1.079500 -0.212504
v 0.056029 1.071015 -0.209101
v 0.053828 1.102500 -0.200888
v 0.056940 1.090500 -0.212504
v 0.056029 1.098985 -0.209101
v 0.079588 1.067500 -0.192143
v 0.084190 1.079500 -0.203253
v 0.082842 1.071015 -0.199999
v 0.079588 1.102500 -0.192143
v 0.084190 1.090500 -0.203253
v 0.082842 1.098985 -0.199999
v 0.103987 1.067500 -0.180111
v 0.110000 1.079500 -0.190526
v 0.108239 1.071015 -0.187475
v 0.103987 1.102500 -0.180111
v 0.110000 1.090500 -0.190526
v 0.108239 1.098985 -0.187475
v 0.126607 1.067500 -0.164997
v 0.133928 1.079500 -0.174538
v 0.131783 1.071015 -0.171743
v 0.126607 1.102500 -0.164997
v 0.133928 1.090500 -0.174538
v 0.131783 1.098985 -0.171743
v 0.147060 1.067500 -0.147060
v 0.155563 1.079500 -0.155563
v 0.153073 1.071015 -0.153073
v 0.147060 1.102500 -0.147060
v 0.155563 1.090500 -0.155563
v 0.153073 1.098985 -0.153073
v 0.164997 1.067500 -0.126607
v 0.174538 1.079500 -0.133928
v 0.171743 1.071015 -0.131783
v 0.164997 1.102500 -0.126607
v 0.174538 1.090500 -0.133928
v 0.171743 1.098985 -0.131783
v 0.180111 1.067500 -0.103987
v 0.190526 1.079500 -0.110000
v 0.187475 1.071015 -0.108239
v 0.180111 1.102500 -0.103987
v 0.190526 1.090500 -0.110000
v 0.187475 1.098985 -0.108239
v 0.192143 1.067500 -0.079588
v 0.203253 1.079500 -0.084190
v 0.199999 1.071015 -0.082842
v 0.192143 1.102500 -0.079588
v 0.203253 1.090500 -0.084190
v 0.199999 1.098985 -0.082842
v 0.200888 1.067500 -0.053828
v 0.212504 1.079500 -0.056940
v 0.209101 1.071015 -0.056029
v 0.200888 1.102500 -0.053828
v 0.212504 1.090500 -0.056940
v 0.209101 1.098985 -0.056029
v 0.206195 1.067500 -0.027146
v 0.218118 1.079500 -0.028716
v 0.214626 1.071015 -0.028256
v 0.206195 1.102500 -0.027146
v 0.218118 1.090500 -0.028716
v 0.214626 1.098985 -0.028256
v 0.207974 1.067500 0.000000
v 0.220000 1.079500 0.000000
v 0.216478 1.071015 0.000000
v 0.207974 1.102500 -0.000000
v 0.220000 1.090500 0.000000
v 0.216478 1.098985 -0.000000
v 0.206195 1.067500 0.027146
v 0.218118 1.079500 0.028716
v 0.214626 1.071015 0.028256
v 0.206195 1.102500 0.027146
v 0.218118 1.090500 0.028716
v 0.214626 1.098985 0.028256
v 0.200888 1.067500 0.053828
v 0.212504 1.079500 0.056940
v 0.209101 1.071015 0.056029
v 0.200888 1.102500 0.053828
v 0.212504 1.090500 0.056940
v 0.209101 1.098985 0.056029
v 0.192143 1.067500 0.079588
v 0.203253 1.079500 0.084190
v 0.199999 1.071015 0.082842
v 0.192143 1.102500 0.079588
v 0.203253 1.090500 0.084190
v 0.199999 1.098985 0.082842
v 0.180111 1.067500 0.103987
v 0.190526 1.079500 0.110000
v 0.187475 1.071015 0.108239
v 0.180111 1.102500 0.103987
v 0.190526 1.090500 0.110000
v 0.187475 1.098985 0.108239
v 0.164997 1.067500 0.126607
v 0.174538 1.079500 0.133928
v 0.171743 1.071015 0.131783
v 0.164997 1.102500 0.126607
v 0.174538 1.090500 0.133928
v 0.171743 1.098985 0.131783
v 0.147060 1.067500 0.147060
v 0.155563 1.079500 0.155563
v 0.153073 1.071015 0.153073
v 0.147060 1.102500 0.147060
v 0.155563 1.090500 0.155563
v 0.153073 1.098985 0.153073
v 0.126607 1.067500 0.164997
v 0.133928 1.079500 0.174538
v 0.131783 1.071015 0.171743
v 0.126607 1.102500 0.164997
v 0.133928 1.090500 0.174538
v 0.131783 1.098985 0.171743
v 0.103987 1.067500 0.180111
v 0.110000 1.079500 0.190526
v 0.108239 1.071015 0.187475
v 0.103987 1.102500 0.180111
v 0.110000 1.090500 0.190526
v 0.108239 1.098985 0.187475
v 0.079588 1.067500 0.192143
v 0.084190 1.079500 0.203253
v 0.082842 1.071015 0.199999
v 0.079588 1.102500 0.192143
v 0.084190 1.090500 0.203253
v 0.082842 1.098985 0.199999
v 0.053828 1.067500 0.200888
v 0.056940 1.079500 0.212504
v 0.056029 1.071015 0.209101
v 0.053828 1.102500 0.200888
v 0.056940 1.090500 0.212504
v 0.056029 1.098985 0.209101
v 0.027146 1.067500 0.206195
v 0.028716 1.079500 0.218118
v 0.028256 1.071015 0.214626
v 0.027146 1.102500 0.206195
v 0.028716 1.090500 0.218118
v 0.028256 1.098985 0.214626
v -0.000000 1.067500 0.207974
v 0.000000 1.079500 0.220000
v -0.000000 1.071015 0.216478
v 0.000000 1.102500 0.207974
v 0.000000 1.090500 0.220000
v 0.000000 1.098985 0.216478
v -0.027146 1.067500 0.206195
v -0.028716 1.079500 0.218118
v -0.028256 1.071015 0.214626
v -0.027146 1.102500 0.206195
v -0.028716 1.090500 0.218118
v -0.028256 1.098985 0.214626
v -0.053828 1.067500 0.200888
v -0.056940 1.079500 0.212504
v -0.056029 1.071015 0.209101
v -0.053828 1.102500 0.200888
v -0.056940 1.090500 0.212504
v -0.056029 1.098985 0.209101
v -0.079588 1.067500 0.192143
v -0.084190 1.079500 0.203253
v -0.082842 1.071015 0.199999
v -0.079588 1.102500 0.192143
v -0.084190 1.090500 0.203253
v -0.082842 1.098985 0.199999
v -0.103987 1.067500 0.180111
v -0.110000 1.079500 0.190526
v -0.108239 1.071015 0.187475
v -0.103987 1.102500 0.180111
v -0.110000 1.090500 0.190526
v -0.108239 1.098985 0.187475
v -0.126607 1.067500 0.164997
v -0.133928 1.079500 0.174538
v -0.131783 1.071015 0.171743
v -0.126607 1.102500 0.164997
v -0.133928 1.090500 0.174538
v -0.131783 1.098985 0.171743
v -0.147060 1.067500 0.147060
v -0.155563 1.079500 0.155563
v -0.153073 1.071015 0.153073
v -0.147060 1.102500 0.147060
v -0.155563 1.090500 0.155563
v -0.153073 1.098985 0.153073
v -0.164997 1.067500 0.126607
v -0.174538 1.079500 0.133928
v -0.171743 1.071015 0.131783
v -0.164997 1.102500 0.126607
v -0.174538 1.090500 0.133928
v -0.171743 1.098985 0.131783
v -0.180111 1.067500 0.103987
v -0.190526 1.079500 0.110000
v -0.187475 1.071015 0.108239
v -0.180111 1.102500 0.103987
v -0.190526 1.090500 0.110000
v -0.187475 1.098985 0.108239
v -0.192143 1.067500 0.079588
v -0.203253 1.079500 0.084190
v -0.199999 1.071015 0.082842
v -0.192143 1.102500 0.079588
v -0.203253 1.090500 0.084190
v -0.199999 1.098985 0.082842
v -0.200888 1.067500 0.053828
v -0.212504 1.079500 0.056940
v -0.209101 1.071015 0.056029
v -0.200888 1.102500 0.053828
v -0.212504 1.090500 0.056940
v -0.209101 1.098985 0.056029
v -0.206195 1.067500 0.027146
v -0.218118 1.079500 0.028716
v -0.214626 1.071015 0.028256
v -0.206195 1.102500 0.027146
v -0.218118 1.090500 0.028716
v -0.214626 1.098985 0.028256
v -0.207974 1.067500 -0.000000
v -0.220000 1.079500 0.000000
v -0.216478 1.071015 -0.000000
v -0.207974 1.102500 0.000000
v -0.220000 1.090500 0.000000
v -0.216478 1.098985 0.000000
v -0.206195 1.067500 -0.027146
v -0.218118 1.079500 -0.028716
v -0.214626 1.071015 -0.028256
v -0.206195 1.102500 -0.027146
v -0.218118 1.090500 -0.028716
v -0.214626 1.098985 -0.028256
v -0.200888 1.067500 -0.053828
v -0.212504 1.079500 -0.056940
v -0.209101 1.071015 -0.056029
v -0.200888 1.102500 -0.053828
v -0.212504 1.090500 -0.056940
v -0.209101 1.098985 -0.056029
v -0.192143 1.067500 -0.079588
v -0.203253 1.079500 -0.084190
v -0.199999 1.071015 -0.082842
v -0.192143 1.102500 -0.079588
v -0.203253 1.090500 -0.084190
v -0.199999 1.098985 -0.082842
v -0.180111 1.067500 -0.103987
v -0.190526 1.079500 -0.110000
v -0.187475 1.071015 -0.108239
v -0.180111 1.102500 -0.103987
v -0.190526 1.090500 -0.110000
v -0.187475 1.098985 -0.108239
v -0.164997 1.067500 -0.126607
v -0.174538 1.079500 -0.133928
v -0.171743 1.071015 -0.131783
v -0.164997 1.102500 -0.126607
v -0.174538 1.090500 -0.133928
v -0.171743 1.098985 -0.131783
v -0.147060 1.067500 -0.147060
v -0.155563 1.079500 -0.155563
v -0.153073 1.071015 -0.153073
v -0.147060 1.102500 -0.147060
v -0.155563 1.090500 -0.155563
v -0.153073 1.098985 -0.153073
v -0.126607 1.067500 -0.164997
v -0.133928 1.079500 -0.174538
v -0.131783 1.071015 -0.171743
v -0.126607 1.102500 -0.164997
v -0.133928 1.090500 -0.174538
v -0.131783 1.098985 -0.171743
v -0.103987 1.067500 -0.180111
v -0.110000 1.079500 -0.190526
v -0.108239 1.071015 -0.187475
v -0.103987 1.102500 -0.180111
v -0.110000 1.090500 -0.190526
v -0.108239 1.098985 -0.187475
v -0.079588 1.067500 -0.192143
v -0.084190 1.079500 -0.203253
v -0.082842 1.071015 -0.199999
v -0.079588 1.102500 -0.192143
v -0.084190 1.090500 -0.203253
v -0.082842 1.098985 -0.199999
v -0.053828 1.067500 -0.200888
v -0.056940 1.079500 -0.212504
v -0.056029 1.071015 -0.209101
v -0.053828 1.102500 -0.200888
v -0.056940 1.090500 -0.212504
v -0.056029 1.098985 -0.209101
v -0.027146 1.067500 -0.206195
v -0.028716 1.079500 -0.218118
v -0.028256 1.071015 -0.214626
v -0.027146 1.102500 -0.206195
v -0.028716 1.090500 -0.218118
v -0.028256 1.098985 -0.214626
v 0.358000 1.065500 0.019500
v 0.358000 1.073500 0.027500
v 0.350000 1.073500 0.019500
v 0.358000 1.067843 0.025157
v 0.353381 1.068881 0.024119
v 0.352343 1.073500 0.025157
v 0.352343 1.067843 0.019500
v 0.358000 1.082500 0.027500
v 0.358000 1.090500 0.019500
v 0.350000 1.082500 0.019500
v 0.358000 1.088157 0.025157
v 0.353381 1.087119 0.024119
v 0.352343 1.088157 0.019500
v 0.352343 1.082500 0.025157
v 0.358000 1.065500 -0.019500
v 0.350000 1.073500 -0.019500
v 0.358000 1.073500 -0.027500
v 0.352343 1.067843 -0.019500
v 0.353381 1.068881 -0.024119
v 0.352343 1.073500 -0.025157
v 0.358000 1.067843 -0.025157
v 0.358000 1.090500 -0.019500
v 0.358000 1.082500 -0.027500
v 0.350000 1.082500 -0.019500
v 0.358000 1.088157 -0.025157
v 0.353381 1.087119 -0.024119
v 0.352343 1.082500 -0.025157
v 0.352343 1.088157 -0.019500
v 0.582000 1.065500 0.019500
v 0.590000 1.073500 0.019500
v 0.582000 1.073500 0.027500
v 0.587657 1.067843 0.019500
v 0.586619 1.068881 0.024119
v 0.587657 1.073500 0.025157
v 0.582000 1.067843 0.025157
v 0.582000 1.090500 0.019500
v 0.582000 1.082500 0.027500
v 0.590000 1.082500 0.019500
v 0.582000 1.088157 0.025157
v 0.586619 1.087119 0.024119
v 0.587657 1.082500 0.025157
v 0.587657 1.088157 0.019500
v 0.582000 1.065500 -0.019500
v 0.582000 1.073500 -0.027500
v 0.590000 1.073500 -0.019500
v 0.582000 1.067843 -0.025157
v 0.586619 1.068881 -0.024119
v 0.587657 1.073500 -0.025157
v 0.587657 1.067843 -0.019500
v 0.582000 1.090500 -0.019500
v 0.590000 1.082500 -0.019500
v 0.582000 1.082500 -0.027500
v 0.587657 1.088157 -0.019500
v 0.586619 1.087119 -0.024119
v 0.587657 1.082500 -0.025157
v 0.582000 1.088157 -0.025157
v 0.338211 1.065500 -0.118985
v 0.341273 1.073500 -0.111594
v 0.330820 1.073500 -0.115924
v 0.340376 1.067843 -0.113759
v 0.335712 1.068881 -0.112950
v 0.335150 1.073500 -0.111594
v 0.332985 1.067843 -0.116820
v 0.341273 1.082500 -0.111594
v 0.338211 1.090500 -0.118985
v 0.330820 1.082500 -0.115924
v 0.340376 1.088157 -0.113759
v 0.335712 1.087119 -0.112950
v 0.332985 1.088157 -0.116820
v 0.335150 1.082500 -0.111594
v 0.323287 1.065500 -0.155016
v 0.315896 1.073500 -0.151955
v 0.320225 1.073500 -0.162407
v 0.318060 1.067843 -0.152852
v 0.317252 1.068881 -0.157516
v 0.315896 1.073500 -0.158078
v 0.321122 1.067843 -0.160243
v 0.323287 1.090500 -0.155016
v 0.320225 1.082500 -0.162407
v 0.315896 1.082500 -0.151955
v 0.321122 1.088157 -0.160243
v 0.317252 1.087119 -0.157516
v 0.315896 1.082500 -0.158078
v 0.318060 1.088157 -0.152852
v 0.545160 1.065500 -0.204706
v 0.552551 1.073500 -0.207768
v 0.548222 1.073500 -0.197315
v 0.550387 1.067843 -0.206871
v 0.551195 1.068881 -0.202206
v 0.552551 1.073500 -0.201645
v 0.547325 1.067843 -0.199480
v 0.545160 1.090500 -0.204706
v 0.548222 1.082500 -0.197315
v 0.552551 1.082500 -0.207768
v 0.547325 1.088157 -0.199480
v 0.551195 1.087119 -0.202206
v 0.552551 1.082500 -0.201645
v 0.550386 1.088157 -0.206871
v 0.530236 1.065500 -0.240737
v 0.527174 1.073500 -0.248128
v 0.537627 1.073500 -0.243799
v 0.528071 1.067843 -0.245964
v 0.532735 1.068881 -0.246772
v 0.533297 1.073500 -0.248128
v 0.535462 1.067843 -0.242902
v 0.530236 1.090500 -0.240737
v 0.537627 1.082500 -0.243799
v 0.527174 1.082500 -0.248128
v 0.535462 1.088157 -0.242902
v 0.532735 1.087119 -0.246772
v 0.533297 1.082500 -0.248128
v 0.528071 1.088157 -0.245964
v 0.266933 1.065500 -0.239356
v 0.272590 1.073500 -0.233699
v 0.261276 1.073500 -0.233699
v 0.270933 1.067843 -0.235356
v 0.266933 1.068881 -0.232824
v 0.266933 1.073500 -0.231356
v 0.262933 1.067843 -0.235356
v 0.272590 1.082500 -0.233699
v 0.266933 1.090500 -0.239356
v 0.261276 1.082500 -0.233699
v 0.270933 1.088157 -0.235356
v 0.266933 1.087119 -0.232824
v 0.262933 1.088157 -0.235356
v 0.266933 1.082500 -0.231356
v 0.239356 1.065500 -0.266933
v 0.233699 1.073500 -0.261276
v 0.233699 1.073500 -0.272590
v 0.235356 1.067843 -0.262933
v 0.232824 1.068881 -0.266933
v 0.231356 1.073500 -0.266933
v 0.235356 1.067843 -0.270933
v 0.239356 1.090500 -0.266933
v 0.233699 1.082500 -0.272590
v 0.233699 1.082500 -0.261276
v 0.235356 1.088157 -0.270933
v 0.232824 1.087119 -0.266933
v 0.231356 1.082500 -0.266933
v 0.235356 1.088157 -0.262933
v 0.425325 1.065500 -0.397748
v 0.430982 1.073500 -0.403404
v 0.430982 1.073500 -0.392091
v 0.429325 1.067843 -0.401748
v 0.431857 1.068881 -0.397748
v 0.433325 1.073500 -0.397748
v 0.429325 1.067843 -0.393748
v 0.425325 1.090500 -0.397748
v 0.430982 1.082500 -0.392091
v 0.430982 1.082500 -0.403404
v 0.429325 1.088157 -0.393748
v 0.431857 1.087119 -0.397748
v 0.433325 1.082500 -0.397748
v 0.429325 1.088157 -0.401748
v 0.397748 1.065500 -0.425325
v 0.392091 1.073500 -0.430982
v 0.403404 1.073500 -0.430982
v 0.393748 1.067843 -0.429325
v 0.397748 1.068881 -0.431857
v 0.397748 1.073500 -0.433325
v 0.401748 1.067843 -0.429325
v 0.397748 1.090500 -0.425325
v 0.403404 1.082500 -0.430982
v 0.392091 1.082500 -0.430982
v 0.401748 1.088157 -0.429325
v 0.397748 1.087119 -0.431857
v 0.397748 1.082500 -0.433325
v 0.393748 1.088157 -0.429325
v 0.155016 1.065500 -0.323287
v 0.162407 1.073500 -0.320225
v 0.151955 1.073500 -0.315896
v 0.160243 1.067843 -0.321122
v 0.157516 1.068881 -0.317252
v 0.158078 1.073500 -0.315896
v 0.152852 1.067843 -0.318060
v 0.162407 1.082500 -0.320225
v 0.155016 1.090500 -0.323287
v 0.151955 1.082500 -0.315896
v 0.160243 1.088157 -0.321122
v 0.157516 1.087119 -0.317252
v 0.152852 1.088157 -0.318060
v 0.158078 1.082500 -0.315896
v 0.118985 1.065500 -0.338211
v 0.115924 1.073500 -0.330820
v 0.111594 1.073500 -0.341273
v 0.116820 1.067843 -0.332985
v 0.112950 1.068881 -0.335712
v 0.111594 1.073500 -0.335150
v 0.113759 1.067843 -0.340376
v 0.118985 1.090500 -0.338211
v 0.111594 1.082500 -0.341273
v 0.115924 1.082500 -0.330820
v 0.113759 1.088157 -0.340376
v 0.112950 1.087119 -0.335712
v 0.111594 1.082500 -0.335150
v 0.116820 1.088157 -0.332985
v 0.240737 1.065500 -0.530236
v 0.243799 1.073500 -0.537627
v 0.248128 1.073500 -0.527174
v 0.242902 1.067843 -0.535462
v 0.246772 1.068881 -0.532735
v 0.248128 1.073500 -0.533297
v 0.245964 1.067843 -0.528071
v 0.240737 1.090500 -0.530236
v 0.248128 1.082500 -0.527174
v 0.243799 1.082500 -0.537627
v 0.245964 1.088157 -0.528071
v 0.246772 1.087119 -0.532735
v 0.248128 1.082500 -0.533297
v 0.242902 1.088157 -0.535462
v 0.204706 1.065500 -0.545160
v 0.197315 1.073500 -0.548222
v 0.207768 1.073500 -0.552551
v 0.199480 1.067843 -0.547325
v 0.202206 1.068881 -0.551195
v 0.201645 1.073500 -0.552551
v 0.206871 1.067843 -0.550386
v 0.204706 1.090500 -0.545160
v 0.207768 1.082500 -0.552551
v 0.197315 1.082500 -0.548222
v 0.206871 1.088157 -0.550386
v 0.202206 1.087119 -0.551195
v 0.201645 1.082500 -0.552551
v 0.199480 1.088157 -0.547325
v 0.019500 1.065500 -0.358000
v 0.027500 1.073500 -0.358000
v 0.019500 1.073500 -0.350000
v 0.025157 1.067843 -0.358000
v 0.024119 1.068881 -0.353381
v 0.025157 1.073500 -0.352343
v 0.019500 1.067843 -0.352343
v 0.027500 1.082500 -0.358000
v 0.019500 1.090500 -0.358000
v 0.019500 1.082500 -0.350000
v 0.025157 1.088157 -0.358000
v 0.024119 1.087119 -0.353381
v 0.019500 1.088157 -0.352343
v 0.025157 1.082500 -0.352343
v -0.019500 1.065500 -0.358000
v -0.019500 1.073500 -0.350000
v -0.027500 1.073500 -0.358000
v -0.019500 1.067843 -0.352343
v -0.024119 1.068881 -0.353381
v -0.025157 1.073500 -0.352343
v -0.025157 1.067843 -0.358000
v -0.019500 1.090500 -0.358000
v -0.027500 1.082500 -0.358000
v -0.019500 1.082500 -0.350000
v -0.025157 1.088157 -0.358000
v -0.024119 1.087119 -0.353381
v -0.025157 1.082500 -0.352343
v -0.019500 1.088157 -0.352343
v 0.019500 1.065500 -0.582000
v 0.019500 1.073500 -0.590000
v 0.027500 1.073500 -0.582000
v 0.019500 1.067843 -0.587657
v 0.024119 1.068881 -0.586619
v 0.025157 1.073500 -0.587657
v 0.025157 1.067843 -0.582000
v 0.019500 1.090500 -0.582000
v 0.027500 1.082500 -0.582000
v 0.019500 1.082500 -0.590000
v 0.025157 1.088157 -0.582000
v 0.024119 1.087119 -0.586619
v 0.025157 1.082500 -0.587657
v 0.019500 1.088157 -0.587657
v -0.019500 1.065500 -0.582000
v -0.027500 1.073500 -0.582000
v -0.019500 1.073500 -0.590000
v -0.025157 1.067843 -0.582000
v -0.024119 1.068881 -0.586619
v -0.025157 1.073500 -0.587657
v -0.019500 1.067843 -0.587657
v -0.019500 1.090500 -0.582000
v -0.019500 1.082500 -0.590000
v -0.027500 1.082500 -0.582000
v -0.019500 1.088157 -0.587657
v -0.024119 1.087119 -0.586619
v -0.025157 1.082500 -0.587657
v -0.025157 1.088157 -0.582000
v -0.118985 1.065500 -0.338211
v -0.111594 1.073500 -0.341273
v -0.115924 1.073500 -0.330820
v -0.113759 1.067843 -0.340376
v -0.112950 1.068881 -0.335712
v -0.111594 1.073500 -0.335150
v -0.116820 1.067843 -0.332985
v -0.111594 1.082500 -0.341273
v -0.118985 1.090500 -0.338211
v -0.115924 1.082500 -0.330820
v -0.113759 1.088157 -0.340376
v -0.112950 1.087119 -0.335712
v -0.116820 1.088157 -0.332985
v -0.111594 1.082500 -0.335150
v -0.155016 1.065500 -0.323287
v -0.151955 1.073500 -0.315895
v -0.162407 1.073500 -0.320225
v -0.152852 1.067843 -0.318060
v -0.157516 1.068881 -0.317252
v -0.158078 1.073500 -0.315895
v -0.160243 1.067843 -0.321122
v -0.155016 1.090500 -0.323287
v -0.162407 1.082500 -0.320225
v -0.151955 1.082500 -0.315895
v -0.160243 1.088157 -0.321122
v -0.157516 1.087119 -0.317252
v -0.158078 1.082500 -0.315895
v -0.152852 1.088157 -0.318060
v -0.204706 1.065500 -0.545160
v -0.207768 1.073500 -0.552551
v -0.197315 1.073500 -0.548222
v -0.206871 1.067843 -0.550387
v -0.202206 1.068881 -0.551195
v -0.201645 1.073500 -0.552551
v -0.199480 1.067843 -0.547325
v -0.204706 1.090500 -0.545160
v -0.197315 1.082500 -0.548222
v -0.207768 1.082500 -0.552551
v -0.199480 1.088157 -0.547325
v -0.202206 1.087119 -0.551195
v -0.201645 1.082500 -0.552551
v -0.206871 1.088157 -0.550386
v -0.240737 1.065500 -0.530236
v -0.248128 1.073500 -0.527174
v -0.243799 1.073500 -0.537627
v -0.245964 1.067843 -0.528071
v -0.246772 1.068881 -0.532735
v -0.248128 1.073500 -0.533297
v -0.242902 1.067843 -0.535462
v -0.240737 1.090500 -0.530236
v -0.243799 1.082500 -0.537627
v -0.248128 1.082500 -0.527174
v -0.242902 1.088157 -0.535462
v -0.246772 1.087119 -0.532735
v -0.248128 1.082500 -0.533297
v -0.245964 1.088157 -0.528071
v -0.239356 1.065500 -0.266933
v -0.233699 1.073500 -0.272590
v -0.233699 1.073500 -0.261276
v -0.235356 1.067843 -0.270933
v -0.232824 1.068881 -0.266933
v -0.231356 1.073500 -0.266933
v -0.235356 1.067843 -0.262933
v -0.233699 1.082500 -0.272590
v -0.239356 1.090500 -0.266933
v -0.233699 1.082500 -0.261276
v -0.235356 1.088157 -0.270933
v -0.232824 1.087119 -0.266933
v -0.235356 1.088157 -0.262933
v -0.231356 1.082500 -0.266933
v -0.266933 1.065500 -0.239356
v -0.261276 1.073500 -0.233699
v -0.272590 1.073500 -0.233699
v -0.262933 1.067843 -0.235356
v -0.266933 1.068881 -0.232824
v -0.266933 1.073500 -0.231356
v -0.270933 1.067843 -0.235356
v -0.266933 1.090500 -0.239356
v -0.272590 1.082500 -0.233699
v -0.261276 1.082500 -0.233699
v -0.270933 1.088157 -0.235356
v -0.266933 1.087119 -0.232824
v -0.266933 1.082500 -0.231356
v -0.262933 1.088157 -0.235356
v -0.397748 1.065500 -0.425325
v -0.403404 1.073500 -0.430982
v -0.392091 1.073500 -0.430982
v -0.401748 1.067843 -0.429325
v -0.397748 1.068881 -0.431857
v -0.397748 1.073500 -0.433325
v -0.393748 1.067843 -0.429325
v -0.397748 1.090500 -0.425325
v -0.392091 1.082500 -0.430982
v -0.403404 1.082500 -0.430982
v -0.393748 1.088157 -0.429325
v -0.397748 1.087119 -0.431857
v -0.397748 1.082500 -0.433325
v -0.401748 1.088157 -0.429325
v -0.425325 1.065500 -0.397748
v -0.430982 1.073500 -0.392091
v -0.430982 1.073500 -0.403404
v -0.429325 1.067843 -0.393748
v -0.431857 1.068881 -0.397748
v -0.433325 1.073500 -0.397748
v -0.429325 1.067843 -0.401748
v -0.425325 1.090500 -0.397748
v -0.430982 1.082500 -0.403404
v -0.430982 1.082500 -0.392091
v -0.429325 1.088157 -0.401748
v -0.431857 1.087119 -0.397748
v -0.433325 1.082500 -0.397748
v -0.429325 1.088157 -0.393748
v -0.323287 1.065500 -0.155016
v -0.320225 1.073500 -0.162407
v -0.315896 1.073500 -0.151955
v -0.321122 1.067843 -0.160243
v -0.317252 1.068881 -0.157516
v -0.315896 1.073500 -0.158078
v -0.318060 1.067843 -0.152852
v -0.320225 1.082500 -0.162407
v -0.323287 1.090500 -0.155016
v -0.315896 1.082500 -0.151955
v -0.321122 1.088157 -0.160243
v -0.317252 1.087119 -0.157516
v -0.318060 1.088157 -0.152852
v -0.315896 1.082500 -0.158078
v -0.338211 1.065500 -0.118985
v -0.330820 1.073500 -0.115924
v -0.341273 1.073500 -0.111594
v -0.332985 1.067843 -0.116820
v -0.335712 1.068881 -0.112950
v -0.335150 1.073500 -0.111594
v -0.340376 1.067843 -0.113759
v -0.338211 1.090500 -0.118985
v -0.341273 1.082500 -0.111594
v -0.330820 1.082500 -0.115924
v -0.340376 1.088157 -0.113759
v -0.335712 1.087119 -0.112950
v -0.335150 1.082500 -0.111594
v -0.332985 1.088157 -0.116820
v -0.530236 1.065500 -0.240737
v -0.537627 1.073500 -0.243799
v -0.527174 1.073500 -0.248128
v -0.535462 1.067843 -0.242902
v -0.532735 1.068881 -0.246772
v -0.533297 1.073500 -0.248128
v -0.528071 1.067843 -0.245964
v -0.530236 1.090500 -0.240737
v -0.527174 1.082500 -0.248128
v -0.537627 1.082500 -0.243799
v -0.528071 1.088157 -0.245964
v -0.532735 1.087119 -0.246772
v -0.533297 1.082500 -0.248128
v -0.535462 1.088157 -0.242902
v -0.545160 1.065500 -0.204706
v -0.548222 1.073500 -0.197315
v -0.552551 1.073500 -0.207768
v -0.547325 1.067843 -0.199480
v -0.551195 1.068881 -0.202206
v -0.552551 1.073500 -0.201645
v -0.550386 1.067843 -0.206871
v -0.545160 1.090500 -0.204706
v -0.552551 1.082500 -0.207768
v -0.548222 1.082500 -0.197315
v -0.550387 1.088157 -0.206871
v -0.551195 1.087119 -0.202206
v -0.552551 1.082500 -0.201645
v -0.547325 1.088157 -0.199480
v -0.358000 1.065500 -0.019500
v -0.358000 1.073500 -0.027500
v -0.350000 1.073500 -0.019500
v -0.358000 1.067843 -0.025157
v -0.353381 1.068881 -0.024119
v -0.352343 1.073500 -0.025157
v -0.352343 1.067843 -0.019500
v -0.358000 1.082500 -0.027500
v -0.358000 1.090500 -0.019500
v -0.350000 1.082500 -0.019500
v -0.358000 1.088157 -0.025157
v -0.353381 1.087119 -0.024119
v -0.352343 1.088157 -0.019500
v -0.352343 1.082500 -0.025157
v -0.358000 1.065500 0.019500
v -0.350000 1.073500 0.019500
v -0.358000 1.073500 0.027500
v -0.352343 1.067843 0.019500
v -0.353381 1.068881 0.024119
v -0.352343 1.073500 0.025157
v -0.358000 1.067843 0.025157
v -0.358000 1.090500 0.019500
v -0.358000 1.082500 0.027500
v -0.350000 1.082500 0.019500
v -0.358000 1.088157 0.025157
v -0.353381 1.087119 0.024119
v -0.352343 1.082500 0.025157
v -0.352343 1.088157 0.019500
v -0.582000 1.065500 -0.019500
v -0.590000 1.073500 -0.019500
v -0.582000 1.073500 -0.027500
v -0.587657 1.067843 -0.019500
v -0.586619 1.068881 -0.024119
v -0.587657 1.073500 -0.025157
v -0.582000 1.067843 -0.025157
v -0.582000 1.090500 -0.019500
v -0.582000 1.082500 -0.027500
v -0.590000 1.082500 -0.019500
v -0.582000 1.088157 -0.025157
v -0.586619 1.087119 -0.024119
v -0.587657 1.082500 -0.025157
v -0.587657 1.088157 -0.019500
v -0.582000 1.065500 0.019500
v -0.582000 1.073500 0.027500
v -0.590000 1.073500 0.019500
v -0.582000 1.067843 0.025157
v -0.586619 1.068881 0.024119
v -0.587657 1.073500 0.025157
v -0.587657 1.067843 0.019500
v -0.582000 1.090500 0.019500
v -0.590000 1.082500 0.019500
v -0.582000 1.082500 0.027500
v -0.587657 1.088157 0.019500
v -0.586619 1.087119 0.024119
v -0.587657 1.082500 0.025157
v -0.582000 1.088157 0.025157
v -0.338211 1.065500 0.118985
v -0.341273 1.073500 0.111594
v -0.330820 1.073500 0.115924
v -0.340376 1.067843 0.113759
v -0.335712 1.068881 0.112950
v -0.335150 1.073500 0.111594
v -0.332985 1.067843 0.116820
v -0.341273 1.082500 0.111594
v -0.338211 1.090500 0.118985
v -0.330820 1.082500 0.115924
v -0.340376 1.088157 0.113759
v -0.335712 1.087119 0.112950
v -0.332985 1.088157 0.116820
v -0.335150 1.082500 0.111594
v -0.323287 1.065500 0.155016
v -0.315896 1.073500 0.151955
v -0.320225 1.073500 0.162407
v -0.318060 1.067843 0.152852
v -0.317252 1.068881 0.157516
v -0.315896 1.073500 0.158078
v -0.321122 1.067843 0.160243
v -0.323287 1.090500 0.155016
v -0.320225 1.082500 0.162407
v -0.315896 1.082500 0.151955
v -0.321122 1.088157 0.160243
v -0.317252 1.087119 0.157516
v -0.315896 1.082500 0.158078
v -0.318060 1.088157 0.152852
v -0.545160 1.065500 0.204706
v -0.552551 1.073500 0.207768
v -0.548222 1.073500 0.197315
v -0.550386 1.067843 0.206871
v -0.551195 1.068881 0.202206
v -0.552551 1.073500 0.201645
v -0.547325 1.067843 0.199480
v -0.545160 1.090500 0.204706
v -0.548222 1.082500 0.197315
v -0.552551 1.082500 0.207768
v -0.547325 1.088157 0.199480
v -0.551195 1.087119 0.202206
v -0.552551 1.082500 0.201645
v -0.550386 1.088157 0.206871
v -0.530236 1.065500 0.240737
v -0.527174 1.073500 0.248128
v -0.537627 1.073500 0.243799
v -0.528071 1.067843 0.245964
v -0.532735 1.068881 0.246772
v -0.533297 1.073500 0.248128
v -0.535462 1.067843 0.242902
v -0.530236 1.090500 0.240737
v -0.537627 1.082500 0.243799
v -0.527174 1.082500 0.248128
v -0.535462 1.088157 0.242902
v -0.532735 1.087119 0.246772
v -0.533297 1.082500 0.248128
v -0.528071 1.088157 0.245964
v -0.266933 1.065500 0.239356
v -0.272590 1.073500 0.233699
v -0.261276 1.073500 0.233699
v -0.270933 1.067843 0.235356
v -0.266933 1.068881 0.232824
v -0.266933 1.073500 0.231356
v -0.262933 1.067843 0.235356
v -0.272590 1.082500 0.233699
v -0.266933 1.090500 0.239356
v -0.261276 1.082500 0.233699
v -0.270933 1.088157 0.235356
v -0.266933 1.087119 0.232824
v -0.262933 1.088157 0.235356
v -0.266933 1.082500 0.231356
v -0.239356 1.065500 0.266933
v -0.233699 1.073500 0.261276
v -0.233699 1.073500 0.272590
v -0.235356 1.067843 0.262933
v -0.232824 1.068881 0.266933
v -0.231356 1.073500 0.266933
v -0.235356 1.067843 0.270933
v -0.239356 1.090500 0.266933
v -0.233699 1.082500 0.272590
v -0.233699 1.082500 0.261276
v -0.235356 1.088157 0.270933
v -0.232824 1.087119 0.266933
v -0.231356 1.082500 0.266933
v -0.235356 1.088157 0.262933
v -0.425325 1.065500 0.397748
v -0.430982 1.073500 0.403404
v -0.430982 1.073500 0.392091
v -0.429325 1.067843 0.401748
v -0.431857 1.068881 0.397748
v -0.433325 1.073500 0.397748
v -0.429325 1.067843 0.393748
v -0.425325 1.090500 0.397748
v -0.430982 1.082500 0.392091
v -0.430982 1.082500 0.403404
v -0.429325 1.088157 0.393748
v -0.431857 1.087119 0.397748
v -0.433325 1.082500 0.397748
v -0.429325 1.088157 0.401748
v -0.397748 1.065500 0.425325
v -0.392091 1.073500 0.430982
v -0.403404 1.073500 0.430982
v -0.393748 1.067843 0.429325
v -0.397748 1.068881 0.431857
v -0.397748 1.073500 0.433325
v -0.401748 1.067843 0.429325
v -0.397748 1.090500 0.425325
v -0.403404 1.082500 0.430982
v -0.392091 1.082500 0.430982
v -0.401748 1.088157 0.429325
v -0.397748 1.087119 0.431857
v -0.397748 1.082500 0.433325
v -0.393748 1.088157 0.429325
v -0.155016 1.065500 0.323287
v -0.162407 1.073500 0.320225
v -0.151955 1.073500 0.315896
v -0.160243 1.067843 0.321122
v -0.157516 1.068881 0.317252
v -0.158078 1.073500 0.315896
v -0.152852 1.067843 0.318060
v -0.162407 1.082500 0.320225
v -0.155016 1.090500 0.323287
v -0.151955 1.082500 0.315896
v -0.160243 1.088157 0.321122
v -0.157516 1.087119 0.317252
v -0.152852 1.088157 0.318060
v -0.158078 1.082500 0.315896
v -0.118985 1.065500 0.338211
v -0.115924 1.073500 0.330820
v -0.111594 1.073500 0.341273
v -0.116820 1.067843 0.332985
v -0.112950 1.068881 0.335712
v -0.111594 1.073500 0.335150
v -0.113759 1.067843 0.340376
v -0.118985 1.090500 0.338211
v -0.111594 1.082500 0.341273
v -0.115924 1.082500 0.330820
v -0.113759 1.088157 0.340376
v -0.112950 1.087119 0.335712
v -0.111594 1.082500 0.335150
v -0.116820 1.088157 0.332985
v -0.240737 1.065500 0.530236
v -0.243799 1.073500 0.537627
v -0.248128 1.073500 0.527174
v -0.242902 1.067843 0.535462
v -0.246772 1.068881 0.532735
v -0.248128 1.073500 0.533297
v -0.245964 1.067843 0.528071
v -0.240737 1.090500 0.530236
v -0.248128 1.082500 0.527174
v -0.243799 1.082500 0.537627
v -0.245964 1.088157 0.528071
v -0.246772 1.087119 0.532735
v -0.248128 1.082500 0.533297
v -0.242902 1.088157 0.535462
v -0.204706 1.065500 0.545160
v -0.197315 1.073500 0.548222
v -0.207768 1.073500 0.552551
v -0.199480 1.067843 0.547325
v -0.202206 1.068881 0.551195
v -0.201645 1.073500 0.552551
v -0.206871 1.067843 0.550386
v -0.204706 1.090500 0.545160
v -0.207768 1.082500 0.552551
v -0.197315 1.082500 0.548222
v -0.206871 1.088157 0.550386
v -0.202206 1.087119 0.551195
v -0.201645 1.082500 0.552551
v -0.199480 1.088157 0.547325
v -0.019500 1.065500 0.358000
v -0.027500 1.073500 0.358000
v -0.019500 1.073500 0.350000
v -0.025157 1.067843 0.358000
v -0.024119 1.068881 0.353381
v -0.025157 1.073500 0.352343
v -0.019500 1.067843 0.352343
v -0.027500 1.082500 0.358000
v -0.019500 1.090500 0.358000
v -0.019500 1.082500 0.350000
v -0.025157 1.088157 0.358000
v -0.024119 1.087119 0.353381
v -0.019500 1.088157 0.352343
v -0.025157 1.082500 0.352343
v 0.019500 1.065500 0.358000
v 0.019500 1.073500 0.350000
v 0.027500 1.073500 0.358000
v 0.019500 1.067843 0.352343
v 0.024119 1.068881 0.353381
v 0.025157 1.073500 0.352343
v 0.025157 1.067843 0.358000
v 0.019500 1.090500 0.358000
v 0.027500 1.082500 0.358000
v 0.019500 1.082500 0.350000
v 0.025157 1.088157 0.358000
v 0.024119 1.087119 0.353381
v 0.025157 1.082500 0.352343
v 0.019500 1.088157 0.352343
v -0.019500 1.065500 0.582000
v -0.019500 1.073500 0.590000
v -0.027500 1.073500 0.582000
v -0.019500 1.067843 0.587657
v -0.024119 1.068881 0.586619
v -0.025157 1.073500 0.587657
v -0.025157 1.067843 0.582000
v -0.019500 1.090500 0.582000
v -0.027500 1.082500 0.582000
v -0.019500 1.082500 0.590000
v -0.025157 1.088157 0.582000
v -0.024119 1.087119 0.586619
v -0.025157 1.082500 0.587657
v -0.019500 1.088157 0.587657
v 0.019500 1.065500 0.582000
v 0.027500 1.073500 0.582000
v 0.019500 1.073500 0.590000
v 0.025157 1.067843 0.582000
v 0.024119 1.068881 0.586619
v 0.025157 1.073500 0.587657
v 0.019500 1.067843 0.587657
v 0.019500 1.090500 0.582000
v 0.019500 1.082500 0.590000
v 0.027500 1.082500 0.582000
v 0.019500 1.088157 0.587657
v 0.024119 1.087119 0.586619
v 0.025157 1.082500 0.587657
v 0.025157 1.088157 0.582000
v 0.118985 1.065500 0.338211
v 0.111594 1.073500 0.341273
v 0.115924 1.073500 0.330820
v 0.113759 1.067843 0.340376
v 0.112950 1.068881 0.335712
v 0.111594 1.073500 0.335150
v 0.116820 1.067843 0.332985
v 0.111594 1.082500 0.341273
v 0.118985 1.090500 0.338211
v 0.115924 1.082500 0.330820
v 0.113759 1.088157 0.340376
v 0.112950 1.087119 0.335712
v 0.116820 1.088157 0.332985
v 0.111594 1.082500 0.335150
v 0.155016 1.065500 0.323287
v 0.151955 1.073500 0.315896
v 0.162407 1.073500 0.320225
v 0.152852 1.067843 0.318060
v 0.157516 1.068881 0.317252
v 0.158078 1.073500 0.315896
v 0.160243 1.067843 0.321122
v 0.155016 1.090500 0.323287
v 0.162407 1.082500 0.320225
v 0.151955 1.082500 0.315896
v 0.160243 1.088157 0.321122
v 0.157516 1.087119 0.317252
v 0.158078 1.082500 0.315896
v 0.152852 1.088157 0.318060
v 0.204706 1.065500 0.545160
v 0.207768 1.073500 0.552551
v 0.197315 1.073500 0.548222
v 0.206871 1.067843 0.550386
v 0.202206 1.068881 0.551195
v 0.201645 1.073500 0.552551
v 0.199480 1.067843 0.547325
v 0.204706 1.090500 0.545160
v 0.197315 1.082500 0.548222
v 0.207768 1.082500 0.552551
v 0.199480 1.088157 0.547325
v 0.202206 1.087119 0.551195
v 0.201645 1.082500 0.552551
v 0.206871 1.088157 0.550386
v 0.240737 1.065500 0.530236
v 0.248128 1.073500 0.527174
v 0.243799 1.073500 0.537627
v 0.245964 1.067843 0.528071
v 0.246772 1.068881 0.532735
v 0.248128 1.073500 0.533297
v 0.242902 1.067843 0.535462
v 0.240737 1.090500 0.530236
v 0.243799 1.082500 0.537627
v 0.248128 1.082500 0.527174
v 0.242902 1.088157 0.535462
v 0.246772 1.087119 0.532735
v 0.248128 1.082500 0.533297
v 0.245964 1.088157 0.528071
v 0.239356 1.065500 0.266933
v 0.233699 1.073500 0.272590
v 0.233699 1.073500 0.261276
v 0.235356 1.067843 0.270933
v 0.232824 1.068881 0.266933
v 0.231356 1.073500 0.266933
v 0.235356 1.067843 0.262933
v 0.233699 1.082500 0.272590
v 0.239356 1.090500 0.266933
v 0.233699 1.082500 0.261276
v 0.235356 1.088157 0.270933
v 0.232824 1.087119 0.266933
v 0.235356 1.088157 0.262933
v 0.231356 1.082500 0.266933
v 0.266933 1.065500 0.239356
v 0.261276 1.073500 0.233699
v 0.272590 1.073500 0.233699
v 0.262933 1.067843 0.235356
v 0.266933 1.068881 0.232824
v 0.266933 1.073500 0.231356
v 0.270933 1.067843 0.235356
v 0.266933 1.090500 0.239356
v 0.272590 1.082500 0.233699
v 0.261276 1.082500 0.233699
v 0.270933 1.088157 0.235356
v 0.266933 1.087119 0.232824
v 0.266933 1.082500 0.231356
v 0.262933 1.088157 0.235356
v 0.397748 1.065500 0.425325
v 0.403404 1.073500 0.430982
v 0.392091 1.073500 0.430982
v 0.401748 1.067843 0.429325
v 0.397748 1.068881 0.431857
v 0.397748 1.073500 0.433325
v 0.393748 1.067843 0.429325
v 0.397748 1.090500 0.425325
v 0.392091 1.082500 0.430982
v 0.403404 1.082500 0.430982
v 0.393748 1.088157 0.429325
v 0.397748 1.087119 0.431857
v 0.397748 1.082500 0.433325
v 0.401748 1.088157 0.429325
v 0.425325 1.065500 0.397748
v 0.430982 1.073500 0.392091
v 0.430982 1.073500 0.403404
v 0.429325 1.067843 0.393748
v 0.431857 1.068881 0.397748
v 0.433325 1.073500 0.397748
v 0.429325 1.067843 0.401748
v 0.425325 1.090500 0.397748
v 0.430982 1.082500 0.403404
v 0.430982 1.082500 0.392091
v 0.429325 1.088157 0.401748
v 0.431857 1.087119 0.397748
v 0.433325 1.082500 0.397748
v 0.429325 1.088157 0.393748
v 0.323287 1.065500 0.155016
v 0.320225 1.073500 0.162407
v 0.315895 1.073500 0.151955
v 0.321122 1.067843 0.160243
v 0.317252 1.068881 0.157516
v 0.315895 1.073500 0.158078
v 0.318060 1.067843 0.152852
v 0.320225 1.082500 0.162407
v 0.323287 1.090500 0.155016
v 0.315895 1.082500 0.151955
v 0.321122 1.088157 0.160243
v 0.317252 1.087119 0.157516
v 0.318060 1.088157 0.152852
v 0.315895 1.082500 0.158078
v 0.338211 1.065500 0.118985
v 0.330820 1.073500 0.115924
v 0.341273 1.073500 0.111594
v 0.332985 1.067843 0.116820
v 0.335712 1.068881 0.112950
v 0.335150 1.073500 0.111594
v 0.340376 1.067843 0.113759
v 0.338211 1.090500 0.118985
v 0.341273 1.082500 0.111594
v 0.330820 1.082500 0.115924
v 0.340376 1.088157 0.113759
v 0.335712 1.087119 0.112950
v 0.335150 1.082500 0.111594
v 0.332985 1.088157 0.116820
v 0.530236 1.065500 0.240737
v 0.537627 1.073500 0.243799
v 0.527174 1.073500 0.248128
v 0.535462 1.067843 0.242902
v 0.532735 1.068881 0.246772
v 0.533297 1.073500 0.248128
v 0.528071 1.067843 0.245964
v 0.530236 1.090500 0.240737
v 0.527174 1.082500 0.248128
v 0.537627 1.082500 0.243799
v 0.528071 1.088157 0.245964
v 0.532735 1.087119 0.246772
v 0.533297 1.082500 0.248128
v 0.535462 1.088157 0.242902
v 0.545160 1.065500 0.204706
v 0.548222 1.073500 0.197315
v 0.552551 1.073500 0.207768
v 0.547325 1.067843 0.199480
v 0.551195 1.068881 0.202206
v 0.552551 1.073500 0.201645
v 0.550386 1.067843 0.206871
v 0.545160 1.090500 0.204706
v 0.552551 1.082500 0.207768
v 0.548222 1.082500 0.197315
v 0.550387 1.088157 0.206871
v 0.551195 1.087119 0.202206
v 0.552551 1.082500 0.201645
v 0.547325 1.088157 0.199480
vn -0.1280 0.1939 -0.9726
vn -0.0000 -0.1939 -0.9810
vn -0.1280 -0.1939 -0.9726
vn 0.2539 0.1939 -0.9476
vn 0.3754 -0.1939 -0.9063
vn 0.2539 -0.1939 -0.9476
vn 0.3754 0.1939 -0.9063
vn 0.4905 -0.1939 -0.8496
vn 0.4905 0.1939 -0.8496
vn 0.5972 -0.1939 -0.7783
vn 0.5972 0.1939 -0.7783
vn 0.6937 -0.1939 -0.6937
vn 0.6937 0.1939 -0.6937
vn 0.7783 -0.1939 -0.5972
vn 0.7783 0.1939 -0.5972
vn 0.8496 -0.1939 -0.4905
vn 0.8496 0.1939 -0.4905
vn 0.9063 -0.1939 -0.3754
vn 0.9063 0.1939 -0.3754
vn 0.9476 -0.1939 -0.2539
vn 0.9476 0.1939 -0.2539
vn 0.9726 -0.1939 -0.1280
vn 0.9726 0.1939 -0.1280
vn 0.9810 -0.1939 -0.0000
vn 0.9810 0.1939 -0.0000
vn 0.9726 -0.1939 0.1280
vn 0.9726 0.1939 0.1280
vn 0.9476 -0.1939 0.2539
vn 0.9476 0.1939 0.2539
vn 0.9063 -0.1939 0.3754
vn 0.9063 0.1939 0.3754
vn 0.8496 -0.1939 0.4905
vn 0.8496 0.1939 0.4905
vn 0.7783 -0.1939 0.5972
vn 0.7783 0.1939 0.5972
vn 0.6937 -0.1939 0.6937
vn 0.6937 0.1939 0.6937
vn 0.5972 -0.1939 0.7783
vn 0.5972 0.1939 0.7783
vn 0.4905 -0.1939 0.8496
vn 0.4905 0.1939 0.8496
vn 0.3754 -0.1939 0.9063
vn 0.3754 0.1939 0.9063
vn 0.2539 -0.1939 0.9476
vn 0.2539 0.1939 0.9476
vn 0.1280 -0.1939 0.9726
vn 0.1280 0.1939 0.9726
vn -0.0000 -0.1939 0.9810
vn -0.0000 0.1939 0.9810
vn -0.1280 -0.1939 0.9726
vn -0.1280 0.1939 0.9726
vn -0.2539 -0.1939 0.9476
vn -0.2539 0.1939 0.9476
vn -0.3754 -0.1939 0.9063
vn -0.3754 0.1939 0.9063
vn -0.4905 -0.1939 0.8496
vn -0.4905 0.1939 0.8496
vn -0.5972 -0.1939 0.7783
vn -0.5972 0.1939 0.7783
vn -0.6937 -0.1939 0.6937
vn -0.6937 0.1939 0.6937
vn -0.7783 -0.1939 0.5972
vn -0.7783 0.1939 0.5972
vn -0.8496 -0.1939 0.4905
vn -0.8496 0.1939 0.4905
vn -0.9063 -0.1939 0.3754
vn -0.9063 0.1939 0.3754
vn -0.9476 -0.1939 0.2539
vn -0.9476 0.1939 0.2539
vn -0.9726 -0.1939 0.1280
vn -0.9726 0.1939 0.1280
vn -0.9810 -0.1939 -0.0000
vn -0.9810 0.1939 -0.0000
vn -0.9726 -0.1939 -0.1280
vn -0.9726 0.1939 -0.1280
vn -0.9476 -0.1939 -0.2539
vn -0.9476 0.1939 -0.2539
vn -0.9063 -0.1939 -0.3754
vn -0.9063 0.1939 -0.3754
vn -0.8496 -0.1939 -0.4905
vn -0.8496 0.1939 -0.4905
vn -0.7783 -0.1939 -0.5972
vn -0.7783 0.1939 -0.5972
vn -0.6937 -0.1939 -0.6937
vn -0.6937 0.1939 -0.6937
vn -0.5972 -0.1939 -0.7783
vn -0.5972 0.1939 -0.7783
vn -0.4905 -0.1939 -0.8496
vn -0.4905 0.1939 -0.8496
vn -0.3754 -0.1939 -0.9063
vn -0.3754 0.1939 -0.9063
vn -0.2539 -0.1939 -0.9476
vn -0.2539 0.1939 -0.9476
vn 0.1280 0.1939 -0.9726
vn 0.1280 -0.1939 -0.9726
vn -0.1956 0.9793 0.0524
vn 0.1432 0.9793 0.1432
vn 0.0524 0.9793 -0.1956
vn -0.0000 0.1939 -0.9810
vn -0.0000 -0.3834 -0.9236
vn 0.0499 -0.9242 -0.3787
vn -0.0000 -0.9793 -0.2025
vn -0.0000 -0.9242 -0.3820
vn -0.0000 0.3834 -0.9236
vn 0.1206 0.3834 -0.9157
vn 0.0499 0.9242 -0.3787
vn -0.0000 0.9793 -0.2025
vn 0.0264 0.9793 -0.2008
vn 0.1206 -0.3834 -0.9157
vn 0.0989 -0.9242 -0.3690
vn 0.0264 -0.9793 -0.2008
vn 0.2390 0.3834 -0.8921
vn 0.0989 0.9242 -0.3690
vn 0.3534 -0.3834 -0.8533
vn 0.2390 -0.3834 -0.8921
vn 0.1462 -0.9242 -0.3529
vn 0.0524 -0.9793 -0.1956
vn 0.3534 0.3834 -0.8533
vn 0.1462 0.9242 -0.3529
vn 0.0775 0.9793 -0.1871
vn 0.1013 -0.9793 -0.1754
vn 0.0775 -0.9793 -0.1871
vn 0.4618 0.3834 -0.7998
vn 0.1012 0.9793 -0.1754
vn 0.1910 0.9242 -0.3308
vn 0.5622 -0.3834 -0.7327
vn 0.4618 -0.3834 -0.7998
vn 0.2325 -0.9242 -0.3030
vn 0.1910 -0.9242 -0.3308
vn 0.5622 0.3834 -0.7327
vn 0.1233 0.9793 -0.1607
vn 0.2325 0.9242 -0.3031
vn 0.2701 -0.9242 -0.2701
vn 0.1233 -0.9793 -0.1607
vn 0.6531 0.3834 -0.6531
vn 0.2701 0.9242 -0.2701
vn 0.1432 0.9793 -0.1432
vn 0.6531 -0.3834 -0.6531
vn 0.1607 -0.9793 -0.1233
vn 0.1432 -0.9793 -0.1432
vn 0.7327 0.3834 -0.5622
vn 0.1607 0.9793 -0.1233
vn 0.3030 0.9242 -0.2325
vn 0.7327 -0.3834 -0.5622
vn 0.3308 -0.9242 -0.1910
vn 0.3030 -0.9242 -0.2325
vn 0.7999 0.3834 -0.4618
vn 0.3308 0.9242 -0.1910
vn 0.1754 0.9793 -0.1012
vn 0.7999 -0.3834 -0.4618
vn 0.1871 -0.9793 -0.0775
vn 0.1754 -0.9793 -0.1012
vn 0.8533 0.3834 -0.3534
vn 0.1871 0.9793 -0.0775
vn 0.3529 0.9242 -0.1462
vn 0.8921 -0.3834 -0.2390
vn 0.8533 -0.3834 -0.3534
vn 0.3529 -0.9242 -0.1462
vn 0.1956 -0.9793 -0.0524
vn 0.8921 0.3834 -0.2390
vn 0.1956 0.9793 -0.0524
vn 0.3690 0.9242 -0.0989
vn 0.9157 -0.3834 -0.1206
vn 0.3690 -0.9242 -0.0989
vn 0.2008 -0.9793 -0.0264
vn 0.9157 0.3834 -0.1206
vn 0.2008 0.9793 -0.0264
vn 0.3787 0.9242 -0.0499
vn 0.9236 -0.3834 -0.0000
vn 0.3787 -0.9242 -0.0499
vn 0.2025 -0.9793 -0.0000
vn 0.9236 0.3834 -0.0000
vn 0.2025 0.9793 -0.0000
vn 0.3820 0.9242 -0.0000
vn 0.3787 -0.9242 0.0499
vn 0.3820 -0.9242 -0.0000
vn 0.9157 0.3834 0.1206
vn 0.3787 0.9242 0.0499
vn 0.2008 0.9793 0.0264
vn 0.9157 -0.3834 0.1206
vn 0.3690 -0.9242 0.0989
vn 0.2008 -0.9793 0.0264
vn 0.8921 0.3834 0.2390
vn 0.3690 0.9242 0.0989
vn 0.1956 0.9793 0.0524
vn 0.8533 -0.3834 0.3534
vn 0.8921 -0.3834 0.2390
vn 0.3529 -0.9242 0.1462
vn 0.1956 -0.9793 0.0524
vn 0.8533 0.3834 0.3534
vn 0.3529 0.9242 0.1462
vn 0.1871 0.9793 0.0775
vn 0.1754 -0.9793 0.1013
vn 0.1871 -0.9793 0.0775
vn 0.7998 0.3834 0.4618
vn 0.1754 0.9793 0.1012
vn 0.3308 0.9242 0.1910
vn 0.7327 -0.3834 0.5622
vn 0.7999 -0.3834 0.4618
vn 0.3030 -0.9242 0.2325
vn 0.3308 -0.9242 0.1910
vn 0.7327 0.3834 0.5622
vn 0.1607 0.9793 0.1233
vn 0.3030 0.9242 0.2325
vn 0.2701 -0.9242 0.2701
vn 0.1607 -0.9793 0.1233
vn 0.6531 0.3834 0.6531
vn 0.2701 0.9242 0.2701
vn 0.6531 -0.3834 0.6531
vn 0.1233 -0.9793 0.1607
vn 0.1432 -0.9793 0.1432
vn 0.5622 0.3834 0.7327
vn 0.1233 0.9793 0.1607
vn 0.2325 0.9242 0.3031
vn 0.5622 -0.3834 0.7327
vn 0.1910 -0.9242 0.3308
vn 0.2325 -0.9242 0.3030
vn 0.4618 0.3834 0.7998
vn 0.1910 0.9242 0.3308
vn 0.1012 0.9793 0.1754
vn 0.4618 -0.3834 0.7998
vn 0.0775 -0.9793 0.1871
vn 0.1012 -0.9793 0.1754
vn 0.3534 0.3834 0.8533
vn 0.0775 0.9793 0.1871
vn 0.1462 0.9242 0.3529
vn 0.2390 -0.3834 0.8921
vn 0.3534 -0.3834 0.8533
vn 0.1462 -0.9242 0.3529
vn 0.0524 -0.9793 0.1956
vn 0.2390 0.3834 0.8921
vn 0.0524 0.9793 0.1956
vn 0.0989 0.9242 0.3690
vn 0.1206 -0.3834 0.9157
vn 0.0989 -0.9242 0.3690
vn 0.0264 -0.9793 0.2008
vn 0.1206 0.3834 0.9157
vn 0.0264 0.9793 0.2008
vn 0.0499 0.9242 0.3787
vn -0.0000 -0.3834 0.9236
vn 0.0499 -0.9242 0.3787
vn -0.0000 -0.9793 0.2025
vn -0.0000 0.3834 0.9236
vn -0.0000 0.9793 0.2025
vn -0.0000 0.9242 0.3820
vn -0.0499 -0.9242 0.3787
vn -0.0000 -0.9242 0.3820
vn -0.1206 0.3834 0.9157
vn -0.0499 0.9242 0.3787
vn -0.0264 0.9793 0.2008
vn -0.1206 -0.3834 0.9157
vn -0.0989 -0.9242 0.3690
vn -0.0264 -0.9793 0.2008
vn -0.2390 0.3834 0.8921
vn -0.0989 0.9242 0.3690
vn -0.0524 0.9793 0.1956
vn -0.3534 -0.3834 0.8533
vn -0.2390 -0.3834 0.8921
vn -0.1462 -0.9242 0.3529
vn -0.0524 -0.9793 0.1956
vn -0.3534 0.3834 0.8533
vn -0.1462 0.9242 0.3529
vn -0.0775 0.9793 0.1871
vn -0.1013 -0.9793 0.1754
vn -0.0775 -0.9793 0.1871
vn -0.4618 0.3834 0.7998
vn -0.1012 0.9793 0.1754
vn -0.1910 0.9242 0.3308
vn -0.5622 -0.3834 0.7327
vn -0.4618 -0.3834 0.7998
vn -0.2325 -0.9242 0.3030
vn -0.1910 -0.9242 0.3308
vn -0.5622 0.3834 0.7327
vn -0.1233 0.9793 0.1607
vn -0.2325 0.9242 0.3031
vn -0.2701 -0.9242 0.2701
vn -0.1233 -0.9793 0.1607
vn -0.6531 0.3834 0.6531
vn -0.2701 0.9242 0.2701
vn -0.1432 0.9793 0.1432
vn -0.6531 -0.3834 0.6531
vn -0.1607 -0.9793 0.1233
vn -0.1432 -0.9793 0.1432
vn -0.7327 0.3834 0.5622
vn -0.1607 0.9793 0.1233
vn -0.3030 0.9242 0.2325
vn -0.7327 -0.3834 0.5622
vn -0.3308 -0.9242 0.1910
vn -0.3030 -0.9242 0.2325
vn -0.7999 0.3834 0.4618
vn -0.3308 0.9242 0.1910
vn -0.1754 0.9793 0.1012
vn -0.7999 -0.3834 0.4618
vn -0.1871 -0.9793 0.0775
vn -0.1754 -0.9793 0.1012
vn -0.8533 0.3834 0.3534
vn -0.1871 0.9793 0.0775
vn -0.3529 0.9242 0.1462
vn -0.8921 -0.3834 0.2390
vn -0.8533 -0.3834 0.3534
vn -0.3529 -0.9242 0.1462
vn -0.1956 -0.9793 0.0524
vn -0.8921 0.3834 0.2390
vn -0.3690 0.9242 0.0989
vn -0.9157 -0.3834 0.1206
vn -0.3690 -0.9242 0.0989
vn -0.2008 -0.9793 0.0264
vn -0.9157 0.3834 0.1206
vn -0.2008 0.9793 0.0264
vn -0.3787 0.9242 0.0499
vn -0.9236 -0.3834 -0.0000
vn -0.3787 -0.9242 0.0499
vn -0.2025 -0.9793 -0.0000
vn -0.9236 0.3834 -0.0000
vn -0.2025 0.9793 -0.0000
vn -0.3820 0.9242 -0.0000
vn -0.3787 -0.9242 -0.0499
vn -0.3820 -0.9242 -0.0000
vn -0.9157 0.3834 -0.1206
vn -0.3787 0.9242 -0.0499
vn -0.2008 0.9793 -0.0264
vn -0.9157 -0.3834 -0.1206
vn -0.3690 -0.9242 -0.0989
vn -0.2008 -0.9793 -0.0264
vn -0.8921 0.3834 -0.2390
vn -0.3690 0.9242 -0.0989
vn -0.1956 0.9793 -0.0524
vn -0.8533 -0.3834 -0.3534
vn -0.8921 -0.3834 -0.2390
vn -0.3529 -0.9242 -0.1462
vn -0.1956 -0.9793 -0.0524
vn -0.8533 0.3834 -0.3534
vn -0.3529 0.9242 -0.1462
vn -0.1871 0.9793 -0.0775
vn -0.1754 -0.9793 -0.1013
vn -0.1871 -0.9793 -0.0775
vn -0.7999 0.3834 -0.4618
vn -0.1754 0.9793 -0.1012
vn -0.3308 0.9242 -0.1910
vn -0.7327 -0.3834 -0.5622
vn -0.7999 -0.3834 -0.4618
vn -0.3030 -0.9242 -0.2325
vn -0.3308 -0.9242 -0.1910
vn -0.7327 0.3834 -0.5622
vn -0.1607 0.9793 -0.1233
vn -0.3030 0.9242 -0.2325
vn -0.2701 -0.9242 -0.2701
vn -0.1607 -0.9793 -0.1233
vn -0.6531 0.3834 -0.6531
vn -0.2701 0.9242 -0.2701
vn -0.1432 0.9793 -0.1432
vn -0.6531 -0.3834 -0.6531
vn -0.1233 -0.9793 -0.1607
vn -0.1432 -0.9793 -0.1432
vn -0.5622 0.3834 -0.7327
vn -0.1233 0.9793 -0.1607
vn -0.2325 0.9242 -0.3031
vn -0.5622 -0.3834 -0.7327
vn -0.1910 -0.9242 -0.3308
vn -0.2325 -0.9242 -0.3030
vn -0.4618 0.3834 -0.7998
vn -0.1910 0.9242 -0.3308
vn -0.1012 0.9793 -0.1754
vn -0.4618 -0.3834 -0.7998
vn -0.0775 -0.9793 -0.1871
vn -0.1012 -0.9793 -0.1754
vn -0.3534 0.3834 -0.8533
vn -0.0775 0.9793 -0.1871
vn -0.1462 0.9242 -0.3529
vn -0.2390 -0.3834 -0.8921
vn -0.3534 -0.3834 -0.8533
vn -0.1462 -0.9242 -0.3529
vn -0.0524 -0.9793 -0.1956
vn -0.2390 0.3834 -0.8921
vn -0.0524 0.9793 -0.1956
vn -0.0989 0.9242 -0.3690
vn -0.1206 -0.3834 -0.9157
vn -0.0989 -0.9242 -0.3690
vn -0.0264 -0.9793 -0.2008
vn -0.1206 0.3834 -0.9157
vn -0.0264 0.9793 -0.2008
vn -0.0499 0.9242 -0.3787
vn -0.0499 -0.9242 -0.3787
vn -0.0000 0.9242 -0.3820
vn 0.1012 -0.9793 -0.1754
vn 0.4618 0.3834 -0.7999
vn 0.4618 -0.3834 -0.7999
vn 0.2325 0.9242 -0.3030
vn 0.1233 0.9793 -0.1606
vn 0.3031 -0.9242 -0.2325
vn 0.1754 -0.9793 0.1012
vn 0.7999 0.3834 0.4618
vn 0.1606 0.9793 0.1233
vn 0.2325 0.9242 0.3030
vn 0.4618 0.3834 0.7999
vn 0.4618 -0.3834 0.7999
vn -0.1012 -0.9793 0.1754
vn -0.4618 0.3834 0.7999
vn -0.4618 -0.3834 0.7999
vn -0.2325 0.9242 0.3030
vn -0.1233 0.9793 0.1606
vn -0.3031 -0.9242 0.2325
vn -0.1754 -0.9793 -0.1012
vn -0.1606 0.9793 -0.1233
vn -0.2325 0.9242 -0.3030
vn -0.4618 0.3834 -0.7999
vn -0.4618 -0.3834 -0.7999
vn -0.0644 0.7536 -0.6542
vn -0.0000 0.8896 -0.4567
vn -0.0000 0.7536 -0.6574
vn 0.1282 0.7536 -0.6447
vn 0.1326 0.8896 -0.4370
vn 0.1908 0.7536 -0.6291
vn 0.2516 0.7536 -0.6073
vn 0.1748 0.8896 -0.4219
vn 0.3099 0.7536 -0.5798
vn 0.2153 0.8896 -0.4028
vn 0.3652 0.7536 -0.5466
vn 0.2537 0.8896 -0.3797
vn 0.4170 0.7536 -0.5082
vn 0.2897 0.8896 -0.3530
vn 0.4648 0.7536 -0.4648
vn 0.3530 0.8896 -0.2897
vn 0.5082 0.7536 -0.4170
vn 0.5466 0.7536 -0.3652
vn 0.3797 0.8896 -0.2537
vn 0.5798 0.7536 -0.3099
vn 0.4028 0.8896 -0.2153
vn 0.6073 0.7536 -0.2516
vn 0.4370 0.8896 -0.1326
vn 0.6291 0.7536 -0.1908
vn 0.6447 0.7536 -0.1282
vn 0.4479 0.8896 -0.0891
vn 0.6542 0.7536 -0.0644
vn 0.4567 0.8896 -0.0000
vn 0.6574 0.7536 -0.0000
vn 0.6542 0.7536 0.0644
vn 0.4545 0.8896 0.0448
vn 0.6447 0.7536 0.1282
vn 0.4370 0.8896 0.1326
vn 0.6291 0.7536 0.1908
vn 0.6073 0.7536 0.2516
vn 0.4219 0.8896 0.1748
vn 0.5798 0.7536 0.3099
vn 0.4028 0.8896 0.2153
vn 0.5466 0.7536 0.3652
vn 0.3797 0.8896 0.2537
vn 0.5082 0.7536 0.4170
vn 0.3530 0.8896 0.2897
vn 0.4648 0.7536 0.4648
vn 0.2897 0.8896 0.3530
vn 0.4170 0.7536 0.5082
vn 0.3652 0.7536 0.5466
vn 0.2537 0.8896 0.3797
vn 0.3099 0.7536 0.5798
vn 0.2153 0.8896 0.4028
vn 0.2516 0.7536 0.6073
vn 0.1326 0.8896 0.4370
vn 0.1908 0.7536 0.6291
vn 0.1282 0.7536 0.6447
vn 0.0891 0.8896 0.4479
vn 0.0644 0.7536 0.6542
vn -0.0000 0.8896 0.4567
vn -0.0000 0.7536 0.6574
vn -0.0644 0.7536 0.6542
vn -0.0448 0.8896 0.4545
vn -0.1282 0.7536 0.6447
vn -0.1326 0.8896 0.4370
vn -0.1908 0.7536 0.6291
vn -0.2516 0.7536 0.6073
vn -0.1748 0.8896 0.4219
vn -0.3099 0.7536 0.5798
vn -0.2153 0.8896 0.4028
vn -0.3652 0.7536 0.5466
vn -0.2537 0.8896 0.3797
vn -0.4170 0.7536 0.5082
vn -0.2897 0.8896 0.3530
vn -0.4648 0.7536 0.4648
vn -0.3530 0.8896 0.2897
vn -0.5082 0.7536 0.4170
vn -0.5466 0.7536 0.3652
vn -0.3797 0.8896 0.2537
vn -0.5798 0.7536 0.3099
vn -0.4028 0.8896 0.2153
vn -0.6073 0.7536 0.2516
vn -0.4370 0.8896 0.1326
vn -0.6291 0.7536 0.1908
vn -0.6447 0.7536 0.1282
vn -0.4479 0.8896 0.0891
vn -0.6542 0.7536 0.0644
vn -0.4567 0.8896 -0.0000
vn -0.6574 0.7536 -0.0000
vn -0.6542 0.7536 -0.0644
vn -0.4545 0.8896 -0.0448
vn -0.6447 0.7536 -0.1282
vn -0.4370 0.8896 -0.1326
vn -0.6291 0.7536 -0.1908
vn -0.6073 0.7536 -0.2516
vn -0.4219 0.8896 -0.1748
vn -0.5798 0.7536 -0.3099
vn -0.4028 0.8896 -0.2153
vn -0.5466 0.7536 -0.3652
vn -0.3797 0.8896 -0.2537
vn -0.5082 0.7536 -0.4170
vn -0.3530 0.8896 -0.2897
vn -0.4648 0.7536 -0.4648
vn -0.2897 0.8896 -0.3530
vn -0.4170 0.7536 -0.5082
vn -0.3652 0.7536 -0.5466
vn -0.2537 0.8896 -0.3797
vn -0.3099 0.7536 -0.5798
vn -0.2153 0.8896 -0.4028
vn -0.2516 0.7536 -0.6073
vn -0.1326 0.8896 -0.4370
vn -0.1908 0.7536 -0.6291
vn -0.1282 0.7536 -0.6447
vn -0.0891 0.8896 -0.4479
vn 0.0448 0.8896 -0.4545
vn 0.0644 0.7536 -0.6542
vn -0.0160 0.9966 0.0804
vn 0.0804 0.9966 0.0160
vn 0.0160 0.9966 -0.0804
vn 0.0753 0.6407 -0.7641
vn -0.0000 0.6407 -0.7678
vn -0.0000 -0.9481 -0.3178
vn 0.0163 -0.9861 -0.1651
vn -0.0000 -0.9861 -0.1659
vn 0.0270 0.9613 -0.2743
vn -0.0000 0.9613 -0.2757
vn 0.0080 0.9966 -0.0815
vn 0.0620 -0.9481 -0.3117
vn 0.0312 -0.9481 -0.3163
vn 0.0891 0.8896 -0.4479
vn 0.0538 0.9613 -0.2704
vn 0.1498 0.6407 -0.7531
vn 0.0923 -0.9481 -0.3042
vn 0.0324 -0.9861 -0.1627
vn 0.0800 0.9613 -0.2638
vn 0.0238 0.9966 -0.0784
vn 0.2938 0.6407 -0.7094
vn 0.2229 0.6407 -0.7348
vn 0.0635 -0.9861 -0.1533
vn 0.0482 -0.9861 -0.1588
vn 0.1055 0.9613 -0.2547
vn 0.0314 0.9966 -0.0757
vn 0.1216 -0.9481 -0.2937
vn 0.0782 -0.9861 -0.1463
vn 0.1299 0.9613 -0.2431
vn 0.0386 0.9966 -0.0722
vn 0.4266 0.6407 -0.6384
vn 0.3619 0.6407 -0.6772
vn 0.1498 -0.9481 -0.2803
vn 0.0922 -0.9861 -0.1380
vn 0.1532 0.9613 -0.2292
vn 0.0455 0.9966 -0.0681
vn 0.2016 -0.9481 -0.2457
vn 0.1766 -0.9481 -0.2643
vn 0.1749 0.9613 -0.2131
vn 0.0520 0.9966 -0.0633
vn 0.4871 0.6407 -0.5935
vn 0.1173 -0.9861 -0.1173
vn 0.1053 -0.9861 -0.1283
vn 0.3229 0.8896 -0.3229
vn 0.1949 0.9613 -0.1949
vn 0.0579 0.9966 -0.0579
vn 0.5429 0.6407 -0.5429
vn 0.2457 -0.9481 -0.2016
vn 0.2248 -0.9481 -0.2248
vn 0.2131 0.9613 -0.1749
vn 0.0633 0.9966 -0.0520
vn 0.5935 0.6407 -0.4871
vn 0.1380 -0.9861 -0.0922
vn 0.1283 -0.9861 -0.1053
vn 0.2292 0.9613 -0.1532
vn 0.0681 0.9966 -0.0455
vn 0.6384 0.6407 -0.4266
vn 0.2803 -0.9481 -0.1498
vn 0.2643 -0.9481 -0.1766
vn 0.2431 0.9613 -0.1299
vn 0.0723 0.9966 -0.0386
vn 0.6772 0.6407 -0.3619
vn 0.2937 -0.9481 -0.1216
vn 0.1463 -0.9861 -0.0782
vn 0.4219 0.8896 -0.1748
vn 0.2547 0.9613 -0.1055
vn 0.0757 0.9966 -0.0314
vn 0.7094 0.6407 -0.2938
vn 0.3042 -0.9481 -0.0923
vn 0.1533 -0.9861 -0.0635
vn 0.2638 0.9613 -0.0800
vn 0.0784 0.9966 -0.0238
vn 0.7531 0.6407 -0.1498
vn 0.7348 0.6407 -0.2229
vn 0.1627 -0.9861 -0.0324
vn 0.1588 -0.9861 -0.0482
vn 0.2704 0.9613 -0.0538
vn 0.0803 0.9966 -0.0160
vn 0.7641 0.6407 -0.0753
vn 0.3163 -0.9481 -0.0312
vn 0.3117 -0.9481 -0.0620
vn 0.2743 0.9613 -0.0270
vn 0.4545 0.8896 -0.0448
vn 0.0815 0.9966 -0.0080
vn 0.3179 -0.9481 -0.0000
vn 0.1651 -0.9861 -0.0163
vn 0.2757 0.9613 -0.0000
vn 0.0819 0.9966 -0.0000
vn 0.7641 0.6407 0.0753
vn 0.7678 0.6407 -0.0000
vn 0.1651 -0.9861 0.0163
vn 0.1659 -0.9861 -0.0000
vn 0.2743 0.9613 0.0270
vn 0.0815 0.9966 0.0080
vn 0.3117 -0.9481 0.0620
vn 0.3163 -0.9481 0.0312
vn 0.4479 0.8896 0.0891
vn 0.2704 0.9613 0.0538
vn 0.7531 0.6407 0.1498
vn 0.3042 -0.9481 0.0923
vn 0.1627 -0.9861 0.0324
vn 0.2638 0.9613 0.0800
vn 0.0784 0.9966 0.0238
vn 0.7094 0.6407 0.2938
vn 0.7348 0.6407 0.2229
vn 0.1533 -0.9861 0.0635
vn 0.1588 -0.9861 0.0482
vn 0.2547 0.9613 0.1055
vn 0.0757 0.9966 0.0314
vn 0.2937 -0.9481 0.1216
vn 0.1463 -0.9861 0.0782
vn 0.2431 0.9613 0.1299
vn 0.0723 0.9966 0.0386
vn 0.6384 0.6407 0.4266
vn 0.6771 0.6407 0.3619
vn 0.2803 -0.9481 0.1498
vn 0.1380 -0.9861 0.0922
vn 0.2292 0.9613 0.1532
vn 0.0681 0.9966 0.0455
vn 0.2457 -0.9481 0.2016
vn 0.2643 -0.9481 0.1766
vn 0.2131 0.9613 0.1749
vn 0.0633 0.9966 0.0520
vn 0.5935 0.6407 0.4871
vn 0.1173 -0.9861 0.1173
vn 0.1283 -0.9861 0.1053
vn 0.3229 0.8896 0.3229
vn 0.1949 0.9613 0.1949
vn 0.0579 0.9966 0.0579
vn 0.5429 0.6407 0.5429
vn 0.2016 -0.9481 0.2457
vn 0.2248 -0.9481 0.2248
vn 0.1749 0.9613 0.2131
vn 0.0520 0.9966 0.0633
vn 0.4871 0.6407 0.5935
vn 0.0922 -0.9861 0.1380
vn 0.1053 -0.9861 0.1283
vn 0.1532 0.9613 0.2292
vn 0.0455 0.9966 0.0681
vn 0.4266 0.6407 0.6384
vn 0.1498 -0.9481 0.2803
vn 0.1766 -0.9481 0.2643
vn 0.1299 0.9613 0.2431
vn 0.0386 0.9966 0.0722
vn 0.3619 0.6407 0.6772
vn 0.1216 -0.9481 0.2937
vn 0.0782 -0.9861 0.1463
vn 0.1748 0.8896 0.4219
vn 0.1055 0.9613 0.2547
vn 0.0314 0.9966 0.0757
vn 0.2938 0.6407 0.7094
vn 0.0923 -0.9481 0.3042
vn 0.0635 -0.9861 0.1533
vn 0.0800 0.9613 0.2638
vn 0.0238 0.9966 0.0784
vn 0.1498 0.6407 0.7531
vn 0.2229 0.6407 0.7348
vn 0.0324 -0.9861 0.1627
vn 0.0482 -0.9861 0.1588
vn 0.0538 0.9613 0.2704
vn 0.0160 0.9966 0.0803
vn 0.0753 0.6407 0.7641
vn 0.0312 -0.9481 0.3163
vn 0.0620 -0.9481 0.3117
vn 0.0270 0.9613 0.2743
vn 0.0448 0.8896 0.4545
vn 0.0080 0.9966 0.0815
vn -0.0000 -0.9481 0.3178
vn 0.0163 -0.9861 0.1651
vn -0.0000 0.9613 0.2757
vn -0.0000 0.9966 0.0819
vn -0.0753 0.6407 0.7641
vn -0.0000 0.6407 0.7678
vn -0.0163 -0.9861 0.1651
vn -0.0000 -0.9861 0.1659
vn -0.0270 0.9613 0.2743
vn -0.0080 0.9966 0.0815
vn -0.0620 -0.9481 0.3117
vn -0.0312 -0.9481 0.3163
vn -0.0891 0.8896 0.4479
vn -0.0538 0.9613 0.2704
vn -0.1498 0.6407 0.7531
vn -0.0923 -0.9481 0.3042
vn -0.0324 -0.9861 0.1627
vn -0.0800 0.9613 0.2638
vn -0.0238 0.9966 0.0784
vn -0.2938 0.6407 0.7094
vn -0.2229 0.6407 0.7348
vn -0.0635 -0.9861 0.1533
vn -0.0482 -0.9861 0.1588
vn -0.1055 0.9613 0.2547
vn -0.0314 0.9966 0.0757
vn -0.1216 -0.9481 0.2937
vn -0.0782 -0.9861 0.1463
vn -0.1299 0.9613 0.2431
vn -0.0386 0.9966 0.0722
vn -0.4266 0.6407 0.6384
vn -0.3619 0.6407 0.6772
vn -0.1498 -0.9481 0.2803
vn -0.0922 -0.9861 0.1380
vn -0.1532 0.9613 0.2292
vn -0.0455 0.9966 0.0681
vn -0.2016 -0.9481 0.2457
vn -0.1766 -0.9481 0.2643
vn -0.1749 0.9613 0.2131
vn -0.0520 0.9966 0.0633
vn -0.4871 0.6407 0.5935
vn -0.1173 -0.9861 0.1173
vn -0.1053 -0.9861 0.1283
vn -0.3229 0.8896 0.3229
vn -0.1949 0.9613 0.1949
vn -0.0579 0.9966 0.0579
vn -0.5429 0.6407 0.5429
vn -0.2457 -0.9481 0.2016
vn -0.2248 -0.9481 0.2248
vn -0.2131 0.9613 0.1749
vn -0.0633 0.9966 0.0520
vn -0.5935 0.6407 0.4871
vn -0.1380 -0.9861 0.0922
vn -0.1283 -0.9861 0.1053
vn -0.2292 0.9613 0.1532
vn -0.0681 0.9966 0.0455
vn -0.6384 0.6407 0.4266
vn -0.2803 -0.9481 0.1498
vn -0.2643 -0.9481 0.1766
vn -0.2431 0.9613 0.1299
vn -0.0723 0.9966 0.0386
vn -0.6772 0.6407 0.3619
vn -0.2937 -0.9481 0.1216
vn -0.1463 -0.9861 0.0782
vn -0.4219 0.8896 0.1748
vn -0.2547 0.9613 0.1055
vn -0.0757 0.9966 0.0314
vn -0.7094 0.6407 0.2938
vn -0.3042 -0.9481 0.0923
vn -0.1533 -0.9861 0.0635
vn -0.2638 0.9613 0.0800
vn -0.0784 0.9966 0.0238
vn -0.7531 0.6407 0.1498
vn -0.7348 0.6407 0.2229
vn -0.1627 -0.9861 0.0324
vn -0.1588 -0.9861 0.0482
vn -0.2704 0.9613 0.0538
vn -0.0803 0.9966 0.0160
vn -0.7641 0.6407 0.0753
vn -0.3163 -0.9481 0.0312
vn -0.3117 -0.9481 0.0620
vn -0.2743 0.9613 0.0270
vn -0.4545 0.8896 0.0448
vn -0.0815 0.9966 0.0080
vn -0.3179 -0.9481 -0.0000
vn -0.1651 -0.9861 0.0163
vn -0.2757 0.9613 -0.0000
vn -0.0819 0.9966 -0.0000
vn -0.7641 0.6407 -0.0753
vn -0.7678 0.6407 -0.0000
vn -0.1651 -0.9861 -0.0163
vn -0.1659 -0.9861 -0.0000
vn -0.2743 0.9613 -0.0270
vn -0.0815 0.9966 -0.0080
vn -0.3117 -0.9481 -0.0620
vn -0.3163 -0.9481 -0.0312
vn -0.4479 0.8896 -0.0891
vn -0.2704 0.9613 -0.0538
vn -0.0804 0.9966 -0.0160
vn -0.7531 0.6407 -0.1498
vn -0.3042 -0.9481 -0.0923
vn -0.1627 -0.9861 -0.0324
vn -0.2638 0.9613 -0.0800
vn -0.0784 0.9966 -0.0238
vn -0.7094 0.6407 -0.2938
vn -0.7348 0.6407 -0.2229
vn -0.1533 -0.9861 -0.0635
vn -0.1588 -0.9861 -0.0482
vn -0.2547 0.9613 -0.1055
vn -0.0757 0.9966 -0.0314
vn -0.2937 -0.9481 -0.1216
vn -0.1463 -0.9861 -0.0782
vn -0.2431 0.9613 -0.1299
vn -0.0723 0.9966 -0.0386
vn -0.6384 0.6407 -0.4266
vn -0.6771 0.6407 -0.3619
vn -0.2803 -0.9481 -0.1498
vn -0.1380 -0.9861 -0.0922
vn -0.2292 0.9613 -0.1532
vn -0.0681 0.9966 -0.0455
vn -0.2457 -0.9481 -0.2016
vn -0.2643 -0.9481 -0.1766
vn -0.2131 0.9613 -0.1749
vn -0.0633 0.9966 -0.0520
vn -0.5935 0.6407 -0.4871
vn -0.1173 -0.9861 -0.1173
vn -0.1283 -0.9861 -0.1053
vn -0.3229 0.8896 -0.3229
vn -0.1949 0.9613 -0.1949
vn -0.0579 0.9966 -0.0579
vn -0.5429 0.6407 -0.5429
vn -0.2016 -0.9481 -0.2457
vn -0.2248 -0.9481 -0.2248
vn -0.1749 0.9613 -0.2131
vn -0.0520 0.9966 -0.0633
vn -0.4871 0.6407 -0.5935
vn -0.0922 -0.9861 -0.1380
vn -0.1053 -0.9861 -0.1283
vn -0.1532 0.9613 -0.2292
vn -0.0455 0.9966 -0.0681
vn -0.4266 0.6407 -0.6384
vn -0.1498 -0.9481 -0.2803
vn -0.1766 -0.9481 -0.2643
vn -0.1299 0.9613 -0.2431
vn -0.0386 0.9966 -0.0722
vn -0.3619 0.6407 -0.6772
vn -0.1216 -0.9481 -0.2937
vn -0.0782 -0.9861 -0.1463
vn -0.1748 0.8896 -0.4219
vn -0.1055 0.9613 -0.2547
vn -0.0314 0.9966 -0.0757
vn -0.2938 0.6407 -0.7094
vn -0.0923 -0.9481 -0.3042
vn -0.0635 -0.9861 -0.1533
vn -0.0800 0.9613 -0.2638
vn -0.0238 0.9966 -0.0784
vn -0.1498 0.6407 -0.7531
vn -0.2229 0.6407 -0.7348
vn -0.0324 -0.9861 -0.1627
vn -0.0482 -0.9861 -0.1588
vn -0.0538 0.9613 -0.2704
vn -0.0160 0.9966 -0.0803
vn -0.0753 0.6407 -0.7641
vn -0.0312 -0.9481 -0.3163
vn -0.0620 -0.9481 -0.3117
vn -0.0270 0.9613 -0.2743
vn -0.0448 0.8896 -0.4545
vn -0.0080 0.9966 -0.0815
vn -0.0163 -0.9861 -0.1651
vn -0.0000 0.9966 -0.0819
vn 0.1606 0.9793 -0.1233
vn 0.1233 0.9793 0.1606
vn -0.1606 0.9793 0.1233
vn -0.1233 0.9793 -0.1606
vn 0.9429 0.3090 -0.1241
vn 0.9511 0.3090 -0.0000
vn 0.5828 0.8090 -0.0767
vn 0.5878 0.8090 -0.0000
vn -0.0000 1.0000 -0.0000
vn -0.5828 0.8090 0.0767
vn -0.5878 0.8090 -0.0000
vn -0.9429 0.3090 0.1241
vn -0.9511 0.3090 -0.0000
vn -0.9511 -0.3090 -0.0000
vn -0.9429 -0.3090 0.1241
vn -0.5878 -0.8090 -0.0000
vn -0.5828 -0.8090 0.0767
vn -0.0000 -1.0000 -0.0000
vn 0.5828 -0.8090 -0.0767
vn 0.5878 -0.8090 -0.0000
vn 0.9429 -0.3090 -0.1241
vn 0.9511 -0.3090 -0.0000
vn 0.9186 0.3090 -0.2462
vn 0.5678 0.8090 -0.1521
vn -0.5678 0.8090 0.1521
vn -0.9187 0.3090 0.2462
vn -0.9187 -0.3090 0.2462
vn -0.5678 -0.8090 0.1521
vn 0.5678 -0.8090 -0.1521
vn 0.9186 -0.3090 -0.2462
vn 0.8787 0.3090 -0.3640
vn 0.9187 0.3090 -0.2462
vn 0.5430 0.8090 -0.2249
vn -0.5430 0.8090 0.2249
vn -0.8787 0.3090 0.3640
vn -0.8787 -0.3090 0.3640
vn -0.5430 -0.8090 0.2249
vn 0.5430 -0.8090 -0.2249
vn 0.8787 -0.3090 -0.3640
vn 0.8236 0.3090 -0.4755
vn 0.5090 0.8090 -0.2939
vn -0.5090 0.8090 0.2939
vn -0.8236 0.3090 0.4755
vn -0.8236 -0.3090 0.4755
vn -0.5090 -0.8090 0.2939
vn 0.5090 -0.8090 -0.2939
vn 0.8236 -0.3090 -0.4755
vn 0.7545 0.3090 -0.5790
vn 0.4663 0.8090 -0.3578
vn -0.4663 0.8090 0.3578
vn -0.7545 0.3090 0.5790
vn -0.7545 -0.3090 0.5790
vn -0.4663 -0.8090 0.3578
vn 0.4663 -0.8090 -0.3578
vn 0.7545 -0.3090 -0.5790
vn 0.6725 0.3090 -0.6725
vn 0.4156 0.8090 -0.4156
vn -0.4156 0.8090 0.4156
vn -0.6725 0.3090 0.6725
vn -0.6725 -0.3090 0.6725
vn -0.4156 -0.8090 0.4156
vn 0.4156 -0.8090 -0.4156
vn 0.6725 -0.3090 -0.6725
vn 0.5790 0.3090 -0.7545
vn 0.3578 0.8090 -0.4663
vn -0.3578 0.8090 0.4663
vn -0.5790 0.3090 0.7545
vn -0.5790 -0.3090 0.7545
vn -0.3578 -0.8090 0.4663
vn 0.3578 -0.8090 -0.4663
vn 0.5790 -0.3090 -0.7545
vn 0.4755 0.3090 -0.8236
vn 0.2939 0.8090 -0.5090
vn -0.2939 0.8090 0.5090
vn -0.4755 0.3090 0.8236
vn -0.4755 -0.3090 0.8236
vn -0.2939 -0.8090 0.5090
vn 0.2939 -0.8090 -0.5090
vn 0.4755 -0.3090 -0.8236
vn 0.3640 0.3090 -0.8787
vn 0.2249 0.8090 -0.5430
vn -0.2249 0.8090 0.5430
vn -0.3640 0.3090 0.8787
vn -0.3640 -0.3090 0.8787
vn -0.2249 -0.8090 0.5430
vn 0.2249 -0.8090 -0.5430
vn 0.3640 -0.3090 -0.8787
vn 0.2462 0.3090 -0.9187
vn 0.1521 0.8090 -0.5678
vn -0.1521 0.8090 0.5678
vn -0.2462 0.3090 0.9187
vn -0.2462 -0.3090 0.9187
vn -0.1521 -0.8090 0.5678
vn 0.1521 -0.8090 -0.5678
vn 0.2462 -0.3090 -0.9186
vn 0.2462 0.3090 -0.9186
vn 0.1241 0.3090 -0.9429
vn 0.0767 0.8090 -0.5828
vn -0.0767 0.8090 0.5828
vn -0.1241 0.3090 0.9429
vn -0.1241 -0.3090 0.9429
vn -0.2462 -0.3090 0.9186
vn -0.0767 -0.8090 0.5828
vn 0.0767 -0.8090 -0.5828
vn 0.1241 -0.3090 -0.9429
vn -0.0000 0.3090 -0.9511
vn -0.0000 0.8090 -0.5878
vn -0.0000 0.8090 0.5878
vn -0.0000 0.3090 0.9511
vn -0.0000 -0.3090 0.9511
vn -0.0000 -0.8090 0.5878
vn -0.0000 -0.8090 -0.5878
vn -0.0000 -0.3090 -0.9511
vn -0.1241 0.3090 -0.9429
vn -0.0767 0.8090 -0.5828
vn 0.0767 0.8090 0.5828
vn 0.1241 0.3090 0.9429
vn 0.1241 -0.3090 0.9429
vn 0.0767 -0.8090 0.5828
vn -0.0767 -0.8090 -0.5828
vn -0.1241 -0.3090 -0.9429
vn -0.2462 0.3090 -0.9187
vn -0.1521 0.8090 -0.5678
vn 0.1521 0.8090 0.5678
vn 0.2462 0.3090 0.9187
vn 0.2462 -0.3090 0.9187
vn 0.1521 -0.8090 0.5678
vn -0.1521 -0.8090 -0.5678
vn -0.2462 -0.3090 -0.9186
vn -0.3640 0.3090 -0.8787
vn -0.2249 0.8090 -0.5430
vn 0.2249 0.8090 0.5430
vn 0.3640 0.3090 0.8787
vn 0.3640 -0.3090 0.8787
vn 0.2249 -0.8090 0.5430
vn -0.2249 -0.8090 -0.5430
vn -0.3640 -0.3090 -0.8787
vn -0.2461 -0.3090 -0.9187
vn -0.4755 0.3090 -0.8236
vn -0.2939 0.8090 -0.5090
vn 0.2939 0.8090 0.5090
vn 0.4755 0.3090 0.8236
vn 0.4755 -0.3090 0.8236
vn 0.2939 -0.8090 0.5090
vn -0.2939 -0.8090 -0.5090
vn -0.4755 -0.3090 -0.8236
vn -0.5790 0.3090 -0.7545
vn -0.3578 0.8090 -0.4663
vn 0.3578 0.8090 0.4663
vn 0.5790 0.3090 0.7545
vn 0.5790 -0.3090 0.7545
vn 0.3578 -0.8090 0.4663
vn -0.3578 -0.8090 -0.4663
vn -0.5790 -0.3090 -0.7545
vn -0.6725 0.3090 -0.6725
vn -0.4156 0.8090 -0.4156
vn 0.4156 0.8090 0.4156
vn 0.6725 0.3090 0.6725
vn 0.6725 -0.3090 0.6725
vn 0.4156 -0.8090 0.4156
vn -0.4156 -0.8090 -0.4156
vn -0.6725 -0.3090 -0.6725
vn -0.7545 0.3090 -0.5790
vn -0.4663 0.8090 -0.3578
vn 0.4663 0.8090 0.3578
vn 0.7545 0.3090 0.5790
vn 0.7545 -0.3090 0.5790
vn 0.4663 -0.8090 0.3578
vn -0.4663 -0.8090 -0.3578
vn -0.7545 -0.3090 -0.5790
vn -0.8236 0.3090 -0.4755
vn -0.5090 0.8090 -0.2939
vn 0.5090 0.8090 0.2939
vn 0.8236 0.3090 0.4755
vn 0.8236 -0.3090 0.4755
vn 0.5090 -0.8090 0.2939
vn -0.5090 -0.8090 -0.2939
vn -0.8236 -0.3090 -0.4755
vn -0.8787 0.3090 -0.3640
vn -0.5430 0.8090 -0.2249
vn 0.5430 0.8090 0.2249
vn 0.8787 0.3090 0.3640
vn 0.8787 -0.3090 0.3640
vn 0.5430 -0.8090 0.2249
vn -0.5430 -0.8090 -0.2249
vn -0.8787 -0.3090 -0.3640
vn -0.9187 0.3090 -0.2461
vn -0.5678 0.8090 -0.1521
vn 0.5678 0.8090 0.1521
vn 0.9187 0.3090 0.2462
vn 0.9187 -0.3090 0.2462
vn 0.5678 -0.8090 0.1521
vn -0.5678 -0.8090 -0.1521
vn -0.9187 -0.3090 -0.2461
vn -0.9429 0.3090 -0.1241
vn -0.9186 0.3090 -0.2462
vn -0.5828 0.8090 -0.0767
vn 0.5828 0.8090 0.0767
vn 0.9429 0.3090 0.1241
vn 0.9186 0.3090 0.2462
vn 0.9429 -0.3090 0.1241
vn 0.9186 -0.3090 0.2462
vn 0.5828 -0.8090 0.0767
vn -0.5828 -0.8090 -0.0767
vn -0.9186 -0.3090 -0.2462
vn -0.9429 -0.3090 -0.1241
vn -0.9186 -0.3090 0.2462
vn 0.9187 -0.3090 -0.2462
vn -0.9187 -0.3090 0.2461
vn 0.2462 -0.3090 -0.9187
vn -0.2462 0.3090 0.9186
vn 0.2462 0.3090 0.9186
vn -0.2462 0.3090 -0.9186
vn -0.2462 -0.3090 -0.9187
vn 0.9187 0.3090 0.2461
vn -0.9187 0.3090 -0.2462
vn -0.9187 -0.3090 -0.2462
vn -0.0000 -0.3926 -0.9197
vn 0.1305 -0.0000 -0.9914
vn 0.1200 -0.3926 -0.9118
vn -0.0000 0.9836 -0.1804
vn 0.0330 0.9675 -0.2509
vn -0.0000 0.9675 -0.2530
vn -0.0000 -0.9932 -0.1165
vn 0.0075 -0.9983 -0.0571
vn -0.0000 -0.9983 -0.0576
vn -0.0000 -0.6631 -0.7485
vn 0.0977 -0.6631 -0.7421
vn 0.0443 0.9408 -0.3362
vn -0.0000 0.9407 -0.3391
vn -0.0000 -0.8140 -0.5808
vn 0.0758 -0.8140 -0.5758
vn 0.0582 0.8953 -0.4417
vn -0.0000 0.8953 -0.4455
vn -0.0000 -0.8953 -0.4455
vn 0.0582 -0.8953 -0.4417
vn 0.0758 0.8140 -0.5758
vn -0.0000 0.8140 -0.5808
vn -0.0000 -0.9408 -0.3391
vn 0.0443 -0.9407 -0.3362
vn 0.0977 0.6631 -0.7421
vn -0.0000 0.6631 -0.7485
vn -0.0000 0.9983 -0.0576
vn 0.0075 0.9983 -0.0571
vn 0.0330 -0.9675 -0.2509
vn -0.0000 -0.9675 -0.2530
vn -0.0000 0.3926 -0.9197
vn 0.1200 0.3926 -0.9118
vn 0.0152 0.9932 -0.1155
vn -0.0000 0.9932 -0.1165
vn -0.0000 -0.9836 -0.1804
vn 0.0236 -0.9836 -0.1789
vn -0.0000 -0.0000 -1.0000
vn 0.0235 0.9836 -0.1789
vn 0.0152 -0.9932 -0.1155
vn 0.1937 -0.6631 -0.7230
vn 0.1503 -0.8140 -0.5610
vn 0.0878 0.9407 -0.3275
vn 0.1153 0.8953 -0.4303
vn 0.1153 -0.8953 -0.4303
vn 0.1503 0.8140 -0.5610
vn 0.0878 -0.9407 -0.3275
vn 0.1937 0.6631 -0.7230
vn 0.0149 0.9983 -0.0556
vn 0.0655 -0.9675 -0.2444
vn 0.2380 0.3926 -0.8884
vn 0.0301 0.9932 -0.1125
vn 0.0467 -0.9836 -0.1743
vn 0.2588 -0.0000 -0.9659
vn 0.0467 0.9836 -0.1743
vn 0.0301 -0.9932 -0.1125
vn 0.2380 -0.3926 -0.8884
vn 0.0655 0.9675 -0.2444
vn 0.0149 -0.9983 -0.0556
vn 0.2864 0.6631 -0.6915
vn 0.3519 0.3926 -0.8497
vn 0.0446 0.9932 -0.1076
vn 0.0690 -0.9836 -0.1667
vn 0.3827 -0.0000 -0.9239
vn 0.0690 0.9836 -0.1667
vn 0.0446 -0.9932 -0.1076
vn 0.3520 -0.3926 -0.8497
vn 0.0968 0.9675 -0.2338
vn 0.0220 -0.9983 -0.0532
vn 0.2864 -0.6631 -0.6915
vn 0.1298 0.9407 -0.3133
vn 0.2223 -0.8140 -0.5366
vn 0.1705 0.8953 -0.4116
vn 0.1705 -0.8953 -0.4116
vn 0.2223 0.8140 -0.5366
vn 0.1298 -0.9407 -0.3133
vn 0.0220 0.9983 -0.0532
vn 0.0968 -0.9675 -0.2338
vn 0.1265 0.9675 -0.2191
vn 0.1696 0.9407 -0.2937
vn 0.0288 -0.9983 -0.0499
vn 0.2904 -0.8140 -0.5030
vn 0.2228 0.8953 -0.3858
vn 0.2228 -0.8953 -0.3858
vn 0.2904 0.8140 -0.5030
vn 0.1695 -0.9407 -0.2937
vn 0.3743 0.6631 -0.6482
vn 0.0288 0.9983 -0.0499
vn 0.1265 -0.9675 -0.2191
vn 0.4598 0.3926 -0.7965
vn 0.0582 0.9932 -0.1009
vn 0.0902 -0.9836 -0.1563
vn 0.5000 -0.0000 -0.8660
vn 0.0902 0.9836 -0.1563
vn 0.0582 -0.9932 -0.1009
vn 0.4598 -0.3926 -0.7965
vn 0.3743 -0.6631 -0.6482
vn 0.0351 0.9983 -0.0457
vn 0.1540 -0.9675 -0.2007
vn 0.4557 0.6631 -0.5938
vn 0.5599 0.3926 -0.7296
vn 0.0709 0.9932 -0.0924
vn 0.1098 -0.9836 -0.1431
vn 0.6088 -0.0000 -0.7934
vn 0.1098 0.9836 -0.1431
vn 0.0709 -0.9932 -0.0924
vn 0.5599 -0.3926 -0.7296
vn 0.1540 0.9675 -0.2007
vn 0.0351 -0.9983 -0.0457
vn 0.4557 -0.6631 -0.5938
vn 0.2064 0.9408 -0.2690
vn 0.3536 -0.8140 -0.4608
vn 0.2712 0.8953 -0.3535
vn 0.2712 -0.8953 -0.3535
vn 0.3536 0.8140 -0.4608
vn 0.2064 -0.9407 -0.2690
vn 0.5293 -0.6631 -0.5293
vn 0.2398 0.9407 -0.2398
vn 0.0407 -0.9983 -0.0407
vn 0.4107 -0.8140 -0.4107
vn 0.3150 0.8953 -0.3150
vn 0.3150 -0.8953 -0.3150
vn 0.4107 0.8140 -0.4107
vn 0.2398 -0.9407 -0.2398
vn 0.5293 0.6631 -0.5293
vn 0.0407 0.9983 -0.0407
vn 0.1789 -0.9675 -0.1789
vn 0.6503 0.3926 -0.6503
vn 0.0823 0.9932 -0.0823
vn 0.1276 -0.9836 -0.1276
vn 0.7071 -0.0000 -0.7071
vn 0.1276 0.9836 -0.1276
vn 0.0823 -0.9932 -0.0823
vn 0.6503 -0.3926 -0.6503
vn 0.1789 0.9675 -0.1789
vn 0.4608 0.8140 -0.3536
vn 0.5938 0.6631 -0.4557
vn 0.0457 0.9983 -0.0351
vn 0.2007 -0.9675 -0.1540
vn 0.7296 0.3926 -0.5599
vn 0.0924 0.9932 -0.0709
vn 0.1431 -0.9836 -0.1098
vn 0.7934 -0.0000 -0.6088
vn 0.1431 0.9836 -0.1098
vn 0.0924 -0.9932 -0.0709
vn 0.7296 -0.3926 -0.5599
vn 0.2007 0.9675 -0.1540
vn 0.0457 -0.9983 -0.0351
vn 0.5938 -0.6631 -0.4557
vn 0.2690 0.9407 -0.2064
vn 0.4608 -0.8140 -0.3536
vn 0.3535 0.8953 -0.2712
vn 0.3535 -0.8953 -0.2712
vn 0.2690 -0.9407 -0.2064
vn 0.2191 0.9675 -0.1265
vn 0.0499 -0.9983 -0.0288
vn 0.6482 -0.6631 -0.3743
vn 0.2937 0.9407 -0.1696
vn 0.5030 -0.8140 -0.2904
vn 0.3858 0.8953 -0.2228
vn 0.3858 -0.8953 -0.2228
vn 0.5030 0.8140 -0.2904
vn 0.2937 -0.9407 -0.1696
vn 0.6482 0.6631 -0.3743
vn 0.0499 0.9983 -0.0288
vn 0.2191 -0.9675 -0.1265
vn 0.7965 0.3926 -0.4598
vn 0.1009 0.9932 -0.0582
vn 0.1563 -0.9836 -0.0902
vn 0.8660 -0.0000 -0.5000
vn 0.1563 0.9836 -0.0902
vn 0.1009 -0.9932 -0.0582
vn 0.7965 -0.3926 -0.4598
vn 0.3133 -0.9407 -0.1298
vn 0.5366 0.8140 -0.2223
vn 0.6915 0.6631 -0.2864
vn 0.0532 0.9983 -0.0220
vn 0.2338 -0.9675 -0.0968
vn 0.8497 0.3926 -0.3520
vn 0.1076 0.9932 -0.0446
vn 0.1667 -0.9836 -0.0690
vn 0.9239 -0.0000 -0.3827
vn 0.1667 0.9836 -0.0690
vn 0.1076 -0.9932 -0.0446
vn 0.8497 -0.3926 -0.3520
vn 0.2338 0.9675 -0.0968
vn 0.0532 -0.9983 -0.0220
vn 0.6915 -0.6631 -0.2864
vn 0.3133 0.9408 -0.1298
vn 0.5366 -0.8140 -0.2223
vn 0.4116 0.8953 -0.1705
vn 0.4116 -0.8953 -0.1705
vn 0.1743 -0.9836 -0.0467
vn 0.1125 -0.9932 -0.0301
vn 0.9659 -0.0000 -0.2588
vn 0.8884 -0.3926 -0.2380
vn 0.2444 0.9675 -0.0655
vn 0.0556 -0.9983 -0.0149
vn 0.7230 -0.6631 -0.1937
vn 0.3275 0.9408 -0.0878
vn 0.5610 -0.8140 -0.1503
vn 0.4303 0.8953 -0.1153
vn 0.4303 -0.8953 -0.1153
vn 0.5610 0.8140 -0.1503
vn 0.3275 -0.9407 -0.0878
vn 0.7230 0.6631 -0.1937
vn 0.0556 0.9983 -0.0149
vn 0.2444 -0.9675 -0.0655
vn 0.8884 0.3926 -0.2380
vn 0.1125 0.9932 -0.0301
vn 0.1743 0.9836 -0.0467
vn 0.5758 -0.8140 -0.0758
vn 0.4417 -0.8953 -0.0582
vn 0.5758 0.8140 -0.0758
vn 0.3362 -0.9407 -0.0443
vn 0.7421 0.6631 -0.0977
vn 0.0571 0.9983 -0.0075
vn 0.2509 -0.9675 -0.0330
vn 0.9118 0.3926 -0.1200
vn 0.1155 0.9932 -0.0152
vn 0.1789 -0.9836 -0.0236
vn 0.9914 -0.0000 -0.1305
vn 0.1789 0.9836 -0.0236
vn 0.1155 -0.9932 -0.0152
vn 0.9118 -0.3926 -0.1200
vn 0.2509 0.9675 -0.0330
vn 0.0571 -0.9983 -0.0075
vn 0.7421 -0.6631 -0.0977
vn 0.3362 0.9407 -0.0443
vn 0.4417 0.8953 -0.0582
vn 1.0000 -0.0000 -0.0000
vn 0.1804 0.9836 -0.0000
vn 0.1804 -0.9836 -0.0000
vn 0.1165 -0.9932 -0.0000
vn 0.9197 -0.3926 -0.0000
vn 0.2530 0.9675 -0.0000
vn 0.0576 -0.9983 -0.0000
vn 0.7485 -0.6631 -0.0000
vn 0.3391 0.9408 -0.0000
vn 0.5808 -0.8140 -0.0000
vn 0.4455 0.8953 -0.0000
vn 0.4455 -0.8953 -0.0000
vn 0.5808 0.8140 -0.0000
vn 0.3391 -0.9407 -0.0000
vn 0.7485 0.6631 -0.0000
vn 0.0576 0.9983 -0.0000
vn 0.2530 -0.9675 -0.0000
vn 0.9197 0.3926 -0.0000
vn 0.1165 0.9932 -0.0000
vn 0.3362 0.9407 0.0443
vn 0.4417 0.8953 0.0582
vn 0.5758 -0.8140 0.0758
vn 0.4417 -0.8953 0.0582
vn 0.5758 0.8140 0.0758
vn 0.3362 -0.9407 0.0443
vn 0.7421 0.6631 0.0977
vn 0.0571 0.9983 0.0075
vn 0.2509 -0.9675 0.0330
vn 0.9118 0.3926 0.1200
vn 0.1155 0.9932 0.0152
vn 0.1789 -0.9836 0.0236
vn 0.9914 -0.0000 0.1305
vn 0.1789 0.9836 0.0236
vn 0.1155 -0.9932 0.0152
vn 0.9118 -0.3926 0.1200
vn 0.2509 0.9675 0.0330
vn 0.0571 -0.9983 0.0075
vn 0.7421 -0.6631 0.0977
vn 0.0556 0.9983 0.0149
vn 0.1125 0.9932 0.0301
vn 0.2444 -0.9675 0.0655
vn 0.1743 -0.9836 0.0467
vn 0.9659 -0.0000 0.2588
vn 0.1743 0.9836 0.0467
vn 0.1125 -0.9932 0.0301
vn 0.8884 -0.3926 0.2380
vn 0.2444 0.9675 0.0655
vn 0.0556 -0.9983 0.0149
vn 0.7230 -0.6631 0.1937
vn 0.3275 0.9407 0.0878
vn 0.5610 -0.8140 0.1503
vn 0.4303 0.8953 0.1153
vn 0.4303 -0.8953 0.1153
vn 0.5610 0.8140 0.1503
vn 0.3275 -0.9408 0.0878
vn 0.7230 0.6631 0.1937
vn 0.8884 0.3926 0.2380
vn 0.5366 -0.8140 0.2223
vn 0.4116 0.8953 0.1705
vn 0.4116 -0.8953 0.1705
vn 0.5366 0.8140 0.2223
vn 0.3133 -0.9407 0.1298
vn 0.6915 0.6631 0.2864
vn 0.0532 0.9983 0.0220
vn 0.2338 -0.9675 0.0968
vn 0.8497 0.3926 0.3519
vn 0.1076 0.9932 0.0446
vn 0.1667 -0.9836 0.0690
vn 0.9239 -0.0000 0.3827
vn 0.1667 0.9836 0.0690
vn 0.1076 -0.9932 0.0446
vn 0.8497 -0.3926 0.3519
vn 0.2338 0.9675 0.0968
vn 0.0532 -0.9983 0.0220
vn 0.6915 -0.6631 0.2864
vn 0.3133 0.9408 0.1298
vn 0.6482 0.6631 0.3743
vn 0.7965 0.3926 0.4598
vn 0.1009 0.9932 0.0582
vn 0.1563 -0.9836 0.0902
vn 0.8660 -0.0000 0.5000
vn 0.1563 0.9836 0.0902
vn 0.1009 -0.9932 0.0582
vn 0.7965 -0.3926 0.4598
vn 0.2191 0.9675 0.1265
vn 0.0499 -0.9983 0.0288
vn 0.6482 -0.6631 0.3743
vn 0.2937 0.9408 0.1696
vn 0.5030 -0.8140 0.2904
vn 0.3858 0.8953 0.2228
vn 0.3858 -0.8953 0.2228
vn 0.5030 0.8140 0.2904
vn 0.2937 -0.9407 0.1696
vn 0.0499 0.9983 0.0288
vn 0.2191 -0.9675 0.1265
vn 0.2007 0.9675 0.1540
vn 0.2690 0.9407 0.2064
vn 0.0457 -0.9983 0.0351
vn 0.4608 -0.8140 0.3536
vn 0.3535 0.8953 0.2712
vn 0.3535 -0.8953 0.2712
vn 0.4608 0.8140 0.3536
vn 0.2690 -0.9407 0.2064
vn 0.5938 0.6631 0.4557
vn 0.0457 0.9983 0.0351
vn 0.2007 -0.9675 0.1540
vn 0.7296 0.3926 0.5599
vn 0.0924 0.9932 0.0709
vn 0.1431 -0.9836 0.1098
vn 0.7934 -0.0000 0.6088
vn 0.1431 0.9836 0.1098
vn 0.0924 -0.9932 0.0709
vn 0.7296 -0.3926 0.5599
vn 0.5938 -0.6631 0.4557
vn 0.0407 0.9983 0.0407
vn 0.1789 -0.9675 0.1789
vn 0.5293 0.6631 0.5293
vn 0.6503 0.3926 0.6503
vn 0.0823 0.9932 0.0823
vn 0.1276 -0.9836 0.1276
vn 0.7071 -0.0000 0.7071
vn 0.1276 0.9836 0.1276
vn 0.0823 -0.9932 0.0823
vn 0.6503 -0.3926 0.6503
vn 0.1789 0.9675 0.1789
vn 0.0407 -0.9983 0.0407
vn 0.5293 -0.6631 0.5293
vn 0.2398 0.9407 0.2398
vn 0.4107 -0.8140 0.4107
vn 0.3150 0.8953 0.3150
vn 0.3150 -0.8953 0.3150
vn 0.4107 0.8140 0.4107
vn 0.2398 -0.9407 0.2398
vn 0.0351 -0.9983 0.0457
vn 0.4557 -0.6631 0.5938
vn 0.1540 0.9675 0.2007
vn 0.2064 0.9407 0.2690
vn 0.3536 -0.8140 0.4608
vn 0.2712 0.8953 0.3535
vn 0.2712 -0.8953 0.3535
vn 0.3536 0.8140 0.4608
vn 0.2064 -0.9407 0.2690
vn 0.4557 0.6631 0.5938
vn 0.0351 0.9983 0.0457
vn 0.1540 -0.9675 0.2007
vn 0.5599 0.3926 0.7296
vn 0.0709 0.9932 0.0924
vn 0.1098 -0.9836 0.1431
vn 0.6088 -0.0000 0.7934
vn 0.1098 0.9836 0.1431
vn 0.0709 -0.9932 0.0924
vn 0.5599 -0.3926 0.7296
vn 0.2228 -0.8953 0.3858
vn 0.1696 -0.9407 0.2937
vn 0.2904 0.8140 0.5030
vn 0.3743 0.6631 0.6482
vn 0.0288 0.9983 0.0499
vn 0.1265 -0.9675 0.2191
vn 0.4598 0.3926 0.7965
vn 0.0582 0.9932 0.1009
vn 0.0902 -0.9836 0.1563
vn 0.5000 -0.0000 0.8660
vn 0.0902 0.9836 0.1563
vn 0.0582 -0.9932 0.1009
vn 0.4598 -0.3926 0.7965
vn 0.1265 0.9675 0.2191
vn 0.0288 -0.9983 0.0499
vn 0.3743 -0.6631 0.6482
vn 0.1696 0.9407 0.2937
vn 0.2904 -0.8140 0.5030
vn 0.2228 0.8953 0.3858
vn 0.3520 -0.3926 0.8497
vn 0.0968 0.9675 0.2338
vn 0.0220 -0.9983 0.0532
vn 0.2864 -0.6631 0.6915
vn 0.1298 0.9407 0.3133
vn 0.2223 -0.8140 0.5366
vn 0.1705 0.8953 0.4116
vn 0.1705 -0.8953 0.4116
vn 0.2223 0.8140 0.5366
vn 0.1298 -0.9407 0.3133
vn 0.2864 0.6631 0.6915
vn 0.0220 0.9983 0.0532
vn 0.0968 -0.9675 0.2338
vn 0.3520 0.3926 0.8497
vn 0.0446 0.9932 0.1076
vn 0.0690 -0.9836 0.1667
vn 0.3827 -0.0000 0.9239
vn 0.0690 0.9836 0.1667
vn 0.0446 -0.9932 0.1076
vn 0.1503 0.8140 0.5610
vn 0.1153 -0.8953 0.4303
vn 0.0878 -0.9407 0.3275
vn 0.1937 0.6631 0.7230
vn 0.0149 0.9983 0.0556
vn 0.0655 -0.9675 0.2444
vn 0.2380 0.3926 0.8884
vn 0.0301 0.9932 0.1125
vn 0.0467 -0.9836 0.1743
vn 0.2588 -0.0000 0.9659
vn 0.0467 0.9836 0.1743
vn 0.0301 -0.9932 0.1125
vn 0.2380 -0.3926 0.8884
vn 0.0655 0.9675 0.2444
vn 0.0149 -0.9983 0.0556
vn 0.1937 -0.6631 0.7230
vn 0.0878 0.9407 0.3275
vn 0.1503 -0.8140 0.5610
vn 0.1153 0.8953 0.4303
vn 0.0152 0.9932 0.1155
vn 0.0236 0.9836 0.1789
vn 0.0152 -0.9932 0.1155
vn 0.1200 -0.3926 0.9118
vn 0.0330 0.9675 0.2509
vn 0.0075 -0.9983 0.0571
vn 0.0977 -0.6631 0.7421
vn 0.0443 0.9407 0.3362
vn 0.0758 -0.8140 0.5758
vn 0.0582 0.8953 0.4417
vn 0.0582 -0.8953 0.4417
vn 0.0758 0.8140 0.5758
vn 0.0443 -0.9407 0.3362
vn 0.0977 0.6631 0.7421
vn 0.0075 0.9983 0.0571
vn 0.0330 -0.9675 0.2509
vn 0.1200 0.3926 0.9118
vn 0.0236 -0.9836 0.1789
vn 0.1305 -0.0000 0.9914
vn -0.0000 -0.8140 0.5808
vn -0.0000 -0.8953 0.4455
vn -0.0000 0.8140 0.5808
vn -0.0000 -0.9407 0.3391
vn -0.0000 0.6631 0.7485
vn -0.0000 0.9983 0.0576
vn -0.0000 -0.9675 0.2530
vn -0.0000 0.3926 0.9197
vn -0.0000 0.9932 0.1165
vn -0.0000 -0.9836 0.1804
vn -0.0000 -0.0000 1.0000
vn -0.0000 0.9836 0.1804
vn -0.0000 -0.9932 0.1165
vn -0.0000 -0.3926 0.9197
vn -0.0000 0.9675 0.2530
vn -0.0000 -0.9983 0.0576
vn -0.0000 -0.6631 0.7485
vn -0.0000 0.9407 0.3391
vn -0.0000 0.8953 0.4455
vn -0.1200 0.3926 0.9118
vn -0.1305 -0.0000 0.9914
vn -0.0236 0.9836 0.1789
vn -0.0152 -0.9932 0.1155
vn -0.1200 -0.3926 0.9118
vn -0.0330 0.9675 0.2509
vn -0.0075 -0.9983 0.0571
vn -0.0977 -0.6631 0.7421
vn -0.0443 0.9407 0.3362
vn -0.0758 -0.8140 0.5758
vn -0.0582 0.8953 0.4417
vn -0.0582 -0.8953 0.4417
vn -0.0758 0.8140 0.5758
vn -0.0443 -0.9407 0.3362
vn -0.0977 0.6631 0.7421
vn -0.0075 0.9983 0.0571
vn -0.0330 -0.9675 0.2509
vn -0.0152 0.9932 0.1155
vn -0.0236 -0.9836 0.1789
vn -0.1153 0.8953 0.4303
vn -0.1503 -0.8140 0.5610
vn -0.1153 -0.8953 0.4303
vn -0.1503 0.8140 0.5610
vn -0.0878 -0.9407 0.3275
vn -0.1937 0.6631 0.7230
vn -0.0149 0.9983 0.0556
vn -0.0655 -0.9675 0.2444
vn -0.2380 0.3926 0.8884
vn -0.0301 0.9932 0.1125
vn -0.0467 -0.9836 0.1743
vn -0.2588 -0.0000 0.9659
vn -0.0467 0.9836 0.1743
vn -0.0301 -0.9932 0.1125
vn -0.2380 -0.3926 0.8884
vn -0.0655 0.9675 0.2444
vn -0.0149 -0.9983 0.0556
vn -0.1937 -0.6631 0.7230
vn -0.0878 0.9407 0.3275
vn -0.0220 0.9983 0.0532
vn -0.0446 0.9932 0.1076
vn -0.0690 -0.9836 0.1667
vn -0.3520 0.3926 0.8497
vn -0.3827 -0.0000 0.9239
vn -0.0690 0.9836 0.1667
vn -0.0446 -0.9932 0.1076
vn -0.3520 -0.3926 0.8497
vn -0.0968 0.9675 0.2338
vn -0.0220 -0.9983 0.0532
vn -0.2864 -0.6631 0.6915
vn -0.1298 0.9407 0.3133
vn -0.2223 -0.8140 0.5366
vn -0.1705 0.8953 0.4116
vn -0.1705 -0.8953 0.4116
vn -0.2223 0.8140 0.5366
vn -0.1298 -0.9407 0.3133
vn -0.2864 0.6631 0.6915
vn -0.0968 -0.9675 0.2338
vn -0.0288 -0.9983 0.0499
vn -0.2904 -0.8140 0.5030
vn -0.2228 0.8953 0.3858
vn -0.2228 -0.8953 0.3858
vn -0.2904 0.8140 0.5030
vn -0.1696 -0.9408 0.2937
vn -0.3743 0.6631 0.6482
vn -0.0288 0.9983 0.0499
vn -0.1265 -0.9675 0.2191
vn -0.4598 0.3926 0.7965
vn -0.0582 0.9932 0.1009
vn -0.0902 -0.9836 0.1563
vn -0.5000 -0.0000 0.8660
vn -0.0902 0.9836 0.1563
vn -0.0582 -0.9932 0.1009
vn -0.4598 -0.3926 0.7965
vn -0.1265 0.9675 0.2191
vn -0.3743 -0.6631 0.6482
vn -0.1696 0.9407 0.2937
vn -0.2064 -0.9407 0.2690
vn -0.1540 -0.9675 0.2007
vn -0.5599 0.3926 0.7296
vn -0.0709 0.9932 0.0924
vn -0.1098 -0.9836 0.1431
vn -0.6088 -0.0000 0.7934
vn -0.1098 0.9836 0.1431
vn -0.0709 -0.9932 0.0924
vn -0.5599 -0.3926 0.7296
vn -0.1540 0.9675 0.2007
vn -0.0351 -0.9983 0.0457
vn -0.4557 -0.6631 0.5938
vn -0.2064 0.9408 0.2690
vn -0.3536 -0.8140 0.4608
vn -0.2712 0.8953 0.3535
vn -0.2712 -0.8953 0.3535
vn -0.3536 0.8140 0.4608
vn -0.4557 0.6631 0.5938
vn -0.0351 0.9983 0.0457
vn -0.5293 -0.6631 0.5293
vn -0.2398 0.9407 0.2398
vn -0.0407 -0.9983 0.0407
vn -0.4107 -0.8140 0.4107
vn -0.3150 0.8953 0.3150
vn -0.3150 -0.8953 0.3150
vn -0.4107 0.8140 0.4107
vn -0.2398 -0.9407 0.2398
vn -0.5293 0.6631 0.5293
vn -0.0407 0.9983 0.0407
vn -0.1789 -0.9675 0.1789
vn -0.6503 0.3926 0.6503
vn -0.0823 0.9932 0.0823
vn -0.1276 -0.9836 0.1276
vn -0.7071 -0.0000 0.7071
vn -0.1276 0.9836 0.1276
vn -0.0823 -0.9932 0.0823
vn -0.6503 -0.3926 0.6503
vn -0.1789 0.9675 0.1789
vn -0.4608 0.8140 0.3536
vn -0.5938 0.6631 0.4557
vn -0.0457 0.9983 0.0351
vn -0.2690 -0.9407 0.2064
vn -0.2007 -0.9675 0.1540
vn -0.7296 0.3926 0.5599
vn -0.0924 0.9932 0.0709
vn -0.1431 -0.9836 0.1098
vn -0.7934 -0.0000 0.6088
vn -0.1431 0.9836 0.1098
vn -0.0924 -0.9932 0.0709
vn -0.7296 -0.3926 0.5599
vn -0.2007 0.9675 0.1540
vn -0.0457 -0.9983 0.0351
vn -0.5938 -0.6631 0.4557
vn -0.2690 0.9408 0.2064
vn -0.4608 -0.8140 0.3536
vn -0.3535 0.8953 0.2712
vn -0.3535 -0.8953 0.2712
vn -0.2191 0.9675 0.1265
vn -0.0499 -0.9983 0.0288
vn -0.7965 -0.3926 0.4598
vn -0.6482 -0.6631 0.3743
vn -0.2937 0.9408 0.1696
vn -0.5030 -0.8140 0.2904
vn -0.3858 0.8953 0.2228
vn -0.3858 -0.8953 0.2228
vn -0.5030 0.8140 0.2904
vn -0.2937 -0.9407 0.1696
vn -0.6482 0.6631 0.3743
vn -0.0499 0.9983 0.0288
vn -0.2191 -0.9675 0.1265
vn -0.7965 0.3926 0.4598
vn -0.1009 0.9932 0.0582
vn -0.1563 -0.9836 0.0902
vn -0.8660 -0.0000 0.5000
vn -0.1563 0.9836 0.0902
vn -0.1009 -0.9932 0.0582
vn -0.3133 -0.9407 0.1298
vn -0.5366 0.8140 0.2223
vn -0.6915 0.6631 0.2864
vn -0.0532 0.9983 0.0220
vn -0.2338 -0.9675 0.0968
vn -0.8497 0.3926 0.3520
vn -0.1076 0.9932 0.0446
vn -0.1667 -0.9836 0.0690
vn -0.9239 -0.0000 0.3827
vn -0.1667 0.9836 0.0690
vn -0.1076 -0.9932 0.0446
vn -0.8497 -0.3926 0.3520
vn -0.2338 0.9675 0.0968
vn -0.0532 -0.9983 0.0220
vn -0.6915 -0.6631 0.2864
vn -0.3133 0.9407 0.1298
vn -0.5366 -0.8140 0.2223
vn -0.4116 0.8953 0.1705
vn -0.4116 -0.8953 0.1705
vn -0.9659 -0.0000 0.2588
vn -0.8884 -0.3926 0.2380
vn -0.2444 0.9675 0.0655
vn -0.0556 -0.9983 0.0149
vn -0.7230 -0.6631 0.1937
vn -0.3275 0.9408 0.0878
vn -0.5610 -0.8140 0.1503
vn -0.4303 0.8953 0.1153
vn -0.4303 -0.8953 0.1153
vn -0.5610 0.8140 0.1503
vn -0.3275 -0.9407 0.0878
vn -0.7230 0.6631 0.1937
vn -0.0556 0.9983 0.0149
vn -0.2444 -0.9675 0.0655
vn -0.8884 0.3926 0.2380
vn -0.1125 0.9932 0.0301
vn -0.1743 -0.9836 0.0467
vn -0.1743 0.9836 0.0467
vn -0.1125 -0.9932 0.0301
vn -0.5758 0.8140 0.0758
vn -0.3362 -0.9408 0.0443
vn -0.7421 0.6631 0.0977
vn -0.0571 0.9983 0.0075
vn -0.2509 -0.9675 0.0330
vn -0.9118 0.3926 0.1200
vn -0.1155 0.9932 0.0152
vn -0.1789 -0.9836 0.0236
vn -0.9914 -0.0000 0.1305
vn -0.1789 0.9836 0.0236
vn -0.1155 -0.9932 0.0152
vn -0.9118 -0.3926 0.1200
vn -0.2509 0.9675 0.0330
vn -0.0571 -0.9983 0.0075
vn -0.7421 -0.6631 0.0977
vn -0.3362 0.9407 0.0443
vn -0.5758 -0.8140 0.0758
vn -0.4417 0.8953 0.0582
vn -0.4417 -0.8953 0.0582
vn -0.1165 0.9932 -0.0000
vn -0.1804 0.9836 -0.0000
vn -0.1165 -0.9932 -0.0000
vn -0.9197 -0.3926 -0.0000
vn -0.2530 0.9675 -0.0000
vn -0.0576 -0.9983 -0.0000
vn -0.7485 -0.6631 -0.0000
vn -0.3391 0.9408 -0.0000
vn -0.5808 -0.8140 -0.0000
vn -0.4455 0.8953 -0.0000
vn -0.4455 -0.8953 -0.0000
vn -0.5808 0.8140 -0.0000
vn -0.3391 -0.9407 -0.0000
vn -0.7485 0.6631 -0.0000
vn -0.0576 0.9983 -0.0000
vn -0.2530 -0.9675 -0.0000
vn -0.9197 0.3926 -0.0000
vn -0.1804 -0.9836 -0.0000
vn -1.0000 -0.0000 -0.0000
vn -0.5758 -0.8140 -0.0758
vn -0.4417 -0.8953 -0.0582
vn -0.5758 0.8140 -0.0758
vn -0.3362 -0.9407 -0.0443
vn -0.7421 0.6631 -0.0977
vn -0.0571 0.9983 -0.0075
vn -0.2509 -0.9675 -0.0330
vn -0.9118 0.3926 -0.1200
vn -0.1155 0.9932 -0.0152
vn -0.1789 -0.9836 -0.0236
vn -0.9914 -0.0000 -0.1305
vn -0.1789 0.9836 -0.0236
vn -0.1155 -0.9932 -0.0152
vn -0.9118 -0.3926 -0.1200
vn -0.2509 0.9675 -0.0330
vn -0.0571 -0.9983 -0.0075
vn -0.7421 -0.6631 -0.0977
vn -0.3362 0.9408 -0.0443
vn -0.4417 0.8953 -0.0582
vn -0.1743 -0.9836 -0.0467
vn -0.8884 0.3926 -0.2380
vn -0.9659 -0.0000 -0.2588
vn -0.1743 0.9836 -0.0467
vn -0.1125 -0.9932 -0.0301
vn -0.8884 -0.3926 -0.2380
vn -0.2444 0.9675 -0.0655
vn -0.0556 -0.9983 -0.0149
vn -0.7230 -0.6631 -0.1937
vn -0.3275 0.9408 -0.0878
vn -0.5610 -0.8140 -0.1503
vn -0.4303 0.8953 -0.1153
vn -0.4303 -0.8953 -0.1153
vn -0.5610 0.8140 -0.1503
vn -0.3275 -0.9407 -0.0878
vn -0.7230 0.6631 -0.1937
vn -0.0556 0.9983 -0.0149
vn -0.2444 -0.9675 -0.0655
vn -0.1125 0.9932 -0.0301
vn -0.5366 -0.8140 -0.2223
vn -0.3133 0.9407 -0.1298
vn -0.4116 0.8953 -0.1705
vn -0.4116 -0.8953 -0.1705
vn -0.5366 0.8140 -0.2223
vn -0.3133 -0.9407 -0.1298
vn -0.6915 0.6631 -0.2864
vn -0.0532 0.9983 -0.0220
vn -0.2338 -0.9675 -0.0968
vn -0.8497 0.3926 -0.3520
vn -0.1076 0.9932 -0.0446
vn -0.1667 -0.9836 -0.0690
vn -0.9239 -0.0000 -0.3827
vn -0.1667 0.9836 -0.0690
vn -0.1076 -0.9932 -0.0446
vn -0.8497 -0.3926 -0.3520
vn -0.2338 0.9675 -0.0968
vn -0.0532 -0.9983 -0.0220
vn -0.6915 -0.6631 -0.2864
vn -0.7965 0.3926 -0.4598
vn -0.0499 0.9983 -0.0288
vn -0.1009 0.9932 -0.0582
vn -0.1563 -0.9836 -0.0902
vn -0.8660 -0.0000 -0.5000
vn -0.1563 0.9836 -0.0902
vn -0.1009 -0.9932 -0.0582
vn -0.7965 -0.3926 -0.4598
vn -0.2191 0.9675 -0.1265
vn -0.0499 -0.9983 -0.0288
vn -0.6482 -0.6631 -0.3743
vn -0.2937 0.9408 -0.1696
vn -0.5030 -0.8140 -0.2904
vn -0.3858 0.8953 -0.2228
vn -0.3858 -0.8953 -0.2228
vn -0.5030 0.8140 -0.2904
vn -0.2937 -0.9408 -0.1696
vn -0.6482 0.6631 -0.3743
vn -0.2191 -0.9675 -0.1265
vn -0.2690 0.9408 -0.2064
vn -0.4608 -0.8140 -0.3536
vn -0.3535 0.8953 -0.2712
vn -0.3535 -0.8953 -0.2712
vn -0.4608 0.8140 -0.3536
vn -0.2690 -0.9407 -0.2064
vn -0.5938 0.6631 -0.4557
vn -0.0457 0.9983 -0.0351
vn -0.2007 -0.9675 -0.1540
vn -0.7296 0.3926 -0.5599
vn -0.0457 -0.9983 -0.0351
vn -0.0924 0.9932 -0.0709
vn -0.1431 -0.9836 -0.1098
vn -0.7934 -0.0000 -0.6088
vn -0.1431 0.9836 -0.1098
vn -0.0924 -0.9932 -0.0709
vn -0.7296 -0.3926 -0.5599
vn -0.2007 0.9675 -0.1540
vn -0.5938 -0.6631 -0.4557
vn -0.0407 -0.9983 -0.0407
vn -0.6503 -0.3926 -0.6503
vn -0.5293 -0.6631 -0.5293
vn -0.2398 0.9407 -0.2398
vn -0.4107 -0.8140 -0.4107
vn -0.3150 0.8953 -0.3150
vn -0.3150 -0.8953 -0.3150
vn -0.4107 0.8140 -0.4107
vn -0.2398 -0.9407 -0.2398
vn -0.5293 0.6631 -0.5293
vn -0.0407 0.9983 -0.0407
vn -0.1789 -0.9675 -0.1789
vn -0.6503 0.3926 -0.6503
vn -0.0823 0.9932 -0.0823
vn -0.1276 -0.9836 -0.1276
vn -0.7071 -0.0000 -0.7071
vn -0.1276 0.9836 -0.1276
vn -0.0823 -0.9932 -0.0823
vn -0.1789 0.9675 -0.1789
vn -0.2712 -0.8953 -0.3535
vn -0.2064 -0.9408 -0.2690
vn -0.3536 0.8140 -0.4608
vn -0.4557 0.6631 -0.5938
vn -0.0351 0.9983 -0.0457
vn -0.1540 -0.9675 -0.2007
vn -0.5599 0.3926 -0.7296
vn -0.0709 0.9932 -0.0924
vn -0.1098 -0.9836 -0.1431
vn -0.6088 -0.0000 -0.7934
vn -0.1098 0.9836 -0.1431
vn -0.0709 -0.9932 -0.0924
vn -0.5599 -0.3926 -0.7296
vn -0.1540 0.9675 -0.2007
vn -0.0351 -0.9983 -0.0457
vn -0.4557 -0.6631 -0.5938
vn -0.2064 0.9408 -0.2690
vn -0.3536 -0.8140 -0.4608
vn -0.2712 0.8953 -0.3535
vn -0.4598 -0.3926 -0.7965
vn -0.0902 0.9836 -0.1563
vn -0.1265 0.9675 -0.2191
vn -0.0288 -0.9983 -0.0499
vn -0.3743 -0.6631 -0.6482
vn -0.1695 0.9408 -0.2937
vn -0.2904 -0.8140 -0.5030
vn -0.2228 0.8953 -0.3858
vn -0.2228 -0.8953 -0.3858
vn -0.2904 0.8140 -0.5030
vn -0.1696 -0.9407 -0.2937
vn -0.3743 0.6631 -0.6482
vn -0.0288 0.9983 -0.0499
vn -0.1265 -0.9675 -0.2191
vn -0.4598 0.3926 -0.7965
vn -0.0582 0.9932 -0.1009
vn -0.0902 -0.9836 -0.1563
vn -0.5000 -0.0000 -0.8660
vn -0.0582 -0.9932 -0.1009
vn -0.2223 0.8140 -0.5366
vn -0.1298 -0.9407 -0.3133
vn -0.2864 0.6631 -0.6915
vn -0.0220 0.9983 -0.0532
vn -0.0968 -0.9675 -0.2338
vn -0.3519 0.3926 -0.8497
vn -0.0446 0.9932 -0.1076
vn -0.0690 -0.9836 -0.1667
vn -0.3827 -0.0000 -0.9239
vn -0.0690 0.9836 -0.1667
vn -0.0446 -0.9932 -0.1076
vn -0.3519 -0.3926 -0.8497
vn -0.0968 0.9675 -0.2338
vn -0.0220 -0.9983 -0.0532
vn -0.2864 -0.6631 -0.6915
vn -0.1298 0.9407 -0.3133
vn -0.2223 -0.8140 -0.5366
vn -0.1705 0.8953 -0.4116
vn -0.1705 -0.8953 -0.4116
vn -0.0467 0.9836 -0.1743
vn -0.0301 -0.9932 -0.1125
vn -0.2380 -0.3926 -0.8884
vn -0.0655 0.9675 -0.2444
vn -0.0149 -0.9983 -0.0556
vn -0.1937 -0.6631 -0.7230
vn -0.0878 0.9407 -0.3275
vn -0.1503 -0.8140 -0.5610
vn -0.1153 0.8953 -0.4303
vn -0.1153 -0.8953 -0.4303
vn -0.1503 0.8140 -0.5610
vn -0.0878 -0.9408 -0.3275
vn -0.1937 0.6631 -0.7230
vn -0.0149 0.9983 -0.0556
vn -0.0655 -0.9675 -0.2444
vn -0.2380 0.3926 -0.8884
vn -0.0301 0.9932 -0.1125
vn -0.0467 -0.9836 -0.1743
vn -0.2588 -0.0000 -0.9659
vn -0.0758 -0.8140 -0.5758
vn -0.0582 -0.8953 -0.4417
vn -0.0758 0.8140 -0.5758
vn -0.0443 -0.9407 -0.3362
vn -0.0977 0.6631 -0.7421
vn -0.0075 0.9983 -0.0571
vn -0.0330 -0.9675 -0.2509
vn -0.1200 0.3926 -0.9118
vn -0.0152 0.9932 -0.1155
vn -0.0235 -0.9836 -0.1789
vn -0.1305 -0.0000 -0.9914
vn -0.0236 0.9836 -0.1789
vn -0.0152 -0.9932 -0.1155
vn -0.1200 -0.3926 -0.9118
vn -0.0330 0.9675 -0.2509
vn -0.0075 -0.9983 -0.0571
vn -0.0977 -0.6631 -0.7421
vn -0.0443 0.9408 -0.3362
vn -0.0582 0.8953 -0.4417
vn 0.1233 -0.9793 -0.1606
vn 0.3031 0.9242 -0.2325
vn 0.1606 -0.9793 0.1233
vn 0.1233 -0.9793 0.1606
vn 0.1013 0.9793 0.1754
vn 0.1013 -0.9793 0.1754
vn -0.1233 -0.9793 0.1606
vn -0.3031 0.9242 0.2325
vn -0.1606 -0.9793 -0.1233
vn -0.1233 -0.9793 -0.1606
vn -0.1013 0.9793 -0.1754
vn -0.1013 -0.9793 -0.1754
vn 0.1794 0.1794 0.9673
vn -0.1794 -0.1794 0.9673
vn 0.1794 -0.1794 0.9673
vn 0.9673 0.1794 -0.1794
vn 0.9673 -0.1794 0.1794
vn 0.9673 -0.1794 -0.1794
vn -0.1794 0.9673 -0.1794
vn 0.1794 0.9673 0.1794
vn 0.1794 0.9673 -0.1794
vn -0.9673 0.1794 0.1794
vn -0.9673 -0.1794 -0.1794
vn -0.9673 -0.1794 0.1794
vn -0.1794 0.1794 -0.9673
vn 0.1794 -0.1794 -0.9673
vn -0.1794 -0.1794 -0.9673
vn -0.1794 -0.9673 0.1794
vn -0.3251 -0.8881 0.3251
vn -0.3791 -0.9152 0.1369
vn -0.3251 -0.3251 0.8881
vn -0.1369 -0.3791 0.9152
vn -0.8881 -0.3251 0.3251
vn -0.9152 -0.1369 0.3791
vn -0.1794 0.1794 0.9673
vn -0.3251 0.3251 0.8881
vn -0.3791 0.1369 0.9152
vn -0.1794 0.9673 0.1794
vn -0.3251 0.8881 0.3251
vn -0.1369 0.9152 0.3791
vn -0.8881 0.3251 0.3251
vn -0.9152 0.3791 0.1369
vn -0.1794 -0.9673 -0.1794
vn -0.3251 -0.8881 -0.3251
vn -0.1369 -0.9152 -0.3791
vn -0.8881 -0.3251 -0.3251
vn -0.9152 -0.3791 -0.1369
vn -0.3251 -0.3251 -0.8881
vn -0.3791 -0.1369 -0.9152
vn -0.3251 0.8881 -0.3251
vn -0.3791 0.9152 -0.1369
vn -0.3251 0.3251 -0.8881
vn -0.1369 0.3791 -0.9152
vn -0.9673 0.1794 -0.1794
vn -0.8881 0.3251 -0.3251
vn -0.9152 0.1369 -0.3791
vn 0.1794 -0.9673 0.1794
vn 0.3251 -0.8881 0.3251
vn 0.1369 -0.9152 0.3791
vn 0.8881 -0.3251 0.3251
vn 0.9152 -0.3791 0.1369
vn 0.3251 -0.3251 0.8881
vn 0.3791 -0.1369 0.9152
vn 0.3251 0.8881 0.3251
vn 0.3791 0.9152 0.1369
vn 0.3251 0.3251 0.8881
vn 0.1369 0.3791 0.9152
vn 0.9673 0.1794 0.1794
vn 0.8881 0.3251 0.3251
vn 0.9152 0.1369 0.3791
vn 0.1794 -0.9673 -0.1794
vn 0.3251 -0.8881 -0.3251
vn 0.3791 -0.9152 -0.1369
vn 0.3251 -0.3251 -0.8881
vn 0.1369 -0.3791 -0.9152
vn 0.8881 -0.3251 -0.3251
vn 0.9152 -0.1369 -0.3791
vn 0.3251 0.8881 -0.3251
vn 0.1369 0.9152 -0.3791
vn 0.8881 0.3251 -0.3251
vn 0.9152 0.3791 -0.1369
vn 0.1794 0.1794 -0.9673
vn 0.3251 0.3251 -0.8881
vn 0.3791 0.1369 -0.9152
vn -0.3791 -0.9152 -0.1369
vn -0.9152 -0.3791 0.1369
vn -0.3791 -0.1369 0.9152
vn -0.9152 0.1369 0.3791
vn -0.3791 0.9152 0.1369
vn -0.3791 0.1369 -0.9152
vn -0.9152 -0.1369 -0.3791
vn 0.1369 -0.9152 -0.3791
vn -0.1369 -0.3791 -0.9152
vn -0.1369 0.9152 -0.3791
vn 0.9152 0.1369 -0.3791
vn 0.3791 -0.1369 -0.9152
vn 0.3791 -0.9152 0.1369
vn 0.9152 -0.3791 -0.1369
vn 0.3791 0.9152 -0.1369
vn 0.9152 0.3791 0.1369
vn 0.3791 0.1369 0.9152
vn 0.9152 -0.1369 0.3791
vn -0.1369 -0.9152 0.3791
vn 0.1369 0.9152 0.3791
vn -0.1369 0.3791 0.9152
vn 0.5359 0.1794 0.8250
vn 0.2044 -0.1794 0.9623
vn 0.5359 -0.1794 0.8250
vn 0.8250 0.1794 -0.5359
vn 0.9623 -0.1794 -0.2044
vn 0.8250 -0.1794 -0.5359
vn -0.2344 0.9673 -0.0971
vn 0.2344 0.9673 0.0971
vn 0.0971 0.9673 -0.2344
vn -0.8250 0.1794 0.5359
vn -0.9623 -0.1794 0.2044
vn -0.8250 -0.1794 0.5359
vn -0.5359 0.1794 -0.8250
vn -0.2044 -0.1794 -0.9623
vn -0.5359 -0.1794 -0.8250
vn -0.0971 -0.9673 0.2344
vn -0.1759 -0.8881 0.4247
vn -0.2979 -0.9152 0.2715
vn 0.0395 -0.3251 0.9449
vn 0.2238 -0.3791 0.8979
vn -0.6961 -0.3251 0.6402
vn -0.7004 -0.1369 0.7005
vn 0.2044 0.1794 0.9623
vn 0.0395 0.3251 0.9449
vn -0.0000 0.1369 0.9906
vn -0.0971 0.9673 0.2344
vn -0.1759 0.8881 0.4247
vn 0.0186 0.9152 0.4026
vn -0.6961 0.3251 0.6402
vn -0.7932 0.3791 0.4767
vn -0.2344 -0.9673 -0.0971
vn -0.4247 -0.8881 -0.1759
vn -0.2715 -0.9152 -0.2979
vn -0.9449 -0.3251 0.0395
vn -0.8979 -0.3791 0.2238
vn -0.6402 -0.3251 -0.6961
vn -0.7005 -0.1369 -0.7005
vn -0.4247 0.8881 -0.1759
vn -0.4026 0.9152 0.0186
vn -0.6402 0.3251 -0.6961
vn -0.4767 0.3791 -0.7932
vn -0.9623 0.1794 0.2044
vn -0.9449 0.3251 0.0395
vn -0.9906 0.1369 -0.0000
vn 0.2344 -0.9673 0.0971
vn 0.4247 -0.8881 0.1759
vn 0.2715 -0.9152 0.2979
vn 0.9449 -0.3251 -0.0395
vn 0.8979 -0.3791 -0.2238
vn 0.6402 -0.3251 0.6961
vn 0.7004 -0.1369 0.7005
vn 0.4247 0.8881 0.1759
vn 0.4026 0.9152 -0.0186
vn 0.6402 0.3251 0.6961
vn 0.4767 0.3791 0.7931
vn 0.9623 0.1794 -0.2044
vn 0.9449 0.3251 -0.0395
vn 0.9906 0.1369 -0.0000
vn 0.0971 -0.9673 -0.2344
vn 0.1759 -0.8881 -0.4247
vn 0.2979 -0.9152 -0.2715
vn -0.0395 -0.3251 -0.9449
vn -0.2238 -0.3791 -0.8979
vn 0.6961 -0.3251 -0.6402
vn 0.7004 -0.1369 -0.7005
vn 0.1759 0.8881 -0.4247
vn -0.0186 0.9152 -0.4026
vn 0.6961 0.3251 -0.6402
vn 0.7932 0.3791 -0.4767
vn -0.2044 0.1794 -0.9623
vn -0.0395 0.3251 -0.9449
vn -0.0000 0.1369 -0.9906
vn -0.4026 -0.9152 0.0186
vn -0.0000 -0.1369 0.9906
vn -0.7004 0.1369 0.7005
vn -0.2979 0.9152 0.2715
vn -0.8979 0.3791 0.2238
vn -0.7005 0.1369 -0.7005
vn -0.9906 -0.1369 -0.0000
vn -0.0186 -0.9152 -0.4026
vn -0.4767 -0.3791 -0.7931
vn -0.2715 0.9152 -0.2979
vn 0.7005 0.1369 -0.7005
vn -0.0000 -0.1369 -0.9906
vn 0.4026 -0.9152 -0.0186
vn 0.7932 -0.3791 -0.4767
vn 0.2979 0.9152 -0.2715
vn 0.8979 0.3791 -0.2238
vn 0.7005 0.1369 0.7005
vn 0.9906 -0.1369 -0.0000
vn 0.0186 -0.9152 0.4026
vn 0.2715 0.9152 0.2979
vn 0.8108 0.1794 0.5571
vn 0.5571 -0.1794 0.8108
vn 0.8108 -0.1794 0.5571
vn 0.5571 0.1794 -0.8108
vn 0.8108 -0.1794 -0.5571
vn 0.5571 -0.1794 -0.8108
vn -0.2537 0.9673 -0.0000
vn 0.2537 0.9673 -0.0000
vn -0.0000 0.9673 -0.2537
vn -0.5571 0.1794 0.8108
vn -0.8108 -0.1794 0.5571
vn -0.5571 -0.1794 0.8108
vn -0.8108 0.1794 -0.5571
vn -0.5571 -0.1794 -0.8108
vn -0.8108 -0.1794 -0.5571
vn -0.0000 -0.9673 0.2537
vn -0.0000 -0.8881 0.4597
vn -0.1713 -0.9152 0.3648
vn 0.3981 -0.3251 0.8578
vn 0.5504 -0.3791 0.7439
vn -0.3981 -0.3251 0.8578
vn 0.5571 0.1794 0.8108
vn 0.3981 0.3251 0.8578
vn -0.0000 0.9673 0.2537
vn -0.0000 0.8881 0.4597
vn 0.1713 0.9152 0.3648
vn -0.3981 0.3251 0.8578
vn -0.5504 0.3791 0.7439
vn -0.2537 -0.9673 -0.0000
vn -0.4597 -0.8881 -0.0000
vn -0.3648 -0.9152 -0.1713
vn -0.8578 -0.3251 0.3981
vn -0.7439 -0.3791 0.5504
vn -0.8578 -0.3251 -0.3981
vn -0.4597 0.8881 -0.0000
vn -0.3648 0.9152 0.1713
vn -0.8578 0.3251 -0.3981
vn -0.7439 0.3791 -0.5504
vn -0.8108 0.1794 0.5571
vn -0.8578 0.3251 0.3981
vn 0.2537 -0.9673 -0.0000
vn 0.4597 -0.8881 -0.0000
vn 0.3648 -0.9152 0.1713
vn 0.8578 -0.3251 -0.3981
vn 0.7439 -0.3791 -0.5504
vn 0.8578 -0.3251 0.3981
vn 0.4597 0.8881 -0.0000
vn 0.3648 0.9152 -0.1713
vn 0.8578 0.3251 0.3981
vn 0.7439 0.3791 0.5504
vn 0.8108 0.1794 -0.5571
vn 0.8578 0.3251 -0.3981
vn -0.0000 -0.9673 -0.2537
vn -0.0000 -0.8881 -0.4597
vn 0.1713 -0.9152 -0.3648
vn -0.3981 -0.3251 -0.8578
vn -0.5504 -0.3791 -0.7439
vn 0.3981 -0.3251 -0.8578
vn -0.0000 0.8881 -0.4597
vn -0.1713 0.9152 -0.3648
vn 0.3981 0.3251 -0.8578
vn 0.5504 0.3791 -0.7439
vn -0.5571 0.1794 -0.8108
vn -0.3981 0.3251 -0.8578
vn -0.3648 -0.9152 0.1713
vn -0.1713 0.9152 0.3648
vn -0.7439 0.3791 0.5504
vn -0.1713 -0.9152 -0.3648
vn -0.3648 0.9152 -0.1713
vn -0.5504 0.3791 -0.7439
vn 0.3648 -0.9152 -0.1713
vn 0.1713 0.9152 -0.3648
vn 0.1713 -0.9152 0.3648
vn 0.7439 -0.3791 0.5504
vn 0.3648 0.9152 0.1713
vn 0.9623 0.1794 0.2044
vn 0.8250 -0.1794 0.5359
vn 0.9623 -0.1794 0.2044
vn 0.2044 0.1794 -0.9623
vn 0.5359 -0.1794 -0.8250
vn 0.2044 -0.1794 -0.9623
vn -0.2344 0.9673 0.0971
vn 0.2344 0.9673 -0.0971
vn -0.0971 0.9673 -0.2344
vn -0.2044 0.1794 0.9623
vn -0.5359 -0.1794 0.8250
vn -0.2044 -0.1794 0.9623
vn -0.9623 0.1794 -0.2044
vn -0.8250 -0.1794 -0.5359
vn -0.9623 -0.1794 -0.2044
vn 0.0971 -0.9673 0.2344
vn 0.1759 -0.8881 0.4247
vn -0.0186 -0.9152 0.4026
vn 0.6961 -0.3251 0.6402
vn 0.7932 -0.3791 0.4767
vn -0.0395 -0.3251 0.9449
vn 0.8250 0.1794 0.5359
vn 0.6961 0.3251 0.6402
vn 0.7004 0.1369 0.7005
vn 0.0971 0.9673 0.2344
vn 0.1759 0.8881 0.4247
vn 0.2979 0.9152 0.2715
vn -0.0395 0.3251 0.9449
vn -0.2238 0.3791 0.8979
vn -0.2344 -0.9673 0.0971
vn -0.4247 -0.8881 0.1759
vn -0.4026 -0.9152 -0.0186
vn -0.6402 -0.3251 0.6961
vn -0.4767 -0.3791 0.7931
vn -0.9449 -0.3251 -0.0395
vn -0.4247 0.8881 0.1759
vn -0.2715 0.9152 0.2979
vn -0.9449 0.3251 -0.0395
vn -0.8979 0.3791 -0.2238
vn -0.5359 0.1794 0.8250
vn -0.6402 0.3251 0.6961
vn -0.7005 0.1369 0.7005
vn 0.2344 -0.9673 -0.0971
vn 0.4247 -0.8881 -0.1759
vn 0.4026 -0.9152 0.0186
vn 0.6402 -0.3251 -0.6961
vn 0.4767 -0.3791 -0.7931
vn 0.9449 -0.3251 0.0395
vn 0.4247 0.8881 -0.1759
vn 0.2715 0.9152 -0.2979
vn 0.9449 0.3251 0.0395
vn 0.8979 0.3791 0.2238
vn 0.5359 0.1794 -0.8250
vn 0.6402 0.3251 -0.6961
vn -0.0971 -0.9673 -0.2344
vn -0.1759 -0.8881 -0.4247
vn 0.0186 -0.9152 -0.4026
vn -0.6961 -0.3251 -0.6402
vn -0.7932 -0.3791 -0.4767
vn 0.0395 -0.3251 -0.9449
vn -0.0000 -0.1368 -0.9906
vn -0.1759 0.8881 -0.4247
vn -0.2979 0.9152 -0.2715
vn 0.0395 0.3251 -0.9449
vn 0.2238 0.3791 -0.8979
vn -0.8250 0.1794 -0.5359
vn -0.6961 0.3251 -0.6402
vn -0.7004 0.1369 -0.7005
vn -0.2715 -0.9152 0.2979
vn -0.2238 -0.3791 0.8979
vn -0.0186 0.9152 0.4026
vn -0.4767 0.3791 0.7931
vn -0.2979 -0.9152 -0.2715
vn -0.8979 -0.3791 -0.2238
vn -0.4026 0.9152 -0.0186
vn -0.7931 0.3791 -0.4767
vn 0.2715 -0.9152 -0.2979
vn 0.0186 0.9152 -0.4026
vn 0.7005 -0.1369 -0.7005
vn 0.2979 -0.9152 0.2715
vn 0.8979 -0.3791 0.2238
vn 0.4026 0.9152 0.0186
vn 0.8881 -0.3250 -0.3251
vn -0.1368 -0.9152 -0.3791
vn -0.8881 -0.3250 -0.3251
vn 0.1369 0.3791 -0.9152
vn -0.7005 -0.1369 0.7005
vn -0.0395 -0.3250 -0.9449
vn 0.7931 0.3791 -0.4767
vn -0.7004 -0.1369 -0.7005
vn -0.4767 0.3791 -0.7931
vn 0.4767 -0.3791 0.7931
vn 0.2238 0.3791 0.8979
vn -0.7931 -0.3791 0.4767
vn -0.2238 0.3791 -0.8979
vn 0.7004 0.1369 -0.7005
vn 0.5504 0.3791 0.7439
vn 0.5504 -0.3791 -0.7439
vn 0.2978 0.9152 0.2715
vn 0.7932 0.3791 0.4767
vn -0.7932 0.3791 -0.4767
vn 0.4767 0.3791 -0.7932
vn 0.3250 -0.8881 -0.3251
vn 0.3250 -0.8881 0.3251
vn -0.3250 -0.8881 -0.3251
vn -0.3250 -0.8881 0.3251
vn 0.1369 -0.3791 0.9152
vn -0.9152 0.3791 -0.1369
vn 0.2978 -0.9152 -0.2715
vn 0.7005 -0.1369 0.7005
vn -0.7931 0.3791 0.4767
vn -0.5504 -0.3791 0.7439
vn -0.7439 -0.3791 -0.5504
vn -0.7931 -0.3791 -0.4767
vn -0.4767 -0.3791 0.7932
vn 0.6961 -0.3250 0.6402
vn -0.0000 -0.1368 0.9906
vn 0.2238 -0.3791 -0.8979
vn 0.4767 0.3791 -0.7931
vn 0.7931 0.3791 0.4767
vn -0.8881 -0.3250 0.3251
vn 0.1368 -0.9152 0.3791
vn 0.8881 -0.3250 0.3251
vn -0.6961 0.3250 0.6402
vn -0.0000 0.1368 0.9906
vn -0.2978 0.9152 -0.2715
vn -0.2978 -0.9152 -0.2715
vn -0.7932 -0.3791 0.4767
vn 0.7439 0.3791 -0.5504
vt 0.556403 0.402681
vt 0.505560 0.428463
vt 0.505560 0.402681
vt 0.556403 0.486630
vt 0.505560 0.518020
vt 0.505560 0.486630
vt 0.556403 0.518020
vt 0.505560 0.550239
vt 0.556403 0.550239
vt 0.505560 0.582737
vt 0.556403 0.582737
vt 0.505560 0.614956
vt 0.556403 0.614956
vt 0.505560 0.646346
vt 0.556403 0.646346
vt 0.505560 0.676370
vt 0.556403 0.676370
vt 0.505560 0.704513
vt 0.556403 0.704513
vt 0.505560 0.730295
vt 0.556403 0.730295
vt 0.505560 0.753274
vt 0.556403 0.753274
vt 0.505560 0.773057
vt 0.505560 0.396464
vt 0.556403 0.376681
vt 0.556403 0.396464
vt 0.505560 0.376681
vt 0.556403 0.353702
vt 0.505560 0.353702
vt 0.556403 0.327920
vt 0.505560 0.327920
vt 0.556403 0.299776
vt 0.505560 0.299776
vt 0.556403 0.269753
vt 0.505560 0.269753
vt 0.556403 0.238363
vt 0.505560 0.238363
vt 0.556403 0.206143
vt 0.505560 0.206143
vt 0.556403 0.173646
vt 0.505560 0.173646
vt 0.556403 0.141427
vt 0.505560 0.141427
vt 0.556403 0.110037
vt 0.505560 0.110037
vt 0.556403 0.080013
vt 0.505560 0.080013
vt 0.556403 0.051870
vt 0.505560 0.051870
vt 0.556403 0.026088
vt 0.567523 0.353702
vt 0.618366 0.330723
vt 0.618366 0.353702
vt 0.567523 0.330723
vt 0.618366 0.304941
vt 0.567523 0.304941
vt 0.618366 0.276797
vt 0.567523 0.276797
vt 0.618366 0.246774
vt 0.567523 0.246774
vt 0.618366 0.215384
vt 0.567523 0.215384
vt 0.618366 0.183164
vt 0.567523 0.183164
vt 0.618366 0.150667
vt 0.567523 0.150667
vt 0.618366 0.118448
vt 0.567523 0.118448
vt 0.618366 0.087058
vt 0.567523 0.087058
vt 0.618366 0.057034
vt 0.567523 0.057034
vt 0.618366 0.028890
vt 0.567523 0.028890
vt 0.618366 0.003109
vt 0.567523 0.661751
vt 0.618366 0.633608
vt 0.618366 0.661751
vt 0.567523 0.633608
vt 0.618366 0.603584
vt 0.567523 0.603584
vt 0.618366 0.572194
vt 0.567523 0.572194
vt 0.618366 0.539975
vt 0.567523 0.539975
vt 0.618366 0.507477
vt 0.567523 0.507477
vt 0.618366 0.475258
vt 0.567523 0.475258
vt 0.618366 0.443868
vt 0.567523 0.443868
vt 0.618366 0.413844
vt 0.567523 0.413844
vt 0.618366 0.385701
vt 0.567523 0.385701
vt 0.618366 0.359919
vt 0.556403 0.456606
vt 0.505560 0.456606
vt 0.297790 0.509742
vt 0.434174 0.911516
vt 0.018036 0.828741
vt 0.556403 0.428463
vt 0.503109 0.429028
vt 0.015709 0.329531
vt 0.030298 0.358345
vt 0.028095 0.359432
vt 0.558854 0.429028
vt 0.558854 0.457057
vt 0.007333 0.798270
vt 0.005560 0.766022
vt 0.009742 0.797790
vt 0.503109 0.457057
vt 0.007333 0.298269
vt 0.018036 0.328741
vt 0.558854 0.486957
vt 0.015709 0.829531
vt 0.503109 0.518219
vt 0.503109 0.486957
vt 0.003109 0.266182
vt 0.009742 0.297790
vt 0.558854 0.518219
vt 0.028095 0.859432
vt 0.030298 0.858345
vt 0.005560 0.233979
vt 0.005560 0.266021
vt 0.558854 0.550306
vt 0.046319 0.886095
vt 0.044277 0.887460
vt 0.503109 0.582670
vt 0.503109 0.550306
vt 0.007333 0.201730
vt 0.003109 0.233818
vt 0.558854 0.582670
vt 0.065826 0.911517
vt 0.063979 0.913136
vt 0.015709 0.170469
vt 0.009742 0.202210
vt 0.558854 0.614758
vt 0.086864 0.936021
vt 0.088484 0.934174
vt 0.503109 0.614758
vt 0.030298 0.141655
vt 0.018036 0.171259
vt 0.558854 0.646019
vt 0.113905 0.953681
vt 0.112540 0.955723
vt 0.503109 0.646019
vt 0.044277 0.112540
vt 0.028095 0.140568
vt 0.558854 0.675920
vt 0.140568 0.971905
vt 0.141655 0.969702
vt 0.503109 0.675920
vt 0.065826 0.088484
vt 0.046319 0.113905
vt 0.558854 0.703948
vt 0.171259 0.981965
vt 0.170469 0.984291
vt 0.503109 0.729624
vt 0.503109 0.703948
vt 0.063979 0.086864
vt 0.088484 0.065826
vt 0.558854 0.729624
vt 0.202210 0.990258
vt 0.201731 0.992667
vt 0.503109 0.752509
vt 0.086864 0.063979
vt 0.113905 0.046319
vt 0.558854 0.752509
vt 0.233978 0.994440
vt 0.233818 0.996891
vt 0.503109 0.772211
vt 0.112540 0.044277
vt 0.141655 0.030298
vt 0.558854 0.772211
vt 0.556403 0.773057
vt 0.266021 0.994440
vt 0.266182 0.996891
vt 0.558854 0.395618
vt 0.170469 0.015709
vt 0.140568 0.028095
vt 0.503109 0.395618
vt 0.503109 0.375916
vt 0.298270 0.992667
vt 0.297790 0.990258
vt 0.558854 0.375916
vt 0.201731 0.007333
vt 0.171259 0.018036
vt 0.503109 0.353031
vt 0.329531 0.984291
vt 0.328741 0.981964
vt 0.558854 0.327355
vt 0.558854 0.353031
vt 0.233818 0.003109
vt 0.202210 0.009742
vt 0.503109 0.327355
vt 0.359432 0.971905
vt 0.358345 0.969702
vt 0.266021 0.005560
vt 0.233979 0.005560
vt 0.503109 0.299326
vt 0.386095 0.953681
vt 0.387460 0.955723
vt 0.558854 0.269426
vt 0.558854 0.299326
vt 0.298270 0.007333
vt 0.266182 0.003109
vt 0.503109 0.269426
vt 0.411516 0.934174
vt 0.413136 0.936021
vt 0.329531 0.015709
vt 0.297790 0.009742
vt 0.503109 0.238164
vt 0.436021 0.913136
vt 0.558854 0.238164
vt 0.358345 0.030298
vt 0.328741 0.018036
vt 0.503109 0.206077
vt 0.453681 0.886095
vt 0.455723 0.887460
vt 0.558854 0.206077
vt 0.387460 0.044277
vt 0.359432 0.028095
vt 0.503109 0.173713
vt 0.471905 0.859432
vt 0.469702 0.858345
vt 0.558854 0.173713
vt 0.411516 0.065826
vt 0.386095 0.046319
vt 0.503109 0.141625
vt 0.481964 0.828741
vt 0.484291 0.829531
vt 0.558854 0.110364
vt 0.558854 0.141625
vt 0.413136 0.063979
vt 0.434174 0.088484
vt 0.503109 0.110364
vt 0.490258 0.797790
vt 0.492667 0.798270
vt 0.558854 0.080463
vt 0.436021 0.086864
vt 0.453681 0.113905
vt 0.503109 0.080463
vt 0.494440 0.766022
vt 0.496891 0.766182
vt 0.558854 0.052435
vt 0.455723 0.112540
vt 0.469702 0.141655
vt 0.503109 0.052435
vt 0.494440 0.733979
vt 0.496891 0.733818
vt 0.484291 0.170469
vt 0.471905 0.140568
vt 0.505560 0.026088
vt 0.503109 0.026759
vt 0.492667 0.701730
vt 0.490258 0.702210
vt 0.556403 0.003109
vt 0.558854 0.026759
vt 0.492667 0.201731
vt 0.481964 0.171259
vt 0.505560 0.003109
vt 0.503109 0.003874
vt 0.484291 0.670469
vt 0.481964 0.671259
vt 0.620817 0.304375
vt 0.620817 0.330052
vt 0.496891 0.233818
vt 0.490258 0.202210
vt 0.565071 0.304375
vt 0.471905 0.640568
vt 0.469702 0.641655
vt 0.494440 0.266021
vt 0.494440 0.233979
vt 0.565072 0.276347
vt 0.453681 0.613905
vt 0.455723 0.612540
vt 0.620817 0.246447
vt 0.620817 0.276347
vt 0.492667 0.298270
vt 0.496891 0.266182
vt 0.565072 0.246447
vt 0.434174 0.588484
vt 0.436021 0.586864
vt 0.484291 0.329531
vt 0.490258 0.297790
vt 0.565072 0.215185
vt 0.413136 0.563979
vt 0.411516 0.565826
vt 0.620817 0.215185
vt 0.469702 0.358345
vt 0.481964 0.328741
vt 0.565072 0.183098
vt 0.386095 0.546319
vt 0.387460 0.544277
vt 0.620817 0.183098
vt 0.455723 0.387460
vt 0.471905 0.359432
vt 0.565072 0.150733
vt 0.359432 0.528095
vt 0.358345 0.530298
vt 0.620817 0.150733
vt 0.434174 0.411516
vt 0.453681 0.386095
vt 0.565072 0.118646
vt 0.328741 0.518036
vt 0.329531 0.515709
vt 0.620817 0.087385
vt 0.620817 0.118646
vt 0.436021 0.413136
vt 0.411516 0.434174
vt 0.565072 0.087385
vt 0.298269 0.507333
vt 0.620817 0.057484
vt 0.413136 0.436021
vt 0.386095 0.453681
vt 0.565072 0.057484
vt 0.266021 0.505560
vt 0.266182 0.503109
vt 0.620817 0.029456
vt 0.387460 0.455723
vt 0.358345 0.469702
vt 0.565072 0.029456
vt 0.233978 0.505560
vt 0.233818 0.503109
vt 0.620817 0.686862
vt 0.618366 0.687533
vt 0.329531 0.484291
vt 0.359432 0.471905
vt 0.565072 0.686862
vt 0.565072 0.661186
vt 0.201730 0.507333
vt 0.202210 0.509742
vt 0.620817 0.661186
vt 0.298269 0.492667
vt 0.328741 0.481964
vt 0.565072 0.633157
vt 0.170469 0.515709
vt 0.171259 0.518036
vt 0.620817 0.603257
vt 0.620817 0.633157
vt 0.266182 0.496891
vt 0.297790 0.490258
vt 0.565072 0.603257
vt 0.140568 0.528095
vt 0.141655 0.530298
vt 0.233979 0.494440
vt 0.266021 0.494440
vt 0.565072 0.571995
vt 0.113905 0.546319
vt 0.112540 0.544277
vt 0.620817 0.539908
vt 0.620817 0.571995
vt 0.201731 0.492667
vt 0.233818 0.496891
vt 0.565072 0.539908
vt 0.088483 0.565826
vt 0.086864 0.563979
vt 0.170469 0.484291
vt 0.202210 0.490258
vt 0.565072 0.507544
vt 0.063979 0.586864
vt 0.065826 0.588484
vt 0.620817 0.507544
vt 0.141655 0.469702
vt 0.171259 0.481964
vt 0.565072 0.475456
vt 0.046319 0.613905
vt 0.044277 0.612540
vt 0.620817 0.475456
vt 0.112540 0.455723
vt 0.140568 0.471905
vt 0.565072 0.444195
vt 0.028095 0.640568
vt 0.030298 0.641655
vt 0.620817 0.444195
vt 0.088484 0.434174
vt 0.113905 0.453681
vt 0.565072 0.414294
vt 0.018036 0.671259
vt 0.015709 0.670469
vt 0.620817 0.386266
vt 0.620817 0.414294
vt 0.086864 0.436021
vt 0.065826 0.411516
vt 0.565072 0.386266
vt 0.009742 0.702210
vt 0.007333 0.701731
vt 0.620817 0.360590
vt 0.063979 0.413136
vt 0.046319 0.386095
vt 0.565072 0.360590
vt 0.567523 0.359919
vt 0.005560 0.733979
vt 0.003109 0.733818
vt 0.503109 0.403352
vt 0.044277 0.387460
vt 0.003109 0.766182
vt 0.549730 0.305936
vt 0.505824 0.335976
vt 0.505824 0.305936
vt 0.549730 0.389933
vt 0.505824 0.412925
vt 0.505824 0.389933
vt 0.617933 0.419095
vt 0.574028 0.444892
vt 0.574028 0.419095
vt 0.617933 0.444892
vt 0.574028 0.473051
vt 0.617933 0.473051
vt 0.574028 0.503092
vt 0.617933 0.503092
vt 0.574028 0.534500
vt 0.617933 0.534500
vt 0.574028 0.566738
vt 0.617933 0.566738
vt 0.574028 0.599255
vt 0.617933 0.599255
vt 0.574028 0.631492
vt 0.617933 0.631492
vt 0.574028 0.662901
vt 0.617933 0.662901
vt 0.574028 0.692942
vt 0.617933 0.692942
vt 0.574028 0.721101
vt 0.617933 0.721101
vt 0.574028 0.746898
vt 0.510489 0.721101
vt 0.556953 0.692942
vt 0.553223 0.721101
vt 0.514219 0.692942
vt 0.559808 0.662901
vt 0.517074 0.662901
vt 0.561739 0.631492
vt 0.519005 0.631492
vt 0.562713 0.599255
vt 0.519979 0.599255
vt 0.562713 0.566738
vt 0.519979 0.566738
vt 0.561739 0.534501
vt 0.519005 0.534501
vt 0.559808 0.503092
vt 0.517074 0.503092
vt 0.556953 0.473051
vt 0.514219 0.473051
vt 0.553223 0.444892
vt 0.617933 0.028881
vt 0.574028 0.057041
vt 0.574028 0.028881
vt 0.617933 0.057041
vt 0.574028 0.087082
vt 0.617933 0.087082
vt 0.574028 0.118490
vt 0.617933 0.118490
vt 0.574028 0.150728
vt 0.617933 0.150728
vt 0.574028 0.183244
vt 0.617933 0.183244
vt 0.574028 0.215482
vt 0.617933 0.215482
vt 0.574028 0.246891
vt 0.617933 0.246891
vt 0.574028 0.276931
vt 0.617933 0.276931
vt 0.574028 0.305091
vt 0.617933 0.305091
vt 0.574028 0.330888
vt 0.617933 0.330888
vt 0.574028 0.353880
vt 0.617933 0.353880
vt 0.574028 0.373675
vt 0.617933 0.373675
vt 0.574028 0.389933
vt 0.549730 0.003085
vt 0.505824 0.019343
vt 0.505824 0.003085
vt 0.549730 0.019343
vt 0.505824 0.039137
vt 0.549730 0.039137
vt 0.505824 0.062130
vt 0.549730 0.062130
vt 0.505824 0.087926
vt 0.549730 0.087926
vt 0.505824 0.116086
vt 0.549730 0.116086
vt 0.505824 0.146127
vt 0.549730 0.146127
vt 0.505824 0.177535
vt 0.549730 0.177535
vt 0.505824 0.209773
vt 0.549730 0.209773
vt 0.505824 0.242289
vt 0.549730 0.242289
vt 0.505824 0.274527
vt 0.549730 0.274527
vt 0.549730 0.364136
vt 0.505824 0.364136
vt 0.297739 0.010002
vt 0.433975 0.411342
vt 0.018286 0.328656
vt 0.549730 0.335976
vt 0.503085 0.335474
vt 0.003085 0.733816
vt 0.005824 0.766004
vt 0.003085 0.766184
vt 0.552469 0.335474
vt 0.552469 0.363505
vt 0.007310 0.298274
vt 0.005824 0.266004
vt 0.010002 0.297739
vt 0.503085 0.363505
vt 0.007309 0.701726
vt 0.005824 0.733996
vt 0.552469 0.389183
vt 0.015687 0.329539
vt 0.571288 0.396957
vt 0.574028 0.396102
vt 0.015687 0.670461
vt 0.010002 0.702262
vt 0.617933 0.396102
vt 0.620673 0.419845
vt 0.028073 0.359442
vt 0.030535 0.358228
vt 0.571288 0.419845
vt 0.030535 0.641772
vt 0.018286 0.671344
vt 0.620673 0.445523
vt 0.044257 0.387473
vt 0.046539 0.385948
vt 0.571288 0.445523
vt 0.028073 0.640558
vt 0.046539 0.614052
vt 0.620673 0.473554
vt 0.063961 0.413152
vt 0.066025 0.411342
vt 0.571288 0.473554
vt 0.063961 0.586848
vt 0.044257 0.612527
vt 0.620673 0.503458
vt 0.088658 0.433975
vt 0.086848 0.436039
vt 0.571288 0.534722
vt 0.571288 0.503458
vt 0.088658 0.566025
vt 0.066025 0.588658
vt 0.620673 0.534722
vt 0.112527 0.455743
vt 0.114052 0.453461
vt 0.086848 0.563961
vt 0.114052 0.546540
vt 0.620673 0.566813
vt 0.140558 0.471927
vt 0.141772 0.469465
vt 0.571288 0.599180
vt 0.571288 0.566813
vt 0.140558 0.528073
vt 0.112527 0.544257
vt 0.620673 0.599180
vt 0.171344 0.481714
vt 0.170461 0.484313
vt 0.571288 0.631271
vt 0.171344 0.518286
vt 0.141772 0.530535
vt 0.620673 0.631271
vt 0.202261 0.489998
vt 0.201726 0.492691
vt 0.571288 0.662535
vt 0.170461 0.515687
vt 0.202261 0.510002
vt 0.620673 0.662535
vt 0.233996 0.494176
vt 0.233816 0.496915
vt 0.571288 0.692439
vt 0.201726 0.507310
vt 0.233996 0.505824
vt 0.620673 0.692439
vt 0.266004 0.494176
vt 0.266184 0.496915
vt 0.266184 0.503085
vt 0.233816 0.503085
vt 0.620673 0.720470
vt 0.298274 0.492691
vt 0.297739 0.489998
vt 0.571288 0.720470
vt 0.298274 0.507310
vt 0.266004 0.505824
vt 0.503085 0.746148
vt 0.507606 0.720470
vt 0.329539 0.484313
vt 0.328656 0.481714
vt 0.555672 0.720470
vt 0.329539 0.515687
vt 0.297739 0.510002
vt 0.511319 0.692439
vt 0.359442 0.471927
vt 0.358228 0.469465
vt 0.559386 0.692439
vt 0.358228 0.530535
vt 0.328656 0.518286
vt 0.514161 0.662535
vt 0.387473 0.455743
vt 0.385948 0.453461
vt 0.562228 0.662535
vt 0.359442 0.528073
vt 0.385948 0.546540
vt 0.516083 0.631271
vt 0.413152 0.436039
vt 0.411342 0.433975
vt 0.564150 0.631271
vt 0.413152 0.563961
vt 0.387473 0.544257
vt 0.517052 0.599180
vt 0.436039 0.413152
vt 0.565119 0.566813
vt 0.565119 0.599180
vt 0.433975 0.588658
vt 0.411342 0.566025
vt 0.517052 0.566813
vt 0.455743 0.387473
vt 0.453461 0.385948
vt 0.436039 0.586848
vt 0.453461 0.614052
vt 0.516083 0.534722
vt 0.471927 0.359442
vt 0.469465 0.358228
vt 0.562228 0.503458
vt 0.564150 0.534722
vt 0.471927 0.640558
vt 0.455743 0.612527
vt 0.514161 0.503458
vt 0.481714 0.328656
vt 0.484313 0.329539
vt 0.559386 0.473554
vt 0.481714 0.671344
vt 0.469465 0.641772
vt 0.511319 0.473554
vt 0.489998 0.297739
vt 0.492691 0.298274
vt 0.574028 0.003085
vt 0.571288 0.029513
vt 0.571288 0.003834
vt 0.484313 0.670461
vt 0.489998 0.702261
vt 0.507606 0.445523
vt 0.510489 0.444892
vt 0.494176 0.266004
vt 0.496915 0.266184
vt 0.571288 0.057544
vt 0.492690 0.701726
vt 0.494176 0.733996
vt 0.503085 0.419845
vt 0.505947 0.419095
vt 0.494176 0.233996
vt 0.496915 0.233816
vt 0.496915 0.766184
vt 0.496915 0.733816
vt 0.620673 0.057544
vt 0.620673 0.087448
vt 0.492690 0.201726
vt 0.489998 0.202261
vt 0.571288 0.087448
vt 0.492691 0.798274
vt 0.494176 0.766004
vt 0.620673 0.118712
vt 0.484313 0.170461
vt 0.481714 0.171344
vt 0.571288 0.118712
vt 0.484313 0.829539
vt 0.489998 0.797739
vt 0.620673 0.150803
vt 0.471927 0.140558
vt 0.469465 0.141772
vt 0.571289 0.150803
vt 0.469465 0.858228
vt 0.481714 0.828656
vt 0.620673 0.183170
vt 0.455743 0.112527
vt 0.453461 0.114052
vt 0.571289 0.183170
vt 0.471927 0.859442
vt 0.453461 0.885948
vt 0.620673 0.215261
vt 0.436039 0.086848
vt 0.433975 0.088658
vt 0.571289 0.215261
vt 0.436039 0.913152
vt 0.455743 0.887473
vt 0.620673 0.246525
vt 0.411342 0.066025
vt 0.413152 0.063961
vt 0.571289 0.276429
vt 0.571289 0.246525
vt 0.411342 0.933975
vt 0.433975 0.911342
vt 0.620673 0.276429
vt 0.387473 0.044257
vt 0.385948 0.046539
vt 0.413152 0.936039
vt 0.385948 0.953461
vt 0.620673 0.304460
vt 0.359442 0.028073
vt 0.358228 0.030535
vt 0.571289 0.330138
vt 0.571289 0.304460
vt 0.359442 0.971927
vt 0.387473 0.955743
vt 0.620673 0.330138
vt 0.328656 0.018286
vt 0.329539 0.015687
vt 0.571288 0.353025
vt 0.328656 0.981714
vt 0.358228 0.969465
vt 0.620673 0.353025
vt 0.298274 0.007309
vt 0.571288 0.372729
vt 0.329539 0.984313
vt 0.297739 0.989998
vt 0.620673 0.372729
vt 0.266004 0.005824
vt 0.266184 0.003085
vt 0.571288 0.388913
vt 0.298274 0.992691
vt 0.266004 0.994176
vt 0.620673 0.388913
vt 0.617933 0.389933
vt 0.233996 0.005824
vt 0.233816 0.003085
vt 0.503085 0.004105
vt 0.233816 0.996915
vt 0.266184 0.996915
vt 0.552469 0.004105
vt 0.552469 0.020288
vt 0.201726 0.007310
vt 0.202261 0.010002
vt 0.503085 0.020288
vt 0.201726 0.992691
vt 0.233996 0.994176
vt 0.552469 0.039992
vt 0.170461 0.015687
vt 0.171344 0.018286
vt 0.503085 0.039992
vt 0.170461 0.984313
vt 0.202261 0.989998
vt 0.552469 0.062880
vt 0.140558 0.028073
vt 0.141772 0.030535
vt 0.503085 0.062879
vt 0.141772 0.969465
vt 0.171344 0.981714
vt 0.552469 0.088558
vt 0.112527 0.044257
vt 0.114052 0.046539
vt 0.503085 0.088558
vt 0.140558 0.971927
vt 0.114052 0.953461
vt 0.552469 0.116589
vt 0.086848 0.063961
vt 0.088658 0.066025
vt 0.503085 0.116589
vt 0.086848 0.936039
vt 0.112527 0.955743
vt 0.552469 0.146493
vt 0.066025 0.088658
vt 0.063961 0.086848
vt 0.503085 0.177757
vt 0.503085 0.146493
vt 0.066025 0.911342
vt 0.088658 0.933975
vt 0.552469 0.177757
vt 0.044257 0.112527
vt 0.046539 0.114052
vt 0.063961 0.913152
vt 0.046539 0.885948
vt 0.552469 0.209848
vt 0.028073 0.140558
vt 0.030535 0.141772
vt 0.503085 0.242215
vt 0.503085 0.209848
vt 0.028073 0.859442
vt 0.044257 0.887473
vt 0.552469 0.242215
vt 0.018286 0.171344
vt 0.015687 0.170461
vt 0.503085 0.274306
vt 0.018286 0.828656
vt 0.030535 0.858228
vt 0.552469 0.274306
vt 0.010002 0.202261
vt 0.007309 0.201726
vt 0.503085 0.305570
vt 0.015687 0.829539
vt 0.010002 0.797739
vt 0.552469 0.305570
vt 0.005824 0.233996
vt 0.003085 0.233816
vt 0.007310 0.798274
vt 0.003085 0.266184
vt 0.225928 0.496070
vt 0.250149 0.429203
vt 0.250149 0.497260
vt 0.298358 0.492511
vt 0.302126 0.421493
vt 0.321882 0.486619
vt 0.344714 0.478449
vt 0.318670 0.415574
vt 0.366636 0.468081
vt 0.334555 0.408061
vt 0.387437 0.455614
vt 0.349627 0.399027
vt 0.406915 0.441168
vt 0.363740 0.388560
vt 0.424883 0.424883
vt 0.388560 0.363740
vt 0.441168 0.406915
vt 0.455614 0.387437
vt 0.399027 0.349627
vt 0.468081 0.366636
vt 0.408061 0.334555
vt 0.478449 0.344714
vt 0.421493 0.302126
vt 0.486619 0.321882
vt 0.492511 0.298358
vt 0.425763 0.285081
vt 0.496070 0.274370
vt 0.429203 0.250149
vt 0.497260 0.250149
vt 0.496070 0.225928
vt 0.428341 0.232599
vt 0.492511 0.201941
vt 0.421493 0.198173
vt 0.486619 0.178417
vt 0.478449 0.155584
vt 0.415574 0.181628
vt 0.468081 0.133663
vt 0.408061 0.165744
vt 0.455614 0.112862
vt 0.399027 0.150672
vt 0.441168 0.093384
vt 0.388560 0.136559
vt 0.424883 0.075416
vt 0.363740 0.111739
vt 0.406915 0.059131
vt 0.387437 0.044685
vt 0.349627 0.101272
vt 0.366636 0.032218
vt 0.334555 0.092238
vt 0.344714 0.021849
vt 0.302126 0.078806
vt 0.321882 0.013680
vt 0.298358 0.007787
vt 0.285081 0.074536
vt 0.274370 0.004229
vt 0.250149 0.071096
vt 0.250149 0.003039
vt 0.225928 0.004229
vt 0.232599 0.071958
vt 0.201941 0.007787
vt 0.198173 0.078806
vt 0.178417 0.013680
vt 0.155584 0.021849
vt 0.181628 0.084725
vt 0.133663 0.032218
vt 0.165744 0.092238
vt 0.112862 0.044685
vt 0.150672 0.101272
vt 0.093384 0.059131
vt 0.136559 0.111739
vt 0.075416 0.075416
vt 0.111739 0.136559
vt 0.059131 0.093384
vt 0.044685 0.112862
vt 0.101272 0.150672
vt 0.032218 0.133663
vt 0.092238 0.165744
vt 0.021849 0.155584
vt 0.078806 0.198173
vt 0.013680 0.178417
vt 0.007787 0.201941
vt 0.074536 0.215218
vt 0.004229 0.225928
vt 0.071096 0.250149
vt 0.003039 0.250149
vt 0.004229 0.274370
vt 0.071958 0.267700
vt 0.007787 0.298358
vt 0.078806 0.302126
vt 0.013680 0.321882
vt 0.021849 0.344714
vt 0.084725 0.318670
vt 0.032218 0.366636
vt 0.092238 0.334555
vt 0.044685 0.387437
vt 0.101272 0.349627
vt 0.059131 0.406915
vt 0.111739 0.363740
vt 0.075416 0.424883
vt 0.136559 0.388560
vt 0.093384 0.441168
vt 0.112862 0.455614
vt 0.150672 0.399027
vt 0.133663 0.468081
vt 0.165744 0.408061
vt 0.155584 0.478449
vt 0.198173 0.421493
vt 0.178417 0.486619
vt 0.201941 0.492511
vt 0.215218 0.425763
vt 0.267700 0.428341
vt 0.274370 0.496070
vt 0.216451 0.080734
vt 0.419565 0.216451
vt 0.283848 0.419565
vt 0.274474 0.497120
vt 0.250149 0.498315
vt 0.004371 0.786563
vt 0.003545 0.762250
vt 0.005917 0.786334
vt 0.267400 0.425301
vt 0.250149 0.426149
vt 0.267080 0.422052
vt 0.001984 0.737973
vt 0.001984 0.762327
vt 0.285081 0.425763
vt 0.284485 0.422767
vt 0.298564 0.493546
vt 0.004371 0.713736
vt 0.003545 0.738049
vt 0.301239 0.418570
vt 0.300292 0.415446
vt 0.345118 0.479424
vt 0.322188 0.487629
vt 0.010638 0.690230
vt 0.005917 0.713966
vt 0.317501 0.412752
vt 0.316252 0.409735
vt 0.009122 0.689850
vt 0.017663 0.667072
vt 0.333115 0.405367
vt 0.331576 0.402488
vt 0.388023 0.456491
vt 0.367134 0.469012
vt 0.016192 0.666545
vt 0.026924 0.644713
vt 0.347929 0.396487
vt 0.346116 0.393773
vt 0.036992 0.622567
vt 0.025512 0.644045
vt 0.361802 0.386199
vt 0.359731 0.383675
vt 0.407584 0.441984
vt 0.051777 0.603248
vt 0.038332 0.623370
vt 0.376760 0.376760
vt 0.374600 0.374600
vt 0.372291 0.372291
vt 0.425629 0.425629
vt 0.065972 0.583492
vt 0.050522 0.602318
vt 0.386199 0.361802
vt 0.383675 0.359731
vt 0.441984 0.407584
vt 0.084242 0.567429
vt 0.067130 0.584541
vt 0.396487 0.347929
vt 0.393773 0.346116
vt 0.456491 0.388023
vt 0.102019 0.550821
vt 0.083193 0.566271
vt 0.405367 0.333115
vt 0.402488 0.331576
vt 0.469012 0.367134
vt 0.122268 0.537291
vt 0.102949 0.552076
vt 0.415574 0.318670
vt 0.412752 0.317501
vt 0.409735 0.316252
vt 0.479424 0.345118
vt 0.143746 0.525811
vt 0.123071 0.538631
vt 0.418570 0.301239
vt 0.415446 0.300292
vt 0.493546 0.298564
vt 0.487629 0.322188
vt 0.166772 0.517962
vt 0.144414 0.527223
vt 0.422767 0.284485
vt 0.419565 0.283848
vt 0.497120 0.274474
vt 0.189551 0.509421
vt 0.166246 0.516491
vt 0.425301 0.267400
vt 0.428341 0.267700
vt 0.422052 0.267080
vt 0.213437 0.504670
vt 0.189931 0.510937
vt 0.426149 0.250149
vt 0.422884 0.250149
vt 0.497120 0.225825
vt 0.498315 0.250149
vt 0.237750 0.503844
vt 0.213666 0.506216
vt 0.425301 0.232899
vt 0.422052 0.233219
vt 0.262027 0.502283
vt 0.237674 0.502283
vt 0.425763 0.215218
vt 0.422767 0.215814
vt 0.493546 0.201735
vt 0.286264 0.504670
vt 0.261951 0.503844
vt 0.418570 0.199060
vt 0.415446 0.200007
vt 0.479424 0.155181
vt 0.487629 0.178111
vt 0.309770 0.510937
vt 0.286035 0.506216
vt 0.412752 0.182797
vt 0.409735 0.184047
vt 0.310150 0.509421
vt 0.332928 0.517962
vt 0.405367 0.167184
vt 0.402488 0.168723
vt 0.456491 0.112276
vt 0.469012 0.133165
vt 0.333455 0.516491
vt 0.355287 0.527223
vt 0.396487 0.152370
vt 0.393773 0.154183
vt 0.377433 0.537291
vt 0.355955 0.525811
vt 0.386199 0.138497
vt 0.383675 0.140568
vt 0.441984 0.092715
vt 0.396752 0.552076
vt 0.376630 0.538631
vt 0.376760 0.123539
vt 0.374600 0.125699
vt 0.372291 0.128008
vt 0.425629 0.074670
vt 0.416508 0.566271
vt 0.397682 0.550821
vt 0.361802 0.114100
vt 0.359731 0.116624
vt 0.407584 0.058315
vt 0.432571 0.584541
vt 0.415459 0.567429
vt 0.347929 0.103811
vt 0.346116 0.106526
vt 0.388023 0.043808
vt 0.449179 0.602318
vt 0.433729 0.583492
vt 0.333115 0.094932
vt 0.331576 0.097811
vt 0.367134 0.031287
vt 0.462709 0.622567
vt 0.447924 0.603248
vt 0.318670 0.084725
vt 0.317501 0.087547
vt 0.316252 0.090564
vt 0.345118 0.020875
vt 0.474189 0.644045
vt 0.461369 0.623370
vt 0.301239 0.081729
vt 0.300292 0.084853
vt 0.298564 0.006753
vt 0.322188 0.012670
vt 0.482038 0.667071
vt 0.472777 0.644713
vt 0.284485 0.077532
vt 0.283848 0.080734
vt 0.274474 0.003179
vt 0.490579 0.689850
vt 0.483509 0.666545
vt 0.267400 0.074998
vt 0.267700 0.071958
vt 0.267080 0.078247
vt 0.495330 0.713736
vt 0.489063 0.690230
vt 0.250149 0.074150
vt 0.250149 0.077415
vt 0.225825 0.003179
vt 0.250149 0.001984
vt 0.496156 0.738049
vt 0.493784 0.713965
vt 0.232899 0.074998
vt 0.233219 0.078247
vt 0.497717 0.762326
vt 0.497717 0.737972
vt 0.215218 0.074536
vt 0.215814 0.077532
vt 0.201735 0.006753
vt 0.495330 0.786563
vt 0.496156 0.762250
vt 0.199060 0.081729
vt 0.200007 0.084853
vt 0.155181 0.020875
vt 0.178111 0.012670
vt 0.489063 0.810069
vt 0.493784 0.786333
vt 0.182797 0.087547
vt 0.184047 0.090564
vt 0.490579 0.810449
vt 0.482038 0.833227
vt 0.167184 0.094932
vt 0.168723 0.097811
vt 0.112276 0.043808
vt 0.133165 0.031287
vt 0.483509 0.833754
vt 0.472777 0.855586
vt 0.152370 0.103811
vt 0.154183 0.106526
vt 0.462709 0.877732
vt 0.474189 0.856254
vt 0.138497 0.114100
vt 0.140568 0.116624
vt 0.092715 0.058315
vt 0.447924 0.897051
vt 0.461369 0.876929
vt 0.123539 0.123539
vt 0.125699 0.125699
vt 0.128008 0.128008
vt 0.074670 0.074670
vt 0.433729 0.916807
vt 0.449179 0.897981
vt 0.114100 0.138497
vt 0.116624 0.140568
vt 0.058315 0.092715
vt 0.415459 0.932870
vt 0.432571 0.915758
vt 0.103811 0.152370
vt 0.106526 0.154183
vt 0.043808 0.112276
vt 0.397683 0.949478
vt 0.416508 0.934028
vt 0.094932 0.167184
vt 0.097811 0.168723
vt 0.031287 0.133165
vt 0.377433 0.963008
vt 0.396752 0.948223
vt 0.084725 0.181628
vt 0.087547 0.182797
vt 0.090564 0.184047
vt 0.020875 0.155181
vt 0.355955 0.974488
vt 0.376630 0.961668
vt 0.081729 0.199060
vt 0.084853 0.200007
vt 0.006753 0.201735
vt 0.012670 0.178111
vt 0.332929 0.982337
vt 0.355287 0.973076
vt 0.077532 0.215814
vt 0.080734 0.216451
vt 0.003179 0.225825
vt 0.310150 0.990878
vt 0.333455 0.983808
vt 0.074998 0.232899
vt 0.071958 0.232599
vt 0.078247 0.233219
vt 0.286264 0.995629
vt 0.309770 0.989362
vt 0.074150 0.250149
vt 0.077415 0.250149
vt 0.003179 0.274474
vt 0.001984 0.250149
vt 0.261951 0.996455
vt 0.286035 0.994083
vt 0.074998 0.267400
vt 0.078247 0.267080
vt 0.237674 0.998016
vt 0.262028 0.998016
vt 0.074536 0.285081
vt 0.077532 0.284485
vt 0.080734 0.283848
vt 0.006753 0.298564
vt 0.213437 0.995629
vt 0.237750 0.996455
vt 0.081729 0.301239
vt 0.084853 0.300292
vt 0.020875 0.345118
vt 0.012670 0.322188
vt 0.189931 0.989362
vt 0.213667 0.994083
vt 0.087547 0.317501
vt 0.090564 0.316252
vt 0.189551 0.990878
vt 0.166773 0.982337
vt 0.094932 0.333115
vt 0.097811 0.331576
vt 0.043808 0.388023
vt 0.031287 0.367134
vt 0.166246 0.983808
vt 0.144414 0.973076
vt 0.103811 0.347929
vt 0.106526 0.346116
vt 0.122268 0.963008
vt 0.143746 0.974488
vt 0.114100 0.361802
vt 0.116624 0.359731
vt 0.058315 0.407584
vt 0.102949 0.948223
vt 0.123071 0.961668
vt 0.123539 0.376760
vt 0.125699 0.374600
vt 0.128008 0.372291
vt 0.074670 0.425629
vt 0.083193 0.934028
vt 0.102019 0.949478
vt 0.138497 0.386199
vt 0.140568 0.383675
vt 0.092715 0.441984
vt 0.067130 0.915758
vt 0.084242 0.932870
vt 0.152370 0.396487
vt 0.154183 0.393773
vt 0.112276 0.456491
vt 0.050522 0.897982
vt 0.065972 0.916807
vt 0.167184 0.405367
vt 0.168723 0.402488
vt 0.133165 0.469012
vt 0.036992 0.877732
vt 0.051777 0.897051
vt 0.181628 0.415574
vt 0.182797 0.412752
vt 0.184047 0.409735
vt 0.155181 0.479424
vt 0.025512 0.856254
vt 0.038332 0.876929
vt 0.199060 0.418570
vt 0.200007 0.415446
vt 0.201735 0.493546
vt 0.178111 0.487629
vt 0.017663 0.833228
vt 0.026924 0.855586
vt 0.215814 0.422767
vt 0.216451 0.419565
vt 0.225825 0.497120
vt 0.009122 0.810449
vt 0.016192 0.833754
vt 0.232899 0.425301
vt 0.232599 0.428341
vt 0.233219 0.422052
vt 0.010638 0.810069
vt 0.250149 0.422884
vt 0.683200 0.555362
vt 0.507784 0.587810
vt 0.507784 0.555362
vt 0.683200 0.651323
vt 0.507784 0.681301
vt 0.507784 0.651323
vt 0.683200 0.681301
vt 0.507784 0.709402
vt 0.683200 0.709402
vt 0.507784 0.735145
vt 0.874183 0.004025
vt 0.698767 0.026969
vt 0.698767 0.004025
vt 0.874183 0.026969
vt 0.698767 0.052712
vt 0.874183 0.052712
vt 0.698767 0.080813
vt 0.874183 0.080813
vt 0.698767 0.110791
vt 0.874183 0.110791
vt 0.698767 0.142134
vt 0.874183 0.142134
vt 0.698767 0.174305
vt 0.874183 0.174305
vt 0.698767 0.206753
vt 0.874183 0.206753
vt 0.698767 0.238923
vt 0.874183 0.238923
vt 0.698767 0.270266
vt 0.874183 0.270266
vt 0.698767 0.300244
vt 0.874183 0.300244
vt 0.698767 0.328345
vt 0.874183 0.328345
vt 0.698767 0.354088
vt 0.874183 0.362138
vt 0.698767 0.387881
vt 0.698767 0.362138
vt 0.874183 0.387881
vt 0.698767 0.415982
vt 0.874183 0.415982
vt 0.698767 0.445960
vt 0.874183 0.445960
vt 0.698767 0.477303
vt 0.874183 0.477303
vt 0.698767 0.509473
vt 0.874183 0.509473
vt 0.698767 0.541921
vt 0.874183 0.541921
vt 0.698767 0.574092
vt 0.874183 0.574092
vt 0.698767 0.605435
vt 0.874183 0.605435
vt 0.698767 0.635413
vt 0.874183 0.635413
vt 0.698767 0.663514
vt 0.874183 0.663514
vt 0.698767 0.689257
vt 0.874183 0.689257
vt 0.698767 0.712201
vt 0.507784 0.377032
vt 0.683200 0.354088
vt 0.683200 0.377032
vt 0.507784 0.354088
vt 0.683200 0.328345
vt 0.507784 0.328345
vt 0.683200 0.300244
vt 0.507784 0.300244
vt 0.683200 0.270266
vt 0.507784 0.270266
vt 0.683200 0.238923
vt 0.507784 0.238923
vt 0.683200 0.206753
vt 0.507784 0.206753
vt 0.683200 0.174305
vt 0.507784 0.174305
vt 0.683200 0.142134
vt 0.507784 0.142134
vt 0.683200 0.110791
vt 0.507784 0.110791
vt 0.683200 0.080813
vt 0.507784 0.080813
vt 0.683200 0.052712
vt 0.507784 0.052712
vt 0.683200 0.026969
vt 0.683200 0.385082
vt 0.507784 0.408027
vt 0.507784 0.385082
vt 0.683200 0.408027
vt 0.507784 0.433769
vt 0.683200 0.433769
vt 0.507784 0.461870
vt 0.683200 0.461870
vt 0.507784 0.491849
vt 0.683200 0.491849
vt 0.507784 0.523191
vt 0.683200 0.523191
vt 0.683200 0.619981
vt 0.507784 0.619981
vt 0.202645 0.011928
vt 0.479854 0.328025
vt 0.067501 0.410047
vt 0.683200 0.587810
vt 0.504025 0.587708
vt 0.016579 0.829236
vt 0.032297 0.857359
vt 0.028918 0.859025
vt 0.686958 0.587708
vt 0.686958 0.619676
vt 0.045040 0.386950
vt 0.032297 0.357359
vt 0.048172 0.384857
vt 0.504025 0.619676
vt 0.008234 0.798090
vt 0.020146 0.828025
vt 0.686958 0.650822
vt 0.064669 0.412531
vt 0.504025 0.650822
vt 0.004025 0.766122
vt 0.011928 0.797355
vt 0.686958 0.680611
vt 0.087469 0.435331
vt 0.089953 0.432499
vt 0.504025 0.680611
vt 0.004025 0.733878
vt 0.007784 0.765876
vt 0.686958 0.708536
vt 0.113050 0.454960
vt 0.115143 0.451828
vt 0.504025 0.708536
vt 0.011928 0.702645
vt 0.007784 0.734124
vt 0.686958 0.734117
vt 0.683200 0.735145
vt 0.142641 0.467703
vt 0.140975 0.471082
vt 0.695008 0.027998
vt 0.695008 0.005198
vt 0.008234 0.701910
vt 0.020146 0.671975
vt 0.686958 0.756917
vt 0.683200 0.758090
vt 0.171975 0.479854
vt 0.170764 0.483421
vt 0.028918 0.640975
vt 0.016579 0.670764
vt 0.877942 0.053579
vt 0.201910 0.491766
vt 0.202645 0.488072
vt 0.695008 0.081503
vt 0.695008 0.053579
vt 0.045040 0.613050
vt 0.032297 0.642641
vt 0.877942 0.081503
vt 0.234124 0.492216
vt 0.233878 0.495975
vt 0.695008 0.111293
vt 0.067501 0.589953
vt 0.048172 0.615143
vt 0.877942 0.111293
vt 0.265876 0.492216
vt 0.266122 0.495975
vt 0.695008 0.142438
vt 0.064669 0.587469
vt 0.089953 0.567501
vt 0.877942 0.142438
vt 0.297355 0.488072
vt 0.298090 0.491766
vt 0.695008 0.174407
vt 0.087469 0.564669
vt 0.115143 0.548172
vt 0.877942 0.174407
vt 0.328025 0.479854
vt 0.329236 0.483421
vt 0.695008 0.206651
vt 0.113050 0.545040
vt 0.142641 0.532297
vt 0.877942 0.206651
vt 0.357359 0.467703
vt 0.359025 0.471082
vt 0.170764 0.516579
vt 0.140975 0.528918
vt 0.877942 0.238619
vt 0.386950 0.454960
vt 0.384857 0.451828
vt 0.695008 0.238619
vt 0.201910 0.508234
vt 0.171975 0.520146
vt 0.877942 0.269764
vt 0.412531 0.435331
vt 0.410047 0.432499
vt 0.695008 0.269764
vt 0.233878 0.504025
vt 0.202645 0.511928
vt 0.877942 0.299554
vt 0.435331 0.412531
vt 0.432499 0.410047
vt 0.695008 0.299554
vt 0.266122 0.504025
vt 0.234124 0.507784
vt 0.877942 0.327478
vt 0.454960 0.386950
vt 0.451828 0.384857
vt 0.695008 0.327478
vt 0.297355 0.511928
vt 0.265876 0.507784
vt 0.877942 0.353059
vt 0.874183 0.354088
vt 0.467703 0.357359
vt 0.471082 0.359025
vt 0.695008 0.388748
vt 0.695008 0.363167
vt 0.298090 0.508234
vt 0.328025 0.520146
vt 0.877942 0.388748
vt 0.483421 0.329236
vt 0.359025 0.528918
vt 0.329236 0.516579
vt 0.877942 0.416672
vt 0.491766 0.298090
vt 0.488072 0.297355
vt 0.695008 0.446462
vt 0.695008 0.416672
vt 0.386950 0.545040
vt 0.357359 0.532297
vt 0.877942 0.446462
vt 0.492216 0.265876
vt 0.495975 0.266122
vt 0.695008 0.477607
vt 0.410047 0.567501
vt 0.384857 0.548172
vt 0.877942 0.477607
vt 0.492216 0.234124
vt 0.495975 0.233878
vt 0.695008 0.509575
vt 0.412531 0.564669
vt 0.432499 0.589953
vt 0.877942 0.509575
vt 0.488072 0.202645
vt 0.491766 0.201910
vt 0.695008 0.541819
vt 0.435331 0.587469
vt 0.451828 0.615143
vt 0.877942 0.541819
vt 0.479854 0.171975
vt 0.483421 0.170764
vt 0.695008 0.573788
vt 0.454960 0.613050
vt 0.467703 0.642641
vt 0.877942 0.573788
vt 0.467703 0.142641
vt 0.471082 0.140975
vt 0.483421 0.670764
vt 0.471082 0.640975
vt 0.877942 0.604933
vt 0.454960 0.113050
vt 0.451828 0.115143
vt 0.695008 0.604933
vt 0.491766 0.701910
vt 0.479854 0.671975
vt 0.877942 0.634723
vt 0.435331 0.087469
vt 0.432499 0.089953
vt 0.695008 0.634723
vt 0.495975 0.733878
vt 0.488072 0.702645
vt 0.877942 0.662647
vt 0.412531 0.064669
vt 0.410047 0.067501
vt 0.695008 0.662647
vt 0.495975 0.766122
vt 0.492216 0.734124
vt 0.877942 0.688228
vt 0.386950 0.045040
vt 0.384857 0.048172
vt 0.695008 0.688228
vt 0.488072 0.797355
vt 0.492216 0.765876
vt 0.877942 0.711028
vt 0.874183 0.712201
vt 0.357359 0.032297
vt 0.359025 0.028918
vt 0.686958 0.353059
vt 0.686959 0.375859
vt 0.491766 0.798090
vt 0.479854 0.828025
vt 0.504025 0.353059
vt 0.328025 0.020146
vt 0.329236 0.016579
vt 0.471082 0.859025
vt 0.483421 0.829236
vt 0.504025 0.327478
vt 0.298090 0.008234
vt 0.297355 0.011928
vt 0.686958 0.299554
vt 0.686958 0.327478
vt 0.454960 0.886950
vt 0.467703 0.857359
vt 0.504025 0.299554
vt 0.265876 0.007784
vt 0.266122 0.004025
vt 0.686958 0.269764
vt 0.432499 0.910047
vt 0.451828 0.884857
vt 0.504025 0.269764
vt 0.234124 0.007784
vt 0.233878 0.004025
vt 0.686958 0.238619
vt 0.435331 0.912531
vt 0.410047 0.932499
vt 0.504025 0.238619
vt 0.201910 0.008234
vt 0.686958 0.206651
vt 0.412531 0.935331
vt 0.384857 0.951828
vt 0.504025 0.206651
vt 0.171975 0.020146
vt 0.170764 0.016579
vt 0.686958 0.174407
vt 0.386950 0.954960
vt 0.357359 0.967703
vt 0.504025 0.174407
vt 0.142641 0.032297
vt 0.140975 0.028918
vt 0.329236 0.983421
vt 0.359025 0.971082
vt 0.504025 0.142438
vt 0.113050 0.045040
vt 0.115143 0.048172
vt 0.686958 0.142438
vt 0.298090 0.991766
vt 0.328025 0.979854
vt 0.504025 0.111293
vt 0.087469 0.064669
vt 0.089953 0.067501
vt 0.686958 0.111293
vt 0.266122 0.995975
vt 0.297355 0.988072
vt 0.504025 0.081503
vt 0.064669 0.087469
vt 0.067501 0.089953
vt 0.686958 0.081503
vt 0.233878 0.995975
vt 0.265876 0.992216
vt 0.504025 0.053579
vt 0.045040 0.113050
vt 0.048172 0.115143
vt 0.686959 0.053579
vt 0.202645 0.988072
vt 0.234124 0.992216
vt 0.504025 0.027998
vt 0.507784 0.026969
vt 0.032297 0.142641
vt 0.028918 0.140975
vt 0.504025 0.409055
vt 0.504025 0.386255
vt 0.201910 0.991766
vt 0.171975 0.979854
vt 0.504025 0.005198
vt 0.507784 0.004025
vt 0.020146 0.171975
vt 0.016579 0.170764
vt 0.140975 0.971082
vt 0.170764 0.983421
vt 0.686958 0.434636
vt 0.008234 0.201910
vt 0.011928 0.202645
vt 0.504025 0.462561
vt 0.504025 0.434636
vt 0.113050 0.954960
vt 0.142641 0.967703
vt 0.686958 0.462561
vt 0.007784 0.234124
vt 0.004025 0.233878
vt 0.504025 0.492350
vt 0.089953 0.932499
vt 0.115143 0.951828
vt 0.686958 0.492350
vt 0.007784 0.265876
vt 0.004025 0.266122
vt 0.504025 0.523496
vt 0.087469 0.935331
vt 0.067501 0.910047
vt 0.686958 0.523496
vt 0.011928 0.297355
vt 0.008234 0.298090
vt 0.504025 0.555464
vt 0.064669 0.912531
vt 0.048172 0.884857
vt 0.686958 0.555464
vt 0.020146 0.328025
vt 0.016579 0.329236
vt 0.045040 0.886950
vt 0.028918 0.359025
vt 0.000000 0.000000
vt 0.514822 0.753690
vt 0.529553 0.788662
vt 0.515942 0.788018
vt 0.119452 0.265760
vt 0.086530 0.288534
vt 0.083841 0.268105
vt 0.744722 0.193150
vt 0.757446 0.232911
vt 0.751998 0.233531
vt 0.503192 0.753048
vt 0.504270 0.786103
vt 0.055373 0.294772
vt 0.052138 0.270196
vt 0.759396 0.274685
vt 0.716104 0.035642
vt 0.746047 0.014708
vt 0.747135 0.032111
vt 0.028826 0.300101
vt 0.025125 0.271983
vt 0.720290 0.058453
vt 0.748466 0.055247
vt 0.007543 0.304387
vt 0.003466 0.273420
vt 0.725379 0.086349
vt 0.750006 0.083546
vt 0.577467 0.751996
vt 0.561210 0.786103
vt 0.560132 0.753048
vt 0.198819 0.260544
vt 0.240621 0.257802
vt 0.199535 0.265981
vt 0.751718 0.116312
vt 0.731246 0.118642
vt 0.543647 0.753690
vt 0.544767 0.788018
vt 0.159509 0.273959
vt 0.158095 0.263219
vt 0.737747 0.154536
vt 0.753559 0.152737
vt 0.528419 0.753906
vt 0.121529 0.281539
vt 0.755484 0.191925
vt 0.779370 0.015271
vt 0.778354 0.032639
vt 0.061787 0.318716
vt 0.036165 0.327495
vt 0.776812 0.055726
vt 0.015625 0.334558
vt 0.774781 0.083965
vt 0.578477 0.782963
vt 0.563348 0.818307
vt 0.200954 0.271278
vt 0.772312 0.116660
vt 0.546987 0.821463
vt 0.162312 0.284423
vt 0.769466 0.153006
vt 0.531801 0.822523
vt 0.125647 0.296911
vt 0.766311 0.192108
vt 0.518162 0.821463
vt 0.091862 0.308437
vt 0.762927 0.233003
vt 0.745228 0.003466
vt 0.566509 0.849109
vt 0.550270 0.853451
vt 0.166457 0.294431
vt 0.785196 0.155339
vt 0.535124 0.854911
vt 0.131737 0.311615
vt 0.777018 0.193696
vt 0.521445 0.853451
vt 0.099745 0.327474
vt 0.768347 0.233807
vt 0.779834 0.004051
vt 0.812322 0.020158
vt 0.071271 0.341617
vt 0.809226 0.037217
vt 0.047016 0.353697
vt 0.804843 0.059883
vt 0.027576 0.363415
vt 0.799281 0.087598
vt 0.583441 0.841991
vt 0.203052 0.276345
vt 0.792678 0.119680
vt 0.110046 0.345319
vt 0.083663 0.363085
vt 0.773614 0.235308
vt 0.839223 0.045767
vt 0.061193 0.378258
vt 0.832079 0.067646
vt 0.043190 0.390466
vt 0.823087 0.094384
vt 0.013430 0.370533
vt 0.030096 0.399407
vt 0.205793 0.281094
vt 0.812466 0.125320
vt 0.554559 0.883437
vt 0.171872 0.303812
vt 0.800480 0.159695
vt 0.539467 0.885270
vt 0.139692 0.325398
vt 0.787421 0.196661
vt 0.525734 0.883437
vt 0.814056 0.009126
vt 0.844341 0.029284
vt 0.209131 0.285445
vt 0.831339 0.133485
vt 0.575667 0.904433
vt 0.559781 0.910906
vt 0.178466 0.312407
vt 0.815056 0.166001
vt 0.544754 0.913082
vt 0.149379 0.338024
vt 0.797343 0.200953
vt 0.530956 0.910906
vt 0.122587 0.361666
vt 0.778636 0.237481
vt 0.847307 0.018604
vt 0.874877 0.042494
vt 0.098750 0.382750
vt 0.867831 0.058143
vt 0.078454 0.400758
vt 0.858055 0.078883
vt 0.062200 0.415246
vt 0.845790 0.104205
vt 0.050388 0.425857
vt 0.755387 0.910398
vt 0.764305 0.881958
vt 0.770814 0.902269
vt 0.116274 0.400278
vt 0.783329 0.240288
vt 0.894561 0.074133
vt 0.098504 0.420812
vt 0.882325 0.093402
vt 0.084282 0.437333
vt 0.867004 0.116895
vt 0.073958 0.449432
vt 0.213008 0.289322
vt 0.848972 0.144033
vt 0.565846 0.935389
vt 0.186124 0.320067
vt 0.828676 0.174148
vt 0.550895 0.937870
vt 0.160630 0.349278
vt 0.806614 0.206499
vt 0.733671 0.891753
vt 0.748628 0.889305
vt 0.137154 0.376236
vt 0.109057 0.456347
vt 0.100403 0.469728
vt 0.217358 0.292661
vt 0.865065 0.156785
vt 0.581508 0.928008
vt 0.572652 0.956467
vt 0.194716 0.326661
vt 0.841106 0.183998
vt 0.557785 0.959211
vt 0.173253 0.358966
vt 0.815074 0.213203
vt 0.727583 0.866952
vt 0.742615 0.864809
vt 0.153498 0.388780
vt 0.787612 0.243682
vt 0.758516 0.858371
vt 0.135936 0.415368
vt 0.903408 0.059562
vt 0.918956 0.093463
vt 0.121000 0.438077
vt 0.904476 0.110954
vt 0.886363 0.132236
vt 0.171339 0.399082
vt 0.791412 0.247605
vt 0.753545 0.831909
vt 0.157398 0.427763
vt 0.929447 0.080195
vt 0.940598 0.115803
vt 0.145555 0.452258
vt 0.924126 0.131238
vt 0.136102 0.471965
vt 0.903539 0.149965
vt 0.129270 0.486398
vt 0.222106 0.295403
vt 0.879342 0.171522
vt 0.095249 0.477891
vt 0.125229 0.495203
vt 0.204096 0.332078
vt 0.852133 0.195380
vt 0.713790 0.864746
vt 0.722357 0.839129
vt 0.187033 0.366923
vt 0.822580 0.220951
vt 0.737453 0.837329
vt 0.918235 0.169779
vt 0.164953 0.483918
vt 0.160066 0.499157
vt 0.227172 0.297501
vt 0.891559 0.187993
vt 0.696605 0.831786
vt 0.704404 0.807271
vt 0.708628 0.837266
vt 0.214102 0.336223
vt 0.861569 0.208102
vt 0.718081 0.808760
vt 0.201734 0.373014
vt 0.829003 0.229610
vt 0.733229 0.807334
vt 0.190371 0.406968
vt 0.794664 0.251988
vt 0.749478 0.803027
vt 0.180295 0.437249
vt 0.952548 0.104041
vt 0.959117 0.140771
vt 0.171752 0.463111
vt 0.940941 0.153908
vt 0.869252 0.221945
vt 0.834233 0.239032
vt 0.714827 0.776366
vt 0.730016 0.775338
vt 0.210270 0.412301
vt 0.797311 0.256758
vt 0.746384 0.772218
vt 0.204233 0.443664
vt 0.972315 0.130691
vt 0.974196 0.167938
vt 0.199140 0.470451
vt 0.954633 0.178576
vt 0.195117 0.492002
vt 0.930202 0.191339
vt 0.192263 0.507786
vt 0.232467 0.298921
vt 0.901507 0.205915
vt 0.689444 0.772094
vt 0.701191 0.775275
vt 0.224563 0.339027
vt 0.217103 0.377133
vt 0.985577 0.196842
vt 0.964967 0.204819
vt 0.226078 0.496079
vt 0.939235 0.214277
vt 0.225311 0.512138
vt 0.237903 0.299637
vt 0.909015 0.224982
vt 0.687376 0.739886
vt 0.699044 0.741826
vt 0.235301 0.340441
vt 0.875051 0.236671
vt 0.712653 0.742500
vt 0.232879 0.379210
vt 0.838180 0.249057
vt 0.727869 0.741889
vt 0.230695 0.414990
vt 0.799309 0.261833
vt 0.744316 0.740009
vt 0.228804 0.446900
vt 0.761590 0.736907
vt 0.763527 0.767082
vt 0.227253 0.474153
vt 0.711595 0.707741
vt 0.248790 0.379210
vt 0.878867 0.252031
vt 0.840777 0.259511
vt 0.726824 0.707559
vt 0.251296 0.414990
vt 0.800624 0.267125
vt 0.743310 0.706952
vt 0.253587 0.446900
vt 0.760647 0.705938
vt 0.255607 0.474153
vt 0.993066 0.226986
vt 0.971766 0.232189
vt 0.257307 0.496079
vt 0.945178 0.238199
vt 0.258644 0.512138
vt 0.243386 0.299637
vt 0.913955 0.244868
vt 0.686370 0.706828
vt 0.697999 0.707496
vt 0.246132 0.340441
vt 0.278158 0.443664
vt 0.283719 0.470451
vt 0.996534 0.257855
vt 0.974915 0.260218
vt 0.288268 0.492002
vt 0.947930 0.262697
vt 0.291692 0.507786
vt 0.248822 0.298921
vt 0.916242 0.265232
vt 0.686442 0.673488
vt 0.698074 0.672872
vt 0.256870 0.339027
vt 0.880634 0.267759
vt 0.711672 0.672685
vt 0.264566 0.377133
vt 0.841980 0.270217
vt 0.726899 0.672934
vt 0.271721 0.412301
vt 0.801233 0.272545
vt 0.743383 0.673612
vt 0.760715 0.674703
vt 0.254118 0.297501
vt 0.267331 0.336223
vt 0.915839 0.285726
vt 0.880322 0.283588
vt 0.712881 0.637932
vt 0.279935 0.373014
vt 0.841767 0.280991
vt 0.728094 0.638609
vt 0.291620 0.406968
vt 0.801125 0.277999
vt 0.744533 0.640560
vt 0.302096 0.437249
vt 0.761793 0.643737
vt 0.311108 0.463111
vt 0.995921 0.288920
vt 0.974359 0.288425
vt 0.318432 0.483918
vt 0.947444 0.287351
vt 0.323889 0.499157
vt 0.687593 0.640436
vt 0.699269 0.638546
vt 0.763861 0.613571
vt 0.337304 0.452258
vt 0.991239 0.319652
vt 0.970108 0.316329
vt 0.347283 0.471965
vt 0.943728 0.311740
vt 0.354684 0.486398
vt 0.259183 0.295403
vt 0.912750 0.305999
vt 0.689800 0.608237
vt 0.701562 0.605107
vt 0.277337 0.332078
vt 0.877936 0.299246
vt 0.715203 0.604076
vt 0.294636 0.366923
vt 0.840144 0.291649
vt 0.730387 0.605169
vt 0.310652 0.399082
vt 0.800303 0.283394
vt 0.746741 0.608361
vt 0.324993 0.427763
vt 0.693028 0.577441
vt 0.704914 0.573125
vt 0.286717 0.326661
vt 0.873518 0.314466
vt 0.718597 0.571696
vt 0.308416 0.358966
vt 0.837136 0.302009
vt 0.733739 0.573188
vt 0.328493 0.388780
vt 0.798781 0.288639
vt 0.749969 0.577565
vt 0.346456 0.415368
vt 0.766886 0.584720
vt 0.361860 0.438077
vt 0.962234 0.343451
vt 0.374328 0.456347
vt 0.936846 0.335445
vt 0.383552 0.469728
vt 0.263932 0.292661
vt 0.907030 0.325704
vt 0.344837 0.376236
vt 0.366117 0.400278
vt 0.796584 0.293642
vt 0.770814 0.557678
vt 0.384356 0.420812
vt 0.970055 0.378022
vt 0.950873 0.369327
vt 0.399103 0.437333
vt 0.926916 0.358063
vt 0.409996 0.449432
vt 0.268281 0.289322
vt 0.898775 0.344505
vt 0.389304 0.477891
vt 0.416768 0.456813
vt 0.295309 0.320067
vt 0.867142 0.328987
vt 0.723005 0.541346
vt 0.321039 0.349278
vt 0.832797 0.311893
vt 0.738093 0.543212
vt 0.754161 0.548701
vt 0.272158 0.285445
vt 0.888128 0.362079
vt 0.433566 0.425857
vt 0.441245 0.432330
vt 0.302968 0.312407
vt 0.858919 0.342561
vt 0.709268 0.543149
vt 0.728353 0.513546
vt 0.332290 0.338024
vt 0.827199 0.321132
vt 0.743375 0.515754
vt 0.359404 0.361666
vt 0.793750 0.298320
vt 0.759247 0.522262
vt 0.383641 0.382750
vt 0.983991 0.383932
vt 0.953916 0.404662
vt 0.404405 0.400758
vt 0.936219 0.393516
vt 0.421185 0.415246
vt 0.914108 0.379204
vt 0.790328 0.302590
vt 0.834336 0.864777
vt 0.845194 0.831854
vt 0.850222 0.858304
vt 0.371945 0.345319
vt 0.398728 0.363085
vt 0.966763 0.412367
vt 0.934425 0.428987
vt 0.421667 0.378258
vt 0.918521 0.415603
vt 0.440195 0.390466
vt 0.898640 0.398509
vt 0.453858 0.399407
vt 0.275496 0.281094
vt 0.875270 0.378126
vt 0.462319 0.404861
vt 0.309561 0.303812
vt 0.848988 0.354955
vt 0.805511 0.864777
vt 0.814021 0.839141
vt 0.819309 0.866953
vt 0.341977 0.325398
vt 0.820439 0.329569
vt 0.829114 0.837308
vt 0.898085 0.435209
vt 0.880777 0.415646
vt 0.455810 0.363415
vt 0.470525 0.370533
vt 0.278237 0.276345
vt 0.860422 0.392371
vt 0.479627 0.374875
vt 0.314976 0.294431
vt 0.837519 0.365958
vt 0.800289 0.837308
vt 0.809679 0.808782
vt 0.349933 0.311615
vt 0.812633 0.337058
vt 0.824825 0.807323
vt 0.382246 0.327474
vt 0.786377 0.306382
vt 0.841064 0.802981
vt 0.411120 0.341617
vt 0.857996 0.795863
vt 0.861865 0.822913
vt 0.435844 0.353697
vt 0.911917 0.450581
vt 0.821542 0.775334
vt 0.390129 0.308437
vt 0.781963 0.309628
vt 0.837903 0.772178
vt 0.420604 0.318716
vt 0.855035 0.767005
vt 0.446695 0.327495
vt 0.886777 0.469074
vt 0.875258 0.452001
vt 0.467760 0.334558
vt 0.860826 0.430322
vt 0.483281 0.339731
vt 0.280336 0.271278
vt 0.843837 0.404570
vt 0.796000 0.807323
vt 0.780962 0.772178
vt 0.792717 0.775334
vt 0.319121 0.284422
vt 0.824710 0.375381
vt 0.806355 0.776394
vt 0.356022 0.296911
vt 0.803914 0.343471
vt 0.475843 0.304387
vt 0.850431 0.465690
vt 0.839127 0.442286
vt 0.491908 0.307527
vt 0.281755 0.265981
vt 0.825800 0.414516
vt 0.778825 0.739974
vt 0.790497 0.741889
vt 0.321924 0.273959
vt 0.810778 0.383062
vt 0.804107 0.742533
vt 0.360140 0.281539
vt 0.794431 0.348700
vt 0.819322 0.741889
vt 0.395461 0.288534
vt 0.777162 0.312275
vt 0.835765 0.739974
vt 0.427018 0.294772
vt 0.853032 0.736835
vt 0.454034 0.300101
vt 0.859434 0.484150
vt 0.323338 0.263219
vt 0.362217 0.265760
vt 0.784347 0.352654
vt 0.818202 0.707561
vt 0.398150 0.268105
vt 0.772057 0.314277
vt 0.834687 0.706919
vt 0.430253 0.270196
vt 0.852022 0.705867
vt 0.457735 0.271983
vt 0.830358 0.495551
vt 0.824030 0.476041
vt 0.479919 0.273420
vt 0.816051 0.451334
vt 0.496259 0.274472
vt 0.282470 0.260544
vt 0.806618 0.422037
vt 0.789377 0.707561
vt 0.795963 0.388871
vt 0.802974 0.707777
vt 0.800044 0.503081
vt 0.796506 0.482879
vt 0.479919 0.242185
vt 0.791995 0.457310
vt 0.496259 0.241132
vt 0.282470 0.255060
vt 0.786621 0.427005
vt 0.777746 0.706919
vt 0.789377 0.672937
vt 0.323338 0.252386
vt 0.780517 0.392708
vt 0.802974 0.672721
vt 0.362217 0.249845
vt 0.773834 0.355266
vt 0.818202 0.672937
vt 0.398150 0.247500
vt 0.766735 0.315599
vt 0.834687 0.673579
vt 0.430253 0.245408
vt 0.852022 0.674632
vt 0.457735 0.243622
vt 0.790497 0.638609
vt 0.804107 0.637965
vt 0.360140 0.234066
vt 0.763071 0.356491
vt 0.819322 0.638609
vt 0.395461 0.227070
vt 0.761287 0.316219
vt 0.835765 0.640524
vt 0.427018 0.220832
vt 0.853032 0.643664
vt 0.454034 0.215504
vt 0.768330 0.486086
vt 0.475843 0.211217
vt 0.767368 0.460113
vt 0.491908 0.208077
vt 0.281755 0.249623
vt 0.766150 0.429335
vt 0.778825 0.640524
vt 0.321924 0.241646
vt 0.764706 0.394508
vt 0.446695 0.188109
vt 0.737793 0.506085
vt 0.739984 0.485607
vt 0.467760 0.181046
vt 0.742592 0.459694
vt 0.483281 0.175873
vt 0.280336 0.244326
vt 0.745555 0.428986
vt 0.792717 0.605165
vt 0.319121 0.231182
vt 0.748799 0.394239
vt 0.806355 0.604104
vt 0.356022 0.218693
vt 0.752244 0.356308
vt 0.821542 0.605165
vt 0.390129 0.207167
vt 0.755806 0.316127
vt 0.837903 0.608320
vt 0.420604 0.196888
vt 0.855035 0.613493
vt 0.278237 0.239260
vt 0.314976 0.221174
vt 0.733069 0.391906
vt 0.796000 0.573176
vt 0.809679 0.571717
vt 0.349933 0.203989
vt 0.741537 0.354720
vt 0.824825 0.573176
vt 0.382246 0.188130
vt 0.750386 0.315323
vt 0.841064 0.577518
vt 0.411120 0.173987
vt 0.857996 0.584636
vt 0.435844 0.161907
vt 0.706922 0.501507
vt 0.711953 0.481450
vt 0.455810 0.152189
vt 0.718092 0.456061
vt 0.470525 0.145071
vt 0.725189 0.425966
vt 0.780962 0.608320
vt 0.745119 0.313822
vt 0.861865 0.557586
vt 0.421667 0.137346
vt 0.684716 0.473686
vt 0.440195 0.125139
vt 0.694287 0.449276
vt 0.453858 0.116198
vt 0.275496 0.234510
vt 0.705401 0.420326
vt 0.462319 0.110743
vt 0.479627 0.140729
vt 0.309561 0.211792
vt 0.717785 0.387550
vt 0.814021 0.541357
vt 0.341977 0.190207
vt 0.731134 0.351755
vt 0.829114 0.543191
vt 0.371945 0.170286
vt 0.845194 0.548645
vt 0.398728 0.152520
vt 0.671583 0.439454
vt 0.686528 0.412162
vt 0.441245 0.083274
vt 0.302968 0.203198
vt 0.703208 0.381244
vt 0.800289 0.543191
vt 0.819309 0.513546
vt 0.332290 0.177580
vt 0.721212 0.347462
vt 0.834336 0.515721
vt 0.359404 0.153938
vt 0.740096 0.311649
vt 0.850222 0.522194
vt 0.383641 0.132854
vt 0.671105 0.506613
vt 0.648317 0.480581
vt 0.676925 0.492957
vt 0.404405 0.114846
vt 0.658741 0.462449
vt 0.421185 0.100358
vt 0.433566 0.089747
vt 0.272158 0.230160
vt 0.622432 0.515754
vt 0.611646 0.548701
vt 0.606560 0.522262
vt 0.366117 0.115326
vt 0.735403 0.308841
vt 0.640568 0.493403
vt 0.621587 0.464591
vt 0.384356 0.094792
vt 0.634470 0.447931
vt 0.399103 0.078272
vt 0.650370 0.426764
vt 0.409996 0.066172
vt 0.268281 0.226282
vt 0.668895 0.401613
vt 0.416768 0.058791
vt 0.295309 0.195538
vt 0.689588 0.373097
vt 0.651257 0.515691
vt 0.642802 0.541346
vt 0.637454 0.513546
vt 0.321039 0.166327
vt 0.711941 0.341917
vt 0.627714 0.543212
vt 0.344837 0.139368
vt 0.374328 0.059257
vt 0.383552 0.045876
vt 0.263932 0.222944
vt 0.631010 0.411424
vt 0.652802 0.388861
vt 0.389304 0.037713
vt 0.286717 0.188943
vt 0.677159 0.363247
vt 0.656539 0.543149
vt 0.647210 0.571696
vt 0.308416 0.156638
vt 0.703481 0.335213
vt 0.632068 0.573188
vt 0.328493 0.126825
vt 0.731120 0.305448
vt 0.615838 0.577565
vt 0.346456 0.100236
vt 0.598921 0.584720
vt 0.594993 0.557678
vt 0.361860 0.077527
vt 0.597192 0.445261
vt 0.612320 0.430379
vt 0.310652 0.116522
vt 0.727320 0.301525
vt 0.635420 0.605169
vt 0.619066 0.608361
vt 0.324993 0.087842
vt 0.601946 0.613571
vt 0.337304 0.063347
vt 0.575550 0.422921
vt 0.592669 0.410095
vt 0.347283 0.043640
vt 0.613835 0.393694
vt 0.354684 0.029206
vt 0.259183 0.220202
vt 0.638525 0.374124
vt 0.672779 0.577441
vt 0.664245 0.605107
vt 0.660893 0.573125
vt 0.277337 0.183527
vt 0.666131 0.351864
vt 0.650605 0.604076
vt 0.294636 0.148681
vt 0.695975 0.327465
vt 0.599138 0.373880
vt 0.318432 0.031686
vt 0.323889 0.016447
vt 0.254118 0.218103
vt 0.626308 0.357653
vt 0.676007 0.608237
vt 0.666538 0.638546
vt 0.267331 0.179381
vt 0.656696 0.339143
vt 0.652926 0.637932
vt 0.279935 0.142590
vt 0.689552 0.318806
vt 0.637713 0.638609
vt 0.291620 0.108637
vt 0.724069 0.297142
vt 0.621274 0.640560
vt 0.302096 0.078356
vt 0.604014 0.643737
vt 0.311108 0.052493
vt 0.557031 0.397953
vt 0.575854 0.387425
vt 0.654135 0.672686
vt 0.638908 0.672935
vt 0.271721 0.103304
vt 0.721422 0.292372
vt 0.622424 0.673612
vt 0.278158 0.071940
vt 0.605092 0.674703
vt 0.283719 0.045153
vt 0.541951 0.370785
vt 0.562163 0.362757
vt 0.288268 0.023602
vt 0.587171 0.352320
vt 0.291691 0.007818
vt 0.248822 0.216684
vt 0.616361 0.339731
vt 0.678215 0.640436
vt 0.667733 0.672872
vt 0.256870 0.176577
vt 0.649012 0.325300
vt 0.264566 0.138471
vt 0.684323 0.309383
vt 0.257307 0.019525
vt 0.578139 0.329382
vt 0.258644 0.003466
vt 0.243386 0.215968
vt 0.608853 0.320664
vt 0.679365 0.673488
vt 0.667808 0.707496
vt 0.246132 0.175163
vt 0.643213 0.310573
vt 0.654212 0.707741
vt 0.248790 0.136394
vt 0.680375 0.299359
vt 0.638983 0.707559
vt 0.251296 0.100614
vt 0.719423 0.287297
vt 0.622497 0.706953
vt 0.253587 0.068704
vt 0.605160 0.705938
vt 0.255607 0.041451
vt 0.530570 0.341882
vt 0.551829 0.336513
vt 0.235301 0.175163
vt 0.232879 0.136394
vt 0.677778 0.288905
vt 0.637938 0.741889
vt 0.230695 0.100614
vt 0.718109 0.282005
vt 0.621491 0.740010
vt 0.228804 0.068705
vt 0.604217 0.736908
vt 0.227252 0.041451
vt 0.523082 0.311738
vt 0.545029 0.309143
vt 0.226078 0.019525
vt 0.572196 0.305460
vt 0.225311 0.003466
vt 0.237903 0.215968
vt 0.603912 0.300778
vt 0.679437 0.706829
vt 0.666763 0.741826
vt 0.639398 0.295214
vt 0.653154 0.742500
vt 0.519614 0.280869
vt 0.541881 0.281115
vt 0.195117 0.023602
vt 0.569444 0.280962
vt 0.192263 0.007818
vt 0.232467 0.216684
vt 0.601625 0.280414
vt 0.678431 0.739886
vt 0.664616 0.775276
vt 0.224563 0.176577
vt 0.637631 0.279486
vt 0.650980 0.776366
vt 0.217103 0.138471
vt 0.676575 0.278199
vt 0.635791 0.775338
vt 0.210270 0.103304
vt 0.717500 0.276585
vt 0.619423 0.772218
vt 0.204233 0.071940
vt 0.602280 0.767083
vt 0.199140 0.045153
vt 0.637943 0.263657
vt 0.661403 0.807271
vt 0.647727 0.808760
vt 0.201734 0.142590
vt 0.676788 0.267425
vt 0.632578 0.807334
vt 0.190371 0.108637
vt 0.717607 0.271131
vt 0.616329 0.803027
vt 0.180295 0.078356
vt 0.503191 0.280231
vt 0.520226 0.249803
vt 0.171752 0.052493
vt 0.542437 0.252907
vt 0.164953 0.031686
vt 0.569930 0.256308
vt 0.160066 0.016447
vt 0.227171 0.218103
vt 0.602029 0.259921
vt 0.676363 0.772094
vt 0.214102 0.179381
vt 0.503845 0.247072
vt 0.524908 0.219072
vt 0.157398 0.087842
vt 0.145555 0.063347
vt 0.546688 0.225004
vt 0.136102 0.043640
vt 0.573645 0.231919
vt 0.129270 0.029206
vt 0.222106 0.220202
vt 0.605117 0.239648
vt 0.673270 0.802903
vt 0.657179 0.837266
vt 0.204096 0.183527
vt 0.640328 0.247998
vt 0.643450 0.839129
vt 0.187033 0.148681
vt 0.678412 0.256766
vt 0.628354 0.837329
vt 0.171339 0.116522
vt 0.718429 0.265736
vt 0.612262 0.831910
vt 0.095249 0.037713
vt 0.125228 0.020401
vt 0.217358 0.222944
vt 0.194716 0.188943
vt 0.644747 0.232778
vt 0.652017 0.864747
vt 0.638224 0.866952
vt 0.173253 0.156638
vt 0.681419 0.246407
vt 0.623192 0.864809
vt 0.153498 0.126825
vt 0.719952 0.260491
vt 0.607292 0.858371
vt 0.135936 0.100236
vt 0.508842 0.214269
vt 0.533579 0.189201
vt 0.120999 0.077527
vt 0.554561 0.197882
vt 0.109057 0.059257
vt 0.580527 0.208214
vt 0.100403 0.045876
vt 0.610838 0.219942
vt 0.116274 0.115326
vt 0.518098 0.182385
vt 0.546092 0.160702
vt 0.098504 0.094792
vt 0.565922 0.172005
vt 0.084282 0.078272
vt 0.590457 0.185597
vt 0.073958 0.066172
vt 0.213008 0.226282
vt 0.619092 0.201142
vt 0.588061 0.524452
vt 0.565846 0.537367
vt 0.572652 0.516289
vt 0.722149 0.255487
vt 0.186124 0.195538
vt 0.651122 0.218257
vt 0.557785 0.513546
vt 0.550895 0.534886
vt 0.160630 0.166327
vt 0.685759 0.236523
vt 0.617180 0.889306
vt 0.137154 0.139368
vt 0.601502 0.881959
vt 0.724982 0.250810
vt 0.610420 0.910398
vt 0.594993 0.902269
vt 0.098750 0.132854
vt 0.531454 0.151965
vt 0.562232 0.134062
vt 0.078454 0.114846
vt 0.580577 0.147816
vt 0.062200 0.100358
vt 0.603266 0.164455
vt 0.050388 0.089747
vt 0.209131 0.230160
vt 0.629739 0.183567
vt 0.581508 0.544748
vt 0.559781 0.561850
vt 0.178465 0.203198
vt 0.659346 0.204684
vt 0.544754 0.559675
vt 0.149379 0.177580
vt 0.691356 0.227283
vt 0.632136 0.891754
vt 0.122587 0.153939
vt 0.598274 0.125730
vt 0.618734 0.145150
vt 0.043190 0.125139
vt 0.030096 0.116198
vt 0.205793 0.234510
vt 0.642597 0.167521
vt 0.575667 0.568323
vt 0.554559 0.589319
vt 0.171872 0.211792
vt 0.669277 0.192289
vt 0.539467 0.587486
vt 0.139692 0.190207
vt 0.698116 0.218847
vt 0.525734 0.589319
vt 0.530956 0.561850
vt 0.110046 0.170286
vt 0.728404 0.246540
vt 0.548682 0.123530
vt 0.561866 0.089515
vt 0.569486 0.097565
vt 0.083663 0.152520
vt 0.581722 0.109737
vt 0.061193 0.137346
vt 0.521445 0.619305
vt 0.131736 0.203990
vt 0.099745 0.188131
vt 0.732356 0.242748
vt 0.586816 0.065578
vt 0.593511 0.074516
vt 0.071271 0.173987
vt 0.604230 0.088143
vt 0.047016 0.161907
vt 0.618711 0.106123
vt 0.027576 0.152189
vt 0.636596 0.128014
vt 0.013429 0.145071
vt 0.203052 0.239260
vt 0.657445 0.153275
vt 0.570639 0.594774
vt 0.550270 0.619305
vt 0.166457 0.221174
vt 0.680745 0.181287
vt 0.535124 0.617846
vt 0.705922 0.211358
vt 0.015625 0.181046
vt 0.656548 0.113337
vt 0.566509 0.623647
vt 0.580480 0.659622
vt 0.563348 0.654449
vt 0.200954 0.244326
vt 0.674030 0.141076
vt 0.546987 0.651294
vt 0.162312 0.231182
vt 0.693555 0.171864
vt 0.531800 0.650233
vt 0.125647 0.218693
vt 0.714641 0.204944
vt 0.518162 0.651294
vt 0.091862 0.207167
vt 0.736770 0.239501
vt 0.614685 0.045079
vt 0.620346 0.054777
vt 0.061787 0.196888
vt 0.629371 0.069650
vt 0.036165 0.188109
vt 0.641538 0.089332
vt 0.121529 0.234066
vt 0.724124 0.199716
vt 0.515942 0.684738
vt 0.086530 0.227071
vt 0.741570 0.236855
vt 0.644994 0.028367
vt 0.649531 0.038685
vt 0.055373 0.220832
vt 0.656713 0.054574
vt 0.028826 0.215504
vt 0.666364 0.075643
vt 0.007542 0.211217
vt 0.678247 0.101373
vt 0.578477 0.689793
vt 0.561210 0.686653
vt 0.199535 0.249623
vt 0.692067 0.131130
vt 0.544767 0.684738
vt 0.159509 0.241646
vt 0.707486 0.164183
vt 0.529553 0.684094
vt 0.685790 0.043173
vt 0.692766 0.065291
vt 0.003466 0.242185
vt 0.701322 0.092325
vt 0.577467 0.720761
vt 0.560132 0.719708
vt 0.198819 0.255060
vt 0.711249 0.123609
vt 0.543647 0.719066
vt 0.158095 0.252386
vt 0.722302 0.158373
vt 0.528419 0.718850
vt 0.119452 0.249845
vt 0.734208 0.195762
vt 0.514822 0.719066
vt 0.083841 0.247500
vt 0.746675 0.234853
vt 0.504270 0.686653
vt 0.503191 0.719708
vt 0.052138 0.245408
vt 0.025125 0.243622
vt 0.712924 0.018478
vt 0.512539 0.273007
vt 0.525126 0.241201
vt 0.525126 0.273007
vt 0.512540 0.175627
vt 0.525126 0.142981
vt 0.525126 0.175627
vt 0.512540 0.142981
vt 0.525126 0.111175
vt 0.512540 0.111175
vt 0.525126 0.080754
vt 0.512540 0.080754
vt 0.525126 0.052237
vt 0.512540 0.052237
vt 0.525126 0.026114
vt 0.512540 0.026114
vt 0.525126 0.002830
vt 0.550205 0.358068
vt 0.562792 0.331945
vt 0.562792 0.358068
vt 0.550205 0.331945
vt 0.562792 0.303429
vt 0.550205 0.303429
vt 0.562792 0.273007
vt 0.550205 0.273007
vt 0.562792 0.241201
vt 0.550205 0.241201
vt 0.562792 0.208555
vt 0.550205 0.208555
vt 0.562792 0.175627
vt 0.550205 0.175627
vt 0.562792 0.142981
vt 0.550205 0.142981
vt 0.562792 0.111175
vt 0.550205 0.111175
vt 0.562792 0.080754
vt 0.550205 0.080754
vt 0.562792 0.052237
vt 0.550205 0.052237
vt 0.562792 0.026114
vt 0.550205 0.026114
vt 0.562792 0.002830
vt 0.512539 0.718967
vt 0.525126 0.692844
vt 0.525126 0.718967
vt 0.512539 0.692844
vt 0.525126 0.664328
vt 0.512539 0.664328
vt 0.525126 0.633906
vt 0.512539 0.633906
vt 0.525126 0.602100
vt 0.512539 0.602100
vt 0.525126 0.569454
vt 0.512539 0.569454
vt 0.525126 0.536526
vt 0.512539 0.536526
vt 0.525126 0.503880
vt 0.512539 0.503880
vt 0.525126 0.472074
vt 0.512539 0.472074
vt 0.525126 0.441653
vt 0.512539 0.441653
vt 0.525126 0.413136
vt 0.512539 0.413136
vt 0.525126 0.387013
vt 0.512539 0.387013
vt 0.525126 0.363729
vt 0.550205 0.718967
vt 0.562792 0.692844
vt 0.562792 0.718967
vt 0.550205 0.692844
vt 0.562792 0.664328
vt 0.550205 0.664328
vt 0.562792 0.633906
vt 0.550205 0.633906
vt 0.562792 0.602100
vt 0.550205 0.602100
vt 0.562792 0.569454
vt 0.550205 0.569454
vt 0.562792 0.536526
vt 0.550205 0.536526
vt 0.562792 0.503880
vt 0.550205 0.503880
vt 0.562792 0.472074
vt 0.550205 0.472074
vt 0.562792 0.441653
vt 0.550205 0.441653
vt 0.562792 0.413136
vt 0.550205 0.413136
vt 0.562792 0.387013
vt 0.550205 0.387013
vt 0.562792 0.363729
vt 0.512539 0.358069
vt 0.525126 0.331945
vt 0.525126 0.358069
vt 0.512539 0.331945
vt 0.525126 0.303429
vt 0.512539 0.303429
vt 0.512540 0.208555
vt 0.525126 0.208555
vt 0.265564 0.012539
vt 0.447865 0.382209
vt 0.036571 0.355252
vt 0.512540 0.241201
vt 0.534835 0.208292
vt 0.534835 0.240415
vt 0.007060 0.798324
vt 0.012539 0.765564
vt 0.016603 0.796426
vt 0.502830 0.208292
vt 0.007060 0.298324
vt 0.024659 0.326493
vt 0.015445 0.329621
vt 0.534835 0.175891
vt 0.002830 0.733800
vt 0.002830 0.766201
vt 0.502830 0.175891
vt 0.027845 0.359555
vt 0.007059 0.701676
vt 0.012539 0.734436
vt 0.502830 0.143767
vt 0.044045 0.387615
vt 0.052135 0.382209
vt 0.534835 0.143767
vt 0.024659 0.673507
vt 0.016602 0.703574
vt 0.502830 0.112471
vt 0.071085 0.406905
vt 0.063769 0.413320
vt 0.534835 0.112471
vt 0.015445 0.670380
vt 0.036571 0.644749
vt 0.502830 0.082536
vt 0.093096 0.428915
vt 0.086680 0.436231
vt 0.534835 0.082536
vt 0.044045 0.612385
vt 0.027845 0.640445
vt 0.502830 0.054476
vt 0.112385 0.455955
vt 0.117791 0.447865
vt 0.534835 0.054476
vt 0.071085 0.593096
vt 0.052135 0.617791
vt 0.502830 0.028771
vt 0.144749 0.463429
vt 0.140445 0.472155
vt 0.534835 0.028771
vt 0.086680 0.563769
vt 0.063769 0.586680
vt 0.502830 0.005860
vt 0.512540 0.002830
vt 0.170380 0.484555
vt 0.173507 0.475341
vt 0.572501 0.355411
vt 0.112385 0.544045
vt 0.093095 0.571085
vt 0.540496 0.329706
vt 0.201676 0.492941
vt 0.203574 0.483398
vt 0.572501 0.301646
vt 0.572501 0.329706
vt 0.144748 0.536571
vt 0.117791 0.552135
vt 0.540496 0.301646
vt 0.234436 0.487460
vt 0.233800 0.497170
vt 0.170379 0.515445
vt 0.140445 0.527845
vt 0.540496 0.271712
vt 0.266200 0.497170
vt 0.265564 0.487460
vt 0.572501 0.271712
vt 0.201676 0.507060
vt 0.173507 0.524659
vt 0.540496 0.240415
vt 0.298324 0.492940
vt 0.296426 0.483397
vt 0.572501 0.208292
vt 0.572501 0.240415
vt 0.234436 0.512540
vt 0.203574 0.516603
vt 0.540496 0.208292
vt 0.326493 0.475341
vt 0.329621 0.484555
vt 0.572501 0.175891
vt 0.266200 0.502830
vt 0.233799 0.502830
vt 0.540496 0.175891
vt 0.355252 0.463429
vt 0.359555 0.472155
vt 0.298324 0.507060
vt 0.265564 0.512540
vt 0.540496 0.143767
vt 0.387615 0.455955
vt 0.382209 0.447865
vt 0.572501 0.143767
vt 0.326493 0.524659
vt 0.296426 0.516603
vt 0.540496 0.112471
vt 0.406905 0.428915
vt 0.413320 0.436231
vt 0.572501 0.112471
vt 0.329620 0.515445
vt 0.355251 0.536571
vt 0.540496 0.082536
vt 0.428915 0.406904
vt 0.436231 0.413320
vt 0.572501 0.082536
vt 0.387615 0.544045
vt 0.359555 0.527845
vt 0.540496 0.054476
vt 0.455955 0.387615
vt 0.572501 0.054476
vt 0.406904 0.571085
vt 0.382209 0.552135
vt 0.540496 0.028771
vt 0.463429 0.355251
vt 0.472155 0.359555
vt 0.572501 0.028771
vt 0.436231 0.586680
vt 0.413320 0.563769
vt 0.540496 0.005860
vt 0.550205 0.002830
vt 0.484555 0.329620
vt 0.475341 0.326493
vt 0.534835 0.716310
vt 0.455955 0.612385
vt 0.428915 0.593095
vt 0.502830 0.690605
vt 0.492941 0.298324
vt 0.483398 0.296426
vt 0.534835 0.662545
vt 0.534835 0.690605
vt 0.463429 0.644748
vt 0.447865 0.617791
vt 0.502830 0.662545
vt 0.487461 0.265564
vt 0.497170 0.266200
vt 0.484555 0.670379
vt 0.472155 0.640445
vt 0.502830 0.632611
vt 0.497170 0.233799
vt 0.487460 0.234436
vt 0.534835 0.632611
vt 0.492940 0.701676
vt 0.475341 0.673507
vt 0.502830 0.601314
vt 0.492940 0.201676
vt 0.483397 0.203574
vt 0.534835 0.569191
vt 0.534835 0.601314
vt 0.487460 0.734436
vt 0.483397 0.703574
vt 0.502830 0.569191
vt 0.475341 0.173507
vt 0.484555 0.170379
vt 0.534835 0.536790
vt 0.497170 0.766200
vt 0.497170 0.733800
vt 0.502830 0.536790
vt 0.463429 0.144748
vt 0.472155 0.140445
vt 0.492941 0.798324
vt 0.487460 0.765564
vt 0.502830 0.504666
vt 0.455955 0.112385
vt 0.447865 0.117791
vt 0.534835 0.504666
vt 0.475341 0.826493
vt 0.483398 0.796426
vt 0.502830 0.473370
vt 0.428915 0.093095
vt 0.436231 0.086680
vt 0.534835 0.473370
vt 0.484555 0.829620
vt 0.463429 0.855251
vt 0.502830 0.443435
vt 0.406904 0.071085
vt 0.413320 0.063769
vt 0.534835 0.443435
vt 0.455955 0.887615
vt 0.472155 0.859555
vt 0.502830 0.415375
vt 0.387615 0.044045
vt 0.382209 0.052135
vt 0.534835 0.415375
vt 0.428915 0.906904
vt 0.447865 0.882209
vt 0.502830 0.389670
vt 0.355251 0.036571
vt 0.359555 0.027845
vt 0.534835 0.389670
vt 0.413320 0.936231
vt 0.436231 0.913320
vt 0.502830 0.366759
vt 0.512539 0.363729
vt 0.329620 0.015445
vt 0.326493 0.024659
vt 0.572501 0.716310
vt 0.387615 0.955955
vt 0.406905 0.928915
vt 0.540496 0.690605
vt 0.298324 0.007059
vt 0.296426 0.016602
vt 0.572501 0.662545
vt 0.572501 0.690605
vt 0.355252 0.963429
vt 0.382209 0.947865
vt 0.540496 0.662545
vt 0.266200 0.002830
vt 0.329621 0.984555
vt 0.359555 0.972155
vt 0.540496 0.632611
vt 0.233799 0.002830
vt 0.234436 0.012539
vt 0.572501 0.632611
vt 0.298324 0.992940
vt 0.326493 0.975341
vt 0.540496 0.601314
vt 0.201676 0.007060
vt 0.203574 0.016602
vt 0.572501 0.569190
vt 0.572501 0.601314
vt 0.265564 0.987461
vt 0.296426 0.983397
vt 0.540496 0.569190
vt 0.173507 0.024659
vt 0.170379 0.015445
vt 0.572501 0.536790
vt 0.233800 0.997170
vt 0.266200 0.997170
vt 0.540496 0.536790
vt 0.144748 0.036571
vt 0.140445 0.027845
vt 0.201676 0.992941
vt 0.234436 0.987461
vt 0.540496 0.504666
vt 0.112385 0.044045
vt 0.117791 0.052135
vt 0.572501 0.504666
vt 0.173507 0.975341
vt 0.203574 0.983398
vt 0.540496 0.473370
vt 0.093095 0.071085
vt 0.086680 0.063769
vt 0.572501 0.473370
vt 0.170380 0.984555
vt 0.144749 0.963429
vt 0.540496 0.443435
vt 0.071085 0.093096
vt 0.063769 0.086680
vt 0.572501 0.443435
vt 0.112385 0.955955
vt 0.140445 0.972155
vt 0.540496 0.415375
vt 0.044045 0.112385
vt 0.052135 0.117791
vt 0.572501 0.415375
vt 0.093096 0.928916
vt 0.117791 0.947865
vt 0.540496 0.389670
vt 0.036571 0.144749
vt 0.027845 0.140445
vt 0.572501 0.389670
vt 0.063769 0.913320
vt 0.086680 0.936231
vt 0.540496 0.366759
vt 0.550205 0.363729
vt 0.015445 0.170380
vt 0.024659 0.173507
vt 0.534835 0.355411
vt 0.044045 0.887615
vt 0.071085 0.906905
vt 0.502830 0.329706
vt 0.007059 0.201676
vt 0.016602 0.203574
vt 0.534835 0.301646
vt 0.534835 0.329706
vt 0.036571 0.855252
vt 0.052135 0.882209
vt 0.502830 0.301646
vt 0.012539 0.234436
vt 0.002830 0.233800
vt 0.015445 0.829621
vt 0.027845 0.859555
vt 0.502830 0.271712
vt 0.002830 0.266200
vt 0.012539 0.265564
vt 0.534835 0.271712
vt 0.024659 0.826493
vt 0.502830 0.240415
vt 0.016603 0.296426
vt 0.466185 0.972587
vt 0.504161 0.027412
vt 0.504161 0.972587
vt 0.651786 0.191974
vt 0.689762 0.027412
vt 0.689762 0.191974
vt 0.191974 0.972588
vt 0.027412 0.027412
vt 0.191974 0.027412
vt 0.651786 0.411360
vt 0.689762 0.246799
vt 0.689762 0.411360
vt 0.558986 0.972587
vt 0.596962 0.027412
vt 0.596962 0.972587
vt 0.246799 0.027412
vt 0.227310 0.007923
vt 0.246799 0.003543
vt 0.523650 0.007923
vt 0.528030 0.027412
vt 0.709251 0.430850
vt 0.689762 0.435230
vt 0.466185 0.027412
vt 0.446696 0.007923
vt 0.466185 0.003543
vt 0.027412 0.972588
vt 0.007923 0.992077
vt 0.003543 0.972588
vt 0.632297 0.430850
vt 0.627917 0.411360
vt 0.411361 0.027412
vt 0.430850 0.007923
vt 0.435230 0.027412
vt 0.709251 0.227309
vt 0.713631 0.246799
vt 0.616451 0.992077
vt 0.596962 0.996457
vt 0.211463 0.992077
vt 0.191974 0.996457
vt 0.539497 0.992077
vt 0.535116 0.972587
vt 0.651786 0.246799
vt 0.632297 0.227309
vt 0.651786 0.222929
vt 0.246799 0.972588
vt 0.227310 0.992077
vt 0.222929 0.972588
vt 0.709251 0.007923
vt 0.713631 0.027412
vt 0.523650 0.992077
vt 0.504161 0.996457
vt 0.007923 0.007923
vt 0.027412 0.003543
vt 0.446696 0.992077
vt 0.442316 0.972588
vt 0.651786 0.027412
vt 0.632297 0.007923
vt 0.651786 0.003543
vt 0.411360 0.972588
vt 0.430850 0.992077
vt 0.411360 0.996457
vt 0.616451 0.007923
vt 0.620831 0.027412
vt 0.709251 0.211463
vt 0.689762 0.215843
vt 0.211463 0.007923
vt 0.215843 0.027412
vt 0.632297 0.211463
vt 0.627917 0.191974
vt 0.558986 0.027412
vt 0.539497 0.007923
vt 0.558986 0.003543
vt 0.411361 0.003543
vt 0.713631 0.411360
vt 0.504161 0.003543
vt 0.651786 0.435230
vt 0.027412 0.996457
vt 0.558986 0.996457
vt 0.689762 0.222929
vt 0.435230 0.972588
vt 0.620831 0.972587
vt 0.215843 0.972588
vt 0.651786 0.215843
vt 0.596962 0.003543
vt 0.246799 0.996457
vt 0.713631 0.191974
vt 0.191974 0.003543
vt 0.627917 0.027412
vt 0.466185 0.996457
vt 0.689762 0.003543
vt 0.222929 0.027412
vt 0.003543 0.027412
vt 0.442316 0.027412
vt 0.466156 0.972594
vt 0.504132 0.027405
vt 0.504132 0.972594
vt 0.651730 0.406353
vt 0.689707 0.244568
vt 0.689707 0.406353
vt 0.246781 0.027405
vt 0.411345 0.972594
vt 0.246780 0.972594
vt 0.651730 0.191969
vt 0.689707 0.027405
vt 0.689707 0.191970
vt 0.558943 0.954416
vt 0.596919 0.025193
vt 0.596919 0.954416
vt 0.027406 0.027406
vt 0.007916 0.007916
vt 0.027405 0.003536
vt 0.523622 0.007916
vt 0.528002 0.027405
vt 0.709196 0.211459
vt 0.689707 0.215839
vt 0.466156 0.027405
vt 0.446666 0.007916
vt 0.466156 0.003536
vt 0.411345 0.027405
vt 0.430834 0.007916
vt 0.435214 0.027405
vt 0.632241 0.211459
vt 0.627861 0.191970
vt 0.191970 0.027406
vt 0.211459 0.007916
vt 0.215839 0.027406
vt 0.709196 0.007916
vt 0.713577 0.027405
vt 0.616409 0.976188
vt 0.596919 0.979692
vt 0.227291 0.007916
vt 0.246781 0.003536
vt 0.539454 0.976188
vt 0.535073 0.956226
vt 0.651730 0.027405
vt 0.632241 0.007916
vt 0.651730 0.003536
vt 0.027405 0.972594
vt 0.007916 0.992084
vt 0.003536 0.972595
vt 0.709196 0.228019
vt 0.713577 0.246377
vt 0.523622 0.992084
vt 0.504132 0.996464
vt 0.430834 0.992083
vt 0.411344 0.996464
vt 0.446666 0.992083
vt 0.442286 0.972594
vt 0.651730 0.244568
vt 0.632241 0.228019
vt 0.651730 0.222911
vt 0.191970 0.972594
vt 0.211459 0.992084
vt 0.191969 0.996464
vt 0.616409 0.008643
vt 0.620789 0.027002
vt 0.709196 0.428124
vt 0.689707 0.431628
vt 0.227291 0.992084
vt 0.222911 0.972594
vt 0.632241 0.428124
vt 0.627861 0.408162
vt 0.558943 0.025193
vt 0.539454 0.008643
vt 0.558943 0.003536
vt 0.191970 0.003536
vt 0.504132 0.003536
vt 0.651730 0.215839
vt 0.411345 0.003536
vt 0.627861 0.027405
vt 0.558943 0.979692
vt 0.689707 0.003536
vt 0.215839 0.972595
vt 0.620789 0.956226
vt 0.222911 0.027406
vt 0.651730 0.431628
vt 0.596919 0.003536
vt 0.027405 0.996464
vt 0.713577 0.408162
vt 0.246781 0.996464
vt 0.627861 0.246378
vt 0.466156 0.996463
vt 0.689707 0.222911
vt 0.003536 0.027406
vt 0.435214 0.972594
vt 0.558986 0.972587
vt 0.596962 0.027412
vt 0.596962 0.972587
vt 0.651786 0.411361
vt 0.689762 0.246799
vt 0.689762 0.411361
vt 0.027412 0.027412
vt 0.191974 0.972587
vt 0.027413 0.972587
vt 0.651786 0.191974
vt 0.689762 0.027412
vt 0.689762 0.191974
vt 0.466185 0.972587
vt 0.504161 0.027412
vt 0.504161 0.972587
vt 0.246799 0.027412
vt 0.227310 0.007923
vt 0.246799 0.003543
vt 0.616451 0.007923
vt 0.620831 0.027412
vt 0.709251 0.211464
vt 0.689762 0.215844
vt 0.558986 0.027412
vt 0.539497 0.007923
vt 0.558986 0.003543
vt 0.191974 0.027412
vt 0.211463 0.007923
vt 0.215844 0.027412
vt 0.632297 0.211463
vt 0.627917 0.191974
vt 0.411361 0.027412
vt 0.430850 0.007923
vt 0.435230 0.027412
vt 0.709251 0.007923
vt 0.713631 0.027413
vt 0.523650 0.992077
vt 0.504161 0.996457
vt 0.007923 0.007923
vt 0.027412 0.003543
vt 0.446696 0.992077
vt 0.442316 0.972587
vt 0.651786 0.027412
vt 0.632297 0.007923
vt 0.246799 0.972588
vt 0.227310 0.992077
vt 0.222930 0.972588
vt 0.709251 0.227310
vt 0.713631 0.246799
vt 0.616451 0.992077
vt 0.596962 0.996457
vt 0.211463 0.992076
vt 0.191974 0.996456
vt 0.535116 0.972587
vt 0.651786 0.246799
vt 0.632297 0.227310
vt 0.651786 0.222930
vt 0.430850 0.992077
vt 0.411360 0.996457
vt 0.523650 0.007923
vt 0.528031 0.027412
vt 0.709251 0.430850
vt 0.689762 0.435230
vt 0.007924 0.992077
vt 0.003543 0.972587
vt 0.627917 0.411360
vt 0.466185 0.027412
vt 0.446696 0.007923
vt 0.466185 0.003543
vt 0.411361 0.003543
vt 0.596962 0.003543
vt 0.651786 0.215844
vt 0.191974 0.003543
vt 0.627917 0.027412
vt 0.466185 0.996457
vt 0.689762 0.003543
vt 0.435230 0.972587
vt 0.003543 0.027412
vt 0.442316 0.027412
vt 0.651786 0.435230
vt 0.504161 0.003543
vt 0.246799 0.996457
vt 0.027413 0.996457
vt 0.558986 0.996457
vt 0.689762 0.222930
vt 0.222930 0.027413
vt 0.620831 0.972587
vt 0.215844 0.972587
vt 0.558927 0.954419
vt 0.596904 0.025190
vt 0.596904 0.954419
vt 0.651710 0.191968
vt 0.689687 0.027403
vt 0.689687 0.191968
vt 0.246774 0.027403
vt 0.411339 0.972597
vt 0.246774 0.972597
vt 0.651710 0.411339
vt 0.689687 0.246774
vt 0.689687 0.411339
vt 0.466145 0.954419
vt 0.504122 0.025190
vt 0.504122 0.954419
vt 0.027403 0.027403
vt 0.007913 0.007913
vt 0.027403 0.003533
vt 0.616394 0.008641
vt 0.620774 0.027000
vt 0.709176 0.430829
vt 0.689687 0.435209
vt 0.558927 0.025190
vt 0.539438 0.008641
vt 0.558927 0.003533
vt 0.411339 0.027403
vt 0.430829 0.007914
vt 0.435209 0.027403
vt 0.632221 0.430829
vt 0.627840 0.411339
vt 0.191968 0.027403
vt 0.211458 0.007913
vt 0.215838 0.027403
vt 0.709176 0.227284
vt 0.713557 0.246774
vt 0.523611 0.976191
vt 0.504122 0.979695
vt 0.227284 0.007914
vt 0.246774 0.003533
vt 0.446655 0.976191
vt 0.442275 0.956229
vt 0.651710 0.246774
vt 0.632221 0.227284
vt 0.651710 0.222904
vt 0.027403 0.972597
vt 0.007913 0.992086
vt 0.003533 0.972597
vt 0.709176 0.007913
vt 0.713557 0.027403
vt 0.616394 0.976190
vt 0.596904 0.979695
vt 0.430829 0.992086
vt 0.411339 0.996467
vt 0.539438 0.976190
vt 0.535058 0.956228
vt 0.651710 0.027403
vt 0.632221 0.007913
vt 0.651710 0.003533
vt 0.191968 0.972597
vt 0.211458 0.992086
vt 0.191968 0.996467
vt 0.523611 0.008641
vt 0.527991 0.027000
vt 0.709176 0.211458
vt 0.689687 0.215838
vt 0.227285 0.992086
vt 0.222904 0.972597
vt 0.632221 0.211457
vt 0.627840 0.191968
vt 0.466145 0.025190
vt 0.446655 0.008642
vt 0.466145 0.003533
vt 0.191968 0.003533
vt 0.713556 0.411339
vt 0.596904 0.003533
vt 0.651710 0.435209
vt 0.411339 0.003533
vt 0.627840 0.246774
vt 0.466145 0.979695
vt 0.689687 0.222904
vt 0.215838 0.972597
vt 0.527991 0.956229
vt 0.222904 0.027403
vt 0.442275 0.027000
vt 0.651710 0.215838
vt 0.027403 0.996466
vt 0.246774 0.996467
vt 0.558927 0.979695
vt 0.689687 0.003533
vt 0.003533 0.027403
vt 0.620774 0.956228
vt 0.435209 0.972597
vt 0.651786 0.191974
vt 0.689762 0.191974
vt 0.027412 0.027412
vt 0.191974 0.972588
vt 0.027412 0.972588
vt 0.651786 0.411360
vt 0.689762 0.246799
vt 0.689762 0.411360
vt 0.596962 0.027412
vt 0.246799 0.027412
vt 0.227310 0.007923
vt 0.246799 0.003543
vt 0.709251 0.430850
vt 0.689762 0.435230
vt 0.191974 0.027412
vt 0.211463 0.007923
vt 0.215843 0.027412
vt 0.632297 0.430850
vt 0.627917 0.411360
vt 0.411361 0.027412
vt 0.430850 0.007923
vt 0.435230 0.027412
vt 0.709251 0.227309
vt 0.713631 0.246799
vt 0.007923 0.007923
vt 0.027412 0.003543
vt 0.651786 0.246799
vt 0.632297 0.227309
vt 0.651786 0.222929
vt 0.713631 0.027412
vt 0.211463 0.992077
vt 0.191974 0.996457
vt 0.430850 0.992077
vt 0.411361 0.996457
vt 0.709251 0.211463
vt 0.689762 0.215843
vt 0.007923 0.992077
vt 0.003543 0.972588
vt 0.632297 0.211463
vt 0.627917 0.191974
vt 0.558986 0.027412
vt 0.411361 0.003543
vt 0.651786 0.435230
vt 0.191974 0.003543
vt 0.627917 0.246799
vt 0.689762 0.222929
vt 0.435230 0.972588
vt 0.003543 0.027412
vt 0.651786 0.215843
vt 0.246799 0.996457
vt 0.027412 0.996457
vt 0.627917 0.027412
vt 0.222929 0.027412
vt 0.215843 0.972588
vt 0.466145 0.958038
vt 0.504121 0.028809
vt 0.504121 0.958038
vt 0.651710 0.411339
vt 0.689686 0.246774
vt 0.689686 0.411339
vt 0.246774 0.027403
vt 0.411339 0.972597
vt 0.246774 0.972597
vt 0.651710 0.191968
vt 0.689686 0.027403
vt 0.689686 0.191968
vt 0.558927 0.958038
vt 0.596904 0.028810
vt 0.596904 0.958038
vt 0.027403 0.027403
vt 0.007913 0.007913
vt 0.027403 0.003533
vt 0.523611 0.007038
vt 0.527991 0.027000
vt 0.709176 0.211458
vt 0.689686 0.215838
vt 0.466145 0.028809
vt 0.446655 0.007038
vt 0.466145 0.003533
vt 0.411339 0.027403
vt 0.430828 0.007913
vt 0.435209 0.027403
vt 0.632220 0.211458
vt 0.627840 0.191968
vt 0.191968 0.027403
vt 0.211458 0.007913
vt 0.215838 0.027403
vt 0.709176 0.007913
vt 0.713556 0.027403
vt 0.616393 0.974587
vt 0.596904 0.979695
vt 0.227284 0.007913
vt 0.246774 0.003533
vt 0.539438 0.974587
vt 0.535057 0.956228
vt 0.651710 0.027403
vt 0.632220 0.007913
vt 0.651710 0.003533
vt 0.027403 0.972597
vt 0.007913 0.992086
vt 0.003533 0.972597
vt 0.709176 0.227284
vt 0.713556 0.246774
vt 0.523611 0.974588
vt 0.504121 0.979695
vt 0.430828 0.992086
vt 0.411338 0.996466
vt 0.446655 0.974587
vt 0.442275 0.956229
vt 0.651710 0.246774
vt 0.632220 0.227285
vt 0.651710 0.222904
vt 0.191968 0.972597
vt 0.211457 0.992087
vt 0.191968 0.996467
vt 0.616393 0.007038
vt 0.620774 0.027000
vt 0.709176 0.430828
vt 0.689686 0.435208
vt 0.227284 0.992087
vt 0.222904 0.972597
vt 0.632220 0.430828
vt 0.627840 0.411339
vt 0.558927 0.028810
vt 0.539438 0.007038
vt 0.558927 0.003533
vt 0.191968 0.003533
vt 0.713556 0.191968
vt 0.504121 0.003533
vt 0.651710 0.215838
vt 0.411339 0.003533
vt 0.627840 0.027403
vt 0.558927 0.979695
vt 0.215838 0.972597
vt 0.620773 0.956228
vt 0.222904 0.027403
vt 0.651710 0.435208
vt 0.596904 0.003533
vt 0.027403 0.996467
vt 0.713556 0.411339
vt 0.246774 0.996467
vt 0.627840 0.246774
vt 0.466145 0.979695
vt 0.003533 0.027403
vt 0.435208 0.972596
vt 0.558986 0.972588
vt 0.596962 0.027412
vt 0.596962 0.972588
vt 0.651787 0.411361
vt 0.689763 0.246799
vt 0.689763 0.411361
vt 0.027412 0.027412
vt 0.191974 0.972587
vt 0.027413 0.972587
vt 0.651786 0.191974
vt 0.689762 0.027412
vt 0.689762 0.191974
vt 0.466185 0.972588
vt 0.504161 0.027412
vt 0.504161 0.972588
vt 0.246799 0.027412
vt 0.227310 0.007923
vt 0.246799 0.003543
vt 0.616451 0.007923
vt 0.620831 0.027412
vt 0.709251 0.211464
vt 0.689762 0.215844
vt 0.558986 0.027412
vt 0.539497 0.007923
vt 0.558986 0.003543
vt 0.191974 0.027412
vt 0.211463 0.007923
vt 0.215844 0.027412
vt 0.632297 0.211464
vt 0.627917 0.191974
vt 0.411361 0.027412
vt 0.430850 0.007923
vt 0.435230 0.027412
vt 0.709251 0.007923
vt 0.713631 0.027413
vt 0.523650 0.992077
vt 0.504161 0.996457
vt 0.007923 0.007923
vt 0.027412 0.003543
vt 0.446696 0.992077
vt 0.442316 0.972587
vt 0.651786 0.027412
vt 0.632297 0.007923
vt 0.651786 0.003543
vt 0.246799 0.972588
vt 0.227310 0.992077
vt 0.222930 0.972588
vt 0.709252 0.227310
vt 0.713632 0.246799
vt 0.616451 0.992077
vt 0.596962 0.996457
vt 0.211463 0.992076
vt 0.191974 0.996457
vt 0.539497 0.992077
vt 0.535116 0.972588
vt 0.651787 0.246799
vt 0.632298 0.227310
vt 0.651787 0.222930
vt 0.411360 0.972588
vt 0.430850 0.992077
vt 0.411360 0.996457
vt 0.523651 0.007923
vt 0.528031 0.027412
vt 0.709252 0.430850
vt 0.689763 0.435230
vt 0.007924 0.992077
vt 0.003543 0.972587
vt 0.632298 0.430850
vt 0.627917 0.411360
vt 0.466185 0.027412
vt 0.446696 0.007923
vt 0.466185 0.003543
vt 0.411361 0.003543
vt 0.596962 0.003543
vt 0.651786 0.215844
vt 0.191974 0.003543
vt 0.627917 0.027412
vt 0.466185 0.996457
vt 0.689762 0.003543
vt 0.435230 0.972588
vt 0.003543 0.027412
vt 0.442316 0.027412
vt 0.651787 0.435230
vt 0.504161 0.003543
vt 0.246799 0.996457
vt 0.027413 0.996457
vt 0.558986 0.996457
vt 0.689763 0.222930
vt 0.222930 0.027413
vt 0.620831 0.972588
vt 0.215844 0.972587
vt 0.558943 0.958036
vt 0.596920 0.028812
vt 0.596919 0.958036
vt 0.651730 0.409971
vt 0.689707 0.248187
vt 0.689706 0.409971
vt 0.027406 0.027405
vt 0.191970 0.972594
vt 0.027406 0.972594
vt 0.651731 0.191970
vt 0.689707 0.027405
vt 0.689707 0.191970
vt 0.466156 0.972594
vt 0.504132 0.027405
vt 0.504132 0.972594
vt 0.246781 0.027405
vt 0.227291 0.007916
vt 0.246781 0.003536
vt 0.616409 0.007040
vt 0.620789 0.027002
vt 0.709196 0.211459
vt 0.689707 0.215839
vt 0.558943 0.028812
vt 0.539454 0.007040
vt 0.558943 0.003536
vt 0.191970 0.027405
vt 0.211459 0.007916
vt 0.215839 0.027405
vt 0.632241 0.211459
vt 0.627861 0.191970
vt 0.411345 0.027405
vt 0.430834 0.007916
vt 0.435214 0.027405
vt 0.709196 0.007916
vt 0.713577 0.027405
vt 0.523622 0.992084
vt 0.504132 0.996464
vt 0.007916 0.007916
vt 0.027405 0.003536
vt 0.446666 0.992084
vt 0.442286 0.972594
vt 0.651731 0.027405
vt 0.632241 0.007916
vt 0.651731 0.003536
vt 0.246781 0.972594
vt 0.227291 0.992084
vt 0.222911 0.972595
vt 0.709196 0.226416
vt 0.713576 0.246378
vt 0.616409 0.974585
vt 0.596919 0.979693
vt 0.211459 0.992084
vt 0.191970 0.996464
vt 0.539454 0.974585
vt 0.535073 0.956226
vt 0.651730 0.248187
vt 0.632241 0.226415
vt 0.651730 0.222911
vt 0.411345 0.972594
vt 0.430834 0.992083
vt 0.411345 0.996464
vt 0.523622 0.007916
vt 0.528002 0.027406
vt 0.709196 0.426520
vt 0.689707 0.431628
vt 0.007916 0.992084
vt 0.003536 0.972594
vt 0.632241 0.426521
vt 0.627861 0.408162
vt 0.466156 0.027405
vt 0.446667 0.007916
vt 0.466156 0.003535
vt 0.411345 0.003536
vt 0.713577 0.191970
vt 0.596920 0.003536
vt 0.651731 0.215839
vt 0.191970 0.003536
vt 0.627861 0.027405
vt 0.466156 0.996464
vt 0.689707 0.003536
vt 0.435214 0.972594
vt 0.003536 0.027405
vt 0.651730 0.431628
vt 0.504132 0.003536
vt 0.246781 0.996464
vt 0.027406 0.996464
vt 0.627861 0.246377
vt 0.558943 0.979693
vt 0.689707 0.222911
vt 0.222911 0.027406
vt 0.215839 0.972594
vt 0.535073 0.027002
vt 0.689762 0.027412
vt 0.411360 0.972588
vt 0.246799 0.027412
vt 0.411361 0.027412
vt 0.689762 0.246799
vt 0.027412 0.027412
vt 0.007923 0.007923
vt 0.027412 0.003543
vt 0.709251 0.430850
vt 0.689762 0.435230
vt 0.246799 0.972588
vt 0.227310 0.992077
vt 0.222929 0.972588
vt 0.632297 0.430850
vt 0.191974 0.027412
vt 0.211463 0.007923
vt 0.215843 0.027412
vt 0.709251 0.227309
vt 0.430850 0.992077
vt 0.651786 0.246799
vt 0.027412 0.972588
vt 0.007923 0.992077
vt 0.003543 0.972588
vt 0.227310 0.007923
vt 0.246799 0.003543
vt 0.651786 0.027412
vt 0.191974 0.972588
vt 0.211463 0.992077
vt 0.191974 0.996457
vt 0.709251 0.211463
vt 0.689762 0.215843
vt 0.430850 0.007923
vt 0.435230 0.027412
vt 0.191974 0.003543
vt 0.651786 0.435230
vt 0.246799 0.996457
vt 0.627917 0.246799
vt 0.215843 0.972588
vt 0.435230 0.972588
vt 0.027412 0.996457
vt 0.713631 0.191974
vt 0.411361 0.003543
vt 0.003543 0.027412
vt 0.222929 0.027412
vt 0.466145 0.958038
vt 0.504122 0.028809
vt 0.504121 0.958038
vt 0.651710 0.191968
vt 0.689687 0.027403
vt 0.689687 0.191968
vt 0.191968 0.972597
vt 0.027403 0.027403
vt 0.191968 0.027403
vt 0.651710 0.411339
vt 0.689687 0.246774
vt 0.689687 0.411339
vt 0.558927 0.958037
vt 0.596904 0.028809
vt 0.596904 0.958037
vt 0.411339 0.972597
vt 0.430829 0.992086
vt 0.411339 0.996466
vt 0.523611 0.007038
vt 0.527991 0.027000
vt 0.709176 0.430828
vt 0.689687 0.435209
vt 0.466145 0.028809
vt 0.446655 0.007038
vt 0.466145 0.003533
vt 0.027403 0.972597
vt 0.007913 0.992086
vt 0.003533 0.972597
vt 0.632220 0.430828
vt 0.627840 0.411339
vt 0.246774 0.972597
vt 0.227284 0.992086
vt 0.222904 0.972596
vt 0.709176 0.227284
vt 0.713556 0.246774
vt 0.616393 0.974586
vt 0.596904 0.979694
vt 0.191968 0.996467
vt 0.539438 0.974586
vt 0.535058 0.956228
vt 0.651710 0.246774
vt 0.632220 0.227284
vt 0.651710 0.222904
vt 0.411339 0.027403
vt 0.430828 0.007914
vt 0.435209 0.027403
vt 0.709176 0.007914
vt 0.713556 0.027403
vt 0.523611 0.974587
vt 0.504121 0.979695
vt 0.007913 0.007914
vt 0.027403 0.003533
vt 0.446655 0.974587
vt 0.442275 0.956228
vt 0.651710 0.027403
vt 0.632220 0.007913
vt 0.651710 0.003533
vt 0.246774 0.027403
vt 0.227284 0.007913
vt 0.246774 0.003533
vt 0.616394 0.007038
vt 0.620774 0.027000
vt 0.709176 0.211458
vt 0.689687 0.215838
vt 0.211458 0.007914
vt 0.215838 0.027404
vt 0.632220 0.211458
vt 0.627840 0.191968
vt 0.558927 0.028809
vt 0.539438 0.007038
vt 0.558927 0.003533
vt 0.246774 0.996466
vt 0.504122 0.003533
vt 0.651710 0.435209
vt 0.027403 0.996467
vt 0.627840 0.246774
vt 0.558927 0.979694
vt 0.689687 0.222904
vt 0.222904 0.027403
vt 0.215838 0.972597
vt 0.535058 0.026999
vt 0.651710 0.215838
vt 0.596904 0.003533
vt 0.411339 0.003533
vt 0.191968 0.003534
vt 0.627840 0.027403
vt 0.466145 0.979695
vt 0.689687 0.003533
vt 0.435209 0.972597
vt 0.527991 0.956228
vt 0.003533 0.027403
vt 0.442275 0.027000
vt 0.558942 0.954417
vt 0.596919 0.025193
vt 0.596919 0.954417
vt 0.651730 0.191969
vt 0.689707 0.027405
vt 0.689707 0.191969
vt 0.191970 0.027405
vt 0.027405 0.972594
vt 0.027406 0.027405
vt 0.651730 0.406352
vt 0.689707 0.244568
vt 0.689707 0.406352
vt 0.466155 0.972594
vt 0.504132 0.027406
vt 0.504132 0.972594
vt 0.411344 0.972594
vt 0.430834 0.992084
vt 0.411344 0.996464
vt 0.616408 0.008644
vt 0.620789 0.027002
vt 0.709196 0.428124
vt 0.689707 0.431628
vt 0.558942 0.025193
vt 0.539453 0.008644
vt 0.558942 0.003536
vt 0.007916 0.992084
vt 0.003536 0.972594
vt 0.632241 0.428124
vt 0.627861 0.408162
vt 0.246780 0.972594
vt 0.227291 0.992084
vt 0.222911 0.972594
vt 0.709196 0.228019
vt 0.713576 0.246377
vt 0.523621 0.992084
vt 0.504132 0.996464
vt 0.191969 0.972594
vt 0.211459 0.992084
vt 0.191970 0.996464
vt 0.446666 0.992084
vt 0.442286 0.972594
vt 0.651730 0.244568
vt 0.632241 0.228018
vt 0.651730 0.222911
vt 0.411344 0.027405
vt 0.430834 0.007916
vt 0.435214 0.027405
vt 0.709196 0.007916
vt 0.713576 0.027405
vt 0.616408 0.976189
vt 0.596919 0.979693
vt 0.007916 0.007916
vt 0.027406 0.003536
vt 0.539453 0.976189
vt 0.535073 0.956227
vt 0.651730 0.027405
vt 0.632241 0.007916
vt 0.651730 0.003536
vt 0.246780 0.027406
vt 0.227291 0.007916
vt 0.246781 0.003536
vt 0.523621 0.007916
vt 0.528002 0.027406
vt 0.709196 0.211459
vt 0.689707 0.215839
vt 0.211459 0.007916
vt 0.215839 0.027405
vt 0.632241 0.211459
vt 0.627861 0.191969
vt 0.466155 0.027406
vt 0.446666 0.007916
vt 0.466155 0.003536
vt 0.246780 0.996464
vt 0.596919 0.003536
vt 0.651730 0.431628
vt 0.027405 0.996464
vt 0.466155 0.996464
vt 0.689707 0.222911
vt 0.222911 0.027405
vt 0.215839 0.972594
vt 0.442286 0.027406
vt 0.651730 0.215839
vt 0.411344 0.003536
vt 0.713576 0.191969
vt 0.191970 0.003536
vt 0.627861 0.027405
vt 0.558942 0.979693
vt 0.689707 0.003536
vt 0.435214 0.972594
vt 0.620789 0.956227
vt 0.003536 0.027405
vt 0.535073 0.027002
vt 0.558943 0.958035
vt 0.596919 0.028812
vt 0.596919 0.958035
vt 0.651730 0.409971
vt 0.689706 0.248187
vt 0.689706 0.409971
vt 0.411344 0.027406
vt 0.246780 0.972595
vt 0.246780 0.027406
vt 0.651730 0.191970
vt 0.689706 0.027406
vt 0.689706 0.191970
vt 0.466155 0.972594
vt 0.504132 0.027406
vt 0.504132 0.972594
vt 0.191970 0.972594
vt 0.211459 0.992084
vt 0.191970 0.996464
vt 0.616409 0.007040
vt 0.620789 0.027002
vt 0.709196 0.211459
vt 0.689706 0.215839
vt 0.558943 0.028812
vt 0.539453 0.007040
vt 0.558943 0.003536
vt 0.227291 0.992084
vt 0.222911 0.972594
vt 0.632241 0.211459
vt 0.627860 0.191970
vt 0.027405 0.972594
vt 0.007916 0.992084
vt 0.003536 0.972594
vt 0.709196 0.007916
vt 0.713576 0.027406
vt 0.523621 0.992083
vt 0.504132 0.996464
vt 0.411344 0.972595
vt 0.430834 0.992084
vt 0.411344 0.996464
vt 0.446666 0.992083
vt 0.442286 0.972594
vt 0.651730 0.027406
vt 0.632241 0.007916
vt 0.651730 0.003536
vt 0.191970 0.027406
vt 0.211459 0.007916
vt 0.215839 0.027405
vt 0.709196 0.226416
vt 0.713576 0.246377
vt 0.616409 0.974585
vt 0.596919 0.979692
vt 0.227291 0.007916
vt 0.246780 0.003536
vt 0.539453 0.974585
vt 0.535073 0.956226
vt 0.651730 0.248187
vt 0.632241 0.226416
vt 0.651730 0.222911
vt 0.027406 0.027406
vt 0.007916 0.007916
vt 0.027406 0.003536
vt 0.523621 0.007916
vt 0.528001 0.027405
vt 0.709196 0.426521
vt 0.689706 0.431628
vt 0.430834 0.007917
vt 0.435214 0.027406
vt 0.632240 0.426520
vt 0.627860 0.408162
vt 0.466155 0.027406
vt 0.446666 0.007916
vt 0.466155 0.003536
vt 0.027405 0.996464
vt 0.713576 0.191970
vt 0.596919 0.003536
vt 0.651730 0.215839
vt 0.246780 0.996464
vt 0.627860 0.027406
vt 0.466155 0.996464
vt 0.003536 0.027406
vt 0.528001 0.972594
vt 0.435214 0.972595
vt 0.442286 0.027406
vt 0.651730 0.431628
vt 0.191970 0.003536
vt 0.411344 0.003537
vt 0.627860 0.246377
vt 0.558943 0.979692
vt 0.689706 0.222911
vt 0.215839 0.972594
vt 0.222911 0.027406
vt 0.535073 0.027002
vt 0.191974 0.972588
vt 0.027412 0.027412
vt 0.191974 0.027412
vt 0.651786 0.411360
vt 0.689762 0.246799
vt 0.689762 0.411360
vt 0.558985 0.972587
vt 0.596961 0.027412
vt 0.596961 0.972587
vt 0.411360 0.972588
vt 0.430850 0.992077
vt 0.411360 0.996457
vt 0.709251 0.430850
vt 0.027412 0.972588
vt 0.007923 0.992077
vt 0.003543 0.972588
vt 0.632297 0.430850
vt 0.627917 0.411360
vt 0.246799 0.972588
vt 0.227309 0.992077
vt 0.222929 0.972588
vt 0.709251 0.227309
vt 0.713631 0.246799
vt 0.616450 0.992077
vt 0.596961 0.996457
vt 0.211463 0.992077
vt 0.191974 0.996457
vt 0.539496 0.992077
vt 0.535116 0.972587
vt 0.651786 0.246799
vt 0.411360 0.027412
vt 0.430850 0.007923
vt 0.435230 0.027412
vt 0.007923 0.007923
vt 0.027412 0.003543
vt 0.246799 0.027412
vt 0.227309 0.007923
vt 0.246799 0.003543
vt 0.616450 0.007923
vt 0.620830 0.027412
vt 0.211463 0.007923
vt 0.215843 0.027412
vt 0.558985 0.027412
vt 0.539496 0.007923
vt 0.558985 0.003543
vt 0.246799 0.996457
vt 0.713631 0.411360
vt 0.027412 0.996457
vt 0.558985 0.996457
vt 0.689762 0.222929
vt 0.222929 0.027412
vt 0.620830 0.972587
vt 0.215843 0.972588
vt 0.596961 0.003543
vt 0.411360 0.003543
vt 0.713631 0.191974
vt 0.191974 0.003543
vt 0.435230 0.972588
vt 0.003543 0.027412
vt 0.466145 0.958038
vt 0.504122 0.028809
vt 0.504122 0.958038
vt 0.651710 0.191968
vt 0.689687 0.027403
vt 0.689687 0.191968
vt 0.191968 0.027403
vt 0.027403 0.972597
vt 0.027403 0.027403
vt 0.651710 0.411339
vt 0.689687 0.411339
vt 0.558927 0.958038
vt 0.596904 0.028809
vt 0.596904 0.958038
vt 0.411339 0.972597
vt 0.430829 0.992086
vt 0.411339 0.996467
vt 0.523611 0.007038
vt 0.689687 0.435209
vt 0.466145 0.028809
vt 0.446655 0.007038
vt 0.466145 0.003533
vt 0.007913 0.992086
vt 0.003533 0.972597
vt 0.627840 0.411339
vt 0.246774 0.972597
vt 0.227285 0.992086
vt 0.222904 0.972597
vt 0.709176 0.227285
vt 0.713557 0.246774
vt 0.616394 0.974587
vt 0.596904 0.979695
vt 0.191968 0.972597
vt 0.211457 0.992086
vt 0.191968 0.996467
vt 0.539438 0.974587
vt 0.535058 0.956228
vt 0.632221 0.227284
vt 0.651710 0.222904
vt 0.411339 0.027403
vt 0.430829 0.007914
vt 0.435209 0.027403
vt 0.709176 0.007914
vt 0.713557 0.027403
vt 0.523611 0.974587
vt 0.504122 0.979695
vt 0.007913 0.007913
vt 0.027403 0.003533
vt 0.446655 0.974587
vt 0.651710 0.027403
vt 0.632221 0.007913
vt 0.246774 0.027403
vt 0.227285 0.007913
vt 0.246774 0.003533
vt 0.616394 0.007038
vt 0.620774 0.027000
vt 0.709176 0.211458
vt 0.689687 0.215838
vt 0.211458 0.007914
vt 0.215838 0.027403
vt 0.632221 0.211458
vt 0.627840 0.191968
vt 0.558927 0.028809
vt 0.539438 0.007038
vt 0.558927 0.003533
vt 0.246774 0.996467
vt 0.504122 0.003533
vt 0.651710 0.435209
vt 0.027403 0.996467
vt 0.627840 0.246774
vt 0.558927 0.979695
vt 0.689687 0.222904
vt 0.222904 0.027403
vt 0.215838 0.972597
vt 0.535058 0.027000
vt 0.651710 0.215838
vt 0.596904 0.003533
vt 0.411339 0.003533
vt 0.191968 0.003533
vt 0.627840 0.027403
vt 0.466145 0.979695
vt 0.689687 0.003533
vt 0.435209 0.972597
vt 0.527991 0.956228
vt 0.003533 0.027403
vt 0.442275 0.027000
vt 0.466185 0.972587
vt 0.504161 0.027412
vt 0.504161 0.972587
vt 0.651786 0.191974
vt 0.689762 0.027413
vt 0.689762 0.191974
vt 0.191974 0.027412
vt 0.027412 0.972587
vt 0.027412 0.027412
vt 0.651786 0.411361
vt 0.689762 0.246799
vt 0.689762 0.411361
vt 0.558985 0.972587
vt 0.596961 0.027412
vt 0.596961 0.972587
vt 0.411360 0.972587
vt 0.430850 0.992076
vt 0.411360 0.996456
vt 0.523650 0.007923
vt 0.528030 0.027413
vt 0.709251 0.430850
vt 0.689762 0.435230
vt 0.466185 0.027412
vt 0.446696 0.007923
vt 0.466185 0.003543
vt 0.007923 0.992076
vt 0.003543 0.972587
vt 0.632297 0.430850
vt 0.627917 0.411361
vt 0.246799 0.972587
vt 0.227310 0.992076
vt 0.222929 0.972587
vt 0.709251 0.227310
vt 0.713631 0.246799
vt 0.616450 0.992076
vt 0.596961 0.996456
vt 0.191974 0.972587
vt 0.211463 0.992076
vt 0.191974 0.996456
vt 0.539496 0.992076
vt 0.535116 0.972587
vt 0.651786 0.246799
vt 0.632297 0.227310
vt 0.651786 0.222930
vt 0.411360 0.027412
vt 0.430850 0.007923
vt 0.435230 0.027412
vt 0.709251 0.007923
vt 0.713631 0.027413
vt 0.523650 0.992077
vt 0.504161 0.996457
vt 0.007923 0.007923
vt 0.027412 0.003543
vt 0.446696 0.992076
vt 0.442316 0.972587
vt 0.651786 0.027413
vt 0.632297 0.007923
vt 0.651786 0.003543
vt 0.246799 0.027412
vt 0.227310 0.007923
vt 0.246799 0.003543
vt 0.616450 0.007923
vt 0.620831 0.027412
vt 0.709251 0.211463
vt 0.689762 0.215844
vt 0.211463 0.007923
vt 0.215843 0.027412
vt 0.632297 0.211463
vt 0.627917 0.191974
vt 0.558985 0.027412
vt 0.539496 0.007923
vt 0.558985 0.003543
vt 0.246799 0.996456
vt 0.504161 0.003543
vt 0.651786 0.435230
vt 0.027412 0.996456
vt 0.627917 0.246799
vt 0.558985 0.996456
vt 0.689762 0.222930
vt 0.222929 0.027412
vt 0.215843 0.972587
vt 0.651786 0.215844
vt 0.596961 0.003543
vt 0.411360 0.003543
vt 0.191974 0.003543
vt 0.627917 0.027412
vt 0.466185 0.996456
vt 0.689762 0.003543
vt 0.435230 0.972587
vt 0.528030 0.972587
vt 0.003543 0.027412
vt 0.442316 0.027412
vt 0.558943 0.958035
vt 0.596919 0.028812
vt 0.596919 0.958035
vt 0.651730 0.409971
vt 0.689707 0.248187
vt 0.689706 0.409971
vt 0.191969 0.027406
vt 0.027405 0.972595
vt 0.027405 0.027406
vt 0.651730 0.191970
vt 0.689707 0.027405
vt 0.689707 0.191970
vt 0.466155 0.972595
vt 0.504131 0.027406
vt 0.504131 0.972595
vt 0.411344 0.972594
vt 0.430834 0.992084
vt 0.411344 0.996464
vt 0.616409 0.007040
vt 0.620789 0.027002
vt 0.709196 0.211459
vt 0.689707 0.215839
vt 0.558943 0.028812
vt 0.539454 0.007040
vt 0.558943 0.003536
vt 0.007916 0.992084
vt 0.003536 0.972595
vt 0.632241 0.211459
vt 0.627860 0.191970
vt 0.246780 0.972594
vt 0.227291 0.992084
vt 0.222911 0.972594
vt 0.709196 0.007916
vt 0.713576 0.027406
vt 0.523621 0.992084
vt 0.504132 0.996464
vt 0.191970 0.972595
vt 0.211459 0.992084
vt 0.191970 0.996464
vt 0.446666 0.992084
vt 0.442286 0.972595
vt 0.651730 0.027405
vt 0.632241 0.007916
vt 0.651730 0.003536
vt 0.411345 0.027406
vt 0.430834 0.007916
vt 0.435214 0.027405
vt 0.709196 0.226415
vt 0.713576 0.246377
vt 0.616409 0.974585
vt 0.596919 0.979693
vt 0.007916 0.007916
vt 0.027406 0.003536
vt 0.539453 0.974585
vt 0.535073 0.956226
vt 0.651730 0.248187
vt 0.632241 0.226415
vt 0.651730 0.222911
vt 0.246780 0.027406
vt 0.227291 0.007916
vt 0.246781 0.003536
vt 0.523621 0.007916
vt 0.528001 0.027406
vt 0.709196 0.426520
vt 0.689706 0.431628
vt 0.211459 0.007916
vt 0.215839 0.027406
vt 0.632241 0.426521
vt 0.627860 0.408162
vt 0.466155 0.027406
vt 0.446666 0.007916
vt 0.466155 0.003536
vt 0.246780 0.996464
vt 0.596919 0.003536
vt 0.027405 0.996464
vt 0.627860 0.027405
vt 0.466155 0.996464
vt 0.689707 0.003536
vt 0.222911 0.027406
vt 0.215839 0.972595
vt 0.651730 0.431628
vt 0.504132 0.003536
vt 0.411344 0.003536
vt 0.713576 0.408162
vt 0.191970 0.003536
vt 0.558943 0.979693
vt 0.689707 0.222911
vt 0.435214 0.972594
vt 0.003536 0.027406
vt 0.535073 0.027002
vt 0.567523 0.003109
vt 0.558854 0.003874
vt 0.565071 0.330052
vt 0.567523 0.687533
vt 0.558854 0.403352
vt 0.549730 0.412925
vt 0.617933 0.746898
vt 0.503085 0.389183
vt 0.620673 0.396957
vt 0.571288 0.746148
vt 0.505947 0.746898
vt 0.504025 0.734117
vt 0.877942 0.027998
vt 0.695008 0.353059
vt 0.877942 0.363167
vt 0.695008 0.711028
vt 0.504025 0.375859
vt 0.686959 0.027998
vt 0.686958 0.409055
vt 0.580480 0.813134
vt 0.570639 0.877983
vt 0.879020 0.032323
vt 0.740514 0.913109
vt 0.588061 0.948304
vt 0.692538 0.802903
vt 0.988411 0.159690
vt 0.982568 0.349523
vt 0.714550 0.515691
vt 0.945959 0.438332
vt 0.784123 0.802981
vt 0.777746 0.673579
vt 0.769012 0.506613
vt 0.784123 0.577518
vt 0.805511 0.515721
vt 0.612037 0.476335
vt 0.669202 0.831786
vt 0.625293 0.913109
vt 0.540260 0.116480
vt 0.583441 0.630765
vt 0.680567 0.026516
vt 0.534835 0.005860
vt 0.540496 0.355411
vt 0.572501 0.005860
vt 0.502830 0.716310
vt 0.534835 0.366759
vt 0.540496 0.716310
vt 0.572501 0.366759
vt 0.502830 0.355411
vt 0.627917 0.246799
vt 0.528030 0.972588
vt 0.535116 0.027412
vt 0.713577 0.191970
vt 0.442286 0.027405
vt 0.528002 0.972595
vt 0.535073 0.027002
vt 0.713631 0.191974
vt 0.535116 0.027412
vt 0.528031 0.972587
vt 0.627917 0.246799
vt 0.713631 0.411361
vt 0.535058 0.027000
vt 0.627840 0.027403
vt 0.504122 0.003533
vt 0.713557 0.191968
vt 0.713631 0.191974
vt 0.442275 0.027000
vt 0.689686 0.003533
vt 0.689686 0.222904
vt 0.527991 0.956229
vt 0.535057 0.027000
vt 0.713631 0.191974
vt 0.535117 0.027412
vt 0.528031 0.972588
vt 0.627917 0.246799
vt 0.713632 0.411361
vt 0.528002 0.972594
vt 0.620789 0.956226
vt 0.713576 0.408162
vt 0.442286 0.027405
vt 0.713556 0.411339
vt 0.620774 0.956228
vt 0.713556 0.191968
vt 0.713576 0.408162
vt 0.528001 0.972594
vt 0.627861 0.246377
vt 0.504132 0.003536
vt 0.689706 0.003536
vt 0.620789 0.956226
vt 0.504132 0.003536
vt 0.713576 0.408162
vt 0.535116 0.027412
vt 0.713556 0.411339
vt 0.620774 0.956228
vt 0.713557 0.191968
vt 0.713631 0.411361
vt 0.620831 0.972587
vt 0.535116 0.027412
vt 0.713576 0.191970
vt 0.651730 0.215839
vt 0.528001 0.972595
vt 0.620789 0.956226
vt 0.627860 0.246377
vt 0.442286 0.027405
s 1
usemtl BumperNavy
f 287/1/1 2/2/2 284/3/3
f 17/4/4 20/5/5 14/6/6
f 23/7/7 26/8/8 20/5/5
f 29/9/9 32/10/10 26/8/8
f 35/11/11 38/12/12 32/10/10
f 41/13/13 44/14/14 38/12/12
f 47/15/15 50/16/16 44/14/14
f 53/17/17 56/18/18 50/16/16
f 59/19/19 62/20/20 56/18/18
f 65/21/21 68/22/22 62/20/20
f 71/23/23 74/24/24 68/22/22
f 77/25/25 80/26/26 74/27/24
f 83/28/27 86/29/28 80/26/26
f 89/30/29 92/31/30 86/29/28
f 95/32/31 98/33/32 92/31/30
f 101/34/33 104/35/34 98/33/32
f 107/36/35 110/37/36 104/35/34
f 113/38/37 116/39/38 110/37/36
f 119/40/39 122/41/40 116/39/38
f 125/42/41 128/43/42 122/41/40
f 131/44/43 134/45/44 128/43/42
f 137/46/45 140/47/46 134/45/44
f 143/48/47 146/49/48 140/47/46
f 149/50/49 152/51/50 146/49/48
f 155/52/51 158/53/52 152/54/50
f 161/55/53 164/56/54 158/53/52
f 167/57/55 170/58/56 164/56/54
f 173/59/57 176/60/58 170/58/56
f 179/61/59 182/62/60 176/60/58
f 185/63/61 188/64/62 182/62/60
f 191/65/63 194/66/64 188/64/62
f 197/67/65 200/68/66 194/66/64
f 203/69/67 206/70/68 200/68/66
f 209/71/69 212/72/70 206/70/68
f 215/73/71 218/74/72 212/72/70
f 221/75/73 224/76/74 218/74/72
f 227/77/75 230/78/76 224/79/74
f 233/80/77 236/81/78 230/78/76
f 239/82/79 242/83/80 236/81/78
f 245/84/81 248/85/82 242/83/80
f 251/86/83 254/87/84 248/85/82
f 257/88/85 260/89/86 254/87/84
f 263/90/87 266/91/88 260/89/86
f 269/92/89 272/93/90 266/91/88
f 275/94/91 278/95/92 272/93/90
f 281/96/93 284/97/3 278/95/92
f 11/98/94 14/6/6 8/99/95
f 208/100/96 112/101/97 16/102/98
f 5/103/99 8/99/95 2/2/2
f 8/99/95 3/104/100 2/2/2
f 9/105/101 1/106/102 3/107/103
f 11/98/94 6/108/104 12/109/105
f 12/110/106 4/111/107 10/112/108
f 14/6/6 9/113/109 8/99/95
f 15/114/110 7/115/111 9/105/101
f 17/4/4 12/109/105 18/116/112
f 18/117/113 10/112/108 16/102/98
f 14/6/6 21/118/114 15/119/115
f 21/120/116 13/121/117 15/114/110
f 17/4/4 24/122/118 23/7/7
f 24/123/119 16/102/98 22/124/120
f 26/8/8 21/118/114 20/5/5
f 21/120/116 25/125/121 19/126/122
f 23/7/7 30/127/123 29/9/9
f 24/123/119 28/128/124 30/129/125
f 26/8/8 33/130/126 27/131/127
f 33/132/128 25/125/121 27/133/129
f 29/9/9 36/134/130 35/11/11
f 30/129/125 34/135/131 36/136/132
f 38/12/12 33/130/126 32/10/10
f 39/137/133 31/138/134 33/132/128
f 35/11/11 42/139/135 41/13/13
f 42/140/136 34/135/131 40/141/137
f 44/14/14 39/142/138 38/12/12
f 39/137/133 43/143/139 37/144/140
f 41/13/13 48/145/141 47/15/15
f 42/140/136 46/146/142 48/147/143
f 50/16/16 45/148/144 44/14/14
f 51/149/145 43/143/139 45/150/146
f 53/17/17 48/145/141 54/151/147
f 54/152/148 46/146/142 52/153/149
f 56/18/18 51/154/150 50/16/16
f 51/149/145 55/155/151 49/156/152
f 59/19/19 54/151/147 60/157/153
f 54/152/148 58/158/154 60/159/155
f 56/18/18 63/160/156 57/161/157
f 57/162/158 61/163/159 55/155/151
f 59/19/19 66/164/160 65/21/21
f 60/159/155 64/165/161 66/166/162
f 62/20/20 69/167/163 63/160/156
f 63/168/164 67/169/165 61/163/159
f 65/21/21 72/170/166 71/23/23
f 66/166/162 70/171/167 72/172/168
f 68/22/22 75/173/169 69/167/163
f 69/174/170 73/175/171 67/169/165
f 71/23/23 78/176/172 77/177/25
f 72/172/168 76/178/173 78/179/174
f 80/26/26 75/180/169 74/27/24
f 81/181/175 73/175/171 75/182/176
f 83/28/27 78/183/172 84/184/177
f 84/185/178 76/178/173 82/186/179
f 86/29/28 81/187/180 80/26/26
f 87/188/181 79/189/182 81/181/175
f 89/30/29 84/184/177 90/190/183
f 90/191/184 82/186/179 88/192/185
f 86/29/28 93/193/186 87/194/187
f 93/195/188 85/196/189 87/188/181
f 89/30/29 96/197/190 95/32/31
f 96/198/191 88/192/185 94/199/192
f 98/33/32 93/193/186 92/31/30
f 93/195/188 97/200/193 91/201/194
f 95/32/31 102/202/195 101/34/33
f 96/198/191 100/203/196 102/204/197
f 98/33/32 105/205/198 99/206/199
f 105/207/200 97/200/193 99/208/201
f 101/34/33 108/209/202 107/36/35
f 102/204/197 106/210/203 108/211/204
f 110/37/36 105/205/198 104/35/34
f 111/212/205 103/213/206 105/207/200
f 107/36/35 114/214/207 113/38/37
f 114/215/208 106/210/203 112/101/97
f 116/39/38 111/216/209 110/37/36
f 111/212/205 115/217/210 109/218/211
f 113/38/37 120/219/212 119/40/39
f 114/215/208 118/220/213 120/221/214
f 122/41/40 117/222/215 116/39/38
f 123/223/216 115/217/210 117/224/217
f 125/42/41 120/219/212 126/225/218
f 126/226/219 118/220/213 124/227/220
f 128/43/42 123/228/221 122/41/40
f 123/223/216 127/229/222 121/230/223
f 131/44/43 126/225/218 132/231/224
f 126/226/219 130/232/225 132/233/226
f 128/43/42 135/234/227 129/235/228
f 129/236/229 133/237/230 127/229/222
f 131/44/43 138/238/231 137/46/45
f 132/233/226 136/239/232 138/240/233
f 134/45/44 141/241/234 135/234/227
f 135/242/235 139/243/236 133/237/230
f 137/46/45 144/244/237 143/48/47
f 138/240/233 142/245/238 144/246/239
f 140/47/46 147/247/240 141/241/234
f 141/248/241 145/249/242 139/243/236
f 143/48/47 150/250/243 149/50/49
f 144/246/239 148/251/244 150/252/245
f 152/51/50 147/247/240 146/49/48
f 153/253/246 145/249/242 147/254/247
f 155/255/51 150/250/243 156/256/248
f 156/257/249 148/251/244 154/258/250
f 158/259/52 153/260/251 152/51/50
f 159/261/252 151/262/253 153/253/246
f 161/263/53 156/256/248 162/264/254
f 162/265/255 154/258/250 160/266/256
f 158/53/52 165/267/257 159/268/258
f 165/269/259 157/270/260 159/261/252
f 161/55/53 168/271/261 167/57/55
f 168/272/262 160/266/256 166/273/263
f 170/58/56 165/267/257 164/56/54
f 165/269/259 169/274/264 163/275/265
f 167/57/55 174/276/266 173/59/57
f 168/272/262 172/277/267 174/278/268
f 170/58/56 177/279/269 171/280/270
f 177/281/271 169/274/264 171/282/272
f 173/59/57 180/283/273 179/61/59
f 174/278/268 178/284/274 180/285/275
f 182/62/60 177/279/269 176/60/58
f 183/286/276 175/287/277 177/281/271
f 179/61/59 186/288/278 185/63/61
f 186/289/279 178/284/274 184/290/280
f 188/64/62 183/291/281 182/62/60
f 183/286/276 187/292/282 181/293/283
f 185/63/61 192/294/284 191/65/63
f 186/289/279 190/295/285 192/296/286
f 194/66/64 189/297/287 188/64/62
f 195/298/288 187/292/282 189/299/289
f 197/67/65 192/294/284 198/300/290
f 198/301/291 190/295/285 196/302/292
f 200/68/66 195/303/293 194/66/64
f 195/298/288 199/304/294 193/305/295
f 203/69/67 198/300/290 204/306/296
f 198/301/291 202/307/297 204/308/298
f 200/68/66 207/309/299 201/310/300
f 201/311/301 205/312/302 199/304/294
f 203/69/67 210/313/303 209/71/69
f 204/308/298 208/100/96 210/314/304
f 206/70/68 213/315/305 207/309/299
f 207/316/306 211/317/307 205/312/302
f 209/71/69 216/318/308 215/73/71
f 210/314/304 214/319/309 216/320/310
f 212/72/70 219/321/311 213/315/305
f 213/322/312 217/323/313 211/317/307
f 215/73/71 222/324/314 221/75/73
f 216/320/310 220/325/315 222/326/316
f 224/79/74 219/327/311 218/328/72
f 225/329/317 217/323/313 219/330/318
f 227/77/75 222/331/314 228/332/319
f 228/333/320 220/325/315 226/334/321
f 230/78/76 225/335/322 224/79/74
f 231/336/323 223/337/324 225/329/317
f 233/80/77 228/332/319 234/338/325
f 234/339/326 226/334/321 232/340/327
f 230/78/76 237/341/328 231/342/329
f 237/343/330 229/344/331 231/336/323
f 233/80/77 240/345/332 239/82/79
f 240/346/333 232/340/327 238/347/334
f 242/83/80 237/341/328 236/81/78
f 237/343/330 241/348/335 235/349/336
f 239/82/79 246/350/337 245/84/81
f 240/346/333 244/351/338 246/352/339
f 242/83/80 249/353/340 243/354/341
f 249/355/342 241/348/335 243/356/343
f 245/84/81 252/357/344 251/86/83
f 246/352/339 250/358/345 252/359/346
f 254/87/84 249/353/340 248/85/82
f 255/360/347 247/361/348 249/355/342
f 251/86/83 258/362/349 257/88/85
f 258/363/350 250/358/345 256/364/351
f 260/89/86 255/365/352 254/87/84
f 255/360/347 259/366/353 253/367/354
f 257/88/85 264/368/355 263/90/87
f 258/363/350 262/369/356 264/370/357
f 266/91/88 261/371/358 260/89/86
f 267/372/359 259/366/353 261/373/360
f 269/92/89 264/368/355 270/374/361
f 270/375/362 262/369/356 268/376/363
f 272/93/90 267/377/364 266/91/88
f 267/372/359 271/378/365 265/379/366
f 275/94/91 270/374/361 276/380/367
f 270/375/362 274/381/368 276/382/369
f 272/93/90 279/383/370 273/384/371
f 273/385/372 277/386/373 271/378/365
f 275/94/91 282/387/374 281/96/93
f 276/382/369 280/388/375 282/389/376
f 278/95/92 285/390/377 279/383/370
f 279/391/378 283/392/379 277/386/373
f 281/96/93 288/393/380 287/394/1
f 282/389/376 286/395/381 288/396/382
f 284/3/3 3/104/100 285/397/377
f 285/398/383 1/106/102 283/392/379
f 287/1/1 6/108/104 5/103/99
f 288/396/382 4/111/107 6/399/384
f 91/201/194 187/292/282 283/392/379
f 1247/1247/1 962/1248/2 1244/1249/3
f 977/1250/4 980/1251/5 974/1252/6
f 983/1253/7 986/1254/8 980/1251/5
f 989/1255/9 992/1256/10 986/1254/8
f 995/1257/11 998/1258/12 992/1259/10
f 1001/1260/13 1004/1261/14 998/1258/12
f 1007/1262/15 1010/1263/16 1004/1261/14
f 1013/1264/17 1016/1265/18 1010/1263/16
f 1019/1266/19 1022/1267/20 1016/1265/18
f 1025/1268/21 1028/1269/22 1022/1267/20
f 1031/1270/23 1034/1271/24 1028/1269/22
f 1037/1272/25 1040/1273/26 1034/1271/24
f 1043/1274/27 1046/1275/28 1040/1273/26
f 1049/1276/29 1052/1277/30 1046/1275/28
f 1055/1278/31 1058/1279/32 1052/1277/30
f 1061/1280/33 1064/1281/34 1058/1279/32
f 1067/1282/35 1070/1283/36 1064/1284/34
f 1073/1285/37 1076/1286/38 1070/1283/36
f 1079/1287/39 1082/1288/40 1076/1286/38
f 1085/1289/41 1088/1290/42 1082/1288/40
f 1091/1291/43 1094/1292/44 1088/1290/42
f 1097/1293/45 1100/1294/46 1094/1292/44
f 1103/1295/47 1106/1296/48 1100/1294/46
f 1109/1297/49 1112/1298/50 1106/1296/48
f 1115/1299/51 1118/1300/52 1112/1298/50
f 1121/1301/53 1124/1302/54 1118/1300/52
f 1127/1303/55 1130/1304/56 1124/1302/54
f 1133/1305/57 1136/1306/58 1130/1304/56
f 1139/1307/59 1142/1308/60 1136/1309/58
f 1145/1310/61 1148/1311/62 1142/1308/60
f 1151/1312/63 1154/1313/64 1148/1311/62
f 1157/1314/65 1160/1315/66 1154/1313/64
f 1163/1316/67 1166/1317/68 1160/1315/66
f 1169/1318/69 1172/1319/70 1166/1317/68
f 1175/1320/71 1178/1321/72 1172/1319/70
f 1181/1322/73 1184/1323/74 1178/1321/72
f 1187/1324/75 1190/1325/76 1184/1323/74
f 1193/1326/77 1196/1327/78 1190/1325/76
f 1199/1328/79 1202/1329/80 1196/1327/78
f 1205/1330/81 1208/1331/82 1202/1329/80
f 1211/1332/83 1214/1333/84 1208/1334/82
f 1217/1335/85 1220/1336/86 1214/1333/84
f 1223/1337/87 1226/1338/88 1220/1336/86
f 1229/1339/89 1232/1340/90 1226/1338/88
f 1235/1341/91 1238/1342/92 1232/1340/90
f 1241/1343/93 1244/1249/3 1238/1342/92
f 971/1344/94 974/1252/6 968/1345/95
f 1168/1346/96 1072/1347/97 976/1348/98
f 965/1349/99 968/1345/95 962/1248/2
f 968/1345/95 963/1350/100 962/1248/2
f 969/1351/101 961/1352/102 963/1353/103
f 971/1344/94 966/1354/104 972/1355/105
f 972/1356/106 964/1357/107 970/1358/108
f 974/1252/6 969/1359/109 968/1345/95
f 975/1360/110 967/1361/111 969/1351/101
f 977/1250/4 972/1355/105 978/1362/112
f 978/1363/113 970/1358/108 976/1348/98
f 980/1251/5 975/1364/115 974/1252/6
f 981/1365/116 973/1366/117 975/1360/110
f 983/1253/7 978/1362/112 984/1367/118
f 984/1368/119 976/1348/98 982/1369/120
f 986/1254/8 981/1370/114 980/1251/5
f 987/1371/129 979/1372/122 981/1365/116
f 989/1255/9 984/1367/118 990/1373/386
f 990/1374/125 982/1369/120 988/1375/124
f 992/1256/10 987/1376/387 986/1254/8
f 987/1371/129 991/1377/134 985/1378/385
f 989/1255/9 996/1379/130 995/1380/11
f 990/1374/125 994/1381/389 996/1382/388
f 992/1259/10 999/1383/138 993/1384/126
f 993/1385/128 997/1386/140 991/1377/134
f 995/1380/11 1002/1387/135 1001/1388/13
f 996/1382/388 1000/1389/137 1002/1390/136
f 1004/1261/14 999/1383/138 998/1258/12
f 1005/1391/146 997/1386/140 999/1392/133
f 1001/1260/13 1008/1393/141 1007/1262/15
f 1008/1394/143 1000/1389/137 1006/1395/856
f 1004/1261/14 1011/1396/150 1005/1397/144
f 1011/1398/145 1003/1399/139 1005/1391/146
f 1013/1264/17 1008/1393/141 1014/1400/147
f 1008/1394/143 1012/1401/149 1014/1402/148
f 1010/1263/16 1017/1403/157 1011/1396/150
f 1011/1398/145 1015/1404/151 1009/1405/152
f 1013/1264/17 1020/1406/153 1019/1266/19
f 1014/1402/148 1018/1407/154 1020/1408/155
f 1016/1265/18 1023/1409/156 1017/1403/157
f 1017/1410/158 1021/1411/159 1015/1404/151
f 1019/1266/19 1026/1412/160 1025/1268/21
f 1020/1408/155 1024/1413/161 1026/1414/162
f 1022/1267/20 1029/1415/163 1023/1409/156
f 1023/1416/164 1027/1417/165 1021/1411/159
f 1025/1268/21 1032/1418/166 1031/1270/23
f 1026/1414/162 1030/1419/167 1032/1420/168
f 1028/1269/22 1035/1421/169 1029/1415/163
f 1029/1422/170 1033/1423/171 1027/1417/165
f 1031/1270/23 1038/1424/172 1037/1272/25
f 1032/1420/168 1036/1425/173 1038/1426/174
f 1040/1273/26 1035/1421/169 1034/1271/24
f 1041/1427/175 1033/1423/171 1035/1428/176
f 1043/1274/27 1038/1424/172 1044/1429/177
f 1044/1430/178 1036/1425/173 1042/1431/179
f 1046/1275/28 1041/1432/180 1040/1273/26
f 1047/1433/181 1039/1434/182 1041/1427/175
f 1049/1276/29 1044/1429/177 1050/1435/183
f 1050/1436/184 1042/1431/179 1048/1437/185
f 1052/1277/30 1047/1438/187 1046/1275/28
f 1053/1439/188 1045/1440/189 1047/1433/181
f 1055/1278/31 1050/1435/183 1056/1441/190
f 1056/1442/191 1048/1437/185 1054/1443/192
f 1058/1279/32 1053/1444/186 1052/1277/30
f 1059/1445/201 1051/1446/194 1053/1439/188
f 1061/1280/33 1056/1441/190 1062/1447/392
f 1062/1448/197 1054/1443/192 1060/1449/196
f 1064/1281/34 1059/1450/199 1058/1279/32
f 1059/1445/201 1063/1451/206 1057/1452/391
f 1061/1280/33 1068/1453/202 1067/1454/35
f 1062/1448/197 1066/1455/393 1068/1456/204
f 1064/1284/34 1071/1457/209 1065/1458/198
f 1065/1459/200 1069/1460/211 1063/1451/206
f 1067/1282/35 1074/1461/207 1073/1285/37
f 1068/1456/204 1072/1347/97 1074/1462/208
f 1076/1286/38 1071/1457/209 1070/1283/36
f 1077/1463/217 1069/1460/211 1071/1464/205
f 1073/1285/37 1080/1465/212 1079/1287/39
f 1080/1466/394 1072/1347/97 1078/1467/857
f 1076/1286/38 1083/1468/396 1077/1469/215
f 1083/1470/216 1075/1471/210 1077/1463/217
f 1085/1289/41 1080/1465/212 1086/1472/395
f 1080/1466/394 1084/1473/220 1086/1474/219
f 1082/1288/40 1089/1475/228 1083/1468/396
f 1083/1470/216 1087/1476/222 1081/1477/223
f 1085/1289/41 1092/1478/224 1091/1291/43
f 1086/1474/219 1090/1479/225 1092/1480/226
f 1088/1290/42 1095/1481/227 1089/1475/228
f 1089/1482/229 1093/1483/230 1087/1476/222
f 1091/1291/43 1098/1484/231 1097/1293/45
f 1092/1480/226 1096/1485/232 1098/1486/233
f 1094/1292/44 1101/1487/234 1095/1481/227
f 1095/1488/235 1099/1489/236 1093/1483/230
f 1097/1293/45 1104/1490/237 1103/1295/47
f 1098/1486/233 1102/1491/238 1104/1492/239
f 1100/1294/46 1107/1493/240 1101/1487/234
f 1101/1494/241 1105/1495/242 1099/1489/236
f 1103/1295/47 1110/1496/243 1109/1297/49
f 1104/1492/239 1108/1497/244 1110/1498/245
f 1112/1298/50 1107/1493/240 1106/1296/48
f 1113/1499/246 1105/1495/242 1107/1500/247
f 1115/1299/51 1110/1496/243 1116/1501/248
f 1116/1502/249 1108/1497/244 1114/1503/250
f 1118/1300/52 1113/1504/251 1112/1298/50
f 1119/1505/252 1111/1506/253 1113/1499/246
f 1121/1301/53 1116/1501/248 1122/1507/254
f 1122/1508/255 1114/1503/250 1120/1509/256
f 1124/1302/54 1119/1510/258 1118/1300/52
f 1125/1511/259 1117/1512/260 1119/1505/252
f 1127/1303/55 1122/1507/254 1128/1513/261
f 1128/1514/262 1120/1509/256 1126/1515/263
f 1130/1304/56 1125/1516/257 1124/1302/54
f 1131/1517/272 1123/1518/265 1125/1511/259
f 1133/1305/57 1128/1513/261 1134/1519/398
f 1134/1520/268 1126/1515/263 1132/1521/267
f 1136/1306/58 1131/1522/399 1130/1304/56
f 1131/1517/272 1135/1523/277 1129/1524/397
f 1133/1305/57 1140/1525/273 1139/1526/59
f 1134/1520/268 1138/1527/401 1140/1528/400
f 1136/1309/58 1143/1529/281 1137/1530/269
f 1137/1531/271 1141/1532/283 1135/1523/277
f 1139/1307/59 1146/1533/278 1145/1310/61
f 1140/1528/400 1144/1534/280 1146/1535/279
f 1148/1311/62 1143/1529/281 1142/1308/60
f 1149/1536/289 1141/1532/283 1143/1537/276
f 1145/1310/61 1152/1538/284 1151/1312/63
f 1152/1539/286 1144/1534/280 1150/1540/858
f 1148/1311/62 1155/1541/293 1149/1542/287
f 1155/1543/288 1147/1544/282 1149/1536/289
f 1157/1314/65 1152/1538/284 1158/1545/290
f 1152/1539/286 1156/1546/292 1158/1547/291
f 1154/1313/64 1161/1548/300 1155/1541/293
f 1155/1543/288 1159/1549/294 1153/1550/295
f 1157/1314/65 1164/1551/296 1163/1316/67
f 1158/1547/291 1162/1552/297 1164/1553/298
f 1160/1315/66 1167/1554/299 1161/1548/300
f 1161/1555/301 1165/1556/302 1159/1549/294
f 1163/1316/67 1170/1557/303 1169/1318/69
f 1164/1553/298 1168/1346/96 1170/1558/304
f 1166/1317/68 1173/1559/305 1167/1554/299
f 1167/1560/306 1171/1561/307 1165/1556/302
f 1169/1318/69 1176/1562/308 1175/1320/71
f 1170/1558/304 1174/1563/309 1176/1564/310
f 1172/1319/70 1179/1565/311 1173/1559/305
f 1173/1566/312 1177/1567/313 1171/1561/307
f 1175/1320/71 1182/1568/314 1181/1322/73
f 1176/1564/310 1180/1569/315 1182/1570/316
f 1184/1323/74 1179/1565/311 1178/1321/72
f 1185/1571/317 1177/1567/313 1179/1572/318
f 1187/1324/75 1182/1568/314 1188/1573/319
f 1188/1574/320 1180/1569/315 1186/1575/321
f 1190/1325/76 1185/1576/322 1184/1323/74
f 1191/1577/323 1183/1578/324 1185/1571/317
f 1193/1326/77 1188/1573/319 1194/1579/325
f 1194/1580/326 1186/1575/321 1192/1581/327
f 1196/1327/78 1191/1582/329 1190/1325/76
f 1197/1583/330 1189/1584/331 1191/1577/323
f 1199/1328/79 1194/1579/325 1200/1585/332
f 1200/1586/333 1192/1581/327 1198/1587/334
f 1202/1329/80 1197/1588/328 1196/1327/78
f 1203/1589/343 1195/1590/336 1197/1583/330
f 1205/1330/81 1200/1585/332 1206/1591/337
f 1206/1592/339 1198/1587/334 1204/1593/338
f 1208/1331/82 1203/1594/341 1202/1329/80
f 1203/1589/343 1207/1595/348 1201/1596/403
f 1205/1330/81 1212/1597/344 1211/1598/83
f 1206/1592/339 1210/1599/404 1212/1600/346
f 1208/1334/82 1215/1601/352 1209/1602/340
f 1209/1603/342 1213/1604/354 1207/1595/348
f 1211/1598/83 1218/1605/349 1217/1606/85
f 1212/1600/346 1216/1607/351 1218/1608/350
f 1220/1336/86 1215/1601/352 1214/1333/84
f 1221/1609/360 1213/1604/354 1215/1610/347
f 1217/1335/85 1224/1611/355 1223/1337/87
f 1224/1612/405 1216/1607/351 1222/1613/859
f 1220/1336/86 1227/1614/407 1221/1615/358
f 1227/1616/359 1219/1617/353 1221/1609/360
f 1229/1339/89 1224/1611/355 1230/1618/406
f 1224/1612/405 1228/1619/363 1230/1620/362
f 1226/1338/88 1233/1621/371 1227/1614/407
f 1227/1616/359 1231/1622/365 1225/1623/366
f 1229/1339/89 1236/1624/367 1235/1341/91
f 1230/1620/362 1234/1625/368 1236/1626/369
f 1232/1340/90 1239/1627/370 1233/1621/371
f 1233/1628/372 1237/1629/373 1231/1622/365
f 1235/1341/91 1242/1630/374 1241/1343/93
f 1236/1626/369 1240/1631/375 1242/1632/376
f 1238/1342/92 1245/1633/377 1239/1627/370
f 1239/1634/378 1243/1635/379 1237/1629/373
f 1241/1343/93 1248/1636/380 1247/1247/1
f 1242/1632/376 1246/1637/381 1248/1638/382
f 1244/1249/3 963/1350/100 1245/1633/377
f 1245/1639/383 961/1352/102 1243/1635/379
f 1247/1247/1 966/1354/104 965/1349/99
f 1248/1638/382 964/1357/107 966/1640/384
f 1051/1446/194 1147/1544/282 1243/1635/379
f 287/1/1 5/103/99 2/2/2
f 17/4/4 23/7/7 20/5/5
f 23/7/7 29/9/9 26/8/8
f 29/9/9 35/11/11 32/10/10
f 35/11/11 41/13/13 38/12/12
f 41/13/13 47/15/15 44/14/14
f 47/15/15 53/17/17 50/16/16
f 53/17/17 59/19/19 56/18/18
f 59/19/19 65/21/21 62/20/20
f 65/21/21 71/23/23 68/22/22
f 71/23/23 77/177/25 74/24/24
f 77/25/25 83/28/27 80/26/26
f 83/28/27 89/30/29 86/29/28
f 89/30/29 95/32/31 92/31/30
f 95/32/31 101/34/33 98/33/32
f 101/34/33 107/36/35 104/35/34
f 107/36/35 113/38/37 110/37/36
f 113/38/37 119/40/39 116/39/38
f 119/40/39 125/42/41 122/41/40
f 125/42/41 131/44/43 128/43/42
f 131/44/43 137/46/45 134/45/44
f 137/46/45 143/48/47 140/47/46
f 143/48/47 149/50/49 146/49/48
f 149/50/49 155/255/51 152/51/50
f 155/52/51 161/55/53 158/53/52
f 161/55/53 167/57/55 164/56/54
f 167/57/55 173/59/57 170/58/56
f 173/59/57 179/61/59 176/60/58
f 179/61/59 185/63/61 182/62/60
f 185/63/61 191/65/63 188/64/62
f 191/65/63 197/67/65 194/66/64
f 197/67/65 203/69/67 200/68/66
f 203/69/67 209/71/69 206/70/68
f 209/71/69 215/73/71 212/72/70
f 215/73/71 221/75/73 218/74/72
f 221/75/73 227/4400/75 224/76/74
f 227/77/75 233/80/77 230/78/76
f 233/80/77 239/82/79 236/81/78
f 239/82/79 245/84/81 242/83/80
f 245/84/81 251/86/83 248/85/82
f 251/86/83 257/88/85 254/87/84
f 257/88/85 263/90/87 260/89/86
f 263/90/87 269/92/89 266/91/88
f 269/92/89 275/94/91 272/93/90
f 275/94/91 281/96/93 278/95/92
f 281/96/93 287/394/1 284/97/3
f 11/98/94 17/4/4 14/6/6
f 16/102/98 10/112/108 4/111/107
f 4/111/107 286/395/381 280/388/375
f 280/388/375 274/381/368 268/376/363
f 268/376/363 262/369/356 256/364/351
f 256/364/351 250/358/345 244/351/338
f 244/351/338 238/347/334 232/340/327
f 232/340/327 226/334/321 220/325/315
f 220/325/315 214/319/309 208/100/96
f 208/100/96 202/307/297 196/302/292
f 196/302/292 190/295/285 184/290/280
f 184/290/280 178/284/274 172/277/267
f 172/277/267 166/273/263 160/266/256
f 160/266/256 154/258/250 148/251/244
f 148/251/244 142/245/238 136/239/232
f 136/239/232 130/232/225 124/227/220
f 124/227/220 118/220/213 112/101/97
f 112/101/97 106/210/203 100/203/196
f 100/203/196 94/199/192 88/192/185
f 88/192/185 82/186/179 76/178/173
f 76/178/173 70/171/167 64/165/161
f 64/165/161 58/158/154 52/153/149
f 52/153/149 46/146/142 40/141/137
f 40/141/137 34/135/131 28/128/124
f 28/128/124 22/124/120 16/102/98
f 16/102/98 4/111/107 280/388/375
f 280/388/375 268/376/363 256/364/351
f 256/364/351 244/351/338 232/340/327
f 232/340/327 220/325/315 208/100/96
f 208/100/96 196/302/292 184/290/280
f 184/290/280 172/277/267 160/266/256
f 160/266/256 148/251/244 136/239/232
f 136/239/232 124/227/220 112/101/97
f 112/101/97 100/203/196 88/192/185
f 88/192/185 76/178/173 64/165/161
f 64/165/161 52/153/149 40/141/137
f 40/141/137 28/128/124 16/102/98
f 16/102/98 280/388/375 256/364/351
f 256/364/351 232/340/327 208/100/96
f 208/100/96 184/290/280 160/266/256
f 160/266/256 136/239/232 112/101/97
f 112/101/97 88/192/185 64/165/161
f 64/165/161 40/141/137 16/102/98
f 16/102/98 256/364/351 208/100/96
f 208/100/96 160/266/256 112/101/97
f 112/101/97 64/165/161 16/102/98
f 5/103/99 11/98/94 8/99/95
f 8/99/95 9/113/109 3/104/100
f 9/105/101 7/115/111 1/106/102
f 11/98/94 5/103/99 6/108/104
f 12/110/106 6/399/384 4/111/107
f 14/6/6 15/119/115 9/113/109
f 15/114/110 13/121/117 7/115/111
f 17/4/4 11/98/94 12/109/105
f 18/117/113 12/110/106 10/112/108
f 14/6/6 20/5/5 21/118/114
f 21/120/116 19/126/122 13/121/117
f 17/4/4 18/116/112 24/122/118
f 24/123/119 18/117/113 16/102/98
f 26/8/8 27/131/127 21/118/114
f 21/120/116 27/133/129 25/125/121
f 23/7/7 24/122/118 30/127/123
f 24/123/119 22/124/120 28/128/124
f 26/8/8 32/10/10 33/130/126
f 33/132/128 31/138/134 25/125/121
f 29/9/9 30/127/123 36/134/130
f 30/129/125 28/128/124 34/135/131
f 38/12/12 39/142/138 33/130/126
f 39/137/133 37/144/140 31/138/134
f 35/11/11 36/134/130 42/139/135
f 42/140/136 36/136/132 34/135/131
f 44/14/14 45/148/144 39/142/138
f 39/137/133 45/150/146 43/143/139
f 41/13/13 42/139/135 48/145/141
f 42/140/136 40/141/137 46/146/142
f 50/16/16 51/154/150 45/148/144
f 51/149/145 49/156/152 43/143/139
f 53/17/17 47/15/15 48/145/141
f 54/152/148 48/147/143 46/146/142
f 56/18/18 57/161/157 51/154/150
f 51/149/145 57/162/158 55/155/151
f 59/19/19 53/17/17 54/151/147
f 54/152/148 52/153/149 58/158/154
f 56/18/18 62/20/20 63/160/156
f 57/162/158 63/168/164 61/163/159
f 59/19/19 60/157/153 66/164/160
f 60/159/155 58/158/154 64/165/161
f 62/20/20 68/22/22 69/167/163
f 63/168/164 69/174/170 67/169/165
f 65/21/21 66/164/160 72/170/166
f 66/166/162 64/165/161 70/171/167
f 68/22/22 74/24/24 75/173/169
f 69/174/170 75/182/176 73/175/171
f 71/23/23 72/170/166 78/176/172
f 72/172/168 70/171/167 76/178/173
f 80/26/26 81/187/180 75/180/169
f 81/181/175 79/189/182 73/175/171
f 83/28/27 77/25/25 78/183/172
f 84/185/178 78/179/174 76/178/173
f 86/29/28 87/194/187 81/187/180
f 87/188/181 85/196/189 79/189/182
f 89/30/29 83/28/27 84/184/177
f 90/191/184 84/185/178 82/186/179
f 86/29/28 92/31/30 93/193/186
f 93/195/188 91/201/194 85/196/189
f 89/30/29 90/190/183 96/197/190
f 96/198/191 90/191/184 88/192/185
f 98/33/32 99/206/199 93/193/186
f 93/195/188 99/208/201 97/200/193
f 95/32/31 96/197/190 102/202/195
f 96/198/191 94/199/192 100/203/196
f 98/33/32 104/35/34 105/205/198
f 105/207/200 103/213/206 97/200/193
f 101/34/33 102/202/195 108/209/202
f 102/204/197 100/203/196 106/210/203
f 110/37/36 111/216/209 105/205/198
f 111/212/205 109/218/211 103/213/206
f 107/36/35 108/209/202 114/214/207
f 114/215/208 108/211/204 106/210/203
f 116/39/38 117/222/215 111/216/209
f 111/212/205 117/224/217 115/217/210
f 113/38/37 114/214/207 120/219/212
f 114/215/208 112/101/97 118/220/213
f 122/41/40 123/228/221 117/222/215
f 123/223/216 121/230/223 115/217/210
f 125/42/41 119/40/39 120/219/212
f 126/226/219 120/221/214 118/220/213
f 128/43/42 129/235/228 123/228/221
f 123/223/216 129/236/229 127/229/222
f 131/44/43 125/42/41 126/225/218
f 126/226/219 124/227/220 130/232/225
f 128/43/42 134/45/44 135/234/227
f 129/236/229 135/242/235 133/237/230
f 131/44/43 132/231/224 138/238/231
f 132/233/226 130/232/225 136/239/232
f 134/45/44 140/47/46 141/241/234
f 135/242/235 141/248/241 139/243/236
f 137/46/45 138/238/231 144/244/237
f 138/240/233 136/239/232 142/245/238
f 140/47/46 146/49/48 147/247/240
f 141/248/241 147/254/247 145/249/242
f 143/48/47 144/244/237 150/250/243
f 144/246/239 142/245/238 148/251/244
f 152/51/50 153/260/251 147/247/240
f 153/253/246 151/262/253 145/249/242
f 155/255/51 149/50/49 150/250/243
f 156/257/249 150/252/245 148/251/244
f 158/259/52 159/4401/258 153/260/251
f 159/261/252 157/270/260 151/262/253
f 161/263/53 155/255/51 156/256/248
f 162/265/255 156/257/249 154/258/250
f 158/53/52 164/56/54 165/267/257
f 165/269/259 163/275/265 157/270/260
f 161/55/53 162/4402/254 168/271/261
f 168/272/262 162/265/255 160/266/256
f 170/58/56 171/280/270 165/267/257
f 165/269/259 171/282/272 169/274/264
f 167/57/55 168/271/261 174/276/266
f 168/272/262 166/273/263 172/277/267
f 170/58/56 176/60/58 177/279/269
f 177/281/271 175/287/277 169/274/264
f 173/59/57 174/276/266 180/283/273
f 174/278/268 172/277/267 178/284/274
f 182/62/60 183/291/281 177/279/269
f 183/286/276 181/293/283 175/287/277
f 179/61/59 180/283/273 186/288/278
f 186/289/279 180/285/275 178/284/274
f 188/64/62 189/297/287 183/291/281
f 183/286/276 189/299/289 187/292/282
f 185/63/61 186/288/278 192/294/284
f 186/289/279 184/290/280 190/295/285
f 194/66/64 195/303/293 189/297/287
f 195/298/288 193/305/295 187/292/282
f 197/67/65 191/65/63 192/294/284
f 198/301/291 192/296/286 190/295/285
f 200/68/66 201/310/300 195/303/293
f 195/298/288 201/311/301 199/304/294
f 203/69/67 197/67/65 198/300/290
f 198/301/291 196/302/292 202/307/297
f 200/68/66 206/70/68 207/309/299
f 201/311/301 207/316/306 205/312/302
f 203/69/67 204/306/296 210/313/303
f 204/308/298 202/307/297 208/100/96
f 206/70/68 212/72/70 213/315/305
f 207/316/306 213/322/312 211/317/307
f 209/71/69 210/313/303 216/318/308
f 210/314/304 208/100/96 214/319/309
f 212/72/70 218/74/72 219/321/311
f 213/322/312 219/330/318 217/323/313
f 215/73/71 216/318/308 222/324/314
f 216/320/310 214/319/309 220/325/315
f 224/79/74 225/335/322 219/327/311
f 225/329/317 223/337/324 217/323/313
f 227/77/75 221/4403/73 222/331/314
f 228/333/320 222/326/316 220/325/315
f 230/78/76 231/342/329 225/335/322
f 231/336/323 229/344/331 223/337/324
f 233/80/77 227/77/75 228/332/319
f 234/339/326 228/333/320 226/334/321
f 230/78/76 236/81/78 237/341/328
f 237/343/330 235/349/336 229/344/331
f 233/80/77 234/338/325 240/345/332
f 240/346/333 234/339/326 232/340/327
f 242/83/80 243/354/341 237/341/328
f 237/343/330 243/356/343 241/348/335
f 239/82/79 240/345/332 246/350/337
f 240/346/333 238/347/334 244/351/338
f 242/83/80 248/85/82 249/353/340
f 249/355/342 247/361/348 241/348/335
f 245/84/81 246/350/337 252/357/344
f 246/352/339 244/351/338 250/358/345
f 254/87/84 255/365/352 249/353/340
f 255/360/347 253/367/354 247/361/348
f 251/86/83 252/357/344 258/362/349
f 258/363/350 252/359/346 250/358/345
f 260/89/86 261/371/358 255/365/352
f 255/360/347 261/373/360 259/366/353
f 257/88/85 258/362/349 264/368/355
f 258/363/350 256/364/351 262/369/356
f 266/91/88 267/377/364 261/371/358
f 267/372/359 265/379/366 259/366/353
f 269/92/89 263/90/87 264/368/355
f 270/375/362 264/370/357 262/369/356
f 272/93/90 273/384/371 267/377/364
f 267/372/359 273/385/372 271/378/365
f 275/94/91 269/92/89 270/374/361
f 270/375/362 268/376/363 274/381/368
f 272/93/90 278/95/92 279/383/370
f 273/385/372 279/391/378 277/386/373
f 275/94/91 276/380/367 282/387/374
f 276/382/369 274/381/368 280/388/375
f 278/95/92 284/97/3 285/390/377
f 279/391/378 285/398/383 283/392/379
f 281/96/93 282/387/374 288/393/380
f 282/389/376 280/388/375 286/395/381
f 284/3/3 2/2/2 3/104/100
f 285/398/383 3/107/103 1/106/102
f 287/1/1 288/4404/380 6/108/104
f 288/396/382 286/395/381 4/111/107
f 283/392/379 1/106/102 7/115/111
f 7/115/111 13/121/117 19/126/122
f 19/126/122 25/125/121 31/138/134
f 31/138/134 37/144/140 43/143/139
f 43/143/139 49/156/152 55/155/151
f 55/155/151 61/163/159 67/169/165
f 67/169/165 73/175/171 79/189/182
f 79/189/182 85/196/189 91/201/194
f 91/201/194 97/200/193 103/213/206
f 103/213/206 109/218/211 115/217/210
f 115/217/210 121/230/223 127/229/222
f 127/229/222 133/237/230 139/243/236
f 139/243/236 145/249/242 151/262/253
f 151/262/253 157/270/260 163/275/265
f 163/275/265 169/274/264 175/287/277
f 175/287/277 181/293/283 187/292/282
f 187/292/282 193/305/295 199/304/294
f 199/304/294 205/312/302 211/317/307
f 211/317/307 217/323/313 223/337/324
f 223/337/324 229/344/331 235/349/336
f 235/349/336 241/348/335 247/361/348
f 247/361/348 253/367/354 259/366/353
f 259/366/353 265/379/366 271/378/365
f 271/378/365 277/386/373 283/392/379
f 283/392/379 7/115/111 19/126/122
f 19/126/122 31/138/134 43/143/139
f 43/143/139 55/155/151 67/169/165
f 67/169/165 79/189/182 91/201/194
f 91/201/194 103/213/206 115/217/210
f 115/217/210 127/229/222 139/243/236
f 139/243/236 151/262/253 163/275/265
f 163/275/265 175/287/277 187/292/282
f 187/292/282 199/304/294 211/317/307
f 211/317/307 223/337/324 235/349/336
f 235/349/336 247/361/348 259/366/353
f 259/366/353 271/378/365 283/392/379
f 283/392/379 19/126/122 43/143/139
f 43/143/139 67/169/165 91/201/194
f 91/201/194 115/217/210 139/243/236
f 139/243/236 163/275/265 187/292/282
f 187/292/282 211/317/307 235/349/336
f 235/349/336 259/366/353 283/392/379
f 283/392/379 43/143/139 91/201/194
f 91/201/194 139/243/236 187/292/282
f 187/292/282 235/349/336 283/392/379
f 1247/1247/1 965/1349/99 962/1248/2
f 977/1250/4 983/1253/7 980/1251/5
f 983/1253/7 989/1255/9 986/1254/8
f 989/1255/9 995/1380/11 992/1256/10
f 995/1257/11 1001/1260/13 998/1258/12
f 1001/1260/13 1007/1262/15 1004/1261/14
f 1007/1262/15 1013/1264/17 1010/1263/16
f 1013/1264/17 1019/1266/19 1016/1265/18
f 1019/1266/19 1025/1268/21 1022/1267/20
f 1025/1268/21 1031/1270/23 1028/1269/22
f 1031/1270/23 1037/1272/25 1034/1271/24
f 1037/1272/25 1043/1274/27 1040/1273/26
f 1043/1274/27 1049/1276/29 1046/1275/28
f 1049/1276/29 1055/1278/31 1052/1277/30
f 1055/1278/31 1061/1280/33 1058/1279/32
f 1061/1280/33 1067/1454/35 1064/1281/34
f 1067/1282/35 1073/1285/37 1070/1283/36
f 1073/1285/37 1079/1287/39 1076/1286/38
f 1079/1287/39 1085/1289/41 1082/1288/40
f 1085/1289/41 1091/1291/43 1088/1290/42
f 1091/1291/43 1097/1293/45 1094/1292/44
f 1097/1293/45 1103/1295/47 1100/1294/46
f 1103/1295/47 1109/1297/49 1106/1296/48
f 1109/1297/49 1115/1299/51 1112/1298/50
f 1115/1299/51 1121/1301/53 1118/1300/52
f 1121/1301/53 1127/1303/55 1124/1302/54
f 1127/1303/55 1133/1305/57 1130/1304/56
f 1133/1305/57 1139/1526/59 1136/1306/58
f 1139/1307/59 1145/1310/61 1142/1308/60
f 1145/1310/61 1151/1312/63 1148/1311/62
f 1151/1312/63 1157/1314/65 1154/1313/64
f 1157/1314/65 1163/1316/67 1160/1315/66
f 1163/1316/67 1169/1318/69 1166/1317/68
f 1169/1318/69 1175/1320/71 1172/1319/70
f 1175/1320/71 1181/1322/73 1178/1321/72
f 1181/1322/73 1187/1324/75 1184/1323/74
f 1187/1324/75 1193/1326/77 1190/1325/76
f 1193/1326/77 1199/1328/79 1196/1327/78
f 1199/1328/79 1205/1330/81 1202/1329/80
f 1205/1330/81 1211/1598/83 1208/1331/82
f 1211/1332/83 1217/1335/85 1214/1333/84
f 1217/1335/85 1223/1337/87 1220/1336/86
f 1223/1337/87 1229/1339/89 1226/1338/88
f 1229/1339/89 1235/1341/91 1232/1340/90
f 1235/1341/91 1241/1343/93 1238/1342/92
f 1241/1343/93 1247/1247/1 1244/1249/3
f 971/1344/94 977/1250/4 974/1252/6
f 976/1348/98 970/1358/108 964/1357/107
f 964/1357/107 1246/1637/381 1240/1631/375
f 1240/1631/375 1234/1625/368 1228/1619/363
f 1228/1619/363 1222/1613/859 1216/1607/351
f 1216/1607/351 1210/1599/404 1204/1593/338
f 1204/1593/338 1198/1587/334 1192/1581/327
f 1192/1581/327 1186/1575/321 1180/1569/315
f 1180/1569/315 1174/1563/309 1168/1346/96
f 1168/1346/96 1162/1552/297 1156/1546/292
f 1156/1546/292 1150/1540/858 1144/1534/280
f 1144/1534/280 1138/1527/401 1132/1521/267
f 1132/1521/267 1126/1515/263 1120/1509/256
f 1120/1509/256 1114/1503/250 1108/1497/244
f 1108/1497/244 1102/1491/238 1096/1485/232
f 1096/1485/232 1090/1479/225 1084/1473/220
f 1084/1473/220 1078/1467/857 1072/1347/97
f 1072/1347/97 1066/1455/393 1060/1449/196
f 1060/1449/196 1054/1443/192 1048/1437/185
f 1048/1437/185 1042/1431/179 1036/1425/173
f 1036/1425/173 1030/1419/167 1024/1413/161
f 1024/1413/161 1018/1407/154 1012/1401/149
f 1012/1401/149 1006/1395/856 1000/1389/137
f 1000/1389/137 994/1381/389 988/1375/124
f 988/1375/124 982/1369/120 976/1348/98
f 976/1348/98 964/1357/107 1240/1631/375
f 1240/1631/375 1228/1619/363 1216/1607/351
f 1216/1607/351 1204/1593/338 1192/1581/327
f 1192/1581/327 1180/1569/315 1168/1346/96
f 1168/1346/96 1156/1546/292 1144/1534/280
f 1144/1534/280 1132/1521/267 1120/1509/256
f 1120/1509/256 1108/1497/244 1096/1485/232
f 1096/1485/232 1084/1473/220 1072/1347/97
f 1072/1347/97 1060/1449/196 1048/1437/185
f 1048/1437/185 1036/1425/173 1024/1413/161
f 1024/1413/161 1012/1401/149 1000/1389/137
f 1000/1389/137 988/1375/124 976/1348/98
f 976/1348/98 1240/1631/375 1216/1607/351
f 1216/1607/351 1192/1581/327 1168/1346/96
f 1168/1346/96 1144/1534/280 1120/1509/256
f 1120/1509/256 1096/1485/232 1072/1347/97
f 1072/1347/97 1048/1437/185 1024/1413/161
f 1024/1413/161 1000/1389/137 976/1348/98
f 976/1348/98 1216/1607/351 1168/1346/96
f 1168/1346/96 1120/1509/256 1072/1347/97
f 1072/1347/97 1024/1413/161 976/1348/98
f 965/1349/99 971/1344/94 968/1345/95
f 968/1345/95 969/1359/109 963/1350/100
f 969/1351/101 967/1361/111 961/1352/102
f 971/1344/94 965/1349/99 966/1354/104
f 972/1356/106 966/1640/384 964/1357/107
f 974/1252/6 975/1364/115 969/1359/109
f 975/1360/110 973/1366/117 967/1361/111
f 977/1250/4 971/1344/94 972/1355/105
f 978/1363/113 972/1356/106 970/1358/108
f 980/1251/5 981/1370/114 975/1364/115
f 981/1365/116 979/1372/122 973/1366/117
f 983/1253/7 977/1250/4 978/1362/112
f 984/1368/119 978/1363/113 976/1348/98
f 986/1254/8 987/1376/387 981/1370/114
f 987/1371/129 985/1378/385 979/1372/122
f 989/1255/9 983/1253/7 984/1367/118
f 990/1374/125 984/1368/119 982/1369/120
f 992/1256/10 993/4411/126 987/1376/387
f 987/1371/129 993/1385/128 991/1377/134
f 989/1255/9 990/1373/386 996/1379/130
f 990/1374/125 988/1375/124 994/1381/389
f 992/1259/10 998/1258/12 999/1383/138
f 993/1385/128 999/1392/133 997/1386/140
f 995/1380/11 996/1379/130 1002/1387/135
f 996/1382/388 994/1381/389 1000/1389/137
f 1004/1261/14 1005/1397/144 999/1383/138
f 1005/1391/146 1003/1399/139 997/1386/140
f 1001/1260/13 1002/4412/135 1008/1393/141
f 1008/1394/143 1002/1390/136 1000/1389/137
f 1004/1261/14 1010/1263/16 1011/1396/150
f 1011/1398/145 1009/1405/152 1003/1399/139
f 1013/1264/17 1007/1262/15 1008/1393/141
f 1008/1394/143 1006/1395/856 1012/1401/149
f 1010/1263/16 1016/1265/18 1017/1403/157
f 1011/1398/145 1017/1410/158 1015/1404/151
f 1013/1264/17 1014/1400/147 1020/1406/153
f 1014/1402/148 1012/1401/149 1018/1407/154
f 1016/1265/18 1022/1267/20 1023/1409/156
f 1017/1410/158 1023/1416/164 1021/1411/159
f 1019/1266/19 1020/1406/153 1026/1412/160
f 1020/1408/155 1018/1407/154 1024/1413/161
f 1022/1267/20 1028/1269/22 1029/1415/163
f 1023/1416/164 1029/1422/170 1027/1417/165
f 1025/1268/21 1026/1412/160 1032/1418/166
f 1026/1414/162 1024/1413/161 1030/1419/167
f 1028/1269/22 1034/1271/24 1035/1421/169
f 1029/1422/170 1035/1428/176 1033/1423/171
f 1031/1270/23 1032/1418/166 1038/1424/172
f 1032/1420/168 1030/1419/167 1036/1425/173
f 1040/1273/26 1041/1432/180 1035/1421/169
f 1041/1427/175 1039/1434/182 1033/1423/171
f 1043/1274/27 1037/1272/25 1038/1424/172
f 1044/1430/178 1038/1426/174 1036/1425/173
f 1046/1275/28 1047/1438/187 1041/1432/180
f 1047/1433/181 1045/1440/189 1039/1434/182
f 1049/1276/29 1043/1274/27 1044/1429/177
f 1050/1436/184 1044/1430/178 1042/1431/179
f 1052/1277/30 1053/1444/186 1047/1438/187
f 1053/1439/188 1051/1446/194 1045/1440/189
f 1055/1278/31 1049/1276/29 1050/1435/183
f 1056/1442/191 1050/1436/184 1048/1437/185
f 1058/1279/32 1059/1450/199 1053/1444/186
f 1059/1445/201 1057/1452/391 1051/1446/194
f 1061/1280/33 1055/1278/31 1056/1441/190
f 1062/1448/197 1056/1442/191 1054/1443/192
f 1064/1281/34 1065/4413/198 1059/1450/199
f 1059/1445/201 1065/1459/200 1063/1451/206
f 1061/1280/33 1062/1447/392 1068/1453/202
f 1062/1448/197 1060/1449/196 1066/1455/393
f 1064/1284/34 1070/1283/36 1071/1457/209
f 1065/1459/200 1071/1464/205 1069/1460/211
f 1067/1282/35 1068/4414/202 1074/1461/207
f 1068/1456/204 1066/1455/393 1072/1347/97
f 1076/1286/38 1077/1469/215 1071/1457/209
f 1077/1463/217 1075/1471/210 1069/1460/211
f 1073/1285/37 1074/1461/207 1080/1465/212
f 1080/1466/394 1074/1462/208 1072/1347/97
f 1076/1286/38 1082/1288/40 1083/1468/396
f 1083/1470/216 1081/1477/223 1075/1471/210
f 1085/1289/41 1079/1287/39 1080/1465/212
f 1080/1466/394 1078/1467/857 1084/1473/220
f 1082/1288/40 1088/1290/42 1089/1475/228
f 1083/1470/216 1089/1482/229 1087/1476/222
f 1085/1289/41 1086/1472/395 1092/1478/224
f 1086/1474/219 1084/1473/220 1090/1479/225
f 1088/1290/42 1094/1292/44 1095/1481/227
f 1089/1482/229 1095/1488/235 1093/1483/230
f 1091/1291/43 1092/1478/224 1098/1484/231
f 1092/1480/226 1090/1479/225 1096/1485/232
f 1094/1292/44 1100/1294/46 1101/1487/234
f 1095/1488/235 1101/1494/241 1099/1489/236
f 1097/1293/45 1098/1484/231 1104/1490/237
f 1098/1486/233 1096/1485/232 1102/1491/238
f 1100/1294/46 1106/1296/48 1107/1493/240
f 1101/1494/241 1107/1500/247 1105/1495/242
f 1103/1295/47 1104/1490/237 1110/1496/243
f 1104/1492/239 1102/1491/238 1108/1497/244
f 1112/1298/50 1113/1504/251 1107/1493/240
f 1113/1499/246 1111/1506/253 1105/1495/242
f 1115/1299/51 1109/1297/49 1110/1496/243
f 1116/1502/249 1110/1498/245 1108/1497/244
f 1118/1300/52 1119/1510/258 1113/1504/251
f 1119/1505/252 1117/1512/260 1111/1506/253
f 1121/1301/53 1115/1299/51 1116/1501/248
f 1122/1508/255 1116/1502/249 1114/1503/250
f 1124/1302/54 1125/1516/257 1119/1510/258
f 1125/1511/259 1123/1518/265 1117/1512/260
f 1127/1303/55 1121/1301/53 1122/1507/254
f 1128/1514/262 1122/1508/255 1120/1509/256
f 1130/1304/56 1131/1522/399 1125/1516/257
f 1131/1517/272 1129/1524/397 1123/1518/265
f 1133/1305/57 1127/1303/55 1128/1513/261
f 1134/1520/268 1128/1514/262 1126/1515/263
f 1136/1306/58 1137/4415/269 1131/1522/399
f 1131/1517/272 1137/1531/271 1135/1523/277
f 1133/1305/57 1134/1519/398 1140/1525/273
f 1134/1520/268 1132/1521/267 1138/1527/401
f 1136/1309/58 1142/1308/60 1143/1529/281
f 1137/1531/271 1143/1537/276 1141/1532/283
f 1139/1307/59 1140/4416/273 1146/1533/278
f 1140/1528/400 1138/1527/401 1144/1534/280
f 1148/1311/62 1149/1542/287 1143/1529/281
f 1149/1536/289 1147/1544/282 1141/1532/283
f 1145/1310/61 1146/1533/278 1152/1538/284
f 1152/1539/286 1146/1535/279 1144/1534/280
f 1148/1311/62 1154/1313/64 1155/1541/293
f 1155/1543/288 1153/1550/295 1147/1544/282
f 1157/1314/65 1151/1312/63 1152/1538/284
f 1152/1539/286 1150/1540/858 1156/1546/292
f 1154/1313/64 1160/1315/66 1161/1548/300
f 1155/1543/288 1161/1555/301 1159/1549/294
f 1157/1314/65 1158/1545/290 1164/1551/296
f 1158/1547/291 1156/1546/292 1162/1552/297
f 1160/1315/66 1166/1317/68 1167/1554/299
f 1161/1555/301 1167/1560/306 1165/1556/302
f 1163/1316/67 1164/1551/296 1170/1557/303
f 1164/1553/298 1162/1552/297 1168/1346/96
f 1166/1317/68 1172/1319/70 1173/1559/305
f 1167/1560/306 1173/1566/312 1171/1561/307
f 1169/1318/69 1170/1557/303 1176/1562/308
f 1170/1558/304 1168/1346/96 1174/1563/309
f 1172/1319/70 1178/1321/72 1179/1565/311
f 1173/1566/312 1179/1572/318 1177/1567/313
f 1175/1320/71 1176/1562/308 1182/1568/314
f 1176/1564/310 1174/1563/309 1180/1569/315
f 1184/1323/74 1185/1576/322 1179/1565/311
f 1185/1571/317 1183/1578/324 1177/1567/313
f 1187/1324/75 1181/1322/73 1182/1568/314
f 1188/1574/320 1182/1570/316 1180/1569/315
f 1190/1325/76 1191/1582/329 1185/1576/322
f 1191/1577/323 1189/1584/331 1183/1578/324
f 1193/1326/77 1187/1324/75 1188/1573/319
f 1194/1580/326 1188/1574/320 1186/1575/321
f 1196/1327/78 1197/1588/328 1191/1582/329
f 1197/1583/330 1195/1590/336 1189/1584/331
f 1199/1328/79 1193/1326/77 1194/1579/325
f 1200/1586/333 1194/1580/326 1192/1581/327
f 1202/1329/80 1203/1594/341 1197/1588/328
f 1203/1589/343 1201/1596/403 1195/1590/336
f 1205/1330/81 1199/1328/79 1200/1585/332
f 1206/1592/339 1200/1586/333 1198/1587/334
f 1208/1331/82 1209/4417/340 1203/1594/341
f 1203/1589/343 1209/1603/342 1207/1595/348
f 1205/1330/81 1206/1591/337 1212/1597/344
f 1206/1592/339 1204/1593/338 1210/1599/404
f 1208/1334/82 1214/1333/84 1215/1601/352
f 1209/1603/342 1215/1610/347 1213/1604/354
f 1211/1598/83 1212/1597/344 1218/1605/349
f 1212/1600/346 1210/1599/404 1216/1607/351
f 1220/1336/86 1221/1615/358 1215/1601/352
f 1221/1609/360 1219/1617/353 1213/1604/354
f 1217/1335/85 1218/4418/349 1224/1611/355
f 1224/1612/405 1218/1608/350 1216/1607/351
f 1220/1336/86 1226/1338/88 1227/1614/407
f 1227/1616/359 1225/1623/366 1219/1617/353
f 1229/1339/89 1223/1337/87 1224/1611/355
f 1224/1612/405 1222/1613/859 1228/1619/363
f 1226/1338/88 1232/1340/90 1233/1621/371
f 1227/1616/359 1233/1628/372 1231/1622/365
f 1229/1339/89 1230/1618/406 1236/1624/367
f 1230/1620/362 1228/1619/363 1234/1625/368
f 1232/1340/90 1238/1342/92 1239/1627/370
f 1233/1628/372 1239/1634/378 1237/1629/373
f 1235/1341/91 1236/1624/367 1242/1630/374
f 1236/1626/369 1234/1625/368 1240/1631/375
f 1238/1342/92 1244/1249/3 1245/1633/377
f 1239/1634/378 1245/1639/383 1243/1635/379
f 1241/1343/93 1242/1630/374 1248/1636/380
f 1242/1632/376 1240/1631/375 1246/1637/381
f 1244/1249/3 962/1248/2 963/1350/100
f 1245/1639/383 963/1353/103 961/1352/102
f 1247/1247/1 1248/1636/380 966/1354/104
f 1248/1638/382 1246/1637/381 964/1357/107
f 1243/1635/379 961/1352/102 967/1361/111
f 967/1361/111 973/1366/117 979/1372/122
f 979/1372/122 985/1378/385 991/1377/134
f 991/1377/134 997/1386/140 1003/1399/139
f 1003/1399/139 1009/1405/152 1015/1404/151
f 1015/1404/151 1021/1411/159 1027/1417/165
f 1027/1417/165 1033/1423/171 1039/1434/182
f 1039/1434/182 1045/1440/189 1051/1446/194
f 1051/1446/194 1057/1452/391 1063/1451/206
f 1063/1451/206 1069/1460/211 1075/1471/210
f 1075/1471/210 1081/1477/223 1087/1476/222
f 1087/1476/222 1093/1483/230 1099/1489/236
f 1099/1489/236 1105/1495/242 1111/1506/253
f 1111/1506/253 1117/1512/260 1123/1518/265
f 1123/1518/265 1129/1524/397 1135/1523/277
f 1135/1523/277 1141/1532/283 1147/1544/282
f 1147/1544/282 1153/1550/295 1159/1549/294
f 1159/1549/294 1165/1556/302 1171/1561/307
f 1171/1561/307 1177/1567/313 1183/1578/324
f 1183/1578/324 1189/1584/331 1195/1590/336
f 1195/1590/336 1201/1596/403 1207/1595/348
f 1207/1595/348 1213/1604/354 1219/1617/353
f 1219/1617/353 1225/1623/366 1231/1622/365
f 1231/1622/365 1237/1629/373 1243/1635/379
f 1243/1635/379 967/1361/111 979/1372/122
f 979/1372/122 991/1377/134 1003/1399/139
f 1003/1399/139 1015/1404/151 1027/1417/165
f 1027/1417/165 1039/1434/182 1051/1446/194
f 1051/1446/194 1063/1451/206 1075/1471/210
f 1075/1471/210 1087/1476/222 1099/1489/236
f 1099/1489/236 1111/1506/253 1123/1518/265
f 1123/1518/265 1135/1523/277 1147/1544/282
f 1147/1544/282 1159/1549/294 1171/1561/307
f 1171/1561/307 1183/1578/324 1195/1590/336
f 1195/1590/336 1207/1595/348 1219/1617/353
f 1219/1617/353 1231/1622/365 1243/1635/379
f 1243/1635/379 979/1372/122 1003/1399/139
f 1003/1399/139 1027/1417/165 1051/1446/194
f 1051/1446/194 1075/1471/210 1099/1489/236
f 1099/1489/236 1123/1518/265 1147/1544/282
f 1147/1544/282 1171/1561/307 1195/1590/336
f 1195/1590/336 1219/1617/353 1243/1635/379
f 1243/1635/379 1003/1399/139 1051/1446/194
f 1051/1446/194 1099/1489/236 1147/1544/282
f 1147/1544/282 1195/1590/336 1243/1635/379
usemtl BumperCyanGlow
f 575/400/1 290/401/2 572/402/3
f 305/403/4 308/404/5 302/405/6
f 311/406/7 314/407/8 308/408/5
f 317/409/9 320/410/10 314/407/8
f 323/411/11 326/412/12 320/410/10
f 329/413/13 332/414/14 326/412/12
f 335/415/15 338/416/16 332/414/14
f 341/417/17 344/418/18 338/416/16
f 347/419/19 350/420/20 344/418/18
f 353/421/21 356/422/22 350/420/20
f 359/423/23 362/424/24 356/422/22
f 365/425/25 368/426/26 362/424/24
f 371/427/27 374/428/28 368/426/26
f 377/429/29 380/430/30 374/431/28
f 383/432/31 386/433/32 380/430/30
f 389/434/33 392/435/34 386/433/32
f 395/436/35 398/437/36 392/435/34
f 401/438/37 404/439/38 398/437/36
f 407/440/39 410/441/40 404/439/38
f 413/442/41 416/443/42 410/441/40
f 419/444/43 422/445/44 416/443/42
f 425/446/45 428/447/46 422/445/44
f 431/448/47 434/449/48 428/450/46
f 437/451/49 440/452/50 434/449/48
f 443/453/51 446/454/52 440/452/50
f 449/455/53 452/456/54 446/454/52
f 455/457/55 458/458/56 452/456/54
f 461/459/57 464/460/58 458/458/56
f 467/461/59 470/462/60 464/460/58
f 473/463/61 476/464/62 470/462/60
f 479/465/63 482/466/64 476/464/62
f 485/467/65 488/468/66 482/466/64
f 491/469/67 494/470/68 488/468/66
f 497/471/69 500/472/70 494/470/68
f 503/473/71 506/474/72 500/472/70
f 509/475/73 512/476/74 506/477/72
f 515/478/75 518/479/76 512/476/74
f 521/480/77 524/481/78 518/479/76
f 527/482/79 530/483/80 524/481/78
f 533/484/81 536/485/82 530/483/80
f 539/486/83 542/487/84 536/485/82
f 545/488/85 548/489/86 542/487/84
f 551/490/87 554/491/88 548/489/86
f 557/492/89 560/493/90 554/491/88
f 563/494/91 566/495/92 560/493/90
f 569/496/93 572/402/3 566/495/92
f 299/497/94 302/405/6 296/498/95
f 496/499/96 400/500/97 304/501/98
f 293/502/99 296/498/95 290/401/2
f 296/498/95 291/503/100 290/401/2
f 297/504/101 289/505/102 291/506/103
f 299/497/94 294/507/104 300/508/105
f 300/509/106 292/510/107 298/511/108
f 302/405/6 297/512/109 296/498/95
f 303/513/110 295/514/111 297/504/101
f 305/403/4 300/508/105 306/515/112
f 306/516/113 298/511/108 304/501/98
f 308/408/5 303/517/115 302/518/6
f 309/519/116 301/520/117 303/513/110
f 305/521/4 312/522/118 311/406/7
f 312/523/119 304/501/98 310/524/120
f 314/407/8 309/525/114 308/408/5
f 309/519/116 313/526/385 307/527/122
f 311/406/7 318/528/386 317/409/9
f 318/529/125 310/524/120 316/530/124
f 320/410/10 315/531/387 314/407/8
f 315/532/129 319/533/134 313/526/385
f 323/411/11 318/528/386 324/534/130
f 324/535/388 316/530/124 322/536/389
f 326/412/12 321/537/126 320/410/10
f 327/538/133 319/533/134 321/539/128
f 329/413/13 324/534/130 330/540/135
f 324/535/388 328/541/137 330/542/136
f 326/412/12 333/543/144 327/544/138
f 327/538/133 331/545/139 325/546/140
f 329/413/13 336/547/141 335/415/15
f 336/548/143 328/541/137 334/549/142
f 338/416/16 333/543/144 332/414/14
f 333/550/390 337/551/152 331/545/139
f 335/415/15 342/552/147 341/417/17
f 342/553/148 334/549/142 340/554/149
f 338/416/16 345/555/157 339/556/150
f 345/557/158 337/551/152 339/558/145
f 341/417/17 348/559/153 347/419/19
f 342/553/148 346/560/154 348/561/155
f 344/418/18 351/562/156 345/555/157
f 345/557/158 349/563/159 343/564/151
f 347/419/19 354/565/160 353/421/21
f 348/561/155 352/566/161 354/567/162
f 350/420/20 357/568/163 351/562/156
f 351/569/164 355/570/165 349/563/159
f 353/421/21 360/571/166 359/423/23
f 354/567/162 358/572/167 360/573/168
f 356/422/22 363/574/169 357/568/163
f 357/575/170 361/576/171 355/570/165
f 359/423/23 366/577/172 365/425/25
f 360/573/168 364/578/173 366/579/174
f 368/426/26 363/574/169 362/424/24
f 369/580/175 361/576/171 363/581/176
f 371/427/27 366/577/172 372/582/177
f 372/583/178 364/578/173 370/584/179
f 374/428/28 369/585/180 368/426/26
f 375/586/181 367/587/182 369/580/175
f 377/429/29 372/588/177 378/589/183
f 378/590/184 370/584/179 376/591/185
f 380/430/30 375/592/187 374/431/28
f 381/593/188 373/594/189 375/586/181
f 377/429/29 384/595/190 383/432/31
f 384/596/191 376/591/185 382/597/192
f 386/433/32 381/598/186 380/430/30
f 381/593/188 385/599/391 379/600/194
f 383/432/31 390/601/392 389/434/33
f 390/602/197 382/597/192 388/603/196
f 392/435/34 387/604/199 386/433/32
f 387/605/201 391/606/206 385/599/391
f 395/436/35 390/601/392 396/607/202
f 396/608/204 388/603/196 394/609/393
f 398/437/36 393/610/198 392/435/34
f 399/611/205 391/606/206 393/612/200
f 401/438/37 396/607/202 402/613/207
f 396/608/204 400/500/97 402/614/208
f 398/437/36 405/615/215 399/616/209
f 399/611/205 403/617/210 397/618/211
f 401/438/37 408/619/212 407/440/39
f 408/620/394 400/500/97 406/621/213
f 410/441/40 405/615/215 404/439/38
f 405/622/217 409/623/223 403/617/210
f 407/440/39 414/624/395 413/442/41
f 414/625/219 406/621/213 412/626/220
f 410/441/40 417/627/228 411/628/396
f 417/629/229 409/623/223 411/630/216
f 413/442/41 420/631/224 419/444/43
f 414/625/219 418/632/225 420/633/226
f 416/443/42 423/634/227 417/627/228
f 417/629/229 421/635/230 415/636/222
f 419/444/43 426/637/231 425/446/45
f 420/633/226 424/638/232 426/639/233
f 422/640/44 429/641/234 423/642/227
f 423/643/235 427/644/236 421/635/230
f 425/446/45 432/645/237 431/646/47
f 426/639/233 430/647/238 432/648/239
f 428/450/46 435/649/240 429/641/234
f 429/650/241 433/651/242 427/644/236
f 431/646/47 438/652/243 437/653/49
f 432/648/239 436/654/244 438/655/245
f 440/452/50 435/649/240 434/449/48
f 441/656/246 433/651/242 435/657/247
f 443/453/51 438/658/243 444/659/248
f 444/660/249 436/654/244 442/661/250
f 446/454/52 441/662/251 440/452/50
f 447/663/252 439/664/253 441/656/246
f 449/455/53 444/659/248 450/665/254
f 450/666/255 442/661/250 448/667/256
f 452/456/54 447/668/258 446/454/52
f 453/669/259 445/670/260 447/663/252
f 449/455/53 456/671/261 455/457/55
f 456/672/262 448/667/256 454/673/263
f 458/458/56 453/674/257 452/456/54
f 453/669/259 457/675/397 451/676/265
f 455/457/55 462/677/398 461/459/57
f 462/678/268 454/673/263 460/679/267
f 464/460/58 459/680/399 458/458/56
f 459/681/272 463/682/277 457/675/397
f 467/461/59 462/677/398 468/683/273
f 468/684/400 460/679/267 466/685/401
f 470/462/60 465/686/269 464/460/58
f 471/687/276 463/682/277 465/688/271
f 473/463/61 468/683/273 474/689/278
f 468/684/400 472/690/280 474/691/279
f 470/462/60 477/692/287 471/693/281
f 471/687/276 475/694/282 469/695/283
f 473/463/61 480/696/284 479/465/63
f 480/697/286 472/690/280 478/698/285
f 482/466/64 477/692/287 476/464/62
f 477/699/402 481/700/295 475/694/282
f 479/465/63 486/701/290 485/467/65
f 486/702/291 478/698/285 484/703/292
f 482/466/64 489/704/300 483/705/293
f 489/706/301 481/700/295 483/707/288
f 485/467/65 492/708/296 491/469/67
f 486/702/291 490/709/297 492/710/298
f 488/468/66 495/711/299 489/704/300
f 489/706/301 493/712/302 487/713/294
f 491/469/67 498/714/303 497/471/69
f 492/710/298 496/499/96 498/715/304
f 494/470/68 501/716/305 495/711/299
f 495/717/306 499/718/307 493/712/302
f 497/471/69 504/719/308 503/473/71
f 498/715/304 502/720/309 504/721/310
f 500/472/70 507/722/311 501/716/305
f 501/723/312 505/724/313 499/718/307
f 503/473/71 510/725/314 509/726/73
f 504/721/310 508/727/315 510/728/316
f 512/476/74 507/729/311 506/477/72
f 513/730/317 505/724/313 507/731/318
f 515/478/75 510/732/314 516/733/319
f 516/734/320 508/727/315 514/735/321
f 518/479/76 513/736/322 512/476/74
f 519/737/323 511/738/324 513/730/317
f 521/480/77 516/733/319 522/739/325
f 522/740/326 514/735/321 520/741/327
f 524/481/78 519/742/329 518/479/76
f 525/743/330 517/744/331 519/737/323
f 521/480/77 528/745/332 527/482/79
f 528/746/333 520/741/327 526/747/334
f 530/483/80 525/748/328 524/481/78
f 525/743/330 529/749/403 523/750/336
f 527/482/79 534/751/337 533/484/81
f 534/752/339 526/747/334 532/753/338
f 536/485/82 531/754/341 530/483/80
f 531/755/343 535/756/348 529/749/403
f 539/486/83 534/751/337 540/757/344
f 540/758/346 532/753/338 538/759/404
f 542/487/84 537/760/340 536/485/82
f 543/761/347 535/756/348 537/762/342
f 545/488/85 540/757/344 546/763/349
f 540/758/346 544/764/351 546/765/350
f 542/487/84 549/766/358 543/767/352
f 543/761/347 547/768/353 541/769/354
f 545/488/85 552/770/355 551/490/87
f 552/771/405 544/764/351 550/772/356
f 554/491/88 549/766/358 548/489/86
f 549/773/360 553/774/366 547/768/353
f 551/490/87 558/775/406 557/492/89
f 558/776/362 550/772/356 556/777/363
f 554/491/88 561/778/371 555/779/407
f 561/780/372 553/774/366 555/781/359
f 557/492/89 564/782/367 563/494/91
f 558/776/362 562/783/368 564/784/369
f 560/493/90 567/785/370 561/778/371
f 561/780/372 565/786/373 559/787/365
f 563/494/91 570/788/374 569/496/93
f 564/784/369 568/789/375 570/790/376
f 566/495/92 573/791/377 567/785/370
f 567/792/378 571/793/379 565/786/373
f 569/496/93 576/794/380 575/400/1
f 570/790/376 574/795/381 576/796/382
f 572/402/3 291/503/100 573/791/377
f 573/797/383 289/505/102 571/793/379
f 575/400/1 294/507/104 293/502/99
f 576/796/382 292/510/107 294/798/384
f 379/600/194 475/694/282 571/793/379
f 1259/1641/860 1250/1641/861 1249/1641/861
f 1260/1641/862 1251/1641/863 1250/1641/863
f 1251/1641/864 1262/1641/864 1252/1641/864
f 1262/1641/865 1253/1641/866 1252/1641/866
f 1263/1641/867 1254/1641/868 1253/1641/868
f 1254/1641/869 1265/1641/870 1255/1641/869
f 1255/1641/871 1266/1641/872 1256/1641/871
f 1266/1641/873 1257/1641/873 1256/1641/873
f 1267/1641/874 1258/1641/875 1257/1641/875
f 1268/1641/876 1249/1641/877 1258/1641/877
f 1269/1641/878 1260/1641/860 1259/1641/860
f 1270/1641/879 1261/1641/862 1260/1641/862
f 1271/1641/864 1262/1641/864 1261/1641/864
f 1272/1641/880 1263/1641/865 1262/1641/865
f 1273/1641/881 1264/1641/867 1263/1641/867
f 1274/1641/882 1265/1641/870 1264/1641/870
f 1275/1641/883 1266/1641/872 1265/1641/872
f 1266/1641/873 1277/1641/873 1267/1641/873
f 1267/1641/874 1278/1641/884 1268/1641/874
f 1268/1641/876 1269/1641/885 1259/1641/876
f 1279/1641/886 1270/1641/887 1269/1641/878
f 1270/1641/879 1281/1641/888 1271/1641/879
f 1271/1641/864 1282/1641/864 1272/1641/864
f 1272/1641/880 1283/1641/889 1273/1641/880
f 1273/1641/881 1284/1641/890 1274/1641/881
f 1284/1641/891 1275/1641/882 1274/1641/882
f 1285/1641/892 1276/1641/883 1275/1641/883
f 1286/1641/873 1277/1641/873 1276/1641/873
f 1287/1641/893 1278/1641/884 1277/1641/884
f 1278/1641/885 1279/1641/894 1269/1641/885
f 1289/1641/895 1280/1641/886 1279/1641/886
f 1290/1641/896 1281/1641/888 1280/1641/888
f 1291/1641/864 1282/1641/864 1281/1641/864
f 1292/1641/897 1283/1641/889 1282/1641/889
f 1293/1641/898 1284/1641/890 1283/1641/890
f 1294/1641/899 1285/1641/891 1284/1641/891
f 1285/1641/892 1296/1641/900 1286/1641/892
f 1286/1641/873 1297/1641/873 1287/1641/873
f 1287/1641/893 1298/1641/901 1288/1641/893
f 1288/1641/894 1289/1641/902 1279/1641/894
f 1289/1641/895 1300/1641/903 1290/1641/895
f 1290/1641/896 1301/1641/904 1291/1641/896
f 1301/1641/864 1292/1641/864 1291/1641/864
f 1302/1641/905 1293/1641/897 1292/1641/897
f 1303/1641/906 1294/1641/898 1293/1641/898
f 1294/1641/899 1305/1641/907 1295/1641/899
f 1305/1641/908 1296/1641/900 1295/1641/900
f 1306/1641/873 1297/1641/873 1296/1641/873
f 1307/1641/909 1298/1641/901 1297/1641/901
f 1308/1641/910 1289/1641/902 1298/1641/902
f 1309/1641/911 1300/1641/903 1299/1641/903
f 1310/1641/912 1301/1641/904 1300/1641/904
f 1311/1641/864 1302/1641/864 1301/1641/864
f 1312/1641/913 1303/1641/905 1302/1641/905
f 1313/1641/914 1304/1641/906 1303/1641/906
f 1314/1641/915 1305/1641/907 1304/1641/907
f 1305/1641/908 1316/1641/916 1306/1641/908
f 1316/1641/873 1307/1641/873 1306/1641/873
f 1307/1641/909 1318/1641/917 1308/1641/909
f 1308/1641/910 1309/1641/918 1299/1641/910
f 1309/1641/911 1320/1641/919 1310/1641/911
f 1310/1641/912 1321/1641/920 1311/1641/912
f 1321/1641/864 1312/1641/864 1311/1641/864
f 1322/1641/921 1313/1641/913 1312/1641/913
f 1323/1641/922 1314/1641/914 1313/1641/914
f 1314/1641/915 1325/1641/923 1315/1641/915
f 1325/1641/924 1316/1641/916 1315/1641/916
f 1316/1641/873 1327/1641/873 1317/1641/873
f 1327/1641/925 1318/1641/917 1317/1641/917
f 1328/1641/926 1309/1641/918 1318/1641/918
f 1319/1641/919 1330/1641/927 1320/1641/919
f 1320/1641/920 1331/1641/928 1321/1641/920
f 1321/1641/864 1332/1641/864 1322/1641/864
f 1322/1641/921 1333/1641/929 1323/1641/921
f 1333/1641/930 1324/1641/922 1323/1641/922
f 1334/1641/931 1325/1641/923 1324/1641/923
f 1335/1641/932 1326/1641/924 1325/1641/924
f 1336/1641/873 1327/1641/873 1326/1641/873
f 1337/1641/933 1328/1641/925 1327/1641/925
f 1338/1641/934 1319/1641/926 1328/1641/926
f 1339/1641/935 1330/1641/927 1329/1641/927
f 1340/1641/936 1331/1641/928 1330/1641/928
f 1331/1641/864 1342/1641/864 1332/1641/864
f 1342/1641/937 1333/1641/929 1332/1641/929
f 1333/1641/930 1344/1641/938 1334/1641/930
f 1344/1641/939 1335/1641/931 1334/1641/931
f 1335/1641/932 1346/1641/940 1336/1641/932
f 1346/1641/873 1337/1641/873 1336/1641/873
f 1347/1641/941 1338/1641/933 1337/1641/933
f 1338/1641/934 1339/1641/942 1329/1641/934
f 1339/1641/935 1350/1641/943 1340/1641/935
f 1350/1641/944 1341/1641/936 1340/1641/936
f 1351/1641/864 1342/1641/864 1341/1641/864
f 1342/1641/937 1353/1641/945 1343/1641/937
f 1353/1641/946 1344/1641/938 1343/1641/938
f 1344/1641/939 1355/1641/947 1345/1641/939
f 1355/1641/948 1346/1641/940 1345/1641/940
f 1346/1641/873 1357/1641/873 1347/1641/873
f 1347/1641/941 1358/1641/949 1348/1641/941
f 1358/1641/950 1339/1641/942 1348/1641/942
f 1349/1641/951 1360/1641/952 1350/1641/943
f 1360/1641/953 1351/1641/944 1350/1641/944
f 1361/1641/864 1352/1641/864 1351/1641/864
f 1362/1641/954 1353/1641/945 1352/1641/945
f 1363/1641/955 1354/1641/946 1353/1641/946
f 1364/1641/956 1355/1641/947 1354/1641/957
f 1355/1641/948 1366/1641/958 1356/1641/948
f 1356/1641/873 1367/1641/873 1357/1641/873
f 1367/1641/959 1358/1641/949 1357/1641/949
f 1368/1641/960 1349/1641/950 1358/1641/950
f 1369/1641/961 1360/1641/952 1359/1641/952
f 1370/1641/962 1361/1641/953 1360/1641/953
f 1371/1641/864 1362/1641/864 1361/1641/864
f 1362/1641/954 1373/1641/963 1363/1641/954
f 1373/1641/964 1364/1641/955 1363/1641/955
f 1374/1641/965 1365/1641/956 1364/1641/956
f 1375/1641/966 1366/1641/958 1365/1641/958
f 1376/1641/873 1367/1641/873 1366/1641/873
f 1377/1641/967 1368/1641/959 1367/1641/959
f 1378/1641/968 1359/1641/960 1368/1641/960
f 1379/1641/969 1370/1641/961 1369/1641/961
f 1380/1641/970 1371/1641/962 1370/1641/962
f 1371/1641/864 1382/1641/864 1372/1641/864
f 1382/1641/971 1373/1641/963 1372/1641/963
f 1383/1641/972 1374/1641/964 1373/1641/964
f 1384/1641/973 1375/1641/965 1374/1641/965
f 1375/1641/966 1386/1641/974 1376/1641/966
f 1386/1641/873 1377/1641/873 1376/1641/873
f 1377/1641/967 1388/1641/975 1378/1641/967
f 1378/1641/968 1379/1641/976 1369/1641/968
f 1379/1641/969 1390/1641/977 1380/1641/969
f 1390/1641/978 1381/1641/970 1380/1641/970
f 1391/1641/864 1382/1641/864 1381/1641/864
f 1382/1641/971 1393/1641/979 1383/1641/971
f 1393/1641/980 1384/1641/972 1383/1641/972
f 1394/1641/981 1385/1641/973 1384/1641/973
f 1395/1641/982 1386/1641/974 1385/1641/974
f 1386/1641/873 1397/1641/873 1387/1641/873
f 1387/1641/975 1398/1641/983 1388/1641/975
f 1398/1641/984 1379/1641/976 1388/1641/976
f 1399/1641/985 1390/1641/977 1389/1641/977
f 1400/1641/986 1391/1641/978 1390/1641/978
f 1401/1641/864 1392/1641/864 1391/1641/864
f 1402/1641/987 1393/1641/979 1392/1641/979
f 1403/1641/988 1394/1641/980 1393/1641/980
f 1394/1641/981 1405/1641/989 1395/1641/981
f 1395/1641/982 1406/1641/990 1396/1641/982
f 1406/1641/873 1397/1641/873 1396/1641/873
f 1407/1641/991 1398/1641/983 1397/1641/983
f 1408/1641/992 1389/1641/993 1398/1641/984
f 1399/1641/985 1410/1641/994 1400/1641/985
f 1400/1641/986 1411/1641/995 1401/1641/986
f 1401/1641/864 1412/1641/864 1402/1641/864
f 1412/1641/996 1403/1641/987 1402/1641/987
f 1413/1641/997 1404/1641/988 1403/1641/988
f 1414/1641/998 1405/1641/989 1404/1641/989
f 1415/1641/999 1406/1641/990 1405/1641/990
f 1416/1641/873 1407/1641/873 1406/1641/873
f 1417/1641/1000 1408/1641/991 1407/1641/991
f 1408/1641/992 1409/1641/1001 1399/1641/992
f 1419/1641/1002 1410/1641/994 1409/1641/994
f 1420/1641/1003 1411/1641/995 1410/1641/995
f 1411/1641/864 1422/1641/864 1412/1641/864
f 1422/1641/1004 1413/1641/996 1412/1641/996
f 1423/1641/1005 1414/1641/997 1413/1641/997
f 1424/1641/1006 1415/1641/998 1414/1641/998
f 1425/1641/1007 1416/1641/999 1415/1641/999
f 1426/1641/873 1417/1641/873 1416/1641/873
f 1427/1641/1008 1418/1641/1000 1417/1641/1000
f 1418/1641/1001 1419/1641/1009 1409/1641/1001
f 1429/1641/1010 1420/1641/1002 1419/1641/1002
f 1420/1641/1003 1431/1641/1011 1421/1641/1003
f 1431/1641/864 1422/1641/864 1421/1641/864
f 1432/1641/1012 1423/1641/1004 1422/1641/1004
f 1433/1641/1013 1424/1641/1005 1423/1641/1005
f 1434/1641/1014 1425/1641/1006 1424/1641/1006
f 1425/1641/1007 1436/1641/1015 1426/1641/1007
f 1426/1641/873 1437/1641/873 1427/1641/873
f 1437/1641/1016 1428/1641/1008 1427/1641/1008
f 1428/1641/1009 1429/1641/1017 1419/1641/1009
f 1429/1641/1010 1440/1641/1018 1430/1641/1010
f 1430/1641/1011 1441/1641/1019 1431/1641/1011
f 1441/1641/864 1432/1641/864 1431/1641/864
f 1432/1641/1012 1443/1641/1020 1433/1641/1012
f 1443/1641/1021 1434/1641/1013 1433/1641/1013
f 1434/1641/1014 1445/1641/1022 1435/1641/1014
f 1445/1641/1023 1436/1641/1015 1435/1641/1015
f 1436/1641/873 1447/1641/873 1437/1641/873
f 1447/1641/1024 1438/1641/1016 1437/1641/1016
f 1448/1641/1025 1429/1641/1017 1438/1641/1017
f 1439/1641/1018 1450/1641/1026 1440/1641/1018
f 1440/1641/1019 1451/1641/1027 1441/1641/1019
f 1451/1641/864 1442/1641/864 1441/1641/864
f 1452/1641/1028 1443/1641/1020 1442/1641/1020
f 1443/1641/1021 1454/1641/1029 1444/1641/1021
f 1444/1641/1022 1455/1641/1030 1445/1641/1022
f 1445/1641/1023 1456/1641/1031 1446/1641/1023
f 1446/1641/873 1457/1641/873 1447/1641/873
f 1457/1641/1032 1448/1641/1024 1447/1641/1024
f 1458/1641/1033 1439/1641/1025 1448/1641/1025
f 1449/1641/1026 1460/1641/1034 1450/1641/1026
f 1460/1641/1035 1451/1641/1027 1450/1641/1027
f 1461/1641/864 1452/1641/864 1451/1641/864
f 1452/1641/1028 1463/1641/1036 1453/1641/1028
f 1463/1641/1037 1454/1641/1029 1453/1641/1029
f 1454/1641/1030 1465/1641/1038 1455/1641/1030
f 1465/1641/1039 1456/1641/1031 1455/1641/1031
f 1456/1641/873 1467/1641/873 1457/1641/873
f 1457/1641/1032 1468/1641/1040 1458/1641/1032
f 1468/1641/1041 1449/1641/1033 1458/1641/1033
f 1469/1641/1042 1460/1641/1034 1459/1641/1034
f 1460/1641/1035 1471/1641/1043 1461/1641/1035
f 1471/1641/864 1462/1641/864 1461/1641/864
f 1472/1641/1044 1463/1641/1036 1462/1641/1036
f 1473/1641/1045 1464/1641/1037 1463/1641/1037
f 1474/1641/1046 1465/1641/1038 1464/1641/1038
f 1475/1641/1047 1466/1641/1039 1465/1641/1039
f 1466/1641/873 1477/1641/873 1467/1641/873
f 1477/1641/1048 1468/1641/1040 1467/1641/1040
f 1468/1641/1041 1469/1641/1049 1459/1641/1041
f 1479/1641/1050 1470/1641/1051 1469/1641/1042
f 1480/1641/1052 1471/1641/1043 1470/1641/1043
f 1481/1641/864 1472/1641/864 1471/1641/864
f 1482/1641/1053 1473/1641/1044 1472/1641/1044
f 1483/1641/1054 1474/1641/1055 1473/1641/1045
f 1484/1641/1056 1475/1641/1057 1474/1641/1046
f 1475/1641/1047 1486/1641/1058 1476/1641/1047
f 1486/1641/873 1477/1641/873 1476/1641/873
f 1487/1641/1059 1478/1641/1048 1477/1641/1048
f 1478/1641/1060 1479/1641/1061 1469/1641/1049
f 1489/1641/868 1480/1641/1050 1479/1641/1050
f 1480/1641/1052 1491/1641/866 1481/1641/1052
f 1491/1641/864 1482/1641/864 1481/1641/864
f 1482/1641/1053 1493/1641/863 1483/1641/1053
f 1493/1641/861 1484/1641/1054 1483/1641/1054
f 1484/1641/1056 1495/1641/877 1485/1641/1056
f 1495/1641/875 1486/1641/1058 1485/1641/1058
f 1486/1641/873 1497/1641/873 1487/1641/873
f 1497/1641/871 1488/1641/1059 1487/1641/1059
f 1488/1641/1061 1489/1641/869 1479/1641/1061
f 1489/1641/868 1500/1641/867 1490/1641/868
f 1500/1641/865 1491/1641/866 1490/1641/866
f 1491/1641/864 1502/1641/864 1492/1641/864
f 1502/1641/862 1493/1641/863 1492/1641/863
f 1503/1641/860 1494/1641/861 1493/1641/861
f 1504/1641/876 1495/1641/877 1494/1641/877
f 1505/1641/874 1496/1641/875 1495/1641/875
f 1506/1641/873 1497/1641/873 1496/1641/873
f 1497/1641/871 1508/1641/872 1498/1641/871
f 1508/1641/870 1489/1641/869 1498/1641/869
f 1499/1641/867 1510/1641/881 1500/1641/867
f 1510/1641/880 1501/1641/865 1500/1641/865
f 1511/1641/864 1502/1641/864 1501/1641/864
f 1502/1641/862 1513/1641/879 1503/1641/862
f 1513/1641/878 1504/1641/860 1503/1641/860
f 1514/1641/885 1505/1641/876 1504/1641/876
f 1515/1641/884 1506/1641/874 1505/1641/874
f 1516/1641/873 1507/1641/873 1506/1641/873
f 1517/1641/883 1508/1641/872 1507/1641/872
f 1518/1641/1062 1499/1641/870 1508/1641/870
f 1519/1641/890 1510/1641/881 1509/1641/881
f 1520/1641/889 1511/1641/880 1510/1641/880
f 1521/1641/864 1512/1641/864 1511/1641/864
f 1512/1641/879 1523/1641/888 1513/1641/879
f 1523/1641/886 1514/1641/887 1513/1641/878
f 1524/1641/894 1515/1641/1063 1514/1641/885
f 1525/1641/893 1516/1641/884 1515/1641/884
f 1526/1641/873 1517/1641/873 1516/1641/873
f 1527/1641/892 1518/1641/883 1517/1641/883
f 1528/1641/891 1509/1641/1064 1518/1641/1062
f 1529/1641/898 1520/1641/890 1519/1641/890
f 1530/1641/897 1521/1641/889 1520/1641/889
f 1521/1641/864 1532/1641/864 1522/1641/864
f 1522/1641/888 1533/1641/896 1523/1641/888
f 1533/1641/895 1524/1641/886 1523/1641/886
f 1524/1641/894 1535/1641/902 1525/1641/894
f 1535/1641/901 1526/1641/893 1525/1641/893
f 1536/1641/873 1527/1641/873 1526/1641/873
f 1527/1641/892 1538/1641/900 1528/1641/892
f 1538/1641/899 1519/1641/891 1528/1641/891
f 1539/1641/906 1530/1641/898 1529/1641/898
f 1540/1641/905 1531/1641/897 1530/1641/897
f 1531/1641/864 1542/1641/864 1532/1641/864
f 1542/1641/904 1533/1641/896 1532/1641/896
f 1543/1641/903 1534/1641/895 1533/1641/895
f 1544/1641/910 1535/1641/902 1534/1641/902
f 1545/1641/909 1536/1641/901 1535/1641/901
f 1546/1641/873 1537/1641/873 1536/1641/873
f 1537/1641/900 1548/1641/908 1538/1641/900
f 1548/1641/907 1529/1641/899 1538/1641/899
f 1549/1641/914 1540/1641/906 1539/1641/906
f 1550/1641/913 1541/1641/905 1540/1641/905
f 1541/1641/864 1552/1641/864 1542/1641/864
f 1552/1641/912 1543/1641/904 1542/1641/904
f 1543/1641/903 1554/1641/911 1544/1641/903
f 1554/1641/918 1545/1641/910 1544/1641/910
f 1545/1641/909 1556/1641/917 1546/1641/909
f 1556/1641/873 1547/1641/873 1546/1641/873
f 1547/1641/908 1558/1641/916 1548/1641/908
f 1548/1641/907 1549/1641/915 1539/1641/907
f 1559/1641/922 1550/1641/914 1549/1641/914
f 1550/1641/913 1561/1641/921 1551/1641/913
f 1551/1641/864 1562/1641/864 1552/1641/864
f 1562/1641/920 1553/1641/912 1552/1641/912
f 1563/1641/919 1554/1641/911 1553/1641/911
f 1554/1641/918 1565/1641/926 1555/1641/918
f 1565/1641/925 1556/1641/917 1555/1641/917
f 1566/1641/873 1557/1641/873 1556/1641/873
f 1567/1641/924 1558/1641/916 1557/1641/916
f 1558/1641/915 1559/1641/923 1549/1641/915
f 1559/1641/922 1570/1641/930 1560/1641/922
f 1570/1641/929 1561/1641/921 1560/1641/921
f 1571/1641/864 1562/1641/864 1561/1641/864
f 1572/1641/928 1563/1641/920 1562/1641/920
f 1563/1641/919 1574/1641/927 1564/1641/919
f 1574/1641/934 1565/1641/926 1564/1641/926
f 1575/1641/933 1566/1641/925 1565/1641/925
f 1566/1641/873 1577/1641/873 1567/1641/873
f 1577/1641/932 1568/1641/924 1567/1641/924
f 1578/1641/931 1559/1641/923 1568/1641/923
f 1579/1641/938 1570/1641/930 1569/1641/930
f 1580/1641/937 1571/1641/929 1570/1641/929
f 1581/1641/864 1572/1641/864 1571/1641/864
f 1582/1641/936 1573/1641/928 1572/1641/928
f 1583/1641/935 1574/1641/927 1573/1641/927
f 1584/1641/942 1575/1641/934 1574/1641/934
f 1575/1641/933 1586/1641/941 1576/1641/933
f 1576/1641/873 1587/1641/873 1577/1641/873
f 1577/1641/932 1588/1641/940 1578/1641/932
f 1588/1641/939 1569/1641/931 1578/1641/931
f 1579/1641/938 1590/1641/946 1580/1641/938
f 1590/1641/945 1581/1641/937 1580/1641/937
f 1591/1641/864 1582/1641/864 1581/1641/864
f 1592/1641/944 1583/1641/936 1582/1641/936
f 1593/1641/943 1584/1641/935 1583/1641/935
f 1594/1641/1065 1585/1641/942 1584/1641/942
f 1595/1641/949 1586/1641/941 1585/1641/941
f 1596/1641/873 1587/1641/873 1586/1641/873
f 1587/1641/940 1598/1641/948 1588/1641/940
f 1598/1641/957 1579/1641/939 1588/1641/939
f 1589/1641/1066 1600/1641/955 1590/1641/946
f 1600/1641/954 1591/1641/945 1590/1641/945
f 1601/1641/864 1592/1641/864 1591/1641/864
f 1602/1641/953 1593/1641/944 1592/1641/944
f 1603/1641/952 1594/1641/943 1593/1641/943
f 1604/1641/960 1595/1641/1065 1594/1641/1065
f 1595/1641/949 1606/1641/959 1596/1641/949
f 1596/1641/873 1607/1641/873 1597/1641/873
f 1597/1641/948 1608/1641/958 1598/1641/948
f 1608/1641/956 1589/1641/957 1598/1641/957
f 1609/1641/964 1600/1641/955 1599/1641/955
f 1600/1641/954 1611/1641/963 1601/1641/954
f 1601/1641/864 1612/1641/864 1602/1641/864
f 1602/1641/953 1613/1641/962 1603/1641/953
f 1613/1641/961 1604/1641/952 1603/1641/952
f 1604/1641/960 1615/1641/968 1605/1641/960
f 1615/1641/967 1606/1641/959 1605/1641/959
f 1616/1641/873 1607/1641/873 1606/1641/873
f 1617/1641/966 1608/1641/958 1607/1641/958
f 1618/1641/965 1599/1641/956 1608/1641/956
f 1619/1641/972 1610/1641/964 1609/1641/964
f 1620/1641/971 1611/1641/963 1610/1641/963
f 1621/1641/864 1612/1641/864 1611/1641/864
f 1622/1641/970 1613/1641/962 1612/1641/962
f 1623/1641/969 1614/1641/961 1613/1641/961
f 1624/1641/976 1615/1641/968 1614/1641/968
f 1615/1641/967 1626/1641/975 1616/1641/967
f 1626/1641/873 1617/1641/873 1616/1641/873
f 1627/1641/974 1618/1641/966 1617/1641/966
f 1628/1641/973 1609/1641/965 1618/1641/965
f 1629/1641/1067 1620/1641/972 1619/1641/972
f 1620/1641/971 1631/1641/979 1621/1641/971
f 1631/1641/864 1622/1641/864 1621/1641/864
f 1622/1641/970 1633/1641/978 1623/1641/970
f 1633/1641/1068 1624/1641/969 1623/1641/969
f 1634/1641/984 1625/1641/976 1624/1641/976
f 1635/1641/983 1626/1641/975 1625/1641/975
f 1636/1641/873 1627/1641/873 1626/1641/873
f 1637/1641/982 1628/1641/974 1627/1641/974
f 1628/1641/973 1629/1641/981 1619/1641/973
f 1639/1641/988 1630/1641/980 1629/1641/1067
f 1630/1641/979 1641/1641/987 1631/1641/979
f 1641/1641/864 1632/1641/864 1631/1641/864
f 1642/1641/986 1633/1641/978 1632/1641/978
f 1643/1641/985 1634/1641/977 1633/1641/1068
f 1634/1641/984 1645/1641/992 1635/1641/1069
f 1645/1641/991 1636/1641/983 1635/1641/983
f 1646/1641/873 1637/1641/873 1636/1641/873
f 1647/1641/990 1638/1641/982 1637/1641/982
f 1648/1641/989 1629/1641/981 1638/1641/981
f 1639/1641/988 1650/1641/997 1640/1641/988
f 1650/1641/996 1641/1641/987 1640/1641/987
f 1651/1641/864 1642/1641/864 1641/1641/864
f 1642/1641/986 1653/1641/995 1643/1641/986
f 1653/1641/994 1644/1641/985 1643/1641/985
f 1644/1641/992 1655/1641/1001 1645/1641/992
f 1655/1641/1000 1646/1641/991 1645/1641/991
f 1646/1641/873 1657/1641/873 1647/1641/873
f 1657/1641/999 1648/1641/990 1647/1641/990
f 1658/1641/998 1639/1641/989 1648/1641/989
f 1649/1641/997 1660/1641/1005 1650/1641/997
f 1660/1641/1004 1651/1641/996 1650/1641/996
f 1661/1641/864 1652/1641/864 1651/1641/864
f 1662/1641/1003 1653/1641/995 1652/1641/995
f 1663/1641/1002 1654/1641/994 1653/1641/994
f 1654/1641/1001 1665/1641/1009 1655/1641/1001
f 1655/1641/1000 1666/1641/1008 1656/1641/1000
f 1656/1641/873 1667/1641/873 1657/1641/873
f 1657/1641/999 1668/1641/1007 1658/1641/999
f 1668/1641/1006 1649/1641/998 1658/1641/998
f 1659/1641/1005 1670/1641/1013 1660/1641/1005
f 1660/1641/1004 1671/1641/1012 1661/1641/1004
f 1661/1641/864 1672/1641/864 1662/1641/864
f 1662/1641/1003 1673/1641/1011 1663/1641/1003
f 1673/1641/1010 1664/1641/1002 1663/1641/1002
f 1674/1641/1017 1665/1641/1009 1664/1641/1009
f 1675/1641/1016 1666/1641/1008 1665/1641/1008
f 1676/1641/873 1667/1641/873 1666/1641/873
f 1667/1641/1007 1678/1641/1015 1668/1641/1007
f 1678/1641/1014 1659/1641/1006 1668/1641/1006
f 1669/1641/1013 1680/1641/1021 1670/1641/1013
f 1670/1641/1012 1681/1641/1020 1671/1641/1012
f 1681/1641/864 1672/1641/864 1671/1641/864
f 1672/1641/1011 1683/1641/1019 1673/1641/1011
f 1683/1641/1018 1674/1641/1010 1673/1641/1010
f 1674/1641/1017 1685/1641/1025 1675/1641/1017
f 1685/1641/1024 1676/1641/1016 1675/1641/1016
f 1676/1641/873 1687/1641/873 1677/1641/873
f 1687/1641/1023 1678/1641/1015 1677/1641/1015
f 1688/1641/1022 1669/1641/1014 1678/1641/1014
f 1689/1641/1029 1680/1641/1021 1679/1641/1021
f 1690/1641/1028 1681/1641/1020 1680/1641/1020
f 1691/1641/864 1682/1641/864 1681/1641/864
f 1692/1641/1027 1683/1641/1019 1682/1641/1019
f 1693/1641/1026 1684/1641/1018 1683/1641/1018
f 1694/1641/1033 1685/1641/1025 1684/1641/1025
f 1695/1641/1032 1686/1641/1024 1685/1641/1024
f 1686/1641/873 1697/1641/873 1687/1641/873
f 1687/1641/1023 1698/1641/1031 1688/1641/1023
f 1688/1641/1022 1689/1641/1030 1679/1641/1022
f 1689/1641/1029 1700/1641/1037 1690/1641/1029
f 1700/1641/1036 1691/1641/1028 1690/1641/1028
f 1701/1641/864 1692/1641/864 1691/1641/864
f 1702/1641/1035 1693/1641/1027 1692/1641/1027
f 1693/1641/1026 1704/1641/1034 1694/1641/1026
f 1704/1641/1041 1695/1641/1033 1694/1641/1033
f 1695/1641/1032 1706/1641/1040 1696/1641/1032
f 1706/1641/873 1697/1641/873 1696/1641/873
f 1697/1641/1031 1708/1641/1039 1698/1641/1031
f 1708/1641/1038 1689/1641/1030 1698/1641/1030
f 1709/1641/1070 1700/1641/1037 1699/1641/1037
f 1710/1641/1044 1701/1641/1036 1700/1641/1036
f 1711/1641/864 1702/1641/864 1701/1641/864
f 1712/1641/1043 1703/1641/1035 1702/1641/1035
f 1713/1641/1071 1704/1641/1034 1703/1641/1034
f 1714/1641/1072 1705/1641/1041 1704/1641/1041
f 1715/1641/1048 1706/1641/1040 1705/1641/1040
f 1716/1641/873 1707/1641/873 1706/1641/873
f 1707/1641/1039 1718/1641/1047 1708/1641/1039
f 1708/1641/1038 1709/1641/1057 1699/1641/1038
f 1719/1641/1054 1710/1641/1055 1709/1641/1070
f 1720/1641/1053 1711/1641/1044 1710/1641/1044
f 1711/1641/864 1722/1641/864 1712/1641/864
f 1722/1641/1052 1713/1641/1043 1712/1641/1043
f 1723/1641/1050 1714/1641/1071 1713/1641/1071
f 1724/1641/1061 1715/1641/1060 1714/1641/1072
f 1725/1641/1059 1716/1641/1048 1715/1641/1048
f 1726/1641/873 1717/1641/873 1716/1641/873
f 1717/1641/1047 1728/1641/1058 1718/1641/1047
f 1728/1641/1056 1709/1641/1057 1718/1641/1057
f 1249/1641/861 1720/1641/1054 1719/1641/1054
f 1250/1641/863 1721/1641/1053 1720/1641/1053
f 1251/1641/864 1722/1641/864 1721/1641/864
f 1722/1641/1052 1253/1641/866 1723/1641/1052
f 1723/1641/1050 1254/1641/868 1724/1641/1050
f 1254/1641/869 1725/1641/1061 1724/1641/1061
f 1255/1641/871 1726/1641/1059 1725/1641/1059
f 1256/1641/873 1727/1641/873 1726/1641/873
f 1257/1641/875 1728/1641/1058 1727/1641/1058
f 1258/1641/877 1719/1641/1056 1728/1641/1056
f 2929/2669/1 2644/2670/2 2926/2671/3
f 2659/2672/4 2662/2673/5 2656/2674/6
f 2665/2675/7 2668/2676/8 2662/2673/5
f 2671/2677/9 2674/2678/10 2668/2676/8
f 2677/2679/11 2680/2680/12 2674/2678/10
f 2683/2681/13 2686/2682/14 2680/2680/12
f 2689/2683/15 2692/2684/16 2686/2682/14
f 2695/2685/17 2698/2686/18 2692/2687/16
f 2701/2688/19 2704/2689/20 2698/2686/18
f 2707/2690/21 2710/2691/22 2704/2689/20
f 2713/2692/23 2716/2693/24 2710/2691/22
f 2719/2694/25 2722/2695/26 2716/2693/24
f 2725/2696/27 2728/2697/28 2722/2695/26
f 2731/2698/29 2734/2699/30 2728/2697/28
f 2737/2700/31 2740/2701/32 2734/2699/30
f 2743/2702/33 2746/2703/34 2740/2701/32
f 2749/2704/35 2752/2705/36 2746/2703/34
f 2755/2706/37 2758/2707/38 2752/2705/36
f 2761/2708/39 2764/2709/40 2758/2707/38
f 2767/2710/41 2770/2711/42 2764/2712/40
f 2773/2713/43 2776/2714/44 2770/2711/42
f 2779/2715/45 2782/2716/46 2776/2714/44
f 2785/2717/47 2788/2718/48 2782/2716/46
f 2791/2719/49 2794/2720/50 2788/2718/48
f 2797/2721/51 2800/2722/52 2794/2720/50
f 2803/2723/53 2806/2724/54 2800/2722/52
f 2809/2725/55 2812/2726/56 2806/2724/54
f 2815/2727/57 2818/2728/58 2812/2726/56
f 2821/2729/59 2824/2730/60 2818/2728/58
f 2827/2731/61 2830/2732/62 2824/2730/60
f 2833/2733/63 2836/2734/64 2830/2732/62
f 2839/2735/65 2842/2736/66 2836/2737/64
f 2845/2738/67 2848/2739/68 2842/2736/66
f 2851/2740/69 2854/2741/70 2848/2739/68
f 2857/2742/71 2860/2743/72 2854/2741/70
f 2863/2744/73 2866/2745/74 2860/2743/72
f 2869/2746/75 2872/2747/76 2866/2745/74
f 2875/2748/77 2878/2749/78 2872/2747/76
f 2881/2750/79 2884/2751/80 2878/2749/78
f 2887/2752/81 2890/2753/82 2884/2751/80
f 2893/2754/83 2896/2755/84 2890/2753/82
f 2899/2756/85 2902/2757/86 2896/2755/84
f 2905/2758/87 2908/2759/88 2902/2757/86
f 2911/2760/89 2914/2761/90 2908/2762/88
f 2917/2763/91 2920/2764/92 2914/2761/90
f 2923/2765/93 2926/2671/3 2920/2764/92
f 2653/2766/94 2656/2674/6 2650/2767/95
f 2850/2768/96 2754/2769/97 2658/2770/98
f 2647/2771/99 2650/2767/95 2644/2670/2
f 2644/2670/2 2651/2772/109 2645/2773/100
f 2645/2774/103 2649/2775/111 2643/2776/102
f 2647/2771/99 2654/2777/105 2653/2766/94
f 2648/2778/384 2652/2779/108 2654/2780/106
f 2650/2767/95 2657/2781/115 2651/2772/109
f 2657/2782/110 2649/2775/111 2651/2783/101
f 2653/2766/94 2660/2784/112 2659/2672/4
f 2654/2780/106 2658/2770/98 2660/2785/113
f 2662/2673/5 2657/2781/115 2656/2674/6
f 2663/2786/116 2655/2787/117 2657/2782/110
f 2665/2675/7 2660/2784/112 2666/2788/118
f 2666/2789/119 2658/2770/98 2664/2790/120
f 2668/2676/8 2663/2791/114 2662/2673/5
f 2663/2786/116 2667/2792/121 2661/2793/122
f 2671/2677/9 2666/2788/118 2672/2794/386
f 2666/2789/119 2670/2795/124 2672/2796/125
f 2674/2678/10 2669/2797/387 2668/2676/8
f 2669/2798/129 2673/2799/1985 2667/2792/121
f 2671/2677/9 2678/2800/130 2677/2679/11
f 2672/2796/125 2676/2801/389 2678/2802/388
f 2680/2680/12 2675/2803/126 2674/2678/10
f 2681/2804/133 2673/2799/1985 2675/2805/128
f 2677/2679/11 2684/2806/135 2683/2681/13
f 2684/2807/136 2676/2801/389 2682/2808/137
f 2686/2682/14 2681/2809/138 2680/2680/12
f 2681/2804/133 2685/2810/139 2679/2811/140
f 2683/2681/13 2690/2812/141 2689/2683/15
f 2684/2807/136 2688/2813/856 2690/2814/1986
f 2692/2684/16 2687/2815/144 2686/2682/14
f 2693/2816/145 2685/2810/139 2687/2817/146
f 2689/2683/15 2696/2818/147 2695/2819/17
f 2696/2820/148 2688/2813/856 2694/2821/149
f 2698/2686/18 2693/2822/150 2692/2687/16
f 2699/2823/158 2691/2824/152 2693/2816/145
f 2695/2685/17 2702/2825/153 2701/2688/19
f 2702/2826/155 2694/2821/149 2700/2827/154
f 2698/2686/18 2705/2828/156 2699/2829/157
f 2699/2823/158 2703/2830/159 2697/2831/151
f 2701/2688/19 2708/2832/160 2707/2690/21
f 2702/2826/155 2706/2833/161 2708/2834/162
f 2710/2691/22 2705/2828/156 2704/2689/20
f 2711/2835/170 2703/2830/159 2705/2836/164
f 2707/2690/21 2714/2837/166 2713/2692/23
f 2714/2838/168 2706/2833/161 2712/2839/167
f 2716/2693/24 2711/2840/163 2710/2691/22
f 2717/2841/176 2709/2842/165 2711/2835/170
f 2719/2694/25 2714/2837/166 2720/2843/172
f 2720/2844/174 2712/2839/167 2718/2845/173
f 2716/2693/24 2723/2846/180 2717/2847/169
f 2717/2841/176 2721/2848/182 2715/2849/171
f 2719/2694/25 2726/2850/177 2725/2696/27
f 2720/2844/174 2724/2851/179 2726/2852/178
f 2722/2695/26 2729/2853/187 2723/2846/180
f 2729/2854/181 2721/2848/182 2723/2855/175
f 2725/2696/27 2732/2856/183 2731/2698/29
f 2726/2852/178 2730/2857/185 2732/2858/184
f 2734/2699/30 2729/2853/187 2728/2697/28
f 2735/2859/188 2727/2860/189 2729/2854/181
f 2737/2700/31 2732/2856/183 2738/2861/190
f 2738/2862/191 2730/2857/185 2736/2863/192
f 2740/2701/32 2735/2864/186 2734/2699/30
f 2735/2859/188 2739/2865/391 2733/2866/194
f 2743/2702/33 2738/2861/190 2744/2867/392
f 2738/2862/191 2742/2868/196 2744/2869/197
f 2746/2703/34 2741/2870/199 2740/2701/32
f 2741/2871/201 2745/2872/1987 2739/2865/391
f 2743/2702/33 2750/2873/202 2749/2704/35
f 2744/2869/197 2748/2874/393 2750/2875/204
f 2752/2705/36 2747/2876/198 2746/2703/34
f 2753/2877/205 2745/2872/1987 2747/2878/200
f 2749/2704/35 2756/2879/207 2755/2706/37
f 2756/2880/208 2748/2874/393 2754/2769/97
f 2758/2707/38 2753/2881/209 2752/2705/36
f 2753/2877/205 2757/2882/1988 2751/2883/211
f 2755/2706/37 2762/2884/212 2761/2708/39
f 2756/2880/208 2760/2885/857 2762/2886/394
f 2764/2709/40 2759/2887/215 2758/2707/38
f 2765/2888/216 2757/2882/1988 2759/2889/217
f 2761/2708/39 2768/2890/395 2767/2891/41
f 2768/2892/219 2760/2885/857 2766/2893/1989
f 2770/2711/42 2765/2894/396 2764/2712/40
f 2771/2895/229 2763/2896/1990 2765/2888/216
f 2767/2710/41 2774/2897/224 2773/2713/43
f 2774/2898/226 2766/2893/1989 2772/2899/225
f 2770/2711/42 2777/2900/227 2771/2901/228
f 2771/2895/229 2775/2902/230 2769/2903/222
f 2773/2713/43 2780/2904/231 2779/2715/45
f 2774/2898/226 2778/2905/232 2780/2906/233
f 2782/2716/46 2777/2900/227 2776/2714/44
f 2783/2907/241 2775/2902/230 2777/2908/235
f 2779/2715/45 2786/2909/237 2785/2717/47
f 2786/2910/239 2778/2905/232 2784/2911/238
f 2788/2718/48 2783/2912/234 2782/2716/46
f 2789/2913/247 2781/2914/236 2783/2907/241
f 2791/2719/49 2786/2909/237 2792/2915/243
f 2792/2916/245 2784/2911/238 2790/2917/244
f 2788/2718/48 2795/2918/251 2789/2919/240
f 2789/2913/247 2793/2920/253 2787/2921/242
f 2791/2719/49 2798/2922/248 2797/2721/51
f 2792/2916/245 2796/2923/250 2798/2924/249
f 2794/2720/50 2801/2925/258 2795/2918/251
f 2801/2926/252 2793/2920/253 2795/2927/246
f 2797/2721/51 2804/2928/254 2803/2723/53
f 2798/2924/249 2802/2929/256 2804/2930/255
f 2806/2724/54 2801/2925/258 2800/2722/52
f 2807/2931/259 2799/2932/260 2801/2926/252
f 2809/2725/55 2804/2928/254 2810/2933/261
f 2810/2934/262 2802/2929/256 2808/2935/263
f 2812/2726/56 2807/2936/257 2806/2724/54
f 2807/2931/259 2811/2937/264 2805/2938/265
f 2815/2727/57 2810/2933/261 2816/2939/398
f 2810/2934/262 2814/2940/267 2816/2941/268
f 2818/2728/58 2813/2942/399 2812/2726/56
f 2813/2943/272 2817/2944/1991 2811/2937/264
f 2815/2727/57 2822/2945/273 2821/2729/59
f 2816/2941/268 2820/2946/401 2822/2947/400
f 2824/2730/60 2819/2948/269 2818/2728/58
f 2825/2949/276 2817/2944/1991 2819/2950/271
f 2821/2729/59 2828/2951/278 2827/2731/61
f 2828/2952/279 2820/2946/401 2826/2953/280
f 2830/2732/62 2825/2954/281 2824/2730/60
f 2825/2949/276 2829/2955/282 2823/2956/283
f 2827/2731/61 2834/2957/284 2833/2733/63
f 2828/2952/279 2832/2958/858 2834/2959/1992
f 2836/2734/64 2831/2960/287 2830/2732/62
f 2837/2961/288 2829/2955/282 2831/2962/289
f 2833/2733/63 2840/2963/290 2839/2964/65
f 2840/2965/291 2832/2958/858 2838/2966/292
f 2842/2736/66 2837/2967/293 2836/2737/64
f 2843/2968/301 2835/2969/295 2837/2961/288
f 2839/2735/65 2846/2970/296 2845/2738/67
f 2846/2971/298 2838/2966/292 2844/2972/297
f 2842/2736/66 2849/2973/299 2843/2974/300
f 2843/2968/301 2847/2975/302 2841/2976/294
f 2845/2738/67 2852/2977/303 2851/2740/69
f 2846/2971/298 2850/2768/96 2852/2978/304
f 2854/2741/70 2849/2973/299 2848/2739/68
f 2855/2979/312 2847/2975/302 2849/2980/306
f 2851/2740/69 2858/2981/308 2857/2742/71
f 2858/2982/310 2850/2768/96 2856/2983/309
f 2860/2743/72 2855/2984/305 2854/2741/70
f 2861/2985/318 2853/2986/307 2855/2979/312
f 2863/2744/73 2858/2981/308 2864/2987/314
f 2864/2988/316 2856/2983/309 2862/2989/315
f 2860/2743/72 2867/2990/322 2861/2991/311
f 2861/2985/318 2865/2992/324 2859/2993/313
f 2863/2744/73 2870/2994/319 2869/2746/75
f 2864/2988/316 2868/2995/321 2870/2996/320
f 2866/2745/74 2873/2997/329 2867/2990/322
f 2873/2998/323 2865/2992/324 2867/2999/317
f 2869/2746/75 2876/3000/325 2875/2748/77
f 2870/2996/320 2874/3001/327 2876/3002/326
f 2878/2749/78 2873/2997/329 2872/2747/76
f 2879/3003/330 2871/3004/331 2873/2998/323
f 2881/2750/79 2876/3000/325 2882/3005/332
f 2882/3006/333 2874/3001/327 2880/3007/334
f 2884/2751/80 2879/3008/328 2878/2749/78
f 2879/3003/330 2883/3009/403 2877/3010/336
f 2887/2752/81 2882/3005/332 2888/3011/337
f 2882/3006/333 2886/3012/338 2888/3013/339
f 2890/2753/82 2885/3014/341 2884/2751/80
f 2885/3015/343 2889/3016/1993 2883/3009/403
f 2887/2752/81 2894/3017/344 2893/2754/83
f 2888/3013/339 2892/3018/404 2894/3019/346
f 2896/2755/84 2891/3020/340 2890/2753/82
f 2897/3021/347 2889/3016/1993 2891/3022/342
f 2893/2754/83 2900/3023/349 2899/2756/85
f 2900/3024/350 2892/3018/404 2898/3025/351
f 2902/2757/86 2897/3026/352 2896/2755/84
f 2897/3021/347 2901/3027/1994 2895/3028/354
f 2899/2756/85 2906/3029/355 2905/2758/87
f 2900/3024/350 2904/3030/859 2906/3031/405
f 2908/2759/88 2903/3032/358 2902/2757/86
f 2909/3033/359 2901/3027/1994 2903/3034/360
f 2905/2758/87 2912/3035/406 2911/3036/89
f 2912/3037/362 2904/3030/859 2910/3038/1995
f 2914/2761/90 2909/3039/407 2908/2762/88
f 2915/3040/372 2907/3041/1996 2909/3033/359
f 2911/2760/89 2918/3042/367 2917/2763/91
f 2918/3043/369 2910/3038/1995 2916/3044/368
f 2914/2761/90 2921/3045/370 2915/3046/371
f 2915/3040/372 2919/3047/373 2913/3048/365
f 2917/2763/91 2924/3049/374 2923/2765/93
f 2918/3043/369 2922/3050/375 2924/3051/376
f 2926/2671/3 2921/3045/370 2920/2764/92
f 2927/3052/383 2919/3047/373 2921/3053/378
f 2923/2765/93 2930/3054/380 2929/2669/1
f 2930/3055/382 2922/3050/375 2928/3056/381
f 2644/2670/2 2927/3057/377 2926/2671/3
f 2645/2774/103 2925/3058/379 2927/3052/383
f 2647/2771/99 2930/3054/380 2648/3059/104
f 2648/2778/384 2928/3056/381 2646/3060/107
f 2733/2866/194 2829/2955/282 2925/3058/379
f 3023/3154/2090 2988/3155/2091 3017/3156/2092
f 3037/3157/2093 3016/3158/2094 3031/3159/2095
f 3008/3160/2096 3022/3161/2097 3036/3162/2098
f 2996/3163/2099 3002/3164/2100 2989/3165/2101
f 3009/3166/2102 3030/3167/2103 3003/3168/2104
f 2987/3169/2105 2991/3170/2106 2993/3171/2107
f 2988/3155/2091 2991/3172/2108 2990/3173/2109
f 2989/3165/2101 2991/3174/2110 2992/3175/2111
f 2994/3176/2112 2998/3177/2113 3000/3178/2114
f 2995/3179/2115 2998/3180/2116 2997/3181/2117
f 2996/3163/2099 2998/3182/2118 2999/3183/2119
f 3001/3184/2120 3005/3185/2121 3007/3186/2122
f 3002/3164/2100 3005/3187/2123 3004/3188/2124
f 3003/3168/2104 3005/3189/2125 3006/3190/2126
f 3008/3160/2096 3012/3191/2127 3014/3192/2128
f 3009/3166/2102 3012/3193/2129 3011/3194/2130
f 3010/3195/2131 3012/3196/2132 3013/3197/2133
f 3015/3198/2134 3019/3199/2135 3021/3200/2136
f 3016/3158/2094 3019/3201/2137 3018/3202/2138
f 3017/3156/2092 3019/3203/2139 3020/3204/2140
f 3022/3161/2097 3026/3205/2141 3028/3206/2142
f 3023/3154/2090 3026/3207/2143 3025/3208/2144
f 3024/3209/2145 3026/3210/2146 3027/3211/2147
f 3029/3212/2148 3033/3213/2149 3035/3214/2150
f 3030/3167/2103 3033/3215/2151 3032/3216/2152
f 3031/3159/2095 3033/3217/2153 3034/3218/2154
f 3036/3162/2098 3040/3219/2155 3042/3220/2156
f 3037/3157/2093 3040/3221/2157 3039/3222/2158
f 3038/3223/2159 3040/3224/2160 3041/3225/2161
f 2987/3169/2105 3004/3226/2162 3001/3184/2120
f 3004/3188/2124 2989/3165/2101 3002/3164/2100
f 2994/3176/2112 2992/3227/2163 2988/3155/2091
f 3000/3228/2164 2989/3165/2101 2992/3175/2111
f 2995/3179/2115 3014/3192/2128 2999/3229/2165
f 3014/3230/2166 2996/3163/2099 2999/3183/2119
f 3003/3168/2104 3013/3231/2167 3009/3166/2102
f 3006/3232/2168 3010/3195/2131 3013/3197/2133
f 3029/3212/2148 3007/3186/2122 3032/3233/2169
f 3007/3234/2170 3030/3167/2103 3032/3216/2152
f 3036/3162/2098 3011/3235/2171 3008/3160/2096
f 3011/3194/2130 3038/3223/2159 3009/3166/2102
f 3031/3159/2095 3041/3236/2172 3037/3157/2093
f 3034/3237/2173 3038/3223/2159 3041/3225/2161
f 3015/3198/2134 3035/3214/2150 3018/3238/2174
f 3035/3239/2175 3016/3158/2094 3018/3202/2138
f 3036/3162/2098 3028/3206/2142 3039/3240/2176
f 3028/3241/2177 3037/3157/2093 3039/3222/2158
f 3017/3156/2092 3027/3242/2178 3023/3154/2090
f 3020/3243/2179 3024/3209/2145 3027/3211/2147
f 3015/3198/2134 2990/3244/2180 2987/3169/2105
f 2990/3173/2109 3017/3156/2092 2988/3155/2091
f 2995/3179/2115 3025/3245/2181 3022/3161/2097
f 3025/3208/2144 2994/3176/2112 3023/3154/2090
f 3001/3184/2120 3015/3198/2134 2987/3169/2105
f 3135/3333/2257 3100/3334/2258 3129/3335/2259
f 3149/3336/2260 3128/3337/2261 3143/3338/2262
f 3120/3339/2263 3134/3340/2264 3148/3341/2265
f 3108/3342/2266 3114/3343/2267 3101/3344/2268
f 3121/3345/2269 3142/3346/2270 3115/3347/2271
f 3099/3348/2272 3103/3349/2273 3105/3350/2274
f 3100/3334/2258 3103/3351/2275 3102/3352/2276
f 3101/3344/2268 3103/3353/2277 3104/3354/2163
f 3106/3355/2278 3110/3356/2279 3112/3357/2280
f 3107/3358/2281 3110/3359/2282 3109/3360/2283
f 3108/3342/2266 3110/3361/2284 3111/3362/2285
f 3113/3363/2286 3117/3364/2287 3119/3365/2288
f 3114/3343/2267 3117/3366/2289 3116/3367/2290
f 3115/3347/2271 3117/3368/2291 3118/3369/2168
f 3120/3339/2263 3124/3370/2292 3126/3371/2293
f 3121/3345/2269 3124/3372/2294 3123/3373/2295
f 3122/3374/2296 3124/3375/2297 3125/3376/2298
f 3127/3377/2299 3131/3378/2300 3133/3379/2301
f 3128/3337/2261 3131/3380/2302 3130/3381/2303
f 3129/3335/2259 3131/3382/2304 3132/3383/2179
f 3134/3340/2264 3138/3384/2305 3140/3385/2306
f 3135/3333/2257 3138/3386/2307 3137/3387/2308
f 3136/3388/2309 3138/3389/2310 3139/3390/2172
f 3141/3391/2311 3145/3392/2312 3147/3393/2313
f 3142/3346/2270 3145/3394/2314 3144/3395/2315
f 3143/3338/2262 3145/3396/2316 3146/3397/2317
f 3148/3341/2265 3152/3398/2318 3154/3399/2319
f 3149/3336/2260 3152/3400/2320 3151/3401/2321
f 3150/3402/2322 3152/3403/2323 3153/3404/2324
f 3113/3363/2286 3105/3350/2274 3116/3405/2325
f 3105/3406/2326 3114/3343/2267 3116/3367/2290
f 3106/3355/2278 3104/3407/2140 3100/3334/2258
f 3112/3408/2114 3101/3344/2268 3104/3354/2163
f 3120/3339/2263 3111/3409/2327 3107/3358/2281
f 3126/3410/2328 3108/3342/2266 3111/3362/2285
f 3115/3347/2271 3125/3411/2133 3121/3345/2269
f 3118/3412/2111 3122/3374/2296 3125/3376/2298
f 3141/3391/2311 3119/3365/2288 3144/3413/2329
f 3119/3414/2330 3142/3346/2270 3144/3395/2315
f 3120/3339/2263 3154/3399/2319 3123/3415/2331
f 3154/3416/2332 3121/3345/2269 3123/3373/2295
f 3143/3338/2262 3153/3417/2161 3149/3336/2260
f 3153/3404/2324 3142/3346/2270 3150/3402/2322
f 3127/3377/2299 3147/3393/2313 3130/3418/2333
f 3130/3381/2303 3143/3338/2262 3128/3337/2261
f 3134/3340/2264 3151/3419/2334 3148/3341/2265
f 3151/3401/2321 3136/3388/2309 3149/3336/2260
f 3129/3335/2259 3139/3420/2147 3135/3333/2257
f 3132/3421/2335 3136/3388/2309 3139/3390/2172
f 3099/3348/2272 3133/3379/2301 3102/3422/2336
f 3133/3423/2337 3100/3334/2258 3102/3352/2276
f 3107/3358/2281 3137/3424/2338 3134/3340/2264
f 3137/3387/2308 3106/3355/2278 3135/3333/2257
f 3141/3391/2311 3099/3348/2272 3113/3363/2286
f 3247/3479/2093 3212/3480/2094 3241/3481/2095
f 3261/3482/2102 3240/3483/2103 3255/3484/2104
f 3232/3485/2115 3246/3486/2098 3260/3487/2096
f 3220/3488/2090 3226/3489/2091 3213/3490/2092
f 3233/3491/2099 3254/3492/2100 3227/3493/2101
f 3211/3494/2134 3215/3495/2135 3217/3496/2136
f 3212/3480/2094 3215/3497/2137 3214/3498/2138
f 3213/3490/2092 3215/3499/2139 3216/3500/2140
f 3218/3501/2145 3222/3502/2146 3224/3503/2147
f 3219/3504/2097 3222/3505/2141 3221/3506/2142
f 3220/3488/2090 3222/3507/2143 3223/3508/2144
f 3225/3509/2105 3229/3510/2106 3231/3511/2107
f 3226/3489/2091 3229/3512/2108 3228/3513/2109
f 3227/3493/2101 3229/3514/2110 3230/3515/2343
f 3232/3485/2115 3236/3516/2116 3238/3517/2117
f 3233/3491/2099 3236/3518/2118 3235/3519/2119
f 3234/3520/2112 3236/3521/2113 3237/3522/2114
f 3239/3523/2148 3243/3524/2149 3245/3525/2150
f 3240/3483/2103 3243/3526/2344 3242/3527/2152
f 3241/3481/2095 3243/3528/2153 3244/3529/2154
f 3246/3486/2098 3250/3530/2155 3252/3531/2156
f 3247/3479/2093 3250/3532/2157 3249/3533/2345
f 3248/3534/2159 3250/3535/2160 3251/3536/2161
f 3253/3537/2120 3257/3538/2121 3259/3539/2122
f 3254/3492/2100 3257/3540/2123 3256/3541/2124
f 3255/3484/2104 3257/3542/2125 3258/3543/2346
f 3260/3487/2096 3264/3544/2127 3266/3545/2128
f 3261/3482/2102 3264/3546/2129 3263/3547/2347
f 3262/3548/2131 3264/3549/2132 3265/3550/2133
f 3211/3494/2134 3228/3551/2180 3225/3509/2105
f 3217/3552/2348 3226/3489/2091 3228/3513/2109
f 3218/3501/2145 3216/3553/2179 3212/3480/2094
f 3224/3554/2280 3213/3490/2092 3216/3500/2140
f 3219/3504/2097 3238/3517/2117 3223/3555/2181
f 3238/3556/2349 3220/3488/2090 3223/3508/2144
f 3233/3491/2099 3230/3515/2343 3237/3557/2298
f 3237/3522/2114 3226/3489/2091 3234/3520/2112
f 3253/3537/2120 3231/3511/2107 3256/3558/2162
f 3231/3559/2350 3254/3492/2100 3256/3541/2124
f 3260/3487/2096 3235/3560/2165 3232/3485/2115
f 3235/3519/2119 3262/3548/2131 3233/3491/2099
f 3255/3484/2104 3265/3561/2324 3261/3482/2102
f 3258/3562/2168 3262/3548/2131 3265/3550/2133
f 3239/3523/2148 3259/3539/2122 3242/3563/2169
f 3259/3564/2170 3240/3483/2103 3242/3527/2152
f 3260/3487/2096 3252/3531/2156 3263/3565/2171
f 3252/3566/2351 3261/3482/2102 3263/3547/2347
f 3241/3481/2095 3251/3567/2352 3247/3479/2093
f 3251/3536/2161 3240/3483/2103 3248/3534/2159
f 3239/3523/2148 3214/3568/2174 3211/3494/2134
f 3214/3498/2138 3241/3481/2095 3212/3480/2094
f 3219/3504/2097 3249/3569/2176 3246/3486/2098
f 3249/3533/2345 3218/3501/2145 3247/3479/2093
f 3225/3509/2105 3239/3523/2148 3211/3494/2134
f 3359/3661/2260 3324/3662/2261 3353/3663/2262
f 3373/3664/2269 3352/3665/2270 3367/3666/2271
f 3344/3667/2281 3358/3668/2265 3372/3669/2263
f 3332/3670/2257 3338/3671/2258 3325/3672/2259
f 3345/3673/2266 3366/3674/2267 3339/3675/2268
f 3323/3676/2299 3327/3677/2300 3329/3678/2301
f 3324/3662/2261 3327/3679/2302 3326/3680/2303
f 3325/3672/2259 3327/3681/2304 3328/3682/2179
f 3330/3683/2309 3334/3684/2310 3336/3685/2172
f 3331/3686/2264 3334/3687/2305 3333/3688/2306
f 3332/3670/2257 3334/3689/2307 3335/3690/2308
f 3337/3691/2272 3341/3692/2273 3343/3693/2274
f 3338/3671/2258 3341/3694/2275 3340/3695/2276
f 3339/3675/2268 3341/3696/2277 3342/3697/2163
f 3344/3667/2281 3348/3698/2282 3350/3699/2355
f 3345/3673/2266 3348/3700/2284 3347/3701/2285
f 3346/3702/2278 3348/3703/2279 3349/3704/2280
f 3351/3705/2311 3355/3706/2312 3357/3707/2313
f 3352/3665/2270 3355/3708/2314 3354/3709/2315
f 3353/3663/2262 3355/3710/2316 3356/3711/2173
f 3358/3668/2265 3362/3712/2318 3364/3713/2319
f 3359/3661/2260 3362/3714/2320 3361/3715/2321
f 3360/3716/2322 3362/3717/2323 3363/3718/2324
f 3365/3719/2286 3369/3720/2287 3371/3721/2288
f 3366/3674/2267 3369/3722/2289 3368/3723/2290
f 3367/3666/2271 3369/3724/2291 3370/3725/2168
f 3372/3669/2263 3376/3726/2292 3378/3727/2293
f 3373/3664/2269 3376/3728/2294 3375/3729/2295
f 3374/3730/2296 3376/3731/2297 3377/3732/2164
f 3337/3691/2272 3329/3678/2301 3340/3733/2336
f 3329/3734/2337 3338/3671/2258 3340/3695/2276
f 3330/3683/2309 3328/3735/2335 3324/3662/2261
f 3336/3736/2147 3325/3672/2259 3328/3682/2179
f 3344/3667/2281 3335/3737/2338 3331/3686/2264
f 3350/3738/2356 3332/3670/2257 3335/3690/2308
f 3339/3675/2268 3349/3739/2114 3345/3673/2266
f 3342/3740/2140 3346/3702/2278 3349/3704/2280
f 3337/3691/2272 3368/3741/2325 3365/3719/2286
f 3368/3723/2290 3339/3675/2268 3366/3674/2267
f 3372/3669/2263 3347/3742/2327 3344/3667/2281
f 3347/3701/2285 3374/3730/2296 3345/3673/2266
f 3367/3666/2271 3377/3743/2133 3373/3664/2269
f 3370/3744/2343 3374/3730/2296 3377/3732/2164
f 3365/3719/2286 3354/3745/2329 3351/3705/2311
f 3354/3709/2315 3367/3666/2271 3352/3665/2270
f 3372/3669/2263 3364/3713/2319 3375/3746/2331
f 3364/3747/2357 3373/3664/2269 3375/3729/2295
f 3353/3663/2262 3363/3748/2161 3359/3661/2260
f 3356/3749/2346 3360/3716/2322 3363/3718/2324
f 3351/3705/2311 3326/3750/2333 3323/3676/2299
f 3326/3680/2303 3353/3663/2262 3324/3662/2261
f 3358/3668/2265 3333/3688/2306 3361/3751/2334
f 3333/3752/2358 3359/3661/2260 3361/3715/2321
f 3365/3719/2286 3323/3676/2299 3337/3691/2272
f 3471/3797/2102 3436/3798/2103 3465/3799/2104
f 3485/3800/2099 3464/3801/2100 3479/3802/2101
f 3456/3803/2097 3470/3804/2096 3484/3805/2115
f 3444/3806/2093 3450/3807/2094 3437/3808/2095
f 3457/3809/2090 3478/3810/2091 3451/3811/2092
f 3435/3812/2148 3439/3813/2149 3441/3814/2365
f 3436/3798/2103 3439/3815/2151 3438/3816/2152
f 3437/3808/2095 3439/3817/2153 3440/3818/2335
f 3442/3819/2159 3446/3820/2160 3448/3821/2161
f 3443/3822/2098 3446/3823/2155 3445/3824/2156
f 3444/3806/2093 3446/3825/2157 3447/3826/2158
f 3449/3827/2134 3453/3828/2135 3455/3829/2136
f 3450/3807/2094 3453/3830/2137 3452/3831/2138
f 3451/3811/2092 3453/3832/2139 3454/3833/2366
f 3456/3803/2097 3460/3392/2141 3462/3834/2142
f 3457/3809/2090 3460/3835/2143 3459/3836/2144
f 3458/3837/2145 3460/3838/2146 3461/3839/2147
f 3463/3840/2120 3467/3841/2121 3469/3842/2122
f 3464/3801/2100 3467/3843/2123 3466/3844/2124
f 3465/3799/2104 3467/3845/2125 3468/3846/2126
f 3470/3804/2096 3474/3847/2127 3476/3848/2128
f 3471/3797/2102 3474/3849/2129 3473/3850/2347
f 3472/3851/2131 3474/3852/2132 3475/3853/2133
f 3477/3854/2105 3481/3855/2106 3483/3856/2107
f 3478/3810/2091 3481/3857/2108 3480/3858/2109
f 3479/3802/2101 3481/3859/2110 3482/3860/2111
f 3484/3805/2115 3488/3861/2116 3490/3862/2117
f 3485/3800/2099 3488/3863/2118 3487/3864/2367
f 3486/3865/2112 3488/3866/2113 3489/3867/2114
f 3435/3812/2148 3452/3868/2174 3449/3827/2134
f 3452/3831/2138 3437/3808/2095 3450/3807/2094
f 3442/3819/2159 3440/3869/2173 3436/3798/2103
f 3448/3870/2352 3437/3808/2095 3440/3818/2335
f 3443/3822/2098 3462/3834/2142 3447/3871/2176
f 3462/3872/2177 3444/3806/2093 3447/3826/2158
f 3451/3811/2092 3461/3873/2178 3457/3809/2090
f 3454/3874/2179 3458/3837/2145 3461/3839/2147
f 3449/3827/2134 3480/3875/2180 3477/3854/2105
f 3480/3858/2109 3451/3811/2092 3478/3810/2091
f 3484/3805/2115 3459/3876/2181 3456/3803/2097
f 3490/3877/2349 3457/3809/2090 3459/3836/2144
f 3479/3802/2101 3489/3878/2164 3485/3800/2099
f 3482/3879/2163 3486/3865/2112 3489/3867/2114
f 3477/3854/2105 3466/3880/2162 3463/3840/2120
f 3466/3844/2124 3479/3802/2101 3464/3801/2100
f 3484/3805/2115 3476/3848/2128 3487/3881/2165
f 3476/3882/2166 3485/3800/2099 3487/3864/2367
f 3471/3797/2102 3468/3846/2126 3475/3883/2167
f 3468/3884/2168 3472/3851/2131 3475/3853/2133
f 3435/3812/2148 3469/3842/2122 3438/3885/2169
f 3469/3886/2170 3436/3798/2103 3438/3816/2152
f 3470/3804/2096 3445/3824/2156 3473/3887/2171
f 3445/3888/2351 3471/3797/2102 3473/3850/2347
f 3477/3854/2105 3435/3812/2148 3449/3827/2134
f 3583/3981/2269 3548/3982/2270 3577/3983/2271
f 3597/3984/2266 3576/3985/2267 3591/3986/2268
f 3596/3987/2281 3555/3988/2265 3582/3989/2263
f 3556/3990/2260 3562/3991/2261 3549/3992/2262
f 3569/3993/2257 3590/3994/2258 3563/3995/2259
f 3547/3996/2311 3551/3997/2312 3553/3998/2313
f 3548/3982/2270 3551/3999/2314 3550/4000/2370
f 3549/3992/2262 3551/4001/2316 3552/4002/2173
f 3554/4003/2322 3558/4004/2323 3560/4005/2324
f 3555/3988/2265 3558/4006/2318 3557/4007/2319
f 3556/3990/2260 3558/4008/2320 3559/4009/2321
f 3561/4010/2299 3565/4011/2300 3567/4012/2301
f 3562/3991/2261 3565/4013/2302 3564/4014/2303
f 3563/3995/2259 3565/4015/2304 3566/4016/2179
f 3568/4017/2264 3572/4018/2305 3574/4019/2306
f 3569/3993/2257 3572/4020/2307 3571/4021/2308
f 3570/4022/2309 3572/4023/2310 3573/4024/2172
f 3575/4025/2286 3579/4026/2287 3581/4027/2288
f 3576/3985/2267 3579/4028/2289 3578/4029/2371
f 3577/3983/2271 3579/4030/2291 3580/4031/2168
f 3582/3989/2263 3586/4032/2292 3588/4033/2293
f 3583/3981/2269 3586/4034/2294 3585/4035/2295
f 3584/4036/2296 3586/4037/2297 3587/4038/2164
f 3589/4039/2272 3593/4040/2273 3595/4041/2274
f 3590/3994/2258 3593/4042/2372 3592/4043/2276
f 3591/3986/2268 3593/4044/2277 3594/4045/2373
f 3596/3987/2281 3600/4046/2282 3602/4047/2283
f 3597/3984/2266 3600/4048/2284 3599/4049/2285
f 3598/4050/2278 3600/4051/2279 3601/4052/2280
f 3561/4010/2299 3553/3998/2313 3564/4053/2333
f 3553/4054/2374 3562/3991/2261 3564/4014/2303
f 3554/4003/2322 3552/4055/2346 3548/3982/2270
f 3560/4056/2161 3549/3992/2262 3552/4002/2173
f 3568/4017/2264 3559/4057/2334 3555/3988/2265
f 3574/4058/2375 3556/3990/2260 3559/4009/2321
f 3563/3995/2259 3573/4059/2147 3569/3993/2257
f 3573/4024/2172 3562/3991/2261 3570/4022/2309
f 3589/4039/2272 3567/4012/2301 3592/4060/2336
f 3567/4061/2337 3590/3994/2258 3592/4043/2276
f 3596/3987/2281 3571/4062/2338 3568/4017/2264
f 3602/4063/2376 3569/3993/2257 3571/4021/2308
f 3591/3986/2268 3601/4064/2114 3597/3984/2266
f 3601/4052/2280 3590/3994/2258 3598/4050/2278
f 3589/4039/2272 3578/4065/2325 3575/4025/2286
f 3578/4029/2371 3591/3986/2268 3576/3985/2267
f 3582/3989/2263 3599/4066/2327 3596/3987/2281
f 3588/4067/2328 3597/3984/2266 3599/4049/2285
f 3577/3983/2271 3587/4068/2133 3583/3981/2269
f 3580/4069/2111 3584/4036/2296 3587/4038/2164
f 3575/4025/2286 3550/4070/2329 3547/3996/2311
f 3550/4000/2370 3577/3983/2271 3548/3982/2270
f 3582/3989/2263 3557/4007/2319 3585/4071/2331
f 3557/4072/2332 3583/3981/2269 3585/4035/2295
f 3589/4039/2272 3547/3996/2311 3561/4010/2299
f 3695/4132/2099 3660/4133/2100 3689/4134/2101
f 3709/4135/2090 3688/4136/2091 3703/4137/2092
f 3708/4138/2097 3667/4139/2096 3694/4140/2115
f 3668/4141/2102 3674/3343/2103 3661/4142/2104
f 3681/4143/2093 3702/4144/2094 3675/4145/2095
f 3659/4146/2120 3663/4147/2121 3665/4148/2122
f 3660/4133/2100 3663/4149/2123 3662/3395/2124
f 3661/4142/2104 3663/3353/2125 3664/4150/2346
f 3666/4151/2131 3670/4152/2132 3672/4153/2133
f 3667/4139/2096 3670/4154/2127 3669/4155/2128
f 3668/4141/2102 3670/3361/2129 3671/4156/2347
f 3673/4157/2148 3677/4158/2149 3679/4159/2150
f 3674/3343/2103 3677/4160/2151 3676/4161/2152
f 3675/4145/2095 3677/4162/2153 3678/4163/2154
f 3680/4164/2098 3684/4165/2155 3686/4166/2156
f 3681/4143/2093 3684/4167/2157 3683/4168/2158
f 3682/3374/2159 3684/4169/2160 3685/4170/2161
f 3687/4171/2105 3691/4172/2106 3693/4173/2107
f 3688/4136/2091 3691/4174/2108 3690/4175/2109
f 3689/4134/2101 3691/4176/2110 3692/4177/2111
f 3694/4140/2115 3698/4178/2116 3700/4179/2117
f 3695/4132/2099 3698/4180/2380 3697/3373/2119
f 3696/4181/2112 3698/4182/2113 3699/3390/2381
f 3701/4183/2134 3705/4184/2135 3707/4185/2136
f 3702/4144/2094 3705/4186/2137 3704/4187/2138
f 3703/4137/2092 3705/4188/2139 3706/4189/2366
f 3708/4138/2097 3712/4190/2141 3714/4191/2142
f 3709/4135/2090 3712/4192/2143 3711/4193/2144
f 3710/4194/2145 3712/4195/2146 3713/4196/2147
f 3659/4146/2120 3676/4197/2169 3673/4157/2148
f 3676/4161/2152 3661/4142/2104 3674/3343/2103
f 3666/4151/2131 3664/4198/2168 3660/4133/2100
f 3672/4199/2167 3661/4142/2104 3664/4150/2346
f 3667/4139/2096 3686/4166/2156 3671/4200/2171
f 3686/4201/2351 3668/4141/2102 3671/4156/2347
f 3675/4145/2095 3685/4202/2352 3681/4143/2093
f 3678/4203/2173 3682/3374/2159 3685/4170/2161
f 3673/4157/2148 3704/4204/2174 3701/4183/2134
f 3704/4187/2138 3675/4145/2095 3702/4144/2094
f 3680/4164/2098 3714/4191/2142 3683/4205/2176
f 3714/4206/2177 3681/4143/2093 3683/4168/2158
f 3703/4137/2092 3713/4207/2178 3709/4135/2090
f 3706/4208/2179 3710/4194/2145 3713/4196/2147
f 3701/4183/2134 3690/4209/2180 3687/4171/2105
f 3690/4175/2109 3703/4137/2092 3688/4136/2091
f 3694/4140/2115 3711/4210/2181 3708/4138/2097
f 3700/4211/2349 3709/4135/2090 3711/4193/2144
f 3695/4132/2099 3692/4177/2111 3699/4212/2298
f 3692/4213/2163 3696/4181/2112 3699/3390/2381
f 3687/4171/2105 3662/4214/2162 3659/4146/2120
f 3693/4215/2350 3660/4133/2100 3662/3395/2124
f 3694/4140/2115 3669/4155/2128 3697/4216/2165
f 3669/4217/2166 3695/4132/2099 3697/3373/2119
f 3701/4183/2134 3659/4146/2120 3673/4157/2148
f 3807/4310/2266 3772/4311/2267 3801/4312/2268
f 3821/4313/2257 3800/4314/2258 3815/4315/2259
f 3820/4316/2264 3779/4317/2263 3806/4318/2281
f 3780/4319/2269 3786/4320/2270 3773/4321/2271
f 3793/4322/2260 3814/4323/2261 3787/4324/2262
f 3771/4325/2286 3775/4326/2287 3777/4327/2288
f 3772/4311/2267 3775/4328/2289 3774/4329/2290
f 3773/4321/2271 3775/4330/2291 3776/4331/2168
f 3778/4332/2296 3782/4333/2297 3784/4334/2164
f 3779/4317/2263 3782/4335/2292 3781/4336/2293
f 3780/4319/2269 3782/4337/2294 3783/4338/2295
f 3785/4339/2311 3789/4340/2312 3791/4341/2313
f 3786/4320/2270 3789/4342/2314 3788/4343/2370
f 3787/4324/2262 3789/4344/2316 3790/4345/2173
f 3792/4346/2265 3796/4347/2318 3798/4348/2382
f 3793/4322/2260 3796/4349/2320 3795/4350/2321
f 3794/4351/2322 3796/4352/2323 3797/4353/2324
f 3799/4354/2272 3803/4355/2273 3805/4356/2274
f 3800/4314/2258 3803/4357/2275 3802/4358/2276
f 3801/4312/2268 3803/4359/2277 3804/4360/2163
f 3806/4318/2281 3810/4361/2282 3812/4362/2283
f 3807/4310/2266 3810/4363/2284 3809/4364/2285
f 3808/4365/2278 3810/4366/2279 3811/4367/2280
f 3813/4368/2299 3817/4369/2300 3819/4370/2301
f 3814/4323/2261 3817/4371/2302 3816/4372/2303
f 3815/4315/2259 3817/4373/2304 3818/4374/2179
f 3820/4316/2264 3824/4375/2305 3826/4376/2306
f 3821/4313/2257 3824/4377/2307 3823/4378/2308
f 3822/4379/2309 3824/4380/2310 3825/4381/2352
f 3771/4325/2286 3788/4382/2383 3785/4339/2311
f 3788/4343/2370 3773/4321/2271 3786/4320/2270
f 3772/4311/2267 3784/4334/2164 3776/4383/2343
f 3776/4331/2168 3780/4319/2269 3773/4321/2271
f 3792/4346/2265 3783/4384/2331 3779/4317/2263
f 3798/4385/2357 3780/4319/2269 3783/4338/2295
f 3787/4324/2262 3797/4386/2161 3793/4322/2260
f 3790/4387/2126 3794/4351/2322 3797/4353/2324
f 3785/4339/2311 3816/4388/2333 3813/4368/2299
f 3816/4372/2303 3787/4324/2262 3814/4323/2261
f 3820/4316/2264 3795/4389/2334 3792/4346/2265
f 3795/4350/2321 3822/4379/2309 3793/4322/2260
f 3821/4313/2257 3818/4374/2179 3825/4390/2147
f 3818/4391/2335 3822/4379/2309 3825/4381/2352
f 3799/4354/2272 3819/4370/2301 3802/4392/2336
f 3819/4393/2337 3800/4314/2258 3802/4358/2276
f 3820/4316/2264 3812/4362/2283 3823/4394/2338
f 3823/4378/2308 3808/4365/2278 3821/4313/2257
f 3801/4312/2268 3811/4395/2114 3807/4310/2266
f 3804/4396/2140 3808/4365/2278 3811/4367/2280
f 3799/4354/2272 3774/4397/2325 3771/4325/2286
f 3774/4329/2290 3801/4312/2268 3772/4311/2267
f 3806/4318/2281 3781/4336/2293 3809/4398/2327
f 3781/4399/2328 3807/4310/2266 3809/4364/2285
f 3813/4368/2299 3771/4325/2286 3785/4339/2311
f 575/400/1 293/502/99 290/401/2
f 305/403/4 311/4405/7 308/404/5
f 311/406/7 317/409/9 314/407/8
f 317/409/9 323/411/11 320/410/10
f 323/411/11 329/413/13 326/412/12
f 329/413/13 335/415/15 332/414/14
f 335/415/15 341/417/17 338/416/16
f 341/417/17 347/419/19 344/418/18
f 347/419/19 353/421/21 350/420/20
f 353/421/21 359/423/23 356/422/22
f 359/423/23 365/425/25 362/424/24
f 365/425/25 371/427/27 368/426/26
f 371/427/27 377/4406/29 374/428/28
f 377/429/29 383/432/31 380/430/30
f 383/432/31 389/434/33 386/433/32
f 389/434/33 395/436/35 392/435/34
f 395/436/35 401/438/37 398/437/36
f 401/438/37 407/440/39 404/439/38
f 407/440/39 413/442/41 410/441/40
f 413/442/41 419/444/43 416/443/42
f 419/444/43 425/446/45 422/445/44
f 425/446/45 431/646/47 428/447/46
f 431/448/47 437/451/49 434/449/48
f 437/451/49 443/453/51 440/452/50
f 443/453/51 449/455/53 446/454/52
f 449/455/53 455/457/55 452/456/54
f 455/457/55 461/459/57 458/458/56
f 461/459/57 467/461/59 464/460/58
f 467/461/59 473/463/61 470/462/60
f 473/463/61 479/465/63 476/464/62
f 479/465/63 485/467/65 482/466/64
f 485/467/65 491/469/67 488/468/66
f 491/469/67 497/471/69 494/470/68
f 497/471/69 503/473/71 500/472/70
f 503/473/71 509/726/73 506/474/72
f 509/475/73 515/478/75 512/476/74
f 515/478/75 521/480/77 518/479/76
f 521/480/77 527/482/79 524/481/78
f 527/482/79 533/484/81 530/483/80
f 533/484/81 539/486/83 536/485/82
f 539/486/83 545/488/85 542/487/84
f 545/488/85 551/490/87 548/489/86
f 551/490/87 557/492/89 554/491/88
f 557/492/89 563/494/91 560/493/90
f 563/494/91 569/496/93 566/495/92
f 569/496/93 575/400/1 572/402/3
f 299/497/94 305/403/4 302/405/6
f 304/501/98 298/511/108 292/510/107
f 292/510/107 574/795/381 568/789/375
f 568/789/375 562/783/368 556/777/363
f 556/777/363 550/772/356 544/764/351
f 544/764/351 538/759/404 532/753/338
f 532/753/338 526/747/334 520/741/327
f 520/741/327 514/735/321 508/727/315
f 508/727/315 502/720/309 496/499/96
f 496/499/96 490/709/297 484/703/292
f 484/703/292 478/698/285 472/690/280
f 472/690/280 466/685/401 460/679/267
f 460/679/267 454/673/263 448/667/256
f 448/667/256 442/661/250 436/654/244
f 436/654/244 430/647/238 424/638/232
f 424/638/232 418/632/225 412/626/220
f 412/626/220 406/621/213 400/500/97
f 400/500/97 394/609/393 388/603/196
f 388/603/196 382/597/192 376/591/185
f 376/591/185 370/584/179 364/578/173
f 364/578/173 358/572/167 352/566/161
f 352/566/161 346/560/154 340/554/149
f 340/554/149 334/549/142 328/541/137
f 328/541/137 322/536/389 316/530/124
f 316/530/124 310/524/120 304/501/98
f 304/501/98 292/510/107 568/789/375
f 568/789/375 556/777/363 544/764/351
f 544/764/351 532/753/338 520/741/327
f 520/741/327 508/727/315 496/499/96
f 496/499/96 484/703/292 472/690/280
f 472/690/280 460/679/267 448/667/256
f 448/667/256 436/654/244 424/638/232
f 424/638/232 412/626/220 400/500/97
f 400/500/97 388/603/196 376/591/185
f 376/591/185 364/578/173 352/566/161
f 352/566/161 340/554/149 328/541/137
f 328/541/137 316/530/124 304/501/98
f 304/501/98 568/789/375 544/764/351
f 544/764/351 520/741/327 496/499/96
f 496/499/96 472/690/280 448/667/256
f 448/667/256 424/638/232 400/500/97
f 400/500/97 376/591/185 352/566/161
f 352/566/161 328/541/137 304/501/98
f 304/501/98 544/764/351 496/499/96
f 496/499/96 448/667/256 400/500/97
f 400/500/97 352/566/161 304/501/98
f 293/502/99 299/497/94 296/498/95
f 296/498/95 297/512/109 291/503/100
f 297/504/101 295/514/111 289/505/102
f 299/497/94 293/502/99 294/507/104
f 300/509/106 294/798/384 292/510/107
f 302/405/6 303/4407/115 297/512/109
f 303/513/110 301/520/117 295/514/111
f 305/403/4 299/497/94 300/508/105
f 306/516/113 300/509/106 298/511/108
f 308/408/5 309/525/114 303/517/115
f 309/519/116 307/527/122 301/520/117
f 305/521/4 306/4408/112 312/522/118
f 312/523/119 306/516/113 304/501/98
f 314/407/8 315/531/387 309/525/114
f 309/519/116 315/532/129 313/526/385
f 311/406/7 312/522/118 318/528/386
f 318/529/125 312/523/119 310/524/120
f 320/410/10 321/537/126 315/531/387
f 315/532/129 321/539/128 319/533/134
f 323/411/11 317/409/9 318/528/386
f 324/535/388 318/529/125 316/530/124
f 326/412/12 327/544/138 321/537/126
f 327/538/133 325/546/140 319/533/134
f 329/413/13 323/411/11 324/534/130
f 324/535/388 322/536/389 328/541/137
f 326/412/12 332/414/14 333/543/144
f 327/538/133 333/550/390 331/545/139
f 329/413/13 330/540/135 336/547/141
f 336/548/143 330/542/136 328/541/137
f 338/416/16 339/556/150 333/543/144
f 333/550/390 339/558/145 337/551/152
f 335/415/15 336/547/141 342/552/147
f 342/553/148 336/548/143 334/549/142
f 338/416/16 344/418/18 345/555/157
f 345/557/158 343/564/151 337/551/152
f 341/417/17 342/552/147 348/559/153
f 342/553/148 340/554/149 346/560/154
f 344/418/18 350/420/20 351/562/156
f 345/557/158 351/569/164 349/563/159
f 347/419/19 348/559/153 354/565/160
f 348/561/155 346/560/154 352/566/161
f 350/420/20 356/422/22 357/568/163
f 351/569/164 357/575/170 355/570/165
f 353/421/21 354/565/160 360/571/166
f 354/567/162 352/566/161 358/572/167
f 356/422/22 362/424/24 363/574/169
f 357/575/170 363/581/176 361/576/171
f 359/423/23 360/571/166 366/577/172
f 360/573/168 358/572/167 364/578/173
f 368/426/26 369/585/180 363/574/169
f 369/580/175 367/587/182 361/576/171
f 371/427/27 365/425/25 366/577/172
f 372/583/178 366/579/174 364/578/173
f 374/428/28 375/4409/187 369/585/180
f 375/586/181 373/594/189 367/587/182
f 377/429/29 371/4410/27 372/588/177
f 378/590/184 372/583/178 370/584/179
f 380/430/30 381/598/186 375/592/187
f 381/593/188 379/600/194 373/594/189
f 377/429/29 378/589/183 384/595/190
f 384/596/191 378/590/184 376/591/185
f 386/433/32 387/604/199 381/598/186
f 381/593/188 387/605/201 385/599/391
f 383/432/31 384/595/190 390/601/392
f 390/602/197 384/596/191 382/597/192
f 392/435/34 393/610/198 387/604/199
f 387/605/201 393/612/200 391/606/206
f 395/436/35 389/434/33 390/601/392
f 396/608/204 390/602/197 388/603/196
f 398/437/36 399/616/209 393/610/198
f 399/611/205 397/618/211 391/606/206
f 401/438/37 395/436/35 396/607/202
f 396/608/204 394/609/393 400/500/97
f 398/437/36 404/439/38 405/615/215
f 399/611/205 405/622/217 403/617/210
f 401/438/37 402/613/207 408/619/212
f 408/620/394 402/614/208 400/500/97
f 410/441/40 411/628/396 405/615/215
f 405/622/217 411/630/216 409/623/223
f 407/440/39 408/619/212 414/624/395
f 414/625/219 408/620/394 406/621/213
f 410/441/40 416/443/42 417/627/228
f 417/629/229 415/636/222 409/623/223
f 413/442/41 414/624/395 420/631/224
f 414/625/219 412/626/220 418/632/225
f 416/443/42 422/445/44 423/634/227
f 417/629/229 423/643/235 421/635/230
f 419/444/43 420/631/224 426/637/231
f 420/633/226 418/632/225 424/638/232
f 422/640/44 428/450/46 429/641/234
f 423/643/235 429/650/241 427/644/236
f 425/446/45 426/637/231 432/645/237
f 426/639/233 424/638/232 430/647/238
f 428/450/46 434/449/48 435/649/240
f 429/650/241 435/657/247 433/651/242
f 431/646/47 432/645/237 438/652/243
f 432/648/239 430/647/238 436/654/244
f 440/452/50 441/662/251 435/649/240
f 441/656/246 439/664/253 433/651/242
f 443/453/51 437/451/49 438/658/243
f 444/660/249 438/655/245 436/654/244
f 446/454/52 447/668/258 441/662/251
f 447/663/252 445/670/260 439/664/253
f 449/455/53 443/453/51 444/659/248
f 450/666/255 444/660/249 442/661/250
f 452/456/54 453/674/257 447/668/258
f 453/669/259 451/676/265 445/670/260
f 449/455/53 450/665/254 456/671/261
f 456/672/262 450/666/255 448/667/256
f 458/458/56 459/680/399 453/674/257
f 453/669/259 459/681/272 457/675/397
f 455/457/55 456/671/261 462/677/398
f 462/678/268 456/672/262 454/673/263
f 464/460/58 465/686/269 459/680/399
f 459/681/272 465/688/271 463/682/277
f 467/461/59 461/459/57 462/677/398
f 468/684/400 462/678/268 460/679/267
f 470/462/60 471/693/281 465/686/269
f 471/687/276 469/695/283 463/682/277
f 473/463/61 467/461/59 468/683/273
f 468/684/400 466/685/401 472/690/280
f 470/462/60 476/464/62 477/692/287
f 471/687/276 477/699/402 475/694/282
f 473/463/61 474/689/278 480/696/284
f 480/697/286 474/691/279 472/690/280
f 482/466/64 483/705/293 477/692/287
f 477/699/402 483/707/288 481/700/295
f 479/465/63 480/696/284 486/701/290
f 486/702/291 480/697/286 478/698/285
f 482/466/64 488/468/66 489/704/300
f 489/706/301 487/713/294 481/700/295
f 485/467/65 486/701/290 492/708/296
f 486/702/291 484/703/292 490/709/297
f 488/468/66 494/470/68 495/711/299
f 489/706/301 495/717/306 493/712/302
f 491/469/67 492/708/296 498/714/303
f 492/710/298 490/709/297 496/499/96
f 494/470/68 500/472/70 501/716/305
f 495/717/306 501/723/312 499/718/307
f 497/471/69 498/714/303 504/719/308
f 498/715/304 496/499/96 502/720/309
f 500/472/70 506/474/72 507/722/311
f 501/723/312 507/731/318 505/724/313
f 503/473/71 504/719/308 510/725/314
f 504/721/310 502/720/309 508/727/315
f 512/476/74 513/736/322 507/729/311
f 513/730/317 511/738/324 505/724/313
f 515/478/75 509/475/73 510/732/314
f 516/734/320 510/728/316 508/727/315
f 518/479/76 519/742/329 513/736/322
f 519/737/323 517/744/331 511/738/324
f 521/480/77 515/478/75 516/733/319
f 522/740/326 516/734/320 514/735/321
f 524/481/78 525/748/328 519/742/329
f 525/743/330 523/750/336 517/744/331
f 521/480/77 522/739/325 528/745/332
f 528/746/333 522/740/326 520/741/327
f 530/483/80 531/754/341 525/748/328
f 525/743/330 531/755/343 529/749/403
f 527/482/79 528/745/332 534/751/337
f 534/752/339 528/746/333 526/747/334
f 536/485/82 537/760/340 531/754/341
f 531/755/343 537/762/342 535/756/348
f 539/486/83 533/484/81 534/751/337
f 540/758/346 534/752/339 532/753/338
f 542/487/84 543/767/352 537/760/340
f 543/761/347 541/769/354 535/756/348
f 545/488/85 539/486/83 540/757/344
f 540/758/346 538/759/404 544/764/351
f 542/487/84 548/489/86 549/766/358
f 543/761/347 549/773/360 547/768/353
f 545/488/85 546/763/349 552/770/355
f 552/771/405 546/765/350 544/764/351
f 554/491/88 555/779/407 549/766/358
f 549/773/360 555/781/359 553/774/366
f 551/490/87 552/770/355 558/775/406
f 558/776/362 552/771/405 550/772/356
f 554/491/88 560/493/90 561/778/371
f 561/780/372 559/787/365 553/774/366
f 557/492/89 558/775/406 564/782/367
f 558/776/362 556/777/363 562/783/368
f 560/493/90 566/495/92 567/785/370
f 561/780/372 567/792/378 565/786/373
f 563/494/91 564/782/367 570/788/374
f 564/784/369 562/783/368 568/789/375
f 566/495/92 572/402/3 573/791/377
f 567/792/378 573/797/383 571/793/379
f 569/496/93 570/788/374 576/794/380
f 570/790/376 568/789/375 574/795/381
f 572/402/3 290/401/2 291/503/100
f 573/797/383 291/506/103 289/505/102
f 575/400/1 576/794/380 294/507/104
f 576/796/382 574/795/381 292/510/107
f 571/793/379 289/505/102 295/514/111
f 295/514/111 301/520/117 307/527/122
f 307/527/122 313/526/385 319/533/134
f 319/533/134 325/546/140 331/545/139
f 331/545/139 337/551/152 343/564/151
f 343/564/151 349/563/159 355/570/165
f 355/570/165 361/576/171 367/587/182
f 367/587/182 373/594/189 379/600/194
f 379/600/194 385/599/391 391/606/206
f 391/606/206 397/618/211 403/617/210
f 403/617/210 409/623/223 415/636/222
f 415/636/222 421/635/230 427/644/236
f 427/644/236 433/651/242 439/664/253
f 439/664/253 445/670/260 451/676/265
f 451/676/265 457/675/397 463/682/277
f 463/682/277 469/695/283 475/694/282
f 475/694/282 481/700/295 487/713/294
f 487/713/294 493/712/302 499/718/307
f 499/718/307 505/724/313 511/738/324
f 511/738/324 517/744/331 523/750/336
f 523/750/336 529/749/403 535/756/348
f 535/756/348 541/769/354 547/768/353
f 547/768/353 553/774/366 559/787/365
f 559/787/365 565/786/373 571/793/379
f 571/793/379 295/514/111 307/527/122
f 307/527/122 319/533/134 331/545/139
f 331/545/139 343/564/151 355/570/165
f 355/570/165 367/587/182 379/600/194
f 379/600/194 391/606/206 403/617/210
f 403/617/210 415/636/222 427/644/236
f 427/644/236 439/664/253 451/676/265
f 451/676/265 463/682/277 475/694/282
f 475/694/282 487/713/294 499/718/307
f 499/718/307 511/738/324 523/750/336
f 523/750/336 535/756/348 547/768/353
f 547/768/353 559/787/365 571/793/379
f 571/793/379 307/527/122 331/545/139
f 331/545/139 355/570/165 379/600/194
f 379/600/194 403/617/210 427/644/236
f 427/644/236 451/676/265 475/694/282
f 475/694/282 499/718/307 523/750/336
f 523/750/336 547/768/353 571/793/379
f 571/793/379 331/545/139 379/600/194
f 379/600/194 427/644/236 475/694/282
f 475/694/282 523/750/336 571/793/379
f 1259/1641/860 1260/1641/860 1250/1641/861
f 1260/1641/862 1261/1641/862 1251/1641/863
f 1251/1641/864 1261/1641/864 1262/1641/864
f 1262/1641/865 1263/1641/865 1253/1641/866
f 1263/1641/867 1264/1641/867 1254/1641/868
f 1254/1641/869 1264/1641/870 1265/1641/870
f 1255/1641/871 1265/1641/872 1266/1641/872
f 1266/1641/873 1267/1641/873 1257/1641/873
f 1267/1641/874 1268/1641/874 1258/1641/875
f 1268/1641/876 1259/1641/876 1249/1641/877
f 1269/1641/878 1270/1641/887 1260/1641/860
f 1270/1641/879 1271/1641/879 1261/1641/862
f 1271/1641/864 1272/1641/864 1262/1641/864
f 1272/1641/880 1273/1641/880 1263/1641/865
f 1273/1641/881 1274/1641/881 1264/1641/867
f 1274/1641/882 1275/1641/882 1265/1641/870
f 1275/1641/883 1276/1641/883 1266/1641/872
f 1266/1641/873 1276/1641/873 1277/1641/873
f 1267/1641/874 1277/1641/884 1278/1641/884
f 1268/1641/876 1278/1641/885 1269/1641/885
f 1279/1641/886 1280/1641/886 1270/1641/887
f 1270/1641/879 1280/1641/888 1281/1641/888
f 1271/1641/864 1281/1641/864 1282/1641/864
f 1272/1641/880 1282/1641/889 1283/1641/889
f 1273/1641/881 1283/1641/890 1284/1641/890
f 1284/1641/891 1285/1641/891 1275/1641/882
f 1285/1641/892 1286/1641/892 1276/1641/883
f 1286/1641/873 1287/1641/873 1277/1641/873
f 1287/1641/893 1288/1641/893 1278/1641/884
f 1278/1641/885 1288/1641/894 1279/1641/894
f 1289/1641/895 1290/1641/895 1280/1641/886
f 1290/1641/896 1291/1641/896 1281/1641/888
f 1291/1641/864 1292/1641/864 1282/1641/864
f 1292/1641/897 1293/1641/897 1283/1641/889
f 1293/1641/898 1294/1641/898 1284/1641/890
f 1294/1641/899 1295/1641/899 1285/1641/891
f 1285/1641/892 1295/1641/900 1296/1641/900
f 1286/1641/873 1296/1641/873 1297/1641/873
f 1287/1641/893 1297/1641/901 1298/1641/901
f 1288/1641/894 1298/1641/902 1289/1641/902
f 1289/1641/895 1299/1641/903 1300/1641/903
f 1290/1641/896 1300/1641/904 1301/1641/904
f 1301/1641/864 1302/1641/864 1292/1641/864
f 1302/1641/905 1303/1641/905 1293/1641/897
f 1303/1641/906 1304/1641/906 1294/1641/898
f 1294/1641/899 1304/1641/907 1305/1641/907
f 1305/1641/908 1306/1641/908 1296/1641/900
f 1306/1641/873 1307/1641/873 1297/1641/873
f 1307/1641/909 1308/1641/909 1298/1641/901
f 1308/1641/910 1299/1641/910 1289/1641/902
f 1309/1641/911 1310/1641/911 1300/1641/903
f 1310/1641/912 1311/1641/912 1301/1641/904
f 1311/1641/864 1312/1641/864 1302/1641/864
f 1312/1641/913 1313/1641/913 1303/1641/905
f 1313/1641/914 1314/1641/914 1304/1641/906
f 1314/1641/915 1315/1641/915 1305/1641/907
f 1305/1641/908 1315/1641/916 1316/1641/916
f 1316/1641/873 1317/1641/873 1307/1641/873
f 1307/1641/909 1317/1641/917 1318/1641/917
f 1308/1641/910 1318/1641/918 1309/1641/918
f 1309/1641/911 1319/1641/919 1320/1641/919
f 1310/1641/912 1320/1641/920 1321/1641/920
f 1321/1641/864 1322/1641/864 1312/1641/864
f 1322/1641/921 1323/1641/921 1313/1641/913
f 1323/1641/922 1324/1641/922 1314/1641/914
f 1314/1641/915 1324/1641/923 1325/1641/923
f 1325/1641/924 1326/1641/924 1316/1641/916
f 1316/1641/873 1326/1641/873 1327/1641/873
f 1327/1641/925 1328/1641/925 1318/1641/917
f 1328/1641/926 1319/1641/926 1309/1641/918
f 1319/1641/919 1329/1641/927 1330/1641/927
f 1320/1641/920 1330/1641/928 1331/1641/928
f 1321/1641/864 1331/1641/864 1332/1641/864
f 1322/1641/921 1332/1641/929 1333/1641/929
f 1333/1641/930 1334/1641/930 1324/1641/922
f 1334/1641/931 1335/1641/931 1325/1641/923
f 1335/1641/932 1336/1641/932 1326/1641/924
f 1336/1641/873 1337/1641/873 1327/1641/873
f 1337/1641/933 1338/1641/933 1328/1641/925
f 1338/1641/934 1329/1641/934 1319/1641/926
f 1339/1641/935 1340/1641/935 1330/1641/927
f 1340/1641/936 1341/1641/936 1331/1641/928
f 1331/1641/864 1341/1641/864 1342/1641/864
f 1342/1641/937 1343/1641/937 1333/1641/929
f 1333/1641/930 1343/1641/938 1344/1641/938
f 1344/1641/939 1345/1641/939 1335/1641/931
f 1335/1641/932 1345/1641/940 1346/1641/940
f 1346/1641/873 1347/1641/873 1337/1641/873
f 1347/1641/941 1348/1641/941 1338/1641/933
f 1338/1641/934 1348/1641/942 1339/1641/942
f 1339/1641/935 1349/1641/951 1350/1641/943
f 1350/1641/944 1351/1641/944 1341/1641/936
f 1351/1641/864 1352/1641/864 1342/1641/864
f 1342/1641/937 1352/1641/945 1353/1641/945
f 1353/1641/946 1354/1641/946 1344/1641/938
f 1344/1641/939 1354/1641/957 1355/1641/947
f 1355/1641/948 1356/1641/948 1346/1641/940
f 1346/1641/873 1356/1641/873 1357/1641/873
f 1347/1641/941 1357/1641/949 1358/1641/949
f 1358/1641/950 1349/1641/950 1339/1641/942
f 1349/1641/951 1359/1641/952 1360/1641/952
f 1360/1641/953 1361/1641/953 1351/1641/944
f 1361/1641/864 1362/1641/864 1352/1641/864
f 1362/1641/954 1363/1641/954 1353/1641/945
f 1363/1641/955 1364/1641/955 1354/1641/946
f 1364/1641/956 1365/1641/956 1355/1641/947
f 1355/1641/948 1365/1641/958 1366/1641/958
f 1356/1641/873 1366/1641/873 1367/1641/873
f 1367/1641/959 1368/1641/959 1358/1641/949
f 1368/1641/960 1359/1641/960 1349/1641/950
f 1369/1641/961 1370/1641/961 1360/1641/952
f 1370/1641/962 1371/1641/962 1361/1641/953
f 1371/1641/864 1372/1641/864 1362/1641/864
f 1362/1641/954 1372/1641/963 1373/1641/963
f 1373/1641/964 1374/1641/964 1364/1641/955
f 1374/1641/965 1375/1641/965 1365/1641/956
f 1375/1641/966 1376/1641/966 1366/1641/958
f 1376/1641/873 1377/1641/873 1367/1641/873
f 1377/1641/967 1378/1641/967 1368/1641/959
f 1378/1641/968 1369/1641/968 1359/1641/960
f 1379/1641/969 1380/1641/969 1370/1641/961
f 1380/1641/970 1381/1641/970 1371/1641/962
f 1371/1641/864 1381/1641/864 1382/1641/864
f 1382/1641/971 1383/1641/971 1373/1641/963
f 1383/1641/972 1384/1641/972 1374/1641/964
f 1384/1641/973 1385/1641/973 1375/1641/965
f 1375/1641/966 1385/1641/974 1386/1641/974
f 1386/1641/873 1387/1641/873 1377/1641/873
f 1377/1641/967 1387/1641/975 1388/1641/975
f 1378/1641/968 1388/1641/976 1379/1641/976
f 1379/1641/969 1389/1641/977 1390/1641/977
f 1390/1641/978 1391/1641/978 1381/1641/970
f 1391/1641/864 1392/1641/864 1382/1641/864
f 1382/1641/971 1392/1641/979 1393/1641/979
f 1393/1641/980 1394/1641/980 1384/1641/972
f 1394/1641/981 1395/1641/981 1385/1641/973
f 1395/1641/982 1396/1641/982 1386/1641/974
f 1386/1641/873 1396/1641/873 1397/1641/873
f 1387/1641/975 1397/1641/983 1398/1641/983
f 1398/1641/984 1389/1641/993 1379/1641/976
f 1399/1641/985 1400/1641/985 1390/1641/977
f 1400/1641/986 1401/1641/986 1391/1641/978
f 1401/1641/864 1402/1641/864 1392/1641/864
f 1402/1641/987 1403/1641/987 1393/1641/979
f 1403/1641/988 1404/1641/988 1394/1641/980
f 1394/1641/981 1404/1641/989 1405/1641/989
f 1395/1641/982 1405/1641/990 1406/1641/990
f 1406/1641/873 1407/1641/873 1397/1641/873
f 1407/1641/991 1408/1641/991 1398/1641/983
f 1408/1641/992 1399/1641/992 1389/1641/993
f 1399/1641/985 1409/1641/994 1410/1641/994
f 1400/1641/986 1410/1641/995 1411/1641/995
f 1401/1641/864 1411/1641/864 1412/1641/864
f 1412/1641/996 1413/1641/996 1403/1641/987
f 1413/1641/997 1414/1641/997 1404/1641/988
f 1414/1641/998 1415/1641/998 1405/1641/989
f 1415/1641/999 1416/1641/999 1406/1641/990
f 1416/1641/873 1417/1641/873 1407/1641/873
f 1417/1641/1000 1418/1641/1000 1408/1641/991
f 1408/1641/992 1418/1641/1001 1409/1641/1001
f 1419/1641/1002 1420/1641/1002 1410/1641/994
f 1420/1641/1003 1421/1641/1003 1411/1641/995
f 1411/1641/864 1421/1641/864 1422/1641/864
f 1422/1641/1004 1423/1641/1004 1413/1641/996
f 1423/1641/1005 1424/1641/1005 1414/1641/997
f 1424/1641/1006 1425/1641/1006 1415/1641/998
f 1425/1641/1007 1426/1641/1007 1416/1641/999
f 1426/1641/873 1427/1641/873 1417/1641/873
f 1427/1641/1008 1428/1641/1008 1418/1641/1000
f 1418/1641/1001 1428/1641/1009 1419/1641/1009
f 1429/1641/1010 1430/1641/1010 1420/1641/1002
f 1420/1641/1003 1430/1641/1011 1431/1641/1011
f 1431/1641/864 1432/1641/864 1422/1641/864
f 1432/1641/1012 1433/1641/1012 1423/1641/1004
f 1433/1641/1013 1434/1641/1013 1424/1641/1005
f 1434/1641/1014 1435/1641/1014 1425/1641/1006
f 1425/1641/1007 1435/1641/1015 1436/1641/1015
f 1426/1641/873 1436/1641/873 1437/1641/873
f 1437/1641/1016 1438/1641/1016 1428/1641/1008
f 1428/1641/1009 1438/1641/1017 1429/1641/1017
f 1429/1641/1010 1439/1641/1018 1440/1641/1018
f 1430/1641/1011 1440/1641/1019 1441/1641/1019
f 1441/1641/864 1442/1641/864 1432/1641/864
f 1432/1641/1012 1442/1641/1020 1443/1641/1020
f 1443/1641/1021 1444/1641/1021 1434/1641/1013
f 1434/1641/1014 1444/1641/1022 1445/1641/1022
f 1445/1641/1023 1446/1641/1023 1436/1641/1015
f 1436/1641/873 1446/1641/873 1447/1641/873
f 1447/1641/1024 1448/1641/1024 1438/1641/1016
f 1448/1641/1025 1439/1641/1025 1429/1641/1017
f 1439/1641/1018 1449/1641/1026 1450/1641/1026
f 1440/1641/1019 1450/1641/1027 1451/1641/1027
f 1451/1641/864 1452/1641/864 1442/1641/864
f 1452/1641/1028 1453/1641/1028 1443/1641/1020
f 1443/1641/1021 1453/1641/1029 1454/1641/1029
f 1444/1641/1022 1454/1641/1030 1455/1641/1030
f 1445/1641/1023 1455/1641/1031 1456/1641/1031
f 1446/1641/873 1456/1641/873 1457/1641/873
f 1457/1641/1032 1458/1641/1032 1448/1641/1024
f 1458/1641/1033 1449/1641/1033 1439/1641/1025
f 1449/1641/1026 1459/1641/1034 1460/1641/1034
f 1460/1641/1035 1461/1641/1035 1451/1641/1027
f 1461/1641/864 1462/1641/864 1452/1641/864
f 1452/1641/1028 1462/1641/1036 1463/1641/1036
f 1463/1641/1037 1464/1641/1037 1454/1641/1029
f 1454/1641/1030 1464/1641/1038 1465/1641/1038
f 1465/1641/1039 1466/1641/1039 1456/1641/1031
f 1456/1641/873 1466/1641/873 1467/1641/873
f 1457/1641/1032 1467/1641/1040 1468/1641/1040
f 1468/1641/1041 1459/1641/1041 1449/1641/1033
f 1469/1641/1042 1470/1641/1051 1460/1641/1034
f 1460/1641/1035 1470/1641/1043 1471/1641/1043
f 1471/1641/864 1472/1641/864 1462/1641/864
f 1472/1641/1044 1473/1641/1044 1463/1641/1036
f 1473/1641/1045 1474/1641/1055 1464/1641/1037
f 1474/1641/1046 1475/1641/1057 1465/1641/1038
f 1475/1641/1047 1476/1641/1047 1466/1641/1039
f 1466/1641/873 1476/1641/873 1477/1641/873
f 1477/1641/1048 1478/1641/1048 1468/1641/1040
f 1468/1641/1041 1478/1641/1060 1469/1641/1049
f 1479/1641/1050 1480/1641/1050 1470/1641/1051
f 1480/1641/1052 1481/1641/1052 1471/1641/1043
f 1481/1641/864 1482/1641/864 1472/1641/864
f 1482/1641/1053 1483/1641/1053 1473/1641/1044
f 1483/1641/1054 1484/1641/1054 1474/1641/1055
f 1484/1641/1056 1485/1641/1056 1475/1641/1057
f 1475/1641/1047 1485/1641/1058 1486/1641/1058
f 1486/1641/873 1487/1641/873 1477/1641/873
f 1487/1641/1059 1488/1641/1059 1478/1641/1048
f 1478/1641/1060 1488/1641/1061 1479/1641/1061
f 1489/1641/868 1490/1641/868 1480/1641/1050
f 1480/1641/1052 1490/1641/866 1491/1641/866
f 1491/1641/864 1492/1641/864 1482/1641/864
f 1482/1641/1053 1492/1641/863 1493/1641/863
f 1493/1641/861 1494/1641/861 1484/1641/1054
f 1484/1641/1056 1494/1641/877 1495/1641/877
f 1495/1641/875 1496/1641/875 1486/1641/1058
f 1486/1641/873 1496/1641/873 1497/1641/873
f 1497/1641/871 1498/1641/871 1488/1641/1059
f 1488/1641/1061 1498/1641/869 1489/1641/869
f 1489/1641/868 1499/1641/867 1500/1641/867
f 1500/1641/865 1501/1641/865 1491/1641/866
f 1491/1641/864 1501/1641/864 1502/1641/864
f 1502/1641/862 1503/1641/862 1493/1641/863
f 1503/1641/860 1504/1641/860 1494/1641/861
f 1504/1641/876 1505/1641/876 1495/1641/877
f 1505/1641/874 1506/1641/874 1496/1641/875
f 1506/1641/873 1507/1641/873 1497/1641/873
f 1497/1641/871 1507/1641/872 1508/1641/872
f 1508/1641/870 1499/1641/870 1489/1641/869
f 1499/1641/867 1509/1641/881 1510/1641/881
f 1510/1641/880 1511/1641/880 1501/1641/865
f 1511/1641/864 1512/1641/864 1502/1641/864
f 1502/1641/862 1512/1641/879 1513/1641/879
f 1513/1641/878 1514/1641/887 1504/1641/860
f 1514/1641/885 1515/1641/1063 1505/1641/876
f 1515/1641/884 1516/1641/884 1506/1641/874
f 1516/1641/873 1517/1641/873 1507/1641/873
f 1517/1641/883 1518/1641/883 1508/1641/872
f 1518/1641/1062 1509/1641/1064 1499/1641/870
f 1519/1641/890 1520/1641/890 1510/1641/881
f 1520/1641/889 1521/1641/889 1511/1641/880
f 1521/1641/864 1522/1641/864 1512/1641/864
f 1512/1641/879 1522/1641/888 1523/1641/888
f 1523/1641/886 1524/1641/886 1514/1641/887
f 1524/1641/894 1525/1641/894 1515/1641/1063
f 1525/1641/893 1526/1641/893 1516/1641/884
f 1526/1641/873 1527/1641/873 1517/1641/873
f 1527/1641/892 1528/1641/892 1518/1641/883
f 1528/1641/891 1519/1641/891 1509/1641/1064
f 1529/1641/898 1530/1641/898 1520/1641/890
f 1530/1641/897 1531/1641/897 1521/1641/889
f 1521/1641/864 1531/1641/864 1532/1641/864
f 1522/1641/888 1532/1641/896 1533/1641/896
f 1533/1641/895 1534/1641/895 1524/1641/886
f 1524/1641/894 1534/1641/902 1535/1641/902
f 1535/1641/901 1536/1641/901 1526/1641/893
f 1536/1641/873 1537/1641/873 1527/1641/873
f 1527/1641/892 1537/1641/900 1538/1641/900
f 1538/1641/899 1529/1641/899 1519/1641/891
f 1539/1641/906 1540/1641/906 1530/1641/898
f 1540/1641/905 1541/1641/905 1531/1641/897
f 1531/1641/864 1541/1641/864 1542/1641/864
f 1542/1641/904 1543/1641/904 1533/1641/896
f 1543/1641/903 1544/1641/903 1534/1641/895
f 1544/1641/910 1545/1641/910 1535/1641/902
f 1545/1641/909 1546/1641/909 1536/1641/901
f 1546/1641/873 1547/1641/873 1537/1641/873
f 1537/1641/900 1547/1641/908 1548/1641/908
f 1548/1641/907 1539/1641/907 1529/1641/899
f 1549/1641/914 1550/1641/914 1540/1641/906
f 1550/1641/913 1551/1641/913 1541/1641/905
f 1541/1641/864 1551/1641/864 1552/1641/864
f 1552/1641/912 1553/1641/912 1543/1641/904
f 1543/1641/903 1553/1641/911 1554/1641/911
f 1554/1641/918 1555/1641/918 1545/1641/910
f 1545/1641/909 1555/1641/917 1556/1641/917
f 1556/1641/873 1557/1641/873 1547/1641/873
f 1547/1641/908 1557/1641/916 1558/1641/916
f 1548/1641/907 1558/1641/915 1549/1641/915
f 1559/1641/922 1560/1641/922 1550/1641/914
f 1550/1641/913 1560/1641/921 1561/1641/921
f 1551/1641/864 1561/1641/864 1562/1641/864
f 1562/1641/920 1563/1641/920 1553/1641/912
f 1563/1641/919 1564/1641/919 1554/1641/911
f 1554/1641/918 1564/1641/926 1565/1641/926
f 1565/1641/925 1566/1641/925 1556/1641/917
f 1566/1641/873 1567/1641/873 1557/1641/873
f 1567/1641/924 1568/1641/924 1558/1641/916
f 1558/1641/915 1568/1641/923 1559/1641/923
f 1559/1641/922 1569/1641/930 1570/1641/930
f 1570/1641/929 1571/1641/929 1561/1641/921
f 1571/1641/864 1572/1641/864 1562/1641/864
f 1572/1641/928 1573/1641/928 1563/1641/920
f 1563/1641/919 1573/1641/927 1574/1641/927
f 1574/1641/934 1575/1641/934 1565/1641/926
f 1575/1641/933 1576/1641/933 1566/1641/925
f 1566/1641/873 1576/1641/873 1577/1641/873
f 1577/1641/932 1578/1641/932 1568/1641/924
f 1578/1641/931 1569/1641/931 1559/1641/923
f 1579/1641/938 1580/1641/938 1570/1641/930
f 1580/1641/937 1581/1641/937 1571/1641/929
f 1581/1641/864 1582/1641/864 1572/1641/864
f 1582/1641/936 1583/1641/936 1573/1641/928
f 1583/1641/935 1584/1641/935 1574/1641/927
f 1584/1641/942 1585/1641/942 1575/1641/934
f 1575/1641/933 1585/1641/941 1586/1641/941
f 1576/1641/873 1586/1641/873 1587/1641/873
f 1577/1641/932 1587/1641/940 1588/1641/940
f 1588/1641/939 1579/1641/939 1569/1641/931
f 1579/1641/938 1589/1641/1066 1590/1641/946
f 1590/1641/945 1591/1641/945 1581/1641/937
f 1591/1641/864 1592/1641/864 1582/1641/864
f 1592/1641/944 1593/1641/944 1583/1641/936
f 1593/1641/943 1594/1641/943 1584/1641/935
f 1594/1641/1065 1595/1641/1065 1585/1641/942
f 1595/1641/949 1596/1641/949 1586/1641/941
f 1596/1641/873 1597/1641/873 1587/1641/873
f 1587/1641/940 1597/1641/948 1598/1641/948
f 1598/1641/957 1589/1641/957 1579/1641/939
f 1589/1641/1066 1599/1641/955 1600/1641/955
f 1600/1641/954 1601/1641/954 1591/1641/945
f 1601/1641/864 1602/1641/864 1592/1641/864
f 1602/1641/953 1603/1641/953 1593/1641/944
f 1603/1641/952 1604/1641/952 1594/1641/943
f 1604/1641/960 1605/1641/960 1595/1641/1065
f 1595/1641/949 1605/1641/959 1606/1641/959
f 1596/1641/873 1606/1641/873 1607/1641/873
f 1597/1641/948 1607/1641/958 1608/1641/958
f 1608/1641/956 1599/1641/956 1589/1641/957
f 1609/1641/964 1610/1641/964 1600/1641/955
f 1600/1641/954 1610/1641/963 1611/1641/963
f 1601/1641/864 1611/1641/864 1612/1641/864
f 1602/1641/953 1612/1641/962 1613/1641/962
f 1613/1641/961 1614/1641/961 1604/1641/952
f 1604/1641/960 1614/1641/968 1615/1641/968
f 1615/1641/967 1616/1641/967 1606/1641/959
f 1616/1641/873 1617/1641/873 1607/1641/873
f 1617/1641/966 1618/1641/966 1608/1641/958
f 1618/1641/965 1609/1641/965 1599/1641/956
f 1619/1641/972 1620/1641/972 1610/1641/964
f 1620/1641/971 1621/1641/971 1611/1641/963
f 1621/1641/864 1622/1641/864 1612/1641/864
f 1622/1641/970 1623/1641/970 1613/1641/962
f 1623/1641/969 1624/1641/969 1614/1641/961
f 1624/1641/976 1625/1641/976 1615/1641/968
f 1615/1641/967 1625/1641/975 1626/1641/975
f 1626/1641/873 1627/1641/873 1617/1641/873
f 1627/1641/974 1628/1641/974 1618/1641/966
f 1628/1641/973 1619/1641/973 1609/1641/965
f 1629/1641/1067 1630/1641/980 1620/1641/972
f 1620/1641/971 1630/1641/979 1631/1641/979
f 1631/1641/864 1632/1641/864 1622/1641/864
f 1622/1641/970 1632/1641/978 1633/1641/978
f 1633/1641/1068 1634/1641/977 1624/1641/969
f 1634/1641/984 1635/1641/1069 1625/1641/976
f 1635/1641/983 1636/1641/983 1626/1641/975
f 1636/1641/873 1637/1641/873 1627/1641/873
f 1637/1641/982 1638/1641/982 1628/1641/974
f 1628/1641/973 1638/1641/981 1629/1641/981
f 1639/1641/988 1640/1641/988 1630/1641/980
f 1630/1641/979 1640/1641/987 1641/1641/987
f 1641/1641/864 1642/1641/864 1632/1641/864
f 1642/1641/986 1643/1641/986 1633/1641/978
f 1643/1641/985 1644/1641/985 1634/1641/977
f 1634/1641/984 1644/1641/992 1645/1641/992
f 1645/1641/991 1646/1641/991 1636/1641/983
f 1646/1641/873 1647/1641/873 1637/1641/873
f 1647/1641/990 1648/1641/990 1638/1641/982
f 1648/1641/989 1639/1641/989 1629/1641/981
f 1639/1641/988 1649/1641/997 1650/1641/997
f 1650/1641/996 1651/1641/996 1641/1641/987
f 1651/1641/864 1652/1641/864 1642/1641/864
f 1642/1641/986 1652/1641/995 1653/1641/995
f 1653/1641/994 1654/1641/994 1644/1641/985
f 1644/1641/992 1654/1641/1001 1655/1641/1001
f 1655/1641/1000 1656/1641/1000 1646/1641/991
f 1646/1641/873 1656/1641/873 1657/1641/873
f 1657/1641/999 1658/1641/999 1648/1641/990
f 1658/1641/998 1649/1641/998 1639/1641/989
f 1649/1641/997 1659/1641/1005 1660/1641/1005
f 1660/1641/1004 1661/1641/1004 1651/1641/996
f 1661/1641/864 1662/1641/864 1652/1641/864
f 1662/1641/1003 1663/1641/1003 1653/1641/995
f 1663/1641/1002 1664/1641/1002 1654/1641/994
f 1654/1641/1001 1664/1641/1009 1665/1641/1009
f 1655/1641/1000 1665/1641/1008 1666/1641/1008
f 1656/1641/873 1666/1641/873 1667/1641/873
f 1657/1641/999 1667/1641/1007 1668/1641/1007
f 1668/1641/1006 1659/1641/1006 1649/1641/998
f 1659/1641/1005 1669/1641/1013 1670/1641/1013
f 1660/1641/1004 1670/1641/1012 1671/1641/1012
f 1661/1641/864 1671/1641/864 1672/1641/864
f 1662/1641/1003 1672/1641/1011 1673/1641/1011
f 1673/1641/1010 1674/1641/1010 1664/1641/1002
f 1674/1641/1017 1675/1641/1017 1665/1641/1009
f 1675/1641/1016 1676/1641/1016 1666/1641/1008
f 1676/1641/873 1677/1641/873 1667/1641/873
f 1667/1641/1007 1677/1641/1015 1678/1641/1015
f 1678/1641/1014 1669/1641/1014 1659/1641/1006
f 1669/1641/1013 1679/1641/1021 1680/1641/1021
f 1670/1641/1012 1680/1641/1020 1681/1641/1020
f 1681/1641/864 1682/1641/864 1672/1641/864
f 1672/1641/1011 1682/1641/1019 1683/1641/1019
f 1683/1641/1018 1684/1641/1018 1674/1641/1010
f 1674/1641/1017 1684/1641/1025 1685/1641/1025
f 1685/1641/1024 1686/1641/1024 1676/1641/1016
f 1676/1641/873 1686/1641/873 1687/1641/873
f 1687/1641/1023 1688/1641/1023 1678/1641/1015
f 1688/1641/1022 1679/1641/1022 1669/1641/1014
f 1689/1641/1029 1690/1641/1029 1680/1641/1021
f 1690/1641/1028 1691/1641/1028 1681/1641/1020
f 1691/1641/864 1692/1641/864 1682/1641/864
f 1692/1641/1027 1693/1641/1027 1683/1641/1019
f 1693/1641/1026 1694/1641/1026 1684/1641/1018
f 1694/1641/1033 1695/1641/1033 1685/1641/1025
f 1695/1641/1032 1696/1641/1032 1686/1641/1024
f 1686/1641/873 1696/1641/873 1697/1641/873
f 1687/1641/1023 1697/1641/1031 1698/1641/1031
f 1688/1641/1022 1698/1641/1030 1689/1641/1030
f 1689/1641/1029 1699/1641/1037 1700/1641/1037
f 1700/1641/1036 1701/1641/1036 1691/1641/1028
f 1701/1641/864 1702/1641/864 1692/1641/864
f 1702/1641/1035 1703/1641/1035 1693/1641/1027
f 1693/1641/1026 1703/1641/1034 1704/1641/1034
f 1704/1641/1041 1705/1641/1041 1695/1641/1033
f 1695/1641/1032 1705/1641/1040 1706/1641/1040
f 1706/1641/873 1707/1641/873 1697/1641/873
f 1697/1641/1031 1707/1641/1039 1708/1641/1039
f 1708/1641/1038 1699/1641/1038 1689/1641/1030
f 1709/1641/1070 1710/1641/1055 1700/1641/1037
f 1710/1641/1044 1711/1641/1044 1701/1641/1036
f 1711/1641/864 1712/1641/864 1702/1641/864
f 1712/1641/1043 1713/1641/1043 1703/1641/1035
f 1713/1641/1071 1714/1641/1071 1704/1641/1034
f 1714/1641/1072 1715/1641/1060 1705/1641/1041
f 1715/1641/1048 1716/1641/1048 1706/1641/1040
f 1716/1641/873 1717/1641/873 1707/1641/873
f 1707/1641/1039 1717/1641/1047 1718/1641/1047
f 1708/1641/1038 1718/1641/1057 1709/1641/1057
f 1719/1641/1054 1720/1641/1054 1710/1641/1055
f 1720/1641/1053 1721/1641/1053 1711/1641/1044
f 1711/1641/864 1721/1641/864 1722/1641/864
f 1722/1641/1052 1723/1641/1052 1713/1641/1043
f 1723/1641/1050 1724/1641/1050 1714/1641/1071
f 1724/1641/1061 1725/1641/1061 1715/1641/1060
f 1725/1641/1059 1726/1641/1059 1716/1641/1048
f 1726/1641/873 1727/1641/873 1717/1641/873
f 1717/1641/1047 1727/1641/1058 1728/1641/1058
f 1728/1641/1056 1719/1641/1056 1709/1641/1057
f 1249/1641/861 1250/1641/861 1720/1641/1054
f 1250/1641/863 1251/1641/863 1721/1641/1053
f 1251/1641/864 1252/1641/864 1722/1641/864
f 1722/1641/1052 1252/1641/866 1253/1641/866
f 1723/1641/1050 1253/1641/868 1254/1641/868
f 1254/1641/869 1255/1641/869 1725/1641/1061
f 1255/1641/871 1256/1641/871 1726/1641/1059
f 1256/1641/873 1257/1641/873 1727/1641/873
f 1257/1641/875 1258/1641/875 1728/1641/1058
f 1258/1641/877 1249/1641/877 1719/1641/1056
f 2929/2669/1 2647/2771/99 2644/2670/2
f 2659/2672/4 2665/2675/7 2662/2673/5
f 2665/2675/7 2671/2677/9 2668/2676/8
f 2671/2677/9 2677/2679/11 2674/2678/10
f 2677/2679/11 2683/2681/13 2680/2680/12
f 2683/2681/13 2689/2683/15 2686/2682/14
f 2689/2683/15 2695/2819/17 2692/2684/16
f 2695/2685/17 2701/2688/19 2698/2686/18
f 2701/2688/19 2707/2690/21 2704/2689/20
f 2707/2690/21 2713/2692/23 2710/2691/22
f 2713/2692/23 2719/2694/25 2716/2693/24
f 2719/2694/25 2725/2696/27 2722/2695/26
f 2725/2696/27 2731/2698/29 2728/2697/28
f 2731/2698/29 2737/2700/31 2734/2699/30
f 2737/2700/31 2743/2702/33 2740/2701/32
f 2743/2702/33 2749/2704/35 2746/2703/34
f 2749/2704/35 2755/2706/37 2752/2705/36
f 2755/2706/37 2761/2708/39 2758/2707/38
f 2761/2708/39 2767/2891/41 2764/2709/40
f 2767/2710/41 2773/2713/43 2770/2711/42
f 2773/2713/43 2779/2715/45 2776/2714/44
f 2779/2715/45 2785/2717/47 2782/2716/46
f 2785/2717/47 2791/2719/49 2788/2718/48
f 2791/2719/49 2797/2721/51 2794/2720/50
f 2797/2721/51 2803/2723/53 2800/2722/52
f 2803/2723/53 2809/2725/55 2806/2724/54
f 2809/2725/55 2815/2727/57 2812/2726/56
f 2815/2727/57 2821/2729/59 2818/2728/58
f 2821/2729/59 2827/2731/61 2824/2730/60
f 2827/2731/61 2833/2733/63 2830/2732/62
f 2833/2733/63 2839/2964/65 2836/2734/64
f 2839/2735/65 2845/2738/67 2842/2736/66
f 2845/2738/67 2851/2740/69 2848/2739/68
f 2851/2740/69 2857/2742/71 2854/2741/70
f 2857/2742/71 2863/2744/73 2860/2743/72
f 2863/2744/73 2869/2746/75 2866/2745/74
f 2869/2746/75 2875/2748/77 2872/2747/76
f 2875/2748/77 2881/2750/79 2878/2749/78
f 2881/2750/79 2887/2752/81 2884/2751/80
f 2887/2752/81 2893/2754/83 2890/2753/82
f 2893/2754/83 2899/2756/85 2896/2755/84
f 2899/2756/85 2905/2758/87 2902/2757/86
f 2905/2758/87 2911/3036/89 2908/2759/88
f 2911/2760/89 2917/2763/91 2914/2761/90
f 2917/2763/91 2923/2765/93 2920/2764/92
f 2923/2765/93 2929/2669/1 2926/2671/3
f 2653/2766/94 2659/2672/4 2656/2674/6
f 2658/2770/98 2652/2779/108 2646/3060/107
f 2646/3060/107 2928/3056/381 2922/3050/375
f 2922/3050/375 2916/3044/368 2910/3038/1995
f 2910/3038/1995 2904/3030/859 2898/3025/351
f 2898/3025/351 2892/3018/404 2886/3012/338
f 2886/3012/338 2880/3007/334 2874/3001/327
f 2874/3001/327 2868/2995/321 2862/2989/315
f 2862/2989/315 2856/2983/309 2850/2768/96
f 2850/2768/96 2844/2972/297 2838/2966/292
f 2838/2966/292 2832/2958/858 2826/2953/280
f 2826/2953/280 2820/2946/401 2814/2940/267
f 2814/2940/267 2808/2935/263 2802/2929/256
f 2802/2929/256 2796/2923/250 2790/2917/244
f 2790/2917/244 2784/2911/238 2778/2905/232
f 2778/2905/232 2772/2899/225 2766/2893/1989
f 2766/2893/1989 2760/2885/857 2754/2769/97
f 2754/2769/97 2748/2874/393 2742/2868/196
f 2742/2868/196 2736/2863/192 2730/2857/185
f 2730/2857/185 2724/2851/179 2718/2845/173
f 2718/2845/173 2712/2839/167 2706/2833/161
f 2706/2833/161 2700/2827/154 2694/2821/149
f 2694/2821/149 2688/2813/856 2682/2808/137
f 2682/2808/137 2676/2801/389 2670/2795/124
f 2670/2795/124 2664/2790/120 2658/2770/98
f 2658/2770/98 2646/3060/107 2922/3050/375
f 2922/3050/375 2910/3038/1995 2898/3025/351
f 2898/3025/351 2886/3012/338 2874/3001/327
f 2874/3001/327 2862/2989/315 2850/2768/96
f 2850/2768/96 2838/2966/292 2826/2953/280
f 2826/2953/280 2814/2940/267 2802/2929/256
f 2802/2929/256 2790/2917/244 2778/2905/232
f 2778/2905/232 2766/2893/1989 2754/2769/97
f 2754/2769/97 2742/2868/196 2730/2857/185
f 2730/2857/185 2718/2845/173 2706/2833/161
f 2706/2833/161 2694/2821/149 2682/2808/137
f 2682/2808/137 2670/2795/124 2658/2770/98
f 2658/2770/98 2922/3050/375 2898/3025/351
f 2898/3025/351 2874/3001/327 2850/2768/96
f 2850/2768/96 2826/2953/280 2802/2929/256
f 2802/2929/256 2778/2905/232 2754/2769/97
f 2754/2769/97 2730/2857/185 2706/2833/161
f 2706/2833/161 2682/2808/137 2658/2770/98
f 2658/2770/98 2898/3025/351 2850/2768/96
f 2850/2768/96 2802/2929/256 2754/2769/97
f 2754/2769/97 2706/2833/161 2658/2770/98
f 2647/2771/99 2653/2766/94 2650/2767/95
f 2644/2670/2 2650/2767/95 2651/2772/109
f 2645/2774/103 2651/2783/101 2649/2775/111
f 2647/2771/99 2648/3059/104 2654/2777/105
f 2648/2778/384 2646/3060/107 2652/2779/108
f 2650/2767/95 2656/2674/6 2657/2781/115
f 2657/2782/110 2655/2787/117 2649/2775/111
f 2653/2766/94 2654/2777/105 2660/2784/112
f 2654/2780/106 2652/2779/108 2658/2770/98
f 2662/2673/5 2663/2791/114 2657/2781/115
f 2663/2786/116 2661/2793/122 2655/2787/117
f 2665/2675/7 2659/2672/4 2660/2784/112
f 2666/2789/119 2660/2785/113 2658/2770/98
f 2668/2676/8 2669/2797/387 2663/2791/114
f 2663/2786/116 2669/2798/129 2667/2792/121
f 2671/2677/9 2665/2675/7 2666/2788/118
f 2666/2789/119 2664/2790/120 2670/2795/124
f 2674/2678/10 2675/2803/126 2669/2797/387
f 2669/2798/129 2675/2805/128 2673/2799/1985
f 2671/2677/9 2672/2794/386 2678/2800/130
f 2672/2796/125 2670/2795/124 2676/2801/389
f 2680/2680/12 2681/2809/138 2675/2803/126
f 2681/2804/133 2679/2811/140 2673/2799/1985
f 2677/2679/11 2678/2800/130 2684/2806/135
f 2684/2807/136 2678/2802/388 2676/2801/389
f 2686/2682/14 2687/2815/144 2681/2809/138
f 2681/2804/133 2687/2817/146 2685/2810/139
f 2683/2681/13 2684/2806/135 2690/2812/141
f 2684/2807/136 2682/2808/137 2688/2813/856
f 2692/2684/16 2693/4440/150 2687/2815/144
f 2693/2816/145 2691/2824/152 2685/2810/139
f 2689/2683/15 2690/2812/141 2696/2818/147
f 2696/2820/148 2690/2814/1986 2688/2813/856
f 2698/2686/18 2699/2829/157 2693/2822/150
f 2699/2823/158 2697/2831/151 2691/2824/152
f 2695/2685/17 2696/4441/147 2702/2825/153
f 2702/2826/155 2696/2820/148 2694/2821/149
f 2698/2686/18 2704/2689/20 2705/2828/156
f 2699/2823/158 2705/2836/164 2703/2830/159
f 2701/2688/19 2702/2825/153 2708/2832/160
f 2702/2826/155 2700/2827/154 2706/2833/161
f 2710/2691/22 2711/2840/163 2705/2828/156
f 2711/2835/170 2709/2842/165 2703/2830/159
f 2707/2690/21 2708/2832/160 2714/2837/166
f 2714/2838/168 2708/2834/162 2706/2833/161
f 2716/2693/24 2717/2847/169 2711/2840/163
f 2717/2841/176 2715/2849/171 2709/2842/165
f 2719/2694/25 2713/2692/23 2714/2837/166
f 2720/2844/174 2714/2838/168 2712/2839/167
f 2716/2693/24 2722/2695/26 2723/2846/180
f 2717/2841/176 2723/2855/175 2721/2848/182
f 2719/2694/25 2720/2843/172 2726/2850/177
f 2720/2844/174 2718/2845/173 2724/2851/179
f 2722/2695/26 2728/2697/28 2729/2853/187
f 2729/2854/181 2727/2860/189 2721/2848/182
f 2725/2696/27 2726/2850/177 2732/2856/183
f 2726/2852/178 2724/2851/179 2730/2857/185
f 2734/2699/30 2735/2864/186 2729/2853/187
f 2735/2859/188 2733/2866/194 2727/2860/189
f 2737/2700/31 2731/2698/29 2732/2856/183
f 2738/2862/191 2732/2858/184 2730/2857/185
f 2740/2701/32 2741/2870/199 2735/2864/186
f 2735/2859/188 2741/2871/201 2739/2865/391
f 2743/2702/33 2737/2700/31 2738/2861/190
f 2738/2862/191 2736/2863/192 2742/2868/196
f 2746/2703/34 2747/2876/198 2741/2870/199
f 2741/2871/201 2747/2878/200 2745/2872/1987
f 2743/2702/33 2744/2867/392 2750/2873/202
f 2744/2869/197 2742/2868/196 2748/2874/393
f 2752/2705/36 2753/2881/209 2747/2876/198
f 2753/2877/205 2751/2883/211 2745/2872/1987
f 2749/2704/35 2750/2873/202 2756/2879/207
f 2756/2880/208 2750/2875/204 2748/2874/393
f 2758/2707/38 2759/2887/215 2753/2881/209
f 2753/2877/205 2759/2889/217 2757/2882/1988
f 2755/2706/37 2756/2879/207 2762/2884/212
f 2756/2880/208 2754/2769/97 2760/2885/857
f 2764/2709/40 2765/4442/396 2759/2887/215
f 2765/2888/216 2763/2896/1990 2757/2882/1988
f 2761/2708/39 2762/2884/212 2768/2890/395
f 2768/2892/219 2762/2886/394 2760/2885/857
f 2770/2711/42 2771/2901/228 2765/2894/396
f 2771/2895/229 2769/2903/222 2763/2896/1990
f 2767/2710/41 2768/4443/395 2774/2897/224
f 2774/2898/226 2768/2892/219 2766/2893/1989
f 2770/2711/42 2776/2714/44 2777/2900/227
f 2771/2895/229 2777/2908/235 2775/2902/230
f 2773/2713/43 2774/2897/224 2780/2904/231
f 2774/2898/226 2772/2899/225 2778/2905/232
f 2782/2716/46 2783/2912/234 2777/2900/227
f 2783/2907/241 2781/2914/236 2775/2902/230
f 2779/2715/45 2780/2904/231 2786/2909/237
f 2786/2910/239 2780/2906/233 2778/2905/232
f 2788/2718/48 2789/2919/240 2783/2912/234
f 2789/2913/247 2787/2921/242 2781/2914/236
f 2791/2719/49 2785/2717/47 2786/2909/237
f 2792/2916/245 2786/2910/239 2784/2911/238
f 2788/2718/48 2794/2720/50 2795/2918/251
f 2789/2913/247 2795/2927/246 2793/2920/253
f 2791/2719/49 2792/2915/243 2798/2922/248
f 2792/2916/245 2790/2917/244 2796/2923/250
f 2794/2720/50 2800/2722/52 2801/2925/258
f 2801/2926/252 2799/2932/260 2793/2920/253
f 2797/2721/51 2798/2922/248 2804/2928/254
f 2798/2924/249 2796/2923/250 2802/2929/256
f 2806/2724/54 2807/2936/257 2801/2925/258
f 2807/2931/259 2805/2938/265 2799/2932/260
f 2809/2725/55 2803/2723/53 2804/2928/254
f 2810/2934/262 2804/2930/255 2802/2929/256
f 2812/2726/56 2813/2942/399 2807/2936/257
f 2807/2931/259 2813/2943/272 2811/2937/264
f 2815/2727/57 2809/2725/55 2810/2933/261
f 2810/2934/262 2808/2935/263 2814/2940/267
f 2818/2728/58 2819/2948/269 2813/2942/399
f 2813/2943/272 2819/2950/271 2817/2944/1991
f 2815/2727/57 2816/2939/398 2822/2945/273
f 2816/2941/268 2814/2940/267 2820/2946/401
f 2824/2730/60 2825/2954/281 2819/2948/269
f 2825/2949/276 2823/2956/283 2817/2944/1991
f 2821/2729/59 2822/2945/273 2828/2951/278
f 2828/2952/279 2822/2947/400 2820/2946/401
f 2830/2732/62 2831/2960/287 2825/2954/281
f 2825/2949/276 2831/2962/289 2829/2955/282
f 2827/2731/61 2828/2951/278 2834/2957/284
f 2828/2952/279 2826/2953/280 2832/2958/858
f 2836/2734/64 2837/4444/293 2831/2960/287
f 2837/2961/288 2835/2969/295 2829/2955/282
f 2833/2733/63 2834/2957/284 2840/2963/290
f 2840/2965/291 2834/2959/1992 2832/2958/858
f 2842/2736/66 2843/2974/300 2837/2967/293
f 2843/2968/301 2841/2976/294 2835/2969/295
f 2839/2735/65 2840/4445/290 2846/2970/296
f 2846/2971/298 2840/2965/291 2838/2966/292
f 2842/2736/66 2848/2739/68 2849/2973/299
f 2843/2968/301 2849/2980/306 2847/2975/302
f 2845/2738/67 2846/2970/296 2852/2977/303
f 2846/2971/298 2844/2972/297 2850/2768/96
f 2854/2741/70 2855/2984/305 2849/2973/299
f 2855/2979/312 2853/2986/307 2847/2975/302
f 2851/2740/69 2852/2977/303 2858/2981/308
f 2858/2982/310 2852/2978/304 2850/2768/96
f 2860/2743/72 2861/2991/311 2855/2984/305
f 2861/2985/318 2859/2993/313 2853/2986/307
f 2863/2744/73 2857/2742/71 2858/2981/308
f 2864/2988/316 2858/2982/310 2856/2983/309
f 2860/2743/72 2866/2745/74 2867/2990/322
f 2861/2985/318 2867/2999/317 2865/2992/324
f 2863/2744/73 2864/2987/314 2870/2994/319
f 2864/2988/316 2862/2989/315 2868/2995/321
f 2866/2745/74 2872/2747/76 2873/2997/329
f 2873/2998/323 2871/3004/331 2865/2992/324
f 2869/2746/75 2870/2994/319 2876/3000/325
f 2870/2996/320 2868/2995/321 2874/3001/327
f 2878/2749/78 2879/3008/328 2873/2997/329
f 2879/3003/330 2877/3010/336 2871/3004/331
f 2881/2750/79 2875/2748/77 2876/3000/325
f 2882/3006/333 2876/3002/326 2874/3001/327
f 2884/2751/80 2885/3014/341 2879/3008/328
f 2879/3003/330 2885/3015/343 2883/3009/403
f 2887/2752/81 2881/2750/79 2882/3005/332
f 2882/3006/333 2880/3007/334 2886/3012/338
f 2890/2753/82 2891/3020/340 2885/3014/341
f 2885/3015/343 2891/3022/342 2889/3016/1993
f 2887/2752/81 2888/3011/337 2894/3017/344
f 2888/3013/339 2886/3012/338 2892/3018/404
f 2896/2755/84 2897/3026/352 2891/3020/340
f 2897/3021/347 2895/3028/354 2889/3016/1993
f 2893/2754/83 2894/3017/344 2900/3023/349
f 2900/3024/350 2894/3019/346 2892/3018/404
f 2902/2757/86 2903/3032/358 2897/3026/352
f 2897/3021/347 2903/3034/360 2901/3027/1994
f 2899/2756/85 2900/3023/349 2906/3029/355
f 2900/3024/350 2898/3025/351 2904/3030/859
f 2908/2759/88 2909/4446/407 2903/3032/358
f 2909/3033/359 2907/3041/1996 2901/3027/1994
f 2905/2758/87 2906/3029/355 2912/3035/406
f 2912/3037/362 2906/3031/405 2904/3030/859
f 2914/2761/90 2915/3046/371 2909/3039/407
f 2915/3040/372 2913/3048/365 2907/3041/1996
f 2911/2760/89 2912/4447/406 2918/3042/367
f 2918/3043/369 2912/3037/362 2910/3038/1995
f 2914/2761/90 2920/2764/92 2921/3045/370
f 2915/3040/372 2921/3053/378 2919/3047/373
f 2917/2763/91 2918/3042/367 2924/3049/374
f 2918/3043/369 2916/3044/368 2922/3050/375
f 2926/2671/3 2927/3057/377 2921/3045/370
f 2927/3052/383 2925/3058/379 2919/3047/373
f 2923/2765/93 2924/3049/374 2930/3054/380
f 2930/3055/382 2924/3051/376 2922/3050/375
f 2644/2670/2 2645/2773/100 2927/3057/377
f 2645/2774/103 2643/2776/102 2925/3058/379
f 2647/2771/99 2929/2669/1 2930/3054/380
f 2648/2778/384 2930/3055/382 2928/3056/381
f 2925/3058/379 2643/2776/102 2649/2775/111
f 2649/2775/111 2655/2787/117 2661/2793/122
f 2661/2793/122 2667/2792/121 2673/2799/1985
f 2673/2799/1985 2679/2811/140 2685/2810/139
f 2685/2810/139 2691/2824/152 2697/2831/151
f 2697/2831/151 2703/2830/159 2709/2842/165
f 2709/2842/165 2715/2849/171 2721/2848/182
f 2721/2848/182 2727/2860/189 2733/2866/194
f 2733/2866/194 2739/2865/391 2745/2872/1987
f 2745/2872/1987 2751/2883/211 2757/2882/1988
f 2757/2882/1988 2763/2896/1990 2769/2903/222
f 2769/2903/222 2775/2902/230 2781/2914/236
f 2781/2914/236 2787/2921/242 2793/2920/253
f 2793/2920/253 2799/2932/260 2805/2938/265
f 2805/2938/265 2811/2937/264 2817/2944/1991
f 2817/2944/1991 2823/2956/283 2829/2955/282
f 2829/2955/282 2835/2969/295 2841/2976/294
f 2841/2976/294 2847/2975/302 2853/2986/307
f 2853/2986/307 2859/2993/313 2865/2992/324
f 2865/2992/324 2871/3004/331 2877/3010/336
f 2877/3010/336 2883/3009/403 2889/3016/1993
f 2889/3016/1993 2895/3028/354 2901/3027/1994
f 2901/3027/1994 2907/3041/1996 2913/3048/365
f 2913/3048/365 2919/3047/373 2925/3058/379
f 2925/3058/379 2649/2775/111 2661/2793/122
f 2661/2793/122 2673/2799/1985 2685/2810/139
f 2685/2810/139 2697/2831/151 2709/2842/165
f 2709/2842/165 2721/2848/182 2733/2866/194
f 2733/2866/194 2745/2872/1987 2757/2882/1988
f 2757/2882/1988 2769/2903/222 2781/2914/236
f 2781/2914/236 2793/2920/253 2805/2938/265
f 2805/2938/265 2817/2944/1991 2829/2955/282
f 2829/2955/282 2841/2976/294 2853/2986/307
f 2853/2986/307 2865/2992/324 2877/3010/336
f 2877/3010/336 2889/3016/1993 2901/3027/1994
f 2901/3027/1994 2913/3048/365 2925/3058/379
f 2925/3058/379 2661/2793/122 2685/2810/139
f 2685/2810/139 2709/2842/165 2733/2866/194
f 2733/2866/194 2757/2882/1988 2781/2914/236
f 2781/2914/236 2805/2938/265 2829/2955/282
f 2829/2955/282 2853/2986/307 2877/3010/336
f 2877/3010/336 2901/3027/1994 2925/3058/379
f 2925/3058/379 2685/2810/139 2733/2866/194
f 2733/2866/194 2781/2914/236 2829/2955/282
f 2829/2955/282 2877/3010/336 2925/3058/379
f 3023/3154/2090 2994/3176/2112 2988/3155/2091
f 3037/3157/2093 3024/3209/2145 3016/3158/2094
f 3008/3160/2096 2995/3179/2115 3022/3161/2097
f 2996/3163/2099 3010/3195/2131 3002/3164/2100
f 3009/3166/2102 3038/3223/2159 3030/3167/2103
f 2987/3169/2105 2990/3244/2180 2991/3170/2106
f 2988/3155/2091 2992/3227/2163 2991/3172/2108
f 2989/3165/2101 2993/4451/2384 2991/3174/2110
f 2994/3176/2112 2997/4452/2349 2998/3177/2113
f 2995/3179/2115 2999/3229/2165 2998/3180/2116
f 2996/3163/2099 3000/3228/2164 2998/3182/2118
f 3001/3184/2120 3004/3226/2162 3005/3185/2121
f 3002/3164/2100 3006/3232/2168 3005/3187/2123
f 3003/3168/2104 3007/3234/2170 3005/3189/2125
f 3008/3160/2096 3011/3235/2171 3012/3191/2127
f 3009/3166/2102 3013/3231/2167 3012/3193/2129
f 3010/3195/2131 3014/3230/2166 3012/3196/2132
f 3015/3198/2134 3018/3238/2174 3019/3199/2135
f 3016/3158/2094 3020/3243/2179 3019/3201/2137
f 3017/3156/2092 3021/4453/2348 3019/3203/2139
f 3022/3161/2097 3025/3245/2181 3026/3205/2141
f 3023/3154/2090 3027/3242/2178 3026/3207/2143
f 3024/3209/2145 3028/3241/2177 3026/3210/2146
f 3029/3212/2148 3032/3233/2169 3033/3213/2149
f 3030/3167/2103 3034/3237/2173 3033/3215/2151
f 3031/3159/2095 3035/3239/2175 3033/3217/2153
f 3036/3162/2098 3039/3240/2176 3040/3219/2155
f 3037/3157/2093 3041/3236/2172 3040/3221/2157
f 3038/3223/2159 3042/4454/2351 3040/3224/2160
f 2987/3169/2105 2993/3171/2107 3004/3226/2162
f 3004/3188/2124 2993/4451/2384 2989/3165/2101
f 2994/3176/2112 3000/3178/2114 2992/3227/2163
f 3000/3228/2164 2996/3163/2099 2989/3165/2101
f 2995/3179/2115 3008/3160/2096 3014/3192/2128
f 3014/3230/2166 3010/3195/2131 2996/3163/2099
f 3003/3168/2104 3006/3190/2126 3013/3231/2167
f 3006/3232/2168 3002/3164/2100 3010/3195/2131
f 3029/3212/2148 3001/3184/2120 3007/3186/2122
f 3007/3234/2170 3003/3168/2104 3030/3167/2103
f 3036/3162/2098 3042/3220/2156 3011/3235/2171
f 3011/3194/2130 3042/4454/2351 3038/3223/2159
f 3031/3159/2095 3034/3218/2154 3041/3236/2172
f 3034/3237/2173 3030/3167/2103 3038/3223/2159
f 3015/3198/2134 3029/3212/2148 3035/3214/2150
f 3035/3239/2175 3031/3159/2095 3016/3158/2094
f 3036/3162/2098 3022/3161/2097 3028/3206/2142
f 3028/3241/2177 3024/3209/2145 3037/3157/2093
f 3017/3156/2092 3020/3204/2140 3027/3242/2178
f 3020/3243/2179 3016/3158/2094 3024/3209/2145
f 3015/3198/2134 3021/3200/2136 2990/3244/2180
f 2990/3173/2109 3021/4453/2348 3017/3156/2092
f 2995/3179/2115 2997/3181/2117 3025/3245/2181
f 3025/3208/2144 2997/4452/2349 2994/3176/2112
f 3001/3184/2120 3029/3212/2148 3015/3198/2134
f 3135/3333/2257 3106/3355/2278 3100/3334/2258
f 3149/3336/2260 3136/3388/2309 3128/3337/2261
f 3120/3339/2263 3107/3358/2281 3134/3340/2264
f 3108/3342/2266 3122/3374/2296 3114/3343/2267
f 3121/3345/2269 3150/3402/2322 3142/3346/2270
f 3099/3348/2272 3102/3422/2336 3103/3349/2273
f 3100/3334/2258 3104/3407/2140 3103/3351/2275
f 3101/3344/2268 3105/3406/2326 3103/3353/2277
f 3106/3355/2278 3109/4460/2356 3110/3356/2279
f 3107/3358/2281 3111/3409/2327 3110/3359/2282
f 3108/3342/2266 3112/3408/2114 3110/3361/2284
f 3113/3363/2286 3116/3405/2325 3117/3364/2287
f 3114/3343/2267 3118/3412/2111 3117/3366/2289
f 3115/3347/2271 3119/3414/2330 3117/3368/2291
f 3120/3339/2263 3123/3415/2331 3124/3370/2292
f 3121/3345/2269 3125/3411/2133 3124/3372/2294
f 3122/3374/2296 3126/3410/2328 3124/3375/2297
f 3127/3377/2299 3130/3418/2333 3131/3378/2300
f 3128/3337/2261 3132/3421/2335 3131/3380/2302
f 3129/3335/2259 3133/3423/2337 3131/3382/2304
f 3134/3340/2264 3137/3424/2338 3138/3384/2305
f 3135/3333/2257 3139/3420/2147 3138/3386/2307
f 3136/3388/2309 3140/4461/2375 3138/3389/2310
f 3141/3391/2311 3144/3413/2329 3145/3392/2312
f 3142/3346/2270 3146/4462/2126 3145/3394/2314
f 3143/3338/2262 3147/4463/2374 3145/3396/2316
f 3148/3341/2265 3151/3419/2334 3152/3398/2318
f 3149/3336/2260 3153/3417/2161 3152/3400/2320
f 3150/3402/2322 3154/3416/2332 3152/3403/2323
f 3113/3363/2286 3099/3348/2272 3105/3350/2274
f 3105/3406/2326 3101/3344/2268 3114/3343/2267
f 3106/3355/2278 3112/3357/2280 3104/3407/2140
f 3112/3408/2114 3108/3342/2266 3101/3344/2268
f 3120/3339/2263 3126/3371/2293 3111/3409/2327
f 3126/3410/2328 3122/3374/2296 3108/3342/2266
f 3115/3347/2271 3118/3369/2168 3125/3411/2133
f 3118/3412/2111 3114/3343/2267 3122/3374/2296
f 3141/3391/2311 3113/3363/2286 3119/3365/2288
f 3119/3414/2330 3115/3347/2271 3142/3346/2270
f 3120/3339/2263 3148/3341/2265 3154/3399/2319
f 3154/3416/2332 3150/3402/2322 3121/3345/2269
f 3143/3338/2262 3146/3397/2317 3153/3417/2161
f 3153/3404/2324 3146/4462/2126 3142/3346/2270
f 3127/3377/2299 3141/3391/2311 3147/3393/2313
f 3130/3381/2303 3147/4463/2374 3143/3338/2262
f 3134/3340/2264 3140/3385/2306 3151/3419/2334
f 3151/3401/2321 3140/4461/2375 3136/3388/2309
f 3129/3335/2259 3132/3383/2179 3139/3420/2147
f 3132/3421/2335 3128/3337/2261 3136/3388/2309
f 3099/3348/2272 3127/3377/2299 3133/3379/2301
f 3133/3423/2337 3129/3335/2259 3100/3334/2258
f 3107/3358/2281 3109/3360/2283 3137/3424/2338
f 3137/3387/2308 3109/4460/2356 3106/3355/2278
f 3141/3391/2311 3127/3377/2299 3099/3348/2272
f 3247/3479/2093 3218/3501/2145 3212/3480/2094
f 3261/3482/2102 3248/3534/2159 3240/3483/2103
f 3232/3485/2115 3219/3504/2097 3246/3486/2098
f 3220/3488/2090 3234/3520/2112 3226/3489/2091
f 3233/3491/2099 3262/3548/2131 3254/3492/2100
f 3211/3494/2134 3214/3568/2174 3215/3495/2135
f 3212/3480/2094 3216/3553/2179 3215/3497/2137
f 3213/3490/2092 3217/3552/2348 3215/3499/2139
f 3218/3501/2145 3221/4465/2177 3222/3502/2146
f 3219/3504/2097 3223/3555/2181 3222/3505/2141
f 3220/3488/2090 3224/3554/2280 3222/3507/2143
f 3225/3509/2105 3228/3551/2180 3229/3510/2106
f 3226/3489/2091 3230/4466/2163 3229/3512/2108
f 3227/3493/2101 3231/3559/2350 3229/3514/2110
f 3232/3485/2115 3235/3560/2165 3236/3516/2116
f 3233/3491/2099 3237/3557/2298 3236/3518/2118
f 3234/3520/2112 3238/3556/2349 3236/3521/2113
f 3239/3523/2148 3242/3563/2169 3243/3524/2149
f 3240/3483/2103 3244/4467/2173 3243/3526/2344
f 3241/3481/2095 3245/4468/2175 3243/3528/2153
f 3246/3486/2098 3249/3569/2176 3250/3530/2155
f 3247/3479/2093 3251/3567/2352 3250/3532/2157
f 3248/3534/2159 3252/3566/2351 3250/3535/2160
f 3253/3537/2120 3256/3558/2162 3257/3538/2121
f 3254/3492/2100 3258/3562/2168 3257/3540/2123
f 3255/3484/2104 3259/3564/2170 3257/3542/2125
f 3260/3487/2096 3263/3565/2171 3264/3544/2127
f 3261/3482/2102 3265/3561/2324 3264/3546/2129
f 3262/3548/2131 3266/4469/2166 3264/3549/2132
f 3211/3494/2134 3217/3496/2136 3228/3551/2180
f 3217/3552/2348 3213/3490/2092 3226/3489/2091
f 3218/3501/2145 3224/3503/2147 3216/3553/2179
f 3224/3554/2280 3220/3488/2090 3213/3490/2092
f 3219/3504/2097 3232/3485/2115 3238/3517/2117
f 3238/3556/2349 3234/3520/2112 3220/3488/2090
f 3233/3491/2099 3227/3493/2101 3230/3515/2343
f 3237/3522/2114 3230/4466/2163 3226/3489/2091
f 3253/3537/2120 3225/3509/2105 3231/3511/2107
f 3231/3559/2350 3227/3493/2101 3254/3492/2100
f 3260/3487/2096 3266/3545/2128 3235/3560/2165
f 3235/3519/2119 3266/4469/2166 3262/3548/2131
f 3255/3484/2104 3258/3543/2346 3265/3561/2324
f 3258/3562/2168 3254/3492/2100 3262/3548/2131
f 3239/3523/2148 3253/3537/2120 3259/3539/2122
f 3259/3564/2170 3255/3484/2104 3240/3483/2103
f 3260/3487/2096 3246/3486/2098 3252/3531/2156
f 3252/3566/2351 3248/3534/2159 3261/3482/2102
f 3241/3481/2095 3244/3529/2154 3251/3567/2352
f 3251/3536/2161 3244/4467/2173 3240/3483/2103
f 3239/3523/2148 3245/3525/2150 3214/3568/2174
f 3214/3498/2138 3245/4468/2175 3241/3481/2095
f 3219/3504/2097 3221/3506/2142 3249/3569/2176
f 3249/3533/2345 3221/4465/2177 3218/3501/2145
f 3225/3509/2105 3253/3537/2120 3239/3523/2148
f 3359/3661/2260 3330/3683/2309 3324/3662/2261
f 3373/3664/2269 3360/3716/2322 3352/3665/2270
f 3344/3667/2281 3331/3686/2264 3358/3668/2265
f 3332/3670/2257 3346/3702/2278 3338/3671/2258
f 3345/3673/2266 3374/3730/2296 3366/3674/2267
f 3323/3676/2299 3326/3750/2333 3327/3677/2300
f 3324/3662/2261 3328/3735/2335 3327/3679/2302
f 3325/3672/2259 3329/3734/2337 3327/3681/2304
f 3330/3683/2309 3333/3752/2358 3334/3684/2310
f 3331/3686/2264 3335/3737/2338 3334/3687/2305
f 3332/3670/2257 3336/3736/2147 3334/3689/2307
f 3337/3691/2272 3340/3733/2336 3341/3692/2273
f 3338/3671/2258 3342/3740/2140 3341/3694/2275
f 3339/3675/2268 3343/4475/2326 3341/3696/2277
f 3344/3667/2281 3347/3742/2327 3348/3698/2282
f 3345/3673/2266 3349/3739/2114 3348/3700/2284
f 3346/3702/2278 3350/3738/2356 3348/3703/2279
f 3351/3705/2311 3354/3745/2329 3355/3706/2312
f 3352/3665/2270 3356/3749/2346 3355/3708/2314
f 3353/3663/2262 3357/4476/2374 3355/3710/2316
f 3358/3668/2265 3361/3751/2334 3362/3712/2318
f 3359/3661/2260 3363/3748/2161 3362/3714/2320
f 3360/3716/2322 3364/3747/2357 3362/3717/2323
f 3365/3719/2286 3368/3741/2325 3369/3720/2287
f 3366/3674/2267 3370/3744/2343 3369/3722/2289
f 3367/3666/2271 3371/4477/2330 3369/3724/2291
f 3372/3669/2263 3375/3746/2331 3376/3726/2292
f 3373/3664/2269 3377/3743/2133 3376/3728/2294
f 3374/3730/2296 3378/4478/2328 3376/3731/2297
f 3337/3691/2272 3323/3676/2299 3329/3678/2301
f 3329/3734/2337 3325/3672/2259 3338/3671/2258
f 3330/3683/2309 3336/3685/2172 3328/3735/2335
f 3336/3736/2147 3332/3670/2257 3325/3672/2259
f 3344/3667/2281 3350/3699/2355 3335/3737/2338
f 3350/3738/2356 3346/3702/2278 3332/3670/2257
f 3339/3675/2268 3342/3697/2163 3349/3739/2114
f 3342/3740/2140 3338/3671/2258 3346/3702/2278
f 3337/3691/2272 3343/3693/2274 3368/3741/2325
f 3368/3723/2290 3343/4475/2326 3339/3675/2268
f 3372/3669/2263 3378/3727/2293 3347/3742/2327
f 3347/3701/2285 3378/4478/2328 3374/3730/2296
f 3367/3666/2271 3370/3725/2168 3377/3743/2133
f 3370/3744/2343 3366/3674/2267 3374/3730/2296
f 3365/3719/2286 3371/3721/2288 3354/3745/2329
f 3354/3709/2315 3371/4477/2330 3367/3666/2271
f 3372/3669/2263 3358/3668/2265 3364/3713/2319
f 3364/3747/2357 3360/3716/2322 3373/3664/2269
f 3353/3663/2262 3356/3711/2173 3363/3748/2161
f 3356/3749/2346 3352/3665/2270 3360/3716/2322
f 3351/3705/2311 3357/3707/2313 3326/3750/2333
f 3326/3680/2303 3357/4476/2374 3353/3663/2262
f 3358/3668/2265 3331/3686/2264 3333/3688/2306
f 3333/3752/2358 3330/3683/2309 3359/3661/2260
f 3365/3719/2286 3351/3705/2311 3323/3676/2299
f 3471/3797/2102 3442/3819/2159 3436/3798/2103
f 3485/3800/2099 3472/3851/2131 3464/3801/2100
f 3456/3803/2097 3443/3822/2098 3470/3804/2096
f 3444/3806/2093 3458/3837/2145 3450/3807/2094
f 3457/3809/2090 3486/3865/2112 3478/3810/2091
f 3435/3812/2148 3438/3885/2169 3439/3813/2149
f 3436/3798/2103 3440/3869/2173 3439/3815/2151
f 3437/3808/2095 3441/4479/2175 3439/3817/2153
f 3442/3819/2159 3445/3888/2351 3446/3820/2160
f 3443/3822/2098 3447/3871/2176 3446/3823/2155
f 3444/3806/2093 3448/3870/2352 3446/3825/2157
f 3449/3827/2134 3452/3868/2174 3453/3828/2135
f 3450/3807/2094 3454/3874/2179 3453/3830/2137
f 3451/3811/2092 3455/4480/2348 3453/3832/2139
f 3456/3803/2097 3459/3876/2181 3460/3392/2141
f 3457/3809/2090 3461/3873/2178 3460/3835/2143
f 3458/3837/2145 3462/3872/2177 3460/3838/2146
f 3463/3840/2120 3466/3880/2162 3467/3841/2121
f 3464/3801/2100 3468/3884/2168 3467/3843/2123
f 3465/3799/2104 3469/3886/2170 3467/3845/2125
f 3470/3804/2096 3473/3887/2171 3474/3847/2127
f 3471/3797/2102 3475/3883/2167 3474/3849/2129
f 3472/3851/2131 3476/3882/2166 3474/3852/2132
f 3477/3854/2105 3480/3875/2180 3481/3855/2106
f 3478/3810/2091 3482/3879/2163 3481/3857/2108
f 3479/3802/2101 3483/4481/2384 3481/3859/2110
f 3484/3805/2115 3487/3881/2165 3488/3861/2116
f 3485/3800/2099 3489/3878/2164 3488/3863/2118
f 3486/3865/2112 3490/3877/2349 3488/3866/2113
f 3435/3812/2148 3441/3814/2365 3452/3868/2174
f 3452/3831/2138 3441/4479/2175 3437/3808/2095
f 3442/3819/2159 3448/3821/2161 3440/3869/2173
f 3448/3870/2352 3444/3806/2093 3437/3808/2095
f 3443/3822/2098 3456/3803/2097 3462/3834/2142
f 3462/3872/2177 3458/3837/2145 3444/3806/2093
f 3451/3811/2092 3454/3833/2366 3461/3873/2178
f 3454/3874/2179 3450/3807/2094 3458/3837/2145
f 3449/3827/2134 3455/3829/2136 3480/3875/2180
f 3480/3858/2109 3455/4480/2348 3451/3811/2092
f 3484/3805/2115 3490/3862/2117 3459/3876/2181
f 3490/3877/2349 3486/3865/2112 3457/3809/2090
f 3479/3802/2101 3482/3860/2111 3489/3878/2164
f 3482/3879/2163 3478/3810/2091 3486/3865/2112
f 3477/3854/2105 3483/3856/2107 3466/3880/2162
f 3466/3844/2124 3483/4481/2384 3479/3802/2101
f 3484/3805/2115 3470/3804/2096 3476/3848/2128
f 3476/3882/2166 3472/3851/2131 3485/3800/2099
f 3471/3797/2102 3465/3799/2104 3468/3846/2126
f 3468/3884/2168 3464/3801/2100 3472/3851/2131
f 3435/3812/2148 3463/3840/2120 3469/3842/2122
f 3469/3886/2170 3465/3799/2104 3436/3798/2103
f 3470/3804/2096 3443/3822/2098 3445/3824/2156
f 3445/3888/2351 3442/3819/2159 3471/3797/2102
f 3477/3854/2105 3463/3840/2120 3435/3812/2148
f 3583/3981/2269 3554/4003/2322 3548/3982/2270
f 3597/3984/2266 3584/4036/2296 3576/3985/2267
f 3596/3987/2281 3568/4017/2264 3555/3988/2265
f 3556/3990/2260 3570/4022/2309 3562/3991/2261
f 3569/3993/2257 3598/4050/2278 3590/3994/2258
f 3547/3996/2311 3550/4070/2329 3551/3997/2312
f 3548/3982/2270 3552/4055/2346 3551/3999/2314
f 3549/3992/2262 3553/4054/2374 3551/4001/2316
f 3554/4003/2322 3557/4072/2332 3558/4004/2323
f 3555/3988/2265 3559/4057/2334 3558/4006/2318
f 3556/3990/2260 3560/4056/2161 3558/4008/2320
f 3561/4010/2299 3564/4053/2333 3565/4011/2300
f 3562/3991/2261 3566/4486/2154 3565/4013/2302
f 3563/3995/2259 3567/4061/2337 3565/4015/2304
f 3568/4017/2264 3571/4062/2338 3572/4018/2305
f 3569/3993/2257 3573/4059/2147 3572/4020/2307
f 3570/4022/2309 3574/4058/2375 3572/4023/2310
f 3575/4025/2286 3578/4065/2325 3579/4026/2287
f 3576/3985/2267 3580/4069/2111 3579/4028/2289
f 3577/3983/2271 3581/4487/2330 3579/4030/2291
f 3582/3989/2263 3585/4071/2331 3586/4032/2292
f 3583/3981/2269 3587/4068/2133 3586/4034/2294
f 3584/4036/2296 3588/4067/2328 3586/4037/2297
f 3589/4039/2272 3592/4060/2336 3593/4040/2273
f 3590/3994/2258 3594/4488/2366 3593/4042/2372
f 3591/3986/2268 3595/4489/2326 3593/4044/2277
f 3596/3987/2281 3599/4066/2327 3600/4046/2282
f 3597/3984/2266 3601/4064/2114 3600/4048/2284
f 3598/4050/2278 3602/4063/2376 3600/4051/2279
f 3561/4010/2299 3547/3996/2311 3553/3998/2313
f 3553/4054/2374 3549/3992/2262 3562/3991/2261
f 3554/4003/2322 3560/4005/2324 3552/4055/2346
f 3560/4056/2161 3556/3990/2260 3549/3992/2262
f 3568/4017/2264 3574/4019/2306 3559/4057/2334
f 3574/4058/2375 3570/4022/2309 3556/3990/2260
f 3563/3995/2259 3566/4016/2179 3573/4059/2147
f 3573/4024/2172 3566/4486/2154 3562/3991/2261
f 3589/4039/2272 3561/4010/2299 3567/4012/2301
f 3567/4061/2337 3563/3995/2259 3590/3994/2258
f 3596/3987/2281 3602/4047/2283 3571/4062/2338
f 3602/4063/2376 3598/4050/2278 3569/3993/2257
f 3591/3986/2268 3594/4045/2373 3601/4064/2114
f 3601/4052/2280 3594/4488/2366 3590/3994/2258
f 3589/4039/2272 3595/4041/2274 3578/4065/2325
f 3578/4029/2371 3595/4489/2326 3591/3986/2268
f 3582/3989/2263 3588/4033/2293 3599/4066/2327
f 3588/4067/2328 3584/4036/2296 3597/3984/2266
f 3577/3983/2271 3580/4031/2168 3587/4068/2133
f 3580/4069/2111 3576/3985/2267 3584/4036/2296
f 3575/4025/2286 3581/4027/2288 3550/4070/2329
f 3550/4000/2370 3581/4487/2330 3577/3983/2271
f 3582/3989/2263 3555/3988/2265 3557/4007/2319
f 3557/4072/2332 3554/4003/2322 3583/3981/2269
f 3589/4039/2272 3575/4025/2286 3547/3996/2311
f 3695/4132/2099 3666/4151/2131 3660/4133/2100
f 3709/4135/2090 3696/4181/2112 3688/4136/2091
f 3708/4138/2097 3680/4164/2098 3667/4139/2096
f 3668/4141/2102 3682/3374/2159 3674/3343/2103
f 3681/4143/2093 3710/4194/2145 3702/4144/2094
f 3659/4146/2120 3662/4214/2162 3663/4147/2121
f 3660/4133/2100 3664/4198/2168 3663/4149/2123
f 3661/4142/2104 3665/4491/2170 3663/3353/2125
f 3666/4151/2131 3669/4217/2166 3670/4152/2132
f 3667/4139/2096 3671/4200/2171 3670/4154/2127
f 3668/4141/2102 3672/4199/2167 3670/3361/2129
f 3673/4157/2148 3676/4197/2169 3677/4158/2149
f 3674/3343/2103 3678/4203/2173 3677/4160/2151
f 3675/4145/2095 3679/4492/2175 3677/4162/2153
f 3680/4164/2098 3683/4205/2176 3684/4165/2155
f 3681/4143/2093 3685/4202/2352 3684/4167/2157
f 3682/3374/2159 3686/4201/2351 3684/4169/2160
f 3687/4171/2105 3690/4209/2180 3691/4172/2106
f 3688/4136/2091 3692/4213/2163 3691/4174/2108
f 3689/4134/2101 3693/4215/2350 3691/4176/2110
f 3694/4140/2115 3697/4216/2165 3698/4178/2116
f 3695/4132/2099 3699/4212/2298 3698/4180/2380
f 3696/4181/2112 3700/4211/2349 3698/4182/2113
f 3701/4183/2134 3704/4204/2174 3705/4184/2135
f 3702/4144/2094 3706/4208/2179 3705/4186/2137
f 3703/4137/2092 3707/4493/2348 3705/4188/2139
f 3708/4138/2097 3711/4210/2181 3712/4190/2141
f 3709/4135/2090 3713/4207/2178 3712/4192/2143
f 3710/4194/2145 3714/4206/2177 3712/4195/2146
f 3659/4146/2120 3665/4148/2122 3676/4197/2169
f 3676/4161/2152 3665/4491/2170 3661/4142/2104
f 3666/4151/2131 3672/4153/2133 3664/4198/2168
f 3672/4199/2167 3668/4141/2102 3661/4142/2104
f 3667/4139/2096 3680/4164/2098 3686/4166/2156
f 3686/4201/2351 3682/3374/2159 3668/4141/2102
f 3675/4145/2095 3678/4163/2154 3685/4202/2352
f 3678/4203/2173 3674/3343/2103 3682/3374/2159
f 3673/4157/2148 3679/4159/2150 3704/4204/2174
f 3704/4187/2138 3679/4492/2175 3675/4145/2095
f 3680/4164/2098 3708/4138/2097 3714/4191/2142
f 3714/4206/2177 3710/4194/2145 3681/4143/2093
f 3703/4137/2092 3706/4189/2366 3713/4207/2178
f 3706/4208/2179 3702/4144/2094 3710/4194/2145
f 3701/4183/2134 3707/4185/2136 3690/4209/2180
f 3690/4175/2109 3707/4493/2348 3703/4137/2092
f 3694/4140/2115 3700/4179/2117 3711/4210/2181
f 3700/4211/2349 3696/4181/2112 3709/4135/2090
f 3695/4132/2099 3689/4134/2101 3692/4177/2111
f 3692/4213/2163 3688/4136/2091 3696/4181/2112
f 3687/4171/2105 3693/4173/2107 3662/4214/2162
f 3693/4215/2350 3689/4134/2101 3660/4133/2100
f 3694/4140/2115 3667/4139/2096 3669/4155/2128
f 3669/4217/2166 3666/4151/2131 3695/4132/2099
f 3701/4183/2134 3687/4171/2105 3659/4146/2120
f 3807/4310/2266 3778/4332/2296 3772/4311/2267
f 3821/4313/2257 3808/4365/2278 3800/4314/2258
f 3820/4316/2264 3792/4346/2265 3779/4317/2263
f 3780/4319/2269 3794/4351/2322 3786/4320/2270
f 3793/4322/2260 3822/4379/2309 3814/4323/2261
f 3771/4325/2286 3774/4397/2325 3775/4326/2287
f 3772/4311/2267 3776/4383/2343 3775/4328/2289
f 3773/4321/2271 3777/4497/2330 3775/4330/2291
f 3778/4332/2296 3781/4399/2328 3782/4333/2297
f 3779/4317/2263 3783/4384/2331 3782/4335/2292
f 3780/4319/2269 3784/4498/2133 3782/4337/2294
f 3785/4339/2311 3788/4382/2383 3789/4340/2312
f 3786/4320/2270 3790/4387/2126 3789/4342/2314
f 3787/4324/2262 3791/4499/2374 3789/4344/2316
f 3792/4346/2265 3795/4389/2334 3796/4347/2318
f 3793/4322/2260 3797/4386/2161 3796/4349/2320
f 3794/4351/2322 3798/4385/2357 3796/4352/2323
f 3799/4354/2272 3802/4392/2336 3803/4355/2273
f 3800/4314/2258 3804/4396/2140 3803/4357/2275
f 3801/4312/2268 3805/4500/2326 3803/4359/2277
f 3806/4318/2281 3809/4398/2327 3810/4361/2282
f 3807/4310/2266 3811/4395/2114 3810/4363/2284
f 3808/4365/2278 3812/4501/2356 3810/4366/2279
f 3813/4368/2299 3816/4388/2333 3817/4369/2300
f 3814/4323/2261 3818/4391/2335 3817/4371/2302
f 3815/4315/2259 3819/4393/2337 3817/4373/2304
f 3820/4316/2264 3823/4394/2338 3824/4375/2305
f 3821/4313/2257 3825/4390/2147 3824/4377/2307
f 3822/4379/2309 3826/4502/2375 3824/4380/2310
f 3771/4325/2286 3777/4327/2288 3788/4382/2383
f 3788/4343/2370 3777/4497/2330 3773/4321/2271
f 3772/4311/2267 3778/4332/2296 3784/4334/2164
f 3776/4331/2168 3784/4498/2133 3780/4319/2269
f 3792/4346/2265 3798/4348/2382 3783/4384/2331
f 3798/4385/2357 3794/4351/2322 3780/4319/2269
f 3787/4324/2262 3790/4345/2173 3797/4386/2161
f 3790/4387/2126 3786/4320/2270 3794/4351/2322
f 3785/4339/2311 3791/4341/2313 3816/4388/2333
f 3816/4372/2303 3791/4499/2374 3787/4324/2262
f 3820/4316/2264 3826/4376/2306 3795/4389/2334
f 3795/4350/2321 3826/4502/2375 3822/4379/2309
f 3821/4313/2257 3815/4315/2259 3818/4374/2179
f 3818/4391/2335 3814/4323/2261 3822/4379/2309
f 3799/4354/2272 3813/4368/2299 3819/4370/2301
f 3819/4393/2337 3815/4315/2259 3800/4314/2258
f 3820/4316/2264 3806/4318/2281 3812/4362/2283
f 3823/4378/2308 3812/4501/2356 3808/4365/2278
f 3801/4312/2268 3804/4360/2163 3811/4395/2114
f 3804/4396/2140 3800/4314/2258 3808/4365/2278
f 3799/4354/2272 3805/4356/2274 3774/4397/2325
f 3774/4329/2290 3805/4500/2326 3801/4312/2268
f 3806/4318/2281 3779/4317/2263 3781/4336/2293
f 3781/4399/2328 3778/4332/2296 3807/4310/2266
f 3813/4368/2299 3799/4354/2272 3771/4325/2286
usemtl BumperWhiteGlow
f 956/799/408 581/800/409 578/801/410
f 590/802/411 599/803/412 596/804/413
f 599/803/412 602/805/414 596/804/413
f 605/806/415 608/807/416 602/805/414
f 611/808/417 614/809/418 608/807/416
f 617/810/419 620/811/420 614/809/418
f 623/812/421 626/813/422 620/811/420
f 626/813/422 635/814/423 632/815/424
f 635/814/423 638/816/425 632/815/424
f 641/817/426 644/818/427 638/816/425
f 647/819/428 650/820/429 644/818/427
f 650/820/429 659/821/430 656/822/431
f 659/821/430 662/823/432 656/822/431
f 665/824/433 668/825/434 662/823/432
f 668/825/434 677/826/435 674/827/436
f 677/826/435 680/828/437 674/827/436
f 683/829/438 686/830/439 680/828/437
f 686/830/439 695/831/440 692/832/441
f 695/831/440 698/833/442 692/832/441
f 701/834/443 704/835/444 698/833/442
f 707/836/445 710/837/446 704/835/444
f 713/838/447 716/839/448 710/837/446
f 719/840/449 722/841/450 716/839/448
f 722/841/450 731/842/451 728/843/452
f 731/842/451 734/844/453 728/843/452
f 737/845/454 740/846/455 734/844/453
f 743/847/456 746/848/457 740/846/455
f 746/848/457 755/849/458 752/850/459
f 755/849/458 758/851/460 752/850/459
f 761/852/461 764/853/462 758/851/460
f 764/853/462 773/854/463 770/855/464
f 773/854/463 776/856/465 770/855/464
f 779/857/466 782/858/467 776/856/465
f 782/858/467 791/859/468 788/860/469
f 791/859/468 794/861/470 788/860/469
f 797/862/471 800/863/472 794/861/470
f 803/864/473 806/865/474 800/863/472
f 809/866/475 812/867/476 806/865/474
f 815/868/477 818/869/478 812/867/476
f 818/869/478 827/870/479 824/871/480
f 827/870/479 830/872/481 824/871/480
f 833/873/482 836/874/483 830/872/481
f 839/875/484 842/876/485 836/874/483
f 842/876/485 851/877/486 848/878/487
f 851/877/486 854/879/488 848/878/487
f 857/880/489 860/881/490 854/879/488
f 860/881/490 869/882/491 866/883/492
f 869/882/491 872/884/493 866/883/492
f 875/885/494 878/886/495 872/884/493
f 878/886/495 887/887/496 884/888/497
f 887/887/496 890/889/498 884/888/497
f 893/890/499 896/891/500 890/889/498
f 899/892/501 902/893/502 896/891/500
f 905/894/503 908/895/504 902/893/502
f 911/896/505 914/897/506 908/895/504
f 914/897/506 923/898/507 920/899/508
f 923/898/507 926/900/509 920/899/508
f 929/901/510 932/902/511 926/900/509
f 935/903/512 938/904/513 932/902/511
f 938/904/513 947/905/514 944/906/515
f 947/905/514 950/907/516 944/906/515
f 953/908/517 956/799/408 950/907/516
f 587/909/518 590/802/411 584/910/519
f 784/911/520 688/912/521 592/913/522
f 581/800/409 584/910/519 578/801/410
f 578/801/410 585/914/523 579/915/524
f 579/916/525 583/917/526 577/918/527
f 581/800/409 588/919/528 587/909/518
f 582/920/529 586/921/530 588/919/528
f 590/802/411 585/914/523 584/910/519
f 591/922/531 583/917/526 585/923/532
f 593/924/533 588/919/528 594/925/534
f 594/925/534 586/921/530 592/913/522
f 596/804/413 591/926/535 590/802/411
f 597/927/536 589/928/537 591/922/531
f 599/803/412 594/925/534 600/929/538
f 600/929/538 592/913/522 598/930/539
f 596/804/413 603/931/540 597/932/541
f 597/927/536 601/933/542 595/934/543
f 605/806/415 600/929/538 606/935/544
f 606/935/544 598/930/539 604/936/545
f 608/807/416 603/931/540 602/805/414
f 603/937/546 607/938/547 601/933/542
f 605/806/415 612/939/548 611/808/417
f 606/935/544 610/940/549 612/939/548
f 608/807/416 615/941/550 609/942/551
f 609/943/552 613/944/553 607/938/547
f 617/810/419 612/939/548 618/945/554
f 612/939/548 616/946/555 618/945/554
f 620/811/420 615/941/550 614/809/418
f 621/947/556 613/944/553 615/948/557
f 623/812/421 618/945/554 624/949/558
f 624/949/558 616/946/555 622/950/559
f 626/813/422 621/951/560 620/811/420
f 621/947/556 625/952/561 619/953/562
f 629/954/563 624/949/558 630/955/564
f 630/955/564 622/950/559 628/956/565
f 632/815/424 627/957/566 626/813/422
f 633/958/567 625/952/561 627/959/568
f 629/954/563 636/960/569 635/814/423
f 630/955/564 634/961/570 636/960/569
f 638/816/425 633/962/571 632/815/424
f 633/958/567 637/963/572 631/964/573
f 635/814/423 642/965/574 641/817/426
f 636/960/569 640/966/575 642/965/574
f 644/818/427 639/967/576 638/816/425
f 645/968/577 637/963/572 639/969/578
f 641/817/426 648/970/579 647/819/428
f 648/970/579 640/966/575 646/971/580
f 650/820/429 645/972/581 644/818/427
f 651/973/582 643/974/583 645/968/577
f 653/975/584 648/970/579 654/976/585
f 654/976/585 646/971/580 652/977/586
f 656/822/431 651/978/587 650/820/429
f 657/979/588 649/980/589 651/973/582
f 653/975/584 660/981/590 659/821/430
f 654/976/585 658/982/591 660/981/590
f 656/822/431 663/983/592 657/984/593
f 657/979/588 661/985/594 655/986/595
f 659/821/430 666/987/596 665/824/433
f 660/981/590 664/988/597 666/987/596
f 662/823/432 669/989/598 663/983/592
f 669/990/599 661/985/594 663/991/600
f 665/824/433 672/992/601 671/993/602
f 666/987/596 670/994/603 672/992/601
f 674/827/436 669/989/598 668/825/434
f 675/995/604 667/996/605 669/990/599
f 677/826/435 672/992/601 678/997/606
f 678/997/606 670/994/603 676/998/607
f 674/827/436 681/999/608 675/1000/609
f 675/995/604 679/1001/610 673/1002/611
f 677/826/435 684/1003/612 683/829/438
f 678/997/606 682/1004/613 684/1003/612
f 686/830/439 681/999/608 680/828/437
f 687/1005/614 679/1001/610 681/1006/615
f 689/1007/616 684/1003/612 690/1008/617
f 690/1008/617 682/1004/613 688/912/521
f 692/832/441 687/1009/618 686/830/439
f 693/1010/619 685/1011/620 687/1005/614
f 695/831/440 690/1008/617 696/1012/621
f 696/1012/621 688/912/521 694/1013/622
f 692/832/441 699/1014/623 693/1015/624
f 693/1010/619 697/1016/625 691/1017/626
f 701/834/443 696/1012/621 702/1018/627
f 702/1018/627 694/1013/622 700/1019/628
f 704/835/444 699/1014/623 698/833/442
f 699/1020/629 703/1021/630 697/1016/625
f 701/834/443 708/1022/631 707/836/445
f 702/1018/627 706/1023/632 708/1022/631
f 704/835/444 711/1024/633 705/1025/634
f 705/1026/635 709/1027/636 703/1021/630
f 713/838/447 708/1022/631 714/1028/637
f 708/1022/631 712/1029/638 714/1028/637
f 716/839/448 711/1024/633 710/837/446
f 717/1030/639 709/1027/636 711/1031/640
f 719/840/449 714/1028/637 720/1032/641
f 720/1032/641 712/1029/638 718/1033/642
f 722/841/450 717/1034/643 716/839/448
f 717/1030/639 721/1035/644 715/1036/645
f 725/1037/646 720/1032/641 726/1038/647
f 726/1038/647 718/1033/642 724/1039/648
f 728/843/452 723/1040/649 722/841/450
f 729/1041/650 721/1035/644 723/1042/651
f 725/1037/646 732/1043/652 731/842/451
f 726/1038/647 730/1044/653 732/1043/652
f 734/844/453 729/1045/654 728/843/452
f 729/1041/650 733/1046/655 727/1047/656
f 731/842/451 738/1048/657 737/845/454
f 732/1043/652 736/1049/658 738/1048/657
f 740/846/455 735/1050/659 734/844/453
f 741/1051/660 733/1046/655 735/1052/661
f 737/845/454 744/1053/662 743/847/456
f 744/1053/662 736/1049/658 742/1054/663
f 746/848/457 741/1055/664 740/846/455
f 747/1056/665 739/1057/666 741/1051/660
f 749/1058/667 744/1053/662 750/1059/668
f 750/1059/668 742/1054/663 748/1060/669
f 752/850/459 747/1061/670 746/848/457
f 753/1062/671 745/1063/672 747/1056/665
f 749/1058/667 756/1064/673 755/849/458
f 750/1059/668 754/1065/674 756/1064/673
f 752/850/459 759/1066/675 753/1067/676
f 753/1062/671 757/1068/677 751/1069/678
f 755/849/458 762/1070/679 761/852/461
f 756/1064/673 760/1071/680 762/1070/679
f 758/851/460 765/1072/681 759/1066/675
f 765/1073/682 757/1068/677 759/1074/683
f 761/852/461 768/1075/684 767/1076/685
f 762/1070/679 766/1077/686 768/1075/684
f 770/855/464 765/1072/681 764/853/462
f 771/1078/687 763/1079/688 765/1073/682
f 773/854/463 768/1075/684 774/1080/689
f 774/1080/689 766/1077/686 772/1081/690
f 770/855/464 777/1082/691 771/1083/692
f 771/1078/687 775/1084/693 769/1085/694
f 773/854/463 780/1086/695 779/857/466
f 774/1080/689 778/1087/696 780/1086/695
f 782/858/467 777/1082/691 776/856/465
f 783/1088/697 775/1084/693 777/1089/698
f 785/1090/699 780/1086/695 786/1091/700
f 786/1091/700 778/1087/696 784/911/520
f 788/860/469 783/1092/701 782/858/467
f 789/1093/702 781/1094/703 783/1088/697
f 791/859/468 786/1091/700 792/1095/704
f 792/1095/704 784/911/520 790/1096/705
f 788/860/469 795/1097/706 789/1098/707
f 789/1093/702 793/1099/708 787/1100/709
f 797/862/471 792/1095/704 798/1101/710
f 798/1101/710 790/1096/705 796/1102/711
f 800/863/472 795/1097/706 794/861/470
f 795/1103/712 799/1104/713 793/1099/708
f 797/862/471 804/1105/714 803/864/473
f 798/1101/710 802/1106/715 804/1105/714
f 800/863/472 807/1107/716 801/1108/717
f 801/1109/718 805/1110/719 799/1104/713
f 809/866/475 804/1105/714 810/1111/720
f 804/1105/714 808/1112/721 810/1111/720
f 812/867/476 807/1107/716 806/865/474
f 813/1113/722 805/1110/719 807/1114/723
f 815/868/477 810/1111/720 816/1115/724
f 816/1115/724 808/1112/721 814/1116/725
f 818/869/478 813/1117/726 812/867/476
f 813/1113/722 817/1118/727 811/1119/728
f 821/1120/729 816/1115/724 822/1121/730
f 822/1121/730 814/1116/725 820/1122/731
f 824/871/480 819/1123/732 818/869/478
f 825/1124/733 817/1118/727 819/1125/734
f 821/1120/729 828/1126/735 827/870/479
f 822/1121/730 826/1127/736 828/1126/735
f 830/872/481 825/1128/737 824/871/480
f 825/1124/733 829/1129/738 823/1130/739
f 827/870/479 834/1131/740 833/873/482
f 828/1126/735 832/1132/741 834/1131/740
f 836/874/483 831/1133/742 830/872/481
f 837/1134/743 829/1129/738 831/1135/744
f 833/873/482 840/1136/745 839/875/484
f 840/1136/745 832/1132/741 838/1137/746
f 842/876/485 837/1138/747 836/874/483
f 843/1139/748 835/1140/749 837/1134/743
f 845/1141/750 840/1136/745 846/1142/751
f 846/1142/751 838/1137/746 844/1143/752
f 848/878/487 843/1144/753 842/876/485
f 849/1145/754 841/1146/755 843/1139/748
f 845/1141/750 852/1147/756 851/877/486
f 846/1142/751 850/1148/757 852/1147/756
f 848/878/487 855/1149/758 849/1150/759
f 849/1145/754 853/1151/760 847/1152/761
f 851/877/486 858/1153/762 857/880/489
f 852/1147/756 856/1154/763 858/1153/762
f 854/879/488 861/1155/764 855/1149/758
f 861/1156/765 853/1151/760 855/1157/766
f 857/880/489 864/1158/767 863/1159/768
f 858/1153/762 862/1160/769 864/1158/767
f 866/883/492 861/1155/764 860/881/490
f 867/1161/770 859/1162/771 861/1156/765
f 869/882/491 864/1158/767 870/1163/772
f 870/1163/772 862/1160/769 868/1164/773
f 866/883/492 873/1165/774 867/1166/775
f 867/1161/770 871/1167/776 865/1168/777
f 869/882/491 876/1169/778 875/885/494
f 870/1163/772 874/1170/779 876/1169/778
f 878/886/495 873/1165/774 872/884/493
f 879/1171/780 871/1167/776 873/1172/781
f 881/1173/782 876/1169/778 882/1174/783
f 882/1174/783 874/1170/779 880/1175/784
f 884/888/497 879/1176/785 878/886/495
f 885/1177/786 877/1178/787 879/1171/780
f 887/887/496 882/1174/783 888/1179/788
f 888/1179/788 880/1175/784 886/1180/789
f 884/888/497 891/1181/790 885/1182/791
f 885/1177/786 889/1183/792 883/1184/793
f 893/890/499 888/1179/788 894/1185/794
f 894/1185/794 886/1180/789 892/1186/795
f 896/891/500 891/1181/790 890/889/498
f 891/1187/796 895/1188/797 889/1183/792
f 893/890/499 900/1189/798 899/892/501
f 894/1185/794 898/1190/799 900/1189/798
f 896/891/500 903/1191/800 897/1192/801
f 897/1193/802 901/1194/803 895/1188/797
f 905/894/503 900/1189/798 906/1195/804
f 900/1189/798 904/1196/805 906/1195/804
f 908/895/504 903/1191/800 902/893/502
f 909/1197/806 901/1194/803 903/1198/807
f 911/896/505 906/1195/804 912/1199/808
f 912/1199/808 904/1196/805 910/1200/809
f 914/897/506 909/1201/810 908/895/504
f 909/1197/806 913/1202/811 907/1203/812
f 917/1204/813 912/1199/808 918/1205/814
f 918/1205/814 910/1200/809 916/1206/815
f 920/899/508 915/1207/816 914/897/506
f 921/1208/817 913/1202/811 915/1209/818
f 917/1204/813 924/1210/819 923/898/507
f 918/1205/814 922/1211/820 924/1210/819
f 926/900/509 921/1212/821 920/899/508
f 921/1208/817 925/1213/822 919/1214/823
f 923/898/507 930/1215/824 929/901/510
f 924/1210/819 928/1216/825 930/1215/824
f 932/902/511 927/1217/826 926/900/509
f 933/1218/827 925/1213/822 927/1219/828
f 929/901/510 936/1220/829 935/903/512
f 936/1220/829 928/1216/825 934/1221/830
f 938/904/513 933/1222/831 932/902/511
f 939/1223/832 931/1224/833 933/1218/827
f 941/1225/834 936/1220/829 942/1226/835
f 942/1226/835 934/1221/830 940/1227/836
f 944/906/515 939/1228/837 938/904/513
f 945/1229/838 937/1230/839 939/1223/832
f 941/1225/834 948/1231/840 947/905/514
f 942/1226/835 946/1232/841 948/1231/840
f 944/906/515 951/1233/842 945/1234/843
f 945/1229/838 949/1235/844 943/1236/845
f 947/905/514 954/1237/846 953/908/517
f 948/1231/840 952/1238/847 954/1237/846
f 950/907/516 957/1239/848 951/1233/842
f 957/1240/849 949/1235/844 951/1241/850
f 953/908/517 960/1242/851 959/1243/852
f 954/1237/846 958/1244/853 960/1242/851
f 578/801/410 957/1239/848 956/799/408
f 579/916/525 955/1245/854 957/1240/849
f 581/800/409 960/1242/851 582/920/529
f 582/920/529 958/1244/853 580/1246/855
f 763/1079/688 859/1162/771 955/1245/854
f 2639/1642/1073 1746/1643/1074 1747/1644/1075
f 2634/1645/1076 1740/1646/1077 1729/1647/1078
f 1735/1648/1079 1755/1649/1080 1736/1650/1081
f 1732/1651/1082 1747/1644/1075 1748/1652/1083
f 1729/1647/1078 1741/1653/1084 2635/1654/1085
f 1946/1655/873 1736/1650/1081 1755/1649/1080
f 2640/1656/1086 1748/1657/1083 1749/1658/1087
f 2635/1654/1085 1742/1659/1088 2636/1660/1089
f 2641/1661/1090 1749/1658/1087 1750/1662/1091
f 2636/1660/1089 1743/1663/1092 2637/1664/1093
f 1733/1665/1094 1750/1662/1091 1751/1666/1095
f 2637/1667/1093 1744/1668/1096 1730/1669/1097
f 2632/1670/1098 2194/1671/864 1737/1672/1099
f 1733/1665/1094 1752/1673/1100 1734/1674/1101
f 1731/1675/1102 1744/1668/1096 1745/1676/1103
f 2632/1670/1098 1738/1677/1104 2633/1678/1105
f 2642/1679/1106 1752/1673/1100 1753/1680/1107
f 1731/1675/1102 1746/1643/1074 2638/1681/1108
f 2633/1678/1105 1739/1682/1109 2634/1645/1076
f 1735/1648/1079 1753/1680/1107 1754/1683/1110
f 1749/1658/1087 1767/1684/1111 1768/1685/1112
f 1742/1659/1088 1760/1686/1113 1761/1687/1114
f 1750/1662/1091 1768/1685/1112 1769/1688/1115
f 1742/1659/1088 1762/1689/1116 1743/1663/1092
f 1750/1662/1091 1770/1690/1117 1751/1666/1095
f 1743/1691/1092 1763/1692/1118 1744/1668/1096
f 1737/1672/1099 2194/1671/864 1756/1693/1119
f 1751/1666/1095 1771/1694/1120 1752/1673/1100
f 1745/1676/1103 1763/1692/1118 1764/1695/1121
f 1737/1672/1099 1757/1696/1122 1738/1677/1104
f 1753/1680/1107 1771/1694/1120 1772/1697/1123
f 1746/1643/1074 1764/1695/1121 1765/1698/1124
f 1738/1677/1104 1758/1699/1125 1739/1682/1109
f 1753/1680/1107 1773/1700/1126 1754/1683/1110
f 1746/1643/1074 1766/1701/1127 1747/1644/1075
f 1740/1646/1077 1758/1699/1125 1759/1702/1128
f 1754/1683/1110 1774/1703/1129 1755/1649/1080
f 1747/1704/1075 1767/1684/1111 1748/1657/1083
f 1740/1646/1077 1760/1686/1113 1741/1653/1084
f 1946/1655/873 1755/1649/1080 1774/1703/1129
f 1764/1695/1121 1782/1705/1130 1783/1706/1131
f 1756/1693/1119 1776/1707/1132 1757/1696/1122
f 1771/1694/1120 1791/1708/1133 1772/1697/1123
f 1765/1698/1124 1783/1706/1131 1784/1709/1134
f 1757/1696/1122 1777/1710/1135 1758/1699/1125
f 1772/1697/1123 1792/1711/1136 1773/1700/1126
f 1765/1698/1124 1785/1712/1137 1766/1701/1127
f 1758/1699/1125 1778/1713/1138 1759/1702/1128
f 1773/1700/1126 1793/1714/1139 1774/1703/1129
f 1766/1715/1127 1786/1716/1140 1767/1684/1111
f 1759/1702/1128 1779/1717/1141 1760/1686/1113
f 1946/1655/873 1774/1703/1129 1793/1714/1139
f 1768/1685/1112 1786/1716/1140 1787/1718/1142
f 1761/1687/1114 1779/1717/1141 1780/1719/1143
f 1768/1685/1112 1788/1720/1144 1769/1688/1115
f 1761/1687/1114 1781/1721/1145 1762/1689/1116
f 1769/1688/1115 1789/1722/1146 1770/1690/1117
f 1763/1692/1118 1781/1723/1145 1782/1705/1130
f 1756/1693/1119 2194/1671/864 1775/1724/1147
f 1771/1694/1120 1789/1722/1146 1790/1725/1148
f 1779/1717/1141 1797/1726/1149 1798/1727/1150
f 1946/1655/873 1793/1714/1139 1812/1728/1151
f 1786/1716/1140 1806/1729/1152 1787/1718/1142
f 1780/1719/1143 1798/1727/1150 1799/1730/1153
f 1787/1718/1142 1807/1731/1154 1788/1720/1144
f 1780/1719/1143 1800/1732/1155 1781/1721/1145
f 1788/1720/1144 1808/1733/1156 1789/1722/1146
f 1782/1734/1130 1800/1732/1155 1801/1735/1157
f 1775/1724/1147 2194/1671/864 1794/1736/1158
f 1789/1722/1146 1809/1737/1159 1790/1725/1148
f 1782/1705/1130 1802/1738/1160 1783/1706/1131
f 1776/1707/1132 1794/1736/1158 1795/1739/1161
f 1790/1725/1148 1810/1740/1162 1791/1708/1133
f 1783/1706/1131 1803/1741/1163 1784/1709/1134
f 1776/1707/1132 1796/1742/1164 1777/1710/1135
f 1791/1708/1133 1811/1743/1165 1792/1711/1136
f 1785/1712/1137 1803/1741/1163 1804/1744/1166
f 1777/1710/1135 1797/1726/1149 1778/1713/1138
f 1792/1711/1136 1812/1728/1151 1793/1714/1139
f 1785/1745/1137 1805/1746/1167 1786/1716/1140
f 1794/1736/1158 2194/1671/864 1813/1747/1168
f 1808/1733/1156 1828/1748/1169 1809/1737/1159
f 1802/1738/1160 1820/1749/1170 1821/1750/1171
f 1794/1736/1158 1814/1751/1172 1795/1739/1161
f 1809/1737/1159 1829/1752/1173 1810/1740/1162
f 1802/1738/1160 1822/1753/1174 1803/1741/1163
f 1796/1742/1164 1814/1751/1172 1815/1754/1175
f 1810/1740/1162 1830/1755/1176 1811/1743/1165
f 1804/1744/1166 1822/1753/1174 1823/1756/1177
f 1796/1742/1164 1816/1757/1178 1797/1726/1149
f 1811/1743/1165 1831/1758/1179 1812/1728/1151
f 1804/1759/1166 1824/1760/1180 1805/1746/1167
f 1798/1727/1150 1816/1757/1178 1817/1761/1181
f 1946/1655/873 1812/1728/1151 1831/1758/1179
f 1805/1746/1167 1825/1762/1182 1806/1729/1152
f 1798/1727/1150 1818/1763/1183 1799/1730/1153
f 1807/1731/1154 1825/1762/1182 1826/1764/1184
f 1799/1730/1153 1819/1765/1185 1800/1732/1155
f 1807/1731/1154 1827/1766/1186 1808/1733/1156
f 1801/1735/1157 1819/1765/1185 1820/1767/1170
f 1823/1768/1177 1843/1769/1187 1824/1770/1180
f 1816/1757/1178 1836/1771/1188 1817/1761/1181
f 1946/1655/873 1831/1758/1179 1850/1772/1189
f 1824/1760/1180 1844/1773/1190 1825/1762/1182
f 1818/1763/1183 1836/1771/1188 1837/1774/1191
f 1826/1764/1184 1844/1773/1190 1845/1775/1192
f 1818/1763/1183 1838/1776/1193 1819/1765/1185
f 1826/1764/1184 1846/1777/1194 1827/1766/1186
f 1820/1767/1170 1838/1776/1193 1839/1778/1195
f 1813/1747/1168 2194/1671/864 1832/1779/1196
f 1828/1748/1169 1846/1777/1194 1847/1780/1197
f 1820/1749/1170 1840/1781/1198 1821/1750/1171
f 1813/1747/1168 1833/1782/1199 1814/1751/1172
f 1828/1748/1169 1848/1783/1200 1829/1752/1173
f 1821/1750/1171 1841/1784/1201 1822/1753/1174
f 1814/1751/1172 1834/1785/1202 1815/1754/1175
f 1830/1755/1176 1848/1783/1200 1849/1786/1203
f 1823/1768/1177 1841/1787/1201 1842/1788/1204
f 1815/1754/1175 1835/1789/1205 1816/1757/1178
f 1830/1755/1176 1850/1772/1189 1831/1758/1179
f 1839/1778/1195 1857/1790/1206 1858/1791/1207
f 1832/1779/1196 2194/1671/864 1851/1792/1208
f 1846/1777/1194 1866/1793/1209 1847/1780/1197
f 1839/1794/1195 1859/1795/1210 1840/1781/1198
f 1833/1782/1199 1851/1792/1208 1852/1796/1211
f 1847/1780/1197 1867/1797/1212 1848/1783/1200
f 1840/1781/1198 1860/1798/1213 1841/1784/1201
f 1833/1782/1199 1853/1799/1214 1834/1785/1202
f 1849/1786/1203 1867/1797/1212 1868/1800/1215
f 1842/1788/1204 1860/1801/1213 1861/1802/1216
f 1834/1785/1202 1854/1803/1217 1835/1789/1205
f 1849/1786/1203 1869/1804/1218 1850/1772/1189
f 1842/1788/1204 1862/1805/1219 1843/1769/1187
f 1835/1789/1205 1855/1806/1220 1836/1771/1188
f 1946/1655/873 1850/1772/1189 1869/1804/1218
f 1843/1807/1187 1863/1808/1221 1844/1773/1190
f 1837/1774/1191 1855/1806/1220 1856/1809/1222
f 1844/1773/1190 1864/1810/1223 1845/1775/1192
f 1837/1774/1191 1857/1790/1206 1838/1776/1193
f 1845/1775/1192 1865/1811/1224 1846/1777/1194
f 1853/1799/1214 1873/1812/1225 1854/1803/1217
f 1868/1800/1215 1888/1813/1226 1869/1804/1218
f 1861/1802/1216 1881/1814/1227 1862/1805/1219
f 1854/1803/1217 1874/1815/1228 1855/1806/1220
f 1946/1655/873 1869/1804/1218 1888/1813/1226
f 1862/1816/1219 1882/1817/1229 1863/1808/1221
f 1856/1809/1222 1874/1815/1228 1875/1818/1230
f 1863/1808/1221 1883/1819/1231 1864/1810/1223
f 1856/1809/1222 1876/1820/1232 1857/1790/1206
f 1864/1810/1223 1884/1821/1233 1865/1811/1224
f 1858/1791/1207 1876/1820/1232 1877/1822/1234
f 1851/1792/1208 2194/1671/864 1870/1823/1235
f 1865/1811/1224 1885/1824/1236 1866/1793/1209
f 1859/1825/1210 1877/1822/1234 1878/1826/1237
f 1851/1792/1208 1871/1827/1238 1852/1796/1211
f 1866/1793/1209 1886/1828/1239 1867/1797/1212
f 1859/1829/1210 1879/1830/1240 1860/1801/1213
f 1853/1799/1214 1871/1827/1238 1872/1831/1241
f 1867/1797/1212 1887/1832/1242 1868/1800/1215
f 1861/1802/1216 1879/1830/1240 1880/1833/1243
f 1883/1819/1231 1903/1834/1244 1884/1821/1233
f 1877/1822/1234 1895/1835/1245 1896/1836/1246
f 1870/1823/1235 2194/1671/864 1889/1837/1247
f 1884/1821/1233 1904/1838/1248 1885/1824/1236
f 1877/1839/1234 1897/1840/1249 1878/1841/1237
f 1870/1823/1235 1890/1842/1250 1871/1827/1238
f 1885/1824/1236 1905/1843/1251 1886/1828/1239
f 1878/1841/1237 1898/1844/1252 1879/1830/1240
f 1871/1827/1238 1891/1845/1253 1872/1831/1241
f 1886/1828/1239 1906/1846/1254 1887/1832/1242
f 1880/1833/1243 1898/1844/1252 1899/1847/1255
f 1873/1812/1225 1891/1845/1253 1892/1848/1256
f 1887/1832/1242 1907/1849/1257 1888/1813/1226
f 1880/1833/1243 1900/1850/1258 1881/1814/1227
f 1874/1815/1228 1892/1848/1256 1893/1851/1259
f 1946/1655/873 1888/1813/1226 1907/1849/1257
f 1881/1852/1227 1901/1853/1260 1882/1817/1229
f 1875/1818/1230 1893/1851/1259 1894/1854/1261
f 1883/1819/1231 1901/1853/1260 1902/1855/1262
f 1875/1818/1230 1895/1835/1245 1876/1820/1232
f 1906/1846/1254 1924/1856/1263 1925/1857/1264
f 1899/1847/1255 1917/1858/1265 1918/1859/1266
f 1891/1845/1253 1911/1860/1267 1892/1848/1256
f 1907/1849/1257 1925/1857/1264 1926/1861/1268
f 1899/1847/1255 1919/1862/1269 1900/1850/1258
f 1893/1851/1259 1911/1860/1267 1912/1863/1270
f 1946/1655/873 1907/1849/1257 1926/1861/1268
f 1900/1864/1258 1920/1865/1271 1901/1853/1260
f 1894/1854/1261 1912/1863/1270 1913/1866/1272
f 1902/1855/1262 1920/1865/1271 1921/1867/1273
f 1894/1854/1261 1914/1868/1274 1895/1835/1245
f 1902/1855/1262 1922/1869/1275 1903/1834/1244
f 1896/1836/1246 1914/1868/1274 1915/1870/1276
f 1889/1837/1247 2194/1671/864 1908/1871/1277
f 1904/1838/1248 1922/1869/1275 1923/1872/1278
f 1897/1840/1249 1915/1873/1276 1916/1874/1279
f 1889/1837/1247 1909/1875/1280 1890/1842/1250
f 1905/1843/1251 1923/1872/1278 1924/1856/1263
f 1897/1840/1249 1917/1858/1265 1898/1844/1252
f 1890/1842/1250 1910/1876/1281 1891/1845/1253
f 1921/1867/1273 1939/1877/1282 1940/1878/1283
f 1913/1866/1272 1933/1879/1284 1914/1868/1274
f 1921/1867/1273 1941/1880/1285 1922/1869/1275
f 1915/1870/1276 1933/1879/1284 1934/1881/1286
f 1908/1871/1277 2194/1671/864 1927/1882/1287
f 1923/1872/1278 1941/1880/1285 1942/1883/1288
f 1916/1874/1279 1934/1884/1286 1935/1885/1289
f 1909/1875/1280 1927/1882/1287 1928/1886/1290
f 1923/1872/1278 1943/1887/1291 1924/1856/1263
f 1916/1874/1279 1936/1888/1292 1917/1858/1265
f 1909/1875/1280 1929/1889/1293 1910/1876/1281
f 1924/1856/1263 1944/1890/1294 1925/1857/1264
f 1918/1859/1266 1936/1888/1292 1937/1891/1295
f 1910/1876/1281 1930/1892/1296 1911/1860/1267
f 1925/1857/1264 1945/1893/1297 1926/1861/1268
f 1918/1859/1266 1938/1894/1298 1919/1862/1269
f 1911/1860/1267 1931/1895/1299 1912/1863/1270
f 1946/1655/873 1926/1861/1268 1945/1893/1297
f 1919/1862/1269 1939/1896/1282 1920/1897/1271
f 1913/1866/1272 1931/1895/1299 1932/1898/1300
f 1935/1885/1289 1956/1899/1301 1936/1888/1292
f 1928/1886/1290 1949/1900/1302 1929/1889/1293
f 1944/1890/1294 1963/1901/1303 1964/1902/1304
f 1937/1891/1295 1956/1899/1301 1957/1903/1305
f 1929/1889/1293 1950/1904/1306 1930/1892/1296
f 1944/1890/1294 1965/1905/1307 1945/1893/1297
f 1937/1891/1295 1958/1906/1308 1938/1894/1298
f 1931/1895/1299 1950/1904/1306 1951/1907/1309
f 1946/1655/873 1945/1893/1297 1965/1905/1307
f 1938/1894/1298 1959/1908/1310 1939/1896/1282
f 1931/1895/1299 1952/1909/1311 1932/1898/1300
f 1940/1878/1283 1959/1910/1310 1960/1911/1312
f 1932/1898/1300 1953/1912/1313 1933/1879/1284
f 1940/1878/1283 1961/1913/1314 1941/1880/1285
f 1934/1881/1286 1953/1912/1313 1954/1914/1315
f 1927/1882/1287 2194/1671/864 1947/1915/1316
f 1941/1880/1285 1962/1916/1317 1942/1883/1288
f 1935/1885/1289 1954/1917/1315 1955/1918/1318
f 1927/1882/1287 1948/1919/1319 1928/1886/1290
f 1942/1883/1288 1963/1901/1303 1943/1887/1291
f 1952/1909/1311 1970/1920/1320 1971/1921/1321
f 1960/1911/1312 1978/1922/1322 1979/1923/1323
f 1952/1909/1311 1972/1924/1324 1953/1912/1313
f 1960/1911/1312 1980/1925/1325 1961/1913/1314
f 1954/1914/1315 1972/1924/1324 1973/1926/1326
f 1947/1915/1316 2194/1671/864 1966/1927/1327
f 1961/1913/1314 1981/1928/1328 1962/1916/1317
f 1955/1918/1318 1973/1929/1326 1974/1930/1329
f 1948/1919/1319 1966/1927/1327 1967/1931/1330
f 1962/1916/1317 1982/1932/1331 1963/1901/1303
f 1955/1918/1318 1975/1933/1332 1956/1899/1301
f 1949/1900/1302 1967/1931/1330 1968/1934/1333
f 1963/1901/1303 1983/1935/1334 1964/1902/1304
f 1957/1903/1305 1975/1933/1332 1976/1936/1335
f 1950/1904/1306 1968/1934/1333 1969/1937/1336
f 1964/1902/1304 1984/1938/1337 1965/1905/1307
f 1957/1903/1305 1977/1939/1338 1958/1906/1308
f 1951/1907/1309 1969/1937/1336 1970/1920/1320
f 1946/1655/873 1965/1905/1307 1984/1938/1337
f 1958/1906/1308 1978/1940/1322 1959/1908/1310
f 1967/1931/1330 1985/1941/1339 1986/1942/1340
f 1982/1932/1331 2000/1943/1341 2001/1944/1342
f 1974/1930/1329 1994/1945/1343 1975/1933/1332
f 1967/1931/1330 1987/1946/1344 1968/1934/1333
f 1983/1935/1334 2001/1944/1342 2002/1947/1345
f 1976/1936/1335 1994/1945/1343 1995/1948/1346
f 1968/1934/1333 1988/1949/1347 1969/1937/1336
f 1983/1935/1334 2003/1950/1348 1984/1938/1337
f 1976/1936/1335 1996/1951/1349 1977/1939/1338
f 1969/1937/1336 1989/1952/1350 1970/1920/1320
f 1946/1655/873 1984/1938/1337 2003/1950/1348
f 1977/1939/1338 1997/1953/1351 1978/1940/1322
f 1970/1920/1320 1990/1954/1352 1971/1921/1321
f 1979/1923/1323 1997/1955/1351 1998/1956/1353
f 1971/1921/1321 1991/1957/1354 1972/1924/1324
f 1980/1925/1325 1998/1956/1353 1999/1958/1355
f 1973/1926/1326 1991/1957/1354 1992/1959/1356
f 1966/1927/1327 2194/1671/864 1985/1941/1339
f 1981/1928/1328 1999/1958/1355 2000/1943/1341
f 1974/1930/1329 1992/1960/1356 1993/1961/1357
f 1996/1951/1349 2016/1962/1358 1997/1953/1351
f 1989/1952/1350 2009/1963/1359 1990/1954/1352
f 1998/1956/1353 2016/1964/1358 2017/1965/1360
f 1990/1954/1352 2010/1966/1361 1991/1957/1354
f 1998/1956/1353 2018/1967/1362 1999/1958/1355
f 1992/1959/1356 2010/1966/1361 2011/1968/1363
f 1985/1941/1339 2194/1671/864 2004/1969/1364
f 2000/1943/1341 2018/1967/1362 2019/1970/1365
f 1993/1961/1357 2011/1971/1363 2012/1972/1366
f 1986/1942/1340 2004/1969/1364 2005/1973/1367
f 2001/1944/1342 2019/1970/1365 2020/1974/1368
f 1993/1961/1357 2013/1975/1369 1994/1945/1343
f 1987/1946/1344 2005/1973/1367 2006/1976/1370
f 2001/1944/1342 2021/1977/1371 2002/1947/1345
f 1995/1948/1346 2013/1975/1369 2014/1978/1372
f 1987/1946/1344 2007/1979/1373 1988/1949/1347
f 2002/1947/1345 2022/1980/1374 2003/1950/1348
f 1995/1948/1346 2015/1981/1375 1996/1951/1349
f 1989/1952/1350 2007/1979/1373 2008/1982/1376
f 1946/1655/873 2003/1950/1348 2022/1980/1374
f 2012/1972/1366 2030/1983/1377 2031/1984/1378
f 2004/1969/1364 2024/1985/1379 2005/1973/1367
f 2019/1970/1365 2039/1986/1380 2020/1974/1368
f 2012/1972/1366 2032/1987/1381 2013/1975/1369
f 2006/1976/1370 2024/1985/1379 2025/1988/1382
f 2020/1974/1368 2040/1989/1383 2021/1977/1371
f 2014/1978/1372 2032/1987/1381 2033/1990/1384
f 2007/1979/1373 2025/1988/1382 2026/1991/1385
f 2021/1977/1371 2041/1992/1386 2022/1980/1374
f 2014/1978/1372 2034/1993/1387 2015/1981/1375
f 2008/1982/1376 2026/1991/1385 2027/1994/1388
f 1946/1655/873 2022/1980/1374 2041/1992/1386
f 2015/1981/1375 2035/1995/1389 2016/1962/1358
f 2009/1963/1359 2027/1994/1388 2028/1996/1390
f 2016/1964/1358 2036/1997/1391 2017/1965/1360
f 2009/1963/1359 2029/1998/1392 2010/1966/1361
f 2017/1965/1360 2037/1999/1393 2018/1967/1362
f 2011/1968/1363 2029/1998/1392 2030/2000/1377
f 2004/1969/1364 2194/1671/864 2023/2001/1394
f 2018/1967/1362 2038/2002/1395 2019/1970/1365
f 2027/1994/1388 2045/2003/1396 2046/2004/1397
f 1946/1655/873 2041/1992/1386 2060/2005/1398
f 2034/1993/1387 2054/2006/1399 2035/1995/1389
f 2028/1996/1390 2046/2004/1397 2047/2007/1400
f 2036/1997/1391 2054/2008/1399 2055/2009/1401
f 2028/1996/1390 2048/2010/1402 2029/1998/1392
f 2036/1997/1391 2056/2011/1403 2037/1999/1393
f 2030/2000/1377 2048/2010/1402 2049/2012/1404
f 2023/2001/1394 2194/1671/864 2042/2013/1405
f 2037/1999/1393 2057/2014/1406 2038/2002/1395
f 2031/2015/1378 2049/2012/1404 2050/2016/1407
f 2023/2001/1394 2043/2017/1408 2024/1985/1379
f 2038/2002/1395 2058/2018/1409 2039/1986/1380
f 2031/1984/1378 2051/2019/1410 2032/1987/1381
f 2024/1985/1379 2044/2020/1411 2025/1988/1382
f 2040/1989/1383 2058/2018/1409 2059/2021/1412
f 2033/1990/1384 2051/2019/1410 2052/2022/1413
f 2026/1991/1385 2044/2020/1411 2045/2003/1396
f 2040/1989/1383 2060/2005/1398 2041/1992/1386
f 2033/1990/1384 2053/2023/1414 2034/1993/1387
f 2042/2013/1405 2194/1671/864 2061/2024/1415
f 2056/2011/1403 2076/2025/1416 2057/2014/1406
f 2050/2016/1407 2068/2026/1417 2069/2027/1418
f 2042/2013/1405 2062/2028/1419 2043/2017/1408
f 2058/2018/1409 2076/2025/1416 2077/2029/1420
f 2050/2030/1407 2070/2031/1421 2051/2019/1410
f 2043/2017/1408 2063/2032/1422 2044/2020/1411
f 2059/2021/1412 2077/2029/1420 2078/2033/1423
f 2052/2022/1413 2070/2031/1421 2071/2034/1424
f 2045/2003/1396 2063/2032/1422 2064/2035/1425
f 2059/2021/1412 2079/2036/1426 2060/2005/1398
f 2052/2022/1413 2072/2037/1427 2053/2023/1414
f 2046/2004/1397 2064/2035/1425 2065/2038/1428
f 1946/1655/873 2060/2005/1398 2079/2036/1426
f 2053/2039/1414 2073/2040/1429 2054/2008/1399
f 2046/2004/1397 2066/2041/1430 2047/2007/1400
f 2055/2009/1401 2073/2040/1429 2074/2042/1431
f 2047/2007/1400 2067/2043/1432 2048/2010/1402
f 2055/2009/1401 2075/2044/1433 2056/2011/1403
f 2049/2012/1404 2067/2043/1432 2068/2026/1417
f 2078/2033/1423 2098/2045/1434 2079/2036/1426
f 2071/2046/1424 2091/2047/1435 2072/2048/1427
f 2065/2038/1428 2083/2049/1436 2084/2050/1437
f 1946/1655/873 2079/2036/1426 2098/2045/1434
f 2072/2051/1427 2092/2052/1438 2073/2040/1429
f 2065/2038/1428 2085/2053/1439 2066/2041/1430
f 2074/2042/1431 2092/2052/1438 2093/2054/1440
f 2066/2041/1430 2086/2055/1441 2067/2043/1432
f 2075/2044/1433 2093/2054/1440 2094/2056/1442
f 2068/2026/1417 2086/2055/1441 2087/2057/1443
f 2061/2024/1415 2194/1671/864 2080/2058/1444
f 2075/2044/1433 2095/2059/1445 2076/2025/1416
f 2069/2027/1418 2087/2057/1443 2088/2060/1446
f 2061/2024/1415 2081/2061/1447 2062/2028/1419
f 2076/2025/1416 2096/2062/1448 2077/2029/1420
f 2069/2063/1418 2089/2064/1449 2070/2065/1421
f 2062/2028/1419 2082/2066/1450 2063/2032/1422
f 2078/2033/1423 2096/2062/1448 2097/2067/1451
f 2071/2046/1424 2089/2064/1449 2090/2068/1452
f 2064/2035/1425 2082/2066/1450 2083/2049/1436
f 2094/2056/1442 2112/2069/1453 2113/2070/1454
f 2087/2057/1443 2105/2071/1455 2106/2072/1456
f 2080/2058/1444 2194/1671/864 2099/2073/1457
f 2094/2056/1442 2114/2074/1458 2095/2059/1445
f 2088/2060/1446 2106/2072/1456 2107/2075/1459
f 2080/2058/1444 2100/2076/1460 2081/2061/1447
f 2095/2059/1445 2115/2077/1461 2096/2062/1448
f 2088/2078/1446 2108/2079/1462 2089/2064/1449
f 2081/2061/1447 2101/2080/1463 2082/2066/1450
f 2097/2067/1451 2115/2077/1461 2116/2081/1464
f 2090/2068/1452 2108/2079/1462 2109/2082/1465
f 2082/2066/1450 2102/2083/1466 2083/2049/1436
f 2097/2067/1451 2117/2084/1467 2098/2045/1434
f 2090/2068/1452 2110/2085/1468 2091/2047/1435
f 2084/2050/1437 2102/2083/1466 2103/2086/1469
f 1946/1655/873 2098/2045/1434 2117/2084/1467
f 2091/2047/1435 2111/2087/1470 2092/2088/1438
f 2084/2050/1437 2104/2089/1471 2085/2053/1439
f 2093/2054/1440 2111/2090/1470 2112/2069/1453
f 2085/2053/1439 2105/2071/1455 2086/2055/1441
f 2108/2079/1462 2128/2091/1472 2109/2082/1465
f 2101/2080/1463 2121/2092/1473 2102/2083/1466
f 2116/2081/1464 2136/2093/1474 2117/2084/1467
f 2109/2082/1465 2129/2094/1475 2110/2085/1468
f 2103/2086/1469 2121/2092/1473 2122/2095/1476
f 1946/1655/873 2117/2084/1467 2136/2093/1474
f 2110/2085/1468 2130/2096/1477 2111/2087/1470
f 2103/2086/1469 2123/2097/1478 2104/2089/1471
f 2112/2069/1453 2130/2098/1477 2131/2099/1479
f 2104/2089/1471 2124/2100/1480 2105/2071/1455
f 2112/2069/1453 2132/2101/1481 2113/2070/1454
f 2106/2072/1456 2124/2100/1480 2125/2102/1482
f 2099/2073/1457 2194/1671/864 2118/2103/1483
f 2113/2070/1454 2133/2104/1484 2114/2074/1458
f 2107/2105/1459 2125/2106/1482 2126/2107/1485
f 2099/2073/1457 2119/2108/1486 2100/2076/1460
f 2115/2077/1461 2133/2104/1484 2134/2109/1487
f 2107/2105/1459 2127/2110/1488 2108/2079/1462
f 2101/2080/1463 2119/2108/1486 2120/2111/1489
f 2116/2081/1464 2134/2109/1487 2135/2112/1490
f 2123/2097/1478 2143/2113/1491 2124/2100/1480
f 2132/2101/1481 2150/2114/1492 2151/2115/1493
f 2125/2102/1482 2143/2113/1491 2144/2116/1494
f 2118/2103/1483 2194/1671/864 2137/2117/1495
f 2132/2101/1481 2152/2118/1496 2133/2104/1484
f 2126/2107/1485 2144/2119/1494 2145/2120/1497
f 2118/2103/1483 2138/2121/1498 2119/2108/1486
f 2133/2104/1484 2153/2122/1499 2134/2109/1487
f 2127/2110/1488 2145/2120/1497 2146/2123/1500
f 2119/2108/1486 2139/2124/1501 2120/2111/1489
f 2134/2109/1487 2154/2125/1502 2135/2112/1490
f 2127/2110/1488 2147/2126/1503 2128/2091/1472
f 2121/2092/1473 2139/2124/1501 2140/2127/1504
f 2135/2112/1490 2155/2128/1505 2136/2093/1474
f 2128/2091/1472 2148/2129/1506 2129/2094/1475
f 2122/2095/1476 2140/2127/1504 2141/2130/1507
f 1946/1655/873 2136/2093/1474 2155/2128/1505
f 2129/2094/1475 2149/2131/1508 2130/2096/1477
f 2122/2095/1476 2142/2132/1509 2123/2097/1478
f 2131/2099/1479 2149/2133/1508 2150/2114/1492
f 2139/2124/1501 2157/2134/1510 2158/2135/1511
f 2153/2122/1499 2173/2136/1512 2154/2125/1502
f 2146/2123/1500 2166/2137/1513 2147/2126/1503
f 2140/2127/1504 2158/2135/1511 2159/2138/1514
f 2154/2125/1502 2174/2139/1515 2155/2128/1505
f 2147/2126/1503 2167/2140/1516 2148/2129/1506
f 2141/2130/1507 2159/2138/1514 2160/2141/1517
f 1946/1655/873 2155/2128/1505 2174/2139/1515
f 2148/2129/1506 2168/2142/1518 2149/2131/1508
f 2141/2130/1507 2161/2143/1519 2142/2132/1509
f 2150/2114/1492 2168/2144/1518 2169/2145/1520
f 2142/2132/1509 2162/2146/1521 2143/2113/1491
f 2150/2114/1492 2170/2147/1522 2151/2115/1493
f 2144/2116/1494 2162/2146/1521 2163/2148/1523
f 2137/2117/1495 2194/1671/864 2156/2149/1524
f 2151/2115/1493 2171/2150/1525 2152/2118/1496
f 2144/2119/1494 2164/2151/1526 2145/2120/1497
f 2138/2121/1498 2156/2149/1524 2157/2134/1510
f 2152/2118/1496 2172/2152/1527 2153/2122/1499
f 2146/2123/1500 2164/2151/1526 2165/2153/1528
f 2169/2145/1520 2187/2154/1529 2188/2155/1530
f 2161/2143/1519 2181/2156/1531 2162/2146/1521
f 2170/2147/1522 2188/2155/1530 2189/2157/1532
f 2163/2148/1523 2181/2156/1531 2182/2158/1533
f 2156/2149/1524 2194/1671/864 2175/2159/1534
f 2170/2147/1522 2190/2160/1535 2171/2150/1525
f 2163/2161/1523 2183/2162/1536 2164/2151/1526
f 2157/2134/1510 2175/2159/1534 2176/2163/1537
f 2171/2150/1525 2191/2164/1538 2172/2152/1527
f 2165/2153/1528 2183/2162/1536 2184/2165/1539
f 2158/2135/1511 2176/2163/1537 2177/2166/1540
f 2172/2152/1527 2192/2167/1541 2173/2136/1512
f 2165/2153/1528 2185/2168/1542 2166/2137/1513
f 2159/2138/1514 2177/2166/1540 2178/2169/1543
f 2173/2136/1512 2193/2170/1544 2174/2139/1515
f 2167/2140/1516 2185/2168/1542 2186/2171/1545
f 2160/2141/1517 2178/2169/1543 2179/2172/1546
f 1946/1655/873 2174/2139/1515 2193/2170/1544
f 2167/2140/1516 2187/2173/1529 2168/2142/1518
f 2160/2141/1517 2180/2174/1547 2161/2143/1519
f 2184/2165/1539 2203/2175/1548 2204/2176/1549
f 2176/2163/1537 2197/2177/1550 2177/2166/1540
f 2191/2164/1538 2212/2178/1551 2192/2167/1541
f 2184/2165/1539 2205/2179/1552 2185/2168/1542
f 2178/2169/1543 2197/2177/1550 2198/2180/1553
f 2192/2167/1541 2213/2181/1554 2193/2170/1544
f 2186/2171/1545 2205/2179/1552 2206/2182/1555
f 2179/2172/1546 2198/2180/1553 2199/2183/1556
f 1946/1655/873 2193/2170/1544 2213/2181/1554
f 2186/2171/1545 2207/2184/1557 2187/2173/1529
f 2179/2172/1546 2200/2185/1558 2180/2174/1547
f 2187/2154/1529 2208/2186/1559 2188/2155/1530
f 2180/2174/1547 2201/2187/1560 2181/2156/1531
f 2189/2157/1532 2208/2186/1559 2209/2188/1561
f 2182/2158/1533 2201/2187/1560 2202/2189/1562
f 2175/2159/1534 2194/1671/864 2195/2190/1563
f 2189/2157/1532 2210/2191/1564 2190/2160/1535
f 2183/2162/1536 2202/2192/1562 2203/2175/1548
f 2176/2163/1537 2195/2190/1563 2196/2193/1565
f 2190/2160/1535 2211/2194/1566 2191/2164/1538
f 2199/2183/1556 2219/2195/1567 2200/2185/1558
f 2208/2186/1559 2226/2196/1568 2227/2197/1569
f 2200/2185/1558 2220/2198/1570 2201/2187/1560
f 2209/2188/1561 2227/2197/1569 2228/2199/1571
f 2202/2189/1562 2220/2198/1570 2221/2200/1572
f 2195/2190/1563 2194/1671/864 2214/2201/1573
f 2209/2188/1561 2229/2202/1574 2210/2191/1564
f 2202/2192/1562 2222/2203/1575 2203/2175/1548
f 2195/2190/1563 2215/2204/1576 2196/2193/1565
f 2211/2194/1566 2229/2202/1574 2230/2205/1577
f 2204/2176/1549 2222/2203/1575 2223/2206/1578
f 2196/2193/1565 2216/2207/1579 2197/2177/1550
f 2211/2194/1566 2231/2208/1580 2212/2178/1551
f 2204/2176/1549 2224/2209/1581 2205/2179/1552
f 2197/2177/1550 2217/2210/1582 2198/2180/1553
f 2212/2178/1551 2232/2211/1583 2213/2181/1554
f 2206/2182/1555 2224/2209/1581 2225/2212/1584
f 2199/2183/1556 2217/2210/1582 2218/2213/1585
f 1946/1655/873 2213/2181/1554 2232/2211/1583
f 2206/2182/1555 2226/2214/1568 2207/2184/1557
f 2215/2204/1576 2233/2215/1586 2234/2216/1587
f 2229/2202/1574 2249/2217/1588 2230/2205/1577
f 2223/2206/1578 2241/2218/1589 2242/2219/1590
f 2216/2207/1579 2234/2216/1587 2235/2220/1591
f 2230/2205/1577 2250/2221/1592 2231/2208/1580
f 2223/2206/1578 2243/2222/1593 2224/2209/1581
f 2216/2207/1579 2236/2223/1594 2217/2210/1582
f 2231/2208/1580 2251/2224/1595 2232/2211/1583
f 2225/2212/1584 2243/2222/1593 2244/2225/1596
f 2218/2213/1585 2236/2223/1594 2237/2226/1597
f 1946/1655/873 2232/2211/1583 2251/2224/1595
f 2225/2212/1584 2245/2227/1598 2226/2214/1568
f 2218/2213/1585 2238/2228/1599 2219/2195/1567
f 2227/2197/1569 2245/2229/1598 2246/2230/1600
f 2219/2195/1567 2239/2231/1601 2220/2198/1570
f 2228/2199/1571 2246/2230/1600 2247/2232/1602
f 2221/2200/1572 2239/2231/1601 2240/2233/1603
f 2214/2201/1573 2194/1671/864 2233/2215/1586
f 2228/2199/1571 2248/2234/1604 2229/2202/1574
f 2221/2235/1572 2241/2218/1589 2222/2203/1575
f 1946/1655/873 2251/2224/1595 2270/2236/1605
f 2244/2225/1596 2264/2237/1606 2245/2227/1598
f 2237/2226/1597 2257/2238/1607 2238/2228/1599
f 2245/2229/1598 2265/2239/1608 2246/2230/1600
f 2238/2228/1599 2258/2240/1609 2239/2231/1601
f 2247/2232/1602 2265/2239/1608 2266/2241/1610
f 2240/2233/1603 2258/2240/1609 2259/2242/1611
f 2233/2215/1586 2194/1671/864 2252/2243/1612
f 2247/2232/1602 2267/2244/1613 2248/2234/1604
f 2240/2233/1603 2260/2245/1614 2241/2246/1589
f 2233/2215/1586 2253/2247/1615 2234/2216/1587
f 2248/2234/1604 2268/2248/1616 2249/2217/1588
f 2241/2218/1589 2261/2249/1617 2242/2219/1590
f 2234/2216/1587 2254/2250/1618 2235/2220/1591
f 2249/2217/1588 2269/2251/1619 2250/2221/1592
f 2242/2219/1590 2262/2252/1620 2243/2222/1593
f 2235/2220/1591 2255/2253/1621 2236/2223/1594
f 2251/2224/1595 2269/2251/1619 2270/2236/1605
f 2243/2222/1593 2263/2254/1622 2244/2225/1596
f 2237/2226/1597 2255/2253/1621 2256/2255/1623
f 2267/2244/1613 2285/2256/1624 2286/2257/1625
f 2259/2242/1611 2279/2258/1626 2260/2245/1614
f 2252/2243/1612 2272/2259/1627 2253/2247/1615
f 2267/2244/1613 2287/2260/1628 2268/2248/1616
f 2260/2261/1614 2280/2262/1629 2261/2249/1617
f 2254/2250/1618 2272/2259/1627 2273/2263/1630
f 2268/2248/1616 2288/2264/1631 2269/2251/1619
f 2262/2252/1620 2280/2262/1629 2281/2265/1632
f 2255/2253/1621 2273/2263/1630 2274/2266/1633
f 2269/2251/1619 2289/2267/1634 2270/2236/1605
f 2263/2254/1622 2281/2265/1632 2282/2268/1635
f 2256/2255/1623 2274/2266/1633 2275/2269/1636
f 1946/1655/873 2270/2236/1605 2289/2267/1634
f 2263/2270/1622 2283/2271/1637 2264/2272/1606
f 2256/2255/1623 2276/2273/1638 2257/2238/1607
f 2265/2239/1608 2283/2271/1637 2284/2274/1639
f 2257/2238/1607 2277/2275/1640 2258/2240/1609
f 2265/2239/1608 2285/2256/1624 2266/2241/1610
f 2259/2242/1611 2277/2275/1640 2278/2276/1641
f 2252/2243/1612 2194/1671/864 2271/2277/1642
f 2281/2278/1632 2301/2279/1643 2282/2280/1635
f 2274/2266/1633 2294/2281/1644 2275/2269/1636
f 1946/1655/873 2289/2267/1634 2308/2282/1645
f 2282/2283/1635 2302/2284/1646 2283/2271/1637
f 2276/2273/1638 2294/2281/1644 2295/2285/1647
f 2284/2274/1639 2302/2284/1646 2303/2286/1648
f 2276/2273/1638 2296/2287/1649 2277/2275/1640
f 2284/2274/1639 2304/2288/1650 2285/2256/1624
f 2278/2276/1641 2296/2287/1649 2297/2289/1651
f 2271/2277/1642 2194/1671/864 2290/2290/1652
f 2286/2257/1625 2304/2288/1650 2305/2291/1653
f 2279/2258/1626 2297/2289/1651 2298/2292/1654
f 2272/2259/1627 2290/2290/1652 2291/2293/1655
f 2286/2257/1625 2306/2294/1656 2287/2260/1628
f 2279/2295/1626 2299/2296/1657 2280/2297/1629
f 2272/2259/1627 2292/2298/1658 2273/2263/1630
f 2287/2260/1628 2307/2299/1659 2288/2264/1631
f 2281/2278/1632 2299/2296/1657 2300/2300/1660
f 2274/2266/1633 2292/2298/1658 2293/2301/1661
f 2288/2264/1631 2308/2282/1645 2289/2267/1634
f 2297/2289/1651 2315/2302/1662 2316/2303/1663
f 2290/2290/1652 2194/1671/864 2309/2304/1664
f 2305/2291/1653 2323/2305/1665 2324/2306/1666
f 2297/2289/1651 2317/2307/1667 2298/2292/1654
f 2290/2290/1652 2310/2308/1668 2291/2293/1655
f 2305/2291/1653 2325/2309/1669 2306/2294/1656
f 2298/2310/1654 2318/2311/1670 2299/2296/1657
f 2291/2293/1655 2311/2312/1671 2292/2298/1658
f 2307/2299/1659 2325/2309/1669 2326/2313/1672
f 2300/2300/1660 2318/2311/1670 2319/2314/1673
f 2293/2301/1661 2311/2312/1671 2312/2315/1674
f 2307/2299/1659 2327/2316/1675 2308/2282/1645
f 2301/2279/1643 2319/2314/1673 2320/2317/1676
f 2293/2301/1661 2313/2318/1677 2294/2281/1644
f 1946/1655/873 2308/2282/1645 2327/2316/1675
f 2301/2279/1643 2321/2319/1678 2302/2320/1646
f 2295/2285/1647 2313/2318/1677 2314/2321/1679
f 2303/2286/1648 2321/2322/1678 2322/2323/1680
f 2295/2285/1647 2315/2302/1662 2296/2287/1649
f 2303/2286/1648 2323/2305/1665 2304/2288/1650
f 2311/2312/1671 2331/2324/1681 2312/2315/1674
f 2326/2313/1672 2346/2325/1682 2327/2316/1675
f 2320/2317/1676 2338/2326/1683 2339/2327/1684
f 2312/2315/1674 2332/2328/1685 2313/2318/1677
f 1946/1655/873 2327/2316/1675 2346/2325/1682
f 2320/2317/1676 2340/2329/1686 2321/2319/1678
f 2314/2321/1679 2332/2328/1685 2333/2330/1687
f 2322/2323/1680 2340/2331/1686 2341/2332/1688
f 2314/2321/1679 2334/2333/1689 2315/2302/1662
f 2322/2323/1680 2342/2334/1690 2323/2305/1665
f 2316/2303/1663 2334/2333/1689 2335/2335/1691
f 2309/2304/1664 2194/1671/864 2328/2336/1692
f 2324/2306/1666 2342/2334/1690 2343/2337/1693
f 2316/2338/1663 2336/2339/1694 2317/2340/1667
f 2309/2304/1664 2329/2341/1695 2310/2308/1668
f 2324/2306/1666 2344/2342/1696 2325/2309/1669
f 2318/2311/1670 2336/2339/1694 2337/2343/1697
f 2310/2308/1668 2330/2344/1698 2311/2312/1671
f 2326/2313/1672 2344/2342/1696 2345/2345/1699
f 2318/2311/1670 2338/2326/1683 2319/2314/1673
f 2341/2332/1688 2361/2346/1700 2342/2334/1690
f 2335/2335/1691 2353/2347/1701 2354/2348/1702
f 2328/2336/1692 2194/1671/864 2347/2349/1703
f 2342/2334/1690 2362/2350/1704 2343/2337/1693
f 2335/2351/1691 2355/2352/1705 2336/2339/1694
f 2328/2336/1692 2348/2353/1706 2329/2341/1695
f 2343/2337/1693 2363/2354/1707 2344/2342/1696
f 2336/2339/1694 2356/2355/1708 2337/2343/1697
f 2329/2341/1695 2349/2356/1709 2330/2344/1698
f 2344/2342/1696 2364/2357/1710 2345/2345/1699
f 2338/2326/1683 2356/2355/1708 2357/2358/1711
f 2331/2324/1681 2349/2356/1709 2350/2359/1712
f 2346/2325/1682 2364/2357/1710 2365/2360/1713
f 2339/2327/1684 2357/2358/1711 2358/2361/1714
f 2331/2324/1681 2351/2362/1715 2332/2328/1685
f 1946/1655/873 2346/2325/1682 2365/2360/1713
f 2339/2327/1684 2359/2363/1716 2340/2329/1686
f 2333/2330/1687 2351/2362/1715 2352/2364/1717
f 2341/2332/1688 2359/2365/1716 2360/2366/1718
f 2333/2330/1687 2353/2347/1701 2334/2333/1689
f 2357/2358/1711 2375/2367/1719 2376/2368/1720
f 2349/2356/1709 2369/2369/1721 2350/2359/1712
f 2364/2357/1710 2384/2370/1722 2365/2360/1713
f 2358/2361/1714 2376/2368/1720 2377/2371/1723
f 2351/2362/1715 2369/2369/1721 2370/2372/1724
f 1946/1655/873 2365/2360/1713 2384/2370/1722
f 2358/2361/1714 2378/2373/1725 2359/2363/1716
f 2351/2362/1715 2371/2374/1726 2352/2364/1717
f 2360/2366/1718 2378/2375/1725 2379/2376/1727
f 2352/2364/1717 2372/2377/1728 2353/2347/1701
f 2360/2366/1718 2380/2378/1729 2361/2346/1700
f 2354/2348/1702 2372/2377/1728 2373/2379/1730
f 2347/2349/1703 2194/1671/864 2366/2380/1731
f 2361/2346/1700 2381/2381/1732 2362/2350/1704
f 2354/2382/1702 2374/2383/1733 2355/2352/1705
f 2347/2349/1703 2367/2384/1734 2348/2353/1706
f 2362/2350/1704 2382/2385/1735 2363/2354/1707
f 2355/2352/1705 2375/2367/1719 2356/2355/1708
f 2348/2353/1706 2368/2386/1736 2349/2356/1709
f 2364/2357/1710 2382/2385/1735 2383/2387/1737
f 2371/2374/1726 2391/2388/1738 2372/2377/1728
f 2379/2376/1727 2399/2389/1739 2380/2378/1729
f 2373/2379/1730 2391/2388/1738 2392/2390/1740
f 2366/2380/1731 2194/1671/864 2385/2391/1741
f 2380/2378/1729 2400/2392/1742 2381/2381/1732
f 2373/2393/1730 2393/2394/1743 2374/2383/1733
f 2367/2384/1734 2385/2391/1741 2386/2395/1744
f 2381/2381/1732 2401/2396/1745 2382/2385/1735
f 2375/2367/1719 2393/2394/1743 2394/2397/1746
f 2367/2384/1734 2387/2398/1747 2368/2386/1736
f 2382/2385/1735 2402/2399/1748 2383/2387/1737
f 2375/2367/1719 2395/2400/1749 2376/2368/1720
f 2368/2386/1736 2388/2401/1750 2369/2369/1721
f 2384/2370/1722 2402/2399/1748 2403/2402/1751
f 2377/2371/1723 2395/2400/1749 2396/2403/1752
f 2370/2372/1724 2388/2401/1750 2389/2404/1753
f 1946/1655/873 2384/2370/1722 2403/2402/1751
f 2377/2371/1723 2397/2405/1754 2378/2373/1725
f 2371/2374/1726 2389/2404/1753 2390/2406/1755
f 2379/2376/1727 2397/2407/1754 2398/2408/1756
f 2387/2398/1747 2405/2409/1757 2406/2410/1758
f 2401/2396/1745 2421/2411/1759 2402/2399/1748
f 2394/2397/1746 2414/2412/1760 2395/2400/1749
f 2387/2398/1747 2407/2413/1761 2388/2401/1750
f 2402/2399/1748 2422/2414/1762 2403/2402/1751
f 2396/2403/1752 2414/2412/1760 2415/2415/1763
f 2388/2401/1750 2408/2416/1764 2389/2404/1753
f 1946/1655/873 2403/2402/1751 2422/2414/1762
f 2396/2403/1752 2416/2417/1765 2397/2405/1754
f 2390/2406/1755 2408/2416/1764 2409/2418/1766
f 2398/2408/1756 2416/2419/1765 2417/2420/1767
f 2390/2406/1755 2410/2421/1768 2391/2388/1738
f 2398/2408/1756 2418/2422/1769 2399/2389/1739
f 2392/2390/1740 2410/2421/1768 2411/2423/1770
f 2385/2391/1741 2194/1671/864 2404/2424/1771
f 2400/2392/1742 2418/2422/1769 2419/2425/1772
f 2392/2426/1740 2412/2427/1773 2393/2394/1743
f 2386/2395/1744 2404/2424/1771 2405/2409/1757
f 2401/2396/1745 2419/2425/1772 2420/2428/1774
f 2394/2397/1746 2412/2427/1773 2413/2429/1775
f 2417/2420/1767 2435/2430/1776 2436/2431/1777
f 2409/2418/1766 2429/2432/1778 2410/2421/1768
f 2417/2420/1767 2437/2433/1779 2418/2422/1769
f 2411/2423/1770 2429/2432/1778 2430/2434/1780
f 2404/2424/1771 2194/1671/864 2423/2435/1781
f 2418/2422/1769 2438/2436/1782 2419/2425/1772
f 2411/2437/1770 2431/2438/1783 2412/2427/1773
f 2404/2424/1771 2424/2439/1784 2405/2409/1757
f 2419/2425/1772 2439/2440/1785 2420/2428/1774
f 2412/2427/1773 2432/2441/1786 2413/2429/1775
f 2405/2409/1757 2425/2442/1787 2406/2410/1758
f 2420/2428/1774 2440/2443/1788 2421/2411/1759
f 2413/2429/1775 2433/2444/1789 2414/2412/1760
f 2407/2413/1761 2425/2442/1787 2426/2445/1790
f 2421/2411/1759 2441/2446/1791 2422/2414/1762
f 2414/2412/1760 2434/2447/1792 2415/2415/1763
f 2408/2416/1764 2426/2445/1790 2427/2448/1793
f 1946/1655/873 2422/2414/1762 2441/2446/1791
f 2415/2415/1763 2435/2449/1776 2416/2417/1765
f 2409/2418/1766 2427/2448/1793 2428/2450/1794
f 2438/2436/1782 2458/2451/1795 2439/2440/1785
f 2432/2441/1786 2450/2452/1796 2451/2453/1797
f 2424/2439/1784 2444/2454/1798 2425/2442/1787
f 2439/2440/1785 2459/2455/1799 2440/2443/1788
f 2432/2441/1786 2452/2456/1800 2433/2444/1789
f 2425/2442/1787 2445/2457/1801 2426/2445/1790
f 2440/2443/1788 2460/2458/1802 2441/2446/1791
f 2434/2447/1792 2452/2456/1800 2453/2459/1803
f 2426/2445/1790 2446/2460/1804 2427/2448/1793
f 1946/1655/873 2441/2446/1791 2460/2458/1802
f 2434/2461/1792 2454/2462/1805 2435/2430/1776
f 2428/2450/1794 2446/2460/1804 2447/2463/1806
f 2436/2431/1777 2454/2462/1805 2455/2464/1807
f 2428/2450/1794 2448/2465/1808 2429/2432/1778
f 2436/2431/1777 2456/2466/1809 2437/2433/1779
f 2430/2434/1780 2448/2465/1808 2449/2467/1810
f 2423/2435/1781 2194/1671/864 2442/2468/1811
f 2437/2433/1779 2457/2469/1812 2438/2436/1782
f 2430/2470/1780 2450/2452/1796 2431/2438/1783
f 2424/2439/1784 2442/2468/1811 2443/2471/1813
f 2453/2472/1803 2473/2473/1814 2454/2462/1805
f 2447/2463/1806 2465/2474/1815 2466/2475/1816
f 2455/2464/1807 2473/2473/1814 2474/2476/1817
f 2447/2463/1806 2467/2477/1818 2448/2465/1808
f 2455/2464/1807 2475/2478/1819 2456/2466/1809
f 2449/2467/1810 2467/2477/1818 2468/2479/1820
f 2442/2468/1811 2194/1671/864 2461/2480/1821
f 2456/2466/1809 2476/2481/1822 2457/2469/1812
f 2449/2482/1810 2469/2483/1823 2450/2452/1796
f 2442/2468/1811 2462/2484/1824 2443/2471/1813
f 2458/2451/1795 2476/2481/1822 2477/2485/1825
f 2451/2453/1797 2469/2483/1823 2470/2486/1826
f 2443/2471/1813 2463/2487/1827 2444/2454/1798
f 2458/2451/1795 2478/2488/1828 2459/2455/1799
f 2451/2453/1797 2471/2489/1829 2452/2456/1800
f 2444/2454/1798 2464/2490/1830 2445/2457/1801
f 2459/2455/1799 2479/2491/1831 2460/2458/1802
f 2453/2459/1803 2471/2489/1829 2472/2492/1832
f 2445/2457/1801 2465/2474/1815 2446/2460/1804
f 1946/1655/873 2460/2458/1802 2479/2491/1831
f 2468/2479/1820 2488/2493/1833 2469/2494/1823
f 2462/2484/1824 2480/2495/1834 2481/2496/1835
f 2476/2481/1822 2496/2497/1836 2477/2485/1825
f 2470/2486/1826 2488/2498/1833 2489/2499/1837
f 2462/2484/1824 2482/2500/1838 2463/2487/1827
f 2478/2488/1828 2496/2497/1836 2497/2501/1839
f 2470/2486/1826 2490/2502/1840 2471/2489/1829
f 2464/2490/1830 2482/2500/1838 2483/2503/1841
f 2478/2488/1828 2498/2504/1842 2479/2491/1831
f 2472/2492/1832 2490/2502/1840 2491/2505/1843
f 2464/2490/1830 2484/2506/1844 2465/2474/1815
f 1946/1655/873 2479/2491/1831 2498/2504/1842
f 2472/2507/1832 2492/2508/1845 2473/2473/1814
f 2465/2474/1815 2485/2509/1846 2466/2475/1816
f 2474/2476/1817 2492/2508/1845 2493/2510/1847
f 2466/2475/1816 2486/2511/1848 2467/2477/1818
f 2474/2476/1817 2494/2512/1849 2475/2478/1819
f 2468/2479/1820 2486/2511/1848 2487/2513/1850
f 2461/2480/1821 2194/1671/864 2480/2495/1834
f 2475/2478/1819 2495/2514/1851 2476/2481/1822
f 2483/2503/1841 2503/2515/1852 2484/2506/1844
f 2491/2516/1843 2511/2517/1853 2492/2508/1845
f 2485/2509/1846 2503/2515/1852 2504/2518/1854
f 2493/2510/1847 2511/2517/1853 2512/2519/1855
f 2485/2509/1846 2505/2520/1856 2486/2511/1848
f 2493/2510/1847 2513/2521/1857 2494/2512/1849
f 2487/2513/1850 2505/2520/1856 2506/2522/1858
f 2480/2495/1834 2194/1671/864 2499/2523/1859
f 2495/2514/1851 2513/2521/1857 2514/2524/1860
f 2487/2525/1850 2507/2526/1861 2488/2527/1833
f 1946/1655/873 2498/2504/1842 2517/2528/1862
f 2480/2495/1834 2500/2529/1863 2481/2496/1835
f 2496/2497/1836 2514/2524/1860 2515/2530/1864
f 2489/2531/1837 2507/2526/1861 2508/2532/1865
f 2481/2496/1835 2501/2533/1866 2482/2500/1838
f 2496/2497/1836 2516/2534/1867 2497/2501/1839
f 2489/2499/1837 2509/2535/1868 2490/2502/1840
f 2482/2500/1838 2502/2536/1869 2483/2503/1841
f 2497/2501/1839 2517/2528/1862 2498/2504/1842
f 2491/2505/1843 2509/2535/1868 2510/2537/1870
f 2516/2534/1867 2536/2538/1871 2517/2528/1862
f 2510/2537/1870 2528/2539/1872 2529/2540/1873
f 2502/2536/1869 2522/2541/1874 2503/2515/1852
f 1946/1655/873 2517/2528/1862 2536/2538/1871
f 2510/2542/1870 2530/2543/1875 2511/2517/1853
f 2504/2518/1854 2522/2541/1874 2523/2544/1876
f 2512/2519/1855 2530/2543/1875 2531/2545/1877
f 2504/2518/1854 2524/2546/1878 2505/2520/1856
f 2512/2519/1855 2532/2547/1879 2513/2521/1857
f 2506/2522/1858 2524/2546/1878 2525/2548/1880
f 2499/2523/1859 2194/1671/864 2518/2549/1881
f 2514/2524/1860 2532/2547/1879 2533/2550/1882
f 2506/2551/1858 2526/2552/1883 2507/2526/1861
f 2500/2529/1863 2518/2549/1881 2519/2553/1884
f 2514/2524/1860 2534/2554/1885 2515/2530/1864
f 2508/2532/1865 2526/2552/1883 2527/2555/1886
f 2501/2533/1866 2519/2553/1884 2520/2556/1887
f 2515/2530/1864 2535/2557/1888 2516/2534/1867
f 2508/2558/1865 2528/2539/1872 2509/2535/1868
f 2502/2536/1869 2520/2556/1887 2521/2559/1889
f 2532/2547/1879 2550/2560/1890 2551/2561/1891
f 2525/2548/1880 2543/2562/1892 2544/2563/1893
f 2518/2549/1881 2194/1671/864 2537/2564/1894
f 2532/2547/1879 2552/2565/1895 2533/2550/1882
f 2525/2566/1880 2545/2567/1896 2526/2552/1883
f 2518/2549/1881 2538/2568/1897 2519/2553/1884
f 2533/2550/1882 2553/2569/1898 2534/2554/1885
f 2527/2555/1886 2545/2567/1896 2546/2570/1899
f 2519/2553/1884 2539/2571/1900 2520/2556/1887
f 2535/2557/1888 2553/2569/1898 2554/2572/1901
f 2527/2555/1886 2547/2573/1902 2528/2574/1872
f 2521/2559/1889 2539/2571/1900 2540/2575/1903
f 2536/2538/1871 2554/2572/1901 2555/2576/1904
f 2529/2577/1873 2547/2578/1902 2548/2579/1905
f 2521/2559/1889 2541/2580/1906 2522/2541/1874
f 1946/1655/873 2536/2538/1871 2555/2576/1904
f 2529/2577/1873 2549/2581/1907 2530/2543/1875
f 2522/2541/1874 2542/2582/1908 2523/2544/1876
f 2531/2545/1877 2549/2581/1907 2550/2560/1890
f 2523/2544/1876 2543/2562/1892 2524/2546/1878
f 2546/2570/1899 2566/2583/1909 2547/2573/1902
f 2540/2575/1903 2558/2584/1910 2559/2585/1911
f 2554/2572/1901 2574/2586/1912 2555/2576/1904
f 2548/2579/1905 2566/2587/1909 2567/2588/1913
f 2540/2575/1903 2560/2589/1914 2541/2580/1906
f 1946/1655/873 2555/2576/1904 2574/2586/1912
f 2548/2579/1905 2568/2590/1915 2549/2581/1907
f 2541/2580/1906 2561/2591/1916 2542/2582/1908
f 2550/2560/1890 2568/2590/1915 2569/2592/1917
f 2542/2582/1908 2562/2593/1918 2543/2562/1892
f 2550/2560/1890 2570/2594/1919 2551/2561/1891
f 2544/2563/1893 2562/2593/1918 2563/2595/1920
f 2537/2564/1894 2194/1671/864 2556/2596/1921
f 2551/2561/1891 2571/2597/1922 2552/2565/1895
f 2544/2598/1893 2564/2599/1923 2545/2567/1896
f 2537/2564/1894 2557/2600/1924 2538/2568/1897
f 2552/2565/1895 2572/2601/1925 2553/2569/1898
f 2546/2570/1899 2564/2599/1923 2565/2602/1926
f 2538/2568/1897 2558/2584/1910 2539/2571/1900
f 2553/2569/1898 2573/2603/1927 2554/2572/1901
f 2561/2591/1916 2581/2604/1928 2562/2593/1918
f 2569/2592/1917 2589/2605/1929 2570/2594/1919
f 2563/2606/1920 2581/2607/1928 2582/2608/1930
f 2556/2596/1921 2194/1671/864 2575/2609/1931
f 2571/2597/1922 2589/2605/1929 2590/2610/1932
f 2563/2606/1920 2583/2611/1933 2564/2599/1923
f 2556/2596/1921 2576/2612/1934 2557/2600/1924
f 2571/2597/1922 2591/2613/1935 2572/2601/1925
f 2565/2602/1926 2583/2611/1933 2584/2614/1936
f 2557/2600/1924 2577/2615/1937 2558/2584/1910
f 2573/2603/1927 2591/2613/1935 2592/2616/1938
f 2565/2602/1926 2585/2617/1939 2566/2583/1909
f 2559/2585/1911 2577/2615/1937 2578/2618/1940
f 2573/2603/1927 2593/2619/1941 2574/2586/1912
f 2567/2588/1913 2585/2620/1939 2586/2621/1942
f 2559/2585/1911 2579/2622/1943 2560/2589/1914
f 1946/1655/873 2574/2586/1912 2593/2619/1941
f 2567/2588/1913 2587/2623/1944 2568/2590/1915
f 2560/2589/1914 2580/2624/1945 2561/2591/1916
f 2569/2592/1917 2587/2623/1944 2588/2625/1946
f 2576/2612/1934 2596/2626/1947 2577/2615/1937
f 2591/2613/1935 2611/2627/1948 2592/2616/1938
f 2584/2614/1936 2604/2628/1949 2585/2617/1939
f 2578/2618/1940 2596/2626/1947 2597/2629/1950
f 2592/2616/1938 2612/2630/1951 2593/2619/1941
f 2586/2621/1942 2604/2631/1949 2605/2632/1952
f 2578/2618/1940 2598/2633/1953 2579/2622/1943
f 1946/1655/873 2593/2619/1941 2612/2630/1951
f 2586/2621/1942 2606/2634/1954 2587/2623/1944
f 2579/2622/1943 2599/2635/1955 2580/2624/1945
f 2588/2625/1946 2606/2634/1954 2607/2636/1956
f 2580/2624/1945 2600/2637/1957 2581/2604/1928
f 2589/2605/1929 2607/2636/1956 2608/2638/1958
f 2582/2608/1930 2600/2639/1957 2601/2640/1959
f 2575/2609/1931 2194/1671/864 2594/2641/1960
f 2590/2610/1932 2608/2638/1958 2609/2642/1961
f 2582/2608/1930 2602/2643/1962 2583/2611/1933
f 2575/2609/1931 2595/2644/1963 2576/2612/1934
f 2590/2610/1932 2610/2645/1964 2591/2613/1935
f 2584/2614/1936 2602/2643/1962 2603/2646/1965
f 2607/2636/1956 2625/2647/1966 2626/2648/1967
f 2599/2635/1955 2619/2649/1968 2600/2637/1957
f 2607/2636/1956 2627/2650/1969 2608/2638/1958
f 2601/2640/1959 2619/2651/1968 2620/2652/1970
f 2594/2641/1960 2194/1671/864 2613/2653/1971
f 2609/2642/1961 2627/2650/1969 2628/2654/1972
f 2601/2640/1959 2621/2655/1973 2602/2643/1962
f 2594/2641/1960 2614/2656/1974 2595/2644/1963
f 2609/2642/1961 2629/2657/1975 2610/2645/1964
f 2603/2646/1965 2621/2655/1973 2622/2658/1976
f 2595/2644/1963 2615/2659/1977 2596/2626/1947
f 2611/2627/1948 2629/2657/1975 2630/2660/1978
f 2603/2646/1965 2623/2661/1979 2604/2628/1949
f 2597/2629/1950 2615/2659/1977 2616/2662/1980
f 2611/2627/1948 2631/2663/1981 2612/2630/1951
f 2605/2664/1952 2623/2661/1979 2624/2665/1982
f 2597/2629/1950 2617/2666/1983 2598/2633/1953
f 1946/1655/873 2612/2630/1951 2631/2663/1981
f 2605/2632/1952 2625/2647/1966 2606/2634/1954
f 2598/2633/1953 2618/2667/1984 2599/2635/1955
f 2622/2658/1976 1731/1675/1102 2638/1681/1108
f 2615/2659/1977 2633/1678/1105 2634/1645/1076
f 2630/2660/1978 2642/1679/1106 1735/1648/1079
f 2622/2658/1976 2639/1642/1073 2623/2661/1979
f 2615/2659/1977 1729/1647/1078 2616/2662/1980
f 2631/2663/1981 1735/1648/1079 1736/1650/1081
f 2624/2665/1982 2639/1642/1073 1732/1651/1082
f 2616/2662/1980 2635/1654/1085 2617/2666/1983
f 1946/1655/873 2631/2663/1981 1736/1650/1081
f 2625/2647/1966 1732/2668/1082 2640/1656/1086
f 2618/2667/1984 2635/1654/1085 2636/1660/1089
f 2626/2648/1967 2640/1656/1086 2641/1661/1090
f 2618/2667/1984 2637/1664/1093 2619/2649/1968
f 2627/2650/1969 2641/1661/1090 1733/1665/1094
f 2619/2651/1968 1730/1669/1097 2620/2652/1970
f 2613/2653/1971 2194/1671/864 2632/1670/1098
f 2628/2654/1972 1733/1665/1094 1734/1674/1101
f 2620/2652/1970 1731/1675/1102 2621/2655/1973
f 2614/2656/1974 2632/1670/1098 2633/1678/1105
f 2629/2657/1975 1734/1674/1101 2642/1679/1106
f 956/799/408 959/1243/852 581/800/409
f 590/802/411 593/924/533 599/803/412
f 599/803/412 605/806/415 602/805/414
f 605/806/415 611/808/417 608/807/416
f 611/808/417 617/810/419 614/809/418
f 617/810/419 623/812/421 620/811/420
f 623/812/421 629/954/563 626/813/422
f 626/813/422 629/954/563 635/814/423
f 635/814/423 641/817/426 638/816/425
f 641/817/426 647/819/428 644/818/427
f 647/819/428 653/975/584 650/820/429
f 650/820/429 653/975/584 659/821/430
f 659/821/430 665/824/433 662/823/432
f 665/824/433 671/993/602 668/825/434
f 668/825/434 671/993/602 677/826/435
f 677/826/435 683/829/438 680/828/437
f 683/829/438 689/1007/616 686/830/439
f 686/830/439 689/1007/616 695/831/440
f 695/831/440 701/834/443 698/833/442
f 701/834/443 707/836/445 704/835/444
f 707/836/445 713/838/447 710/837/446
f 713/838/447 719/840/449 716/839/448
f 719/840/449 725/1037/646 722/841/450
f 722/841/450 725/1037/646 731/842/451
f 731/842/451 737/845/454 734/844/453
f 737/845/454 743/847/456 740/846/455
f 743/847/456 749/1058/667 746/848/457
f 746/848/457 749/1058/667 755/849/458
f 755/849/458 761/852/461 758/851/460
f 761/852/461 767/1076/685 764/853/462
f 764/853/462 767/1076/685 773/854/463
f 773/854/463 779/857/466 776/856/465
f 779/857/466 785/1090/699 782/858/467
f 782/858/467 785/1090/699 791/859/468
f 791/859/468 797/862/471 794/861/470
f 797/862/471 803/864/473 800/863/472
f 803/864/473 809/866/475 806/865/474
f 809/866/475 815/868/477 812/867/476
f 815/868/477 821/1120/729 818/869/478
f 818/869/478 821/1120/729 827/870/479
f 827/870/479 833/873/482 830/872/481
f 833/873/482 839/875/484 836/874/483
f 839/875/484 845/1141/750 842/876/485
f 842/876/485 845/1141/750 851/877/486
f 851/877/486 857/880/489 854/879/488
f 857/880/489 863/1159/768 860/881/490
f 860/881/490 863/1159/768 869/882/491
f 869/882/491 875/885/494 872/884/493
f 875/885/494 881/1173/782 878/886/495
f 878/886/495 881/1173/782 887/887/496
f 887/887/496 893/890/499 890/889/498
f 893/890/499 899/892/501 896/891/500
f 899/892/501 905/894/503 902/893/502
f 905/894/503 911/896/505 908/895/504
f 911/896/505 917/1204/813 914/897/506
f 914/897/506 917/1204/813 923/898/507
f 923/898/507 929/901/510 926/900/509
f 929/901/510 935/903/512 932/902/511
f 935/903/512 941/1225/834 938/904/513
f 938/904/513 941/1225/834 947/905/514
f 947/905/514 953/908/517 950/907/516
f 953/908/517 959/1243/852 956/799/408
f 587/909/518 593/924/533 590/802/411
f 592/913/522 586/921/530 580/1246/855
f 580/1246/855 958/1244/853 952/1238/847
f 952/1238/847 946/1232/841 940/1227/836
f 940/1227/836 934/1221/830 928/1216/825
f 928/1216/825 922/1211/820 916/1206/815
f 916/1206/815 910/1200/809 904/1196/805
f 904/1196/805 898/1190/799 892/1186/795
f 892/1186/795 886/1180/789 880/1175/784
f 880/1175/784 874/1170/779 868/1164/773
f 868/1164/773 862/1160/769 856/1154/763
f 856/1154/763 850/1148/757 844/1143/752
f 844/1143/752 838/1137/746 832/1132/741
f 832/1132/741 826/1127/736 820/1122/731
f 820/1122/731 814/1116/725 808/1112/721
f 808/1112/721 802/1106/715 796/1102/711
f 796/1102/711 790/1096/705 784/911/520
f 784/911/520 778/1087/696 772/1081/690
f 772/1081/690 766/1077/686 760/1071/680
f 760/1071/680 754/1065/674 748/1060/669
f 748/1060/669 742/1054/663 736/1049/658
f 736/1049/658 730/1044/653 724/1039/648
f 724/1039/648 718/1033/642 712/1029/638
f 712/1029/638 706/1023/632 700/1019/628
f 700/1019/628 694/1013/622 688/912/521
f 688/912/521 682/1004/613 676/998/607
f 676/998/607 670/994/603 664/988/597
f 664/988/597 658/982/591 652/977/586
f 652/977/586 646/971/580 640/966/575
f 640/966/575 634/961/570 628/956/565
f 628/956/565 622/950/559 616/946/555
f 616/946/555 610/940/549 604/936/545
f 604/936/545 598/930/539 592/913/522
f 592/913/522 580/1246/855 952/1238/847
f 952/1238/847 940/1227/836 928/1216/825
f 928/1216/825 916/1206/815 904/1196/805
f 904/1196/805 892/1186/795 880/1175/784
f 880/1175/784 868/1164/773 856/1154/763
f 856/1154/763 844/1143/752 832/1132/741
f 832/1132/741 820/1122/731 808/1112/721
f 808/1112/721 796/1102/711 784/911/520
f 784/911/520 772/1081/690 760/1071/680
f 760/1071/680 748/1060/669 736/1049/658
f 736/1049/658 724/1039/648 712/1029/638
f 712/1029/638 700/1019/628 688/912/521
f 688/912/521 676/998/607 664/988/597
f 664/988/597 652/977/586 640/966/575
f 640/966/575 628/956/565 616/946/555
f 616/946/555 604/936/545 592/913/522
f 592/913/522 952/1238/847 928/1216/825
f 928/1216/825 904/1196/805 880/1175/784
f 880/1175/784 856/1154/763 832/1132/741
f 832/1132/741 808/1112/721 784/911/520
f 784/911/520 760/1071/680 736/1049/658
f 736/1049/658 712/1029/638 688/912/521
f 688/912/521 664/988/597 640/966/575
f 640/966/575 616/946/555 592/913/522
f 592/913/522 928/1216/825 880/1175/784
f 880/1175/784 832/1132/741 784/911/520
f 784/911/520 736/1049/658 688/912/521
f 688/912/521 640/966/575 592/913/522
f 592/913/522 880/1175/784 784/911/520
f 581/800/409 587/909/518 584/910/519
f 578/801/410 584/910/519 585/914/523
f 579/916/525 585/923/532 583/917/526
f 581/800/409 582/920/529 588/919/528
f 582/920/529 580/1246/855 586/921/530
f 590/802/411 591/926/535 585/914/523
f 591/922/531 589/928/537 583/917/526
f 593/924/533 587/909/518 588/919/528
f 594/925/534 588/919/528 586/921/530
f 596/804/413 597/932/541 591/926/535
f 597/927/536 595/934/543 589/928/537
f 599/803/412 593/924/533 594/925/534
f 600/929/538 594/925/534 592/913/522
f 596/804/413 602/805/414 603/931/540
f 597/927/536 603/937/546 601/933/542
f 605/806/415 599/803/412 600/929/538
f 606/935/544 600/929/538 598/930/539
f 608/807/416 609/942/551 603/931/540
f 603/937/546 609/943/552 607/938/547
f 605/806/415 606/935/544 612/939/548
f 606/935/544 604/936/545 610/940/549
f 608/807/416 614/809/418 615/941/550
f 609/943/552 615/948/557 613/944/553
f 617/810/419 611/808/417 612/939/548
f 612/939/548 610/940/549 616/946/555
f 620/811/420 621/951/560 615/941/550
f 621/947/556 619/953/562 613/944/553
f 623/812/421 617/810/419 618/945/554
f 624/949/558 618/945/554 616/946/555
f 626/813/422 627/957/566 621/951/560
f 621/947/556 627/959/568 625/952/561
f 629/954/563 623/812/421 624/949/558
f 630/955/564 624/949/558 622/950/559
f 632/815/424 633/962/571 627/957/566
f 633/958/567 631/964/573 625/952/561
f 629/954/563 630/955/564 636/960/569
f 630/955/564 628/956/565 634/961/570
f 638/816/425 639/967/576 633/962/571
f 633/958/567 639/969/578 637/963/572
f 635/814/423 636/960/569 642/965/574
f 636/960/569 634/961/570 640/966/575
f 644/818/427 645/972/581 639/967/576
f 645/968/577 643/974/583 637/963/572
f 641/817/426 642/965/574 648/970/579
f 648/970/579 642/965/574 640/966/575
f 650/820/429 651/978/587 645/972/581
f 651/973/582 649/980/589 643/974/583
f 653/975/584 647/819/428 648/970/579
f 654/976/585 648/970/579 646/971/580
f 656/822/431 657/984/593 651/978/587
f 657/979/588 655/986/595 649/980/589
f 653/975/584 654/976/585 660/981/590
f 654/976/585 652/977/586 658/982/591
f 656/822/431 662/823/432 663/983/592
f 657/979/588 663/991/600 661/985/594
f 659/821/430 660/981/590 666/987/596
f 660/981/590 658/982/591 664/988/597
f 662/823/432 668/825/434 669/989/598
f 669/990/599 667/996/605 661/985/594
f 665/824/433 666/987/596 672/992/601
f 666/987/596 664/988/597 670/994/603
f 674/827/436 675/1000/609 669/989/598
f 675/995/604 673/1002/611 667/996/605
f 677/826/435 671/993/602 672/992/601
f 678/997/606 672/992/601 670/994/603
f 674/827/436 680/828/437 681/999/608
f 675/995/604 681/1006/615 679/1001/610
f 677/826/435 678/997/606 684/1003/612
f 678/997/606 676/998/607 682/1004/613
f 686/830/439 687/1009/618 681/999/608
f 687/1005/614 685/1011/620 679/1001/610
f 689/1007/616 683/829/438 684/1003/612
f 690/1008/617 684/1003/612 682/1004/613
f 692/832/441 693/1015/624 687/1009/618
f 693/1010/619 691/1017/626 685/1011/620
f 695/831/440 689/1007/616 690/1008/617
f 696/1012/621 690/1008/617 688/912/521
f 692/832/441 698/833/442 699/1014/623
f 693/1010/619 699/1020/629 697/1016/625
f 701/834/443 695/831/440 696/1012/621
f 702/1018/627 696/1012/621 694/1013/622
f 704/835/444 705/1025/634 699/1014/623
f 699/1020/629 705/1026/635 703/1021/630
f 701/834/443 702/1018/627 708/1022/631
f 702/1018/627 700/1019/628 706/1023/632
f 704/835/444 710/837/446 711/1024/633
f 705/1026/635 711/1031/640 709/1027/636
f 713/838/447 707/836/445 708/1022/631
f 708/1022/631 706/1023/632 712/1029/638
f 716/839/448 717/1034/643 711/1024/633
f 717/1030/639 715/1036/645 709/1027/636
f 719/840/449 713/838/447 714/1028/637
f 720/1032/641 714/1028/637 712/1029/638
f 722/841/450 723/1040/649 717/1034/643
f 717/1030/639 723/1042/651 721/1035/644
f 725/1037/646 719/840/449 720/1032/641
f 726/1038/647 720/1032/641 718/1033/642
f 728/843/452 729/1045/654 723/1040/649
f 729/1041/650 727/1047/656 721/1035/644
f 725/1037/646 726/1038/647 732/1043/652
f 726/1038/647 724/1039/648 730/1044/653
f 734/844/453 735/1050/659 729/1045/654
f 729/1041/650 735/1052/661 733/1046/655
f 731/842/451 732/1043/652 738/1048/657
f 732/1043/652 730/1044/653 736/1049/658
f 740/846/455 741/1055/664 735/1050/659
f 741/1051/660 739/1057/666 733/1046/655
f 737/845/454 738/1048/657 744/1053/662
f 744/1053/662 738/1048/657 736/1049/658
f 746/848/457 747/1061/670 741/1055/664
f 747/1056/665 745/1063/672 739/1057/666
f 749/1058/667 743/847/456 744/1053/662
f 750/1059/668 744/1053/662 742/1054/663
f 752/850/459 753/1067/676 747/1061/670
f 753/1062/671 751/1069/678 745/1063/672
f 749/1058/667 750/1059/668 756/1064/673
f 750/1059/668 748/1060/669 754/1065/674
f 752/850/459 758/851/460 759/1066/675
f 753/1062/671 759/1074/683 757/1068/677
f 755/849/458 756/1064/673 762/1070/679
f 756/1064/673 754/1065/674 760/1071/680
f 758/851/460 764/853/462 765/1072/681
f 765/1073/682 763/1079/688 757/1068/677
f 761/852/461 762/1070/679 768/1075/684
f 762/1070/679 760/1071/680 766/1077/686
f 770/855/464 771/1083/692 765/1072/681
f 771/1078/687 769/1085/694 763/1079/688
f 773/854/463 767/1076/685 768/1075/684
f 774/1080/689 768/1075/684 766/1077/686
f 770/855/464 776/856/465 777/1082/691
f 771/1078/687 777/1089/698 775/1084/693
f 773/854/463 774/1080/689 780/1086/695
f 774/1080/689 772/1081/690 778/1087/696
f 782/858/467 783/1092/701 777/1082/691
f 783/1088/697 781/1094/703 775/1084/693
f 785/1090/699 779/857/466 780/1086/695
f 786/1091/700 780/1086/695 778/1087/696
f 788/860/469 789/1098/707 783/1092/701
f 789/1093/702 787/1100/709 781/1094/703
f 791/859/468 785/1090/699 786/1091/700
f 792/1095/704 786/1091/700 784/911/520
f 788/860/469 794/861/470 795/1097/706
f 789/1093/702 795/1103/712 793/1099/708
f 797/862/471 791/859/468 792/1095/704
f 798/1101/710 792/1095/704 790/1096/705
f 800/863/472 801/1108/717 795/1097/706
f 795/1103/712 801/1109/718 799/1104/713
f 797/862/471 798/1101/710 804/1105/714
f 798/1101/710 796/1102/711 802/1106/715
f 800/863/472 806/865/474 807/1107/716
f 801/1109/718 807/1114/723 805/1110/719
f 809/866/475 803/864/473 804/1105/714
f 804/1105/714 802/1106/715 808/1112/721
f 812/867/476 813/1117/726 807/1107/716
f 813/1113/722 811/1119/728 805/1110/719
f 815/868/477 809/866/475 810/1111/720
f 816/1115/724 810/1111/720 808/1112/721
f 818/869/478 819/1123/732 813/1117/726
f 813/1113/722 819/1125/734 817/1118/727
f 821/1120/729 815/868/477 816/1115/724
f 822/1121/730 816/1115/724 814/1116/725
f 824/871/480 825/1128/737 819/1123/732
f 825/1124/733 823/1130/739 817/1118/727
f 821/1120/729 822/1121/730 828/1126/735
f 822/1121/730 820/1122/731 826/1127/736
f 830/872/481 831/1133/742 825/1128/737
f 825/1124/733 831/1135/744 829/1129/738
f 827/870/479 828/1126/735 834/1131/740
f 828/1126/735 826/1127/736 832/1132/741
f 836/874/483 837/1138/747 831/1133/742
f 837/1134/743 835/1140/749 829/1129/738
f 833/873/482 834/1131/740 840/1136/745
f 840/1136/745 834/1131/740 832/1132/741
f 842/876/485 843/1144/753 837/1138/747
f 843/1139/748 841/1146/755 835/1140/749
f 845/1141/750 839/875/484 840/1136/745
f 846/1142/751 840/1136/745 838/1137/746
f 848/878/487 849/1150/759 843/1144/753
f 849/1145/754 847/1152/761 841/1146/755
f 845/1141/750 846/1142/751 852/1147/756
f 846/1142/751 844/1143/752 850/1148/757
f 848/878/487 854/879/488 855/1149/758
f 849/1145/754 855/1157/766 853/1151/760
f 851/877/486 852/1147/756 858/1153/762
f 852/1147/756 850/1148/757 856/1154/763
f 854/879/488 860/881/490 861/1155/764
f 861/1156/765 859/1162/771 853/1151/760
f 857/880/489 858/1153/762 864/1158/767
f 858/1153/762 856/1154/763 862/1160/769
f 866/883/492 867/1166/775 861/1155/764
f 867/1161/770 865/1168/777 859/1162/771
f 869/882/491 863/1159/768 864/1158/767
f 870/1163/772 864/1158/767 862/1160/769
f 866/883/492 872/884/493 873/1165/774
f 867/1161/770 873/1172/781 871/1167/776
f 869/882/491 870/1163/772 876/1169/778
f 870/1163/772 868/1164/773 874/1170/779
f 878/886/495 879/1176/785 873/1165/774
f 879/1171/780 877/1178/787 871/1167/776
f 881/1173/782 875/885/494 876/1169/778
f 882/1174/783 876/1169/778 874/1170/779
f 884/888/497 885/1182/791 879/1176/785
f 885/1177/786 883/1184/793 877/1178/787
f 887/887/496 881/1173/782 882/1174/783
f 888/1179/788 882/1174/783 880/1175/784
f 884/888/497 890/889/498 891/1181/790
f 885/1177/786 891/1187/796 889/1183/792
f 893/890/499 887/887/496 888/1179/788
f 894/1185/794 888/1179/788 886/1180/789
f 896/891/500 897/1192/801 891/1181/790
f 891/1187/796 897/1193/802 895/1188/797
f 893/890/499 894/1185/794 900/1189/798
f 894/1185/794 892/1186/795 898/1190/799
f 896/891/500 902/893/502 903/1191/800
f 897/1193/802 903/1198/807 901/1194/803
f 905/894/503 899/892/501 900/1189/798
f 900/1189/798 898/1190/799 904/1196/805
f 908/895/504 909/1201/810 903/1191/800
f 909/1197/806 907/1203/812 901/1194/803
f 911/896/505 905/894/503 906/1195/804
f 912/1199/808 906/1195/804 904/1196/805
f 914/897/506 915/1207/816 909/1201/810
f 909/1197/806 915/1209/818 913/1202/811
f 917/1204/813 911/896/505 912/1199/808
f 918/1205/814 912/1199/808 910/1200/809
f 920/899/508 921/1212/821 915/1207/816
f 921/1208/817 919/1214/823 913/1202/811
f 917/1204/813 918/1205/814 924/1210/819
f 918/1205/814 916/1206/815 922/1211/820
f 926/900/509 927/1217/826 921/1212/821
f 921/1208/817 927/1219/828 925/1213/822
f 923/898/507 924/1210/819 930/1215/824
f 924/1210/819 922/1211/820 928/1216/825
f 932/902/511 933/1222/831 927/1217/826
f 933/1218/827 931/1224/833 925/1213/822
f 929/901/510 930/1215/824 936/1220/829
f 936/1220/829 930/1215/824 928/1216/825
f 938/904/513 939/1228/837 933/1222/831
f 939/1223/832 937/1230/839 931/1224/833
f 941/1225/834 935/903/512 936/1220/829
f 942/1226/835 936/1220/829 934/1221/830
f 944/906/515 945/1234/843 939/1228/837
f 945/1229/838 943/1236/845 937/1230/839
f 941/1225/834 942/1226/835 948/1231/840
f 942/1226/835 940/1227/836 946/1232/841
f 944/906/515 950/907/516 951/1233/842
f 945/1229/838 951/1241/850 949/1235/844
f 947/905/514 948/1231/840 954/1237/846
f 948/1231/840 946/1232/841 952/1238/847
f 950/907/516 956/799/408 957/1239/848
f 957/1240/849 955/1245/854 949/1235/844
f 953/908/517 954/1237/846 960/1242/851
f 954/1237/846 952/1238/847 958/1244/853
f 578/801/410 579/915/524 957/1239/848
f 579/916/525 577/918/527 955/1245/854
f 581/800/409 959/1243/852 960/1242/851
f 582/920/529 960/1242/851 958/1244/853
f 955/1245/854 577/918/527 583/917/526
f 583/917/526 589/928/537 595/934/543
f 595/934/543 601/933/542 607/938/547
f 607/938/547 613/944/553 619/953/562
f 619/953/562 625/952/561 631/964/573
f 631/964/573 637/963/572 643/974/583
f 643/974/583 649/980/589 655/986/595
f 655/986/595 661/985/594 667/996/605
f 667/996/605 673/1002/611 679/1001/610
f 679/1001/610 685/1011/620 691/1017/626
f 691/1017/626 697/1016/625 703/1021/630
f 703/1021/630 709/1027/636 715/1036/645
f 715/1036/645 721/1035/644 727/1047/656
f 727/1047/656 733/1046/655 739/1057/666
f 739/1057/666 745/1063/672 751/1069/678
f 751/1069/678 757/1068/677 763/1079/688
f 763/1079/688 769/1085/694 775/1084/693
f 775/1084/693 781/1094/703 787/1100/709
f 787/1100/709 793/1099/708 799/1104/713
f 799/1104/713 805/1110/719 811/1119/728
f 811/1119/728 817/1118/727 823/1130/739
f 823/1130/739 829/1129/738 835/1140/749
f 835/1140/749 841/1146/755 847/1152/761
f 847/1152/761 853/1151/760 859/1162/771
f 859/1162/771 865/1168/777 871/1167/776
f 871/1167/776 877/1178/787 883/1184/793
f 883/1184/793 889/1183/792 895/1188/797
f 895/1188/797 901/1194/803 907/1203/812
f 907/1203/812 913/1202/811 919/1214/823
f 919/1214/823 925/1213/822 931/1224/833
f 931/1224/833 937/1230/839 943/1236/845
f 943/1236/845 949/1235/844 955/1245/854
f 955/1245/854 583/917/526 595/934/543
f 595/934/543 607/938/547 619/953/562
f 619/953/562 631/964/573 643/974/583
f 643/974/583 655/986/595 667/996/605
f 667/996/605 679/1001/610 691/1017/626
f 691/1017/626 703/1021/630 715/1036/645
f 715/1036/645 727/1047/656 739/1057/666
f 739/1057/666 751/1069/678 763/1079/688
f 763/1079/688 775/1084/693 787/1100/709
f 787/1100/709 799/1104/713 811/1119/728
f 811/1119/728 823/1130/739 835/1140/749
f 835/1140/749 847/1152/761 859/1162/771
f 859/1162/771 871/1167/776 883/1184/793
f 883/1184/793 895/1188/797 907/1203/812
f 907/1203/812 919/1214/823 931/1224/833
f 931/1224/833 943/1236/845 955/1245/854
f 955/1245/854 595/934/543 619/953/562
f 619/953/562 643/974/583 667/996/605
f 667/996/605 691/1017/626 715/1036/645
f 715/1036/645 739/1057/666 763/1079/688
f 763/1079/688 787/1100/709 811/1119/728
f 811/1119/728 835/1140/749 859/1162/771
f 859/1162/771 883/1184/793 907/1203/812
f 907/1203/812 931/1224/833 955/1245/854
f 955/1245/854 619/953/562 667/996/605
f 667/996/605 715/1036/645 763/1079/688
f 763/1079/688 811/1119/728 859/1162/771
f 859/1162/771 907/1203/812 955/1245/854
f 955/1245/854 667/996/605 763/1079/688
f 2639/1642/1073 2638/1681/1108 1746/1643/1074
f 2634/1645/1076 1739/1682/1109 1740/1646/1077
f 1735/1648/1079 1754/1683/1110 1755/1649/1080
f 1732/1651/1082 2639/1642/1073 1747/1644/1075
f 1729/1647/1078 1740/1646/1077 1741/1653/1084
f 2640/1656/1086 1732/2668/1082 1748/1657/1083
f 2635/1654/1085 1741/1653/1084 1742/1659/1088
f 2641/1661/1090 2640/1656/1086 1749/1658/1087
f 2636/1660/1089 1742/1659/1088 1743/1663/1092
f 1733/1665/1094 2641/1661/1090 1750/1662/1091
f 2637/1667/1093 1743/1691/1092 1744/1668/1096
f 1733/1665/1094 1751/1666/1095 1752/1673/1100
f 1731/1675/1102 1730/1669/1097 1744/1668/1096
f 2632/1670/1098 1737/1672/1099 1738/1677/1104
f 2642/1679/1106 1734/1674/1101 1752/1673/1100
f 1731/1675/1102 1745/1676/1103 1746/1643/1074
f 2633/1678/1105 1738/1677/1104 1739/1682/1109
f 1735/1648/1079 2642/1679/1106 1753/1680/1107
f 1749/1658/1087 1748/1657/1083 1767/1684/1111
f 1742/1659/1088 1741/1653/1084 1760/1686/1113
f 1750/1662/1091 1749/1658/1087 1768/1685/1112
f 1742/1659/1088 1761/1687/1114 1762/1689/1116
f 1750/1662/1091 1769/1688/1115 1770/1690/1117
f 1743/1691/1092 1762/4419/1116 1763/1692/1118
f 1751/1666/1095 1770/1690/1117 1771/1694/1120
f 1745/1676/1103 1744/1668/1096 1763/1692/1118
f 1737/1672/1099 1756/1693/1119 1757/1696/1122
f 1753/1680/1107 1752/1673/1100 1771/1694/1120
f 1746/1643/1074 1745/1676/1103 1764/1695/1121
f 1738/1677/1104 1757/1696/1122 1758/1699/1125
f 1753/1680/1107 1772/1697/1123 1773/1700/1126
f 1746/1643/1074 1765/1698/1124 1766/1701/1127
f 1740/1646/1077 1739/1682/1109 1758/1699/1125
f 1754/1683/1110 1773/1700/1126 1774/1703/1129
f 1747/1704/1075 1766/1715/1127 1767/1684/1111
f 1740/1646/1077 1759/1702/1128 1760/1686/1113
f 1764/1695/1121 1763/1692/1118 1782/1705/1130
f 1756/1693/1119 1775/1724/1147 1776/1707/1132
f 1771/1694/1120 1790/1725/1148 1791/1708/1133
f 1765/1698/1124 1764/1695/1121 1783/1706/1131
f 1757/1696/1122 1776/1707/1132 1777/1710/1135
f 1772/1697/1123 1791/1708/1133 1792/1711/1136
f 1765/1698/1124 1784/1709/1134 1785/1712/1137
f 1758/1699/1125 1777/1710/1135 1778/1713/1138
f 1773/1700/1126 1792/1711/1136 1793/1714/1139
f 1766/1715/1127 1785/1745/1137 1786/1716/1140
f 1759/1702/1128 1778/1713/1138 1779/1717/1141
f 1768/1685/1112 1767/1684/1111 1786/1716/1140
f 1761/1687/1114 1760/1686/1113 1779/1717/1141
f 1768/1685/1112 1787/1718/1142 1788/1720/1144
f 1761/1687/1114 1780/1719/1143 1781/1721/1145
f 1769/1688/1115 1788/1720/1144 1789/1722/1146
f 1763/1692/1118 1762/4419/1116 1781/1723/1145
f 1771/1694/1120 1770/1690/1117 1789/1722/1146
f 1779/1717/1141 1778/1713/1138 1797/1726/1149
f 1786/1716/1140 1805/1746/1167 1806/1729/1152
f 1780/1719/1143 1779/1717/1141 1798/1727/1150
f 1787/1718/1142 1806/1729/1152 1807/1731/1154
f 1780/1719/1143 1799/1730/1153 1800/1732/1155
f 1788/1720/1144 1807/1731/1154 1808/1733/1156
f 1782/1734/1130 1781/1721/1145 1800/1732/1155
f 1789/1722/1146 1808/1733/1156 1809/1737/1159
f 1782/1705/1130 1801/4420/1157 1802/1738/1160
f 1776/1707/1132 1775/1724/1147 1794/1736/1158
f 1790/1725/1148 1809/1737/1159 1810/1740/1162
f 1783/1706/1131 1802/1738/1160 1803/1741/1163
f 1776/1707/1132 1795/1739/1161 1796/1742/1164
f 1791/1708/1133 1810/1740/1162 1811/1743/1165
f 1785/1712/1137 1784/1709/1134 1803/1741/1163
f 1777/1710/1135 1796/1742/1164 1797/1726/1149
f 1792/1711/1136 1811/1743/1165 1812/1728/1151
f 1785/1745/1137 1804/1759/1166 1805/1746/1167
f 1808/1733/1156 1827/1766/1186 1828/1748/1169
f 1802/1738/1160 1801/4420/1157 1820/1749/1170
f 1794/1736/1158 1813/1747/1168 1814/1751/1172
f 1809/1737/1159 1828/1748/1169 1829/1752/1173
f 1802/1738/1160 1821/1750/1171 1822/1753/1174
f 1796/1742/1164 1795/1739/1161 1814/1751/1172
f 1810/1740/1162 1829/1752/1173 1830/1755/1176
f 1804/1744/1166 1803/1741/1163 1822/1753/1174
f 1796/1742/1164 1815/1754/1175 1816/1757/1178
f 1811/1743/1165 1830/1755/1176 1831/1758/1179
f 1804/1759/1166 1823/4421/1177 1824/1760/1180
f 1798/1727/1150 1797/1726/1149 1816/1757/1178
f 1805/1746/1167 1824/1760/1180 1825/1762/1182
f 1798/1727/1150 1817/1761/1181 1818/1763/1183
f 1807/1731/1154 1806/1729/1152 1825/1762/1182
f 1799/1730/1153 1818/1763/1183 1819/1765/1185
f 1807/1731/1154 1826/1764/1184 1827/1766/1186
f 1801/1735/1157 1800/1732/1155 1819/1765/1185
f 1823/1768/1177 1842/1788/1204 1843/1769/1187
f 1816/1757/1178 1835/1789/1205 1836/1771/1188
f 1824/1760/1180 1843/1807/1187 1844/1773/1190
f 1818/1763/1183 1817/1761/1181 1836/1771/1188
f 1826/1764/1184 1825/1762/1182 1844/1773/1190
f 1818/1763/1183 1837/1774/1191 1838/1776/1193
f 1826/1764/1184 1845/1775/1192 1846/1777/1194
f 1820/1767/1170 1819/1765/1185 1838/1776/1193
f 1828/1748/1169 1827/1766/1186 1846/1777/1194
f 1820/1749/1170 1839/1794/1195 1840/1781/1198
f 1813/1747/1168 1832/1779/1196 1833/1782/1199
f 1828/1748/1169 1847/1780/1197 1848/1783/1200
f 1821/1750/1171 1840/1781/1198 1841/1784/1201
f 1814/1751/1172 1833/1782/1199 1834/1785/1202
f 1830/1755/1176 1829/1752/1173 1848/1783/1200
f 1823/1768/1177 1822/4422/1174 1841/1787/1201
f 1815/1754/1175 1834/1785/1202 1835/1789/1205
f 1830/1755/1176 1849/1786/1203 1850/1772/1189
f 1839/1778/1195 1838/1776/1193 1857/1790/1206
f 1846/1777/1194 1865/1811/1224 1866/1793/1209
f 1839/1794/1195 1858/4423/1207 1859/1795/1210
f 1833/1782/1199 1832/1779/1196 1851/1792/1208
f 1847/1780/1197 1866/1793/1209 1867/1797/1212
f 1840/1781/1198 1859/1795/1210 1860/1798/1213
f 1833/1782/1199 1852/1796/1211 1853/1799/1214
f 1849/1786/1203 1848/1783/1200 1867/1797/1212
f 1842/1788/1204 1841/1787/1201 1860/1801/1213
f 1834/1785/1202 1853/1799/1214 1854/1803/1217
f 1849/1786/1203 1868/1800/1215 1869/1804/1218
f 1842/1788/1204 1861/1802/1216 1862/1805/1219
f 1835/1789/1205 1854/1803/1217 1855/1806/1220
f 1843/1807/1187 1862/1816/1219 1863/1808/1221
f 1837/1774/1191 1836/1771/1188 1855/1806/1220
f 1844/1773/1190 1863/1808/1221 1864/1810/1223
f 1837/1774/1191 1856/1809/1222 1857/1790/1206
f 1845/1775/1192 1864/1810/1223 1865/1811/1224
f 1853/1799/1214 1872/1831/1241 1873/1812/1225
f 1868/1800/1215 1887/1832/1242 1888/1813/1226
f 1861/1802/1216 1880/1833/1243 1881/1814/1227
f 1854/1803/1217 1873/1812/1225 1874/1815/1228
f 1862/1816/1219 1881/1852/1227 1882/1817/1229
f 1856/1809/1222 1855/1806/1220 1874/1815/1228
f 1863/1808/1221 1882/1817/1229 1883/1819/1231
f 1856/1809/1222 1875/1818/1230 1876/1820/1232
f 1864/1810/1223 1883/1819/1231 1884/1821/1233
f 1858/1791/1207 1857/1790/1206 1876/1820/1232
f 1865/1811/1224 1884/1821/1233 1885/1824/1236
f 1859/1825/1210 1858/1791/1207 1877/1822/1234
f 1851/1792/1208 1870/1823/1235 1871/1827/1238
f 1866/1793/1209 1885/1824/1236 1886/1828/1239
f 1859/1829/1210 1878/1841/1237 1879/1830/1240
f 1853/1799/1214 1852/1796/1211 1871/1827/1238
f 1867/1797/1212 1886/1828/1239 1887/1832/1242
f 1861/1802/1216 1860/1801/1213 1879/1830/1240
f 1883/1819/1231 1902/1855/1262 1903/1834/1244
f 1877/1822/1234 1876/1820/1232 1895/1835/1245
f 1884/1821/1233 1903/1834/1244 1904/1838/1248
f 1877/1839/1234 1896/4424/1246 1897/1840/1249
f 1870/1823/1235 1889/1837/1247 1890/1842/1250
f 1885/1824/1236 1904/1838/1248 1905/1843/1251
f 1878/1841/1237 1897/1840/1249 1898/1844/1252
f 1871/1827/1238 1890/1842/1250 1891/1845/1253
f 1886/1828/1239 1905/1843/1251 1906/1846/1254
f 1880/1833/1243 1879/1830/1240 1898/1844/1252
f 1873/1812/1225 1872/1831/1241 1891/1845/1253
f 1887/1832/1242 1906/1846/1254 1907/1849/1257
f 1880/1833/1243 1899/1847/1255 1900/1850/1258
f 1874/1815/1228 1873/1812/1225 1892/1848/1256
f 1881/1852/1227 1900/1864/1258 1901/1853/1260
f 1875/1818/1230 1874/1815/1228 1893/1851/1259
f 1883/1819/1231 1882/1817/1229 1901/1853/1260
f 1875/1818/1230 1894/1854/1261 1895/1835/1245
f 1906/1846/1254 1905/1843/1251 1924/1856/1263
f 1899/1847/1255 1898/1844/1252 1917/1858/1265
f 1891/1845/1253 1910/1876/1281 1911/1860/1267
f 1907/1849/1257 1906/1846/1254 1925/1857/1264
f 1899/1847/1255 1918/1859/1266 1919/1862/1269
f 1893/1851/1259 1892/1848/1256 1911/1860/1267
f 1900/1864/1258 1919/4425/1269 1920/1865/1271
f 1894/1854/1261 1893/1851/1259 1912/1863/1270
f 1902/1855/1262 1901/1853/1260 1920/1865/1271
f 1894/1854/1261 1913/1866/1272 1914/1868/1274
f 1902/1855/1262 1921/1867/1273 1922/1869/1275
f 1896/1836/1246 1895/1835/1245 1914/1868/1274
f 1904/1838/1248 1903/1834/1244 1922/1869/1275
f 1897/1840/1249 1896/4424/1246 1915/1873/1276
f 1889/1837/1247 1908/1871/1277 1909/1875/1280
f 1905/1843/1251 1904/1838/1248 1923/1872/1278
f 1897/1840/1249 1916/1874/1279 1917/1858/1265
f 1890/1842/1250 1909/1875/1280 1910/1876/1281
f 1921/1867/1273 1920/1865/1271 1939/1877/1282
f 1913/1866/1272 1932/1898/1300 1933/1879/1284
f 1921/1867/1273 1940/1878/1283 1941/1880/1285
f 1915/1870/1276 1914/1868/1274 1933/1879/1284
f 1923/1872/1278 1922/1869/1275 1941/1880/1285
f 1916/1874/1279 1915/1873/1276 1934/1884/1286
f 1909/1875/1280 1908/1871/1277 1927/1882/1287
f 1923/1872/1278 1942/1883/1288 1943/1887/1291
f 1916/1874/1279 1935/1885/1289 1936/1888/1292
f 1909/1875/1280 1928/1886/1290 1929/1889/1293
f 1924/1856/1263 1943/1887/1291 1944/1890/1294
f 1918/1859/1266 1917/1858/1265 1936/1888/1292
f 1910/1876/1281 1929/1889/1293 1930/1892/1296
f 1925/1857/1264 1944/1890/1294 1945/1893/1297
f 1918/1859/1266 1937/1891/1295 1938/1894/1298
f 1911/1860/1267 1930/1892/1296 1931/1895/1299
f 1919/1862/1269 1938/1894/1298 1939/1896/1282
f 1913/1866/1272 1912/1863/1270 1931/1895/1299
f 1935/1885/1289 1955/1918/1318 1956/1899/1301
f 1928/1886/1290 1948/1919/1319 1949/1900/1302
f 1944/1890/1294 1943/1887/1291 1963/1901/1303
f 1937/1891/1295 1936/1888/1292 1956/1899/1301
f 1929/1889/1293 1949/1900/1302 1950/1904/1306
f 1944/1890/1294 1964/1902/1304 1965/1905/1307
f 1937/1891/1295 1957/1903/1305 1958/1906/1308
f 1931/1895/1299 1930/1892/1296 1950/1904/1306
f 1938/1894/1298 1958/1906/1308 1959/1908/1310
f 1931/1895/1299 1951/1907/1309 1952/1909/1311
f 1940/1878/1283 1939/1877/1282 1959/1910/1310
f 1932/1898/1300 1952/1909/1311 1953/1912/1313
f 1940/1878/1283 1960/1911/1312 1961/1913/1314
f 1934/1881/1286 1933/1879/1284 1953/1912/1313
f 1941/1880/1285 1961/1913/1314 1962/1916/1317
f 1935/1885/1289 1934/1884/1286 1954/1917/1315
f 1927/1882/1287 1947/1915/1316 1948/1919/1319
f 1942/1883/1288 1962/1916/1317 1963/1901/1303
f 1952/1909/1311 1951/1907/1309 1970/1920/1320
f 1960/1911/1312 1959/1910/1310 1978/1922/1322
f 1952/1909/1311 1971/1921/1321 1972/1924/1324
f 1960/1911/1312 1979/1923/1323 1980/1925/1325
f 1954/1914/1315 1953/1912/1313 1972/1924/1324
f 1961/1913/1314 1980/1925/1325 1981/1928/1328
f 1955/1918/1318 1954/1917/1315 1973/1929/1326
f 1948/1919/1319 1947/1915/1316 1966/1927/1327
f 1962/1916/1317 1981/1928/1328 1982/1932/1331
f 1955/1918/1318 1974/1930/1329 1975/1933/1332
f 1949/1900/1302 1948/1919/1319 1967/1931/1330
f 1963/1901/1303 1982/1932/1331 1983/1935/1334
f 1957/1903/1305 1956/1899/1301 1975/1933/1332
f 1950/1904/1306 1949/1900/1302 1968/1934/1333
f 1964/1902/1304 1983/1935/1334 1984/1938/1337
f 1957/1903/1305 1976/1936/1335 1977/1939/1338
f 1951/1907/1309 1950/1904/1306 1969/1937/1336
f 1958/1906/1308 1977/1939/1338 1978/1940/1322
f 1967/1931/1330 1966/1927/1327 1985/1941/1339
f 1982/1932/1331 1981/1928/1328 2000/1943/1341
f 1974/1930/1329 1993/1961/1357 1994/1945/1343
f 1967/1931/1330 1986/1942/1340 1987/1946/1344
f 1983/1935/1334 1982/1932/1331 2001/1944/1342
f 1976/1936/1335 1975/1933/1332 1994/1945/1343
f 1968/1934/1333 1987/1946/1344 1988/1949/1347
f 1983/1935/1334 2002/1947/1345 2003/1950/1348
f 1976/1936/1335 1995/1948/1346 1996/1951/1349
f 1969/1937/1336 1988/1949/1347 1989/1952/1350
f 1977/1939/1338 1996/1951/1349 1997/1953/1351
f 1970/1920/1320 1989/1952/1350 1990/1954/1352
f 1979/1923/1323 1978/1922/1322 1997/1955/1351
f 1971/1921/1321 1990/1954/1352 1991/1957/1354
f 1980/1925/1325 1979/1923/1323 1998/1956/1353
f 1973/1926/1326 1972/1924/1324 1991/1957/1354
f 1981/1928/1328 1980/1925/1325 1999/1958/1355
f 1974/1930/1329 1973/1929/1326 1992/1960/1356
f 1996/1951/1349 2015/1981/1375 2016/1962/1358
f 1989/1952/1350 2008/1982/1376 2009/1963/1359
f 1998/1956/1353 1997/1955/1351 2016/1964/1358
f 1990/1954/1352 2009/1963/1359 2010/1966/1361
f 1998/1956/1353 2017/1965/1360 2018/1967/1362
f 1992/1959/1356 1991/1957/1354 2010/1966/1361
f 2000/1943/1341 1999/1958/1355 2018/1967/1362
f 1993/1961/1357 1992/1960/1356 2011/1971/1363
f 1986/1942/1340 1985/1941/1339 2004/1969/1364
f 2001/1944/1342 2000/1943/1341 2019/1970/1365
f 1993/1961/1357 2012/1972/1366 2013/1975/1369
f 1987/1946/1344 1986/1942/1340 2005/1973/1367
f 2001/1944/1342 2020/1974/1368 2021/1977/1371
f 1995/1948/1346 1994/1945/1343 2013/1975/1369
f 1987/1946/1344 2006/1976/1370 2007/1979/1373
f 2002/1947/1345 2021/1977/1371 2022/1980/1374
f 1995/1948/1346 2014/1978/1372 2015/1981/1375
f 1989/1952/1350 1988/1949/1347 2007/1979/1373
f 2012/1972/1366 2011/1971/1363 2030/1983/1377
f 2004/1969/1364 2023/2001/1394 2024/1985/1379
f 2019/1970/1365 2038/2002/1395 2039/1986/1380
f 2012/1972/1366 2031/1984/1378 2032/1987/1381
f 2006/1976/1370 2005/1973/1367 2024/1985/1379
f 2020/1974/1368 2039/1986/1380 2040/1989/1383
f 2014/1978/1372 2013/1975/1369 2032/1987/1381
f 2007/1979/1373 2006/1976/1370 2025/1988/1382
f 2021/1977/1371 2040/1989/1383 2041/1992/1386
f 2014/1978/1372 2033/1990/1384 2034/1993/1387
f 2008/1982/1376 2007/1979/1373 2026/1991/1385
f 2015/1981/1375 2034/1993/1387 2035/1995/1389
f 2009/1963/1359 2008/1982/1376 2027/1994/1388
f 2016/1964/1358 2035/4426/1389 2036/1997/1391
f 2009/1963/1359 2028/1996/1390 2029/1998/1392
f 2017/1965/1360 2036/1997/1391 2037/1999/1393
f 2011/1968/1363 2010/1966/1361 2029/1998/1392
f 2018/1967/1362 2037/1999/1393 2038/2002/1395
f 2027/1994/1388 2026/1991/1385 2045/2003/1396
f 2034/1993/1387 2053/2023/1414 2054/2006/1399
f 2028/1996/1390 2027/1994/1388 2046/2004/1397
f 2036/1997/1391 2035/4426/1389 2054/2008/1399
f 2028/1996/1390 2047/2007/1400 2048/2010/1402
f 2036/1997/1391 2055/2009/1401 2056/2011/1403
f 2030/2000/1377 2029/1998/1392 2048/2010/1402
f 2037/1999/1393 2056/2011/1403 2057/2014/1406
f 2031/2015/1378 2030/2000/1377 2049/2012/1404
f 2023/2001/1394 2042/2013/1405 2043/2017/1408
f 2038/2002/1395 2057/2014/1406 2058/2018/1409
f 2031/1984/1378 2050/2030/1407 2051/2019/1410
f 2024/1985/1379 2043/2017/1408 2044/2020/1411
f 2040/1989/1383 2039/1986/1380 2058/2018/1409
f 2033/1990/1384 2032/1987/1381 2051/2019/1410
f 2026/1991/1385 2025/1988/1382 2044/2020/1411
f 2040/1989/1383 2059/2021/1412 2060/2005/1398
f 2033/1990/1384 2052/2022/1413 2053/2023/1414
f 2056/2011/1403 2075/2044/1433 2076/2025/1416
f 2050/2016/1407 2049/2012/1404 2068/2026/1417
f 2042/2013/1405 2061/2024/1415 2062/2028/1419
f 2058/2018/1409 2057/2014/1406 2076/2025/1416
f 2050/2030/1407 2069/4427/1418 2070/2031/1421
f 2043/2017/1408 2062/2028/1419 2063/2032/1422
f 2059/2021/1412 2058/2018/1409 2077/2029/1420
f 2052/2022/1413 2051/2019/1410 2070/2031/1421
f 2045/2003/1396 2044/2020/1411 2063/2032/1422
f 2059/2021/1412 2078/2033/1423 2079/2036/1426
f 2052/2022/1413 2071/2034/1424 2072/2037/1427
f 2046/2004/1397 2045/2003/1396 2064/2035/1425
f 2053/2039/1414 2072/2051/1427 2073/2040/1429
f 2046/2004/1397 2065/2038/1428 2066/2041/1430
f 2055/2009/1401 2054/2008/1399 2073/2040/1429
f 2047/2007/1400 2066/2041/1430 2067/2043/1432
f 2055/2009/1401 2074/2042/1431 2075/2044/1433
f 2049/2012/1404 2048/2010/1402 2067/2043/1432
f 2078/2033/1423 2097/2067/1451 2098/2045/1434
f 2071/2046/1424 2090/2068/1452 2091/2047/1435
f 2065/2038/1428 2064/2035/1425 2083/2049/1436
f 2072/2051/1427 2091/4428/1435 2092/2052/1438
f 2065/2038/1428 2084/2050/1437 2085/2053/1439
f 2074/2042/1431 2073/2040/1429 2092/2052/1438
f 2066/2041/1430 2085/2053/1439 2086/2055/1441
f 2075/2044/1433 2074/2042/1431 2093/2054/1440
f 2068/2026/1417 2067/2043/1432 2086/2055/1441
f 2075/2044/1433 2094/2056/1442 2095/2059/1445
f 2069/2027/1418 2068/2026/1417 2087/2057/1443
f 2061/2024/1415 2080/2058/1444 2081/2061/1447
f 2076/2025/1416 2095/2059/1445 2096/2062/1448
f 2069/2063/1418 2088/2078/1446 2089/2064/1449
f 2062/2028/1419 2081/2061/1447 2082/2066/1450
f 2078/2033/1423 2077/2029/1420 2096/2062/1448
f 2071/2046/1424 2070/2065/1421 2089/2064/1449
f 2064/2035/1425 2063/2032/1422 2082/2066/1450
f 2094/2056/1442 2093/2054/1440 2112/2069/1453
f 2087/2057/1443 2086/2055/1441 2105/2071/1455
f 2094/2056/1442 2113/2070/1454 2114/2074/1458
f 2088/2060/1446 2087/2057/1443 2106/2072/1456
f 2080/2058/1444 2099/2073/1457 2100/2076/1460
f 2095/2059/1445 2114/2074/1458 2115/2077/1461
f 2088/2078/1446 2107/2105/1459 2108/2079/1462
f 2081/2061/1447 2100/2076/1460 2101/2080/1463
f 2097/2067/1451 2096/2062/1448 2115/2077/1461
f 2090/2068/1452 2089/2064/1449 2108/2079/1462
f 2082/2066/1450 2101/2080/1463 2102/2083/1466
f 2097/2067/1451 2116/2081/1464 2117/2084/1467
f 2090/2068/1452 2109/2082/1465 2110/2085/1468
f 2084/2050/1437 2083/2049/1436 2102/2083/1466
f 2091/2047/1435 2110/2085/1468 2111/2087/1470
f 2084/2050/1437 2103/2086/1469 2104/2089/1471
f 2093/2054/1440 2092/2052/1438 2111/2090/1470
f 2085/2053/1439 2104/2089/1471 2105/2071/1455
f 2108/2079/1462 2127/2110/1488 2128/2091/1472
f 2101/2080/1463 2120/2111/1489 2121/2092/1473
f 2116/2081/1464 2135/2112/1490 2136/2093/1474
f 2109/2082/1465 2128/2091/1472 2129/2094/1475
f 2103/2086/1469 2102/2083/1466 2121/2092/1473
f 2110/2085/1468 2129/2094/1475 2130/2096/1477
f 2103/2086/1469 2122/2095/1476 2123/2097/1478
f 2112/2069/1453 2111/2090/1470 2130/2098/1477
f 2104/2089/1471 2123/2097/1478 2124/2100/1480
f 2112/2069/1453 2131/2099/1479 2132/2101/1481
f 2106/2072/1456 2105/2071/1455 2124/2100/1480
f 2113/2070/1454 2132/2101/1481 2133/2104/1484
f 2107/2105/1459 2106/4429/1456 2125/2106/1482
f 2099/2073/1457 2118/2103/1483 2119/2108/1486
f 2115/2077/1461 2114/2074/1458 2133/2104/1484
f 2107/2105/1459 2126/2107/1485 2127/2110/1488
f 2101/2080/1463 2100/2076/1460 2119/2108/1486
f 2116/2081/1464 2115/2077/1461 2134/2109/1487
f 2123/2097/1478 2142/2132/1509 2143/2113/1491
f 2132/2101/1481 2131/2099/1479 2150/2114/1492
f 2125/2102/1482 2124/2100/1480 2143/2113/1491
f 2132/2101/1481 2151/2115/1493 2152/2118/1496
f 2126/2107/1485 2125/2106/1482 2144/2119/1494
f 2118/2103/1483 2137/2117/1495 2138/2121/1498
f 2133/2104/1484 2152/2118/1496 2153/2122/1499
f 2127/2110/1488 2126/2107/1485 2145/2120/1497
f 2119/2108/1486 2138/2121/1498 2139/2124/1501
f 2134/2109/1487 2153/2122/1499 2154/2125/1502
f 2127/2110/1488 2146/2123/1500 2147/2126/1503
f 2121/2092/1473 2120/2111/1489 2139/2124/1501
f 2135/2112/1490 2154/2125/1502 2155/2128/1505
f 2128/2091/1472 2147/2126/1503 2148/2129/1506
f 2122/2095/1476 2121/2092/1473 2140/2127/1504
f 2129/2094/1475 2148/2129/1506 2149/2131/1508
f 2122/2095/1476 2141/2130/1507 2142/2132/1509
f 2131/2099/1479 2130/2098/1477 2149/2133/1508
f 2139/2124/1501 2138/2121/1498 2157/2134/1510
f 2153/2122/1499 2172/2152/1527 2173/2136/1512
f 2146/2123/1500 2165/2153/1528 2166/2137/1513
f 2140/2127/1504 2139/2124/1501 2158/2135/1511
f 2154/2125/1502 2173/2136/1512 2174/2139/1515
f 2147/2126/1503 2166/2137/1513 2167/2140/1516
f 2141/2130/1507 2140/2127/1504 2159/2138/1514
f 2148/2129/1506 2167/2140/1516 2168/2142/1518
f 2141/2130/1507 2160/2141/1517 2161/2143/1519
f 2150/2114/1492 2149/2133/1508 2168/2144/1518
f 2142/2132/1509 2161/2143/1519 2162/2146/1521
f 2150/2114/1492 2169/2145/1520 2170/2147/1522
f 2144/2116/1494 2143/2113/1491 2162/2146/1521
f 2151/2115/1493 2170/2147/1522 2171/2150/1525
f 2144/2119/1494 2163/2161/1523 2164/2151/1526
f 2138/2121/1498 2137/2117/1495 2156/2149/1524
f 2152/2118/1496 2171/2150/1525 2172/2152/1527
f 2146/2123/1500 2145/2120/1497 2164/2151/1526
f 2169/2145/1520 2168/2144/1518 2187/2154/1529
f 2161/2143/1519 2180/2174/1547 2181/2156/1531
f 2170/2147/1522 2169/2145/1520 2188/2155/1530
f 2163/2148/1523 2162/2146/1521 2181/2156/1531
f 2170/2147/1522 2189/2157/1532 2190/2160/1535
f 2163/2161/1523 2182/4430/1533 2183/2162/1536
f 2157/2134/1510 2156/2149/1524 2175/2159/1534
f 2171/2150/1525 2190/2160/1535 2191/2164/1538
f 2165/2153/1528 2164/2151/1526 2183/2162/1536
f 2158/2135/1511 2157/2134/1510 2176/2163/1537
f 2172/2152/1527 2191/2164/1538 2192/2167/1541
f 2165/2153/1528 2184/2165/1539 2185/2168/1542
f 2159/2138/1514 2158/2135/1511 2177/2166/1540
f 2173/2136/1512 2192/2167/1541 2193/2170/1544
f 2167/2140/1516 2166/2137/1513 2185/2168/1542
f 2160/2141/1517 2159/2138/1514 2178/2169/1543
f 2167/2140/1516 2186/2171/1545 2187/2173/1529
f 2160/2141/1517 2179/2172/1546 2180/2174/1547
f 2184/2165/1539 2183/2162/1536 2203/2175/1548
f 2176/2163/1537 2196/2193/1565 2197/2177/1550
f 2191/2164/1538 2211/2194/1566 2212/2178/1551
f 2184/2165/1539 2204/2176/1549 2205/2179/1552
f 2178/2169/1543 2177/2166/1540 2197/2177/1550
f 2192/2167/1541 2212/2178/1551 2213/2181/1554
f 2186/2171/1545 2185/2168/1542 2205/2179/1552
f 2179/2172/1546 2178/2169/1543 2198/2180/1553
f 2186/2171/1545 2206/2182/1555 2207/2184/1557
f 2179/2172/1546 2199/2183/1556 2200/2185/1558
f 2187/2154/1529 2207/4431/1557 2208/2186/1559
f 2180/2174/1547 2200/2185/1558 2201/2187/1560
f 2189/2157/1532 2188/2155/1530 2208/2186/1559
f 2182/2158/1533 2181/2156/1531 2201/2187/1560
f 2189/2157/1532 2209/2188/1561 2210/2191/1564
f 2183/2162/1536 2182/4430/1533 2202/2192/1562
f 2176/2163/1537 2175/2159/1534 2195/2190/1563
f 2190/2160/1535 2210/2191/1564 2211/2194/1566
f 2199/2183/1556 2218/2213/1585 2219/2195/1567
f 2208/2186/1559 2207/4431/1557 2226/2196/1568
f 2200/2185/1558 2219/2195/1567 2220/2198/1570
f 2209/2188/1561 2208/2186/1559 2227/2197/1569
f 2202/2189/1562 2201/2187/1560 2220/2198/1570
f 2209/2188/1561 2228/2199/1571 2229/2202/1574
f 2202/2192/1562 2221/2235/1572 2222/2203/1575
f 2195/2190/1563 2214/2201/1573 2215/2204/1576
f 2211/2194/1566 2210/2191/1564 2229/2202/1574
f 2204/2176/1549 2203/2175/1548 2222/2203/1575
f 2196/2193/1565 2215/2204/1576 2216/2207/1579
f 2211/2194/1566 2230/2205/1577 2231/2208/1580
f 2204/2176/1549 2223/2206/1578 2224/2209/1581
f 2197/2177/1550 2216/2207/1579 2217/2210/1582
f 2212/2178/1551 2231/2208/1580 2232/2211/1583
f 2206/2182/1555 2205/2179/1552 2224/2209/1581
f 2199/2183/1556 2198/2180/1553 2217/2210/1582
f 2206/2182/1555 2225/2212/1584 2226/2214/1568
f 2215/2204/1576 2214/2201/1573 2233/2215/1586
f 2229/2202/1574 2248/2234/1604 2249/2217/1588
f 2223/2206/1578 2222/2203/1575 2241/2218/1589
f 2216/2207/1579 2215/2204/1576 2234/2216/1587
f 2230/2205/1577 2249/2217/1588 2250/2221/1592
f 2223/2206/1578 2242/2219/1590 2243/2222/1593
f 2216/2207/1579 2235/2220/1591 2236/2223/1594
f 2231/2208/1580 2250/2221/1592 2251/2224/1595
f 2225/2212/1584 2224/2209/1581 2243/2222/1593
f 2218/2213/1585 2217/2210/1582 2236/2223/1594
f 2225/2212/1584 2244/2225/1596 2245/2227/1598
f 2218/2213/1585 2237/2226/1597 2238/2228/1599
f 2227/2197/1569 2226/2196/1568 2245/2229/1598
f 2219/2195/1567 2238/2228/1599 2239/2231/1601
f 2228/2199/1571 2227/2197/1569 2246/2230/1600
f 2221/2200/1572 2220/2198/1570 2239/2231/1601
f 2228/2199/1571 2247/2232/1602 2248/2234/1604
f 2221/2235/1572 2240/4432/1603 2241/2218/1589
f 2244/2225/1596 2263/2254/1622 2264/2237/1606
f 2237/2226/1597 2256/2255/1623 2257/2238/1607
f 2245/2229/1598 2264/2272/1606 2265/2239/1608
f 2238/2228/1599 2257/2238/1607 2258/2240/1609
f 2247/2232/1602 2246/2230/1600 2265/2239/1608
f 2240/2233/1603 2239/2231/1601 2258/2240/1609
f 2247/2232/1602 2266/2241/1610 2267/2244/1613
f 2240/2233/1603 2259/2242/1611 2260/2245/1614
f 2233/2215/1586 2252/2243/1612 2253/2247/1615
f 2248/2234/1604 2267/2244/1613 2268/2248/1616
f 2241/2218/1589 2260/2261/1614 2261/2249/1617
f 2234/2216/1587 2253/2247/1615 2254/2250/1618
f 2249/2217/1588 2268/2248/1616 2269/2251/1619
f 2242/2219/1590 2261/2249/1617 2262/2252/1620
f 2235/2220/1591 2254/2250/1618 2255/2253/1621
f 2251/2224/1595 2250/2221/1592 2269/2251/1619
f 2243/2222/1593 2262/2252/1620 2263/2254/1622
f 2237/2226/1597 2236/2223/1594 2255/2253/1621
f 2267/2244/1613 2266/2241/1610 2285/2256/1624
f 2259/2242/1611 2278/2276/1641 2279/2258/1626
f 2252/2243/1612 2271/2277/1642 2272/2259/1627
f 2267/2244/1613 2286/2257/1625 2287/2260/1628
f 2260/2261/1614 2279/4433/1626 2280/2262/1629
f 2254/2250/1618 2253/2247/1615 2272/2259/1627
f 2268/2248/1616 2287/2260/1628 2288/2264/1631
f 2262/2252/1620 2261/2249/1617 2280/2262/1629
f 2255/2253/1621 2254/2250/1618 2273/2263/1630
f 2269/2251/1619 2288/2264/1631 2289/2267/1634
f 2263/2254/1622 2262/2252/1620 2281/2265/1632
f 2256/2255/1623 2255/2253/1621 2274/2266/1633
f 2263/2270/1622 2282/2283/1635 2283/2271/1637
f 2256/2255/1623 2275/2269/1636 2276/2273/1638
f 2265/2239/1608 2264/2272/1606 2283/2271/1637
f 2257/2238/1607 2276/2273/1638 2277/2275/1640
f 2265/2239/1608 2284/2274/1639 2285/2256/1624
f 2259/2242/1611 2258/2240/1609 2277/2275/1640
f 2281/2278/1632 2300/2300/1660 2301/2279/1643
f 2274/2266/1633 2293/2301/1661 2294/2281/1644
f 2282/2283/1635 2301/4434/1643 2302/2284/1646
f 2276/2273/1638 2275/2269/1636 2294/2281/1644
f 2284/2274/1639 2283/2271/1637 2302/2284/1646
f 2276/2273/1638 2295/2285/1647 2296/2287/1649
f 2284/2274/1639 2303/2286/1648 2304/2288/1650
f 2278/2276/1641 2277/2275/1640 2296/2287/1649
f 2286/2257/1625 2285/2256/1624 2304/2288/1650
f 2279/2258/1626 2278/2276/1641 2297/2289/1651
f 2272/2259/1627 2271/2277/1642 2290/2290/1652
f 2286/2257/1625 2305/2291/1653 2306/2294/1656
f 2279/2295/1626 2298/2310/1654 2299/2296/1657
f 2272/2259/1627 2291/2293/1655 2292/2298/1658
f 2287/2260/1628 2306/2294/1656 2307/2299/1659
f 2281/2278/1632 2280/2297/1629 2299/2296/1657
f 2274/2266/1633 2273/2263/1630 2292/2298/1658
f 2288/2264/1631 2307/2299/1659 2308/2282/1645
f 2297/2289/1651 2296/2287/1649 2315/2302/1662
f 2305/2291/1653 2304/2288/1650 2323/2305/1665
f 2297/2289/1651 2316/2303/1663 2317/2307/1667
f 2290/2290/1652 2309/2304/1664 2310/2308/1668
f 2305/2291/1653 2324/2306/1666 2325/2309/1669
f 2298/2310/1654 2317/2340/1667 2318/2311/1670
f 2291/2293/1655 2310/2308/1668 2311/2312/1671
f 2307/2299/1659 2306/2294/1656 2325/2309/1669
f 2300/2300/1660 2299/2296/1657 2318/2311/1670
f 2293/2301/1661 2292/2298/1658 2311/2312/1671
f 2307/2299/1659 2326/2313/1672 2327/2316/1675
f 2301/2279/1643 2300/2300/1660 2319/2314/1673
f 2293/2301/1661 2312/2315/1674 2313/2318/1677
f 2301/2279/1643 2320/2317/1676 2321/2319/1678
f 2295/2285/1647 2294/2281/1644 2313/2318/1677
f 2303/2286/1648 2302/2284/1646 2321/2322/1678
f 2295/2285/1647 2314/2321/1679 2315/2302/1662
f 2303/2286/1648 2322/2323/1680 2323/2305/1665
f 2311/2312/1671 2330/2344/1698 2331/2324/1681
f 2326/2313/1672 2345/2345/1699 2346/2325/1682
f 2320/2317/1676 2319/2314/1673 2338/2326/1683
f 2312/2315/1674 2331/2324/1681 2332/2328/1685
f 2320/2317/1676 2339/2327/1684 2340/2329/1686
f 2314/2321/1679 2313/2318/1677 2332/2328/1685
f 2322/2323/1680 2321/2322/1678 2340/2331/1686
f 2314/2321/1679 2333/2330/1687 2334/2333/1689
f 2322/2323/1680 2341/2332/1688 2342/2334/1690
f 2316/2303/1663 2315/2302/1662 2334/2333/1689
f 2324/2306/1666 2323/2305/1665 2342/2334/1690
f 2316/2338/1663 2335/2351/1691 2336/2339/1694
f 2309/2304/1664 2328/2336/1692 2329/2341/1695
f 2324/2306/1666 2343/2337/1693 2344/2342/1696
f 2318/2311/1670 2317/2340/1667 2336/2339/1694
f 2310/2308/1668 2329/2341/1695 2330/2344/1698
f 2326/2313/1672 2325/2309/1669 2344/2342/1696
f 2318/2311/1670 2337/2343/1697 2338/2326/1683
f 2341/2332/1688 2360/2366/1718 2361/2346/1700
f 2335/2335/1691 2334/2333/1689 2353/2347/1701
f 2342/2334/1690 2361/2346/1700 2362/2350/1704
f 2335/2351/1691 2354/2382/1702 2355/2352/1705
f 2328/2336/1692 2347/2349/1703 2348/2353/1706
f 2343/2337/1693 2362/2350/1704 2363/2354/1707
f 2336/2339/1694 2355/2352/1705 2356/2355/1708
f 2329/2341/1695 2348/2353/1706 2349/2356/1709
f 2344/2342/1696 2363/2354/1707 2364/2357/1710
f 2338/2326/1683 2337/2343/1697 2356/2355/1708
f 2331/2324/1681 2330/2344/1698 2349/2356/1709
f 2346/2325/1682 2345/2345/1699 2364/2357/1710
f 2339/2327/1684 2338/2326/1683 2357/2358/1711
f 2331/2324/1681 2350/2359/1712 2351/2362/1715
f 2339/2327/1684 2358/2361/1714 2359/2363/1716
f 2333/2330/1687 2332/2328/1685 2351/2362/1715
f 2341/2332/1688 2340/2331/1686 2359/2365/1716
f 2333/2330/1687 2352/2364/1717 2353/2347/1701
f 2357/2358/1711 2356/2355/1708 2375/2367/1719
f 2349/2356/1709 2368/2386/1736 2369/2369/1721
f 2364/2357/1710 2383/2387/1737 2384/2370/1722
f 2358/2361/1714 2357/2358/1711 2376/2368/1720
f 2351/2362/1715 2350/2359/1712 2369/2369/1721
f 2358/2361/1714 2377/2371/1723 2378/2373/1725
f 2351/2362/1715 2370/2372/1724 2371/2374/1726
f 2360/2366/1718 2359/2365/1716 2378/2375/1725
f 2352/2364/1717 2371/2374/1726 2372/2377/1728
f 2360/2366/1718 2379/2376/1727 2380/2378/1729
f 2354/2348/1702 2353/2347/1701 2372/2377/1728
f 2361/2346/1700 2380/2378/1729 2381/2381/1732
f 2354/2382/1702 2373/2393/1730 2374/2383/1733
f 2347/2349/1703 2366/2380/1731 2367/2384/1734
f 2362/2350/1704 2381/2381/1732 2382/2385/1735
f 2355/2352/1705 2374/2383/1733 2375/2367/1719
f 2348/2353/1706 2367/2384/1734 2368/2386/1736
f 2364/2357/1710 2363/2354/1707 2382/2385/1735
f 2371/2374/1726 2390/2406/1755 2391/2388/1738
f 2379/2376/1727 2398/2408/1756 2399/2389/1739
f 2373/2379/1730 2372/2377/1728 2391/2388/1738
f 2380/2378/1729 2399/2389/1739 2400/2392/1742
f 2373/2393/1730 2392/2426/1740 2393/2394/1743
f 2367/2384/1734 2366/2380/1731 2385/2391/1741
f 2381/2381/1732 2400/2392/1742 2401/2396/1745
f 2375/2367/1719 2374/2383/1733 2393/2394/1743
f 2367/2384/1734 2386/2395/1744 2387/2398/1747
f 2382/2385/1735 2401/2396/1745 2402/2399/1748
f 2375/2367/1719 2394/2397/1746 2395/2400/1749
f 2368/2386/1736 2387/2398/1747 2388/2401/1750
f 2384/2370/1722 2383/2387/1737 2402/2399/1748
f 2377/2371/1723 2376/2368/1720 2395/2400/1749
f 2370/2372/1724 2369/2369/1721 2388/2401/1750
f 2377/2371/1723 2396/2403/1752 2397/2405/1754
f 2371/2374/1726 2370/2372/1724 2389/2404/1753
f 2379/2376/1727 2378/2375/1725 2397/2407/1754
f 2387/2398/1747 2386/2395/1744 2405/2409/1757
f 2401/2396/1745 2420/2428/1774 2421/2411/1759
f 2394/2397/1746 2413/2429/1775 2414/2412/1760
f 2387/2398/1747 2406/2410/1758 2407/2413/1761
f 2402/2399/1748 2421/2411/1759 2422/2414/1762
f 2396/2403/1752 2395/2400/1749 2414/2412/1760
f 2388/2401/1750 2407/2413/1761 2408/2416/1764
f 2396/2403/1752 2415/2415/1763 2416/2417/1765
f 2390/2406/1755 2389/2404/1753 2408/2416/1764
f 2398/2408/1756 2397/2407/1754 2416/2419/1765
f 2390/2406/1755 2409/2418/1766 2410/2421/1768
f 2398/2408/1756 2417/2420/1767 2418/2422/1769
f 2392/2390/1740 2391/2388/1738 2410/2421/1768
f 2400/2392/1742 2399/2389/1739 2418/2422/1769
f 2392/2426/1740 2411/2437/1770 2412/2427/1773
f 2386/2395/1744 2385/2391/1741 2404/2424/1771
f 2401/2396/1745 2400/2392/1742 2419/2425/1772
f 2394/2397/1746 2393/2394/1743 2412/2427/1773
f 2417/2420/1767 2416/2419/1765 2435/2430/1776
f 2409/2418/1766 2428/2450/1794 2429/2432/1778
f 2417/2420/1767 2436/2431/1777 2437/2433/1779
f 2411/2423/1770 2410/2421/1768 2429/2432/1778
f 2418/2422/1769 2437/2433/1779 2438/2436/1782
f 2411/2437/1770 2430/2470/1780 2431/2438/1783
f 2404/2424/1771 2423/2435/1781 2424/2439/1784
f 2419/2425/1772 2438/2436/1782 2439/2440/1785
f 2412/2427/1773 2431/2438/1783 2432/2441/1786
f 2405/2409/1757 2424/2439/1784 2425/2442/1787
f 2420/2428/1774 2439/2440/1785 2440/2443/1788
f 2413/2429/1775 2432/2441/1786 2433/2444/1789
f 2407/2413/1761 2406/2410/1758 2425/2442/1787
f 2421/2411/1759 2440/2443/1788 2441/2446/1791
f 2414/2412/1760 2433/2444/1789 2434/2447/1792
f 2408/2416/1764 2407/2413/1761 2426/2445/1790
f 2415/2415/1763 2434/2447/1792 2435/2449/1776
f 2409/2418/1766 2408/2416/1764 2427/2448/1793
f 2438/2436/1782 2457/2469/1812 2458/2451/1795
f 2432/2441/1786 2431/2438/1783 2450/2452/1796
f 2424/2439/1784 2443/2471/1813 2444/2454/1798
f 2439/2440/1785 2458/2451/1795 2459/2455/1799
f 2432/2441/1786 2451/2453/1797 2452/2456/1800
f 2425/2442/1787 2444/2454/1798 2445/2457/1801
f 2440/2443/1788 2459/2455/1799 2460/2458/1802
f 2434/2447/1792 2433/2444/1789 2452/2456/1800
f 2426/2445/1790 2445/2457/1801 2446/2460/1804
f 2434/2461/1792 2453/2472/1803 2454/2462/1805
f 2428/2450/1794 2427/2448/1793 2446/2460/1804
f 2436/2431/1777 2435/2430/1776 2454/2462/1805
f 2428/2450/1794 2447/2463/1806 2448/2465/1808
f 2436/2431/1777 2455/2464/1807 2456/2466/1809
f 2430/2434/1780 2429/2432/1778 2448/2465/1808
f 2437/2433/1779 2456/2466/1809 2457/2469/1812
f 2430/2470/1780 2449/2482/1810 2450/2452/1796
f 2424/2439/1784 2423/2435/1781 2442/2468/1811
f 2453/2472/1803 2472/2507/1832 2473/2473/1814
f 2447/2463/1806 2446/2460/1804 2465/2474/1815
f 2455/2464/1807 2454/2462/1805 2473/2473/1814
f 2447/2463/1806 2466/2475/1816 2467/2477/1818
f 2455/2464/1807 2474/2476/1817 2475/2478/1819
f 2449/2467/1810 2448/2465/1808 2467/2477/1818
f 2456/2466/1809 2475/2478/1819 2476/2481/1822
f 2449/2482/1810 2468/4435/1820 2469/2483/1823
f 2442/2468/1811 2461/2480/1821 2462/2484/1824
f 2458/2451/1795 2457/2469/1812 2476/2481/1822
f 2451/2453/1797 2450/2452/1796 2469/2483/1823
f 2443/2471/1813 2462/2484/1824 2463/2487/1827
f 2458/2451/1795 2477/2485/1825 2478/2488/1828
f 2451/2453/1797 2470/2486/1826 2471/2489/1829
f 2444/2454/1798 2463/2487/1827 2464/2490/1830
f 2459/2455/1799 2478/2488/1828 2479/2491/1831
f 2453/2459/1803 2452/2456/1800 2471/2489/1829
f 2445/2457/1801 2464/2490/1830 2465/2474/1815
f 2468/2479/1820 2487/2513/1850 2488/2493/1833
f 2462/2484/1824 2461/2480/1821 2480/2495/1834
f 2476/2481/1822 2495/2514/1851 2496/2497/1836
f 2470/2486/1826 2469/2483/1823 2488/2498/1833
f 2462/2484/1824 2481/2496/1835 2482/2500/1838
f 2478/2488/1828 2477/2485/1825 2496/2497/1836
f 2470/2486/1826 2489/2499/1837 2490/2502/1840
f 2464/2490/1830 2463/2487/1827 2482/2500/1838
f 2478/2488/1828 2497/2501/1839 2498/2504/1842
f 2472/2492/1832 2471/2489/1829 2490/2502/1840
f 2464/2490/1830 2483/2503/1841 2484/2506/1844
f 2472/2507/1832 2491/2516/1843 2492/2508/1845
f 2465/2474/1815 2484/2506/1844 2485/2509/1846
f 2474/2476/1817 2473/2473/1814 2492/2508/1845
f 2466/2475/1816 2485/2509/1846 2486/2511/1848
f 2474/2476/1817 2493/2510/1847 2494/2512/1849
f 2468/2479/1820 2467/2477/1818 2486/2511/1848
f 2475/2478/1819 2494/2512/1849 2495/2514/1851
f 2483/2503/1841 2502/2536/1869 2503/2515/1852
f 2491/2516/1843 2510/2542/1870 2511/2517/1853
f 2485/2509/1846 2484/2506/1844 2503/2515/1852
f 2493/2510/1847 2492/2508/1845 2511/2517/1853
f 2485/2509/1846 2504/2518/1854 2505/2520/1856
f 2493/2510/1847 2512/2519/1855 2513/2521/1857
f 2487/2513/1850 2486/2511/1848 2505/2520/1856
f 2495/2514/1851 2494/2512/1849 2513/2521/1857
f 2487/2525/1850 2506/2551/1858 2507/2526/1861
f 2480/2495/1834 2499/2523/1859 2500/2529/1863
f 2496/2497/1836 2495/2514/1851 2514/2524/1860
f 2489/2531/1837 2488/2527/1833 2507/2526/1861
f 2481/2496/1835 2500/2529/1863 2501/2533/1866
f 2496/2497/1836 2515/2530/1864 2516/2534/1867
f 2489/2499/1837 2508/2558/1865 2509/2535/1868
f 2482/2500/1838 2501/2533/1866 2502/2536/1869
f 2497/2501/1839 2516/2534/1867 2517/2528/1862
f 2491/2505/1843 2490/2502/1840 2509/2535/1868
f 2516/2534/1867 2535/2557/1888 2536/2538/1871
f 2510/2537/1870 2509/2535/1868 2528/2539/1872
f 2502/2536/1869 2521/2559/1889 2522/2541/1874
f 2510/2542/1870 2529/2577/1873 2530/2543/1875
f 2504/2518/1854 2503/2515/1852 2522/2541/1874
f 2512/2519/1855 2511/2517/1853 2530/2543/1875
f 2504/2518/1854 2523/2544/1876 2524/2546/1878
f 2512/2519/1855 2531/2545/1877 2532/2547/1879
f 2506/2522/1858 2505/2520/1856 2524/2546/1878
f 2514/2524/1860 2513/2521/1857 2532/2547/1879
f 2506/2551/1858 2525/2566/1880 2526/2552/1883
f 2500/2529/1863 2499/2523/1859 2518/2549/1881
f 2514/2524/1860 2533/2550/1882 2534/2554/1885
f 2508/2532/1865 2507/2526/1861 2526/2552/1883
f 2501/2533/1866 2500/2529/1863 2519/2553/1884
f 2515/2530/1864 2534/2554/1885 2535/2557/1888
f 2508/2558/1865 2527/4436/1886 2528/2539/1872
f 2502/2536/1869 2501/2533/1866 2520/2556/1887
f 2532/2547/1879 2531/2545/1877 2550/2560/1890
f 2525/2548/1880 2524/2546/1878 2543/2562/1892
f 2532/2547/1879 2551/2561/1891 2552/2565/1895
f 2525/2566/1880 2544/2598/1893 2545/2567/1896
f 2518/2549/1881 2537/2564/1894 2538/2568/1897
f 2533/2550/1882 2552/2565/1895 2553/2569/1898
f 2527/2555/1886 2526/2552/1883 2545/2567/1896
f 2519/2553/1884 2538/2568/1897 2539/2571/1900
f 2535/2557/1888 2534/2554/1885 2553/2569/1898
f 2527/2555/1886 2546/2570/1899 2547/2573/1902
f 2521/2559/1889 2520/2556/1887 2539/2571/1900
f 2536/2538/1871 2535/2557/1888 2554/2572/1901
f 2529/2577/1873 2528/4437/1872 2547/2578/1902
f 2521/2559/1889 2540/2575/1903 2541/2580/1906
f 2529/2577/1873 2548/2579/1905 2549/2581/1907
f 2522/2541/1874 2541/2580/1906 2542/2582/1908
f 2531/2545/1877 2530/2543/1875 2549/2581/1907
f 2523/2544/1876 2542/2582/1908 2543/2562/1892
f 2546/2570/1899 2565/2602/1926 2566/2583/1909
f 2540/2575/1903 2539/2571/1900 2558/2584/1910
f 2554/2572/1901 2573/2603/1927 2574/2586/1912
f 2548/2579/1905 2547/2578/1902 2566/2587/1909
f 2540/2575/1903 2559/2585/1911 2560/2589/1914
f 2548/2579/1905 2567/2588/1913 2568/2590/1915
f 2541/2580/1906 2560/2589/1914 2561/2591/1916
f 2550/2560/1890 2549/2581/1907 2568/2590/1915
f 2542/2582/1908 2561/2591/1916 2562/2593/1918
f 2550/2560/1890 2569/2592/1917 2570/2594/1919
f 2544/2563/1893 2543/2562/1892 2562/2593/1918
f 2551/2561/1891 2570/2594/1919 2571/2597/1922
f 2544/2598/1893 2563/2606/1920 2564/2599/1923
f 2537/2564/1894 2556/2596/1921 2557/2600/1924
f 2552/2565/1895 2571/2597/1922 2572/2601/1925
f 2546/2570/1899 2545/2567/1896 2564/2599/1923
f 2538/2568/1897 2557/2600/1924 2558/2584/1910
f 2553/2569/1898 2572/2601/1925 2573/2603/1927
f 2561/2591/1916 2580/2624/1945 2581/2604/1928
f 2569/2592/1917 2588/2625/1946 2589/2605/1929
f 2563/2606/1920 2562/4438/1918 2581/2607/1928
f 2571/2597/1922 2570/2594/1919 2589/2605/1929
f 2563/2606/1920 2582/2608/1930 2583/2611/1933
f 2556/2596/1921 2575/2609/1931 2576/2612/1934
f 2571/2597/1922 2590/2610/1932 2591/2613/1935
f 2565/2602/1926 2564/2599/1923 2583/2611/1933
f 2557/2600/1924 2576/2612/1934 2577/2615/1937
f 2573/2603/1927 2572/2601/1925 2591/2613/1935
f 2565/2602/1926 2584/2614/1936 2585/2617/1939
f 2559/2585/1911 2558/2584/1910 2577/2615/1937
f 2573/2603/1927 2592/2616/1938 2593/2619/1941
f 2567/2588/1913 2566/2587/1909 2585/2620/1939
f 2559/2585/1911 2578/2618/1940 2579/2622/1943
f 2567/2588/1913 2586/2621/1942 2587/2623/1944
f 2560/2589/1914 2579/2622/1943 2580/2624/1945
f 2569/2592/1917 2568/2590/1915 2587/2623/1944
f 2576/2612/1934 2595/2644/1963 2596/2626/1947
f 2591/2613/1935 2610/2645/1964 2611/2627/1948
f 2584/2614/1936 2603/2646/1965 2604/2628/1949
f 2578/2618/1940 2577/2615/1937 2596/2626/1947
f 2592/2616/1938 2611/2627/1948 2612/2630/1951
f 2586/2621/1942 2585/2620/1939 2604/2631/1949
f 2578/2618/1940 2597/2629/1950 2598/2633/1953
f 2586/2621/1942 2605/2632/1952 2606/2634/1954
f 2579/2622/1943 2598/2633/1953 2599/2635/1955
f 2588/2625/1946 2587/2623/1944 2606/2634/1954
f 2580/2624/1945 2599/2635/1955 2600/2637/1957
f 2589/2605/1929 2588/2625/1946 2607/2636/1956
f 2582/2608/1930 2581/2607/1928 2600/2639/1957
f 2590/2610/1932 2589/2605/1929 2608/2638/1958
f 2582/2608/1930 2601/2640/1959 2602/2643/1962
f 2575/2609/1931 2594/2641/1960 2595/2644/1963
f 2590/2610/1932 2609/2642/1961 2610/2645/1964
f 2584/2614/1936 2583/2611/1933 2602/2643/1962
f 2607/2636/1956 2606/2634/1954 2625/2647/1966
f 2599/2635/1955 2618/2667/1984 2619/2649/1968
f 2607/2636/1956 2626/2648/1967 2627/2650/1969
f 2601/2640/1959 2600/2639/1957 2619/2651/1968
f 2609/2642/1961 2608/2638/1958 2627/2650/1969
f 2601/2640/1959 2620/2652/1970 2621/2655/1973
f 2594/2641/1960 2613/2653/1971 2614/2656/1974
f 2609/2642/1961 2628/2654/1972 2629/2657/1975
f 2603/2646/1965 2602/2643/1962 2621/2655/1973
f 2595/2644/1963 2614/2656/1974 2615/2659/1977
f 2611/2627/1948 2610/2645/1964 2629/2657/1975
f 2603/2646/1965 2622/2658/1976 2623/2661/1979
f 2597/2629/1950 2596/2626/1947 2615/2659/1977
f 2611/2627/1948 2630/2660/1978 2631/2663/1981
f 2605/2664/1952 2604/2628/1949 2623/2661/1979
f 2597/2629/1950 2616/2662/1980 2617/2666/1983
f 2605/2632/1952 2624/4439/1982 2625/2647/1966
f 2598/2633/1953 2617/2666/1983 2618/2667/1984
f 2622/2658/1976 2621/2655/1973 1731/1675/1102
f 2615/2659/1977 2614/2656/1974 2633/1678/1105
f 2630/2660/1978 2629/2657/1975 2642/1679/1106
f 2622/2658/1976 2638/1681/1108 2639/1642/1073
f 2615/2659/1977 2634/1645/1076 1729/1647/1078
f 2631/2663/1981 2630/2660/1978 1735/1648/1079
f 2624/2665/1982 2623/2661/1979 2639/1642/1073
f 2616/2662/1980 1729/1647/1078 2635/1654/1085
f 2625/2647/1966 2624/4439/1982 1732/2668/1082
f 2618/2667/1984 2617/2666/1983 2635/1654/1085
f 2626/2648/1967 2625/2647/1966 2640/1656/1086
f 2618/2667/1984 2636/1660/1089 2637/1664/1093
f 2627/2650/1969 2626/2648/1967 2641/1661/1090
f 2619/2651/1968 2637/1667/1093 1730/1669/1097
f 2628/2654/1972 2627/2650/1969 1733/1665/1094
f 2620/2652/1970 1730/1669/1097 1731/1675/1102
f 2614/2656/1974 2613/2653/1971 2632/1670/1098
f 2629/2657/1975 2628/2654/1972 1734/1674/1101
usemtl BumperImpactOrange
f 2967/3061/1997 2932/3062/1998 2961/3063/1999
f 2981/3064/2000 2960/3065/2001 2975/3066/2002
f 2952/3067/2003 2966/3068/2004 2980/3069/2005
f 2940/3070/2006 2946/3071/2007 2933/3072/2008
f 2953/3073/2009 2974/3074/2010 2947/3075/2011
f 2931/3076/2012 2935/3077/2013 2937/3078/2014
f 2932/3062/1998 2935/3079/2015 2934/3080/2016
f 2933/3072/2008 2935/3081/2017 2936/3082/2018
f 2938/3083/2019 2942/3084/2020 2944/3085/2021
f 2939/3086/2022 2942/3087/2023 2941/3088/2024
f 2940/3070/2006 2942/3089/2025 2943/3090/2026
f 2945/3091/2027 2949/3092/2028 2951/3093/2029
f 2946/3071/2007 2949/3094/2030 2948/3095/2031
f 2947/3075/2011 2949/3096/2032 2950/3097/2033
f 2952/3067/2003 2956/3098/2034 2958/3099/2035
f 2953/3073/2009 2956/3100/2036 2955/3101/2037
f 2954/3102/2038 2956/3103/2039 2957/3104/2040
f 2959/3105/2041 2963/3106/2042 2965/3107/2043
f 2960/3065/2001 2963/3108/2044 2962/3109/2045
f 2961/3063/1999 2963/3110/2046 2964/3111/2047
f 2966/3068/2004 2970/3112/2048 2972/3113/2049
f 2967/3061/1997 2970/3114/2050 2969/3115/2051
f 2968/3116/2052 2970/3117/2053 2971/3118/2054
f 2973/3119/2055 2977/3120/2056 2979/3121/2057
f 2974/3074/2010 2977/3122/2058 2976/3123/2059
f 2975/3066/2002 2977/3124/2060 2978/3125/2061
f 2980/3069/2005 2984/3126/2062 2986/3127/2063
f 2981/3064/2000 2984/3128/2064 2983/3129/2065
f 2982/3130/2066 2984/3131/2067 2985/3132/2068
f 2931/3076/2012 2948/3133/2069 2945/3091/2027
f 2937/3134/2070 2946/3071/2007 2948/3095/2031
f 2938/3083/2019 2936/3135/2071 2932/3062/1998
f 2944/3136/2072 2933/3072/2008 2936/3082/2018
f 2952/3067/2003 2943/3137/2073 2939/3086/2022
f 2943/3090/2026 2954/3102/2038 2940/3070/2006
f 2947/3075/2011 2957/3138/2074 2953/3073/2009
f 2950/3139/2075 2954/3102/2038 2957/3104/2040
f 2973/3119/2055 2951/3093/2029 2976/3140/2076
f 2951/3141/2077 2974/3074/2010 2976/3123/2059
f 2980/3069/2005 2955/3142/2078 2952/3067/2003
f 2955/3101/2037 2982/3130/2066 2953/3073/2009
f 2975/3066/2002 2985/3143/2079 2981/3064/2000
f 2978/3144/2080 2982/3130/2066 2985/3132/2068
f 2973/3119/2055 2962/3145/2081 2959/3105/2041
f 2979/3146/2082 2960/3065/2001 2962/3109/2045
f 2966/3068/2004 2983/3147/2083 2980/3069/2005
f 2972/3148/2084 2981/3064/2000 2983/3129/2065
f 2961/3063/1999 2971/3149/2085 2967/3061/1997
f 2964/3150/2086 2968/3116/2052 2971/3118/2054
f 2959/3105/2041 2934/3151/2087 2931/3076/2012
f 2934/3080/2016 2961/3063/1999 2932/3062/1998
f 2966/3068/2004 2941/3088/2024 2969/3152/2088
f 2941/3153/2089 2967/3061/1997 2969/3115/2051
f 2973/3119/2055 2931/3076/2012 2945/3091/2027
f 3079/3246/2182 3044/3247/2183 3073/3248/2184
f 3093/3249/2185 3072/3250/2186 3087/3251/2187
f 3064/3252/2188 3078/3253/2189 3092/3254/2190
f 3052/3255/2191 3058/3256/2192 3045/3257/2193
f 3065/3258/2194 3086/3259/2195 3059/3260/2196
f 3043/3261/2197 3047/3262/2198 3049/3263/2199
f 3044/3247/2183 3047/3264/2200 3046/3265/2201
f 3045/3257/2193 3047/3266/2202 3048/3267/2071
f 3050/3268/2203 3054/3269/2204 3056/3270/2085
f 3051/3271/2205 3054/3272/2206 3053/3273/2207
f 3052/3255/2191 3054/3274/2208 3055/3275/2209
f 3057/3276/2210 3061/3277/2211 3063/3278/2212
f 3058/3256/2192 3061/3279/2213 3060/3280/2214
f 3059/3260/2196 3061/3281/2215 3062/3282/2075
f 3064/3252/2188 3068/3283/2216 3070/3284/2217
f 3065/3258/2194 3068/3285/2218 3067/3286/2219
f 3066/3287/2220 3068/3288/2221 3069/3118/2072
f 3071/3289/2222 3075/3290/2223 3077/3291/2224
f 3072/3250/2186 3075/3292/2225 3074/3293/2226
f 3073/3248/2184 3075/3294/2227 3076/3295/2086
f 3078/3253/2189 3082/3296/2228 3084/3297/2229
f 3079/3246/2182 3082/3100/2230 3081/3298/2231
f 3080/3299/2232 3082/3300/2233 3083/3301/2079
f 3085/3119/2234 3089/3302/2235 3091/3303/2236
f 3086/3259/2195 3089/3304/2237 3088/3305/2238
f 3087/3251/2187 3089/3306/2239 3090/3307/2080
f 3092/3254/2190 3096/3308/2240 3098/3309/2241
f 3093/3249/2185 3096/3089/2242 3095/3310/2243
f 3094/3311/2244 3096/3312/2245 3097/3313/2074
f 3043/3261/2197 3060/3314/2246 3057/3276/2210
f 3060/3280/2214 3045/3257/2193 3058/3256/2192
f 3050/3268/2203 3048/3315/2047 3044/3247/2183
f 3056/3316/2021 3045/3257/2193 3048/3267/2071
f 3064/3252/2188 3055/3317/2247 3051/3271/2205
f 3070/3318/2248 3052/3255/2191 3055/3275/2209
f 3059/3260/2196 3069/3319/2040 3065/3258/2194
f 3062/3320/2018 3066/3287/2220 3069/3118/2072
f 3057/3276/2210 3088/3321/2249 3085/3119/2234
f 3088/3305/2238 3059/3260/2196 3086/3259/2195
f 3092/3254/2190 3067/3322/2250 3064/3252/2188
f 3098/3323/2251 3065/3258/2194 3067/3286/2219
f 3087/3251/2187 3097/3324/2068 3093/3249/2185
f 3090/3325/2033 3094/3311/2244 3097/3313/2074
f 3085/3119/2234 3074/3326/2252 3071/3289/2222
f 3074/3293/2226 3087/3251/2187 3072/3250/2186
f 3078/3253/2189 3095/3327/2253 3092/3254/2190
f 3095/3310/2243 3080/3299/2232 3093/3249/2185
f 3073/3248/2184 3083/3328/2054 3079/3246/2182
f 3076/3329/2061 3080/3299/2232 3083/3301/2079
f 3071/3289/2222 3046/3330/2254 3043/3261/2197
f 3077/3331/2255 3044/3247/2183 3046/3265/2201
f 3051/3271/2205 3081/3332/2256 3078/3253/2189
f 3081/3298/2231 3050/3268/2203 3079/3246/2182
f 3057/3276/2210 3071/3289/2222 3043/3261/2197
f 3191/3061/2000 3156/3062/2001 3185/3063/2002
f 3205/3425/2009 3184/3065/2010 3199/3426/2011
f 3176/3427/2022 3190/3428/2005 3204/3429/2003
f 3164/3430/1997 3170/3431/1998 3157/3432/1999
f 3177/3073/2006 3198/3433/2007 3171/3075/2008
f 3155/3434/2041 3159/3435/2042 3161/3436/2043
f 3156/3062/2001 3159/3079/2044 3158/3080/2045
f 3157/3432/1999 3159/3437/2046 3160/3438/2047
f 3162/3083/2052 3166/3084/2053 3168/3085/2054
f 3163/3439/2004 3166/3440/2048 3165/3441/2049
f 3164/3430/1997 3166/3442/2050 3167/3443/2051
f 3169/3444/2012 3173/3445/2013 3175/3446/2014
f 3170/3431/1998 3173/3447/2015 3172/3448/2016
f 3171/3075/2008 3173/3096/2017 3174/3097/2018
f 3176/3427/2022 3180/3449/2023 3182/3450/2024
f 3177/3073/2006 3180/3100/2025 3179/3101/2026
f 3178/3451/2019 3180/3452/2020 3181/3453/2021
f 3183/3105/2055 3187/3106/2056 3189/3107/2057
f 3184/3065/2010 3187/3108/2058 3186/3454/2059
f 3185/3063/2002 3187/3110/2339 3188/3111/2061
f 3190/3428/2005 3194/3455/2062 3196/3456/2063
f 3191/3061/2000 3194/3114/2064 3193/3115/2065
f 3192/3116/2066 3194/3117/2067 3195/3118/2068
f 3197/3119/2027 3201/3457/2028 3203/3458/2340
f 3198/3433/2007 3201/3122/2341 3200/3123/2031
f 3199/3426/2011 3201/3459/2032 3202/3460/2033
f 3204/3429/2003 3208/3461/2034 3210/3462/2035
f 3205/3425/2009 3208/3463/2036 3207/3464/2037
f 3206/3465/2038 3208/3131/2039 3209/3132/2040
f 3155/3434/2041 3172/3466/2087 3169/3444/2012
f 3172/3448/2016 3157/3432/1999 3170/3431/1998
f 3162/3083/2052 3160/3135/2086 3156/3062/2001
f 3168/3467/2085 3157/3432/1999 3160/3438/2047
f 3163/3439/2004 3182/3450/2024 3167/3468/2088
f 3182/3469/2089 3164/3430/1997 3167/3443/2051
f 3171/3075/2008 3181/3138/2072 3177/3073/2006
f 3174/3470/2071 3178/3451/2019 3181/3453/2021
f 3197/3119/2027 3175/3446/2014 3200/3471/2069
f 3175/3141/2070 3198/3433/2007 3200/3123/2031
f 3204/3429/2003 3179/3472/2073 3176/3427/2022
f 3179/3101/2026 3206/3465/2038 3177/3073/2006
f 3199/3426/2011 3209/3473/2074 3205/3425/2009
f 3202/3144/2075 3206/3465/2038 3209/3132/2040
f 3197/3119/2027 3186/3474/2076 3183/3105/2055
f 3186/3454/2059 3199/3426/2011 3184/3065/2010
f 3190/3428/2005 3207/3475/2078 3204/3429/2003
f 3196/3476/2342 3205/3425/2009 3207/3464/2037
f 3185/3063/2002 3195/3149/2079 3191/3061/2000
f 3188/3150/2080 3192/3116/2066 3195/3118/2068
f 3183/3105/2055 3158/3477/2081 3155/3434/2041
f 3158/3080/2045 3185/3063/2002 3156/3062/2001
f 3190/3428/2005 3165/3441/2049 3193/3478/2083
f 3165/3153/2084 3191/3061/2000 3193/3115/2065
f 3197/3119/2027 3155/3434/2041 3169/3444/2012
f 3303/3570/2185 3268/3571/2186 3297/3572/2187
f 3317/3573/2194 3296/3574/2195 3311/3575/2196
f 3288/3576/2205 3302/3577/2190 3316/3578/2188
f 3276/3579/2182 3282/3580/2183 3269/3581/2184
f 3289/3582/2191 3310/3583/2192 3283/3584/2193
f 3267/3585/2222 3271/3586/2223 3273/3587/2224
f 3268/3571/2186 3271/3588/2225 3270/3589/2226
f 3269/3581/2184 3271/3590/2227 3272/3591/2086
f 3274/3592/2232 3278/3593/2233 3280/3594/2079
f 3275/3595/2189 3278/3596/2228 3277/3597/2229
f 3276/3579/2182 3278/3598/2230 3279/3599/2231
f 3281/3600/2197 3285/3601/2198 3287/3602/2199
f 3282/3580/2183 3285/3603/2200 3284/3604/2201
f 3283/3584/2193 3285/3605/2202 3286/3606/2071
f 3288/3576/2205 3292/3607/2206 3294/3608/2207
f 3289/3582/2191 3292/3609/2208 3291/3610/2209
f 3290/3611/2203 3292/3612/2204 3293/3613/2085
f 3295/3614/2234 3299/3615/2235 3301/3616/2236
f 3296/3574/2195 3299/3617/2237 3298/3618/2238
f 3297/3572/2187 3299/3619/2239 3300/3620/2080
f 3302/3577/2190 3306/3621/2240 3308/3622/2241
f 3303/3570/2185 3306/3623/2242 3305/3624/2243
f 3304/3625/2244 3306/3626/2245 3307/3627/2074
f 3309/3628/2210 3313/3629/2211 3315/3630/2212
f 3310/3583/2192 3313/3631/2213 3312/3632/2214
f 3311/3575/2196 3313/3633/2215 3314/3634/2075
f 3316/3578/2188 3320/3635/2216 3322/3636/2217
f 3317/3573/2194 3320/3637/2218 3319/3638/2219
f 3318/3639/2220 3320/3640/2221 3321/3641/2072
f 3267/3585/2222 3284/3642/2254 3281/3600/2197
f 3284/3604/2201 3269/3581/2184 3282/3580/2183
f 3274/3592/2232 3272/3643/2061 3268/3571/2186
f 3280/3644/2054 3269/3581/2184 3272/3591/2086
f 3288/3576/2205 3279/3645/2256 3275/3595/2189
f 3294/3646/2353 3276/3579/2182 3279/3599/2231
f 3283/3584/2193 3293/3647/2021 3289/3582/2191
f 3286/3648/2047 3290/3611/2203 3293/3613/2085
f 3281/3600/2197 3312/3649/2246 3309/3628/2210
f 3312/3632/2214 3283/3584/2193 3310/3583/2192
f 3316/3578/2188 3291/3650/2247 3288/3576/2205
f 3322/3651/2248 3289/3582/2191 3291/3610/2209
f 3311/3575/2196 3321/3652/2040 3317/3573/2194
f 3314/3653/2018 3318/3639/2220 3321/3641/2072
f 3309/3628/2210 3298/3654/2249 3295/3614/2234
f 3298/3618/2238 3311/3575/2196 3296/3574/2195
f 3302/3577/2190 3319/3655/2250 3316/3578/2188
f 3319/3638/2219 3304/3625/2244 3317/3573/2194
f 3297/3572/2187 3307/3656/2068 3303/3570/2185
f 3300/3657/2033 3304/3625/2244 3307/3627/2074
f 3295/3614/2234 3270/3658/2252 3267/3585/2222
f 3301/3659/2354 3268/3571/2186 3270/3589/2226
f 3275/3595/2189 3305/3660/2253 3302/3577/2190
f 3305/3624/2243 3274/3592/2232 3303/3570/2185
f 3281/3600/2197 3295/3614/2234 3267/3585/2222
f 3415/3061/2009 3380/3062/2010 3409/3063/2011
f 3429/3064/2006 3408/3753/2007 3423/3066/2008
f 3400/3754/2004 3414/3755/2003 3428/3756/2022
f 3388/3070/2000 3394/3757/2001 3381/3072/2002
f 3401/3073/1997 3422/3074/1998 3395/3075/1999
f 3379/3758/2055 3383/3759/2359 3385/3760/2057
f 3380/3062/2010 3383/3079/2058 3382/3080/2059
f 3381/3072/2002 3383/3761/2060 3384/3762/2061
f 3386/3083/2066 3390/3084/2067 3392/3085/2068
f 3387/3763/2005 3390/3764/2062 3389/3765/2063
f 3388/3070/2000 3390/3766/2064 3391/3310/2065
f 3393/3767/2041 3397/3768/2360 3399/3769/2043
f 3394/3757/2001 3397/3770/2044 3396/3095/2045
f 3395/3075/1999 3397/3096/2046 3398/3097/2047
f 3400/3754/2004 3404/3771/2048 3406/3630/2049
f 3401/3073/1997 3404/3100/2050 3403/3101/2051
f 3402/3772/2052 3404/3103/2053 3405/3104/2054
f 3407/3773/2027 3411/3774/2361 3413/3775/2029
f 3408/3753/2007 3411/3108/2030 3410/3109/2031
f 3409/3063/2011 3411/3110/2032 3412/3111/2033
f 3414/3755/2003 3418/3776/2034 3420/3777/2035
f 3415/3061/2009 3418/3114/2036 3417/3115/2037
f 3416/3778/2038 3418/3117/2039 3419/3118/2040
f 3421/3779/2012 3425/3780/2362 3427/3781/2014
f 3422/3074/1998 3425/3122/2015 3424/3123/2016
f 3423/3066/2008 3425/3782/2017 3426/3783/2018
f 3428/3756/2022 3432/3784/2023 3434/3785/2024
f 3429/3064/2006 3432/3463/2025 3431/3464/2026
f 3430/3130/2019 3432/3131/2020 3433/3132/2021
f 3379/3758/2055 3396/3786/2081 3393/3767/2041
f 3385/3134/2082 3394/3757/2001 3396/3095/2045
f 3386/3083/2066 3384/3135/2080 3380/3062/2010
f 3392/3787/2079 3381/3072/2002 3384/3762/2061
f 3400/3754/2004 3391/3788/2083 3387/3763/2005
f 3406/3789/2084 3388/3070/2000 3391/3310/2065
f 3395/3075/1999 3405/3138/2085 3401/3073/1997
f 3398/3139/2086 3402/3772/2052 3405/3104/2054
f 3421/3779/2012 3399/3769/2043 3424/3790/2087
f 3399/3141/2363 3422/3074/1998 3424/3123/2016
f 3428/3756/2022 3403/3791/2088 3400/3754/2004
f 3403/3101/2051 3430/3130/2019 3401/3073/1997
f 3423/3066/2008 3433/3473/2072 3429/3064/2006
f 3426/3144/2071 3430/3130/2019 3433/3132/2021
f 3421/3779/2012 3410/3792/2069 3407/3773/2027
f 3427/3793/2070 3408/3753/2007 3410/3109/2031
f 3414/3755/2003 3431/3794/2073 3428/3756/2022
f 3420/3148/2364 3429/3064/2006 3431/3464/2026
f 3409/3063/2011 3419/3149/2074 3415/3061/2009
f 3412/3150/2075 3416/3778/2038 3419/3118/2040
f 3407/3773/2027 3382/3795/2076 3379/3758/2055
f 3382/3080/2059 3409/3063/2011 3380/3062/2010
f 3414/3755/2003 3389/3765/2063 3417/3796/2078
f 3389/3153/2342 3415/3061/2009 3417/3115/2037
f 3421/3779/2012 3379/3758/2055 3393/3767/2041
f 3527/3889/2194 3492/3890/2195 3521/3891/2196
f 3541/3892/2191 3520/3893/2192 3535/3894/2193
f 3540/3895/2205 3499/3896/2190 3526/3897/2188
f 3500/3898/2185 3506/3899/2186 3493/3900/2187
f 3513/3901/2182 3534/3902/2183 3507/3903/2184
f 3491/3904/2234 3495/3905/2235 3497/3906/2236
f 3492/3890/2195 3495/3907/2237 3494/3908/2238
f 3493/3900/2187 3495/3909/2239 3496/3910/2080
f 3498/3911/2244 3502/3912/2245 3504/3913/2074
f 3499/3896/2190 3502/3914/2240 3501/3915/2241
f 3500/3898/2185 3502/3916/2242 3503/3917/2243
f 3505/3918/2222 3509/3919/2223 3511/3920/2224
f 3506/3899/2186 3509/3921/2225 3508/3922/2226
f 3507/3903/2184 3509/3923/2227 3510/3924/2086
f 3512/3925/2189 3516/3926/2228 3518/3927/2229
f 3513/3901/2182 3516/3928/2230 3515/3929/2231
f 3514/3930/2232 3516/3931/2233 3517/3932/2079
f 3519/3933/2210 3523/3934/2211 3525/3935/2212
f 3520/3893/2192 3523/3936/2213 3522/3937/2214
f 3521/3891/2196 3523/3938/2215 3524/3939/2075
f 3526/3897/2188 3530/3940/2216 3532/3941/2217
f 3527/3889/2194 3530/3942/2218 3529/3943/2219
f 3528/3944/2220 3530/3945/2221 3531/3946/2072
f 3533/3947/2197 3537/3948/2198 3539/3949/2199
f 3534/3902/2183 3537/3950/2200 3536/3951/2201
f 3535/3894/2193 3537/3952/2202 3538/3953/2071
f 3540/3895/2205 3544/3954/2206 3546/3955/2207
f 3541/3892/2191 3544/3956/2208 3543/3957/2209
f 3542/3958/2203 3544/3959/2204 3545/3960/2085
f 3491/3904/2234 3508/3961/2252 3505/3918/2222
f 3508/3922/2226 3493/3900/2187 3506/3899/2186
f 3498/3911/2244 3496/3962/2033 3492/3890/2195
f 3504/3963/2068 3493/3900/2187 3496/3910/2080
f 3512/3925/2189 3503/3964/2253 3499/3896/2190
f 3503/3917/2243 3514/3930/2232 3500/3898/2185
f 3507/3903/2184 3517/3965/2054 3513/3901/2182
f 3510/3966/2061 3514/3930/2232 3517/3932/2079
f 3505/3918/2222 3536/3967/2254 3533/3947/2197
f 3536/3951/2201 3507/3903/2184 3534/3902/2183
f 3540/3895/2205 3515/3968/2256 3512/3925/2189
f 3546/3969/2353 3513/3901/2182 3515/3929/2231
f 3541/3892/2191 3538/3953/2071 3545/3970/2021
f 3545/3960/2085 3534/3902/2183 3542/3958/2203
f 3533/3947/2197 3522/3971/2246 3519/3933/2210
f 3539/3972/2368 3520/3893/2192 3522/3937/2214
f 3526/3897/2188 3543/3973/2247 3540/3895/2205
f 3532/3974/2248 3541/3892/2191 3543/3957/2209
f 3521/3891/2196 3531/3975/2040 3527/3889/2194
f 3524/3976/2018 3528/3944/2220 3531/3946/2072
f 3519/3933/2210 3494/3977/2249 3491/3904/2234
f 3525/3978/2369 3492/3890/2195 3494/3908/2238
f 3499/3896/2190 3529/3979/2250 3526/3897/2188
f 3501/3980/2251 3527/3889/2194 3529/3943/2219
f 3533/3947/2197 3491/3904/2234 3505/3918/2222
f 3639/3061/2006 3604/3062/2007 3633/3063/2008
f 3653/3425/1997 3632/3065/1998 3647/3426/1999
f 3624/4073/2005 3638/4074/2022 3652/4075/2004
f 3612/4076/2009 3618/4077/2010 3605/4078/2011
f 3625/4079/2000 3646/4080/2001 3619/4081/2002
f 3603/4082/2027 3607/4083/2028 3609/4084/2029
f 3604/3062/2007 3607/3079/2030 3606/3080/2031
f 3605/4078/2011 3607/4085/2032 3608/3438/2033
f 3610/3083/2038 3614/3084/2039 3616/3085/2040
f 3611/4086/2003 3614/4087/2034 3613/4088/2035
f 3612/4076/2009 3614/4089/2036 3615/4090/2037
f 3617/4091/2055 3621/4092/2056 3623/4093/2057
f 3618/4077/2010 3621/4094/2058 3620/4095/2059
f 3619/4081/2002 3621/4096/2060 3622/4097/2061
f 3624/4073/2005 3628/4098/2062 3630/4099/2063
f 3625/4079/2000 3628/4100/2064 3627/4101/2065
f 3626/4102/2066 3628/3452/2067 3629/3453/2068
f 3631/4103/2012 3635/4104/2013 3637/4105/2014
f 3632/3065/1998 3635/3108/2015 3634/3454/2016
f 3633/3063/2008 3635/3110/2377 3636/3111/2018
f 3638/4074/2022 3642/4106/2023 3644/4107/2024
f 3639/3061/2006 3642/3114/2025 3641/3115/2026
f 3640/3116/2019 3642/3117/2020 3643/3118/2021
f 3645/4108/2041 3649/4109/2042 3651/4110/2378
f 3646/4080/2001 3649/4111/2379 3648/4112/2045
f 3647/3426/1999 3649/3782/2046 3650/3783/2047
f 3652/4075/2004 3656/4113/2048 3658/4114/2049
f 3653/3425/1997 3656/3463/2050 3655/3464/2051
f 3654/4115/2052 3656/4116/2053 3657/4117/2054
f 3603/4082/2027 3620/4118/2076 3617/4091/2055
f 3609/4119/2077 3618/4077/2010 3620/4095/2059
f 3610/3083/2038 3608/3135/2075 3604/3062/2007
f 3616/3787/2074 3605/4078/2011 3608/3438/2033
f 3624/4073/2005 3615/4120/2078 3611/4086/2003
f 3630/3469/2342 3612/4076/2009 3615/4090/2037
f 3619/4081/2002 3629/4121/2079 3625/4079/2000
f 3622/4122/2080 3626/4102/2066 3629/3453/2068
f 3645/4108/2041 3623/4093/2057 3648/4123/2081
f 3623/4124/2082 3646/4080/2001 3648/4112/2045
f 3652/4075/2004 3627/4125/2083 3624/4073/2005
f 3627/4101/2065 3654/4115/2052 3625/4079/2000
f 3647/3426/1999 3657/3473/2085 3653/3425/1997
f 3650/4126/2086 3654/4115/2052 3657/4117/2054
f 3645/4108/2041 3634/4127/2087 3631/4103/2012
f 3651/4128/2363 3632/3065/1998 3634/3454/2016
f 3638/4074/2022 3655/4129/2088 3652/4075/2004
f 3644/3476/2089 3653/3425/1997 3655/3464/2051
f 3633/3063/2008 3643/3149/2072 3639/3061/2006
f 3636/3150/2071 3640/3116/2019 3643/3118/2021
f 3631/4103/2012 3606/4130/2069 3603/4082/2027
f 3606/3080/2031 3633/3063/2008 3604/3062/2007
f 3638/4074/2022 3613/4088/2035 3641/4131/2073
f 3613/3153/2364 3639/3061/2006 3641/3115/2026
f 3645/4108/2041 3603/4082/2027 3617/4091/2055
f 3751/4218/2191 3716/4219/2192 3745/4220/2193
f 3765/4221/2182 3744/4222/2183 3759/4223/2184
f 3764/4224/2189 3723/4225/2188 3750/4226/2205
f 3724/4227/2194 3730/4228/2195 3717/4229/2196
f 3737/4230/2185 3758/4231/2186 3731/4232/2187
f 3715/4233/2210 3719/4234/2211 3721/4235/2212
f 3716/4219/2192 3719/4236/2213 3718/4237/2214
f 3717/4229/2196 3719/4238/2215 3720/4239/2075
f 3722/4240/2220 3726/4241/2221 3728/4242/2072
f 3723/4225/2188 3726/4243/2216 3725/4244/2217
f 3724/4227/2194 3726/4245/2218 3727/4246/2219
f 3729/4247/2234 3733/4248/2235 3735/4249/2236
f 3730/4228/2195 3733/4250/2237 3732/4251/2238
f 3731/4232/2187 3733/4252/2239 3734/4253/2080
f 3736/4254/2190 3740/4255/2240 3742/4256/2241
f 3737/4230/2185 3740/4257/2242 3739/4258/2243
f 3738/4259/2244 3740/4260/2245 3741/4261/2074
f 3743/4262/2197 3747/4263/2198 3749/4264/2199
f 3744/4222/2183 3747/4265/2200 3746/4266/2201
f 3745/4220/2193 3747/4267/2202 3748/4268/2071
f 3750/4226/2205 3754/4269/2206 3756/4270/2207
f 3751/4218/2191 3754/4271/2208 3753/4272/2209
f 3752/4273/2203 3754/4274/2204 3755/4275/2085
f 3757/4276/2222 3761/4277/2223 3763/4278/2224
f 3758/4231/2186 3761/4279/2225 3760/4280/2226
f 3759/4223/2184 3761/4281/2227 3762/4282/2086
f 3764/4224/2189 3768/4283/2228 3770/4284/2229
f 3765/4221/2182 3768/4285/2230 3767/4286/2231
f 3766/4287/2232 3768/4288/2233 3769/4289/2079
f 3715/4233/2210 3732/4290/2249 3729/4247/2234
f 3732/4251/2238 3717/4229/2196 3730/4228/2195
f 3722/4240/2220 3720/4291/2018 3716/4219/2192
f 3728/4292/2040 3717/4229/2196 3720/4239/2075
f 3736/4254/2190 3727/4293/2250 3723/4225/2188
f 3742/4294/2251 3724/4227/2194 3727/4246/2219
f 3731/4232/2187 3741/4295/2068 3737/4230/2185
f 3734/4296/2033 3738/4259/2244 3741/4261/2074
f 3729/4247/2234 3760/4297/2252 3757/4276/2222
f 3760/4280/2226 3731/4232/2187 3758/4231/2186
f 3764/4224/2189 3739/4298/2253 3736/4254/2190
f 3739/4258/2243 3766/4287/2232 3737/4230/2185
f 3759/4223/2184 3769/4299/2054 3765/4221/2182
f 3762/4300/2061 3766/4287/2232 3769/4289/2079
f 3757/4276/2222 3746/4301/2254 3743/4262/2197
f 3746/4266/2201 3759/4223/2184 3744/4222/2183
f 3750/4226/2205 3767/4302/2256 3764/4224/2189
f 3756/4303/2353 3765/4221/2182 3767/4286/2231
f 3745/4220/2193 3755/4304/2021 3751/4218/2191
f 3748/4305/2047 3752/4273/2203 3755/4275/2085
f 3743/4262/2197 3718/4306/2246 3715/4233/2210
f 3749/4307/2368 3716/4219/2192 3718/4237/2214
f 3723/4225/2188 3753/4308/2247 3750/4226/2205
f 3725/4309/2248 3751/4218/2191 3753/4272/2209
f 3757/4276/2222 3715/4233/2210 3729/4247/2234
f 2967/3061/1997 2938/3083/2019 2932/3062/1998
f 2981/3064/2000 2968/3116/2052 2960/3065/2001
f 2952/3067/2003 2939/3086/2022 2966/3068/2004
f 2940/3070/2006 2954/3102/2038 2946/3071/2007
f 2953/3073/2009 2982/3130/2066 2974/3074/2010
f 2931/3076/2012 2934/3151/2087 2935/3077/2013
f 2932/3062/1998 2936/3135/2071 2935/3079/2015
f 2933/3072/2008 2937/3134/2070 2935/3081/2017
f 2938/3083/2019 2941/3153/2089 2942/3084/2020
f 2939/3086/2022 2943/3137/2073 2942/3087/2023
f 2940/3070/2006 2944/3136/2072 2942/3089/2025
f 2945/3091/2027 2948/3133/2069 2949/3092/2028
f 2946/3071/2007 2950/3139/2075 2949/3094/2030
f 2947/3075/2011 2951/3141/2077 2949/3096/2032
f 2952/3067/2003 2955/3142/2078 2956/3098/2034
f 2953/3073/2009 2957/3138/2074 2956/3100/2036
f 2954/3102/2038 2958/4448/2364 2956/3103/2039
f 2959/3105/2041 2962/3145/2081 2963/3106/2042
f 2960/3065/2001 2964/3150/2086 2963/3108/2044
f 2961/3063/1999 2965/4449/2363 2963/3110/2046
f 2966/3068/2004 2969/3152/2088 2970/3112/2048
f 2967/3061/1997 2971/3149/2085 2970/3114/2050
f 2968/3116/2052 2972/3148/2084 2970/3117/2053
f 2973/3119/2055 2976/3140/2076 2977/3120/2056
f 2974/3074/2010 2978/3144/2080 2977/3122/2058
f 2975/3066/2002 2979/3146/2082 2977/3124/2060
f 2980/3069/2005 2983/3147/2083 2984/3126/2062
f 2981/3064/2000 2985/3143/2079 2984/3128/2064
f 2982/3130/2066 2986/4450/2342 2984/3131/2067
f 2931/3076/2012 2937/3078/2014 2948/3133/2069
f 2937/3134/2070 2933/3072/2008 2946/3071/2007
f 2938/3083/2019 2944/3085/2021 2936/3135/2071
f 2944/3136/2072 2940/3070/2006 2933/3072/2008
f 2952/3067/2003 2958/3099/2035 2943/3137/2073
f 2943/3090/2026 2958/4448/2364 2954/3102/2038
f 2947/3075/2011 2950/3097/2033 2957/3138/2074
f 2950/3139/2075 2946/3071/2007 2954/3102/2038
f 2973/3119/2055 2945/3091/2027 2951/3093/2029
f 2951/3141/2077 2947/3075/2011 2974/3074/2010
f 2980/3069/2005 2986/3127/2063 2955/3142/2078
f 2955/3101/2037 2986/4450/2342 2982/3130/2066
f 2975/3066/2002 2978/3125/2061 2985/3143/2079
f 2978/3144/2080 2974/3074/2010 2982/3130/2066
f 2973/3119/2055 2979/3121/2057 2962/3145/2081
f 2979/3146/2082 2975/3066/2002 2960/3065/2001
f 2966/3068/2004 2972/3113/2049 2983/3147/2083
f 2972/3148/2084 2968/3116/2052 2981/3064/2000
f 2961/3063/1999 2964/3111/2047 2971/3149/2085
f 2964/3150/2086 2960/3065/2001 2968/3116/2052
f 2959/3105/2041 2965/3107/2043 2934/3151/2087
f 2934/3080/2016 2965/4449/2363 2961/3063/1999
f 2966/3068/2004 2939/3086/2022 2941/3088/2024
f 2941/3153/2089 2938/3083/2019 2967/3061/1997
f 2973/3119/2055 2959/3105/2041 2931/3076/2012
f 3079/3246/2182 3050/3268/2203 3044/3247/2183
f 3093/3249/2185 3080/3299/2232 3072/3250/2186
f 3064/3252/2188 3051/3271/2205 3078/3253/2189
f 3052/3255/2191 3066/3287/2220 3058/3256/2192
f 3065/3258/2194 3094/3311/2244 3086/3259/2195
f 3043/3261/2197 3046/3330/2254 3047/3262/2198
f 3044/3247/2183 3048/3315/2047 3047/3264/2200
f 3045/3257/2193 3049/4455/2368 3047/3266/2202
f 3050/3268/2203 3053/4456/2353 3054/3269/2204
f 3051/3271/2205 3055/3317/2247 3054/3272/2206
f 3052/3255/2191 3056/3316/2021 3054/3274/2208
f 3057/3276/2210 3060/3314/2246 3061/3277/2211
f 3058/3256/2192 3062/3320/2018 3061/3279/2213
f 3059/3260/2196 3063/4457/2369 3061/3281/2215
f 3064/3252/2188 3067/3322/2250 3068/3283/2216
f 3065/3258/2194 3069/3319/2040 3068/3285/2218
f 3066/3287/2220 3070/3318/2248 3068/3288/2221
f 3071/3289/2222 3074/3326/2252 3075/3290/2223
f 3072/3250/2186 3076/3329/2061 3075/3292/2225
f 3073/3248/2184 3077/3331/2255 3075/3294/2227
f 3078/3253/2189 3081/3332/2256 3082/3296/2228
f 3079/3246/2182 3083/3328/2054 3082/3100/2230
f 3080/3299/2232 3084/4458/2385 3082/3300/2233
f 3085/3119/2234 3088/3321/2249 3089/3302/2235
f 3086/3259/2195 3090/3325/2033 3089/3304/2237
f 3087/3251/2187 3091/4459/2354 3089/3306/2239
f 3092/3254/2190 3095/3327/2253 3096/3308/2240
f 3093/3249/2185 3097/3324/2068 3096/3089/2242
f 3094/3311/2244 3098/3323/2251 3096/3312/2245
f 3043/3261/2197 3049/3263/2199 3060/3314/2246
f 3060/3280/2214 3049/4455/2368 3045/3257/2193
f 3050/3268/2203 3056/3270/2085 3048/3315/2047
f 3056/3316/2021 3052/3255/2191 3045/3257/2193
f 3064/3252/2188 3070/3284/2217 3055/3317/2247
f 3070/3318/2248 3066/3287/2220 3052/3255/2191
f 3059/3260/2196 3062/3282/2075 3069/3319/2040
f 3062/3320/2018 3058/3256/2192 3066/3287/2220
f 3057/3276/2210 3063/3278/2212 3088/3321/2249
f 3088/3305/2238 3063/4457/2369 3059/3260/2196
f 3092/3254/2190 3098/3309/2241 3067/3322/2250
f 3098/3323/2251 3094/3311/2244 3065/3258/2194
f 3087/3251/2187 3090/3307/2080 3097/3324/2068
f 3090/3325/2033 3086/3259/2195 3094/3311/2244
f 3085/3119/2234 3091/3303/2236 3074/3326/2252
f 3074/3293/2226 3091/4459/2354 3087/3251/2187
f 3078/3253/2189 3084/3297/2229 3095/3327/2253
f 3095/3310/2243 3084/4458/2385 3080/3299/2232
f 3073/3248/2184 3076/3295/2086 3083/3328/2054
f 3076/3329/2061 3072/3250/2186 3080/3299/2232
f 3071/3289/2222 3077/3291/2224 3046/3330/2254
f 3077/3331/2255 3073/3248/2184 3044/3247/2183
f 3051/3271/2205 3053/3273/2207 3081/3332/2256
f 3081/3298/2231 3053/4456/2353 3050/3268/2203
f 3057/3276/2210 3085/3119/2234 3071/3289/2222
f 3191/3061/2000 3162/3083/2052 3156/3062/2001
f 3205/3425/2009 3192/3116/2066 3184/3065/2010
f 3176/3427/2022 3163/3439/2004 3190/3428/2005
f 3164/3430/1997 3178/3451/2019 3170/3431/1998
f 3177/3073/2006 3206/3465/2038 3198/3433/2007
f 3155/3434/2041 3158/3477/2081 3159/3435/2042
f 3156/3062/2001 3160/3135/2086 3159/3079/2044
f 3157/3432/1999 3161/4119/2363 3159/3437/2046
f 3162/3083/2052 3165/3153/2084 3166/3084/2053
f 3163/3439/2004 3167/3468/2088 3166/3440/2048
f 3164/3430/1997 3168/3467/2085 3166/3442/2050
f 3169/3444/2012 3172/3466/2087 3173/3445/2013
f 3170/3431/1998 3174/3470/2071 3173/3447/2015
f 3171/3075/2008 3175/3141/2070 3173/3096/2017
f 3176/3427/2022 3179/3472/2073 3180/3449/2023
f 3177/3073/2006 3181/3138/2072 3180/3100/2025
f 3178/3451/2019 3182/3469/2089 3180/3452/2020
f 3183/3105/2055 3186/3474/2076 3187/3106/2056
f 3184/3065/2010 3188/3150/2080 3187/3108/2058
f 3185/3063/2002 3189/4449/2082 3187/3110/2339
f 3190/3428/2005 3193/3478/2083 3194/3455/2062
f 3191/3061/2000 3195/3149/2079 3194/3114/2064
f 3192/3116/2066 3196/3476/2342 3194/3117/2067
f 3197/3119/2027 3200/3471/2069 3201/3457/2028
f 3198/3433/2007 3202/3144/2075 3201/3122/2341
f 3199/3426/2011 3203/4464/2077 3201/3459/2032
f 3204/3429/2003 3207/3475/2078 3208/3461/2034
f 3205/3425/2009 3209/3473/2074 3208/3463/2036
f 3206/3465/2038 3210/4450/2364 3208/3131/2039
f 3155/3434/2041 3161/3436/2043 3172/3466/2087
f 3172/3448/2016 3161/4119/2363 3157/3432/1999
f 3162/3083/2052 3168/3085/2054 3160/3135/2086
f 3168/3467/2085 3164/3430/1997 3157/3432/1999
f 3163/3439/2004 3176/3427/2022 3182/3450/2024
f 3182/3469/2089 3178/3451/2019 3164/3430/1997
f 3171/3075/2008 3174/3097/2018 3181/3138/2072
f 3174/3470/2071 3170/3431/1998 3178/3451/2019
f 3197/3119/2027 3169/3444/2012 3175/3446/2014
f 3175/3141/2070 3171/3075/2008 3198/3433/2007
f 3204/3429/2003 3210/3462/2035 3179/3472/2073
f 3179/3101/2026 3210/4450/2364 3206/3465/2038
f 3199/3426/2011 3202/3460/2033 3209/3473/2074
f 3202/3144/2075 3198/3433/2007 3206/3465/2038
f 3197/3119/2027 3203/3458/2340 3186/3474/2076
f 3186/3454/2059 3203/4464/2077 3199/3426/2011
f 3190/3428/2005 3196/3456/2063 3207/3475/2078
f 3196/3476/2342 3192/3116/2066 3205/3425/2009
f 3185/3063/2002 3188/3111/2061 3195/3149/2079
f 3188/3150/2080 3184/3065/2010 3192/3116/2066
f 3183/3105/2055 3189/3107/2057 3158/3477/2081
f 3158/3080/2045 3189/4449/2082 3185/3063/2002
f 3190/3428/2005 3163/3439/2004 3165/3441/2049
f 3165/3153/2084 3162/3083/2052 3191/3061/2000
f 3197/3119/2027 3183/3105/2055 3155/3434/2041
f 3303/3570/2185 3274/3592/2232 3268/3571/2186
f 3317/3573/2194 3304/3625/2244 3296/3574/2195
f 3288/3576/2205 3275/3595/2189 3302/3577/2190
f 3276/3579/2182 3290/3611/2203 3282/3580/2183
f 3289/3582/2191 3318/3639/2220 3310/3583/2192
f 3267/3585/2222 3270/3658/2252 3271/3586/2223
f 3268/3571/2186 3272/3643/2061 3271/3588/2225
f 3269/3581/2184 3273/4470/2255 3271/3590/2227
f 3274/3592/2232 3277/4471/2385 3278/3593/2233
f 3275/3595/2189 3279/3645/2256 3278/3596/2228
f 3276/3579/2182 3280/3644/2054 3278/3598/2230
f 3281/3600/2197 3284/3642/2254 3285/3601/2198
f 3282/3580/2183 3286/3648/2047 3285/3603/2200
f 3283/3584/2193 3287/4472/2368 3285/3605/2202
f 3288/3576/2205 3291/3650/2247 3292/3607/2206
f 3289/3582/2191 3293/3647/2021 3292/3609/2208
f 3290/3611/2203 3294/3646/2353 3292/3612/2204
f 3295/3614/2234 3298/3654/2249 3299/3615/2235
f 3296/3574/2195 3300/3657/2033 3299/3617/2237
f 3297/3572/2187 3301/3659/2354 3299/3619/2239
f 3302/3577/2190 3305/3660/2253 3306/3621/2240
f 3303/3570/2185 3307/3656/2068 3306/3623/2242
f 3304/3625/2244 3308/4473/2251 3306/3626/2245
f 3309/3628/2210 3312/3649/2246 3313/3629/2211
f 3310/3583/2192 3314/3653/2018 3313/3631/2213
f 3311/3575/2196 3315/4474/2369 3313/3633/2215
f 3316/3578/2188 3319/3655/2250 3320/3635/2216
f 3317/3573/2194 3321/3652/2040 3320/3637/2218
f 3318/3639/2220 3322/3651/2248 3320/3640/2221
f 3267/3585/2222 3273/3587/2224 3284/3642/2254
f 3284/3604/2201 3273/4470/2255 3269/3581/2184
f 3274/3592/2232 3280/3594/2079 3272/3643/2061
f 3280/3644/2054 3276/3579/2182 3269/3581/2184
f 3288/3576/2205 3294/3608/2207 3279/3645/2256
f 3294/3646/2353 3290/3611/2203 3276/3579/2182
f 3283/3584/2193 3286/3606/2071 3293/3647/2021
f 3286/3648/2047 3282/3580/2183 3290/3611/2203
f 3281/3600/2197 3287/3602/2199 3312/3649/2246
f 3312/3632/2214 3287/4472/2368 3283/3584/2193
f 3316/3578/2188 3322/3636/2217 3291/3650/2247
f 3322/3651/2248 3318/3639/2220 3289/3582/2191
f 3311/3575/2196 3314/3634/2075 3321/3652/2040
f 3314/3653/2018 3310/3583/2192 3318/3639/2220
f 3309/3628/2210 3315/3630/2212 3298/3654/2249
f 3298/3618/2238 3315/4474/2369 3311/3575/2196
f 3302/3577/2190 3308/3622/2241 3319/3655/2250
f 3319/3638/2219 3308/4473/2251 3304/3625/2244
f 3297/3572/2187 3300/3620/2080 3307/3656/2068
f 3300/3657/2033 3296/3574/2195 3304/3625/2244
f 3295/3614/2234 3301/3616/2236 3270/3658/2252
f 3301/3659/2354 3297/3572/2187 3268/3571/2186
f 3275/3595/2189 3277/3597/2229 3305/3660/2253
f 3305/3624/2243 3277/4471/2385 3274/3592/2232
f 3281/3600/2197 3309/3628/2210 3295/3614/2234
f 3415/3061/2009 3386/3083/2066 3380/3062/2010
f 3429/3064/2006 3416/3778/2038 3408/3753/2007
f 3400/3754/2004 3387/3763/2005 3414/3755/2003
f 3388/3070/2000 3402/3772/2052 3394/3757/2001
f 3401/3073/1997 3430/3130/2019 3422/3074/1998
f 3379/3758/2055 3382/3795/2076 3383/3759/2359
f 3380/3062/2010 3384/3135/2080 3383/3079/2058
f 3381/3072/2002 3385/3134/2082 3383/3761/2060
f 3386/3083/2066 3389/3153/2342 3390/3084/2067
f 3387/3763/2005 3391/3788/2083 3390/3764/2062
f 3388/3070/2000 3392/3787/2079 3390/3766/2064
f 3393/3767/2041 3396/3786/2081 3397/3768/2360
f 3394/3757/2001 3398/3139/2086 3397/3770/2044
f 3395/3075/1999 3399/3141/2363 3397/3096/2046
f 3400/3754/2004 3403/3791/2088 3404/3771/2048
f 3401/3073/1997 3405/3138/2085 3404/3100/2050
f 3402/3772/2052 3406/3789/2084 3404/3103/2053
f 3407/3773/2027 3410/3792/2069 3411/3774/2361
f 3408/3753/2007 3412/3150/2075 3411/3108/2030
f 3409/3063/2011 3413/4449/2077 3411/3110/2032
f 3414/3755/2003 3417/3796/2078 3418/3776/2034
f 3415/3061/2009 3419/3149/2074 3418/3114/2036
f 3416/3778/2038 3420/3148/2364 3418/3117/2039
f 3421/3779/2012 3424/3790/2087 3425/3780/2362
f 3422/3074/1998 3426/3144/2071 3425/3122/2015
f 3423/3066/2008 3427/3793/2070 3425/3782/2017
f 3428/3756/2022 3431/3794/2073 3432/3784/2023
f 3429/3064/2006 3433/3473/2072 3432/3463/2025
f 3430/3130/2019 3434/4450/2089 3432/3131/2020
f 3379/3758/2055 3385/3760/2057 3396/3786/2081
f 3385/3134/2082 3381/3072/2002 3394/3757/2001
f 3386/3083/2066 3392/3085/2068 3384/3135/2080
f 3392/3787/2079 3388/3070/2000 3381/3072/2002
f 3400/3754/2004 3406/3630/2049 3391/3788/2083
f 3406/3789/2084 3402/3772/2052 3388/3070/2000
f 3395/3075/1999 3398/3097/2047 3405/3138/2085
f 3398/3139/2086 3394/3757/2001 3402/3772/2052
f 3421/3779/2012 3393/3767/2041 3399/3769/2043
f 3399/3141/2363 3395/3075/1999 3422/3074/1998
f 3428/3756/2022 3434/3785/2024 3403/3791/2088
f 3403/3101/2051 3434/4450/2089 3430/3130/2019
f 3423/3066/2008 3426/3783/2018 3433/3473/2072
f 3426/3144/2071 3422/3074/1998 3430/3130/2019
f 3421/3779/2012 3427/3781/2014 3410/3792/2069
f 3427/3793/2070 3423/3066/2008 3408/3753/2007
f 3414/3755/2003 3420/3777/2035 3431/3794/2073
f 3420/3148/2364 3416/3778/2038 3429/3064/2006
f 3409/3063/2011 3412/3111/2033 3419/3149/2074
f 3412/3150/2075 3408/3753/2007 3416/3778/2038
f 3407/3773/2027 3413/3775/2029 3382/3795/2076
f 3382/3080/2059 3413/4449/2077 3409/3063/2011
f 3414/3755/2003 3387/3763/2005 3389/3765/2063
f 3389/3153/2342 3386/3083/2066 3415/3061/2009
f 3421/3779/2012 3407/3773/2027 3379/3758/2055
f 3527/3889/2194 3498/3911/2244 3492/3890/2195
f 3541/3892/2191 3528/3944/2220 3520/3893/2192
f 3540/3895/2205 3512/3925/2189 3499/3896/2190
f 3500/3898/2185 3514/3930/2232 3506/3899/2186
f 3513/3901/2182 3542/3958/2203 3534/3902/2183
f 3491/3904/2234 3494/3977/2249 3495/3905/2235
f 3492/3890/2195 3496/3962/2033 3495/3907/2237
f 3493/3900/2187 3497/4482/2354 3495/3909/2239
f 3498/3911/2244 3501/3980/2251 3502/3912/2245
f 3499/3896/2190 3503/3964/2253 3502/3914/2240
f 3500/3898/2185 3504/3963/2068 3502/3916/2242
f 3505/3918/2222 3508/3961/2252 3509/3919/2223
f 3506/3899/2186 3510/3966/2061 3509/3921/2225
f 3507/3903/2184 3511/4483/2255 3509/3923/2227
f 3512/3925/2189 3515/3968/2256 3516/3926/2228
f 3513/3901/2182 3517/3965/2054 3516/3928/2230
f 3514/3930/2232 3518/4484/2385 3516/3931/2233
f 3519/3933/2210 3522/3971/2246 3523/3934/2211
f 3520/3893/2192 3524/3976/2018 3523/3936/2213
f 3521/3891/2196 3525/3978/2369 3523/3938/2215
f 3526/3897/2188 3529/3979/2250 3530/3940/2216
f 3527/3889/2194 3531/3975/2040 3530/3942/2218
f 3528/3944/2220 3532/3974/2248 3530/3945/2221
f 3533/3947/2197 3536/3967/2254 3537/3948/2198
f 3534/3902/2183 3538/4485/2047 3537/3950/2200
f 3535/3894/2193 3539/3972/2368 3537/3952/2202
f 3540/3895/2205 3543/3973/2247 3544/3954/2206
f 3541/3892/2191 3545/3970/2021 3544/3956/2208
f 3542/3958/2203 3546/3969/2353 3544/3959/2204
f 3491/3904/2234 3497/3906/2236 3508/3961/2252
f 3508/3922/2226 3497/4482/2354 3493/3900/2187
f 3498/3911/2244 3504/3913/2074 3496/3962/2033
f 3504/3963/2068 3500/3898/2185 3493/3900/2187
f 3512/3925/2189 3518/3927/2229 3503/3964/2253
f 3503/3917/2243 3518/4484/2385 3514/3930/2232
f 3507/3903/2184 3510/3924/2086 3517/3965/2054
f 3510/3966/2061 3506/3899/2186 3514/3930/2232
f 3505/3918/2222 3511/3920/2224 3536/3967/2254
f 3536/3951/2201 3511/4483/2255 3507/3903/2184
f 3540/3895/2205 3546/3955/2207 3515/3968/2256
f 3546/3969/2353 3542/3958/2203 3513/3901/2182
f 3541/3892/2191 3535/3894/2193 3538/3953/2071
f 3545/3960/2085 3538/4485/2047 3534/3902/2183
f 3533/3947/2197 3539/3949/2199 3522/3971/2246
f 3539/3972/2368 3535/3894/2193 3520/3893/2192
f 3526/3897/2188 3532/3941/2217 3543/3973/2247
f 3532/3974/2248 3528/3944/2220 3541/3892/2191
f 3521/3891/2196 3524/3939/2075 3531/3975/2040
f 3524/3976/2018 3520/3893/2192 3528/3944/2220
f 3519/3933/2210 3525/3935/2212 3494/3977/2249
f 3525/3978/2369 3521/3891/2196 3492/3890/2195
f 3499/3896/2190 3501/3915/2241 3529/3979/2250
f 3501/3980/2251 3498/3911/2244 3527/3889/2194
f 3533/3947/2197 3519/3933/2210 3491/3904/2234
f 3639/3061/2006 3610/3083/2038 3604/3062/2007
f 3653/3425/1997 3640/3116/2019 3632/3065/1998
f 3624/4073/2005 3611/4086/2003 3638/4074/2022
f 3612/4076/2009 3626/4102/2066 3618/4077/2010
f 3625/4079/2000 3654/4115/2052 3646/4080/2001
f 3603/4082/2027 3606/4130/2069 3607/4083/2028
f 3604/3062/2007 3608/3135/2075 3607/3079/2030
f 3605/4078/2011 3609/4119/2077 3607/4085/2032
f 3610/3083/2038 3613/3153/2364 3614/3084/2039
f 3611/4086/2003 3615/4120/2078 3614/4087/2034
f 3612/4076/2009 3616/3787/2074 3614/4089/2036
f 3617/4091/2055 3620/4118/2076 3621/4092/2056
f 3618/4077/2010 3622/4122/2080 3621/4094/2058
f 3619/4081/2002 3623/4124/2082 3621/4096/2060
f 3624/4073/2005 3627/4125/2083 3628/4098/2062
f 3625/4079/2000 3629/4121/2079 3628/4100/2064
f 3626/4102/2066 3630/3469/2342 3628/3452/2067
f 3631/4103/2012 3634/4127/2087 3635/4104/2013
f 3632/3065/1998 3636/3150/2071 3635/3108/2015
f 3633/3063/2008 3637/4449/2070 3635/3110/2377
f 3638/4074/2022 3641/4131/2073 3642/4106/2023
f 3639/3061/2006 3643/3149/2072 3642/3114/2025
f 3640/3116/2019 3644/3476/2089 3642/3117/2020
f 3645/4108/2041 3648/4123/2081 3649/4109/2042
f 3646/4080/2001 3650/4126/2086 3649/4111/2379
f 3647/3426/1999 3651/4128/2363 3649/3782/2046
f 3652/4075/2004 3655/4129/2088 3656/4113/2048
f 3653/3425/1997 3657/3473/2085 3656/3463/2050
f 3654/4115/2052 3658/4490/2084 3656/4116/2053
f 3603/4082/2027 3609/4084/2029 3620/4118/2076
f 3609/4119/2077 3605/4078/2011 3618/4077/2010
f 3610/3083/2038 3616/3085/2040 3608/3135/2075
f 3616/3787/2074 3612/4076/2009 3605/4078/2011
f 3624/4073/2005 3630/4099/2063 3615/4120/2078
f 3630/3469/2342 3626/4102/2066 3612/4076/2009
f 3619/4081/2002 3622/4097/2061 3629/4121/2079
f 3622/4122/2080 3618/4077/2010 3626/4102/2066
f 3645/4108/2041 3617/4091/2055 3623/4093/2057
f 3623/4124/2082 3619/4081/2002 3646/4080/2001
f 3652/4075/2004 3658/4114/2049 3627/4125/2083
f 3627/4101/2065 3658/4490/2084 3654/4115/2052
f 3647/3426/1999 3650/3783/2047 3657/3473/2085
f 3650/4126/2086 3646/4080/2001 3654/4115/2052
f 3645/4108/2041 3651/4110/2378 3634/4127/2087
f 3651/4128/2363 3647/3426/1999 3632/3065/1998
f 3638/4074/2022 3644/4107/2024 3655/4129/2088
f 3644/3476/2089 3640/3116/2019 3653/3425/1997
f 3633/3063/2008 3636/3111/2018 3643/3149/2072
f 3636/3150/2071 3632/3065/1998 3640/3116/2019
f 3631/4103/2012 3637/4105/2014 3606/4130/2069
f 3606/3080/2031 3637/4449/2070 3633/3063/2008
f 3638/4074/2022 3611/4086/2003 3613/4088/2035
f 3613/3153/2364 3610/3083/2038 3639/3061/2006
f 3645/4108/2041 3631/4103/2012 3603/4082/2027
f 3751/4218/2191 3722/4240/2220 3716/4219/2192
f 3765/4221/2182 3752/4273/2203 3744/4222/2183
f 3764/4224/2189 3736/4254/2190 3723/4225/2188
f 3724/4227/2194 3738/4259/2244 3730/4228/2195
f 3737/4230/2185 3766/4287/2232 3758/4231/2186
f 3715/4233/2210 3718/4306/2246 3719/4234/2211
f 3716/4219/2192 3720/4291/2018 3719/4236/2213
f 3717/4229/2196 3721/4494/2369 3719/4238/2215
f 3722/4240/2220 3725/4309/2248 3726/4241/2221
f 3723/4225/2188 3727/4293/2250 3726/4243/2216
f 3724/4227/2194 3728/4292/2040 3726/4245/2218
f 3729/4247/2234 3732/4290/2249 3733/4248/2235
f 3730/4228/2195 3734/4296/2033 3733/4250/2237
f 3731/4232/2187 3735/4495/2354 3733/4252/2239
f 3736/4254/2190 3739/4298/2253 3740/4255/2240
f 3737/4230/2185 3741/4295/2068 3740/4257/2242
f 3738/4259/2244 3742/4294/2251 3740/4260/2245
f 3743/4262/2197 3746/4301/2254 3747/4263/2198
f 3744/4222/2183 3748/4305/2047 3747/4265/2200
f 3745/4220/2193 3749/4307/2368 3747/4267/2202
f 3750/4226/2205 3753/4308/2247 3754/4269/2206
f 3751/4218/2191 3755/4304/2021 3754/4271/2208
f 3752/4273/2203 3756/4303/2353 3754/4274/2204
f 3757/4276/2222 3760/4297/2252 3761/4277/2223
f 3758/4231/2186 3762/4300/2061 3761/4279/2225
f 3759/4223/2184 3763/4470/2255 3761/4281/2227
f 3764/4224/2189 3767/4302/2256 3768/4283/2228
f 3765/4221/2182 3769/4299/2054 3768/4285/2230
f 3766/4287/2232 3770/4496/2385 3768/4288/2233
f 3715/4233/2210 3721/4235/2212 3732/4290/2249
f 3732/4251/2238 3721/4494/2369 3717/4229/2196
f 3722/4240/2220 3728/4242/2072 3720/4291/2018
f 3728/4292/2040 3724/4227/2194 3717/4229/2196
f 3736/4254/2190 3742/4256/2241 3727/4293/2250
f 3742/4294/2251 3738/4259/2244 3724/4227/2194
f 3731/4232/2187 3734/4253/2080 3741/4295/2068
f 3734/4296/2033 3730/4228/2195 3738/4259/2244
f 3729/4247/2234 3735/4249/2236 3760/4297/2252
f 3760/4280/2226 3735/4495/2354 3731/4232/2187
f 3764/4224/2189 3770/4284/2229 3739/4298/2253
f 3739/4258/2243 3770/4496/2385 3766/4287/2232
f 3759/4223/2184 3762/4282/2086 3769/4299/2054
f 3762/4300/2061 3758/4231/2186 3766/4287/2232
f 3757/4276/2222 3763/4278/2224 3746/4301/2254
f 3746/4266/2201 3763/4470/2255 3759/4223/2184
f 3750/4226/2205 3756/4270/2207 3767/4302/2256
f 3756/4303/2353 3752/4273/2203 3765/4221/2182
f 3745/4220/2193 3748/4268/2071 3755/4304/2021
f 3748/4305/2047 3744/4222/2183 3752/4273/2203
f 3743/4262/2197 3749/4264/2199 3718/4306/2246
f 3749/4307/2368 3745/4220/2193 3716/4219/2192
f 3723/4225/2188 3725/4244/2217 3753/4308/2247
f 3725/4309/2248 3722/4240/2220 3751/4218/2191
f 3757/4276/2222 3743/4262/2197 3715/4233/2210
