# Blender 4.4.1
# www.blender.org
mtllib pinball_bumper_ring.mtl
o PinballBumperRing
v 0.755000 0.610000 0.000000
v 0.744496 0.642328 0.000000
v 0.716996 0.662308 0.000000
v 0.683004 0.662308 0.000000
v 0.655504 0.642328 0.000000
v 0.645000 0.610000 0.000000
v 0.655504 0.577672 0.000000
v 0.683004 0.557692 0.000000
v 0.716996 0.557692 0.000000
v 0.744496 0.577672 0.000000
v 0.748541 0.610000 -0.098547
v 0.738127 0.642328 -0.097176
v 0.710862 0.662308 -0.093587
v 0.677161 0.662308 -0.089150
v 0.649896 0.642328 -0.085560
v 0.639482 0.610000 -0.084189
v 0.649896 0.577672 -0.085560
v 0.677161 0.557692 -0.089150
v 0.710862 0.557692 -0.093587
v 0.738127 0.577672 -0.097176
v 0.729274 0.610000 -0.195408
v 0.719128 0.642328 -0.192690
v 0.692565 0.662308 -0.185572
v 0.659731 0.662308 -0.176774
v 0.633168 0.642328 -0.169657
v 0.623022 0.610000 -0.166938
v 0.633168 0.577672 -0.169657
v 0.659731 0.557692 -0.176774
v 0.692565 0.557692 -0.185572
v 0.719128 0.577672 -0.192690
v 0.697529 0.610000 -0.288926
v 0.687825 0.642328 -0.284906
v 0.662418 0.662308 -0.274382
v 0.631014 0.662308 -0.261374
v 0.605607 0.642328 -0.250850
v 0.595902 0.610000 -0.246831
v 0.605607 0.577672 -0.250850
v 0.631014 0.557692 -0.261374
v 0.662418 0.557692 -0.274382
v 0.687825 0.577672 -0.284906
v 0.653849 0.610000 -0.377500
v 0.644752 0.642328 -0.372248
v 0.620937 0.662308 -0.358498
v 0.591499 0.662308 -0.341502
v 0.567683 0.642328 -0.327752
v 0.558586 0.610000 -0.322500
v 0.567683 0.577672 -0.327752
v 0.591499 0.557692 -0.341502
v 0.620937 0.557692 -0.358498
v 0.644752 0.577672 -0.372248
v 0.598982 0.610000 -0.459615
v 0.590648 0.642328 -0.453220
v 0.568831 0.662308 -0.436479
v 0.541864 0.662308 -0.415786
v 0.520046 0.642328 -0.399045
v 0.511713 0.610000 -0.392651
v 0.520046 0.577672 -0.399045
v 0.541864 0.557692 -0.415786
v 0.568831 0.557692 -0.436479
v 0.590648 0.577672 -0.453220
v 0.533866 0.610000 -0.533866
v 0.526438 0.642328 -0.526438
v 0.506993 0.662308 -0.506993
v 0.482957 0.662308 -0.482957
v 0.463511 0.642328 -0.463511
v 0.456084 0.610000 -0.456084
v 0.463511 0.577672 -0.463511
v 0.482957 0.557692 -0.482957
v 0.506993 0.557692 -0.506993
v 0.526438 0.577672 -0.526438
v 0.459615 0.610000 -0.598982
v 0.453220 0.642328 -0.590648
v 0.436480 0.662308 -0.568831
v 0.415787 0.662308 -0.541864
v 0.399046 0.642328 -0.520046
v 0.392651 0.610000 -0.511713
v 0.399046 0.577672 -0.520046
v 0.415787 0.557692 -0.541864
v 0.436480 0.557692 -0.568831
v 0.453220 0.577672 -0.590648
v 0.377500 0.610000 -0.653849
v 0.372248 0.642328 -0.644752
v 0.358498 0.662308 -0.620937
v 0.341502 0.662308 -0.591499
v 0.327752 0.642328 -0.567683
v 0.322500 0.610000 -0.558586
v 0.327752 0.577672 -0.567683
v 0.341502 0.557692 -0.591499
v 0.358498 0.557692 -0.620937
v 0.372248 0.577672 -0.644752
v 0.288926 0.610000 -0.697529
v 0.284906 0.642328 -0.687824
v 0.274383 0.662308 -0.662418
v 0.261375 0.662308 -0.631013
v 0.250851 0.642328 -0.605607
v 0.246831 0.610000 -0.595902
v 0.250851 0.577672 -0.605607
v 0.261375 0.557692 -0.631013
v 0.274383 0.557692 -0.662418
v 0.284906 0.577672 -0.687824
v 0.195408 0.610000 -0.729274
v 0.192690 0.642328 -0.719128
v 0.185572 0.662308 -0.692565
v 0.176774 0.662308 -0.659731
v 0.169657 0.642328 -0.633168
v 0.166938 0.610000 -0.623022
v 0.169657 0.577672 -0.633168
v 0.176774 0.557692 -0.659731
v 0.185572 0.557692 -0.692565
v 0.192690 0.577672 -0.719128
v 0.098547 0.610000 -0.748541
v 0.097176 0.642328 -0.738127
v 0.093587 0.662308 -0.710862
v 0.089150 0.662308 -0.677161
v 0.085560 0.642328 -0.649896
v 0.084189 0.610000 -0.639482
v 0.085560 0.577672 -0.649896
v 0.089150 0.557692 -0.677161
v 0.093587 0.557692 -0.710862
v 0.097176 0.577672 -0.738127
v 0.000000 0.610000 -0.755000
v 0.000000 0.642328 -0.744496
v 0.000000 0.662308 -0.716996
v 0.000000 0.662308 -0.683004
v 0.000000 0.642328 -0.655504
v 0.000000 0.610000 -0.645000
v 0.000000 0.577672 -0.655504
v 0.000000 0.557692 -0.683004
v 0.000000 0.557692 -0.716996
v 0.000000 0.577672 -0.744496
v -0.098547 0.610000 -0.748541
v -0.097176 0.642328 -0.738127
v -0.093587 0.662308 -0.710862
v -0.089150 0.662308 -0.677161
v -0.085561 0.642328 -0.649896
v -0.084189 0.610000 -0.639482
v -0.085561 0.577672 -0.649896
v -0.089150 0.557692 -0.677161
v -0.093587 0.557692 -0.710862
v -0.097176 0.577672 -0.738127
v -0.195408 0.610000 -0.729274
v -0.192690 0.642328 -0.719128
v -0.185572 0.662308 -0.692565
v -0.176774 0.662308 -0.659731
v -0.169657 0.642328 -0.633168
v -0.166938 0.610000 -0.623022
v -0.169657 0.577672 -0.633168
v -0.176774 0.557692 -0.659731
v -0.185572 0.557692 -0.692565
v -0.192690 0.577672 -0.719128
v -0.288926 0.610000 -0.697529
v -0.284906 0.642328 -0.687825
v -0.274383 0.662308 -0.662418
v -0.261374 0.662308 -0.631013
v -0.250851 0.642328 -0.605607
v -0.246831 0.610000 -0.595902
v -0.250851 0.577672 -0.605607
v -0.261374 0.557692 -0.631013
v -0.274383 0.557692 -0.662418
v -0.284906 0.577672 -0.687825
v -0.377500 0.610000 -0.653849
v -0.372248 0.642328 -0.644752
v -0.358498 0.662308 -0.620937
v -0.341502 0.662308 -0.591499
v -0.327752 0.642328 -0.567683
v -0.322500 0.610000 -0.558586
v -0.327752 0.577672 -0.567683
v -0.341502 0.557692 -0.591499
v -0.358498 0.557692 -0.620937
v -0.372248 0.577672 -0.644752
v -0.459615 0.610000 -0.598982
v -0.453220 0.642328 -0.590648
v -0.436479 0.662308 -0.568831
v -0.415787 0.662308 -0.541864
v -0.399046 0.642328 -0.520046
v -0.392651 0.610000 -0.511713
v -0.399046 0.577672 -0.520046
v -0.415787 0.557692 -0.541864
v -0.436479 0.557692 -0.568831
v -0.453220 0.577672 -0.590648
v -0.533866 0.610000 -0.533865
v -0.526438 0.642328 -0.526438
v -0.506993 0.662308 -0.506993
v -0.482957 0.662308 -0.482957
v -0.463511 0.642328 -0.463511
v -0.456084 0.610000 -0.456084
v -0.463511 0.577672 -0.463511
v -0.482957 0.557692 -0.482957
v -0.506993 0.557692 -0.506993
v -0.526438 0.577672 -0.526438
v -0.598982 0.610000 -0.459615
v -0.590648 0.642328 -0.453220
v -0.568831 0.662308 -0.436479
v -0.541864 0.662308 -0.415787
v -0.520046 0.642328 -0.399046
v -0.511713 0.610000 -0.392651
v -0.520046 0.577672 -0.399046
v -0.541864 0.557692 -0.415787
v -0.568831 0.557692 -0.436479
v -0.590648 0.577672 -0.453220
v -0.653849 0.610000 -0.377500
v -0.644752 0.642328 -0.372248
v -0.620937 0.662308 -0.358498
v -0.591499 0.662308 -0.341502
v -0.567683 0.642328 -0.327752
v -0.558586 0.610000 -0.322500
v -0.567683 0.577672 -0.327752
v -0.591499 0.557692 -0.341502
v -0.620937 0.557692 -0.358498
v -0.644752 0.577672 -0.372248
v -0.697529 0.610000 -0.288926
v -0.687825 0.642328 -0.284906
v -0.662418 0.662308 -0.274383
v -0.631013 0.662308 -0.261374
v -0.605607 0.642328 -0.250851
v -0.595902 0.610000 -0.246831
v -0.605607 0.577672 -0.250851
v -0.631013 0.557692 -0.261374
v -0.662418 0.557692 -0.274383
v -0.687825 0.577672 -0.284906
v -0.729274 0.610000 -0.195408
v -0.719128 0.642328 -0.192690
v -0.692565 0.662308 -0.185572
v -0.659731 0.662308 -0.176774
v -0.633168 0.642328 -0.169657
v -0.623022 0.610000 -0.166938
v -0.633168 0.577672 -0.169657
v -0.659731 0.557692 -0.176774
v -0.692565 0.557692 -0.185572
v -0.719128 0.577672 -0.192690
v -0.748541 0.610000 -0.098547
v -0.738127 0.642328 -0.097176
v -0.710862 0.662308 -0.093587
v -0.677161 0.662308 -0.089150
v -0.649896 0.642328 -0.085561
v -0.639482 0.610000 -0.084189
v -0.649896 0.577672 -0.085561
v -0.677161 0.557692 -0.089150
v -0.710862 0.557692 -0.093587
v -0.738127 0.577672 -0.097176
v -0.755000 0.610000 -0.000000
v -0.744496 0.642328 -0.000000
v -0.716996 0.662308 -0.000000
v -0.683004 0.662308 -0.000000
v -0.655504 0.642328 -0.000000
v -0.645000 0.610000 -0.000000
v -0.655504 0.577672 -0.000000
v -0.683004 0.557692 -0.000000
v -0.716996 0.557692 -0.000000
v -0.744496 0.577672 -0.000000
v -0.748541 0.610000 0.098547
v -0.738127 0.642328 0.097176
v -0.710862 0.662308 0.093587
v -0.677161 0.662308 0.089150
v -0.649896 0.642328 0.085561
v -0.639482 0.610000 0.084189
v -0.649896 0.577672 0.085561
v -0.677161 0.557692 0.089150
v -0.710862 0.557692 0.093587
v -0.738127 0.577672 0.097176
v -0.729274 0.610000 0.195408
v -0.719128 0.642328 0.192690
v -0.692565 0.662308 0.185572
v -0.659731 0.662308 0.176774
v -0.633168 0.642328 0.169657
v -0.623022 0.610000 0.166938
v -0.633168 0.577672 0.169657
v -0.659731 0.557692 0.176774
v -0.692565 0.557692 0.185572
v -0.719128 0.577672 0.192690
v -0.697529 0.610000 0.288926
v -0.687825 0.642328 0.284906
v -0.662418 0.662308 0.274382
v -0.631014 0.662308 0.261374
v -0.605607 0.642328 0.250850
v -0.595902 0.610000 0.246831
v -0.605607 0.577672 0.250850
v -0.631014 0.557692 0.261374
v -0.662418 0.557692 0.274382
v -0.687825 0.577672 0.284906
v -0.653849 0.610000 0.377500
v -0.644752 0.642328 0.372248
v -0.620937 0.662308 0.358498
v -0.591499 0.662308 0.341502
v -0.567683 0.642328 0.327752
v -0.558586 0.610000 0.322500
v -0.567683 0.577672 0.327752
v -0.591499 0.557692 0.341502
v -0.620937 0.557692 0.358498
v -0.644752 0.577672 0.372248
v -0.598982 0.610000 0.459615
v -0.590648 0.642328 0.453220
v -0.568831 0.662308 0.436479
v -0.541864 0.662308 0.415787
v -0.520046 0.642328 0.399046
v -0.511713 0.610000 0.392651
v -0.520046 0.577672 0.399046
v -0.541864 0.557692 0.415787
v -0.568831 0.557692 0.436479
v -0.590648 0.577672 0.453220
v -0.533866 0.610000 0.533865
v -0.526438 0.642328 0.526438
v -0.506993 0.662308 0.506993
v -0.482957 0.662308 0.482957
v -0.463511 0.642328 0.463511
v -0.456084 0.610000 0.456084
v -0.463511 0.577672 0.463511
v -0.482957 0.557692 0.482957
v -0.506993 0.557692 0.506993
v -0.526438 0.577672 0.526438
v -0.459615 0.610000 0.598981
v -0.453221 0.642328 0.590648
v -0.436480 0.662308 0.568831
v -0.415787 0.662308 0.541863
v -0.399046 0.642328 0.520046
v -0.392651 0.610000 0.511713
v -0.399046 0.577672 0.520046
v -0.415787 0.557692 0.541863
v -0.436480 0.557692 0.568831
v -0.453221 0.577672 0.590648
v -0.377500 0.610000 0.653849
v -0.372248 0.642328 0.644752
v -0.358498 0.662308 0.620937
v -0.341502 0.662308 0.591499
v -0.327752 0.642328 0.567683
v -0.322500 0.610000 0.558586
v -0.327752 0.577672 0.567683
v -0.341502 0.557692 0.591499
v -0.358498 0.557692 0.620937
v -0.372248 0.577672 0.644752
v -0.288926 0.610000 0.697529
v -0.284906 0.642328 0.687825
v -0.274383 0.662308 0.662418
v -0.261374 0.662308 0.631013
v -0.250851 0.642328 0.605607
v -0.246831 0.610000 0.595902
v -0.250851 0.577672 0.605607
v -0.261374 0.557692 0.631013
v -0.274383 0.557692 0.662418
v -0.284906 0.577672 0.687825
v -0.195409 0.610000 0.729274
v -0.192690 0.642328 0.719128
v -0.185572 0.662308 0.692565
v -0.176775 0.662308 0.659731
v -0.169657 0.642328 0.633168
v -0.166938 0.610000 0.623022
v -0.169657 0.577672 0.633168
v -0.176775 0.557692 0.659731
v -0.185572 0.557692 0.692565
v -0.192690 0.577672 0.719128
v -0.098548 0.610000 0.748541
v -0.097177 0.642328 0.738127
v -0.093587 0.662308 0.710862
v -0.089150 0.662308 0.677161
v -0.085561 0.642328 0.649896
v -0.084190 0.610000 0.639482
v -0.085561 0.577672 0.649896
v -0.089150 0.557692 0.677161
v -0.093587 0.557692 0.710862
v -0.097177 0.577672 0.738127
v 0.000000 0.610000 0.755000
v 0.000000 0.642328 0.744496
v 0.000000 0.662308 0.716996
v 0.000000 0.662308 0.683004
v 0.000000 0.642328 0.655504
v 0.000000 0.610000 0.645000
v 0.000000 0.577672 0.655504
v 0.000000 0.557692 0.683004
v 0.000000 0.557692 0.716996
v 0.000000 0.577672 0.744496
v 0.098547 0.610000 0.748541
v 0.097176 0.642328 0.738127
v 0.093587 0.662308 0.710862
v 0.089150 0.662308 0.677161
v 0.085560 0.642328 0.649896
v 0.084189 0.610000 0.639482
v 0.085560 0.577672 0.649896
v 0.089150 0.557692 0.677161
v 0.093587 0.557692 0.710862
v 0.097176 0.577672 0.738127
v 0.195408 0.610000 0.729274
v 0.192689 0.642328 0.719128
v 0.185572 0.662308 0.692565
v 0.176774 0.662308 0.659731
v 0.169657 0.642328 0.633168
v 0.166938 0.610000 0.623022
v 0.169657 0.577672 0.633168
v 0.176774 0.557692 0.659731
v 0.185572 0.557692 0.692565
v 0.192689 0.577672 0.719128
v 0.288926 0.610000 0.697529
v 0.284906 0.642328 0.687824
v 0.274383 0.662308 0.662418
v 0.261375 0.662308 0.631013
v 0.250851 0.642328 0.605607
v 0.246831 0.610000 0.595902
v 0.250851 0.577672 0.605607
v 0.261375 0.557692 0.631013
v 0.274383 0.557692 0.662418
v 0.284906 0.577672 0.687824
v 0.377500 0.610000 0.653849
v 0.372248 0.642328 0.644752
v 0.358498 0.662308 0.620937
v 0.341502 0.662308 0.591499
v 0.327752 0.642328 0.567683
v 0.322500 0.610000 0.558586
v 0.327752 0.577672 0.567683
v 0.341502 0.557692 0.591499
v 0.358498 0.557692 0.620937
v 0.372248 0.577672 0.644752
v 0.459615 0.610000 0.598982
v 0.453220 0.642328 0.590648
v 0.436479 0.662308 0.568831
v 0.415786 0.662308 0.541864
v 0.399045 0.642328 0.520046
v 0.392651 0.610000 0.511713
v 0.399045 0.577672 0.520046
v 0.415786 0.557692 0.541864
v 0.436479 0.557692 0.568831
v 0.453220 0.577672 0.590648
v 0.533865 0.610000 0.533866
v 0.526438 0.642328 0.526438
v 0.506992 0.662308 0.506993
v 0.482957 0.662308 0.482957
v 0.463511 0.642328 0.463512
v 0.456084 0.610000 0.456084
v 0.463511 0.577672 0.463512
v 0.482957 0.557692 0.482957
v 0.506992 0.557692 0.506993
v 0.526438 0.577672 0.526438
v 0.598982 0.610000 0.459615
v 0.590648 0.642328 0.453220
v 0.568831 0.662308 0.436479
v 0.541864 0.662308 0.415786
v 0.520046 0.642328 0.399045
v 0.511713 0.610000 0.392651
v 0.520046 0.577672 0.399045
v 0.541864 0.557692 0.415786
v 0.568831 0.557692 0.436479
v 0.590648 0.577672 0.453220
v 0.653849 0.610000 0.377500
v 0.644752 0.642328 0.372248
v 0.620937 0.662308 0.358498
v 0.591499 0.662308 0.341502
v 0.567683 0.642328 0.327752
v 0.558586 0.610000 0.322500
v 0.567683 0.577672 0.327752
v 0.591499 0.557692 0.341502
v 0.620937 0.557692 0.358498
v 0.644752 0.577672 0.372248
v 0.697529 0.610000 0.288926
v 0.687824 0.642328 0.284907
v 0.662418 0.662308 0.274383
v 0.631013 0.662308 0.261375
v 0.605607 0.642328 0.250851
v 0.595902 0.610000 0.246831
v 0.605607 0.577672 0.250851
v 0.631013 0.557692 0.261375
v 0.662418 0.557692 0.274383
v 0.687824 0.577672 0.284907
v 0.729274 0.610000 0.195408
v 0.719128 0.642328 0.192690
v 0.692565 0.662308 0.185572
v 0.659731 0.662308 0.176774
v 0.633168 0.642328 0.169657
v 0.623022 0.610000 0.166938
v 0.633168 0.577672 0.169657
v 0.659731 0.557692 0.176774
v 0.692565 0.557692 0.185572
v 0.719128 0.577672 0.192690
v 0.748541 0.610000 0.098547
v 0.738127 0.642328 0.097176
v 0.710862 0.662308 0.093587
v 0.677161 0.662308 0.089150
v 0.649896 0.642328 0.085560
v 0.639482 0.610000 0.084189
v 0.649896 0.577672 0.085560
v 0.677161 0.557692 0.089150
v 0.710862 0.557692 0.093587
v 0.738127 0.577672 0.097176
v 0.700000 0.170000 -0.015765
v 0.700000 0.182000 -0.028000
v 0.700000 0.173515 -0.024416
v 0.700000 0.610000 -0.015765
v 0.700000 0.598000 -0.028000
v 0.700000 0.606485 -0.024416
v 0.706033 0.170000 -0.014565
v 0.710715 0.182000 -0.025869
v 0.709344 0.173515 -0.022558
v 0.706033 0.610000 -0.014565
v 0.710715 0.598000 -0.025869
v 0.709344 0.606485 -0.022558
v 0.711147 0.170000 -0.011147
v 0.719799 0.182000 -0.019799
v 0.717265 0.173515 -0.017265
v 0.711147 0.610000 -0.011147
v 0.719799 0.598000 -0.019799
v 0.717265 0.606485 -0.017265
v 0.714565 0.170000 -0.006033
v 0.725869 0.182000 -0.010715
v 0.722558 0.173515 -0.009344
v 0.714565 0.610000 -0.006033
v 0.725869 0.598000 -0.010715
v 0.722558 0.606485 -0.009344
v 0.715765 0.170000 0.000000
v 0.728000 0.182000 0.000000
v 0.724416 0.173515 0.000000
v 0.715765 0.610000 0.000000
v 0.728000 0.598000 0.000000
v 0.724416 0.606485 0.000000
v 0.714565 0.170000 0.006033
v 0.725869 0.182000 0.010715
v 0.722558 0.173515 0.009344
v 0.714565 0.610000 0.006033
v 0.725869 0.598000 0.010715
v 0.722558 0.606485 0.009344
v 0.711147 0.170000 0.011147
v 0.719799 0.182000 0.019799
v 0.717265 0.173515 0.017265
v 0.711147 0.610000 0.011147
v 0.719799 0.598000 0.019799
v 0.717265 0.606485 0.017265
v 0.706033 0.170000 0.014565
v 0.710715 0.182000 0.025869
v 0.709344 0.173515 0.022558
v 0.706033 0.610000 0.014565
v 0.710715 0.598000 0.025869
v 0.709344 0.606485 0.022558
v 0.700000 0.170000 0.015765
v 0.700000 0.182000 0.028000
v 0.700000 0.173515 0.024416
v 0.700000 0.610000 0.015765
v 0.700000 0.598000 0.028000
v 0.700000 0.606485 0.024416
v 0.693967 0.170000 0.014565
v 0.689285 0.182000 0.025869
v 0.690656 0.173515 0.022558
v 0.693967 0.610000 0.014565
v 0.689285 0.598000 0.025869
v 0.690656 0.606485 0.022558
v 0.688853 0.170000 0.011147
v 0.680201 0.182000 0.019799
v 0.682735 0.173515 0.017265
v 0.688853 0.610000 0.011147
v 0.680201 0.598000 0.019799
v 0.682735 0.606485 0.017265
v 0.685435 0.170000 0.006033
v 0.674131 0.182000 0.010715
v 0.677442 0.173515 0.009344
v 0.685435 0.610000 0.006033
v 0.674131 0.598000 0.010715
v 0.677442 0.606485 0.009344
v 0.684235 0.170000 0.000000
v 0.672000 0.182000 0.000000
v 0.675584 0.173515 -0.000000
v 0.684235 0.610000 0.000000
v 0.672000 0.598000 0.000000
v 0.675584 0.606485 0.000000
v 0.685435 0.170000 -0.006033
v 0.674131 0.182000 -0.010715
v 0.677442 0.173515 -0.009344
v 0.685435 0.610000 -0.006033
v 0.674131 0.598000 -0.010715
v 0.677442 0.606485 -0.009344
v 0.688853 0.170000 -0.011147
v 0.680201 0.182000 -0.019799
v 0.682735 0.173515 -0.017265
v 0.688853 0.610000 -0.011147
v 0.680201 0.598000 -0.019799
v 0.682735 0.606485 -0.017265
v 0.693967 0.170000 -0.014565
v 0.689285 0.182000 -0.025869
v 0.690656 0.173515 -0.022558
v 0.693967 0.610000 -0.014565
v 0.689285 0.598000 -0.025869
v 0.690656 0.606485 -0.022558
v 0.000000 0.170000 -0.715765
v 0.000000 0.182000 -0.728000
v 0.000000 0.173515 -0.724416
v 0.000000 0.610000 -0.715765
v 0.000000 0.598000 -0.728000
v 0.000000 0.606485 -0.724416
v 0.006033 0.170000 -0.714565
v 0.010715 0.182000 -0.725869
v 0.009344 0.173515 -0.722558
v 0.006033 0.610000 -0.714565
v 0.010715 0.598000 -0.725869
v 0.009344 0.606485 -0.722558
v 0.011147 0.170000 -0.711147
v 0.019799 0.182000 -0.719799
v 0.017265 0.173515 -0.717265
v 0.011147 0.610000 -0.711147
v 0.019799 0.598000 -0.719799
v 0.017265 0.606485 -0.717265
v 0.014565 0.170000 -0.706033
v 0.025869 0.182000 -0.710715
v 0.022558 0.173515 -0.709344
v 0.014565 0.610000 -0.706033
v 0.025869 0.598000 -0.710715
v 0.022558 0.606485 -0.709344
v 0.015765 0.170000 -0.700000
v 0.028000 0.182000 -0.700000
v 0.024416 0.173515 -0.700000
v 0.015765 0.610000 -0.700000
v 0.028000 0.598000 -0.700000
v 0.024416 0.606485 -0.700000
v 0.014565 0.170000 -0.693967
v 0.025869 0.182000 -0.689285
v 0.022558 0.173515 -0.690656
v 0.014565 0.610000 -0.693967
v 0.025869 0.598000 -0.689285
v 0.022558 0.606485 -0.690656
v 0.011147 0.170000 -0.688853
v 0.019799 0.182000 -0.680201
v 0.017265 0.173515 -0.682735
v 0.011147 0.610000 -0.688853
v 0.019799 0.598000 -0.680201
v 0.017265 0.606485 -0.682735
v 0.006033 0.170000 -0.685435
v 0.010715 0.182000 -0.674131
v 0.009344 0.173515 -0.677442
v 0.006033 0.610000 -0.685435
v 0.010715 0.598000 -0.674131
v 0.009344 0.606485 -0.677442
v 0.000000 0.170000 -0.684235
v 0.000000 0.182000 -0.672000
v -0.000000 0.173515 -0.675584
v 0.000000 0.610000 -0.684235
v 0.000000 0.598000 -0.672000
v 0.000000 0.606485 -0.675584
v -0.006033 0.170000 -0.685435
v -0.010715 0.182000 -0.674131
v -0.009344 0.173515 -0.677442
v -0.006033 0.610000 -0.685435
v -0.010715 0.598000 -0.674131
v -0.009344 0.606485 -0.677442
v -0.011147 0.170000 -0.688853
v -0.019799 0.182000 -0.680201
v -0.017265 0.173515 -0.682735
v -0.011147 0.610000 -0.688853
v -0.019799 0.598000 -0.680201
v -0.017265 0.606485 -0.682735
v -0.014565 0.170000 -0.693967
v -0.025869 0.182000 -0.689285
v -0.022558 0.173515 -0.690656
v -0.014565 0.610000 -0.693967
v -0.025869 0.598000 -0.689285
v -0.022558 0.606485 -0.690656
v -0.015765 0.170000 -0.700000
v -0.028000 0.182000 -0.700000
v -0.024416 0.173515 -0.700000
v -0.015765 0.610000 -0.700000
v -0.028000 0.598000 -0.700000
v -0.024416 0.606485 -0.700000
v -0.014565 0.170000 -0.706033
v -0.025869 0.182000 -0.710715
v -0.022558 0.173515 -0.709344
v -0.014565 0.610000 -0.706033
v -0.025869 0.598000 -0.710715
v -0.022558 0.606485 -0.709344
v -0.011147 0.170000 -0.711147
v -0.019799 0.182000 -0.719799
v -0.017265 0.173515 -0.717265
v -0.011147 0.610000 -0.711147
v -0.019799 0.598000 -0.719799
v -0.017265 0.606485 -0.717265
v -0.006033 0.170000 -0.714565
v -0.010715 0.182000 -0.725869
v -0.009344 0.173515 -0.722558
v -0.006033 0.610000 -0.714565
v -0.010715 0.598000 -0.725869
v -0.009344 0.606485 -0.722558
v -0.700000 0.170000 -0.015765
v -0.700000 0.182000 -0.028000
v -0.700000 0.173515 -0.024416
v -0.700000 0.610000 -0.015765
v -0.700000 0.598000 -0.028000
v -0.700000 0.606485 -0.024416
v -0.693967 0.170000 -0.014565
v -0.689285 0.182000 -0.025869
v -0.690656 0.173515 -0.022558
v -0.693967 0.610000 -0.014565
v -0.689285 0.598000 -0.025869
v -0.690656 0.606485 -0.022558
v -0.688853 0.170000 -0.011147
v -0.680201 0.182000 -0.019799
v -0.682735 0.173515 -0.017265
v -0.688853 0.610000 -0.011147
v -0.680201 0.598000 -0.019799
v -0.682735 0.606485 -0.017265
v -0.685435 0.170000 -0.006033
v -0.674131 0.182000 -0.010715
v -0.677442 0.173515 -0.009344
v -0.685435 0.610000 -0.006033
v -0.674131 0.598000 -0.010715
v -0.677442 0.606485 -0.009344
v -0.684235 0.170000 0.000000
v -0.672000 0.182000 -0.000000
v -0.675584 0.173515 0.000000
v -0.684235 0.610000 0.000000
v -0.672000 0.598000 -0.000000
v -0.675584 0.606485 0.000000
v -0.685435 0.170000 0.006033
v -0.674131 0.182000 0.010715
v -0.677442 0.173515 0.009344
v -0.685435 0.610000 0.006033
v -0.674131 0.598000 0.010715
v -0.677442 0.606485 0.009344
v -0.688853 0.170000 0.011147
v -0.680201 0.182000 0.019799
v -0.682735 0.173515 0.017265
v -0.688853 0.610000 0.011147
v -0.680201 0.598000 0.019799
v -0.682735 0.606485 0.017265
v -0.693967 0.170000 0.014565
v -0.689285 0.182000 0.025869
v -0.690656 0.173515 0.022558
v -0.693967 0.610000 0.014565
v -0.689285 0.598000 0.025869
v -0.690656 0.606485 0.022558
v -0.700000 0.170000 0.015765
v -0.700000 0.182000 0.028000
v -0.700000 0.173515 0.024416
v -0.700000 0.610000 0.015765
v -0.700000 0.598000 0.028000
v -0.700000 0.606485 0.024416
v -0.706033 0.170000 0.014565
v -0.710715 0.182000 0.025869
v -0.709344 0.173515 0.022558
v -0.706033 0.610000 0.014565
v -0.710715 0.598000 0.025869
v -0.709344 0.606485 0.022558
v -0.711147 0.170000 0.011147
v -0.719799 0.182000 0.019799
v -0.717265 0.173515 0.017265
v -0.711147 0.610000 0.011147
v -0.719799 0.598000 0.019799
v -0.717265 0.606485 0.017265
v -0.714565 0.170000 0.006033
v -0.725869 0.182000 0.010715
v -0.722558 0.173515 0.009344
v -0.714565 0.610000 0.006033
v -0.725869 0.598000 0.010715
v -0.722558 0.606485 0.009344
v -0.715765 0.170000 0.000000
v -0.728000 0.182000 -0.000000
v -0.724416 0.173515 -0.000000
v -0.715765 0.610000 0.000000
v -0.728000 0.598000 -0.000000
v -0.724416 0.606485 0.000000
v -0.714565 0.170000 -0.006033
v -0.725869 0.182000 -0.010715
v -0.722558 0.173515 -0.009344
v -0.714565 0.610000 -0.006033
v -0.725869 0.598000 -0.010715
v -0.722558 0.606485 -0.009344
v -0.711147 0.170000 -0.011147
v -0.719799 0.182000 -0.019799
v -0.717265 0.173515 -0.017265
v -0.711147 0.610000 -0.011147
v -0.719799 0.598000 -0.019799
v -0.717265 0.606485 -0.017265
v -0.706033 0.170000 -0.014565
v -0.710715 0.182000 -0.025869
v -0.709344 0.173515 -0.022558
v -0.706033 0.610000 -0.014565
v -0.710715 0.598000 -0.025869
v -0.709344 0.606485 -0.022558
v 0.000000 0.170000 0.684235
v -0.000000 0.182000 0.672000
v 0.000000 0.173515 0.675584
v 0.000000 0.610000 0.684235
v -0.000000 0.598000 0.672000
v 0.000000 0.606485 0.675584
v 0.006033 0.170000 0.685435
v 0.010715 0.182000 0.674131
v 0.009344 0.173515 0.677442
v 0.006033 0.610000 0.685435
v 0.010715 0.598000 0.674131
v 0.009344 0.606485 0.677442
v 0.011147 0.170000 0.688853
v 0.019799 0.182000 0.680201
v 0.017265 0.173515 0.682735
v 0.011147 0.610000 0.688853
v 0.019799 0.598000 0.680201
v 0.017265 0.606485 0.682735
v 0.014565 0.170000 0.693967
v 0.025869 0.182000 0.689285
v 0.022558 0.173515 0.690656
v 0.014565 0.610000 0.693967
v 0.025869 0.598000 0.689285
v 0.022558 0.606485 0.690656
v 0.015765 0.170000 0.700000
v 0.028000 0.182000 0.700000
v 0.024416 0.173515 0.700000
v 0.015765 0.610000 0.700000
v 0.028000 0.598000 0.700000
v 0.024416 0.606485 0.700000
v 0.014565 0.170000 0.706033
v 0.025869 0.182000 0.710715
v 0.022558 0.173515 0.709344
v 0.014565 0.610000 0.706033
v 0.025869 0.598000 0.710715
v 0.022558 0.606485 0.709344
v 0.011147 0.170000 0.711147
v 0.019799 0.182000 0.719799
v 0.017265 0.173515 0.717265
v 0.011147 0.610000 0.711147
v 0.019799 0.598000 0.719799
v 0.017265 0.606485 0.717265
v 0.006033 0.170000 0.714565
v 0.010715 0.182000 0.725869
v 0.009344 0.173515 0.722558
v 0.006033 0.610000 0.714565
v 0.010715 0.598000 0.725869
v 0.009344 0.606485 0.722558
v 0.000000 0.170000 0.715765
v -0.000000 0.182000 0.728000
v -0.000000 0.173515 0.724416
v 0.000000 0.610000 0.715765
v -0.000000 0.598000 0.728000
v 0.000000 0.606485 0.724416
v -0.006033 0.170000 0.714565
v -0.010715 0.182000 0.725869
v -0.009344 0.173515 0.722558
v -0.006033 0.610000 0.714565
v -0.010715 0.598000 0.725869
v -0.009344 0.606485 0.722558
v -0.011147 0.170000 0.711147
v -0.019799 0.182000 0.719799
v -0.017265 0.173515 0.717265
v -0.011147 0.610000 0.711147
v -0.019799 0.598000 0.719799
v -0.017265 0.606485 0.717265
v -0.014565 0.170000 0.706033
v -0.025869 0.182000 0.710715
v -0.022558 0.173515 0.709344
v -0.014565 0.610000 0.706033
v -0.025869 0.598000 0.710715
v -0.022558 0.606485 0.709344
v -0.015765 0.170000 0.700000
v -0.028000 0.182000 0.700000
v -0.024416 0.173515 0.700000
v -0.015765 0.610000 0.700000
v -0.028000 0.598000 0.700000
v -0.024416 0.606485 0.700000
v -0.014565 0.170000 0.693967
v -0.025869 0.182000 0.689285
v -0.022558 0.173515 0.690656
v -0.014565 0.610000 0.693967
v -0.025869 0.598000 0.689285
v -0.022558 0.606485 0.690656
v -0.011147 0.170000 0.688853
v -0.019799 0.182000 0.680201
v -0.017265 0.173515 0.682735
v -0.011147 0.610000 0.688853
v -0.019799 0.598000 0.680201
v -0.017265 0.606485 0.682735
v -0.006033 0.170000 0.685435
v -0.010715 0.182000 0.674131
v -0.009344 0.173515 0.677442
v -0.006033 0.610000 0.685435
v -0.010715 0.598000 0.674131
v -0.009344 0.606485 0.677442
vn 0.9429 0.3090 -0.1241
vn 0.9511 0.3090 -0.0000
vn 0.5828 0.8090 -0.0767
vn 0.5878 0.8090 -0.0000
vn -0.0000 1.0000 -0.0000
vn -0.5828 0.8090 0.0767
vn -0.5878 0.8090 -0.0000
vn -0.9511 0.3090 -0.0000
vn -0.9429 0.3090 0.1241
vn -0.9429 -0.3090 0.1241
vn -0.9511 -0.3090 -0.0000
vn -0.5878 -0.8090 -0.0000
vn -0.5828 -0.8090 0.0767
vn -0.0000 -1.0000 -0.0000
vn 0.5828 -0.8090 -0.0767
vn 0.5878 -0.8090 -0.0000
vn 0.9429 -0.3090 -0.1241
vn 0.9511 -0.3090 -0.0000
vn 0.9186 0.3090 -0.2462
vn 0.5678 0.8090 -0.1521
vn -0.5678 0.8090 0.1521
vn -0.9187 0.3090 0.2462
vn -0.9187 -0.3090 0.2462
vn -0.5678 -0.8090 0.1521
vn 0.5678 -0.8090 -0.1521
vn 0.9186 -0.3090 -0.2462
vn 0.8787 0.3090 -0.3640
vn 0.5430 0.8090 -0.2249
vn -0.5430 0.8090 0.2249
vn -0.8787 0.3090 0.3640
vn -0.9186 0.3090 0.2462
vn -0.8787 -0.3090 0.3640
vn -0.5430 -0.8090 0.2249
vn 0.5430 -0.8090 -0.2249
vn 0.8787 -0.3090 -0.3640
vn 0.8236 0.3090 -0.4755
vn 0.5090 0.8090 -0.2939
vn -0.5090 0.8090 0.2939
vn -0.8236 0.3090 0.4755
vn -0.8236 -0.3090 0.4755
vn -0.5090 -0.8090 0.2939
vn 0.5090 -0.8090 -0.2939
vn 0.8236 -0.3090 -0.4755
vn 0.7545 0.3090 -0.5790
vn 0.4663 0.8090 -0.3578
vn -0.4663 0.8090 0.3578
vn -0.7545 0.3090 0.5790
vn -0.7545 -0.3090 0.5790
vn -0.4663 -0.8090 0.3578
vn 0.4663 -0.8090 -0.3578
vn 0.7545 -0.3090 -0.5790
vn 0.6725 0.3090 -0.6725
vn 0.4156 0.8090 -0.4156
vn -0.4156 0.8090 0.4156
vn -0.6725 0.3090 0.6725
vn -0.6725 -0.3090 0.6725
vn -0.4156 -0.8090 0.4156
vn 0.4156 -0.8090 -0.4156
vn 0.6725 -0.3090 -0.6725
vn 0.5790 0.3090 -0.7545
vn 0.3578 0.8090 -0.4663
vn -0.3578 0.8090 0.4663
vn -0.5790 0.3090 0.7545
vn -0.5790 -0.3090 0.7545
vn -0.3578 -0.8090 0.4663
vn 0.3578 -0.8090 -0.4663
vn 0.5790 -0.3090 -0.7545
vn 0.4755 0.3090 -0.8236
vn 0.2939 0.8090 -0.5090
vn -0.2939 0.8090 0.5090
vn -0.4755 0.3090 0.8236
vn -0.4755 -0.3090 0.8236
vn -0.2939 -0.8090 0.5090
vn 0.2939 -0.8090 -0.5090
vn 0.4755 -0.3090 -0.8236
vn 0.3640 0.3090 -0.8787
vn 0.2249 0.8090 -0.5430
vn -0.2249 0.8090 0.5430
vn -0.3640 0.3090 0.8787
vn -0.3640 -0.3090 0.8787
vn -0.2249 -0.8090 0.5430
vn 0.2249 -0.8090 -0.5430
vn 0.3640 -0.3090 -0.8787
vn 0.2461 0.3090 -0.9187
vn 0.1521 0.8090 -0.5678
vn -0.1521 0.8090 0.5678
vn -0.2461 0.3090 0.9187
vn -0.2462 -0.3090 0.9187
vn -0.1521 -0.8090 0.5678
vn 0.1521 -0.8090 -0.5678
vn 0.2462 -0.3090 -0.9187
vn 0.1241 0.3090 -0.9429
vn 0.2462 0.3090 -0.9187
vn 0.0767 0.8090 -0.5828
vn -0.0767 0.8090 0.5828
vn -0.1241 0.3090 0.9429
vn -0.2462 0.3090 0.9186
vn -0.2462 -0.3090 0.9186
vn -0.1241 -0.3090 0.9429
vn -0.0767 -0.8090 0.5828
vn 0.0767 -0.8090 -0.5828
vn 0.1241 -0.3090 -0.9429
vn -0.0000 0.3090 -0.9511
vn -0.0000 0.8090 -0.5878
vn -0.0000 0.8090 0.5878
vn -0.0000 0.3090 0.9511
vn -0.0000 -0.3090 0.9511
vn -0.0000 -0.8090 0.5878
vn -0.0000 -0.8090 -0.5878
vn -0.0000 -0.3090 -0.9511
vn -0.1241 0.3090 -0.9429
vn -0.0767 0.8090 -0.5828
vn 0.0767 0.8090 0.5828
vn 0.1241 0.3090 0.9429
vn 0.1241 -0.3090 0.9429
vn 0.0767 -0.8090 0.5828
vn -0.0767 -0.8090 -0.5828
vn -0.1241 -0.3090 -0.9429
vn -0.2462 0.3090 -0.9186
vn -0.1521 0.8090 -0.5678
vn 0.1521 0.8090 0.5678
vn 0.2462 0.3090 0.9187
vn 0.2462 -0.3090 0.9187
vn 0.1521 -0.8090 0.5678
vn -0.1521 -0.8090 -0.5678
vn -0.2462 -0.3090 -0.9187
vn -0.3640 0.3090 -0.8787
vn -0.2462 0.3090 -0.9187
vn -0.2249 0.8090 -0.5430
vn 0.2249 0.8090 0.5430
vn 0.3640 0.3090 0.8787
vn 0.3640 -0.3090 0.8787
vn 0.2249 -0.8090 0.5430
vn -0.2249 -0.8090 -0.5430
vn -0.3640 -0.3090 -0.8787
vn -0.2461 -0.3090 -0.9187
vn -0.4755 0.3090 -0.8236
vn -0.2939 0.8090 -0.5090
vn 0.2939 0.8090 0.5090
vn 0.4755 0.3090 0.8236
vn 0.4755 -0.3090 0.8236
vn 0.2939 -0.8090 0.5090
vn -0.2939 -0.8090 -0.5090
vn -0.4755 -0.3090 -0.8236
vn -0.5790 0.3090 -0.7545
vn -0.3578 0.8090 -0.4663
vn 0.3578 0.8090 0.4663
vn 0.5790 0.3090 0.7545
vn 0.5790 -0.3090 0.7545
vn 0.3578 -0.8090 0.4663
vn -0.3578 -0.8090 -0.4663
vn -0.5790 -0.3090 -0.7545
vn -0.6725 0.3090 -0.6725
vn -0.4156 0.8090 -0.4156
vn 0.4156 0.8090 0.4156
vn 0.6725 0.3090 0.6725
vn 0.6725 -0.3090 0.6725
vn 0.4156 -0.8090 0.4156
vn -0.4156 -0.8090 -0.4156
vn -0.6725 -0.3090 -0.6725
vn -0.7545 0.3090 -0.5790
vn -0.4663 0.8090 -0.3578
vn 0.4663 0.8090 0.3578
vn 0.7545 0.3090 0.5790
vn 0.7545 -0.3090 0.5790
vn 0.4663 -0.8090 0.3578
vn -0.4663 -0.8090 -0.3578
vn -0.7545 -0.3090 -0.5790
vn -0.8236 0.3090 -0.4755
vn -0.5090 0.8090 -0.2939
vn 0.5090 0.8090 0.2939
vn 0.8236 0.3090 0.4755
vn 0.8236 -0.3090 0.4755
vn 0.5090 -0.8090 0.2939
vn -0.5090 -0.8090 -0.2939
vn -0.8236 -0.3090 -0.4755
vn -0.8787 0.3090 -0.3640
vn -0.5430 0.8090 -0.2249
vn 0.5430 0.8090 0.2249
vn 0.8787 0.3090 0.3640
vn 0.8787 -0.3090 0.3640
vn 0.5430 -0.8090 0.2249
vn -0.5430 -0.8090 -0.2249
vn -0.8787 -0.3090 -0.3640
vn -0.9187 0.3090 -0.2462
vn -0.5678 0.8090 -0.1521
vn 0.5678 0.8090 0.1521
vn 0.9187 0.3090 0.2461
vn 0.9186 -0.3090 0.2462
vn 0.5678 -0.8090 0.1521
vn -0.5678 -0.8090 -0.1521
vn -0.9187 -0.3090 -0.2461
vn -0.9429 0.3090 -0.1241
vn -0.9186 0.3090 -0.2462
vn -0.5828 0.8090 -0.0767
vn 0.5828 0.8090 0.0767
vn 0.9429 0.3090 0.1241
vn 0.9187 0.3090 0.2462
vn 0.9429 -0.3090 0.1241
vn 0.5828 -0.8090 0.0767
vn -0.5828 -0.8090 -0.0767
vn -0.9429 -0.3090 -0.1241
vn -0.9186 -0.3090 -0.2462
vn 0.9187 0.3090 -0.2462
vn 0.9187 -0.3090 -0.2461
vn -0.9186 -0.3090 0.2462
vn 0.2462 -0.3090 -0.9186
vn 0.2462 0.3090 -0.9186
vn 0.2462 0.3090 0.9186
vn 0.2462 -0.3090 0.9186
vn 0.2461 -0.3090 0.9186
vn -0.9187 -0.3090 -0.2462
vn 0.9187 -0.3090 0.2462
vn -0.3754 0.1938 -0.9064
vn -0.0000 -0.1938 -0.9810
vn -0.3754 -0.1938 -0.9064
vn 0.6937 0.1938 -0.6937
vn 0.9064 -0.1938 -0.3754
vn 0.6937 -0.1938 -0.6937
vn 0.9064 0.1938 -0.3754
vn 0.9810 -0.1938 -0.0000
vn 0.9810 0.1938 -0.0000
vn 0.9064 -0.1938 0.3754
vn 0.9064 0.1938 0.3754
vn 0.6937 -0.1938 0.6937
vn 0.6937 0.1938 0.6937
vn 0.3754 -0.1938 0.9064
vn 0.3754 0.1938 0.9064
vn -0.0000 -0.1938 0.9810
vn -0.0000 0.1938 0.9810
vn -0.3754 -0.1938 0.9064
vn -0.3754 0.1938 0.9064
vn -0.6937 -0.1938 0.6937
vn -0.6937 0.1938 0.6937
vn -0.9064 -0.1938 0.3754
vn -0.9064 0.1938 0.3754
vn -0.9810 -0.1938 -0.0000
vn -0.9810 0.1938 -0.0000
vn -0.9064 -0.1938 -0.3754
vn -0.9064 0.1938 -0.3754
vn -0.6937 -0.1938 -0.6937
vn -0.6937 0.1938 -0.6937
vn 0.3754 0.1938 -0.9064
vn 0.3754 -0.1938 -0.9064
vn -0.1518 0.9767 0.1518
vn 0.1518 0.9767 0.1518
vn 0.1518 0.9767 -0.1518
vn -0.0000 0.1938 -0.9810
vn 0.3525 -0.3891 -0.8511
vn -0.0000 -0.3891 -0.9212
vn -0.0000 -0.9265 -0.3764
vn 0.0821 -0.9767 -0.1983
vn -0.0000 -0.9767 -0.2146
vn 0.3525 0.3891 -0.8511
vn 0.1440 0.9265 -0.3477
vn -0.0000 0.9767 -0.2146
vn 0.0821 0.9767 -0.1983
vn 0.1440 -0.9265 -0.3477
vn 0.1518 -0.9767 -0.1518
vn 0.6514 0.3891 -0.6514
vn 0.2661 0.9265 -0.2661
vn 0.6514 -0.3891 -0.6514
vn 0.2661 -0.9265 -0.2661
vn 0.1983 -0.9767 -0.0821
vn 0.8511 0.3891 -0.3525
vn 0.1983 0.9767 -0.0821
vn 0.3477 0.9265 -0.1440
vn 0.8511 -0.3891 -0.3525
vn 0.3477 -0.9265 -0.1440
vn 0.2146 -0.9767 -0.0000
vn 0.9212 0.3891 -0.0000
vn 0.2146 0.9767 -0.0000
vn 0.3764 0.9265 -0.0000
vn 0.8511 -0.3891 0.3525
vn 0.9212 -0.3891 -0.0000
vn 0.3477 -0.9265 0.1440
vn 0.3764 -0.9265 -0.0000
vn 0.8511 0.3891 0.3525
vn 0.3477 0.9265 0.1440
vn 0.1983 0.9767 0.0821
vn 0.6514 -0.3891 0.6514
vn 0.2661 -0.9265 0.2661
vn 0.1983 -0.9767 0.0821
vn 0.6514 0.3891 0.6514
vn 0.2661 0.9265 0.2661
vn 0.1440 -0.9265 0.3477
vn 0.1518 -0.9767 0.1518
vn 0.3525 0.3891 0.8511
vn 0.1440 0.9265 0.3477
vn 0.0821 0.9767 0.1983
vn 0.3525 -0.3891 0.8511
vn -0.0000 -0.9265 0.3764
vn 0.0821 -0.9767 0.1983
vn -0.0000 0.3891 0.9212
vn -0.0000 0.9767 0.2146
vn -0.0000 0.9265 0.3764
vn -0.3525 -0.3891 0.8511
vn -0.0000 -0.3891 0.9212
vn -0.1440 -0.9265 0.3477
vn -0.0000 -0.9767 0.2146
vn -0.3525 0.3891 0.8511
vn -0.1440 0.9265 0.3477
vn -0.0821 0.9767 0.1983
vn -0.6514 -0.3891 0.6514
vn -0.1518 -0.9767 0.1518
vn -0.0821 -0.9767 0.1983
vn -0.6514 0.3891 0.6514
vn -0.2661 0.9265 0.2661
vn -0.2661 -0.9265 0.2661
vn -0.1983 -0.9767 0.0821
vn -0.8511 0.3891 0.3525
vn -0.1983 0.9767 0.0821
vn -0.3477 0.9265 0.1440
vn -0.8511 -0.3891 0.3525
vn -0.3477 -0.9265 0.1440
vn -0.2146 -0.9767 -0.0000
vn -0.9212 0.3891 -0.0000
vn -0.2146 0.9767 -0.0000
vn -0.3764 0.9265 -0.0000
vn -0.8511 -0.3891 -0.3525
vn -0.9212 -0.3891 -0.0000
vn -0.3477 -0.9265 -0.1440
vn -0.3764 -0.9265 -0.0000
vn -0.8511 0.3891 -0.3525
vn -0.3477 0.9265 -0.1440
vn -0.1983 0.9767 -0.0821
vn -0.6514 -0.3891 -0.6514
vn -0.2661 -0.9265 -0.2661
vn -0.1983 -0.9767 -0.0821
vn -0.6514 0.3891 -0.6514
vn -0.2661 0.9265 -0.2661
vn -0.1518 0.9767 -0.1518
vn -0.1440 -0.9265 -0.3477
vn -0.1518 -0.9767 -0.1518
vn -0.3525 0.3891 -0.8511
vn -0.1440 0.9265 -0.3477
vn -0.0821 0.9767 -0.1983
vn -0.3525 -0.3891 -0.8511
vn -0.0821 -0.9767 -0.1983
vn -0.0000 0.3891 -0.9212
vn -0.0000 0.9265 -0.3764
vn -0.3754 -0.1939 -0.9064
vn 0.3754 -0.1939 -0.9064
vn -0.0000 -0.3890 -0.9212
vn 0.1517 -0.9767 -0.1518
vn 0.1517 -0.9767 0.1518
vn -0.0000 -0.3890 0.9212
vn -0.1517 -0.9767 0.1518
vn -0.1517 -0.9767 -0.1518
vn 0.3754 -0.1939 0.9064
vn -0.3754 -0.1939 0.9064
vt 0.170251 0.872420
vt 0.189297 0.901702
vt 0.176903 0.904140
vt 0.182738 0.870424
vt 0.198978 0.895804
vt 0.063456 0.454986
vt 0.053812 0.423574
vt 0.072004 0.445739
vt 0.082192 0.440395
vt 0.437562 0.558838
vt 0.457124 0.539199
vt 0.449905 0.561418
vt 0.484564 0.833755
vt 0.491903 0.863141
vt 0.479459 0.860968
vt 0.507113 0.840015
vt 0.501708 0.868831
vt 0.933737 0.435509
vt 0.924093 0.466922
vt 0.915545 0.457675
vt 0.943191 0.443653
vt 0.934281 0.472266
vt 0.215378 0.539474
vt 0.236567 0.562069
vt 0.224286 0.564926
vt 0.177517 0.837019
vt 0.192661 0.865682
vt 0.028671 0.405510
vt 0.044358 0.431718
vt 0.038869 0.398608
vt 0.064732 0.419122
vt 0.478287 0.805982
vt 0.474317 0.835485
vt 0.501061 0.805982
vt 0.497091 0.835485
vt 0.511249 0.809274
vt 0.958877 0.417446
vt 0.970399 0.420892
vt 0.954112 0.448105
vt 0.154748 0.837503
vt 0.159969 0.870909
vt 0.161107 0.803090
vt 0.164956 0.838544
vt 0.183978 0.799841
vt 0.187633 0.833510
vt 0.027433 0.371270
vt 0.050391 0.395162
vt 0.491113 0.774372
vt 0.488470 0.804724
vt 0.503746 0.775136
vt 0.960116 0.383206
vt 0.948680 0.410544
vt 0.970883 0.388747
vt 0.171418 0.766139
vt 0.173722 0.802058
vt 0.016666 0.376811
vt 0.019698 0.342027
vt 0.039415 0.368924
vt 0.482326 0.743475
vt 0.480972 0.775136
vt 0.505100 0.743475
vt 0.514047 0.777134
vt 0.967851 0.353963
vt 0.979003 0.358049
vt 0.982866 0.391093
vt 0.148649 0.766624
vt 0.150953 0.802542
vt 0.157988 0.729891
vt 0.158771 0.766664
vt 0.170646 0.729878
vt 0.181760 0.765249
vt 0.004451 0.313940
vt 0.008546 0.346113
vt 0.028248 0.311445
vt 0.031992 0.340859
vt 0.482326 0.711540
vt 0.492445 0.743219
vt 0.505100 0.711540
vt 0.515458 0.744144
vt 0.983098 0.325876
vt 0.991297 0.359217
vt 0.158771 0.693399
vt 0.171418 0.693894
vt 0.181016 0.730327
vt 0.015797 0.279852
vt 0.015797 0.311380
vt 0.480972 0.679879
vt 0.492445 0.711796
vt 0.503746 0.679879
vt 0.515458 0.710871
vt 0.971752 0.291788
vt 0.971752 0.323315
vt 0.995549 0.291444
vt 0.995549 0.325811
vt 0.147877 0.730362
vt 0.161107 0.657814
vt 0.183978 0.661877
vt 0.181760 0.695672
vt 0.008546 0.247388
vt 0.004451 0.280843
vt 0.019698 0.247983
vt 0.028248 0.281187
vt 0.488470 0.650291
vt 0.491113 0.680642
vt 0.501061 0.649033
vt 0.514047 0.677881
vt 0.967851 0.259919
vt 0.983097 0.292779
vt 0.979003 0.259324
vt 0.148649 0.694378
vt 0.164956 0.623742
vt 0.173722 0.658803
vt 0.187633 0.629521
vt 0.016666 0.214148
vt 0.039415 0.220212
vt 0.031992 0.250601
vt 0.474317 0.619530
vt 0.478287 0.649033
vt 0.484564 0.621260
vt 0.497091 0.619530
vt 0.511249 0.645741
vt 0.960116 0.228255
vt 0.970883 0.226084
vt 0.991297 0.256706
vt 0.150953 0.659288
vt 0.170251 0.591769
vt 0.177517 0.625205
vt 0.182738 0.593677
vt 0.028672 0.181692
vt 0.027433 0.216319
vt 0.050391 0.190539
vt 0.048037 0.224340
vt 0.479459 0.594047
vt 0.491903 0.591874
vt 0.507113 0.615000
vt 0.958877 0.193628
vt 0.970399 0.188490
vt 0.982866 0.222191
vt 0.978845 0.183887
vt 0.991487 0.218064
vt 0.176903 0.562440
vt 0.198978 0.571304
vt 0.192661 0.599157
vt 0.044358 0.150574
vt 0.038869 0.185401
vt 0.053812 0.155759
vt 0.064732 0.162090
vt 0.058837 0.195142
vt 0.485588 0.566539
vt 0.495127 0.559786
vt 0.501708 0.586184
vt 0.948680 0.197337
vt 0.943191 0.162510
vt 0.954112 0.156179
vt 0.962327 0.151119
vt 0.184797 0.536257
vt 0.189297 0.564756
vt 0.197082 0.538938
vt 0.063456 0.121327
vt 0.072004 0.127899
vt 0.082192 0.135351
vt 0.072948 0.167149
vt 0.473245 0.569118
vt 0.478251 0.543958
vt 0.487483 0.536257
vt 0.915544 0.139834
vt 0.933737 0.167694
vt 0.924093 0.133263
vt 0.934281 0.125810
vt 0.034434 0.559029
vt 0.013690 0.538995
vt 0.025910 0.536257
vt 0.022096 0.561451
vt 0.004451 0.547128
vt 0.085639 0.094452
vt 0.093136 0.102298
vt 0.102473 0.110781
vt 0.090128 0.140839
vt 0.328576 0.566874
vt 0.324106 0.544582
vt 0.336266 0.547577
vt 0.316291 0.564193
vt 0.315041 0.536257
vt 0.901910 0.106388
vt 0.911247 0.097905
vt 0.942217 0.120323
vt 0.041776 0.585372
vt 0.029335 0.587427
vt 0.012547 0.568754
vt 0.110528 0.070409
vt 0.116845 0.079394
vt 0.125228 0.088800
vt 0.110084 0.116663
vt 0.309437 0.586926
vt 0.299756 0.580377
vt 0.306897 0.556691
vt 0.894413 0.114233
vt 0.877020 0.082345
vt 0.885403 0.072939
vt 0.918858 0.092023
vt 0.047809 0.614834
vt 0.025248 0.621750
vt 0.019518 0.593770
vt 0.142726 0.059580
vt 0.150067 0.069783
vt 0.156915 0.076322
vt 0.132474 0.095034
vt 0.316149 0.614297
vt 0.321832 0.589242
vt 0.303662 0.612389
vt 0.844823 0.071515
vt 0.870703 0.091330
vt 0.849851 0.061544
vt 0.857192 0.051340
vt 0.892649 0.066705
vt 0.052430 0.646913
vt 0.035284 0.616479
vt 0.029637 0.652213
vt 0.166682 0.032406
vt 0.137698 0.049608
vt 0.170336 0.043193
vt 0.176565 0.054056
vt 0.299065 0.640149
vt 0.288949 0.635834
vt 0.293739 0.606909
vt 0.820867 0.044342
vt 0.827096 0.033479
vt 0.864040 0.044802
vt 0.042928 0.681781
vt 0.039841 0.648111
vt 0.196985 0.019097
vt 0.204269 0.041889
vt 0.318492 0.669246
vt 0.311626 0.641613
vt 0.321834 0.639665
vt 0.308338 0.670720
vt 0.295723 0.669731
vt 0.817213 0.055129
vt 0.790564 0.031033
vt 0.065682 0.682744
vt 0.062595 0.649075
vt 0.057148 0.716684
vt 0.055561 0.681057
vt 0.034116 0.718473
vt 0.032610 0.684639
vt 0.228088 0.009909
vt 0.199203 0.030515
vt 0.228832 0.021763
vt 0.316464 0.700142
vt 0.293695 0.700627
vt 0.285467 0.666656
vt 0.788346 0.042451
vt 0.759461 0.021845
vt 0.795631 0.019659
vt 0.067247 0.717876
vt 0.044508 0.752905
vt 0.044493 0.716912
vt 0.259461 0.004999
vt 0.261387 0.029000
vt 0.232706 0.033489
vt 0.315785 0.731825
vt 0.306342 0.701121
vt 0.305673 0.732296
vt 0.293016 0.732310
vt 0.283354 0.698849
vt 0.758717 0.033698
vt 0.728088 0.016935
vt 0.730759 0.005020
vt 0.763334 0.010119
vt 0.067262 0.753868
vt 0.057163 0.753185
vt 0.042973 0.789142
vt 0.034131 0.753136
vt 0.290564 0.004451
vt 0.258717 0.017085
vt 0.288346 0.016563
vt 0.306342 0.763712
vt 0.283354 0.765127
vt 0.282646 0.731861
vt 0.728832 0.029021
vt 0.696985 0.016387
vt 0.698462 0.004451
vt 0.055606 0.789933
vt 0.052505 0.826301
vt 0.039915 0.825004
vt 0.032653 0.788034
vt 0.320867 0.008275
vt 0.317528 0.031994
vt 0.289823 0.028499
vt 0.318492 0.795377
vt 0.316464 0.763752
vt 0.308338 0.794830
vt 0.293695 0.764237
vt 0.295723 0.795862
vt 0.670336 0.032141
vt 0.699203 0.028499
vt 0.666997 0.008421
vt 0.062668 0.825968
vt 0.065727 0.790106
vt 0.047911 0.861666
vt 0.025345 0.856157
vt 0.029707 0.822572
vt 0.349852 0.016404
vt 0.317213 0.020206
vt 0.344026 0.039427
vt 0.321834 0.826159
vt 0.299065 0.826644
vt 0.285467 0.798079
vt 0.637697 0.028340
vt 0.666682 0.020210
vt 0.029462 0.893165
vt 0.035385 0.859877
vt 0.370704 0.039663
vt 0.344823 0.027950
vt 0.368865 0.050668
vt 0.326431 0.855571
vt 0.311626 0.825119
vt 0.303662 0.856056
vt 0.288948 0.830152
vt 0.616845 0.051598
vt 0.642726 0.039885
vt 0.610528 0.040636
vt 0.636901 0.016862
vt 0.052215 0.894129
vt 0.058139 0.860841
vt 0.034587 0.926996
vt 0.041904 0.895424
vt 0.022246 0.924298
vt 0.019640 0.888215
vt 0.401910 0.044953
vt 0.377021 0.028700
vt 0.394413 0.055145
vt 0.365143 0.558677
vt 0.345169 0.539458
vt 0.357328 0.536257
vt 0.321832 0.881157
vt 0.316149 0.854059
vt 0.299756 0.889493
vt 0.293739 0.860798
vt 0.593136 0.067081
vt 0.582846 0.046506
vt 0.608690 0.029630
vt 0.129565 0.564984
vt 0.126885 0.536257
vt 0.138974 0.539713
vt 0.026084 0.955843
vt 0.411247 0.038844
vt 0.424093 0.064884
vt 0.415545 0.074131
vt 0.374537 0.551722
vt 0.371997 0.583872
vt 0.352858 0.561519
vt 0.328576 0.905949
vt 0.309437 0.883595
vt 0.582192 0.091411
vt 0.602473 0.073189
vt 0.572004 0.086067
vt 0.585639 0.056889
vt 0.130735 0.599530
vt 0.138810 0.572135
vt 0.121180 0.593430
vt 0.117342 0.561885
vt 0.016541 0.981471
vt 0.013861 0.952744
vt 0.454112 0.083701
vt 0.434281 0.059540
vt 0.443191 0.088153
vt 0.387695 0.606669
vt 0.381678 0.577974
vt 0.377772 0.611411
vt 0.359602 0.586310
vt 0.324106 0.931210
vt 0.316291 0.908790
vt 0.553812 0.108232
vt 0.544358 0.100088
vt 0.563456 0.076820
vt 0.123786 0.629513
vt 0.113964 0.624563
vt 0.108839 0.590731
vt 0.095515 0.656061
vt 0.091211 0.623599
vt 0.101522 0.622304
vt 0.458877 0.114360
vt 0.433737 0.096297
vt 0.382370 0.640823
vt 0.365285 0.613408
vt 0.369809 0.642349
vt 0.355003 0.611896
vt 0.550391 0.136644
vt 0.564732 0.112684
vt 0.538869 0.133197
vt 0.118081 0.661571
vt 0.108041 0.657851
vt 0.090921 0.691427
vt 0.085287 0.656887
vt 0.470399 0.110914
vt 0.470883 0.143059
vt 0.448680 0.121262
vt 0.392486 0.637315
vt 0.385711 0.671605
vt 0.373096 0.672637
vt 0.359601 0.641308
vt 0.539415 0.162882
vt 0.527433 0.160535
vt 0.528672 0.126296
vt 0.103511 0.692724
vt 0.087820 0.727795
vt 0.080758 0.691760
vt 0.482866 0.140713
vt 0.479003 0.173757
vt 0.467851 0.177843
vt 0.460116 0.148600
vt 0.395967 0.669388
vt 0.387739 0.703230
vt 0.364970 0.703715
vt 0.362942 0.672090
vt 0.531992 0.190947
vt 0.519698 0.189778
vt 0.516666 0.154994
vt 0.110773 0.729694
vt 0.113719 0.695156
vt 0.086263 0.764543
vt 0.077699 0.727622
vt 0.491297 0.172589
vt 0.483098 0.205930
vt 0.398789 0.735607
vt 0.398080 0.702340
vt 0.388419 0.735157
vt 0.375092 0.703756
vt 0.375761 0.735171
vt 0.515797 0.220426
vt 0.504451 0.217866
vt 0.508546 0.185693
vt 0.109295 0.764592
vt 0.100453 0.728586
vt 0.098918 0.764823
vt 0.086278 0.801043
vt 0.076164 0.763860
vt 0.495549 0.205996
vt 0.483098 0.239027
vt 0.471752 0.240018
vt 0.471752 0.208491
vt 0.387739 0.766840
vt 0.375092 0.766346
vt 0.365650 0.735642
vt 0.528248 0.250619
vt 0.528248 0.220361
vt 0.515797 0.251954
vt 0.109309 0.799255
vt 0.087865 0.836671
vt 0.076179 0.799852
vt 0.495549 0.240362
vt 0.479003 0.272482
vt 0.467851 0.271887
vt 0.395967 0.800811
vt 0.398080 0.768618
vt 0.373097 0.796747
vt 0.364970 0.767325
vt 0.519698 0.283822
vt 0.504451 0.250963
vt 0.110816 0.833089
vt 0.098933 0.800816
vt 0.090996 0.870815
vt 0.077744 0.834983
vt 0.482865 0.309615
vt 0.491297 0.275100
vt 0.460116 0.303551
vt 0.382370 0.827318
vt 0.385711 0.797736
vt 0.369809 0.825855
vt 0.362942 0.798221
vt 0.539415 0.311594
vt 0.531992 0.281205
vt 0.527433 0.315487
vt 0.508546 0.284417
vt 0.103585 0.869617
vt 0.100497 0.835947
vt 0.478845 0.347919
vt 0.491487 0.313742
vt 0.470399 0.343316
vt 0.470883 0.305722
vt 0.448680 0.334469
vt 0.387695 0.860558
vt 0.392486 0.831633
vt 0.377772 0.855078
vt 0.548037 0.307466
vt 0.550391 0.341267
vt 0.538869 0.346405
vt 0.516666 0.317657
vt 0.118178 0.895978
vt 0.113789 0.865515
vt 0.095617 0.902893
vt 0.462327 0.380686
vt 0.454112 0.375627
vt 0.458877 0.338178
vt 0.433737 0.364111
vt 0.381678 0.887090
vt 0.371997 0.880542
vt 0.365285 0.853170
vt 0.572948 0.364657
vt 0.558837 0.336664
vt 0.564732 0.369716
vt 0.553812 0.376047
vt 0.528672 0.350114
vt 0.114091 0.930301
vt 0.108142 0.901248
vt 0.101650 0.932356
vt 0.442217 0.411483
vt 0.434281 0.405996
vt 0.443191 0.369296
vt 0.424093 0.398543
vt 0.374537 0.910776
vt 0.365144 0.903274
vt 0.359602 0.878226
vt 0.582192 0.396454
vt 0.572004 0.403907
vt 0.563456 0.410478
vt 0.544358 0.381232
vt 0.130879 0.948974
vt 0.123907 0.923958
vt 0.121330 0.956277
vt 0.411247 0.433901
vt 0.394413 0.417573
vt 0.415544 0.391971
vt 0.357328 0.922885
vt 0.345169 0.919890
vt 0.352859 0.900593
vt 0.610084 0.415143
vt 0.590128 0.390967
vt 0.602473 0.421024
vt 0.593136 0.429508
vt 0.138974 0.970600
vt 0.129736 0.978733
vt 0.108992 0.958698
vt 0.392649 0.465101
vt 0.418858 0.439783
vt 0.377020 0.449461
vt 0.401910 0.425418
vt 0.370703 0.440476
vt 0.428023 0.887529
vt 0.444898 0.903357
vt 0.435667 0.911057
vt 0.437562 0.880776
vt 0.457123 0.900416
vt 0.632474 0.436772
vt 0.616845 0.452412
vt 0.585639 0.437353
vt 0.222843 0.923941
vt 0.224781 0.956305
vt 0.215378 0.948815
vt 0.232532 0.930477
vt 0.237069 0.958970
vt 0.364040 0.487004
vt 0.385403 0.458867
vt 0.357192 0.480466
vt 0.349851 0.470262
vt 0.431246 0.855441
vt 0.449905 0.878197
vt 0.650067 0.462023
vt 0.625228 0.443006
vt 0.637697 0.482198
vt 0.610528 0.461397
vt 0.239055 0.901548
vt 0.244930 0.932777
vt 0.327096 0.498327
vt 0.317212 0.476677
vt 0.344822 0.460291
vt 0.421442 0.861131
vt 0.426059 0.827785
vt 0.443690 0.853267
vt 0.682989 0.470959
vt 0.656915 0.455484
vt 0.676565 0.477749
vt 0.642726 0.472226
vt 0.670336 0.488613
vt 0.234115 0.865710
vt 0.229125 0.896080
vt 0.244236 0.870012
vt 0.251544 0.903440
vt 0.260605 0.837384
vt 0.267005 0.869499
vt 0.256799 0.871460
vt 0.290564 0.500773
vt 0.320867 0.487464
vt 0.411900 0.801574
vt 0.416037 0.832315
vt 0.434679 0.797024
vt 0.438586 0.826055
vt 0.448833 0.827785
vt 0.699203 0.501291
vt 0.666682 0.499400
vt 0.237729 0.833349
vt 0.247989 0.836411
vt 0.273016 0.800803
vt 0.270757 0.835897
vt 0.263334 0.521687
vt 0.295631 0.512147
vt 0.259460 0.509961
vt 0.288346 0.489355
vt 0.409102 0.769433
vt 0.422089 0.798281
vt 0.432037 0.766672
vt 0.444863 0.798281
vt 0.704269 0.489917
vt 0.728832 0.510043
vt 0.728088 0.521896
vt 0.696985 0.512708
vt 0.250248 0.801317
vt 0.263632 0.765302
vt 0.262895 0.801795
vt 0.230759 0.526785
vt 0.228832 0.502785
vt 0.258717 0.498108
vt 0.418049 0.735774
vt 0.419403 0.767435
vt 0.430705 0.735518
vt 0.442178 0.767435
vt 0.761387 0.502806
vt 0.732706 0.498317
vt 0.758717 0.514720
vt 0.239904 0.799552
vt 0.250974 0.765332
vt 0.262803 0.728530
vt 0.273743 0.764818
vt 0.198462 0.527355
vt 0.228088 0.514871
vt 0.196984 0.515419
vt 0.407691 0.703170
vt 0.407691 0.736444
vt 0.430705 0.704096
vt 0.440823 0.735774
vt 0.788346 0.515242
vt 0.759460 0.526807
vt 0.240604 0.764896
vt 0.250157 0.729071
vt 0.270576 0.692642
vt 0.272925 0.728558
vt 0.166681 0.511596
vt 0.170336 0.499665
vt 0.199203 0.503307
vt 0.409102 0.670181
vt 0.418049 0.703840
vt 0.432037 0.672942
vt 0.440823 0.703840
vt 0.789823 0.503307
vt 0.817213 0.511600
vt 0.790564 0.527355
vt 0.237554 0.695386
vt 0.239816 0.729975
vt 0.247808 0.693156
vt 0.260421 0.692108
vt 0.266737 0.657686
vt 0.136901 0.514943
vt 0.166996 0.523385
vt 0.137697 0.503466
vt 0.411900 0.638041
vt 0.419403 0.672179
vt 0.422089 0.641333
vt 0.434679 0.642590
vt 0.442178 0.672179
vt 0.844026 0.492379
vt 0.817528 0.499811
vt 0.849851 0.515402
vt 0.820867 0.523531
vt 0.243969 0.658200
vt 0.251190 0.622789
vt 0.256528 0.656659
vt 0.110528 0.491170
vt 0.142726 0.491921
vt 0.416037 0.607299
vt 0.426059 0.611829
vt 0.438586 0.613559
vt 0.444863 0.641333
vt 0.868865 0.481138
vt 0.844822 0.503856
vt 0.877021 0.503106
vt 0.228788 0.629556
vt 0.233857 0.661721
vt 0.238705 0.624801
vt 0.193798 0.958981
vt 0.197082 0.930317
vt 0.205958 0.955781
vt 0.108690 0.502176
vt 0.085639 0.474917
vt 0.093136 0.464725
vt 0.116845 0.480208
vt 0.431246 0.584173
vt 0.443690 0.586347
vt 0.473245 0.885897
vt 0.478251 0.911057
vt 0.466026 0.908116
vt 0.891620 0.466279
vt 0.870704 0.492143
vt 0.894413 0.476661
vt 0.222433 0.599441
vt 0.232106 0.593531
vt 0.184797 0.933159
vt 0.206475 0.923363
vt 0.102473 0.458616
vt 0.485587 0.888476
vt 0.495127 0.895229
vt 0.901910 0.486853
vt 0.911247 0.492962
vt 0.244498 0.591078
vt 0.000000 0.000000
vt 0.444898 0.536257
vt 0.227533 0.536257
vt 0.154748 0.625690
vt 0.206475 0.546440
vt 0.466026 0.546899
vt 0.182989 0.060847
vt 0.833520 0.026688
vt 0.012691 0.918198
vt 0.391620 0.065527
vt 0.004451 0.978015
vt 0.336266 0.928009
vt 0.080831 0.868653
vt 0.359601 0.827803
vt 0.366394 0.931210
vt 0.117516 0.981471
vt 0.333520 0.505118
vt 0.261473 0.624287
vt 0.448833 0.611829
vt 0.082846 0.485299
vt 0.421442 0.578483
s 1
usemtl BumperRingMetal
f 11/1/1 2/2/2 1/3/2
f 12/4/3 3/5/4 2/2/4
f 3/6/5 14/7/5 4/8/5
f 14/7/6 5/9/7 4/8/7
f 5/10/8 16/11/9 6/12/8
f 16/13/10 7/14/11 6/15/11
f 7/14/12 18/16/13 8/17/12
f 18/18/14 9/19/14 8/20/14
f 19/21/15 10/22/16 9/19/16
f 20/23/17 1/24/18 10/25/18
f 11/1/1 22/26/19 12/4/1
f 22/26/20 13/27/3 12/4/3
f 23/28/5 14/7/5 13/29/5
f 24/30/21 15/31/6 14/7/6
f 25/32/22 16/13/9 15/33/9
f 16/13/10 27/34/23 17/35/10
f 17/35/13 28/36/24 18/16/13
f 18/18/14 29/37/14 19/21/14
f 19/21/15 30/38/25 20/39/15
f 30/40/26 11/1/17 20/41/17
f 31/42/27 22/26/19 21/43/19
f 22/26/20 33/44/28 23/45/20
f 23/28/5 34/46/5 24/30/5
f 34/46/29 25/47/21 24/30/21
f 25/32/22 36/48/30 26/49/31
f 36/48/32 27/34/23 26/49/23
f 37/50/33 28/36/24 27/34/24
f 38/51/14 29/37/14 28/52/14
f 39/53/34 30/38/25 29/37/25
f 30/40/26 31/42/35 21/43/26
f 31/42/27 42/54/36 32/55/27
f 42/54/37 33/44/28 32/55/28
f 33/56/5 44/57/5 34/46/5
f 44/57/38 35/58/29 34/46/29
f 45/59/39 36/48/30 35/60/30
f 36/48/32 47/61/40 37/50/32
f 47/61/41 38/62/33 37/50/33
f 48/63/14 39/53/14 38/51/14
f 49/64/42 40/65/34 39/53/34
f 50/66/43 31/42/35 40/67/35
f 51/68/44 42/54/36 41/69/36
f 52/70/45 43/71/37 42/54/37
f 53/72/5 44/57/5 43/73/5
f 44/57/38 55/74/46 45/75/38
f 55/76/47 46/77/39 45/59/39
f 46/77/40 57/78/48 47/61/40
f 57/78/49 48/79/41 47/61/41
f 48/63/14 59/80/14 49/64/14
f 59/80/50 50/81/42 49/64/42
f 50/66/43 51/68/51 41/69/43
f 61/82/52 52/70/44 51/68/44
f 62/83/53 53/84/45 52/70/45
f 53/72/5 64/85/5 54/86/5
f 64/85/54 55/74/46 54/86/46
f 65/87/55 56/88/47 55/76/47
f 56/88/48 67/89/56 57/78/48
f 67/89/57 58/90/49 57/78/49
f 68/91/14 59/80/14 58/92/14
f 59/80/50 70/93/58 60/94/50
f 60/95/51 61/82/59 51/68/51
f 71/96/60 62/83/52 61/82/52
f 62/83/53 73/97/61 63/98/53
f 73/99/5 64/85/5 63/100/5
f 74/101/62 65/102/54 64/85/54
f 65/87/55 76/103/63 66/104/55
f 76/103/64 67/89/56 66/104/56
f 77/105/65 68/106/57 67/89/57
f 78/107/14 69/108/14 68/91/14
f 79/109/66 70/93/58 69/108/58
f 70/110/59 71/96/67 61/82/59
f 81/111/68 72/112/60 71/96/60
f 72/112/61 83/113/69 73/97/61
f 83/114/5 74/101/5 73/99/5
f 74/101/62 85/115/70 75/116/62
f 85/117/71 76/103/63 75/118/63
f 86/119/72 77/105/64 76/103/64
f 87/120/73 78/121/65 77/105/65
f 88/122/14 79/109/14 78/107/14
f 89/123/74 80/124/66 79/109/66
f 80/125/67 81/111/75 71/96/67
f 91/126/76 82/127/68 81/111/68
f 92/128/77 83/113/69 82/127/69
f 93/129/5 84/130/5 83/114/5
f 84/130/70 95/131/78 85/115/70
f 95/131/79 86/132/71 85/115/71
f 96/133/80 87/120/72 86/119/72
f 97/134/81 88/135/73 87/120/73
f 88/122/14 99/136/14 89/123/14
f 89/123/74 100/137/82 90/138/74
f 90/138/75 91/139/83 81/140/75
f 101/141/84 92/128/76 91/126/76
f 92/128/77 103/142/85 93/143/77
f 103/144/5 94/145/5 93/129/5
f 104/146/86 95/131/78 94/145/78
f 105/147/87 96/148/79 95/131/79
f 96/133/80 107/149/88 97/134/80
f 97/134/81 108/150/89 98/151/81
f 98/152/14 109/153/14 99/136/14
f 99/136/82 110/154/90 100/137/82
f 100/137/83 101/155/91 91/139/83
f 111/156/92 102/157/93 101/141/84
f 112/158/94 103/142/85 102/157/85
f 113/159/5 104/146/5 103/144/5
f 114/160/95 105/147/86 104/146/86
f 115/161/96 106/162/97 105/147/87
f 106/163/98 117/164/99 107/149/88
f 107/149/89 118/165/100 108/150/89
f 118/166/14 109/153/14 108/167/14
f 119/168/101 110/154/90 109/153/90
f 120/169/102 101/155/91 110/154/91
f 121/170/103 112/171/92 111/172/92
f 122/173/104 113/174/94 112/171/94
f 123/175/5 114/160/5 113/159/5
f 124/176/105 115/161/95 114/160/95
f 125/177/106 116/178/96 115/161/96
f 126/179/107 117/180/99 116/181/99
f 127/182/108 118/183/100 117/180/100
f 118/166/14 129/184/14 119/168/14
f 119/168/101 130/185/109 120/169/101
f 130/185/110 111/186/102 120/169/102
f 131/187/111 122/173/103 121/170/103
f 132/188/112 123/189/104 122/173/104
f 133/190/5 124/176/5 123/175/5
f 134/191/113 125/177/105 124/176/105
f 135/192/114 126/193/106 125/177/106
f 126/179/107 137/194/115 127/182/107
f 127/182/108 138/195/116 128/196/108
f 128/197/14 139/198/14 129/184/14
f 139/198/117 130/185/109 129/184/109
f 140/199/118 121/200/110 130/185/110
f 141/201/119 132/188/111 131/187/111
f 132/188/112 143/202/120 133/203/112
f 133/190/5 144/204/5 134/191/5
f 134/191/113 145/205/121 135/192/113
f 135/192/114 146/206/122 136/207/114
f 146/208/123 137/194/115 136/209/115
f 147/210/124 138/195/116 137/194/116
f 148/211/14 139/198/14 138/212/14
f 149/213/125 140/199/117 139/198/117
f 150/214/126 131/215/118 140/199/118
f 151/216/127 142/217/128 141/201/119
f 142/217/120 153/218/129 143/202/120
f 153/219/5 144/204/5 143/220/5
f 154/221/130 145/205/121 144/204/121
f 155/222/131 146/206/122 145/205/122
f 146/208/123 157/223/132 147/210/123
f 147/210/124 158/224/133 148/225/124
f 148/211/14 159/226/14 149/213/14
f 159/226/134 150/214/125 149/213/125
f 160/227/135 141/228/136 150/214/126
f 151/216/127 162/229/137 152/230/127
f 162/229/138 153/218/129 152/230/129
f 163/231/5 154/221/5 153/219/5
f 154/221/130 165/232/139 155/222/130
f 165/233/140 156/234/131 155/235/131
f 166/236/141 157/223/132 156/234/132
f 167/237/142 158/224/133 157/223/133
f 158/238/14 169/239/14 159/226/14
f 169/239/143 160/227/134 159/226/134
f 170/240/144 151/216/135 160/241/135
f 171/242/145 162/229/137 161/243/137
f 162/229/138 173/244/146 163/245/138
f 173/246/5 164/247/5 163/231/5
f 174/248/147 165/232/139 164/247/139
f 175/249/148 166/236/140 165/233/140
f 166/236/141 177/250/149 167/237/141
f 177/250/150 168/251/142 167/237/142
f 168/252/14 179/253/14 169/239/14
f 179/253/151 170/254/143 169/239/143
f 180/255/152 161/243/144 170/240/144
f 171/242/145 182/256/153 172/257/145
f 182/256/154 173/244/146 172/257/146
f 183/258/5 174/248/5 173/246/5
f 174/248/147 185/259/155 175/260/147
f 185/261/156 176/262/148 175/249/148
f 186/263/157 177/250/149 176/262/149
f 187/264/158 178/265/150 177/250/150
f 178/266/14 189/267/14 179/253/14
f 179/253/151 190/268/159 180/269/151
f 190/270/160 171/242/152 180/255/152
f 181/271/153 192/272/161 182/256/153
f 192/272/162 183/273/154 182/256/154
f 193/274/5 184/275/5 183/258/5
f 194/276/163 185/259/155 184/275/155
f 185/261/156 196/277/164 186/263/156
f 196/277/165 187/264/157 186/263/157
f 187/264/158 198/278/166 188/279/158
f 188/280/14 199/281/14 189/267/14
f 189/267/159 200/282/167 190/268/159
f 190/270/160 191/283/168 181/271/160
f 201/284/169 192/272/161 191/283/161
f 202/285/170 193/286/162 192/272/162
f 203/287/5 194/276/5 193/274/5
f 194/276/163 205/288/171 195/289/163
f 205/290/172 196/277/164 195/291/164
f 206/292/173 197/293/165 196/277/165
f 207/294/174 198/278/166 197/293/166
f 208/295/14 199/281/14 198/296/14
f 199/281/167 210/297/175 200/282/167
f 210/298/176 191/283/168 200/299/168
f 211/300/177 202/285/169 201/284/169
f 202/285/170 213/301/178 203/302/170
f 213/303/5 204/304/5 203/287/5
f 204/304/171 215/305/179 205/288/171
f 215/306/180 206/292/172 205/290/172
f 206/292/173 217/307/181 207/294/173
f 217/307/182 208/308/174 207/294/174
f 208/295/14 219/309/14 209/310/14
f 219/309/183 210/297/175 209/310/175
f 210/298/176 211/300/184 201/284/176
f 211/300/177 222/311/185 212/312/177
f 222/311/186 213/301/178 212/312/178
f 213/303/5 224/313/5 214/314/5
f 214/314/179 225/315/187 215/305/179
f 225/316/188 216/317/180 215/306/180
f 216/317/181 227/318/189 217/307/181
f 227/318/190 218/319/182 217/307/182
f 228/320/14 219/309/14 218/321/14
f 229/322/191 220/323/183 219/309/183
f 230/324/192 211/300/184 220/325/184
f 231/326/193 222/311/185 221/327/194
f 232/328/195 223/329/186 222/311/186
f 233/330/5 224/313/5 223/331/5
f 234/332/196 225/315/187 224/313/187
f 235/333/197 226/334/198 225/335/188
f 236/336/199 227/318/189 226/337/189
f 227/318/190 238/338/200 228/339/190
f 238/340/14 229/322/14 228/320/14
f 229/322/191 240/341/201 230/342/191
f 240/343/202 221/344/203 230/345/192
f 241/346/8 232/328/193 231/326/193
f 232/347/195 243/348/7 233/330/195
f 233/330/5 244/349/5 234/332/5
f 234/350/196 245/351/4 235/333/196
f 245/351/2 236/352/197 235/333/197
f 246/353/18 237/354/199 236/336/199
f 247/355/16 238/340/200 237/356/200
f 248/357/14 239/358/14 238/340/14
f 249/359/12 240/343/201 239/360/201
f 250/361/11 231/362/202 240/343/202
f 251/363/9 242/364/8 241/346/8
f 252/365/6 243/348/7 242/366/7
f 253/367/5 244/349/5 243/348/5
f 254/368/3 245/351/4 244/369/4
f 255/370/1 246/371/2 245/351/2
f 246/353/18 257/372/17 247/373/18
f 247/355/16 258/374/15 248/357/16
f 248/357/14 259/375/14 249/376/14
f 259/377/13 250/361/12 249/359/12
f 260/378/10 241/379/11 250/361/11
f 261/380/31 252/381/9 251/382/9
f 252/365/6 263/383/21 253/367/6
f 263/383/5 254/384/5 253/367/5
f 254/368/3 265/385/20 255/370/3
f 265/385/204 256/386/1 255/370/1
f 266/387/26 257/388/17 256/386/17
f 267/389/25 258/374/15 257/390/15
f 268/391/14 259/375/14 258/374/14
f 269/392/24 260/378/13 259/377/13
f 270/393/23 251/382/10 260/378/10
f 271/394/30 262/395/22 261/380/31
f 262/396/21 273/397/29 263/383/21
f 273/397/5 264/398/5 263/383/5
f 264/399/20 275/400/28 265/385/20
f 265/385/204 276/401/27 266/387/19
f 276/401/35 267/402/205 266/387/26
f 277/403/34 268/391/25 267/389/25
f 278/404/14 269/405/14 268/391/14
f 269/392/24 280/406/33 270/393/24
f 270/393/23 271/394/32 261/380/206
f 281/407/39 272/408/30 271/394/30
f 272/409/29 283/410/38 273/397/29
f 273/397/5 284/411/5 274/412/5
f 274/413/28 285/414/37 275/400/28
f 285/414/36 276/401/27 275/400/27
f 276/401/35 287/415/43 277/416/35
f 287/417/42 278/404/34 277/403/34
f 288/418/14 279/419/14 278/404/14
f 289/420/41 280/406/33 279/421/33
f 280/406/32 281/407/40 271/394/32
f 291/422/47 282/423/39 281/407/39
f 282/424/38 293/425/46 283/410/38
f 293/425/5 284/411/5 283/410/5
f 294/426/45 285/414/37 284/427/37
f 295/428/44 286/429/36 285/414/36
f 296/430/51 287/415/43 286/429/43
f 287/417/42 298/431/50 288/418/42
f 288/418/14 299/432/14 289/433/14
f 299/434/49 290/435/41 289/420/41
f 300/436/48 281/407/40 290/435/40
f 301/437/55 292/438/47 291/422/47
f 292/439/46 303/440/54 293/425/46
f 293/425/5 304/441/5 294/442/5
f 294/426/45 305/443/53 295/428/45
f 305/443/52 296/430/44 295/428/44
f 306/444/59 297/445/51 296/430/51
f 307/446/58 298/431/50 297/447/50
f 308/448/14 299/432/14 298/431/14
f 309/449/57 300/436/49 299/434/49
f 300/436/48 301/437/56 291/422/48
f 311/450/63 302/451/55 301/437/55
f 302/452/54 313/453/62 303/440/54
f 303/440/5 314/454/5 304/441/5
f 314/455/61 305/443/53 304/456/53
f 305/443/52 316/457/60 306/444/52
f 316/457/67 307/458/59 306/444/59
f 307/446/58 318/459/66 308/448/58
f 318/459/14 309/460/14 308/448/14
f 319/461/65 310/462/57 309/449/57
f 310/462/56 311/450/64 301/437/56
f 321/463/71 312/464/63 311/450/63
f 322/465/70 313/453/62 312/466/62
f 313/453/5 324/467/5 314/454/5
f 314/455/61 325/468/69 315/469/61
f 315/469/60 326/470/68 316/457/60
f 326/470/75 317/471/67 316/457/67
f 327/472/74 318/459/66 317/473/66
f 328/474/14 319/475/14 318/459/14
f 319/461/65 330/476/73 320/477/65
f 330/476/72 311/450/64 320/477/64
f 331/478/79 322/465/71 321/479/71
f 332/480/78 323/481/70 322/465/70
f 323/481/5 334/482/5 324/467/5
f 334/483/77 325/468/69 324/484/69
f 335/485/76 326/470/68 325/468/68
f 326/486/75 337/487/83 327/472/75
f 327/472/74 338/488/82 328/474/74
f 338/488/14 329/489/14 328/474/14
f 339/490/81 330/476/73 329/491/73
f 330/476/72 331/492/80 321/463/72
f 341/493/87 332/480/79 331/478/79
f 342/494/86 333/495/78 332/480/78
f 333/495/5 344/496/5 334/482/5
f 344/497/85 335/485/77 334/483/77
f 345/498/93 336/499/76 335/485/76
f 346/500/207 337/487/83 336/501/83
f 347/502/90 338/488/82 337/487/82
f 348/503/14 339/504/14 338/488/14
f 339/490/81 350/505/89 340/506/81
f 340/506/80 341/507/88 331/492/80
f 351/508/96 342/494/97 341/493/87
f 352/509/95 343/510/86 342/494/86
f 353/511/5 344/496/5 343/510/5
f 354/512/94 345/498/85 344/497/85
f 355/513/92 346/514/208 345/498/93
f 346/500/207 357/515/102 347/502/207
f 347/502/90 358/516/101 348/503/90
f 348/503/14 359/517/14 349/518/14
f 359/519/100 350/505/89 349/520/89
f 360/521/99 341/507/88 350/505/98
f 351/508/96 362/522/106 352/509/96
f 362/522/105 353/511/95 352/509/95
f 353/511/5 364/523/5 354/524/5
f 354/512/94 365/525/104 355/513/94
f 355/513/92 366/526/103 356/527/92
f 366/528/110 357/515/102 356/529/102
f 367/530/109 358/516/101 357/515/101
f 368/531/14 359/517/14 358/516/14
f 369/532/108 360/521/100 359/519/100
f 370/533/107 351/534/99 360/521/99
f 371/535/114 362/522/106 361/536/106
f 362/522/105 373/537/113 363/538/105
f 363/538/5 374/539/5 364/523/5
f 374/540/112 365/541/104 364/542/104
f 375/543/111 366/544/103 365/541/103
f 376/545/118 367/530/110 366/528/110
f 367/530/109 378/546/117 368/531/109
f 378/546/14 369/547/14 368/531/14
f 379/548/116 370/549/108 369/550/108
f 380/551/115 361/552/107 370/549/107
f 381/553/209 372/554/114 371/535/114
f 382/555/121 373/537/113 372/554/113
f 383/556/5 374/539/5 373/537/5
f 374/540/112 385/557/120 375/543/112
f 385/557/119 376/558/111 375/543/111
f 376/545/118 387/559/126 377/560/118
f 387/559/125 378/546/117 377/560/117
f 378/546/14 389/561/14 379/562/14
f 379/548/116 390/563/124 380/551/116
f 390/563/210 371/564/115 380/551/115
f 381/553/209 392/565/131 382/555/209
f 392/565/130 383/556/121 382/555/121
f 383/556/5 394/566/5 384/567/5
f 384/568/120 395/569/129 385/557/120
f 395/569/127 386/570/128 385/557/119
f 396/571/135 387/559/126 386/572/126
f 397/573/134 388/574/125 387/559/125
f 398/575/14 389/561/14 388/574/14
f 399/576/133 390/563/124 389/577/124
f 400/578/132 381/579/211 390/563/210
f 401/580/140 392/581/131 391/582/131
f 392/565/130 403/583/139 393/584/130
f 403/583/5 394/566/5 393/584/5
f 404/585/138 395/569/129 394/586/129
f 395/569/127 406/587/137 396/588/127
f 406/587/144 397/589/135 396/588/135
f 397/573/134 408/590/143 398/575/134
f 408/590/14 399/591/14 398/575/14
f 409/592/142 400/578/133 399/576/133
f 410/593/141 391/582/132 400/578/132
f 401/580/140 412/594/148 402/595/140
f 412/596/147 403/583/139 402/597/139
f 413/598/5 404/599/5 403/583/5
f 414/600/146 405/601/138 404/585/138
f 405/601/137 416/602/145 406/587/137
f 416/602/152 407/603/144 406/587/144
f 407/604/143 418/605/151 408/590/143
f 408/590/14 419/606/14 409/607/14
f 409/592/142 420/608/150 410/593/142
f 420/608/149 401/580/141 410/593/141
f 421/609/156 412/594/148 411/610/148
f 422/611/155 413/598/147 412/596/147
f 413/598/5 424/612/5 414/613/5
f 414/600/146 425/614/154 415/615/146
f 415/615/145 426/616/153 416/602/145
f 426/616/160 417/617/152 416/602/152
f 427/618/159 418/605/151 417/619/151
f 428/620/14 419/606/14 418/605/14
f 419/621/150 430/622/158 420/608/150
f 420/608/149 421/609/157 411/610/149
f 431/623/164 422/624/156 421/609/156
f 432/625/163 423/626/155 422/611/155
f 433/627/5 424/612/5 423/626/5
f 434/628/162 425/614/154 424/629/154
f 425/614/153 436/630/161 426/616/153
f 436/630/168 427/631/160 426/616/160
f 427/618/159 438/632/167 428/620/159
f 438/632/14 429/633/14 428/620/14
f 429/634/158 440/635/166 430/622/158
f 440/635/165 421/609/157 430/622/157
f 431/623/164 442/636/172 432/637/164
f 432/625/163 443/638/171 433/627/163
f 433/627/5 444/639/5 434/640/5
f 444/641/170 435/642/162 434/628/162
f 435/642/161 446/643/169 436/630/161
f 446/643/176 437/644/168 436/630/168
f 437/645/167 448/646/175 438/632/167
f 448/646/14 439/647/14 438/632/14
f 449/648/174 440/635/166 439/649/166
f 450/650/173 431/623/165 440/635/165
f 441/651/172 452/652/180 442/636/172
f 452/653/179 443/638/171 442/654/171
f 453/655/5 444/639/5 443/638/5
f 454/656/178 445/657/170 444/641/170
f 455/658/177 446/643/169 445/657/169
f 456/659/184 447/660/176 446/643/176
f 457/661/183 448/646/175 447/662/175
f 448/646/14 459/663/14 449/664/14
f 449/648/174 460/665/182 450/650/174
f 460/665/181 441/651/173 450/650/173
f 461/666/198 452/652/180 451/667/180
f 452/653/179 463/668/187 453/655/179
f 463/668/5 454/669/5 453/655/5
f 464/670/186 455/658/178 454/656/178
f 465/671/185 456/659/177 455/658/177
f 466/672/212 457/673/184 456/659/184
f 467/674/191 458/675/183 457/661/183
f 458/675/14 469/676/14 459/663/14
f 469/677/190 460/665/182 459/678/182
f 470/679/213 451/667/181 460/665/181
f 461/680/198 472/681/197 462/682/198
f 462/683/187 473/684/196 463/668/187
f 463/668/5 474/685/5 464/686/5
f 464/670/186 475/687/195 465/671/186
f 465/671/185 476/688/193 466/672/194
f 476/689/202 467/690/203 466/691/212
f 477/692/201 468/693/191 467/674/191
f 478/694/14 469/676/14 468/693/14
f 479/695/200 470/679/190 469/677/190
f 480/696/199 461/666/189 470/679/213
f 1/3/2 472/681/197 471/697/197
f 2/2/4 473/698/196 472/681/196
f 3/6/5 474/685/5 473/684/5
f 474/685/195 5/9/7 475/699/195
f 5/10/8 476/688/193 475/687/193
f 6/15/11 477/700/202 476/689/202
f 7/14/12 478/701/201 477/700/201
f 478/694/14 9/19/14 479/702/14
f 9/19/16 480/703/200 479/702/200
f 10/25/18 471/704/199 480/696/199
f 575/705/214 482/705/215 572/705/216
f 497/705/217 500/705/218 494/705/219
f 503/705/220 506/705/221 500/705/218
f 509/705/222 512/705/223 506/705/221
f 515/705/224 518/705/225 512/705/223
f 521/705/226 524/705/227 518/705/225
f 527/705/228 530/705/229 524/705/227
f 533/705/230 536/705/231 530/705/229
f 539/705/232 542/705/233 536/705/231
f 545/705/234 548/705/235 542/705/233
f 551/705/236 554/705/237 548/705/235
f 557/705/238 560/705/239 554/705/237
f 563/705/240 566/705/241 560/705/239
f 569/705/242 572/705/216 566/705/241
f 491/705/243 494/705/219 488/705/244
f 544/705/245 520/705/246 496/705/247
f 485/705/248 488/705/244 482/705/215
f 482/705/215 489/705/249 483/705/250
f 483/705/251 487/705/252 481/705/253
f 485/705/248 492/705/254 491/705/243
f 492/705/255 484/705/256 490/705/257
f 494/705/219 489/705/249 488/705/244
f 489/705/258 493/705/259 487/705/252
f 491/705/243 498/705/260 497/705/217
f 492/705/255 496/705/247 498/705/261
f 500/705/218 495/705/262 494/705/219
f 495/705/263 499/705/264 493/705/259
f 503/705/220 498/705/260 504/705/265
f 498/705/261 502/705/266 504/705/267
f 506/705/221 501/705/268 500/705/218
f 501/705/269 505/705/270 499/705/264
f 503/705/220 510/705/271 509/705/222
f 504/705/267 508/705/272 510/705/273
f 506/705/221 513/705/274 507/705/275
f 513/705/276 505/705/270 507/705/277
f 515/705/224 510/705/271 516/705/278
f 516/705/279 508/705/272 514/705/280
f 512/705/223 519/705/281 513/705/274
f 519/705/282 511/705/283 513/705/276
f 515/705/224 522/705/284 521/705/226
f 522/705/285 514/705/280 520/705/246
f 524/705/227 519/705/281 518/705/225
f 525/705/286 517/705/287 519/705/282
f 527/705/228 522/705/284 528/705/288
f 528/705/289 520/705/246 526/705/290
f 530/705/229 525/705/291 524/705/227
f 531/705/292 523/705/293 525/705/286
f 533/705/230 528/705/288 534/705/294
f 528/705/289 532/705/295 534/705/296
f 530/705/229 537/705/297 531/705/298
f 537/705/299 529/705/300 531/705/292
f 533/705/230 540/705/301 539/705/232
f 540/705/302 532/705/295 538/705/303
f 536/705/231 543/705/304 537/705/297
f 537/705/299 541/705/305 535/705/306
f 539/705/232 546/705/307 545/705/234
f 540/705/302 544/705/245 546/705/308
f 548/705/235 543/705/304 542/705/233
f 543/705/309 547/705/310 541/705/305
f 545/705/234 552/705/311 551/705/236
f 546/705/308 550/705/312 552/705/313
f 554/705/237 549/705/314 548/705/235
f 549/705/315 553/705/316 547/705/310
f 551/705/236 558/705/317 557/705/238
f 552/705/313 556/705/318 558/705/319
f 554/705/237 561/705/320 555/705/321
f 561/705/322 553/705/316 555/705/323
f 563/705/240 558/705/317 564/705/324
f 564/705/325 556/705/318 562/705/326
f 560/705/239 567/705/327 561/705/320
f 567/705/328 559/705/329 561/705/322
f 569/705/242 564/705/324 570/705/330
f 570/705/331 562/705/326 568/705/332
f 572/705/216 567/705/327 566/705/241
f 573/705/333 565/705/334 567/705/328
f 575/705/214 570/705/330 576/705/335
f 576/705/336 568/705/332 574/705/337
f 482/705/215 573/705/338 572/705/216
f 573/705/333 481/705/253 571/705/339
f 575/705/214 486/705/340 485/705/248
f 576/705/336 484/705/256 486/705/341
f 523/705/293 547/705/310 571/705/339
f 671/705/214 578/705/215 668/705/342
f 593/705/217 596/705/218 590/705/219
f 599/705/220 602/705/221 596/705/218
f 605/705/222 608/705/223 602/705/221
f 611/705/224 614/705/225 608/705/223
f 617/705/226 620/705/227 614/705/225
f 623/705/228 626/705/229 620/705/227
f 629/705/230 632/705/231 626/705/229
f 635/705/232 638/705/233 632/705/231
f 641/705/234 644/705/235 638/705/233
f 647/705/236 650/705/237 644/705/235
f 653/705/238 656/705/239 650/705/237
f 659/705/240 662/705/241 656/705/239
f 665/705/242 668/705/342 662/705/241
f 587/705/243 590/705/219 584/705/343
f 640/705/245 616/705/246 592/705/247
f 581/705/248 584/705/343 578/705/215
f 578/705/215 585/705/249 579/705/344
f 585/705/258 577/705/253 579/705/251
f 587/705/243 582/705/340 588/705/254
f 588/705/255 580/705/256 586/705/257
f 584/705/343 591/705/262 585/705/249
f 591/705/263 583/705/252 585/705/258
f 587/705/243 594/705/260 593/705/217
f 594/705/261 586/705/257 592/705/247
f 596/705/218 591/705/262 590/705/219
f 597/705/269 589/705/345 591/705/263
f 599/705/220 594/705/260 600/705/265
f 600/705/267 592/705/247 598/705/266
f 602/705/221 597/705/268 596/705/218
f 603/705/277 595/705/264 597/705/269
f 605/705/222 600/705/265 606/705/271
f 600/705/267 604/705/272 606/705/273
f 602/705/221 609/705/274 603/705/275
f 609/705/276 601/705/270 603/705/277
f 605/705/222 612/705/278 611/705/224
f 612/705/279 604/705/272 610/705/280
f 608/705/223 615/705/281 609/705/274
f 609/705/276 613/705/346 607/705/283
f 611/705/224 618/705/284 617/705/226
f 612/705/279 616/705/246 618/705/285
f 620/705/227 615/705/281 614/705/225
f 615/705/282 619/705/293 613/705/346
f 617/705/226 624/705/288 623/705/228
f 618/705/285 622/705/290 624/705/289
f 626/705/229 621/705/291 620/705/227
f 621/705/286 625/705/300 619/705/293
f 623/705/228 630/705/294 629/705/230
f 624/705/289 628/705/295 630/705/296
f 626/705/229 633/705/297 627/705/347
f 633/705/299 625/705/300 627/705/292
f 635/705/232 630/705/294 636/705/301
f 636/705/302 628/705/295 634/705/303
f 632/705/231 639/705/304 633/705/297
f 639/705/309 631/705/306 633/705/299
f 641/705/234 636/705/301 642/705/307
f 642/705/308 634/705/303 640/705/245
f 644/705/235 639/705/304 638/705/233
f 645/705/315 637/705/348 639/705/309
f 647/705/236 642/705/307 648/705/311
f 648/705/313 640/705/245 646/705/312
f 650/705/237 645/705/314 644/705/235
f 645/705/315 649/705/316 643/705/310
f 647/705/236 654/705/317 653/705/238
f 648/705/313 652/705/318 654/705/319
f 650/705/237 657/705/320 651/705/321
f 651/705/323 655/705/329 649/705/316
f 653/705/238 660/705/324 659/705/240
f 660/705/325 652/705/318 658/705/326
f 662/705/241 657/705/320 656/705/239
f 657/705/322 661/705/349 655/705/329
f 659/705/240 666/705/330 665/705/242
f 660/705/325 664/705/332 666/705/331
f 668/705/342 663/705/327 662/705/241
f 663/705/328 667/705/339 661/705/349
f 671/705/214 666/705/330 672/705/335
f 666/705/331 670/705/337 672/705/336
f 578/705/215 669/705/338 668/705/342
f 669/705/333 577/705/253 667/705/339
f 671/705/214 582/705/340 581/705/248
f 672/705/336 580/705/256 582/705/341
f 619/705/293 643/705/310 667/705/339
f 767/705/214 674/705/215 764/705/216
f 689/705/217 692/705/218 686/705/219
f 695/705/220 698/705/221 692/705/218
f 701/705/222 704/705/223 698/705/221
f 707/705/224 710/705/225 704/705/223
f 713/705/226 716/705/227 710/705/225
f 719/705/228 722/705/229 716/705/227
f 725/705/230 728/705/231 722/705/229
f 731/705/232 734/705/233 728/705/231
f 737/705/234 740/705/235 734/705/233
f 743/705/236 746/705/237 740/705/235
f 749/705/238 752/705/239 746/705/237
f 755/705/240 758/705/241 752/705/239
f 761/705/242 764/705/216 758/705/241
f 683/705/243 686/705/219 680/705/244
f 736/705/245 712/705/246 688/705/247
f 677/705/248 680/705/244 674/705/215
f 674/705/215 681/705/249 675/705/250
f 681/705/258 673/705/253 675/705/251
f 677/705/248 684/705/254 683/705/243
f 684/705/255 676/705/256 682/705/257
f 680/705/244 687/705/262 681/705/249
f 681/705/258 685/705/259 679/705/252
f 683/705/243 690/705/260 689/705/217
f 684/705/255 688/705/247 690/705/261
f 692/705/218 687/705/262 686/705/219
f 687/705/263 691/705/264 685/705/259
f 689/705/217 696/705/265 695/705/220
f 690/705/261 694/705/266 696/705/267
f 698/705/221 693/705/268 692/705/218
f 693/705/269 697/705/270 691/705/264
f 695/705/220 702/705/271 701/705/222
f 696/705/267 700/705/272 702/705/273
f 698/705/221 705/705/274 699/705/275
f 705/705/276 697/705/270 699/705/277
f 707/705/224 702/705/271 708/705/278
f 708/705/279 700/705/272 706/705/280
f 704/705/223 711/705/281 705/705/274
f 711/705/282 703/705/283 705/705/276
f 713/705/226 708/705/278 714/705/284
f 714/705/285 706/705/280 712/705/246
f 716/705/227 711/705/281 710/705/225
f 717/705/286 709/705/287 711/705/282
f 719/705/228 714/705/284 720/705/288
f 720/705/289 712/705/246 718/705/290
f 722/705/229 717/705/291 716/705/227
f 717/705/286 721/705/300 715/705/293
f 719/705/228 726/705/294 725/705/230
f 720/705/289 724/705/295 726/705/296
f 722/705/229 729/705/297 723/705/298
f 723/705/292 727/705/306 721/705/300
f 725/705/230 732/705/301 731/705/232
f 732/705/302 724/705/295 730/705/303
f 734/705/233 729/705/297 728/705/231
f 729/705/299 733/705/305 727/705/306
f 731/705/232 738/705/307 737/705/234
f 732/705/302 736/705/245 738/705/308
f 740/705/235 735/705/304 734/705/233
f 735/705/309 739/705/310 733/705/305
f 743/705/236 738/705/307 744/705/311
f 738/705/308 742/705/312 744/705/313
f 746/705/237 741/705/314 740/705/235
f 741/705/315 745/705/316 739/705/310
f 743/705/236 750/705/317 749/705/238
f 744/705/313 748/705/318 750/705/319
f 746/705/237 753/705/320 747/705/321
f 753/705/322 745/705/316 747/705/323
f 755/705/240 750/705/317 756/705/324
f 756/705/325 748/705/318 754/705/326
f 752/705/239 759/705/327 753/705/320
f 759/705/328 751/705/329 753/705/322
f 755/705/240 762/705/330 761/705/242
f 762/705/331 754/705/326 760/705/332
f 764/705/216 759/705/327 758/705/241
f 765/705/333 757/705/334 759/705/328
f 767/705/214 762/705/330 768/705/335
f 768/705/336 760/705/332 766/705/337
f 674/705/215 765/705/338 764/705/216
f 675/705/251 763/705/339 765/705/333
f 677/705/248 768/705/335 678/705/340
f 768/705/336 676/705/256 678/705/341
f 715/705/293 739/705/310 763/705/339
f 863/705/214 770/705/215 860/705/216
f 785/705/217 788/705/218 782/705/219
f 791/705/220 794/705/221 788/705/218
f 797/705/222 800/705/223 794/705/221
f 803/705/224 806/705/225 800/705/223
f 809/705/226 812/705/350 806/705/225
f 815/705/228 818/705/229 812/705/350
f 821/705/230 824/705/351 818/705/229
f 827/705/232 830/705/233 824/705/351
f 833/705/234 836/705/235 830/705/233
f 839/705/236 842/705/237 836/705/235
f 845/705/238 848/705/239 842/705/237
f 851/705/240 854/705/241 848/705/239
f 857/705/242 860/705/216 854/705/241
f 779/705/243 782/705/219 776/705/244
f 832/705/245 808/705/246 784/705/247
f 773/705/248 776/705/244 770/705/215
f 770/705/215 777/705/249 771/705/344
f 777/705/258 769/705/253 771/705/251
f 779/705/243 774/705/340 780/705/254
f 780/705/255 772/705/256 778/705/257
f 776/705/244 783/705/262 777/705/249
f 783/705/263 775/705/252 777/705/258
f 785/705/217 780/705/254 786/705/260
f 786/705/261 778/705/257 784/705/247
f 788/705/218 783/705/262 782/705/219
f 789/705/269 781/705/345 783/705/263
f 791/705/220 786/705/260 792/705/265
f 792/705/267 784/705/247 790/705/266
f 794/705/221 789/705/268 788/705/218
f 789/705/269 793/705/270 787/705/264
f 791/705/220 798/705/271 797/705/222
f 792/705/267 796/705/272 798/705/273
f 794/705/221 801/705/274 795/705/275
f 795/705/277 799/705/283 793/705/270
f 797/705/222 804/705/278 803/705/224
f 804/705/279 796/705/272 802/705/280
f 806/705/225 801/705/274 800/705/223
f 801/705/276 805/705/346 799/705/283
f 803/705/224 810/705/284 809/705/226
f 804/705/279 808/705/246 810/705/285
f 812/705/350 807/705/281 806/705/225
f 807/705/282 811/705/293 805/705/346
f 815/705/228 810/705/284 816/705/288
f 810/705/285 814/705/290 816/705/289
f 818/705/229 813/705/291 812/705/350
f 813/705/286 817/705/300 811/705/293
f 815/705/228 822/705/294 821/705/230
f 816/705/289 820/705/295 822/705/296
f 818/705/229 825/705/297 819/705/347
f 825/705/299 817/705/300 819/705/292
f 827/705/232 822/705/294 828/705/301
f 828/705/302 820/705/295 826/705/303
f 824/705/351 831/705/304 825/705/297
f 831/705/309 823/705/306 825/705/299
f 827/705/232 834/705/307 833/705/234
f 834/705/308 826/705/303 832/705/245
f 836/705/235 831/705/304 830/705/233
f 837/705/315 829/705/348 831/705/309
f 839/705/236 834/705/307 840/705/311
f 840/705/313 832/705/245 838/705/312
f 842/705/237 837/705/314 836/705/235
f 843/705/323 835/705/310 837/705/315
f 845/705/238 840/705/311 846/705/317
f 840/705/313 844/705/318 846/705/319
f 842/705/237 849/705/320 843/705/321
f 849/705/322 841/705/316 843/705/323
f 845/705/238 852/705/324 851/705/240
f 852/705/325 844/705/318 850/705/326
f 848/705/239 855/705/327 849/705/320
f 849/705/322 853/705/349 847/705/329
f 851/705/240 858/705/330 857/705/242
f 852/705/325 856/705/332 858/705/331
f 860/705/216 855/705/327 854/705/241
f 855/705/328 859/705/339 853/705/349
f 857/705/242 864/705/335 863/705/214
f 858/705/331 862/705/337 864/705/336
f 770/705/215 861/705/338 860/705/216
f 861/705/333 769/705/253 859/705/339
f 863/705/214 774/705/340 773/705/248
f 864/705/336 772/705/256 774/705/341
f 811/705/293 835/705/310 859/705/339
f 11/1/1 12/4/1 2/2/2
f 12/4/3 13/27/3 3/5/4
f 3/6/5 13/29/5 14/7/5
f 14/7/6 15/31/6 5/9/7
f 5/10/8 15/706/9 16/11/9
f 16/13/10 17/35/10 7/14/11
f 7/14/12 17/35/13 18/16/13
f 18/18/14 19/21/14 9/19/14
f 19/21/15 20/39/15 10/22/16
f 20/23/17 11/707/17 1/24/18
f 11/1/1 21/43/19 22/26/19
f 22/26/20 23/45/20 13/27/3
f 23/28/5 24/30/5 14/7/5
f 24/30/21 25/47/21 15/31/6
f 25/32/22 26/49/31 16/13/9
f 16/13/10 26/49/23 27/34/23
f 17/35/13 27/34/24 28/36/24
f 18/18/14 28/52/14 29/37/14
f 19/21/15 29/37/25 30/38/25
f 30/40/26 21/43/26 11/1/17
f 31/42/27 32/55/27 22/26/19
f 22/26/20 32/55/28 33/44/28
f 23/28/5 33/56/5 34/46/5
f 34/46/29 35/58/29 25/47/21
f 25/32/22 35/60/30 36/48/30
f 36/48/32 37/50/32 27/34/23
f 37/50/33 38/62/33 28/36/24
f 38/51/14 39/53/14 29/37/14
f 39/53/34 40/65/34 30/38/25
f 30/40/26 40/67/35 31/42/35
f 31/42/27 41/69/36 42/54/36
f 42/54/37 43/71/37 33/44/28
f 33/56/5 43/73/5 44/57/5
f 44/57/38 45/75/38 35/58/29
f 45/59/39 46/77/39 36/48/30
f 36/48/32 46/77/40 47/61/40
f 47/61/41 48/79/41 38/62/33
f 48/63/14 49/64/14 39/53/14
f 49/64/42 50/81/42 40/65/34
f 50/66/43 41/69/43 31/42/35
f 51/68/44 52/70/44 42/54/36
f 52/70/45 53/84/45 43/71/37
f 53/72/5 54/86/5 44/57/5
f 44/57/38 54/86/46 55/74/46
f 55/76/47 56/88/47 46/77/39
f 46/77/40 56/88/48 57/78/48
f 57/78/49 58/90/49 48/79/41
f 48/63/14 58/92/14 59/80/14
f 59/80/50 60/94/50 50/81/42
f 50/66/43 60/95/51 51/68/51
f 61/82/52 62/83/52 52/70/44
f 62/83/53 63/98/53 53/84/45
f 53/72/5 63/100/5 64/85/5
f 64/85/54 65/102/54 55/74/46
f 65/87/55 66/104/55 56/88/47
f 56/88/48 66/104/56 67/89/56
f 67/89/57 68/106/57 58/90/49
f 68/91/14 69/108/14 59/80/14
f 59/80/50 69/108/58 70/93/58
f 60/95/51 70/110/59 61/82/59
f 71/96/60 72/112/60 62/83/52
f 62/83/53 72/112/61 73/97/61
f 73/99/5 74/101/5 64/85/5
f 74/101/62 75/116/62 65/102/54
f 65/87/55 75/118/63 76/103/63
f 76/103/64 77/105/64 67/89/56
f 77/105/65 78/121/65 68/106/57
f 78/107/14 79/109/14 69/108/14
f 79/109/66 80/124/66 70/93/58
f 70/110/59 80/125/67 71/96/67
f 81/111/68 82/127/68 72/112/60
f 72/112/61 82/127/69 83/113/69
f 83/114/5 84/130/5 74/101/5
f 74/101/62 84/130/70 85/115/70
f 85/117/71 86/119/71 76/103/63
f 86/119/72 87/120/72 77/105/64
f 87/120/73 88/135/73 78/121/65
f 88/122/14 89/123/14 79/109/14
f 89/123/74 90/138/74 80/124/66
f 80/125/67 90/708/75 81/111/75
f 91/126/76 92/128/76 82/127/68
f 92/128/77 93/143/77 83/113/69
f 93/129/5 94/145/5 84/130/5
f 84/130/70 94/145/78 95/131/78
f 95/131/79 96/148/79 86/132/71
f 96/133/80 97/134/80 87/120/72
f 97/134/81 98/151/81 88/135/73
f 88/122/14 98/152/14 99/136/14
f 89/123/74 99/136/82 100/137/82
f 90/138/75 100/137/83 91/139/83
f 101/141/84 102/157/93 92/128/76
f 92/128/77 102/157/85 103/142/85
f 103/144/5 104/146/5 94/145/5
f 104/146/86 105/147/86 95/131/78
f 105/147/87 106/162/97 96/148/79
f 96/133/80 106/163/98 107/149/88
f 97/134/81 107/149/89 108/150/89
f 98/152/14 108/167/14 109/153/14
f 99/136/82 109/153/90 110/154/90
f 100/137/83 110/154/91 101/155/91
f 111/156/92 112/158/92 102/157/93
f 112/158/94 113/709/94 103/142/85
f 113/159/5 114/160/5 104/146/5
f 114/160/95 115/161/95 105/147/86
f 115/161/96 116/178/96 106/162/97
f 106/163/98 116/710/99 117/164/99
f 107/149/89 117/164/100 118/165/100
f 118/166/14 119/168/14 109/153/14
f 119/168/101 120/169/101 110/154/90
f 120/169/102 111/186/102 101/155/91
f 121/170/103 122/173/103 112/171/92
f 122/173/104 123/189/104 113/174/94
f 123/175/5 124/176/5 114/160/5
f 124/176/105 125/177/105 115/161/95
f 125/177/106 126/193/106 116/178/96
f 126/179/107 127/182/107 117/180/99
f 127/182/108 128/196/108 118/183/100
f 118/166/14 128/197/14 129/184/14
f 119/168/101 129/184/109 130/185/109
f 130/185/110 121/200/110 111/186/102
f 131/187/111 132/188/111 122/173/103
f 132/188/112 133/203/112 123/189/104
f 133/190/5 134/191/5 124/176/5
f 134/191/113 135/192/113 125/177/105
f 135/192/114 136/207/114 126/193/106
f 126/179/107 136/209/115 137/194/115
f 127/182/108 137/194/116 138/195/116
f 128/197/14 138/212/14 139/198/14
f 139/198/117 140/199/117 130/185/109
f 140/199/118 131/215/118 121/200/110
f 141/201/119 142/217/128 132/188/111
f 132/188/112 142/217/120 143/202/120
f 133/190/5 143/220/5 144/204/5
f 134/191/113 144/204/121 145/205/121
f 135/192/114 145/205/122 146/206/122
f 146/208/123 147/210/123 137/194/115
f 147/210/124 148/225/124 138/195/116
f 148/211/14 149/213/14 139/198/14
f 149/213/125 150/214/125 140/199/117
f 150/214/126 141/228/136 131/215/118
f 151/216/127 152/230/127 142/217/128
f 142/217/120 152/230/129 153/218/129
f 153/219/5 154/221/5 144/204/5
f 154/221/130 155/222/130 145/205/121
f 155/222/131 156/711/131 146/206/122
f 146/208/123 156/234/132 157/223/132
f 147/210/124 157/223/133 158/224/133
f 148/211/14 158/238/14 159/226/14
f 159/226/134 160/227/134 150/214/125
f 160/227/135 151/712/135 141/228/136
f 151/216/127 161/243/137 162/229/137
f 162/229/138 163/245/138 153/218/129
f 163/231/5 164/247/5 154/221/5
f 154/221/130 164/247/139 165/232/139
f 165/233/140 166/236/140 156/234/131
f 166/236/141 167/237/141 157/223/132
f 167/237/142 168/251/142 158/224/133
f 158/238/14 168/252/14 169/239/14
f 169/239/143 170/254/143 160/227/134
f 170/240/144 161/243/144 151/216/135
f 171/242/145 172/257/145 162/229/137
f 162/229/138 172/257/146 173/244/146
f 173/246/5 174/248/5 164/247/5
f 174/248/147 175/260/147 165/232/139
f 175/249/148 176/262/148 166/236/140
f 166/236/141 176/262/149 177/250/149
f 177/250/150 178/265/150 168/251/142
f 168/252/14 178/266/14 179/253/14
f 179/253/151 180/269/151 170/254/143
f 180/255/152 171/242/152 161/243/144
f 171/242/145 181/271/153 182/256/153
f 182/256/154 183/273/154 173/244/146
f 183/258/5 184/275/5 174/248/5
f 174/248/147 184/275/155 185/259/155
f 185/261/156 186/263/156 176/262/148
f 186/263/157 187/264/157 177/250/149
f 187/264/158 188/279/158 178/265/150
f 178/266/14 188/280/14 189/267/14
f 179/253/151 189/267/159 190/268/159
f 190/270/160 181/271/160 171/242/152
f 181/271/153 191/283/161 192/272/161
f 192/272/162 193/286/162 183/273/154
f 193/274/5 194/276/5 184/275/5
f 194/276/163 195/289/163 185/259/155
f 185/261/156 195/291/164 196/277/164
f 196/277/165 197/293/165 187/264/157
f 187/264/158 197/293/166 198/278/166
f 188/280/14 198/296/14 199/281/14
f 189/267/159 199/281/167 200/282/167
f 190/270/160 200/299/168 191/283/168
f 201/284/169 202/285/169 192/272/161
f 202/285/170 203/302/170 193/286/162
f 203/287/5 204/304/5 194/276/5
f 194/276/163 204/304/171 205/288/171
f 205/290/172 206/292/172 196/277/164
f 206/292/173 207/294/173 197/293/165
f 207/294/174 208/308/174 198/278/166
f 208/295/14 209/310/14 199/281/14
f 199/281/167 209/310/175 210/297/175
f 210/298/176 201/284/176 191/283/168
f 211/300/177 212/312/177 202/285/169
f 202/285/170 212/312/178 213/301/178
f 213/303/5 214/314/5 204/304/5
f 204/304/171 214/314/179 215/305/179
f 215/306/180 216/317/180 206/292/172
f 206/292/173 216/317/181 217/307/181
f 217/307/182 218/319/182 208/308/174
f 208/295/14 218/321/14 219/309/14
f 219/309/183 220/323/183 210/297/175
f 210/298/176 220/325/184 211/300/184
f 211/300/177 221/327/194 222/311/185
f 222/311/186 223/329/186 213/301/178
f 213/303/5 223/331/5 224/313/5
f 214/314/179 224/313/187 225/315/187
f 225/316/188 226/337/198 216/317/180
f 216/317/181 226/337/189 227/318/189
f 227/318/190 228/339/190 218/319/182
f 228/320/14 229/322/14 219/309/14
f 229/322/191 230/342/191 220/323/183
f 230/324/192 221/327/203 211/300/184
f 231/326/193 232/328/193 222/311/185
f 232/328/195 233/713/195 223/329/186
f 233/330/5 234/332/5 224/313/5
f 234/332/196 235/714/196 225/315/187
f 235/333/197 236/352/197 226/334/198
f 236/336/199 237/354/199 227/318/189
f 227/318/190 237/354/200 238/338/200
f 238/340/14 239/358/14 229/322/14
f 229/322/191 239/358/201 240/341/201
f 240/343/202 231/362/202 221/344/203
f 241/346/8 242/364/8 232/328/193
f 232/347/195 242/366/7 243/348/7
f 233/330/5 243/348/5 244/349/5
f 234/350/196 244/369/4 245/351/4
f 245/351/2 246/371/2 236/352/197
f 246/353/18 247/373/18 237/354/199
f 247/355/16 248/357/16 238/340/200
f 248/357/14 249/376/14 239/358/14
f 249/359/12 250/361/12 240/343/201
f 250/361/11 241/379/11 231/362/202
f 251/363/9 252/715/9 242/364/8
f 252/365/6 253/367/6 243/348/7
f 253/367/5 254/384/5 244/349/5
f 254/368/3 255/370/3 245/351/4
f 255/370/1 256/386/1 246/371/2
f 246/353/18 256/716/17 257/372/17
f 247/355/16 257/390/15 258/374/15
f 248/357/14 258/374/14 259/375/14
f 259/377/13 260/378/13 250/361/12
f 260/378/10 251/382/10 241/379/11
f 261/380/31 262/395/22 252/381/9
f 252/365/6 262/396/21 263/383/21
f 263/383/5 264/398/5 254/384/5
f 254/368/3 264/399/20 265/385/20
f 265/385/204 266/387/19 256/386/1
f 266/387/26 267/402/205 257/388/17
f 267/389/25 268/391/25 258/374/15
f 268/391/14 269/405/14 259/375/14
f 269/392/24 270/393/24 260/378/13
f 270/393/23 261/380/206 251/382/10
f 271/394/30 272/408/30 262/395/22
f 262/396/21 272/409/29 273/397/29
f 273/397/5 274/412/5 264/398/5
f 264/399/20 274/413/28 275/400/28
f 265/385/204 275/400/27 276/401/27
f 276/401/35 277/416/35 267/402/205
f 277/403/34 278/404/34 268/391/25
f 278/404/14 279/419/14 269/405/14
f 269/392/24 279/421/33 280/406/33
f 270/393/23 280/406/32 271/394/32
f 281/407/39 282/423/39 272/408/30
f 272/409/29 282/424/38 283/410/38
f 273/397/5 283/410/5 284/411/5
f 274/413/28 284/427/37 285/414/37
f 285/414/36 286/429/36 276/401/27
f 276/401/35 286/429/43 287/415/43
f 287/417/42 288/418/42 278/404/34
f 288/418/14 289/433/14 279/419/14
f 289/420/41 290/435/41 280/406/33
f 280/406/32 290/435/40 281/407/40
f 291/422/47 292/438/47 282/423/39
f 282/424/38 292/439/46 293/425/46
f 293/425/5 294/442/5 284/411/5
f 294/426/45 295/428/45 285/414/37
f 295/428/44 296/430/44 286/429/36
f 296/430/51 297/445/51 287/415/43
f 287/417/42 297/447/50 298/431/50
f 288/418/14 298/431/14 299/432/14
f 299/434/49 300/436/49 290/435/41
f 300/436/48 291/422/48 281/407/40
f 301/437/55 302/451/55 292/438/47
f 292/439/46 302/452/54 303/440/54
f 293/425/5 303/440/5 304/441/5
f 294/426/45 304/456/53 305/443/53
f 305/443/52 306/444/52 296/430/44
f 306/444/59 307/458/59 297/445/51
f 307/446/58 308/448/58 298/431/50
f 308/448/14 309/460/14 299/432/14
f 309/449/57 310/462/57 300/436/49
f 300/436/48 310/462/56 301/437/56
f 311/450/63 312/464/63 302/451/55
f 302/452/54 312/466/62 313/453/62
f 303/440/5 313/453/5 314/454/5
f 314/455/61 315/469/61 305/443/53
f 305/443/52 315/469/60 316/457/60
f 316/457/67 317/471/67 307/458/59
f 307/446/58 317/473/66 318/459/66
f 318/459/14 319/475/14 309/460/14
f 319/461/65 320/477/65 310/462/57
f 310/462/56 320/477/64 311/450/64
f 321/463/71 322/717/71 312/464/63
f 322/465/70 323/481/70 313/453/62
f 313/453/5 323/481/5 324/467/5
f 314/455/61 324/484/69 325/468/69
f 315/469/60 325/468/68 326/470/68
f 326/470/75 327/718/75 317/471/67
f 327/472/74 328/474/74 318/459/66
f 328/474/14 329/489/14 319/475/14
f 319/461/65 329/491/73 330/476/73
f 330/476/72 321/463/72 311/450/64
f 331/478/79 332/480/79 322/465/71
f 332/480/78 333/495/78 323/481/70
f 323/481/5 333/495/5 334/482/5
f 334/483/77 335/485/77 325/468/69
f 335/485/76 336/499/76 326/470/68
f 326/486/75 336/501/83 337/487/83
f 327/472/74 337/487/82 338/488/82
f 338/488/14 339/504/14 329/489/14
f 339/490/81 340/506/81 330/476/73
f 330/476/72 340/506/80 331/492/80
f 341/493/87 342/494/97 332/480/79
f 342/494/86 343/510/86 333/495/78
f 333/495/5 343/510/5 344/496/5
f 344/497/85 345/498/85 335/485/77
f 345/498/93 346/514/208 336/499/76
f 346/500/207 347/502/207 337/487/83
f 347/502/90 348/503/90 338/488/82
f 348/503/14 349/518/14 339/504/14
f 339/490/81 349/520/89 350/505/89
f 340/506/80 350/505/98 341/507/88
f 351/508/96 352/509/96 342/494/97
f 352/509/95 353/511/95 343/510/86
f 353/511/5 354/524/5 344/496/5
f 354/512/94 355/513/94 345/498/85
f 355/513/92 356/527/92 346/514/208
f 346/500/207 356/529/102 357/515/102
f 347/502/90 357/515/101 358/516/101
f 348/503/14 358/516/14 359/517/14
f 359/519/100 360/521/100 350/505/89
f 360/521/99 351/534/99 341/507/88
f 351/508/96 361/536/106 362/522/106
f 362/522/105 363/538/105 353/511/95
f 353/511/5 363/538/5 364/523/5
f 354/512/94 364/719/104 365/525/104
f 355/513/92 365/525/103 366/526/103
f 366/528/110 367/530/110 357/515/102
f 367/530/109 368/531/109 358/516/101
f 368/531/14 369/547/14 359/517/14
f 369/532/108 370/533/108 360/521/100
f 370/533/107 361/720/107 351/534/99
f 371/535/114 372/554/114 362/522/106
f 362/522/105 372/554/113 373/537/113
f 363/538/5 373/537/5 374/539/5
f 374/540/112 375/543/112 365/541/104
f 375/543/111 376/558/111 366/544/103
f 376/545/118 377/560/118 367/530/110
f 367/530/109 377/560/117 378/546/117
f 378/546/14 379/562/14 369/547/14
f 379/548/116 380/551/116 370/549/108
f 380/551/115 371/564/115 361/552/107
f 381/553/209 382/555/209 372/554/114
f 382/555/121 383/556/121 373/537/113
f 383/556/5 384/567/5 374/539/5
f 374/540/112 384/568/120 385/557/120
f 385/557/119 386/570/128 376/558/111
f 376/545/118 386/572/126 387/559/126
f 387/559/125 388/574/125 378/546/117
f 378/546/14 388/574/14 389/561/14
f 379/548/116 389/577/124 390/563/124
f 390/563/210 381/579/211 371/564/115
f 381/553/209 391/721/131 392/565/131
f 392/565/130 393/584/130 383/556/121
f 383/556/5 393/584/5 394/566/5
f 384/568/120 394/586/129 395/569/129
f 395/569/127 396/588/127 386/570/128
f 396/571/135 397/573/135 387/559/126
f 397/573/134 398/575/134 388/574/125
f 398/575/14 399/591/14 389/561/14
f 399/576/133 400/578/133 390/563/124
f 400/578/132 391/582/132 381/579/211
f 401/580/140 402/595/140 392/581/131
f 392/565/130 402/597/139 403/583/139
f 403/583/5 404/599/5 394/566/5
f 404/585/138 405/601/138 395/569/129
f 395/569/127 405/601/137 406/587/137
f 406/587/144 407/603/144 397/589/135
f 397/573/134 407/604/143 408/590/143
f 408/590/14 409/607/14 399/591/14
f 409/592/142 410/593/142 400/578/133
f 410/593/141 401/580/141 391/582/132
f 401/580/140 411/610/148 412/594/148
f 412/596/147 413/598/147 403/583/139
f 413/598/5 414/613/5 404/599/5
f 414/600/146 415/615/146 405/601/138
f 405/601/137 415/615/145 416/602/145
f 416/602/152 417/617/152 407/603/144
f 407/604/143 417/619/151 418/605/151
f 408/590/14 418/605/14 419/606/14
f 409/592/142 419/621/150 420/608/150
f 420/608/149 411/610/149 401/580/141
f 421/609/156 422/624/156 412/594/148
f 422/611/155 423/626/155 413/598/147
f 413/598/5 423/626/5 424/612/5
f 414/600/146 424/629/154 425/614/154
f 415/615/145 425/614/153 426/616/153
f 426/616/160 427/631/160 417/617/152
f 427/618/159 428/620/159 418/605/151
f 428/620/14 429/633/14 419/606/14
f 419/621/150 429/634/158 430/622/158
f 420/608/149 430/622/157 421/609/157
f 431/623/164 432/637/164 422/624/156
f 432/625/163 433/627/163 423/626/155
f 433/627/5 434/640/5 424/612/5
f 434/628/162 435/642/162 425/614/154
f 425/614/153 435/642/161 436/630/161
f 436/630/168 437/644/168 427/631/160
f 427/618/159 437/645/167 438/632/167
f 438/632/14 439/647/14 429/633/14
f 429/634/158 439/649/166 440/635/166
f 440/635/165 431/623/165 421/609/157
f 431/623/164 441/651/172 442/636/172
f 432/625/163 442/654/171 443/638/171
f 433/627/5 443/638/5 444/639/5
f 444/641/170 445/657/170 435/642/162
f 435/642/161 445/657/169 446/643/169
f 446/643/176 447/660/176 437/644/168
f 437/645/167 447/662/175 448/646/175
f 448/646/14 449/664/14 439/647/14
f 449/648/174 450/650/174 440/635/166
f 450/650/173 441/651/173 431/623/165
f 441/651/172 451/667/180 452/652/180
f 452/653/179 453/655/179 443/638/171
f 453/655/5 454/669/5 444/639/5
f 454/656/178 455/658/178 445/657/170
f 455/658/177 456/659/177 446/643/169
f 456/659/184 457/673/184 447/660/176
f 457/661/183 458/675/183 448/646/175
f 448/646/14 458/675/14 459/663/14
f 449/648/174 459/678/182 460/665/182
f 460/665/181 451/667/181 441/651/173
f 461/666/198 462/722/198 452/652/180
f 452/653/179 462/683/187 463/668/187
f 463/668/5 464/686/5 454/669/5
f 464/670/186 465/671/186 455/658/178
f 465/671/185 466/672/194 456/659/177
f 466/672/212 467/723/203 457/673/184
f 467/674/191 468/693/191 458/675/183
f 458/675/14 468/693/14 469/676/14
f 469/677/190 470/679/190 460/665/182
f 470/679/213 461/666/189 451/667/181
f 461/680/198 471/697/197 472/681/197
f 462/683/187 472/724/196 473/684/196
f 463/668/5 473/684/5 474/685/5
f 464/670/186 474/725/195 475/687/195
f 465/671/185 475/687/193 476/688/193
f 476/689/202 477/700/202 467/690/203
f 477/692/201 478/694/201 468/693/191
f 478/694/14 479/702/14 469/676/14
f 479/695/200 480/696/200 470/679/190
f 480/696/199 471/704/199 461/666/189
f 1/3/2 2/2/2 472/681/197
f 2/2/4 3/5/4 473/698/196
f 3/6/5 4/8/5 474/685/5
f 474/685/195 4/8/7 5/9/7
f 5/10/8 6/12/8 476/688/193
f 6/15/11 7/14/11 477/700/202
f 7/14/12 8/17/12 478/701/201
f 478/694/14 8/20/14 9/19/14
f 9/19/16 10/22/16 480/703/200
f 10/25/18 1/24/18 471/704/199
f 575/705/214 485/705/248 482/705/215
f 497/705/217 503/705/220 500/705/218
f 503/705/220 509/705/222 506/705/221
f 509/705/222 515/705/224 512/705/223
f 515/705/224 521/705/226 518/705/225
f 521/705/226 527/705/228 524/705/227
f 527/705/228 533/705/230 530/705/229
f 533/705/230 539/705/232 536/705/231
f 539/705/232 545/705/234 542/705/233
f 545/705/234 551/705/236 548/705/235
f 551/705/236 557/705/238 554/705/237
f 557/705/238 563/705/240 560/705/239
f 563/705/240 569/705/242 566/705/241
f 569/705/242 575/705/214 572/705/216
f 491/705/243 497/705/217 494/705/219
f 496/705/247 490/705/257 484/705/256
f 484/705/256 574/705/337 568/705/332
f 568/705/332 562/705/326 556/705/318
f 556/705/318 550/705/312 544/705/245
f 544/705/245 538/705/303 532/705/295
f 532/705/295 526/705/290 520/705/246
f 520/705/246 514/705/280 508/705/272
f 508/705/272 502/705/266 496/705/247
f 496/705/247 484/705/256 568/705/332
f 568/705/332 556/705/318 544/705/245
f 544/705/245 532/705/295 520/705/246
f 520/705/246 508/705/272 496/705/247
f 496/705/247 568/705/332 544/705/245
f 485/705/248 491/705/243 488/705/244
f 482/705/215 488/705/244 489/705/249
f 483/705/251 489/705/258 487/705/252
f 485/705/248 486/705/340 492/705/254
f 492/705/255 486/705/341 484/705/256
f 494/705/219 495/705/262 489/705/249
f 489/705/258 495/705/263 493/705/259
f 491/705/243 492/705/254 498/705/260
f 492/705/255 490/705/257 496/705/247
f 500/705/218 501/705/268 495/705/262
f 495/705/263 501/705/269 499/705/264
f 503/705/220 497/705/217 498/705/260
f 498/705/261 496/705/247 502/705/266
f 506/705/221 507/705/275 501/705/268
f 501/705/269 507/705/277 505/705/270
f 503/705/220 504/705/265 510/705/271
f 504/705/267 502/705/266 508/705/272
f 506/705/221 512/705/223 513/705/274
f 513/705/276 511/705/283 505/705/270
f 515/705/224 509/705/222 510/705/271
f 516/705/279 510/705/273 508/705/272
f 512/705/223 518/705/225 519/705/281
f 519/705/282 517/705/287 511/705/283
f 515/705/224 516/705/278 522/705/284
f 522/705/285 516/705/279 514/705/280
f 524/705/227 525/705/291 519/705/281
f 525/705/286 523/705/293 517/705/287
f 527/705/228 521/705/226 522/705/284
f 528/705/289 522/705/285 520/705/246
f 530/705/229 531/705/298 525/705/291
f 531/705/292 529/705/300 523/705/293
f 533/705/230 527/705/228 528/705/288
f 528/705/289 526/705/290 532/705/295
f 530/705/229 536/705/231 537/705/297
f 537/705/299 535/705/306 529/705/300
f 533/705/230 534/705/294 540/705/301
f 540/705/302 534/705/296 532/705/295
f 536/705/231 542/705/233 543/705/304
f 537/705/299 543/705/309 541/705/305
f 539/705/232 540/705/301 546/705/307
f 540/705/302 538/705/303 544/705/245
f 548/705/235 549/705/314 543/705/304
f 543/705/309 549/705/315 547/705/310
f 545/705/234 546/705/307 552/705/311
f 546/705/308 544/705/245 550/705/312
f 554/705/237 555/705/321 549/705/314
f 549/705/315 555/705/323 553/705/316
f 551/705/236 552/705/311 558/705/317
f 552/705/313 550/705/312 556/705/318
f 554/705/237 560/705/239 561/705/320
f 561/705/322 559/705/329 553/705/316
f 563/705/240 557/705/238 558/705/317
f 564/705/325 558/705/319 556/705/318
f 560/705/239 566/705/241 567/705/327
f 567/705/328 565/705/334 559/705/329
f 569/705/242 563/705/240 564/705/324
f 570/705/331 564/705/325 562/705/326
f 572/705/216 573/705/338 567/705/327
f 573/705/333 571/705/339 565/705/334
f 575/705/214 569/705/242 570/705/330
f 576/705/336 570/705/331 568/705/332
f 482/705/215 483/705/250 573/705/338
f 573/705/333 483/705/251 481/705/253
f 575/705/214 576/705/335 486/705/340
f 576/705/336 574/705/337 484/705/256
f 571/705/339 481/705/253 487/705/252
f 487/705/252 493/705/259 499/705/264
f 499/705/264 505/705/270 511/705/283
f 511/705/283 517/705/287 523/705/293
f 523/705/293 529/705/300 535/705/306
f 535/705/306 541/705/305 547/705/310
f 547/705/310 553/705/316 559/705/329
f 559/705/329 565/705/334 571/705/339
f 571/705/339 487/705/252 499/705/264
f 499/705/264 511/705/283 523/705/293
f 523/705/293 535/705/306 547/705/310
f 547/705/310 559/705/329 571/705/339
f 571/705/339 499/705/264 523/705/293
f 671/705/214 581/705/248 578/705/215
f 593/705/217 599/705/220 596/705/218
f 599/705/220 605/705/222 602/705/221
f 605/705/222 611/705/224 608/705/223
f 611/705/224 617/705/226 614/705/225
f 617/705/226 623/705/228 620/705/227
f 623/705/228 629/705/230 626/705/229
f 629/705/230 635/705/232 632/705/231
f 635/705/232 641/705/234 638/705/233
f 641/705/234 647/705/236 644/705/235
f 647/705/236 653/705/238 650/705/237
f 653/705/238 659/705/240 656/705/239
f 659/705/240 665/705/242 662/705/241
f 665/705/242 671/705/214 668/705/342
f 587/705/243 593/705/217 590/705/219
f 592/705/247 586/705/257 580/705/256
f 580/705/256 670/705/337 664/705/332
f 664/705/332 658/705/326 652/705/318
f 652/705/318 646/705/312 640/705/245
f 640/705/245 634/705/303 628/705/295
f 628/705/295 622/705/290 616/705/246
f 616/705/246 610/705/280 604/705/272
f 604/705/272 598/705/266 592/705/247
f 592/705/247 580/705/256 664/705/332
f 664/705/332 652/705/318 640/705/245
f 640/705/245 628/705/295 616/705/246
f 616/705/246 604/705/272 592/705/247
f 592/705/247 664/705/332 640/705/245
f 581/705/248 587/705/243 584/705/343
f 578/705/215 584/705/343 585/705/249
f 585/705/258 583/705/252 577/705/253
f 587/705/243 581/705/248 582/705/340
f 588/705/255 582/705/341 580/705/256
f 584/705/343 590/705/219 591/705/262
f 591/705/263 589/705/345 583/705/252
f 587/705/243 588/705/254 594/705/260
f 594/705/261 588/705/255 586/705/257
f 596/705/218 597/705/268 591/705/262
f 597/705/269 595/705/264 589/705/345
f 599/705/220 593/705/217 594/705/260
f 600/705/267 594/705/261 592/705/247
f 602/705/221 603/705/275 597/705/268
f 603/705/277 601/705/270 595/705/264
f 605/705/222 599/705/220 600/705/265
f 600/705/267 598/705/266 604/705/272
f 602/705/221 608/705/223 609/705/274
f 609/705/276 607/705/283 601/705/270
f 605/705/222 606/705/271 612/705/278
f 612/705/279 606/705/273 604/705/272
f 608/705/223 614/705/225 615/705/281
f 609/705/276 615/705/282 613/705/346
f 611/705/224 612/705/278 618/705/284
f 612/705/279 610/705/280 616/705/246
f 620/705/227 621/705/291 615/705/281
f 615/705/282 621/705/286 619/705/293
f 617/705/226 618/705/284 624/705/288
f 618/705/285 616/705/246 622/705/290
f 626/705/229 627/705/347 621/705/291
f 621/705/286 627/705/292 625/705/300
f 623/705/228 624/705/288 630/705/294
f 624/705/289 622/705/290 628/705/295
f 626/705/229 632/705/231 633/705/297
f 633/705/299 631/705/306 625/705/300
f 635/705/232 629/705/230 630/705/294
f 636/705/302 630/705/296 628/705/295
f 632/705/231 638/705/233 639/705/304
f 639/705/309 637/705/348 631/705/306
f 641/705/234 635/705/232 636/705/301
f 642/705/308 636/705/302 634/705/303
f 644/705/235 645/705/314 639/705/304
f 645/705/315 643/705/310 637/705/348
f 647/705/236 641/705/234 642/705/307
f 648/705/313 642/705/308 640/705/245
f 650/705/237 651/705/321 645/705/314
f 645/705/315 651/705/323 649/705/316
f 647/705/236 648/705/311 654/705/317
f 648/705/313 646/705/312 652/705/318
f 650/705/237 656/705/239 657/705/320
f 651/705/323 657/705/322 655/705/329
f 653/705/238 654/705/317 660/705/324
f 660/705/325 654/705/319 652/705/318
f 662/705/241 663/705/327 657/705/320
f 657/705/322 663/705/328 661/705/349
f 659/705/240 660/705/324 666/705/330
f 660/705/325 658/705/326 664/705/332
f 668/705/342 669/705/338 663/705/327
f 663/705/328 669/705/333 667/705/339
f 671/705/214 665/705/242 666/705/330
f 666/705/331 664/705/332 670/705/337
f 578/705/215 579/705/344 669/705/338
f 669/705/333 579/705/251 577/705/253
f 671/705/214 672/705/335 582/705/340
f 672/705/336 670/705/337 580/705/256
f 667/705/339 577/705/253 583/705/252
f 583/705/252 589/705/345 595/705/264
f 595/705/264 601/705/270 607/705/283
f 607/705/283 613/705/346 619/705/293
f 619/705/293 625/705/300 631/705/306
f 631/705/306 637/705/348 643/705/310
f 643/705/310 649/705/316 655/705/329
f 655/705/329 661/705/349 667/705/339
f 667/705/339 583/705/252 595/705/264
f 595/705/264 607/705/283 619/705/293
f 619/705/293 631/705/306 643/705/310
f 643/705/310 655/705/329 667/705/339
f 667/705/339 595/705/264 619/705/293
f 767/705/214 677/705/248 674/705/215
f 689/705/217 695/705/220 692/705/218
f 695/705/220 701/705/222 698/705/221
f 701/705/222 707/705/224 704/705/223
f 707/705/224 713/705/226 710/705/225
f 713/705/226 719/705/228 716/705/227
f 719/705/228 725/705/230 722/705/229
f 725/705/230 731/705/232 728/705/231
f 731/705/232 737/705/234 734/705/233
f 737/705/234 743/705/236 740/705/235
f 743/705/236 749/705/238 746/705/237
f 749/705/238 755/705/240 752/705/239
f 755/705/240 761/705/242 758/705/241
f 761/705/242 767/705/214 764/705/216
f 683/705/243 689/705/217 686/705/219
f 688/705/247 682/705/257 676/705/256
f 676/705/256 766/705/337 760/705/332
f 760/705/332 754/705/326 748/705/318
f 748/705/318 742/705/312 736/705/245
f 736/705/245 730/705/303 724/705/295
f 724/705/295 718/705/290 712/705/246
f 712/705/246 706/705/280 700/705/272
f 700/705/272 694/705/266 688/705/247
f 688/705/247 676/705/256 760/705/332
f 760/705/332 748/705/318 736/705/245
f 736/705/245 724/705/295 712/705/246
f 712/705/246 700/705/272 688/705/247
f 688/705/247 760/705/332 736/705/245
f 677/705/248 683/705/243 680/705/244
f 674/705/215 680/705/244 681/705/249
f 681/705/258 679/705/252 673/705/253
f 677/705/248 678/705/340 684/705/254
f 684/705/255 678/705/341 676/705/256
f 680/705/244 686/705/219 687/705/262
f 681/705/258 687/705/263 685/705/259
f 683/705/243 684/705/254 690/705/260
f 684/705/255 682/705/257 688/705/247
f 692/705/218 693/705/268 687/705/262
f 687/705/263 693/705/269 691/705/264
f 689/705/217 690/705/260 696/705/265
f 690/705/261 688/705/247 694/705/266
f 698/705/221 699/705/275 693/705/268
f 693/705/269 699/705/277 697/705/270
f 695/705/220 696/705/265 702/705/271
f 696/705/267 694/705/266 700/705/272
f 698/705/221 704/705/223 705/705/274
f 705/705/276 703/705/283 697/705/270
f 707/705/224 701/705/222 702/705/271
f 708/705/279 702/705/273 700/705/272
f 704/705/223 710/705/225 711/705/281
f 711/705/282 709/705/287 703/705/283
f 713/705/226 707/705/224 708/705/278
f 714/705/285 708/705/279 706/705/280
f 716/705/227 717/705/291 711/705/281
f 717/705/286 715/705/293 709/705/287
f 719/705/228 713/705/226 714/705/284
f 720/705/289 714/705/285 712/705/246
f 722/705/229 723/705/298 717/705/291
f 717/705/286 723/705/292 721/705/300
f 719/705/228 720/705/288 726/705/294
f 720/705/289 718/705/290 724/705/295
f 722/705/229 728/705/231 729/705/297
f 723/705/292 729/705/299 727/705/306
f 725/705/230 726/705/294 732/705/301
f 732/705/302 726/705/296 724/705/295
f 734/705/233 735/705/304 729/705/297
f 729/705/299 735/705/309 733/705/305
f 731/705/232 732/705/301 738/705/307
f 732/705/302 730/705/303 736/705/245
f 740/705/235 741/705/314 735/705/304
f 735/705/309 741/705/315 739/705/310
f 743/705/236 737/705/234 738/705/307
f 738/705/308 736/705/245 742/705/312
f 746/705/237 747/705/321 741/705/314
f 741/705/315 747/705/323 745/705/316
f 743/705/236 744/705/311 750/705/317
f 744/705/313 742/705/312 748/705/318
f 746/705/237 752/705/239 753/705/320
f 753/705/322 751/705/329 745/705/316
f 755/705/240 749/705/238 750/705/317
f 756/705/325 750/705/319 748/705/318
f 752/705/239 758/705/241 759/705/327
f 759/705/328 757/705/334 751/705/329
f 755/705/240 756/705/324 762/705/330
f 762/705/331 756/705/325 754/705/326
f 764/705/216 765/705/338 759/705/327
f 765/705/333 763/705/339 757/705/334
f 767/705/214 761/705/242 762/705/330
f 768/705/336 762/705/331 760/705/332
f 674/705/215 675/705/250 765/705/338
f 675/705/251 673/705/253 763/705/339
f 677/705/248 767/705/214 768/705/335
f 768/705/336 766/705/337 676/705/256
f 763/705/339 673/705/253 679/705/252
f 679/705/252 685/705/259 691/705/264
f 691/705/264 697/705/270 703/705/283
f 703/705/283 709/705/287 715/705/293
f 715/705/293 721/705/300 727/705/306
f 727/705/306 733/705/305 739/705/310
f 739/705/310 745/705/316 751/705/329
f 751/705/329 757/705/334 763/705/339
f 763/705/339 679/705/252 691/705/264
f 691/705/264 703/705/283 715/705/293
f 715/705/293 727/705/306 739/705/310
f 739/705/310 751/705/329 763/705/339
f 763/705/339 691/705/264 715/705/293
f 863/705/214 773/705/248 770/705/215
f 785/705/217 791/705/220 788/705/218
f 791/705/220 797/705/222 794/705/221
f 797/705/222 803/705/224 800/705/223
f 803/705/224 809/705/226 806/705/225
f 809/705/226 815/705/228 812/705/350
f 815/705/228 821/705/230 818/705/229
f 821/705/230 827/705/232 824/705/351
f 827/705/232 833/705/234 830/705/233
f 833/705/234 839/705/236 836/705/235
f 839/705/236 845/705/238 842/705/237
f 845/705/238 851/705/240 848/705/239
f 851/705/240 857/705/242 854/705/241
f 857/705/242 863/705/214 860/705/216
f 779/705/243 785/705/217 782/705/219
f 784/705/247 778/705/257 772/705/256
f 772/705/256 862/705/337 856/705/332
f 856/705/332 850/705/326 844/705/318
f 844/705/318 838/705/312 832/705/245
f 832/705/245 826/705/303 820/705/295
f 820/705/295 814/705/290 808/705/246
f 808/705/246 802/705/280 796/705/272
f 796/705/272 790/705/266 784/705/247
f 784/705/247 772/705/256 856/705/332
f 856/705/332 844/705/318 832/705/245
f 832/705/245 820/705/295 808/705/246
f 808/705/246 796/705/272 784/705/247
f 784/705/247 856/705/332 832/705/245
f 773/705/248 779/705/243 776/705/244
f 770/705/215 776/705/244 777/705/249
f 777/705/258 775/705/252 769/705/253
f 779/705/243 773/705/248 774/705/340
f 780/705/255 774/705/341 772/705/256
f 776/705/244 782/705/219 783/705/262
f 783/705/263 781/705/345 775/705/252
f 785/705/217 779/705/243 780/705/254
f 786/705/261 780/705/255 778/705/257
f 788/705/218 789/705/268 783/705/262
f 789/705/269 787/705/264 781/705/345
f 791/705/220 785/705/217 786/705/260
f 792/705/267 786/705/261 784/705/247
f 794/705/221 795/705/275 789/705/268
f 789/705/269 795/705/277 793/705/270
f 791/705/220 792/705/265 798/705/271
f 792/705/267 790/705/266 796/705/272
f 794/705/221 800/705/223 801/705/274
f 795/705/277 801/705/276 799/705/283
f 797/705/222 798/705/271 804/705/278
f 804/705/279 798/705/273 796/705/272
f 806/705/225 807/705/281 801/705/274
f 801/705/276 807/705/282 805/705/346
f 803/705/224 804/705/278 810/705/284
f 804/705/279 802/705/280 808/705/246
f 812/705/350 813/705/291 807/705/281
f 807/705/282 813/705/286 811/705/293
f 815/705/228 809/705/226 810/705/284
f 810/705/285 808/705/246 814/705/290
f 818/705/229 819/705/347 813/705/291
f 813/705/286 819/705/292 817/705/300
f 815/705/228 816/705/288 822/705/294
f 816/705/289 814/705/290 820/705/295
f 818/705/229 824/705/351 825/705/297
f 825/705/299 823/705/306 817/705/300
f 827/705/232 821/705/230 822/705/294
f 828/705/302 822/705/296 820/705/295
f 824/705/351 830/705/233 831/705/304
f 831/705/309 829/705/348 823/705/306
f 827/705/232 828/705/301 834/705/307
f 834/705/308 828/705/302 826/705/303
f 836/705/235 837/705/314 831/705/304
f 837/705/315 835/705/310 829/705/348
f 839/705/236 833/705/234 834/705/307
f 840/705/313 834/705/308 832/705/245
f 842/705/237 843/705/321 837/705/314
f 843/705/323 841/705/316 835/705/310
f 845/705/238 839/705/236 840/705/311
f 840/705/313 838/705/312 844/705/318
f 842/705/237 848/705/239 849/705/320
f 849/705/322 847/705/329 841/705/316
f 845/705/238 846/705/317 852/705/324
f 852/705/325 846/705/319 844/705/318
f 848/705/239 854/705/241 855/705/327
f 849/705/322 855/705/328 853/705/349
f 851/705/240 852/705/324 858/705/330
f 852/705/325 850/705/326 856/705/332
f 860/705/216 861/705/338 855/705/327
f 855/705/328 861/705/333 859/705/339
f 857/705/242 858/705/330 864/705/335
f 858/705/331 856/705/332 862/705/337
f 770/705/215 771/705/344 861/705/338
f 861/705/333 771/705/251 769/705/253
f 863/705/214 864/705/335 774/705/340
f 864/705/336 862/705/337 772/705/256
f 859/705/339 769/705/253 775/705/252
f 775/705/252 781/705/345 787/705/264
f 787/705/264 793/705/270 799/705/283
f 799/705/283 805/705/346 811/705/293
f 811/705/293 817/705/300 823/705/306
f 823/705/306 829/705/348 835/705/310
f 835/705/310 841/705/316 847/705/329
f 847/705/329 853/705/349 859/705/339
f 859/705/339 775/705/252 787/705/264
f 787/705/264 799/705/283 811/705/293
f 811/705/293 823/705/306 835/705/310
f 835/705/310 847/705/329 859/705/339
f 859/705/339 787/705/264 811/705/293
