# Blender 4.4.1
# www.blender.org
mtllib timed_shutter_frame.mtl
o TimedShutterFrame
v -1.945000 0.000000 0.285000
v -1.945000 0.055000 0.340000
v -2.000000 0.055000 0.285000
v -1.945000 0.016109 0.323891
v -1.976754 0.023246 0.316754
v -1.983891 0.055000 0.323891
v -1.983891 0.016109 0.285000
v -1.945000 5.045000 0.340000
v -1.945000 5.100000 0.285000
v -2.000000 5.045000 0.285000
v -1.945000 5.083891 0.323891
v -1.976754 5.076754 0.316754
v -1.983891 5.083891 0.285000
v -1.983891 5.045000 0.323891
v -1.945000 0.000000 -0.285000
v -2.000000 0.055000 -0.285000
v -1.945000 0.055000 -0.340000
v -1.983891 0.016109 -0.285000
v -1.976754 0.023246 -0.316754
v -1.983891 0.055000 -0.323891
v -1.945000 0.016109 -0.323891
v -1.945000 5.100000 -0.285000
v -1.945000 5.045000 -0.340000
v -2.000000 5.045000 -0.285000
v -1.945000 5.083891 -0.323891
v -1.976754 5.076754 -0.316754
v -1.983891 5.045000 -0.323891
v -1.983891 5.083891 -0.285000
v -1.775000 0.000000 0.285000
v -1.720000 0.055000 0.285000
v -1.775000 0.055000 0.340000
v -1.736109 0.016109 0.285000
v -1.743246 0.023246 0.316754
v -1.736109 0.055000 0.323891
v -1.775000 0.016109 0.323891
v -1.775000 5.100000 0.285000
v -1.775000 5.045000 0.340000
v -1.720000 5.045000 0.285000
v -1.775000 5.083891 0.323891
v -1.743246 5.076754 0.316754
v -1.736109 5.045000 0.323891
v -1.736109 5.083891 0.285000
v -1.775000 0.000000 -0.285000
v -1.775000 0.055000 -0.340000
v -1.720000 0.055000 -0.285000
v -1.775000 0.016109 -0.323891
v -1.743246 0.023246 -0.316754
v -1.736109 0.055000 -0.323891
v -1.736109 0.016109 -0.285000
v -1.775000 5.100000 -0.285000
v -1.720000 5.045000 -0.285000
v -1.775000 5.045000 -0.340000
v -1.736109 5.083891 -0.285000
v -1.743246 5.076754 -0.316754
v -1.736109 5.045000 -0.323891
v -1.775000 5.083891 -0.323891
v 1.775000 0.000000 0.285000
v 1.775000 0.055000 0.340000
v 1.720000 0.055000 0.285000
v 1.775000 0.016109 0.323891
v 1.743246 0.023246 0.316754
v 1.736109 0.055000 0.323891
v 1.736109 0.016109 0.285000
v 1.775000 5.045000 0.340000
v 1.775000 5.100000 0.285000
v 1.720000 5.045000 0.285000
v 1.775000 5.083891 0.323891
v 1.743246 5.076754 0.316754
v 1.736109 5.083891 0.285000
v 1.736109 5.045000 0.323891
v 1.775000 0.000000 -0.285000
v 1.720000 0.055000 -0.285000
v 1.775000 0.055000 -0.340000
v 1.736109 0.016109 -0.285000
v 1.743246 0.023246 -0.316754
v 1.736109 0.055000 -0.323891
v 1.775000 0.016109 -0.323891
v 1.775000 5.100000 -0.285000
v 1.775000 5.045000 -0.340000
v 1.720000 5.045000 -0.285000
v 1.775000 5.083891 -0.323891
v 1.743246 5.076754 -0.316754
v 1.736109 5.045000 -0.323891
v 1.736109 5.083891 -0.285000
v 1.945000 0.000000 0.285000
v 2.000000 0.055000 0.285000
v 1.945000 0.055000 0.340000
v 1.983891 0.016109 0.285000
v 1.976754 0.023246 0.316754
v 1.983891 0.055000 0.323891
v 1.945000 0.016109 0.323891
v 1.945000 5.100000 0.285000
v 1.945000 5.045000 0.340000
v 2.000000 5.045000 0.285000
v 1.945000 5.083891 0.323891
v 1.976754 5.076754 0.316754
v 1.983891 5.045000 0.323891
v 1.983891 5.083891 0.285000
v 1.945000 0.000000 -0.285000
v 1.945000 0.055000 -0.340000
v 2.000000 0.055000 -0.285000
v 1.945000 0.016109 -0.323891
v 1.976754 0.023246 -0.316754
v 1.983891 0.055000 -0.323891
v 1.983891 0.016109 -0.285000
v 1.945000 5.100000 -0.285000
v 2.000000 5.045000 -0.285000
v 1.945000 5.045000 -0.340000
v 1.983891 5.083891 -0.285000
v 1.976754 5.076754 -0.316754
v 1.983891 5.045000 -0.323891
v 1.945000 5.083891 -0.323891
v -1.682000 0.000000 0.367000
v -1.682000 0.018000 0.385000
v -1.700000 0.018000 0.367000
v -1.682000 0.005272 0.379728
v -1.692392 0.007608 0.377392
v -1.694728 0.018000 0.379728
v -1.694728 0.005272 0.367000
v -1.682000 4.822000 0.385000
v -1.682000 4.840000 0.367000
v -1.700000 4.822000 0.367000
v -1.682000 4.834729 0.379728
v -1.692392 4.832393 0.377392
v -1.694728 4.834729 0.367000
v -1.694728 4.822001 0.379728
v -1.682000 0.000000 0.333000
v -1.700000 0.018000 0.333000
v -1.682000 0.018000 0.315000
v -1.694728 0.005272 0.333000
v -1.692392 0.007608 0.322608
v -1.694728 0.018000 0.320272
v -1.682000 0.005272 0.320272
v -1.682000 4.840000 0.333000
v -1.682000 4.822000 0.315000
v -1.700000 4.822000 0.333000
v -1.682000 4.834729 0.320272
v -1.692392 4.832393 0.322608
v -1.694728 4.822001 0.320272
v -1.694728 4.834729 0.333000
v -1.638000 0.000000 0.367000
v -1.620000 0.018000 0.367000
v -1.638000 0.018000 0.385000
v -1.625272 0.005272 0.367000
v -1.627608 0.007608 0.377392
v -1.625272 0.018000 0.379728
v -1.638000 0.005272 0.379728
v -1.638000 4.840000 0.367000
v -1.638000 4.822000 0.385000
v -1.620000 4.822000 0.367000
v -1.638000 4.834729 0.379728
v -1.627608 4.832393 0.377392
v -1.625272 4.822001 0.379728
v -1.625272 4.834729 0.367000
v -1.638000 0.000000 0.333000
v -1.638000 0.018000 0.315000
v -1.620000 0.018000 0.333000
v -1.638000 0.005272 0.320272
v -1.627608 0.007608 0.322608
v -1.625272 0.018000 0.320272
v -1.625272 0.005272 0.333000
v -1.638000 4.840000 0.333000
v -1.620000 4.822000 0.333000
v -1.638000 4.822000 0.315000
v -1.625272 4.834729 0.333000
v -1.627608 4.832393 0.322608
v -1.625272 4.822001 0.320272
v -1.638000 4.834729 0.320272
v 1.638000 0.000000 0.367000
v 1.638000 0.018000 0.385000
v 1.620000 0.018000 0.367000
v 1.638000 0.005272 0.379728
v 1.627608 0.007608 0.377392
v 1.625272 0.018000 0.379728
v 1.625272 0.005272 0.367000
v 1.638000 4.822000 0.385000
v 1.638000 4.840000 0.367000
v 1.620000 4.822000 0.367000
v 1.638000 4.834729 0.379728
v 1.627608 4.832393 0.377392
v 1.625272 4.834729 0.367000
v 1.625272 4.822001 0.379728
v 1.638000 0.000000 0.333000
v 1.620000 0.018000 0.333000
v 1.638000 0.018000 0.315000
v 1.625272 0.005272 0.333000
v 1.627608 0.007608 0.322608
v 1.625272 0.018000 0.320272
v 1.638000 0.005272 0.320272
v 1.638000 4.840000 0.333000
v 1.638000 4.822000 0.315000
v 1.620000 4.822000 0.333000
v 1.638000 4.834729 0.320272
v 1.627608 4.832393 0.322608
v 1.625272 4.822001 0.320272
v 1.625272 4.834729 0.333000
v 1.682000 0.000000 0.367000
v 1.700000 0.018000 0.367000
v 1.682000 0.018000 0.385000
v 1.694728 0.005272 0.367000
v 1.692392 0.007608 0.377392
v 1.694728 0.018000 0.379728
v 1.682000 0.005272 0.379728
v 1.682000 4.840000 0.367000
v 1.682000 4.822000 0.385000
v 1.700000 4.822000 0.367000
v 1.682000 4.834729 0.379728
v 1.692392 4.832393 0.377392
v 1.694728 4.822001 0.379728
v 1.694728 4.834729 0.367000
v 1.682000 0.000000 0.333000
v 1.682000 0.018000 0.315000
v 1.700000 0.018000 0.333000
v 1.682000 0.005272 0.320272
v 1.692392 0.007608 0.322608
v 1.694728 0.018000 0.320272
v 1.694728 0.005272 0.333000
v 1.682000 4.840000 0.333000
v 1.700000 4.822000 0.333000
v 1.682000 4.822000 0.315000
v 1.694728 4.834729 0.333000
v 1.692392 4.832393 0.322608
v 1.694728 4.822001 0.320272
v 1.682000 4.834729 0.320272
v -1.925000 4.840000 0.315000
v -1.925000 4.915000 0.390000
v -2.000000 4.915000 0.315000
v -1.925000 4.861967 0.368033
v -1.968301 4.871699 0.358301
v -1.978033 4.915000 0.368033
v -1.978033 4.861967 0.315000
v -1.925000 5.245000 0.390000
v -1.925000 5.320000 0.315000
v -2.000000 5.245000 0.315000
v -1.925000 5.298033 0.368033
v -1.968301 5.288301 0.358301
v -1.978033 5.298033 0.315000
v -1.978033 5.245000 0.368033
v -1.925000 4.840000 -0.315000
v -2.000000 4.915000 -0.315000
v -1.925000 4.915000 -0.390000
v -1.978033 4.861967 -0.315000
v -1.968301 4.871699 -0.358301
v -1.978033 4.915000 -0.368033
v -1.925000 4.861967 -0.368033
v -1.925000 5.320000 -0.315000
v -1.925000 5.245000 -0.390000
v -2.000000 5.245000 -0.315000
v -1.925000 5.298033 -0.368033
v -1.968301 5.288301 -0.358301
v -1.978033 5.245000 -0.368033
v -1.978033 5.298033 -0.315000
v 1.925000 4.840000 0.315000
v 2.000000 4.915000 0.315000
v 1.925000 4.915000 0.390000
v 1.978033 4.861967 0.315000
v 1.968301 4.871699 0.358301
v 1.978033 4.915000 0.368033
v 1.925000 4.861967 0.368033
v 1.925000 5.320000 0.315000
v 1.925000 5.245000 0.390000
v 2.000000 5.245000 0.315000
v 1.925000 5.298033 0.368033
v 1.968301 5.288301 0.358301
v 1.978033 5.245000 0.368033
v 1.978033 5.298033 0.315000
v 1.925000 4.840000 -0.315000
v 1.925000 4.915000 -0.390000
v 2.000000 4.915000 -0.315000
v 1.925000 4.861967 -0.368033
v 1.968301 4.871699 -0.358301
v 1.978033 4.915000 -0.368033
v 1.978033 4.861967 -0.315000
v 1.925000 5.320000 -0.315000
v 2.000000 5.245000 -0.315000
v 1.925000 5.245000 -0.390000
v 1.978033 5.298033 -0.315000
v 1.968301 5.288301 -0.358301
v 1.978033 5.245000 -0.368033
v 1.925000 5.298033 -0.368033
v -1.357000 4.930000 0.432000
v -1.357000 4.948000 0.450000
v -1.375000 4.948000 0.432000
v -1.357000 4.935272 0.444728
v -1.367392 4.937608 0.442392
v -1.369728 4.948000 0.444728
v -1.369728 4.935272 0.432000
v -1.357000 5.012000 0.450000
v -1.357000 5.030000 0.432000
v -1.375000 5.012000 0.432000
v -1.357000 5.024728 0.444728
v -1.367392 5.022392 0.442392
v -1.369728 5.024728 0.432000
v -1.369728 5.012000 0.444728
v -1.357000 4.930000 0.408000
v -1.375000 4.948000 0.408000
v -1.357000 4.948000 0.390000
v -1.369728 4.935272 0.408000
v -1.367392 4.937608 0.397608
v -1.369728 4.948000 0.395272
v -1.357000 4.935272 0.395272
v -1.357000 5.030000 0.408000
v -1.357000 5.012000 0.390000
v -1.375000 5.012000 0.408000
v -1.357000 5.024728 0.395272
v -1.367392 5.022392 0.397608
v -1.369728 5.012000 0.395272
v -1.369728 5.024728 0.408000
v 1.357000 4.930000 0.432000
v 1.375000 4.948000 0.432000
v 1.357000 4.948000 0.450000
v 1.369728 4.935272 0.432000
v 1.367392 4.937608 0.442392
v 1.369728 4.948000 0.444728
v 1.357000 4.935272 0.444728
v 1.357000 5.030000 0.432000
v 1.357000 5.012000 0.450000
v 1.375000 5.012000 0.432000
v 1.357000 5.024728 0.444728
v 1.367392 5.022392 0.442392
v 1.369728 5.012000 0.444728
v 1.369728 5.024728 0.432000
v 1.357000 4.930000 0.408000
v 1.357000 4.948000 0.390000
v 1.375000 4.948000 0.408000
v 1.357000 4.935272 0.395272
v 1.367392 4.937608 0.397608
v 1.369728 4.948000 0.395272
v 1.369728 4.935272 0.408000
v 1.357000 5.030000 0.408000
v 1.375000 5.012000 0.408000
v 1.357000 5.012000 0.390000
v 1.369728 5.024728 0.408000
v 1.367392 5.022392 0.397608
v 1.369728 5.012000 0.395272
v 1.357000 5.024728 0.395272
v -1.150000 5.257942 0.385000
v -1.150000 5.270000 0.397000
v -1.150000 5.266468 0.388515
v -1.150000 5.257942 0.475000
v -1.150000 5.270000 0.463000
v -1.150000 5.266468 0.471485
v -1.119186 5.254907 0.385000
v -1.116835 5.266733 0.397000
v -1.117523 5.263269 0.388515
v -1.119186 5.254907 0.475000
v -1.116835 5.266733 0.463000
v -1.117523 5.263269 0.471485
v -1.089558 5.245920 0.385000
v -1.084944 5.257060 0.397000
v -1.086295 5.253797 0.388515
v -1.089558 5.245920 0.475000
v -1.084944 5.257060 0.463000
v -1.086295 5.253797 0.471485
v -1.062253 5.231325 0.385000
v -1.055553 5.241350 0.397000
v -1.057515 5.238414 0.388515
v -1.062253 5.231325 0.475000
v -1.055553 5.241350 0.463000
v -1.057515 5.238414 0.471485
v -1.038318 5.211681 0.385000
v -1.029792 5.220208 0.397000
v -1.032289 5.217710 0.388515
v -1.038318 5.211681 0.475000
v -1.029792 5.220208 0.463000
v -1.032289 5.217710 0.471485
v -1.018676 5.187748 0.385000
v -1.008650 5.194447 0.397000
v -1.011587 5.192485 0.388515
v -1.018676 5.187748 0.475000
v -1.008650 5.194447 0.463000
v -1.011587 5.192485 0.471485
v -1.004081 5.160442 0.385000
v -0.992940 5.165056 0.397000
v -0.996203 5.163705 0.388515
v -1.004081 5.160442 0.475000
v -0.992940 5.165056 0.463000
v -0.996203 5.163705 0.471485
v -0.995093 5.130813 0.385000
v -0.983266 5.133165 0.397000
v -0.986730 5.132476 0.388515
v -0.995093 5.130813 0.475000
v -0.983266 5.133165 0.463000
v -0.986730 5.132476 0.471485
v -0.992058 5.100000 0.385000
v -0.980000 5.100000 0.397000
v -0.983532 5.100000 0.388515
v -0.992058 5.100000 0.475000
v -0.980000 5.100000 0.463000
v -0.983532 5.100000 0.471485
v -0.995093 5.069187 0.385000
v -0.983266 5.066834 0.397000
v -0.986730 5.067523 0.388515
v -0.995093 5.069187 0.475000
v -0.983266 5.066834 0.463000
v -0.986730 5.067523 0.471485
v -1.004081 5.039558 0.385000
v -0.992940 5.034944 0.397000
v -0.996203 5.036295 0.388515
v -1.004081 5.039558 0.475000
v -0.992940 5.034944 0.463000
v -0.996203 5.036295 0.471485
v -1.018676 5.012252 0.385000
v -1.008650 5.005553 0.397000
v -1.011587 5.007515 0.388515
v -1.018676 5.012252 0.475000
v -1.008650 5.005553 0.463000
v -1.011587 5.007515 0.471485
v -1.038318 4.988319 0.385000
v -1.029792 4.979792 0.397000
v -1.032289 4.982289 0.388515
v -1.038318 4.988319 0.475000
v -1.029792 4.979792 0.463000
v -1.032289 4.982289 0.471485
v -1.062253 4.968675 0.385000
v -1.055553 4.958650 0.397000
v -1.057515 4.961586 0.388515
v -1.062253 4.968675 0.475000
v -1.055553 4.958650 0.463000
v -1.057515 4.961586 0.471485
v -1.089558 4.954080 0.385000
v -1.084944 4.942940 0.397000
v -1.086295 4.946203 0.388515
v -1.089558 4.954080 0.475000
v -1.084944 4.942940 0.463000
v -1.086295 4.946203 0.471485
v -1.119186 4.945093 0.385000
v -1.116835 4.933267 0.397000
v -1.117523 4.936730 0.388515
v -1.119186 4.945093 0.475000
v -1.116835 4.933267 0.463000
v -1.117523 4.936730 0.471485
v -1.150000 4.942058 0.385000
v -1.150000 4.930000 0.397000
v -1.150000 4.933532 0.388515
v -1.150000 4.942058 0.475000
v -1.150000 4.930000 0.463000
v -1.150000 4.933532 0.471485
v -1.180814 4.945093 0.385000
v -1.183165 4.933267 0.397000
v -1.182477 4.936730 0.388515
v -1.180814 4.945093 0.475000
v -1.183165 4.933267 0.463000
v -1.182477 4.936730 0.471485
v -1.210442 4.954080 0.385000
v -1.215056 4.942940 0.397000
v -1.213705 4.946203 0.388515
v -1.210442 4.954080 0.475000
v -1.215056 4.942940 0.463000
v -1.213705 4.946203 0.471485
v -1.237747 4.968675 0.385000
v -1.244447 4.958650 0.397000
v -1.242485 4.961586 0.388515
v -1.237747 4.968675 0.475000
v -1.244447 4.958650 0.463000
v -1.242485 4.961586 0.471485
v -1.261682 4.988319 0.385000
v -1.270208 4.979792 0.397000
v -1.267711 4.982289 0.388515
v -1.261682 4.988319 0.475000
v -1.270208 4.979792 0.463000
v -1.267711 4.982289 0.471485
v -1.281324 5.012252 0.385000
v -1.291350 5.005553 0.397000
v -1.288413 5.007515 0.388515
v -1.281324 5.012252 0.475000
v -1.291350 5.005553 0.463000
v -1.288413 5.007515 0.471485
v -1.295919 5.039558 0.385000
v -1.307060 5.034944 0.397000
v -1.303797 5.036295 0.388515
v -1.295919 5.039558 0.475000
v -1.307060 5.034944 0.463000
v -1.303797 5.036295 0.471485
v -1.304907 5.069187 0.385000
v -1.316733 5.066834 0.397000
v -1.313270 5.067523 0.388515
v -1.304907 5.069187 0.475000
v -1.316733 5.066834 0.463000
v -1.313270 5.067523 0.471485
v -1.307942 5.100000 0.385000
v -1.320000 5.100000 0.397000
v -1.316468 5.100000 0.388515
v -1.307942 5.100000 0.475000
v -1.320000 5.100000 0.463000
v -1.316468 5.100000 0.471485
v -1.304907 5.130813 0.385000
v -1.316733 5.133165 0.397000
v -1.313270 5.132476 0.388515
v -1.304907 5.130813 0.475000
v -1.316733 5.133165 0.463000
v -1.313270 5.132476 0.471485
v -1.295919 5.160442 0.385000
v -1.307060 5.165056 0.397000
v -1.303797 5.163705 0.388515
v -1.295919 5.160442 0.475000
v -1.307060 5.165056 0.463000
v -1.303797 5.163705 0.471485
v -1.281324 5.187748 0.385000
v -1.291350 5.194447 0.397000
v -1.288413 5.192485 0.388515
v -1.281324 5.187748 0.475000
v -1.291350 5.194447 0.463000
v -1.288413 5.192485 0.471485
v -1.261682 5.211681 0.385000
v -1.270208 5.220208 0.397000
v -1.267711 5.217710 0.388515
v -1.261682 5.211681 0.475000
v -1.270208 5.220208 0.463000
v -1.267711 5.217710 0.471485
v -1.237747 5.231325 0.385000
v -1.244447 5.241350 0.397000
v -1.242485 5.238414 0.388515
v -1.237747 5.231325 0.475000
v -1.244447 5.241350 0.463000
v -1.242485 5.238414 0.471485
v -1.210442 5.245920 0.385000
v -1.215056 5.257060 0.397000
v -1.213705 5.253797 0.388515
v -1.210442 5.245920 0.475000
v -1.215056 5.257060 0.463000
v -1.213705 5.253797 0.471485
v -1.180814 5.254907 0.385000
v -1.183165 5.266733 0.397000
v -1.182477 5.263269 0.388515
v -1.180814 5.254907 0.475000
v -1.183165 5.266733 0.463000
v -1.182477 5.263269 0.471485
v -1.005000 5.100000 0.490000
v -1.009775 5.100000 0.504695
v -1.022274 5.100000 0.513776
v -1.037725 5.100000 0.513776
v -1.050225 5.100000 0.504695
v -1.055000 5.100000 0.490000
v -1.050225 5.100000 0.475305
v -1.037725 5.100000 0.466224
v -1.022274 5.100000 0.466224
v -1.009775 5.100000 0.475305
v -1.006240 5.118926 0.490000
v -1.010974 5.118303 0.504695
v -1.023367 5.116672 0.513776
v -1.038686 5.114655 0.513776
v -1.051079 5.113023 0.504695
v -1.055813 5.112400 0.490000
v -1.051079 5.113023 0.475305
v -1.038686 5.114655 0.466224
v -1.023367 5.116672 0.466224
v -1.010974 5.118303 0.475305
v -1.009941 5.137528 0.490000
v -1.014553 5.136293 0.504695
v -1.026627 5.133058 0.513776
v -1.041551 5.129059 0.513776
v -1.053625 5.125823 0.504695
v -1.058237 5.124588 0.490000
v -1.053625 5.125823 0.475305
v -1.041551 5.129059 0.466224
v -1.026627 5.133058 0.466224
v -1.014553 5.136293 0.475305
v -1.016037 5.155489 0.490000
v -1.020449 5.153662 0.504695
v -1.031997 5.148878 0.513776
v -1.046272 5.142965 0.513776
v -1.057820 5.138182 0.504695
v -1.062231 5.136355 0.490000
v -1.057820 5.138182 0.475305
v -1.046272 5.142965 0.466224
v -1.031997 5.148878 0.466224
v -1.020449 5.153662 0.475305
v -1.024426 5.172500 0.490000
v -1.028561 5.170113 0.504695
v -1.039387 5.163863 0.513776
v -1.052767 5.156137 0.513776
v -1.063593 5.149887 0.504695
v -1.067728 5.147500 0.490000
v -1.063593 5.149887 0.475305
v -1.052767 5.156137 0.466224
v -1.039387 5.163863 0.466224
v -1.028561 5.170113 0.475305
v -1.034964 5.188270 0.490000
v -1.038752 5.185364 0.504695
v -1.048669 5.177754 0.513776
v -1.060927 5.168348 0.513776
v -1.070843 5.160739 0.504695
v -1.074631 5.157832 0.490000
v -1.070843 5.160739 0.475305
v -1.060927 5.168348 0.466224
v -1.048669 5.177754 0.466224
v -1.038752 5.185364 0.475305
v -1.047469 5.202530 0.490000
v -1.050846 5.199154 0.504695
v -1.059685 5.190315 0.513776
v -1.070610 5.179390 0.513776
v -1.079449 5.170551 0.504695
v -1.082825 5.167175 0.490000
v -1.079449 5.170551 0.475305
v -1.070610 5.179390 0.466224
v -1.059685 5.190315 0.466224
v -1.050846 5.199154 0.475305
v -1.061730 5.215036 0.490000
v -1.064636 5.211248 0.504695
v -1.072246 5.201331 0.513776
v -1.081652 5.189073 0.513776
v -1.089261 5.179156 0.504695
v -1.092168 5.175368 0.490000
v -1.089261 5.179156 0.475305
v -1.081652 5.189073 0.466224
v -1.072246 5.201331 0.466224
v -1.064636 5.211248 0.475305
v -1.077500 5.225574 0.490000
v -1.079887 5.221439 0.504695
v -1.086137 5.210613 0.513776
v -1.093863 5.197233 0.513776
v -1.100113 5.186407 0.504695
v -1.102500 5.182272 0.490000
v -1.100113 5.186407 0.475305
v -1.093863 5.197233 0.466224
v -1.086137 5.210613 0.466224
v -1.079887 5.221439 0.475305
v -1.094511 5.233963 0.490000
v -1.096338 5.229551 0.504695
v -1.101122 5.218003 0.513776
v -1.107034 5.203728 0.513776
v -1.111818 5.192180 0.504695
v -1.113645 5.187768 0.490000
v -1.111818 5.192180 0.475305
v -1.107034 5.203728 0.466224
v -1.101122 5.218003 0.466224
v -1.096338 5.229551 0.475305
v -1.112471 5.240059 0.490000
v -1.113707 5.235447 0.504695
v -1.116942 5.223373 0.513776
v -1.120941 5.208449 0.513776
v -1.124176 5.196375 0.504695
v -1.125412 5.191763 0.490000
v -1.124176 5.196375 0.475305
v -1.120941 5.208449 0.466224
v -1.116942 5.223373 0.466224
v -1.113707 5.235447 0.475305
v -1.131074 5.243760 0.490000
v -1.131697 5.239026 0.504695
v -1.133328 5.226633 0.513776
v -1.135345 5.211314 0.513776
v -1.136977 5.198921 0.504695
v -1.137600 5.194187 0.490000
v -1.136977 5.198921 0.475305
v -1.135345 5.211314 0.466224
v -1.133328 5.226633 0.466224
v -1.131697 5.239026 0.475305
v -1.150000 5.245000 0.490000
v -1.150000 5.240225 0.504695
v -1.150000 5.227726 0.513776
v -1.150000 5.212275 0.513776
v -1.150000 5.199774 0.504695
v -1.150000 5.195000 0.490000
v -1.150000 5.199774 0.475305
v -1.150000 5.212275 0.466224
v -1.150000 5.227726 0.466224
v -1.150000 5.240225 0.475305
v -1.168926 5.243759 0.490000
v -1.168303 5.239026 0.504695
v -1.166672 5.226633 0.513776
v -1.164655 5.211314 0.513776
v -1.163023 5.198921 0.504695
v -1.162400 5.194187 0.490000
v -1.163023 5.198921 0.475305
v -1.164655 5.211314 0.466224
v -1.166672 5.226633 0.466224
v -1.168303 5.239026 0.475305
v -1.187529 5.240059 0.490000
v -1.186293 5.235447 0.504695
v -1.183058 5.223373 0.513776
v -1.179059 5.208449 0.513776
v -1.175824 5.196375 0.504695
v -1.174588 5.191763 0.490000
v -1.175824 5.196375 0.475305
v -1.179059 5.208449 0.466224
v -1.183058 5.223373 0.466224
v -1.186293 5.235447 0.475305
v -1.205489 5.233963 0.490000
v -1.203662 5.229551 0.504695
v -1.198878 5.218003 0.513776
v -1.192966 5.203728 0.513776
v -1.188182 5.192180 0.504695
v -1.186355 5.187768 0.490000
v -1.188182 5.192180 0.475305
v -1.192966 5.203728 0.466224
v -1.198878 5.218003 0.466224
v -1.203662 5.229551 0.475305
v -1.222500 5.225574 0.490000
v -1.220113 5.221439 0.504695
v -1.213863 5.210613 0.513776
v -1.206137 5.197233 0.513776
v -1.199887 5.186407 0.504695
v -1.197500 5.182272 0.490000
v -1.199887 5.186407 0.475305
v -1.206137 5.197233 0.466224
v -1.213863 5.210613 0.466224
v -1.220113 5.221439 0.475305
v -1.238270 5.215036 0.490000
v -1.235364 5.211248 0.504695
v -1.227754 5.201331 0.513776
v -1.218348 5.189073 0.513776
v -1.210739 5.179156 0.504695
v -1.207832 5.175368 0.490000
v -1.210739 5.179156 0.475305
v -1.218348 5.189073 0.466224
v -1.227754 5.201331 0.466224
v -1.235364 5.211248 0.475305
v -1.252530 5.202530 0.490000
v -1.249154 5.199154 0.504695
v -1.240316 5.190315 0.513776
v -1.229390 5.179390 0.513776
v -1.220551 5.170551 0.504695
v -1.217175 5.167175 0.490000
v -1.220551 5.170551 0.475305
v -1.229390 5.179390 0.466224
v -1.240316 5.190315 0.466224
v -1.249154 5.199154 0.475305
v -1.265036 5.188270 0.490000
v -1.261248 5.185364 0.504695
v -1.251331 5.177754 0.513776
v -1.239073 5.168348 0.513776
v -1.229156 5.160739 0.504695
v -1.225368 5.157832 0.490000
v -1.229156 5.160739 0.475305
v -1.239073 5.168348 0.466224
v -1.251331 5.177754 0.466224
v -1.261248 5.185364 0.475305
v -1.275574 5.172500 0.490000
v -1.271439 5.170113 0.504695
v -1.260613 5.163863 0.513776
v -1.247233 5.156137 0.513776
v -1.236407 5.149887 0.504695
v -1.232272 5.147500 0.490000
v -1.236407 5.149887 0.475305
v -1.247233 5.156137 0.466224
v -1.260613 5.163863 0.466224
v -1.271439 5.170113 0.475305
v -1.283962 5.155489 0.490000
v -1.279551 5.153662 0.504695
v -1.268003 5.148878 0.513776
v -1.253728 5.142965 0.513776
v -1.242180 5.138182 0.504695
v -1.237769 5.136355 0.490000
v -1.242180 5.138182 0.475305
v -1.253728 5.142965 0.466224
v -1.268003 5.148878 0.466224
v -1.279551 5.153662 0.475305
v -1.290059 5.137528 0.490000
v -1.285447 5.136293 0.504695
v -1.273373 5.133058 0.513776
v -1.258449 5.129059 0.513776
v -1.246375 5.125823 0.504695
v -1.241763 5.124588 0.490000
v -1.246375 5.125823 0.475305
v -1.258449 5.129059 0.466224
v -1.273373 5.133058 0.466224
v -1.285447 5.136293 0.475305
v -1.293759 5.118926 0.490000
v -1.289026 5.118303 0.504695
v -1.276633 5.116672 0.513776
v -1.261314 5.114655 0.513776
v -1.248921 5.113023 0.504695
v -1.244187 5.112400 0.490000
v -1.248921 5.113023 0.475305
v -1.261314 5.114655 0.466224
v -1.276633 5.116672 0.466224
v -1.289026 5.118303 0.475305
v -1.295000 5.100000 0.490000
v -1.290225 5.100000 0.504695
v -1.277725 5.100000 0.513776
v -1.262275 5.100000 0.513776
v -1.249775 5.100000 0.504695
v -1.245000 5.100000 0.490000
v -1.249775 5.100000 0.475305
v -1.262275 5.100000 0.466224
v -1.277725 5.100000 0.466224
v -1.290225 5.100000 0.475305
v -1.293759 5.081074 0.490000
v -1.289026 5.081697 0.504695
v -1.276633 5.083328 0.513776
v -1.261314 5.085345 0.513776
v -1.248921 5.086977 0.504695
v -1.244187 5.087600 0.490000
v -1.248921 5.086977 0.475305
v -1.261314 5.085345 0.466224
v -1.276633 5.083328 0.466224
v -1.289026 5.081697 0.475305
v -1.290059 5.062471 0.490000
v -1.285447 5.063707 0.504695
v -1.273373 5.066942 0.513776
v -1.258449 5.070941 0.513776
v -1.246375 5.074176 0.504695
v -1.241763 5.075412 0.490000
v -1.246375 5.074176 0.475305
v -1.258449 5.070941 0.466224
v -1.273373 5.066942 0.466224
v -1.285447 5.063707 0.475305
v -1.283962 5.044511 0.490000
v -1.279551 5.046338 0.504695
v -1.268003 5.051122 0.513776
v -1.253728 5.057034 0.513776
v -1.242180 5.061818 0.504695
v -1.237769 5.063645 0.490000
v -1.242180 5.061818 0.475305
v -1.253728 5.057034 0.466224
v -1.268003 5.051122 0.466224
v -1.279551 5.046338 0.475305
v -1.275574 5.027500 0.490000
v -1.271439 5.029887 0.504695
v -1.260613 5.036137 0.513776
v -1.247233 5.043863 0.513776
v -1.236407 5.050113 0.504695
v -1.232272 5.052500 0.490000
v -1.236407 5.050113 0.475305
v -1.247233 5.043863 0.466224
v -1.260613 5.036137 0.466224
v -1.271439 5.029887 0.475305
v -1.265036 5.011730 0.490000
v -1.261248 5.014636 0.504695
v -1.251331 5.022245 0.513776
v -1.239073 5.031651 0.513776
v -1.229156 5.039261 0.504695
v -1.225368 5.042168 0.490000
v -1.229156 5.039261 0.475305
v -1.239073 5.031651 0.466224
v -1.251331 5.022245 0.466224
v -1.261248 5.014636 0.475305
v -1.252530 4.997469 0.490000
v -1.249154 5.000845 0.504695
v -1.240316 5.009685 0.513776
v -1.229390 5.020610 0.513776
v -1.220551 5.029449 0.504695
v -1.217175 5.032825 0.490000
v -1.220551 5.029449 0.475305
v -1.229390 5.020610 0.466224
v -1.240316 5.009685 0.466224
v -1.249154 5.000845 0.475305
v -1.238270 4.984964 0.490000
v -1.235364 4.988751 0.504695
v -1.227754 4.998669 0.513776
v -1.218349 5.010927 0.513776
v -1.210739 5.020844 0.504695
v -1.207832 5.024632 0.490000
v -1.210739 5.020844 0.475305
v -1.218349 5.010927 0.466224
v -1.227754 4.998669 0.466224
v -1.235364 4.988751 0.475305
v -1.222500 4.974426 0.490000
v -1.220113 4.978561 0.504695
v -1.213863 4.989387 0.513776
v -1.206137 5.002767 0.513776
v -1.199887 5.013593 0.504695
v -1.197500 5.017727 0.490000
v -1.199887 5.013593 0.475305
v -1.206137 5.002767 0.466224
v -1.213863 4.989387 0.466224
v -1.220113 4.978561 0.475305
v -1.205489 4.966037 0.490000
v -1.203662 4.970448 0.504695
v -1.198878 4.981997 0.513776
v -1.192966 4.996272 0.513776
v -1.188182 5.007820 0.504695
v -1.186355 5.012231 0.490000
v -1.188182 5.007820 0.475305
v -1.192966 4.996272 0.466224
v -1.198878 4.981997 0.466224
v -1.203662 4.970448 0.475305
v -1.187529 4.959941 0.490000
v -1.186293 4.964552 0.504695
v -1.183058 4.976626 0.513776
v -1.179059 4.991551 0.513776
v -1.175824 5.003625 0.504695
v -1.174588 5.008237 0.490000
v -1.175824 5.003625 0.475305
v -1.179059 4.991551 0.466224
v -1.183058 4.976626 0.466224
v -1.186293 4.964552 0.475305
v -1.168926 4.956241 0.490000
v -1.168303 4.960974 0.504695
v -1.166672 4.973367 0.513776
v -1.164655 4.988686 0.513776
v -1.163023 5.001079 0.504695
v -1.162400 5.005813 0.490000
v -1.163023 5.001079 0.475305
v -1.164655 4.988686 0.466224
v -1.166672 4.973367 0.466224
v -1.168303 4.960974 0.475305
v -1.150000 4.955000 0.490000
v -1.150000 4.959774 0.504695
v -1.150000 4.972274 0.513776
v -1.150000 4.987725 0.513776
v -1.150000 5.000226 0.504695
v -1.150000 5.005000 0.490000
v -1.150000 5.000226 0.475305
v -1.150000 4.987725 0.466224
v -1.150000 4.972274 0.466224
v -1.150000 4.959774 0.475305
v -1.131074 4.956240 0.490000
v -1.131697 4.960974 0.504695
v -1.133328 4.973367 0.513776
v -1.135345 4.988686 0.513776
v -1.136977 5.001079 0.504695
v -1.137600 5.005813 0.490000
v -1.136977 5.001079 0.475305
v -1.135345 4.988686 0.466224
v -1.133328 4.973367 0.466224
v -1.131697 4.960974 0.475305
v -1.112471 4.959940 0.490000
v -1.113707 4.964552 0.504695
v -1.116942 4.976626 0.513776
v -1.120941 4.991551 0.513776
v -1.124177 5.003625 0.504695
v -1.125412 5.008237 0.490000
v -1.124177 5.003625 0.475305
v -1.120941 4.991551 0.466224
v -1.116942 4.976626 0.466224
v -1.113707 4.964552 0.475305
v -1.094511 4.966037 0.490000
v -1.096338 4.970448 0.504695
v -1.101122 4.981997 0.513776
v -1.107034 4.996272 0.513776
v -1.111818 5.007820 0.504695
v -1.113645 5.012231 0.490000
v -1.111818 5.007820 0.475305
v -1.107034 4.996272 0.466224
v -1.101122 4.981997 0.466224
v -1.096338 4.970448 0.475305
v -1.077500 4.974426 0.490000
v -1.079887 4.978561 0.504695
v -1.086137 4.989387 0.513776
v -1.093863 5.002767 0.513776
v -1.100113 5.013593 0.504695
v -1.102500 5.017727 0.490000
v -1.100113 5.013593 0.475305
v -1.093863 5.002767 0.466224
v -1.086137 4.989387 0.466224
v -1.079887 4.978561 0.475305
v -1.061730 4.984963 0.490000
v -1.064636 4.988751 0.504695
v -1.072246 4.998669 0.513776
v -1.081652 5.010926 0.513776
v -1.089261 5.020844 0.504695
v -1.092168 5.024632 0.490000
v -1.089261 5.020844 0.475305
v -1.081652 5.010926 0.466224
v -1.072246 4.998669 0.466224
v -1.064636 4.988751 0.475305
v -1.047469 4.997469 0.490000
v -1.050846 5.000845 0.504695
v -1.059685 5.009685 0.513776
v -1.070610 5.020610 0.513776
v -1.079449 5.029449 0.504695
v -1.082825 5.032825 0.490000
v -1.079449 5.029449 0.475305
v -1.070610 5.020610 0.466224
v -1.059685 5.009685 0.466224
v -1.050846 5.000845 0.475305
v -1.034964 5.011730 0.490000
v -1.038752 5.014636 0.504695
v -1.048669 5.022245 0.513776
v -1.060927 5.031651 0.513776
v -1.070843 5.039261 0.504695
v -1.074631 5.042168 0.490000
v -1.070843 5.039261 0.475305
v -1.060927 5.031651 0.466224
v -1.048669 5.022245 0.466224
v -1.038752 5.014636 0.475305
v -1.024426 5.027500 0.490000
v -1.028561 5.029887 0.504695
v -1.039387 5.036137 0.513776
v -1.052767 5.043863 0.513776
v -1.063593 5.050113 0.504695
v -1.067728 5.052500 0.490000
v -1.063593 5.050113 0.475305
v -1.052767 5.043863 0.466224
v -1.039387 5.036137 0.466224
v -1.028561 5.029887 0.475305
v -1.016037 5.044511 0.490000
v -1.020449 5.046338 0.504695
v -1.031997 5.051121 0.513776
v -1.046272 5.057034 0.513776
v -1.057820 5.061818 0.504695
v -1.062231 5.063645 0.490000
v -1.057820 5.061818 0.475305
v -1.046272 5.057034 0.466224
v -1.031997 5.051121 0.466224
v -1.020449 5.046338 0.475305
v -1.009941 5.062471 0.490000
v -1.014553 5.063707 0.504695
v -1.026627 5.066942 0.513776
v -1.041551 5.070941 0.513776
v -1.053625 5.074176 0.504695
v -1.058237 5.075412 0.490000
v -1.053625 5.074176 0.475305
v -1.041551 5.070941 0.466224
v -1.026627 5.066942 0.466224
v -1.014553 5.063707 0.475305
v -1.006240 5.081074 0.490000
v -1.010974 5.081697 0.504695
v -1.023367 5.083328 0.513776
v -1.038686 5.085345 0.513776
v -1.051079 5.086977 0.504695
v -1.055813 5.087600 0.490000
v -1.051079 5.086977 0.475305
v -1.038686 5.085345 0.466224
v -1.023367 5.083328 0.466224
v -1.010974 5.081697 0.475305
v 0.000000 5.257942 0.385000
v 0.000000 5.270000 0.397000
v 0.000000 5.266468 0.388515
v 0.000000 5.257942 0.475000
v 0.000000 5.270000 0.463000
v 0.000000 5.266468 0.471485
v 0.030814 5.254907 0.385000
v 0.033165 5.266733 0.397000
v 0.032477 5.263269 0.388515
v 0.030814 5.254907 0.475000
v 0.033165 5.266733 0.463000
v 0.032477 5.263269 0.471485
v 0.060442 5.245920 0.385000
v 0.065056 5.257060 0.397000
v 0.063705 5.253797 0.388515
v 0.060442 5.245920 0.475000
v 0.065056 5.257060 0.463000
v 0.063705 5.253797 0.471485
v 0.087748 5.231324 0.385000
v 0.094447 5.241350 0.397000
v 0.092485 5.238413 0.388515
v 0.087748 5.231324 0.475000
v 0.094447 5.241350 0.463000
v 0.092485 5.238413 0.471485
v 0.111683 5.211681 0.385000
v 0.120208 5.220208 0.397000
v 0.117711 5.217710 0.388515
v 0.111683 5.211681 0.475000
v 0.120208 5.220208 0.463000
v 0.117711 5.217710 0.471485
v 0.131324 5.187748 0.385000
v 0.141350 5.194447 0.397000
v 0.138413 5.192485 0.388515
v 0.131324 5.187748 0.475000
v 0.141350 5.194447 0.463000
v 0.138413 5.192485 0.471485
v 0.145919 5.160442 0.385000
v 0.157060 5.165056 0.397000
v 0.153797 5.163705 0.388515
v 0.145919 5.160442 0.475000
v 0.157060 5.165056 0.463000
v 0.153797 5.163705 0.471485
v 0.154907 5.130813 0.385000
v 0.166733 5.133165 0.397000
v 0.163270 5.132476 0.388515
v 0.154907 5.130813 0.475000
v 0.166733 5.133165 0.463000
v 0.163270 5.132476 0.471485
v 0.157942 5.100000 0.385000
v 0.170000 5.100000 0.397000
v 0.166468 5.100000 0.388515
v 0.157942 5.100000 0.475000
v 0.170000 5.100000 0.463000
v 0.166468 5.100000 0.471485
v 0.154907 5.069187 0.385000
v 0.166733 5.066834 0.397000
v 0.163270 5.067523 0.388515
v 0.154907 5.069187 0.475000
v 0.166733 5.066834 0.463000
v 0.163270 5.067523 0.471485
v 0.145919 5.039558 0.385000
v 0.157060 5.034944 0.397000
v 0.153797 5.036295 0.388515
v 0.145919 5.039558 0.475000
v 0.157060 5.034944 0.463000
v 0.153797 5.036295 0.471485
v 0.131324 5.012252 0.385000
v 0.141350 5.005553 0.397000
v 0.138413 5.007515 0.388515
v 0.131324 5.012252 0.475000
v 0.141350 5.005553 0.463000
v 0.138413 5.007515 0.471485
v 0.111683 4.988319 0.385000
v 0.120208 4.979792 0.397000
v 0.117711 4.982289 0.388515
v 0.111683 4.988319 0.475000
v 0.120208 4.979792 0.463000
v 0.117711 4.982289 0.471485
v 0.087748 4.968676 0.385000
v 0.094447 4.958650 0.397000
v 0.092485 4.961586 0.388515
v 0.087748 4.968676 0.475000
v 0.094447 4.958650 0.463000
v 0.092485 4.961586 0.471485
v 0.060442 4.954080 0.385000
v 0.065056 4.942940 0.397000
v 0.063705 4.946203 0.388515
v 0.060442 4.954080 0.475000
v 0.065056 4.942940 0.463000
v 0.063705 4.946203 0.471485
v 0.030814 4.945093 0.385000
v 0.033165 4.933267 0.397000
v 0.032477 4.936730 0.388515
v 0.030814 4.945093 0.475000
v 0.033165 4.933267 0.463000
v 0.032477 4.936730 0.471485
v 0.000000 4.942058 0.385000
v 0.000000 4.930000 0.397000
v 0.000000 4.933532 0.388515
v 0.000000 4.942058 0.475000
v 0.000000 4.930000 0.463000
v 0.000000 4.933532 0.471485
v -0.030814 4.945093 0.385000
v -0.033165 4.933267 0.397000
v -0.032477 4.936730 0.388515
v -0.030814 4.945093 0.475000
v -0.033165 4.933267 0.463000
v -0.032477 4.936730 0.471485
v -0.060442 4.954080 0.385000
v -0.065056 4.942940 0.397000
v -0.063705 4.946203 0.388515
v -0.060442 4.954080 0.475000
v -0.065056 4.942940 0.463000
v -0.063705 4.946203 0.471485
v -0.087748 4.968676 0.385000
v -0.094447 4.958650 0.397000
v -0.092485 4.961586 0.388515
v -0.087748 4.968676 0.475000
v -0.094447 4.958650 0.463000
v -0.092485 4.961586 0.471485
v -0.111683 4.988319 0.385000
v -0.120208 4.979792 0.397000
v -0.117711 4.982289 0.388515
v -0.111683 4.988319 0.475000
v -0.120208 4.979792 0.463000
v -0.117711 4.982289 0.471485
v -0.131324 5.012252 0.385000
v -0.141350 5.005553 0.397000
v -0.138413 5.007515 0.388515
v -0.131324 5.012252 0.475000
v -0.141350 5.005553 0.463000
v -0.138413 5.007515 0.471485
v -0.145919 5.039558 0.385000
v -0.157060 5.034944 0.397000
v -0.153797 5.036295 0.388515
v -0.145919 5.039558 0.475000
v -0.157060 5.034944 0.463000
v -0.153797 5.036295 0.471485
v -0.154907 5.069187 0.385000
v -0.166733 5.066834 0.397000
v -0.163270 5.067523 0.388515
v -0.154907 5.069187 0.475000
v -0.166733 5.066834 0.463000
v -0.163270 5.067523 0.471485
v -0.157942 5.100000 0.385000
v -0.170000 5.100000 0.397000
v -0.166468 5.100000 0.388515
v -0.157942 5.100000 0.475000
v -0.170000 5.100000 0.463000
v -0.166468 5.100000 0.471485
v -0.154907 5.130813 0.385000
v -0.166733 5.133165 0.397000
v -0.163270 5.132476 0.388515
v -0.154907 5.130813 0.475000
v -0.166733 5.133165 0.463000
v -0.163270 5.132476 0.471485
v -0.145919 5.160442 0.385000
v -0.157060 5.165056 0.397000
v -0.153797 5.163705 0.388515
v -0.145919 5.160442 0.475000
v -0.157060 5.165056 0.463000
v -0.153797 5.163705 0.471485
v -0.131324 5.187748 0.385000
v -0.141350 5.194447 0.397000
v -0.138413 5.192485 0.388515
v -0.131324 5.187748 0.475000
v -0.141350 5.194447 0.463000
v -0.138413 5.192485 0.471485
v -0.111683 5.211681 0.385000
v -0.120208 5.220208 0.397000
v -0.117711 5.217710 0.388515
v -0.111683 5.211681 0.475000
v -0.120208 5.220208 0.463000
v -0.117711 5.217710 0.471485
v -0.087748 5.231324 0.385000
v -0.094447 5.241350 0.397000
v -0.092485 5.238413 0.388515
v -0.087748 5.231324 0.475000
v -0.094447 5.241350 0.463000
v -0.092485 5.238413 0.471485
v -0.060442 5.245920 0.385000
v -0.065056 5.257060 0.397000
v -0.063705 5.253797 0.388515
v -0.060442 5.245920 0.475000
v -0.065056 5.257060 0.463000
v -0.063705 5.253797 0.471485
v -0.030814 5.254907 0.385000
v -0.033165 5.266733 0.397000
v -0.032477 5.263269 0.388515
v -0.030814 5.254907 0.475000
v -0.033165 5.266733 0.463000
v -0.032477 5.263269 0.471485
v 0.145000 5.100000 0.490000
v 0.140225 5.100000 0.504695
v 0.127725 5.100000 0.513776
v 0.112275 5.100000 0.513776
v 0.099775 5.100000 0.504695
v 0.095000 5.100000 0.490000
v 0.099775 5.100000 0.475305
v 0.112275 5.100000 0.466224
v 0.127725 5.100000 0.466224
v 0.140225 5.100000 0.475305
v 0.143760 5.118926 0.490000
v 0.139026 5.118303 0.504695
v 0.126633 5.116672 0.513776
v 0.111314 5.114655 0.513776
v 0.098921 5.113023 0.504695
v 0.094187 5.112400 0.490000
v 0.098921 5.113023 0.475305
v 0.111314 5.114655 0.466224
v 0.126633 5.116672 0.466224
v 0.139026 5.118303 0.475305
v 0.140059 5.137528 0.490000
v 0.135447 5.136293 0.504695
v 0.123373 5.133058 0.513776
v 0.108449 5.129059 0.513776
v 0.096375 5.125823 0.504695
v 0.091763 5.124588 0.490000
v 0.096375 5.125823 0.475305
v 0.108449 5.129059 0.466224
v 0.123373 5.133058 0.466224
v 0.135447 5.136293 0.475305
v 0.133963 5.155489 0.490000
v 0.129551 5.153662 0.504695
v 0.118003 5.148878 0.513776
v 0.103728 5.142965 0.513776
v 0.092180 5.138182 0.504695
v 0.087769 5.136355 0.490000
v 0.092180 5.138182 0.475305
v 0.103728 5.142965 0.466224
v 0.118003 5.148878 0.466224
v 0.129551 5.153662 0.475305
v 0.125574 5.172500 0.490000
v 0.121439 5.170113 0.504695
v 0.110613 5.163863 0.513776
v 0.097233 5.156137 0.513776
v 0.086407 5.149887 0.504695
v 0.082272 5.147500 0.490000
v 0.086407 5.149887 0.475305
v 0.097233 5.156137 0.466224
v 0.110613 5.163863 0.466224
v 0.121439 5.170113 0.475305
v 0.115036 5.188270 0.490000
v 0.111248 5.185364 0.504695
v 0.101331 5.177754 0.513776
v 0.089073 5.168348 0.513776
v 0.079156 5.160739 0.504695
v 0.075369 5.157832 0.490000
v 0.079156 5.160739 0.475305
v 0.089073 5.168348 0.466224
v 0.101331 5.177754 0.466224
v 0.111248 5.185364 0.475305
v 0.102530 5.202530 0.490000
v 0.099154 5.199154 0.504695
v 0.090316 5.190315 0.513776
v 0.079390 5.179390 0.513776
v 0.070551 5.170551 0.504695
v 0.067175 5.167175 0.490000
v 0.070551 5.170551 0.475305
v 0.079390 5.179390 0.466224
v 0.090316 5.190315 0.466224
v 0.099154 5.199154 0.475305
v 0.088270 5.215036 0.490000
v 0.085364 5.211248 0.504695
v 0.077754 5.201331 0.513776
v 0.068348 5.189073 0.513776
v 0.060739 5.179156 0.504695
v 0.057832 5.175368 0.490000
v 0.060739 5.179156 0.475305
v 0.068348 5.189073 0.466224
v 0.077754 5.201331 0.466224
v 0.085364 5.211248 0.475305
v 0.072500 5.225574 0.490000
v 0.070113 5.221439 0.504695
v 0.063863 5.210613 0.513776
v 0.056137 5.197233 0.513776
v 0.049887 5.186407 0.504695
v 0.047500 5.182272 0.490000
v 0.049887 5.186407 0.475305
v 0.056137 5.197233 0.466224
v 0.063863 5.210613 0.466224
v 0.070113 5.221439 0.475305
v 0.055489 5.233963 0.490000
v 0.053662 5.229551 0.504695
v 0.048878 5.218003 0.513776
v 0.042966 5.203728 0.513776
v 0.038182 5.192180 0.504695
v 0.036355 5.187768 0.490000
v 0.038182 5.192180 0.475305
v 0.042966 5.203728 0.466224
v 0.048878 5.218003 0.466224
v 0.053662 5.229551 0.475305
v 0.037529 5.240059 0.490000
v 0.036293 5.235447 0.504695
v 0.033058 5.223373 0.513776
v 0.029059 5.208449 0.513776
v 0.025824 5.196375 0.504695
v 0.024588 5.191763 0.490000
v 0.025824 5.196375 0.475305
v 0.029059 5.208449 0.466224
v 0.033058 5.223373 0.466224
v 0.036293 5.235447 0.475305
v 0.018926 5.243760 0.490000
v 0.018303 5.239026 0.504695
v 0.016671 5.226633 0.513776
v 0.014655 5.211314 0.513776
v 0.013023 5.198921 0.504695
v 0.012400 5.194187 0.490000
v 0.013023 5.198921 0.475305
v 0.014655 5.211314 0.466224
v 0.016671 5.226633 0.466224
v 0.018303 5.239026 0.475305
v 0.000000 5.245000 0.490000
v 0.000000 5.240225 0.504695
v 0.000000 5.227726 0.513776
v 0.000000 5.212275 0.513776
v 0.000000 5.199774 0.504695
v 0.000000 5.195000 0.490000
v 0.000000 5.199774 0.475305
v 0.000000 5.212275 0.466224
v 0.000000 5.227726 0.466224
v 0.000000 5.240225 0.475305
v -0.018926 5.243759 0.490000
v -0.018303 5.239026 0.504695
v -0.016672 5.226633 0.513776
v -0.014655 5.211314 0.513776
v -0.013023 5.198921 0.504695
v -0.012400 5.194187 0.490000
v -0.013023 5.198921 0.475305
v -0.014655 5.211314 0.466224
v -0.016672 5.226633 0.466224
v -0.018303 5.239026 0.475305
v -0.037529 5.240059 0.490000
v -0.036293 5.235447 0.504695
v -0.033058 5.223373 0.513776
v -0.029059 5.208449 0.513776
v -0.025824 5.196375 0.504695
v -0.024588 5.191763 0.490000
v -0.025824 5.196375 0.475305
v -0.029059 5.208449 0.466224
v -0.033058 5.223373 0.466224
v -0.036293 5.235447 0.475305
v -0.055489 5.233963 0.490000
v -0.053662 5.229551 0.504695
v -0.048878 5.218003 0.513776
v -0.042966 5.203728 0.513776
v -0.038182 5.192180 0.504695
v -0.036355 5.187768 0.490000
v -0.038182 5.192180 0.475305
v -0.042966 5.203728 0.466224
v -0.048878 5.218003 0.466224
v -0.053662 5.229551 0.475305
v -0.072500 5.225574 0.490000
v -0.070113 5.221439 0.504695
v -0.063863 5.210613 0.513776
v -0.056137 5.197233 0.513776
v -0.049887 5.186407 0.504695
v -0.047500 5.182272 0.490000
v -0.049887 5.186407 0.475305
v -0.056137 5.197233 0.466224
v -0.063863 5.210613 0.466224
v -0.070113 5.221439 0.475305
v -0.088270 5.215036 0.490000
v -0.085364 5.211248 0.504695
v -0.077754 5.201331 0.513776
v -0.068348 5.189073 0.513776
v -0.060739 5.179156 0.504695
v -0.057832 5.175368 0.490000
v -0.060739 5.179156 0.475305
v -0.068348 5.189073 0.466224
v -0.077754 5.201331 0.466224
v -0.085364 5.211248 0.475305
v -0.102531 5.202530 0.490000
v -0.099154 5.199154 0.504695
v -0.090316 5.190315 0.513776
v -0.079390 5.179390 0.513776
v -0.070551 5.170551 0.504695
v -0.067175 5.167175 0.490000
v -0.070551 5.170551 0.475305
v -0.079390 5.179390 0.466224
v -0.090316 5.190315 0.466224
v -0.099154 5.199154 0.475305
v -0.115036 5.188270 0.490000
v -0.111248 5.185364 0.504695
v -0.101331 5.177754 0.513776
v -0.089073 5.168348 0.513776
v -0.079156 5.160739 0.504695
v -0.075369 5.157832 0.490000
v -0.079156 5.160739 0.475305
v -0.089073 5.168348 0.466224
v -0.101331 5.177754 0.466224
v -0.111248 5.185364 0.475305
v -0.125574 5.172500 0.490000
v -0.121439 5.170113 0.504695
v -0.110613 5.163863 0.513776
v -0.097233 5.156137 0.513776
v -0.086407 5.149887 0.504695
v -0.082272 5.147500 0.490000
v -0.086407 5.149887 0.475305
v -0.097233 5.156137 0.466224
v -0.110613 5.163863 0.466224
v -0.121439 5.170113 0.475305
v -0.133963 5.155489 0.490000
v -0.129551 5.153662 0.504695
v -0.118003 5.148878 0.513776
v -0.103728 5.142965 0.513776
v -0.092180 5.138182 0.504695
v -0.087769 5.136355 0.490000
v -0.092180 5.138182 0.475305
v -0.103728 5.142965 0.466224
v -0.118003 5.148878 0.466224
v -0.129551 5.153662 0.475305
v -0.140059 5.137528 0.490000
v -0.135447 5.136293 0.504695
v -0.123373 5.133058 0.513776
v -0.108449 5.129059 0.513776
v -0.096375 5.125823 0.504695
v -0.091763 5.124588 0.490000
v -0.096375 5.125823 0.475305
v -0.108449 5.129059 0.466224
v -0.123373 5.133058 0.466224
v -0.135447 5.136293 0.475305
v -0.143759 5.118926 0.490000
v -0.139026 5.118303 0.504695
v -0.126633 5.116672 0.513776
v -0.111314 5.114655 0.513776
v -0.098921 5.113023 0.504695
v -0.094187 5.112400 0.490000
v -0.098921 5.113023 0.475305
v -0.111314 5.114655 0.466224
v -0.126633 5.116672 0.466224
v -0.139026 5.118303 0.475305
v -0.145000 5.100000 0.490000
v -0.140225 5.100000 0.504695
v -0.127725 5.100000 0.513776
v -0.112275 5.100000 0.513776
v -0.099775 5.100000 0.504695
v -0.095000 5.100000 0.490000
v -0.099775 5.100000 0.475305
v -0.112275 5.100000 0.466224
v -0.127725 5.100000 0.466224
v -0.140225 5.100000 0.475305
v -0.143759 5.081074 0.490000
v -0.139026 5.081697 0.504695
v -0.126633 5.083328 0.513776
v -0.111314 5.085345 0.513776
v -0.098921 5.086977 0.504695
v -0.094187 5.087600 0.490000
v -0.098921 5.086977 0.475305
v -0.111314 5.085345 0.466224
v -0.126633 5.083328 0.466224
v -0.139026 5.081697 0.475305
v -0.140059 5.062471 0.490000
v -0.135447 5.063707 0.504695
v -0.123373 5.066942 0.513776
v -0.108449 5.070941 0.513776
v -0.096375 5.074176 0.504695
v -0.091763 5.075412 0.490000
v -0.096375 5.074176 0.475305
v -0.108449 5.070941 0.466224
v -0.123373 5.066942 0.466224
v -0.135447 5.063707 0.475305
v -0.133963 5.044511 0.490000
v -0.129551 5.046338 0.504695
v -0.118003 5.051122 0.513776
v -0.103728 5.057034 0.513776
v -0.092180 5.061818 0.504695
v -0.087769 5.063645 0.490000
v -0.092180 5.061818 0.475305
v -0.103728 5.057034 0.466224
v -0.118003 5.051122 0.466224
v -0.129551 5.046338 0.475305
v -0.125574 5.027500 0.490000
v -0.121439 5.029887 0.504695
v -0.110613 5.036137 0.513776
v -0.097233 5.043863 0.513776
v -0.086407 5.050113 0.504695
v -0.082272 5.052500 0.490000
v -0.086407 5.050113 0.475305
v -0.097233 5.043863 0.466224
v -0.110613 5.036137 0.466224
v -0.121439 5.029887 0.475305
v -0.115036 5.011730 0.490000
v -0.111248 5.014636 0.504695
v -0.101331 5.022245 0.513776
v -0.089073 5.031651 0.513776
v -0.079156 5.039261 0.504695
v -0.075369 5.042168 0.490000
v -0.079156 5.039261 0.475305
v -0.089073 5.031651 0.466224
v -0.101331 5.022245 0.466224
v -0.111248 5.014636 0.475305
v -0.102531 4.997469 0.490000
v -0.099154 5.000845 0.504695
v -0.090316 5.009685 0.513776
v -0.079390 5.020610 0.513776
v -0.070551 5.029449 0.504695
v -0.067175 5.032825 0.490000
v -0.070551 5.029449 0.475305
v -0.079390 5.020610 0.466224
v -0.090316 5.009685 0.466224
v -0.099154 5.000845 0.475305
v -0.088270 4.984964 0.490000
v -0.085364 4.988751 0.504695
v -0.077754 4.998669 0.513776
v -0.068348 5.010927 0.513776
v -0.060739 5.020844 0.504695
v -0.057832 5.024632 0.490000
v -0.060739 5.020844 0.475305
v -0.068348 5.010927 0.466224
v -0.077754 4.998669 0.466224
v -0.085364 4.988751 0.475305
v -0.072500 4.974426 0.490000
v -0.070113 4.978561 0.504695
v -0.063863 4.989387 0.513776
v -0.056137 5.002767 0.513776
v -0.049887 5.013593 0.504695
v -0.047500 5.017727 0.490000
v -0.049887 5.013593 0.475305
v -0.056137 5.002767 0.466224
v -0.063863 4.989387 0.466224
v -0.070113 4.978561 0.475305
v -0.055489 4.966037 0.490000
v -0.053662 4.970448 0.504695
v -0.048878 4.981997 0.513776
v -0.042966 4.996272 0.513776
v -0.038182 5.007820 0.504695
v -0.036355 5.012231 0.490000
v -0.038182 5.007820 0.475305
v -0.042966 4.996272 0.466224
v -0.048878 4.981997 0.466224
v -0.053662 4.970448 0.475305
v -0.037529 4.959941 0.490000
v -0.036293 4.964552 0.504695
v -0.033058 4.976626 0.513776
v -0.029059 4.991551 0.513776
v -0.025824 5.003625 0.504695
v -0.024588 5.008237 0.490000
v -0.025824 5.003625 0.475305
v -0.029059 4.991551 0.466224
v -0.033058 4.976626 0.466224
v -0.036293 4.964552 0.475305
v -0.018926 4.956241 0.490000
v -0.018303 4.960974 0.504695
v -0.016672 4.973367 0.513776
v -0.014655 4.988686 0.513776
v -0.013023 5.001079 0.504695
v -0.012400 5.005813 0.490000
v -0.013023 5.001079 0.475305
v -0.014655 4.988686 0.466224
v -0.016672 4.973367 0.466224
v -0.018303 4.960974 0.475305
v 0.000000 4.955000 0.490000
v 0.000000 4.959774 0.504695
v 0.000000 4.972274 0.513776
v 0.000000 4.987725 0.513776
v 0.000000 5.000226 0.504695
v 0.000000 5.005000 0.490000
v 0.000000 5.000226 0.475305
v 0.000000 4.987725 0.466224
v 0.000000 4.972274 0.466224
v 0.000000 4.959774 0.475305
v 0.018926 4.956240 0.490000
v 0.018303 4.960974 0.504695
v 0.016671 4.973367 0.513776
v 0.014655 4.988686 0.513776
v 0.013023 5.001079 0.504695
v 0.012400 5.005813 0.490000
v 0.013023 5.001079 0.475305
v 0.014655 4.988686 0.466224
v 0.016671 4.973367 0.466224
v 0.018303 4.960974 0.475305
v 0.037529 4.959940 0.490000
v 0.036293 4.964552 0.504695
v 0.033058 4.976626 0.513776
v 0.029059 4.991551 0.513776
v 0.025824 5.003625 0.504695
v 0.024588 5.008237 0.490000
v 0.025824 5.003625 0.475305
v 0.029059 4.991551 0.466224
v 0.033058 4.976626 0.466224
v 0.036293 4.964552 0.475305
v 0.055489 4.966037 0.490000
v 0.053662 4.970448 0.504695
v 0.048878 4.981997 0.513776
v 0.042966 4.996272 0.513776
v 0.038182 5.007820 0.504695
v 0.036355 5.012231 0.490000
v 0.038182 5.007820 0.475305
v 0.042966 4.996272 0.466224
v 0.048878 4.981997 0.466224
v 0.053662 4.970448 0.475305
v 0.072500 4.974426 0.490000
v 0.070113 4.978561 0.504695
v 0.063863 4.989387 0.513776
v 0.056137 5.002767 0.513776
v 0.049887 5.013593 0.504695
v 0.047500 5.017727 0.490000
v 0.049887 5.013593 0.475305
v 0.056137 5.002767 0.466224
v 0.063863 4.989387 0.466224
v 0.070113 4.978561 0.475305
v 0.088270 4.984963 0.490000
v 0.085364 4.988751 0.504695
v 0.077754 4.998669 0.513776
v 0.068348 5.010926 0.513776
v 0.060739 5.020844 0.504695
v 0.057832 5.024632 0.490000
v 0.060739 5.020844 0.475305
v 0.068348 5.010926 0.466224
v 0.077754 4.998669 0.466224
v 0.085364 4.988751 0.475305
v 0.102530 4.997469 0.490000
v 0.099154 5.000845 0.504695
v 0.090315 5.009685 0.513776
v 0.079390 5.020610 0.513776
v 0.070551 5.029449 0.504695
v 0.067175 5.032825 0.490000
v 0.070551 5.029449 0.475305
v 0.079390 5.020610 0.466224
v 0.090315 5.009685 0.466224
v 0.099154 5.000845 0.475305
v 0.115036 5.011730 0.490000
v 0.111248 5.014636 0.504695
v 0.101331 5.022245 0.513776
v 0.089073 5.031651 0.513776
v 0.079156 5.039261 0.504695
v 0.075369 5.042168 0.490000
v 0.079156 5.039261 0.475305
v 0.089073 5.031651 0.466224
v 0.101331 5.022245 0.466224
v 0.111248 5.014636 0.475305
v 0.125574 5.027500 0.490000
v 0.121439 5.029887 0.504695
v 0.110613 5.036137 0.513776
v 0.097233 5.043863 0.513776
v 0.086407 5.050113 0.504695
v 0.082272 5.052500 0.490000
v 0.086407 5.050113 0.475305
v 0.097233 5.043863 0.466224
v 0.110613 5.036137 0.466224
v 0.121439 5.029887 0.475305
v 0.133963 5.044511 0.490000
v 0.129551 5.046338 0.504695
v 0.118003 5.051121 0.513776
v 0.103728 5.057034 0.513776
v 0.092180 5.061818 0.504695
v 0.087769 5.063645 0.490000
v 0.092180 5.061818 0.475305
v 0.103728 5.057034 0.466224
v 0.118003 5.051121 0.466224
v 0.129551 5.046338 0.475305
v 0.140059 5.062471 0.490000
v 0.135447 5.063707 0.504695
v 0.123373 5.066942 0.513776
v 0.108449 5.070941 0.513776
v 0.096375 5.074176 0.504695
v 0.091763 5.075412 0.490000
v 0.096375 5.074176 0.475305
v 0.108449 5.070941 0.466224
v 0.123373 5.066942 0.466224
v 0.135447 5.063707 0.475305
v 0.143760 5.081074 0.490000
v 0.139026 5.081697 0.504695
v 0.126633 5.083328 0.513776
v 0.111314 5.085345 0.513776
v 0.098921 5.086977 0.504695
v 0.094187 5.087600 0.490000
v 0.098921 5.086977 0.475305
v 0.111314 5.085345 0.466224
v 0.126633 5.083328 0.466224
v 0.139026 5.081697 0.475305
v 1.150000 5.257942 0.385000
v 1.150000 5.270000 0.397000
v 1.150000 5.266468 0.388515
v 1.150000 5.257942 0.475000
v 1.150000 5.270000 0.463000
v 1.150000 5.266468 0.471485
v 1.180814 5.254907 0.385000
v 1.183165 5.266733 0.397000
v 1.182477 5.263269 0.388515
v 1.180814 5.254907 0.475000
v 1.183165 5.266733 0.463000
v 1.182477 5.263269 0.471485
v 1.210442 5.245920 0.385000
v 1.215056 5.257060 0.397000
v 1.213705 5.253797 0.388515
v 1.210442 5.245920 0.475000
v 1.215056 5.257060 0.463000
v 1.213705 5.253797 0.471485
v 1.237747 5.231325 0.385000
v 1.244447 5.241350 0.397000
v 1.242485 5.238414 0.388515
v 1.237747 5.231325 0.475000
v 1.244447 5.241350 0.463000
v 1.242485 5.238414 0.471485
v 1.261682 5.211681 0.385000
v 1.270208 5.220208 0.397000
v 1.267711 5.217710 0.388515
v 1.261682 5.211681 0.475000
v 1.270208 5.220208 0.463000
v 1.267711 5.217710 0.471485
v 1.281324 5.187748 0.385000
v 1.291350 5.194447 0.397000
v 1.288413 5.192485 0.388515
v 1.281324 5.187748 0.475000
v 1.291350 5.194447 0.463000
v 1.288413 5.192485 0.471485
v 1.295919 5.160442 0.385000
v 1.307060 5.165056 0.397000
v 1.303797 5.163705 0.388515
v 1.295919 5.160442 0.475000
v 1.307060 5.165056 0.463000
v 1.303797 5.163705 0.471485
v 1.304907 5.130813 0.385000
v 1.316733 5.133165 0.397000
v 1.313270 5.132476 0.388515
v 1.304907 5.130813 0.475000
v 1.316733 5.133165 0.463000
v 1.313270 5.132476 0.471485
v 1.307942 5.100000 0.385000
v 1.320000 5.100000 0.397000
v 1.316468 5.100000 0.388515
v 1.307942 5.100000 0.475000
v 1.320000 5.100000 0.463000
v 1.316468 5.100000 0.471485
v 1.304907 5.069187 0.385000
v 1.316733 5.066834 0.397000
v 1.313270 5.067523 0.388515
v 1.304907 5.069187 0.475000
v 1.316733 5.066834 0.463000
v 1.313270 5.067523 0.471485
v 1.295919 5.039558 0.385000
v 1.307060 5.034944 0.397000
v 1.303797 5.036295 0.388515
v 1.295919 5.039558 0.475000
v 1.307060 5.034944 0.463000
v 1.303797 5.036295 0.471485
v 1.281324 5.012252 0.385000
v 1.291350 5.005553 0.397000
v 1.288413 5.007515 0.388515
v 1.281324 5.012252 0.475000
v 1.291350 5.005553 0.463000
v 1.288413 5.007515 0.471485
v 1.261682 4.988319 0.385000
v 1.270208 4.979792 0.397000
v 1.267711 4.982289 0.388515
v 1.261682 4.988319 0.475000
v 1.270208 4.979792 0.463000
v 1.267711 4.982289 0.471485
v 1.237747 4.968675 0.385000
v 1.244447 4.958650 0.397000
v 1.242485 4.961586 0.388515
v 1.237747 4.968675 0.475000
v 1.244447 4.958650 0.463000
v 1.242485 4.961586 0.471485
v 1.210442 4.954080 0.385000
v 1.215056 4.942940 0.397000
v 1.213705 4.946203 0.388515
v 1.210442 4.954080 0.475000
v 1.215056 4.942940 0.463000
v 1.213705 4.946203 0.471485
v 1.180814 4.945093 0.385000
v 1.183165 4.933267 0.397000
v 1.182477 4.936730 0.388515
v 1.180814 4.945093 0.475000
v 1.183165 4.933267 0.463000
v 1.182477 4.936730 0.471485
v 1.150000 4.942058 0.385000
v 1.150000 4.930000 0.397000
v 1.150000 4.933532 0.388515
v 1.150000 4.942058 0.475000
v 1.150000 4.930000 0.463000
v 1.150000 4.933532 0.471485
v 1.119186 4.945093 0.385000
v 1.116835 4.933267 0.397000
v 1.117523 4.936730 0.388515
v 1.119186 4.945093 0.475000
v 1.116835 4.933267 0.463000
v 1.117523 4.936730 0.471485
v 1.089558 4.954080 0.385000
v 1.084944 4.942940 0.397000
v 1.086295 4.946203 0.388515
v 1.089558 4.954080 0.475000
v 1.084944 4.942940 0.463000
v 1.086295 4.946203 0.471485
v 1.062253 4.968675 0.385000
v 1.055553 4.958650 0.397000
v 1.057515 4.961586 0.388515
v 1.062253 4.968675 0.475000
v 1.055553 4.958650 0.463000
v 1.057515 4.961586 0.471485
v 1.038318 4.988319 0.385000
v 1.029792 4.979792 0.397000
v 1.032289 4.982289 0.388515
v 1.038318 4.988319 0.475000
v 1.029792 4.979792 0.463000
v 1.032289 4.982289 0.471485
v 1.018676 5.012252 0.385000
v 1.008650 5.005553 0.397000
v 1.011587 5.007515 0.388515
v 1.018676 5.012252 0.475000
v 1.008650 5.005553 0.463000
v 1.011587 5.007515 0.471485
v 1.004081 5.039558 0.385000
v 0.992940 5.034944 0.397000
v 0.996203 5.036295 0.388515
v 1.004081 5.039558 0.475000
v 0.992940 5.034944 0.463000
v 0.996203 5.036295 0.471485
v 0.995093 5.069187 0.385000
v 0.983266 5.066834 0.397000
v 0.986730 5.067523 0.388515
v 0.995093 5.069187 0.475000
v 0.983266 5.066834 0.463000
v 0.986730 5.067523 0.471485
v 0.992058 5.100000 0.385000
v 0.980000 5.100000 0.397000
v 0.983532 5.100000 0.388515
v 0.992058 5.100000 0.475000
v 0.980000 5.100000 0.463000
v 0.983532 5.100000 0.471485
v 0.995093 5.130813 0.385000
v 0.983266 5.133165 0.397000
v 0.986730 5.132476 0.388515
v 0.995093 5.130813 0.475000
v 0.983266 5.133165 0.463000
v 0.986730 5.132476 0.471485
v 1.004081 5.160442 0.385000
v 0.992940 5.165056 0.397000
v 0.996203 5.163705 0.388515
v 1.004081 5.160442 0.475000
v 0.992940 5.165056 0.463000
v 0.996203 5.163705 0.471485
v 1.018676 5.187748 0.385000
v 1.008650 5.194447 0.397000
v 1.011587 5.192485 0.388515
v 1.018676 5.187748 0.475000
v 1.008650 5.194447 0.463000
v 1.011587 5.192485 0.471485
v 1.038318 5.211681 0.385000
v 1.029792 5.220208 0.397000
v 1.032289 5.217710 0.388515
v 1.038318 5.211681 0.475000
v 1.029792 5.220208 0.463000
v 1.032289 5.217710 0.471485
v 1.062253 5.231325 0.385000
v 1.055553 5.241350 0.397000
v 1.057515 5.238414 0.388515
v 1.062253 5.231325 0.475000
v 1.055553 5.241350 0.463000
v 1.057515 5.238414 0.471485
v 1.089558 5.245920 0.385000
v 1.084944 5.257060 0.397000
v 1.086295 5.253797 0.388515
v 1.089558 5.245920 0.475000
v 1.084944 5.257060 0.463000
v 1.086295 5.253797 0.471485
v 1.119186 5.254907 0.385000
v 1.116835 5.266733 0.397000
v 1.117523 5.263269 0.388515
v 1.119186 5.254907 0.475000
v 1.116835 5.266733 0.463000
v 1.117523 5.263269 0.471485
v 1.295000 5.100000 0.490000
v 1.290225 5.100000 0.504695
v 1.277725 5.100000 0.513776
v 1.262275 5.100000 0.513776
v 1.249775 5.100000 0.504695
v 1.245000 5.100000 0.490000
v 1.249775 5.100000 0.475305
v 1.262275 5.100000 0.466224
v 1.277725 5.100000 0.466224
v 1.290225 5.100000 0.475305
v 1.293759 5.118926 0.490000
v 1.289026 5.118303 0.504695
v 1.276633 5.116672 0.513776
v 1.261314 5.114655 0.513776
v 1.248921 5.113023 0.504695
v 1.244187 5.112400 0.490000
v 1.248921 5.113023 0.475305
v 1.261314 5.114655 0.466224
v 1.276633 5.116672 0.466224
v 1.289026 5.118303 0.475305
v 1.290059 5.137528 0.490000
v 1.285447 5.136293 0.504695
v 1.273373 5.133058 0.513776
v 1.258449 5.129059 0.513776
v 1.246375 5.125823 0.504695
v 1.241763 5.124588 0.490000
v 1.246375 5.125823 0.475305
v 1.258449 5.129059 0.466224
v 1.273373 5.133058 0.466224
v 1.285447 5.136293 0.475305
v 1.283962 5.155489 0.490000
v 1.279551 5.153662 0.504695
v 1.268003 5.148878 0.513776
v 1.253728 5.142965 0.513776
v 1.242180 5.138182 0.504695
v 1.237769 5.136355 0.490000
v 1.242180 5.138182 0.475305
v 1.253728 5.142965 0.466224
v 1.268003 5.148878 0.466224
v 1.279551 5.153662 0.475305
v 1.275574 5.172500 0.490000
v 1.271439 5.170113 0.504695
v 1.260613 5.163863 0.513776
v 1.247233 5.156137 0.513776
v 1.236407 5.149887 0.504695
v 1.232272 5.147500 0.490000
v 1.236407 5.149887 0.475305
v 1.247233 5.156137 0.466224
v 1.260613 5.163863 0.466224
v 1.271439 5.170113 0.475305
v 1.265036 5.188270 0.490000
v 1.261248 5.185364 0.504695
v 1.251331 5.177754 0.513776
v 1.239073 5.168348 0.513776
v 1.229156 5.160739 0.504695
v 1.225368 5.157832 0.490000
v 1.229156 5.160739 0.475305
v 1.239073 5.168348 0.466224
v 1.251331 5.177754 0.466224
v 1.261248 5.185364 0.475305
v 1.252530 5.202530 0.490000
v 1.249154 5.199154 0.504695
v 1.240315 5.190315 0.513776
v 1.229390 5.179390 0.513776
v 1.220551 5.170551 0.504695
v 1.217175 5.167175 0.490000
v 1.220551 5.170551 0.475305
v 1.229390 5.179390 0.466224
v 1.240315 5.190315 0.466224
v 1.249154 5.199154 0.475305
v 1.238270 5.215036 0.490000
v 1.235364 5.211248 0.504695
v 1.227754 5.201331 0.513776
v 1.218348 5.189073 0.513776
v 1.210739 5.179156 0.504695
v 1.207832 5.175368 0.490000
v 1.210739 5.179156 0.475305
v 1.218348 5.189073 0.466224
v 1.227754 5.201331 0.466224
v 1.235364 5.211248 0.475305
v 1.222500 5.225574 0.490000
v 1.220113 5.221439 0.504695
v 1.213863 5.210613 0.513776
v 1.206137 5.197233 0.513776
v 1.199887 5.186407 0.504695
v 1.197500 5.182272 0.490000
v 1.199887 5.186407 0.475305
v 1.206137 5.197233 0.466224
v 1.213863 5.210613 0.466224
v 1.220113 5.221439 0.475305
v 1.205489 5.233963 0.490000
v 1.203662 5.229551 0.504695
v 1.198878 5.218003 0.513776
v 1.192966 5.203728 0.513776
v 1.188182 5.192180 0.504695
v 1.186355 5.187768 0.490000
v 1.188182 5.192180 0.475305
v 1.192966 5.203728 0.466224
v 1.198878 5.218003 0.466224
v 1.203662 5.229551 0.475305
v 1.187529 5.240059 0.490000
v 1.186293 5.235447 0.504695
v 1.183058 5.223373 0.513776
v 1.179059 5.208449 0.513776
v 1.175824 5.196375 0.504695
v 1.174588 5.191763 0.490000
v 1.175824 5.196375 0.475305
v 1.179059 5.208449 0.466224
v 1.183058 5.223373 0.466224
v 1.186293 5.235447 0.475305
v 1.168926 5.243760 0.490000
v 1.168303 5.239026 0.504695
v 1.166672 5.226633 0.513776
v 1.164655 5.211314 0.513776
v 1.163023 5.198921 0.504695
v 1.162400 5.194187 0.490000
v 1.163023 5.198921 0.475305
v 1.164655 5.211314 0.466224
v 1.166672 5.226633 0.466224
v 1.168303 5.239026 0.475305
v 1.150000 5.245000 0.490000
v 1.150000 5.240225 0.504695
v 1.150000 5.227726 0.513776
v 1.150000 5.212275 0.513776
v 1.150000 5.199774 0.504695
v 1.150000 5.195000 0.490000
v 1.150000 5.199774 0.475305
v 1.150000 5.212275 0.466224
v 1.150000 5.227726 0.466224
v 1.150000 5.240225 0.475305
v 1.131074 5.243759 0.490000
v 1.131697 5.239026 0.504695
v 1.133328 5.226633 0.513776
v 1.135345 5.211314 0.513776
v 1.136977 5.198921 0.504695
v 1.137600 5.194187 0.490000
v 1.136977 5.198921 0.475305
v 1.135345 5.211314 0.466224
v 1.133328 5.226633 0.466224
v 1.131697 5.239026 0.475305
v 1.112471 5.240059 0.490000
v 1.113707 5.235447 0.504695
v 1.116942 5.223373 0.513776
v 1.120941 5.208449 0.513776
v 1.124176 5.196375 0.504695
v 1.125412 5.191763 0.490000
v 1.124176 5.196375 0.475305
v 1.120941 5.208449 0.466224
v 1.116942 5.223373 0.466224
v 1.113707 5.235447 0.475305
v 1.094511 5.233963 0.490000
v 1.096338 5.229551 0.504695
v 1.101122 5.218003 0.513776
v 1.107034 5.203728 0.513776
v 1.111818 5.192180 0.504695
v 1.113645 5.187768 0.490000
v 1.111818 5.192180 0.475305
v 1.107034 5.203728 0.466224
v 1.101122 5.218003 0.466224
v 1.096338 5.229551 0.475305
v 1.077500 5.225574 0.490000
v 1.079887 5.221439 0.504695
v 1.086137 5.210613 0.513776
v 1.093863 5.197233 0.513776
v 1.100113 5.186407 0.504695
v 1.102500 5.182272 0.490000
v 1.100113 5.186407 0.475305
v 1.093863 5.197233 0.466224
v 1.086137 5.210613 0.466224
v 1.079887 5.221439 0.475305
v 1.061730 5.215036 0.490000
v 1.064636 5.211248 0.504695
v 1.072246 5.201331 0.513776
v 1.081652 5.189073 0.513776
v 1.089261 5.179156 0.504695
v 1.092168 5.175368 0.490000
v 1.089261 5.179156 0.475305
v 1.081652 5.189073 0.466224
v 1.072246 5.201331 0.466224
v 1.064636 5.211248 0.475305
v 1.047469 5.202530 0.490000
v 1.050846 5.199154 0.504695
v 1.059684 5.190315 0.513776
v 1.070610 5.179390 0.513776
v 1.079449 5.170551 0.504695
v 1.082825 5.167175 0.490000
v 1.079449 5.170551 0.475305
v 1.070610 5.179390 0.466224
v 1.059684 5.190315 0.466224
v 1.050846 5.199154 0.475305
v 1.034964 5.188270 0.490000
v 1.038752 5.185364 0.504695
v 1.048669 5.177754 0.513776
v 1.060927 5.168348 0.513776
v 1.070843 5.160739 0.504695
v 1.074631 5.157832 0.490000
v 1.070843 5.160739 0.475305
v 1.060927 5.168348 0.466224
v 1.048669 5.177754 0.466224
v 1.038752 5.185364 0.475305
v 1.024426 5.172500 0.490000
v 1.028561 5.170113 0.504695
v 1.039387 5.163863 0.513776
v 1.052767 5.156137 0.513776
v 1.063593 5.149887 0.504695
v 1.067728 5.147500 0.490000
v 1.063593 5.149887 0.475305
v 1.052767 5.156137 0.466224
v 1.039387 5.163863 0.466224
v 1.028561 5.170113 0.475305
v 1.016037 5.155489 0.490000
v 1.020449 5.153662 0.504695
v 1.031997 5.148878 0.513776
v 1.046272 5.142965 0.513776
v 1.057820 5.138182 0.504695
v 1.062231 5.136355 0.490000
v 1.057820 5.138182 0.475305
v 1.046272 5.142965 0.466224
v 1.031997 5.148878 0.466224
v 1.020449 5.153662 0.475305
v 1.009941 5.137528 0.490000
v 1.014553 5.136293 0.504695
v 1.026627 5.133058 0.513776
v 1.041551 5.129059 0.513776
v 1.053625 5.125823 0.504695
v 1.058237 5.124588 0.490000
v 1.053625 5.125823 0.475305
v 1.041551 5.129059 0.466224
v 1.026627 5.133058 0.466224
v 1.014553 5.136293 0.475305
v 1.006240 5.118926 0.490000
v 1.010974 5.118303 0.504695
v 1.023367 5.116672 0.513776
v 1.038686 5.114655 0.513776
v 1.051079 5.113023 0.504695
v 1.055813 5.112400 0.490000
v 1.051079 5.113023 0.475305
v 1.038686 5.114655 0.466224
v 1.023367 5.116672 0.466224
v 1.010974 5.118303 0.475305
v 1.005000 5.100000 0.490000
v 1.009775 5.100000 0.504695
v 1.022274 5.100000 0.513776
v 1.037725 5.100000 0.513776
v 1.050225 5.100000 0.504695
v 1.055000 5.100000 0.490000
v 1.050225 5.100000 0.475305
v 1.037725 5.100000 0.466224
v 1.022274 5.100000 0.466224
v 1.009775 5.100000 0.475305
v 1.006240 5.081074 0.490000
v 1.010974 5.081697 0.504695
v 1.023367 5.083328 0.513776
v 1.038686 5.085345 0.513776
v 1.051079 5.086977 0.504695
v 1.055813 5.087600 0.490000
v 1.051079 5.086977 0.475305
v 1.038686 5.085345 0.466224
v 1.023367 5.083328 0.466224
v 1.010974 5.081697 0.475305
v 1.009941 5.062471 0.490000
v 1.014553 5.063707 0.504695
v 1.026627 5.066942 0.513776
v 1.041551 5.070941 0.513776
v 1.053625 5.074176 0.504695
v 1.058237 5.075412 0.490000
v 1.053625 5.074176 0.475305
v 1.041551 5.070941 0.466224
v 1.026627 5.066942 0.466224
v 1.014553 5.063707 0.475305
v 1.016037 5.044511 0.490000
v 1.020449 5.046338 0.504695
v 1.031997 5.051122 0.513776
v 1.046272 5.057034 0.513776
v 1.057820 5.061818 0.504695
v 1.062231 5.063645 0.490000
v 1.057820 5.061818 0.475305
v 1.046272 5.057034 0.466224
v 1.031997 5.051122 0.466224
v 1.020449 5.046338 0.475305
v 1.024426 5.027500 0.490000
v 1.028561 5.029887 0.504695
v 1.039387 5.036137 0.513776
v 1.052767 5.043863 0.513776
v 1.063593 5.050113 0.504695
v 1.067728 5.052500 0.490000
v 1.063593 5.050113 0.475305
v 1.052767 5.043863 0.466224
v 1.039387 5.036137 0.466224
v 1.028561 5.029887 0.475305
v 1.034964 5.011730 0.490000
v 1.038752 5.014636 0.504695
v 1.048669 5.022245 0.513776
v 1.060927 5.031651 0.513776
v 1.070843 5.039261 0.504695
v 1.074631 5.042168 0.490000
v 1.070843 5.039261 0.475305
v 1.060927 5.031651 0.466224
v 1.048669 5.022245 0.466224
v 1.038752 5.014636 0.475305
v 1.047469 4.997469 0.490000
v 1.050846 5.000845 0.504695
v 1.059684 5.009685 0.513776
v 1.070610 5.020610 0.513776
v 1.079449 5.029449 0.504695
v 1.082825 5.032825 0.490000
v 1.079449 5.029449 0.475305
v 1.070610 5.020610 0.466224
v 1.059684 5.009685 0.466224
v 1.050846 5.000845 0.475305
v 1.061730 4.984964 0.490000
v 1.064636 4.988751 0.504695
v 1.072246 4.998669 0.513776
v 1.081651 5.010927 0.513776
v 1.089261 5.020844 0.504695
v 1.092168 5.024632 0.490000
v 1.089261 5.020844 0.475305
v 1.081651 5.010927 0.466224
v 1.072246 4.998669 0.466224
v 1.064636 4.988751 0.475305
v 1.077500 4.974426 0.490000
v 1.079887 4.978561 0.504695
v 1.086137 4.989387 0.513776
v 1.093863 5.002767 0.513776
v 1.100113 5.013593 0.504695
v 1.102500 5.017727 0.490000
v 1.100113 5.013593 0.475305
v 1.093863 5.002767 0.466224
v 1.086137 4.989387 0.466224
v 1.079887 4.978561 0.475305
v 1.094511 4.966037 0.490000
v 1.096338 4.970448 0.504695
v 1.101122 4.981997 0.513776
v 1.107034 4.996272 0.513776
v 1.111818 5.007820 0.504695
v 1.113645 5.012231 0.490000
v 1.111818 5.007820 0.475305
v 1.107034 4.996272 0.466224
v 1.101122 4.981997 0.466224
v 1.096338 4.970448 0.475305
v 1.112471 4.959941 0.490000
v 1.113707 4.964552 0.504695
v 1.116942 4.976626 0.513776
v 1.120941 4.991551 0.513776
v 1.124176 5.003625 0.504695
v 1.125412 5.008237 0.490000
v 1.124176 5.003625 0.475305
v 1.120941 4.991551 0.466224
v 1.116942 4.976626 0.466224
v 1.113707 4.964552 0.475305
v 1.131074 4.956241 0.490000
v 1.131697 4.960974 0.504695
v 1.133328 4.973367 0.513776
v 1.135345 4.988686 0.513776
v 1.136977 5.001079 0.504695
v 1.137600 5.005813 0.490000
v 1.136977 5.001079 0.475305
v 1.135345 4.988686 0.466224
v 1.133328 4.973367 0.466224
v 1.131697 4.960974 0.475305
v 1.150000 4.955000 0.490000
v 1.150000 4.959774 0.504695
v 1.150000 4.972274 0.513776
v 1.150000 4.987725 0.513776
v 1.150000 5.000226 0.504695
v 1.150000 5.005000 0.490000
v 1.150000 5.000226 0.475305
v 1.150000 4.987725 0.466224
v 1.150000 4.972274 0.466224
v 1.150000 4.959774 0.475305
v 1.168926 4.956240 0.490000
v 1.168303 4.960974 0.504695
v 1.166672 4.973367 0.513776
v 1.164655 4.988686 0.513776
v 1.163023 5.001079 0.504695
v 1.162400 5.005813 0.490000
v 1.163023 5.001079 0.475305
v 1.164655 4.988686 0.466224
v 1.166672 4.973367 0.466224
v 1.168303 4.960974 0.475305
v 1.187529 4.959940 0.490000
v 1.186293 4.964552 0.504695
v 1.183058 4.976626 0.513776
v 1.179059 4.991551 0.513776
v 1.175823 5.003625 0.504695
v 1.174588 5.008237 0.490000
v 1.175823 5.003625 0.475305
v 1.179059 4.991551 0.466224
v 1.183058 4.976626 0.466224
v 1.186293 4.964552 0.475305
v 1.205489 4.966037 0.490000
v 1.203662 4.970448 0.504695
v 1.198878 4.981997 0.513776
v 1.192966 4.996272 0.513776
v 1.188182 5.007820 0.504695
v 1.186355 5.012231 0.490000
v 1.188182 5.007820 0.475305
v 1.192966 4.996272 0.466224
v 1.198878 4.981997 0.466224
v 1.203662 4.970448 0.475305
v 1.222500 4.974426 0.490000
v 1.220113 4.978561 0.504695
v 1.213863 4.989387 0.513776
v 1.206137 5.002767 0.513776
v 1.199887 5.013593 0.504695
v 1.197500 5.017727 0.490000
v 1.199887 5.013593 0.475305
v 1.206137 5.002767 0.466224
v 1.213863 4.989387 0.466224
v 1.220113 4.978561 0.475305
v 1.238270 4.984963 0.490000
v 1.235364 4.988751 0.504695
v 1.227754 4.998669 0.513776
v 1.218348 5.010926 0.513776
v 1.210739 5.020844 0.504695
v 1.207832 5.024632 0.490000
v 1.210739 5.020844 0.475305
v 1.218348 5.010926 0.466224
v 1.227754 4.998669 0.466224
v 1.235364 4.988751 0.475305
v 1.252530 4.997469 0.490000
v 1.249154 5.000845 0.504695
v 1.240315 5.009685 0.513776
v 1.229390 5.020610 0.513776
v 1.220551 5.029449 0.504695
v 1.217175 5.032825 0.490000
v 1.220551 5.029449 0.475305
v 1.229390 5.020610 0.466224
v 1.240315 5.009685 0.466224
v 1.249154 5.000845 0.475305
v 1.265036 5.011730 0.490000
v 1.261248 5.014636 0.504695
v 1.251331 5.022245 0.513776
v 1.239073 5.031651 0.513776
v 1.229156 5.039261 0.504695
v 1.225368 5.042168 0.490000
v 1.229156 5.039261 0.475305
v 1.239073 5.031651 0.466224
v 1.251331 5.022245 0.466224
v 1.261248 5.014636 0.475305
v 1.275574 5.027500 0.490000
v 1.271439 5.029887 0.504695
v 1.260613 5.036137 0.513776
v 1.247233 5.043863 0.513776
v 1.236407 5.050113 0.504695
v 1.232272 5.052500 0.490000
v 1.236407 5.050113 0.475305
v 1.247233 5.043863 0.466224
v 1.260613 5.036137 0.466224
v 1.271439 5.029887 0.475305
v 1.283962 5.044511 0.490000
v 1.279551 5.046338 0.504695
v 1.268003 5.051121 0.513776
v 1.253728 5.057034 0.513776
v 1.242180 5.061818 0.504695
v 1.237769 5.063645 0.490000
v 1.242180 5.061818 0.475305
v 1.253728 5.057034 0.466224
v 1.268003 5.051121 0.466224
v 1.279551 5.046338 0.475305
v 1.290059 5.062471 0.490000
v 1.285447 5.063707 0.504695
v 1.273373 5.066942 0.513776
v 1.258449 5.070941 0.513776
v 1.246375 5.074176 0.504695
v 1.241763 5.075412 0.490000
v 1.246375 5.074176 0.475305
v 1.258449 5.070941 0.466224
v 1.273373 5.066942 0.466224
v 1.285447 5.063707 0.475305
v 1.293759 5.081074 0.490000
v 1.289026 5.081697 0.504695
v 1.276633 5.083328 0.513776
v 1.261314 5.085345 0.513776
v 1.248921 5.086977 0.504695
v 1.244187 5.087600 0.490000
v 1.248921 5.086977 0.475305
v 1.261314 5.085345 0.466224
v 1.276633 5.083328 0.466224
v 1.289026 5.081697 0.475305
v -1.620000 2.325000 0.371646
v -1.629000 2.334317 0.364412
v -1.611000 2.334317 0.364412
v -1.624999 2.327729 0.366165
v -1.620000 2.328938 0.364698
v -1.620000 2.334317 0.363413
v -1.615001 2.327729 0.366165
v -1.620000 4.875000 0.371646
v -1.611000 4.865683 0.364412
v -1.629000 4.865683 0.364412
v -1.615001 4.872271 0.366165
v -1.620000 4.871062 0.364698
v -1.620000 4.865683 0.363413
v -1.624999 4.872271 0.366165
v -1.615823 2.325000 0.372765
v -1.611000 2.334317 0.364412
v -1.612413 2.327729 0.366858
v -1.615823 4.875000 0.372765
v -1.611000 4.865683 0.364412
v -1.612413 4.872271 0.366858
v -1.612765 2.325000 0.375823
v -1.604412 2.334317 0.371000
v -1.606858 2.327729 0.372413
v -1.612765 4.875000 0.375823
v -1.604412 4.865683 0.371000
v -1.606858 4.872271 0.372413
v -1.611646 2.325000 0.380000
v -1.604412 2.334317 0.371000
v -1.604412 2.334317 0.389000
v -1.606165 2.327729 0.375001
v -1.604698 2.328938 0.380000
v -1.603413 2.334317 0.380000
v -1.606165 2.327729 0.384999
v -1.611646 4.875000 0.380000
v -1.604412 4.865683 0.389000
v -1.604412 4.865683 0.371000
v -1.606165 4.872271 0.384999
v -1.604698 4.871062 0.380000
v -1.603413 4.865683 0.380000
v -1.606165 4.872271 0.375001
v -1.612765 2.325000 0.384177
v -1.604412 2.334317 0.389000
v -1.606858 2.327729 0.387587
v -1.612765 4.875000 0.384177
v -1.604412 4.865683 0.389000
v -1.606858 4.872271 0.387587
v -1.615823 2.325000 0.387235
v -1.611000 2.334317 0.395588
v -1.612413 2.327729 0.393142
v -1.615823 4.875000 0.387235
v -1.611000 4.865683 0.395588
v -1.612413 4.872271 0.393142
v -1.620000 2.325000 0.388354
v -1.611000 2.334317 0.395588
v -1.629000 2.334317 0.395588
v -1.615001 2.327729 0.393835
v -1.620000 2.328938 0.395302
v -1.620000 2.334317 0.396587
v -1.624999 2.327729 0.393835
v -1.620000 4.875000 0.388354
v -1.629000 4.865683 0.395588
v -1.611000 4.865683 0.395588
v -1.624999 4.872271 0.393835
v -1.620000 4.871062 0.395302
v -1.620000 4.865683 0.396587
v -1.615001 4.872271 0.393835
v -1.624177 2.325000 0.387235
v -1.629000 2.334317 0.395588
v -1.627587 2.327729 0.393142
v -1.624177 4.875000 0.387235
v -1.629000 4.865683 0.395588
v -1.627587 4.872271 0.393142
v -1.627235 2.325000 0.384177
v -1.635588 2.334317 0.389000
v -1.633142 2.327729 0.387587
v -1.627235 4.875000 0.384177
v -1.635588 4.865683 0.389000
v -1.633142 4.872271 0.387587
v -1.628354 2.325000 0.380000
v -1.635588 2.334317 0.389000
v -1.635588 2.334317 0.371000
v -1.633835 2.327729 0.384999
v -1.635302 2.328938 0.380000
v -1.636587 2.334317 0.380000
v -1.633835 2.327729 0.375001
v -1.628354 4.875000 0.380000
v -1.635588 4.865683 0.371000
v -1.635588 4.865683 0.389000
v -1.633835 4.872271 0.375001
v -1.635302 4.871062 0.380000
v -1.636587 4.865683 0.380000
v -1.633835 4.872271 0.384999
v -1.627235 2.325000 0.375823
v -1.635588 2.334317 0.371000
v -1.633142 2.327729 0.372413
v -1.627235 4.875000 0.375823
v -1.635588 4.865683 0.371000
v -1.633142 4.872271 0.372413
v -1.624177 2.325000 0.372765
v -1.629000 2.334317 0.364412
v -1.627587 2.327729 0.366858
v -1.624177 4.875000 0.372765
v -1.629000 4.865683 0.364412
v -1.627587 4.872271 0.366858
v -1.620000 4.817082 0.388855
v -1.620000 4.757082 0.363426
v -1.620000 4.738772 0.360862
v -1.620000 4.682918 0.363426
v -1.620000 4.635147 0.380503
v -1.620000 4.622918 0.388855
v -1.620000 4.605873 0.408369
v -1.620000 4.601477 0.419050
v -1.617550 4.838522 0.419143
v -1.615160 4.834126 0.408554
v -1.612889 4.826921 0.398493
v -1.610793 4.817082 0.389207
v -1.608925 4.804852 0.380926
v -1.607328 4.790534 0.373853
v -1.606044 4.774478 0.368163
v -1.605103 4.757082 0.363996
v -1.604530 4.738772 0.361453
v -1.604337 4.720000 0.360599
v -1.604530 4.701228 0.361453
v -1.605103 4.682918 0.363996
v -1.606044 4.665521 0.368163
v -1.607328 4.649466 0.373853
v -1.608925 4.635147 0.380926
v -1.610793 4.622918 0.389207
v -1.612889 4.613079 0.398493
v -1.615160 4.605873 0.408554
v -1.617550 4.601477 0.419143
v -1.615141 4.838522 0.419423
v -1.610402 4.834126 0.409106
v -1.605900 4.826921 0.399304
v -1.601744 4.817082 0.390257
v -1.598038 4.804852 0.382189
v -1.594873 4.790534 0.375298
v -1.592327 4.774478 0.369755
v -1.590462 4.757082 0.365694
v -1.589324 4.738772 0.363218
v -1.588942 4.720000 0.362385
v -1.589324 4.701228 0.363218
v -1.590462 4.682918 0.365694
v -1.592327 4.665521 0.369755
v -1.594873 4.649466 0.375298
v -1.598038 4.635147 0.382189
v -1.601744 4.622918 0.390257
v -1.605900 4.613079 0.399304
v -1.610402 4.605873 0.409106
v -1.615141 4.601477 0.419423
v -1.612816 4.838522 0.419883
v -1.605809 4.834126 0.410015
v -1.599152 4.826921 0.400640
v -1.593008 4.817082 0.391987
v -1.587528 4.804852 0.384270
v -1.582848 4.790534 0.377680
v -1.579083 4.774478 0.372377
v -1.576326 4.757082 0.368494
v -1.574643 4.738772 0.366125
v -1.574078 4.720000 0.365328
v -1.574643 4.701228 0.366125
v -1.576326 4.682918 0.368494
v -1.579083 4.665521 0.372377
v -1.582848 4.649466 0.377680
v -1.587528 4.635147 0.384270
v -1.593008 4.622918 0.391987
v -1.599152 4.613079 0.400640
v -1.605809 4.605873 0.410015
v -1.612816 4.601477 0.419883
v -1.610614 4.838522 0.420517
v -1.601459 4.834126 0.411267
v -1.592761 4.826921 0.402478
v -1.584733 4.817082 0.394367
v -1.577574 4.804852 0.387134
v -1.571459 4.790534 0.380956
v -1.566540 4.774478 0.375986
v -1.562937 4.757082 0.372345
v -1.560739 4.738772 0.370125
v -1.560000 4.720000 0.369378
v -1.560739 4.701228 0.370125
v -1.562937 4.682918 0.372345
v -1.566540 4.665521 0.375986
v -1.571459 4.649466 0.380956
v -1.577574 4.635147 0.387134
v -1.584733 4.622918 0.394367
v -1.592761 4.613079 0.402478
v -1.601459 4.605873 0.411267
v -1.610614 4.601477 0.420517
v -1.608572 4.838522 0.421312
v -1.597426 4.834126 0.412839
v -1.586835 4.826921 0.404788
v -1.577062 4.817082 0.397357
v -1.568345 4.804852 0.390731
v -1.560900 4.790534 0.385071
v -1.554911 4.774478 0.380518
v -1.550524 4.757082 0.377183
v -1.547848 4.738772 0.375149
v -1.546949 4.720000 0.374465
v -1.547848 4.701228 0.375149
v -1.550524 4.682918 0.377183
v -1.554911 4.665521 0.380518
v -1.560900 4.649466 0.385071
v -1.568345 4.635147 0.390731
v -1.577062 4.622918 0.397357
v -1.586835 4.613079 0.404788
v -1.597426 4.605873 0.412839
v -1.608572 4.601477 0.421312
v -1.606726 4.838522 0.422257
v -1.593779 4.834126 0.414704
v -1.581478 4.826921 0.407529
v -1.570125 4.817082 0.400906
v -1.560000 4.804852 0.395000
v -1.551353 4.790534 0.389956
v -1.544396 4.774478 0.385897
v -1.539300 4.757082 0.382925
v -1.536192 4.738772 0.381112
v -1.535147 4.720000 0.380503
v -1.536192 4.701228 0.381112
v -1.539300 4.682918 0.382925
v -1.544396 4.665521 0.385897
v -1.551353 4.649466 0.389956
v -1.560000 4.635147 0.395000
v -1.570125 4.622918 0.400906
v -1.581478 4.613079 0.407529
v -1.593779 4.605873 0.414704
v -1.606726 4.601477 0.422257
v -1.605107 4.838522 0.423334
v -1.590581 4.834126 0.416832
v -1.576779 4.826921 0.410654
v -1.564041 4.817082 0.404953
v -1.552682 4.804852 0.399868
v -1.542980 4.790534 0.395525
v -1.535174 4.774478 0.392031
v -1.529457 4.757082 0.389472
v -1.525970 4.738772 0.387911
v -1.524798 4.720000 0.387387
v -1.525970 4.701228 0.387911
v -1.529457 4.682918 0.389472
v -1.535174 4.665521 0.392031
v -1.542980 4.649466 0.395525
v -1.552682 4.635147 0.399868
v -1.564041 4.622918 0.404953
v -1.576779 4.613079 0.410654
v -1.590581 4.605873 0.416832
v -1.605107 4.601477 0.423334
v -1.603743 4.838522 0.424525
v -1.587886 4.834126 0.419184
v -1.572820 4.826921 0.414110
v -1.558916 4.817082 0.409428
v -1.546515 4.804852 0.405251
v -1.535924 4.790534 0.401684
v -1.527404 4.774478 0.398815
v -1.521163 4.757082 0.396713
v -1.517356 4.738772 0.395431
v -1.516077 4.720000 0.395000
v -1.517356 4.701228 0.395431
v -1.521163 4.682918 0.396713
v -1.527404 4.665521 0.398815
v -1.535924 4.649466 0.401684
v -1.546515 4.635147 0.405251
v -1.558916 4.622918 0.409428
v -1.572820 4.613079 0.414110
v -1.587886 4.605873 0.419184
v -1.603743 4.601477 0.424525
v -1.602657 4.838522 0.425809
v -1.585741 4.834126 0.421722
v -1.569668 4.826921 0.417839
v -1.554835 4.817082 0.414255
v -1.541606 4.804852 0.411058
v -1.530308 4.790534 0.408328
v -1.521218 4.774478 0.406132
v -1.514561 4.757082 0.404523
v -1.510499 4.738772 0.403542
v -1.509134 4.720000 0.403212
v -1.510499 4.701228 0.403542
v -1.514561 4.682918 0.404523
v -1.521218 4.665521 0.406132
v -1.530308 4.649466 0.408328
v -1.541606 4.635147 0.411058
v -1.554835 4.622918 0.414255
v -1.569668 4.613079 0.417839
v -1.585741 4.605873 0.421722
v -1.602657 4.601477 0.425809
v -1.601868 4.838522 0.427166
v -1.584182 4.834126 0.424401
v -1.567377 4.826921 0.421775
v -1.551869 4.817082 0.419351
v -1.538038 4.804852 0.417189
v -1.526226 4.790534 0.415343
v -1.516722 4.774478 0.413857
v -1.509762 4.757082 0.412769
v -1.505516 4.738772 0.412106
v -1.504089 4.720000 0.411883
v -1.505516 4.701228 0.412106
v -1.509762 4.682918 0.412769
v -1.516722 4.665521 0.413857
v -1.526226 4.649466 0.415343
v -1.538038 4.635147 0.417189
v -1.551869 4.622918 0.419351
v -1.567377 4.613079 0.421775
v -1.584182 4.605873 0.424401
v -1.601868 4.601477 0.427166
v -1.601388 4.838522 0.428571
v -1.583235 4.834126 0.427177
v -1.565987 4.826921 0.425852
v -1.550069 4.817082 0.424630
v -1.535873 4.804852 0.423539
v -1.523749 4.790534 0.422608
v -1.513994 4.774478 0.421859
v -1.506850 4.757082 0.421310
v -1.502491 4.738772 0.420976
v -1.501027 4.720000 0.420863
v -1.502491 4.701228 0.420976
v -1.506850 4.682918 0.421310
v -1.513994 4.665521 0.421859
v -1.523749 4.649466 0.422608
v -1.535873 4.635147 0.423539
v -1.550069 4.622918 0.424630
v -1.565987 4.613079 0.425852
v -1.583235 4.605873 0.427177
v -1.601388 4.601477 0.428571
v -1.620000 4.600000 0.430000
v -1.601228 4.838522 0.430000
v -1.582918 4.834126 0.430000
v -1.565521 4.826921 0.430000
v -1.549466 4.817082 0.430000
v -1.535147 4.804852 0.430000
v -1.522918 4.790534 0.430000
v -1.513079 4.774478 0.430000
v -1.505873 4.757082 0.430000
v -1.501477 4.738772 0.430000
v -1.500000 4.720000 0.430000
v -1.501477 4.701228 0.430000
v -1.505873 4.682918 0.430000
v -1.513079 4.665521 0.430000
v -1.522918 4.649466 0.430000
v -1.535147 4.635147 0.430000
v -1.549466 4.622918 0.430000
v -1.565521 4.613079 0.430000
v -1.582918 4.605873 0.430000
v -1.601228 4.601477 0.430000
v -1.601388 4.838522 0.431429
v -1.583235 4.834126 0.432823
v -1.565987 4.826921 0.434148
v -1.550069 4.817082 0.435371
v -1.535873 4.804852 0.436461
v -1.523749 4.790534 0.437392
v -1.513994 4.774478 0.438141
v -1.506850 4.757082 0.438690
v -1.502491 4.738772 0.439024
v -1.501027 4.720000 0.439137
v -1.502491 4.701228 0.439024
v -1.506850 4.682918 0.438690
v -1.513994 4.665521 0.438141
v -1.523749 4.649466 0.437392
v -1.535873 4.635147 0.436461
v -1.550069 4.622918 0.435371
v -1.565987 4.613079 0.434148
v -1.583235 4.605873 0.432823
v -1.601388 4.601477 0.431429
v -1.601868 4.838522 0.432834
v -1.584182 4.834126 0.435599
v -1.567377 4.826921 0.438225
v -1.551869 4.817082 0.440649
v -1.538038 4.804852 0.442811
v -1.526226 4.790534 0.444657
v -1.516722 4.774478 0.446143
v -1.509762 4.757082 0.447231
v -1.505516 4.738772 0.447894
v -1.504089 4.720000 0.448117
v -1.505516 4.701228 0.447894
v -1.509762 4.682918 0.447231
v -1.516722 4.665521 0.446143
v -1.526226 4.649466 0.444657
v -1.538038 4.635147 0.442811
v -1.551869 4.622918 0.440649
v -1.567377 4.613079 0.438225
v -1.584182 4.605873 0.435599
v -1.601868 4.601477 0.432834
v -1.602657 4.838522 0.434191
v -1.585741 4.834126 0.438278
v -1.569668 4.826921 0.442161
v -1.554835 4.817082 0.445746
v -1.541606 4.804852 0.448942
v -1.530308 4.790534 0.451672
v -1.521218 4.774478 0.453868
v -1.514561 4.757082 0.455477
v -1.510499 4.738772 0.456458
v -1.509134 4.720000 0.456788
v -1.510499 4.701228 0.456458
v -1.514561 4.682918 0.455477
v -1.521218 4.665521 0.453868
v -1.530308 4.649466 0.451672
v -1.541606 4.635147 0.448942
v -1.554835 4.622918 0.445746
v -1.569668 4.613079 0.442161
v -1.585741 4.605873 0.438278
v -1.602657 4.601477 0.434191
v -1.603743 4.838522 0.435475
v -1.587886 4.834126 0.440816
v -1.572820 4.826921 0.445890
v -1.558915 4.817082 0.450572
v -1.546515 4.804852 0.454749
v -1.535924 4.790534 0.458316
v -1.527404 4.774478 0.461185
v -1.521163 4.757082 0.463287
v -1.517356 4.738772 0.464569
v -1.516077 4.720000 0.465000
v -1.517356 4.701228 0.464569
v -1.521163 4.682918 0.463287
v -1.527404 4.665521 0.461185
v -1.535924 4.649466 0.458316
v -1.546515 4.635147 0.454749
v -1.558915 4.622918 0.450572
v -1.572820 4.613079 0.445890
v -1.587886 4.605873 0.440816
v -1.603743 4.601477 0.435475
v -1.605107 4.838522 0.436666
v -1.590581 4.834126 0.443168
v -1.576779 4.826921 0.449346
v -1.564041 4.817082 0.455047
v -1.552682 4.804852 0.460132
v -1.542980 4.790534 0.464475
v -1.535174 4.774478 0.467969
v -1.529457 4.757082 0.470528
v -1.525970 4.738772 0.472089
v -1.524798 4.720000 0.472613
v -1.525970 4.701228 0.472089
v -1.529457 4.682918 0.470528
v -1.535174 4.665521 0.467969
v -1.542980 4.649466 0.464475
v -1.552682 4.635147 0.460132
v -1.564041 4.622918 0.455047
v -1.576779 4.613079 0.449346
v -1.590581 4.605873 0.443168
v -1.605107 4.601477 0.436666
v -1.606726 4.838522 0.437743
v -1.593779 4.834126 0.445296
v -1.581478 4.826921 0.452471
v -1.570125 4.817082 0.459094
v -1.560000 4.804852 0.465000
v -1.551353 4.790534 0.470044
v -1.544396 4.774478 0.474103
v -1.539300 4.757082 0.477075
v -1.536192 4.738772 0.478888
v -1.535147 4.720000 0.479498
v -1.536192 4.701228 0.478888
v -1.539300 4.682918 0.477075
v -1.544396 4.665521 0.474103
v -1.551353 4.649466 0.470044
v -1.560000 4.635147 0.465000
v -1.570125 4.622918 0.459094
v -1.581478 4.613079 0.452471
v -1.593779 4.605873 0.445296
v -1.606726 4.601477 0.437743
v -1.608572 4.838522 0.438688
v -1.597426 4.834126 0.447161
v -1.586835 4.826921 0.455212
v -1.577061 4.817082 0.462643
v -1.568345 4.804852 0.469269
v -1.560900 4.790534 0.474929
v -1.554911 4.774478 0.479482
v -1.550524 4.757082 0.482817
v -1.547848 4.738772 0.484851
v -1.546949 4.720000 0.485535
v -1.547848 4.701228 0.484851
v -1.550524 4.682918 0.482817
v -1.554911 4.665521 0.479482
v -1.560900 4.649466 0.474929
v -1.568345 4.635147 0.469269
v -1.577061 4.622918 0.462643
v -1.586835 4.613079 0.455212
v -1.597426 4.605873 0.447161
v -1.608572 4.601477 0.438688
v -1.610614 4.838522 0.439483
v -1.601459 4.834126 0.448733
v -1.592761 4.826921 0.457522
v -1.584733 4.817082 0.465633
v -1.577574 4.804852 0.472866
v -1.571459 4.790534 0.479044
v -1.566540 4.774478 0.484014
v -1.562937 4.757082 0.487655
v -1.560739 4.738772 0.489875
v -1.560000 4.720000 0.490622
v -1.560739 4.701228 0.489875
v -1.562937 4.682918 0.487655
v -1.566540 4.665521 0.484014
v -1.571459 4.649466 0.479044
v -1.577574 4.635147 0.472866
v -1.584733 4.622918 0.465633
v -1.592761 4.613079 0.457522
v -1.601459 4.605873 0.448733
v -1.610614 4.601477 0.439483
v -1.612816 4.838522 0.440117
v -1.605809 4.834126 0.449985
v -1.599152 4.826921 0.459360
v -1.593008 4.817082 0.468013
v -1.587528 4.804852 0.475730
v -1.582848 4.790534 0.482320
v -1.579083 4.774478 0.487623
v -1.576326 4.757082 0.491506
v -1.574643 4.738772 0.493875
v -1.574078 4.720000 0.494672
v -1.574643 4.701228 0.493875
v -1.576326 4.682918 0.491506
v -1.579083 4.665521 0.487623
v -1.582848 4.649466 0.482320
v -1.587528 4.635147 0.475730
v -1.593008 4.622918 0.468013
v -1.599152 4.613079 0.459360
v -1.605809 4.605873 0.449985
v -1.612816 4.601477 0.440117
v -1.615141 4.838522 0.440577
v -1.610402 4.834126 0.450894
v -1.605900 4.826921 0.460697
v -1.601744 4.817082 0.469743
v -1.598038 4.804852 0.477811
v -1.594873 4.790534 0.484702
v -1.592327 4.774478 0.490245
v -1.590462 4.757082 0.494306
v -1.589324 4.738772 0.496782
v -1.588942 4.720000 0.497615
v -1.589324 4.701228 0.496782
v -1.590462 4.682918 0.494306
v -1.592327 4.665521 0.490245
v -1.594873 4.649466 0.484702
v -1.598038 4.635147 0.477811
v -1.601744 4.622918 0.469743
v -1.605900 4.613079 0.460697
v -1.610402 4.605873 0.450894
v -1.615141 4.601477 0.440577
v -1.617550 4.838522 0.440857
v -1.615160 4.834126 0.451446
v -1.612889 4.826921 0.461507
v -1.610793 4.817082 0.470793
v -1.608925 4.804852 0.479074
v -1.607328 4.790534 0.486147
v -1.606044 4.774478 0.491837
v -1.605103 4.757082 0.496004
v -1.604530 4.738772 0.498547
v -1.604337 4.720000 0.499401
v -1.604530 4.701228 0.498547
v -1.605103 4.682918 0.496004
v -1.606044 4.665521 0.491837
v -1.607328 4.649466 0.486147
v -1.608925 4.635147 0.479074
v -1.610793 4.622918 0.470793
v -1.612889 4.613079 0.461507
v -1.615160 4.605873 0.451446
v -1.617550 4.601477 0.440857
v -1.620000 4.838522 0.440950
v -1.620000 4.834126 0.451631
v -1.620000 4.826921 0.461779
v -1.620000 4.817082 0.471145
v -1.620000 4.804852 0.479498
v -1.620000 4.790534 0.486631
v -1.620000 4.774478 0.492371
v -1.620000 4.757082 0.496574
v -1.620000 4.738772 0.499138
v -1.620000 4.720000 0.500000
v -1.620000 4.701228 0.499138
v -1.620000 4.682918 0.496574
v -1.620000 4.665521 0.492371
v -1.620000 4.649466 0.486631
v -1.620000 4.635147 0.479498
v -1.620000 4.622918 0.471145
v -1.620000 4.613079 0.461779
v -1.620000 4.605873 0.451631
v -1.620000 4.601477 0.440950
v -1.620000 4.840000 0.430000
v -1.622450 4.838522 0.440857
v -1.624840 4.834126 0.451446
v -1.627111 4.826921 0.461507
v -1.629207 4.817082 0.470793
v -1.631076 4.804852 0.479074
v -1.632672 4.790534 0.486147
v -1.633956 4.774478 0.491837
v -1.634897 4.757082 0.496004
v -1.635470 4.738772 0.498547
v -1.635663 4.720000 0.499401
v -1.635470 4.701228 0.498547
v -1.634897 4.682918 0.496004
v -1.633956 4.665521 0.491837
v -1.632672 4.649466 0.486147
v -1.631076 4.635147 0.479074
v -1.629207 4.622918 0.470793
v -1.627111 4.613079 0.461507
v -1.624840 4.605873 0.451446
v -1.622450 4.601477 0.440857
v -1.624859 4.838522 0.440577
v -1.629598 4.834126 0.450894
v -1.634100 4.826921 0.460697
v -1.638256 4.817082 0.469743
v -1.641962 4.804852 0.477811
v -1.645127 4.790534 0.484702
v -1.647673 4.774478 0.490245
v -1.649538 4.757082 0.494306
v -1.650676 4.738772 0.496782
v -1.651058 4.720000 0.497615
v -1.650676 4.701228 0.496782
v -1.649538 4.682918 0.494306
v -1.647673 4.665521 0.490245
v -1.645127 4.649466 0.484702
v -1.641962 4.635147 0.477811
v -1.638256 4.622918 0.469743
v -1.634100 4.613079 0.460697
v -1.629598 4.605873 0.450894
v -1.624859 4.601477 0.440577
v -1.627184 4.838522 0.440117
v -1.634191 4.834126 0.449985
v -1.640848 4.826921 0.459360
v -1.646992 4.817082 0.468013
v -1.652472 4.804852 0.475730
v -1.657152 4.790534 0.482320
v -1.660917 4.774478 0.487623
v -1.663674 4.757082 0.491506
v -1.665357 4.738772 0.493875
v -1.665922 4.720000 0.494672
v -1.665357 4.701228 0.493875
v -1.663674 4.682918 0.491506
v -1.660917 4.665521 0.487623
v -1.657152 4.649466 0.482320
v -1.652472 4.635147 0.475730
v -1.646992 4.622918 0.468013
v -1.640848 4.613079 0.459360
v -1.634191 4.605873 0.449985
v -1.627184 4.601477 0.440117
v -1.629386 4.838522 0.439483
v -1.638541 4.834126 0.448733
v -1.647239 4.826921 0.457522
v -1.655267 4.817082 0.465633
v -1.662426 4.804852 0.472866
v -1.668541 4.790534 0.479044
v -1.673460 4.774478 0.484014
v -1.677063 4.757082 0.487655
v -1.679261 4.738772 0.489875
v -1.680000 4.720000 0.490622
v -1.679261 4.701228 0.489875
v -1.677063 4.682918 0.487655
v -1.673460 4.665521 0.484014
v -1.668541 4.649466 0.479044
v -1.662426 4.635147 0.472866
v -1.655267 4.622918 0.465633
v -1.647239 4.613079 0.457522
v -1.638541 4.605873 0.448733
v -1.629386 4.601477 0.439483
v -1.631428 4.838522 0.438688
v -1.642574 4.834126 0.447161
v -1.653165 4.826921 0.455212
v -1.662939 4.817082 0.462643
v -1.671655 4.804852 0.469269
v -1.679100 4.790534 0.474929
v -1.685089 4.774478 0.479482
v -1.689476 4.757082 0.482817
v -1.692152 4.738772 0.484851
v -1.693051 4.720000 0.485535
v -1.692152 4.701228 0.484851
v -1.689476 4.682918 0.482817
v -1.685089 4.665521 0.479482
v -1.679100 4.649466 0.474929
v -1.671655 4.635147 0.469269
v -1.662939 4.622918 0.462643
v -1.653165 4.613079 0.455212
v -1.642574 4.605873 0.447161
v -1.631428 4.601477 0.438688
v -1.633274 4.838522 0.437743
v -1.646221 4.834126 0.445296
v -1.658522 4.826921 0.452471
v -1.669875 4.817082 0.459094
v -1.680000 4.804852 0.465000
v -1.688647 4.790534 0.470044
v -1.695604 4.774478 0.474103
v -1.700700 4.757082 0.477075
v -1.703808 4.738772 0.478888
v -1.704853 4.720000 0.479498
v -1.703808 4.701228 0.478888
v -1.700700 4.682918 0.477075
v -1.695604 4.665521 0.474103
v -1.688647 4.649466 0.470044
v -1.680000 4.635147 0.465000
v -1.669875 4.622918 0.459094
v -1.658522 4.613079 0.452471
v -1.646221 4.605873 0.445296
v -1.633274 4.601477 0.437743
v -1.634893 4.838522 0.436666
v -1.649419 4.834126 0.443168
v -1.663221 4.826921 0.449346
v -1.675959 4.817082 0.455047
v -1.687318 4.804852 0.460132
v -1.697020 4.790534 0.464475
v -1.704826 4.774478 0.467969
v -1.710543 4.757082 0.470528
v -1.714030 4.738772 0.472089
v -1.715203 4.720000 0.472613
v -1.714030 4.701228 0.472089
v -1.710543 4.682918 0.470528
v -1.704826 4.665521 0.467969
v -1.697020 4.649466 0.464475
v -1.687318 4.635147 0.460132
v -1.675959 4.622918 0.455047
v -1.663221 4.613079 0.449346
v -1.649419 4.605873 0.443168
v -1.634893 4.601477 0.436666
v -1.636257 4.838522 0.435475
v -1.652114 4.834126 0.440816
v -1.667180 4.826921 0.445890
v -1.681085 4.817082 0.450572
v -1.693485 4.804852 0.454749
v -1.704076 4.790534 0.458316
v -1.712596 4.774478 0.461185
v -1.718837 4.757082 0.463287
v -1.722644 4.738772 0.464569
v -1.723923 4.720000 0.465000
v -1.722644 4.701228 0.464569
v -1.718837 4.682918 0.463287
v -1.712596 4.665521 0.461185
v -1.704076 4.649466 0.458316
v -1.693485 4.635147 0.454749
v -1.681085 4.622918 0.450572
v -1.667180 4.613079 0.445890
v -1.652114 4.605873 0.440816
v -1.636257 4.601477 0.435475
v -1.637343 4.838522 0.434191
v -1.654259 4.834126 0.438278
v -1.670332 4.826921 0.442161
v -1.685165 4.817082 0.445745
v -1.698394 4.804852 0.448942
v -1.709692 4.790534 0.451672
v -1.718782 4.774478 0.453868
v -1.725440 4.757082 0.455477
v -1.729501 4.738772 0.456458
v -1.730866 4.720000 0.456788
v -1.729501 4.701228 0.456458
v -1.725440 4.682918 0.455477
v -1.718782 4.665521 0.453868
v -1.709692 4.649466 0.451672
v -1.698394 4.635147 0.448942
v -1.685165 4.622918 0.445745
v -1.670332 4.613079 0.442161
v -1.654259 4.605873 0.438278
v -1.637343 4.601477 0.434191
v -1.638133 4.838522 0.432834
v -1.655819 4.834126 0.435599
v -1.672623 4.826921 0.438225
v -1.688131 4.817082 0.440649
v -1.701962 4.804852 0.442811
v -1.713774 4.790534 0.444657
v -1.723278 4.774478 0.446143
v -1.730238 4.757082 0.447231
v -1.734484 4.738772 0.447894
v -1.735911 4.720000 0.448117
v -1.734484 4.701228 0.447894
v -1.730238 4.682918 0.447231
v -1.723278 4.665521 0.446143
v -1.713774 4.649466 0.444657
v -1.701962 4.635147 0.442811
v -1.688131 4.622918 0.440649
v -1.672623 4.613079 0.438225
v -1.655819 4.605873 0.435599
v -1.638133 4.601477 0.432834
v -1.638612 4.838522 0.431429
v -1.656765 4.834126 0.432823
v -1.674013 4.826921 0.434148
v -1.689931 4.817082 0.435371
v -1.704127 4.804852 0.436461
v -1.716252 4.790534 0.437392
v -1.726006 4.774478 0.438141
v -1.733150 4.757082 0.438690
v -1.737509 4.738772 0.439024
v -1.738973 4.720000 0.439137
v -1.737509 4.701228 0.439024
v -1.733150 4.682918 0.438690
v -1.726006 4.665521 0.438141
v -1.716252 4.649466 0.437392
v -1.704127 4.635147 0.436461
v -1.689931 4.622918 0.435371
v -1.674013 4.613079 0.434148
v -1.656765 4.605873 0.432823
v -1.638612 4.601477 0.431429
v -1.638772 4.838522 0.430000
v -1.657082 4.834126 0.430000
v -1.674479 4.826921 0.430000
v -1.690534 4.817082 0.430000
v -1.704853 4.804852 0.430000
v -1.717082 4.790534 0.430000
v -1.726921 4.774478 0.430000
v -1.734127 4.757082 0.430000
v -1.738523 4.738772 0.430000
v -1.740000 4.720000 0.430000
v -1.738523 4.701228 0.430000
v -1.734127 4.682918 0.430000
v -1.726921 4.665521 0.430000
v -1.717082 4.649466 0.430000
v -1.704853 4.635147 0.430000
v -1.690534 4.622918 0.430000
v -1.674479 4.613079 0.430000
v -1.657082 4.605873 0.430000
v -1.638772 4.601477 0.430000
v -1.638612 4.838522 0.428571
v -1.656765 4.834126 0.427177
v -1.674013 4.826921 0.425852
v -1.689931 4.817082 0.424630
v -1.704127 4.804852 0.423539
v -1.716252 4.790534 0.422608
v -1.726006 4.774478 0.421859
v -1.733151 4.757082 0.421310
v -1.737509 4.738772 0.420976
v -1.738973 4.720000 0.420863
v -1.737509 4.701228 0.420976
v -1.733151 4.682918 0.421310
v -1.726006 4.665521 0.421859
v -1.716252 4.649466 0.422608
v -1.704127 4.635147 0.423539
v -1.689931 4.622918 0.424630
v -1.674013 4.613079 0.425852
v -1.656765 4.605873 0.427177
v -1.638612 4.601477 0.428571
v -1.638133 4.838522 0.427166
v -1.655819 4.834126 0.424401
v -1.672623 4.826921 0.421775
v -1.688131 4.817082 0.419351
v -1.701962 4.804852 0.417189
v -1.713774 4.790534 0.415343
v -1.723278 4.774478 0.413857
v -1.730238 4.757082 0.412769
v -1.734484 4.738772 0.412106
v -1.735911 4.720000 0.411883
v -1.734484 4.701228 0.412106
v -1.730238 4.682918 0.412769
v -1.723278 4.665521 0.413857
v -1.713774 4.649466 0.415343
v -1.701962 4.635147 0.417189
v -1.688131 4.622918 0.419351
v -1.672623 4.613079 0.421775
v -1.655819 4.605873 0.424401
v -1.638133 4.601477 0.427166
v -1.637343 4.838522 0.425809
v -1.654259 4.834126 0.421722
v -1.670332 4.826921 0.417839
v -1.685165 4.817082 0.414254
v -1.698394 4.804852 0.411058
v -1.709692 4.790534 0.408328
v -1.718782 4.774478 0.406132
v -1.725440 4.757082 0.404523
v -1.729501 4.738772 0.403542
v -1.730866 4.720000 0.403212
v -1.729501 4.701228 0.403542
v -1.725440 4.682918 0.404523
v -1.718782 4.665521 0.406132
v -1.709692 4.649466 0.408328
v -1.698394 4.635147 0.411058
v -1.685165 4.622918 0.414254
v -1.670332 4.613079 0.417839
v -1.654259 4.605873 0.421722
v -1.637343 4.601477 0.425809
v -1.636257 4.838522 0.424525
v -1.652114 4.834126 0.419184
v -1.667180 4.826921 0.414110
v -1.681085 4.817082 0.409427
v -1.693485 4.804852 0.405251
v -1.704076 4.790534 0.401684
v -1.712596 4.774478 0.398815
v -1.718837 4.757082 0.396713
v -1.722644 4.738772 0.395431
v -1.723923 4.720000 0.395000
v -1.722644 4.701228 0.395431
v -1.718837 4.682918 0.396713
v -1.712596 4.665521 0.398815
v -1.704076 4.649466 0.401684
v -1.693485 4.635147 0.405251
v -1.681085 4.622918 0.409427
v -1.667180 4.613079 0.414110
v -1.652114 4.605873 0.419184
v -1.636257 4.601477 0.424525
v -1.634893 4.838522 0.423334
v -1.649419 4.834126 0.416832
v -1.663221 4.826921 0.410654
v -1.675959 4.817082 0.404953
v -1.687318 4.804852 0.399868
v -1.697020 4.790534 0.395525
v -1.704826 4.774478 0.392031
v -1.710543 4.757082 0.389472
v -1.714030 4.738772 0.387911
v -1.715202 4.720000 0.387387
v -1.714030 4.701228 0.387911
v -1.710543 4.682918 0.389472
v -1.704826 4.665521 0.392031
v -1.697020 4.649466 0.395525
v -1.687318 4.635147 0.399868
v -1.675959 4.622918 0.404953
v -1.663221 4.613079 0.410654
v -1.649419 4.605873 0.416832
v -1.634893 4.601477 0.423334
v -1.633274 4.838522 0.422257
v -1.646221 4.834126 0.414704
v -1.658522 4.826921 0.407529
v -1.669875 4.817082 0.400906
v -1.680000 4.804852 0.395000
v -1.688647 4.790534 0.389956
v -1.695604 4.774478 0.385897
v -1.700700 4.757082 0.382925
v -1.703808 4.738772 0.381112
v -1.704853 4.720000 0.380502
v -1.703808 4.701228 0.381112
v -1.700700 4.682918 0.382925
v -1.695604 4.665521 0.385897
v -1.688647 4.649466 0.389956
v -1.680000 4.635147 0.395000
v -1.669875 4.622918 0.400906
v -1.658522 4.613079 0.407529
v -1.646221 4.605873 0.414704
v -1.633274 4.601477 0.422257
v -1.631428 4.838522 0.421312
v -1.642574 4.834126 0.412839
v -1.653165 4.826921 0.404788
v -1.662939 4.817082 0.397357
v -1.671655 4.804852 0.390731
v -1.679100 4.790534 0.385071
v -1.685089 4.774478 0.380518
v -1.689476 4.757082 0.377183
v -1.692152 4.738772 0.375149
v -1.693051 4.720000 0.374465
v -1.692152 4.701228 0.375149
v -1.689476 4.682918 0.377183
v -1.685089 4.665521 0.380518
v -1.679100 4.649466 0.385071
v -1.671655 4.635147 0.390731
v -1.662939 4.622918 0.397357
v -1.653165 4.613079 0.404788
v -1.642574 4.605873 0.412839
v -1.631428 4.601477 0.421312
v -1.629386 4.838522 0.420517
v -1.638541 4.834126 0.411267
v -1.647239 4.826921 0.402478
v -1.655267 4.817082 0.394367
v -1.662426 4.804852 0.387134
v -1.668541 4.790534 0.380956
v -1.673460 4.774478 0.375986
v -1.677063 4.757082 0.372345
v -1.679261 4.738772 0.370124
v -1.680000 4.720000 0.369378
v -1.679261 4.701228 0.370124
v -1.677063 4.682918 0.372345
v -1.673460 4.665521 0.375986
v -1.668541 4.649466 0.380956
v -1.662426 4.635147 0.387134
v -1.655267 4.622918 0.394367
v -1.647239 4.613079 0.402478
v -1.638541 4.605873 0.411267
v -1.629386 4.601477 0.420517
v -1.627184 4.838522 0.419883
v -1.634191 4.834126 0.410015
v -1.640848 4.826921 0.400640
v -1.646992 4.817082 0.391987
v -1.652472 4.804852 0.384270
v -1.657152 4.790534 0.377680
v -1.660917 4.774478 0.372377
v -1.663674 4.757082 0.368494
v -1.665357 4.738772 0.366125
v -1.665922 4.720000 0.365328
v -1.665357 4.701228 0.366125
v -1.663674 4.682918 0.368494
v -1.660917 4.665521 0.372377
v -1.657152 4.649466 0.377680
v -1.652472 4.635147 0.384270
v -1.646992 4.622918 0.391987
v -1.640848 4.613079 0.400640
v -1.634191 4.605873 0.410015
v -1.627184 4.601477 0.419883
v -1.624859 4.838522 0.419423
v -1.629598 4.834126 0.409106
v -1.634100 4.826921 0.399303
v -1.638256 4.817082 0.390257
v -1.641962 4.804852 0.382189
v -1.645127 4.790534 0.375298
v -1.647673 4.774478 0.369755
v -1.649538 4.757082 0.365694
v -1.650676 4.738772 0.363218
v -1.651058 4.720000 0.362385
v -1.650676 4.701228 0.363218
v -1.649538 4.682918 0.365694
v -1.647673 4.665521 0.369755
v -1.645127 4.649466 0.375298
v -1.641962 4.635147 0.382189
v -1.638256 4.622918 0.390257
v -1.634100 4.613079 0.399303
v -1.629598 4.605873 0.409106
v -1.624859 4.601477 0.419423
v -1.622450 4.838522 0.419143
v -1.624840 4.834126 0.408554
v -1.627111 4.826921 0.398493
v -1.629207 4.817082 0.389207
v -1.631076 4.804852 0.380926
v -1.632672 4.790534 0.373853
v -1.633956 4.774478 0.368163
v -1.634897 4.757082 0.363995
v -1.635470 4.738772 0.361453
v -1.635663 4.720000 0.360599
v -1.635470 4.701228 0.361453
v -1.634897 4.682918 0.363995
v -1.633956 4.665521 0.368163
v -1.632672 4.649466 0.373853
v -1.631076 4.635147 0.380926
v -1.629207 4.622918 0.389207
v -1.627111 4.613079 0.398493
v -1.624840 4.605873 0.408554
v -1.622450 4.601477 0.419143
v -1.620000 4.838522 0.419050
v -1.620000 4.834126 0.408369
v -1.620000 4.826921 0.398221
v -1.620000 4.804852 0.380502
v -1.620000 4.790534 0.373369
v -1.620000 4.774478 0.367629
v -1.620000 4.720000 0.360000
v -1.620000 4.701228 0.360862
v -1.620000 4.665521 0.367629
v -1.620000 4.649466 0.373369
v -1.620000 4.613079 0.398221
v 1.620000 2.325000 0.371646
v 1.611000 2.334317 0.364412
v 1.629000 2.334317 0.364412
v 1.615001 2.327729 0.366165
v 1.620000 2.328938 0.364698
v 1.620000 2.334317 0.363413
v 1.624999 2.327729 0.366165
v 1.620000 4.875000 0.371646
v 1.629000 4.865683 0.364412
v 1.611000 4.865683 0.364412
v 1.624999 4.872271 0.366165
v 1.620000 4.871062 0.364698
v 1.620000 4.865683 0.363413
v 1.615001 4.872271 0.366165
v 1.624177 2.325000 0.372765
v 1.629000 2.334317 0.364412
v 1.627587 2.327729 0.366858
v 1.624177 4.875000 0.372765
v 1.629000 4.865683 0.364412
v 1.627587 4.872271 0.366858
v 1.627235 2.325000 0.375823
v 1.635588 2.334317 0.371000
v 1.633142 2.327729 0.372413
v 1.627235 4.875000 0.375823
v 1.635588 4.865683 0.371000
v 1.633142 4.872271 0.372413
v 1.628354 2.325000 0.380000
v 1.635588 2.334317 0.371000
v 1.635588 2.334317 0.389000
v 1.633835 2.327729 0.375001
v 1.635302 2.328938 0.380000
v 1.636587 2.334317 0.380000
v 1.633835 2.327729 0.384999
v 1.628354 4.875000 0.380000
v 1.635588 4.865683 0.389000
v 1.635588 4.865683 0.371000
v 1.633835 4.872271 0.384999
v 1.635302 4.871062 0.380000
v 1.636587 4.865683 0.380000
v 1.633835 4.872271 0.375001
v 1.627235 2.325000 0.384177
v 1.635588 2.334317 0.389000
v 1.633142 2.327729 0.387587
v 1.627235 4.875000 0.384177
v 1.635588 4.865683 0.389000
v 1.633142 4.872271 0.387587
v 1.624177 2.325000 0.387235
v 1.629000 2.334317 0.395588
v 1.627587 2.327729 0.393142
v 1.624177 4.875000 0.387235
v 1.629000 4.865683 0.395588
v 1.627587 4.872271 0.393142
v 1.620000 2.325000 0.388354
v 1.629000 2.334317 0.395588
v 1.611000 2.334317 0.395588
v 1.624999 2.327729 0.393835
v 1.620000 2.328938 0.395302
v 1.620000 2.334317 0.396587
v 1.615001 2.327729 0.393835
v 1.620000 4.875000 0.388354
v 1.611000 4.865683 0.395588
v 1.629000 4.865683 0.395588
v 1.615001 4.872271 0.393835
v 1.620000 4.871062 0.395302
v 1.620000 4.865683 0.396587
v 1.624999 4.872271 0.393835
v 1.615823 2.325000 0.387235
v 1.611000 2.334317 0.395588
v 1.612413 2.327729 0.393142
v 1.615823 4.875000 0.387235
v 1.611000 4.865683 0.395588
v 1.612413 4.872271 0.393142
v 1.612765 2.325000 0.384177
v 1.604412 2.334317 0.389000
v 1.606858 2.327729 0.387587
v 1.612765 4.875000 0.384177
v 1.604412 4.865683 0.389000
v 1.606858 4.872271 0.387587
v 1.611646 2.325000 0.380000
v 1.604412 2.334317 0.389000
v 1.604412 2.334317 0.371000
v 1.606165 2.327729 0.384999
v 1.604698 2.328938 0.380000
v 1.603413 2.334317 0.380000
v 1.606165 2.327729 0.375001
v 1.611646 4.875000 0.380000
v 1.604412 4.865683 0.371000
v 1.604412 4.865683 0.389000
v 1.606165 4.872271 0.375001
v 1.604698 4.871062 0.380000
v 1.603413 4.865683 0.380000
v 1.606165 4.872271 0.384999
v 1.612765 2.325000 0.375823
v 1.604412 2.334317 0.371000
v 1.606858 2.327729 0.372413
v 1.612765 4.875000 0.375823
v 1.604412 4.865683 0.371000
v 1.606858 4.872271 0.372413
v 1.615823 2.325000 0.372765
v 1.611000 2.334317 0.364412
v 1.612413 2.327729 0.366858
v 1.615823 4.875000 0.372765
v 1.611000 4.865683 0.364412
v 1.612413 4.872271 0.366858
v 1.620000 4.817082 0.388855
v 1.620000 4.757082 0.363426
v 1.620000 4.738772 0.360862
v 1.620000 4.682918 0.363426
v 1.620000 4.635147 0.380503
v 1.620000 4.622918 0.388855
v 1.620000 4.605873 0.408369
v 1.620000 4.601477 0.419050
v 1.622450 4.838522 0.419143
v 1.624840 4.834126 0.408554
v 1.627111 4.826921 0.398493
v 1.629207 4.817082 0.389207
v 1.631076 4.804852 0.380926
v 1.632672 4.790534 0.373853
v 1.633956 4.774478 0.368163
v 1.634897 4.757082 0.363996
v 1.635470 4.738772 0.361453
v 1.635663 4.720000 0.360599
v 1.635470 4.701228 0.361453
v 1.634897 4.682918 0.363996
v 1.633956 4.665521 0.368163
v 1.632672 4.649466 0.373853
v 1.631076 4.635147 0.380926
v 1.629207 4.622918 0.389207
v 1.627111 4.613079 0.398493
v 1.624840 4.605873 0.408554
v 1.622450 4.601477 0.419143
v 1.624859 4.838522 0.419423
v 1.629598 4.834126 0.409106
v 1.634100 4.826921 0.399304
v 1.638256 4.817082 0.390257
v 1.641962 4.804852 0.382189
v 1.645127 4.790534 0.375298
v 1.647673 4.774478 0.369755
v 1.649538 4.757082 0.365694
v 1.650676 4.738772 0.363218
v 1.651058 4.720000 0.362385
v 1.650676 4.701228 0.363218
v 1.649538 4.682918 0.365694
v 1.647673 4.665521 0.369755
v 1.645127 4.649466 0.375298
v 1.641962 4.635147 0.382189
v 1.638256 4.622918 0.390257
v 1.634100 4.613079 0.399304
v 1.629598 4.605873 0.409106
v 1.624859 4.601477 0.419423
v 1.627184 4.838522 0.419883
v 1.634191 4.834126 0.410015
v 1.640848 4.826921 0.400640
v 1.646992 4.817082 0.391987
v 1.652472 4.804852 0.384270
v 1.657152 4.790534 0.377680
v 1.660917 4.774478 0.372377
v 1.663674 4.757082 0.368494
v 1.665357 4.738772 0.366125
v 1.665922 4.720000 0.365328
v 1.665357 4.701228 0.366125
v 1.663674 4.682918 0.368494
v 1.660917 4.665521 0.372377
v 1.657152 4.649466 0.377680
v 1.652472 4.635147 0.384270
v 1.646992 4.622918 0.391987
v 1.640848 4.613079 0.400640
v 1.634191 4.605873 0.410015
v 1.627184 4.601477 0.419883
v 1.629386 4.838522 0.420517
v 1.638541 4.834126 0.411267
v 1.647239 4.826921 0.402478
v 1.655267 4.817082 0.394367
v 1.662426 4.804852 0.387134
v 1.668541 4.790534 0.380956
v 1.673460 4.774478 0.375986
v 1.677063 4.757082 0.372345
v 1.679261 4.738772 0.370125
v 1.680000 4.720000 0.369378
v 1.679261 4.701228 0.370125
v 1.677063 4.682918 0.372345
v 1.673460 4.665521 0.375986
v 1.668541 4.649466 0.380956
v 1.662426 4.635147 0.387134
v 1.655267 4.622918 0.394367
v 1.647239 4.613079 0.402478
v 1.638541 4.605873 0.411267
v 1.629386 4.601477 0.420517
v 1.631428 4.838522 0.421312
v 1.642574 4.834126 0.412839
v 1.653165 4.826921 0.404788
v 1.662938 4.817082 0.397357
v 1.671655 4.804852 0.390731
v 1.679100 4.790534 0.385071
v 1.685089 4.774478 0.380518
v 1.689476 4.757082 0.377183
v 1.692152 4.738772 0.375149
v 1.693051 4.720000 0.374465
v 1.692152 4.701228 0.375149
v 1.689476 4.682918 0.377183
v 1.685089 4.665521 0.380518
v 1.679100 4.649466 0.385071
v 1.671655 4.635147 0.390731
v 1.662938 4.622918 0.397357
v 1.653165 4.613079 0.404788
v 1.642574 4.605873 0.412839
v 1.631428 4.601477 0.421312
v 1.633274 4.838522 0.422257
v 1.646221 4.834126 0.414704
v 1.658522 4.826921 0.407529
v 1.669875 4.817082 0.400906
v 1.680000 4.804852 0.395000
v 1.688647 4.790534 0.389956
v 1.695604 4.774478 0.385897
v 1.700700 4.757082 0.382925
v 1.703808 4.738772 0.381112
v 1.704853 4.720000 0.380503
v 1.703808 4.701228 0.381112
v 1.700700 4.682918 0.382925
v 1.695604 4.665521 0.385897
v 1.688647 4.649466 0.389956
v 1.680000 4.635147 0.395000
v 1.669875 4.622918 0.400906
v 1.658522 4.613079 0.407529
v 1.646221 4.605873 0.414704
v 1.633274 4.601477 0.422257
v 1.634893 4.838522 0.423334
v 1.649419 4.834126 0.416832
v 1.663221 4.826921 0.410654
v 1.675959 4.817082 0.404953
v 1.687318 4.804852 0.399868
v 1.697020 4.790534 0.395525
v 1.704826 4.774478 0.392031
v 1.710543 4.757082 0.389472
v 1.714030 4.738772 0.387911
v 1.715202 4.720000 0.387387
v 1.714030 4.701228 0.387911
v 1.710543 4.682918 0.389472
v 1.704826 4.665521 0.392031
v 1.697020 4.649466 0.395525
v 1.687318 4.635147 0.399868
v 1.675959 4.622918 0.404953
v 1.663221 4.613079 0.410654
v 1.649419 4.605873 0.416832
v 1.634893 4.601477 0.423334
v 1.636257 4.838522 0.424525
v 1.652114 4.834126 0.419184
v 1.667180 4.826921 0.414110
v 1.681084 4.817082 0.409428
v 1.693485 4.804852 0.405251
v 1.704076 4.790534 0.401684
v 1.712596 4.774478 0.398815
v 1.718837 4.757082 0.396713
v 1.722644 4.738772 0.395431
v 1.723923 4.720000 0.395000
v 1.722644 4.701228 0.395431
v 1.718837 4.682918 0.396713
v 1.712596 4.665521 0.398815
v 1.704076 4.649466 0.401684
v 1.693485 4.635147 0.405251
v 1.681084 4.622918 0.409428
v 1.667180 4.613079 0.414110
v 1.652114 4.605873 0.419184
v 1.636257 4.601477 0.424525
v 1.637343 4.838522 0.425809
v 1.654259 4.834126 0.421722
v 1.670332 4.826921 0.417839
v 1.685165 4.817082 0.414255
v 1.698394 4.804852 0.411058
v 1.709692 4.790534 0.408328
v 1.718782 4.774478 0.406132
v 1.725439 4.757082 0.404523
v 1.729501 4.738772 0.403542
v 1.730866 4.720000 0.403212
v 1.729501 4.701228 0.403542
v 1.725439 4.682918 0.404523
v 1.718782 4.665521 0.406132
v 1.709692 4.649466 0.408328
v 1.698394 4.635147 0.411058
v 1.685165 4.622918 0.414255
v 1.670332 4.613079 0.417839
v 1.654259 4.605873 0.421722
v 1.637343 4.601477 0.425809
v 1.638132 4.838522 0.427166
v 1.655818 4.834126 0.424401
v 1.672623 4.826921 0.421775
v 1.688131 4.817082 0.419351
v 1.701962 4.804852 0.417189
v 1.713774 4.790534 0.415343
v 1.723278 4.774478 0.413857
v 1.730238 4.757082 0.412769
v 1.734484 4.738772 0.412106
v 1.735911 4.720000 0.411883
v 1.734484 4.701228 0.412106
v 1.730238 4.682918 0.412769
v 1.723278 4.665521 0.413857
v 1.713774 4.649466 0.415343
v 1.701962 4.635147 0.417189
v 1.688131 4.622918 0.419351
v 1.672623 4.613079 0.421775
v 1.655818 4.605873 0.424401
v 1.638132 4.601477 0.427166
v 1.638612 4.838522 0.428571
v 1.656765 4.834126 0.427177
v 1.674013 4.826921 0.425852
v 1.689931 4.817082 0.424630
v 1.704127 4.804852 0.423539
v 1.716251 4.790534 0.422608
v 1.726006 4.774478 0.421859
v 1.733150 4.757082 0.421310
v 1.737509 4.738772 0.420976
v 1.738973 4.720000 0.420863
v 1.737509 4.701228 0.420976
v 1.733150 4.682918 0.421310
v 1.726006 4.665521 0.421859
v 1.716251 4.649466 0.422608
v 1.704127 4.635147 0.423539
v 1.689931 4.622918 0.424630
v 1.674013 4.613079 0.425852
v 1.656765 4.605873 0.427177
v 1.638612 4.601477 0.428571
v 1.620000 4.600000 0.430000
v 1.638772 4.838522 0.430000
v 1.657082 4.834126 0.430000
v 1.674479 4.826921 0.430000
v 1.690534 4.817082 0.430000
v 1.704853 4.804852 0.430000
v 1.717082 4.790534 0.430000
v 1.726921 4.774478 0.430000
v 1.734127 4.757082 0.430000
v 1.738523 4.738772 0.430000
v 1.740000 4.720000 0.430000
v 1.738523 4.701228 0.430000
v 1.734127 4.682918 0.430000
v 1.726921 4.665521 0.430000
v 1.717082 4.649466 0.430000
v 1.704853 4.635147 0.430000
v 1.690534 4.622918 0.430000
v 1.674479 4.613079 0.430000
v 1.657082 4.605873 0.430000
v 1.638772 4.601477 0.430000
v 1.638612 4.838522 0.431429
v 1.656765 4.834126 0.432823
v 1.674013 4.826921 0.434148
v 1.689931 4.817082 0.435371
v 1.704127 4.804852 0.436461
v 1.716251 4.790534 0.437392
v 1.726006 4.774478 0.438141
v 1.733150 4.757082 0.438690
v 1.737509 4.738772 0.439024
v 1.738973 4.720000 0.439137
v 1.737509 4.701228 0.439024
v 1.733150 4.682918 0.438690
v 1.726006 4.665521 0.438141
v 1.716251 4.649466 0.437392
v 1.704127 4.635147 0.436461
v 1.689931 4.622918 0.435371
v 1.674013 4.613079 0.434148
v 1.656765 4.605873 0.432823
v 1.638612 4.601477 0.431429
v 1.638132 4.838522 0.432834
v 1.655818 4.834126 0.435599
v 1.672623 4.826921 0.438225
v 1.688131 4.817082 0.440649
v 1.701962 4.804852 0.442811
v 1.713774 4.790534 0.444657
v 1.723278 4.774478 0.446143
v 1.730238 4.757082 0.447231
v 1.734484 4.738772 0.447894
v 1.735911 4.720000 0.448117
v 1.734484 4.701228 0.447894
v 1.730238 4.682918 0.447231
v 1.723278 4.665521 0.446143
v 1.713774 4.649466 0.444657
v 1.701962 4.635147 0.442811
v 1.688131 4.622918 0.440649
v 1.672623 4.613079 0.438225
v 1.655818 4.605873 0.435599
v 1.638132 4.601477 0.432834
v 1.637343 4.838522 0.434191
v 1.654259 4.834126 0.438278
v 1.670332 4.826921 0.442161
v 1.685165 4.817082 0.445746
v 1.698394 4.804852 0.448942
v 1.709692 4.790534 0.451672
v 1.718782 4.774478 0.453868
v 1.725439 4.757082 0.455477
v 1.729501 4.738772 0.456458
v 1.730866 4.720000 0.456788
v 1.729501 4.701228 0.456458
v 1.725439 4.682918 0.455477
v 1.718782 4.665521 0.453868
v 1.709692 4.649466 0.451672
v 1.698394 4.635147 0.448942
v 1.685165 4.622918 0.445746
v 1.670332 4.613079 0.442161
v 1.654259 4.605873 0.438278
v 1.637343 4.601477 0.434191
v 1.636257 4.838522 0.435475
v 1.652114 4.834126 0.440816
v 1.667180 4.826921 0.445890
v 1.681085 4.817082 0.450572
v 1.693485 4.804852 0.454749
v 1.704076 4.790534 0.458316
v 1.712596 4.774478 0.461185
v 1.718837 4.757082 0.463287
v 1.722644 4.738772 0.464569
v 1.723923 4.720000 0.465000
v 1.722644 4.701228 0.464569
v 1.718837 4.682918 0.463287
v 1.712596 4.665521 0.461185
v 1.704076 4.649466 0.458316
v 1.693485 4.635147 0.454749
v 1.681085 4.622918 0.450572
v 1.667180 4.613079 0.445890
v 1.652114 4.605873 0.440816
v 1.636257 4.601477 0.435475
v 1.634893 4.838522 0.436666
v 1.649419 4.834126 0.443168
v 1.663221 4.826921 0.449346
v 1.675959 4.817082 0.455047
v 1.687318 4.804852 0.460132
v 1.697020 4.790534 0.464475
v 1.704826 4.774478 0.467969
v 1.710543 4.757082 0.470528
v 1.714030 4.738772 0.472089
v 1.715202 4.720000 0.472613
v 1.714030 4.701228 0.472089
v 1.710543 4.682918 0.470528
v 1.704826 4.665521 0.467969
v 1.697020 4.649466 0.464475
v 1.687318 4.635147 0.460132
v 1.675959 4.622918 0.455047
v 1.663221 4.613079 0.449346
v 1.649419 4.605873 0.443168
v 1.634893 4.601477 0.436666
v 1.633274 4.838522 0.437743
v 1.646221 4.834126 0.445296
v 1.658522 4.826921 0.452471
v 1.669875 4.817082 0.459094
v 1.680000 4.804852 0.465000
v 1.688647 4.790534 0.470044
v 1.695604 4.774478 0.474103
v 1.700700 4.757082 0.477075
v 1.703808 4.738772 0.478888
v 1.704853 4.720000 0.479498
v 1.703808 4.701228 0.478888
v 1.700700 4.682918 0.477075
v 1.695604 4.665521 0.474103
v 1.688647 4.649466 0.470044
v 1.680000 4.635147 0.465000
v 1.669875 4.622918 0.459094
v 1.658522 4.613079 0.452471
v 1.646221 4.605873 0.445296
v 1.633274 4.601477 0.437743
v 1.631428 4.838522 0.438688
v 1.642574 4.834126 0.447161
v 1.653165 4.826921 0.455212
v 1.662939 4.817082 0.462643
v 1.671655 4.804852 0.469269
v 1.679100 4.790534 0.474929
v 1.685089 4.774478 0.479482
v 1.689476 4.757082 0.482817
v 1.692152 4.738772 0.484851
v 1.693051 4.720000 0.485535
v 1.692152 4.701228 0.484851
v 1.689476 4.682918 0.482817
v 1.685089 4.665521 0.479482
v 1.679100 4.649466 0.474929
v 1.671655 4.635147 0.469269
v 1.662939 4.622918 0.462643
v 1.653165 4.613079 0.455212
v 1.642574 4.605873 0.447161
v 1.631428 4.601477 0.438688
v 1.629386 4.838522 0.439483
v 1.638541 4.834126 0.448733
v 1.647239 4.826921 0.457522
v 1.655267 4.817082 0.465633
v 1.662426 4.804852 0.472866
v 1.668541 4.790534 0.479044
v 1.673460 4.774478 0.484014
v 1.677063 4.757082 0.487655
v 1.679261 4.738772 0.489875
v 1.680000 4.720000 0.490622
v 1.679261 4.701228 0.489875
v 1.677063 4.682918 0.487655
v 1.673460 4.665521 0.484014
v 1.668541 4.649466 0.479044
v 1.662426 4.635147 0.472866
v 1.655267 4.622918 0.465633
v 1.647239 4.613079 0.457522
v 1.638541 4.605873 0.448733
v 1.629386 4.601477 0.439483
v 1.627184 4.838522 0.440117
v 1.634191 4.834126 0.449985
v 1.640848 4.826921 0.459360
v 1.646992 4.817082 0.468013
v 1.652472 4.804852 0.475730
v 1.657152 4.790534 0.482320
v 1.660917 4.774478 0.487623
v 1.663674 4.757082 0.491506
v 1.665357 4.738772 0.493875
v 1.665922 4.720000 0.494672
v 1.665357 4.701228 0.493875
v 1.663674 4.682918 0.491506
v 1.660917 4.665521 0.487623
v 1.657152 4.649466 0.482320
v 1.652472 4.635147 0.475730
v 1.646992 4.622918 0.468013
v 1.640848 4.613079 0.459360
v 1.634191 4.605873 0.449985
v 1.627184 4.601477 0.440117
v 1.624859 4.838522 0.440577
v 1.629598 4.834126 0.450894
v 1.634100 4.826921 0.460697
v 1.638256 4.817082 0.469743
v 1.641962 4.804852 0.477811
v 1.645127 4.790534 0.484702
v 1.647673 4.774478 0.490245
v 1.649538 4.757082 0.494306
v 1.650676 4.738772 0.496782
v 1.651058 4.720000 0.497615
v 1.650676 4.701228 0.496782
v 1.649538 4.682918 0.494306
v 1.647673 4.665521 0.490245
v 1.645127 4.649466 0.484702
v 1.641962 4.635147 0.477811
v 1.638256 4.622918 0.469743
v 1.634100 4.613079 0.460697
v 1.629598 4.605873 0.450894
v 1.624859 4.601477 0.440577
v 1.622450 4.838522 0.440857
v 1.624840 4.834126 0.451446
v 1.627111 4.826921 0.461507
v 1.629207 4.817082 0.470793
v 1.631076 4.804852 0.479074
v 1.632672 4.790534 0.486147
v 1.633956 4.774478 0.491837
v 1.634897 4.757082 0.496004
v 1.635470 4.738772 0.498547
v 1.635663 4.720000 0.499401
v 1.635470 4.701228 0.498547
v 1.634897 4.682918 0.496004
v 1.633956 4.665521 0.491837
v 1.632672 4.649466 0.486147
v 1.631076 4.635147 0.479074
v 1.629207 4.622918 0.470793
v 1.627111 4.613079 0.461507
v 1.624840 4.605873 0.451446
v 1.622450 4.601477 0.440857
v 1.620000 4.838522 0.440950
v 1.620000 4.834126 0.451631
v 1.620000 4.826921 0.461779
v 1.620000 4.817082 0.471145
v 1.620000 4.804852 0.479498
v 1.620000 4.790534 0.486631
v 1.620000 4.774478 0.492371
v 1.620000 4.757082 0.496574
v 1.620000 4.738772 0.499138
v 1.620000 4.720000 0.500000
v 1.620000 4.701228 0.499138
v 1.620000 4.682918 0.496574
v 1.620000 4.665521 0.492371
v 1.620000 4.649466 0.486631
v 1.620000 4.635147 0.479498
v 1.620000 4.622918 0.471145
v 1.620000 4.613079 0.461779
v 1.620000 4.605873 0.451631
v 1.620000 4.601477 0.440950
v 1.620000 4.840000 0.430000
v 1.617550 4.838522 0.440857
v 1.615160 4.834126 0.451446
v 1.612889 4.826921 0.461507
v 1.610793 4.817082 0.470793
v 1.608925 4.804852 0.479074
v 1.607328 4.790534 0.486147
v 1.606044 4.774478 0.491837
v 1.605103 4.757082 0.496004
v 1.604530 4.738772 0.498547
v 1.604337 4.720000 0.499401
v 1.604530 4.701228 0.498547
v 1.605103 4.682918 0.496004
v 1.606044 4.665521 0.491837
v 1.607328 4.649466 0.486147
v 1.608925 4.635147 0.479074
v 1.610793 4.622918 0.470793
v 1.612889 4.613079 0.461507
v 1.615160 4.605873 0.451446
v 1.617550 4.601477 0.440857
v 1.615141 4.838522 0.440577
v 1.610402 4.834126 0.450894
v 1.605900 4.826921 0.460697
v 1.601744 4.817082 0.469743
v 1.598038 4.804852 0.477811
v 1.594873 4.790534 0.484702
v 1.592327 4.774478 0.490245
v 1.590462 4.757082 0.494306
v 1.589324 4.738772 0.496782
v 1.588942 4.720000 0.497615
v 1.589324 4.701228 0.496782
v 1.590462 4.682918 0.494306
v 1.592327 4.665521 0.490245
v 1.594873 4.649466 0.484702
v 1.598038 4.635147 0.477811
v 1.601744 4.622918 0.469743
v 1.605900 4.613079 0.460697
v 1.610402 4.605873 0.450894
v 1.615141 4.601477 0.440577
v 1.612816 4.838522 0.440117
v 1.605809 4.834126 0.449985
v 1.599152 4.826921 0.459360
v 1.593008 4.817082 0.468013
v 1.587528 4.804852 0.475730
v 1.582848 4.790534 0.482320
v 1.579083 4.774478 0.487623
v 1.576326 4.757082 0.491506
v 1.574643 4.738772 0.493875
v 1.574078 4.720000 0.494672
v 1.574643 4.701228 0.493875
v 1.576326 4.682918 0.491506
v 1.579083 4.665521 0.487623
v 1.582848 4.649466 0.482320
v 1.587528 4.635147 0.475730
v 1.593008 4.622918 0.468013
v 1.599152 4.613079 0.459360
v 1.605809 4.605873 0.449985
v 1.612816 4.601477 0.440117
v 1.610614 4.838522 0.439483
v 1.601459 4.834126 0.448733
v 1.592761 4.826921 0.457522
v 1.584733 4.817082 0.465633
v 1.577574 4.804852 0.472866
v 1.571459 4.790534 0.479044
v 1.566540 4.774478 0.484014
v 1.562937 4.757082 0.487655
v 1.560739 4.738772 0.489875
v 1.560000 4.720000 0.490622
v 1.560739 4.701228 0.489875
v 1.562937 4.682918 0.487655
v 1.566540 4.665521 0.484014
v 1.571459 4.649466 0.479044
v 1.577574 4.635147 0.472866
v 1.584733 4.622918 0.465633
v 1.592761 4.613079 0.457522
v 1.601459 4.605873 0.448733
v 1.610614 4.601477 0.439483
v 1.608572 4.838522 0.438688
v 1.597426 4.834126 0.447161
v 1.586835 4.826921 0.455212
v 1.577061 4.817082 0.462643
v 1.568345 4.804852 0.469269
v 1.560900 4.790534 0.474929
v 1.554911 4.774478 0.479482
v 1.550524 4.757082 0.482817
v 1.547848 4.738772 0.484851
v 1.546949 4.720000 0.485535
v 1.547848 4.701228 0.484851
v 1.550524 4.682918 0.482817
v 1.554911 4.665521 0.479482
v 1.560900 4.649466 0.474929
v 1.568345 4.635147 0.469269
v 1.577061 4.622918 0.462643
v 1.586835 4.613079 0.455212
v 1.597426 4.605873 0.447161
v 1.608572 4.601477 0.438688
v 1.606726 4.838522 0.437743
v 1.593779 4.834126 0.445296
v 1.581478 4.826921 0.452471
v 1.570125 4.817082 0.459094
v 1.560000 4.804852 0.465000
v 1.551353 4.790534 0.470044
v 1.544396 4.774478 0.474103
v 1.539300 4.757082 0.477075
v 1.536192 4.738772 0.478888
v 1.535147 4.720000 0.479498
v 1.536192 4.701228 0.478888
v 1.539300 4.682918 0.477075
v 1.544396 4.665521 0.474103
v 1.551353 4.649466 0.470044
v 1.560000 4.635147 0.465000
v 1.570125 4.622918 0.459094
v 1.581478 4.613079 0.452471
v 1.593779 4.605873 0.445296
v 1.606726 4.601477 0.437743
v 1.605107 4.838522 0.436666
v 1.590581 4.834126 0.443168
v 1.576779 4.826921 0.449346
v 1.564041 4.817082 0.455047
v 1.552682 4.804852 0.460132
v 1.542980 4.790534 0.464475
v 1.535174 4.774478 0.467969
v 1.529457 4.757082 0.470528
v 1.525970 4.738772 0.472089
v 1.524797 4.720000 0.472613
v 1.525970 4.701228 0.472089
v 1.529457 4.682918 0.470528
v 1.535174 4.665521 0.467969
v 1.542980 4.649466 0.464475
v 1.552682 4.635147 0.460132
v 1.564041 4.622918 0.455047
v 1.576779 4.613079 0.449346
v 1.590581 4.605873 0.443168
v 1.605107 4.601477 0.436666
v 1.603743 4.838522 0.435475
v 1.587886 4.834126 0.440816
v 1.572820 4.826921 0.445890
v 1.558915 4.817082 0.450572
v 1.546515 4.804852 0.454749
v 1.535924 4.790534 0.458316
v 1.527404 4.774478 0.461185
v 1.521163 4.757082 0.463287
v 1.517356 4.738772 0.464569
v 1.516077 4.720000 0.465000
v 1.517356 4.701228 0.464569
v 1.521163 4.682918 0.463287
v 1.527404 4.665521 0.461185
v 1.535924 4.649466 0.458316
v 1.546515 4.635147 0.454749
v 1.558915 4.622918 0.450572
v 1.572820 4.613079 0.445890
v 1.587886 4.605873 0.440816
v 1.603743 4.601477 0.435475
v 1.602657 4.838522 0.434191
v 1.585741 4.834126 0.438278
v 1.569668 4.826921 0.442161
v 1.554835 4.817082 0.445745
v 1.541606 4.804852 0.448942
v 1.530308 4.790534 0.451672
v 1.521218 4.774478 0.453868
v 1.514560 4.757082 0.455477
v 1.510499 4.738772 0.456458
v 1.509134 4.720000 0.456788
v 1.510499 4.701228 0.456458
v 1.514560 4.682918 0.455477
v 1.521218 4.665521 0.453868
v 1.530308 4.649466 0.451672
v 1.541606 4.635147 0.448942
v 1.554835 4.622918 0.445745
v 1.569668 4.613079 0.442161
v 1.585741 4.605873 0.438278
v 1.602657 4.601477 0.434191
v 1.601867 4.838522 0.432834
v 1.584181 4.834126 0.435599
v 1.567377 4.826921 0.438225
v 1.551869 4.817082 0.440649
v 1.538038 4.804852 0.442811
v 1.526226 4.790534 0.444657
v 1.516722 4.774478 0.446143
v 1.509762 4.757082 0.447231
v 1.505516 4.738772 0.447894
v 1.504089 4.720000 0.448117
v 1.505516 4.701228 0.447894
v 1.509762 4.682918 0.447231
v 1.516722 4.665521 0.446143
v 1.526226 4.649466 0.444657
v 1.538038 4.635147 0.442811
v 1.551869 4.622918 0.440649
v 1.567377 4.613079 0.438225
v 1.584181 4.605873 0.435599
v 1.601867 4.601477 0.432834
v 1.601388 4.838522 0.431429
v 1.583235 4.834126 0.432823
v 1.565987 4.826921 0.434148
v 1.550069 4.817082 0.435371
v 1.535873 4.804852 0.436461
v 1.523748 4.790534 0.437392
v 1.513994 4.774478 0.438141
v 1.506850 4.757082 0.438690
v 1.502491 4.738772 0.439024
v 1.501027 4.720000 0.439137
v 1.502491 4.701228 0.439024
v 1.506850 4.682918 0.438690
v 1.513994 4.665521 0.438141
v 1.523748 4.649466 0.437392
v 1.535873 4.635147 0.436461
v 1.550069 4.622918 0.435371
v 1.565987 4.613079 0.434148
v 1.583235 4.605873 0.432823
v 1.601388 4.601477 0.431429
v 1.601228 4.838522 0.430000
v 1.582918 4.834126 0.430000
v 1.565521 4.826921 0.430000
v 1.549466 4.817082 0.430000
v 1.535147 4.804852 0.430000
v 1.522918 4.790534 0.430000
v 1.513079 4.774478 0.430000
v 1.505873 4.757082 0.430000
v 1.501477 4.738772 0.430000
v 1.500000 4.720000 0.430000
v 1.501477 4.701228 0.430000
v 1.505873 4.682918 0.430000
v 1.513079 4.665521 0.430000
v 1.522918 4.649466 0.430000
v 1.535147 4.635147 0.430000
v 1.549466 4.622918 0.430000
v 1.565521 4.613079 0.430000
v 1.582918 4.605873 0.430000
v 1.601228 4.601477 0.430000
v 1.601388 4.838522 0.428571
v 1.583235 4.834126 0.427177
v 1.565987 4.826921 0.425852
v 1.550069 4.817082 0.424630
v 1.535873 4.804852 0.423539
v 1.523748 4.790534 0.422608
v 1.513994 4.774478 0.421859
v 1.506849 4.757082 0.421310
v 1.502491 4.738772 0.420976
v 1.501027 4.720000 0.420863
v 1.502491 4.701228 0.420976
v 1.506849 4.682918 0.421310
v 1.513994 4.665521 0.421859
v 1.523748 4.649466 0.422608
v 1.535873 4.635147 0.423539
v 1.550069 4.622918 0.424630
v 1.565987 4.613079 0.425852
v 1.583235 4.605873 0.427177
v 1.601388 4.601477 0.428571
v 1.601867 4.838522 0.427166
v 1.584181 4.834126 0.424401
v 1.567377 4.826921 0.421775
v 1.551869 4.817082 0.419351
v 1.538038 4.804852 0.417189
v 1.526226 4.790534 0.415343
v 1.516722 4.774478 0.413857
v 1.509762 4.757082 0.412769
v 1.505516 4.738772 0.412106
v 1.504089 4.720000 0.411883
v 1.505516 4.701228 0.412106
v 1.509762 4.682918 0.412769
v 1.516722 4.665521 0.413857
v 1.526226 4.649466 0.415343
v 1.538038 4.635147 0.417189
v 1.551869 4.622918 0.419351
v 1.567377 4.613079 0.421775
v 1.584181 4.605873 0.424401
v 1.601867 4.601477 0.427166
v 1.602657 4.838522 0.425809
v 1.585741 4.834126 0.421722
v 1.569668 4.826921 0.417839
v 1.554835 4.817082 0.414254
v 1.541606 4.804852 0.411058
v 1.530308 4.790534 0.408328
v 1.521218 4.774478 0.406132
v 1.514560 4.757082 0.404523
v 1.510499 4.738772 0.403542
v 1.509134 4.720000 0.403212
v 1.510499 4.701228 0.403542
v 1.514560 4.682918 0.404523
v 1.521218 4.665521 0.406132
v 1.530308 4.649466 0.408328
v 1.541606 4.635147 0.411058
v 1.554835 4.622918 0.414254
v 1.569668 4.613079 0.417839
v 1.585741 4.605873 0.421722
v 1.602657 4.601477 0.425809
v 1.603743 4.838522 0.424525
v 1.587886 4.834126 0.419184
v 1.572820 4.826921 0.414110
v 1.558915 4.817082 0.409427
v 1.546515 4.804852 0.405251
v 1.535924 4.790534 0.401684
v 1.527404 4.774478 0.398815
v 1.521163 4.757082 0.396713
v 1.517356 4.738772 0.395431
v 1.516077 4.720000 0.395000
v 1.517356 4.701228 0.395431
v 1.521163 4.682918 0.396713
v 1.527404 4.665521 0.398815
v 1.535924 4.649466 0.401684
v 1.546515 4.635147 0.405251
v 1.558915 4.622918 0.409427
v 1.572820 4.613079 0.414110
v 1.587886 4.605873 0.419184
v 1.603743 4.601477 0.424525
v 1.605107 4.838522 0.423334
v 1.590581 4.834126 0.416832
v 1.576779 4.826921 0.410654
v 1.564041 4.817082 0.404953
v 1.552682 4.804852 0.399868
v 1.542980 4.790534 0.395525
v 1.535174 4.774478 0.392031
v 1.529457 4.757082 0.389472
v 1.525970 4.738772 0.387911
v 1.524798 4.720000 0.387387
v 1.525970 4.701228 0.387911
v 1.529457 4.682918 0.389472
v 1.535174 4.665521 0.392031
v 1.542980 4.649466 0.395525
v 1.552682 4.635147 0.399868
v 1.564041 4.622918 0.404953
v 1.576779 4.613079 0.410654
v 1.590581 4.605873 0.416832
v 1.605107 4.601477 0.423334
v 1.606726 4.838522 0.422257
v 1.593779 4.834126 0.414704
v 1.581478 4.826921 0.407529
v 1.570125 4.817082 0.400906
v 1.560000 4.804852 0.395000
v 1.551353 4.790534 0.389956
v 1.544396 4.774478 0.385897
v 1.539300 4.757082 0.382925
v 1.536192 4.738772 0.381112
v 1.535147 4.720000 0.380502
v 1.536192 4.701228 0.381112
v 1.539300 4.682918 0.382925
v 1.544396 4.665521 0.385897
v 1.551353 4.649466 0.389956
v 1.560000 4.635147 0.395000
v 1.570125 4.622918 0.400906
v 1.581478 4.613079 0.407529
v 1.593779 4.605873 0.414704
v 1.606726 4.601477 0.422257
v 1.608572 4.838522 0.421312
v 1.597426 4.834126 0.412839
v 1.586835 4.826921 0.404788
v 1.577061 4.817082 0.397357
v 1.568345 4.804852 0.390731
v 1.560900 4.790534 0.385071
v 1.554911 4.774478 0.380518
v 1.550524 4.757082 0.377183
v 1.547848 4.738772 0.375149
v 1.546949 4.720000 0.374465
v 1.547848 4.701228 0.375149
v 1.550524 4.682918 0.377183
v 1.554911 4.665521 0.380518
v 1.560900 4.649466 0.385071
v 1.568345 4.635147 0.390731
v 1.577061 4.622918 0.397357
v 1.586835 4.613079 0.404788
v 1.597426 4.605873 0.412839
v 1.608572 4.601477 0.421312
v 1.610614 4.838522 0.420517
v 1.601459 4.834126 0.411267
v 1.592761 4.826921 0.402478
v 1.584733 4.817082 0.394367
v 1.577574 4.804852 0.387134
v 1.571459 4.790534 0.380956
v 1.566540 4.774478 0.375986
v 1.562937 4.757082 0.372345
v 1.560739 4.738772 0.370124
v 1.560000 4.720000 0.369378
v 1.560739 4.701228 0.370124
v 1.562937 4.682918 0.372345
v 1.566540 4.665521 0.375986
v 1.571459 4.649466 0.380956
v 1.577574 4.635147 0.387134
v 1.584733 4.622918 0.394367
v 1.592761 4.613079 0.402478
v 1.601459 4.605873 0.411267
v 1.610614 4.601477 0.420517
v 1.612816 4.838522 0.419883
v 1.605809 4.834126 0.410015
v 1.599152 4.826921 0.400640
v 1.593008 4.817082 0.391987
v 1.587528 4.804852 0.384270
v 1.582848 4.790534 0.377680
v 1.579083 4.774478 0.372377
v 1.576326 4.757082 0.368494
v 1.574643 4.738772 0.366125
v 1.574078 4.720000 0.365328
v 1.574643 4.701228 0.366125
v 1.576326 4.682918 0.368494
v 1.579083 4.665521 0.372377
v 1.582848 4.649466 0.377680
v 1.587528 4.635147 0.384270
v 1.593008 4.622918 0.391987
v 1.599152 4.613079 0.400640
v 1.605809 4.605873 0.410015
v 1.612816 4.601477 0.419883
v 1.615141 4.838522 0.419423
v 1.610402 4.834126 0.409106
v 1.605900 4.826921 0.399303
v 1.601744 4.817082 0.390257
v 1.598038 4.804852 0.382189
v 1.594873 4.790534 0.375298
v 1.592327 4.774478 0.369755
v 1.590462 4.757082 0.365694
v 1.589324 4.738772 0.363218
v 1.588942 4.720000 0.362385
v 1.589324 4.701228 0.363218
v 1.590462 4.682918 0.365694
v 1.592327 4.665521 0.369755
v 1.594873 4.649466 0.375298
v 1.598038 4.635147 0.382189
v 1.601744 4.622918 0.390257
v 1.605900 4.613079 0.399303
v 1.610402 4.605873 0.409106
v 1.615141 4.601477 0.419423
v 1.617550 4.838522 0.419143
v 1.615160 4.834126 0.408554
v 1.612889 4.826921 0.398493
v 1.610793 4.817082 0.389207
v 1.608925 4.804852 0.380926
v 1.607328 4.790534 0.373853
v 1.606044 4.774478 0.368163
v 1.605103 4.757082 0.363995
v 1.604530 4.738772 0.361453
v 1.604337 4.720000 0.360599
v 1.604530 4.701228 0.361453
v 1.605103 4.682918 0.363995
v 1.606044 4.665521 0.368163
v 1.607328 4.649466 0.373853
v 1.608925 4.635147 0.380926
v 1.610793 4.622918 0.389207
v 1.612889 4.613079 0.398493
v 1.615160 4.605873 0.408554
v 1.617550 4.601477 0.419143
v 1.620000 4.838522 0.419050
v 1.620000 4.834126 0.408369
v 1.620000 4.826921 0.398221
v 1.620000 4.804852 0.380502
v 1.620000 4.790534 0.373369
v 1.620000 4.774478 0.367629
v 1.620000 4.720000 0.360000
v 1.620000 4.701228 0.360862
v 1.620000 4.665521 0.367629
v 1.620000 4.649466 0.373369
v 1.620000 4.613079 0.398221
vn 0.1794 0.1794 0.9673
vn -0.1794 -0.1794 0.9673
vn 0.1794 -0.1794 0.9673
vn 0.9673 0.1794 -0.1794
vn 0.9673 -0.1794 0.1794
vn 0.9673 -0.1794 -0.1794
vn -0.1794 0.9673 -0.1794
vn 0.1794 0.9673 0.1794
vn 0.1794 0.9673 -0.1794
vn -0.9673 0.1794 0.1794
vn -0.9673 -0.1794 -0.1794
vn -0.9673 -0.1794 0.1794
vn -0.1794 0.1794 -0.9673
vn 0.1794 -0.1794 -0.9673
vn -0.1794 -0.1794 -0.9673
vn -0.1794 -0.9673 0.1794
vn -0.3251 -0.8881 0.3251
vn -0.3791 -0.9152 0.1369
vn -0.3251 -0.3251 0.8881
vn -0.1369 -0.3791 0.9152
vn -0.8881 -0.3251 0.3251
vn -0.9152 -0.1369 0.3791
vn -0.1794 0.1794 0.9673
vn -0.3251 0.3251 0.8881
vn -0.3791 0.1369 0.9152
vn -0.1794 0.9673 0.1794
vn -0.3251 0.8881 0.3251
vn -0.1369 0.9152 0.3791
vn -0.8881 0.3251 0.3251
vn -0.9152 0.3791 0.1369
vn -0.1794 -0.9673 -0.1794
vn -0.3251 -0.8881 -0.3251
vn -0.1369 -0.9152 -0.3791
vn -0.8881 -0.3251 -0.3251
vn -0.9152 -0.3791 -0.1369
vn -0.3251 -0.3251 -0.8881
vn -0.3791 -0.1369 -0.9152
vn -0.3251 0.8881 -0.3251
vn -0.3791 0.9152 -0.1369
vn -0.3251 0.3251 -0.8881
vn -0.1369 0.3791 -0.9152
vn -0.9673 0.1794 -0.1794
vn -0.8881 0.3251 -0.3251
vn -0.9152 0.1369 -0.3791
vn 0.1794 -0.9673 0.1794
vn 0.3251 -0.8881 0.3251
vn 0.1369 -0.9152 0.3791
vn 0.8881 -0.3251 0.3251
vn 0.9152 -0.3791 0.1369
vn 0.3251 -0.3251 0.8881
vn 0.3791 -0.1369 0.9152
vn 0.3251 0.8881 0.3251
vn 0.3791 0.9152 0.1369
vn 0.3251 0.3251 0.8881
vn 0.1369 0.3791 0.9152
vn 0.9673 0.1794 0.1794
vn 0.8881 0.3251 0.3251
vn 0.9152 0.1369 0.3791
vn 0.1794 -0.9673 -0.1794
vn 0.3251 -0.8881 -0.3251
vn 0.3791 -0.9152 -0.1369
vn 0.3251 -0.3251 -0.8881
vn 0.1369 -0.3791 -0.9152
vn 0.8881 -0.3251 -0.3251
vn 0.9152 -0.1369 -0.3791
vn 0.3251 0.8881 -0.3251
vn 0.1369 0.9152 -0.3791
vn 0.8881 0.3251 -0.3251
vn 0.9152 0.3791 -0.1369
vn 0.1794 0.1794 -0.9673
vn 0.3251 0.3251 -0.8881
vn 0.3791 0.1369 -0.9152
vn -0.3791 -0.9152 -0.1369
vn -0.9152 -0.3791 0.1369
vn -0.3791 -0.1369 0.9152
vn -0.9152 0.1369 0.3791
vn -0.3791 0.9152 0.1369
vn -0.3791 0.1369 -0.9152
vn -0.9152 -0.1369 -0.3791
vn 0.1369 -0.9152 -0.3791
vn -0.1369 0.9152 -0.3791
vn 0.1369 0.3791 -0.9152
vn 0.9152 0.1369 -0.3791
vn 0.3791 -0.1369 -0.9152
vn 0.3791 -0.9152 0.1369
vn 0.9152 -0.3791 -0.1369
vn 0.3791 0.9152 -0.1369
vn 0.9152 0.3791 0.1369
vn 0.3791 0.1369 0.9152
vn 0.9152 -0.1369 0.3791
vn -0.1369 -0.9152 0.3791
vn 0.1369 -0.3791 0.9152
vn 0.1369 0.9152 0.3791
vn -0.9152 0.3791 -0.1369
vn -0.1369 -0.3791 -0.9152
vn -0.1369 0.3791 0.9152
vn -0.1793 0.9673 -0.1794
vn 0.1793 0.9673 0.1794
vn -0.8881 -0.3251 0.3250
vn -0.3250 0.3251 0.8881
vn -0.3790 0.1369 0.9152
vn -0.3250 0.8881 0.3251
vn -0.1369 0.9152 0.3790
vn -0.8881 0.3251 0.3250
vn -0.9152 0.3790 0.1368
vn -0.8881 -0.3250 -0.3251
vn -0.3250 0.8881 -0.3251
vn -0.3790 0.9152 -0.1369
vn -0.3250 0.3251 -0.8881
vn -0.8881 0.3251 -0.3250
vn 0.8881 -0.3251 0.3250
vn 0.3250 0.8881 0.3251
vn 0.3790 0.9152 0.1369
vn 0.3250 0.3251 0.8881
vn 0.8881 0.3251 0.3250
vn 0.3250 0.8881 -0.3251
vn 0.1369 0.9152 -0.3790
vn 0.8881 0.3251 -0.3250
vn 0.9152 0.3790 -0.1368
vn 0.3250 0.3251 -0.8881
vn -0.3790 0.9152 0.1369
vn -0.9152 0.3790 -0.1368
vn -0.3790 0.1369 -0.9152
vn -0.1369 0.9152 -0.3790
vn 0.3790 0.9152 -0.1369
vn 0.9152 0.3790 0.1368
vn 0.1369 0.9152 0.3790
vn 0.1793 0.9673 -0.1794
vn -0.8881 -0.3251 -0.3250
vn 0.8881 -0.3250 0.3251
vn 0.8881 -0.3251 -0.3250
vn 0.8881 0.3250 -0.3251
vn 0.3250 0.3250 -0.8881
vn 0.3790 0.1369 -0.9152
vn 0.3790 0.1369 0.9152
vn -0.1368 -0.9152 -0.3791
vn 0.1368 -0.9152 0.3791
vn 0.1368 -0.9152 -0.3791
vn -0.1368 -0.9152 0.3791
vn -0.3250 -0.8881 -0.3251
vn -0.1368 0.3791 -0.9152
vn 0.1368 0.3791 0.9152
vn 0.3250 -0.8881 -0.3251
vn 0.1368 -0.3791 -0.9152
vn -0.1368 -0.3791 -0.9152
vn 0.1368 0.3791 -0.9152
vn -0.1368 0.3791 0.9152
vn -0.1914 0.9622 0.1936
vn -0.0000 0.9811 -0.1936
vn -0.1914 0.9622 -0.1936
vn 0.3754 0.9064 0.1936
vn 0.5451 0.8157 -0.1936
vn 0.3754 0.9064 -0.1936
vn 0.5451 0.8157 0.1936
vn 0.6937 0.6937 -0.1936
vn 0.6937 0.6937 0.1936
vn 0.8157 0.5451 -0.1936
vn 0.8157 0.5451 0.1936
vn 0.9064 0.3754 -0.1936
vn 0.9064 0.3754 0.1936
vn 0.9622 0.1914 -0.1936
vn 0.9622 0.1914 0.1936
vn 0.9811 -0.0000 -0.1936
vn 0.9811 -0.0000 0.1936
vn 0.9622 -0.1914 -0.1936
vn 0.9622 -0.1914 0.1936
vn 0.9064 -0.3754 -0.1936
vn 0.9064 -0.3754 0.1936
vn 0.8157 -0.5451 -0.1936
vn 0.8157 -0.5451 0.1936
vn 0.6937 -0.6937 -0.1936
vn 0.6937 -0.6937 0.1936
vn 0.5451 -0.8157 -0.1936
vn 0.5451 -0.8157 0.1936
vn 0.3754 -0.9064 -0.1936
vn 0.3754 -0.9064 0.1936
vn 0.1914 -0.9622 -0.1936
vn 0.1914 -0.9622 0.1936
vn -0.0000 -0.9811 -0.1936
vn -0.0000 -0.9811 0.1936
vn -0.1914 -0.9622 -0.1936
vn -0.1914 -0.9622 0.1936
vn -0.3754 -0.9064 -0.1936
vn -0.3754 -0.9064 0.1936
vn -0.5451 -0.8157 -0.1936
vn -0.5451 -0.8157 0.1936
vn -0.6937 -0.6937 -0.1936
vn -0.6937 -0.6937 0.1936
vn -0.8157 -0.5451 -0.1936
vn -0.8157 -0.5451 0.1936
vn -0.9064 -0.3754 -0.1936
vn -0.9064 -0.3754 0.1936
vn -0.9622 -0.1914 -0.1936
vn -0.9622 -0.1914 0.1936
vn -0.9811 -0.0000 -0.1936
vn -0.9811 -0.0000 0.1936
vn -0.9622 0.1914 -0.1936
vn -0.9622 0.1914 0.1936
vn -0.9064 0.3754 -0.1936
vn -0.9064 0.3754 0.1936
vn -0.8157 0.5451 -0.1936
vn -0.8157 0.5451 0.1936
vn -0.6937 0.6937 -0.1936
vn -0.6937 0.6937 0.1936
vn -0.5451 0.8157 -0.1936
vn -0.5451 0.8157 0.1936
vn -0.3754 0.9064 -0.1936
vn -0.3754 0.9064 0.1936
vn 0.1914 0.9622 0.1936
vn 0.1914 0.9622 -0.1936
vn -0.0788 -0.1902 0.9786
vn 0.1902 -0.0788 0.9786
vn 0.0788 0.1902 0.9786
vn -0.0000 0.9811 0.1936
vn -0.0000 0.9232 -0.3843
vn 0.0744 0.3738 -0.9245
vn -0.0000 0.2059 -0.9786
vn -0.0000 0.3811 -0.9245
vn -0.0000 0.9232 0.3843
vn 0.1801 0.9055 0.3842
vn 0.0744 0.3738 0.9245
vn -0.0000 0.2059 0.9786
vn 0.0402 0.2019 0.9786
vn 0.1801 0.9055 -0.3842
vn 0.1458 0.3521 -0.9245
vn 0.0402 0.2019 -0.9786
vn 0.3533 0.8530 0.3842
vn 0.1458 0.3521 0.9245
vn 0.5129 0.7676 -0.3842
vn 0.3533 0.8530 -0.3842
vn 0.1144 0.1712 -0.9786
vn 0.0788 0.1902 -0.9786
vn 0.5129 0.7676 0.3842
vn 0.1144 0.1712 0.9786
vn 0.2117 0.3169 0.9245
vn 0.2695 0.2695 -0.9245
vn 0.2117 0.3169 -0.9245
vn 0.6528 0.6528 0.3843
vn 0.2695 0.2695 0.9245
vn 0.1456 0.1456 0.9786
vn 0.7676 0.5129 -0.3843
vn 0.6528 0.6528 -0.3843
vn 0.3169 0.2117 -0.9245
vn 0.1456 0.1456 -0.9786
vn 0.7676 0.5129 0.3843
vn 0.3169 0.2117 0.9245
vn 0.1712 0.1144 0.9786
vn 0.8530 0.3533 -0.3842
vn 0.3521 0.1458 -0.9245
vn 0.1712 0.1144 -0.9786
vn 0.8529 0.3533 0.3843
vn 0.3521 0.1458 0.9245
vn 0.1902 0.0788 0.9786
vn 0.3738 0.0743 -0.9245
vn 0.1902 0.0788 -0.9786
vn 0.9055 0.1801 0.3843
vn 0.3738 0.0743 0.9245
vn 0.2019 0.0402 0.9786
vn 0.9055 0.1801 -0.3843
vn 0.3811 -0.0000 -0.9245
vn 0.2019 0.0402 -0.9786
vn 0.9232 -0.0000 0.3842
vn 0.2059 -0.0000 0.9786
vn 0.3811 -0.0000 0.9245
vn 0.9055 -0.1801 -0.3843
vn 0.9232 -0.0000 -0.3842
vn 0.2019 -0.0402 -0.9786
vn 0.2059 -0.0000 -0.9786
vn 0.9055 -0.1801 0.3843
vn 0.3738 -0.0744 0.9245
vn 0.2019 -0.0402 0.9786
vn 0.3521 -0.1458 -0.9245
vn 0.3738 -0.0743 -0.9245
vn 0.8529 -0.3533 0.3843
vn 0.3521 -0.1458 0.9245
vn 0.7676 -0.5129 -0.3843
vn 0.8529 -0.3533 -0.3843
vn 0.1712 -0.1144 -0.9786
vn 0.1902 -0.0788 -0.9786
vn 0.7676 -0.5129 0.3843
vn 0.1712 -0.1144 0.9786
vn 0.3169 -0.2117 0.9245
vn 0.6528 -0.6528 -0.3843
vn 0.3169 -0.2117 -0.9245
vn 0.1456 -0.1456 -0.9786
vn 0.6528 -0.6528 0.3843
vn 0.1456 -0.1456 0.9786
vn 0.2695 -0.2695 0.9245
vn 0.2695 -0.2695 -0.9245
vn 0.1144 -0.1712 -0.9786
vn 0.5129 -0.7676 0.3842
vn 0.1144 -0.1712 0.9786
vn 0.2117 -0.3169 0.9245
vn 0.5129 -0.7676 -0.3842
vn 0.1458 -0.3521 -0.9245
vn 0.2117 -0.3169 -0.9245
vn 0.3533 -0.8530 0.3842
vn 0.1458 -0.3521 0.9245
vn 0.0788 -0.1902 0.9786
vn 0.1801 -0.9055 -0.3842
vn 0.3533 -0.8530 -0.3842
vn 0.0402 -0.2019 -0.9786
vn 0.0788 -0.1902 -0.9786
vn 0.1801 -0.9055 0.3842
vn 0.0402 -0.2019 0.9786
vn 0.0744 -0.3738 0.9245
vn -0.0000 -0.9232 -0.3843
vn 0.0744 -0.3738 -0.9245
vn -0.0000 -0.2059 -0.9786
vn -0.0000 -0.9232 0.3843
vn -0.0000 -0.2059 0.9786
vn -0.0000 -0.3811 0.9245
vn -0.0744 -0.3738 -0.9245
vn -0.0000 -0.3811 -0.9245
vn -0.1801 -0.9055 0.3842
vn -0.0744 -0.3738 0.9245
vn -0.0402 -0.2019 0.9786
vn -0.3533 -0.8530 -0.3842
vn -0.1801 -0.9055 -0.3842
vn -0.1458 -0.3521 -0.9245
vn -0.0402 -0.2019 -0.9786
vn -0.3533 -0.8530 0.3842
vn -0.1458 -0.3521 0.9245
vn -0.5129 -0.7676 -0.3842
vn -0.1144 -0.1712 -0.9786
vn -0.0788 -0.1902 -0.9786
vn -0.5129 -0.7676 0.3842
vn -0.1144 -0.1712 0.9786
vn -0.2117 -0.3169 0.9245
vn -0.2117 -0.3169 -0.9245
vn -0.1456 -0.1456 -0.9786
vn -0.6528 -0.6528 0.3843
vn -0.2695 -0.2695 0.9245
vn -0.1456 -0.1456 0.9786
vn -0.7676 -0.5129 -0.3843
vn -0.6528 -0.6528 -0.3843
vn -0.3169 -0.2117 -0.9245
vn -0.2695 -0.2695 -0.9245
vn -0.7676 -0.5129 0.3843
vn -0.3169 -0.2117 0.9245
vn -0.1712 -0.1144 0.9786
vn -0.8530 -0.3533 -0.3843
vn -0.3521 -0.1458 -0.9245
vn -0.1712 -0.1144 -0.9786
vn -0.8529 -0.3533 0.3843
vn -0.3521 -0.1458 0.9245
vn -0.1902 -0.0788 0.9786
vn -0.9055 -0.1801 -0.3843
vn -0.2019 -0.0402 -0.9786
vn -0.1902 -0.0788 -0.9786
vn -0.9055 -0.1801 0.3843
vn -0.3738 -0.0743 0.9245
vn -0.2019 -0.0402 0.9786
vn -0.9232 -0.0000 -0.3843
vn -0.3738 -0.0744 -0.9245
vn -0.2059 -0.0000 -0.9786
vn -0.9232 -0.0000 0.3843
vn -0.3811 -0.0000 0.9245
vn -0.2059 -0.0000 0.9786
vn -0.9055 0.1801 -0.3843
vn -0.3738 0.0744 -0.9245
vn -0.3811 -0.0000 -0.9245
vn -0.9055 0.1801 0.3843
vn -0.3738 0.0744 0.9245
vn -0.2019 0.0402 0.9786
vn -0.3521 0.1458 -0.9245
vn -0.2019 0.0402 -0.9786
vn -0.8530 0.3533 0.3842
vn -0.3521 0.1458 0.9245
vn -0.1902 0.0788 0.9786
vn -0.8530 0.3533 -0.3843
vn -0.1712 0.1144 -0.9786
vn -0.1902 0.0788 -0.9786
vn -0.7676 0.5129 0.3843
vn -0.1712 0.1144 0.9786
vn -0.3169 0.2117 0.9245
vn -0.6528 0.6528 -0.3843
vn -0.7676 0.5129 -0.3843
vn -0.3169 0.2117 -0.9245
vn -0.1456 0.1456 -0.9786
vn -0.6528 0.6528 0.3843
vn -0.1456 0.1456 0.9786
vn -0.2695 0.2695 0.9245
vn -0.2117 0.3169 -0.9245
vn -0.2695 0.2695 -0.9245
vn -0.5129 0.7676 0.3842
vn -0.1144 0.1712 0.9786
vn -0.2117 0.3169 0.9245
vn -0.5129 0.7676 -0.3842
vn -0.1458 0.3521 -0.9245
vn -0.1144 0.1712 -0.9786
vn -0.3533 0.8530 0.3842
vn -0.1458 0.3521 0.9245
vn -0.0788 0.1902 0.9786
vn -0.1801 0.9055 -0.3842
vn -0.3533 0.8530 -0.3842
vn -0.0402 0.2019 -0.9786
vn -0.0788 0.1902 -0.9786
vn -0.1801 0.9055 0.3842
vn -0.0402 0.2019 0.9786
vn -0.0744 0.3738 0.9245
vn -0.0744 0.3738 -0.9245
vn -0.0000 0.3811 0.9245
vn 0.9429 0.1241 0.3090
vn 0.9511 -0.0000 0.3090
vn 0.5878 -0.0000 0.8090
vn 0.5827 0.0767 0.8090
vn -0.0000 -0.0000 1.0000
vn -0.5828 -0.0767 0.8090
vn -0.5878 -0.0000 0.8090
vn -0.9429 -0.1241 0.3090
vn -0.9511 -0.0000 0.3090
vn -0.9511 -0.0000 -0.3090
vn -0.9429 -0.1241 -0.3090
vn -0.5878 -0.0000 -0.8090
vn -0.5828 -0.0767 -0.8090
vn -0.0000 -0.0000 -1.0000
vn 0.5878 -0.0000 -0.8090
vn 0.5828 0.0767 -0.8090
vn 0.9511 -0.0000 -0.3090
vn 0.9429 0.1241 -0.3090
vn 0.9187 0.2461 0.3090
vn 0.5678 0.1521 0.8090
vn 0.5828 0.0767 0.8090
vn -0.5678 -0.1521 0.8090
vn -0.5827 -0.0767 0.8090
vn -0.9186 -0.2461 0.3090
vn -0.9187 -0.2461 -0.3090
vn -0.5827 -0.0767 -0.8090
vn -0.5678 -0.1521 -0.8090
vn 0.5827 0.0767 -0.8090
vn 0.5678 0.1521 -0.8090
vn 0.9187 0.2461 -0.3090
vn 0.8787 0.3639 0.3090
vn 0.9187 0.2462 0.3090
vn 0.5430 0.2249 0.8090
vn -0.5430 -0.2249 0.8090
vn -0.5677 -0.1521 0.8090
vn -0.8787 -0.3640 0.3090
vn -0.8787 -0.3640 -0.3090
vn -0.9186 -0.2462 -0.3090
vn -0.5430 -0.2249 -0.8090
vn 0.5430 0.2249 -0.8090
vn 0.9187 0.2462 -0.3090
vn 0.8787 0.3639 -0.3090
vn 0.8236 0.4755 0.3090
vn 0.8787 0.3640 0.3090
vn 0.5090 0.2939 0.8090
vn -0.5090 -0.2939 0.8090
vn -0.5431 -0.2249 0.8090
vn -0.8236 -0.4755 0.3090
vn -0.8236 -0.4755 -0.3090
vn -0.5090 -0.2939 -0.8090
vn 0.5090 0.2939 -0.8090
vn 0.8787 0.3640 -0.3090
vn 0.8236 0.4755 -0.3090
vn 0.7545 0.5790 0.3090
vn 0.4663 0.3578 0.8090
vn -0.4663 -0.3578 0.8090
vn -0.7545 -0.5790 0.3090
vn -0.7545 -0.5790 -0.3090
vn -0.4663 -0.3578 -0.8090
vn 0.4663 0.3578 -0.8090
vn 0.7545 0.5790 -0.3090
vn 0.6725 0.6725 0.3090
vn 0.4156 0.4156 0.8090
vn -0.4156 -0.4156 0.8090
vn -0.6725 -0.6725 0.3090
vn -0.6725 -0.6725 -0.3090
vn -0.4156 -0.4156 -0.8090
vn 0.4156 0.4156 -0.8090
vn 0.6725 0.6725 -0.3090
vn 0.5790 0.7545 0.3090
vn 0.3578 0.4663 0.8090
vn -0.3578 -0.4663 0.8090
vn -0.5790 -0.7545 0.3090
vn -0.5789 -0.7545 -0.3090
vn -0.3578 -0.4663 -0.8090
vn 0.3578 0.4663 -0.8090
vn 0.5790 0.7545 -0.3090
vn 0.4756 0.8236 0.3090
vn 0.2939 0.5090 0.8090
vn -0.2939 -0.5090 0.8090
vn -0.4755 -0.8236 0.3090
vn -0.5790 -0.7545 -0.3090
vn -0.4756 -0.8236 -0.3090
vn -0.2939 -0.5090 -0.8090
vn 0.2939 0.5090 -0.8090
vn 0.4756 0.8236 -0.3090
vn 0.3639 0.8787 0.3090
vn 0.4755 0.8236 0.3090
vn 0.2249 0.5430 0.8090
vn -0.2249 -0.5430 0.8090
vn -0.3640 -0.8786 0.3090
vn -0.4755 -0.8236 -0.3090
vn -0.3640 -0.8787 -0.3090
vn -0.2249 -0.5430 -0.8090
vn 0.2249 0.5430 -0.8090
vn 0.4755 0.8236 -0.3090
vn 0.3640 0.8787 -0.3090
vn 0.2462 0.9187 0.3090
vn 0.1521 0.5678 0.8090
vn -0.1521 -0.5678 0.8090
vn -0.2250 -0.5430 0.8090
vn -0.2462 -0.9186 0.3090
vn -0.3639 -0.8787 0.3090
vn -0.2462 -0.9186 -0.3090
vn -0.3639 -0.8787 -0.3090
vn -0.1521 -0.5678 -0.8090
vn -0.2250 -0.5430 -0.8090
vn 0.1521 0.5678 -0.8090
vn 0.2461 0.9187 -0.3090
vn 0.3639 0.8787 -0.3090
vn 0.1241 0.9429 0.3090
vn 0.0767 0.5828 0.8090
vn -0.0767 -0.5828 0.8090
vn -0.1241 -0.9429 0.3090
vn -0.2461 -0.9187 0.3090
vn -0.1241 -0.9429 -0.3090
vn -0.0767 -0.5828 -0.8090
vn 0.0767 0.5828 -0.8090
vn 0.1241 0.9429 -0.3090
vn -0.0000 0.9511 0.3090
vn -0.0000 0.5878 0.8090
vn -0.0000 -0.5878 0.8090
vn -0.0000 -0.9511 0.3090
vn -0.0000 -0.9511 -0.3090
vn -0.0000 -0.5878 -0.8090
vn -0.0000 0.5878 -0.8090
vn -0.0000 0.9511 -0.3090
vn -0.1241 0.9429 0.3090
vn -0.0767 0.5828 0.8090
vn 0.0767 -0.5828 0.8090
vn 0.1241 -0.9429 0.3090
vn 0.1241 -0.9429 -0.3090
vn 0.0767 -0.5828 -0.8090
vn -0.0767 0.5828 -0.8090
vn -0.1241 0.9429 -0.3090
vn -0.2461 0.9187 0.3090
vn -0.1521 0.5678 0.8090
vn 0.1521 -0.5678 0.8090
vn 0.2461 -0.9187 0.3090
vn 0.2461 -0.9187 -0.3090
vn 0.1521 -0.5678 -0.8090
vn -0.1521 0.5678 -0.8090
vn -0.2461 0.9187 -0.3090
vn -0.3640 0.8787 0.3090
vn -0.2249 0.5430 0.8090
vn 0.2249 -0.5430 0.8090
vn 0.2462 -0.9186 0.3090
vn 0.3639 -0.8787 0.3090
vn 0.3639 -0.8787 -0.3090
vn 0.2462 -0.9186 -0.3090
vn 0.2249 -0.5430 -0.8090
vn -0.2249 0.5430 -0.8090
vn -0.2462 0.9186 -0.3090
vn -0.3640 0.8787 -0.3090
vn -0.4755 0.8236 0.3090
vn -0.2939 0.5090 0.8090
vn 0.2939 -0.5090 0.8090
vn 0.2250 -0.5430 0.8090
vn 0.3640 -0.8786 0.3090
vn 0.4755 -0.8236 0.3090
vn 0.4755 -0.8236 -0.3090
vn 0.3640 -0.8786 -0.3090
vn 0.2939 -0.5090 -0.8090
vn 0.2250 -0.5430 -0.8090
vn -0.2939 0.5090 -0.8090
vn -0.4755 0.8236 -0.3090
vn -0.5790 0.7545 0.3090
vn -0.3578 0.4663 0.8090
vn 0.3578 -0.4663 0.8090
vn 0.5790 -0.7545 0.3090
vn 0.5790 -0.7545 -0.3090
vn 0.3578 -0.4663 -0.8090
vn -0.3578 0.4663 -0.8090
vn -0.5790 0.7545 -0.3090
vn -0.6725 0.6725 0.3090
vn -0.4156 0.4156 0.8090
vn 0.4156 -0.4156 0.8090
vn 0.6725 -0.6725 0.3090
vn 0.6725 -0.6725 -0.3090
vn 0.4156 -0.4156 -0.8090
vn -0.4156 0.4156 -0.8090
vn -0.6725 0.6725 -0.3090
vn -0.7545 0.5790 0.3090
vn -0.4663 0.3578 0.8090
vn 0.4663 -0.3578 0.8090
vn 0.7545 -0.5790 0.3090
vn 0.7545 -0.5790 -0.3090
vn 0.4663 -0.3578 -0.8090
vn -0.4663 0.3578 -0.8090
vn -0.7545 0.5790 -0.3090
vn -0.8236 0.4755 0.3090
vn -0.5090 0.2939 0.8090
vn 0.5090 -0.2939 0.8090
vn 0.8236 -0.4755 0.3090
vn 0.8236 -0.4755 -0.3090
vn 0.5090 -0.2939 -0.8090
vn -0.5090 0.2939 -0.8090
vn -0.8236 0.4755 -0.3090
vn -0.8787 0.3639 0.3090
vn -0.5430 0.2249 0.8090
vn 0.5430 -0.2249 0.8090
vn 0.8787 -0.3640 0.3090
vn 0.8787 -0.3640 -0.3090
vn 0.5430 -0.2249 -0.8090
vn -0.5430 0.2249 -0.8090
vn -0.8787 0.3639 -0.3090
vn -0.9187 0.2461 0.3090
vn -0.5678 0.1521 0.8090
vn 0.5678 -0.1521 0.8090
vn 0.9186 -0.2462 0.3090
vn 0.9186 -0.2461 -0.3090
vn 0.5678 -0.1521 -0.8090
vn -0.5678 0.1521 -0.8090
vn -0.9187 0.2461 -0.3090
vn -0.9429 0.1241 0.3090
vn -0.9187 0.2462 0.3090
vn -0.5827 0.0767 0.8090
vn 0.5827 -0.0767 0.8090
vn 0.9429 -0.1241 0.3090
vn 0.9187 -0.2461 0.3090
vn 0.9429 -0.1241 -0.3090
vn 0.5827 -0.0767 -0.8090
vn -0.5827 0.0767 -0.8090
vn -0.9429 0.1241 -0.3090
vn -0.9187 0.2462 -0.3090
vn 0.5828 -0.0767 0.8090
vn 0.5828 -0.0767 -0.8090
vn -0.5828 0.0767 -0.8090
vn -0.9187 -0.2461 0.3090
vn 0.9186 0.2462 0.3090
vn 0.9186 0.2462 -0.3090
vn 0.5677 0.1521 0.8090
vn -0.8787 -0.3639 -0.3090
vn -0.9187 -0.2462 -0.3090
vn 0.5789 0.7545 -0.3090
vn -0.3640 -0.8787 0.3090
vn 0.3640 0.8786 0.3090
vn 0.3640 0.8786 -0.3090
vn 0.2250 0.5430 0.8090
vn 0.3640 0.8787 0.3090
vn 0.2462 0.9186 0.3090
vn 0.2462 0.9186 -0.3090
vn 0.2250 0.5430 -0.8090
vn -0.2462 -0.9187 -0.3090
vn -0.2462 -0.9187 0.3090
vn -0.2461 -0.9187 -0.3090
vn -0.1242 -0.9429 -0.3090
vn 0.2461 -0.9186 0.3090
vn -0.2462 0.9186 0.3090
vn 0.2461 -0.9186 -0.3090
vn 0.3640 -0.8787 0.3090
vn 0.3640 -0.8787 -0.3090
vn -0.2250 0.5430 -0.8090
vn 0.8787 -0.3639 0.3090
vn 0.9187 -0.2462 0.3090
vn -0.8787 0.3640 0.3090
vn -0.9186 0.2462 0.3090
vn -0.9186 0.2462 -0.3090
vn -0.8787 0.3640 -0.3090
vn 0.9187 -0.2462 -0.3090
vn 0.8787 -0.3639 -0.3090
vn -0.5828 0.0767 0.8090
vn -0.5677 0.1521 0.8090
vn -0.5677 0.1521 -0.8090
vn 0.9187 -0.2461 -0.3090
vn 0.8530 0.3533 0.3842
vn 0.9232 -0.0000 0.3843
vn 0.9232 -0.0000 -0.3843
vn 0.8530 -0.3533 -0.3842
vn 0.8530 -0.3533 0.3842
vn -0.8530 -0.3533 -0.3842
vn -0.8530 -0.3533 0.3842
vn -0.3738 -0.0743 -0.9245
vn -0.3738 -0.0744 0.9245
vn -0.3738 0.0743 0.9245
vn -0.3738 0.0743 -0.9245
vn -0.8530 0.3533 -0.3842
vn -0.9186 -0.2462 0.3090
vn -0.8787 -0.3639 0.3090
vn -0.4755 -0.8237 -0.3090
vn 0.2461 0.9187 0.3090
vn 0.1242 0.9429 0.3090
vn 0.1242 0.9429 -0.3090
vn 0.2462 0.9187 -0.3090
vn -0.3639 0.8787 0.3090
vn 0.4755 -0.8237 0.3090
vn -0.4756 0.8236 0.3090
vn 0.4756 -0.8236 0.3090
vn 0.9186 -0.2462 -0.3090
vn 0.9186 -0.2461 0.3090
vn 0.5677 0.1521 -0.8090
vn 0.5431 0.2249 -0.8090
vn -0.5789 0.7545 0.3090
vn -0.4756 0.8236 -0.3090
vn 0.8530 0.3533 -0.3843
vn 0.3738 0.0744 0.9245
vn 0.3738 0.0744 -0.9245
vn 0.3738 -0.0744 -0.9245
vn 0.3738 -0.0743 0.9245
vn -0.8529 -0.3533 -0.3843
vn -0.9232 -0.0000 0.3842
vn -0.9232 -0.0000 -0.3842
vn -0.8529 0.3533 0.3843
vn -0.9186 -0.2461 -0.3090
vn -0.4756 -0.8236 0.3090
vn 0.5789 -0.7545 -0.3090
vn 0.4756 -0.8236 -0.3090
vn -0.9187 -0.2462 0.3090
vn 0.5431 0.2249 0.8090
vn 0.5789 0.7545 0.3090
vn -0.3640 0.8786 0.3090
vn -0.3640 0.8786 -0.3090
vn -0.0000 1.0000 -0.0000
vn 0.9157 0.1340 -0.3789
vn 0.9922 -0.1100 -0.0588
vn 0.9157 -0.1340 -0.3789
vn 0.9922 0.1100 0.0588
vn 0.9157 -0.1340 0.3789
vn 0.9922 -0.1100 0.0588
vn 0.9157 0.1340 0.3789
vn 0.6474 0.2639 0.7150
vn -0.5483 0.5768 0.6055
vn -0.9157 -0.1340 0.3789
vn -0.6685 0.3258 0.6685
vn -0.9157 0.1340 0.3789
vn -0.9922 -0.1100 0.0588
vn -0.9922 0.1100 -0.0588
vn -0.9157 -0.1340 -0.3789
vn -0.9922 -0.1100 -0.0588
vn -0.9157 0.1340 -0.3789
vn -0.6474 0.2638 -0.7150
vn 0.5483 0.5768 -0.6055
vn 0.6685 0.3258 -0.6685
vn -0.1898 0.9757 -0.1096
vn -0.0000 0.9688 0.2479
vn 0.1898 0.9757 -0.1096
vn -0.0000 -0.9688 -0.2479
vn -0.0000 -0.8700 -0.4931
vn 0.0365 -0.9075 -0.4185
vn -0.0000 -0.1414 -0.9900
vn -0.1836 -0.3224 -0.9286
vn -0.0996 0.4303 -0.8972
vn 0.1836 -0.3224 -0.9286
vn 0.1184 0.3549 -0.9274
vn -0.0000 0.9688 -0.2479
vn -0.0000 0.8700 -0.4931
vn -0.0365 0.9075 -0.4185
vn -0.0000 0.1414 -0.9900
vn 0.1836 0.3224 -0.9286
vn 0.0888 0.5934 -0.8000
vn -0.1836 0.3224 -0.9286
vn -0.1037 0.5749 -0.8116
vn 0.2480 -0.9688 -0.0000
vn 0.4931 -0.8699 -0.0000
vn 0.4185 -0.9075 0.0365
vn 0.9899 -0.1414 -0.0000
vn 0.9286 -0.3224 -0.1836
vn 0.9286 -0.3224 0.1836
vn 0.2479 0.9688 -0.0000
vn 0.4930 0.8700 -0.0000
vn 0.4184 0.9075 -0.0365
vn 0.9899 0.1414 -0.0000
vn 0.9286 0.3224 0.1836
vn 0.9286 0.3224 -0.1836
vn 0.9922 0.1100 -0.0588
vn -0.0000 -0.9688 0.2480
vn -0.0000 -0.8700 0.4931
vn -0.0366 -0.9075 0.4185
vn -0.0000 -0.1414 0.9899
vn 0.1836 -0.3224 0.9286
vn 0.0996 0.4302 0.8972
vn -0.1836 -0.3224 0.9286
vn -0.1184 0.3549 0.9274
vn -0.0000 0.8700 0.4931
vn 0.0365 0.9075 0.4185
vn -0.0000 0.1414 0.9900
vn -0.1836 0.3224 0.9286
vn -0.0888 0.5934 0.8000
vn 0.1836 0.3224 0.9286
vn 0.1037 0.5749 0.8116
vn -0.2480 -0.9688 -0.0000
vn -0.4931 -0.8700 -0.0000
vn -0.4185 -0.9075 -0.0365
vn -0.9899 -0.1414 -0.0000
vn -0.9286 -0.3224 0.1836
vn -0.9286 -0.3224 -0.1836
vn -0.2479 0.9688 -0.0000
vn -0.4930 0.8701 -0.0000
vn -0.4184 0.9075 0.0365
vn -0.9899 0.1414 -0.0000
vn -0.9286 0.3224 -0.1836
vn -0.9286 0.3224 0.1836
vn -0.9922 0.1100 0.0588
vn 0.4596 -0.3941 -0.7959
vn 0.1096 -0.9757 -0.1898
vn 0.4595 0.3941 -0.7959
vn 0.0365 0.9075 -0.4185
vn 0.1096 0.9757 -0.1898
vn 0.1857 0.9284 -0.3217
vn 0.1857 -0.9284 -0.3217
vn 0.1898 -0.9757 -0.1096
vn 0.7959 0.3941 -0.4595
vn 0.3216 0.9285 -0.1857
vn 0.7959 -0.3941 -0.4595
vn 0.4185 -0.9075 -0.0365
vn 0.3217 -0.9284 -0.1857
vn 0.7959 -0.3941 0.4595
vn 0.1897 -0.9757 0.1096
vn 0.7959 0.3941 0.4595
vn 0.4184 0.9075 0.0365
vn 0.1898 0.9757 0.1096
vn 0.3216 0.9285 0.1857
vn 0.4595 -0.3941 0.7959
vn 0.3217 -0.9284 0.1857
vn 0.1096 -0.9757 0.1898
vn 0.4595 0.3941 0.7959
vn 0.5715 0.5888 0.5715
vn 0.1096 0.9757 0.1898
vn 0.1857 0.9285 0.3217
vn 0.0365 -0.9075 0.4185
vn 0.1857 -0.9284 0.3217
vn -0.4595 -0.3941 0.7959
vn -0.1096 -0.9757 0.1898
vn -0.4595 0.3941 0.7959
vn -0.0365 0.9075 0.4185
vn -0.1096 0.9757 0.1898
vn -0.1857 0.9284 0.3217
vn -0.1858 -0.9284 0.3217
vn -0.1898 -0.9757 0.1096
vn -0.7959 0.3941 0.4595
vn -0.1898 0.9757 0.1096
vn -0.3216 0.9285 0.1857
vn -0.7959 -0.3941 0.4595
vn -0.4185 -0.9075 0.0365
vn -0.3217 -0.9284 0.1857
vn -0.7959 -0.3941 -0.4595
vn -0.1897 -0.9757 -0.1096
vn -0.7959 0.3941 -0.4595
vn -0.4184 0.9075 -0.0365
vn -0.3216 0.9285 -0.1857
vn -0.4596 -0.3941 -0.7959
vn -0.1857 -0.9285 -0.3217
vn -0.3217 -0.9284 -0.1857
vn -0.4595 0.3941 -0.7959
vn -0.5715 0.5888 -0.5715
vn -0.1857 0.9284 -0.3217
vn -0.1096 0.9757 -0.1898
vn -0.0365 -0.9075 -0.4185
vn -0.1096 -0.9757 -0.1898
vn -0.0000 -0.7548 -0.6560
vn 0.0368 -0.8756 -0.4816
vn -0.0000 -0.8745 -0.4850
vn 0.0766 -0.0928 -0.9927
vn -0.0000 -0.0923 -0.9957
vn -0.0000 0.6278 -0.7783
vn 0.0501 0.7566 -0.6520
vn 0.0596 0.6300 -0.7743
vn 0.0195 -0.9654 -0.2602
vn -0.0000 -0.9650 -0.2622
vn 0.0756 -0.1878 -0.9793
vn -0.0000 -0.1868 -0.9824
vn -0.0000 0.5054 -0.8629
vn 0.0662 0.5075 -0.8591
vn -0.0000 -1.0000 -0.0000
vn 0.0737 -0.2873 -0.9550
vn -0.0000 -0.2858 -0.9583
vn -0.0000 0.3914 -0.9202
vn 0.0707 0.3933 -0.9167
vn 0.0707 -0.3933 -0.9167
vn -0.0000 -0.3914 -0.9202
vn -0.0000 0.2858 -0.9583
vn 0.0737 0.2873 -0.9550
vn 0.0662 -0.5075 -0.8591
vn -0.0000 -0.5054 -0.8629
vn -0.0000 0.1868 -0.9824
vn 0.0756 0.1878 -0.9793
vn -0.0000 0.9650 -0.2622
vn 0.0195 0.9654 -0.2602
vn 0.0596 -0.6300 -0.7743
vn -0.0000 -0.6278 -0.7783
vn -0.0000 0.0923 -0.9957
vn 0.0766 0.0928 -0.9927
vn -0.0000 0.8745 -0.4850
vn 0.0368 0.8756 -0.4816
vn 0.0501 -0.7566 -0.6520
vn 0.0770 -0.0000 -0.9970
vn -0.0000 0.7548 -0.6560
vn 0.1484 -0.2918 -0.9449
vn 0.1330 0.5139 -0.8475
vn 0.1422 0.3990 -0.9059
vn 0.1422 -0.3990 -0.9059
vn 0.1484 0.2918 -0.9449
vn 0.1330 -0.5139 -0.8475
vn 0.1523 0.1909 -0.9697
vn 0.0389 0.9664 -0.2542
vn 0.1195 -0.6363 -0.7621
vn 0.1545 0.0944 -0.9835
vn 0.0733 0.8789 -0.4713
vn 0.1000 -0.7619 -0.6399
vn 0.1552 -0.0000 -0.9879
vn 0.1000 0.7619 -0.6399
vn 0.0733 -0.8789 -0.4713
vn 0.1545 -0.0944 -0.9835
vn 0.1194 0.6363 -0.7621
vn 0.0389 -0.9664 -0.2542
vn 0.1523 -0.1909 -0.9697
vn 0.2314 0.1962 -0.9529
vn 0.2349 0.0971 -0.9672
vn 0.0578 0.9680 -0.2443
vn 0.1091 0.8842 -0.4542
vn 0.1496 -0.7706 -0.6195
vn 0.2361 -0.0000 -0.9717
vn 0.1497 0.7706 -0.6195
vn 0.1092 -0.8842 -0.4542
vn 0.2349 -0.0971 -0.9672
vn 0.1795 0.6469 -0.7412
vn 0.0578 -0.9680 -0.2443
vn 0.2314 -0.1962 -0.9529
vn 0.2007 0.5246 -0.8274
vn 0.2251 -0.2994 -0.9272
vn 0.2153 0.4085 -0.8870
vn 0.2153 -0.4085 -0.8870
vn 0.2252 0.2994 -0.9272
vn 0.2007 -0.5246 -0.8274
vn 0.1796 -0.6469 -0.7412
vn 0.2399 0.6614 -0.7107
vn 0.2697 0.5395 -0.7976
vn 0.0762 -0.9701 -0.2304
vn 0.3048 -0.3103 -0.9004
vn 0.2906 0.4220 -0.8588
vn 0.2906 -0.4220 -0.8588
vn 0.3049 0.3103 -0.9004
vn 0.2697 -0.5395 -0.7976
vn 0.3140 0.2038 -0.9273
vn 0.0761 0.9701 -0.2304
vn 0.2399 -0.6614 -0.7107
vn 0.3192 0.1009 -0.9423
vn 0.1440 0.8913 -0.4300
vn 0.1987 -0.7824 -0.5902
vn 0.3208 -0.0000 -0.9471
vn 0.1987 0.7824 -0.5902
vn 0.1440 -0.8913 -0.4300
vn 0.3192 -0.1009 -0.9423
vn 0.3140 -0.2038 -0.9273
vn 0.0935 0.9726 -0.2127
vn 0.3003 -0.6795 -0.6694
vn 0.4011 0.2138 -0.8907
vn 0.4083 0.1061 -0.9067
vn 0.1774 0.8997 -0.3987
vn 0.2467 -0.7969 -0.5515
vn 0.4107 -0.0000 -0.9118
vn 0.2467 0.7969 -0.5515
vn 0.1774 -0.8997 -0.3987
vn 0.4083 -0.1061 -0.9067
vn 0.3003 0.6795 -0.6694
vn 0.0935 -0.9726 -0.2127
vn 0.4011 -0.2138 -0.8907
vn 0.3400 0.5585 -0.7566
vn 0.3882 -0.3246 -0.8625
vn 0.3685 0.4395 -0.8192
vn 0.3685 -0.4395 -0.8192
vn 0.3882 0.3246 -0.8625
vn 0.3400 -0.5585 -0.7566
vn 0.1095 -0.9754 -0.1913
vn 0.4932 -0.2263 -0.8400
vn 0.3600 0.7007 -0.6159
vn 0.4112 0.5812 -0.7022
vn 0.4756 -0.3422 -0.8104
vn 0.4489 0.4608 -0.7656
vn 0.4489 -0.4608 -0.7656
vn 0.4756 0.3422 -0.8104
vn 0.4112 -0.5812 -0.7022
vn 0.4932 0.2263 -0.8400
vn 0.1095 0.9754 -0.1913
vn 0.3600 -0.7007 -0.6159
vn 0.5032 0.1125 -0.8568
vn 0.2088 0.9092 -0.3603
vn 0.2929 -0.8133 -0.5027
vn 0.5064 -0.0000 -0.8623
vn 0.2929 0.8133 -0.5027
vn 0.2088 -0.9092 -0.3603
vn 0.5032 -0.1125 -0.8568
vn 0.4822 -0.6069 -0.6318
vn 0.5662 0.3630 -0.7400
vn 0.5900 0.2412 -0.7705
vn 0.1241 0.9782 -0.1663
vn 0.4179 -0.7240 -0.5487
vn 0.6037 0.1203 -0.7881
vn 0.2376 0.9190 -0.3147
vn 0.3365 -0.8309 -0.4432
vn 0.6081 -0.0000 -0.7938
vn 0.3365 0.8309 -0.4432
vn 0.2376 -0.9190 -0.3147
vn 0.6037 -0.1203 -0.7881
vn 0.4180 0.7240 -0.5487
vn 0.1240 -0.9783 -0.1663
vn 0.5900 -0.2412 -0.7705
vn 0.4822 0.6069 -0.6318
vn 0.5662 -0.3630 -0.7400
vn 0.5310 0.4854 -0.6946
vn 0.5310 -0.4854 -0.6946
vn 0.7077 -0.1291 -0.6946
vn 0.3759 0.8484 -0.3728
vn 0.4721 0.7480 -0.4665
vn 0.1367 -0.9810 -0.1379
vn 0.6894 -0.2580 -0.6769
vn 0.5507 0.6341 -0.5428
vn 0.6579 -0.3861 -0.6466
vn 0.6122 0.5123 -0.6024
vn 0.6122 -0.5123 -0.6023
vn 0.6579 0.3861 -0.6466
vn 0.5507 -0.6341 -0.5428
vn 0.6894 0.2580 -0.6769
vn 0.1367 0.9810 -0.1379
vn 0.4721 -0.7480 -0.4665
vn 0.7077 0.1291 -0.6946
vn 0.2631 0.9285 -0.2622
vn 0.3759 -0.8484 -0.3728
vn 0.7138 -0.0000 -0.7004
vn 0.2631 -0.9285 -0.2622
vn 0.6882 0.5391 -0.4856
vn 0.7457 0.4098 -0.5254
vn 0.6130 -0.6606 -0.4335
vn 0.7861 0.2755 -0.5533
vn 0.1472 0.9833 -0.1066
vn 0.5199 -0.7705 -0.3687
vn 0.8101 0.1384 -0.5698
vn 0.2843 0.9369 -0.2034
vn 0.4097 -0.8644 -0.2916
vn 0.8180 -0.0000 -0.5752
vn 0.4097 0.8644 -0.2916
vn 0.2843 -0.9369 -0.2034
vn 0.8101 -0.1384 -0.5698
vn 0.5199 0.7705 -0.3687
vn 0.1472 -0.9833 -0.1066
vn 0.7861 -0.2755 -0.5533
vn 0.6130 0.6606 -0.4335
vn 0.7457 -0.4098 -0.5254
vn 0.6882 -0.5391 -0.4856
vn 0.3004 0.9436 -0.1391
vn 0.4359 0.8773 -0.2007
vn 0.3004 -0.9436 -0.1391
vn 0.9005 -0.1470 -0.4093
vn 0.5580 0.7894 -0.2560
vn 0.1551 -0.9852 -0.0727
vn 0.8707 -0.2916 -0.3961
vn 0.6640 0.6833 -0.3037
vn 0.8211 -0.4311 -0.3740
vn 0.7521 0.5627 -0.3432
vn 0.7521 -0.5627 -0.3432
vn 0.8211 0.4311 -0.3740
vn 0.6640 -0.6833 -0.3037
vn 0.8707 0.2916 -0.3961
vn 0.1552 0.9852 -0.0727
vn 0.5580 -0.7894 -0.2560
vn 0.9005 0.1470 -0.4093
vn 0.4359 -0.8773 -0.2007
vn 0.9104 -0.0000 -0.4137
vn 0.7955 -0.5792 -0.1783
vn 0.7955 0.5792 -0.1783
vn 0.8733 0.4462 -0.1954
vn 0.6979 -0.6988 -0.1568
vn 0.9300 0.3031 -0.2077
vn 0.1601 0.9864 -0.0369
vn 0.5828 -0.8019 -0.1314
vn 0.9645 0.1533 -0.2152
vn 0.3106 0.9479 -0.0707
vn 0.4526 -0.8858 -0.1024
vn 0.9760 -0.0000 -0.2177
vn 0.4526 0.8858 -0.1024
vn 0.3106 -0.9479 -0.0707
vn 0.9645 -0.1533 -0.2152
vn 0.5828 0.8019 -0.1314
vn 0.1601 -0.9864 -0.0369
vn 0.9300 -0.3031 -0.2077
vn 0.6979 0.6988 -0.1568
vn 0.8733 -0.4462 -0.1954
vn 0.9878 0.1556 -0.0000
vn 1.0000 -0.0000 -0.0000
vn 0.3141 0.9494 -0.0000
vn 0.4584 0.8887 -0.0000
vn 0.3141 -0.9494 -0.0000
vn 0.9878 -0.1556 -0.0000
vn 0.5914 0.8064 -0.0000
vn 0.1619 -0.9868 -0.0000
vn 0.9516 -0.3074 -0.0000
vn 0.7099 0.7043 -0.0000
vn 0.8921 -0.4518 -0.0000
vn 0.8109 0.5851 -0.0000
vn 0.8109 -0.5851 -0.0000
vn 0.8921 0.4518 -0.0000
vn 0.7099 -0.7043 -0.0000
vn 0.9516 0.3074 -0.0000
vn 0.1619 0.9868 -0.0000
vn 0.5914 -0.8064 -0.0000
vn 0.4584 -0.8887 -0.0000
vn 0.7955 0.5792 0.1783
vn 0.8733 -0.4462 0.1954
vn 0.7955 -0.5792 0.1783
vn 0.8733 0.4462 0.1954
vn 0.6979 -0.6988 0.1568
vn 0.9300 0.3031 0.2077
vn 0.1602 0.9864 0.0369
vn 0.5828 -0.8019 0.1314
vn 0.9645 0.1533 0.2152
vn 0.3106 0.9479 0.0707
vn 0.4526 -0.8858 0.1024
vn 0.9760 -0.0000 0.2177
vn 0.4526 0.8858 0.1024
vn 0.3106 -0.9479 0.0707
vn 0.9645 -0.1533 0.2152
vn 0.5828 0.8019 0.1314
vn 0.1601 -0.9864 0.0369
vn 0.9300 -0.3031 0.2077
vn 0.6979 0.6988 0.1568
vn 0.3004 0.9436 0.1391
vn 0.5580 -0.7894 0.2560
vn 0.4359 -0.8773 0.2007
vn 0.9104 -0.0000 0.4137
vn 0.4359 0.8773 0.2007
vn 0.3004 -0.9436 0.1391
vn 0.9005 -0.1470 0.4093
vn 0.5580 0.7894 0.2560
vn 0.1551 -0.9852 0.0727
vn 0.8707 -0.2916 0.3961
vn 0.6640 0.6833 0.3037
vn 0.8211 -0.4311 0.3740
vn 0.7521 0.5627 0.3432
vn 0.7521 -0.5627 0.3432
vn 0.8211 0.4311 0.3740
vn 0.6640 -0.6833 0.3037
vn 0.8707 0.2916 0.3961
vn 0.1552 0.9852 0.0727
vn 0.9005 0.1470 0.4093
vn 0.1472 -0.9834 0.1066
vn 0.7861 -0.2755 0.5533
vn 0.7457 -0.4098 0.5254
vn 0.6882 0.5391 0.4856
vn 0.6882 -0.5391 0.4856
vn 0.7457 0.4098 0.5254
vn 0.6130 -0.6606 0.4335
vn 0.7861 0.2755 0.5533
vn 0.1472 0.9833 0.1066
vn 0.5200 -0.7705 0.3687
vn 0.8101 0.1384 0.5698
vn 0.2843 0.9369 0.2034
vn 0.4097 -0.8644 0.2916
vn 0.8180 -0.0000 0.5752
vn 0.4097 0.8644 0.2916
vn 0.2843 -0.9369 0.2034
vn 0.8100 -0.1384 0.5698
vn 0.5200 0.7705 0.3687
vn 0.6130 0.6606 0.4335
vn 0.5507 -0.6341 0.5428
vn 0.4721 -0.7480 0.4665
vn 0.7077 0.1291 0.6946
vn 0.2631 0.9285 0.2622
vn 0.3759 -0.8484 0.3728
vn 0.7138 -0.0000 0.7004
vn 0.3759 0.8484 0.3728
vn 0.2631 -0.9285 0.2622
vn 0.7077 -0.1291 0.6946
vn 0.4721 0.7480 0.4665
vn 0.1367 -0.9810 0.1379
vn 0.6894 -0.2580 0.6769
vn 0.5507 0.6341 0.5428
vn 0.6579 -0.3861 0.6466
vn 0.6122 0.5122 0.6023
vn 0.6122 -0.5123 0.6024
vn 0.6579 0.3861 0.6466
vn 0.6894 0.2580 0.6769
vn 0.1367 0.9810 0.1379
vn 0.6037 -0.1203 0.7881
vn 0.5900 -0.2412 0.7705
vn 0.4822 0.6069 0.6318
vn 0.1240 -0.9783 0.1663
vn 0.5662 -0.3630 0.7400
vn 0.5310 0.4854 0.6946
vn 0.5310 -0.4854 0.6946
vn 0.5662 0.3630 0.7400
vn 0.4822 -0.6069 0.6318
vn 0.5900 0.2412 0.7705
vn 0.1241 0.9782 0.1663
vn 0.4179 -0.7240 0.5488
vn 0.6036 0.1203 0.7881
vn 0.2376 0.9190 0.3147
vn 0.3364 -0.8309 0.4432
vn 0.6081 -0.0000 0.7938
vn 0.3364 0.8309 0.4432
vn 0.2376 -0.9190 0.3147
vn 0.4179 0.7240 0.5487
vn 0.4932 0.2263 0.8400
vn 0.1095 0.9754 0.1913
vn 0.4112 -0.5812 0.7022
vn 0.3600 -0.7007 0.6159
vn 0.5032 0.1125 0.8568
vn 0.2088 0.9092 0.3603
vn 0.2929 -0.8133 0.5027
vn 0.5064 -0.0000 0.8623
vn 0.2929 0.8133 0.5027
vn 0.2088 -0.9092 0.3603
vn 0.5032 -0.1125 0.8568
vn 0.3600 0.7007 0.6159
vn 0.1095 -0.9754 0.1913
vn 0.4932 -0.2263 0.8400
vn 0.4112 0.5812 0.7022
vn 0.4756 -0.3422 0.8104
vn 0.4489 0.4608 0.7656
vn 0.4489 -0.4608 0.7656
vn 0.4756 0.3422 0.8104
vn 0.3003 0.6795 0.6694
vn 0.1774 -0.8997 0.3987
vn 0.0935 -0.9726 0.2127
vn 0.4083 -0.1061 0.9067
vn 0.4011 -0.2138 0.8907
vn 0.3400 0.5585 0.7566
vn 0.3882 -0.3246 0.8625
vn 0.3685 0.4395 0.8192
vn 0.3685 -0.4395 0.8192
vn 0.3882 0.3246 0.8625
vn 0.3400 -0.5585 0.7566
vn 0.4011 0.2138 0.8907
vn 0.0935 0.9726 0.2127
vn 0.3003 -0.6795 0.6694
vn 0.4083 0.1061 0.9067
vn 0.1774 0.8997 0.3987
vn 0.2467 -0.7969 0.5515
vn 0.4107 -0.0000 0.9118
vn 0.2467 0.7969 0.5515
vn 0.2906 -0.4220 0.8588
vn 0.2697 -0.5395 0.7976
vn 0.3140 0.2038 0.9273
vn 0.0762 0.9701 0.2304
vn 0.2399 -0.6614 0.7107
vn 0.3192 0.1009 0.9423
vn 0.1440 0.8913 0.4300
vn 0.1987 -0.7824 0.5902
vn 0.3208 -0.0000 0.9471
vn 0.1987 0.7824 0.5902
vn 0.1440 -0.8913 0.4300
vn 0.3192 -0.1009 0.9423
vn 0.2399 0.6614 0.7107
vn 0.0762 -0.9701 0.2304
vn 0.3140 -0.2038 0.9273
vn 0.2697 0.5395 0.7976
vn 0.3048 -0.3103 0.9004
vn 0.2906 0.4220 0.8588
vn 0.3049 0.3103 0.9004
vn 0.2361 -0.0000 0.9717
vn 0.2349 -0.0971 0.9672
vn 0.1795 0.6469 0.7412
vn 0.1092 -0.8842 0.4542
vn 0.0578 -0.9680 0.2443
vn 0.2314 -0.1962 0.9529
vn 0.2007 0.5246 0.8274
vn 0.2252 -0.2994 0.9272
vn 0.2153 0.4085 0.8870
vn 0.2153 -0.4085 0.8870
vn 0.2252 0.2994 0.9272
vn 0.2007 -0.5246 0.8274
vn 0.2314 0.1962 0.9529
vn 0.0579 0.9680 0.2443
vn 0.1796 -0.6469 0.7412
vn 0.2349 0.0971 0.9672
vn 0.1091 0.8842 0.4542
vn 0.1497 -0.7706 0.6195
vn 0.1496 0.7706 0.6195
vn 0.1484 0.2918 0.9449
vn 0.1422 -0.3990 0.9059
vn 0.1330 -0.5139 0.8475
vn 0.1523 0.1909 0.9697
vn 0.0390 0.9664 0.2542
vn 0.1195 -0.6363 0.7621
vn 0.1545 0.0944 0.9835
vn 0.0733 0.8789 0.4713
vn 0.1000 -0.7619 0.6399
vn 0.1552 -0.0000 0.9879
vn 0.1000 0.7619 0.6399
vn 0.0733 -0.8789 0.4713
vn 0.1545 -0.0944 0.9835
vn 0.1194 0.6363 0.7621
vn 0.0389 -0.9664 0.2542
vn 0.1523 -0.1909 0.9697
vn 0.1330 0.5139 0.8475
vn 0.1484 -0.2918 0.9449
vn 0.1422 0.3990 0.9059
vn 0.0501 0.7566 0.6520
vn 0.0501 -0.7566 0.6520
vn 0.0368 -0.8756 0.4816
vn 0.0770 -0.0000 0.9970
vn 0.0766 -0.0928 0.9927
vn 0.0596 0.6300 0.7743
vn 0.0195 -0.9654 0.2602
vn 0.0756 -0.1878 0.9793
vn 0.0662 0.5075 0.8591
vn 0.0737 -0.2873 0.9550
vn 0.0707 0.3933 0.9167
vn 0.0707 -0.3933 0.9167
vn 0.0737 0.2873 0.9550
vn 0.0662 -0.5075 0.8591
vn 0.0756 0.1878 0.9793
vn 0.0196 0.9654 0.2602
vn 0.0596 -0.6300 0.7743
vn 0.0766 0.0928 0.9927
vn 0.0368 0.8756 0.4816
vn -0.0000 -0.2858 0.9583
vn -0.0000 -0.3914 0.9202
vn -0.0000 0.2858 0.9583
vn -0.0000 -0.5054 0.8629
vn -0.0000 0.1868 0.9824
vn -0.0000 0.9650 0.2622
vn -0.0000 -0.6278 0.7783
vn -0.0000 0.0923 0.9957
vn -0.0000 0.8745 0.4850
vn -0.0000 -0.7548 0.6560
vn -0.0000 0.7548 0.6560
vn -0.0000 -0.8745 0.4850
vn -0.0000 -0.0923 0.9957
vn -0.0000 0.6278 0.7783
vn -0.0000 -0.9650 0.2622
vn -0.0000 -0.1868 0.9824
vn -0.0000 0.5054 0.8629
vn -0.0000 0.3914 0.9202
vn -0.0501 -0.7566 0.6520
vn -0.0766 0.0928 0.9927
vn -0.0770 -0.0000 0.9970
vn -0.0368 0.8756 0.4816
vn -0.0501 0.7566 0.6520
vn -0.0368 -0.8756 0.4816
vn -0.0766 -0.0928 0.9927
vn -0.0596 0.6300 0.7743
vn -0.0195 -0.9654 0.2602
vn -0.0756 -0.1878 0.9793
vn -0.0662 0.5076 0.8591
vn -0.0737 -0.2873 0.9550
vn -0.0707 0.3933 0.9167
vn -0.0707 -0.3933 0.9167
vn -0.0737 0.2873 0.9550
vn -0.0662 -0.5076 0.8591
vn -0.0756 0.1878 0.9793
vn -0.0195 0.9654 0.2602
vn -0.0596 -0.6300 0.7743
vn -0.1484 -0.2918 0.9449
vn -0.1330 0.5139 0.8475
vn -0.1422 0.3990 0.9059
vn -0.1422 -0.3990 0.9059
vn -0.1484 0.2918 0.9449
vn -0.1330 -0.5139 0.8475
vn -0.1523 0.1909 0.9697
vn -0.0389 0.9664 0.2542
vn -0.1195 -0.6363 0.7621
vn -0.1545 0.0944 0.9835
vn -0.0733 0.8789 0.4713
vn -0.1000 -0.7619 0.6399
vn -0.1552 -0.0000 0.9879
vn -0.1000 0.7619 0.6399
vn -0.0733 -0.8789 0.4713
vn -0.1545 -0.0944 0.9835
vn -0.1194 0.6363 0.7621
vn -0.0389 -0.9664 0.2542
vn -0.1523 -0.1909 0.9697
vn -0.2315 0.1962 0.9529
vn -0.2349 0.0971 0.9672
vn -0.0579 0.9680 0.2443
vn -0.1091 0.8842 0.4542
vn -0.1496 -0.7706 0.6195
vn -0.2361 -0.0000 0.9717
vn -0.1496 0.7706 0.6195
vn -0.1092 -0.8842 0.4542
vn -0.2349 -0.0971 0.9672
vn -0.1795 0.6469 0.7412
vn -0.0578 -0.9680 0.2443
vn -0.2314 -0.1962 0.9529
vn -0.2007 0.5246 0.8274
vn -0.2252 -0.2994 0.9272
vn -0.2153 0.4085 0.8870
vn -0.2153 -0.4085 0.8870
vn -0.2252 0.2994 0.9272
vn -0.2007 -0.5246 0.8274
vn -0.1795 -0.6469 0.7412
vn -0.2399 0.6614 0.7107
vn -0.2697 0.5395 0.7976
vn -0.0762 -0.9701 0.2304
vn -0.3049 -0.3103 0.9004
vn -0.2906 0.4220 0.8588
vn -0.2906 -0.4220 0.8588
vn -0.3048 0.3103 0.9004
vn -0.2697 -0.5395 0.7976
vn -0.3140 0.2038 0.9273
vn -0.0762 0.9701 0.2304
vn -0.2399 -0.6614 0.7107
vn -0.3192 0.1009 0.9423
vn -0.1440 0.8913 0.4300
vn -0.1987 -0.7824 0.5902
vn -0.3208 -0.0000 0.9471
vn -0.1987 0.7824 0.5902
vn -0.1440 -0.8913 0.4300
vn -0.3192 -0.1009 0.9423
vn -0.3140 -0.2038 0.9273
vn -0.0935 0.9726 0.2127
vn -0.3003 -0.6795 0.6694
vn -0.4011 0.2138 0.8907
vn -0.4083 0.1061 0.9067
vn -0.1774 0.8998 0.3987
vn -0.2467 -0.7969 0.5515
vn -0.4107 -0.0000 0.9118
vn -0.2467 0.7969 0.5515
vn -0.1774 -0.8998 0.3987
vn -0.4083 -0.1061 0.9067
vn -0.3003 0.6795 0.6694
vn -0.0935 -0.9726 0.2127
vn -0.4011 -0.2138 0.8907
vn -0.3400 0.5585 0.7566
vn -0.3882 -0.3246 0.8625
vn -0.3685 0.4395 0.8192
vn -0.3685 -0.4395 0.8192
vn -0.3882 0.3246 0.8625
vn -0.3400 -0.5585 0.7566
vn -0.4932 -0.2263 0.8400
vn -0.3600 0.7007 0.6159
vn -0.4112 0.5812 0.7022
vn -0.1095 -0.9754 0.1913
vn -0.4756 -0.3422 0.8104
vn -0.4489 0.4608 0.7656
vn -0.4489 -0.4608 0.7656
vn -0.4756 0.3422 0.8104
vn -0.4112 -0.5812 0.7022
vn -0.4932 0.2263 0.8400
vn -0.1095 0.9754 0.1913
vn -0.3600 -0.7007 0.6159
vn -0.5032 0.1125 0.8568
vn -0.2088 0.9092 0.3603
vn -0.2929 -0.8133 0.5027
vn -0.5064 -0.0000 0.8623
vn -0.2929 0.8133 0.5027
vn -0.2088 -0.9092 0.3603
vn -0.5032 -0.1125 0.8568
vn -0.5662 0.3630 0.7400
vn -0.5900 0.2412 0.7705
vn -0.1241 0.9782 0.1663
vn -0.4179 -0.7240 0.5487
vn -0.6036 0.1203 0.7881
vn -0.2376 0.9190 0.3147
vn -0.3364 -0.8309 0.4432
vn -0.6081 -0.0000 0.7939
vn -0.3364 0.8309 0.4432
vn -0.2376 -0.9190 0.3147
vn -0.6037 -0.1203 0.7881
vn -0.4179 0.7240 0.5487
vn -0.1240 -0.9783 0.1663
vn -0.5900 -0.2412 0.7705
vn -0.4822 0.6069 0.6318
vn -0.5662 -0.3630 0.7400
vn -0.5310 0.4854 0.6946
vn -0.5310 -0.4854 0.6946
vn -0.4822 -0.6069 0.6318
vn -0.3759 0.8484 0.3728
vn -0.4721 0.7480 0.4665
vn -0.1367 -0.9810 0.1380
vn -0.6894 -0.2580 0.6769
vn -0.5507 0.6341 0.5428
vn -0.6579 -0.3861 0.6466
vn -0.6122 0.5122 0.6024
vn -0.6122 -0.5123 0.6024
vn -0.6579 0.3861 0.6466
vn -0.5507 -0.6341 0.5428
vn -0.6894 0.2580 0.6769
vn -0.1367 0.9810 0.1380
vn -0.4721 -0.7480 0.4665
vn -0.7077 0.1291 0.6946
vn -0.2631 0.9285 0.2622
vn -0.3759 -0.8484 0.3728
vn -0.7138 -0.0000 0.7004
vn -0.2631 -0.9285 0.2622
vn -0.7077 -0.1291 0.6946
vn -0.6130 -0.6606 0.4335
vn -0.7457 0.4098 0.5254
vn -0.7861 0.2755 0.5533
vn -0.1472 0.9833 0.1066
vn -0.5200 -0.7705 0.3687
vn -0.8101 0.1384 0.5698
vn -0.2843 0.9369 0.2034
vn -0.4097 -0.8643 0.2916
vn -0.8180 -0.0000 0.5752
vn -0.4097 0.8644 0.2916
vn -0.2843 -0.9369 0.2034
vn -0.8101 -0.1384 0.5698
vn -0.5200 0.7705 0.3687
vn -0.1472 -0.9833 0.1066
vn -0.7861 -0.2755 0.5533
vn -0.6130 0.6606 0.4335
vn -0.7457 -0.4098 0.5254
vn -0.6882 0.5391 0.4856
vn -0.6882 -0.5391 0.4856
vn -0.3005 -0.9436 0.1391
vn -0.9005 -0.1470 0.4093
vn -0.4359 0.8773 0.2007
vn -0.5580 0.7894 0.2560
vn -0.1551 -0.9852 0.0727
vn -0.8707 -0.2916 0.3961
vn -0.6640 0.6833 0.3037
vn -0.8211 -0.4311 0.3740
vn -0.7521 0.5627 0.3432
vn -0.7521 -0.5627 0.3432
vn -0.8211 0.4311 0.3740
vn -0.6640 -0.6833 0.3037
vn -0.8707 0.2916 0.3961
vn -0.1552 0.9852 0.0727
vn -0.5580 -0.7894 0.2560
vn -0.9005 0.1470 0.4093
vn -0.3004 0.9436 0.1391
vn -0.4359 -0.8773 0.2007
vn -0.9104 -0.0000 0.4137
vn -0.7955 -0.5792 0.1783
vn -0.7955 0.5792 0.1783
vn -0.8733 0.4462 0.1954
vn -0.6979 -0.6988 0.1568
vn -0.9300 0.3031 0.2077
vn -0.1601 0.9864 0.0369
vn -0.5828 -0.8019 0.1314
vn -0.9645 0.1533 0.2152
vn -0.3106 0.9479 0.0707
vn -0.4526 -0.8858 0.1024
vn -0.9760 -0.0000 0.2177
vn -0.4526 0.8858 0.1024
vn -0.3106 -0.9479 0.0707
vn -0.9645 -0.1533 0.2152
vn -0.5828 0.8019 0.1314
vn -0.1601 -0.9864 0.0369
vn -0.9300 -0.3031 0.2077
vn -0.6979 0.6988 0.1568
vn -0.8733 -0.4462 0.1954
vn -0.9878 0.1556 -0.0000
vn -1.0000 -0.0000 -0.0000
vn -0.3140 0.9494 -0.0000
vn -0.4584 0.8887 -0.0000
vn -0.3141 -0.9494 -0.0000
vn -0.9878 -0.1556 -0.0000
vn -0.5914 0.8064 -0.0000
vn -0.1619 -0.9868 -0.0000
vn -0.9516 -0.3074 -0.0000
vn -0.7099 0.7043 -0.0000
vn -0.8921 -0.4518 -0.0000
vn -0.8109 0.5851 -0.0000
vn -0.8109 -0.5851 -0.0000
vn -0.8921 0.4518 -0.0000
vn -0.7099 -0.7043 -0.0000
vn -0.9516 0.3074 -0.0000
vn -0.1619 0.9868 -0.0000
vn -0.5914 -0.8064 -0.0000
vn -0.4584 -0.8887 -0.0000
vn -0.7955 0.5792 -0.1783
vn -0.8733 -0.4462 -0.1954
vn -0.7955 -0.5792 -0.1783
vn -0.8733 0.4462 -0.1954
vn -0.6979 -0.6988 -0.1568
vn -0.9300 0.3031 -0.2077
vn -0.1602 0.9864 -0.0369
vn -0.5828 -0.8019 -0.1314
vn -0.9645 0.1533 -0.2152
vn -0.3106 0.9479 -0.0707
vn -0.4526 -0.8858 -0.1024
vn -0.9760 -0.0000 -0.2177
vn -0.4526 0.8858 -0.1024
vn -0.3106 -0.9479 -0.0707
vn -0.9645 -0.1533 -0.2152
vn -0.5828 0.8019 -0.1314
vn -0.1601 -0.9864 -0.0369
vn -0.9300 -0.3031 -0.2077
vn -0.6979 0.6988 -0.1568
vn -0.3004 0.9436 -0.1391
vn -0.5580 -0.7894 -0.2560
vn -0.4359 -0.8773 -0.2007
vn -0.9104 -0.0000 -0.4137
vn -0.4359 0.8773 -0.2007
vn -0.3004 -0.9436 -0.1391
vn -0.9005 -0.1470 -0.4093
vn -0.5580 0.7894 -0.2560
vn -0.1551 -0.9852 -0.0727
vn -0.8707 -0.2916 -0.3961
vn -0.6640 0.6833 -0.3037
vn -0.8211 -0.4311 -0.3740
vn -0.7521 0.5627 -0.3432
vn -0.7521 -0.5627 -0.3432
vn -0.8211 0.4311 -0.3740
vn -0.6640 -0.6833 -0.3037
vn -0.8707 0.2916 -0.3961
vn -0.1552 0.9852 -0.0727
vn -0.9005 0.1470 -0.4093
vn -0.7861 -0.2755 -0.5533
vn -0.7457 -0.4098 -0.5254
vn -0.6882 0.5391 -0.4856
vn -0.6882 -0.5391 -0.4856
vn -0.7457 0.4098 -0.5254
vn -0.6130 -0.6606 -0.4335
vn -0.7861 0.2755 -0.5533
vn -0.1472 0.9833 -0.1066
vn -0.5200 -0.7705 -0.3687
vn -0.8101 0.1384 -0.5698
vn -0.2843 0.9369 -0.2034
vn -0.4097 -0.8644 -0.2916
vn -0.8180 -0.0000 -0.5752
vn -0.4097 0.8644 -0.2916
vn -0.2843 -0.9369 -0.2034
vn -0.8101 -0.1384 -0.5698
vn -0.5199 0.7705 -0.3687
vn -0.1471 -0.9834 -0.1066
vn -0.6130 0.6606 -0.4335
vn -0.7077 0.1291 -0.6946
vn -0.2631 0.9285 -0.2622
vn -0.4721 -0.7480 -0.4665
vn -0.3759 -0.8484 -0.3728
vn -0.7138 -0.0000 -0.7004
vn -0.3759 0.8484 -0.3728
vn -0.2630 -0.9285 -0.2622
vn -0.7077 -0.1291 -0.6946
vn -0.4721 0.7480 -0.4665
vn -0.1367 -0.9810 -0.1380
vn -0.6894 -0.2580 -0.6769
vn -0.5507 0.6341 -0.5428
vn -0.6579 -0.3861 -0.6466
vn -0.6122 0.5123 -0.6024
vn -0.6122 -0.5122 -0.6024
vn -0.6579 0.3861 -0.6466
vn -0.5507 -0.6341 -0.5428
vn -0.6894 0.2580 -0.6769
vn -0.1367 0.9810 -0.1380
vn -0.4822 0.6069 -0.6318
vn -0.5900 -0.2412 -0.7705
vn -0.5662 -0.3630 -0.7400
vn -0.5309 0.4854 -0.6946
vn -0.5310 -0.4854 -0.6946
vn -0.5662 0.3630 -0.7400
vn -0.4822 -0.6069 -0.6318
vn -0.5900 0.2412 -0.7705
vn -0.1241 0.9782 -0.1663
vn -0.4179 -0.7240 -0.5487
vn -0.6037 0.1203 -0.7881
vn -0.2376 0.9190 -0.3147
vn -0.3364 -0.8309 -0.4432
vn -0.6081 -0.0000 -0.7939
vn -0.3364 0.8309 -0.4432
vn -0.1241 -0.9782 -0.1663
vn -0.2376 -0.9190 -0.3147
vn -0.6037 -0.1203 -0.7881
vn -0.4179 0.7240 -0.5488
vn -0.2929 0.8133 -0.5027
vn -0.2929 -0.8133 -0.5027
vn -0.2088 -0.9092 -0.3603
vn -0.5064 -0.0000 -0.8623
vn -0.5032 -0.1125 -0.8568
vn -0.3600 0.7007 -0.6159
vn -0.1095 -0.9754 -0.1913
vn -0.4932 -0.2263 -0.8400
vn -0.4113 0.5812 -0.7022
vn -0.4756 -0.3422 -0.8104
vn -0.4489 0.4608 -0.7656
vn -0.4489 -0.4608 -0.7656
vn -0.4756 0.3422 -0.8104
vn -0.4112 -0.5812 -0.7022
vn -0.4932 0.2263 -0.8400
vn -0.1095 0.9754 -0.1913
vn -0.3600 -0.7007 -0.6159
vn -0.5032 0.1125 -0.8568
vn -0.2088 0.9092 -0.3603
vn -0.3882 -0.3246 -0.8625
vn -0.3685 -0.4395 -0.8192
vn -0.3882 0.3246 -0.8625
vn -0.3400 -0.5585 -0.7566
vn -0.4011 0.2138 -0.8907
vn -0.0935 0.9726 -0.2127
vn -0.3003 -0.6795 -0.6694
vn -0.4083 0.1061 -0.9067
vn -0.1774 0.8997 -0.3987
vn -0.2467 -0.7969 -0.5515
vn -0.4107 -0.0000 -0.9118
vn -0.2467 0.7969 -0.5515
vn -0.1774 -0.8998 -0.3987
vn -0.4083 -0.1061 -0.9067
vn -0.3003 0.6795 -0.6694
vn -0.0935 -0.9726 -0.2127
vn -0.4011 -0.2138 -0.8907
vn -0.3400 0.5585 -0.7566
vn -0.3685 0.4395 -0.8192
vn -0.2399 -0.6614 -0.7107
vn -0.1987 -0.7824 -0.5902
vn -0.3208 -0.0000 -0.9471
vn -0.1987 0.7824 -0.5902
vn -0.1440 -0.8913 -0.4300
vn -0.3192 -0.1009 -0.9423
vn -0.2399 0.6614 -0.7107
vn -0.0762 -0.9701 -0.2304
vn -0.3140 -0.2038 -0.9273
vn -0.2697 0.5395 -0.7976
vn -0.3048 -0.3103 -0.9004
vn -0.2906 0.4220 -0.8588
vn -0.2906 -0.4220 -0.8588
vn -0.3049 0.3103 -0.9004
vn -0.2697 -0.5395 -0.7976
vn -0.3140 0.2038 -0.9273
vn -0.0762 0.9701 -0.2304
vn -0.3192 0.1009 -0.9423
vn -0.1440 0.8913 -0.4300
vn -0.2315 -0.1962 -0.9529
vn -0.2252 -0.2994 -0.9272
vn -0.2153 0.4085 -0.8870
vn -0.2153 -0.4085 -0.8870
vn -0.2252 0.2994 -0.9272
vn -0.2007 -0.5246 -0.8274
vn -0.2314 0.1962 -0.9529
vn -0.0579 0.9680 -0.2443
vn -0.1796 -0.6469 -0.7412
vn -0.2349 0.0971 -0.9672
vn -0.1091 0.8842 -0.4542
vn -0.1496 -0.7706 -0.6195
vn -0.2361 -0.0000 -0.9717
vn -0.1497 0.7706 -0.6195
vn -0.1092 -0.8842 -0.4542
vn -0.2349 -0.0971 -0.9672
vn -0.1795 0.6469 -0.7412
vn -0.0578 -0.9680 -0.2443
vn -0.2007 0.5246 -0.8274
vn -0.1545 0.0944 -0.9835
vn -0.0733 0.8789 -0.4713
vn -0.1195 -0.6363 -0.7621
vn -0.1000 -0.7619 -0.6399
vn -0.1552 -0.0000 -0.9879
vn -0.1000 0.7619 -0.6399
vn -0.0733 -0.8789 -0.4713
vn -0.1545 -0.0944 -0.9835
vn -0.1194 0.6363 -0.7621
vn -0.0389 -0.9664 -0.2542
vn -0.1523 -0.1909 -0.9697
vn -0.1330 0.5139 -0.8475
vn -0.1484 -0.2918 -0.9449
vn -0.1422 0.3990 -0.9059
vn -0.1422 -0.3990 -0.9059
vn -0.1484 0.2918 -0.9449
vn -0.1330 -0.5139 -0.8475
vn -0.1523 0.1909 -0.9697
vn -0.0390 0.9664 -0.2542
vn -0.0662 0.5076 -0.8591
vn -0.0196 -0.9654 -0.2602
vn -0.0756 -0.1878 -0.9793
vn -0.0737 -0.2873 -0.9550
vn -0.0707 0.3933 -0.9167
vn -0.0707 -0.3933 -0.9167
vn -0.0737 0.2873 -0.9550
vn -0.0662 -0.5076 -0.8591
vn -0.0756 0.1878 -0.9793
vn -0.0196 0.9654 -0.2602
vn -0.0596 -0.6300 -0.7743
vn -0.0766 0.0928 -0.9927
vn -0.0368 0.8756 -0.4816
vn -0.0501 -0.7566 -0.6520
vn -0.0770 -0.0000 -0.9970
vn -0.0501 0.7566 -0.6520
vn -0.0368 -0.8756 -0.4816
vn -0.0766 -0.0928 -0.9927
vn -0.0596 0.6300 -0.7743
vn 0.6474 0.2638 0.7150
vn -0.6474 0.2639 -0.7150
vn 0.4931 -0.8700 -0.0000
vn 0.4930 0.8701 -0.0000
vn 0.0996 0.4303 0.8972
vn -0.4931 -0.8699 -0.0000
vn -0.4930 0.8700 -0.0000
vn 0.1857 -0.9285 0.3217
vn 0.1857 0.9284 0.3217
vn -0.1857 -0.9284 -0.3217
vn 0.0662 -0.5076 -0.8591
vn 0.1796 -0.6468 -0.7412
vn 0.2315 -0.1962 -0.9529
vn 0.2399 -0.6613 -0.7107
vn 0.4180 -0.7240 -0.5487
vn 0.6036 0.1203 -0.7881
vn 0.3364 -0.8309 -0.4432
vn 0.3364 0.8309 -0.4432
vn 0.6036 -0.1203 -0.7881
vn 0.1367 0.9810 -0.1380
vn 0.1367 -0.9810 -0.1380
vn 0.6122 -0.5123 -0.6024
vn 0.5200 0.7705 -0.3687
vn 0.9760 -0.0000 -0.2178
vn 0.9760 -0.0000 0.2178
vn 0.1472 -0.9833 0.1066
vn 0.6122 0.5122 0.6024
vn 0.1367 0.9810 0.1380
vn 0.2630 -0.9285 0.2622
vn 0.1367 -0.9810 0.1380
vn 0.4179 -0.7240 0.5487
vn 0.6036 -0.1203 0.7881
vn -0.0662 0.5075 0.8591
vn -0.2251 0.2994 0.9272
vn -0.2314 0.1962 0.9529
vn -0.1774 0.8997 0.3987
vn -0.1774 -0.8997 0.3987
vn -0.4179 -0.7240 0.5488
vn -0.6037 0.1203 0.7881
vn -0.4179 0.7240 0.5488
vn -0.1367 0.9810 0.1379
vn -0.1367 -0.9810 0.1379
vn -0.1472 -0.9834 0.1066
vn -0.4097 -0.8644 0.2916
vn -0.1367 0.9810 -0.1379
vn -0.1367 -0.9810 -0.1379
vn -0.4179 -0.7240 -0.5488
vn -0.6081 -0.0000 -0.7938
vn -0.1774 -0.8997 -0.3987
vn -0.0662 0.5075 -0.8591
vn -0.0000 -0.2324 -0.9726
vn -0.0000 0.2324 -0.9726
vn 0.9726 -0.2325 -0.0000
vn 0.9726 0.2324 -0.0000
vn -0.0000 -0.2324 0.9726
vn -0.0000 0.2324 0.9726
vn -0.9726 -0.2324 -0.0000
vn -0.9726 0.2324 -0.0000
vn 0.9726 -0.2324 -0.0000
vn -0.9726 -0.2325 -0.0000
vt 0.275028 0.010251
vt 0.308398 0.989749
vt 0.275028 0.989749
vt 0.010251 0.010251
vt 0.122138 0.989749
vt 0.010251 0.989749
vt 0.382771 0.122138
vt 0.416141 0.010251
vt 0.416141 0.122138
vt 0.142640 0.010251
vt 0.254526 0.989749
vt 0.142640 0.989749
vt 0.328900 0.010251
vt 0.362269 0.989749
vt 0.328900 0.989749
vt 0.416141 0.142640
vt 0.422374 0.136406
vt 0.423775 0.142640
vt 0.314631 0.995982
vt 0.308398 0.997383
vt 0.136406 0.995982
vt 0.135006 0.989749
vt 0.308398 0.010251
vt 0.314631 0.004018
vt 0.316032 0.010251
vt 0.382771 0.010251
vt 0.376538 0.004018
vt 0.382771 0.002617
vt 0.136406 0.004018
vt 0.142640 0.002617
vt 0.416141 0.254526
vt 0.422374 0.260759
vt 0.416141 0.262160
vt 0.260759 0.995982
vt 0.254526 0.997383
vt 0.322667 0.995982
vt 0.321266 0.989749
vt 0.376538 0.128371
vt 0.375137 0.122138
vt 0.322667 0.004018
vt 0.328900 0.002617
vt 0.254526 0.010251
vt 0.260759 0.004018
vt 0.262160 0.010251
vt 0.382771 0.142640
vt 0.376538 0.136406
vt 0.382771 0.135006
vt 0.128371 0.995982
vt 0.122138 0.997383
vt 0.268795 0.995982
vt 0.267394 0.989749
vt 0.422374 0.004018
vt 0.423775 0.010251
vt 0.268795 0.004018
vt 0.275028 0.002617
vt 0.122138 0.010251
vt 0.128371 0.004018
vt 0.129772 0.010251
vt 0.382771 0.254526
vt 0.376538 0.260759
vt 0.375137 0.254526
vt 0.368503 0.995982
vt 0.362269 0.997383
vt 0.004018 0.995982
vt 0.002617 0.989749
vt 0.422374 0.128371
vt 0.416141 0.129772
vt 0.004018 0.004018
vt 0.010251 0.002617
vt 0.362269 0.010251
vt 0.368503 0.004018
vt 0.369903 0.010251
vt 0.423775 0.254526
vt 0.142640 0.997383
vt 0.316032 0.989749
vt 0.135006 0.010251
vt 0.375137 0.010251
vt 0.321266 0.010251
vt 0.262160 0.989749
vt 0.382771 0.262160
vt 0.382771 0.129772
vt 0.362269 0.002617
vt 0.002617 0.010251
vt 0.369903 0.989749
vt 0.375137 0.142640
vt 0.010251 0.997383
vt 0.423775 0.122138
vt 0.122138 0.002617
vt 0.267394 0.010251
vt 0.129772 0.989749
vt 0.416141 0.135006
vt 0.275028 0.997383
vt 0.416141 0.002617
vt 0.122138 0.989749
vt 0.010251 0.989749
vt 0.382771 0.122138
vt 0.416141 0.010251
vt 0.416141 0.122138
vt 0.254526 0.989749
vt 0.142640 0.989749
vt 0.416141 0.142640
vt 0.423775 0.142640
vt 0.314631 0.995982
vt 0.135006 0.989749
vt 0.314631 0.004018
vt 0.316032 0.010251
vt 0.382771 0.010251
vt 0.376538 0.004018
vt 0.382771 0.002617
vt 0.416141 0.254526
vt 0.416141 0.262160
vt 0.254526 0.997383
vt 0.321266 0.989749
vt 0.376538 0.128371
vt 0.375137 0.122138
vt 0.328900 0.002617
vt 0.382771 0.142640
vt 0.376538 0.136406
vt 0.382771 0.135006
vt 0.122138 0.997383
vt 0.268795 0.995982
vt 0.423775 0.010251
vt 0.268795 0.004018
vt 0.275028 0.002617
vt 0.382771 0.254526
vt 0.376538 0.260759
vt 0.375137 0.254526
vt 0.368503 0.995982
vt 0.362269 0.997383
vt 0.002617 0.989749
vt 0.416141 0.129772
vt 0.368503 0.004018
vt 0.369903 0.010251
vt 0.423775 0.254526
vt 0.142640 0.997383
vt 0.316032 0.989749
vt 0.375137 0.010251
vt 0.254526 0.002617
vt 0.321266 0.010251
vt 0.262160 0.989749
vt 0.382771 0.262160
vt 0.328900 0.997383
vt 0.382771 0.129772
vt 0.369903 0.989749
vt 0.375137 0.142640
vt 0.010251 0.997383
vt 0.423775 0.122138
vt 0.129772 0.989749
vt 0.416141 0.135006
vt 0.416141 0.002617
vt 0.308398 0.002617
vt 0.019909 0.003605
vt 0.029002 0.996395
vt 0.019909 0.996395
vt 0.036212 0.003605
vt 0.043238 0.996395
vt 0.036212 0.996395
vt 0.071712 0.029002
vt 0.064685 0.019909
vt 0.071712 0.019909
vt 0.050449 0.003605
vt 0.057475 0.996395
vt 0.050449 0.996395
vt 0.003605 0.003605
vt 0.012698 0.996395
vt 0.003605 0.996395
vt 0.064685 0.003605
vt 0.062538 0.001458
vt 0.064685 0.000975
vt 0.031149 0.998542
vt 0.029002 0.999025
vt 0.048301 0.998542
vt 0.047818 0.996395
vt 0.029002 0.003605
vt 0.031149 0.001458
vt 0.031632 0.003605
vt 0.064685 0.029002
vt 0.062538 0.031149
vt 0.062055 0.029002
vt 0.048301 0.001458
vt 0.050449 0.000975
vt 0.071712 0.003605
vt 0.073859 0.001458
vt 0.074342 0.003605
vt 0.059623 0.998542
vt 0.057475 0.999025
vt 0.001458 0.998542
vt 0.000975 0.996395
vt 0.073859 0.031149
vt 0.071712 0.031632
vt 0.001458 0.001458
vt 0.003605 0.000975
vt 0.057475 0.003605
vt 0.059623 0.001458
vt 0.060105 0.003605
vt 0.064685 0.012698
vt 0.062538 0.014846
vt 0.062055 0.012698
vt 0.045386 0.998542
vt 0.043238 0.999025
vt 0.017761 0.998542
vt 0.017278 0.996395
vt 0.062538 0.017761
vt 0.064685 0.017278
vt 0.017761 0.001458
vt 0.019909 0.000975
vt 0.043238 0.003605
vt 0.045386 0.001458
vt 0.045869 0.003605
vt 0.071712 0.012698
vt 0.073859 0.014846
vt 0.071712 0.015329
vt 0.014846 0.998542
vt 0.012698 0.999025
vt 0.034064 0.998542
vt 0.033582 0.996395
vt 0.073859 0.017761
vt 0.074342 0.019909
vt 0.034064 0.001458
vt 0.036212 0.000975
vt 0.012698 0.003605
vt 0.014846 0.001458
vt 0.015329 0.003605
vt 0.071712 0.000975
vt 0.031632 0.996395
vt 0.047818 0.003605
vt 0.064685 0.031632
vt 0.057475 0.000975
vt 0.000975 0.003605
vt 0.060105 0.996395
vt 0.074342 0.012698
vt 0.074342 0.029002
vt 0.012698 0.000975
vt 0.033582 0.003605
vt 0.015329 0.996395
vt 0.064685 0.015329
vt 0.036212 0.999025
vt 0.071712 0.017278
vt 0.043238 0.000975
vt 0.017278 0.003605
vt 0.045869 0.996395
vt 0.062055 0.003605
vt 0.019909 0.999025
vt 0.062055 0.019909
vt 0.029002 0.000975
vt 0.019909 0.003605
vt 0.029002 0.996395
vt 0.019909 0.996395
vt 0.036212 0.003605
vt 0.043238 0.996395
vt 0.036212 0.996395
vt 0.071712 0.012698
vt 0.064685 0.003605
vt 0.071712 0.003605
vt 0.050449 0.003605
vt 0.057475 0.996395
vt 0.050449 0.996395
vt 0.003605 0.003605
vt 0.012698 0.996395
vt 0.003605 0.996395
vt 0.064685 0.019909
vt 0.062538 0.017761
vt 0.064685 0.017278
vt 0.031149 0.998542
vt 0.029002 0.999025
vt 0.048301 0.998542
vt 0.047818 0.996395
vt 0.029002 0.003605
vt 0.031149 0.001458
vt 0.031632 0.003605
vt 0.064685 0.012698
vt 0.062538 0.014846
vt 0.062055 0.012698
vt 0.048301 0.001458
vt 0.050449 0.000975
vt 0.071712 0.019909
vt 0.073860 0.017761
vt 0.074342 0.019909
vt 0.059623 0.998542
vt 0.057475 0.999025
vt 0.000975 0.996395
vt 0.073860 0.014846
vt 0.071712 0.015329
vt 0.001458 0.001458
vt 0.003605 0.000975
vt 0.057475 0.003605
vt 0.059623 0.001458
vt 0.060105 0.003605
vt 0.064685 0.029002
vt 0.062538 0.031149
vt 0.062055 0.029002
vt 0.045386 0.998543
vt 0.043238 0.999025
vt 0.017761 0.998542
vt 0.017278 0.996395
vt 0.062538 0.001458
vt 0.064685 0.000975
vt 0.017761 0.001458
vt 0.019909 0.000975
vt 0.043238 0.003605
vt 0.045386 0.001458
vt 0.045869 0.003605
vt 0.071712 0.029002
vt 0.073860 0.031149
vt 0.071712 0.031632
vt 0.014846 0.998542
vt 0.012698 0.999025
vt 0.034064 0.998543
vt 0.033582 0.996395
vt 0.073860 0.001458
vt 0.074342 0.003605
vt 0.034064 0.001458
vt 0.036212 0.000975
vt 0.012698 0.003605
vt 0.071712 0.017278
vt 0.050449 0.999025
vt 0.031632 0.996395
vt 0.047818 0.003605
vt 0.064685 0.015329
vt 0.057475 0.000975
vt 0.000975 0.003605
vt 0.060105 0.996395
vt 0.074342 0.029002
vt 0.074342 0.012698
vt 0.033582 0.003605
vt 0.015329 0.996395
vt 0.064685 0.031632
vt 0.071712 0.000975
vt 0.043238 0.000975
vt 0.017278 0.003605
vt 0.045869 0.996395
vt 0.062055 0.019909
vt 0.062055 0.003605
vt 0.029002 0.000975
vt 0.400704 0.967566
vt 0.483521 0.017682
vt 0.483521 0.967566
vt 0.633932 0.175004
vt 0.716749 0.016898
vt 0.716749 0.175004
vt 0.175004 0.983102
vt 0.016898 0.016898
vt 0.175004 0.016898
vt 0.633931 0.366907
vt 0.716749 0.208801
vt 0.716749 0.366907
vt 0.517317 0.967566
vt 0.600135 0.017682
vt 0.600135 0.967566
vt 0.208801 0.016898
vt 0.197934 0.006031
vt 0.208801 0.003589
vt 0.494388 0.005543
vt 0.496830 0.016674
vt 0.727616 0.377774
vt 0.716749 0.380216
vt 0.400704 0.017682
vt 0.389837 0.005543
vt 0.400704 0.003589
vt 0.016898 0.983102
vt 0.006031 0.993969
vt 0.003589 0.983102
vt 0.623065 0.377774
vt 0.620622 0.366907
vt 0.366907 0.016898
vt 0.377774 0.006031
vt 0.380216 0.016898
vt 0.727616 0.197934
vt 0.730058 0.208801
vt 0.611002 0.976793
vt 0.600135 0.979641
vt 0.185871 0.993969
vt 0.175004 0.996411
vt 0.506450 0.976793
vt 0.504008 0.966557
vt 0.633932 0.208801
vt 0.623065 0.197934
vt 0.633932 0.195492
vt 0.208801 0.983102
vt 0.197934 0.993969
vt 0.195492 0.983102
vt 0.727616 0.006031
vt 0.730058 0.016898
vt 0.494388 0.976793
vt 0.483521 0.979641
vt 0.006031 0.006031
vt 0.016898 0.003589
vt 0.389837 0.976793
vt 0.387394 0.966557
vt 0.633932 0.016898
vt 0.623065 0.006031
vt 0.633932 0.003589
vt 0.366907 0.983102
vt 0.377774 0.993969
vt 0.366907 0.996411
vt 0.611002 0.005543
vt 0.613444 0.016674
vt 0.727616 0.185871
vt 0.716749 0.188314
vt 0.185871 0.006031
vt 0.188314 0.016898
vt 0.623065 0.185871
vt 0.620622 0.175004
vt 0.517317 0.017682
vt 0.506451 0.005543
vt 0.517317 0.003589
vt 0.366907 0.003589
vt 0.730058 0.366907
vt 0.483521 0.003589
vt 0.633931 0.380216
vt 0.016898 0.996411
vt 0.620622 0.208801
vt 0.517317 0.979641
vt 0.716749 0.195492
vt 0.380216 0.983102
vt 0.613444 0.966557
vt 0.188314 0.983102
vt 0.504008 0.016673
vt 0.633932 0.188314
vt 0.600135 0.003589
vt 0.208801 0.996411
vt 0.730058 0.175004
vt 0.175004 0.003589
vt 0.620622 0.016898
vt 0.400704 0.979641
vt 0.716749 0.003589
vt 0.195492 0.016898
vt 0.496830 0.966557
vt 0.003589 0.016898
vt 0.387394 0.016674
vt 0.005983 0.994017
vt 0.029282 0.005983
vt 0.029282 0.994017
vt 0.117919 0.005983
vt 0.126656 0.029282
vt 0.117919 0.029282
vt 0.085250 0.976899
vt 0.076513 0.005553
vt 0.085250 0.005553
vt 0.117919 0.041248
vt 0.126656 0.064547
vt 0.117919 0.064547
vt 0.041248 0.994017
vt 0.064547 0.005983
vt 0.064547 0.994017
vt 0.105953 0.977601
vt 0.109736 0.980814
vt 0.105953 0.981806
vt 0.033065 0.002199
vt 0.033916 0.005983
vt 0.114135 0.068331
vt 0.113285 0.064547
vt 0.005983 0.005983
vt 0.002200 0.002199
vt 0.005983 0.001349
vt 0.076513 0.976899
vt 0.072730 0.981125
vt 0.071879 0.977250
vt 0.114135 0.037465
vt 0.117919 0.036614
vt 0.097216 0.977601
vt 0.093433 0.980814
vt 0.092582 0.977250
vt 0.130439 0.068331
vt 0.126656 0.069181
vt 0.068330 0.997801
vt 0.064547 0.998651
vt 0.089034 0.981125
vt 0.085250 0.981806
vt 0.037465 0.997801
vt 0.036614 0.994017
vt 0.126656 0.041248
vt 0.130439 0.037465
vt 0.131289 0.041248
vt 0.105953 0.006256
vt 0.109736 0.002030
vt 0.110587 0.005905
vt 0.130439 0.033065
vt 0.126656 0.033916
vt 0.033065 0.997801
vt 0.029282 0.998651
vt 0.072730 0.002341
vt 0.076513 0.001349
vt 0.002200 0.997801
vt 0.001349 0.994017
vt 0.126656 0.005983
vt 0.130439 0.002200
vt 0.131289 0.005983
vt 0.097216 0.006256
vt 0.093433 0.002030
vt 0.097216 0.001349
vt 0.068331 0.002199
vt 0.069181 0.005983
vt 0.114135 0.033065
vt 0.113285 0.029282
vt 0.089034 0.002341
vt 0.089884 0.005905
vt 0.114135 0.002200
vt 0.117919 0.001349
vt 0.041248 0.005983
vt 0.037465 0.002199
vt 0.041248 0.001349
vt 0.097216 0.981806
vt 0.117919 0.069181
vt 0.029282 0.001349
vt 0.113285 0.041248
vt 0.076513 0.981806
vt 0.041248 0.998651
vt 0.131289 0.064547
vt 0.092582 0.005905
vt 0.069181 0.994017
vt 0.089884 0.977250
vt 0.036614 0.005983
vt 0.113285 0.005983
vt 0.064547 0.001349
vt 0.105953 0.001349
vt 0.085250 0.001349
vt 0.126656 0.001349
vt 0.005983 0.998651
vt 0.131289 0.029282
vt 0.110587 0.977250
vt 0.033916 0.994017
vt 0.071879 0.005905
vt 0.001349 0.005983
vt 0.245166 0.625699
vt 0.147037 0.674296
vt 0.147037 0.625699
vt 0.245166 0.772442
vt 0.147037 0.818219
vt 0.147037 0.772442
vt 0.245166 0.818219
vt 0.147037 0.859417
vt 0.245166 0.859417
vt 0.147037 0.894453
vt 0.375900 0.503686
vt 0.277771 0.544885
vt 0.277771 0.503686
vt 0.375900 0.544885
vt 0.277771 0.590662
vt 0.375900 0.590662
vt 0.277771 0.639259
vt 0.375900 0.639259
vt 0.277771 0.688808
vt 0.375900 0.688808
vt 0.277771 0.737405
vt 0.375900 0.737405
vt 0.277771 0.783182
vt 0.375900 0.783182
vt 0.277771 0.824381
vt 0.016303 0.894454
vt 0.114431 0.859417
vt 0.114431 0.894454
vt 0.016303 0.859417
vt 0.114432 0.818219
vt 0.016303 0.818219
vt 0.114432 0.772442
vt 0.016303 0.772442
vt 0.114432 0.723845
vt 0.016303 0.723845
vt 0.114432 0.674296
vt 0.016303 0.674296
vt 0.114432 0.625699
vt 0.016303 0.625699
vt 0.114432 0.579922
vt 0.016303 0.579922
vt 0.114431 0.538723
vt 0.016303 0.538724
vt 0.114431 0.503687
vt 0.408505 0.859417
vt 0.506634 0.818219
vt 0.506634 0.859417
vt 0.408505 0.818219
vt 0.506634 0.772442
vt 0.408505 0.772442
vt 0.506634 0.723845
vt 0.408505 0.723845
vt 0.506634 0.674296
vt 0.408505 0.674296
vt 0.506634 0.625699
vt 0.408505 0.625699
vt 0.506634 0.579922
vt 0.408505 0.579922
vt 0.506634 0.538723
vt 0.245166 0.503687
vt 0.147037 0.538724
vt 0.147037 0.503687
vt 0.245166 0.538724
vt 0.147037 0.579922
vt 0.245166 0.579922
vt 0.245166 0.723845
vt 0.147037 0.723845
vt 0.042899 0.360697
vt 0.139303 0.042900
vt 0.457101 0.139303
vt 0.245166 0.674296
vt 0.134421 0.674811
vt 0.996314 0.274261
vt 0.983698 0.226983
vt 0.996314 0.225740
vt 0.257782 0.674810
vt 0.257782 0.723331
vt 0.486848 0.178153
vt 0.483697 0.226983
vt 0.474716 0.181831
vt 0.134421 0.723331
vt 0.986849 0.321847
vt 0.983697 0.273020
vt 0.257782 0.770917
vt 0.468281 0.133327
vt 0.134421 0.815743
vt 0.134421 0.770917
vt 0.957101 0.360695
vt 0.974718 0.318167
vt 0.257782 0.815743
vt 0.431526 0.101029
vt 0.441325 0.092985
vt 0.941324 0.407016
vt 0.968281 0.366673
vt 0.257782 0.856086
vt 0.407016 0.058676
vt 0.398972 0.068475
vt 0.134421 0.890394
vt 0.134421 0.856086
vt 0.907016 0.441324
vt 0.931524 0.398975
vt 0.245166 0.894454
vt 0.257782 0.890394
vt 0.366674 0.031720
vt 0.360698 0.042900
vt 0.265155 0.547360
vt 0.265155 0.507018
vt 0.866674 0.468280
vt 0.898974 0.431525
vt 0.388516 0.507018
vt 0.388516 0.547360
vt 0.321848 0.013152
vt 0.318168 0.025284
vt 0.821847 0.486848
vt 0.860698 0.457100
vt 0.388516 0.592186
vt 0.274260 0.003687
vt 0.273018 0.016303
vt 0.265155 0.592187
vt 0.774260 0.496313
vt 0.818167 0.474716
vt 0.388516 0.639774
vt 0.226983 0.016303
vt 0.225741 0.003687
vt 0.265155 0.688294
vt 0.265155 0.639774
vt 0.726982 0.483697
vt 0.773017 0.483697
vt 0.388516 0.688293
vt 0.178153 0.013152
vt 0.181833 0.025283
vt 0.678152 0.486847
vt 0.725740 0.496313
vt 0.388516 0.735882
vt 0.133327 0.031720
vt 0.265155 0.780707
vt 0.265155 0.735882
vt 0.639302 0.457100
vt 0.681833 0.474716
vt 0.388516 0.780707
vt 0.101026 0.068475
vt 0.092984 0.058676
vt 0.265155 0.821049
vt 0.633326 0.468279
vt 0.601028 0.431525
vt 0.388516 0.821049
vt 0.375900 0.824381
vt 0.068477 0.101025
vt 0.058676 0.092984
vt 0.277771 0.859417
vt 0.592985 0.441323
vt 0.568474 0.398971
vt 0.375900 0.859417
vt 0.388516 0.855359
vt 0.042899 0.139304
vt 0.031719 0.133327
vt 0.127047 0.856086
vt 0.531719 0.366673
vt 0.558675 0.407015
vt 0.003687 0.856086
vt 0.003687 0.815744
vt 0.013151 0.178153
vt 0.025283 0.181833
vt 0.127047 0.770918
vt 0.127047 0.815744
vt 0.525284 0.318168
vt 0.542899 0.360696
vt 0.003687 0.770918
vt 0.016303 0.226980
vt 0.003687 0.225739
vt 0.127047 0.723330
vt 0.513153 0.321847
vt 0.516303 0.273016
vt 0.003687 0.723330
vt 0.016302 0.273017
vt 0.003687 0.274259
vt 0.503687 0.225739
vt 0.503687 0.274259
vt 0.003687 0.674810
vt 0.013152 0.321847
vt 0.025284 0.318169
vt 0.127047 0.627223
vt 0.127048 0.674810
vt 0.513152 0.178152
vt 0.516303 0.226980
vt 0.003687 0.627223
vt 0.031719 0.366673
vt 0.127047 0.582398
vt 0.542899 0.139304
vt 0.525283 0.181833
vt 0.003687 0.582398
vt 0.068473 0.398972
vt 0.058675 0.407015
vt 0.531720 0.133327
vt 0.568477 0.101025
vt 0.003687 0.542055
vt 0.092984 0.441324
vt 0.101027 0.431525
vt 0.127047 0.507747
vt 0.127047 0.542055
vt 0.592985 0.058676
vt 0.558677 0.092984
vt 0.003687 0.507747
vt 0.016303 0.503687
vt 0.133326 0.468280
vt 0.139302 0.457100
vt 0.519250 0.815745
vt 0.519250 0.856086
vt 0.633327 0.031720
vt 0.601027 0.068475
vt 0.395889 0.815745
vt 0.178152 0.486848
vt 0.181832 0.474717
vt 0.519250 0.770918
vt 0.681833 0.025283
vt 0.639303 0.042899
vt 0.395889 0.770918
vt 0.225740 0.496314
vt 0.226982 0.483697
vt 0.519250 0.723330
vt 0.678154 0.013152
vt 0.726984 0.016302
vt 0.395889 0.723330
vt 0.274259 0.496313
vt 0.273017 0.483698
vt 0.519250 0.674811
vt 0.774261 0.003686
vt 0.725741 0.003687
vt 0.395889 0.674811
vt 0.321847 0.486848
vt 0.318167 0.474717
vt 0.821848 0.013152
vt 0.773018 0.016302
vt 0.395889 0.627223
vt 0.366673 0.468280
vt 0.360697 0.457100
vt 0.519250 0.627223
vt 0.860698 0.042900
vt 0.818168 0.025283
vt 0.395889 0.582397
vt 0.398973 0.431525
vt 0.407015 0.441324
vt 0.519250 0.542055
vt 0.519250 0.582397
vt 0.866674 0.031720
vt 0.898973 0.068474
vt 0.395889 0.542055
vt 0.408505 0.538723
vt 0.431523 0.398975
vt 0.441323 0.407016
vt 0.506634 0.503687
vt 0.941326 0.092985
vt 0.907016 0.058676
vt 0.408505 0.503687
vt 0.395889 0.507745
vt 0.457101 0.360696
vt 0.468281 0.366673
vt 0.134421 0.542055
vt 0.968281 0.133327
vt 0.931527 0.101028
vt 0.257782 0.542055
vt 0.257782 0.582397
vt 0.486848 0.321848
vt 0.474717 0.318167
vt 0.134421 0.627223
vt 0.134421 0.582397
vt 0.974716 0.181831
vt 0.957101 0.139303
vt 0.257782 0.627223
vt 0.483697 0.273020
vt 0.496313 0.274261
vt 0.986848 0.178153
vt 0.496313 0.225741
vt 0.000000 0.000000
vt 0.375826 0.625689
vt 0.277689 0.674289
vt 0.277689 0.625689
vt 0.375826 0.772443
vt 0.277689 0.818224
vt 0.277689 0.772443
vt 0.375826 0.818225
vt 0.277689 0.859426
vt 0.506529 0.503667
vt 0.408392 0.544869
vt 0.408392 0.503667
vt 0.506529 0.544869
vt 0.408392 0.590650
vt 0.506529 0.590650
vt 0.408392 0.639250
vt 0.506529 0.639250
vt 0.408392 0.688804
vt 0.506529 0.688804
vt 0.408392 0.737404
vt 0.506529 0.737404
vt 0.408392 0.783186
vt 0.506529 0.783186
vt 0.408392 0.824388
vt 0.245123 0.503666
vt 0.146986 0.538705
vt 0.146986 0.503666
vt 0.245123 0.538706
vt 0.146986 0.579907
vt 0.245123 0.579907
vt 0.146986 0.625688
vt 0.245123 0.625689
vt 0.146986 0.674289
vt 0.245123 0.674289
vt 0.146986 0.723843
vt 0.245123 0.723843
vt 0.146986 0.772443
vt 0.245123 0.772443
vt 0.146986 0.818225
vt 0.245123 0.818225
vt 0.146986 0.859426
vt 0.245123 0.859426
vt 0.146986 0.894466
vt 0.016283 0.894466
vt 0.114420 0.859427
vt 0.114420 0.894466
vt 0.016283 0.859427
vt 0.114420 0.818225
vt 0.016283 0.818225
vt 0.114420 0.772444
vt 0.016283 0.772444
vt 0.114420 0.723843
vt 0.016283 0.723843
vt 0.114420 0.674289
vt 0.016283 0.674289
vt 0.114420 0.625689
vt 0.016283 0.625689
vt 0.114420 0.579907
vt 0.016283 0.579907
vt 0.114420 0.538706
vt 0.375826 0.503666
vt 0.277689 0.538706
vt 0.277689 0.503666
vt 0.375826 0.538706
vt 0.277689 0.579907
vt 0.375826 0.579907
vt 0.375826 0.723843
vt 0.277689 0.723843
vt 0.042882 0.360706
vt 0.139294 0.042882
vt 0.457119 0.139294
vt 0.375826 0.674289
vt 0.265072 0.674804
vt 0.996335 0.274263
vt 0.983718 0.226981
vt 0.996335 0.225739
vt 0.388443 0.674804
vt 0.388443 0.723328
vt 0.486868 0.178147
vt 0.483718 0.226981
vt 0.474735 0.181825
vt 0.265072 0.723329
vt 0.986869 0.321854
vt 0.983717 0.273022
vt 0.388443 0.770919
vt 0.468300 0.133317
vt 0.265072 0.815749
vt 0.265072 0.770919
vt 0.968299 0.366684
vt 0.974737 0.318173
vt 0.388443 0.815749
vt 0.441341 0.092971
vt 0.431541 0.101014
vt 0.941340 0.407030
vt 0.957118 0.360708
vt 0.375826 0.859426
vt 0.388443 0.856095
vt 0.407029 0.058660
vt 0.398986 0.068459
vt 0.395775 0.547344
vt 0.395775 0.506998
vt 0.907029 0.441340
vt 0.931539 0.398988
vt 0.519146 0.547344
vt 0.366684 0.031702
vt 0.360708 0.042883
vt 0.395775 0.592173
vt 0.866684 0.468299
vt 0.898987 0.431540
vt 0.519146 0.592173
vt 0.321854 0.013132
vt 0.318174 0.025264
vt 0.395775 0.639765
vt 0.821853 0.486868
vt 0.860707 0.457118
vt 0.519146 0.639765
vt 0.273020 0.016283
vt 0.274263 0.003666
vt 0.774262 0.496335
vt 0.818173 0.474736
vt 0.519146 0.688289
vt 0.225739 0.003666
vt 0.226982 0.016283
vt 0.395775 0.735880
vt 0.395775 0.688289
vt 0.725738 0.496334
vt 0.773019 0.483717
vt 0.519146 0.735880
vt 0.178148 0.013132
vt 0.181828 0.025264
vt 0.395775 0.780711
vt 0.681827 0.474736
vt 0.726980 0.483717
vt 0.519146 0.780711
vt 0.133317 0.031701
vt 0.678146 0.486868
vt 0.639293 0.457118
vt 0.506529 0.824388
vt 0.519146 0.821056
vt 0.101014 0.068460
vt 0.092972 0.058660
vt 0.134369 0.542037
vt 0.134369 0.507726
vt 0.633317 0.468298
vt 0.601015 0.431541
vt 0.257740 0.542037
vt 0.068462 0.101012
vt 0.058661 0.092971
vt 0.134369 0.582383
vt 0.592971 0.441340
vt 0.568460 0.398987
vt 0.257740 0.582383
vt 0.042883 0.139292
vt 0.031702 0.133316
vt 0.134369 0.627213
vt 0.558660 0.407029
vt 0.542882 0.360706
vt 0.257740 0.627213
vt 0.025264 0.181827
vt 0.013132 0.178147
vt 0.134369 0.674804
vt 0.531701 0.366683
vt 0.525265 0.318175
vt 0.257740 0.674803
vt 0.016283 0.226978
vt 0.003666 0.225737
vt 0.134369 0.723328
vt 0.513133 0.321853
vt 0.516283 0.273019
vt 0.257740 0.723328
vt 0.016283 0.273019
vt 0.003666 0.274261
vt 0.503666 0.225737
vt 0.503666 0.274261
vt 0.257740 0.770920
vt 0.013133 0.321853
vt 0.025265 0.318175
vt 0.134369 0.770920
vt 0.513132 0.178147
vt 0.516284 0.226978
vt 0.257740 0.815749
vt 0.031701 0.366683
vt 0.134369 0.815749
vt 0.531702 0.133316
vt 0.525264 0.181827
vt 0.257740 0.856095
vt 0.058660 0.407029
vt 0.068460 0.398987
vt 0.134369 0.856095
vt 0.558661 0.092971
vt 0.542883 0.139292
vt 0.245123 0.894466
vt 0.257740 0.890406
vt 0.092971 0.441340
vt 0.101015 0.431541
vt 0.127037 0.890406
vt 0.592972 0.058660
vt 0.568462 0.101012
vt 0.003666 0.890406
vt 0.003666 0.856095
vt 0.133317 0.468298
vt 0.139293 0.457117
vt 0.127037 0.815749
vt 0.127037 0.856095
vt 0.633317 0.031701
vt 0.601014 0.068460
vt 0.003666 0.815749
vt 0.178146 0.486868
vt 0.181827 0.474736
vt 0.678148 0.013132
vt 0.639294 0.042882
vt 0.003666 0.770919
vt 0.226980 0.483717
vt 0.225738 0.496334
vt 0.127037 0.770919
vt 0.726982 0.016283
vt 0.681828 0.025264
vt 0.003666 0.723328
vt 0.273019 0.483717
vt 0.274262 0.496334
vt 0.127037 0.674804
vt 0.127037 0.723328
vt 0.725739 0.003666
vt 0.773020 0.016283
vt 0.003666 0.674804
vt 0.318173 0.474736
vt 0.321853 0.486868
vt 0.774263 0.003666
vt 0.818174 0.025264
vt 0.003666 0.627212
vt 0.366684 0.468299
vt 0.360707 0.457118
vt 0.127037 0.627212
vt 0.821854 0.013132
vt 0.860708 0.042883
vt 0.003666 0.582383
vt 0.398986 0.431540
vt 0.407029 0.441340
vt 0.127037 0.582383
vt 0.866684 0.031702
vt 0.898986 0.068459
vt 0.016283 0.538706
vt 0.003666 0.542037
vt 0.431539 0.398988
vt 0.441340 0.407029
vt 0.127037 0.507725
vt 0.127037 0.542037
vt 0.907029 0.058660
vt 0.931541 0.101014
vt 0.003666 0.507725
vt 0.016283 0.503666
vt 0.457118 0.360708
vt 0.468299 0.366684
vt 0.265072 0.582383
vt 0.265072 0.542037
vt 0.941341 0.092971
vt 0.957119 0.139294
vt 0.388443 0.582383
vt 0.474737 0.318173
vt 0.486869 0.321854
vt 0.265072 0.627212
vt 0.968300 0.133317
vt 0.974735 0.181826
vt 0.388443 0.627212
vt 0.483717 0.273022
vt 0.496335 0.274263
vt 0.986868 0.178147
vt 0.496335 0.225739
vt 0.506534 0.625689
vt 0.408397 0.674289
vt 0.408397 0.625689
vt 0.506534 0.772443
vt 0.408397 0.818224
vt 0.408397 0.772443
vt 0.506534 0.818224
vt 0.408397 0.859426
vt 0.375830 0.503667
vt 0.277693 0.544869
vt 0.277693 0.503667
vt 0.375830 0.544869
vt 0.277693 0.590649
vt 0.375830 0.639250
vt 0.277693 0.639250
vt 0.277693 0.688803
vt 0.375830 0.688803
vt 0.277693 0.737404
vt 0.375830 0.783185
vt 0.277693 0.783185
vt 0.277693 0.824387
vt 0.375830 0.824387
vt 0.277693 0.859426
vt 0.016284 0.894465
vt 0.114421 0.859426
vt 0.114421 0.894465
vt 0.016284 0.859426
vt 0.114421 0.818224
vt 0.016284 0.818224
vt 0.114421 0.772443
vt 0.016284 0.772443
vt 0.114421 0.723842
vt 0.016284 0.723843
vt 0.114421 0.674290
vt 0.016284 0.674290
vt 0.114421 0.625689
vt 0.016284 0.625689
vt 0.114421 0.579908
vt 0.016284 0.579908
vt 0.114421 0.538706
vt 0.016284 0.538706
vt 0.114421 0.503667
vt 0.146988 0.859427
vt 0.245125 0.818225
vt 0.245125 0.859427
vt 0.146988 0.818225
vt 0.245125 0.772445
vt 0.146988 0.772445
vt 0.245125 0.723844
vt 0.146988 0.723844
vt 0.245125 0.674291
vt 0.146988 0.674291
vt 0.245125 0.625690
vt 0.146988 0.625690
vt 0.245125 0.579909
vt 0.146988 0.579909
vt 0.245125 0.538707
vt 0.506534 0.503667
vt 0.408397 0.538706
vt 0.408397 0.503667
vt 0.506534 0.538706
vt 0.408397 0.579908
vt 0.506534 0.579908
vt 0.506534 0.723842
vt 0.408397 0.723842
vt 0.474735 0.181828
vt 0.318173 0.474735
vt 0.025265 0.318173
vt 0.506534 0.674289
vt 0.395780 0.674804
vt 0.513133 0.178147
vt 0.516284 0.226981
vt 0.503667 0.225739
vt 0.519151 0.674804
vt 0.519151 0.723328
vt 0.003667 0.274263
vt 0.016284 0.226982
vt 0.016284 0.273022
vt 0.395780 0.723328
vt 0.531701 0.133318
vt 0.525266 0.181826
vt 0.519151 0.770919
vt 0.013132 0.321853
vt 0.395780 0.815748
vt 0.395780 0.770919
vt 0.568459 0.101016
vt 0.542882 0.139294
vt 0.519151 0.815748
vt 0.042882 0.360705
vt 0.031702 0.366683
vt 0.395780 0.856094
vt 0.558659 0.092972
vt 0.601016 0.068460
vt 0.519151 0.856094
vt 0.506534 0.859426
vt 0.058661 0.407029
vt 0.068462 0.398987
vt 0.265076 0.506999
vt 0.633317 0.031703
vt 0.592972 0.058661
vt 0.388447 0.506999
vt 0.388447 0.547344
vt 0.092972 0.441340
vt 0.101014 0.431540
vt 0.265076 0.592174
vt 0.265076 0.547344
vt 0.678146 0.013133
vt 0.639293 0.042883
vt 0.388447 0.592174
vt 0.375830 0.590649
vt 0.139294 0.457117
vt 0.133317 0.468298
vt 0.265076 0.639765
vt 0.726980 0.016284
vt 0.681827 0.025265
vt 0.388447 0.639765
vt 0.181827 0.474735
vt 0.178147 0.486867
vt 0.725738 0.003667
vt 0.773019 0.016284
vt 0.388447 0.688288
vt 0.226981 0.483716
vt 0.225739 0.496333
vt 0.265076 0.688288
vt 0.821853 0.013133
vt 0.774261 0.003667
vt 0.375830 0.737404
vt 0.388447 0.735880
vt 0.273020 0.483716
vt 0.274262 0.496333
vt 0.265076 0.780710
vt 0.265076 0.735880
vt 0.866683 0.031702
vt 0.818173 0.025265
vt 0.388447 0.780710
vt 0.321854 0.486867
vt 0.898986 0.068460
vt 0.860706 0.042883
vt 0.388447 0.821055
vt 0.360707 0.457117
vt 0.366683 0.468297
vt 0.265076 0.821055
vt 0.907028 0.058660
vt 0.931538 0.101013
vt 0.375830 0.859426
vt 0.388447 0.855366
vt 0.398984 0.431540
vt 0.407028 0.441339
vt 0.127038 0.890405
vt 0.968298 0.133317
vt 0.941339 0.092971
vt 0.003667 0.856094
vt 0.431541 0.398984
vt 0.441341 0.407028
vt 0.127038 0.856094
vt 0.986868 0.178147
vt 0.957118 0.139295
vt 0.003667 0.815749
vt 0.468299 0.366683
vt 0.457118 0.360706
vt 0.127038 0.770919
vt 0.127038 0.815749
vt 0.983716 0.226978
vt 0.974735 0.181827
vt 0.003667 0.770919
vt 0.474734 0.318174
vt 0.486867 0.321853
vt 0.127038 0.723328
vt 0.996333 0.225737
vt 0.983716 0.273019
vt 0.003667 0.723328
vt 0.483716 0.273019
vt 0.496333 0.274261
vt 0.986867 0.321853
vt 0.996333 0.274261
vt 0.003667 0.674804
vt 0.496333 0.225737
vt 0.483716 0.226978
vt 0.127038 0.674804
vt 0.968299 0.366682
vt 0.974734 0.318174
vt 0.003667 0.627213
vt 0.486867 0.178147
vt 0.127038 0.582384
vt 0.127038 0.627213
vt 0.931541 0.398983
vt 0.957118 0.360706
vt 0.003667 0.582384
vt 0.457118 0.139296
vt 0.468298 0.133318
vt 0.127038 0.542038
vt 0.907028 0.441339
vt 0.941341 0.407028
vt 0.003667 0.542038
vt 0.441339 0.092972
vt 0.431538 0.101013
vt 0.866683 0.468297
vt 0.898985 0.431540
vt 0.016284 0.503667
vt 0.003667 0.507727
vt 0.407028 0.058661
vt 0.398985 0.068460
vt 0.257742 0.856095
vt 0.821854 0.486867
vt 0.860707 0.457117
vt 0.134371 0.856095
vt 0.134371 0.815750
vt 0.366683 0.031702
vt 0.360706 0.042883
vt 0.257742 0.770920
vt 0.257742 0.815750
vt 0.773020 0.483716
vt 0.818173 0.474735
vt 0.134371 0.770920
vt 0.318172 0.025265
vt 0.321852 0.013133
vt 0.725739 0.496333
vt 0.774262 0.496333
vt 0.134371 0.723329
vt 0.273019 0.016284
vt 0.274261 0.003667
vt 0.257742 0.674805
vt 0.257742 0.723329
vt 0.681828 0.474735
vt 0.726981 0.483716
vt 0.134371 0.674805
vt 0.225738 0.003667
vt 0.226980 0.016284
vt 0.257742 0.627213
vt 0.678148 0.486867
vt 0.639294 0.457117
vt 0.134371 0.627213
vt 0.181827 0.025266
vt 0.178146 0.013133
vt 0.257742 0.582384
vt 0.633317 0.468298
vt 0.601015 0.431540
vt 0.134371 0.582384
vt 0.139293 0.042883
vt 0.133317 0.031703
vt 0.257742 0.542039
vt 0.592972 0.441339
vt 0.568462 0.398987
vt 0.134371 0.542039
vt 0.146988 0.538707
vt 0.101015 0.068460
vt 0.092972 0.058661
vt 0.245125 0.503667
vt 0.558661 0.407028
vt 0.542882 0.360705
vt 0.134371 0.507727
vt 0.146988 0.503667
vt 0.068459 0.101017
vt 0.058659 0.092972
vt 0.395780 0.542038
vt 0.513133 0.321853
vt 0.531702 0.366682
vt 0.519151 0.542038
vt 0.519151 0.582383
vt 0.031701 0.133318
vt 0.042882 0.139295
vt 0.395780 0.582383
vt 0.516284 0.273022
vt 0.525265 0.318173
vt 0.519151 0.627212
vt 0.025266 0.181826
vt 0.013133 0.178147
vt 0.395780 0.627212
vt 0.503667 0.274263
vt 0.003667 0.225739
vt 0.047384 0.027069
vt 0.018073 0.003398
vt 0.018073 0.996602
vt 0.018073 0.996602
vt 0.045758 0.000813
vt 0.045758 0.994017
vt 0.003587 0.003398
vt 0.007243 0.996602
vt 0.003587 0.996602
vt 0.047384 0.028694
vt 0.047384 0.030320
vt 0.025247 0.003398
vt 0.028902 0.996602
vt 0.025247 0.996602
vt 0.028902 0.003398
vt 0.044132 0.000813
vt 0.044132 0.994017
vt 0.044132 0.994017
vt 0.036076 0.003398
vt 0.039732 0.996602
vt 0.036076 0.996602
vt 0.014417 0.003398
vt 0.014417 0.996602
vt 0.052286 0.009730
vt 0.050817 0.004246
vt 0.056301 0.005716
vt 0.047384 0.031946
vt 0.055486 0.022010
vt 0.057017 0.023937
vt 0.055376 0.024917
vt 0.042506 0.996602
vt 0.040356 0.999187
vt 0.013793 0.999187
vt 0.011643 0.996602
vt 0.055452 0.008882
vt 0.057380 0.010809
vt 0.055586 0.011789
vt 0.011643 0.003398
vt 0.013793 0.000813
vt 0.040356 0.000813
vt 0.042506 0.003398
vt 0.039732 0.003398
vt 0.050970 0.022009
vt 0.048744 0.023937
vt 0.047896 0.022143
vt 0.020847 0.996602
vt 0.018696 0.999187
vt 0.002964 0.999187
vt 0.000813 0.996602
vt 0.055452 0.004246
vt 0.057380 0.002319
vt 0.058360 0.004113
vt 0.000813 0.003398
vt 0.002964 0.000813
vt 0.018696 0.000813
vt 0.020847 0.003398
vt 0.018073 0.003398
vt 0.050970 0.017374
vt 0.048744 0.015446
vt 0.050599 0.014466
vt 0.010017 0.996602
vt 0.007866 0.999187
vt 0.024623 0.999187
vt 0.022473 0.996602
vt 0.048889 0.002319
vt 0.050683 0.001338
vt 0.022473 0.003398
vt 0.024623 0.000813
vt 0.007866 0.000813
vt 0.010017 0.003398
vt 0.007243 0.003398
vt 0.055486 0.017374
vt 0.057017 0.015446
vt 0.058079 0.017240
vt 0.031677 0.996602
vt 0.029526 0.999187
vt 0.035453 0.999187
vt 0.033302 0.996602
vt 0.050817 0.008882
vt 0.048889 0.010809
vt 0.047909 0.009015
vt 0.033302 0.003398
vt 0.035453 0.000813
vt 0.029526 0.000813
vt 0.031677 0.003398
vt 0.014704 0.999187
vt 0.054055 0.022858
vt 0.014704 0.000813
vt 0.058360 0.009015
vt 0.056301 0.007412
vt 0.058886 0.008105
vt 0.054489 0.025443
vt 0.052402 0.022858
vt 0.017786 0.000813
vt 0.058886 0.005023
vt 0.017786 0.999187
vt 0.050599 0.024917
vt 0.051486 0.025443
vt 0.003874 0.999187
vt 0.050143 0.020540
vt 0.003874 0.000813
vt 0.055586 0.001339
vt 0.053983 0.003398
vt 0.054676 0.000813
vt 0.006956 0.999187
vt 0.047384 0.021233
vt 0.050143 0.018843
vt 0.006956 0.000813
vt 0.052286 0.003398
vt 0.051594 0.000813
vt 0.047896 0.017240
vt 0.047384 0.018151
vt 0.025534 0.999187
vt 0.052402 0.016526
vt 0.025534 0.000813
vt 0.047909 0.004113
vt 0.049969 0.005716
vt 0.047384 0.005023
vt 0.051486 0.013941
vt 0.054055 0.016526
vt 0.028615 0.000813
vt 0.049969 0.007412
vt 0.047384 0.008105
vt 0.028615 0.999187
vt 0.055376 0.014466
vt 0.054489 0.013941
vt 0.036363 0.999187
vt 0.056313 0.018843
vt 0.036363 0.000813
vt 0.050683 0.011789
vt 0.051594 0.012315
vt 0.039445 0.999187
vt 0.058591 0.021233
vt 0.058591 0.018151
vt 0.039445 0.000813
vt 0.054676 0.012315
vt 0.053983 0.009730
vt 0.058079 0.022143
vt 0.056313 0.020540
vt 0.180400 0.760393
vt 0.156248 0.772621
vt 0.156693 0.760988
vt 0.265405 0.270662
vt 0.220159 0.307793
vt 0.220218 0.270656
vt 0.197241 0.729148
vt 0.221323 0.745498
vt 0.198087 0.751275
vt 0.131217 0.767253
vt 0.131442 0.761364
vt 0.175912 0.306280
vt 0.175970 0.270520
vt 0.467204 0.268846
vt 0.495710 0.290277
vt 0.467161 0.295433
vt 0.105269 0.761513
vt 0.133698 0.303760
vt 0.133751 0.270258
vt 0.433521 0.269430
vt 0.433471 0.299849
vt 0.094552 0.300294
vt 0.094602 0.269875
vt 0.395524 0.269914
vt 0.395470 0.303416
vt 0.059441 0.295968
vt 0.059484 0.269381
vt 0.354151 0.270286
vt 0.354094 0.306046
vt 0.271807 0.727564
vt 0.298257 0.727482
vt 0.272032 0.733453
vt 0.029226 0.290890
vt 0.029262 0.268789
vt 0.310418 0.270538
vt 0.310359 0.307675
vt 0.245730 0.727875
vt 0.246175 0.739508
vt 0.004655 0.285183
vt 0.004682 0.268112
vt 0.265344 0.308262
vt 0.220669 0.728407
vt 0.133538 0.336608
vt 0.467034 0.321501
vt 0.433326 0.329674
vt 0.094407 0.330120
vt 0.395311 0.336264
vt 0.059313 0.322037
vt 0.353923 0.341108
vt 0.272703 0.739242
vt 0.029121 0.312559
vt 0.310181 0.344087
vt 0.247501 0.750943
vt 0.004573 0.301920
vt 0.265164 0.345129
vt 0.223271 0.762298
vt 0.179746 0.777484
vt 0.154922 0.784056
vt 0.219981 0.344206
vt 0.200610 0.773026
vt 0.130545 0.773042
vt 0.175742 0.341342
vt 0.495604 0.311946
vt 0.353641 0.374872
vt 0.309889 0.379152
vt 0.273809 0.744832
vt 0.249686 0.761985
vt 0.004439 0.318037
vt 0.264868 0.380630
vt 0.226482 0.778520
vt 0.177798 0.794284
vt 0.152736 0.795098
vt 0.219689 0.379271
vt 0.204767 0.794029
vt 0.129439 0.778631
vt 0.175459 0.375106
vt 0.495430 0.332814
vt 0.466825 0.346605
vt 0.133274 0.368240
vt 0.433086 0.358396
vt 0.094167 0.358841
vt 0.395047 0.367896
vt 0.059104 0.347140
vt 0.028946 0.333426
vt 0.495191 0.352522
vt 0.466537 0.370314
vt 0.127917 0.783926
vt 0.132911 0.398115
vt 0.432757 0.385522
vt 0.093838 0.385967
vt 0.394684 0.397771
vt 0.058817 0.370850
vt 0.353254 0.406761
vt 0.275332 0.750127
vt 0.028707 0.353135
vt 0.309487 0.412269
vt 0.252694 0.772444
vt 0.004254 0.333259
vt 0.264461 0.414160
vt 0.230899 0.793886
vt 0.174587 0.810506
vt 0.149730 0.805557
vt 0.219286 0.412387
vt 0.210487 0.813924
vt 0.175072 0.406995
vt 0.277244 0.755036
vt 0.028406 0.371347
vt 0.352767 0.436228
vt 0.308982 0.442871
vt 0.256470 0.782142
vt 0.188734 0.844372
vt 0.164621 0.840119
vt 0.170170 0.825872
vt 0.263950 0.445144
vt 0.236449 0.808133
vt 0.145952 0.815255
vt 0.218782 0.442989
vt 0.217671 0.832370
vt 0.126005 0.788835
vt 0.174586 0.436462
vt 0.494889 0.370734
vt 0.466175 0.392223
vt 0.132455 0.425722
vt 0.432343 0.410588
vt 0.093424 0.411033
vt 0.394228 0.425378
vt 0.058454 0.392758
vt 0.123736 0.793276
vt 0.174008 0.463004
vt 0.200600 0.854255
vt 0.226198 0.849052
vt 0.210858 0.874323
vt 0.131914 0.450588
vt 0.465746 0.411957
vt 0.431852 0.433166
vt 0.092933 0.433612
vt 0.393686 0.450244
vt 0.058025 0.412492
vt 0.352190 0.462770
vt 0.279513 0.759476
vt 0.028049 0.387751
vt 0.308382 0.470436
vt 0.260953 0.790913
vt 0.181550 0.862818
vt 0.158035 0.853004
vt 0.263343 0.473052
vt 0.243034 0.821019
vt 0.141470 0.824025
vt 0.218181 0.470554
vt 0.057535 0.429713
vt 0.393071 0.471944
vt 0.351531 0.485933
vt 0.282101 0.763370
vt 0.027642 0.402066
vt 0.307698 0.494490
vt 0.266065 0.798605
vt 0.173023 0.879500
vt 0.150525 0.864306
vt 0.262650 0.497406
vt 0.250544 0.832321
vt 0.136358 0.831718
vt 0.217497 0.494609
vt 0.235920 0.863685
vt 0.121148 0.797170
vt 0.173350 0.486167
vt 0.222554 0.891927
vt 0.131298 0.472288
vt 0.465256 0.429178
vt 0.431292 0.452869
vt 0.092373 0.453315
vt 0.586539 0.726817
vt 0.607659 0.770572
vt 0.587475 0.772048
vt 0.258849 0.841846
vt 0.246673 0.876018
vt 0.118286 0.800452
vt 0.609732 0.815213
vt 0.590296 0.816633
vt 0.235489 0.906763
vt 0.613142 0.858141
vt 0.594933 0.859472
vt 0.210774 0.916350
vt 0.225574 0.933325
vt 0.617805 0.898307
vt 0.601272 0.899514
vt 0.430673 0.469361
vt 0.392388 0.490107
vt 0.623607 0.934715
vt 0.609156 0.935771
vt 0.350803 0.505319
vt 0.284962 0.766653
vt 0.174369 0.920463
vt 0.152548 0.906466
vt 0.163301 0.894133
vt 0.306943 0.514624
vt 0.271718 0.805089
vt 0.142221 0.873832
vt 0.261885 0.517790
vt 0.130705 0.838202
vt 0.613250 0.596969
vt 0.635268 0.559237
vt 0.632329 0.595951
vt 0.638748 0.933906
vt 0.609805 0.637440
vt 0.630170 0.636352
vt 0.288049 0.769266
vt 0.161434 0.935299
vt 0.140950 0.916288
vt 0.607697 0.680578
vt 0.628846 0.679449
vt 0.277815 0.810253
vt 0.133262 0.881419
vt 0.606975 0.725324
vt 0.628388 0.724181
vt 0.267807 0.849432
vt 0.124608 0.843366
vt 0.628808 0.769444
vt 0.258271 0.885840
vt 0.115200 0.803066
vt 0.630096 0.814125
vt 0.249442 0.918579
vt 0.632220 0.857123
vt 0.241538 0.946844
vt 0.635128 0.897382
vt 0.284253 0.814008
vt 0.277265 0.854950
vt 0.118170 0.847121
vt 0.650560 0.768680
vt 0.270517 0.892983
vt 0.111940 0.804967
vt 0.651041 0.813390
vt 0.264173 0.927172
vt 0.651843 0.856434
vt 0.654489 0.526573
vt 0.653085 0.558612
vt 0.652945 0.896756
vt 0.651951 0.595262
vt 0.654320 0.933360
vt 0.651115 0.635617
vt 0.291308 0.771167
vt 0.147481 0.947115
vt 0.128704 0.923431
vt 0.650597 0.678685
vt 0.123804 0.886936
vt 0.650411 0.723408
vt 0.670950 0.896440
vt 0.671091 0.558296
vt 0.671782 0.594915
vt 0.670058 0.933085
vt 0.672282 0.635246
vt 0.294684 0.772323
vt 0.132750 0.955708
vt 0.116021 0.927773
vt 0.672579 0.678300
vt 0.290921 0.816291
vt 0.114008 0.890289
vt 0.672667 0.723018
vt 0.287061 0.858303
vt 0.111502 0.849404
vt 0.672542 0.768294
vt 0.283200 0.897325
vt 0.108565 0.806123
vt 0.672208 0.813019
vt 0.279432 0.932396
vt 0.671673 0.856087
vt 0.670226 0.526297
vt 0.694416 0.678300
vt 0.694776 0.723018
vt 0.297705 0.817062
vt 0.297028 0.859436
vt 0.104718 0.850175
vt 0.694378 0.768294
vt 0.296104 0.898792
vt 0.105131 0.806513
vt 0.693235 0.813020
vt 0.294955 0.934160
vt 0.691372 0.856087
vt 0.685859 0.526297
vt 0.688977 0.558297
vt 0.688837 0.896441
vt 0.691480 0.594915
vt 0.685691 0.933084
vt 0.693308 0.635247
vt 0.298118 0.772714
vt 0.117492 0.960932
vt 0.103117 0.929240
vt 0.104041 0.891422
vt 0.706438 0.558612
vt 0.710603 0.856434
vt 0.706298 0.896757
vt 0.710711 0.595262
vt 0.700952 0.933360
vt 0.713835 0.635617
vt 0.301552 0.772332
vt 0.086444 0.960972
vt 0.090213 0.927806
vt 0.715733 0.678686
vt 0.304489 0.816309
vt 0.094074 0.890315
vt 0.716358 0.723408
vt 0.306995 0.858329
vt 0.097934 0.849421
vt 0.715696 0.768680
vt 0.309008 0.897358
vt 0.101696 0.806132
vt 0.713761 0.813391
vt 0.310479 0.932435
vt 0.311157 0.814042
vt 0.077529 0.923496
vt 0.084278 0.886986
vt 0.737046 0.724181
vt 0.316791 0.855000
vt 0.091266 0.847155
vt 0.736129 0.769443
vt 0.321692 0.893048
vt 0.098321 0.804985
vt 0.733436 0.814126
vt 0.325737 0.927251
vt 0.729035 0.857123
vt 0.328828 0.956765
vt 0.311371 0.962697
vt 0.723034 0.897382
vt 0.729144 0.595951
vt 0.715581 0.933906
vt 0.733510 0.636352
vt 0.304928 0.771185
vt 0.071186 0.955787
vt 0.736166 0.679449
vt 0.095062 0.803092
vt 0.751924 0.815212
vt 0.746356 0.858142
vt 0.345683 0.946976
vt 0.738761 0.898307
vt 0.723174 0.559237
vt 0.746464 0.596969
vt 0.729326 0.934714
vt 0.751997 0.637439
vt 0.308187 0.769292
vt 0.056455 0.947231
vt 0.065284 0.916384
vt 0.755365 0.680578
vt 0.317595 0.810304
vt 0.074820 0.881493
vt 0.756485 0.725323
vt 0.326250 0.849507
vt 0.084828 0.843416
vt 0.755328 0.770573
vt 0.333937 0.885936
vt 0.340468 0.918695
vt 0.042502 0.935451
vt 0.053686 0.906592
vt 0.671838 0.508046
vt 0.716742 0.500697
vt 0.715926 0.517790
vt 0.323693 0.805155
vt 0.065862 0.873929
vt 0.774342 0.726817
vt 0.335208 0.841943
vt 0.078730 0.838268
vt 0.772965 0.772048
vt 0.345536 0.876143
vt 0.091975 0.800486
vt 0.768907 0.816633
vt 0.354421 0.906914
vt 0.762266 0.859471
vt 0.361646 0.933498
vt 0.753207 0.899514
vt 0.591086 0.470380
vt 0.630617 0.476692
vt 0.629882 0.492111
vt 0.741953 0.935771
vt 0.672623 0.491586
vt 0.311274 0.766686
vt 0.850805 0.491821
vt 0.807699 0.479546
vt 0.851533 0.471340
vt 0.367356 0.892111
vt 0.089113 0.797211
vt 0.892389 0.477035
vt 0.893071 0.457848
vt 0.556994 0.431149
vt 0.592373 0.438957
vt 0.591754 0.456379
vt 0.930673 0.456824
vt 0.931292 0.439402
vt 0.631299 0.457504
vt 0.964715 0.431684
vt 0.965257 0.416457
vt 0.673352 0.471106
vt 0.314136 0.763411
vt 0.029567 0.920647
vt 0.042933 0.894286
vt 0.717498 0.479427
vt 0.329346 0.798686
vt 0.057556 0.864425
vt 0.762652 0.482264
vt 0.761886 0.503799
vt 0.343513 0.832439
vt 0.073077 0.831799
vt 0.806943 0.500815
vt 0.356288 0.863838
vt 0.674010 0.446954
vt 0.316723 0.759523
vt 0.017870 0.903074
vt 0.033210 0.879678
vt 0.718181 0.454345
vt 0.334457 0.791006
vt 0.050047 0.853142
vt 0.763344 0.456869
vt 0.351022 0.821156
vt 0.067966 0.824118
vt 0.808382 0.454464
vt 0.366011 0.849230
vt 0.086526 0.793323
vt 0.852191 0.447188
vt 0.527644 0.388965
vt 0.558025 0.397965
vt 0.557536 0.415922
vt 0.893688 0.435221
vt 0.592933 0.418412
vt 0.931853 0.418858
vt 0.631916 0.434877
vt 0.965746 0.398501
vt 0.374537 0.832570
vt 0.063483 0.815359
vt 0.084256 0.788889
vt 0.808982 0.425999
vt 0.852768 0.419778
vt 0.528051 0.374038
vt 0.558455 0.377586
vt 0.894228 0.409542
vt 0.593424 0.395096
vt 0.932343 0.395541
vt 0.632457 0.409198
vt 0.966175 0.378122
vt 0.674587 0.419544
vt 0.318992 0.755089
vt 0.994534 0.374651
vt 0.994890 0.357711
vt 0.718782 0.425880
vt 0.338940 0.782247
vt 0.024684 0.863018
vt 0.043461 0.840274
vt 0.763951 0.428050
vt 0.357608 0.808288
vt 0.932757 0.369853
vt 0.966537 0.355669
vt 0.675074 0.389346
vt 0.320905 0.750184
vt 0.995191 0.339047
vt 0.719286 0.394519
vt 0.342717 0.772559
vt 0.017499 0.844590
vt 0.037912 0.826041
vt 0.764463 0.396297
vt 0.363157 0.794054
vt 0.059706 0.805672
vt 0.809487 0.394637
vt 0.381722 0.814142
vt 0.082344 0.783984
vt 0.853255 0.389580
vt 0.528407 0.357098
vt 0.558816 0.355134
vt 0.894684 0.381251
vt 0.593838 0.369408
vt 0.632912 0.380907
vt 0.764870 0.362156
vt 0.809889 0.360916
vt 0.504254 0.319722
vt 0.528947 0.318367
vt 0.528708 0.338434
vt 0.056699 0.795220
vt 0.080822 0.778693
vt 0.853642 0.357110
vt 0.559104 0.330992
vt 0.895046 0.350830
vt 0.594167 0.341787
vt 0.933086 0.342232
vt 0.633275 0.350487
vt 0.966824 0.331527
vt 0.675460 0.356876
vt 0.322427 0.744894
vt 0.995431 0.318980
vt 0.719688 0.360797
vt 0.345724 0.762107
vt 0.011780 0.824710
vt 0.033494 0.810686
vt 0.367575 0.778700
vt 0.633539 0.318458
vt 0.933326 0.313151
vt 0.967033 0.306110
vt 0.675742 0.322688
vt 0.323533 0.739307
vt 0.995604 0.297851
vt 0.719981 0.325294
vt 0.347909 0.751071
vt 0.007623 0.803717
vt 0.030284 0.794472
vt 0.765166 0.326209
vt 0.370785 0.762486
vt 0.054514 0.784184
vt 0.810182 0.325412
vt 0.504440 0.304222
vt 0.529121 0.297238
vt 0.079716 0.773107
vt 0.853923 0.322923
vt 0.559313 0.305574
vt 0.895311 0.318802
vt 0.594407 0.312706
vt 0.372734 0.745691
vt 0.028335 0.777677
vt 0.053187 0.772752
vt 0.765346 0.289073
vt 0.810359 0.288733
vt 0.504574 0.287903
vt 0.529226 0.275410
vt 0.079044 0.767319
vt 0.854094 0.287604
vt 0.559440 0.279315
vt 0.895470 0.285713
vt 0.594552 0.282662
vt 0.933471 0.283107
vt 0.633698 0.285369
vt 0.967161 0.279850
vt 0.675913 0.287370
vt 0.324205 0.733519
vt 0.995709 0.276023
vt 0.720158 0.288615
vt 0.349236 0.739639
vt 0.005100 0.781973
vt 0.895523 0.252131
vt 0.933520 0.252615
vt 0.633752 0.251787
vt 0.967204 0.253199
vt 0.675970 0.251524
vt 0.324430 0.727631
vt 0.995745 0.253869
vt 0.720217 0.251389
vt 0.349680 0.728007
vt 0.004254 0.759847
vt 0.027682 0.760588
vt 0.765405 0.251383
vt 0.373387 0.728602
vt 0.052742 0.761120
vt 0.810418 0.251507
vt 0.504655 0.271044
vt 0.529262 0.253256
vt 0.078819 0.761431
vt 0.854152 0.251759
vt 0.559483 0.252664
vt 0.594601 0.252170
vt 0.028335 0.743497
vt 0.720158 0.214251
vt 0.765345 0.213782
vt 0.349236 0.716374
vt 0.372734 0.711511
vt 0.053187 0.749487
vt 0.810359 0.214370
vt 0.504656 0.236862
vt 0.529227 0.231155
vt 0.079044 0.755542
vt 0.854094 0.215999
vt 0.559440 0.226076
vt 0.895470 0.218629
vt 0.594552 0.221751
vt 0.933471 0.222196
vt 0.633698 0.218285
vt 0.967161 0.226612
vt 0.675913 0.215765
vt 0.324205 0.721742
vt 0.995710 0.231768
vt 0.895310 0.185781
vt 0.559313 0.200008
vt 0.594406 0.191925
vt 0.933325 0.192370
vt 0.633538 0.185437
vt 0.967033 0.200543
vt 0.675742 0.180702
vt 0.323533 0.715953
vt 0.995605 0.210099
vt 0.719980 0.177839
vt 0.347909 0.704939
vt 0.005100 0.737720
vt 0.030284 0.726697
vt 0.765165 0.176916
vt 0.370785 0.694710
vt 0.054514 0.738051
vt 0.810181 0.177957
vt 0.504574 0.220125
vt 0.529121 0.209486
vt 0.079716 0.749753
vt 0.853924 0.180936
vt 0.675460 0.146938
vt 0.719688 0.142774
vt 0.322427 0.710363
vt 0.345724 0.693897
vt 0.007622 0.715968
vt 0.033494 0.710475
vt 0.764869 0.141415
vt 0.367575 0.678489
vt 0.056699 0.727010
vt 0.809889 0.142893
vt 0.504440 0.204008
vt 0.528947 0.188618
vt 0.080822 0.744163
vt 0.853641 0.147172
vt 0.559104 0.174904
vt 0.895047 0.154149
vt 0.594167 0.163204
vt 0.933086 0.163649
vt 0.633275 0.153805
vt 0.966824 0.175440
vt 0.995430 0.189231
vt 0.528708 0.168910
vt 0.558816 0.151195
vt 0.082344 0.738868
vt 0.894683 0.124273
vt 0.593838 0.136078
vt 0.932757 0.136523
vt 0.632912 0.123929
vt 0.966537 0.151731
vt 0.675073 0.115050
vt 0.320905 0.705069
vt 0.995191 0.169523
vt 0.719285 0.109657
vt 0.342717 0.683438
vt 0.011779 0.694966
vt 0.037912 0.695109
vt 0.764462 0.107885
vt 0.363157 0.663122
vt 0.059706 0.716550
vt 0.809486 0.109776
vt 0.504254 0.188786
vt 0.853254 0.115284
vt 0.318992 0.700159
vt 0.994890 0.151311
vt 0.674587 0.085583
vt 0.718781 0.079055
vt 0.338940 0.673740
vt 0.017499 0.675071
vt 0.043461 0.680861
vt 0.763950 0.076901
vt 0.357608 0.648875
vt 0.063483 0.706852
vt 0.808982 0.079174
vt 0.381722 0.644623
vt 0.374537 0.626177
vt 0.084256 0.733959
vt 0.852768 0.085817
vt 0.528406 0.150698
vt 0.558454 0.129287
vt 0.894228 0.096666
vt 0.593423 0.111011
vt 0.932342 0.111456
vt 0.632456 0.096323
vt 0.966174 0.129822
vt 0.852190 0.059274
vt 0.528049 0.134294
vt 0.558025 0.109553
vt 0.086526 0.729519
vt 0.893686 0.071801
vt 0.592932 0.088433
vt 0.931852 0.088879
vt 0.631914 0.071457
vt 0.965745 0.110088
vt 0.674009 0.059040
vt 0.316723 0.695719
vt 0.007613 0.634740
vt 0.033210 0.639943
vt 0.024683 0.656625
vt 0.718181 0.051491
vt 0.334457 0.664970
vt 0.050047 0.667976
vt 0.763344 0.048993
vt 0.351022 0.635990
vt 0.067966 0.698082
vt 0.808381 0.051609
vt 0.366011 0.609494
vt 0.631298 0.049756
vt 0.673350 0.035878
vt 0.314136 0.691825
vt 0.017870 0.614671
vt 0.042933 0.625310
vt 0.717497 0.027436
vt 0.329346 0.657277
vt 0.057556 0.656674
vt 0.762651 0.024638
vt 0.343513 0.624688
vt 0.073077 0.690390
vt 0.807698 0.027554
vt 0.356288 0.594862
vt 0.089113 0.725625
vt 0.851532 0.036112
vt 0.527643 0.119979
vt 0.557535 0.092331
vt 0.893070 0.050100
vt 0.592372 0.068730
vt 0.931292 0.069175
vt 0.965255 0.092867
vt 0.335208 0.615163
vt 0.345535 0.582529
vt 0.091975 0.722342
vt 0.850804 0.016725
vt 0.367356 0.568532
vt 0.354421 0.553695
vt 0.892388 0.031938
vt 0.404961 0.562552
vt 0.427297 0.527352
vt 0.421495 0.563761
vt 0.930672 0.052684
vt 0.398623 0.602595
vt 0.416831 0.603925
vt 0.017787 0.572645
vt 0.042502 0.582232
vt 0.029566 0.597068
vt 0.393986 0.645434
vt 0.413422 0.646855
vt 0.311274 0.688542
vt 0.053685 0.612977
vt 0.391165 0.690019
vt 0.411349 0.691494
vt 0.323693 0.650793
vt 0.065861 0.647149
vt 0.390229 0.735251
vt 0.410665 0.736745
vt 0.078730 0.683905
vt 0.806942 0.007421
vt 0.032586 0.555670
vt 0.056454 0.570416
vt 0.435910 0.604945
vt 0.433786 0.647941
vt 0.308187 0.685929
vt 0.065283 0.603155
vt 0.432498 0.692623
vt 0.317595 0.645629
vt 0.074819 0.639562
vt 0.432078 0.737887
vt 0.326250 0.607576
vt 0.084828 0.678742
vt 0.432536 0.782617
vt 0.411387 0.781489
vt 0.333937 0.572707
vt 0.095062 0.719729
vt 0.433860 0.825716
vt 0.413495 0.824629
vt 0.340468 0.541879
vt 0.436018 0.866117
vt 0.416940 0.865097
vt 0.442438 0.528160
vt 0.438818 0.564685
vt 0.438958 0.902830
vt 0.421635 0.901905
vt 0.091265 0.674986
vt 0.454287 0.783381
vt 0.316791 0.602059
vt 0.321692 0.565564
vt 0.098321 0.717827
vt 0.454805 0.826451
vt 0.325737 0.533286
vt 0.455641 0.866805
vt 0.458010 0.528706
vt 0.456635 0.565310
vt 0.456775 0.903455
vt 0.455533 0.605633
vt 0.458179 0.935494
vt 0.442606 0.934948
vt 0.454731 0.648677
vt 0.304928 0.684027
vt 0.077529 0.596012
vt 0.454250 0.693387
vt 0.311157 0.641874
vt 0.084277 0.634045
vt 0.454101 0.738661
vt 0.474780 0.903771
vt 0.474640 0.565626
vt 0.475363 0.605980
vt 0.473916 0.935771
vt 0.475898 0.649048
vt 0.301552 0.682872
vt 0.071186 0.561822
vt 0.090212 0.591670
vt 0.476232 0.693772
vt 0.304489 0.639591
vt 0.094074 0.630691
vt 0.476357 0.739051
vt 0.306995 0.598705
vt 0.097933 0.672704
vt 0.476269 0.783766
vt 0.309008 0.561222
vt 0.101696 0.716671
vt 0.475972 0.826822
vt 0.310479 0.528062
vt 0.475471 0.867152
vt 0.473748 0.528983
vt 0.498068 0.693772
vt 0.498465 0.739051
vt 0.297705 0.638820
vt 0.297028 0.597573
vt 0.104718 0.671932
vt 0.498106 0.783767
vt 0.296104 0.559755
vt 0.105131 0.716281
vt 0.496998 0.826822
vt 0.294955 0.526298
vt 0.495170 0.867153
vt 0.489381 0.528982
vt 0.492527 0.565626
vt 0.492667 0.903770
vt 0.495062 0.605981
vt 0.489549 0.935770
vt 0.496925 0.649048
vt 0.298118 0.682481
vt 0.086444 0.556599
vt 0.103117 0.590203
vt 0.104041 0.629559
vt 0.509987 0.565311
vt 0.514401 0.866806
vt 0.510128 0.903455
vt 0.514292 0.605633
vt 0.504811 0.935494
vt 0.517451 0.648677
vt 0.294684 0.682863
vt 0.117491 0.556559
vt 0.116021 0.591637
vt 0.519385 0.693387
vt 0.290921 0.639574
vt 0.114007 0.630666
vt 0.520048 0.738661
vt 0.287061 0.598680
vt 0.111502 0.672686
vt 0.519423 0.783382
vt 0.283200 0.561189
vt 0.108565 0.716663
vt 0.517525 0.826452
vt 0.279432 0.528023
vt 0.284253 0.641840
vt 0.128704 0.595946
vt 0.123804 0.633995
vt 0.540736 0.737888
vt 0.277265 0.602009
vt 0.118170 0.674952
vt 0.539856 0.782618
vt 0.270517 0.565499
vt 0.111940 0.717810
vt 0.537200 0.825716
vt 0.264173 0.533208
vt 0.532834 0.866117
vt 0.504642 0.528707
vt 0.526724 0.564685
vt 0.526864 0.902829
vt 0.532725 0.604945
vt 0.135841 0.532229
vt 0.132749 0.561744
vt 0.537126 0.647942
vt 0.291308 0.684010
vt 0.539818 0.692623
vt 0.555687 0.824629
vt 0.550154 0.865098
vt 0.519271 0.528160
vt 0.542450 0.563761
vt 0.542591 0.901906
vt 0.550045 0.603926
vt 0.152695 0.542018
vt 0.147481 0.570300
vt 0.555614 0.646854
vt 0.288049 0.685903
vt 0.140950 0.603059
vt 0.559018 0.691495
vt 0.277815 0.645579
vt 0.133262 0.639488
vt 0.560175 0.736745
vt 0.267807 0.607502
vt 0.124608 0.678691
vt 0.559055 0.781489
vt 0.258271 0.572611
vt 0.115200 0.719703
vt 0.249442 0.541764
vt 0.576655 0.690020
vt 0.271718 0.650727
vt 0.152548 0.612851
vt 0.142220 0.647051
vt 0.578032 0.735251
vt 0.258849 0.615065
vt 0.130705 0.683839
vt 0.576693 0.780014
vt 0.246673 0.582403
vt 0.118286 0.722309
vt 0.171837 0.013999
vt 0.216743 0.021348
vt 0.172623 0.030458
vt 0.235489 0.553544
vt 0.129881 0.029933
vt 0.130617 0.045353
vt 0.533016 0.527352
vt 0.556897 0.562552
vt 0.091086 0.051665
vt 0.091755 0.065666
vt 0.565956 0.602595
vt 0.168659 0.555497
vt 0.161434 0.582080
vt 0.572597 0.645435
vt 0.284962 0.688509
vt 0.222554 0.568348
vt 0.173351 0.050939
vt 0.131299 0.064541
vt 0.464715 0.090360
vt 0.431293 0.082642
vt 0.430674 0.065220
vt 0.092374 0.083088
vt 0.393072 0.064197
vt 0.392389 0.045009
vt 0.056995 0.090896
vt 0.057537 0.106123
vt 0.351533 0.050705
vt 0.350804 0.030224
vt 0.282101 0.691784
vt 0.174369 0.596884
vt 0.163300 0.625157
vt 0.307699 0.042499
vt 0.306943 0.021229
vt 0.266065 0.657196
vt 0.150525 0.656556
vt 0.262651 0.039781
vt 0.261886 0.018246
vt 0.250544 0.624570
vt 0.121148 0.725584
vt 0.136358 0.690309
vt 0.217499 0.042617
vt 0.235920 0.594709
vt 0.243034 0.635853
vt 0.158035 0.667839
vt 0.141470 0.697989
vt 0.263344 0.065175
vt 0.218182 0.067699
vt 0.226198 0.609317
vt 0.123736 0.729472
vt 0.174009 0.075091
vt 0.210857 0.585921
vt 0.131916 0.087167
vt 0.465257 0.105588
vt 0.431853 0.103187
vt 0.092934 0.103632
vt 0.393688 0.086824
vt 0.058026 0.124080
vt 0.352190 0.074856
vt 0.279513 0.695672
vt 0.027643 0.133080
vt 0.028050 0.148007
vt 0.308382 0.067580
vt 0.260953 0.664876
vt 0.173023 0.639765
vt 0.132456 0.112846
vt 0.093424 0.126949
vt 0.394229 0.112502
vt 0.058455 0.144459
vt 0.352768 0.102266
vt 0.277244 0.700106
vt 0.028406 0.164947
vt 0.308983 0.096046
vt 0.256471 0.673635
vt 0.181550 0.656425
vt 0.164620 0.680707
vt 0.263950 0.093995
vt 0.236449 0.648721
vt 0.145952 0.706748
vt 0.218782 0.096164
vt 0.217671 0.625977
vt 0.126005 0.733906
vt 0.174586 0.102500
vt 0.494534 0.147394
vt 0.466176 0.143923
vt 0.465746 0.123544
vt 0.432344 0.126503
vt 0.188734 0.674853
vt 0.170170 0.694940
vt 0.264462 0.125748
vt 0.230899 0.662954
vt 0.149729 0.716436
vt 0.219287 0.127526
vt 0.210487 0.644405
vt 0.127917 0.738810
vt 0.175073 0.132698
vt 0.494889 0.164334
vt 0.466538 0.166375
vt 0.132912 0.141138
vt 0.432758 0.152192
vt 0.093839 0.152637
vt 0.394685 0.140794
vt 0.058817 0.166911
vt 0.353254 0.132464
vt 0.275332 0.705011
vt 0.028707 0.183610
vt 0.309487 0.127407
vt 0.252693 0.683323
vt 0.175460 0.165169
vt 0.133274 0.171558
vt 0.433087 0.179812
vt 0.094167 0.180257
vt 0.395047 0.171214
vt 0.059104 0.191053
vt 0.353641 0.164935
vt 0.273809 0.710301
vt 0.028947 0.203678
vt 0.309889 0.161129
vt 0.249686 0.693775
vt 0.004254 0.202323
vt 0.004439 0.217823
vt 0.264869 0.159889
vt 0.226482 0.678309
vt 0.174587 0.710295
vt 0.152736 0.726887
vt 0.219689 0.161247
vt 0.204767 0.664285
vt 0.129439 0.744101
vt 0.495190 0.182998
vt 0.466825 0.190517
vt 0.310182 0.196633
vt 0.247501 0.704811
vt 0.029120 0.224807
vt 0.004573 0.234142
vt 0.265165 0.195835
vt 0.223271 0.694523
vt 0.177798 0.726509
vt 0.154922 0.737924
vt 0.219982 0.196751
vt 0.200610 0.685277
vt 0.130545 0.749688
vt 0.175741 0.199356
vt 0.495430 0.203065
vt 0.467034 0.215935
vt 0.133538 0.203587
vt 0.433327 0.208894
vt 0.094407 0.209339
vt 0.395311 0.203243
vt 0.059313 0.216471
vt 0.353922 0.199122
vt 0.272703 0.715888
vt 0.495603 0.224194
vt 0.467161 0.242194
vt 0.131217 0.755475
vt 0.175912 0.234675
vt 0.133698 0.236675
vt 0.433472 0.238938
vt 0.094552 0.239383
vt 0.395471 0.236332
vt 0.059441 0.242730
vt 0.354094 0.234441
vt 0.272032 0.721676
vt 0.029226 0.246635
vt 0.310359 0.233311
vt 0.246175 0.716243
vt 0.004655 0.251001
vt 0.265345 0.232972
vt 0.221323 0.711318
vt 0.179746 0.743304
vt 0.156248 0.749355
vt 0.220159 0.233430
vt 0.198087 0.707022
vt 0.495709 0.246022
vt 0.044132 0.000813
vt 0.044132 0.994017
vt 0.044132 0.994017
vt 0.014417 0.003398
vt 0.014417 0.996602
vt 0.018073 0.996602
vt 0.003587 0.003398
vt 0.007243 0.996602
vt 0.003587 0.996602
vt 0.025247 0.003398
vt 0.025247 0.996602
vt 0.025247 0.996602
vt 0.025247 0.003398
vt 0.028902 0.996602
vt 0.036076 0.003398
vt 0.039732 0.996602
vt 0.036076 0.996602
vt 0.049969 0.005716
vt 0.055452 0.004246
vt 0.053983 0.009730
vt 0.050970 0.022010
vt 0.048744 0.023937
vt 0.047896 0.022143
vt 0.029526 0.999187
vt 0.035453 0.999187
vt 0.050817 0.008882
vt 0.048889 0.010809
vt 0.047909 0.009015
vt 0.035453 0.000813
vt 0.029526 0.000813
vt 0.028902 0.003398
vt 0.050970 0.017374
vt 0.048744 0.015446
vt 0.050599 0.014466
vt 0.040356 0.999187
vt 0.013793 0.999187
vt 0.055452 0.008882
vt 0.057380 0.010809
vt 0.055586 0.011789
vt 0.013793 0.000813
vt 0.040356 0.000813
vt 0.039732 0.003398
vt 0.055486 0.017374
vt 0.057017 0.015446
vt 0.058079 0.017240
vt 0.018696 0.999187
vt 0.002964 0.999187
vt 0.057380 0.002319
vt 0.058360 0.004113
vt 0.018696 0.000813
vt 0.018073 0.003398
vt 0.055486 0.022009
vt 0.057017 0.023937
vt 0.055376 0.024917
vt 0.024623 0.999187
vt 0.050817 0.004246
vt 0.048889 0.002319
vt 0.050683 0.001339
vt 0.024623 0.000813
vt 0.007866 0.000813
vt 0.007243 0.003398
vt 0.050143 0.020540
vt 0.050683 0.011789
vt 0.052286 0.009730
vt 0.051594 0.012315
vt 0.047384 0.021233
vt 0.050143 0.018843
vt 0.054676 0.012315
vt 0.047896 0.017240
vt 0.047384 0.018151
vt 0.014704 0.999187
vt 0.052402 0.016526
vt 0.014704 0.000813
vt 0.058360 0.009015
vt 0.056301 0.007412
vt 0.058886 0.008105
vt 0.054489 0.013941
vt 0.051486 0.013941
vt 0.058886 0.005023
vt 0.056301 0.005716
vt 0.055376 0.014466
vt 0.054055 0.016526
vt 0.003874 0.999187
vt 0.056313 0.018843
vt 0.003874 0.000813
vt 0.055586 0.001338
vt 0.053983 0.003398
vt 0.054676 0.000813
vt 0.058591 0.021233
vt 0.058591 0.018151
vt 0.006956 0.000813
vt 0.052286 0.003398
vt 0.051594 0.000813
vt 0.006956 0.999187
vt 0.058079 0.022143
vt 0.056313 0.020540
vt 0.054055 0.022858
vt 0.047909 0.004113
vt 0.047384 0.005023
vt 0.028616 0.999187
vt 0.051486 0.025443
vt 0.054489 0.025443
vt 0.028616 0.000813
vt 0.047384 0.008105
vt 0.049969 0.007412
vt 0.050599 0.024917
vt 0.052402 0.022858
vt 0.645849 0.270285
vt 0.604530 0.236329
vt 0.645906 0.234439
vt 0.114169 0.727565
vt 0.087719 0.727483
vt 0.113944 0.721676
vt 0.940517 0.269382
vt 0.970774 0.246636
vt 0.970739 0.268790
vt 0.689580 0.270537
vt 0.689641 0.233310
vt 0.140246 0.727876
vt 0.139801 0.716244
vt 0.995346 0.251003
vt 0.995319 0.268114
vt 0.734595 0.270662
vt 0.734655 0.232971
vt 0.165307 0.728408
vt 0.164653 0.711319
vt 0.205576 0.760395
vt 0.229728 0.749357
vt 0.229283 0.760989
vt 0.779843 0.233429
vt 0.779782 0.270656
vt 0.188734 0.729148
vt 0.187889 0.707023
vt 0.254759 0.755477
vt 0.254534 0.761366
vt 0.824088 0.234675
vt 0.824030 0.270520
vt 0.532795 0.268843
vt 0.504289 0.246019
vt 0.532838 0.242192
vt 0.280707 0.761514
vt 0.866303 0.236676
vt 0.866248 0.270258
vt 0.566479 0.269427
vt 0.566528 0.238935
vt 0.905449 0.239383
vt 0.905400 0.269875
vt 0.604476 0.269912
vt 0.940560 0.242731
vt 0.138475 0.704812
vt 0.162705 0.694524
vt 0.206229 0.743306
vt 0.231054 0.737925
vt 0.780020 0.196750
vt 0.185366 0.685278
vt 0.255431 0.749690
vt 0.824259 0.199356
vt 0.504396 0.224191
vt 0.532965 0.215932
vt 0.866462 0.203587
vt 0.566673 0.208891
vt 0.905594 0.209339
vt 0.604690 0.203241
vt 0.940686 0.216471
vt 0.646077 0.199120
vt 0.113272 0.715889
vt 0.970881 0.224808
vt 0.689818 0.196631
vt 0.995428 0.234143
vt 0.734835 0.195834
vt 0.905833 0.180258
vt 0.566912 0.179810
vt 0.604954 0.171212
vt 0.940897 0.191053
vt 0.646359 0.164933
vt 0.112166 0.710302
vt 0.971054 0.203679
vt 0.690110 0.161127
vt 0.136289 0.693776
vt 0.995562 0.217824
vt 0.735131 0.159888
vt 0.159494 0.678310
vt 0.208178 0.726511
vt 0.233239 0.726889
vt 0.780312 0.161247
vt 0.181209 0.664286
vt 0.256537 0.744103
vt 0.824541 0.165169
vt 0.504570 0.203062
vt 0.533175 0.190514
vt 0.866726 0.171558
vt 0.995746 0.202324
vt 0.690514 0.127406
vt 0.735539 0.125746
vt 0.133282 0.683324
vt 0.155076 0.662955
vt 0.211389 0.710297
vt 0.236247 0.716438
vt 0.780716 0.127525
vt 0.175489 0.644406
vt 0.258059 0.738812
vt 0.824928 0.132698
vt 0.504810 0.182995
vt 0.533463 0.166372
vt 0.867089 0.141138
vt 0.567242 0.152189
vt 0.906164 0.152637
vt 0.605317 0.140792
vt 0.941184 0.166912
vt 0.646746 0.132463
vt 0.110644 0.705011
vt 0.971294 0.183611
vt 0.867545 0.112847
vt 0.533825 0.143920
vt 0.567657 0.126501
vt 0.906578 0.126949
vt 0.605773 0.112500
vt 0.941546 0.144460
vt 0.647233 0.102264
vt 0.108732 0.700107
vt 0.971595 0.164948
vt 0.691018 0.096044
vt 0.129505 0.673636
vt 0.197242 0.674855
vt 0.221355 0.680709
vt 0.215806 0.694942
vt 0.736051 0.093994
vt 0.149527 0.648722
vt 0.240023 0.706749
vt 0.781220 0.096164
vt 0.168305 0.625978
vt 0.259971 0.733907
vt 0.825415 0.102500
vt 0.505111 0.164331
vt 0.647811 0.074855
vt 0.691618 0.067579
vt 0.106463 0.695673
vt 0.125023 0.664877
vt 0.204427 0.656427
vt 0.227941 0.667840
vt 0.736658 0.065174
vt 0.142941 0.635853
vt 0.244506 0.697990
vt 0.781820 0.067698
vt 0.159778 0.609317
vt 0.262241 0.729473
vt 0.825993 0.075090
vt 0.505467 0.147391
vt 0.534254 0.123541
vt 0.868086 0.087167
vt 0.568148 0.103184
vt 0.907069 0.103633
vt 0.606314 0.086821
vt 0.941976 0.124080
vt 0.971951 0.148008
vt 0.175118 0.585922
vt 0.150055 0.594709
vt 0.163422 0.568348
vt 0.264828 0.725585
vt 0.868703 0.064541
vt 0.534744 0.105585
vt 0.568708 0.082640
vt 0.907629 0.083088
vt 0.606931 0.064195
vt 0.942465 0.106124
vt 0.648469 0.050703
vt 0.103875 0.691785
vt 0.972358 0.133081
vt 0.692302 0.042497
vt 0.119911 0.657197
vt 0.212953 0.639766
vt 0.235451 0.656558
vt 0.737351 0.039779
vt 0.135432 0.624571
vt 0.249618 0.690310
vt 0.782504 0.042616
vt 0.826651 0.050938
vt 0.101013 0.688510
vt 0.211607 0.596885
vt 0.233428 0.612853
vt 0.222676 0.625158
vt 0.649198 0.030222
vt 0.693058 0.021228
vt 0.114258 0.650727
vt 0.243756 0.647053
vt 0.738116 0.018245
vt 0.127127 0.615066
vt 0.255271 0.683841
vt 0.783260 0.021347
vt 0.139303 0.582404
vt 0.267690 0.722310
vt 0.827379 0.030458
vt 0.150487 0.553545
vt 0.869385 0.045353
vt 0.535285 0.090358
vt 0.569327 0.065218
vt 0.908248 0.065666
vt 0.607613 0.045007
vt 0.943007 0.090897
vt 0.828165 0.013999
vt 0.127705 0.572611
vt 0.136534 0.541764
vt 0.270777 0.719704
vt 0.870121 0.029933
vt 0.607676 0.562554
vt 0.631557 0.527353
vt 0.622122 0.563762
vt 0.908917 0.051665
vt 0.598616 0.602595
vt 0.614527 0.603926
vt 0.217317 0.555498
vt 0.238495 0.570301
vt 0.224542 0.582082
vt 0.591976 0.645436
vt 0.608959 0.646856
vt 0.097926 0.685904
vt 0.245026 0.603060
vt 0.587917 0.690020
vt 0.605555 0.691495
vt 0.108161 0.645579
vt 0.252714 0.639489
vt 0.586541 0.735252
vt 0.604398 0.736745
vt 0.118169 0.607502
vt 0.261368 0.678693
vt 0.605517 0.781490
vt 0.587880 0.780015
vt 0.631847 0.604945
vt 0.627446 0.647943
vt 0.094667 0.684011
vt 0.257272 0.595948
vt 0.624754 0.692624
vt 0.101723 0.641840
vt 0.262172 0.633996
vt 0.623837 0.737888
vt 0.108710 0.602009
vt 0.267806 0.674954
vt 0.624717 0.782618
vt 0.115459 0.565499
vt 0.274036 0.717812
vt 0.627373 0.825717
vt 0.608885 0.824629
vt 0.121803 0.533208
vt 0.631739 0.866119
vt 0.614419 0.865100
vt 0.645302 0.528162
vt 0.637848 0.564686
vt 0.637708 0.902830
vt 0.621982 0.901906
vt 0.233280 0.542020
vt 0.253226 0.561745
vt 0.098914 0.598681
vt 0.102776 0.561189
vt 0.277411 0.716665
vt 0.647048 0.826452
vt 0.106545 0.528023
vt 0.650172 0.866807
vt 0.659931 0.528708
vt 0.654585 0.565312
vt 0.654445 0.903456
vt 0.650280 0.605634
vt 0.250135 0.532231
vt 0.268485 0.556560
vt 0.647122 0.648679
vt 0.091292 0.682864
vt 0.269955 0.591638
vt 0.645187 0.693388
vt 0.095055 0.639574
vt 0.271969 0.630667
vt 0.644525 0.738662
vt 0.274474 0.672688
vt 0.645150 0.783382
vt 0.675023 0.935771
vt 0.659762 0.935495
vt 0.669511 0.605981
vt 0.667648 0.649049
vt 0.087858 0.682482
vt 0.282859 0.590204
vt 0.666504 0.693773
vt 0.088271 0.638820
vt 0.281935 0.629560
vt 0.666107 0.739051
vt 0.088948 0.597573
vt 0.281258 0.671934
vt 0.666467 0.783767
vt 0.089872 0.559755
vt 0.280845 0.716283
vt 0.667575 0.826823
vt 0.091021 0.526298
vt 0.669403 0.867155
vt 0.675192 0.528983
vt 0.672046 0.565628
vt 0.671906 0.903772
vt 0.291902 0.630693
vt 0.288043 0.672705
vt 0.688216 0.739051
vt 0.688304 0.783767
vt 0.076967 0.561222
vt 0.284280 0.716673
vt 0.688601 0.826823
vt 0.075497 0.528063
vt 0.689102 0.867155
vt 0.689932 0.565627
vt 0.689792 0.903771
vt 0.689210 0.605981
vt 0.690657 0.935771
vt 0.688675 0.649049
vt 0.084423 0.682872
vt 0.299532 0.556600
vt 0.295764 0.591671
vt 0.688341 0.693773
vt 0.081486 0.639592
vt 0.078980 0.598706
vt 0.708932 0.866807
vt 0.707798 0.903457
vt 0.709040 0.605633
vt 0.706394 0.935496
vt 0.709842 0.648678
vt 0.081048 0.684028
vt 0.314790 0.561824
vt 0.308447 0.596013
vt 0.710323 0.693387
vt 0.074818 0.641874
vt 0.301699 0.634046
vt 0.710472 0.738661
vt 0.069184 0.602059
vt 0.294711 0.674988
vt 0.710286 0.783382
vt 0.064284 0.565564
vt 0.287655 0.717829
vt 0.709768 0.826452
vt 0.060239 0.533286
vt 0.690825 0.528984
vt 0.707938 0.565313
vt 0.732495 0.737889
vt 0.059726 0.607577
vt 0.311157 0.639564
vt 0.301149 0.678743
vt 0.732037 0.782619
vt 0.052038 0.572707
vt 0.290915 0.719730
vt 0.730713 0.825716
vt 0.045507 0.541880
vt 0.728554 0.866119
vt 0.706563 0.528709
vt 0.725755 0.564687
vt 0.725615 0.902831
vt 0.728663 0.604945
vt 0.721967 0.934949
vt 0.730787 0.647943
vt 0.077789 0.685929
vt 0.329522 0.570417
vt 0.320693 0.603156
vt 0.732075 0.692625
vt 0.068381 0.645630
vt 0.722135 0.528161
vt 0.743078 0.563762
vt 0.747633 0.865100
vt 0.742938 0.901906
vt 0.747741 0.603926
vt 0.353390 0.555671
vt 0.343474 0.582233
vt 0.751151 0.646856
vt 0.074702 0.688543
vt 0.332291 0.612978
vt 0.753224 0.691495
vt 0.062283 0.650793
vt 0.320115 0.647150
vt 0.753908 0.736745
vt 0.050768 0.615163
vt 0.307246 0.683907
vt 0.753186 0.781489
vt 0.040440 0.582529
vt 0.294001 0.722344
vt 0.751078 0.824630
vt 0.031555 0.553696
vt 0.056630 0.657277
vt 0.343044 0.625311
vt 0.328420 0.656676
vt 0.774344 0.735251
vt 0.042463 0.624689
vt 0.312899 0.690391
vt 0.193057 0.007421
vt 0.237348 0.024639
vt 0.192301 0.027554
vt 0.029688 0.594862
vt 0.296863 0.725626
vt 0.149195 0.016725
vt 0.148467 0.036112
vt 0.018619 0.568532
vt 0.107611 0.031938
vt 0.106928 0.050101
vt 0.737276 0.527353
vt 0.759611 0.562553
vt 0.069326 0.052684
vt 0.068707 0.069175
vt 0.765950 0.602595
vt 0.368189 0.572646
vt 0.356410 0.597069
vt 0.770587 0.645435
vt 0.071840 0.691826
vt 0.773408 0.690021
vt 0.147808 0.059275
vt 0.106312 0.071801
vt 0.442464 0.092331
vt 0.407067 0.088433
vt 0.407627 0.068730
vt 0.068147 0.088879
vt 0.368086 0.071457
vt 0.368702 0.049757
vt 0.034743 0.092867
vt 0.034253 0.110088
vt 0.325990 0.059041
vt 0.326648 0.035878
vt 0.069253 0.695720
vt 0.368106 0.614672
vt 0.352766 0.639944
vt 0.281818 0.051490
vt 0.282502 0.027436
vt 0.051518 0.664970
vt 0.335929 0.667978
vt 0.236655 0.048993
vt 0.034953 0.635991
vt 0.318010 0.698084
vt 0.191617 0.051609
vt 0.019965 0.609495
vt 0.299451 0.729520
vt 0.472356 0.119979
vt 0.441974 0.109552
vt 0.281218 0.079055
vt 0.047036 0.673741
vt 0.361293 0.656626
vt 0.342515 0.680863
vt 0.236048 0.076901
vt 0.028368 0.648876
vt 0.322493 0.706854
vt 0.191017 0.079174
vt 0.011438 0.626177
vt 0.301720 0.733960
vt 0.147231 0.085817
vt 0.471950 0.134294
vt 0.441545 0.129287
vt 0.105771 0.096667
vt 0.406576 0.111011
vt 0.067656 0.111457
vt 0.367544 0.096323
vt 0.033824 0.129822
vt 0.325412 0.085583
vt 0.066983 0.700160
vt 0.378364 0.634741
vt 0.471593 0.150698
vt 0.441183 0.151195
vt 0.303632 0.738870
vt 0.146744 0.115284
vt 0.105315 0.124273
vt 0.406161 0.136078
vt 0.067242 0.136523
vt 0.367088 0.123930
vt 0.033462 0.151731
vt 0.324926 0.115050
vt 0.065071 0.705069
vt 0.005109 0.151311
vt 0.004807 0.169523
vt 0.280713 0.109658
vt 0.043259 0.683439
vt 0.368478 0.675072
vt 0.348064 0.695110
vt 0.235536 0.107885
vt 0.022818 0.663123
vt 0.326270 0.716552
vt 0.190512 0.109776
vt 0.004254 0.644624
vt 0.063549 0.710364
vt 0.033174 0.175440
vt 0.004568 0.189231
vt 0.280311 0.142775
vt 0.040251 0.693898
vt 0.374197 0.694967
vt 0.352482 0.710476
vt 0.235130 0.141414
vt 0.018401 0.678489
vt 0.329277 0.727011
vt 0.190110 0.142893
vt 0.495745 0.188786
vt 0.471052 0.188618
vt 0.471291 0.168910
vt 0.305154 0.744165
vt 0.146357 0.147173
vt 0.440895 0.174905
vt 0.104952 0.154149
vt 0.405832 0.163204
vt 0.066913 0.163649
vt 0.366725 0.153805
vt 0.324539 0.146939
vt 0.331463 0.738053
vt 0.306261 0.749754
vt 0.189818 0.177958
vt 0.146075 0.180937
vt 0.440686 0.200008
vt 0.104688 0.185781
vt 0.405593 0.191926
vt 0.066673 0.192371
vt 0.366462 0.185437
vt 0.032965 0.200544
vt 0.324256 0.180703
vt 0.062442 0.715954
vt 0.004393 0.210099
vt 0.280019 0.177839
vt 0.038066 0.704939
vt 0.378354 0.715970
vt 0.355693 0.726698
vt 0.234834 0.176916
vt 0.015190 0.694711
vt 0.495560 0.204008
vt 0.470878 0.209486
vt 0.066527 0.222196
vt 0.032838 0.226612
vt 0.324086 0.215765
vt 0.061771 0.721743
vt 0.004288 0.231768
vt 0.279840 0.214251
vt 0.036740 0.716375
vt 0.380877 0.737721
vt 0.357641 0.743498
vt 0.234654 0.213783
vt 0.013241 0.711511
vt 0.332789 0.749488
vt 0.189640 0.214370
vt 0.495425 0.220126
vt 0.470772 0.231155
vt 0.306932 0.755543
vt 0.145904 0.215999
vt 0.440559 0.226077
vt 0.104528 0.218629
vt 0.405447 0.221751
vt 0.366302 0.218285
vt 0.234593 0.251383
vt 0.189581 0.251507
vt 0.495344 0.236863
vt 0.470737 0.253256
vt 0.333234 0.761121
vt 0.307157 0.761432
vt 0.145847 0.251759
vt 0.440516 0.252664
vt 0.104474 0.252131
vt 0.405398 0.252170
vt 0.066478 0.252615
vt 0.366248 0.251787
vt 0.032794 0.253199
vt 0.324028 0.251525
vt 0.061546 0.727632
vt 0.004253 0.253869
vt 0.279781 0.251389
vt 0.036295 0.728008
vt 0.381723 0.759849
vt 0.358294 0.760589
vt 0.012588 0.728602
vt 0.405447 0.282663
vt 0.366302 0.285370
vt 0.032837 0.279851
vt 0.324086 0.287371
vt 0.061771 0.733520
vt 0.004289 0.276023
vt 0.279841 0.288615
vt 0.036740 0.739640
vt 0.357641 0.777679
vt 0.234653 0.289074
vt 0.013241 0.745691
vt 0.332789 0.772753
vt 0.189640 0.288734
vt 0.495344 0.271044
vt 0.470773 0.275410
vt 0.306932 0.767321
vt 0.145904 0.287605
vt 0.440559 0.279315
vt 0.104528 0.285714
vt 0.066527 0.283108
vt 0.038066 0.751072
vt 0.015190 0.762487
vt 0.331463 0.784185
vt 0.189816 0.325413
vt 0.495426 0.287904
vt 0.470878 0.297238
vt 0.306260 0.773108
vt 0.146074 0.322923
vt 0.440686 0.305575
vt 0.104688 0.318802
vt 0.405592 0.312706
vt 0.066672 0.313152
vt 0.366461 0.318459
vt 0.032965 0.306110
vt 0.324256 0.322689
vt 0.062442 0.739308
vt 0.004394 0.297851
vt 0.280017 0.325294
vt 0.380877 0.781974
vt 0.355693 0.794474
vt 0.234833 0.326210
vt 0.066912 0.342233
vt 0.405832 0.341788
vt 0.366725 0.350487
vt 0.033174 0.331528
vt 0.324538 0.356877
vt 0.063549 0.744894
vt 0.004567 0.318980
vt 0.280310 0.360798
vt 0.040251 0.762108
vt 0.378354 0.803719
vt 0.352482 0.810687
vt 0.235129 0.362156
vt 0.018401 0.778700
vt 0.329277 0.795222
vt 0.190110 0.360917
vt 0.495559 0.304223
vt 0.471052 0.318367
vt 0.305154 0.778695
vt 0.146357 0.357111
vt 0.440895 0.330992
vt 0.104952 0.350831
vt 0.280712 0.394520
vt 0.235536 0.396298
vt 0.043258 0.772560
vt 0.022818 0.794055
vt 0.326270 0.805673
vt 0.190512 0.394638
vt 0.495745 0.319723
vt 0.471291 0.338435
vt 0.303632 0.783986
vt 0.146743 0.389581
vt 0.441183 0.355134
vt 0.105314 0.381251
vt 0.406161 0.369409
vt 0.067241 0.369854
vt 0.367088 0.380908
vt 0.033461 0.355670
vt 0.324925 0.389347
vt 0.065071 0.750185
vt 0.004807 0.339048
vt 0.374197 0.824711
vt 0.348064 0.826042
vt 0.441545 0.377587
vt 0.406575 0.395097
vt 0.067655 0.395543
vt 0.367543 0.409199
vt 0.033823 0.378122
vt 0.325412 0.419545
vt 0.066983 0.755090
vt 0.005108 0.357712
vt 0.281217 0.425881
vt 0.047036 0.782248
vt 0.368478 0.844591
vt 0.342515 0.840275
vt 0.236048 0.428051
vt 0.028367 0.808288
vt 0.322493 0.815361
vt 0.191016 0.425999
vt 0.004254 0.814142
vt 0.011438 0.832570
vt 0.301720 0.788890
vt 0.147230 0.419779
vt 0.471592 0.357099
vt 0.105770 0.409543
vt 0.069252 0.759524
vt 0.051518 0.791007
vt 0.361293 0.863020
vt 0.335929 0.853144
vt 0.281817 0.454346
vt 0.236654 0.456871
vt 0.034953 0.821157
vt 0.318011 0.824120
vt 0.191616 0.454465
vt 0.019965 0.849231
vt 0.299451 0.793324
vt 0.147807 0.447189
vt 0.471948 0.374039
vt 0.441974 0.397966
vt 0.106310 0.435222
vt 0.407066 0.418413
vt 0.068146 0.418858
vt 0.368084 0.434878
vt 0.034252 0.398501
vt 0.325989 0.446955
vt 0.005464 0.374652
vt 0.296863 0.797212
vt 0.106927 0.457849
vt 0.442463 0.415922
vt 0.407626 0.438958
vt 0.068706 0.439403
vt 0.368701 0.457505
vt 0.034741 0.416458
vt 0.326647 0.471107
vt 0.071840 0.763412
vt 0.368106 0.903076
vt 0.343043 0.894288
vt 0.352766 0.879680
vt 0.282500 0.479428
vt 0.056630 0.798687
vt 0.328420 0.864427
vt 0.237347 0.482266
vt 0.042463 0.832440
vt 0.312899 0.831800
vt 0.192300 0.479547
vt 0.029688 0.863839
vt 0.148465 0.471341
vt 0.472355 0.388966
vt 0.356410 0.920649
vt 0.332291 0.906594
vt 0.327375 0.491587
vt 0.283256 0.500698
vt 0.074702 0.766687
vt 0.062283 0.805156
vt 0.320115 0.873931
vt 0.238112 0.503800
vt 0.050768 0.841944
vt 0.307246 0.838270
vt 0.193056 0.500817
vt 0.040440 0.876145
vt 0.294002 0.800487
vt 0.149194 0.491821
vt 0.018619 0.892112
vt 0.031554 0.906916
vt 0.107609 0.477036
vt 0.443005 0.431150
vt 0.408245 0.456380
vt 0.069325 0.456825
vt 0.369383 0.476692
vt 0.035283 0.431685
vt 0.391607 0.772048
vt 0.412649 0.815214
vt 0.395665 0.816634
vt 0.052039 0.885937
vt 0.045507 0.918696
vt 0.290915 0.803093
vt 0.418217 0.858144
vt 0.402306 0.859474
vt 0.024329 0.933499
vt 0.040293 0.946977
vt 0.425812 0.898308
vt 0.411365 0.899516
vt 0.408913 0.470381
vt 0.370119 0.492112
vt 0.435246 0.934717
vt 0.422619 0.935772
vt 0.328161 0.508047
vt 0.077788 0.769293
vt 0.343474 0.935453
vt 0.320693 0.916386
vt 0.284072 0.517791
vt 0.068381 0.810305
vt 0.311157 0.881495
vt 0.390230 0.726818
vt 0.409207 0.680579
vt 0.408087 0.725325
vt 0.059726 0.849508
vt 0.301149 0.843418
vt 0.409244 0.770573
vt 0.412575 0.637441
vt 0.435429 0.595951
vt 0.431062 0.636353
vt 0.081048 0.771186
vt 0.329522 0.947233
vt 0.308447 0.923498
vt 0.428406 0.679451
vt 0.074818 0.814044
vt 0.301699 0.886988
vt 0.427526 0.724182
vt 0.069184 0.855001
vt 0.294711 0.847157
vt 0.428444 0.769445
vt 0.064284 0.893049
vt 0.287655 0.804987
vt 0.431136 0.814126
vt 0.060239 0.927252
vt 0.435537 0.857125
vt 0.057147 0.956767
vt 0.441538 0.897384
vt 0.418108 0.596970
vt 0.441398 0.559240
vt 0.448992 0.933908
vt 0.078980 0.858330
vt 0.076967 0.897359
vt 0.284280 0.806134
vt 0.450811 0.813391
vt 0.075497 0.932437
vt 0.453970 0.856436
vt 0.074605 0.962699
vt 0.458275 0.896758
vt 0.458135 0.558614
vt 0.453862 0.595262
vt 0.463620 0.933362
vt 0.450738 0.635618
vt 0.084423 0.772333
vt 0.314790 0.955789
vt 0.295764 0.927808
vt 0.448839 0.678686
vt 0.081486 0.816310
vt 0.291902 0.890317
vt 0.448214 0.723408
vt 0.288043 0.849423
vt 0.448877 0.768681
vt 0.478881 0.933086
vt 0.473092 0.594915
vt 0.471264 0.635247
vt 0.087858 0.772714
vt 0.299532 0.960974
vt 0.282860 0.929242
vt 0.470157 0.678302
vt 0.088271 0.817063
vt 0.281936 0.891424
vt 0.469797 0.723019
vt 0.088948 0.859437
vt 0.281259 0.850177
vt 0.470194 0.768296
vt 0.089872 0.898793
vt 0.280846 0.806515
vt 0.471338 0.813020
vt 0.091020 0.934162
vt 0.473200 0.856089
vt 0.478713 0.526299
vt 0.475596 0.558298
vt 0.475736 0.896442
vt 0.491906 0.723019
vt 0.492030 0.768296
vt 0.102776 0.897326
vt 0.274474 0.849406
vt 0.277411 0.806125
vt 0.492364 0.813021
vt 0.106544 0.932397
vt 0.492899 0.856089
vt 0.493482 0.558299
vt 0.493622 0.896442
vt 0.492791 0.594915
vt 0.494515 0.933086
vt 0.492291 0.635247
vt 0.091292 0.772324
vt 0.268485 0.960935
vt 0.269956 0.927775
vt 0.491993 0.678302
vt 0.095055 0.816292
vt 0.271969 0.890292
vt 0.098914 0.858305
vt 0.512621 0.595262
vt 0.511628 0.896757
vt 0.510252 0.933361
vt 0.513457 0.635618
vt 0.094668 0.771169
vt 0.253227 0.955711
vt 0.257272 0.923433
vt 0.513975 0.678687
vt 0.101723 0.814009
vt 0.262172 0.886938
vt 0.514162 0.723408
vt 0.108711 0.854951
vt 0.267806 0.847123
vt 0.514013 0.768681
vt 0.115459 0.892984
vt 0.274036 0.804969
vt 0.513531 0.813392
vt 0.121803 0.927174
vt 0.512730 0.856436
vt 0.494346 0.526298
vt 0.511487 0.558613
vt 0.118169 0.849434
vt 0.252714 0.881420
vt 0.261368 0.843367
vt 0.536185 0.724181
vt 0.535764 0.769444
vt 0.127705 0.885841
vt 0.270776 0.803068
vt 0.534476 0.814127
vt 0.136534 0.918580
vt 0.532352 0.857125
vt 0.510083 0.526574
vt 0.529304 0.559239
vt 0.529444 0.897383
vt 0.532244 0.595951
vt 0.525825 0.933909
vt 0.534402 0.636353
vt 0.097926 0.769267
vt 0.238495 0.947118
vt 0.245027 0.916290
vt 0.535727 0.679450
vt 0.108161 0.810254
vt 0.551431 0.858143
vt 0.546768 0.898308
vt 0.551323 0.596969
vt 0.540966 0.934716
vt 0.554767 0.637440
vt 0.101013 0.766653
vt 0.224542 0.935302
vt 0.233428 0.906468
vt 0.556876 0.680579
vt 0.114258 0.805090
vt 0.243756 0.873834
vt 0.557597 0.725325
vt 0.127127 0.841847
vt 0.255271 0.838204
vt 0.556913 0.770574
vt 0.139303 0.876019
vt 0.267690 0.800454
vt 0.554841 0.815214
vt 0.150487 0.906764
vt 0.160402 0.933326
vt 0.144439 0.946845
vt 0.222676 0.894135
vt 0.235451 0.864308
vt 0.693055 0.514623
vt 0.737348 0.497406
vt 0.738113 0.517791
vt 0.135432 0.832322
vt 0.264828 0.797171
vt 0.249618 0.831720
vt 0.578033 0.726818
vt 0.577098 0.772048
vt 0.150055 0.863686
vt 0.574277 0.816634
vt 0.163422 0.891928
vt 0.569640 0.859475
vt 0.175202 0.916351
vt 0.563301 0.899516
vt 0.569325 0.469359
vt 0.606928 0.471943
vt 0.607611 0.490105
vt 0.555416 0.935772
vt 0.648467 0.485932
vt 0.649194 0.505318
vt 0.103875 0.763371
vt 0.211607 0.920465
vt 0.692300 0.494489
vt 0.119911 0.798607
vt 0.942464 0.429715
vt 0.907067 0.433613
vt 0.941974 0.412494
vt 0.647808 0.462769
vt 0.106463 0.759477
vt 0.972357 0.402067
vt 0.971949 0.387752
vt 0.691616 0.470435
vt 0.125023 0.790914
vt 0.212953 0.879502
vt 0.227941 0.853006
vt 0.736655 0.473052
vt 0.142941 0.821019
vt 0.244507 0.824027
vt 0.782502 0.494609
vt 0.781818 0.470554
vt 0.159778 0.849053
vt 0.262240 0.793277
vt 0.826648 0.486167
vt 0.825990 0.463005
vt 0.175118 0.874325
vt 0.868701 0.472289
vt 0.868084 0.450589
vt 0.534742 0.429176
vt 0.568146 0.433164
vt 0.568706 0.452867
vt 0.907627 0.453316
vt 0.606311 0.450243
vt 0.736049 0.445144
vt 0.781218 0.442990
vt 0.168305 0.832371
vt 0.240024 0.815257
vt 0.259971 0.788837
vt 0.825413 0.436462
vt 0.185376 0.854256
vt 0.867543 0.425723
vt 0.534252 0.411954
vt 0.567655 0.410586
vt 0.906576 0.411034
vt 0.605771 0.425377
vt 0.941545 0.392760
vt 0.647231 0.436227
vt 0.108732 0.755037
vt 0.971593 0.371348
vt 0.691016 0.442870
vt 0.129505 0.782143
vt 0.204427 0.862820
vt 0.221356 0.840121
vt 0.149527 0.808134
vt 0.605316 0.397770
vt 0.906162 0.385968
vt 0.941183 0.370851
vt 0.646745 0.406760
vt 0.110644 0.750127
vt 0.971292 0.353136
vt 0.690511 0.412268
vt 0.133282 0.772445
vt 0.197242 0.844374
vt 0.215806 0.825874
vt 0.735537 0.414160
vt 0.155077 0.793887
vt 0.236247 0.805559
vt 0.780713 0.412387
vt 0.175489 0.813925
vt 0.258059 0.783928
vt 0.824926 0.406995
vt 0.505108 0.370731
vt 0.533461 0.370311
vt 0.533823 0.392220
vt 0.867088 0.398116
vt 0.567241 0.385520
vt 0.159494 0.778521
vt 0.211389 0.810508
vt 0.233239 0.795099
vt 0.735130 0.380630
vt 0.780312 0.379271
vt 0.181209 0.794030
vt 0.256536 0.778633
vt 0.824540 0.375107
vt 0.504808 0.352519
vt 0.533174 0.346602
vt 0.866725 0.368240
vt 0.566911 0.358394
vt 0.905832 0.358842
vt 0.604953 0.367894
vt 0.940895 0.347141
vt 0.646358 0.374871
vt 0.112166 0.744833
vt 0.971053 0.333428
vt 0.690110 0.379151
vt 0.136289 0.761986
vt 0.995746 0.333261
vt 0.995561 0.318038
vt 0.866462 0.336608
vt 0.905594 0.330120
vt 0.604689 0.336262
vt 0.940687 0.322038
vt 0.646076 0.341106
vt 0.113272 0.739243
vt 0.970879 0.312560
vt 0.689817 0.344086
vt 0.138475 0.750944
vt 0.995426 0.301921
vt 0.734835 0.345128
vt 0.162705 0.762299
vt 0.208178 0.794286
vt 0.231054 0.784058
vt 0.780019 0.344206
vt 0.185366 0.773027
vt 0.255430 0.773044
vt 0.824258 0.341342
vt 0.504569 0.332811
vt 0.532965 0.321499
vt 0.566673 0.329672
vt 0.734655 0.308262
vt 0.164653 0.745499
vt 0.206229 0.777486
vt 0.229728 0.772622
vt 0.779842 0.307793
vt 0.187889 0.751276
vt 0.254759 0.767255
vt 0.824087 0.306280
vt 0.504395 0.311943
vt 0.532838 0.295430
vt 0.866302 0.303760
vt 0.566528 0.299846
vt 0.905449 0.300294
vt 0.604530 0.303414
vt 0.940559 0.295969
vt 0.645906 0.306045
vt 0.113944 0.733454
vt 0.970774 0.290891
vt 0.689640 0.307674
vt 0.139801 0.739509
vt 0.995345 0.285184
vt 0.504289 0.290274
vt 0.328900 0.997383
vt 0.275028 0.997383
vt 0.362269 0.002617
vt 0.050449 0.999025
vt 0.003605 0.999025
vt 0.019909 0.999025
vt 0.036212 0.999025
vt 0.126656 0.036614
vt 0.117919 0.033916
vt 0.265155 0.855359
vt 0.395889 0.856086
vt 0.519250 0.507746
vt 0.265072 0.856095
vt 0.519146 0.506998
vt 0.395775 0.821056
vt 0.257740 0.507726
vt 0.134369 0.890406
vt 0.114420 0.503666
vt 0.388443 0.542037
vt 0.265076 0.855366
vt 0.003667 0.890405
vt 0.127038 0.507727
vt 0.257742 0.507727
vt 0.044132 0.000813
vt 0.042150 0.998713
vt 0.011999 0.998713
vt 0.011999 0.001287
vt 0.042150 0.001287
vt 0.020490 0.998713
vt 0.001170 0.998713
vt 0.001170 0.001287
vt 0.020490 0.001287
vt 0.009660 0.998713
vt 0.022829 0.998713
vt 0.022829 0.001287
vt 0.009660 0.001287
vt 0.031320 0.998713
vt 0.033659 0.998713
vt 0.033659 0.001287
vt 0.031320 0.001287
vt 0.495745 0.268176
vt 0.617945 0.560163
vt 0.638916 0.527119
vt 0.101968 0.962697
vt 0.701121 0.526573
vt 0.738901 0.560162
vt 0.773003 0.682053
vt 0.504682 0.253932
vt 0.412846 0.526297
vt 0.761885 0.004254
vt 0.048550 0.542151
vt 0.101968 0.554834
vt 0.118383 0.526298
vt 0.215927 0.004254
vt 0.545643 0.526297
vt 0.044132 0.000813
vt 0.031320 0.998713
vt 0.033659 0.998713
vt 0.033659 0.001287
vt 0.031320 0.001287
vt 0.042150 0.998713
vt 0.011999 0.998713
vt 0.011999 0.001287
vt 0.042150 0.001287
vt 0.020490 0.998713
vt 0.020490 0.001287
vt 0.022829 0.998713
vt 0.022829 0.001287
vt 0.504254 0.268173
vt 0.784076 0.004254
vt 0.618930 0.526298
vt 0.267592 0.526299
vt 0.284008 0.554836
vt 0.337426 0.542152
vt 0.238113 0.004254
vt 0.751727 0.526298
vt 0.495317 0.253933
vt 0.391570 0.682054
vt 0.425671 0.560163
vt 0.284009 0.962699
vt 0.463451 0.526575
vt 0.525656 0.527121
vt 0.546628 0.560164
s 1
usemtl ShutterNavy
f 37/1/1 2/2/2 31/3/3
f 51/4/4 30/5/5 45/6/6
f 22/7/7 36/8/8 50/9/9
f 10/10/10 16/11/11 3/12/12
f 23/13/13 44/14/14 17/15/15
f 1/16/16 5/17/17 7/18/18
f 2/2/2 5/19/19 4/20/20
f 3/12/12 5/21/21 6/22/22
f 8/23/23 12/24/24 14/25/25
f 9/26/26 12/27/27 11/28/28
f 10/10/10 12/29/29 13/30/30
f 15/31/31 19/32/32 21/33/33
f 16/11/11 19/34/34 18/35/35
f 17/15/15 19/36/36 20/37/37
f 22/7/7 26/38/38 28/39/39
f 23/13/13 26/40/40 25/41/41
f 24/42/42 26/43/43 27/44/44
f 29/45/45 33/46/46 35/47/47
f 30/5/5 33/48/48 32/49/49
f 31/3/3 33/50/50 34/51/51
f 36/8/8 40/52/52 42/53/53
f 37/1/1 40/54/54 39/55/55
f 38/56/56 40/57/57 41/58/58
f 43/59/59 47/60/60 49/61/61
f 44/14/14 47/62/62 46/63/63
f 45/6/6 47/64/64 48/65/65
f 50/9/9 54/66/66 56/67/67
f 51/4/4 54/68/68 53/69/69
f 52/70/70 54/71/71 55/72/72
f 1/16/16 18/73/73 15/31/31
f 7/74/74 16/11/11 18/35/35
f 8/23/23 6/75/75 2/2/2
f 14/76/76 3/12/12 6/22/22
f 22/7/7 13/77/77 9/26/26
f 13/30/30 24/42/42 10/10/10
f 17/15/15 27/78/78 23/13/13
f 20/79/79 24/42/42 27/44/44
f 15/31/31 46/80/80 43/59/59
f 46/63/63 17/15/15 44/14/14
f 22/7/7 56/67/67 25/81/81
f 56/82/82 23/13/13 25/41/41
f 45/6/6 55/83/83 51/4/4
f 48/84/84 52/70/70 55/72/72
f 43/59/59 32/85/85 29/45/45
f 49/86/86 30/5/5 32/49/49
f 36/8/8 53/87/87 50/9/9
f 42/88/88 51/4/4 53/69/69
f 31/3/3 41/89/89 37/1/1
f 34/90/90 38/56/56 41/58/58
f 1/16/16 35/47/47 4/91/91
f 35/92/92 2/2/2 4/20/20
f 9/26/26 39/93/93 36/8/8
f 39/55/55 8/23/23 37/1/1
f 43/59/59 1/16/16 15/31/31
f 93/1/1 58/2/2 87/3/3
f 107/4/4 86/94/5 101/95/6
f 78/96/7 92/97/8 106/98/9
f 66/10/10 72/99/11 59/100/12
f 79/13/13 100/14/14 73/15/15
f 57/101/16 61/17/17 63/102/18
f 58/2/2 61/103/19 60/20/20
f 59/100/12 61/21/21 62/104/22
f 64/23/23 68/105/24 70/106/25
f 65/107/26 68/108/27 67/109/28
f 66/10/10 68/29/29 69/30/30
f 71/110/31 75/32/32 77/111/33
f 72/99/11 75/34/34 74/112/35
f 73/15/15 75/36/36 76/113/37
f 78/96/7 82/114/38 84/115/39
f 79/13/13 82/40/40 81/116/41
f 80/42/42 82/43/43 83/44/44
f 85/117/45 89/118/46 91/119/47
f 86/94/5 89/48/48 88/120/49
f 87/3/3 89/121/50 90/51/51
f 92/97/8 96/52/52 98/122/53
f 93/1/1 96/123/54 95/124/55
f 94/56/56 96/57/57 97/58/58
f 99/125/59 103/126/60 105/127/61
f 100/14/14 103/128/62 102/129/63
f 101/95/6 103/64/64 104/130/65
f 106/98/9 110/66/66 112/131/67
f 107/4/4 110/68/68 109/69/69
f 108/70/70 110/132/71 111/133/72
f 57/101/16 74/134/73 71/110/31
f 63/135/74 72/99/11 74/112/35
f 64/23/23 62/136/75 58/2/2
f 70/76/76 59/100/12 62/104/22
f 78/96/7 69/137/77 65/107/26
f 84/138/94 66/10/10 69/30/30
f 73/15/15 83/139/78 79/13/13
f 76/140/79 80/42/42 83/44/44
f 99/125/59 77/111/33 102/141/80
f 77/142/95 100/14/14 102/129/63
f 106/98/9 81/143/81 78/96/7
f 81/116/41 108/70/70 79/13/13
f 101/95/6 111/83/83 107/4/4
f 104/144/84 108/70/70 111/133/72
f 99/125/59 88/145/85 85/117/45
f 105/146/86 86/94/5 88/120/49
f 92/97/8 109/147/87 106/98/9
f 109/69/69 94/56/56 107/4/4
f 87/3/3 97/89/89 93/1/1
f 90/148/90 94/56/56 97/58/58
f 85/117/45 60/149/91 57/101/16
f 60/20/20 87/3/3 58/2/2
f 92/97/8 67/109/28 95/150/93
f 67/151/96 93/1/1 95/124/55
f 99/125/59 57/101/16 71/110/31
f 261/335/1 226/336/2 255/337/3
f 275/338/4 254/339/5 269/340/6
f 246/341/7 260/342/8 274/343/9
f 234/344/10 240/345/11 227/346/12
f 247/347/13 268/348/14 241/349/15
f 225/350/16 229/351/17 231/352/18
f 226/336/2 229/353/19 228/354/20
f 227/346/12 229/355/21 230/356/22
f 232/357/23 236/358/24 238/359/25
f 233/360/26 236/361/27 235/362/28
f 234/344/10 236/363/29 237/364/30
f 239/365/31 243/366/32 245/367/136
f 240/345/11 243/368/34 242/369/35
f 241/349/15 243/370/36 244/371/37
f 246/341/7 250/372/38 252/373/39
f 247/347/13 250/374/40 249/375/41
f 248/376/42 250/377/43 251/378/44
f 253/379/45 257/380/46 259/381/137
f 254/339/5 257/382/48 256/383/49
f 255/337/3 257/384/50 258/385/51
f 260/342/8 264/386/52 266/387/53
f 261/335/1 264/388/54 263/389/55
f 262/390/56 264/391/57 265/392/58
f 267/393/59 271/394/60 273/395/61
f 268/348/14 271/396/62 270/397/63
f 269/340/6 271/398/64 272/399/65
f 274/343/9 278/400/66 280/401/67
f 275/338/4 278/402/68 277/403/69
f 276/404/70 278/405/71 279/406/72
f 225/350/16 242/407/73 239/365/31
f 231/408/74 240/345/11 242/369/35
f 232/357/23 230/409/75 226/336/2
f 238/410/76 227/346/12 230/356/22
f 246/341/7 237/411/77 233/360/26
f 252/412/94 234/344/10 237/364/30
f 241/349/15 251/413/78 247/347/13
f 244/414/79 248/376/42 251/378/44
f 239/365/31 270/415/138 267/393/59
f 245/416/95 268/348/14 270/397/63
f 274/343/9 249/417/81 246/341/7
f 280/418/82 247/347/13 249/375/41
f 269/340/6 279/419/83 275/338/4
f 272/420/84 276/404/70 279/406/72
f 267/393/59 256/421/85 253/379/45
f 273/422/86 254/339/5 256/383/49
f 260/342/8 277/423/87 274/343/9
f 266/424/88 275/338/4 277/403/69
f 255/337/3 265/425/89 261/335/1
f 258/426/90 262/390/56 265/392/58
f 253/379/45 228/427/139 225/350/16
f 259/428/92 226/336/2 228/354/20
f 233/360/26 263/429/93 260/342/8
f 235/430/96 261/335/1 263/389/55
f 267/393/59 225/350/16 239/365/31
f 37/1/1 8/23/23 2/2/2
f 51/4/4 38/56/56 30/5/5
f 22/7/7 9/26/26 36/8/8
f 10/10/10 24/42/42 16/11/11
f 23/13/13 52/70/70 44/14/14
f 1/16/16 4/91/91 5/17/17
f 2/2/2 6/75/75 5/19/19
f 3/12/12 7/74/74 5/21/21
f 8/23/23 11/151/96 12/24/24
f 9/26/26 13/77/77 12/27/27
f 10/10/10 14/76/76 12/29/29
f 15/31/31 18/73/73 19/32/32
f 16/11/11 20/79/79 19/34/34
f 17/15/15 21/3700/95 19/36/36
f 22/7/7 25/81/81 26/38/38
f 23/13/13 27/78/78 26/40/40
f 24/42/42 28/138/94 26/43/43
f 29/45/45 32/85/85 33/46/46
f 30/5/5 34/90/90 33/48/48
f 31/3/3 35/92/92 33/50/50
f 36/8/8 39/93/93 40/52/52
f 37/1/1 41/89/89 40/54/54
f 38/56/56 42/88/88 40/57/57
f 43/59/59 46/80/80 47/60/60
f 44/14/14 48/84/84 47/62/62
f 45/6/6 49/86/86 47/64/64
f 50/9/9 53/87/87 54/66/66
f 51/4/4 55/83/83 54/68/68
f 52/70/70 56/82/82 54/71/71
f 1/16/16 7/18/18 18/73/73
f 7/74/74 3/12/12 16/11/11
f 8/23/23 14/25/25 6/75/75
f 14/76/76 10/10/10 3/12/12
f 22/7/7 28/39/39 13/77/77
f 13/30/30 28/138/94 24/42/42
f 17/15/15 20/37/37 27/78/78
f 20/79/79 16/11/11 24/42/42
f 15/31/31 21/33/33 46/80/80
f 46/63/63 21/3700/95 17/15/15
f 22/7/7 50/9/9 56/67/67
f 56/82/82 52/70/70 23/13/13
f 45/6/6 48/65/65 55/83/83
f 48/84/84 44/14/14 52/70/70
f 43/59/59 49/61/61 32/85/85
f 49/86/86 45/6/6 30/5/5
f 36/8/8 42/53/53 53/87/87
f 42/88/88 38/56/56 51/4/4
f 31/3/3 34/51/51 41/89/89
f 34/90/90 30/5/5 38/56/56
f 1/16/16 29/45/45 35/47/47
f 35/92/92 31/3/3 2/2/2
f 9/26/26 11/28/28 39/93/93
f 39/55/55 11/151/96 8/23/23
f 43/59/59 29/45/45 1/16/16
f 93/1/1 64/23/23 58/2/2
f 107/4/4 94/56/56 86/94/5
f 78/96/7 65/107/26 92/97/8
f 66/10/10 80/42/42 72/99/11
f 79/13/13 108/70/70 100/14/14
f 57/101/16 60/149/91 61/17/17
f 58/2/2 62/136/75 61/103/19
f 59/100/12 63/135/74 61/21/21
f 64/23/23 67/151/96 68/105/24
f 65/107/26 69/137/77 68/108/27
f 66/10/10 70/76/76 68/29/29
f 71/110/31 74/134/73 75/32/32
f 72/99/11 76/140/79 75/34/34
f 73/15/15 77/142/95 75/36/36
f 78/96/7 81/143/81 82/114/38
f 79/13/13 83/139/78 82/40/40
f 80/42/42 84/138/94 82/43/43
f 85/117/45 88/145/85 89/118/46
f 86/94/5 90/148/90 89/48/48
f 87/3/3 91/3701/92 89/121/50
f 92/97/8 95/150/93 96/52/52
f 93/1/1 97/89/89 96/123/54
f 94/56/56 98/88/88 96/57/57
f 99/125/59 102/141/80 103/126/60
f 100/14/14 104/144/84 103/128/62
f 101/95/6 105/146/86 103/64/64
f 106/98/9 109/147/87 110/66/66
f 107/4/4 111/83/83 110/68/68
f 108/70/70 112/3702/82 110/132/71
f 57/101/16 63/102/18 74/134/73
f 63/135/74 59/100/12 72/99/11
f 64/23/23 70/106/25 62/136/75
f 70/76/76 66/10/10 59/100/12
f 78/96/7 84/115/39 69/137/77
f 84/138/94 80/42/42 66/10/10
f 73/15/15 76/113/37 83/139/78
f 76/140/79 72/99/11 80/42/42
f 99/125/59 71/110/31 77/111/33
f 77/142/95 73/15/15 100/14/14
f 106/98/9 112/131/67 81/143/81
f 81/116/41 112/3702/82 108/70/70
f 101/95/6 104/130/65 111/83/83
f 104/144/84 100/14/14 108/70/70
f 99/125/59 105/127/61 88/145/85
f 105/146/86 101/95/6 86/94/5
f 92/97/8 98/122/53 109/147/87
f 109/69/69 98/88/88 94/56/56
f 87/3/3 90/51/51 97/89/89
f 90/148/90 86/94/5 94/56/56
f 85/117/45 91/119/47 60/149/91
f 60/20/20 91/3701/92 87/3/3
f 92/97/8 65/107/26 67/109/28
f 67/151/96 64/23/23 93/1/1
f 99/125/59 85/117/45 57/101/16
f 261/335/1 232/357/23 226/336/2
f 275/338/4 262/390/56 254/339/5
f 246/341/7 233/360/26 260/342/8
f 234/344/10 248/376/42 240/345/11
f 247/347/13 276/404/70 268/348/14
f 225/350/16 228/427/139 229/351/17
f 226/336/2 230/409/75 229/353/19
f 227/346/12 231/408/74 229/355/21
f 232/357/23 235/430/96 236/358/24
f 233/360/26 237/411/77 236/361/27
f 234/344/10 238/410/76 236/363/29
f 239/365/31 242/407/73 243/366/32
f 240/345/11 244/414/79 243/368/34
f 241/349/15 245/416/95 243/370/36
f 246/341/7 249/417/81 250/372/38
f 247/347/13 251/413/78 250/374/40
f 248/376/42 252/412/94 250/377/43
f 253/379/45 256/421/85 257/380/46
f 254/339/5 258/426/90 257/382/48
f 255/337/3 259/428/92 257/384/50
f 260/342/8 263/429/93 264/386/52
f 261/335/1 265/425/89 264/388/54
f 262/390/56 266/424/88 264/391/57
f 267/393/59 270/415/138 271/394/60
f 268/348/14 272/420/84 271/396/62
f 269/340/6 273/422/86 271/398/64
f 274/343/9 277/423/87 278/400/66
f 275/338/4 279/419/83 278/402/68
f 276/404/70 280/418/82 278/405/71
f 225/350/16 231/352/18 242/407/73
f 231/408/74 227/346/12 240/345/11
f 232/357/23 238/359/25 230/409/75
f 238/410/76 234/344/10 227/346/12
f 246/341/7 252/373/39 237/411/77
f 252/412/94 248/376/42 234/344/10
f 241/349/15 244/371/37 251/413/78
f 244/414/79 240/345/11 248/376/42
f 239/365/31 245/367/136 270/415/138
f 245/416/95 241/349/15 268/348/14
f 274/343/9 280/401/67 249/417/81
f 280/418/82 276/404/70 247/347/13
f 269/340/6 272/399/65 279/419/83
f 272/420/84 268/348/14 276/404/70
f 267/393/59 273/395/61 256/421/85
f 273/422/86 269/340/6 254/339/5
f 260/342/8 266/387/53 277/423/87
f 266/424/88 262/390/56 275/338/4
f 255/337/3 258/385/51 265/425/89
f 258/426/90 254/339/5 262/390/56
f 253/379/45 259/381/137 228/427/139
f 259/428/92 255/337/3 226/336/2
f 233/360/26 235/362/28 263/429/93
f 235/430/96 232/357/23 261/335/1
f 267/393/59 253/379/45 225/350/16
usemtl ShutterGuideGlow
f 149/152/1 114/153/2 143/154/3
f 163/155/4 142/156/5 157/157/6
f 134/158/97 148/159/98 162/160/9
f 122/161/10 128/162/11 115/163/12
f 135/164/13 156/165/14 129/166/15
f 113/167/16 117/168/17 119/169/18
f 114/153/2 117/170/19 116/171/20
f 115/163/12 117/172/99 118/173/22
f 120/174/23 124/175/100 126/176/101
f 121/177/26 124/178/102 123/179/103
f 122/161/10 124/180/104 125/181/105
f 127/182/31 131/183/32 133/184/33
f 128/162/11 131/185/106 130/186/35
f 129/166/15 131/187/36 132/188/37
f 134/158/97 138/189/107 140/190/108
f 135/164/13 138/191/109 137/192/41
f 136/193/42 138/194/110 139/195/44
f 141/196/45 145/197/46 147/198/47
f 142/156/5 145/199/111 144/200/49
f 143/154/3 145/201/50 146/202/51
f 148/159/98 152/203/112 154/204/113
f 149/152/1 152/205/114 151/206/55
f 150/207/56 152/208/115 153/209/58
f 155/210/59 159/211/60 161/212/61
f 156/165/14 159/213/62 158/214/63
f 157/157/6 159/215/64 160/216/65
f 162/160/9 166/217/116 168/218/117
f 163/155/4 166/219/118 165/220/119
f 164/221/70 166/222/120 167/223/72
f 127/182/31 119/169/18 130/224/73
f 130/186/35 115/163/12 128/162/11
f 120/174/23 118/225/75 114/153/2
f 126/226/76 115/163/12 118/173/22
f 134/158/97 125/227/121 121/177/26
f 140/228/122 122/161/10 125/181/105
f 129/166/15 139/229/123 135/164/13
f 132/230/79 136/193/42 139/195/44
f 127/182/31 158/231/80 155/210/59
f 158/214/63 129/166/15 156/165/14
f 162/160/9 137/232/124 134/158/97
f 168/233/82 135/164/13 137/192/41
f 157/157/6 167/234/83 163/155/4
f 160/235/84 164/221/70 167/223/72
f 155/210/59 144/236/85 141/196/45
f 161/237/86 142/156/5 144/200/49
f 148/159/98 165/238/125 162/160/9
f 154/239/126 163/155/4 165/220/119
f 143/154/3 153/240/89 149/152/1
f 146/241/90 150/207/56 153/209/58
f 141/196/45 116/242/91 113/167/16
f 147/243/92 114/153/2 116/171/20
f 121/177/26 151/244/127 148/159/98
f 123/245/96 149/152/1 151/206/55
f 155/210/59 113/167/16 127/182/31
f 205/246/1 170/247/2 199/248/3
f 219/249/4 198/250/5 213/251/6
f 190/252/97 204/253/8 218/254/128
f 178/255/10 184/256/11 171/257/12
f 191/258/13 212/259/14 185/260/15
f 169/261/16 173/262/17 175/263/18
f 170/247/2 173/264/19 172/265/20
f 171/257/12 173/266/21 174/267/22
f 176/268/23 180/269/100 182/270/101
f 177/271/26 180/272/102 179/273/103
f 178/255/10 180/274/104 181/275/105
f 183/276/31 187/277/32 189/278/33
f 184/256/11 187/279/129 186/280/35
f 185/260/15 187/187/36 188/281/37
f 190/252/97 194/282/107 196/283/108
f 191/258/13 194/284/109 193/285/41
f 192/286/42 194/287/110 195/288/44
f 197/289/45 201/290/46 203/291/47
f 198/250/5 201/292/130 200/293/49
f 199/248/3 201/294/50 202/295/51
f 204/253/8 208/296/112 210/297/113
f 205/246/1 208/298/114 207/299/55
f 206/300/56 208/301/115 209/302/58
f 211/303/59 215/304/60 217/305/61
f 212/259/14 215/306/62 214/307/63
f 213/251/6 215/308/131 216/309/65
f 218/254/128 222/310/116 224/311/117
f 219/249/4 222/312/132 221/313/119
f 220/314/70 222/222/133 223/223/134
f 169/261/16 186/315/73 183/276/31
f 175/316/74 184/256/11 186/280/35
f 176/268/23 174/317/75 170/247/2
f 182/318/76 171/257/12 174/267/22
f 190/252/97 181/319/121 177/271/26
f 196/320/122 178/255/10 181/275/105
f 185/260/15 195/321/78 191/258/13
f 188/322/79 192/286/42 195/288/44
f 183/276/31 214/323/80 211/303/59
f 214/307/63 185/260/15 212/259/14
f 218/254/128 193/324/124 190/252/97
f 193/285/41 220/314/70 191/258/13
f 219/249/4 216/309/65 223/325/83
f 216/326/84 220/314/70 223/223/134
f 197/289/45 217/305/61 200/327/85
f 200/293/49 213/251/6 198/250/5
f 218/254/128 210/297/113 221/328/125
f 210/329/126 219/249/4 221/313/119
f 199/248/3 209/330/135 205/246/1
f 202/331/90 206/300/56 209/302/58
f 197/289/45 172/332/91 169/261/16
f 172/265/20 199/248/3 170/247/2
f 177/271/26 207/333/127 204/253/8
f 179/334/96 205/246/1 207/299/55
f 211/303/59 169/261/16 183/276/31
f 317/431/1 282/432/2 311/433/3
f 331/434/4 310/435/5 325/436/6
f 302/437/7 316/438/8 330/439/9
f 290/440/10 296/441/11 283/442/12
f 303/443/13 324/444/14 297/445/15
f 281/446/16 285/447/17 287/448/18
f 282/432/2 285/449/19 284/450/20
f 283/442/12 285/451/21 286/452/22
f 288/453/23 292/454/24 294/455/25
f 289/456/26 292/457/27 291/458/28
f 290/440/10 292/459/29 293/460/30
f 295/461/31 299/462/140 301/463/136
f 296/441/11 299/464/34 298/465/35
f 297/445/15 299/466/36 300/467/37
f 302/437/7 306/468/38 308/469/39
f 303/443/13 306/470/40 305/471/141
f 304/472/42 306/473/43 307/474/44
f 309/475/45 313/476/46 315/477/47
f 310/435/5 313/478/48 312/479/49
f 311/433/3 313/480/50 314/481/51
f 316/438/8 320/482/52 322/483/53
f 317/431/1 320/484/54 319/485/142
f 318/486/56 320/487/57 321/488/58
f 323/489/59 327/490/143 329/491/61
f 324/444/14 327/492/62 326/493/144
f 325/436/6 327/494/64 328/495/65
f 330/439/9 334/496/66 336/497/67
f 331/434/4 334/498/68 333/499/69
f 332/500/70 334/501/71 335/502/72
f 295/461/31 287/448/18 298/503/73
f 287/504/74 296/441/11 298/465/35
f 288/453/23 286/505/75 282/432/2
f 294/506/76 283/442/12 286/452/22
f 302/437/7 293/507/77 289/456/26
f 293/460/30 304/472/42 290/440/10
f 297/445/15 307/508/78 303/443/13
f 300/509/79 304/472/42 307/474/44
f 295/461/31 326/510/138 323/489/59
f 301/511/145 324/444/14 326/493/144
f 302/437/7 336/497/67 305/512/81
f 336/513/146 303/443/13 305/471/141
f 325/436/6 335/514/83 331/434/4
f 328/515/84 332/500/70 335/502/72
f 323/489/59 312/516/85 309/475/45
f 312/479/49 325/436/6 310/435/5
f 330/439/9 322/483/53 333/517/87
f 322/518/88 331/434/4 333/499/69
f 311/433/3 321/519/89 317/431/1
f 314/520/90 318/486/56 321/488/58
f 309/475/45 284/521/91 281/446/16
f 315/522/92 282/432/2 284/450/20
f 289/456/26 319/523/93 316/438/8
f 291/524/147 317/431/1 319/485/142
f 323/489/59 281/446/16 295/461/31
f 149/152/1 120/174/23 114/153/2
f 163/155/4 150/207/56 142/156/5
f 134/158/97 121/177/26 148/159/98
f 122/161/10 136/193/42 128/162/11
f 135/164/13 164/221/70 156/165/14
f 113/167/16 116/242/91 117/168/17
f 114/153/2 118/225/75 117/170/19
f 115/163/12 119/3703/74 117/172/99
f 120/174/23 123/245/96 124/175/100
f 121/177/26 125/227/121 124/178/102
f 122/161/10 126/226/76 124/180/104
f 127/182/31 130/224/73 131/183/32
f 128/162/11 132/230/79 131/185/106
f 129/166/15 133/3704/95 131/187/36
f 134/158/97 137/232/124 138/189/107
f 135/164/13 139/229/123 138/191/109
f 136/193/42 140/228/122 138/194/110
f 141/196/45 144/236/85 145/197/46
f 142/156/5 146/241/90 145/199/111
f 143/154/3 147/243/92 145/201/50
f 148/159/98 151/244/127 152/203/112
f 149/152/1 153/240/89 152/205/114
f 150/207/56 154/239/126 152/208/115
f 155/210/59 158/231/80 159/211/60
f 156/165/14 160/235/84 159/213/62
f 157/157/6 161/237/86 159/215/64
f 162/160/9 165/238/125 166/217/116
f 163/155/4 167/234/83 166/219/118
f 164/221/70 168/233/82 166/222/120
f 127/182/31 113/167/16 119/169/18
f 130/186/35 119/3703/74 115/163/12
f 120/174/23 126/176/101 118/225/75
f 126/226/76 122/161/10 115/163/12
f 134/158/97 140/190/108 125/227/121
f 140/228/122 136/193/42 122/161/10
f 129/166/15 132/188/37 139/229/123
f 132/230/79 128/162/11 136/193/42
f 127/182/31 133/184/33 158/231/80
f 158/214/63 133/3704/95 129/166/15
f 162/160/9 168/218/117 137/232/124
f 168/233/82 164/221/70 135/164/13
f 157/157/6 160/216/65 167/234/83
f 160/235/84 156/165/14 164/221/70
f 155/210/59 161/212/61 144/236/85
f 161/237/86 157/157/6 142/156/5
f 148/159/98 154/204/113 165/238/125
f 154/239/126 150/207/56 163/155/4
f 143/154/3 146/202/51 153/240/89
f 146/241/90 142/156/5 150/207/56
f 141/196/45 147/198/47 116/242/91
f 147/243/92 143/154/3 114/153/2
f 121/177/26 123/179/103 151/244/127
f 123/245/96 120/174/23 149/152/1
f 155/210/59 141/196/45 113/167/16
f 205/246/1 176/268/23 170/247/2
f 219/249/4 206/300/56 198/250/5
f 190/252/97 177/271/26 204/253/8
f 178/255/10 192/286/42 184/256/11
f 191/258/13 220/314/70 212/259/14
f 169/261/16 172/332/91 173/262/17
f 170/247/2 174/317/75 173/264/19
f 171/257/12 175/316/74 173/266/21
f 176/268/23 179/334/96 180/269/100
f 177/271/26 181/319/121 180/272/102
f 178/255/10 182/318/76 180/274/104
f 183/276/31 186/315/73 187/277/32
f 184/256/11 188/322/79 187/279/129
f 185/260/15 189/3704/95 187/187/36
f 190/252/97 193/324/124 194/282/107
f 191/258/13 195/321/78 194/284/109
f 192/286/42 196/320/122 194/287/110
f 197/289/45 200/327/85 201/290/46
f 198/250/5 202/331/90 201/292/130
f 199/248/3 203/3705/92 201/294/50
f 204/253/8 207/333/127 208/296/112
f 205/246/1 209/330/135 208/298/114
f 206/300/56 210/329/126 208/301/115
f 211/303/59 214/323/80 215/304/60
f 212/259/14 216/326/84 215/306/62
f 213/251/6 217/3706/86 215/308/131
f 218/254/128 221/328/125 222/310/116
f 219/249/4 223/325/83 222/312/132
f 220/314/70 224/233/82 222/222/133
f 169/261/16 175/263/18 186/315/73
f 175/316/74 171/257/12 184/256/11
f 176/268/23 182/270/101 174/317/75
f 182/318/76 178/255/10 171/257/12
f 190/252/97 196/283/108 181/319/121
f 196/320/122 192/286/42 178/255/10
f 185/260/15 188/281/37 195/321/78
f 188/322/79 184/256/11 192/286/42
f 183/276/31 189/278/33 214/323/80
f 214/307/63 189/3704/95 185/260/15
f 218/254/128 224/311/117 193/324/124
f 193/285/41 224/233/82 220/314/70
f 219/249/4 213/251/6 216/309/65
f 216/326/84 212/259/14 220/314/70
f 197/289/45 211/303/59 217/305/61
f 200/293/49 217/3706/86 213/251/6
f 218/254/128 204/253/8 210/297/113
f 210/329/126 206/300/56 219/249/4
f 199/248/3 202/295/51 209/330/135
f 202/331/90 198/250/5 206/300/56
f 197/289/45 203/291/47 172/332/91
f 172/265/20 203/3705/92 199/248/3
f 177/271/26 179/273/103 207/333/127
f 179/334/96 176/268/23 205/246/1
f 211/303/59 197/289/45 169/261/16
f 317/431/1 288/453/23 282/432/2
f 331/434/4 318/486/56 310/435/5
f 302/437/7 289/456/26 316/438/8
f 290/440/10 304/472/42 296/441/11
f 303/443/13 332/500/70 324/444/14
f 281/446/16 284/521/91 285/447/17
f 282/432/2 286/505/75 285/449/19
f 283/442/12 287/504/74 285/451/21
f 288/453/23 291/524/147 292/454/24
f 289/456/26 293/507/77 292/457/27
f 290/440/10 294/506/76 292/459/29
f 295/461/31 298/503/73 299/462/140
f 296/441/11 300/509/79 299/464/34
f 297/445/15 301/511/145 299/466/36
f 302/437/7 305/512/81 306/468/38
f 303/443/13 307/508/78 306/470/40
f 304/472/42 308/3707/94 306/473/43
f 309/475/45 312/516/85 313/476/46
f 310/435/5 314/520/90 313/478/48
f 311/433/3 315/522/92 313/480/50
f 316/438/8 319/523/93 320/482/52
f 317/431/1 321/519/89 320/484/54
f 318/486/56 322/518/88 320/487/57
f 323/489/59 326/510/138 327/490/143
f 324/444/14 328/515/84 327/492/62
f 325/436/6 329/3708/86 327/494/64
f 330/439/9 333/517/87 334/496/66
f 331/434/4 335/514/83 334/498/68
f 332/500/70 336/513/146 334/501/71
f 295/461/31 281/446/16 287/448/18
f 287/504/74 283/442/12 296/441/11
f 288/453/23 294/455/25 286/505/75
f 294/506/76 290/440/10 283/442/12
f 302/437/7 308/469/39 293/507/77
f 293/460/30 308/3707/94 304/472/42
f 297/445/15 300/467/37 307/508/78
f 300/509/79 296/441/11 304/472/42
f 295/461/31 301/463/136 326/510/138
f 301/511/145 297/445/15 324/444/14
f 302/437/7 330/439/9 336/497/67
f 336/513/146 332/500/70 303/443/13
f 325/436/6 328/495/65 335/514/83
f 328/515/84 324/444/14 332/500/70
f 323/489/59 329/491/61 312/516/85
f 312/479/49 329/3708/86 325/436/6
f 330/439/9 316/438/8 322/483/53
f 322/518/88 318/486/56 331/434/4
f 311/433/3 314/481/51 321/519/89
f 314/520/90 310/435/5 318/486/56
f 309/475/45 315/477/47 284/521/91
f 315/522/92 311/433/3 282/432/2
f 289/456/26 291/458/28 319/523/93
f 291/524/147 288/453/23 317/431/1
f 323/489/59 309/475/45 281/446/16
usemtl ShutterMetal
f 527/525/148 338/526/149 524/527/150
f 353/528/151 356/529/152 350/530/153
f 359/531/154 362/532/155 356/529/152
f 365/533/156 368/534/157 362/532/155
f 371/535/158 374/536/159 368/537/157
f 377/538/160 380/539/161 374/536/159
f 383/540/162 386/541/163 380/539/161
f 389/542/164 392/543/165 386/541/163
f 395/544/166 398/545/167 392/543/165
f 401/546/168 404/547/169 398/545/167
f 407/548/170 410/549/171 404/547/169
f 413/550/172 416/551/173 410/552/171
f 419/553/174 422/554/175 416/551/173
f 425/555/176 428/556/177 422/554/175
f 431/557/178 434/558/179 428/556/177
f 437/559/180 440/560/181 434/558/179
f 443/561/182 446/562/183 440/560/181
f 449/563/184 452/564/185 446/562/183
f 455/565/186 458/566/187 452/564/185
f 461/567/188 464/568/189 458/566/187
f 467/569/190 470/570/191 464/571/189
f 473/572/192 476/573/193 470/570/191
f 479/574/194 482/575/195 476/573/193
f 485/576/196 488/577/197 482/575/195
f 491/578/198 494/579/199 488/577/197
f 497/580/200 500/581/201 494/579/199
f 503/582/202 506/583/203 500/581/201
f 509/584/204 512/585/205 506/586/203
f 515/587/206 518/588/207 512/585/205
f 521/589/208 524/527/150 518/588/207
f 347/590/209 350/530/153 344/591/210
f 448/592/211 400/593/212 352/594/213
f 341/595/214 344/591/210 338/526/149
f 344/591/210 339/596/215 338/526/149
f 345/597/216 337/598/217 339/599/218
f 347/590/209 342/600/219 348/601/220
f 348/602/221 340/603/222 346/604/223
f 350/530/153 345/605/224 344/591/210
f 351/606/225 343/607/226 345/597/216
f 353/528/151 348/601/220 354/608/227
f 354/609/228 346/604/223 352/594/213
f 350/530/153 357/610/229 351/611/230
f 351/606/225 355/612/231 349/613/232
f 353/528/151 360/614/233 359/531/154
f 354/609/228 358/615/234 360/616/235
f 362/532/155 357/610/229 356/529/152
f 363/617/236 355/612/231 357/618/237
f 359/531/154 366/619/238 365/533/156
f 366/620/239 358/615/234 364/621/240
f 362/532/155 369/622/241 363/623/242
f 369/624/243 361/625/244 363/617/236
f 371/626/158 366/619/238 372/627/245
f 372/628/246 364/621/240 370/629/247
f 368/537/157 375/630/248 369/631/241
f 375/632/249 367/633/250 369/624/243
f 377/538/160 372/634/245 378/635/251
f 378/636/252 370/629/247 376/637/253
f 380/539/161 375/630/248 374/536/159
f 381/638/254 373/639/255 375/632/249
f 377/538/160 384/640/256 383/540/162
f 384/641/257 376/637/253 382/642/258
f 386/541/163 381/643/259 380/539/161
f 387/644/260 379/645/261 381/638/254
f 389/542/164 384/640/256 390/646/262
f 384/641/257 388/647/263 390/648/264
f 386/541/163 393/649/265 387/650/266
f 387/644/260 391/651/267 385/652/268
f 389/542/164 396/653/269 395/544/166
f 396/654/270 388/647/263 394/655/271
f 398/545/167 393/649/265 392/543/165
f 399/656/272 391/651/267 393/657/273
f 395/544/166 402/658/274 401/546/168
f 402/659/275 394/655/271 400/593/212
f 398/545/167 405/660/276 399/661/277
f 399/656/272 403/662/278 397/663/279
f 401/546/168 408/664/280 407/548/170
f 402/659/275 406/665/281 408/666/282
f 404/547/169 411/667/283 405/660/276
f 405/668/284 409/669/285 403/662/278
f 407/548/170 414/670/286 413/671/172
f 408/666/282 412/672/287 414/673/288
f 416/674/173 411/667/283 410/549/171
f 411/675/289 415/676/290 409/669/285
f 419/677/174 414/670/286 420/678/291
f 414/673/288 418/679/292 420/680/293
f 422/554/175 417/681/294 416/551/173
f 423/682/295 415/676/290 417/683/296
f 425/555/176 420/684/291 426/685/297
f 426/686/298 418/679/292 424/687/299
f 422/554/175 429/688/300 423/689/301
f 423/682/295 427/690/302 421/691/303
f 425/555/176 432/692/304 431/557/178
f 426/686/298 430/693/305 432/694/306
f 428/556/177 435/695/307 429/688/300
f 429/696/308 433/697/309 427/690/302
f 431/557/178 438/698/310 437/559/180
f 432/694/306 436/699/311 438/700/312
f 440/560/181 435/695/307 434/558/179
f 441/701/313 433/697/309 435/702/314
f 443/561/182 438/698/310 444/703/315
f 444/704/316 436/699/311 442/705/317
f 440/560/181 447/706/318 441/707/319
f 447/708/320 439/709/321 441/701/313
f 449/563/184 444/703/315 450/710/322
f 450/711/323 442/705/317 448/592/211
f 446/562/183 453/712/324 447/706/318
f 447/708/320 451/713/325 445/714/326
f 449/563/184 456/715/327 455/565/186
f 450/711/323 454/716/328 456/717/329
f 458/566/187 453/712/324 452/564/185
f 453/718/330 457/719/331 451/713/325
f 461/567/188 456/715/327 462/720/332
f 462/721/333 454/716/328 460/722/334
f 458/566/187 465/723/335 459/724/336
f 465/725/337 457/719/331 459/726/338
f 461/567/188 468/727/339 467/728/190
f 468/729/340 460/722/334 466/730/341
f 464/571/189 471/731/342 465/732/335
f 471/733/343 463/734/344 465/725/337
f 467/569/190 474/735/345 473/572/192
f 474/736/346 466/730/341 472/737/347
f 470/570/191 477/738/348 471/731/342
f 471/733/343 475/739/349 469/740/350
f 473/572/192 480/741/351 479/574/194
f 480/742/352 472/737/347 478/743/353
f 476/573/193 483/744/354 477/738/348
f 477/745/355 481/746/356 475/739/349
f 479/574/194 486/747/357 485/576/196
f 486/748/358 478/743/353 484/749/359
f 482/575/195 489/750/360 483/744/354
f 489/751/361 481/746/356 483/752/362
f 485/576/196 492/753/363 491/578/198
f 492/754/364 484/749/359 490/755/365
f 494/579/199 489/750/360 488/577/197
f 495/756/366 487/757/367 489/751/361
f 497/580/200 492/753/363 498/758/368
f 498/759/369 490/755/365 496/760/370
f 500/581/201 495/761/371 494/579/199
f 495/756/366 499/762/372 493/763/373
f 503/582/202 498/758/368 504/764/374
f 498/759/369 502/765/375 504/766/376
f 500/581/201 507/767/377 501/768/378
f 501/769/379 505/770/380 499/762/372
f 503/582/202 510/771/381 509/772/204
f 504/766/376 508/773/382 510/774/383
f 512/775/205 507/767/377 506/583/203
f 513/776/384 505/770/380 507/777/385
f 515/778/206 510/771/381 516/779/386
f 510/774/383 514/780/387 516/781/388
f 518/588/207 513/782/389 512/585/205
f 519/783/390 511/784/391 513/776/384
f 521/589/208 516/785/386 522/786/392
f 522/787/393 514/780/387 520/788/394
f 518/588/207 525/789/395 519/790/396
f 519/783/390 523/791/397 517/792/398
f 521/589/208 528/793/399 527/525/148
f 522/787/393 526/794/400 528/795/401
f 524/527/150 339/596/215 525/789/395
f 525/796/402 337/598/217 523/791/397
f 527/525/148 342/600/219 341/595/214
f 528/795/401 340/603/222 342/797/403
f 427/690/302 475/739/349 523/791/397
f 1199/799/148 1010/800/149 1196/801/150
f 1025/802/151 1028/803/152 1022/804/153
f 1031/805/154 1034/806/155 1028/803/152
f 1037/807/156 1040/808/157 1034/809/155
f 1043/810/158 1046/811/159 1040/808/157
f 1049/812/160 1052/813/161 1046/811/159
f 1055/814/162 1058/815/163 1052/813/161
f 1061/816/164 1064/817/165 1058/815/163
f 1067/818/166 1070/819/167 1064/817/165
f 1073/820/168 1076/821/169 1070/819/167
f 1079/822/170 1082/823/171 1076/824/169
f 1085/825/172 1088/826/173 1082/823/171
f 1091/827/174 1094/828/175 1088/826/173
f 1097/829/176 1100/830/177 1094/828/175
f 1103/831/178 1106/832/179 1100/830/177
f 1109/833/180 1112/834/181 1106/832/179
f 1115/835/182 1118/836/183 1112/834/181
f 1121/837/184 1124/838/185 1118/836/183
f 1127/839/186 1130/840/187 1124/838/185
f 1133/841/188 1136/842/189 1130/843/187
f 1139/844/190 1142/845/191 1136/842/189
f 1145/846/192 1148/847/193 1142/845/191
f 1151/848/194 1154/849/195 1148/847/193
f 1157/850/196 1160/851/197 1154/849/195
f 1163/852/198 1166/853/199 1160/851/197
f 1169/854/200 1172/855/201 1166/853/199
f 1175/856/202 1178/857/203 1172/855/201
f 1181/858/204 1184/859/205 1178/860/203
f 1187/861/206 1190/862/207 1184/859/205
f 1193/863/208 1196/801/150 1190/862/207
f 1019/864/209 1022/804/153 1016/865/210
f 1120/866/211 1072/867/212 1024/868/213
f 1013/869/214 1016/865/210 1010/800/149
f 1016/865/210 1011/870/215 1010/800/149
f 1017/871/216 1009/872/217 1011/873/218
f 1019/864/209 1014/874/219 1020/875/220
f 1020/876/221 1012/877/222 1018/878/223
f 1022/804/153 1017/879/224 1016/865/210
f 1023/880/225 1015/881/226 1017/871/216
f 1025/802/151 1020/875/220 1026/882/227
f 1026/883/228 1018/878/223 1024/868/213
f 1022/804/153 1029/884/229 1023/885/230
f 1029/886/237 1021/887/232 1023/880/225
f 1031/805/154 1026/882/227 1032/888/233
f 1032/889/235 1024/868/213 1030/890/234
f 1034/806/155 1029/884/229 1028/803/152
f 1035/891/236 1027/892/231 1029/886/237
f 1037/893/156 1032/888/233 1038/894/238
f 1038/895/239 1030/890/234 1036/896/240
f 1034/809/155 1041/897/241 1035/898/242
f 1041/899/243 1033/900/244 1035/891/236
f 1037/807/156 1044/901/245 1043/810/158
f 1044/902/246 1036/896/240 1042/903/247
f 1040/808/157 1047/904/248 1041/897/241
f 1047/905/249 1039/906/250 1041/899/243
f 1043/810/158 1050/907/669 1049/812/160
f 1050/908/252 1042/903/247 1048/909/253
f 1046/811/159 1053/910/259 1047/904/248
f 1053/911/254 1045/912/255 1047/905/249
f 1055/814/162 1050/907/669 1056/913/256
f 1050/908/252 1054/914/258 1056/915/257
f 1058/815/163 1053/910/259 1052/813/161
f 1059/916/260 1051/917/261 1053/911/254
f 1061/816/164 1056/913/256 1062/918/670
f 1062/919/264 1054/914/258 1060/920/263
f 1058/815/163 1065/921/265 1059/922/671
f 1065/923/273 1057/924/268 1059/916/260
f 1061/816/164 1068/925/269 1067/818/166
f 1068/926/270 1060/920/263 1066/927/271
f 1064/817/165 1071/928/672 1065/921/265
f 1065/923/273 1069/929/279 1063/930/267
f 1067/818/166 1074/931/673 1073/820/168
f 1074/932/275 1066/927/271 1072/867/212
f 1076/821/169 1071/928/672 1070/819/167
f 1071/933/272 1075/934/278 1069/929/279
f 1079/935/170 1074/931/673 1080/936/280
f 1074/932/275 1078/937/281 1080/938/282
f 1076/824/169 1083/939/283 1077/940/276
f 1077/941/284 1081/942/285 1075/934/278
f 1079/822/170 1086/943/286 1085/825/172
f 1080/938/282 1084/944/287 1086/945/288
f 1082/823/171 1089/946/294 1083/939/283
f 1083/947/289 1087/948/290 1081/942/285
f 1085/825/172 1092/949/291 1091/827/174
f 1086/945/288 1090/950/292 1092/951/293
f 1088/826/173 1095/952/301 1089/946/294
f 1089/953/296 1093/954/303 1087/948/290
f 1091/827/174 1098/955/297 1097/829/176
f 1092/951/293 1096/956/299 1098/957/298
f 1094/828/175 1101/958/300 1095/952/301
f 1095/959/295 1099/960/302 1093/954/303
f 1097/829/176 1104/961/304 1103/831/178
f 1098/957/298 1102/962/305 1104/963/306
f 1100/830/177 1107/964/307 1101/958/300
f 1101/965/308 1105/966/309 1099/960/302
f 1103/831/178 1110/967/310 1109/833/180
f 1104/963/306 1108/968/311 1110/969/312
f 1112/834/181 1107/964/307 1106/832/179
f 1113/970/313 1105/966/309 1107/971/314
f 1115/835/182 1110/967/310 1116/972/315
f 1116/973/316 1108/968/311 1114/974/317
f 1118/836/183 1113/975/319 1112/834/181
f 1119/976/320 1111/977/321 1113/970/313
f 1121/837/184 1116/972/315 1122/978/322
f 1122/979/323 1114/974/317 1120/866/211
f 1124/838/185 1119/980/318 1118/836/183
f 1125/981/330 1117/982/326 1119/976/320
f 1127/839/186 1122/978/322 1128/983/327
f 1128/984/329 1120/866/211 1126/985/328
f 1130/840/187 1125/986/324 1124/838/185
f 1131/987/338 1123/988/325 1125/981/330
f 1133/989/188 1128/983/327 1134/990/332
f 1134/991/333 1126/985/328 1132/992/334
f 1136/842/189 1131/993/336 1130/843/187
f 1137/994/337 1129/995/331 1131/987/338
f 1139/844/190 1134/996/332 1140/997/339
f 1140/998/340 1132/992/334 1138/999/341
f 1136/842/189 1143/1000/674 1137/1001/335
f 1143/1002/343 1135/1003/344 1137/994/337
f 1139/844/190 1146/1004/675 1145/846/192
f 1146/1005/346 1138/999/341 1144/1006/347
f 1148/847/193 1143/1000/674 1142/845/191
f 1149/1007/676 1141/1008/350 1143/1002/343
f 1151/848/194 1146/1004/675 1152/1009/351
f 1146/1005/346 1150/1010/353 1152/1011/677
f 1154/849/195 1149/1012/348 1148/847/193
f 1149/1007/676 1153/1013/356 1147/1014/349
f 1157/850/196 1152/1009/351 1158/1015/357
f 1152/1011/677 1156/1016/359 1158/1017/358
f 1154/849/195 1161/1018/360 1155/1019/354
f 1155/1020/362 1159/1021/367 1153/1013/356
f 1157/850/196 1164/1022/363 1163/852/198
f 1158/1017/358 1162/1023/365 1164/1024/678
f 1166/853/199 1161/1018/360 1160/851/197
f 1161/1025/679 1165/1026/373 1159/1021/367
f 1163/852/198 1170/1027/368 1169/854/200
f 1170/1028/369 1162/1023/365 1168/1029/370
f 1172/855/201 1167/1030/680 1166/853/199
f 1167/1031/366 1171/1032/372 1165/1026/373
f 1175/856/202 1170/1027/368 1176/1033/374
f 1170/1028/369 1174/1034/375 1176/1035/376
f 1178/857/203 1173/1036/378 1172/855/201
f 1173/1037/379 1177/1038/380 1171/1032/372
f 1181/1039/204 1176/1033/374 1182/1040/381
f 1176/1035/376 1180/1041/382 1182/1042/383
f 1178/857/203 1185/1043/389 1179/1044/377
f 1179/1045/385 1183/1046/391 1177/1038/380
f 1181/1039/204 1188/1047/386 1187/1048/206
f 1182/1042/383 1186/1049/387 1188/1050/388
f 1184/859/205 1191/1051/396 1185/1052/389
f 1185/1053/384 1189/1054/398 1183/1046/391
f 1187/861/206 1194/1055/392 1193/863/208
f 1188/1050/388 1192/1056/394 1194/1057/393
f 1190/862/207 1197/1058/395 1191/1051/396
f 1191/1059/390 1195/1060/397 1189/1054/398
f 1193/863/208 1200/1061/399 1199/799/148
f 1194/1057/393 1198/1062/400 1200/1063/401
f 1196/801/150 1011/870/215 1197/1058/395
f 1197/1064/402 1009/872/217 1195/1060/397
f 1199/799/148 1014/874/219 1013/869/214
f 1200/1063/401 1012/877/222 1014/1065/403
f 1099/960/302 1147/1014/349 1195/1060/397
f 1871/1066/148 1682/1067/149 1868/1068/150
f 1697/1069/151 1700/1070/152 1694/1071/153
f 1703/1072/154 1706/1073/155 1700/1070/152
f 1709/1074/156 1712/1075/157 1706/1076/155
f 1715/1077/158 1718/1078/159 1712/1075/157
f 1718/1078/159 1727/1079/162 1724/1080/161
f 1727/1079/162 1730/1081/163 1724/1080/161
f 1733/1082/164 1736/1083/165 1730/1081/163
f 1736/1083/165 1745/1084/168 1742/1085/167
f 1745/1084/168 1748/1086/169 1742/1085/167
f 1751/1087/170 1754/1088/171 1748/1086/169
f 1757/1089/172 1760/1090/173 1754/1091/171
f 1763/1092/174 1766/1093/175 1760/1090/173
f 1769/1094/176 1772/1095/177 1766/1093/175
f 1775/1096/178 1778/1097/179 1772/1095/177
f 1781/1098/180 1784/1099/181 1778/1097/179
f 1787/1100/182 1790/1101/183 1784/1099/181
f 1793/1102/184 1796/1103/185 1790/1101/183
f 1799/1104/186 1802/1105/187 1796/1103/185
f 1805/1106/188 1808/1107/189 1802/1105/187
f 1811/1108/190 1814/1109/191 1808/1110/189
f 1817/1111/192 1820/1112/193 1814/1109/191
f 1823/1113/194 1826/1114/195 1820/1112/193
f 1829/1115/196 1832/1116/197 1826/1114/195
f 1835/1117/198 1838/1118/199 1832/1116/197
f 1841/1119/200 1844/1120/201 1838/1118/199
f 1847/1121/202 1850/1122/203 1844/1120/201
f 1853/1123/204 1856/1124/205 1850/1125/203
f 1859/1126/206 1862/1127/207 1856/1124/205
f 1865/1128/208 1868/1068/150 1862/1127/207
f 1691/1129/209 1694/1071/153 1688/1130/210
f 1792/1131/211 1744/1132/212 1696/1133/213
f 1685/1134/214 1688/1130/210 1682/1067/149
f 1688/1130/210 1683/1135/215 1682/1067/149
f 1689/1136/216 1681/1137/217 1683/1138/218
f 1691/1129/209 1686/1139/219 1692/1140/220
f 1692/1141/221 1684/1142/222 1690/1143/223
f 1694/1071/153 1689/1144/224 1688/1130/210
f 1695/1145/225 1687/1146/226 1689/1136/216
f 1697/1069/151 1692/1140/220 1698/1147/227
f 1698/1148/228 1690/1143/223 1696/1133/213
f 1694/1071/153 1701/1149/229 1695/1150/230
f 1695/1145/225 1699/1151/231 1693/1152/232
f 1697/1069/151 1704/1153/233 1703/1072/154
f 1698/1148/228 1702/1154/234 1704/1155/235
f 1700/1070/152 1707/1156/242 1701/1149/229
f 1701/1157/237 1705/1158/244 1699/1151/231
f 1703/1072/154 1710/1159/238 1709/1160/156
f 1710/1161/239 1702/1154/234 1708/1162/240
f 1712/1075/157 1707/1163/242 1706/1076/155
f 1713/1164/243 1705/1158/244 1707/1165/236
f 1715/1077/158 1710/1166/238 1716/1167/245
f 1716/1168/246 1708/1162/240 1714/1169/247
f 1712/1075/157 1719/1170/698 1713/1171/241
f 1719/1172/249 1711/1173/250 1713/1164/243
f 1715/1077/158 1722/1174/669 1721/1175/160
f 1716/1168/246 1720/1176/253 1722/1177/252
f 1718/1078/159 1725/1178/259 1719/1170/698
f 1719/1172/249 1723/1179/261 1717/1180/255
f 1721/1175/160 1728/1181/256 1727/1079/162
f 1722/1177/252 1726/1182/258 1728/1183/699
f 1730/1081/163 1725/1178/259 1724/1080/161
f 1725/1184/700 1729/1185/268 1723/1179/261
f 1733/1082/164 1728/1181/256 1734/1186/670
f 1728/1183/699 1732/1187/263 1734/1188/264
f 1736/1083/165 1731/1189/671 1730/1081/163
f 1737/1190/701 1729/1185/268 1731/1191/260
f 1739/1192/166 1734/1186/670 1740/1193/269
f 1734/1188/264 1738/1194/271 1740/1195/702
f 1736/1083/165 1743/1196/277 1737/1197/265
f 1743/1198/272 1735/1199/267 1737/1190/701
f 1745/1084/168 1740/1193/269 1746/1200/274
f 1740/1195/702 1744/1132/212 1746/1201/275
f 1748/1086/169 1743/1196/277 1742/1085/167
f 1743/1198/272 1747/1202/278 1741/1203/279
f 1751/1087/170 1746/1200/274 1752/1204/280
f 1746/1201/275 1750/1205/281 1752/1206/282
f 1754/1088/171 1749/1207/276 1748/1086/169
f 1749/1208/284 1753/1209/285 1747/1202/278
f 1757/1210/172 1752/1204/280 1758/1211/286
f 1752/1206/282 1756/1212/287 1758/1213/288
f 1760/1090/173 1755/1214/283 1754/1091/171
f 1761/1215/296 1753/1209/285 1755/1216/289
f 1757/1089/172 1764/1217/291 1763/1092/174
f 1758/1213/288 1762/1218/292 1764/1219/293
f 1766/1093/175 1761/1220/294 1760/1090/173
f 1767/1221/295 1759/1222/290 1761/1215/296
f 1769/1094/176 1764/1217/291 1770/1223/297
f 1770/1224/298 1762/1218/292 1768/1225/299
f 1766/1093/175 1773/1226/300 1767/1227/301
f 1767/1221/295 1771/1228/302 1765/1229/303
f 1769/1094/176 1776/1230/304 1775/1096/178
f 1770/1224/298 1774/1231/305 1776/1232/306
f 1772/1095/177 1779/1233/307 1773/1226/300
f 1773/1234/308 1777/1235/309 1771/1228/302
f 1775/1096/178 1782/1236/310 1781/1098/180
f 1776/1232/306 1780/1237/311 1782/1238/312
f 1784/1099/181 1779/1233/307 1778/1097/179
f 1785/1239/313 1777/1235/309 1779/1240/314
f 1787/1100/182 1782/1236/310 1788/1241/315
f 1788/1242/316 1780/1237/311 1786/1243/317
f 1790/1101/183 1785/1244/319 1784/1099/181
f 1791/1245/320 1783/1246/321 1785/1239/313
f 1793/1102/184 1788/1241/315 1794/1247/322
f 1794/1248/323 1786/1243/317 1792/1131/211
f 1790/1101/183 1797/1249/324 1791/1250/318
f 1791/1245/320 1795/1251/325 1789/1252/326
f 1793/1102/184 1800/1253/327 1799/1104/186
f 1794/1248/323 1798/1254/328 1800/1255/329
f 1796/1103/185 1803/1256/336 1797/1249/324
f 1803/1257/338 1795/1251/325 1797/1258/330
f 1799/1104/186 1806/1259/332 1805/1106/188
f 1806/1260/333 1798/1254/328 1804/1261/334
f 1808/1107/189 1803/1256/336 1802/1105/187
f 1809/1262/337 1801/1263/331 1803/1257/338
f 1811/1264/190 1806/1259/332 1812/1265/339
f 1812/1266/340 1804/1261/334 1810/1267/341
f 1814/1109/191 1809/1268/335 1808/1110/189
f 1815/1269/343 1807/1270/344 1809/1262/337
f 1817/1111/192 1812/1271/339 1818/1272/345
f 1818/1273/346 1810/1267/341 1816/1274/347
f 1814/1109/191 1821/1275/348 1815/1276/703
f 1815/1269/343 1819/1277/349 1813/1278/350
f 1823/1113/194 1818/1272/345 1824/1279/351
f 1818/1273/346 1822/1280/353 1824/1281/677
f 1826/1114/195 1821/1275/348 1820/1112/193
f 1827/1282/362 1819/1277/349 1821/1283/676
f 1829/1115/196 1824/1279/351 1830/1284/704
f 1824/1281/677 1828/1285/359 1830/1286/358
f 1826/1114/195 1833/1287/360 1827/1288/705
f 1827/1282/362 1831/1289/367 1825/1290/356
f 1829/1115/196 1836/1291/363 1835/1117/198
f 1836/1292/678 1828/1285/359 1834/1293/365
f 1832/1116/197 1839/1294/680 1833/1287/360
f 1833/1295/679 1837/1296/373 1831/1289/367
f 1841/1119/200 1836/1291/363 1842/1297/706
f 1836/1292/678 1840/1298/370 1842/1299/369
f 1838/1118/199 1845/1300/378 1839/1294/680
f 1839/1301/366 1843/1302/372 1837/1296/373
f 1841/1119/200 1848/1303/374 1847/1121/202
f 1842/1299/369 1846/1304/375 1848/1305/376
f 1844/1120/201 1851/1306/377 1845/1300/378
f 1845/1307/379 1849/1308/380 1843/1302/372
f 1847/1121/202 1854/1309/381 1853/1310/204
f 1848/1305/376 1852/1311/382 1854/1312/383
f 1856/1313/205 1851/1306/377 1850/1122/203
f 1851/1314/385 1855/1315/391 1849/1308/380
f 1853/1310/204 1860/1316/386 1859/1317/206
f 1854/1312/383 1858/1318/387 1860/1319/388
f 1862/1127/207 1857/1320/389 1856/1124/205
f 1863/1321/390 1855/1315/391 1857/1322/384
f 1865/1128/208 1860/1323/386 1866/1324/392
f 1866/1325/393 1858/1318/387 1864/1326/394
f 1868/1068/150 1863/1327/396 1862/1127/207
f 1863/1321/390 1867/1328/397 1861/1329/398
f 1865/1128/208 1872/1330/399 1871/1066/148
f 1866/1325/393 1870/1331/400 1872/1332/401
f 1868/1068/150 1683/1135/215 1869/1333/395
f 1869/1334/402 1681/1137/217 1867/1328/397
f 1871/1066/148 1686/1139/219 1685/1134/214
f 1872/1332/401 1684/1142/222 1686/1335/403
f 1771/1228/302 1819/1277/349 1867/1328/397
f 2452/1336/716 2362/1336/716 2354/1336/716
f 2377/1337/717 2380/1338/718 2374/1339/719
f 2387/1340/720 2394/1341/721 2381/1341/722
f 2397/1342/723 2400/1343/724 2394/1344/721
f 2400/1345/716 2414/1345/716 2406/1345/716
f 2407/1346/716 2423/1346/716 2420/1346/716
f 2423/1347/725 2426/1348/726 2420/1349/727
f 2429/1350/728 2432/1348/729 2426/1348/726
f 2439/1351/730 2446/1352/731 2433/1353/732
f 2449/1354/733 2452/1355/734 2446/1356/731
f 2371/1357/735 2374/1339/719 2368/1358/736
f 2448/1359/737 2412/1360/738 2376/1361/739
f 2355/1362/716 2371/1362/716 2368/1362/716
f 2353/1363/740 2357/1364/741 2359/1365/742
f 2358/1366/743 2356/1367/744 2354/1355/745
f 2359/1368/746 2358/1369/743 2355/1358/747
f 2360/1370/748 2364/1371/749 2366/1372/750
f 2365/1373/751 2363/1374/752 2361/1357/753
f 2366/1375/754 2365/1376/751 2362/1377/755
f 2379/1378/756 2383/1379/757 2385/1380/758
f 2384/1381/759 2382/1382/760 2380/1338/718
f 2385/1383/761 2384/1384/759 2381/1344/722
f 2386/1385/762 2390/1386/763 2392/1387/764
f 2391/1388/765 2389/1389/766 2387/1342/720
f 2392/1390/767 2391/1391/765 2388/1392/768
f 2405/1393/769 2409/1394/770 2411/1395/771
f 2410/1396/772 2408/1397/773 2406/1343/774
f 2411/1398/775 2410/1399/772 2407/1349/776
f 2412/1360/738 2416/1400/777 2418/1401/778
f 2417/1402/779 2415/1403/780 2413/1347/781
f 2418/1404/782 2417/1405/779 2414/1406/783
f 2431/1407/784 2435/1408/785 2437/1409/786
f 2436/1410/787 2434/1411/788 2432/1348/729
f 2437/1412/789 2436/1413/787 2433/1356/732
f 2438/1414/790 2442/1415/791 2444/1416/792
f 2443/1417/793 2441/1418/794 2439/1354/730
f 2444/1419/795 2443/1420/793 2440/1350/796
f 2355/1358/747 2369/1421/797 2359/1368/746
f 2359/1365/742 2367/1422/798 2353/1363/740
f 2371/1357/735 2363/1374/752 2372/1423/799
f 2363/1424/800 2370/1425/801 2372/1426/802
f 2362/1377/755 2358/1366/743 2354/1355/745
f 2365/1373/751 2355/1358/747 2358/1369/743
f 2374/1339/719 2369/1421/797 2368/1358/736
f 2369/1427/803 2373/1428/804 2367/1422/798
f 2377/1337/717 2372/1423/799 2378/1429/805
f 2372/1426/802 2376/1361/739 2378/1430/806
f 2380/1338/718 2375/1431/807 2374/1339/719
f 2382/1432/808 2373/1428/804 2375/1433/809
f 2388/1392/768 2378/1429/805 2392/1390/767
f 2392/1387/764 2376/1361/739 2386/1385/762
f 2381/1344/722 2391/1388/765 2387/1342/720
f 2384/1381/759 2388/1392/768 2391/1391/765
f 2381/1344/722 2395/1434/810 2385/1383/761
f 2385/1380/758 2393/1435/811 2379/1378/756
f 2387/1342/720 2398/1436/812 2397/1342/723
f 2389/1437/813 2396/1438/814 2398/1439/815
f 2394/1344/721 2401/1440/816 2395/1434/810
f 2395/1441/817 2399/1442/818 2393/1435/811
f 2397/1342/723 2404/1443/819 2403/1406/820
f 2398/1439/815 2402/1444/821 2404/1445/822
f 2400/1343/724 2408/1397/773 2401/1440/816
f 2408/1446/823 2399/1442/818 2401/1447/824
f 2414/1406/783 2404/1443/819 2418/1404/782
f 2418/1401/778 2402/1444/821 2412/1360/738
f 2407/1349/776 2417/1402/779 2413/1347/781
f 2410/1396/772 2414/1406/783 2417/1405/779
f 2407/1349/776 2421/1448/825 2411/1398/775
f 2411/1395/771 2419/1449/826 2405/1393/769
f 2423/1347/725 2415/1403/780 2424/1450/827
f 2415/1451/828 2422/1452/829 2424/1453/830
f 2426/1348/726 2421/1448/825 2420/1349/727
f 2421/1454/831 2425/1455/832 2419/1449/826
f 2429/1350/728 2424/1450/827 2430/1456/833
f 2424/1453/830 2428/1457/834 2430/1458/835
f 2432/1348/729 2427/1459/836 2426/1348/726
f 2434/1460/837 2425/1455/832 2427/1461/838
f 2440/1350/796 2430/1456/833 2444/1419/795
f 2444/1416/792 2428/1457/834 2438/1414/790
f 2433/1356/732 2443/1417/793 2439/1354/730
f 2436/1410/787 2440/1350/796 2443/1420/793
f 2433/1356/732 2447/1462/839 2437/1412/789
f 2437/1409/786 2445/1463/840 2431/1407/784
f 2439/1354/730 2450/1464/841 2449/1354/733
f 2441/1465/842 2448/1359/737 2450/1466/843
f 2446/1356/731 2453/1467/844 2447/1462/839
f 2453/1468/845 2445/1463/840 2447/1469/846
f 2449/1354/733 2456/1470/847 2455/1377/848
f 2456/1471/849 2448/1359/737 2454/1472/850
f 2452/1355/734 2356/1367/744 2453/1467/844
f 2356/1473/851 2451/1474/852 2453/1468/845
f 2362/1377/755 2456/1470/847 2366/1375/754
f 2366/1372/750 2454/1472/850 2360/1370/748
f 2379/1378/756 2419/1449/826 2451/1474/852
f 3470/1336/716 3380/1336/716 3372/1336/716
f 3395/2534/717 3398/2535/718 3392/2536/719
f 3405/2537/720 3412/2538/721 3399/2538/722
f 3415/2537/723 3418/2539/1764 3412/2538/721
f 3418/1345/716 3432/1345/716 3424/1345/716
f 3425/1346/716 3441/1346/716 3438/1346/716
f 3441/2540/725 3444/2541/726 3438/2542/727
f 3447/1340/728 3450/1341/729 3444/1341/726
f 3457/2543/730 3464/2544/731 3451/2545/732
f 3467/2546/733 3470/2547/1765 3464/2544/731
f 3389/2548/735 3392/2549/719 3386/2550/736
f 3466/2551/737 3430/2552/738 3394/2553/739
f 3373/1362/716 3389/1362/716 3386/1362/716
f 3371/2554/740 3375/2555/741 3377/2556/742
f 3376/1410/743 3374/2557/744 3372/2547/745
f 3377/2558/746 3376/1413/743 3373/2550/747
f 3378/2559/748 3382/2560/749 3384/2561/750
f 3383/1417/751 3381/2562/752 3379/2548/753
f 3384/2563/754 3383/1420/751 3380/2564/755
f 3397/2565/756 3401/2566/1766 3403/2567/758
f 3402/1366/759 3400/2568/760 3398/2549/718
f 3403/2569/761 3402/1369/759 3399/2538/722
f 3404/2570/762 3408/2571/1767 3410/2572/764
f 3409/1373/765 3407/2573/766 3405/2537/720
f 3410/2574/767 3409/1376/765 3406/2575/768
f 3423/2576/769 3427/2577/770 3429/2578/771
f 3428/1381/772 3426/2579/773 3424/2539/1768
f 3429/2580/775 3428/1384/772 3425/2542/776
f 3430/2552/738 3434/2581/777 3436/2582/778
f 3435/1388/779 3433/1389/780 3431/2540/781
f 3436/2583/782 3435/1391/779 3432/2584/783
f 3449/2585/784 3453/2586/1769 3455/2587/786
f 3454/1396/787 3452/1397/788 3450/2541/729
f 3455/2588/789 3454/1399/787 3451/2545/732
f 3456/2589/790 3460/2590/1770 3462/2591/792
f 3461/1402/793 3459/2592/794 3457/2543/730
f 3462/2593/795 3461/1405/793 3458/2594/796
f 3373/2550/747 3387/1462/797 3377/2558/746
f 3377/2556/742 3385/2595/798 3371/2554/740
f 3389/2548/735 3381/2562/752 3390/1464/799
f 3381/2596/800 3388/2597/801 3390/2598/802
f 3380/2564/755 3376/1410/743 3372/2547/745
f 3383/1417/751 3373/2550/747 3376/1413/743
f 3392/2549/719 3387/1462/797 3386/2550/736
f 3387/2599/803 3391/2600/804 3385/2595/798
f 3395/2575/717 3390/1464/799 3396/1470/805
f 3390/2598/802 3394/2553/739 3396/2601/806
f 3398/2549/718 3393/1467/807 3392/2549/719
f 3400/2602/808 3391/2600/804 3393/2603/809
f 3406/2575/768 3396/1470/805 3410/2574/767
f 3410/2572/764 3394/2553/739 3404/2570/762
f 3399/2538/722 3409/1373/765 3405/2537/720
f 3402/1366/759 3406/2575/768 3409/1376/765
f 3399/2538/722 3413/2604/810 3403/2569/761
f 3403/2567/758 3411/2605/811 3397/2565/756
f 3405/2537/720 3416/2606/812 3415/2537/723
f 3407/2607/813 3414/2608/814 3416/2609/815
f 3412/2538/721 3419/1431/816 3413/2604/810
f 3419/2610/1771 3411/2605/811 3413/2611/817
f 3415/2537/723 3422/1429/819 3421/2584/820
f 3422/2612/1772 3414/2608/814 3420/2613/821
f 3418/2539/1764 3426/2579/773 3419/1431/816
f 3426/2614/823 3417/2615/818 3419/2610/1771
f 3432/2584/783 3422/1429/819 3436/2583/782
f 3436/2582/778 3420/2613/821 3430/2552/738
f 3425/2542/776 3435/1388/779 3431/2540/781
f 3428/1381/772 3432/2584/783 3435/1391/779
f 3425/2542/776 3439/2616/825 3429/2580/775
f 3429/2578/771 3437/2617/826 3423/2576/769
f 3441/2540/725 3433/1389/780 3442/2618/827
f 3433/2619/828 3440/2620/829 3442/2621/830
f 3444/2541/726 3439/2616/825 3438/2542/727
f 3445/2622/838 3437/2617/826 3439/2623/831
f 3447/2594/728 3442/2618/827 3448/2624/833
f 3442/2621/830 3446/2625/834 3448/2626/835
f 3450/2541/729 3445/2627/836 3444/2541/726
f 3452/2628/837 3443/2629/832 3445/2622/838
f 3458/2594/796 3448/2624/833 3462/2593/795
f 3462/2591/792 3446/2625/834 3456/2589/790
f 3451/2545/732 3461/1402/793 3457/2543/730
f 3454/1396/787 3458/2594/796 3461/1405/793
f 3451/2545/732 3465/1448/839 3455/2588/789
f 3455/2587/786 3463/2630/840 3449/2585/784
f 3457/2543/730 3468/1450/841 3467/2546/733
f 3459/2631/842 3466/2551/737 3468/2632/843
f 3464/2544/731 3471/2633/844 3465/1448/839
f 3471/2634/1773 3463/2630/840 3465/2635/846
f 3467/2546/733 3474/2636/847 3473/2564/848
f 3474/2637/849 3466/2551/737 3472/2638/850
f 3470/2547/1765 3374/2557/744 3471/2633/844
f 3374/2639/851 3469/2640/852 3471/2634/1773
f 3380/2564/755 3474/2636/847 3384/2563/754
f 3384/2561/750 3472/2638/850 3378/2559/748
f 3397/2565/756 3437/2617/826 3469/2640/852
f 527/525/148 341/595/214 338/526/149
f 353/528/151 359/531/154 356/529/152
f 359/531/154 365/533/156 362/532/155
f 365/533/156 371/626/158 368/534/157
f 371/535/158 377/538/160 374/536/159
f 377/538/160 383/540/162 380/539/161
f 383/540/162 389/542/164 386/541/163
f 389/542/164 395/544/166 392/543/165
f 395/544/166 401/546/168 398/545/167
f 401/546/168 407/548/170 404/547/169
f 407/548/170 413/671/172 410/549/171
f 413/550/172 419/553/174 416/551/173
f 419/553/174 425/555/176 422/554/175
f 425/555/176 431/557/178 428/556/177
f 431/557/178 437/559/180 434/558/179
f 437/559/180 443/561/182 440/560/181
f 443/561/182 449/563/184 446/562/183
f 449/563/184 455/565/186 452/564/185
f 455/565/186 461/567/188 458/566/187
f 461/567/188 467/728/190 464/568/189
f 467/569/190 473/572/192 470/570/191
f 473/572/192 479/574/194 476/573/193
f 479/574/194 485/576/196 482/575/195
f 485/576/196 491/578/198 488/577/197
f 491/578/198 497/580/200 494/579/199
f 497/580/200 503/582/202 500/581/201
f 503/582/202 509/772/204 506/583/203
f 509/584/204 515/587/206 512/585/205
f 515/587/206 521/589/208 518/588/207
f 521/589/208 527/525/148 524/527/150
f 347/590/209 353/528/151 350/530/153
f 352/594/213 346/604/223 340/603/222
f 340/603/222 526/794/400 520/788/394
f 520/788/394 514/780/387 508/773/382
f 508/773/382 502/765/375 496/760/370
f 496/760/370 490/755/365 484/749/359
f 484/749/359 478/743/353 472/737/347
f 472/737/347 466/730/341 460/722/334
f 460/722/334 454/716/328 448/592/211
f 448/592/211 442/705/317 436/699/311
f 436/699/311 430/693/305 424/687/299
f 424/687/299 418/679/292 412/672/287
f 412/672/287 406/665/281 400/593/212
f 400/593/212 394/655/271 388/647/263
f 388/647/263 382/642/258 376/637/253
f 376/637/253 370/629/247 364/621/240
f 364/621/240 358/615/234 352/594/213
f 352/594/213 340/603/222 520/788/394
f 520/788/394 508/773/382 496/760/370
f 496/760/370 484/749/359 472/737/347
f 472/737/347 460/722/334 448/592/211
f 448/592/211 436/699/311 424/687/299
f 424/687/299 412/672/287 400/593/212
f 400/593/212 388/647/263 376/637/253
f 376/637/253 364/621/240 352/594/213
f 352/594/213 520/788/394 496/760/370
f 496/760/370 472/737/347 448/592/211
f 448/592/211 424/687/299 400/593/212
f 400/593/212 376/637/253 352/594/213
f 352/594/213 496/760/370 448/592/211
f 341/595/214 347/590/209 344/591/210
f 344/591/210 345/605/224 339/596/215
f 345/597/216 343/607/226 337/598/217
f 347/590/209 341/595/214 342/600/219
f 348/602/221 342/797/403 340/603/222
f 350/530/153 351/611/230 345/605/224
f 351/606/225 349/613/232 343/607/226
f 353/528/151 347/590/209 348/601/220
f 354/609/228 348/602/221 346/604/223
f 350/530/153 356/529/152 357/610/229
f 351/606/225 357/618/237 355/612/231
f 353/528/151 354/608/227 360/614/233
f 354/609/228 352/594/213 358/615/234
f 362/532/155 363/623/242 357/610/229
f 363/617/236 361/625/244 355/612/231
f 359/531/154 360/614/233 366/619/238
f 366/620/239 360/616/235 358/615/234
f 362/532/155 368/534/157 369/622/241
f 369/624/243 367/633/250 361/625/244
f 371/626/158 365/533/156 366/619/238
f 372/628/246 366/620/239 364/621/240
f 368/537/157 374/536/159 375/630/248
f 375/632/249 373/639/255 367/633/250
f 377/538/160 371/535/158 372/634/245
f 378/636/252 372/628/246 370/629/247
f 380/539/161 381/643/259 375/630/248
f 381/638/254 379/645/261 373/639/255
f 377/538/160 378/635/251 384/640/256
f 384/641/257 378/636/252 376/637/253
f 386/541/163 387/650/266 381/643/259
f 387/644/260 385/652/268 379/645/261
f 389/542/164 383/540/162 384/640/256
f 384/641/257 382/642/258 388/647/263
f 386/541/163 392/543/165 393/649/265
f 387/644/260 393/657/273 391/651/267
f 389/542/164 390/646/262 396/653/269
f 396/654/270 390/648/264 388/647/263
f 398/545/167 399/661/277 393/649/265
f 399/656/272 397/663/279 391/651/267
f 395/544/166 396/653/269 402/658/274
f 402/659/275 396/654/270 394/655/271
f 398/545/167 404/547/169 405/660/276
f 399/656/272 405/668/284 403/662/278
f 401/546/168 402/658/274 408/664/280
f 402/659/275 400/593/212 406/665/281
f 404/547/169 410/549/171 411/667/283
f 405/668/284 411/675/289 409/669/285
f 407/548/170 408/664/280 414/670/286
f 408/666/282 406/665/281 412/672/287
f 416/674/173 417/3709/294 411/667/283
f 411/675/289 417/683/296 415/676/290
f 419/677/174 413/671/172 414/670/286
f 414/673/288 412/672/287 418/679/292
f 422/554/175 423/689/301 417/681/294
f 423/682/295 421/691/303 415/676/290
f 425/555/176 419/553/174 420/684/291
f 426/686/298 420/680/293 418/679/292
f 422/554/175 428/556/177 429/688/300
f 423/682/295 429/696/308 427/690/302
f 425/555/176 426/685/297 432/692/304
f 426/686/298 424/687/299 430/693/305
f 428/556/177 434/558/179 435/695/307
f 429/696/308 435/702/314 433/697/309
f 431/557/178 432/692/304 438/698/310
f 432/694/306 430/693/305 436/699/311
f 440/560/181 441/707/319 435/695/307
f 441/701/313 439/709/321 433/697/309
f 443/561/182 437/559/180 438/698/310
f 444/704/316 438/700/312 436/699/311
f 440/560/181 446/562/183 447/706/318
f 447/708/320 445/714/326 439/709/321
f 449/563/184 443/561/182 444/703/315
f 450/711/323 444/704/316 442/705/317
f 446/562/183 452/564/185 453/712/324
f 447/708/320 453/718/330 451/713/325
f 449/563/184 450/710/322 456/715/327
f 450/711/323 448/592/211 454/716/328
f 458/566/187 459/724/336 453/712/324
f 453/718/330 459/726/338 457/719/331
f 461/567/188 455/565/186 456/715/327
f 462/721/333 456/717/329 454/716/328
f 458/566/187 464/568/189 465/723/335
f 465/725/337 463/734/344 457/719/331
f 461/567/188 462/720/332 468/727/339
f 468/729/340 462/721/333 460/722/334
f 464/571/189 470/570/191 471/731/342
f 471/733/343 469/740/350 463/734/344
f 467/569/190 468/3710/339 474/735/345
f 474/736/346 468/729/340 466/730/341
f 470/570/191 476/573/193 477/738/348
f 471/733/343 477/745/355 475/739/349
f 473/572/192 474/735/345 480/741/351
f 480/742/352 474/736/346 472/737/347
f 476/573/193 482/575/195 483/744/354
f 477/745/355 483/752/362 481/746/356
f 479/574/194 480/741/351 486/747/357
f 486/748/358 480/742/352 478/743/353
f 482/575/195 488/577/197 489/750/360
f 489/751/361 487/757/367 481/746/356
f 485/576/196 486/747/357 492/753/363
f 492/754/364 486/748/358 484/749/359
f 494/579/199 495/761/371 489/750/360
f 495/756/366 493/763/373 487/757/367
f 497/580/200 491/578/198 492/753/363
f 498/759/369 492/754/364 490/755/365
f 500/581/201 501/768/378 495/761/371
f 495/756/366 501/769/379 499/762/372
f 503/582/202 497/580/200 498/758/368
f 498/759/369 496/760/370 502/765/375
f 500/581/201 506/583/203 507/767/377
f 501/769/379 507/777/385 505/770/380
f 503/582/202 504/764/374 510/771/381
f 504/766/376 502/765/375 508/773/382
f 512/775/205 513/3711/389 507/767/377
f 513/776/384 511/784/391 505/770/380
f 515/778/206 509/772/204 510/771/381
f 510/774/383 508/773/382 514/780/387
f 518/588/207 519/790/396 513/782/389
f 519/783/390 517/792/398 511/784/391
f 521/589/208 515/587/206 516/785/386
f 522/787/393 516/781/388 514/780/387
f 518/588/207 524/527/150 525/789/395
f 519/783/390 525/796/402 523/791/397
f 521/589/208 522/786/392 528/793/399
f 522/787/393 520/788/394 526/794/400
f 524/527/150 338/526/149 339/596/215
f 525/796/402 339/599/218 337/598/217
f 527/525/148 528/793/399 342/600/219
f 528/795/401 526/794/400 340/603/222
f 523/791/397 337/598/217 343/607/226
f 343/607/226 349/613/232 355/612/231
f 355/612/231 361/625/244 367/633/250
f 367/633/250 373/639/255 379/645/261
f 379/645/261 385/652/268 391/651/267
f 391/651/267 397/663/279 403/662/278
f 403/662/278 409/669/285 415/676/290
f 415/676/290 421/691/303 427/690/302
f 427/690/302 433/697/309 439/709/321
f 439/709/321 445/714/326 451/713/325
f 451/713/325 457/719/331 463/734/344
f 463/734/344 469/740/350 475/739/349
f 475/739/349 481/746/356 487/757/367
f 487/757/367 493/763/373 499/762/372
f 499/762/372 505/770/380 511/784/391
f 511/784/391 517/792/398 523/791/397
f 523/791/397 343/607/226 355/612/231
f 355/612/231 367/633/250 379/645/261
f 379/645/261 391/651/267 403/662/278
f 403/662/278 415/676/290 427/690/302
f 427/690/302 439/709/321 451/713/325
f 451/713/325 463/734/344 475/739/349
f 475/739/349 487/757/367 499/762/372
f 499/762/372 511/784/391 523/791/397
f 523/791/397 355/612/231 379/645/261
f 379/645/261 403/662/278 427/690/302
f 427/690/302 451/713/325 475/739/349
f 475/739/349 499/762/372 523/791/397
f 523/791/397 379/645/261 427/690/302
f 1199/799/148 1013/869/214 1010/800/149
f 1025/802/151 1031/805/154 1028/803/152
f 1031/805/154 1037/893/156 1034/806/155
f 1037/807/156 1043/810/158 1040/808/157
f 1043/810/158 1049/812/160 1046/811/159
f 1049/812/160 1055/814/162 1052/813/161
f 1055/814/162 1061/816/164 1058/815/163
f 1061/816/164 1067/818/166 1064/817/165
f 1067/818/166 1073/820/168 1070/819/167
f 1073/820/168 1079/935/170 1076/821/169
f 1079/822/170 1085/825/172 1082/823/171
f 1085/825/172 1091/827/174 1088/826/173
f 1091/827/174 1097/829/176 1094/828/175
f 1097/829/176 1103/831/178 1100/830/177
f 1103/831/178 1109/833/180 1106/832/179
f 1109/833/180 1115/835/182 1112/834/181
f 1115/835/182 1121/837/184 1118/836/183
f 1121/837/184 1127/839/186 1124/838/185
f 1127/839/186 1133/989/188 1130/840/187
f 1133/841/188 1139/844/190 1136/842/189
f 1139/844/190 1145/846/192 1142/845/191
f 1145/846/192 1151/848/194 1148/847/193
f 1151/848/194 1157/850/196 1154/849/195
f 1157/850/196 1163/852/198 1160/851/197
f 1163/852/198 1169/854/200 1166/853/199
f 1169/854/200 1175/856/202 1172/855/201
f 1175/856/202 1181/1039/204 1178/857/203
f 1181/858/204 1187/861/206 1184/859/205
f 1187/861/206 1193/863/208 1190/862/207
f 1193/863/208 1199/799/148 1196/801/150
f 1019/864/209 1025/802/151 1022/804/153
f 1024/868/213 1018/878/223 1012/877/222
f 1012/877/222 1198/1062/400 1192/1056/394
f 1192/1056/394 1186/1049/387 1180/1041/382
f 1180/1041/382 1174/1034/375 1168/1029/370
f 1168/1029/370 1162/1023/365 1156/1016/359
f 1156/1016/359 1150/1010/353 1144/1006/347
f 1144/1006/347 1138/999/341 1132/992/334
f 1132/992/334 1126/985/328 1120/866/211
f 1120/866/211 1114/974/317 1108/968/311
f 1108/968/311 1102/962/305 1096/956/299
f 1096/956/299 1090/950/292 1084/944/287
f 1084/944/287 1078/937/281 1072/867/212
f 1072/867/212 1066/927/271 1060/920/263
f 1060/920/263 1054/914/258 1048/909/253
f 1048/909/253 1042/903/247 1036/896/240
f 1036/896/240 1030/890/234 1024/868/213
f 1024/868/213 1012/877/222 1192/1056/394
f 1192/1056/394 1180/1041/382 1168/1029/370
f 1168/1029/370 1156/1016/359 1144/1006/347
f 1144/1006/347 1132/992/334 1120/866/211
f 1120/866/211 1108/968/311 1096/956/299
f 1096/956/299 1084/944/287 1072/867/212
f 1072/867/212 1060/920/263 1048/909/253
f 1048/909/253 1036/896/240 1024/868/213
f 1024/868/213 1192/1056/394 1168/1029/370
f 1168/1029/370 1144/1006/347 1120/866/211
f 1120/866/211 1096/956/299 1072/867/212
f 1072/867/212 1048/909/253 1024/868/213
f 1024/868/213 1168/1029/370 1120/866/211
f 1013/869/214 1019/864/209 1016/865/210
f 1016/865/210 1017/879/224 1011/870/215
f 1017/871/216 1015/881/226 1009/872/217
f 1019/864/209 1013/869/214 1014/874/219
f 1020/876/221 1014/1065/403 1012/877/222
f 1022/804/153 1023/885/230 1017/879/224
f 1023/880/225 1021/887/232 1015/881/226
f 1025/802/151 1019/864/209 1020/875/220
f 1026/883/228 1020/876/221 1018/878/223
f 1022/804/153 1028/803/152 1029/884/229
f 1029/886/237 1027/892/231 1021/887/232
f 1031/805/154 1025/802/151 1026/882/227
f 1032/889/235 1026/883/228 1024/868/213
f 1034/806/155 1035/3712/242 1029/884/229
f 1035/891/236 1033/900/244 1027/892/231
f 1037/893/156 1031/805/154 1032/888/233
f 1038/895/239 1032/889/235 1030/890/234
f 1034/809/155 1040/808/157 1041/897/241
f 1041/899/243 1039/906/250 1033/900/244
f 1037/807/156 1038/3713/238 1044/901/245
f 1044/902/246 1038/895/239 1036/896/240
f 1040/808/157 1046/811/159 1047/904/248
f 1047/905/249 1045/912/255 1039/906/250
f 1043/810/158 1044/901/245 1050/907/669
f 1050/908/252 1044/902/246 1042/903/247
f 1046/811/159 1052/813/161 1053/910/259
f 1053/911/254 1051/917/261 1045/912/255
f 1055/814/162 1049/812/160 1050/907/669
f 1050/908/252 1048/909/253 1054/914/258
f 1058/815/163 1059/922/671 1053/910/259
f 1059/916/260 1057/924/268 1051/917/261
f 1061/816/164 1055/814/162 1056/913/256
f 1062/919/264 1056/915/257 1054/914/258
f 1058/815/163 1064/817/165 1065/921/265
f 1065/923/273 1063/930/267 1057/924/268
f 1061/816/164 1062/918/670 1068/925/269
f 1068/926/270 1062/919/264 1060/920/263
f 1064/817/165 1070/819/167 1071/928/672
f 1065/923/273 1071/933/272 1069/929/279
f 1067/818/166 1068/925/269 1074/931/673
f 1074/932/275 1068/926/270 1066/927/271
f 1076/821/169 1077/3714/276 1071/928/672
f 1071/933/272 1077/941/284 1075/934/278
f 1079/935/170 1073/820/168 1074/931/673
f 1074/932/275 1072/867/212 1078/937/281
f 1076/824/169 1082/823/171 1083/939/283
f 1077/941/284 1083/947/289 1081/942/285
f 1079/822/170 1080/3715/280 1086/943/286
f 1080/938/282 1078/937/281 1084/944/287
f 1082/823/171 1088/826/173 1089/946/294
f 1083/947/289 1089/953/296 1087/948/290
f 1085/825/172 1086/943/286 1092/949/291
f 1086/945/288 1084/944/287 1090/950/292
f 1088/826/173 1094/828/175 1095/952/301
f 1089/953/296 1095/959/295 1093/954/303
f 1091/827/174 1092/949/291 1098/955/297
f 1092/951/293 1090/950/292 1096/956/299
f 1094/828/175 1100/830/177 1101/958/300
f 1095/959/295 1101/965/308 1099/960/302
f 1097/829/176 1098/955/297 1104/961/304
f 1098/957/298 1096/956/299 1102/962/305
f 1100/830/177 1106/832/179 1107/964/307
f 1101/965/308 1107/971/314 1105/966/309
f 1103/831/178 1104/961/304 1110/967/310
f 1104/963/306 1102/962/305 1108/968/311
f 1112/834/181 1113/975/319 1107/964/307
f 1113/970/313 1111/977/321 1105/966/309
f 1115/835/182 1109/833/180 1110/967/310
f 1116/973/316 1110/969/312 1108/968/311
f 1118/836/183 1119/980/318 1113/975/319
f 1119/976/320 1117/982/326 1111/977/321
f 1121/837/184 1115/835/182 1116/972/315
f 1122/979/323 1116/973/316 1114/974/317
f 1124/838/185 1125/986/324 1119/980/318
f 1125/981/330 1123/988/325 1117/982/326
f 1127/839/186 1121/837/184 1122/978/322
f 1128/984/329 1122/979/323 1120/866/211
f 1130/840/187 1131/3716/336 1125/986/324
f 1131/987/338 1129/995/331 1123/988/325
f 1133/989/188 1127/839/186 1128/983/327
f 1134/991/333 1128/984/329 1126/985/328
f 1136/842/189 1137/1001/335 1131/993/336
f 1137/994/337 1135/1003/344 1129/995/331
f 1139/844/190 1133/841/188 1134/996/332
f 1140/998/340 1134/991/333 1132/992/334
f 1136/842/189 1142/845/191 1143/1000/674
f 1143/1002/343 1141/1008/350 1135/1003/344
f 1139/844/190 1140/997/339 1146/1004/675
f 1146/1005/346 1140/998/340 1138/999/341
f 1148/847/193 1149/1012/348 1143/1000/674
f 1149/1007/676 1147/1014/349 1141/1008/350
f 1151/848/194 1145/846/192 1146/1004/675
f 1146/1005/346 1144/1006/347 1150/1010/353
f 1154/849/195 1155/1019/354 1149/1012/348
f 1149/1007/676 1155/1020/362 1153/1013/356
f 1157/850/196 1151/848/194 1152/1009/351
f 1152/1011/677 1150/1010/353 1156/1016/359
f 1154/849/195 1160/851/197 1161/1018/360
f 1155/1020/362 1161/1025/679 1159/1021/367
f 1157/850/196 1158/1015/357 1164/1022/363
f 1158/1017/358 1156/1016/359 1162/1023/365
f 1166/853/199 1167/1030/680 1161/1018/360
f 1161/1025/679 1167/1031/366 1165/1026/373
f 1163/852/198 1164/1022/363 1170/1027/368
f 1170/1028/369 1164/1024/678 1162/1023/365
f 1172/855/201 1173/1036/378 1167/1030/680
f 1167/1031/366 1173/1037/379 1171/1032/372
f 1175/856/202 1169/854/200 1170/1027/368
f 1170/1028/369 1168/1029/370 1174/1034/375
f 1178/857/203 1179/1044/377 1173/1036/378
f 1173/1037/379 1179/1045/385 1177/1038/380
f 1181/1039/204 1175/856/202 1176/1033/374
f 1176/1035/376 1174/1034/375 1180/1041/382
f 1178/857/203 1184/3717/205 1185/1043/389
f 1179/1045/385 1185/1053/384 1183/1046/391
f 1181/1039/204 1182/1040/381 1188/1047/386
f 1182/1042/383 1180/1041/382 1186/1049/387
f 1184/859/205 1190/862/207 1191/1051/396
f 1185/1053/384 1191/1059/390 1189/1054/398
f 1187/861/206 1188/3718/386 1194/1055/392
f 1188/1050/388 1186/1049/387 1192/1056/394
f 1190/862/207 1196/801/150 1197/1058/395
f 1191/1059/390 1197/1064/402 1195/1060/397
f 1193/863/208 1194/1055/392 1200/1061/399
f 1194/1057/393 1192/1056/394 1198/1062/400
f 1196/801/150 1010/800/149 1011/870/215
f 1197/1064/402 1011/873/218 1009/872/217
f 1199/799/148 1200/1061/399 1014/874/219
f 1200/1063/401 1198/1062/400 1012/877/222
f 1195/1060/397 1009/872/217 1015/881/226
f 1015/881/226 1021/887/232 1027/892/231
f 1027/892/231 1033/900/244 1039/906/250
f 1039/906/250 1045/912/255 1051/917/261
f 1051/917/261 1057/924/268 1063/930/267
f 1063/930/267 1069/929/279 1075/934/278
f 1075/934/278 1081/942/285 1087/948/290
f 1087/948/290 1093/954/303 1099/960/302
f 1099/960/302 1105/966/309 1111/977/321
f 1111/977/321 1117/982/326 1123/988/325
f 1123/988/325 1129/995/331 1135/1003/344
f 1135/1003/344 1141/1008/350 1147/1014/349
f 1147/1014/349 1153/1013/356 1159/1021/367
f 1159/1021/367 1165/1026/373 1171/1032/372
f 1171/1032/372 1177/1038/380 1183/1046/391
f 1183/1046/391 1189/1054/398 1195/1060/397
f 1195/1060/397 1015/881/226 1027/892/231
f 1027/892/231 1039/906/250 1051/917/261
f 1051/917/261 1063/930/267 1075/934/278
f 1075/934/278 1087/948/290 1099/960/302
f 1099/960/302 1111/977/321 1123/988/325
f 1123/988/325 1135/1003/344 1147/1014/349
f 1147/1014/349 1159/1021/367 1171/1032/372
f 1171/1032/372 1183/1046/391 1195/1060/397
f 1195/1060/397 1027/892/231 1051/917/261
f 1051/917/261 1075/934/278 1099/960/302
f 1099/960/302 1123/988/325 1147/1014/349
f 1147/1014/349 1171/1032/372 1195/1060/397
f 1195/1060/397 1051/917/261 1099/960/302
f 1871/1066/148 1685/1134/214 1682/1067/149
f 1697/1069/151 1703/1072/154 1700/1070/152
f 1703/1072/154 1709/1160/156 1706/1073/155
f 1709/1074/156 1715/1077/158 1712/1075/157
f 1715/1077/158 1721/1175/160 1718/1078/159
f 1718/1078/159 1721/1175/160 1727/1079/162
f 1727/1079/162 1733/1082/164 1730/1081/163
f 1733/1082/164 1739/1192/166 1736/1083/165
f 1736/1083/165 1739/1192/166 1745/1084/168
f 1745/1084/168 1751/1087/170 1748/1086/169
f 1751/1087/170 1757/1210/172 1754/1088/171
f 1757/1089/172 1763/1092/174 1760/1090/173
f 1763/1092/174 1769/1094/176 1766/1093/175
f 1769/1094/176 1775/1096/178 1772/1095/177
f 1775/1096/178 1781/1098/180 1778/1097/179
f 1781/1098/180 1787/1100/182 1784/1099/181
f 1787/1100/182 1793/1102/184 1790/1101/183
f 1793/1102/184 1799/1104/186 1796/1103/185
f 1799/1104/186 1805/1106/188 1802/1105/187
f 1805/1106/188 1811/1264/190 1808/1107/189
f 1811/1108/190 1817/1111/192 1814/1109/191
f 1817/1111/192 1823/1113/194 1820/1112/193
f 1823/1113/194 1829/1115/196 1826/1114/195
f 1829/1115/196 1835/1117/198 1832/1116/197
f 1835/1117/198 1841/1119/200 1838/1118/199
f 1841/1119/200 1847/1121/202 1844/1120/201
f 1847/1121/202 1853/1310/204 1850/1122/203
f 1853/1123/204 1859/1126/206 1856/1124/205
f 1859/1126/206 1865/1128/208 1862/1127/207
f 1865/1128/208 1871/1066/148 1868/1068/150
f 1691/1129/209 1697/1069/151 1694/1071/153
f 1696/1133/213 1690/1143/223 1684/1142/222
f 1684/1142/222 1870/1331/400 1864/1326/394
f 1864/1326/394 1858/1318/387 1852/1311/382
f 1852/1311/382 1846/1304/375 1840/1298/370
f 1840/1298/370 1834/1293/365 1828/1285/359
f 1828/1285/359 1822/1280/353 1816/1274/347
f 1816/1274/347 1810/1267/341 1804/1261/334
f 1804/1261/334 1798/1254/328 1792/1131/211
f 1792/1131/211 1786/1243/317 1780/1237/311
f 1780/1237/311 1774/1231/305 1768/1225/299
f 1768/1225/299 1762/1218/292 1756/1212/287
f 1756/1212/287 1750/1205/281 1744/1132/212
f 1744/1132/212 1738/1194/271 1732/1187/263
f 1732/1187/263 1726/1182/258 1720/1176/253
f 1720/1176/253 1714/1169/247 1708/1162/240
f 1708/1162/240 1702/1154/234 1696/1133/213
f 1696/1133/213 1684/1142/222 1864/1326/394
f 1864/1326/394 1852/1311/382 1840/1298/370
f 1840/1298/370 1828/1285/359 1816/1274/347
f 1816/1274/347 1804/1261/334 1792/1131/211
f 1792/1131/211 1780/1237/311 1768/1225/299
f 1768/1225/299 1756/1212/287 1744/1132/212
f 1744/1132/212 1732/1187/263 1720/1176/253
f 1720/1176/253 1708/1162/240 1696/1133/213
f 1696/1133/213 1864/1326/394 1840/1298/370
f 1840/1298/370 1816/1274/347 1792/1131/211
f 1792/1131/211 1768/1225/299 1744/1132/212
f 1744/1132/212 1720/1176/253 1696/1133/213
f 1696/1133/213 1840/1298/370 1792/1131/211
f 1685/1134/214 1691/1129/209 1688/1130/210
f 1688/1130/210 1689/1144/224 1683/1135/215
f 1689/1136/216 1687/1146/226 1681/1137/217
f 1691/1129/209 1685/1134/214 1686/1139/219
f 1692/1141/221 1686/1335/403 1684/1142/222
f 1694/1071/153 1695/1150/230 1689/1144/224
f 1695/1145/225 1693/1152/232 1687/1146/226
f 1697/1069/151 1691/1129/209 1692/1140/220
f 1698/1148/228 1692/1141/221 1690/1143/223
f 1694/1071/153 1700/1070/152 1701/1149/229
f 1695/1145/225 1701/1157/237 1699/1151/231
f 1697/1069/151 1698/1147/227 1704/1153/233
f 1698/1148/228 1696/1133/213 1702/1154/234
f 1700/1070/152 1706/1073/155 1707/1156/242
f 1701/1157/237 1707/1165/236 1705/1158/244
f 1703/1072/154 1704/1153/233 1710/1159/238
f 1710/1161/239 1704/1155/235 1702/1154/234
f 1712/1075/157 1713/1171/241 1707/1163/242
f 1713/1164/243 1711/1173/250 1705/1158/244
f 1715/1077/158 1709/1074/156 1710/1166/238
f 1716/1168/246 1710/1161/239 1708/1162/240
f 1712/1075/157 1718/1078/159 1719/1170/698
f 1719/1172/249 1717/1180/255 1711/1173/250
f 1715/1077/158 1716/1167/245 1722/1174/669
f 1716/1168/246 1714/1169/247 1720/1176/253
f 1718/1078/159 1724/1080/161 1725/1178/259
f 1719/1172/249 1725/1184/700 1723/1179/261
f 1721/1175/160 1722/1174/669 1728/1181/256
f 1722/1177/252 1720/1176/253 1726/1182/258
f 1730/1081/163 1731/1189/671 1725/1178/259
f 1725/1184/700 1731/1191/260 1729/1185/268
f 1733/1082/164 1727/1079/162 1728/1181/256
f 1728/1183/699 1726/1182/258 1732/1187/263
f 1736/1083/165 1737/1197/265 1731/1189/671
f 1737/1190/701 1735/1199/267 1729/1185/268
f 1739/1192/166 1733/1082/164 1734/1186/670
f 1734/1188/264 1732/1187/263 1738/1194/271
f 1736/1083/165 1742/1085/167 1743/1196/277
f 1743/1198/272 1741/1203/279 1735/1199/267
f 1745/1084/168 1739/1192/166 1740/1193/269
f 1740/1195/702 1738/1194/271 1744/1132/212
f 1748/1086/169 1749/1207/276 1743/1196/277
f 1743/1198/272 1749/1208/284 1747/1202/278
f 1751/1087/170 1745/1084/168 1746/1200/274
f 1746/1201/275 1744/1132/212 1750/1205/281
f 1754/1088/171 1755/3719/283 1749/1207/276
f 1749/1208/284 1755/1216/289 1753/1209/285
f 1757/1210/172 1751/1087/170 1752/1204/280
f 1752/1206/282 1750/1205/281 1756/1212/287
f 1760/1090/173 1761/1220/294 1755/1214/283
f 1761/1215/296 1759/1222/290 1753/1209/285
f 1757/1089/172 1758/3720/286 1764/1217/291
f 1758/1213/288 1756/1212/287 1762/1218/292
f 1766/1093/175 1767/1227/301 1761/1220/294
f 1767/1221/295 1765/1229/303 1759/1222/290
f 1769/1094/176 1763/1092/174 1764/1217/291
f 1770/1224/298 1764/1219/293 1762/1218/292
f 1766/1093/175 1772/1095/177 1773/1226/300
f 1767/1221/295 1773/1234/308 1771/1228/302
f 1769/1094/176 1770/1223/297 1776/1230/304
f 1770/1224/298 1768/1225/299 1774/1231/305
f 1772/1095/177 1778/1097/179 1779/1233/307
f 1773/1234/308 1779/1240/314 1777/1235/309
f 1775/1096/178 1776/1230/304 1782/1236/310
f 1776/1232/306 1774/1231/305 1780/1237/311
f 1784/1099/181 1785/1244/319 1779/1233/307
f 1785/1239/313 1783/1246/321 1777/1235/309
f 1787/1100/182 1781/1098/180 1782/1236/310
f 1788/1242/316 1782/1238/312 1780/1237/311
f 1790/1101/183 1791/1250/318 1785/1244/319
f 1791/1245/320 1789/1252/326 1783/1246/321
f 1793/1102/184 1787/1100/182 1788/1241/315
f 1794/1248/323 1788/1242/316 1786/1243/317
f 1790/1101/183 1796/1103/185 1797/1249/324
f 1791/1245/320 1797/1258/330 1795/1251/325
f 1793/1102/184 1794/1247/322 1800/1253/327
f 1794/1248/323 1792/1131/211 1798/1254/328
f 1796/1103/185 1802/1105/187 1803/1256/336
f 1803/1257/338 1801/1263/331 1795/1251/325
f 1799/1104/186 1800/1253/327 1806/1259/332
f 1806/1260/333 1800/1255/329 1798/1254/328
f 1808/1107/189 1809/3721/335 1803/1256/336
f 1809/1262/337 1807/1270/344 1801/1263/331
f 1811/1264/190 1805/1106/188 1806/1259/332
f 1812/1266/340 1806/1260/333 1804/1261/334
f 1814/1109/191 1815/1276/703 1809/1268/335
f 1815/1269/343 1813/1278/350 1807/1270/344
f 1817/1111/192 1811/1108/190 1812/1271/339
f 1818/1273/346 1812/1266/340 1810/1267/341
f 1814/1109/191 1820/1112/193 1821/1275/348
f 1815/1269/343 1821/1283/676 1819/1277/349
f 1823/1113/194 1817/1111/192 1818/1272/345
f 1818/1273/346 1816/1274/347 1822/1280/353
f 1826/1114/195 1827/1288/705 1821/1275/348
f 1827/1282/362 1825/1290/356 1819/1277/349
f 1829/1115/196 1823/1113/194 1824/1279/351
f 1824/1281/677 1822/1280/353 1828/1285/359
f 1826/1114/195 1832/1116/197 1833/1287/360
f 1827/1282/362 1833/1295/679 1831/1289/367
f 1829/1115/196 1830/1284/704 1836/1291/363
f 1836/1292/678 1830/1286/358 1828/1285/359
f 1832/1116/197 1838/1118/199 1839/1294/680
f 1833/1295/679 1839/1301/366 1837/1296/373
f 1841/1119/200 1835/1117/198 1836/1291/363
f 1836/1292/678 1834/1293/365 1840/1298/370
f 1838/1118/199 1844/1120/201 1845/1300/378
f 1839/1301/366 1845/1307/379 1843/1302/372
f 1841/1119/200 1842/1297/706 1848/1303/374
f 1842/1299/369 1840/1298/370 1846/1304/375
f 1844/1120/201 1850/1122/203 1851/1306/377
f 1845/1307/379 1851/1314/385 1849/1308/380
f 1847/1121/202 1848/1303/374 1854/1309/381
f 1848/1305/376 1846/1304/375 1852/1311/382
f 1856/1313/205 1857/3722/389 1851/1306/377
f 1851/1314/385 1857/1322/384 1855/1315/391
f 1853/1310/204 1854/1309/381 1860/1316/386
f 1854/1312/383 1852/1311/382 1858/1318/387
f 1862/1127/207 1863/1327/396 1857/1320/389
f 1863/1321/390 1861/1329/398 1855/1315/391
f 1865/1128/208 1859/1126/206 1860/1323/386
f 1866/1325/393 1860/1319/388 1858/1318/387
f 1868/1068/150 1869/1333/395 1863/1327/396
f 1863/1321/390 1869/1334/402 1867/1328/397
f 1865/1128/208 1866/1324/392 1872/1330/399
f 1866/1325/393 1864/1326/394 1870/1331/400
f 1868/1068/150 1682/1067/149 1683/1135/215
f 1869/1334/402 1683/1138/218 1681/1137/217
f 1871/1066/148 1872/1330/399 1686/1139/219
f 1872/1332/401 1870/1331/400 1684/1142/222
f 1867/1328/397 1681/1137/217 1687/1146/226
f 1687/1146/226 1693/1152/232 1699/1151/231
f 1699/1151/231 1705/1158/244 1711/1173/250
f 1711/1173/250 1717/1180/255 1723/1179/261
f 1723/1179/261 1729/1185/268 1735/1199/267
f 1735/1199/267 1741/1203/279 1747/1202/278
f 1747/1202/278 1753/1209/285 1759/1222/290
f 1759/1222/290 1765/1229/303 1771/1228/302
f 1771/1228/302 1777/1235/309 1783/1246/321
f 1783/1246/321 1789/1252/326 1795/1251/325
f 1795/1251/325 1801/1263/331 1807/1270/344
f 1807/1270/344 1813/1278/350 1819/1277/349
f 1819/1277/349 1825/1290/356 1831/1289/367
f 1831/1289/367 1837/1296/373 1843/1302/372
f 1843/1302/372 1849/1308/380 1855/1315/391
f 1855/1315/391 1861/1329/398 1867/1328/397
f 1867/1328/397 1687/1146/226 1699/1151/231
f 1699/1151/231 1711/1173/250 1723/1179/261
f 1723/1179/261 1735/1199/267 1747/1202/278
f 1747/1202/278 1759/1222/290 1771/1228/302
f 1771/1228/302 1783/1246/321 1795/1251/325
f 1795/1251/325 1807/1270/344 1819/1277/349
f 1819/1277/349 1831/1289/367 1843/1302/372
f 1843/1302/372 1855/1315/391 1867/1328/397
f 1867/1328/397 1699/1151/231 1723/1179/261
f 1723/1179/261 1747/1202/278 1771/1228/302
f 1771/1228/302 1795/1251/325 1819/1277/349
f 1819/1277/349 1843/1302/372 1867/1328/397
f 1867/1328/397 1723/1179/261 1771/1228/302
f 2452/1336/716 2455/1336/716 2362/1336/716
f 2377/1337/717 2388/1392/768 2380/1338/718
f 2387/1340/720 2397/1340/723 2394/1341/721
f 2397/1342/723 2403/1406/820 2400/1343/724
f 2400/1345/716 2403/1345/716 2414/1345/716
f 2407/1346/716 2413/1346/716 2423/1346/716
f 2423/1347/725 2429/1350/728 2426/1348/726
f 2429/1350/728 2440/1350/796 2432/1348/729
f 2439/1351/730 2449/3723/733 2446/1352/731
f 2449/1354/733 2455/1377/848 2452/1355/734
f 2371/1357/735 2377/1337/717 2374/1339/719
f 2376/1361/739 2370/1425/801 2360/1370/748
f 2360/1370/748 2454/1472/850 2448/1359/737
f 2448/1359/737 2438/1414/790 2428/1457/834
f 2428/1457/834 2422/1452/829 2412/1360/738
f 2412/1360/738 2402/1444/821 2396/1438/814
f 2396/1438/814 2386/1385/762 2376/1361/739
f 2376/1361/739 2360/1370/748 2448/1359/737
f 2448/1359/737 2428/1457/834 2412/1360/738
f 2412/1360/738 2396/1438/814 2376/1361/739
f 2355/1362/716 2361/1362/716 2371/1362/716
f 2353/1363/740 2356/1473/851 2357/1364/741
f 2358/1366/743 2357/3724/1814 2356/1367/744
f 2359/1368/746 2357/3725/1814 2358/1369/743
f 2360/1370/748 2363/1424/800 2364/1371/749
f 2365/1373/751 2364/3726/1815 2363/1374/752
f 2366/1375/754 2364/3727/1815 2365/1376/751
f 2379/1378/756 2382/1432/808 2383/1379/757
f 2384/1381/759 2383/3728/1816 2382/1382/760
f 2385/1383/761 2383/3729/1816 2384/1384/759
f 2386/1385/762 2389/1437/813 2390/1386/763
f 2391/1388/765 2390/3730/1817 2389/1389/766
f 2392/1390/767 2390/3731/1817 2391/1391/765
f 2405/1393/769 2408/1446/823 2409/1394/770
f 2410/1396/772 2409/3732/1818 2408/1397/773
f 2411/1398/775 2409/3733/1818 2410/1399/772
f 2412/1360/738 2415/1451/828 2416/1400/777
f 2417/1402/779 2416/3734/1819 2415/1403/780
f 2418/1404/782 2416/3735/1819 2417/1405/779
f 2431/1407/784 2434/1460/837 2435/1408/785
f 2436/1410/787 2435/3736/1820 2434/1411/788
f 2437/1412/789 2435/3737/1820 2436/1413/787
f 2438/1414/790 2441/1465/842 2442/1415/791
f 2443/1417/793 2442/3738/1821 2441/1418/794
f 2444/1419/795 2442/3739/1821 2443/1420/793
f 2355/1358/747 2368/1358/736 2369/1421/797
f 2359/1365/742 2369/1427/803 2367/1422/798
f 2371/1357/735 2361/1357/753 2363/1374/752
f 2363/1424/800 2360/1370/748 2370/1425/801
f 2362/1377/755 2365/1376/751 2358/1366/743
f 2365/1373/751 2361/1357/753 2355/1358/747
f 2374/1339/719 2375/1431/807 2369/1421/797
f 2369/1427/803 2375/1433/809 2373/1428/804
f 2377/1337/717 2371/1357/735 2372/1423/799
f 2372/1426/802 2370/1425/801 2376/1361/739
f 2380/1338/718 2382/1382/760 2375/1431/807
f 2382/1432/808 2379/1378/756 2373/1428/804
f 2388/1392/768 2377/1337/717 2378/1429/805
f 2392/1387/764 2378/1430/806 2376/1361/739
f 2381/1344/722 2384/1384/759 2391/1388/765
f 2384/1381/759 2380/1338/718 2388/1392/768
f 2381/1344/722 2394/1344/721 2395/1434/810
f 2385/1380/758 2395/1441/817 2393/1435/811
f 2387/1342/720 2389/1389/766 2398/1436/812
f 2389/1437/813 2386/1385/762 2396/1438/814
f 2394/1344/721 2400/1343/724 2401/1440/816
f 2395/1441/817 2401/1447/824 2399/1442/818
f 2397/1342/723 2398/1436/812 2404/1443/819
f 2398/1439/815 2396/1438/814 2402/1444/821
f 2400/1343/724 2406/1343/774 2408/1397/773
f 2408/1446/823 2405/1393/769 2399/1442/818
f 2414/1406/783 2403/1406/820 2404/1443/819
f 2418/1401/778 2404/1445/822 2402/1444/821
f 2407/1349/776 2410/1399/772 2417/1402/779
f 2410/1396/772 2406/1343/774 2414/1406/783
f 2407/1349/776 2420/1349/727 2421/1448/825
f 2411/1395/771 2421/1454/831 2419/1449/826
f 2423/1347/725 2413/1347/781 2415/1403/780
f 2415/1451/828 2412/1360/738 2422/1452/829
f 2426/1348/726 2427/1459/836 2421/1448/825
f 2421/1454/831 2427/1461/838 2425/1455/832
f 2429/1350/728 2423/1347/725 2424/1450/827
f 2424/1453/830 2422/1452/829 2428/1457/834
f 2432/1348/729 2434/1411/788 2427/1459/836
f 2434/1460/837 2431/1407/784 2425/1455/832
f 2440/1350/796 2429/1350/728 2430/1456/833
f 2444/1416/792 2430/1458/835 2428/1457/834
f 2433/1356/732 2436/1413/787 2443/1417/793
f 2436/1410/787 2432/1348/729 2440/1350/796
f 2433/1356/732 2446/1356/731 2447/1462/839
f 2437/1409/786 2447/1469/846 2445/1463/840
f 2439/1354/730 2441/1418/794 2450/1464/841
f 2441/1465/842 2438/1414/790 2448/1359/737
f 2446/1356/731 2452/1355/734 2453/1467/844
f 2453/1468/845 2451/1474/852 2445/1463/840
f 2449/1354/733 2450/1464/841 2456/1470/847
f 2456/1471/849 2450/1466/843 2448/1359/737
f 2452/1355/734 2354/1355/745 2356/1367/744
f 2356/1473/851 2353/1363/740 2451/1474/852
f 2362/1377/755 2455/1377/848 2456/1470/847
f 2366/1372/750 2456/1471/849 2454/1472/850
f 2451/1474/852 2353/1363/740 2367/1422/798
f 2367/1422/798 2373/1428/804 2379/1378/756
f 2379/1378/756 2393/1435/811 2399/1442/818
f 2399/1442/818 2405/1393/769 2419/1449/826
f 2419/1449/826 2425/1455/832 2431/1407/784
f 2431/1407/784 2445/1463/840 2451/1474/852
f 2451/1474/852 2367/1422/798 2379/1378/756
f 2379/1378/756 2399/1442/818 2419/1449/826
f 2419/1449/826 2431/1407/784 2451/1474/852
f 3470/1336/716 3473/1336/716 3380/1336/716
f 3395/2534/717 3406/3755/768 3398/2535/718
f 3405/2537/720 3415/2537/723 3412/2538/721
f 3415/2537/723 3421/2584/820 3418/2539/1764
f 3418/1345/716 3421/1345/716 3432/1345/716
f 3425/1346/716 3431/1346/716 3441/1346/716
f 3441/2540/725 3447/2594/728 3444/2541/726
f 3447/1340/728 3458/1340/796 3450/1341/729
f 3457/2543/730 3467/2546/733 3464/2544/731
f 3467/2546/733 3473/2564/848 3470/2547/1765
f 3389/2548/735 3395/2575/717 3392/2549/719
f 3394/2553/739 3388/2597/801 3378/2559/748
f 3378/2559/748 3472/2638/850 3466/2551/737
f 3466/2551/737 3456/2589/790 3446/2625/834
f 3446/2625/834 3440/2620/829 3430/2552/738
f 3430/2552/738 3420/2613/821 3414/2608/814
f 3414/2608/814 3404/2570/762 3394/2553/739
f 3394/2553/739 3378/2559/748 3466/2551/737
f 3466/2551/737 3446/2625/834 3430/2552/738
f 3430/2552/738 3414/2608/814 3394/2553/739
f 3373/1362/716 3379/1362/716 3389/1362/716
f 3371/2554/740 3374/2639/851 3375/2555/741
f 3376/1410/743 3375/3756/1814 3374/2557/744
f 3377/2558/746 3375/3757/1814 3376/1413/743
f 3378/2559/748 3381/2596/800 3382/2560/749
f 3383/1417/751 3382/3758/1815 3381/2562/752
f 3384/2563/754 3382/3759/1815 3383/1420/751
f 3397/2565/756 3400/2602/808 3401/2566/1766
f 3402/1366/759 3401/3760/1822 3400/2568/760
f 3403/2569/761 3401/3761/1822 3402/1369/759
f 3404/2570/762 3407/2607/813 3408/2571/1767
f 3409/1373/765 3408/3762/1817 3407/2573/766
f 3410/2574/767 3408/3763/1817 3409/1376/765
f 3423/2576/769 3426/2614/823 3427/2577/770
f 3428/1381/772 3427/3764/1818 3426/2579/773
f 3429/2580/775 3427/3729/1818 3428/1384/772
f 3430/2552/738 3433/2619/828 3434/2581/777
f 3435/1388/779 3434/3730/1819 3433/1389/780
f 3436/2583/782 3434/3765/1819 3435/1391/779
f 3449/2585/784 3452/2628/837 3453/2586/1769
f 3454/1396/787 3453/3732/1823 3452/1397/788
f 3455/2588/789 3453/3766/1823 3454/1399/787
f 3456/2589/790 3459/2631/842 3460/2590/1770
f 3461/1402/793 3460/3767/1821 3459/2592/794
f 3462/2593/795 3460/3735/1821 3461/1405/793
f 3373/2550/747 3386/2550/736 3387/1462/797
f 3377/2556/742 3387/2599/803 3385/2595/798
f 3389/2548/735 3379/2548/753 3381/2562/752
f 3381/2596/800 3378/2559/748 3388/2597/801
f 3380/2564/755 3383/1420/751 3376/1410/743
f 3383/1417/751 3379/2548/753 3373/2550/747
f 3392/2549/719 3393/1467/807 3387/1462/797
f 3387/2599/803 3393/2603/809 3391/2600/804
f 3395/2575/717 3389/2548/735 3390/1464/799
f 3390/2598/802 3388/2597/801 3394/2553/739
f 3398/2549/718 3400/2568/760 3393/1467/807
f 3400/2602/808 3397/2565/756 3391/2600/804
f 3406/2575/768 3395/2575/717 3396/1470/805
f 3410/2572/764 3396/2601/806 3394/2553/739
f 3399/2538/722 3402/1369/759 3409/1373/765
f 3402/1366/759 3398/2549/718 3406/2575/768
f 3399/2538/722 3412/2538/721 3413/2604/810
f 3403/2567/758 3413/2611/817 3411/2605/811
f 3405/2537/720 3407/2573/766 3416/2606/812
f 3407/2607/813 3404/2570/762 3414/2608/814
f 3412/2538/721 3418/2539/1764 3419/1431/816
f 3419/2610/1771 3417/2615/818 3411/2605/811
f 3415/2537/723 3416/2606/812 3422/1429/819
f 3422/2612/1772 3416/2609/815 3414/2608/814
f 3418/2539/1764 3424/2539/1768 3426/2579/773
f 3426/2614/823 3423/2576/769 3417/2615/818
f 3432/2584/783 3421/2584/820 3422/1429/819
f 3436/2582/778 3422/2612/1772 3420/2613/821
f 3425/2542/776 3428/1384/772 3435/1388/779
f 3428/1381/772 3424/2539/1768 3432/2584/783
f 3425/2542/776 3438/2542/727 3439/2616/825
f 3429/2578/771 3439/2623/831 3437/2617/826
f 3441/2540/725 3431/2540/781 3433/1389/780
f 3433/2619/828 3430/2552/738 3440/2620/829
f 3444/2541/726 3445/2627/836 3439/2616/825
f 3445/2622/838 3443/2629/832 3437/2617/826
f 3447/2594/728 3441/2540/725 3442/2618/827
f 3442/2621/830 3440/2620/829 3446/2625/834
f 3450/2541/729 3452/1397/788 3445/2627/836
f 3452/2628/837 3449/2585/784 3443/2629/832
f 3458/2594/796 3447/2594/728 3448/2624/833
f 3462/2591/792 3448/2626/835 3446/2625/834
f 3451/2545/732 3454/1399/787 3461/1402/793
f 3454/1396/787 3450/2541/729 3458/2594/796
f 3451/2545/732 3464/2544/731 3465/1448/839
f 3455/2587/786 3465/2635/846 3463/2630/840
f 3457/2543/730 3459/2592/794 3468/1450/841
f 3459/2631/842 3456/2589/790 3466/2551/737
f 3464/2544/731 3470/2547/1765 3471/2633/844
f 3471/2634/1773 3469/2640/852 3463/2630/840
f 3467/2546/733 3468/1450/841 3474/2636/847
f 3474/2637/849 3468/2632/843 3466/2551/737
f 3470/2547/1765 3372/2547/745 3374/2557/744
f 3374/2639/851 3371/2554/740 3469/2640/852
f 3380/2564/755 3473/2564/848 3474/2636/847
f 3384/2561/750 3474/2637/849 3472/2638/850
f 3469/2640/852 3371/2554/740 3385/2595/798
f 3385/2595/798 3391/2600/804 3397/2565/756
f 3397/2565/756 3411/2605/811 3417/2615/818
f 3417/2615/818 3423/2576/769 3437/2617/826
f 3437/2617/826 3443/2629/832 3449/2585/784
f 3449/2585/784 3463/2630/840 3469/2640/852
f 3469/2640/852 3385/2595/798 3397/2565/756
f 3397/2565/756 3417/2615/818 3437/2617/826
f 3437/2617/826 3449/2585/784 3469/2640/852
usemtl ShutterWarning
f 539/798/404 530/798/405 529/798/405
f 530/798/406 541/798/407 531/798/406
f 531/798/408 542/798/408 532/798/408
f 542/798/409 533/798/410 532/798/410
f 543/798/411 534/798/412 533/798/412
f 534/798/413 545/798/414 535/798/413
f 535/798/415 546/798/416 536/798/415
f 546/798/417 537/798/417 536/798/417
f 537/798/418 548/798/419 538/798/418
f 538/798/420 539/798/421 529/798/420
f 549/798/422 540/798/404 539/798/404
f 550/798/423 541/798/407 540/798/424
f 541/798/408 552/798/408 542/798/408
f 552/798/425 543/798/426 542/798/409
f 543/798/411 554/798/427 544/798/411
f 554/798/428 545/798/414 544/798/414
f 545/798/429 556/798/430 546/798/416
f 556/798/417 547/798/417 546/798/417
f 547/798/431 558/798/432 548/798/419
f 548/798/421 549/798/433 539/798/421
f 559/798/434 550/798/435 549/798/422
f 560/798/436 551/798/423 550/798/423
f 561/798/408 552/798/408 551/798/408
f 552/798/425 563/798/437 553/798/438
f 563/798/439 554/798/427 553/798/427
f 564/798/440 555/798/441 554/798/428
f 555/798/430 566/798/442 556/798/430
f 556/798/417 567/798/417 557/798/417
f 567/798/443 558/798/432 557/798/432
f 558/798/444 559/798/445 549/798/433
f 569/798/446 560/798/447 559/798/434
f 560/798/436 571/798/448 561/798/436
f 561/798/408 572/798/408 562/798/408
f 572/798/449 563/798/437 562/798/450
f 573/798/451 564/798/439 563/798/439
f 564/798/440 575/798/452 565/798/440
f 575/798/453 566/798/442 565/798/442
f 576/798/417 567/798/417 566/798/417
f 577/798/454 568/798/443 567/798/443
f 568/798/455 569/798/456 559/798/445
f 569/798/446 580/798/457 570/798/446
f 580/798/458 571/798/448 570/798/448
f 571/798/408 582/798/408 572/798/408
f 582/798/459 573/798/449 572/798/449
f 583/798/460 574/798/451 573/798/451
f 574/798/452 585/798/461 575/798/452
f 585/798/462 576/798/453 575/798/453
f 586/798/417 577/798/417 576/798/417
f 577/798/454 588/798/463 578/798/454
f 578/798/456 579/798/464 569/798/456
f 589/798/465 580/798/457 579/798/457
f 590/798/466 581/798/458 580/798/458
f 591/798/408 582/798/408 581/798/408
f 592/798/467 583/798/459 582/798/459
f 593/798/468 584/798/460 583/798/460
f 584/798/461 595/798/469 585/798/461
f 595/798/470 586/798/462 585/798/462
f 586/798/417 597/798/417 587/798/417
f 587/798/463 598/798/471 588/798/463
f 588/798/464 589/798/472 579/798/464
f 599/798/473 590/798/465 589/798/465
f 590/798/466 601/798/474 591/798/466
f 601/798/408 592/798/408 591/798/408
f 602/798/475 593/798/467 592/798/467
f 593/798/468 604/798/476 594/798/468
f 594/798/469 605/798/477 595/798/469
f 595/798/470 606/798/478 596/798/470
f 596/798/417 607/798/417 597/798/417
f 607/798/479 598/798/471 597/798/471
f 598/798/472 599/798/480 589/798/472
f 609/798/481 600/798/473 599/798/473
f 600/798/474 611/798/482 601/798/474
f 601/798/408 612/798/408 602/798/408
f 612/798/483 603/798/475 602/798/475
f 603/798/476 614/798/484 604/798/476
f 604/798/485 615/798/486 605/798/477
f 605/798/478 616/798/487 606/798/478
f 616/798/417 607/798/417 606/798/417
f 617/798/488 608/798/479 607/798/479
f 608/798/480 609/798/489 599/798/480
f 619/798/490 610/798/491 609/798/481
f 610/798/482 621/798/492 611/798/482
f 621/798/408 612/798/408 611/798/408
f 612/798/483 623/798/493 613/798/483
f 623/798/494 614/798/484 613/798/484
f 614/798/495 625/798/496 615/798/486
f 625/798/497 616/798/487 615/798/487
f 616/798/417 627/798/417 617/798/417
f 627/798/498 618/798/488 617/798/488
f 618/798/499 619/798/500 609/798/489
f 629/798/501 620/798/490 619/798/490
f 620/798/492 631/798/502 621/798/492
f 621/798/408 632/798/408 622/798/408
f 632/798/503 623/798/493 622/798/504
f 633/798/505 624/798/506 623/798/494
f 634/798/507 625/798/496 624/798/508
f 625/798/497 636/798/509 626/798/510
f 636/798/417 627/798/417 626/798/417
f 627/798/498 638/798/511 628/798/498
f 638/798/512 619/798/500 628/798/513
f 639/798/514 630/798/501 629/798/501
f 640/798/515 631/798/502 630/798/502
f 641/798/408 632/798/408 631/798/408
f 642/798/516 633/798/503 632/798/503
f 643/798/517 634/798/518 633/798/505
f 634/798/507 645/798/519 635/798/507
f 635/798/509 646/798/520 636/798/509
f 636/798/417 647/798/417 637/798/417
f 637/798/511 648/798/521 638/798/511
f 638/798/512 639/798/522 629/798/512
f 639/798/514 650/798/523 640/798/514
f 640/798/515 651/798/524 641/798/515
f 641/798/408 652/798/408 642/798/408
f 652/798/525 643/798/516 642/798/516
f 643/798/517 654/798/526 644/798/517
f 644/798/519 655/798/527 645/798/519
f 645/798/520 656/798/528 646/798/520
f 656/798/417 647/798/417 646/798/417
f 657/798/529 648/798/521 647/798/521
f 658/798/530 639/798/522 648/798/522
f 659/798/531 650/798/523 649/798/523
f 660/798/532 651/798/524 650/798/524
f 661/798/408 652/798/408 651/798/408
f 662/798/533 653/798/525 652/798/525
f 663/798/534 654/798/526 653/798/526
f 664/798/535 655/798/527 654/798/527
f 655/798/528 666/798/536 656/798/528
f 656/798/417 667/798/417 657/798/417
f 657/798/529 668/798/537 658/798/529
f 658/798/530 659/798/538 649/798/530
f 659/798/531 670/798/539 660/798/531
f 660/798/532 671/798/540 661/798/532
f 661/798/408 672/798/408 662/798/408
f 662/798/533 673/798/541 663/798/533
f 663/798/534 674/798/542 664/798/534
f 674/798/543 665/798/535 664/798/535
f 675/798/544 666/798/536 665/798/536
f 676/798/417 667/798/417 666/798/417
f 677/798/545 668/798/537 667/798/537
f 668/798/538 669/798/546 659/798/538
f 679/798/547 670/798/539 669/798/539
f 680/798/548 671/798/540 670/798/540
f 681/798/408 672/798/408 671/798/408
f 672/798/541 683/798/549 673/798/541
f 673/798/550 684/798/551 674/798/542
f 684/798/552 675/798/553 674/798/543
f 685/798/554 676/798/544 675/798/544
f 676/798/417 687/798/417 677/798/417
f 677/798/545 688/798/555 678/798/545
f 678/798/556 679/798/557 669/798/546
f 689/798/558 680/798/547 679/798/547
f 690/798/559 681/798/548 680/798/548
f 681/798/408 692/798/408 682/798/408
f 692/798/560 683/798/549 682/798/561
f 683/798/562 694/798/563 684/798/551
f 694/798/564 685/798/565 684/798/552
f 685/798/554 696/798/566 686/798/567
f 696/798/417 687/798/417 686/798/417
f 687/798/555 698/798/568 688/798/555
f 688/798/557 689/798/569 679/798/557
f 689/798/558 700/798/570 690/798/558
f 700/798/571 691/798/559 690/798/559
f 701/798/408 692/798/408 691/798/408
f 692/798/560 703/798/572 693/798/560
f 703/798/573 694/798/563 693/798/563
f 694/798/564 705/798/574 695/798/564
f 705/798/575 696/798/566 695/798/566
f 696/798/417 707/798/417 697/798/417
f 697/798/568 708/798/576 698/798/568
f 708/798/577 689/798/569 698/798/569
f 699/798/570 710/798/578 700/798/570
f 710/798/579 701/798/571 700/798/571
f 701/798/408 712/798/408 702/798/408
f 702/798/572 713/798/580 703/798/572
f 713/798/581 704/798/573 703/798/573
f 704/798/574 715/798/582 705/798/574
f 715/798/583 706/798/575 705/798/575
f 716/798/417 707/798/417 706/798/417
f 707/798/576 718/798/584 708/798/576
f 718/798/585 699/798/577 708/798/577
f 709/798/578 720/798/586 710/798/578
f 720/798/587 711/798/579 710/798/579
f 711/798/408 722/798/408 712/798/408
f 712/798/580 723/798/588 713/798/580
f 723/798/589 714/798/581 713/798/581
f 714/798/582 725/798/590 715/798/582
f 725/798/591 716/798/583 715/798/583
f 726/798/417 717/798/417 716/798/417
f 717/798/584 728/798/592 718/798/584
f 728/798/593 709/798/585 718/798/585
f 729/798/594 720/798/586 719/798/586
f 720/798/587 731/798/595 721/798/587
f 731/798/408 722/798/408 721/798/408
f 722/798/588 733/798/596 723/798/588
f 723/798/589 734/798/597 724/798/589
f 734/798/598 725/798/590 724/798/590
f 725/798/591 736/798/599 726/798/591
f 726/798/417 737/798/417 727/798/417
f 737/798/600 728/798/592 727/798/592
f 728/798/593 729/798/601 719/798/593
f 739/798/602 730/798/594 729/798/594
f 740/798/603 731/798/595 730/798/595
f 741/798/408 732/798/408 731/798/408
f 732/798/596 743/798/604 733/798/596
f 733/798/597 744/798/605 734/798/597
f 744/798/606 735/798/598 734/798/598
f 745/798/607 736/798/599 735/798/599
f 736/798/417 747/798/417 737/798/417
f 747/798/608 738/798/600 737/798/600
f 738/798/601 739/798/609 729/798/601
f 749/798/610 740/798/602 739/798/602
f 750/798/611 741/798/603 740/798/603
f 741/798/408 752/798/408 742/798/408
f 742/798/604 753/798/612 743/798/604
f 753/798/613 744/798/605 743/798/605
f 754/798/614 745/798/606 744/798/606
f 755/798/615 746/798/607 745/798/607
f 756/798/417 747/798/417 746/798/417
f 747/798/608 758/798/616 748/798/608
f 748/798/609 749/798/617 739/798/609
f 749/798/610 760/798/618 750/798/619
f 750/798/611 761/798/620 751/798/611
f 761/798/408 752/798/408 751/798/408
f 752/798/612 763/798/621 753/798/612
f 763/798/622 754/798/623 753/798/613
f 754/798/614 765/798/624 755/798/614
f 765/798/625 756/798/615 755/798/615
f 756/798/417 767/798/417 757/798/417
f 757/798/616 768/798/626 758/798/616
f 768/798/627 749/798/617 758/798/628
f 759/798/618 770/798/412 760/798/618
f 760/798/620 771/798/410 761/798/620
f 771/798/408 762/798/408 761/798/408
f 762/798/629 773/798/406 763/798/621
f 763/798/622 774/798/405 764/798/622
f 774/798/420 765/798/624 764/798/624
f 775/798/418 766/798/630 765/798/625
f 766/798/417 777/798/417 767/798/417
f 777/798/415 768/798/626 767/798/631
f 778/798/413 759/798/627 768/798/627
f 769/798/412 780/798/411 770/798/412
f 780/798/409 771/798/410 770/798/410
f 771/798/408 782/798/408 772/798/408
f 782/798/424 773/798/406 772/798/406
f 783/798/404 774/798/405 773/798/405
f 774/798/420 785/798/421 775/798/420
f 775/798/418 786/798/419 776/798/418
f 786/798/417 777/798/417 776/798/417
f 777/798/415 788/798/416 778/798/415
f 788/798/414 769/798/413 778/798/413
f 789/798/632 780/798/411 779/798/411
f 780/798/409 791/798/425 781/798/409
f 781/798/408 792/798/408 782/798/408
f 792/798/423 783/798/407 782/798/424
f 793/798/633 784/798/404 783/798/404
f 794/798/634 785/798/421 784/798/421
f 795/798/432 786/798/419 785/798/431
f 796/798/417 787/798/417 786/798/417
f 797/798/430 788/798/416 787/798/416
f 798/798/428 779/798/414 788/798/414
f 789/798/632 800/798/439 790/798/632
f 790/798/425 801/798/437 791/798/425
f 801/798/408 792/798/408 791/798/408
f 792/798/423 803/798/436 793/798/635
f 793/798/633 804/798/447 794/798/633
f 794/798/634 805/798/455 795/798/634
f 795/798/432 806/798/443 796/798/432
f 796/798/417 807/798/417 797/798/417
f 807/798/442 798/798/430 797/798/430
f 808/798/636 789/798/637 798/798/428
f 809/798/451 800/798/439 799/798/439
f 800/798/437 811/798/449 801/798/437
f 801/798/408 812/798/408 802/798/408
f 812/798/448 803/798/436 802/798/436
f 813/798/446 804/798/447 803/798/447
f 804/798/445 815/798/456 805/798/455
f 805/798/443 816/798/454 806/798/443
f 816/798/417 807/798/417 806/798/417
f 807/798/442 818/798/453 808/798/442
f 818/798/452 799/798/440 808/798/636
f 819/798/460 810/798/451 809/798/451
f 820/798/459 811/798/449 810/798/449
f 811/798/408 822/798/408 812/798/408
f 822/798/458 813/798/448 812/798/448
f 823/798/457 814/798/446 813/798/446
f 814/798/456 825/798/464 815/798/456
f 825/798/463 816/798/454 815/798/454
f 826/798/417 817/798/417 816/798/417
f 817/798/453 828/798/462 818/798/453
f 818/798/452 819/798/461 809/798/452
f 819/798/460 830/798/468 820/798/460
f 820/798/459 831/798/467 821/798/459
f 831/798/408 822/798/408 821/798/408
f 832/798/466 823/798/458 822/798/458
f 823/798/457 834/798/465 824/798/457
f 834/798/472 825/798/464 824/798/464
f 825/798/463 836/798/471 826/798/463
f 826/798/417 837/798/417 827/798/417
f 827/798/462 838/798/470 828/798/462
f 828/798/461 829/798/469 819/798/461
f 839/798/476 830/798/468 829/798/468
f 830/798/467 841/798/475 831/798/467
f 841/798/408 832/798/408 831/798/408
f 842/798/474 833/798/466 832/798/466
f 833/798/465 844/798/473 834/798/465
f 844/798/480 835/798/472 834/798/472
f 835/798/471 846/798/479 836/798/471
f 836/798/417 847/798/417 837/798/417
f 847/798/478 838/798/470 837/798/470
f 838/798/469 839/798/485 829/798/469
f 849/798/484 840/798/476 839/798/476
f 840/798/475 851/798/483 841/798/475
f 841/798/408 852/798/408 842/798/408
f 842/798/474 853/798/482 843/798/474
f 853/798/491 844/798/473 843/798/473
f 854/798/499 845/798/638 844/798/480
f 855/798/488 846/798/479 845/798/479
f 856/798/417 847/798/417 846/798/417
f 857/798/487 848/798/478 847/798/478
f 858/798/495 839/798/485 848/798/485
f 859/798/639 850/798/484 849/798/484
f 850/798/483 861/798/493 851/798/483
f 861/798/408 852/798/408 851/798/408
f 852/798/482 863/798/492 853/798/482
f 853/798/491 864/798/640 854/798/491
f 864/798/641 855/798/499 854/798/499
f 865/798/498 856/798/488 855/798/488
f 856/798/417 867/798/417 857/798/417
f 867/798/497 858/798/487 857/798/487
f 858/798/495 859/798/496 849/798/495
f 859/798/639 870/798/518 860/798/506
f 860/798/493 871/798/503 861/798/493
f 861/798/408 872/798/408 862/798/408
f 872/798/502 863/798/492 862/798/642
f 863/798/643 874/798/644 864/798/640
f 874/798/645 865/798/500 864/798/641
f 865/798/498 876/798/511 866/798/646
f 876/798/417 867/798/417 866/798/417
f 877/798/509 868/798/497 867/798/497
f 868/798/508 869/798/647 859/798/496
f 879/798/517 870/798/518 869/798/648
f 880/798/516 871/798/503 870/798/503
f 881/798/408 872/798/408 871/798/408
f 882/798/515 873/798/502 872/798/502
f 883/798/514 874/798/644 873/798/644
f 874/798/645 885/798/522 875/798/645
f 875/798/511 886/798/521 876/798/511
f 876/798/417 887/798/417 877/798/417
f 877/798/509 888/798/520 878/798/509
f 878/798/649 879/798/650 869/798/647
f 879/798/517 890/798/526 880/798/517
f 880/798/516 891/798/525 881/798/516
f 881/798/408 892/798/408 882/798/408
f 882/798/515 893/798/524 883/798/515
f 883/798/514 894/798/523 884/798/514
f 884/798/522 895/798/530 885/798/522
f 895/798/529 886/798/521 885/798/521
f 896/798/417 887/798/417 886/798/417
f 897/798/528 888/798/520 887/798/520
f 888/798/519 889/798/527 879/798/650
f 899/798/534 890/798/526 889/798/526
f 900/798/533 891/798/525 890/798/525
f 901/798/408 892/798/408 891/798/408
f 902/798/532 893/798/524 892/798/524
f 893/798/523 904/798/531 894/798/523
f 904/798/538 895/798/530 894/798/530
f 895/798/529 906/798/537 896/798/529
f 896/798/417 907/798/417 897/798/417
f 897/798/528 908/798/536 898/798/528
f 898/798/527 899/798/535 889/798/527
f 899/798/534 910/798/651 900/798/534
f 900/798/533 911/798/541 901/798/533
f 901/798/408 912/798/408 902/798/408
f 902/798/532 913/798/540 903/798/532
f 903/798/531 914/798/652 904/798/531
f 914/798/556 905/798/538 904/798/538
f 915/798/545 906/798/537 905/798/537
f 916/798/417 907/798/417 906/798/417
f 907/798/536 918/798/544 908/798/536
f 918/798/653 899/798/535 908/798/535
f 919/798/654 910/798/651 909/798/550
f 920/798/549 911/798/541 910/798/541
f 921/798/408 912/798/408 911/798/408
f 922/798/548 913/798/540 912/798/540
f 923/798/547 914/798/652 913/798/652
f 914/798/556 925/798/557 915/798/556
f 925/798/555 916/798/545 915/798/545
f 916/798/417 927/798/417 917/798/417
f 917/798/544 928/798/554 918/798/544
f 918/798/653 919/798/655 909/798/553
f 929/798/563 920/798/654 919/798/654
f 930/798/560 921/798/549 920/798/549
f 921/798/408 932/798/408 922/798/408
f 932/798/559 923/798/548 922/798/548
f 923/798/547 934/798/558 924/798/547
f 934/798/569 925/798/557 924/798/557
f 925/798/555 936/798/568 926/798/656
f 936/798/417 927/798/417 926/798/417
f 927/798/554 938/798/566 928/798/554
f 938/798/564 919/798/655 928/798/552
f 929/798/563 940/798/573 930/798/563
f 940/798/572 931/798/560 930/798/560
f 931/798/408 942/798/408 932/798/408
f 942/798/571 933/798/559 932/798/559
f 943/798/570 934/798/558 933/798/558
f 934/798/569 945/798/577 935/798/569
f 935/798/568 946/798/576 936/798/568
f 946/798/417 937/798/417 936/798/417
f 937/798/566 948/798/575 938/798/566
f 948/798/574 929/798/564 938/798/564
f 949/798/581 940/798/573 939/798/573
f 950/798/580 941/798/572 940/798/572
f 941/798/408 952/798/408 942/798/408
f 942/798/571 953/798/579 943/798/571
f 943/798/570 954/798/578 944/798/570
f 954/798/585 945/798/577 944/798/577
f 945/798/576 956/798/584 946/798/576
f 956/798/417 947/798/417 946/798/417
f 947/798/575 958/798/583 948/798/575
f 948/798/574 949/798/582 939/798/574
f 959/798/589 950/798/581 949/798/581
f 950/798/580 961/798/588 951/798/580
f 951/798/408 962/798/408 952/798/408
f 952/798/579 963/798/587 953/798/579
f 963/798/586 954/798/578 953/798/578
f 964/798/593 955/798/585 954/798/585
f 965/798/592 956/798/584 955/798/584
f 966/798/417 957/798/417 956/798/417
f 967/798/591 958/798/583 957/798/583
f 958/798/582 959/798/590 949/798/582
f 969/798/597 960/798/589 959/798/589
f 960/798/588 971/798/596 961/798/588
f 971/798/408 962/798/408 961/798/408
f 972/798/595 963/798/587 962/798/587
f 963/798/586 974/798/594 964/798/586
f 964/798/593 975/798/601 965/798/593
f 975/798/600 966/798/592 965/798/592
f 966/798/417 977/798/417 967/798/417
f 977/798/599 968/798/591 967/798/591
f 968/798/590 969/798/598 959/798/590
f 969/798/597 980/798/605 970/798/597
f 970/798/596 981/798/604 971/798/596
f 971/798/408 982/798/408 972/798/408
f 972/798/595 983/798/603 973/798/595
f 973/798/594 984/798/602 974/798/594
f 984/798/609 975/798/601 974/798/601
f 985/798/608 976/798/600 975/798/600
f 986/798/417 977/798/417 976/798/417
f 987/798/607 978/798/599 977/798/599
f 988/798/606 969/798/598 978/798/598
f 979/798/657 990/798/658 980/798/605
f 990/798/612 981/798/604 980/798/604
f 981/798/408 992/798/408 982/798/408
f 992/798/611 983/798/603 982/798/603
f 983/798/659 994/798/660 984/798/602
f 984/798/609 995/798/661 985/798/662
f 985/798/608 996/798/616 986/798/608
f 996/798/417 987/798/417 986/798/417
f 997/798/615 988/798/607 987/798/607
f 998/798/663 979/798/664 988/798/606
f 989/798/623 1000/798/622 990/798/658
f 990/798/612 1001/798/621 991/798/612
f 1001/798/408 992/798/408 991/798/408
f 1002/798/665 993/798/666 992/798/611
f 1003/798/618 994/798/660 993/798/660
f 994/798/661 1005/798/627 995/798/661
f 1005/798/626 996/798/616 995/798/667
f 996/798/417 1007/798/417 997/798/417
f 1007/798/625 998/798/615 997/798/615
f 1008/798/624 989/798/668 998/798/663
f 529/798/405 1000/798/622 999/798/622
f 1000/798/621 531/798/406 1001/798/621
f 531/798/408 1002/798/408 1001/798/408
f 1002/798/665 533/798/410 1003/798/620
f 1003/798/618 534/798/412 1004/798/618
f 534/798/413 1005/798/627 1004/798/627
f 535/798/415 1006/798/631 1005/798/626
f 1006/798/417 537/798/417 1007/798/417
f 537/798/418 1008/798/630 1007/798/625
f 1008/798/624 529/798/420 999/798/624
f 1201/798/405 1212/798/404 1202/798/405
f 1212/798/424 1203/798/406 1202/798/406
f 1203/798/408 1214/798/408 1204/798/408
f 1214/798/409 1205/798/410 1204/798/410
f 1215/798/411 1206/798/412 1205/798/412
f 1206/798/413 1217/798/414 1207/798/413
f 1207/798/415 1218/798/416 1208/798/415
f 1218/798/417 1209/798/417 1208/798/417
f 1209/798/418 1220/798/419 1210/798/418
f 1220/798/421 1201/798/420 1210/798/420
f 1221/798/422 1212/798/404 1211/798/404
f 1222/798/423 1213/798/407 1212/798/424
f 1213/798/408 1224/798/408 1214/798/408
f 1224/798/425 1215/798/409 1214/798/409
f 1215/798/411 1226/798/632 1216/798/411
f 1216/798/414 1227/798/441 1217/798/414
f 1217/798/416 1228/798/430 1218/798/416
f 1228/798/417 1219/798/417 1218/798/417
f 1219/798/431 1230/798/432 1220/798/419
f 1220/798/421 1221/798/433 1211/798/421
f 1221/798/422 1232/798/434 1222/798/435
f 1222/798/423 1233/798/436 1223/798/423
f 1233/798/408 1224/798/408 1223/798/408
f 1234/798/437 1225/798/425 1224/798/425
f 1225/798/681 1236/798/682 1226/798/632
f 1236/798/636 1227/798/441 1226/798/428
f 1227/798/430 1238/798/442 1228/798/430
f 1228/798/417 1239/798/417 1229/798/417
f 1229/798/432 1240/798/443 1230/798/432
f 1230/798/444 1231/798/445 1221/798/433
f 1241/798/446 1232/798/434 1231/798/434
f 1232/798/436 1243/798/448 1233/798/436
f 1233/798/408 1244/798/408 1234/798/408
f 1244/798/449 1235/798/437 1234/798/437
f 1235/798/439 1246/798/451 1236/798/682
f 1246/798/452 1237/798/440 1236/798/636
f 1237/798/442 1248/798/453 1238/798/442
f 1248/798/417 1239/798/417 1238/798/417
f 1249/798/454 1240/798/443 1239/798/443
f 1240/798/455 1241/798/456 1231/798/445
f 1251/798/457 1242/798/446 1241/798/446
f 1252/798/458 1243/798/448 1242/798/448
f 1243/798/408 1254/798/408 1244/798/408
f 1254/798/459 1245/798/449 1244/798/449
f 1255/798/460 1246/798/451 1245/798/451
f 1256/798/461 1247/798/452 1246/798/452
f 1247/798/453 1258/798/462 1248/798/453
f 1258/798/417 1249/798/417 1248/798/417
f 1249/798/454 1260/798/463 1250/798/454
f 1260/798/464 1241/798/456 1250/798/456
f 1261/798/465 1252/798/457 1251/798/457
f 1252/798/458 1263/798/466 1253/798/458
f 1263/798/408 1254/798/408 1253/798/408
f 1264/798/467 1255/798/459 1254/798/459
f 1255/798/460 1266/798/468 1256/798/460
f 1266/798/469 1257/798/461 1256/798/461
f 1257/798/462 1268/798/470 1258/798/462
f 1258/798/417 1269/798/417 1259/798/417
f 1269/798/471 1260/798/463 1259/798/463
f 1260/798/464 1261/798/472 1251/798/464
f 1271/798/473 1262/798/465 1261/798/465
f 1262/798/466 1273/798/474 1263/798/466
f 1273/798/408 1264/798/408 1263/798/408
f 1274/798/475 1265/798/467 1264/798/467
f 1265/798/468 1276/798/476 1266/798/468
f 1266/798/469 1277/798/477 1267/798/469
f 1267/798/470 1278/798/478 1268/798/470
f 1268/798/417 1279/798/417 1269/798/417
f 1279/798/479 1270/798/471 1269/798/471
f 1270/798/472 1271/798/480 1261/798/472
f 1281/798/491 1272/798/473 1271/798/473
f 1272/798/474 1283/798/482 1273/798/474
f 1273/798/408 1284/798/408 1274/798/408
f 1274/798/475 1285/798/483 1275/798/475
f 1275/798/476 1286/798/484 1276/798/476
f 1286/798/486 1277/798/477 1276/798/485
f 1287/798/487 1278/798/478 1277/798/478
f 1288/798/417 1279/798/417 1278/798/417
f 1289/798/488 1280/798/479 1279/798/479
f 1280/798/480 1281/798/489 1271/798/480
f 1281/798/491 1292/798/490 1282/798/491
f 1282/798/482 1293/798/492 1283/798/482
f 1293/798/408 1284/798/408 1283/798/408
f 1284/798/483 1295/798/493 1285/798/483
f 1295/798/494 1286/798/484 1285/798/484
f 1296/798/496 1287/798/683 1286/798/486
f 1297/798/497 1288/798/487 1287/798/487
f 1288/798/417 1299/798/417 1289/798/417
f 1299/798/498 1290/798/488 1289/798/488
f 1290/798/499 1291/798/513 1281/798/489
f 1301/798/684 1292/798/490 1291/798/490
f 1292/798/492 1303/798/502 1293/798/492
f 1293/798/408 1304/798/408 1294/798/408
f 1304/798/503 1295/798/493 1294/798/504
f 1305/798/505 1296/798/506 1295/798/494
f 1306/798/507 1297/798/508 1296/798/496
f 1297/798/497 1308/798/509 1298/798/510
f 1308/798/417 1299/798/417 1298/798/417
f 1309/798/511 1300/798/498 1299/798/498
f 1300/798/513 1301/798/512 1291/798/513
f 1301/798/684 1312/798/685 1302/798/501
f 1312/798/515 1303/798/502 1302/798/502
f 1313/798/408 1304/798/408 1303/798/408
f 1314/798/516 1305/798/503 1304/798/503
f 1315/798/517 1306/798/518 1305/798/505
f 1306/798/507 1317/798/519 1307/798/507
f 1307/798/509 1318/798/520 1308/798/509
f 1308/798/417 1319/798/417 1309/798/417
f 1309/798/511 1320/798/521 1310/798/511
f 1320/798/686 1301/798/512 1310/798/687
f 1311/798/685 1322/798/523 1312/798/685
f 1312/798/515 1323/798/524 1313/798/515
f 1313/798/408 1324/798/408 1314/798/408
f 1324/798/525 1315/798/516 1314/798/516
f 1315/798/517 1326/798/526 1316/798/517
f 1316/798/519 1327/798/527 1317/798/519
f 1317/798/520 1328/798/528 1318/798/520
f 1328/798/417 1319/798/417 1318/798/417
f 1319/798/521 1330/798/529 1320/798/521
f 1330/798/530 1311/798/686 1320/798/686
f 1331/798/531 1322/798/523 1321/798/523
f 1332/798/532 1323/798/524 1322/798/524
f 1333/798/408 1324/798/408 1323/798/408
f 1334/798/533 1325/798/525 1324/798/525
f 1325/798/526 1336/798/534 1326/798/526
f 1336/798/535 1327/798/527 1326/798/527
f 1327/798/528 1338/798/536 1328/798/528
f 1328/798/417 1339/798/417 1329/798/417
f 1339/798/537 1330/798/529 1329/798/529
f 1330/798/530 1331/798/538 1321/798/530
f 1331/798/531 1342/798/652 1332/798/531
f 1332/798/532 1343/798/540 1333/798/532
f 1333/798/408 1344/798/408 1334/798/408
f 1334/798/533 1345/798/541 1335/798/533
f 1335/798/534 1346/798/542 1336/798/534
f 1346/798/553 1337/798/535 1336/798/535
f 1347/798/544 1338/798/536 1337/798/536
f 1348/798/417 1339/798/417 1338/798/417
f 1349/798/545 1340/798/537 1339/798/537
f 1340/798/538 1341/798/546 1331/798/538
f 1341/798/539 1352/798/688 1342/798/652
f 1352/798/548 1343/798/540 1342/798/540
f 1353/798/408 1344/798/408 1343/798/408
f 1344/798/541 1355/798/549 1345/798/541
f 1345/798/550 1356/798/654 1346/798/542
f 1346/798/553 1357/798/655 1347/798/553
f 1347/798/544 1358/798/554 1348/798/544
f 1348/798/417 1359/798/417 1349/798/417
f 1359/798/555 1350/798/545 1349/798/545
f 1350/798/556 1351/798/557 1341/798/546
f 1351/798/688 1362/798/558 1352/798/688
f 1362/798/559 1353/798/548 1352/798/548
f 1353/798/408 1364/798/408 1354/798/408
f 1364/798/560 1355/798/549 1354/798/561
f 1365/798/689 1356/798/654 1355/798/654
f 1366/798/564 1357/798/655 1356/798/552
f 1357/798/554 1368/798/566 1358/798/554
f 1368/798/417 1359/798/417 1358/798/417
f 1359/798/555 1370/798/568 1360/798/555
f 1360/798/557 1361/798/569 1351/798/557
f 1361/798/690 1372/798/570 1362/798/558
f 1362/798/559 1373/798/571 1363/798/559
f 1373/798/408 1364/798/408 1363/798/408
f 1374/798/572 1365/798/560 1364/798/560
f 1375/798/573 1366/798/691 1365/798/689
f 1366/798/564 1377/798/574 1367/798/564
f 1367/798/566 1378/798/575 1368/798/566
f 1368/798/417 1379/798/417 1369/798/417
f 1369/798/568 1380/798/576 1370/798/568
f 1380/798/577 1361/798/569 1370/798/569
f 1371/798/570 1382/798/578 1372/798/570
f 1382/798/579 1373/798/571 1372/798/571
f 1373/798/408 1384/798/408 1374/798/408
f 1374/798/572 1385/798/580 1375/798/572
f 1385/798/581 1376/798/573 1375/798/573
f 1376/798/574 1387/798/582 1377/798/574
f 1387/798/583 1378/798/575 1377/798/575
f 1388/798/417 1379/798/417 1378/798/417
f 1379/798/576 1390/798/584 1380/798/576
f 1390/798/585 1371/798/577 1380/798/577
f 1391/798/586 1382/798/578 1381/798/578
f 1382/798/579 1393/798/587 1383/798/579
f 1383/798/408 1394/798/408 1384/798/408
f 1394/798/588 1385/798/580 1384/798/580
f 1395/798/589 1386/798/581 1385/798/581
f 1386/798/582 1397/798/590 1387/798/582
f 1387/798/583 1398/798/591 1388/798/583
f 1398/798/417 1389/798/417 1388/798/417
f 1389/798/584 1400/798/592 1390/798/584
f 1400/798/593 1381/798/585 1390/798/585
f 1401/798/594 1392/798/586 1391/798/586
f 1402/798/595 1393/798/587 1392/798/587
f 1403/798/408 1394/798/408 1393/798/408
f 1394/798/588 1405/798/596 1395/798/588
f 1395/798/589 1406/798/597 1396/798/589
f 1406/798/598 1397/798/590 1396/798/590
f 1407/798/599 1398/798/591 1397/798/591
f 1398/798/417 1409/798/417 1399/798/417
f 1409/798/600 1400/798/592 1399/798/592
f 1400/798/593 1401/798/601 1391/798/593
f 1411/798/602 1402/798/594 1401/798/594
f 1412/798/603 1403/798/595 1402/798/595
f 1413/798/408 1404/798/408 1403/798/408
f 1404/798/596 1415/798/604 1405/798/596
f 1405/798/597 1416/798/605 1406/798/597
f 1406/798/598 1417/798/606 1407/798/598
f 1417/798/607 1408/798/599 1407/798/599
f 1408/798/417 1419/798/417 1409/798/417
f 1409/798/600 1420/798/608 1410/798/600
f 1410/798/601 1411/798/609 1401/798/601
f 1421/798/610 1412/798/602 1411/798/602
f 1412/798/603 1423/798/611 1413/798/603
f 1413/798/408 1424/798/408 1414/798/408
f 1414/798/604 1425/798/612 1415/798/604
f 1415/798/605 1426/798/623 1416/798/605
f 1416/798/664 1427/798/692 1417/798/606
f 1427/798/615 1418/798/607 1417/798/607
f 1428/798/417 1419/798/417 1418/798/417
f 1429/798/616 1420/798/608 1419/798/608
f 1430/798/628 1411/798/609 1420/798/662
f 1421/798/610 1432/798/618 1422/798/619
f 1422/798/611 1433/798/620 1423/798/611
f 1433/798/408 1424/798/408 1423/798/408
f 1424/798/612 1435/798/629 1425/798/612
f 1435/798/622 1426/798/623 1425/798/693
f 1426/798/668 1437/798/624 1427/798/692
f 1437/798/630 1428/798/615 1427/798/615
f 1428/798/417 1439/798/417 1429/798/417
f 1439/798/626 1430/798/616 1429/798/616
f 1440/798/627 1421/798/617 1430/798/628
f 1441/798/412 1432/798/618 1431/798/618
f 1432/798/665 1443/798/410 1433/798/620
f 1443/798/408 1434/798/408 1433/798/408
f 1434/798/629 1445/798/406 1435/798/629
f 1435/798/622 1446/798/405 1436/798/622
f 1446/798/420 1437/798/624 1436/798/624
f 1447/798/418 1438/798/630 1437/798/630
f 1438/798/417 1449/798/417 1439/798/417
f 1449/798/415 1440/798/631 1439/798/626
f 1450/798/413 1431/798/627 1440/798/627
f 1441/798/412 1452/798/411 1442/798/412
f 1452/798/409 1443/798/410 1442/798/410
f 1443/798/408 1454/798/408 1444/798/408
f 1454/798/424 1445/798/406 1444/798/406
f 1445/798/405 1456/798/404 1446/798/405
f 1456/798/421 1447/798/420 1446/798/420
f 1447/798/418 1458/798/419 1448/798/418
f 1458/798/417 1449/798/417 1448/798/417
f 1449/798/415 1460/798/416 1450/798/415
f 1450/798/413 1451/798/414 1441/798/413
f 1461/798/632 1452/798/411 1451/798/411
f 1462/798/425 1453/798/409 1452/798/409
f 1453/798/408 1464/798/408 1454/798/408
f 1464/798/423 1455/798/424 1454/798/424
f 1455/798/404 1466/798/633 1456/798/404
f 1466/798/634 1457/798/421 1456/798/421
f 1467/798/694 1458/798/419 1457/798/419
f 1468/798/417 1459/798/417 1458/798/417
f 1459/798/416 1470/798/430 1460/798/416
f 1460/798/414 1461/798/428 1451/798/414
f 1461/798/632 1472/798/439 1462/798/632
f 1462/798/425 1473/798/437 1463/798/425
f 1473/798/408 1464/798/408 1463/798/408
f 1474/798/436 1465/798/423 1464/798/423
f 1465/798/633 1476/798/447 1466/798/633
f 1466/798/634 1477/798/455 1467/798/634
f 1477/798/443 1468/798/694 1467/798/694
f 1468/798/417 1479/798/417 1469/798/417
f 1479/798/442 1470/798/430 1469/798/430
f 1480/798/440 1461/798/428 1470/798/428
f 1481/798/451 1472/798/439 1471/798/439
f 1482/798/449 1473/798/437 1472/798/437
f 1473/798/408 1484/798/408 1474/798/408
f 1484/798/448 1475/798/436 1474/798/436
f 1485/798/446 1476/798/447 1475/798/447
f 1486/798/456 1477/798/455 1476/798/445
f 1477/798/443 1488/798/454 1478/798/695
f 1488/798/417 1479/798/417 1478/798/417
f 1479/798/442 1490/798/453 1480/798/442
f 1480/798/440 1481/798/452 1471/798/440
f 1491/798/460 1482/798/451 1481/798/451
f 1492/798/459 1483/798/449 1482/798/449
f 1483/798/408 1494/798/408 1484/798/408
f 1494/798/458 1485/798/448 1484/798/448
f 1495/798/457 1486/798/446 1485/798/446
f 1496/798/464 1487/798/456 1486/798/456
f 1487/798/454 1498/798/463 1488/798/454
f 1498/798/417 1489/798/417 1488/798/417
f 1499/798/462 1490/798/453 1489/798/453
f 1490/798/452 1491/798/461 1481/798/452
f 1501/798/468 1492/798/460 1491/798/460
f 1502/798/467 1493/798/459 1492/798/459
f 1503/798/408 1494/798/408 1493/798/408
f 1504/798/466 1495/798/458 1494/798/458
f 1495/798/457 1506/798/465 1496/798/457
f 1506/798/472 1497/798/464 1496/798/464
f 1507/798/471 1498/798/463 1497/798/463
f 1498/798/417 1509/798/417 1499/798/417
f 1509/798/470 1500/798/462 1499/798/462
f 1500/798/461 1501/798/469 1491/798/461
f 1511/798/476 1502/798/468 1501/798/468
f 1502/798/467 1513/798/475 1503/798/467
f 1513/798/408 1504/798/408 1503/798/408
f 1514/798/474 1505/798/466 1504/798/466
f 1505/798/465 1516/798/473 1506/798/465
f 1516/798/480 1507/798/472 1506/798/472
f 1507/798/471 1518/798/479 1508/798/471
f 1508/798/417 1519/798/417 1509/798/417
f 1519/798/478 1510/798/470 1509/798/470
f 1510/798/469 1511/798/485 1501/798/469
f 1521/798/484 1512/798/476 1511/798/476
f 1512/798/475 1523/798/483 1513/798/475
f 1513/798/408 1524/798/408 1514/798/408
f 1514/798/474 1525/798/482 1515/798/474
f 1525/798/491 1516/798/473 1515/798/473
f 1516/798/480 1527/798/489 1517/798/480
f 1517/798/479 1528/798/488 1518/798/479
f 1528/798/417 1519/798/417 1518/798/417
f 1529/798/487 1520/798/478 1519/798/478
f 1520/798/485 1521/798/495 1511/798/485
f 1531/798/639 1522/798/484 1521/798/484
f 1522/798/483 1533/798/493 1523/798/483
f 1533/798/408 1524/798/408 1523/798/408
f 1524/798/482 1535/798/492 1525/798/482
f 1525/798/491 1536/798/643 1526/798/491
f 1526/798/499 1537/798/641 1527/798/489
f 1537/798/498 1528/798/488 1527/798/488
f 1528/798/417 1539/798/417 1529/798/417
f 1539/798/497 1530/798/487 1529/798/487
f 1540/798/496 1521/798/495 1530/798/495
f 1541/798/518 1532/798/506 1531/798/639
f 1532/798/493 1543/798/503 1533/798/493
f 1533/798/408 1544/798/408 1534/798/408
f 1534/798/492 1545/798/502 1535/798/492
f 1545/798/644 1536/798/643 1535/798/643
f 1536/798/513 1547/798/645 1537/798/641
f 1547/798/511 1538/798/498 1537/798/498
f 1548/798/417 1539/798/417 1538/798/417
f 1549/798/509 1540/798/497 1539/798/497
f 1550/798/649 1531/798/496 1540/798/496
f 1551/798/517 1542/798/518 1541/798/518
f 1552/798/516 1543/798/503 1542/798/503
f 1553/798/408 1544/798/408 1543/798/408
f 1554/798/515 1545/798/502 1544/798/502
f 1555/798/514 1546/798/684 1545/798/644
f 1546/798/512 1557/798/522 1547/798/645
f 1547/798/511 1558/798/521 1548/798/511
f 1548/798/417 1559/798/417 1549/798/417
f 1549/798/509 1560/798/520 1550/798/509
f 1550/798/649 1551/798/519 1541/798/649
f 1551/798/517 1562/798/526 1552/798/517
f 1552/798/516 1563/798/525 1553/798/516
f 1553/798/408 1564/798/408 1554/798/408
f 1554/798/515 1565/798/524 1555/798/515
f 1565/798/523 1556/798/514 1555/798/514
f 1566/798/530 1557/798/522 1556/798/522
f 1567/798/529 1558/798/521 1557/798/521
f 1568/798/417 1559/798/417 1558/798/417
f 1569/798/528 1560/798/520 1559/798/520
f 1570/798/527 1551/798/519 1560/798/519
f 1571/798/534 1562/798/526 1561/798/526
f 1572/798/533 1563/798/525 1562/798/525
f 1573/798/408 1564/798/408 1563/798/408
f 1574/798/532 1565/798/524 1564/798/524
f 1575/798/531 1566/798/523 1565/798/523
f 1576/798/538 1567/798/530 1566/798/530
f 1567/798/529 1578/798/537 1568/798/529
f 1568/798/417 1579/798/417 1569/798/417
f 1569/798/528 1580/798/536 1570/798/528
f 1570/798/527 1571/798/535 1561/798/527
f 1581/798/651 1572/798/534 1571/798/534
f 1572/798/533 1583/798/541 1573/798/533
f 1573/798/408 1584/798/408 1574/798/408
f 1574/798/532 1585/798/540 1575/798/532
f 1575/798/531 1586/798/652 1576/798/531
f 1586/798/556 1577/798/538 1576/798/538
f 1587/798/545 1578/798/537 1577/798/537
f 1588/798/417 1579/798/417 1578/798/417
f 1589/798/544 1580/798/536 1579/798/536
f 1590/798/553 1571/798/535 1580/798/535
f 1581/798/651 1592/798/654 1582/798/651
f 1592/798/549 1583/798/541 1582/798/541
f 1593/798/408 1584/798/408 1583/798/408
f 1594/798/548 1585/798/540 1584/798/540
f 1595/798/547 1586/798/652 1585/798/652
f 1586/798/556 1597/798/557 1587/798/556
f 1587/798/545 1598/798/555 1588/798/545
f 1588/798/417 1599/798/417 1589/798/417
f 1589/798/544 1600/798/554 1590/798/544
f 1600/798/655 1581/798/553 1590/798/553
f 1601/798/563 1592/798/654 1591/798/654
f 1602/798/560 1593/798/549 1592/798/549
f 1593/798/408 1604/798/408 1594/798/408
f 1604/798/559 1595/798/548 1594/798/548
f 1605/798/558 1596/798/547 1595/798/547
f 1606/798/569 1597/798/557 1596/798/557
f 1597/798/555 1608/798/568 1598/798/555
f 1608/798/417 1599/798/417 1598/798/417
f 1609/798/566 1600/798/554 1599/798/554
f 1610/798/564 1591/798/655 1600/798/655
f 1601/798/563 1612/798/573 1602/798/563
f 1612/798/572 1603/798/560 1602/798/560
f 1603/798/408 1614/798/408 1604/798/408
f 1614/798/571 1605/798/559 1604/798/559
f 1615/798/696 1606/798/558 1605/798/558
f 1616/798/577 1607/798/697 1606/798/569
f 1607/798/568 1618/798/576 1608/798/568
f 1618/798/417 1609/798/417 1608/798/417
f 1609/798/566 1620/798/575 1610/798/566
f 1620/798/574 1601/798/564 1610/798/564
f 1621/798/581 1612/798/573 1611/798/573
f 1622/798/580 1613/798/572 1612/798/572
f 1613/798/408 1624/798/408 1614/798/408
f 1624/798/579 1615/798/571 1614/798/571
f 1625/798/578 1616/798/570 1615/798/696
f 1626/798/585 1617/798/577 1616/798/577
f 1627/798/584 1618/798/576 1617/798/576
f 1628/798/417 1619/798/417 1618/798/417
f 1619/798/575 1630/798/583 1620/798/575
f 1620/798/574 1621/798/582 1611/798/574
f 1631/798/589 1622/798/581 1621/798/581
f 1622/798/580 1633/798/588 1623/798/580
f 1623/798/408 1634/798/408 1624/798/408
f 1624/798/579 1635/798/587 1625/798/579
f 1635/798/586 1626/798/578 1625/798/578
f 1636/798/593 1627/798/585 1626/798/585
f 1637/798/592 1628/798/584 1627/798/584
f 1638/798/417 1629/798/417 1628/798/417
f 1639/798/591 1630/798/583 1629/798/583
f 1640/798/590 1621/798/582 1630/798/582
f 1631/798/589 1642/798/597 1632/798/589
f 1632/798/588 1643/798/596 1633/798/588
f 1643/798/408 1634/798/408 1633/798/408
f 1634/798/587 1645/798/595 1635/798/587
f 1645/798/594 1636/798/586 1635/798/586
f 1636/798/593 1647/798/601 1637/798/593
f 1647/798/600 1638/798/592 1637/798/592
f 1638/798/417 1649/798/417 1639/798/417
f 1649/798/599 1640/798/591 1639/798/591
f 1640/798/590 1641/798/598 1631/798/590
f 1651/798/657 1642/798/597 1641/798/597
f 1642/798/596 1653/798/604 1643/798/596
f 1643/798/408 1654/798/408 1644/798/408
f 1644/798/595 1655/798/603 1645/798/595
f 1645/798/594 1656/798/659 1646/798/594
f 1656/798/662 1647/798/601 1646/798/601
f 1657/798/608 1648/798/600 1647/798/600
f 1658/798/417 1649/798/417 1648/798/417
f 1659/798/607 1650/798/599 1649/798/599
f 1650/798/598 1651/798/664 1641/798/598
f 1651/798/657 1662/798/658 1652/798/605
f 1662/798/612 1653/798/604 1652/798/604
f 1653/798/408 1664/798/408 1654/798/408
f 1664/798/611 1655/798/603 1654/798/603
f 1665/798/660 1656/798/659 1655/798/659
f 1656/798/662 1667/798/661 1657/798/662
f 1657/798/608 1668/798/616 1658/798/608
f 1668/798/417 1659/798/417 1658/798/417
f 1659/798/607 1670/798/615 1660/798/607
f 1670/798/668 1651/798/664 1660/798/606
f 1661/798/623 1672/798/622 1662/798/658
f 1662/798/612 1673/798/629 1663/798/612
f 1673/798/408 1664/798/408 1663/798/408
f 1674/798/665 1665/798/666 1664/798/611
f 1675/798/618 1666/798/660 1665/798/660
f 1666/798/661 1677/798/627 1667/798/661
f 1667/798/667 1678/798/631 1668/798/616
f 1668/798/417 1679/798/417 1669/798/417
f 1679/798/630 1670/798/615 1669/798/615
f 1680/798/624 1661/798/668 1670/798/668
f 1671/798/622 1202/798/405 1672/798/622
f 1202/798/406 1673/798/629 1672/798/629
f 1203/798/408 1674/798/408 1673/798/408
f 1674/798/665 1205/798/410 1675/798/665
f 1675/798/618 1206/798/412 1676/798/618
f 1206/798/413 1677/798/627 1676/798/627
f 1207/798/415 1678/798/631 1677/798/631
f 1678/798/417 1209/798/417 1679/798/417
f 1209/798/418 1680/798/630 1679/798/630
f 1210/798/420 1671/798/624 1680/798/624
f 1883/798/404 1874/798/405 1873/798/405
f 1884/798/407 1875/798/406 1874/798/406
f 1875/798/408 1886/798/408 1876/798/408
f 1886/798/409 1877/798/410 1876/798/410
f 1887/798/411 1878/798/412 1877/798/412
f 1878/798/413 1889/798/414 1879/798/413
f 1879/798/415 1890/798/416 1880/798/415
f 1890/798/417 1881/798/417 1880/798/417
f 1881/798/418 1892/798/431 1882/798/418
f 1882/798/420 1883/798/421 1873/798/420
f 1893/798/422 1884/798/404 1883/798/404
f 1894/798/423 1885/798/407 1884/798/407
f 1885/798/408 1896/798/408 1886/798/408
f 1896/798/425 1887/798/426 1886/798/409
f 1887/798/411 1898/798/632 1888/798/411
f 1898/798/707 1889/798/414 1888/798/414
f 1889/798/429 1900/798/430 1890/798/416
f 1900/798/417 1891/798/417 1890/798/417
f 1901/798/432 1892/798/431 1891/798/419
f 1892/798/421 1893/798/433 1883/798/421
f 1893/798/422 1904/798/434 1894/798/435
f 1894/798/423 1905/798/436 1895/798/423
f 1905/798/408 1896/798/408 1895/798/408
f 1896/798/425 1907/798/437 1897/798/438
f 1897/798/681 1908/798/439 1898/798/632
f 1898/798/707 1909/798/440 1899/798/707
f 1899/798/430 1910/798/442 1900/798/430
f 1900/798/417 1911/798/417 1901/798/417
f 1911/798/443 1902/798/432 1901/798/432
f 1912/798/445 1893/798/433 1902/798/444
f 1903/798/434 1914/798/446 1904/798/434
f 1904/798/436 1915/798/448 1905/798/436
f 1905/798/408 1916/798/408 1906/798/408
f 1916/798/449 1907/798/437 1906/798/437
f 1917/798/451 1908/798/439 1907/798/439
f 1908/798/440 1919/798/452 1909/798/440
f 1919/798/453 1910/798/442 1909/798/442
f 1920/798/417 1911/798/417 1910/798/417
f 1921/798/454 1912/798/443 1911/798/443
f 1922/798/456 1903/798/445 1912/798/445
f 1923/798/457 1914/798/446 1913/798/446
f 1924/798/458 1915/798/448 1914/798/448
f 1915/798/408 1926/798/408 1916/798/408
f 1926/798/459 1917/798/449 1916/798/449
f 1927/798/460 1918/798/451 1917/798/451
f 1918/798/452 1929/798/461 1919/798/452
f 1929/798/462 1920/798/453 1919/798/453
f 1930/798/417 1921/798/417 1920/798/417
f 1921/798/454 1932/798/463 1922/798/454
f 1922/798/456 1923/798/464 1913/798/456
f 1933/798/465 1924/798/457 1923/798/457
f 1934/798/466 1925/798/458 1924/798/458
f 1935/798/408 1926/798/408 1925/798/408
f 1926/798/459 1937/798/467 1927/798/459
f 1937/798/468 1928/798/460 1927/798/460
f 1938/798/469 1929/798/461 1928/798/461
f 1929/798/462 1940/798/470 1930/798/462
f 1930/798/417 1941/798/417 1931/798/417
f 1931/798/463 1942/798/471 1932/798/463
f 1942/798/472 1923/798/464 1932/798/464
f 1943/798/473 1934/798/465 1933/798/465
f 1934/798/466 1945/798/474 1935/798/466
f 1945/798/408 1936/798/408 1935/798/408
f 1946/798/475 1937/798/467 1936/798/467
f 1937/798/468 1948/798/476 1938/798/468
f 1938/798/469 1949/798/477 1939/798/469
f 1939/798/470 1950/798/478 1940/798/470
f 1940/798/417 1951/798/417 1941/798/417
f 1951/798/479 1942/798/471 1941/798/471
f 1942/798/472 1943/798/480 1933/798/472
f 1943/798/473 1954/798/491 1944/798/473
f 1944/798/474 1955/798/482 1945/798/474
f 1945/798/408 1956/798/408 1946/798/408
f 1956/798/483 1947/798/475 1946/798/475
f 1957/798/708 1948/798/476 1947/798/476
f 1958/798/495 1949/798/477 1948/798/485
f 1949/798/478 1960/798/487 1950/798/478
f 1960/798/417 1951/798/417 1950/798/417
f 1961/798/488 1952/798/479 1951/798/479
f 1962/798/499 1943/798/480 1952/798/480
f 1963/798/490 1954/798/491 1953/798/481
f 1954/798/482 1965/798/492 1955/798/482
f 1965/798/408 1956/798/408 1955/798/408
f 1956/798/483 1967/798/493 1957/798/483
f 1967/798/639 1958/798/484 1957/798/708
f 1958/798/495 1969/798/496 1959/798/495
f 1969/798/497 1960/798/487 1959/798/487
f 1960/798/417 1971/798/417 1961/798/417
f 1971/798/498 1962/798/488 1961/798/488
f 1962/798/499 1963/798/500 1953/798/489
f 1973/798/501 1964/798/490 1963/798/490
f 1964/798/492 1975/798/502 1965/798/492
f 1965/798/408 1976/798/408 1966/798/408
f 1976/798/503 1967/798/493 1966/798/504
f 1967/798/639 1978/798/505 1968/798/506
f 1978/798/507 1969/798/496 1968/798/508
f 1969/798/497 1980/798/509 1970/798/510
f 1980/798/417 1971/798/417 1970/798/417
f 1981/798/511 1972/798/498 1971/798/498
f 1982/798/512 1963/798/500 1972/798/513
f 1983/798/514 1974/798/501 1973/798/501
f 1984/798/515 1975/798/502 1974/798/502
f 1985/798/408 1976/798/408 1975/798/408
f 1986/798/516 1977/798/503 1976/798/503
f 1987/798/517 1978/798/505 1977/798/505
f 1978/798/507 1989/798/519 1979/798/507
f 1979/798/509 1990/798/520 1980/798/509
f 1980/798/417 1991/798/417 1981/798/417
f 1981/798/511 1992/798/521 1982/798/511
f 1982/798/512 1983/798/522 1973/798/512
f 1993/798/523 1984/798/514 1983/798/514
f 1984/798/515 1995/798/524 1985/798/515
f 1985/798/408 1996/798/408 1986/798/408
f 1996/798/525 1987/798/516 1986/798/516
f 1997/798/526 1988/798/517 1987/798/517
f 1988/798/519 1999/798/527 1989/798/519
f 1989/798/520 2000/798/528 1990/798/520
f 2000/798/417 1991/798/417 1990/798/417
f 2001/798/529 1992/798/521 1991/798/521
f 2002/798/530 1983/798/522 1992/798/522
f 2003/798/531 1994/798/523 1993/798/523
f 2004/798/532 1995/798/524 1994/798/524
f 2005/798/408 1996/798/408 1995/798/408
f 1996/798/525 2007/798/533 1997/798/525
f 2007/798/534 1998/798/526 1997/798/526
f 2008/798/535 1999/798/527 1998/798/527
f 1999/798/528 2010/798/536 2000/798/528
f 2000/798/417 2011/798/417 2001/798/417
f 2001/798/529 2012/798/537 2002/798/529
f 2002/798/530 2003/798/538 1993/798/530
f 2003/798/531 2014/798/539 2004/798/531
f 2004/798/532 2015/798/540 2005/798/532
f 2005/798/408 2016/798/408 2006/798/408
f 2006/798/533 2017/798/541 2007/798/533
f 2007/798/534 2018/798/542 2008/798/534
f 2018/798/553 2009/798/535 2008/798/535
f 2019/798/544 2010/798/536 2009/798/536
f 2020/798/417 2011/798/417 2010/798/417
f 2021/798/545 2012/798/537 2011/798/537
f 2022/798/546 2003/798/538 2012/798/538
f 2023/798/547 2014/798/539 2013/798/539
f 2024/798/548 2015/798/540 2014/798/540
f 2025/798/408 2016/798/408 2015/798/408
f 2016/798/541 2027/798/549 2017/798/541
f 2017/798/550 2028/798/551 2018/798/542
f 2018/798/553 2029/798/655 2019/798/553
f 2029/798/567 2020/798/544 2019/798/544
f 2020/798/417 2031/798/417 2021/798/417
f 2021/798/545 2032/798/555 2022/798/545
f 2022/798/546 2023/798/557 2013/798/546
f 2033/798/558 2024/798/547 2023/798/547
f 2034/798/559 2025/798/548 2024/798/548
f 2025/798/408 2036/798/408 2026/798/408
f 2036/798/560 2027/798/549 2026/798/561
f 2027/798/562 2038/798/563 2028/798/551
f 2038/798/564 2029/798/655 2028/798/552
f 2039/798/566 2030/798/554 2029/798/567
f 2040/798/417 2031/798/417 2030/798/417
f 2031/798/555 2042/798/568 2032/798/555
f 2032/798/557 2033/798/569 2023/798/557
f 2033/798/558 2044/798/570 2034/798/558
f 2044/798/571 2035/798/559 2034/798/559
f 2045/798/408 2036/798/408 2035/798/408
f 2036/798/560 2047/798/572 2037/798/560
f 2047/798/573 2038/798/563 2037/798/563
f 2048/798/709 2039/798/710 2038/798/564
f 2049/798/575 2040/798/566 2039/798/566
f 2040/798/417 2051/798/417 2041/798/417
f 2041/798/568 2052/798/576 2042/798/568
f 2052/798/577 2033/798/569 2042/798/569
f 2043/798/570 2054/798/578 2044/798/570
f 2054/798/579 2045/798/571 2044/798/571
f 2045/798/408 2056/798/408 2046/798/408
f 2046/798/572 2057/798/580 2047/798/572
f 2057/798/581 2048/798/573 2047/798/573
f 2048/798/709 2059/798/582 2049/798/574
f 2059/798/583 2050/798/575 2049/798/575
f 2060/798/417 2051/798/417 2050/798/417
f 2051/798/576 2062/798/584 2052/798/576
f 2062/798/585 2043/798/577 2052/798/577
f 2053/798/578 2064/798/586 2054/798/578
f 2064/798/587 2055/798/579 2054/798/579
f 2055/798/408 2066/798/408 2056/798/408
f 2056/798/580 2067/798/588 2057/798/580
f 2067/798/589 2058/798/581 2057/798/581
f 2058/798/582 2069/798/590 2059/798/582
f 2069/798/591 2060/798/583 2059/798/583
f 2070/798/417 2061/798/417 2060/798/417
f 2061/798/584 2072/798/592 2062/798/584
f 2072/798/593 2053/798/585 2062/798/585
f 2073/798/594 2064/798/586 2063/798/586
f 2064/798/587 2075/798/595 2065/798/587
f 2075/798/408 2066/798/408 2065/798/408
f 2066/798/588 2077/798/596 2067/798/588
f 2067/798/589 2078/798/597 2068/798/589
f 2078/798/598 2069/798/590 2068/798/590
f 2069/798/591 2080/798/599 2070/798/591
f 2070/798/417 2081/798/417 2071/798/417
f 2081/798/600 2072/798/592 2071/798/592
f 2072/798/593 2073/798/601 2063/798/593
f 2083/798/602 2074/798/594 2073/798/594
f 2084/798/603 2075/798/595 2074/798/595
f 2085/798/408 2076/798/408 2075/798/408
f 2076/798/596 2087/798/604 2077/798/596
f 2077/798/597 2088/798/605 2078/798/597
f 2088/798/606 2079/798/598 2078/798/598
f 2079/798/599 2090/798/607 2080/798/599
f 2080/798/417 2091/798/417 2081/798/417
f 2091/798/608 2082/798/600 2081/798/600
f 2092/798/662 2073/798/601 2082/798/601
f 2083/798/602 2094/798/619 2084/798/659
f 2084/798/603 2095/798/611 2085/798/603
f 2085/798/408 2096/798/408 2086/798/408
f 2086/798/604 2097/798/612 2087/798/604
f 2087/798/605 2098/798/693 2088/798/605
f 2088/798/606 2099/798/692 2089/798/606
f 2099/798/615 2090/798/607 2089/798/607
f 2100/798/417 2091/798/417 2090/798/417
f 2101/798/616 2092/798/608 2091/798/608
f 2102/798/628 2083/798/609 2092/798/662
f 2093/798/610 2104/798/618 2094/798/619
f 2094/798/611 2105/798/620 2095/798/611
f 2105/798/408 2096/798/408 2095/798/408
f 2096/798/612 2107/798/621 2097/798/612
f 2107/798/622 2098/798/693 2097/798/693
f 2098/798/668 2109/798/624 2099/798/692
f 2109/798/625 2100/798/615 2099/798/615
f 2100/798/417 2111/798/417 2101/798/417
f 2111/798/626 2102/798/616 2101/798/616
f 2112/798/627 2093/798/617 2102/798/628
f 2103/798/618 2114/798/412 2104/798/618
f 2104/798/620 2115/798/410 2105/798/620
f 2115/798/408 2106/798/408 2105/798/408
f 2106/798/629 2117/798/406 2107/798/621
f 2107/798/622 2118/798/405 2108/798/622
f 2118/798/420 2109/798/624 2108/798/624
f 2119/798/418 2110/798/630 2109/798/625
f 2110/798/417 2121/798/417 2111/798/417
f 2121/798/415 2112/798/631 2111/798/626
f 2122/798/413 2103/798/627 2112/798/627
f 2113/798/412 2124/798/411 2114/798/412
f 2124/798/426 2115/798/410 2114/798/410
f 2115/798/408 2126/798/408 2116/798/408
f 2126/798/424 2117/798/406 2116/798/406
f 2127/798/404 2118/798/405 2117/798/405
f 2118/798/420 2129/798/421 2119/798/420
f 2119/798/418 2130/798/419 2120/798/418
f 2130/798/417 2121/798/417 2120/798/417
f 2121/798/415 2132/798/416 2122/798/415
f 2132/798/414 2113/798/413 2122/798/413
f 2133/798/632 2124/798/411 2123/798/411
f 2134/798/425 2125/798/426 2124/798/426
f 2125/798/408 2136/798/408 2126/798/408
f 2126/798/424 2137/798/635 2127/798/407
f 2127/798/404 2138/798/633 2128/798/404
f 2138/798/634 2129/798/421 2128/798/421
f 2129/798/431 2140/798/432 2130/798/419
f 2140/798/417 2131/798/417 2130/798/417
f 2131/798/429 2142/798/430 2132/798/416
f 2132/798/414 2133/798/428 2123/798/414
f 2143/798/439 2134/798/711 2133/798/632
f 2144/798/437 2135/798/425 2134/798/425
f 2145/798/408 2136/798/408 2135/798/408
f 2136/798/635 2147/798/436 2137/798/635
f 2147/798/447 2138/798/633 2137/798/633
f 2148/798/445 2139/798/634 2138/798/634
f 2139/798/432 2150/798/443 2140/798/432
f 2140/798/417 2151/798/417 2141/798/417
f 2151/798/442 2142/798/430 2141/798/430
f 2142/798/637 2143/798/440 2133/798/428
f 2153/798/451 2144/798/439 2143/798/439
f 2154/798/449 2145/798/437 2144/798/437
f 2145/798/408 2156/798/408 2146/798/408
f 2156/798/448 2147/798/436 2146/798/712
f 2157/798/446 2148/798/434 2147/798/447
f 2148/798/445 2159/798/456 2149/798/455
f 2149/798/443 2160/798/454 2150/798/443
f 2160/798/417 2151/798/417 2150/798/417
f 2151/798/442 2162/798/453 2152/798/442
f 2162/798/452 2143/798/440 2152/798/440
f 2153/798/451 2164/798/460 2154/798/451
f 2164/798/459 2155/798/449 2154/798/449
f 2155/798/408 2166/798/408 2156/798/408
f 2166/798/458 2157/798/448 2156/798/448
f 2167/798/457 2158/798/446 2157/798/446
f 2168/798/464 2159/798/456 2158/798/456
f 2169/798/463 2160/798/454 2159/798/454
f 2170/798/417 2161/798/417 2160/798/417
f 2161/798/453 2172/798/462 2162/798/453
f 2162/798/452 2163/798/461 2153/798/452
f 2163/798/460 2174/798/468 2164/798/460
f 2164/798/459 2175/798/467 2165/798/459
f 2175/798/408 2166/798/408 2165/798/408
f 2176/798/466 2167/798/458 2166/798/458
f 2167/798/457 2178/798/465 2168/798/457
f 2178/798/472 2169/798/464 2168/798/464
f 2169/798/463 2180/798/471 2170/798/463
f 2170/798/417 2181/798/417 2171/798/417
f 2181/798/470 2172/798/462 2171/798/462
f 2172/798/461 2173/798/469 2163/798/461
f 2183/798/476 2174/798/468 2173/798/468
f 2174/798/467 2185/798/475 2175/798/467
f 2185/798/408 2176/798/408 2175/798/408
f 2186/798/474 2177/798/466 2176/798/466
f 2177/798/465 2188/798/473 2178/798/465
f 2188/798/480 2179/798/472 2178/798/472
f 2179/798/471 2190/798/479 2180/798/471
f 2180/798/417 2191/798/417 2181/798/417
f 2191/798/478 2182/798/470 2181/798/470
f 2182/798/469 2183/798/485 2173/798/469
f 2193/798/484 2184/798/476 2183/798/476
f 2184/798/475 2195/798/483 2185/798/475
f 2185/798/408 2196/798/408 2186/798/408
f 2186/798/474 2197/798/482 2187/798/474
f 2187/798/713 2198/798/491 2188/798/473
f 2198/798/499 2189/798/638 2188/798/480
f 2199/798/488 2190/798/479 2189/798/479
f 2200/798/417 2191/798/417 2190/798/417
f 2201/798/487 2192/798/478 2191/798/478
f 2202/798/495 2183/798/485 2192/798/485
f 2193/798/484 2204/798/639 2194/798/484
f 2194/798/483 2205/798/493 2195/798/483
f 2205/798/408 2196/798/408 2195/798/408
f 2196/798/482 2207/798/492 2197/798/482
f 2197/798/491 2208/798/640 2198/798/491
f 2208/798/500 2199/798/499 2198/798/499
f 2209/798/498 2200/798/488 2199/798/488
f 2200/798/417 2211/798/417 2201/798/417
f 2211/798/497 2202/798/487 2201/798/487
f 2212/798/496 2193/798/495 2202/798/495
f 2203/798/639 2214/798/518 2204/798/639
f 2204/798/493 2215/798/503 2205/798/493
f 2205/798/408 2216/798/408 2206/798/408
f 2216/798/502 2207/798/492 2206/798/642
f 2207/798/643 2218/798/644 2208/798/640
f 2218/798/645 2209/798/500 2208/798/500
f 2209/798/498 2220/798/511 2210/798/646
f 2220/798/417 2211/798/417 2210/798/417
f 2211/798/497 2222/798/509 2212/798/497
f 2212/798/496 2213/798/647 2203/798/496
f 2223/798/517 2214/798/518 2213/798/648
f 2224/798/516 2215/798/503 2214/798/503
f 2225/798/408 2216/798/408 2215/798/408
f 2226/798/515 2217/798/502 2216/798/502
f 2227/798/514 2218/798/644 2217/798/644
f 2218/798/645 2229/798/522 2219/798/645
f 2219/798/511 2230/798/521 2220/798/511
f 2220/798/417 2231/798/417 2221/798/417
f 2221/798/509 2232/798/520 2222/798/509
f 2222/798/649 2223/798/519 2213/798/647
f 2223/798/517 2234/798/526 2224/798/517
f 2234/798/525 2225/798/516 2224/798/516
f 2225/798/408 2236/798/408 2226/798/408
f 2226/798/515 2237/798/524 2227/798/515
f 2227/798/514 2238/798/523 2228/798/514
f 2228/798/522 2239/798/530 2229/798/522
f 2229/798/521 2240/798/529 2230/798/521
f 2240/798/417 2231/798/417 2230/798/417
f 2241/798/528 2232/798/520 2231/798/520
f 2242/798/527 2223/798/519 2232/798/519
f 2243/798/534 2234/798/526 2233/798/526
f 2244/798/533 2235/798/525 2234/798/525
f 2245/798/408 2236/798/408 2235/798/408
f 2246/798/532 2237/798/524 2236/798/524
f 2237/798/523 2248/798/531 2238/798/523
f 2248/798/538 2239/798/530 2238/798/530
f 2239/798/529 2250/798/537 2240/798/529
f 2240/798/417 2251/798/417 2241/798/417
f 2241/798/528 2252/798/536 2242/798/528
f 2242/798/527 2243/798/535 2233/798/527
f 2253/798/550 2244/798/534 2243/798/534
f 2254/798/541 2245/798/533 2244/798/533
f 2245/798/408 2256/798/408 2246/798/408
f 2246/798/532 2257/798/540 2247/798/532
f 2247/798/531 2258/798/652 2248/798/531
f 2258/798/556 2249/798/538 2248/798/538
f 2259/798/545 2250/798/537 2249/798/537
f 2260/798/417 2251/798/417 2250/798/417
f 2251/798/536 2262/798/544 2252/798/536
f 2262/798/653 2243/798/535 2252/798/535
f 2263/798/654 2254/798/542 2253/798/550
f 2254/798/541 2265/798/549 2255/798/541
f 2265/798/408 2256/798/408 2255/798/408
f 2266/798/548 2257/798/540 2256/798/540
f 2267/798/547 2258/798/652 2257/798/652
f 2258/798/556 2269/798/557 2259/798/556
f 2259/798/545 2270/798/555 2260/798/545
f 2260/798/417 2271/798/417 2261/798/417
f 2261/798/544 2272/798/554 2262/798/544
f 2262/798/653 2263/798/655 2253/798/553
f 2273/798/563 2264/798/654 2263/798/654
f 2274/798/560 2265/798/549 2264/798/549
f 2265/798/408 2276/798/408 2266/798/408
f 2276/798/559 2267/798/548 2266/798/548
f 2277/798/558 2268/798/714 2267/798/547
f 2268/798/715 2279/798/569 2269/798/557
f 2269/798/555 2280/798/568 2270/798/555
f 2280/798/417 2271/798/417 2270/798/417
f 2271/798/554 2282/798/566 2272/798/554
f 2272/798/655 2273/798/564 2263/798/655
f 2273/798/563 2284/798/573 2274/798/563
f 2284/798/572 2275/798/560 2274/798/560
f 2275/798/408 2286/798/408 2276/798/408
f 2286/798/571 2277/798/559 2276/798/559
f 2287/798/570 2278/798/558 2277/798/558
f 2278/798/569 2289/798/577 2279/798/569
f 2279/798/568 2290/798/576 2280/798/568
f 2290/798/417 2281/798/417 2280/798/417
f 2281/798/566 2292/798/575 2282/798/566
f 2292/798/574 2273/798/564 2282/798/564
f 2293/798/581 2284/798/573 2283/798/573
f 2294/798/580 2285/798/572 2284/798/572
f 2285/798/408 2296/798/408 2286/798/408
f 2286/798/571 2297/798/579 2287/798/571
f 2287/798/570 2298/798/578 2288/798/570
f 2298/798/585 2289/798/577 2288/798/577
f 2289/798/576 2300/798/584 2290/798/576
f 2300/798/417 2291/798/417 2290/798/417
f 2291/798/575 2302/798/583 2292/798/575
f 2292/798/574 2293/798/582 2283/798/574
f 2303/798/589 2294/798/581 2293/798/581
f 2304/798/588 2295/798/580 2294/798/580
f 2295/798/408 2306/798/408 2296/798/408
f 2306/798/587 2297/798/579 2296/798/579
f 2307/798/586 2298/798/578 2297/798/578
f 2308/798/593 2299/798/585 2298/798/585
f 2309/798/592 2300/798/584 2299/798/584
f 2310/798/417 2301/798/417 2300/798/417
f 2311/798/591 2302/798/583 2301/798/583
f 2302/798/582 2303/798/590 2293/798/582
f 2303/798/589 2314/798/597 2304/798/589
f 2304/798/588 2315/798/596 2305/798/588
f 2315/798/408 2306/798/408 2305/798/408
f 2316/798/595 2307/798/587 2306/798/587
f 2307/798/586 2318/798/594 2308/798/586
f 2318/798/601 2309/798/593 2308/798/593
f 2319/798/600 2310/798/592 2309/798/592
f 2310/798/417 2321/798/417 2311/798/417
f 2321/798/599 2312/798/591 2311/798/591
f 2322/798/598 2303/798/590 2312/798/590
f 2323/798/605 2314/798/597 2313/798/597
f 2314/798/596 2325/798/604 2315/798/596
f 2315/798/408 2326/798/408 2316/798/408
f 2316/798/595 2327/798/603 2317/798/595
f 2317/798/594 2328/798/659 2318/798/594
f 2328/798/609 2319/798/601 2318/798/601
f 2329/798/608 2320/798/600 2319/798/600
f 2330/798/417 2321/798/417 2320/798/417
f 2321/798/599 2332/798/607 2322/798/599
f 2322/798/598 2323/798/606 2313/798/598
f 2333/798/623 2324/798/657 2323/798/605
f 2334/798/612 2325/798/604 2324/798/604
f 2325/798/408 2336/798/408 2326/798/408
f 2336/798/611 2327/798/603 2326/798/603
f 2337/798/660 2328/798/659 2327/798/659
f 2338/798/661 2329/798/662 2328/798/609
f 2329/798/608 2340/798/616 2330/798/608
f 2340/798/417 2331/798/417 2330/798/417
f 2331/798/607 2342/798/615 2332/798/607
f 2332/798/664 2333/798/668 2323/798/606
f 2333/798/623 2344/798/622 2334/798/623
f 2344/798/629 2335/798/612 2334/798/612
f 2345/798/408 2336/798/408 2335/798/408
f 2336/798/611 2347/798/620 2337/798/666
f 2337/798/660 2348/798/618 2338/798/660
f 2338/798/661 2349/798/627 2339/798/661
f 2349/798/626 2340/798/616 2339/798/667
f 2340/798/417 2351/798/417 2341/798/417
f 2341/798/615 2352/798/630 2342/798/615
f 2352/798/624 2333/798/668 2342/798/668
f 1873/798/405 2344/798/622 2343/798/622
f 2344/798/629 1875/798/406 2345/798/629
f 1875/798/408 2346/798/408 2345/798/408
f 2346/798/665 1877/798/410 2347/798/620
f 2347/798/618 1878/798/412 2348/798/618
f 1878/798/413 2349/798/627 2348/798/627
f 1879/798/415 2350/798/631 2349/798/626
f 2350/798/417 1881/798/417 2351/798/417
f 1881/798/418 2352/798/630 2351/798/630
f 2352/798/624 1873/798/420 2343/798/624
f 3370/1475/853 2482/1476/854 2463/1477/855
f 3366/1478/417 2475/1479/856 3367/1480/857
f 2457/1481/858 2467/1482/859 2468/1483/860
f 2463/1477/855 2483/1484/861 2464/1485/862
f 3367/1480/857 2476/1486/863 2460/1487/864
f 3363/1488/865 2468/1489/860 2469/1490/866
f 2674/1491/867 2464/1485/862 2483/1484/861
f 2460/1487/864 2477/1492/868 3368/1493/869
f 3364/1494/870 2469/1490/866 2470/1495/871
f 3368/1493/869 2478/1496/872 3369/1497/873
f 3365/1498/874 2470/1495/871 2471/1499/875
f 3369/1497/873 2479/1500/876 2461/1501/877
f 2458/1502/878 2471/1499/875 2472/1503/879
f 3360/1504/880 2922/1505/716 2465/1506/881
f 2461/1501/877 2480/1507/882 2462/1508/883
f 2459/1509/884 2472/1503/879 2473/1510/885
f 3361/1511/886 2465/1506/881 2466/1512/887
f 2462/1508/883 2481/1513/888 3370/1514/853
f 3366/1478/417 2473/1510/885 2474/1515/889
f 3362/1516/890 2466/1512/887 2467/1482/859
f 2476/1486/863 2496/1517/891 2477/1492/868
f 2470/1495/871 2488/1518/892 2489/1519/893
f 2477/1492/868 2497/1520/894 2478/1496/872
f 2471/1499/875 2489/1519/893 2490/1521/895
f 2478/1496/872 2498/1522/896 2479/1500/876
f 2472/1503/879 2490/1521/895 2491/1523/897
f 2465/1506/881 2922/1505/716 2484/1524/898
f 2479/1500/876 2499/1525/899 2480/1507/882
f 2473/1510/885 2491/1523/897 2492/1526/900
f 2466/1512/887 2484/1524/898 2485/1527/901
f 2480/1507/882 2500/1528/902 2481/1513/888
f 2474/1515/889 2492/1526/900 2493/1529/903
f 2467/1482/859 2485/1527/901 2486/1530/904
f 2481/1531/888 2501/1532/905 2482/1476/854
f 2474/1515/889 2494/1533/906 2475/1479/856
f 2468/1483/860 2486/1530/904 2487/1534/907
f 2482/1476/854 2502/1535/908 2483/1484/861
f 2475/1479/856 2495/1536/909 2476/1486/863
f 2469/1490/866 2487/1537/907 2488/1518/892
f 2674/1491/867 2483/1484/861 2502/1535/908
f 2492/1526/900 2510/1538/910 2511/1539/911
f 2485/1527/901 2503/1540/912 2504/1541/913
f 2499/1525/899 2519/1542/914 2500/1528/902
f 2493/1529/903 2511/1539/911 2512/1543/915
f 2486/1530/904 2504/1541/913 2505/1544/916
f 2500/1545/902 2520/1546/917 2501/1532/905
f 2493/1529/903 2513/1547/918 2494/1533/906
f 2487/1534/907 2505/1544/916 2506/1548/919
f 2501/1532/905 2521/1549/920 2502/1535/908
f 2494/1533/906 2514/1550/921 2495/1536/909
f 2488/1518/892 2506/1551/919 2507/1552/922
f 2674/1491/867 2502/1535/908 2521/1549/920
f 2495/1536/909 2515/1553/923 2496/1517/891
f 2489/1519/893 2507/1552/922 2508/1554/924
f 2496/1517/891 2516/1555/925 2497/1520/894
f 2490/1521/895 2508/1554/924 2509/1556/926
f 2497/1520/894 2517/1557/927 2498/1522/896
f 2491/1523/897 2509/1556/926 2510/1538/910
f 2484/1524/898 2922/1505/716 2503/1540/912
f 2498/1522/896 2518/1558/928 2499/1525/899
f 2507/1552/922 2525/1559/929 2526/1560/930
f 2674/1491/867 2521/1549/920 2540/1561/931
f 2514/1550/921 2534/1562/932 2515/1553/923
f 2508/1554/924 2526/1560/930 2527/1563/933
f 2515/1553/923 2535/1564/934 2516/1555/925
f 2509/1556/926 2527/1563/933 2528/1565/935
f 2516/1555/925 2536/1566/936 2517/1557/927
f 2510/1538/910 2528/1565/935 2529/1567/937
f 2503/1540/912 2922/1505/716 2522/1568/938
f 2517/1557/927 2537/1569/939 2518/1558/928
f 2511/1539/911 2529/1567/937 2530/1570/940
f 2504/1541/913 2522/1568/938 2523/1571/941
f 2518/1558/928 2538/1572/942 2519/1542/914
f 2512/1543/915 2530/1570/940 2531/1573/943
f 2505/1544/916 2523/1571/941 2524/1574/944
f 2519/1575/914 2539/1576/945 2520/1546/917
f 2512/1543/915 2532/1577/946 2513/1547/918
f 2506/1548/919 2524/1574/944 2525/1578/929
f 2520/1546/917 2540/1561/931 2521/1549/920
f 2513/1547/918 2533/1579/947 2514/1550/921
f 2522/1568/938 2922/1505/716 2541/1580/948
f 2536/1566/936 2556/1581/949 2537/1569/939
f 2530/1570/940 2548/1582/950 2549/1583/951
f 2523/1571/941 2541/1580/948 2542/1584/952
f 2537/1585/939 2557/1586/953 2538/1587/942
f 2531/1573/943 2549/1583/951 2550/1588/954
f 2524/1574/944 2542/1584/952 2543/1589/955
f 2538/1587/942 2558/1590/956 2539/1576/945
f 2531/1573/943 2551/1591/957 2532/1577/946
f 2525/1578/929 2543/1589/955 2544/1592/958
f 2539/1576/945 2559/1593/959 2540/1561/931
f 2532/1577/946 2552/1594/960 2533/1579/947
f 2526/1560/930 2544/1595/958 2545/1596/961
f 2674/1491/867 2540/1561/931 2559/1593/959
f 2533/1579/947 2553/1597/962 2534/1562/932
f 2527/1563/933 2545/1596/961 2546/1598/963
f 2534/1562/932 2554/1599/964 2535/1564/934
f 2528/1565/935 2546/1598/963 2547/1600/965
f 2535/1564/934 2555/1601/966 2536/1566/936
f 2529/1567/937 2547/1600/965 2548/1582/950
f 2558/1590/956 2578/1602/967 2559/1593/959
f 2551/1591/957 2571/1603/968 2552/1594/960
f 2545/1604/961 2563/1605/969 2564/1606/970
f 2674/1491/867 2559/1593/959 2578/1602/967
f 2552/1594/960 2572/1607/971 2553/1597/962
f 2546/1598/963 2564/1608/970 2565/1609/972
f 2553/1597/962 2573/1610/973 2554/1599/964
f 2547/1600/965 2565/1609/972 2566/1611/974
f 2554/1599/964 2574/1612/975 2555/1601/966
f 2548/1582/950 2566/1611/974 2567/1613/976
f 2541/1580/948 2922/1505/716 2560/1614/977
f 2555/1601/966 2575/1615/978 2556/1581/949
f 2549/1583/951 2567/1613/976 2568/1616/979
f 2542/1584/952 2560/1614/977 2561/1617/980
f 2556/1618/949 2576/1619/981 2557/1586/953
f 2550/1588/954 2568/1616/979 2569/1620/982
f 2543/1589/955 2561/1617/980 2562/1621/983
f 2557/1586/953 2577/1622/984 2558/1590/956
f 2550/1588/954 2570/1623/985 2551/1591/957
f 2544/1592/958 2562/1621/983 2563/1605/969
f 2573/1610/973 2593/1624/986 2574/1612/975
f 2567/1613/976 2585/1625/987 2586/1626/988
f 2560/1614/977 2922/1505/716 2579/1627/989
f 2574/1612/975 2594/1628/990 2575/1615/978
f 2568/1616/979 2586/1626/988 2587/1629/991
f 2561/1617/980 2579/1627/989 2580/1630/992
f 2575/1631/978 2595/1632/993 2576/1619/981
f 2569/1620/982 2587/1629/991 2588/1633/994
f 2562/1621/983 2580/1630/992 2581/1634/995
f 2576/1619/981 2596/1635/996 2577/1622/984
f 2569/1620/982 2589/1636/997 2570/1623/985
f 2563/1605/969 2581/1634/995 2582/1637/998
f 2577/1622/984 2597/1638/999 2578/1602/967
f 2570/1623/985 2590/1639/1000 2571/1603/968
f 2564/1606/970 2582/1637/998 2583/1640/1001
f 2674/1491/867 2578/1602/967 2597/1638/999
f 2571/1603/968 2591/1641/1002 2572/1607/971
f 2565/1609/972 2583/1642/1001 2584/1643/1003
f 2572/1607/971 2592/1644/1004 2573/1610/973
f 2566/1611/974 2584/1643/1003 2585/1625/987
f 2588/1645/994 2608/1646/1005 2589/1647/997
f 2582/1637/998 2600/1648/1006 2601/1649/1007
f 2596/1635/996 2616/1650/1008 2597/1638/999
f 2589/1647/997 2609/1651/1009 2590/1652/1000
f 2583/1640/1001 2601/1649/1007 2602/1653/1010
f 2674/1491/867 2597/1638/999 2616/1650/1008
f 2590/1652/1000 2610/1654/1011 2591/1655/1002
f 2584/1656/1003 2602/1653/1010 2603/1657/1012
f 2591/1655/1002 2611/1658/1013 2592/1659/1004
f 2585/1625/987 2603/1660/1012 2604/1661/1014
f 2592/1659/1004 2612/1662/1015 2593/1663/986
f 2586/1626/988 2604/1661/1014 2605/1664/1016
f 2579/1627/989 2922/1505/716 2598/1665/1017
f 2593/1666/986 2613/1667/1018 2594/1668/990
f 2587/1629/991 2605/1664/1016 2606/1669/1019
f 2580/1630/992 2598/1665/1017 2599/1670/1020
f 2594/1668/990 2614/1671/1021 2595/1632/993
f 2588/1633/994 2606/1669/1019 2607/1672/1022
f 2581/1634/995 2599/1670/1020 2600/1648/1006
f 2595/1632/993 2615/1673/1023 2596/1635/996
f 2604/1674/1014 2622/1675/1024 2623/1676/1025
f 2611/1658/1013 2631/1677/1026 2612/1662/1015
f 2605/1678/1016 2623/1676/1025 2624/1679/1027
f 2598/1665/1017 2922/1505/716 2617/1680/1028
f 2612/1681/1015 2632/1682/1029 2613/1667/1018
f 2606/1683/1019 2624/1679/1027 2625/1684/1030
f 2599/1670/1020 2617/1680/1028 2618/1685/1031
f 2613/1667/1018 2633/1686/1032 2614/1671/1021
f 2607/1687/1022 2625/1684/1030 2626/1688/1033
f 2600/1648/1006 2618/1685/1031 2619/1689/1034
f 2614/1671/1021 2634/1690/1035 2615/1673/1023
f 2607/1687/1022 2627/1691/1036 2608/1646/1005
f 2601/1649/1007 2619/1689/1034 2620/1692/1037
f 2615/1673/1023 2635/1693/1038 2616/1650/1008
f 2608/1646/1005 2628/1694/1039 2609/1651/1009
f 2602/1653/1010 2620/1692/1037 2621/1695/1040
f 2674/1491/867 2616/1650/1008 2635/1693/1038
f 2609/1651/1009 2629/1696/1041 2610/1654/1011
f 2603/1657/1012 2621/1695/1040 2622/1697/1024
f 2610/1654/1011 2630/1698/1042 2611/1658/1013
f 2619/1689/1034 2637/1699/1043 2638/1700/1044
f 2633/1686/1032 2653/1701/1045 2634/1690/1035
f 2626/1688/1033 2646/1702/1046 2627/1691/1036
f 2620/1692/1037 2638/1700/1044 2639/1703/1047
f 2634/1690/1035 2654/1704/1048 2635/1693/1038
f 2627/1691/1036 2647/1705/1049 2628/1694/1039
f 2621/1695/1040 2639/1703/1047 2640/1706/1050
f 2674/1491/867 2635/1693/1038 2654/1704/1048
f 2628/1694/1039 2648/1707/1051 2629/1696/1041
f 2622/1675/1024 2640/1708/1050 2641/1709/1052
f 2629/1696/1041 2649/1710/1053 2630/1698/1042
f 2623/1676/1025 2641/1709/1052 2642/1711/1054
f 2630/1698/1042 2650/1712/1055 2631/1677/1026
f 2624/1679/1027 2642/1711/1054 2643/1713/1056
f 2617/1680/1028 2922/1505/716 2636/1714/1057
f 2631/1715/1026 2651/1716/1058 2632/1682/1029
f 2625/1684/1030 2643/1713/1056 2644/1717/1059
f 2618/1685/1031 2636/1714/1057 2637/1699/1043
f 2632/1682/1029 2652/1718/1060 2633/1686/1032
f 2626/1688/1033 2644/1717/1059 2645/1719/1061
f 2648/1707/1051 2668/1720/1062 2649/1710/1053
f 2642/1711/1054 2660/1721/1063 2661/1722/1064
f 2649/1710/1053 2669/1723/1065 2650/1712/1055
f 2643/1713/1056 2661/1722/1064 2662/1724/1066
f 2636/1714/1057 2922/1505/716 2655/1725/1067
f 2650/1726/1055 2670/1727/1068 2651/1716/1058
f 2644/1717/1059 2662/1724/1066 2663/1728/1069
f 2637/1699/1043 2655/1725/1067 2656/1729/1070
f 2651/1716/1058 2671/1730/1071 2652/1718/1060
f 2645/1719/1061 2663/1728/1069 2664/1731/1072
f 2638/1700/1044 2656/1729/1070 2657/1732/1073
f 2652/1718/1060 2672/1733/1074 2653/1701/1045
f 2645/1719/1061 2665/1734/1075 2646/1702/1046
f 2639/1703/1047 2657/1732/1073 2658/1735/1076
f 2653/1701/1045 2673/1736/1077 2654/1704/1048
f 2646/1702/1046 2666/1737/1078 2647/1705/1049
f 2640/1706/1050 2658/1735/1076 2659/1738/1079
f 2674/1491/867 2654/1704/1048 2673/1736/1077
f 2647/1705/1049 2667/1739/1080 2648/1707/1051
f 2641/1709/1052 2659/1740/1079 2660/1721/1063
f 2664/1731/1072 2683/1741/1081 2684/1742/1082
f 2657/1732/1073 2676/1743/1083 2677/1744/1084
f 2671/1730/1071 2692/1745/1085 2672/1733/1074
f 2664/1731/1072 2685/1746/1086 2665/1734/1075
f 2658/1735/1076 2677/1744/1084 2678/1747/1087
f 2672/1733/1074 2693/1748/1088 2673/1736/1077
f 2665/1734/1075 2686/1749/1089 2666/1737/1078
f 2659/1738/1079 2678/1747/1087 2679/1750/1090
f 2674/1491/867 2673/1736/1077 2693/1748/1088
f 2666/1737/1078 2687/1751/1091 2667/1739/1080
f 2660/1721/1063 2679/1752/1090 2680/1753/1092
f 2667/1739/1080 2688/1754/1093 2668/1720/1062
f 2661/1722/1064 2680/1753/1092 2681/1755/1094
f 2668/1720/1062 2689/1756/1095 2669/1723/1065
f 2662/1724/1066 2681/1755/1094 2682/1757/1096
f 2655/1725/1067 2922/1505/716 2675/1758/1097
f 2669/1759/1065 2690/1760/1098 2670/1727/1068
f 2663/1728/1069 2682/1757/1096 2683/1741/1081
f 2656/1729/1070 2675/1758/1097 2676/1743/1083
f 2670/1727/1068 2691/1761/1099 2671/1730/1071
f 2679/1752/1090 2699/1762/1100 2680/1753/1092
f 2688/1754/1093 2706/1763/1101 2707/1764/1102
f 2680/1753/1092 2700/1765/1103 2681/1755/1094
f 2689/1756/1095 2707/1764/1102 2708/1766/1104
f 2681/1755/1094 2701/1767/1105 2682/1757/1096
f 2675/1758/1097 2922/1505/716 2694/1768/1106
f 2690/1760/1098 2708/1769/1104 2709/1770/1107
f 2682/1757/1096 2702/1771/1108 2683/1741/1081
f 2675/1758/1097 2695/1772/1109 2676/1743/1083
f 2691/1761/1099 2709/1770/1107 2710/1773/1110
f 2683/1741/1081 2703/1774/1111 2684/1742/1082
f 2676/1743/1083 2696/1775/1112 2677/1744/1084
f 2692/1745/1085 2710/1773/1110 2711/1776/1113
f 2685/1746/1086 2703/1774/1111 2704/1777/1114
f 2677/1744/1084 2697/1778/1115 2678/1747/1087
f 2693/1748/1088 2711/1776/1113 2712/1779/1116
f 2686/1749/1089 2704/1777/1114 2705/1780/1117
f 2678/1747/1087 2698/1781/1118 2679/1750/1090
f 2674/1491/867 2693/1748/1088 2712/1779/1116
f 2687/1751/1091 2705/1780/1117 2706/1763/1101
f 2694/1768/1106 2714/1782/1119 2695/1772/1109
f 2710/1773/1110 2728/1783/1120 2729/1784/1121
f 2702/1771/1108 2722/1785/1122 2703/1774/1111
f 2695/1772/1109 2715/1786/1123 2696/1775/1112
f 2711/1776/1113 2729/1784/1121 2730/1787/1124
f 2704/1777/1114 2722/1785/1122 2723/1788/1125
f 2696/1775/1112 2716/1789/1126 2697/1778/1115
f 2712/1779/1116 2730/1787/1124 2731/1790/1127
f 2705/1780/1117 2723/1788/1125 2724/1791/1128
f 2697/1778/1115 2717/1792/1129 2698/1781/1118
f 2674/1491/867 2712/1779/1116 2731/1790/1127
f 2706/1763/1101 2724/1791/1128 2725/1793/1130
f 2698/1781/1118 2718/1794/1131 2699/1795/1100
f 2707/1764/1102 2725/1793/1130 2726/1796/1132
f 2699/1762/1100 2719/1797/1133 2700/1765/1103
f 2708/1766/1104 2726/1796/1132 2727/1798/1134
f 2700/1765/1103 2720/1799/1135 2701/1767/1105
f 2694/1768/1106 2922/1505/716 2713/1800/1136
f 2709/1770/1107 2727/1801/1134 2728/1783/1120
f 2701/1767/1105 2721/1802/1137 2702/1771/1108
f 2674/1491/867 2731/1790/1127 2750/1803/1138
f 2725/1793/1130 2743/1804/1139 2744/1805/1140
f 2717/1792/1129 2737/1806/1141 2718/1794/1131
f 2726/1796/1132 2744/1805/1140 2745/1807/1142
f 2718/1808/1131 2738/1809/1143 2719/1797/1133
f 2727/1798/1134 2745/1807/1142 2746/1810/1144
f 2719/1797/1133 2739/1811/1145 2720/1799/1135
f 2713/1800/1136 2922/1505/716 2732/1812/1146
f 2728/1783/1120 2746/1813/1144 2747/1814/1147
f 2720/1799/1135 2740/1815/1148 2721/1802/1137
f 2713/1800/1136 2733/1816/1149 2714/1782/1119
f 2729/1784/1121 2747/1814/1147 2748/1817/1150
f 2721/1802/1137 2741/1818/1151 2722/1785/1122
f 2714/1782/1119 2734/1819/1152 2715/1786/1123
f 2730/1787/1124 2748/1817/1150 2749/1820/1153
f 2723/1788/1125 2741/1818/1151 2742/1821/1154
f 2715/1786/1123 2735/1822/1155 2716/1789/1126
f 2731/1790/1127 2749/1820/1153 2750/1803/1138
f 2724/1791/1128 2742/1821/1154 2743/1804/1139
f 2716/1789/1126 2736/1823/1156 2717/1792/1129
f 2747/1814/1147 2765/1824/1157 2766/1825/1158
f 2739/1826/1145 2759/1827/1159 2740/1828/1148
f 2732/1812/1146 2752/1829/1160 2733/1816/1149
f 2748/1817/1150 2766/1825/1158 2767/1830/1161
f 2740/1815/1148 2760/1831/1162 2741/1818/1151
f 2733/1816/1149 2753/1832/1163 2734/1819/1152
f 2749/1820/1153 2767/1830/1161 2768/1833/1164
f 2742/1821/1154 2760/1831/1162 2761/1834/1165
f 2734/1819/1152 2754/1835/1166 2735/1822/1155
f 2750/1803/1138 2768/1833/1164 2769/1836/1167
f 2743/1804/1139 2761/1834/1165 2762/1837/1168
f 2735/1822/1155 2755/1838/1169 2736/1823/1156
f 2674/1491/867 2750/1803/1138 2769/1836/1167
f 2744/1805/1140 2762/1837/1168 2763/1839/1170
f 2736/1823/1156 2756/1840/1171 2737/1806/1141
f 2745/1807/1142 2763/1839/1170 2764/1841/1172
f 2737/1842/1141 2757/1843/1173 2738/1844/1143
f 2746/1810/1144 2764/1841/1172 2765/1845/1157
f 2738/1844/1143 2758/1846/1174 2739/1826/1145
f 2732/1812/1146 2922/1505/716 2751/1847/1175
f 2762/1848/1168 2780/1849/1176 2781/1850/1177
f 2754/1835/1166 2774/1851/1178 2755/1838/1169
f 2674/1491/867 2769/1836/1167 2788/1852/1179
f 2763/1853/1170 2781/1850/1177 2782/1854/1180
f 2755/1855/1169 2775/1856/1181 2756/1857/1171
f 2764/1858/1172 2782/1854/1180 2783/1859/1182
f 2756/1857/1171 2776/1860/1183 2757/1843/1173
f 2765/1861/1157 2783/1859/1182 2784/1862/1184
f 2757/1843/1173 2777/1863/1185 2758/1846/1174
f 2751/1847/1175 2922/1505/716 2770/1864/1186
f 2766/1825/1158 2784/1865/1184 2785/1866/1187
f 2758/1846/1174 2778/1867/1188 2759/1827/1159
f 2751/1847/1175 2771/1868/1189 2752/1829/1160
f 2767/1830/1161 2785/1866/1187 2786/1869/1190
f 2759/1827/1159 2779/1870/1191 2760/1871/1162
f 2752/1829/1160 2772/1872/1192 2753/1832/1163
f 2768/1833/1164 2786/1869/1190 2787/1873/1193
f 2761/1874/1165 2779/1870/1191 2780/1849/1176
f 2753/1832/1163 2773/1875/1194 2754/1835/1166
f 2769/1836/1167 2787/1873/1193 2788/1852/1179
f 2776/1860/1183 2796/1876/1195 2777/1863/1185
f 2770/1864/1186 2922/1505/716 2789/1877/1196
f 2785/1866/1187 2803/1878/1197 2804/1879/1198
f 2777/1863/1185 2797/1880/1199 2778/1867/1188
f 2770/1864/1186 2790/1881/1200 2771/1868/1189
f 2786/1869/1190 2804/1879/1198 2805/1882/1201
f 2778/1867/1188 2798/1883/1202 2779/1870/1191
f 2771/1868/1189 2791/1884/1203 2772/1872/1192
f 2787/1873/1193 2805/1882/1201 2806/1885/1204
f 2780/1849/1176 2798/1883/1202 2799/1886/1205
f 2772/1872/1192 2792/1887/1206 2773/1875/1194
f 2788/1852/1179 2806/1885/1204 2807/1888/1207
f 2781/1850/1177 2799/1886/1205 2800/1889/1208
f 2773/1890/1194 2793/1891/1209 2774/1892/1178
f 2674/1491/867 2788/1852/1179 2807/1888/1207
f 2782/1854/1180 2800/1889/1208 2801/1893/1210
f 2774/1892/1178 2794/1894/1211 2775/1856/1181
f 2783/1859/1182 2801/1893/1210 2802/1895/1212
f 2775/1856/1181 2795/1896/1213 2776/1860/1183
f 2784/1862/1184 2802/1895/1212 2803/1897/1197
f 2791/1884/1203 2811/1898/1214 2792/1887/1206
f 2807/1888/1207 2825/1899/1215 2826/1900/1216
f 2800/1889/1208 2818/1901/1217 2819/1902/1218
f 2792/1903/1206 2812/1904/1219 2793/1891/1209
f 2674/1491/867 2807/1888/1207 2826/1900/1216
f 2801/1893/1210 2819/1902/1218 2820/1905/1220
f 2793/1891/1209 2813/1906/1221 2794/1894/1211
f 2802/1895/1212 2820/1905/1220 2821/1907/1222
f 2794/1894/1211 2814/1908/1223 2795/1896/1213
f 2803/1897/1197 2821/1907/1222 2822/1909/1224
f 2795/1896/1213 2815/1910/1225 2796/1876/1195
f 2789/1877/1196 2922/1505/716 2808/1911/1226
f 2804/1912/1198 2822/1909/1224 2823/1913/1227
f 2796/1876/1195 2816/1914/1228 2797/1880/1199
f 2789/1877/1196 2809/1915/1229 2790/1881/1200
f 2805/1882/1201 2823/1916/1227 2824/1917/1230
f 2797/1880/1199 2817/1918/1231 2798/1883/1202
f 2790/1881/1200 2810/1919/1232 2791/1884/1203
f 2806/1885/1204 2824/1917/1230 2825/1899/1215
f 2799/1886/1205 2817/1918/1231 2818/1901/1217
f 2822/1909/1224 2840/1920/1233 2841/1921/1234
f 2814/1908/1223 2834/1922/1235 2815/1910/1225
f 2808/1911/1226 2922/1505/716 2827/1923/1236
f 2823/1913/1227 2841/1921/1234 2842/1924/1237
f 2815/1910/1225 2835/1925/1238 2816/1914/1228
f 2808/1911/1226 2828/1926/1239 2809/1915/1229
f 2824/1917/1230 2842/1927/1237 2843/1928/1240
f 2816/1914/1228 2836/1929/1241 2817/1918/1231
f 2809/1915/1229 2829/1930/1242 2810/1919/1232
f 2825/1899/1215 2843/1928/1240 2844/1931/1243
f 2818/1901/1217 2836/1929/1241 2837/1932/1244
f 2810/1919/1232 2830/1933/1245 2811/1898/1214
f 2826/1900/1216 2844/1931/1243 2845/1934/1246
f 2819/1902/1218 2837/1932/1244 2838/1935/1247
f 2811/1936/1214 2831/1937/1248 2812/1904/1219
f 2674/1491/867 2826/1900/1216 2845/1934/1246
f 2820/1905/1220 2838/1935/1247 2839/1938/1249
f 2812/1904/1219 2832/1939/1250 2813/1906/1221
f 2821/1907/1222 2839/1938/1249 2840/1920/1233
f 2813/1906/1221 2833/1940/1251 2814/1908/1223
f 2837/1932/1244 2855/1941/1252 2856/1942/1253
f 2829/1943/1242 2849/1944/1254 2830/1945/1245
f 2845/1934/1246 2863/1946/1255 2864/1947/1256
f 2838/1935/1247 2856/1942/1253 2857/1948/1257
f 2830/1945/1245 2850/1949/1258 2831/1937/1248
f 2674/1491/867 2845/1934/1246 2864/1947/1256
f 2839/1938/1249 2857/1948/1257 2858/1950/1259
f 2831/1937/1248 2851/1951/1260 2832/1939/1250
f 2840/1920/1233 2858/1950/1259 2859/1952/1261
f 2832/1939/1250 2852/1953/1262 2833/1940/1251
f 2841/1921/1234 2859/1952/1261 2860/1954/1263
f 2833/1940/1251 2853/1955/1264 2834/1922/1235
f 2827/1923/1236 2922/1505/716 2846/1956/1265
f 2842/1924/1237 2860/1954/1263 2861/1957/1266
f 2834/1922/1235 2854/1958/1267 2835/1925/1238
f 2827/1923/1236 2847/1959/1268 2828/1926/1239
f 2843/1928/1240 2861/1960/1266 2862/1961/1269
f 2835/1925/1238 2855/1941/1252 2836/1929/1241
f 2828/1926/1239 2848/1962/1270 2829/1930/1242
f 2844/1931/1243 2862/1961/1269 2863/1946/1255
f 2851/1951/1260 2871/1963/1271 2852/1953/1262
f 2860/1954/1263 2878/1964/1272 2879/1965/1273
f 2852/1953/1262 2872/1966/1274 2853/1955/1264
f 2846/1956/1265 2922/1505/716 2865/1967/1275
f 2861/1957/1266 2879/1965/1273 2880/1968/1276
f 2853/1955/1264 2873/1969/1277 2854/1958/1267
f 2846/1956/1265 2866/1970/1278 2847/1959/1268
f 2862/1961/1269 2880/1971/1276 2881/1972/1279
f 2854/1958/1267 2874/1973/1280 2855/1941/1252
f 2847/1959/1268 2867/1974/1281 2848/1962/1270
f 2863/1946/1255 2881/1972/1279 2882/1975/1282
f 2856/1942/1253 2874/1973/1280 2875/1976/1283
f 2848/1977/1270 2868/1978/1284 2849/1944/1254
f 2864/1947/1256 2882/1975/1282 2883/1979/1285
f 2857/1948/1257 2875/1976/1283 2876/1980/1286
f 2849/1944/1254 2869/1981/1287 2850/1949/1258
f 2674/1491/867 2864/1947/1256 2883/1979/1285
f 2858/1950/1259 2876/1980/1286 2877/1982/1288
f 2850/1949/1258 2870/1983/1289 2851/1951/1260
f 2859/1952/1261 2877/1982/1288 2878/1964/1272
f 2866/1970/1278 2886/1984/1290 2867/1974/1281
f 2882/1975/1282 2900/1985/1291 2901/1986/1292
f 2875/1976/1283 2893/1987/1293 2894/1988/1294
f 2867/1989/1281 2887/1990/1295 2868/1978/1284
f 2883/1979/1285 2901/1986/1292 2902/1991/1296
f 2876/1980/1286 2894/1988/1294 2895/1992/1297
f 2868/1978/1284 2888/1993/1298 2869/1981/1287
f 2674/1491/867 2883/1979/1285 2902/1991/1296
f 2877/1982/1288 2895/1992/1297 2896/1994/1299
f 2869/1981/1287 2889/1995/1300 2870/1983/1289
f 2878/1964/1272 2896/1994/1299 2897/1996/1301
f 2870/1983/1289 2890/1997/1302 2871/1963/1271
f 2879/1965/1273 2897/1996/1301 2898/1998/1303
f 2871/1963/1271 2891/1999/1304 2872/1966/1274
f 2865/1967/1275 2922/1505/716 2884/2000/1305
f 2880/1968/1276 2898/1998/1303 2899/2001/1306
f 2872/1966/1274 2892/2002/1307 2873/1969/1277
f 2865/1967/1275 2885/2003/1308 2866/1970/1278
f 2881/1972/1279 2899/2004/1306 2900/1985/1291
f 2873/1969/1277 2893/1987/1293 2874/1973/1280
f 2897/1996/1301 2915/2005/1309 2916/2006/1310
f 2889/1995/1300 2909/2007/1311 2890/1997/1302
f 2898/1998/1303 2916/2006/1310 2917/2008/1312
f 2890/1997/1302 2910/2009/1313 2891/1999/1304
f 2884/2000/1305 2922/1505/716 2903/2010/1314
f 2899/2001/1306 2917/2008/1312 2918/2011/1315
f 2891/1999/1304 2911/2012/1316 2892/2002/1307
f 2884/2000/1305 2904/2013/1317 2885/2003/1308
f 2900/1985/1291 2918/2014/1315 2919/2015/1318
f 2892/2002/1307 2912/2016/408 2893/1987/1293
f 2885/2003/1308 2905/2017/1319 2886/1984/1290
f 2901/1986/1292 2919/2015/1318 2920/2018/1320
f 2894/1988/1294 2912/2016/408 2913/2019/1321
f 2886/2020/1290 2906/2021/1322 2887/1990/1295
f 2902/1991/1296 2920/2018/1320 2921/2022/1323
f 2895/1992/1297 2913/2019/1321 2914/2023/1324
f 2887/1990/1295 2907/2024/1325 2888/1993/1298
f 2674/1491/867 2902/1991/1296 2921/2022/1323
f 2896/1994/1299 2914/2023/1324 2915/2005/1309
f 2888/1993/1298 2908/2025/1326 2889/1995/1300
f 2918/2014/1315 2939/2026/1327 2919/2015/1318
f 2912/2016/408 2931/2027/1328 2932/2028/1329
f 2905/2017/1319 2924/2029/1330 2925/2030/1331
f 2919/2015/1318 2940/2031/1332 2920/2018/1320
f 2912/2016/408 2933/2032/1333 2913/2019/1321
f 2906/2021/1322 2925/2033/1331 2926/2034/1334
f 2920/2018/1320 2941/2035/1335 2921/2022/1323
f 2913/2019/1321 2934/2036/1336 2914/2023/1324
f 2907/2024/1325 2926/2034/1334 2927/2037/1337
f 2674/1491/867 2921/2022/1323 2941/2035/1335
f 2914/2023/1324 2935/2038/1338 2915/2005/1309
f 2908/2025/1326 2927/2037/1337 2928/2039/1339
f 2915/2005/1309 2936/2040/1340 2916/2006/1310
f 2909/2007/1311 2928/2039/1339 2929/2041/1341
f 2916/2006/1310 2937/2042/1342 2917/2008/1312
f 2910/2009/1313 2929/2041/1341 2930/2043/1343
f 2903/2010/1314 2922/1505/716 2923/2044/1344
f 2917/2008/1312 2938/2045/1345 2918/2011/1315
f 2911/2012/1316 2930/2043/1343 2931/2027/1328
f 2904/2013/1317 2923/2044/1344 2924/2029/1330
f 2934/2036/1336 2954/2046/1346 2935/2038/1338
f 2928/2039/1339 2946/2047/1347 2947/2048/1348
f 2935/2038/1338 2955/2049/1349 2936/2040/1340
f 2929/2041/1341 2947/2048/1348 2948/2050/1350
f 2936/2040/1340 2956/2051/1351 2937/2042/1342
f 2930/2043/1343 2948/2050/1350 2949/2052/1352
f 2923/2044/1344 2922/1505/716 2942/2053/1353
f 2937/2042/1342 2957/2054/1354 2938/2045/1345
f 2931/2027/1328 2949/2052/1352 2950/2055/1355
f 2924/2029/1330 2942/2053/1353 2943/2056/1356
f 2938/2057/1345 2958/2058/1357 2939/2026/1327
f 2932/2028/1329 2950/2055/1355 2951/2059/1358
f 2925/2030/1331 2943/2056/1356 2944/2060/1359
f 2939/2026/1327 2959/2061/1360 2940/2031/1332
f 2932/2028/1329 2952/2062/1361 2933/2032/1333
f 2926/2034/1334 2944/2063/1359 2945/2064/1362
f 2940/2031/1332 2960/2065/1363 2941/2035/1335
f 2933/2032/1333 2953/2066/1364 2934/2036/1336
f 2927/2037/1337 2945/2064/1362 2946/2047/1347
f 2674/1491/867 2941/2035/1335 2960/2065/1363
f 2950/2055/1355 2968/2067/1365 2969/2068/1366
f 2943/2056/1356 2961/2069/1367 2962/2070/1368
f 2957/2071/1354 2977/2072/1369 2958/2058/1357
f 2951/2059/1358 2969/2068/1366 2970/2073/1370
f 2944/2060/1359 2962/2070/1368 2963/2074/1371
f 2958/2058/1357 2978/2075/1372 2959/2061/1360
f 2951/2059/1358 2971/2076/1373 2952/2062/1361
f 2945/2064/1362 2963/2077/1371 2964/2078/1374
f 2959/2061/1360 2979/2079/1375 2960/2065/1363
f 2952/2062/1361 2972/2080/1376 2953/2066/1364
f 2946/2047/1347 2964/2078/1374 2965/2081/1377
f 2674/1491/867 2960/2065/1363 2979/2079/1375
f 2953/2066/1364 2973/2082/1378 2954/2046/1346
f 2947/2048/1348 2965/2081/1377 2966/2083/1379
f 2954/2046/1346 2974/2084/1380 2955/2049/1349
f 2948/2050/1350 2966/2083/1379 2967/2085/1381
f 2955/2049/1349 2975/2086/1382 2956/2051/1351
f 2949/2052/1352 2967/2085/1381 2968/2067/1365
f 2942/2053/1353 2922/1505/716 2961/2069/1367
f 2956/2051/1351 2976/2087/1383 2957/2054/1354
f 2965/2081/1377 2983/2088/1384 2984/2089/1385
f 2674/1491/867 2979/2079/1375 2998/2090/1386
f 2972/2080/1376 2992/2091/1387 2973/2082/1378
f 2966/2083/1379 2984/2089/1385 2985/2092/1388
f 2973/2082/1378 2993/2093/1389 2974/2084/1380
f 2967/2085/1381 2985/2092/1388 2986/2094/1390
f 2974/2084/1380 2994/2095/1391 2975/2086/1382
f 2968/2067/1365 2986/2094/1390 2987/2096/1392
f 2961/2069/1367 2922/1505/716 2980/2097/1393
f 2975/2086/1382 2995/2098/1394 2976/2087/1383
f 2969/2068/1366 2987/2096/1392 2988/2099/1395
f 2962/2070/1368 2980/2097/1393 2981/2100/1396
f 2976/2101/1383 2996/2102/1397 2977/2072/1369
f 2970/2073/1370 2988/2099/1395 2989/2103/1398
f 2963/2074/1371 2981/2100/1396 2982/2104/1399
f 2977/2072/1369 2997/2105/1400 2978/2075/1372
f 2970/2073/1370 2990/2106/1401 2971/2076/1373
f 2964/2078/1374 2982/2107/1399 2983/2088/1384
f 2978/2075/1372 2998/2090/1386 2979/2079/1375
f 2971/2076/1373 2991/2108/1402 2972/2080/1376
f 2980/2097/1393 2922/1505/716 2999/2109/1403
f 2994/2095/1391 3014/2110/1404 2995/2098/1394
f 2988/2099/1395 3006/2111/1405 3007/2112/1406
f 2981/2100/1396 2999/2109/1403 3000/2113/1407
f 2995/2114/1394 3015/2115/1408 2996/2102/1397
f 2989/2103/1398 3007/2112/1406 3008/2116/1409
f 2982/2104/1399 3000/2113/1407 3001/2117/1410
f 2996/2102/1397 3016/2118/1411 2997/2105/1400
f 2989/2103/1398 3009/2119/1412 2990/2106/1401
f 2983/2120/1384 3001/2117/1410 3002/2121/1413
f 2997/2105/1400 3017/2122/1414 2998/2090/1386
f 2990/2106/1401 3010/2123/1415 2991/2108/1402
f 2984/2089/1385 3002/2124/1413 3003/2125/1416
f 2674/1491/867 2998/2090/1386 3017/2122/1414
f 2991/2108/1402 3011/2126/1417 2992/2091/1387
f 2985/2092/1388 3003/2125/1416 3004/2127/1418
f 2992/2091/1387 3012/2128/1419 2993/2093/1389
f 2986/2094/1390 3004/2127/1418 3005/2129/1420
f 2993/2093/1389 3013/2130/1421 2994/2095/1391
f 2987/2096/1392 3005/2129/1420 3006/2111/1405
f 3009/2119/1412 3029/2131/1422 3010/2123/1415
f 3003/2125/1416 3021/2132/1423 3022/2133/1424
f 2674/1491/867 3017/2122/1414 3036/2134/1425
f 3010/2123/1415 3030/2135/1426 3011/2126/1417
f 3004/2127/1418 3022/2133/1424 3023/2136/1427
f 3011/2126/1417 3031/2137/1428 3012/2128/1419
f 3005/2129/1420 3023/2136/1427 3024/2138/1429
f 3012/2128/1419 3032/2139/1430 3013/2130/1421
f 3006/2111/1405 3024/2138/1429 3025/2140/1431
f 2999/2109/1403 2922/1505/716 3018/2141/1432
f 3013/2142/1421 3033/2143/1433 3014/2144/1404
f 3007/2112/1406 3025/2140/1431 3026/2145/1434
f 3000/2113/1407 3018/2141/1432 3019/2146/1435
f 3014/2144/1404 3034/2147/1436 3015/2115/1408
f 3008/2116/1409 3026/2145/1434 3027/2148/1437
f 3001/2117/1410 3019/2146/1435 3020/2149/1438
f 3015/2115/1408 3035/2150/1439 3016/2118/1411
f 3008/2116/1409 3028/2151/1440 3009/2119/1412
f 3002/2121/1413 3020/2149/1438 3021/2152/1423
f 3016/2118/1411 3036/2134/1425 3017/2122/1414
f 3025/2140/1431 3043/2153/1441 3044/2154/1442
f 3018/2141/1432 2922/1505/716 3037/2155/1443
f 3032/2156/1430 3052/2157/1444 3033/2143/1433
f 3026/2145/1434 3044/2154/1442 3045/2158/1445
f 3019/2146/1435 3037/2155/1443 3038/2159/1446
f 3033/2143/1433 3053/2160/1447 3034/2147/1436
f 3027/2148/1437 3045/2158/1445 3046/2161/1448
f 3020/2149/1438 3038/2159/1446 3039/2162/1449
f 3034/2147/1436 3054/2163/1450 3035/2150/1439
f 3027/2148/1437 3047/2164/1451 3028/2151/1440
f 3021/2152/1423 3039/2162/1449 3040/2165/1452
f 3035/2150/1439 3055/2166/1453 3036/2134/1425
f 3028/2151/1440 3048/2167/1454 3029/2131/1422
f 3022/2133/1424 3040/2168/1452 3041/2169/1455
f 2674/1491/867 3036/2134/1425 3055/2166/1453
f 3029/2131/1422 3049/2170/1456 3030/2135/1426
f 3023/2136/1427 3041/2169/1455 3042/2171/1457
f 3030/2135/1426 3050/2172/1458 3031/2137/1428
f 3024/2138/1429 3042/2171/1457 3043/2153/1441
f 3031/2137/1428 3051/2173/1459 3032/2139/1430
f 3040/2165/1452 3058/2174/1460 3059/2175/1461
f 3054/2163/1450 3074/2176/1462 3055/2166/1453
f 3047/2164/1451 3067/2177/1463 3048/2167/1454
f 3041/2178/1455 3059/2175/1461 3060/2179/1464
f 2674/1491/867 3055/2166/1453 3074/2176/1462
f 3048/2167/1454 3068/2180/1465 3049/2170/1456
f 3042/2181/1457 3060/2182/1464 3061/2183/1466
f 3049/2170/1456 3069/2184/1467 3050/2172/1458
f 3043/2185/1441 3061/2183/1466 3062/2186/1468
f 3050/2187/1458 3070/2188/1469 3051/2189/1459
f 3044/2190/1442 3062/2186/1468 3063/2191/1470
f 3037/2155/1443 2922/1505/716 3056/2192/1471
f 3051/2189/1459 3071/2193/1472 3052/2157/1444
f 3045/2194/1445 3063/2191/1470 3064/2195/1473
f 3038/2159/1446 3056/2192/1471 3057/2196/1474
f 3052/2157/1444 3072/2197/1475 3053/2160/1447
f 3046/2198/1448 3064/2195/1473 3065/2199/1476
f 3039/2162/1449 3057/2196/1474 3058/2174/1460
f 3053/2160/1447 3073/2200/1477 3054/2163/1450
f 3046/2161/1448 3066/2201/1478 3047/2164/1451
f 3069/2202/1467 3089/2203/1479 3070/2188/1469
f 3063/2191/1470 3081/2204/1480 3082/2205/1481
f 3056/2192/1471 2922/1505/716 3075/2206/1482
f 3070/2188/1469 3090/2207/1483 3071/2193/1472
f 3064/2195/1473 3082/2205/1481 3083/2208/1484
f 3057/2196/1474 3075/2206/1482 3076/2209/1485
f 3071/2193/1472 3091/2210/1486 3072/2197/1475
f 3065/2199/1476 3083/2208/1484 3084/2211/1487
f 3058/2174/1460 3076/2209/1485 3077/2212/1488
f 3072/2197/1475 3092/2213/1489 3073/2200/1477
f 3065/2199/1476 3085/2214/1490 3066/2215/1478
f 3059/2175/1461 3077/2212/1488 3078/2216/1491
f 3073/2200/1477 3093/2217/1492 3074/2176/1462
f 3066/2215/1478 3086/2218/1493 3067/2219/1463
f 3060/2179/1464 3078/2216/1491 3079/2220/1494
f 2674/1491/867 3074/2176/1462 3093/2217/1492
f 3067/2219/1463 3087/2221/1495 3068/2222/1465
f 3061/2183/1466 3079/2223/1494 3080/2224/1496
f 3068/2222/1465 3088/2225/1497 3069/2226/1467
f 3062/2186/1468 3080/2224/1496 3081/2204/1480
f 3091/2210/1486 3111/2227/1498 3092/2213/1489
f 3084/2211/1487 3104/2228/1499 3085/2214/1490
f 3078/2216/1491 3096/2229/1500 3097/2230/1501
f 3092/2213/1489 3112/2231/1502 3093/2217/1492
f 3085/2214/1490 3105/2232/1503 3086/2218/1493
f 3079/2220/1494 3097/2230/1501 3098/2233/1504
f 2674/1491/867 3093/2217/1492 3112/2231/1502
f 3086/2218/1493 3106/2234/1505 3087/2221/1495
f 3080/2224/1496 3098/2235/1504 3099/2236/1506
f 3087/2221/1495 3107/2237/1507 3088/2225/1497
f 3081/2204/1480 3099/2236/1506 3100/2238/1508
f 3088/2225/1497 3108/2239/1509 3089/2240/1479
f 3082/2205/1481 3100/2238/1508 3101/2241/1510
f 3075/2206/1482 2922/1505/716 3094/2242/1511
f 3089/2203/1479 3109/2243/1512 3090/2207/1483
f 3083/2208/1484 3101/2241/1510 3102/2244/1513
f 3076/2209/1485 3094/2242/1511 3095/2245/1514
f 3090/2207/1483 3110/2246/1515 3091/2210/1486
f 3084/2211/1487 3102/2244/1513 3103/2247/1516
f 3077/2212/1488 3095/2245/1514 3096/2229/1500
f 3106/2234/1505 3126/2248/1517 3107/2237/1507
f 3100/2238/1508 3118/2249/1518 3119/2250/1519
f 3107/2237/1507 3127/2251/1520 3108/2239/1509
f 3101/2241/1510 3119/2250/1519 3120/2252/1521
f 3094/2242/1511 2922/1505/716 3113/2253/1522
f 3108/2254/1509 3128/2255/1523 3109/2243/1512
f 3102/2244/1513 3120/2252/1521 3121/2256/1524
f 3095/2245/1514 3113/2253/1522 3114/2257/1525
f 3109/2243/1512 3129/2258/1526 3110/2246/1515
f 3103/2247/1516 3121/2256/1524 3122/2259/1527
f 3096/2229/1500 3114/2257/1525 3115/2260/1528
f 3110/2246/1515 3130/2261/1529 3111/2227/1498
f 3103/2247/1516 3123/2262/1530 3104/2228/1499
f 3097/2230/1501 3115/2260/1528 3116/2263/1531
f 3111/2227/1498 3131/2264/1532 3112/2231/1502
f 3104/2228/1499 3124/2265/1533 3105/2232/1503
f 3098/2233/1504 3116/2263/1531 3117/2266/1534
f 2674/1491/867 3112/2231/1502 3131/2264/1532
f 3105/2232/1503 3125/2267/1535 3106/2234/1505
f 3099/2236/1506 3117/2268/1534 3118/2249/1518
f 3122/2259/1527 3140/2269/1536 3141/2270/1537
f 3115/2260/1528 3133/2271/1538 3134/2272/1539
f 3129/2258/1526 3149/2273/1540 3130/2261/1529
f 3122/2259/1527 3142/2274/1541 3123/2262/1530
f 3116/2263/1531 3134/2272/1539 3135/2275/1542
f 3130/2261/1529 3150/2276/1543 3131/2264/1532
f 3123/2262/1530 3143/2277/1544 3124/2265/1533
f 3117/2266/1534 3135/2275/1542 3136/2278/1545
f 2674/1491/867 3131/2264/1532 3150/2276/1543
f 3124/2265/1533 3144/2279/1546 3125/2267/1535
f 3118/2249/1518 3136/2280/1545 3137/2281/1547
f 3125/2267/1535 3145/2282/1548 3126/2248/1517
f 3119/2250/1519 3137/2281/1547 3138/2283/1549
f 3126/2248/1517 3146/2284/1550 3127/2251/1520
f 3120/2252/1521 3138/2283/1549 3139/2285/1551
f 3113/2253/1522 2922/1505/716 3132/2286/1552
f 3127/2287/1520 3147/2288/1553 3128/2255/1523
f 3121/2256/1524 3139/2285/1551 3140/2269/1536
f 3114/2257/1525 3132/2286/1552 3133/2271/1538
f 3128/2255/1523 3148/2289/1554 3129/2258/1526
f 3136/2280/1545 3156/2290/1555 3137/2281/1547
f 3145/2282/1548 3163/2291/1556 3164/2292/1557
f 3137/2281/1547 3157/2293/1558 3138/2283/1549
f 3146/2284/1550 3164/2292/1557 3165/2294/1559
f 3138/2283/1549 3158/2295/1560 3139/2285/1551
f 3132/2286/1552 2922/1505/716 3151/2296/1561
f 3147/2288/1553 3165/2297/1559 3166/2298/1562
f 3139/2285/1551 3159/2299/1563 3140/2269/1536
f 3132/2286/1552 3152/2300/1564 3133/2271/1538
f 3148/2289/1554 3166/2298/1562 3167/2301/1565
f 3140/2269/1536 3160/2302/1566 3141/2270/1537
f 3133/2271/1538 3153/2303/1567 3134/2272/1539
f 3149/2273/1540 3167/2301/1565 3168/2304/1568
f 3142/2274/1541 3160/2302/1566 3161/2305/1569
f 3134/2272/1539 3154/2306/1570 3135/2275/1542
f 3150/2276/1543 3168/2304/1568 3169/2307/1571
f 3143/2277/1544 3161/2305/1569 3162/2308/1572
f 3135/2275/1542 3155/2309/1573 3136/2278/1545
f 2674/1491/867 3150/2276/1543 3169/2307/1571
f 3144/2279/1546 3162/2308/1572 3163/2291/1556
f 3151/2296/1561 3171/2310/1574 3152/2300/1564
f 3167/2301/1565 3185/2311/1575 3186/2312/1576
f 3159/2299/1563 3179/2313/1577 3160/2302/1566
f 3152/2300/1564 3172/2314/1578 3153/2303/1567
f 3168/2304/1568 3186/2312/1576 3187/2315/1579
f 3161/2305/1569 3179/2313/1577 3180/2316/1580
f 3153/2303/1567 3173/2317/1581 3154/2306/1570
f 3169/2307/1571 3187/2315/1579 3188/2318/1582
f 3162/2308/1572 3180/2316/1580 3181/2319/1583
f 3154/2306/1570 3174/2320/1584 3155/2309/1573
f 2674/1491/867 3169/2307/1571 3188/2318/1582
f 3163/2291/1556 3181/2319/1583 3182/2321/1585
f 3155/2322/1573 3175/2323/1586 3156/2290/1555
f 3164/2292/1557 3182/2321/1585 3183/2324/1587
f 3156/2290/1555 3176/2325/1588 3157/2293/1558
f 3165/2297/1559 3183/2326/1587 3184/2327/1589
f 3157/2293/1558 3177/2328/1590 3158/2295/1560
f 3151/2296/1561 2922/1505/716 3170/2329/1591
f 3166/2298/1562 3184/2327/1589 3185/2311/1575
f 3158/2295/1560 3178/2330/1592 3159/2299/1563
f 3182/2321/1585 3200/2331/1593 3201/2332/1594
f 3174/2333/1584 3194/2334/1595 3175/2323/1586
f 3183/2324/1587 3201/2332/1594 3202/2335/1596
f 3175/2323/1586 3195/2336/1597 3176/2325/1588
f 3184/2327/1589 3202/2337/1596 3203/2338/1598
f 3176/2325/1588 3196/2339/1599 3177/2328/1590
f 3170/2329/1591 2922/1505/716 3189/2340/1600
f 3185/2311/1575 3203/2338/1598 3204/2341/1601
f 3177/2328/1590 3197/2342/1602 3178/2330/1592
f 3170/2329/1591 3190/2343/1603 3171/2310/1574
f 3186/2312/1576 3204/2341/1601 3205/2344/1604
f 3178/2330/1592 3198/2345/1605 3179/2313/1577
f 3171/2310/1574 3191/2346/1606 3172/2314/1578
f 3187/2315/1579 3205/2344/1604 3206/2347/1607
f 3180/2316/1580 3198/2345/1605 3199/2348/1608
f 3172/2314/1578 3192/2349/1609 3173/2317/1581
f 3188/2318/1582 3206/2347/1607 3207/2350/1610
f 3181/2319/1583 3199/2348/1608 3200/2331/1593
f 3173/2317/1581 3193/2351/1611 3174/2320/1584
f 2674/1491/867 3188/2318/1582 3207/2350/1610
f 3196/2339/1599 3216/2352/1612 3197/2342/1602
f 3189/2340/1600 3209/2353/1613 3190/2343/1603
f 3205/2344/1604 3223/2354/1614 3224/2355/1615
f 3197/2342/1602 3217/2356/1616 3198/2345/1605
f 3190/2343/1603 3210/2357/1617 3191/2346/1606
f 3206/2347/1607 3224/2355/1615 3225/2358/1618
f 3199/2348/1608 3217/2356/1616 3218/2359/1619
f 3191/2346/1606 3211/2360/1620 3192/2349/1609
f 3207/2350/1610 3225/2358/1618 3226/2361/1621
f 3200/2362/1593 3218/2363/1619 3219/2364/1622
f 3192/2349/1609 3212/2365/1623 3193/2351/1611
f 2674/1491/867 3207/2350/1610 3226/2361/1621
f 3201/2366/1594 3219/2364/1622 3220/2367/1624
f 3193/2368/1611 3213/2369/1625 3194/2334/1595
f 3202/2370/1596 3220/2367/1624 3221/2371/1626
f 3194/2334/1595 3214/2372/1627 3195/2336/1597
f 3203/2338/1598 3221/2373/1626 3222/2374/1628
f 3195/2336/1597 3215/2375/1629 3196/2339/1599
f 3189/2340/1600 2922/1505/716 3208/2376/1630
f 3204/2341/1601 3222/2374/1628 3223/2354/1614
f 3211/2360/1620 3231/2377/1631 3212/2365/1623
f 3220/2367/1624 3238/2378/1632 3239/2379/1633
f 3212/2380/1623 3232/2381/1634 3213/2382/1625
f 3221/2371/1626 3239/2379/1633 3240/2383/1635
f 3213/2382/1625 3233/2384/1636 3214/2385/1627
f 3222/2386/1628 3240/2383/1635 3241/2387/1637
f 3214/2385/1627 3234/2388/1638 3215/2389/1629
f 3208/2376/1630 2922/1505/716 3227/2390/1639
f 3223/2354/1614 3241/2391/1637 3242/2392/1640
f 3215/2389/1629 3235/2393/1641 3216/2394/1612
f 3208/2376/1630 3228/2395/1642 3209/2353/1613
f 3224/2355/1615 3242/2392/1640 3243/2396/1643
f 3216/2394/1612 3236/2397/1644 3217/2398/1616
f 3209/2353/1613 3229/2399/1645 3210/2357/1617
f 2674/1491/867 3226/2361/1621 3245/2400/1646
f 3225/2358/1618 3243/2396/1643 3244/2401/1647
f 3218/2363/1619 3236/2397/1644 3237/2402/1648
f 3210/2357/1617 3230/2403/1649 3211/2360/1620
f 3226/2361/1621 3244/2401/1647 3245/2400/1646
f 3219/2364/1622 3237/2402/1648 3238/2378/1632
f 3228/2395/1642 3248/2404/1650 3229/2399/1645
f 3244/2401/1647 3262/2405/1651 3263/2406/1652
f 3237/2402/1648 3255/2407/1653 3256/2408/1654
f 3229/2399/1645 3249/2409/1655 3230/2403/1649
f 3245/2400/1646 3263/2406/1652 3264/2410/1656
f 3238/2378/1632 3256/2408/1654 3257/2411/1657
f 3230/2403/1649 3250/2412/1658 3231/2377/1631
f 2674/1491/867 3245/2400/1646 3264/2410/1656
f 3239/2379/1633 3257/2411/1657 3258/2413/1659
f 3231/2414/1631 3251/2415/1660 3232/2381/1634
f 3240/2383/1635 3258/2413/1659 3259/2416/1661
f 3232/2381/1634 3252/2417/1662 3233/2384/1636
f 3241/2387/1637 3259/2416/1661 3260/2418/1663
f 3233/2384/1636 3253/2419/1664 3234/2388/1638
f 3227/2390/1639 2922/1505/716 3246/2420/1665
f 3242/2421/1640 3260/2418/1663 3261/2422/1666
f 3234/2388/1638 3254/2423/1667 3235/2393/1641
f 3227/2390/1639 3247/2424/1668 3228/2395/1642
f 3243/2396/1643 3261/2425/1666 3262/2405/1651
f 3235/2393/1641 3255/2407/1653 3236/2397/1644
f 3259/2416/1661 3277/2426/1669 3278/2427/1670
f 3251/2415/1660 3271/2428/1671 3252/2417/1662
f 3260/2418/1663 3278/2427/1670 3279/2429/1672
f 3252/2417/1662 3272/2430/1673 3253/2419/1664
f 3246/2420/1665 2922/1505/716 3265/2431/1674
f 3261/2422/1666 3279/2429/1672 3280/2432/1675
f 3253/2419/1664 3273/2433/1676 3254/2423/1667
f 3246/2420/1665 3266/2434/1677 3247/2424/1668
f 3262/2405/1651 3280/2435/1675 3281/2436/1678
f 3254/2423/1667 3274/2437/1679 3255/2407/1653
f 3247/2424/1668 3267/2438/1680 3248/2404/1650
f 3263/2406/1652 3281/2436/1678 3282/2439/1681
f 3256/2408/1654 3274/2437/1679 3275/2440/1682
f 3248/2404/1650 3268/2441/1683 3249/2409/1655
f 3264/2410/1656 3282/2439/1681 3283/2442/1684
f 3257/2411/1657 3275/2440/1682 3276/2443/1685
f 3249/2444/1655 3269/2445/1686 3250/2446/1658
f 2674/1491/867 3264/2410/1656 3283/2442/1684
f 3258/2413/1659 3276/2443/1685 3277/2426/1669
f 3250/2446/1658 3270/2447/1687 3251/2415/1660
f 3281/2436/1678 3299/2448/1688 3300/2449/1689
f 3273/2433/1676 3293/2450/1690 3274/2437/1679
f 3266/2434/1677 3286/2451/1691 3267/2438/1680
f 3282/2439/1681 3300/2449/1689 3301/2452/1692
f 3275/2440/1682 3293/2450/1690 3294/2453/1693
f 3267/2438/1680 3287/2454/1694 3268/2441/1683
f 3283/2442/1684 3301/2452/1692 3302/2455/1695
f 3276/2443/1685 3294/2453/1693 3295/2456/1696
f 3268/2457/1683 3288/2458/1697 3269/2445/1686
f 2674/1491/867 3283/2442/1684 3302/2455/1695
f 3277/2426/1669 3295/2456/1696 3296/2459/1698
f 3269/2445/1686 3289/2460/1699 3270/2447/1687
f 3278/2427/1670 3296/2459/1698 3297/2461/1700
f 3270/2447/1687 3290/2462/1701 3271/2428/1671
f 3279/2429/1672 3297/2461/1700 3298/2463/1702
f 3271/2428/1671 3291/2464/1703 3272/2430/1673
f 3265/2431/1674 2922/1505/716 3284/2465/1704
f 3280/2432/1675 3298/2463/1702 3299/2466/1688
f 3272/2430/1673 3292/2467/1705 3273/2433/1676
f 3265/2431/1674 3285/2468/1706 3266/2434/1677
f 3296/2459/1698 3314/2469/1707 3315/2470/1708
f 3288/2458/1697 3308/2471/1709 3289/2460/1699
f 3297/2461/1700 3315/2470/1708 3316/2472/1710
f 3289/2460/1699 3309/2473/1711 3290/2462/1701
f 3298/2463/1702 3316/2472/1710 3317/2474/1712
f 3290/2462/1701 3310/2475/1713 3291/2464/1703
f 3284/2465/1704 2922/1505/716 3303/2476/1714
f 3299/2466/1688 3317/2474/1712 3318/2477/1715
f 3291/2464/1703 3311/2478/1716 3292/2467/1705
f 3284/2465/1704 3304/2479/1717 3285/2468/1706
f 3300/2480/1689 3318/2477/1715 3319/2481/1718
f 3292/2467/1705 3312/2482/1719 3293/2450/1690
f 3285/2468/1706 3305/2483/1720 3286/2451/1691
f 3301/2452/1692 3319/2484/1718 3320/2485/1721
f 3294/2453/1693 3312/2482/1719 3313/2486/1722
f 3286/2451/1691 3306/2487/1723 3287/2454/1694
f 3302/2455/1695 3320/2485/1721 3321/2488/1724
f 3295/2456/1696 3313/2486/1722 3314/2469/1707
f 3287/2489/1694 3307/2490/1725 3288/2458/1697
f 2674/1491/867 3302/2455/1695 3321/2488/1724
f 3310/2475/1713 3330/2491/1726 3311/2478/1716
f 3303/2476/1714 3323/2492/1727 3304/2479/1717
f 3319/2481/1718 3337/2493/1728 3338/2494/1729
f 3311/2478/1716 3331/2495/1730 3312/2482/1719
f 3304/2479/1717 3324/2496/1731 3305/2483/1720
f 3320/2485/1721 3338/2497/1729 3339/2498/1732
f 3313/2486/1722 3331/2495/1730 3332/2499/1733
f 3305/2483/1720 3325/2500/1734 3306/2487/1723
f 3321/2488/1724 3339/2498/1732 3340/2501/1735
f 3314/2469/1707 3332/2499/1733 3333/2502/1736
f 3306/2503/1723 3326/2504/1737 3307/2490/1725
f 2674/1491/867 3321/2488/1724 3340/2501/1735
f 3315/2470/1708 3333/2502/1736 3334/2505/1738
f 3307/2490/1725 3327/2506/1739 3308/2471/1709
f 3316/2472/1710 3334/2505/1738 3335/2507/1740
f 3308/2471/1709 3328/2508/1741 3309/2473/1711
f 3317/2474/1712 3335/2507/1740 3336/2509/1742
f 3309/2473/1711 3329/2510/1743 3310/2475/1713
f 3303/2476/1714 2922/1505/716 3322/2511/1744
f 3318/2477/1715 3336/2509/1742 3337/2493/1728
f 3325/2512/1734 3345/2513/1745 3326/2504/1737
f 2674/1491/867 3340/2501/1735 3359/2514/1746
f 3334/2505/1738 3352/2515/1747 3353/2516/1748
f 3326/2504/1737 3346/2517/1749 3327/2506/1739
f 3335/2507/1740 3353/2516/1748 3354/2518/1750
f 3327/2506/1739 3347/2519/1751 3328/2508/1741
f 3336/2509/1742 3354/2518/1750 3355/2520/1752
f 3328/2508/1741 3348/2521/1753 3329/2510/1743
f 3322/2511/1744 2922/1505/716 3341/2522/1754
f 3337/2493/1728 3355/2520/1752 3356/2523/1755
f 3329/2510/1743 3349/2524/1756 3330/2491/1726
f 3322/2511/1744 3342/2525/1757 3323/2492/1727
f 3338/2494/1729 3356/2523/1755 3357/2526/1758
f 3330/2491/1726 3350/2527/1759 3331/2495/1730
f 3323/2492/1727 3343/2528/1760 3324/2496/1731
f 3339/2498/1732 3357/2529/1758 3358/2530/1761
f 3332/2499/1733 3350/2527/1759 3351/2531/1762
f 3324/2496/1731 3344/2532/1763 3325/2500/1734
f 3340/2501/1735 3358/2530/1761 3359/2514/1746
f 3333/2502/1736 3351/2531/1762 3352/2515/1747
f 3341/2522/1754 2922/1505/716 3360/1504/880
f 3356/2523/1755 2461/1501/877 2462/1508/883
f 3348/2521/1753 2459/1509/884 3349/2524/1756
f 3341/2522/1754 3361/1511/886 3342/2525/1757
f 3357/2526/1758 2462/1508/883 3370/1514/853
f 3349/2524/1756 3366/1478/417 3350/2527/1759
f 3342/2525/1757 3362/1516/890 3343/2528/1760
f 3358/2530/1761 3370/1475/853 2463/1477/855
f 3351/2531/1762 3366/1478/417 3367/1480/857
f 3343/2528/1760 2457/1481/858 3344/2532/1763
f 3359/2514/1746 2463/1477/855 2464/1485/862
f 3352/2515/1747 3367/1480/857 2460/1487/864
f 3344/2533/1763 3363/1488/865 3345/2513/1745
f 2674/1491/867 3359/2514/1746 2464/1485/862
f 3353/2516/1748 2460/1487/864 3368/1493/869
f 3345/2513/1745 3364/1494/870 3346/2517/1749
f 3354/2518/1750 3368/1493/869 3369/1497/873
f 3346/2517/1749 3365/1498/874 3347/2519/1751
f 3355/2520/1752 3369/1497/873 2461/1501/877
f 3347/2519/1751 2458/1502/878 3348/2521/1753
f 3476/2641/878 3489/2642/875 3490/2643/879
f 4378/2644/880 3940/2645/716 3483/2646/881
f 3479/2647/877 3498/2648/882 3480/2649/883
f 3477/2650/884 3490/2643/879 3491/2651/885
f 4379/2652/886 3483/2646/881 3484/2653/887
f 3480/2649/883 3499/2654/888 4388/2655/853
f 4384/2656/417 3491/2651/885 3492/2657/889
f 4380/2658/890 3484/2653/887 3485/2659/859
f 4388/2660/853 3500/2661/854 3481/2662/855
f 4384/2656/417 3493/2663/856 4385/2664/857
f 3475/2665/858 3485/2659/859 3486/2666/860
f 3481/2662/855 3501/2667/861 3482/2668/862
f 4385/2664/857 3494/2669/863 3478/2670/864
f 4381/2671/865 3486/2672/860 3487/2673/866
f 3692/2674/867 3482/2668/862 3501/2667/861
f 3478/2670/864 3495/2675/868 4386/2676/869
f 4382/2677/870 3487/2673/866 3488/2678/871
f 4386/2676/869 3496/2679/872 4387/2680/873
f 4383/2681/874 3488/2678/871 3489/2642/875
f 4387/2680/873 3497/2682/1774 3479/2647/877
f 3485/2659/859 3503/2683/901 3504/2684/904
f 3499/2685/888 3519/2686/905 3500/2661/854
f 3492/2657/889 3512/2687/906 3493/2663/856
f 3486/2666/860 3504/2684/904 3505/2688/907
f 3500/2661/854 3520/2689/908 3501/2667/861
f 3493/2663/856 3513/2690/909 3494/2669/863
f 3487/2673/866 3505/2691/907 3506/2692/892
f 3692/2674/867 3501/2667/861 3520/2689/908
f 3494/2669/863 3514/2693/891 3495/2675/868
f 3488/2678/871 3506/2692/892 3507/2694/893
f 3495/2675/868 3515/2695/894 3496/2679/872
f 3489/2642/875 3507/2694/893 3508/2696/895
f 3496/2679/872 3516/2697/896 3497/2682/1774
f 3490/2643/879 3508/2696/895 3509/2698/897
f 3483/2646/881 3940/2645/716 3502/2699/898
f 3497/2682/1774 3517/2700/899 3498/2648/882
f 3491/2651/885 3509/2698/897 3510/2701/900
f 3484/2653/887 3502/2699/898 3503/2683/901
f 3498/2648/882 3518/2702/902 3499/2654/888
f 3492/2657/889 3510/2701/900 3511/2703/903
f 3514/2693/891 3534/2704/925 3515/2695/894
f 3508/2696/895 3526/2705/924 3527/2706/926
f 3515/2695/894 3535/2707/927 3516/2697/896
f 3509/2698/897 3527/2706/926 3528/2708/910
f 3502/2699/898 3940/2645/716 3521/2709/912
f 3516/2697/896 3536/2710/1775 3517/2700/899
f 3510/2701/900 3528/2708/910 3529/2711/911
f 3503/2683/901 3521/2709/912 3522/2712/913
f 3517/2700/899 3537/2713/914 3518/2702/902
f 3511/2703/903 3529/2711/911 3530/2714/915
f 3504/2684/904 3522/2712/913 3523/2715/916
f 3518/2716/902 3538/2717/917 3519/2686/905
f 3511/2703/903 3531/2718/918 3512/2687/906
f 3505/2688/907 3523/2715/916 3524/2719/919
f 3519/2686/905 3539/2720/920 3520/2689/908
f 3512/2687/906 3532/2721/1776 3513/2690/909
f 3506/2692/892 3524/2722/919 3525/2723/922
f 3692/2674/867 3520/2689/908 3539/2720/920
f 3513/2690/909 3533/2724/923 3514/2693/891
f 3507/2694/893 3525/2723/922 3526/2705/924
f 3536/2710/1775 3556/2725/942 3537/2713/914
f 3530/2714/915 3548/2726/940 3549/2727/943
f 3523/2715/916 3541/2728/941 3542/2729/944
f 3537/2730/914 3557/2731/945 3538/2717/917
f 3530/2714/915 3550/2732/946 3531/2718/918
f 3524/2719/919 3542/2729/944 3543/2733/929
f 3538/2717/917 3558/2734/931 3539/2720/920
f 3531/2718/918 3551/2735/947 3532/2721/1776
f 3525/2723/922 3543/2736/929 3544/2737/930
f 3692/2674/867 3539/2720/920 3558/2734/931
f 3532/2721/1776 3552/2738/932 3533/2724/923
f 3526/2705/924 3544/2737/930 3545/2739/933
f 3533/2724/923 3553/2740/934 3534/2704/925
f 3527/2706/926 3545/2739/933 3546/2741/935
f 3534/2704/925 3554/2742/936 3535/2707/927
f 3528/2708/910 3546/2741/935 3547/2743/937
f 3521/2709/912 3940/2645/716 3540/2744/938
f 3535/2707/927 3555/2745/1777 3536/2710/1775
f 3529/2711/911 3547/2743/937 3548/2726/940
f 3522/2712/913 3540/2744/938 3541/2728/941
f 3551/2735/947 3571/2746/962 3552/2738/932
f 3545/2739/933 3563/2747/961 3564/2748/963
f 3552/2738/932 3572/2749/964 3553/2740/934
f 3546/2741/935 3564/2748/963 3565/2750/965
f 3553/2740/934 3573/2751/966 3554/2742/936
f 3547/2743/937 3565/2750/965 3566/2752/950
f 3540/2744/938 3940/2645/716 3559/2753/948
f 3554/2742/936 3574/2754/949 3555/2745/1777
f 3548/2726/940 3566/2752/950 3567/2755/951
f 3541/2728/941 3559/2753/948 3560/2756/952
f 3555/2757/1777 3575/2758/953 3556/2759/942
f 3549/2727/943 3567/2755/951 3568/2760/954
f 3542/2729/944 3560/2756/952 3561/2761/955
f 3556/2759/942 3576/2762/956 3557/2731/945
f 3549/2727/943 3569/2763/957 3550/2732/946
f 3543/2733/929 3561/2761/955 3562/2764/958
f 3557/2731/945 3577/2765/959 3558/2734/931
f 3550/2732/946 3570/2766/960 3551/2735/947
f 3544/2737/930 3562/2767/958 3563/2747/961
f 3692/2674/867 3558/2734/931 3577/2765/959
f 3567/2755/951 3585/2768/976 3586/2769/979
f 3560/2756/952 3578/2770/977 3579/2771/980
f 3574/2772/949 3594/2773/981 3575/2758/953
f 3568/2760/954 3586/2769/979 3587/2774/982
f 3561/2761/955 3579/2771/980 3580/2775/983
f 3575/2758/953 3595/2776/984 3576/2762/956
f 3568/2760/954 3588/2777/985 3569/2763/957
f 3562/2764/958 3580/2775/983 3581/2778/969
f 3576/2762/956 3596/2779/967 3577/2765/959
f 3569/2763/957 3589/2780/968 3570/2766/960
f 3563/2747/961 3581/2781/969 3582/2782/970
f 3692/2674/867 3577/2765/959 3596/2779/967
f 3570/2766/960 3590/2783/971 3571/2746/962
f 3564/2748/963 3582/2782/970 3583/2784/972
f 3571/2746/962 3591/2785/973 3572/2749/964
f 3565/2750/965 3583/2784/972 3584/2786/974
f 3572/2749/964 3592/2787/975 3573/2751/966
f 3566/2752/950 3584/2786/974 3585/2768/976
f 3559/2753/948 3940/2645/716 3578/2770/977
f 3573/2751/966 3593/2788/978 3574/2754/949
f 3582/2789/970 3600/2790/998 3601/2791/1001
f 3692/2674/867 3596/2779/967 3615/2792/999
f 3589/2780/968 3609/2793/1002 3590/2783/971
f 3583/2784/972 3601/2794/1001 3602/2795/1003
f 3590/2783/971 3610/2796/1004 3591/2785/973
f 3584/2786/974 3602/2795/1003 3603/2797/987
f 3591/2785/973 3611/2798/986 3592/2787/975
f 3585/2768/976 3603/2797/987 3604/2799/988
f 3578/2770/977 3940/2645/716 3597/2800/989
f 3592/2787/975 3612/2801/1778 3593/2788/978
f 3586/2769/979 3604/2799/988 3605/2802/1779
f 3579/2771/980 3597/2800/989 3598/2803/992
f 3593/2804/978 3613/2805/1780 3594/2773/981
f 3587/2774/982 3605/2802/1779 3606/2806/994
f 3580/2775/983 3598/2803/992 3599/2807/1781
f 3594/2773/981 3614/2808/996 3595/2776/984
f 3587/2774/982 3607/2809/1782 3588/2777/985
f 3581/2778/969 3599/2807/1781 3600/2790/998
f 3595/2776/984 3615/2792/999 3596/2779/967
f 3588/2777/985 3608/2810/1000 3589/2780/968
f 3597/2800/989 3940/2645/716 3616/2811/1783
f 3611/2812/986 3631/2813/1018 3612/2814/1778
f 3605/2802/1779 3623/2815/1016 3624/2816/1019
f 3598/2803/992 3616/2811/1783 3617/2817/1020
f 3612/2814/1778 3632/2818/1021 3613/2805/1780
f 3606/2806/994 3624/2816/1019 3625/2819/1022
f 3599/2807/1781 3617/2817/1020 3618/2820/1006
f 3613/2805/1780 3633/2821/1023 3614/2808/996
f 3606/2806/994 3626/2822/1005 3607/2809/1782
f 3600/2790/998 3618/2820/1006 3619/2823/1007
f 3614/2808/996 3634/2824/1784 3615/2792/999
f 3607/2809/1782 3627/2825/1009 3608/2810/1000
f 3601/2791/1001 3619/2823/1007 3620/2826/1010
f 3692/2674/867 3615/2792/999 3634/2824/1784
f 3608/2810/1000 3628/2827/1011 3609/2793/1002
f 3602/2795/1003 3620/2828/1010 3621/2829/1012
f 3609/2793/1002 3629/2830/1785 3610/2796/1004
f 3603/2797/987 3621/2829/1012 3622/2831/1014
f 3610/2796/1004 3630/2832/1015 3611/2798/986
f 3604/2799/988 3622/2831/1014 3623/2815/1016
f 3626/2822/1005 3646/2833/1039 3627/2825/1009
f 3620/2826/1010 3638/2834/1786 3639/2835/1040
f 3692/2674/867 3634/2824/1784 3653/2836/1038
f 3627/2825/1009 3647/2837/1041 3628/2827/1011
f 3621/2838/1012 3639/2839/1040 3640/2840/1024
f 3628/2827/1011 3648/2841/1042 3629/2830/1785
f 3622/2842/1014 3640/2840/1024 3641/2843/1025
f 3629/2844/1785 3649/2845/1026 3630/2846/1015
f 3623/2847/1016 3641/2843/1025 3642/2848/1027
f 3616/2811/1783 3940/2645/716 3635/2849/1028
f 3630/2846/1015 3650/2850/1029 3631/2813/1018
f 3624/2851/1019 3642/2848/1027 3643/2852/1030
f 3617/2817/1020 3635/2849/1028 3636/2853/1031
f 3631/2813/1018 3651/2854/1032 3632/2818/1021
f 3625/2855/1022 3643/2852/1030 3644/2856/1033
f 3618/2820/1006 3636/2853/1031 3637/2857/1034
f 3632/2818/1021 3652/2858/1035 3633/2821/1023
f 3625/2855/1022 3645/2859/1036 3626/2860/1005
f 3619/2823/1007 3637/2857/1034 3638/2834/1786
f 3633/2821/1023 3653/2836/1038 3634/2824/1784
f 3642/2848/1027 3660/2861/1054 3661/2862/1056
f 3635/2849/1028 3940/2645/716 3654/2863/1057
f 3649/2845/1026 3669/2864/1058 3650/2850/1029
f 3643/2852/1030 3661/2862/1056 3662/2865/1059
f 3636/2853/1031 3654/2863/1057 3655/2866/1043
f 3650/2850/1029 3670/2867/1060 3651/2854/1032
f 3644/2856/1033 3662/2865/1059 3663/2868/1061
f 3637/2857/1034 3655/2866/1043 3656/2869/1044
f 3651/2854/1032 3671/2870/1045 3652/2858/1035
f 3644/2856/1033 3664/2871/1046 3645/2859/1036
f 3638/2834/1786 3656/2869/1044 3657/2872/1047
f 3652/2858/1035 3672/2873/1048 3653/2836/1038
f 3645/2859/1036 3665/2874/1049 3646/2875/1039
f 3639/2835/1040 3657/2872/1047 3658/2876/1050
f 3692/2674/867 3653/2836/1038 3672/2873/1048
f 3646/2875/1039 3666/2877/1051 3647/2878/1041
f 3640/2840/1024 3658/2879/1050 3659/2880/1052
f 3647/2878/1041 3667/2881/1053 3648/2882/1042
f 3641/2843/1025 3659/2880/1052 3660/2861/1054
f 3648/2883/1042 3668/2884/1055 3649/2845/1026
f 3657/2872/1047 3675/2885/1073 3676/2886/1076
f 3671/2870/1045 3691/2887/1077 3672/2873/1048
f 3664/2871/1046 3684/2888/1078 3665/2874/1049
f 3658/2876/1050 3676/2886/1076 3677/2889/1079
f 3692/2674/867 3672/2873/1048 3691/2887/1077
f 3665/2874/1049 3685/2890/1080 3666/2877/1051
f 3659/2880/1052 3677/2891/1079 3678/2892/1063
f 3666/2877/1051 3686/2893/1062 3667/2881/1053
f 3660/2861/1054 3678/2892/1063 3679/2894/1064
f 3667/2895/1053 3687/2896/1065 3668/2884/1055
f 3661/2862/1056 3679/2894/1064 3680/2897/1066
f 3654/2863/1057 3940/2645/716 3673/2898/1067
f 3668/2884/1055 3688/2899/1068 3669/2864/1058
f 3662/2865/1059 3680/2897/1066 3681/2900/1069
f 3655/2866/1043 3673/2898/1067 3674/2901/1070
f 3669/2864/1058 3689/2902/1071 3670/2867/1060
f 3663/2868/1061 3681/2900/1069 3682/2903/1787
f 3656/2869/1044 3674/2901/1070 3675/2885/1073
f 3670/2867/1060 3690/2904/1074 3671/2870/1045
f 3663/2868/1061 3683/2905/1075 3664/2871/1046
f 3686/2893/1062 3707/2906/1095 3687/2907/1065
f 3680/2897/1066 3699/2908/1094 3700/2909/1096
f 3673/2898/1067 3940/2645/716 3693/2910/1097
f 3687/2896/1065 3708/2911/1098 3688/2899/1068
f 3681/2900/1069 3700/2909/1096 3701/2912/1081
f 3674/2901/1070 3693/2910/1097 3694/2913/1083
f 3688/2899/1068 3709/2914/1099 3689/2902/1071
f 3682/2903/1787 3701/2912/1081 3702/2915/1082
f 3675/2885/1073 3694/2913/1083 3695/2916/1084
f 3689/2902/1071 3710/2917/1085 3690/2904/1074
f 3682/2903/1787 3703/2918/1086 3683/2905/1075
f 3676/2886/1076 3695/2916/1084 3696/2919/1087
f 3690/2904/1074 3711/2920/1088 3691/2887/1077
f 3683/2905/1075 3704/2921/1089 3684/2888/1078
f 3677/2889/1079 3696/2919/1087 3697/2922/1090
f 3692/2674/867 3691/2887/1077 3711/2920/1088
f 3684/2888/1078 3705/2923/1091 3685/2890/1080
f 3678/2892/1063 3697/2924/1090 3698/2925/1092
f 3685/2890/1080 3706/2926/1093 3686/2893/1062
f 3679/2894/1064 3698/2925/1092 3699/2908/1094
f 3710/2917/1085 3728/2927/1110 3729/2928/1113
f 3703/2918/1086 3721/2929/1788 3722/2930/1114
f 3695/2916/1084 3715/2931/1115 3696/2919/1087
f 3711/2920/1088 3729/2928/1113 3730/2932/1116
f 3704/2921/1089 3722/2930/1114 3723/2933/1117
f 3696/2919/1087 3716/2934/1118 3697/2922/1090
f 3692/2674/867 3711/2920/1088 3730/2932/1116
f 3705/2923/1091 3723/2933/1117 3724/2935/1101
f 3697/2924/1090 3717/2936/1100 3698/2925/1092
f 3706/2926/1093 3724/2935/1101 3725/2937/1102
f 3698/2925/1092 3718/2938/1103 3699/2908/1094
f 3707/2906/1095 3725/2937/1102 3726/2939/1104
f 3699/2908/1094 3719/2940/1105 3700/2909/1096
f 3693/2910/1097 3940/2645/716 3712/2941/1106
f 3708/2911/1098 3726/2942/1104 3727/2943/1107
f 3700/2909/1096 3720/2944/1108 3701/2912/1081
f 3693/2910/1097 3713/2945/1109 3694/2913/1083
f 3709/2914/1099 3727/2943/1107 3728/2927/1110
f 3701/2912/1081 3721/2929/1788 3702/2915/1082
f 3694/2913/1083 3714/2946/1112 3695/2916/1084
f 3725/2937/1102 3743/2947/1130 3744/2948/1132
f 3717/2936/1100 3737/2949/1133 3718/2938/1103
f 3726/2939/1104 3744/2948/1132 3745/2950/1134
f 3718/2938/1103 3738/2951/1135 3719/2940/1105
f 3712/2941/1106 3940/2645/716 3731/2952/1136
f 3727/2943/1107 3745/2953/1134 3746/2954/1120
f 3719/2940/1105 3739/2955/1137 3720/2944/1108
f 3712/2941/1106 3732/2956/1119 3713/2945/1109
f 3728/2927/1110 3746/2954/1120 3747/2957/1121
f 3720/2944/1108 3740/2958/1122 3721/2929/1788
f 3713/2945/1109 3733/2959/1123 3714/2946/1112
f 3729/2928/1113 3747/2957/1121 3748/2960/1124
f 3722/2930/1114 3740/2958/1122 3741/2961/1125
f 3714/2946/1112 3734/2962/1126 3715/2931/1115
f 3730/2932/1116 3748/2960/1124 3749/2963/1127
f 3723/2933/1117 3741/2961/1125 3742/2964/1128
f 3715/2931/1115 3735/2965/1129 3716/2934/1118
f 3692/2674/867 3730/2932/1116 3749/2963/1127
f 3724/2935/1101 3742/2964/1128 3743/2947/1130
f 3716/2966/1118 3736/2967/1131 3717/2936/1100
f 3739/2955/1137 3759/2968/1151 3740/2958/1122
f 3732/2956/1119 3752/2969/1152 3733/2959/1123
f 3748/2960/1124 3766/2970/1150 3767/2971/1153
f 3741/2961/1125 3759/2968/1151 3760/2972/1154
f 3733/2959/1123 3753/2973/1155 3734/2962/1126
f 3749/2963/1127 3767/2971/1153 3768/2974/1789
f 3742/2964/1128 3760/2972/1154 3761/2975/1139
f 3734/2962/1126 3754/2976/1156 3735/2965/1129
f 3692/2674/867 3749/2963/1127 3768/2974/1789
f 3743/2947/1130 3761/2975/1139 3762/2977/1140
f 3735/2978/1129 3755/2979/1141 3736/2967/1131
f 3744/2948/1132 3762/2977/1140 3763/2980/1142
f 3736/2967/1131 3756/2981/1143 3737/2949/1133
f 3745/2950/1134 3763/2980/1142 3764/2982/1144
f 3737/2949/1133 3757/2983/1145 3738/2951/1135
f 3731/2952/1136 3940/2645/716 3750/2984/1146
f 3746/2954/1120 3764/2985/1144 3765/2986/1147
f 3738/2951/1135 3758/2987/1148 3739/2955/1137
f 3731/2952/1136 3751/2988/1149 3732/2956/1119
f 3747/2957/1121 3765/2986/1147 3766/2970/1150
f 3754/2989/1156 3774/2990/1790 3755/2979/1141
f 3763/2980/1142 3781/2991/1170 3782/2992/1172
f 3755/2979/1141 3775/2993/1173 3756/2981/1143
f 3764/2985/1144 3782/2994/1172 3783/2995/1157
f 3756/2981/1143 3776/2996/1174 3757/2983/1145
f 3750/2984/1146 3940/2645/716 3769/2997/1791
f 3765/2986/1147 3783/2995/1157 3784/2998/1158
f 3757/2983/1145 3777/2999/1159 3758/2987/1148
f 3750/2984/1146 3770/3000/1160 3751/2988/1149
f 3766/2970/1150 3784/2998/1158 3785/3001/1161
f 3758/2987/1148 3778/3002/1162 3759/2968/1151
f 3751/2988/1149 3771/3003/1163 3752/2969/1152
f 3767/2971/1153 3785/3001/1161 3786/3004/1792
f 3760/2972/1154 3778/3002/1162 3779/3005/1165
f 3752/2969/1152 3772/3006/1166 3753/2973/1155
f 3768/2974/1789 3786/3004/1792 3787/3007/1793
f 3761/2975/1139 3779/3005/1165 3780/3008/1168
f 3753/2973/1155 3773/3009/1169 3754/2976/1156
f 3692/2674/867 3768/2974/1789 3787/3007/1793
f 3762/2977/1140 3780/3008/1168 3781/2991/1170
f 3769/2997/1791 3789/3010/1189 3770/3000/1160
f 3785/3001/1161 3803/3011/1794 3804/3012/1190
f 3777/2999/1159 3797/3013/1191 3778/3002/1162
f 3770/3000/1160 3790/3014/1192 3771/3003/1163
f 3786/3004/1792 3804/3012/1190 3805/3015/1193
f 3779/3016/1165 3797/3017/1191 3798/3018/1795
f 3771/3003/1163 3791/3019/1194 3772/3006/1166
f 3787/3007/1793 3805/3015/1193 3806/3020/1179
f 3780/3021/1168 3798/3018/1795 3799/3022/1177
f 3772/3006/1166 3792/3023/1178 3773/3009/1169
f 3692/2674/867 3787/3007/1793 3806/3020/1179
f 3781/3024/1170 3799/3022/1177 3800/3025/1180
f 3773/3026/1169 3793/3027/1181 3774/2990/1790
f 3782/3028/1172 3800/3025/1180 3801/3029/1182
f 3774/2990/1790 3794/3030/1183 3775/2993/1173
f 3783/2995/1157 3801/3031/1182 3802/3032/1184
f 3775/2993/1173 3795/3033/1185 3776/2996/1174
f 3769/2997/1791 3940/2645/716 3788/3034/1186
f 3784/2998/1158 3802/3032/1184 3803/3011/1794
f 3776/2996/1174 3796/3035/1188 3777/2999/1159
f 3800/3025/1180 3818/3036/1208 3819/3037/1210
f 3792/3038/1178 3812/3039/1211 3793/3040/1181
f 3801/3029/1182 3819/3037/1210 3820/3041/1212
f 3793/3040/1181 3813/3042/1213 3794/3043/1183
f 3802/3044/1184 3820/3041/1212 3821/3045/1197
f 3794/3043/1183 3814/3046/1195 3795/3047/1185
f 3788/3034/1186 3940/2645/716 3807/3048/1196
f 3803/3011/1794 3821/3049/1197 3822/3050/1198
f 3795/3047/1185 3815/3051/1199 3796/3052/1188
f 3788/3034/1186 3808/3053/1200 3789/3010/1189
f 3804/3012/1190 3822/3050/1198 3823/3054/1201
f 3796/3052/1188 3816/3055/1202 3797/3017/1191
f 3789/3010/1189 3809/3056/1203 3790/3014/1192
f 3805/3015/1193 3823/3054/1201 3824/3057/1204
f 3798/3018/1795 3816/3055/1202 3817/3058/1205
f 3790/3014/1192 3810/3059/1206 3791/3019/1194
f 3806/3020/1179 3824/3057/1204 3825/3060/1207
f 3799/3022/1177 3817/3058/1205 3818/3036/1208
f 3791/3061/1194 3811/3062/1209 3792/3038/1178
f 3692/2674/867 3806/3020/1179 3825/3060/1207
f 3814/3046/1195 3834/3063/1228 3815/3051/1199
f 3807/3048/1196 3827/3064/1229 3808/3053/1200
f 3823/3054/1201 3841/3065/1227 3842/3066/1230
f 3815/3051/1199 3835/3067/1231 3816/3055/1202
f 3808/3053/1200 3828/3068/1232 3809/3056/1203
f 3824/3057/1204 3842/3066/1230 3843/3069/1215
f 3817/3058/1205 3835/3067/1231 3836/3070/1217
f 3809/3056/1203 3829/3071/1214 3810/3059/1206
f 3825/3060/1207 3843/3069/1215 3844/3072/1216
f 3818/3036/1208 3836/3070/1217 3837/3073/1218
f 3810/3074/1206 3830/3075/1219 3811/3062/1209
f 3692/2674/867 3825/3060/1207 3844/3072/1216
f 3819/3037/1210 3837/3073/1218 3838/3076/1220
f 3811/3062/1209 3831/3077/1221 3812/3039/1211
f 3820/3041/1212 3838/3076/1220 3839/3078/1222
f 3812/3039/1211 3832/3079/1223 3813/3042/1213
f 3821/3045/1197 3839/3078/1222 3840/3080/1224
f 3813/3042/1213 3833/3081/1225 3814/3046/1195
f 3807/3048/1196 3940/2645/716 3826/3082/1226
f 3822/3050/1198 3840/3083/1224 3841/3065/1227
f 3829/3084/1214 3849/3085/1248 3830/3075/1219
f 3692/2674/867 3844/3072/1216 3863/3086/1246
f 3838/3076/1220 3856/3087/1247 3857/3088/1249
f 3830/3075/1219 3850/3089/1250 3831/3077/1221
f 3839/3078/1222 3857/3088/1249 3858/3090/1233
f 3831/3077/1221 3851/3091/1251 3832/3079/1223
f 3840/3080/1224 3858/3090/1233 3859/3092/1234
f 3832/3079/1223 3852/3093/1235 3833/3081/1225
f 3826/3082/1226 3940/2645/716 3845/3094/1236
f 3841/3095/1227 3859/3092/1234 3860/3096/1237
f 3833/3081/1225 3853/3097/1238 3834/3063/1228
f 3826/3082/1226 3846/3098/1239 3827/3064/1229
f 3842/3066/1230 3860/3099/1237 3861/3100/1240
f 3834/3063/1228 3854/3101/1241 3835/3067/1231
f 3827/3064/1229 3847/3102/1242 3828/3068/1232
f 3843/3069/1215 3861/3100/1240 3862/3103/1243
f 3836/3070/1217 3854/3101/1241 3855/3104/1244
f 3828/3068/1232 3848/3105/1245 3829/3071/1214
f 3844/3072/1216 3862/3103/1243 3863/3086/1246
f 3837/3073/1218 3855/3104/1244 3856/3087/1247
f 3845/3094/1236 3940/2645/716 3864/3106/1265
f 3860/3096/1237 3878/3107/1263 3879/3108/1266
f 3852/3093/1235 3872/3109/1267 3853/3097/1238
f 3845/3094/1236 3865/3110/1268 3846/3098/1239
f 3861/3100/1240 3879/3111/1266 3880/3112/1269
f 3853/3097/1238 3873/3113/1252 3854/3101/1241
f 3846/3098/1239 3866/3114/1270 3847/3102/1242
f 3862/3103/1243 3880/3112/1269 3881/3115/1255
f 3855/3104/1244 3873/3113/1252 3874/3116/1253
f 3847/3117/1242 3867/3118/1254 3848/3119/1245
f 3863/3086/1246 3881/3115/1255 3882/3120/1256
f 3856/3087/1247 3874/3116/1253 3875/3121/1257
f 3848/3119/1245 3868/3122/1258 3849/3085/1248
f 3692/2674/867 3863/3086/1246 3882/3120/1256
f 3857/3088/1249 3875/3121/1257 3876/3123/1259
f 3849/3085/1248 3869/3124/1260 3850/3089/1250
f 3858/3090/1233 3876/3123/1259 3877/3125/1261
f 3850/3089/1250 3870/3126/1262 3851/3091/1251
f 3859/3092/1234 3877/3125/1261 3878/3107/1263
f 3851/3091/1251 3871/3127/1264 3852/3093/1235
f 3882/3120/1256 3900/3128/1282 3901/3129/1285
f 3875/3121/1257 3893/3130/1283 3894/3131/1286
f 3867/3118/1254 3887/3132/1287 3868/3122/1258
f 3692/2674/867 3882/3120/1256 3901/3129/1285
f 3876/3123/1259 3894/3131/1286 3895/3133/1288
f 3868/3122/1258 3888/3134/1289 3869/3124/1260
f 3877/3125/1261 3895/3133/1288 3896/3135/1272
f 3869/3124/1260 3889/3136/1271 3870/3126/1262
f 3878/3107/1263 3896/3135/1272 3897/3137/1273
f 3870/3126/1262 3890/3138/1274 3871/3127/1264
f 3864/3106/1265 3940/2645/716 3883/3139/1275
f 3879/3108/1266 3897/3137/1273 3898/3140/1276
f 3871/3127/1264 3891/3141/1277 3872/3109/1267
f 3864/3106/1265 3884/3142/1278 3865/3110/1268
f 3880/3112/1269 3898/3143/1276 3899/3144/1279
f 3872/3109/1267 3892/3145/1280 3873/3113/1252
f 3865/3110/1268 3885/3146/1281 3866/3114/1270
f 3881/3115/1255 3899/3144/1279 3900/3128/1282
f 3874/3116/1253 3892/3145/1280 3893/3130/1283
f 3866/3147/1270 3886/3148/1284 3867/3118/1254
f 3897/3137/1273 3915/3149/1301 3916/3150/1303
f 3889/3136/1271 3909/3151/1304 3890/3138/1274
f 3883/3139/1275 3940/2645/716 3902/3152/1305
f 3898/3140/1276 3916/3150/1303 3917/3153/1306
f 3890/3138/1274 3910/3154/1307 3891/3141/1277
f 3883/3139/1275 3903/3155/1308 3884/3142/1278
f 3899/3144/1279 3917/3156/1306 3918/3157/1291
f 3891/3141/1277 3911/3158/1293 3892/3145/1280
f 3884/3142/1278 3904/3159/1290 3885/3146/1281
f 3900/3128/1282 3918/3157/1291 3919/3160/1292
f 3893/3130/1283 3911/3158/1293 3912/3161/1294
f 3885/3162/1281 3905/3163/1295 3886/3148/1284
f 3901/3129/1285 3919/3160/1292 3920/3164/1296
f 3894/3131/1286 3912/3161/1294 3913/3165/1297
f 3886/3148/1284 3906/3166/1298 3887/3132/1287
f 3692/2674/867 3901/3129/1285 3920/3164/1296
f 3895/3133/1288 3913/3165/1297 3914/3167/1299
f 3887/3132/1287 3907/3168/1300 3888/3134/1289
f 3896/3135/1272 3914/3167/1299 3915/3149/1301
f 3888/3134/1289 3908/3169/1302 3889/3136/1271
f 3912/3161/1294 3930/3170/408 3931/3171/1321
f 3904/3172/1290 3924/3173/1322 3905/3163/1295
f 3920/3164/1296 3938/3174/1320 3939/3175/1323
f 3913/3165/1297 3931/3171/1321 3932/3176/1324
f 3905/3163/1295 3925/3177/1325 3906/3166/1298
f 3692/2674/867 3920/3164/1296 3939/3175/1323
f 3914/3167/1299 3932/3176/1324 3933/3178/1309
f 3906/3166/1298 3926/3179/1326 3907/3168/1300
f 3915/3149/1301 3933/3178/1309 3934/3180/1310
f 3907/3168/1300 3927/3181/1311 3908/3169/1302
f 3916/3150/1303 3934/3180/1310 3935/3182/1312
f 3908/3169/1302 3928/3183/1313 3909/3151/1304
f 3902/3152/1305 3940/2645/716 3921/3184/1314
f 3917/3153/1306 3935/3182/1312 3936/3185/1315
f 3909/3151/1304 3929/3186/1316 3910/3154/1307
f 3902/3152/1305 3922/3187/1317 3903/3155/1308
f 3918/3157/1291 3936/3188/1315 3937/3189/1318
f 3910/3154/1307 3930/3170/408 3911/3158/1293
f 3903/3155/1308 3923/3190/1319 3904/3159/1290
f 3919/3160/1292 3937/3189/1318 3938/3174/1320
f 3927/3181/1311 3946/3191/1339 3947/3192/1341
f 3934/3180/1310 3955/3193/1342 3935/3182/1312
f 3928/3183/1313 3947/3192/1341 3948/3194/1343
f 3921/3184/1314 3940/2645/716 3941/3195/1344
f 3935/3182/1312 3956/3196/1345 3936/3185/1315
f 3929/3186/1316 3948/3194/1343 3949/3197/1328
f 3922/3187/1317 3941/3195/1344 3942/3198/1330
f 3936/3188/1315 3957/3199/1327 3937/3189/1318
f 3930/3170/408 3949/3197/1328 3950/3200/1329
f 3923/3190/1319 3942/3198/1330 3943/3201/1331
f 3937/3189/1318 3958/3202/1332 3938/3174/1320
f 3930/3170/408 3951/3203/1333 3931/3171/1321
f 3924/3173/1322 3943/3204/1331 3944/3205/1334
f 3938/3174/1320 3959/3206/1335 3939/3175/1323
f 3931/3171/1321 3952/3207/1336 3932/3176/1324
f 3925/3177/1325 3944/3205/1334 3945/3208/1796
f 3692/2674/867 3939/3175/1323 3959/3206/1335
f 3932/3176/1324 3953/3209/1338 3933/3178/1309
f 3926/3179/1326 3945/3208/1796 3946/3191/1339
f 3933/3178/1309 3954/3210/1340 3934/3180/1310
f 3943/3201/1331 3961/3211/1356 3962/3212/1359
f 3957/3199/1327 3977/3213/1360 3958/3202/1332
f 3950/3200/1329 3970/3214/1361 3951/3203/1333
f 3944/3205/1334 3962/3215/1359 3963/3216/1362
f 3958/3202/1332 3978/3217/1363 3959/3206/1335
f 3951/3203/1333 3971/3218/1364 3952/3207/1336
f 3945/3208/1796 3963/3216/1362 3964/3219/1347
f 3692/2674/867 3959/3206/1335 3978/3217/1363
f 3952/3207/1336 3972/3220/1346 3953/3209/1338
f 3946/3191/1339 3964/3219/1347 3965/3221/1348
f 3953/3209/1338 3973/3222/1349 3954/3210/1340
f 3947/3192/1341 3965/3221/1348 3966/3223/1350
f 3954/3210/1340 3974/3224/1351 3955/3193/1342
f 3948/3194/1343 3966/3223/1350 3967/3225/1352
f 3941/3195/1344 3940/2645/716 3960/3226/1353
f 3955/3193/1342 3975/3227/1354 3956/3196/1345
f 3949/3197/1328 3967/3225/1352 3968/3228/1355
f 3942/3198/1330 3960/3226/1353 3961/3211/1356
f 3956/3229/1345 3976/3230/1357 3957/3199/1327
f 3950/3200/1329 3968/3228/1355 3969/3231/1358
f 3972/3220/1346 3992/3232/1380 3973/3222/1349
f 3966/3223/1350 3984/3233/1379 3985/3234/1797
f 3973/3222/1349 3993/3235/1382 3974/3224/1351
f 3967/3225/1352 3985/3234/1797 3986/3236/1798
f 3960/3226/1353 3940/2645/716 3979/3237/1367
f 3974/3224/1351 3994/3238/1383 3975/3227/1354
f 3968/3228/1355 3986/3236/1798 3987/3239/1366
f 3961/3211/1356 3979/3237/1367 3980/3240/1368
f 3975/3241/1354 3995/3242/1369 3976/3230/1357
f 3969/3231/1358 3987/3239/1366 3988/3243/1370
f 3962/3212/1359 3980/3240/1368 3981/3244/1371
f 3976/3230/1357 3996/3245/1372 3977/3213/1360
f 3969/3231/1358 3989/3246/1373 3970/3214/1361
f 3963/3216/1362 3981/3247/1371 3982/3248/1374
f 3977/3213/1360 3997/3249/1375 3978/3217/1363
f 3970/3214/1361 3990/3250/1376 3971/3218/1364
f 3964/3219/1347 3982/3248/1374 3983/3251/1377
f 3692/2674/867 3978/3217/1363 3997/3249/1375
f 3971/3218/1364 3991/3252/1378 3972/3220/1346
f 3965/3221/1348 3983/3251/1377 3984/3233/1379
f 3988/3243/1370 4006/3253/1395 4007/3254/1398
f 3981/3244/1371 3999/3255/1396 4000/3256/1399
f 3995/3242/1369 4015/3257/1400 3996/3245/1372
f 3988/3243/1370 4008/3258/1401 3989/3246/1373
f 3982/3248/1374 4000/3259/1399 4001/3260/1384
f 3996/3245/1372 4016/3261/1386 3997/3249/1375
f 3989/3246/1373 4009/3262/1402 3990/3250/1376
f 3983/3251/1377 4001/3260/1384 4002/3263/1385
f 3692/2674/867 3997/3249/1375 4016/3261/1386
f 3990/3250/1376 4010/3264/1387 3991/3252/1378
f 3984/3233/1379 4002/3263/1385 4003/3265/1388
f 3991/3252/1378 4011/3266/1389 3992/3232/1380
f 3985/3234/1797 4003/3265/1388 4004/3267/1390
f 3992/3232/1380 4012/3268/1391 3993/3235/1382
f 3986/3236/1798 4004/3267/1390 4005/3269/1392
f 3979/3237/1367 3940/2645/716 3998/3270/1393
f 3993/3235/1382 4013/3271/1394 3994/3238/1383
f 3987/3239/1366 4005/3269/1392 4006/3253/1395
f 3980/3240/1368 3998/3270/1393 3999/3255/1396
f 3994/3272/1383 4014/3273/1397 3995/3242/1369
f 4003/3265/1388 4021/3274/1416 4022/3275/1418
f 4010/3264/1387 4030/3276/1419 4011/3266/1389
f 4004/3267/1390 4022/3275/1418 4023/3277/1420
f 4011/3266/1389 4031/3278/1421 4012/3268/1391
f 4005/3269/1392 4023/3277/1420 4024/3279/1405
f 3998/3270/1393 3940/2645/716 4017/3280/1403
f 4012/3268/1391 4032/3281/1404 4013/3271/1394
f 4006/3253/1395 4024/3279/1405 4025/3282/1406
f 3999/3255/1396 4017/3280/1403 4018/3283/1799
f 4013/3284/1394 4033/3285/1408 4014/3273/1397
f 4007/3254/1398 4025/3282/1406 4026/3286/1409
f 4000/3256/1399 4018/3283/1799 4019/3287/1410
f 4014/3273/1397 4034/3288/1800 4015/3257/1400
f 4007/3254/1398 4027/3289/1412 4008/3258/1401
f 4001/3290/1384 4019/3287/1410 4020/3291/1413
f 4015/3257/1400 4035/3292/1414 4016/3261/1386
f 4008/3258/1401 4028/3293/1415 4009/3262/1402
f 4002/3263/1385 4020/3294/1413 4021/3274/1416
f 3692/2674/867 4016/3261/1386 4035/3292/1414
f 4009/3262/1402 4029/3295/1417 4010/3264/1387
f 4018/3283/1799 4036/3296/1432 4037/3297/1435
f 4032/3298/1404 4052/3299/1436 4033/3285/1408
f 4026/3286/1409 4044/3300/1434 4045/3301/1437
f 4019/3287/1410 4037/3297/1435 4038/3302/1438
f 4033/3285/1408 4053/3303/1439 4034/3288/1800
f 4026/3286/1409 4046/3304/1440 4027/3289/1412
f 4020/3291/1413 4038/3302/1438 4039/3305/1423
f 4034/3288/1800 4054/3306/1425 4035/3292/1414
f 4027/3289/1412 4047/3307/1422 4028/3293/1415
f 4021/3274/1416 4039/3308/1423 4040/3309/1424
f 3692/2674/867 4035/3292/1414 4054/3306/1425
f 4028/3293/1415 4048/3310/1426 4029/3295/1417
f 4022/3275/1418 4040/3309/1424 4041/3311/1427
f 4029/3295/1417 4049/3312/1428 4030/3276/1419
f 4023/3277/1420 4041/3311/1427 4042/3313/1429
f 4030/3276/1419 4050/3314/1430 4031/3278/1421
f 4024/3279/1405 4042/3313/1429 4043/3315/1431
f 4017/3280/1403 3940/2645/716 4036/3296/1432
f 4031/3278/1421 4051/3316/1433 4032/3281/1404
f 4025/3282/1406 4043/3315/1431 4044/3300/1434
f 3692/2674/867 4054/3306/1425 4073/3317/1453
f 4047/3307/1422 4067/3318/1456 4048/3310/1426
f 4041/3311/1427 4059/3319/1455 4060/3320/1457
f 4048/3310/1426 4068/3321/1458 4049/3312/1428
f 4042/3313/1429 4060/3320/1457 4061/3322/1441
f 4049/3312/1428 4069/3323/1459 4050/3314/1430
f 4043/3315/1431 4061/3322/1441 4062/3324/1442
f 4036/3296/1432 3940/2645/716 4055/3325/1443
f 4050/3326/1430 4070/3327/1801 4051/3328/1433
f 4044/3300/1434 4062/3324/1442 4063/3329/1802
f 4037/3297/1435 4055/3325/1443 4056/3330/1446
f 4051/3328/1433 4071/3331/1447 4052/3299/1436
f 4045/3301/1437 4063/3329/1802 4064/3332/1448
f 4038/3302/1438 4056/3330/1446 4057/3333/1449
f 4052/3299/1436 4072/3334/1450 4053/3303/1439
f 4045/3301/1437 4065/3335/1451 4046/3304/1440
f 4039/3305/1423 4057/3333/1449 4058/3336/1803
f 4053/3303/1439 4073/3317/1453 4054/3306/1425
f 4046/3304/1440 4066/3337/1454 4047/3307/1422
f 4040/3309/1424 4058/3338/1803 4059/3319/1455
f 4069/3339/1459 4089/3340/1472 4070/3327/1801
f 4063/3329/1802 4081/3341/1470 4082/3342/1473
f 4056/3330/1446 4074/3343/1804 4075/3344/1474
f 4070/3327/1801 4090/3345/1475 4071/3331/1447
f 4064/3332/1448 4082/3342/1473 4083/3346/1476
f 4057/3333/1449 4075/3344/1474 4076/3347/1460
f 4071/3331/1447 4091/3348/1477 4072/3334/1450
f 4064/3332/1448 4084/3349/1478 4065/3335/1451
f 4058/3336/1803 4076/3347/1460 4077/3350/1461
f 4072/3334/1450 4092/3351/1805 4073/3317/1453
f 4065/3335/1451 4085/3352/1463 4066/3337/1454
f 4059/3353/1455 4077/3350/1461 4078/3354/1464
f 3692/2674/867 4073/3317/1453 4092/3351/1805
f 4066/3337/1454 4086/3355/1465 4067/3318/1456
f 4060/3320/1457 4078/3356/1464 4079/3357/1466
f 4067/3318/1456 4087/3358/1467 4068/3321/1458
f 4061/3322/1441 4079/3357/1466 4080/3359/1468
f 4068/3321/1458 4088/3360/1469 4069/3323/1459
f 4062/3324/1442 4080/3359/1468 4081/3341/1470
f 4055/3325/1443 3940/2645/716 4074/3343/1804
f 4084/3361/1478 4104/3362/1493 4085/3363/1463
f 4078/3354/1464 4096/3364/1491 4097/3365/1494
f 3692/2674/867 4092/3351/1805 4111/3366/1806
f 4085/3363/1463 4105/3367/1495 4086/3368/1465
f 4079/3369/1466 4097/3365/1494 4098/3370/1496
f 4086/3368/1465 4106/3371/1497 4087/3372/1467
f 4080/3359/1468 4098/3373/1496 4099/3374/1480
f 4087/3372/1467 4107/3375/1479 4088/3376/1469
f 4081/3341/1470 4099/3374/1480 4100/3377/1481
f 4074/3343/1804 3940/2645/716 4093/3378/1482
f 4088/3379/1469 4108/3380/1483 4089/3340/1472
f 4082/3342/1473 4100/3377/1481 4101/3381/1484
f 4075/3344/1474 4093/3378/1482 4094/3382/1485
f 4089/3340/1472 4109/3383/1807 4090/3345/1475
f 4083/3384/1476 4101/3385/1484 4102/3386/1487
f 4076/3347/1460 4094/3382/1485 4095/3387/1488
f 4090/3345/1475 4110/3388/1489 4091/3348/1477
f 4083/3384/1476 4103/3389/1490 4084/3361/1478
f 4077/3350/1461 4095/3387/1488 4096/3364/1491
f 4091/3348/1477 4111/3366/1806 4092/3351/1805
f 4100/3390/1481 4118/3391/1508 4119/3392/1510
f 4093/3378/1482 3940/2645/716 4112/3393/1511
f 4107/3394/1479 4127/3395/1512 4108/3380/1483
f 4101/3385/1484 4119/3392/1510 4120/3396/1513
f 4094/3382/1485 4112/3393/1511 4113/3397/1514
f 4108/3380/1483 4128/3398/1515 4109/3383/1807
f 4102/3386/1487 4120/3396/1513 4121/3399/1516
f 4095/3387/1488 4113/3397/1514 4114/3400/1500
f 4109/3383/1807 4129/3401/1498 4110/3388/1489
f 4102/3386/1487 4122/3402/1499 4103/3389/1490
f 4096/3364/1491 4114/3400/1500 4115/3403/1501
f 4110/3388/1489 4130/3404/1502 4111/3366/1806
f 4103/3389/1490 4123/3405/1503 4104/3362/1493
f 4097/3365/1494 4115/3403/1501 4116/3406/1504
f 3692/2674/867 4111/3366/1806 4130/3404/1502
f 4104/3362/1493 4124/3407/1505 4105/3367/1495
f 4098/3370/1496 4116/3406/1504 4117/3408/1506
f 4105/3367/1495 4125/3409/1507 4106/3371/1497
f 4099/3410/1480 4117/3411/1506 4118/3391/1508
f 4106/3371/1497 4126/3412/1509 4107/3375/1479
f 4115/3403/1501 4133/3413/1528 4134/3414/1531
f 4129/3401/1498 4149/3415/1532 4130/3404/1502
f 4122/3402/1499 4142/3416/1533 4123/3405/1503
f 4116/3406/1504 4134/3414/1531 4135/3417/1534
f 3692/2674/867 4130/3404/1502 4149/3415/1532
f 4123/3405/1503 4143/3418/1535 4124/3407/1505
f 4117/3408/1506 4135/3417/1534 4136/3419/1518
f 4124/3407/1505 4144/3420/1517 4125/3409/1507
f 4118/3391/1508 4136/3421/1518 4137/3422/1519
f 4125/3409/1507 4145/3423/1520 4126/3412/1509
f 4119/3392/1510 4137/3422/1519 4138/3424/1521
f 4112/3393/1511 3940/2645/716 4131/3425/1522
f 4126/3426/1509 4146/3427/1523 4127/3395/1512
f 4120/3396/1513 4138/3424/1521 4139/3428/1524
f 4113/3397/1514 4131/3425/1522 4132/3429/1525
f 4127/3395/1512 4147/3430/1526 4128/3398/1515
f 4121/3399/1516 4139/3428/1524 4140/3431/1527
f 4114/3400/1500 4132/3429/1525 4133/3413/1528
f 4128/3398/1515 4148/3432/1529 4129/3401/1498
f 4121/3399/1516 4141/3433/1530 4122/3402/1499
f 4144/3420/1517 4164/3434/1550 4145/3423/1520
f 4138/3424/1521 4156/3435/1549 4157/3436/1551
f 4131/3425/1522 3940/2645/716 4150/3437/1552
f 4145/3438/1520 4165/3439/1553 4146/3427/1523
f 4139/3428/1524 4157/3436/1551 4158/3440/1536
f 4132/3429/1525 4150/3437/1552 4151/3441/1538
f 4146/3427/1523 4166/3442/1554 4147/3430/1526
f 4140/3431/1527 4158/3440/1536 4159/3443/1537
f 4133/3413/1528 4151/3441/1538 4152/3444/1539
f 4147/3430/1526 4167/3445/1540 4148/3432/1529
f 4140/3431/1527 4160/3446/1541 4141/3433/1530
f 4134/3414/1531 4152/3444/1539 4153/3447/1542
f 4148/3432/1529 4168/3448/1543 4149/3415/1532
f 4141/3433/1530 4161/3449/1544 4142/3416/1533
f 4135/3417/1534 4153/3447/1542 4154/3450/1545
f 3692/2674/867 4149/3415/1532 4168/3448/1543
f 4142/3416/1533 4162/3451/1546 4143/3418/1535
f 4136/3421/1518 4154/3452/1545 4155/3453/1547
f 4143/3418/1535 4163/3454/1548 4144/3420/1517
f 4137/3422/1519 4155/3453/1547 4156/3435/1549
f 4160/3446/1541 4178/3455/1566 4179/3456/1569
f 4152/3444/1539 4172/3457/1570 4153/3447/1542
f 4168/3448/1543 4186/3458/1568 4187/3459/1571
f 4161/3449/1544 4179/3456/1569 4180/3460/1572
f 4153/3447/1542 4173/3461/1573 4154/3450/1545
f 3692/2674/867 4168/3448/1543 4187/3459/1571
f 4162/3451/1546 4180/3460/1572 4181/3462/1556
f 4154/3452/1545 4174/3463/1555 4155/3453/1547
f 4163/3454/1548 4181/3462/1556 4182/3464/1557
f 4155/3453/1547 4175/3465/1558 4156/3435/1549
f 4164/3434/1550 4182/3464/1557 4183/3466/1559
f 4156/3435/1549 4176/3467/1560 4157/3436/1551
f 4150/3437/1552 3940/2645/716 4169/3468/1561
f 4165/3439/1553 4183/3469/1559 4184/3470/1562
f 4157/3436/1551 4177/3471/1563 4158/3440/1536
f 4150/3437/1552 4170/3472/1564 4151/3441/1538
f 4166/3442/1554 4184/3470/1562 4185/3473/1565
f 4158/3440/1536 4178/3455/1566 4159/3443/1537
f 4151/3441/1538 4171/3474/1567 4152/3444/1539
f 4167/3445/1540 4185/3473/1565 4186/3458/1568
f 4174/3463/1555 4194/3475/1588 4175/3465/1558
f 4183/3466/1559 4201/3476/1587 4202/3477/1589
f 4175/3465/1558 4195/3478/1590 4176/3467/1560
f 4169/3468/1561 3940/2645/716 4188/3479/1591
f 4184/3470/1562 4202/3480/1589 4203/3481/1575
f 4176/3467/1560 4196/3482/1592 4177/3471/1563
f 4169/3468/1561 4189/3483/1574 4170/3472/1564
f 4185/3473/1565 4203/3481/1575 4204/3484/1576
f 4177/3471/1563 4197/3485/1577 4178/3455/1566
f 4170/3472/1564 4190/3486/1578 4171/3474/1567
f 4186/3458/1568 4204/3484/1576 4205/3487/1579
f 4179/3456/1569 4197/3485/1577 4198/3488/1580
f 4171/3474/1567 4191/3489/1581 4172/3457/1570
f 4187/3459/1571 4205/3487/1579 4206/3490/1582
f 4180/3460/1572 4198/3488/1580 4199/3491/1583
f 4172/3457/1570 4192/3492/1584 4173/3461/1573
f 3692/2674/867 4187/3459/1571 4206/3490/1582
f 4181/3462/1556 4199/3491/1583 4200/3493/1585
f 4173/3494/1573 4193/3495/1586 4174/3463/1555
f 4182/3464/1557 4200/3493/1585 4201/3476/1587
f 4189/3483/1574 4209/3496/1606 4190/3486/1578
f 4205/3487/1579 4223/3497/1604 4224/3498/1607
f 4198/3488/1580 4216/3499/1605 4217/3500/1608
f 4190/3486/1578 4210/3501/1609 4191/3489/1581
f 4206/3490/1582 4224/3498/1607 4225/3502/1610
f 4199/3491/1583 4217/3500/1608 4218/3503/1593
f 4191/3489/1581 4211/3504/1611 4192/3492/1584
f 3692/2674/867 4206/3490/1582 4225/3502/1610
f 4200/3493/1585 4218/3503/1593 4219/3505/1594
f 4192/3506/1584 4212/3507/1595 4193/3495/1586
f 4201/3476/1587 4219/3505/1594 4220/3508/1596
f 4193/3495/1586 4213/3509/1597 4194/3475/1588
f 4202/3477/1589 4220/3508/1596 4221/3510/1598
f 4194/3475/1588 4214/3511/1599 4195/3478/1590
f 4188/3479/1591 3940/2645/716 4207/3512/1600
f 4203/3481/1575 4221/3513/1598 4222/3514/1601
f 4195/3478/1590 4215/3515/1602 4196/3482/1592
f 4188/3479/1591 4208/3516/1603 4189/3483/1574
f 4204/3484/1576 4222/3514/1601 4223/3497/1604
f 4196/3482/1592 4216/3499/1605 4197/3485/1577
f 4220/3508/1596 4238/3517/1624 4239/3518/1626
f 4212/3507/1595 4232/3519/1627 4213/3509/1597
f 4221/3510/1598 4239/3518/1626 4240/3520/1628
f 4213/3509/1597 4233/3521/1629 4214/3511/1599
f 4207/3512/1600 3940/2645/716 4226/3522/1808
f 4222/3514/1601 4240/3523/1628 4241/3524/1614
f 4214/3511/1599 4234/3525/1612 4215/3515/1602
f 4207/3512/1600 4227/3526/1613 4208/3516/1603
f 4223/3497/1604 4241/3524/1614 4242/3527/1615
f 4215/3515/1602 4235/3528/1616 4216/3499/1605
f 4208/3516/1603 4228/3529/1617 4209/3496/1606
f 4224/3498/1607 4242/3527/1615 4243/3530/1618
f 4217/3500/1608 4235/3528/1616 4236/3531/1619
f 4209/3496/1606 4229/3532/1620 4210/3501/1609
f 4225/3502/1610 4243/3530/1618 4244/3533/1809
f 4218/3503/1593 4236/3531/1619 4237/3534/1622
f 4210/3501/1609 4230/3535/1623 4211/3504/1611
f 3692/2674/867 4225/3502/1610 4244/3533/1809
f 4219/3505/1594 4237/3534/1622 4238/3517/1624
f 4211/3504/1611 4231/3536/1625 4212/3537/1595
f 4242/3527/1615 4260/3538/1810 4261/3539/1643
f 4234/3540/1612 4254/3541/1811 4235/3542/1616
f 4227/3526/1613 4247/3543/1645 4228/3529/1617
f 3692/2674/867 4244/3533/1809 4263/3544/1646
f 4243/3530/1618 4261/3539/1643 4262/3545/1647
f 4236/3531/1619 4254/3546/1811 4255/3547/1648
f 4228/3529/1617 4248/3548/1649 4229/3532/1620
f 4244/3533/1809 4262/3545/1647 4263/3544/1646
f 4237/3534/1622 4255/3547/1648 4256/3549/1632
f 4229/3532/1620 4249/3550/1631 4230/3535/1623
f 4238/3517/1624 4256/3549/1632 4257/3551/1633
f 4230/3535/1623 4250/3552/1634 4231/3536/1625
f 4239/3518/1626 4257/3551/1633 4258/3553/1635
f 4231/3554/1625 4251/3555/1636 4232/3556/1627
f 4240/3520/1628 4258/3553/1635 4259/3557/1637
f 4232/3556/1627 4252/3558/1638 4233/3559/1629
f 4226/3522/1808 3940/2645/716 4245/3560/1639
f 4241/3524/1614 4259/3561/1637 4260/3538/1810
f 4233/3559/1629 4253/3562/1641 4234/3540/1612
f 4226/3522/1808 4246/3563/1642 4227/3526/1613
f 4259/3564/1637 4277/3565/1661 4278/3566/1663
f 4251/3555/1636 4271/3567/1664 4252/3558/1638
f 4245/3560/1639 3940/2645/716 4264/3568/1665
f 4260/3569/1810 4278/3566/1663 4279/3570/1666
f 4252/3558/1638 4272/3571/1667 4253/3562/1641
f 4245/3560/1639 4265/3572/1668 4246/3563/1642
f 4261/3539/1643 4279/3573/1666 4280/3574/1651
f 4253/3562/1641 4273/3575/1653 4254/3541/1811
f 4246/3563/1642 4266/3576/1650 4247/3543/1645
f 4262/3545/1647 4280/3574/1651 4281/3577/1652
f 4255/3578/1648 4273/3575/1653 4274/3579/1654
f 4247/3543/1645 4267/3580/1655 4248/3548/1649
f 4263/3544/1646 4281/3577/1652 4282/3581/1656
f 4256/3582/1632 4274/3579/1654 4275/3583/1657
f 4248/3548/1649 4268/3584/1658 4249/3550/1631
f 3692/2674/867 4263/3544/1646 4282/3581/1656
f 4257/3585/1633 4275/3583/1657 4276/3586/1659
f 4249/3587/1631 4269/3588/1660 4250/3589/1634
f 4258/3590/1635 4276/3586/1659 4277/3565/1661
f 4250/3589/1634 4270/3591/1662 4251/3555/1636
f 4274/3579/1654 4292/3592/1679 4293/3593/1682
f 4266/3576/1650 4286/3594/1683 4267/3580/1655
f 4282/3581/1656 4300/3595/1812 4301/3596/1684
f 4275/3583/1657 4293/3593/1682 4294/3597/1685
f 4267/3580/1655 4287/3598/1686 4268/3584/1658
f 3692/2674/867 4282/3581/1656 4301/3596/1684
f 4276/3586/1659 4294/3597/1685 4295/3599/1669
f 4268/3600/1658 4288/3601/1687 4269/3588/1660
f 4277/3565/1661 4295/3599/1669 4296/3602/1670
f 4269/3588/1660 4289/3603/1671 4270/3591/1662
f 4278/3566/1663 4296/3602/1670 4297/3604/1672
f 4270/3591/1662 4290/3605/1673 4271/3567/1664
f 4264/3568/1665 3940/2645/716 4283/3606/1674
f 4279/3570/1666 4297/3604/1672 4298/3607/1675
f 4271/3567/1664 4291/3608/1676 4272/3571/1667
f 4264/3568/1665 4284/3609/1677 4265/3572/1668
f 4280/3574/1651 4298/3610/1675 4299/3611/1678
f 4272/3571/1667 4292/3592/1679 4273/3575/1653
f 4265/3572/1668 4285/3612/1680 4266/3576/1650
f 4281/3577/1652 4299/3611/1678 4300/3595/1812
f 4288/3601/1687 4308/3613/1701 4289/3603/1671
f 4297/3604/1672 4315/3614/1700 4316/3615/1702
f 4289/3603/1671 4309/3616/1703 4290/3605/1673
f 4283/3606/1674 3940/2645/716 4302/3617/1704
f 4298/3607/1675 4316/3615/1702 4317/3618/1688
f 4290/3605/1673 4310/3619/1705 4291/3608/1676
f 4283/3606/1674 4303/3620/1706 4284/3609/1677
f 4299/3611/1678 4317/3621/1688 4318/3622/1689
f 4291/3608/1676 4311/3623/1690 4292/3592/1679
f 4284/3609/1677 4304/3624/1691 4285/3612/1680
f 4300/3595/1812 4318/3622/1689 4319/3625/1692
f 4293/3593/1682 4311/3623/1690 4312/3626/1693
f 4285/3612/1680 4305/3627/1694 4286/3594/1683
f 4301/3596/1684 4319/3625/1692 4320/3628/1695
f 4294/3597/1685 4312/3626/1693 4313/3629/1696
f 4286/3630/1683 4306/3631/1697 4287/3632/1686
f 3692/2674/867 4301/3596/1684 4320/3628/1695
f 4295/3599/1669 4313/3629/1696 4314/3633/1698
f 4287/3632/1686 4307/3634/1699 4288/3601/1687
f 4296/3602/1670 4314/3633/1698 4315/3614/1700
f 4303/3620/1706 4323/3635/1720 4304/3624/1691
f 4319/3625/1692 4337/3636/1718 4338/3637/1721
f 4312/3626/1693 4330/3638/1719 4331/3639/1722
f 4304/3624/1691 4324/3640/1723 4305/3627/1694
f 4320/3628/1695 4338/3637/1721 4339/3641/1724
f 4313/3629/1696 4331/3639/1722 4332/3642/1707
f 4305/3643/1694 4325/3644/1725 4306/3631/1697
f 3692/2674/867 4320/3628/1695 4339/3641/1724
f 4314/3633/1698 4332/3642/1707 4333/3645/1708
f 4306/3631/1697 4326/3646/1709 4307/3634/1699
f 4315/3614/1700 4333/3645/1708 4334/3647/1710
f 4307/3634/1699 4327/3648/1711 4308/3613/1701
f 4316/3615/1702 4334/3647/1710 4335/3649/1712
f 4308/3613/1701 4328/3650/1713 4309/3616/1703
f 4302/3617/1704 3940/2645/716 4321/3651/1714
f 4317/3618/1688 4335/3649/1712 4336/3652/1715
f 4309/3616/1703 4329/3653/1716 4310/3619/1705
f 4302/3617/1704 4322/3654/1717 4303/3620/1706
f 4318/3655/1689 4336/3652/1715 4337/3656/1718
f 4310/3619/1705 4330/3638/1719 4311/3623/1690
f 4334/3647/1710 4352/3657/1738 4353/3658/1740
f 4326/3646/1709 4346/3659/1741 4327/3648/1711
f 4335/3649/1712 4353/3658/1740 4354/3660/1742
f 4327/3648/1711 4347/3661/1743 4328/3650/1713
f 4321/3651/1714 3940/2645/716 4340/3662/1744
f 4336/3652/1715 4354/3660/1742 4355/3663/1728
f 4328/3650/1713 4348/3664/1726 4329/3653/1716
f 4321/3651/1714 4341/3665/1727 4322/3654/1717
f 4337/3656/1718 4355/3663/1728 4356/3666/1729
f 4329/3653/1716 4349/3667/1730 4330/3638/1719
f 4322/3654/1717 4342/3668/1731 4323/3635/1720
f 4338/3637/1721 4356/3669/1729 4357/3670/1732
f 4331/3639/1722 4349/3667/1730 4350/3671/1733
f 4323/3635/1720 4343/3672/1734 4324/3640/1723
f 4339/3641/1724 4357/3670/1732 4358/3673/1735
f 4332/3642/1707 4350/3671/1733 4351/3674/1736
f 4324/3675/1723 4344/3676/1737 4325/3644/1725
f 3692/2674/867 4339/3641/1724 4358/3673/1735
f 4333/3645/1708 4351/3674/1736 4352/3657/1738
f 4325/3644/1725 4345/3677/1739 4326/3646/1709
f 4348/3664/1726 4368/3678/1759 4349/3667/1730
f 4341/3665/1727 4361/3679/1760 4342/3668/1731
f 4357/3670/1732 4375/3680/1758 4376/3681/1761
f 4350/3671/1733 4368/3678/1759 4369/3682/1762
f 4342/3668/1731 4362/3683/1763 4343/3672/1734
f 4358/3673/1735 4376/3681/1761 4377/3684/1746
f 4351/3674/1736 4369/3682/1762 4370/3685/1747
f 4343/3686/1734 4363/3687/1813 4344/3676/1737
f 3692/2674/867 4358/3673/1735 4377/3684/1746
f 4352/3657/1738 4370/3685/1747 4371/3688/1748
f 4344/3676/1737 4364/3689/1749 4345/3677/1739
f 4353/3658/1740 4371/3688/1748 4372/3690/1750
f 4345/3677/1739 4365/3691/1751 4346/3659/1741
f 4354/3660/1742 4372/3690/1750 4373/3692/1752
f 4346/3659/1741 4366/3693/1753 4347/3661/1743
f 4340/3662/1744 3940/2645/716 4359/3694/1754
f 4355/3663/1728 4373/3692/1752 4374/3695/1755
f 4347/3661/1743 4367/3696/1756 4348/3664/1726
f 4340/3662/1744 4360/3697/1757 4341/3665/1727
f 4356/3666/1729 4374/3695/1755 4375/3698/1758
f 4363/3687/1813 4382/2677/870 4364/3689/1749
f 4372/3690/1750 4386/2676/869 4387/2680/873
f 4364/3689/1749 4383/2681/874 4365/3691/1751
f 4373/3692/1752 4387/2680/873 3479/2647/877
f 4365/3691/1751 3476/2641/878 4366/3693/1753
f 4359/3694/1754 3940/2645/716 4378/2644/880
f 4374/3695/1755 3479/2647/877 3480/2649/883
f 4366/3693/1753 3477/2650/884 4367/3696/1756
f 4359/3694/1754 4379/2652/886 4360/3697/1757
f 4375/3698/1758 3480/2649/883 4388/2655/853
f 4367/3696/1756 4384/2656/417 4368/3678/1759
f 4360/3697/1757 4380/2658/890 4361/3679/1760
f 4376/3681/1761 4388/2660/853 3481/2662/855
f 4369/3682/1762 4384/2656/417 4385/2664/857
f 4361/3679/1760 3475/2665/858 4362/3683/1763
f 4377/3684/1746 3481/2662/855 3482/2668/862
f 4370/3685/1747 4385/2664/857 3478/2670/864
f 4362/3699/1763 4381/2671/865 4363/3687/1813
f 3692/2674/867 4377/3684/1746 3482/2668/862
f 4371/3688/1748 3478/2670/864 4386/2676/869
f 539/798/404 540/798/404 530/798/405
f 530/798/406 540/798/424 541/798/407
f 531/798/408 541/798/408 542/798/408
f 542/798/409 543/798/426 533/798/410
f 543/798/411 544/798/411 534/798/412
f 534/798/413 544/798/414 545/798/414
f 535/798/415 545/798/429 546/798/416
f 546/798/417 547/798/417 537/798/417
f 537/798/418 547/798/431 548/798/419
f 538/798/420 548/798/421 539/798/421
f 549/798/422 550/798/435 540/798/404
f 550/798/423 551/798/423 541/798/407
f 541/798/408 551/798/408 552/798/408
f 552/798/425 553/798/438 543/798/426
f 543/798/411 553/798/427 554/798/427
f 554/798/428 555/798/441 545/798/414
f 545/798/429 555/798/430 556/798/430
f 556/798/417 557/798/417 547/798/417
f 547/798/431 557/798/432 558/798/432
f 548/798/421 558/798/444 549/798/433
f 559/798/434 560/798/447 550/798/435
f 560/798/436 561/798/436 551/798/423
f 561/798/408 562/798/408 552/798/408
f 552/798/425 562/798/450 563/798/437
f 563/798/439 564/798/439 554/798/427
f 564/798/440 565/798/440 555/798/441
f 555/798/430 565/798/442 566/798/442
f 556/798/417 566/798/417 567/798/417
f 567/798/443 568/798/443 558/798/432
f 558/798/444 568/798/455 559/798/445
f 569/798/446 570/798/446 560/798/447
f 560/798/436 570/798/448 571/798/448
f 561/798/408 571/798/408 572/798/408
f 572/798/449 573/798/449 563/798/437
f 573/798/451 574/798/451 564/798/439
f 564/798/440 574/798/452 575/798/452
f 575/798/453 576/798/453 566/798/442
f 576/798/417 577/798/417 567/798/417
f 577/798/454 578/798/454 568/798/443
f 568/798/455 578/798/456 569/798/456
f 569/798/446 579/798/457 580/798/457
f 580/798/458 581/798/458 571/798/448
f 571/798/408 581/798/408 582/798/408
f 582/798/459 583/798/459 573/798/449
f 583/798/460 584/798/460 574/798/451
f 574/798/452 584/798/461 585/798/461
f 585/798/462 586/798/462 576/798/453
f 586/798/417 587/798/417 577/798/417
f 577/798/454 587/798/463 588/798/463
f 578/798/456 588/798/464 579/798/464
f 589/798/465 590/798/465 580/798/457
f 590/798/466 591/798/466 581/798/458
f 591/798/408 592/798/408 582/798/408
f 592/798/467 593/798/467 583/798/459
f 593/798/468 594/798/468 584/798/460
f 584/798/461 594/798/469 595/798/469
f 595/798/470 596/798/470 586/798/462
f 586/798/417 596/798/417 597/798/417
f 587/798/463 597/798/471 598/798/471
f 588/798/464 598/798/472 589/798/472
f 599/798/473 600/798/473 590/798/465
f 590/798/466 600/798/474 601/798/474
f 601/798/408 602/798/408 592/798/408
f 602/798/475 603/798/475 593/798/467
f 593/798/468 603/798/476 604/798/476
f 594/798/469 604/798/485 605/798/477
f 595/798/470 605/798/478 606/798/478
f 596/798/417 606/798/417 607/798/417
f 607/798/479 608/798/479 598/798/471
f 598/798/472 608/798/480 599/798/480
f 609/798/481 610/798/491 600/798/473
f 600/798/474 610/798/482 611/798/482
f 601/798/408 611/798/408 612/798/408
f 612/798/483 613/798/483 603/798/475
f 603/798/476 613/798/484 614/798/484
f 604/798/485 614/798/495 615/798/486
f 605/798/478 615/798/487 616/798/487
f 616/798/417 617/798/417 607/798/417
f 617/798/488 618/798/488 608/798/479
f 608/798/480 618/798/499 609/798/489
f 619/798/490 620/798/490 610/798/491
f 610/798/482 620/798/492 621/798/492
f 621/798/408 622/798/408 612/798/408
f 612/798/483 622/798/504 623/798/493
f 623/798/494 624/798/506 614/798/484
f 614/798/495 624/798/508 625/798/496
f 625/798/497 626/798/510 616/798/487
f 616/798/417 626/798/417 627/798/417
f 627/798/498 628/798/498 618/798/488
f 618/798/499 628/798/513 619/798/500
f 629/798/501 630/798/501 620/798/490
f 620/798/492 630/798/502 631/798/502
f 621/798/408 631/798/408 632/798/408
f 632/798/503 633/798/503 623/798/493
f 633/798/505 634/798/518 624/798/506
f 634/798/507 635/798/507 625/798/496
f 625/798/497 635/798/509 636/798/509
f 636/798/417 637/798/417 627/798/417
f 627/798/498 637/798/511 638/798/511
f 638/798/512 629/798/512 619/798/500
f 639/798/514 640/798/514 630/798/501
f 640/798/515 641/798/515 631/798/502
f 641/798/408 642/798/408 632/798/408
f 642/798/516 643/798/516 633/798/503
f 643/798/517 644/798/517 634/798/518
f 634/798/507 644/798/519 645/798/519
f 635/798/509 645/798/520 646/798/520
f 636/798/417 646/798/417 647/798/417
f 637/798/511 647/798/521 648/798/521
f 638/798/512 648/798/522 639/798/522
f 639/798/514 649/798/523 650/798/523
f 640/798/515 650/798/524 651/798/524
f 641/798/408 651/798/408 652/798/408
f 652/798/525 653/798/525 643/798/516
f 643/798/517 653/798/526 654/798/526
f 644/798/519 654/798/527 655/798/527
f 645/798/520 655/798/528 656/798/528
f 656/798/417 657/798/417 647/798/417
f 657/798/529 658/798/529 648/798/521
f 658/798/530 649/798/530 639/798/522
f 659/798/531 660/798/531 650/798/523
f 660/798/532 661/798/532 651/798/524
f 661/798/408 662/798/408 652/798/408
f 662/798/533 663/798/533 653/798/525
f 663/798/534 664/798/534 654/798/526
f 664/798/535 665/798/535 655/798/527
f 655/798/528 665/798/536 666/798/536
f 656/798/417 666/798/417 667/798/417
f 657/798/529 667/798/537 668/798/537
f 658/798/530 668/798/538 659/798/538
f 659/798/531 669/798/539 670/798/539
f 660/798/532 670/798/540 671/798/540
f 661/798/408 671/798/408 672/798/408
f 662/798/533 672/798/541 673/798/541
f 663/798/534 673/798/550 674/798/542
f 674/798/543 675/798/553 665/798/535
f 675/798/544 676/798/544 666/798/536
f 676/798/417 677/798/417 667/798/417
f 677/798/545 678/798/545 668/798/537
f 668/798/538 678/798/556 669/798/546
f 679/798/547 680/798/547 670/798/539
f 680/798/548 681/798/548 671/798/540
f 681/798/408 682/798/408 672/798/408
f 672/798/541 682/798/561 683/798/549
f 673/798/550 683/798/562 684/798/551
f 684/798/552 685/798/565 675/798/553
f 685/798/554 686/798/567 676/798/544
f 676/798/417 686/798/417 687/798/417
f 677/798/545 687/798/555 688/798/555
f 678/798/556 688/798/557 679/798/557
f 689/798/558 690/798/558 680/798/547
f 690/798/559 691/798/559 681/798/548
f 681/798/408 691/798/408 692/798/408
f 692/798/560 693/798/560 683/798/549
f 683/798/562 693/798/563 694/798/563
f 694/798/564 695/798/564 685/798/565
f 685/798/554 695/798/566 696/798/566
f 696/798/417 697/798/417 687/798/417
f 687/798/555 697/798/568 698/798/568
f 688/798/557 698/798/569 689/798/569
f 689/798/558 699/798/570 700/798/570
f 700/798/571 701/798/571 691/798/559
f 701/798/408 702/798/408 692/798/408
f 692/798/560 702/798/572 703/798/572
f 703/798/573 704/798/573 694/798/563
f 694/798/564 704/798/574 705/798/574
f 705/798/575 706/798/575 696/798/566
f 696/798/417 706/798/417 707/798/417
f 697/798/568 707/798/576 708/798/576
f 708/798/577 699/798/577 689/798/569
f 699/798/570 709/798/578 710/798/578
f 710/798/579 711/798/579 701/798/571
f 701/798/408 711/798/408 712/798/408
f 702/798/572 712/798/580 713/798/580
f 713/798/581 714/798/581 704/798/573
f 704/798/574 714/798/582 715/798/582
f 715/798/583 716/798/583 706/798/575
f 716/798/417 717/798/417 707/798/417
f 707/798/576 717/798/584 718/798/584
f 718/798/585 709/798/585 699/798/577
f 709/798/578 719/798/586 720/798/586
f 720/798/587 721/798/587 711/798/579
f 711/798/408 721/798/408 722/798/408
f 712/798/580 722/798/588 723/798/588
f 723/798/589 724/798/589 714/798/581
f 714/798/582 724/798/590 725/798/590
f 725/798/591 726/798/591 716/798/583
f 726/798/417 727/798/417 717/798/417
f 717/798/584 727/798/592 728/798/592
f 728/798/593 719/798/593 709/798/585
f 729/798/594 730/798/594 720/798/586
f 720/798/587 730/798/595 731/798/595
f 731/798/408 732/798/408 722/798/408
f 722/798/588 732/798/596 733/798/596
f 723/798/589 733/798/597 734/798/597
f 734/798/598 735/798/598 725/798/590
f 725/798/591 735/798/599 736/798/599
f 726/798/417 736/798/417 737/798/417
f 737/798/600 738/798/600 728/798/592
f 728/798/593 738/798/601 729/798/601
f 739/798/602 740/798/602 730/798/594
f 740/798/603 741/798/603 731/798/595
f 741/798/408 742/798/408 732/798/408
f 732/798/596 742/798/604 743/798/604
f 733/798/597 743/798/605 744/798/605
f 744/798/606 745/798/606 735/798/598
f 745/798/607 746/798/607 736/798/599
f 736/798/417 746/798/417 747/798/417
f 747/798/608 748/798/608 738/798/600
f 738/798/601 748/798/609 739/798/609
f 749/798/610 750/798/619 740/798/602
f 750/798/611 751/798/611 741/798/603
f 741/798/408 751/798/408 752/798/408
f 742/798/604 752/798/612 753/798/612
f 753/798/613 754/798/623 744/798/605
f 754/798/614 755/798/614 745/798/606
f 755/798/615 756/798/615 746/798/607
f 756/798/417 757/798/417 747/798/417
f 747/798/608 757/798/616 758/798/616
f 748/798/609 758/798/628 749/798/617
f 749/798/610 759/798/618 760/798/618
f 750/798/611 760/798/620 761/798/620
f 761/798/408 762/798/408 752/798/408
f 752/798/612 762/798/629 763/798/621
f 763/798/622 764/798/622 754/798/623
f 754/798/614 764/798/624 765/798/624
f 765/798/625 766/798/630 756/798/615
f 756/798/417 766/798/417 767/798/417
f 757/798/616 767/798/631 768/798/626
f 768/798/627 759/798/627 749/798/617
f 759/798/618 769/798/412 770/798/412
f 760/798/620 770/798/410 771/798/410
f 771/798/408 772/798/408 762/798/408
f 762/798/629 772/798/406 773/798/406
f 763/798/622 773/798/405 774/798/405
f 774/798/420 775/798/420 765/798/624
f 775/798/418 776/798/418 766/798/630
f 766/798/417 776/798/417 777/798/417
f 777/798/415 778/798/415 768/798/626
f 778/798/413 769/798/413 759/798/627
f 769/798/412 779/798/411 780/798/411
f 780/798/409 781/798/409 771/798/410
f 771/798/408 781/798/408 782/798/408
f 782/798/424 783/798/407 773/798/406
f 783/798/404 784/798/404 774/798/405
f 774/798/420 784/798/421 785/798/421
f 775/798/418 785/798/431 786/798/419
f 786/798/417 787/798/417 777/798/417
f 777/798/415 787/798/416 788/798/416
f 788/798/414 779/798/414 769/798/413
f 789/798/632 790/798/632 780/798/411
f 780/798/409 790/798/425 791/798/425
f 781/798/408 791/798/408 792/798/408
f 792/798/423 793/798/635 783/798/407
f 793/798/633 794/798/633 784/798/404
f 794/798/634 795/798/634 785/798/421
f 795/798/432 796/798/432 786/798/419
f 796/798/417 797/798/417 787/798/417
f 797/798/430 798/798/430 788/798/416
f 798/798/428 789/798/637 779/798/414
f 789/798/632 799/798/439 800/798/439
f 790/798/425 800/798/437 801/798/437
f 801/798/408 802/798/408 792/798/408
f 792/798/423 802/798/436 803/798/436
f 793/798/633 803/798/447 804/798/447
f 794/798/634 804/798/445 805/798/455
f 795/798/432 805/798/443 806/798/443
f 796/798/417 806/798/417 807/798/417
f 807/798/442 808/798/442 798/798/430
f 808/798/636 799/798/440 789/798/637
f 809/798/451 810/798/451 800/798/439
f 800/798/437 810/798/449 811/798/449
f 801/798/408 811/798/408 812/798/408
f 812/798/448 813/798/448 803/798/436
f 813/798/446 814/798/446 804/798/447
f 804/798/445 814/798/456 815/798/456
f 805/798/443 815/798/454 816/798/454
f 816/798/417 817/798/417 807/798/417
f 807/798/442 817/798/453 818/798/453
f 818/798/452 809/798/452 799/798/440
f 819/798/460 820/798/460 810/798/451
f 820/798/459 821/798/459 811/798/449
f 811/798/408 821/798/408 822/798/408
f 822/798/458 823/798/458 813/798/448
f 823/798/457 824/798/457 814/798/446
f 814/798/456 824/798/464 825/798/464
f 825/798/463 826/798/463 816/798/454
f 826/798/417 827/798/417 817/798/417
f 817/798/453 827/798/462 828/798/462
f 818/798/452 828/798/461 819/798/461
f 819/798/460 829/798/468 830/798/468
f 820/798/459 830/798/467 831/798/467
f 831/798/408 832/798/408 822/798/408
f 832/798/466 833/798/466 823/798/458
f 823/798/457 833/798/465 834/798/465
f 834/798/472 835/798/472 825/798/464
f 825/798/463 835/798/471 836/798/471
f 826/798/417 836/798/417 837/798/417
f 827/798/462 837/798/470 838/798/470
f 828/798/461 838/798/469 829/798/469
f 839/798/476 840/798/476 830/798/468
f 830/798/467 840/798/475 841/798/475
f 841/798/408 842/798/408 832/798/408
f 842/798/474 843/798/474 833/798/466
f 833/798/465 843/798/473 844/798/473
f 844/798/480 845/798/638 835/798/472
f 835/798/471 845/798/479 846/798/479
f 836/798/417 846/798/417 847/798/417
f 847/798/478 848/798/478 838/798/470
f 838/798/469 848/798/485 839/798/485
f 849/798/484 850/798/484 840/798/476
f 840/798/475 850/798/483 851/798/483
f 841/798/408 851/798/408 852/798/408
f 842/798/474 852/798/482 853/798/482
f 853/798/491 854/798/491 844/798/473
f 854/798/499 855/798/499 845/798/638
f 855/798/488 856/798/488 846/798/479
f 856/798/417 857/798/417 847/798/417
f 857/798/487 858/798/487 848/798/478
f 858/798/495 849/798/495 839/798/485
f 859/798/639 860/798/506 850/798/484
f 850/798/483 860/798/493 861/798/493
f 861/798/408 862/798/408 852/798/408
f 852/798/482 862/798/642 863/798/492
f 853/798/491 863/798/643 864/798/640
f 864/798/641 865/798/500 855/798/499
f 865/798/498 866/798/646 856/798/488
f 856/798/417 866/798/417 867/798/417
f 867/798/497 868/798/497 858/798/487
f 858/798/495 868/798/508 859/798/496
f 859/798/639 869/798/648 870/798/518
f 860/798/493 870/798/503 871/798/503
f 861/798/408 871/798/408 872/798/408
f 872/798/502 873/798/502 863/798/492
f 863/798/643 873/798/644 874/798/644
f 874/798/645 875/798/645 865/798/500
f 865/798/498 875/798/511 876/798/511
f 876/798/417 877/798/417 867/798/417
f 877/798/509 878/798/509 868/798/497
f 868/798/508 878/798/649 869/798/647
f 879/798/517 880/798/517 870/798/518
f 880/798/516 881/798/516 871/798/503
f 881/798/408 882/798/408 872/798/408
f 882/798/515 883/798/515 873/798/502
f 883/798/514 884/798/514 874/798/644
f 874/798/645 884/798/522 885/798/522
f 875/798/511 885/798/521 886/798/521
f 876/798/417 886/798/417 887/798/417
f 877/798/509 887/798/520 888/798/520
f 878/798/649 888/798/519 879/798/650
f 879/798/517 889/798/526 890/798/526
f 880/798/516 890/798/525 891/798/525
f 881/798/408 891/798/408 892/798/408
f 882/798/515 892/798/524 893/798/524
f 883/798/514 893/798/523 894/798/523
f 884/798/522 894/798/530 895/798/530
f 895/798/529 896/798/529 886/798/521
f 896/798/417 897/798/417 887/798/417
f 897/798/528 898/798/528 888/798/520
f 888/798/519 898/798/527 889/798/527
f 899/798/534 900/798/534 890/798/526
f 900/798/533 901/798/533 891/798/525
f 901/798/408 902/798/408 892/798/408
f 902/798/532 903/798/532 893/798/524
f 893/798/523 903/798/531 904/798/531
f 904/798/538 905/798/538 895/798/530
f 895/798/529 905/798/537 906/798/537
f 896/798/417 906/798/417 907/798/417
f 897/798/528 907/798/536 908/798/536
f 898/798/527 908/798/535 899/798/535
f 899/798/534 909/798/550 910/798/651
f 900/798/533 910/798/541 911/798/541
f 901/798/408 911/798/408 912/798/408
f 902/798/532 912/798/540 913/798/540
f 903/798/531 913/798/652 914/798/652
f 914/798/556 915/798/556 905/798/538
f 915/798/545 916/798/545 906/798/537
f 916/798/417 917/798/417 907/798/417
f 907/798/536 917/798/544 918/798/544
f 918/798/653 909/798/553 899/798/535
f 919/798/654 920/798/654 910/798/651
f 920/798/549 921/798/549 911/798/541
f 921/798/408 922/798/408 912/798/408
f 922/798/548 923/798/548 913/798/540
f 923/798/547 924/798/547 914/798/652
f 914/798/556 924/798/557 925/798/557
f 925/798/555 926/798/656 916/798/545
f 916/798/417 926/798/417 927/798/417
f 917/798/544 927/798/554 928/798/554
f 918/798/653 928/798/552 919/798/655
f 929/798/563 930/798/563 920/798/654
f 930/798/560 931/798/560 921/798/549
f 921/798/408 931/798/408 932/798/408
f 932/798/559 933/798/559 923/798/548
f 923/798/547 933/798/558 934/798/558
f 934/798/569 935/798/569 925/798/557
f 925/798/555 935/798/568 936/798/568
f 936/798/417 937/798/417 927/798/417
f 927/798/554 937/798/566 938/798/566
f 938/798/564 929/798/564 919/798/655
f 929/798/563 939/798/573 940/798/573
f 940/798/572 941/798/572 931/798/560
f 931/798/408 941/798/408 942/798/408
f 942/798/571 943/798/571 933/798/559
f 943/798/570 944/798/570 934/798/558
f 934/798/569 944/798/577 945/798/577
f 935/798/568 945/798/576 946/798/576
f 946/798/417 947/798/417 937/798/417
f 937/798/566 947/798/575 948/798/575
f 948/798/574 939/798/574 929/798/564
f 949/798/581 950/798/581 940/798/573
f 950/798/580 951/798/580 941/798/572
f 941/798/408 951/798/408 952/798/408
f 942/798/571 952/798/579 953/798/579
f 943/798/570 953/798/578 954/798/578
f 954/798/585 955/798/585 945/798/577
f 945/798/576 955/798/584 956/798/584
f 956/798/417 957/798/417 947/798/417
f 947/798/575 957/798/583 958/798/583
f 948/798/574 958/798/582 949/798/582
f 959/798/589 960/798/589 950/798/581
f 950/798/580 960/798/588 961/798/588
f 951/798/408 961/798/408 962/798/408
f 952/798/579 962/798/587 963/798/587
f 963/798/586 964/798/586 954/798/578
f 964/798/593 965/798/593 955/798/585
f 965/798/592 966/798/592 956/798/584
f 966/798/417 967/798/417 957/798/417
f 967/798/591 968/798/591 958/798/583
f 958/798/582 968/798/590 959/798/590
f 969/798/597 970/798/597 960/798/589
f 960/798/588 970/798/596 971/798/596
f 971/798/408 972/798/408 962/798/408
f 972/798/595 973/798/595 963/798/587
f 963/798/586 973/798/594 974/798/594
f 964/798/593 974/798/601 975/798/601
f 975/798/600 976/798/600 966/798/592
f 966/798/417 976/798/417 977/798/417
f 977/798/599 978/798/599 968/798/591
f 968/798/590 978/798/598 969/798/598
f 969/798/597 979/798/657 980/798/605
f 970/798/596 980/798/604 981/798/604
f 971/798/408 981/798/408 982/798/408
f 972/798/595 982/798/603 983/798/603
f 973/798/594 983/798/659 984/798/602
f 984/798/609 985/798/662 975/798/601
f 985/798/608 986/798/608 976/798/600
f 986/798/417 987/798/417 977/798/417
f 987/798/607 988/798/607 978/798/599
f 988/798/606 979/798/664 969/798/598
f 979/798/657 989/798/623 990/798/658
f 990/798/612 991/798/612 981/798/604
f 981/798/408 991/798/408 992/798/408
f 992/798/611 993/798/666 983/798/603
f 983/798/659 993/798/660 994/798/660
f 984/798/609 994/798/661 995/798/661
f 985/798/608 995/798/667 996/798/616
f 996/798/417 997/798/417 987/798/417
f 997/798/615 998/798/615 988/798/607
f 998/798/663 989/798/668 979/798/664
f 989/798/623 999/798/622 1000/798/622
f 990/798/612 1000/798/621 1001/798/621
f 1001/798/408 1002/798/408 992/798/408
f 1002/798/665 1003/798/620 993/798/666
f 1003/798/618 1004/798/618 994/798/660
f 994/798/661 1004/798/627 1005/798/627
f 1005/798/626 1006/798/631 996/798/616
f 996/798/417 1006/798/417 1007/798/417
f 1007/798/625 1008/798/630 998/798/615
f 1008/798/624 999/798/624 989/798/668
f 529/798/405 530/798/405 1000/798/622
f 1000/798/621 530/798/406 531/798/406
f 531/798/408 532/798/408 1002/798/408
f 1002/798/665 532/798/410 533/798/410
f 1003/798/618 533/798/412 534/798/412
f 534/798/413 535/798/413 1005/798/627
f 535/798/415 536/798/415 1006/798/631
f 1006/798/417 536/798/417 537/798/417
f 537/798/418 538/798/418 1008/798/630
f 1008/798/624 538/798/420 529/798/420
f 1201/798/405 1211/798/404 1212/798/404
f 1212/798/424 1213/798/407 1203/798/406
f 1203/798/408 1213/798/408 1214/798/408
f 1214/798/409 1215/798/409 1205/798/410
f 1215/798/411 1216/798/411 1206/798/412
f 1206/798/413 1216/798/414 1217/798/414
f 1207/798/415 1217/798/416 1218/798/416
f 1218/798/417 1219/798/417 1209/798/417
f 1209/798/418 1219/798/431 1220/798/419
f 1220/798/421 1211/798/421 1201/798/420
f 1221/798/422 1222/798/435 1212/798/404
f 1222/798/423 1223/798/423 1213/798/407
f 1213/798/408 1223/798/408 1224/798/408
f 1224/798/425 1225/798/425 1215/798/409
f 1215/798/411 1225/798/681 1226/798/632
f 1216/798/414 1226/798/428 1227/798/441
f 1217/798/416 1227/798/430 1228/798/430
f 1228/798/417 1229/798/417 1219/798/417
f 1219/798/431 1229/798/432 1230/798/432
f 1220/798/421 1230/798/444 1221/798/433
f 1221/798/422 1231/798/434 1232/798/434
f 1222/798/423 1232/798/436 1233/798/436
f 1233/798/408 1234/798/408 1224/798/408
f 1234/798/437 1235/798/437 1225/798/425
f 1225/798/681 1235/798/439 1236/798/682
f 1236/798/636 1237/798/440 1227/798/441
f 1227/798/430 1237/798/442 1238/798/442
f 1228/798/417 1238/798/417 1239/798/417
f 1229/798/432 1239/798/443 1240/798/443
f 1230/798/444 1240/798/455 1231/798/445
f 1241/798/446 1242/798/446 1232/798/434
f 1232/798/436 1242/798/448 1243/798/448
f 1233/798/408 1243/798/408 1244/798/408
f 1244/798/449 1245/798/449 1235/798/437
f 1235/798/439 1245/798/451 1246/798/451
f 1246/798/452 1247/798/452 1237/798/440
f 1237/798/442 1247/798/453 1248/798/453
f 1248/798/417 1249/798/417 1239/798/417
f 1249/798/454 1250/798/454 1240/798/443
f 1240/798/455 1250/798/456 1241/798/456
f 1251/798/457 1252/798/457 1242/798/446
f 1252/798/458 1253/798/458 1243/798/448
f 1243/798/408 1253/798/408 1254/798/408
f 1254/798/459 1255/798/459 1245/798/449
f 1255/798/460 1256/798/460 1246/798/451
f 1256/798/461 1257/798/461 1247/798/452
f 1247/798/453 1257/798/462 1258/798/462
f 1258/798/417 1259/798/417 1249/798/417
f 1249/798/454 1259/798/463 1260/798/463
f 1260/798/464 1251/798/464 1241/798/456
f 1261/798/465 1262/798/465 1252/798/457
f 1252/798/458 1262/798/466 1263/798/466
f 1263/798/408 1264/798/408 1254/798/408
f 1264/798/467 1265/798/467 1255/798/459
f 1255/798/460 1265/798/468 1266/798/468
f 1266/798/469 1267/798/469 1257/798/461
f 1257/798/462 1267/798/470 1268/798/470
f 1258/798/417 1268/798/417 1269/798/417
f 1269/798/471 1270/798/471 1260/798/463
f 1260/798/464 1270/798/472 1261/798/472
f 1271/798/473 1272/798/473 1262/798/465
f 1262/798/466 1272/798/474 1273/798/474
f 1273/798/408 1274/798/408 1264/798/408
f 1274/798/475 1275/798/475 1265/798/467
f 1265/798/468 1275/798/476 1276/798/476
f 1266/798/469 1276/798/485 1277/798/477
f 1267/798/470 1277/798/478 1278/798/478
f 1268/798/417 1278/798/417 1279/798/417
f 1279/798/479 1280/798/479 1270/798/471
f 1270/798/472 1280/798/480 1271/798/480
f 1281/798/491 1282/798/491 1272/798/473
f 1272/798/474 1282/798/482 1283/798/482
f 1273/798/408 1283/798/408 1284/798/408
f 1274/798/475 1284/798/483 1285/798/483
f 1275/798/476 1285/798/484 1286/798/484
f 1286/798/486 1287/798/683 1277/798/477
f 1287/798/487 1288/798/487 1278/798/478
f 1288/798/417 1289/798/417 1279/798/417
f 1289/798/488 1290/798/488 1280/798/479
f 1280/798/480 1290/798/499 1281/798/489
f 1281/798/491 1291/798/490 1292/798/490
f 1282/798/482 1292/798/492 1293/798/492
f 1293/798/408 1294/798/408 1284/798/408
f 1284/798/483 1294/798/504 1295/798/493
f 1295/798/494 1296/798/506 1286/798/484
f 1296/798/496 1297/798/508 1287/798/683
f 1297/798/497 1298/798/510 1288/798/487
f 1288/798/417 1298/798/417 1299/798/417
f 1299/798/498 1300/798/498 1290/798/488
f 1290/798/499 1300/798/513 1291/798/513
f 1301/798/684 1302/798/501 1292/798/490
f 1292/798/492 1302/798/502 1303/798/502
f 1293/798/408 1303/798/408 1304/798/408
f 1304/798/503 1305/798/503 1295/798/493
f 1305/798/505 1306/798/518 1296/798/506
f 1306/798/507 1307/798/507 1297/798/508
f 1297/798/497 1307/798/509 1308/798/509
f 1308/798/417 1309/798/417 1299/798/417
f 1309/798/511 1310/798/511 1300/798/498
f 1300/798/513 1310/798/687 1301/798/512
f 1301/798/684 1311/798/685 1312/798/685
f 1312/798/515 1313/798/515 1303/798/502
f 1313/798/408 1314/798/408 1304/798/408
f 1314/798/516 1315/798/516 1305/798/503
f 1315/798/517 1316/798/517 1306/798/518
f 1306/798/507 1316/798/519 1317/798/519
f 1307/798/509 1317/798/520 1318/798/520
f 1308/798/417 1318/798/417 1319/798/417
f 1309/798/511 1319/798/521 1320/798/521
f 1320/798/686 1311/798/686 1301/798/512
f 1311/798/685 1321/798/523 1322/798/523
f 1312/798/515 1322/798/524 1323/798/524
f 1313/798/408 1323/798/408 1324/798/408
f 1324/798/525 1325/798/525 1315/798/516
f 1315/798/517 1325/798/526 1326/798/526
f 1316/798/519 1326/798/527 1327/798/527
f 1317/798/520 1327/798/528 1328/798/528
f 1328/798/417 1329/798/417 1319/798/417
f 1319/798/521 1329/798/529 1330/798/529
f 1330/798/530 1321/798/530 1311/798/686
f 1331/798/531 1332/798/531 1322/798/523
f 1332/798/532 1333/798/532 1323/798/524
f 1333/798/408 1334/798/408 1324/798/408
f 1334/798/533 1335/798/533 1325/798/525
f 1325/798/526 1335/798/534 1336/798/534
f 1336/798/535 1337/798/535 1327/798/527
f 1327/798/528 1337/798/536 1338/798/536
f 1328/798/417 1338/798/417 1339/798/417
f 1339/798/537 1340/798/537 1330/798/529
f 1330/798/530 1340/798/538 1331/798/538
f 1331/798/531 1341/798/539 1342/798/652
f 1332/798/532 1342/798/540 1343/798/540
f 1333/798/408 1343/798/408 1344/798/408
f 1334/798/533 1344/798/541 1345/798/541
f 1335/798/534 1345/798/550 1346/798/542
f 1346/798/553 1347/798/553 1337/798/535
f 1347/798/544 1348/798/544 1338/798/536
f 1348/798/417 1349/798/417 1339/798/417
f 1349/798/545 1350/798/545 1340/798/537
f 1340/798/538 1350/798/556 1341/798/546
f 1341/798/539 1351/798/688 1352/798/688
f 1352/798/548 1353/798/548 1343/798/540
f 1353/798/408 1354/798/408 1344/798/408
f 1344/798/541 1354/798/561 1355/798/549
f 1345/798/550 1355/798/654 1356/798/654
f 1346/798/553 1356/798/552 1357/798/655
f 1347/798/544 1357/798/554 1358/798/554
f 1348/798/417 1358/798/417 1359/798/417
f 1359/798/555 1360/798/555 1350/798/545
f 1350/798/556 1360/798/557 1351/798/557
f 1351/798/688 1361/798/690 1362/798/558
f 1362/798/559 1363/798/559 1353/798/548
f 1353/798/408 1363/798/408 1364/798/408
f 1364/798/560 1365/798/560 1355/798/549
f 1365/798/689 1366/798/691 1356/798/654
f 1366/798/564 1367/798/564 1357/798/655
f 1357/798/554 1367/798/566 1368/798/566
f 1368/798/417 1369/798/417 1359/798/417
f 1359/798/555 1369/798/568 1370/798/568
f 1360/798/557 1370/798/569 1361/798/569
f 1361/798/690 1371/798/570 1372/798/570
f 1362/798/559 1372/798/571 1373/798/571
f 1373/798/408 1374/798/408 1364/798/408
f 1374/798/572 1375/798/572 1365/798/560
f 1375/798/573 1376/798/573 1366/798/691
f 1366/798/564 1376/798/574 1377/798/574
f 1367/798/566 1377/798/575 1378/798/575
f 1368/798/417 1378/798/417 1379/798/417
f 1369/798/568 1379/798/576 1380/798/576
f 1380/798/577 1371/798/577 1361/798/569
f 1371/798/570 1381/798/578 1382/798/578
f 1382/798/579 1383/798/579 1373/798/571
f 1373/798/408 1383/798/408 1384/798/408
f 1374/798/572 1384/798/580 1385/798/580
f 1385/798/581 1386/798/581 1376/798/573
f 1376/798/574 1386/798/582 1387/798/582
f 1387/798/583 1388/798/583 1378/798/575
f 1388/798/417 1389/798/417 1379/798/417
f 1379/798/576 1389/798/584 1390/798/584
f 1390/798/585 1381/798/585 1371/798/577
f 1391/798/586 1392/798/586 1382/798/578
f 1382/798/579 1392/798/587 1393/798/587
f 1383/798/408 1393/798/408 1394/798/408
f 1394/798/588 1395/798/588 1385/798/580
f 1395/798/589 1396/798/589 1386/798/581
f 1386/798/582 1396/798/590 1397/798/590
f 1387/798/583 1397/798/591 1398/798/591
f 1398/798/417 1399/798/417 1389/798/417
f 1389/798/584 1399/798/592 1400/798/592
f 1400/798/593 1391/798/593 1381/798/585
f 1401/798/594 1402/798/594 1392/798/586
f 1402/798/595 1403/798/595 1393/798/587
f 1403/798/408 1404/798/408 1394/798/408
f 1394/798/588 1404/798/596 1405/798/596
f 1395/798/589 1405/798/597 1406/798/597
f 1406/798/598 1407/798/598 1397/798/590
f 1407/798/599 1408/798/599 1398/798/591
f 1398/798/417 1408/798/417 1409/798/417
f 1409/798/600 1410/798/600 1400/798/592
f 1400/798/593 1410/798/601 1401/798/601
f 1411/798/602 1412/798/602 1402/798/594
f 1412/798/603 1413/798/603 1403/798/595
f 1413/798/408 1414/798/408 1404/798/408
f 1404/798/596 1414/798/604 1415/798/604
f 1405/798/597 1415/798/605 1416/798/605
f 1406/798/598 1416/798/664 1417/798/606
f 1417/798/607 1418/798/607 1408/798/599
f 1408/798/417 1418/798/417 1419/798/417
f 1409/798/600 1419/798/608 1420/798/608
f 1410/798/601 1420/798/662 1411/798/609
f 1421/798/610 1422/798/619 1412/798/602
f 1412/798/603 1422/798/611 1423/798/611
f 1413/798/408 1423/798/408 1424/798/408
f 1414/798/604 1424/798/612 1425/798/612
f 1415/798/605 1425/798/693 1426/798/623
f 1416/798/664 1426/798/668 1427/798/692
f 1427/798/615 1428/798/615 1418/798/607
f 1428/798/417 1429/798/417 1419/798/417
f 1429/798/616 1430/798/616 1420/798/608
f 1430/798/628 1421/798/617 1411/798/609
f 1421/798/610 1431/798/618 1432/798/618
f 1422/798/611 1432/798/665 1433/798/620
f 1433/798/408 1434/798/408 1424/798/408
f 1424/798/612 1434/798/629 1435/798/629
f 1435/798/622 1436/798/622 1426/798/623
f 1426/798/668 1436/798/624 1437/798/624
f 1437/798/630 1438/798/630 1428/798/615
f 1428/798/417 1438/798/417 1439/798/417
f 1439/798/626 1440/798/631 1430/798/616
f 1440/798/627 1431/798/627 1421/798/617
f 1441/798/412 1442/798/412 1432/798/618
f 1432/798/665 1442/798/410 1443/798/410
f 1443/798/408 1444/798/408 1434/798/408
f 1434/798/629 1444/798/406 1445/798/406
f 1435/798/622 1445/798/405 1446/798/405
f 1446/798/420 1447/798/420 1437/798/624
f 1447/798/418 1448/798/418 1438/798/630
f 1438/798/417 1448/798/417 1449/798/417
f 1449/798/415 1450/798/415 1440/798/631
f 1450/798/413 1441/798/413 1431/798/627
f 1441/798/412 1451/798/411 1452/798/411
f 1452/798/409 1453/798/409 1443/798/410
f 1443/798/408 1453/798/408 1454/798/408
f 1454/798/424 1455/798/424 1445/798/406
f 1445/798/405 1455/798/404 1456/798/404
f 1456/798/421 1457/798/421 1447/798/420
f 1447/798/418 1457/798/419 1458/798/419
f 1458/798/417 1459/798/417 1449/798/417
f 1449/798/415 1459/798/416 1460/798/416
f 1450/798/413 1460/798/414 1451/798/414
f 1461/798/632 1462/798/632 1452/798/411
f 1462/798/425 1463/798/425 1453/798/409
f 1453/798/408 1463/798/408 1464/798/408
f 1464/798/423 1465/798/423 1455/798/424
f 1455/798/404 1465/798/633 1466/798/633
f 1466/798/634 1467/798/634 1457/798/421
f 1467/798/694 1468/798/694 1458/798/419
f 1468/798/417 1469/798/417 1459/798/417
f 1459/798/416 1469/798/430 1470/798/430
f 1460/798/414 1470/798/428 1461/798/428
f 1461/798/632 1471/798/439 1472/798/439
f 1462/798/425 1472/798/437 1473/798/437
f 1473/798/408 1474/798/408 1464/798/408
f 1474/798/436 1475/798/436 1465/798/423
f 1465/798/633 1475/798/447 1476/798/447
f 1466/798/634 1476/798/445 1477/798/455
f 1477/798/443 1478/798/695 1468/798/694
f 1468/798/417 1478/798/417 1479/798/417
f 1479/798/442 1480/798/442 1470/798/430
f 1480/798/440 1471/798/440 1461/798/428
f 1481/798/451 1482/798/451 1472/798/439
f 1482/798/449 1483/798/449 1473/798/437
f 1473/798/408 1483/798/408 1484/798/408
f 1484/798/448 1485/798/448 1475/798/436
f 1485/798/446 1486/798/446 1476/798/447
f 1486/798/456 1487/798/456 1477/798/455
f 1477/798/443 1487/798/454 1488/798/454
f 1488/798/417 1489/798/417 1479/798/417
f 1479/798/442 1489/798/453 1490/798/453
f 1480/798/440 1490/798/452 1481/798/452
f 1491/798/460 1492/798/460 1482/798/451
f 1492/798/459 1493/798/459 1483/798/449
f 1483/798/408 1493/798/408 1494/798/408
f 1494/798/458 1495/798/458 1485/798/448
f 1495/798/457 1496/798/457 1486/798/446
f 1496/798/464 1497/798/464 1487/798/456
f 1487/798/454 1497/798/463 1498/798/463
f 1498/798/417 1499/798/417 1489/798/417
f 1499/798/462 1500/798/462 1490/798/453
f 1490/798/452 1500/798/461 1491/798/461
f 1501/798/468 1502/798/468 1492/798/460
f 1502/798/467 1503/798/467 1493/798/459
f 1503/798/408 1504/798/408 1494/798/408
f 1504/798/466 1505/798/466 1495/798/458
f 1495/798/457 1505/798/465 1506/798/465
f 1506/798/472 1507/798/472 1497/798/464
f 1507/798/471 1508/798/471 1498/798/463
f 1498/798/417 1508/798/417 1509/798/417
f 1509/798/470 1510/798/470 1500/798/462
f 1500/798/461 1510/798/469 1501/798/469
f 1511/798/476 1512/798/476 1502/798/468
f 1502/798/467 1512/798/475 1513/798/475
f 1513/798/408 1514/798/408 1504/798/408
f 1514/798/474 1515/798/474 1505/798/466
f 1505/798/465 1515/798/473 1516/798/473
f 1516/798/480 1517/798/480 1507/798/472
f 1507/798/471 1517/798/479 1518/798/479
f 1508/798/417 1518/798/417 1519/798/417
f 1519/798/478 1520/798/478 1510/798/470
f 1510/798/469 1520/798/485 1511/798/485
f 1521/798/484 1522/798/484 1512/798/476
f 1512/798/475 1522/798/483 1523/798/483
f 1513/798/408 1523/798/408 1524/798/408
f 1514/798/474 1524/798/482 1525/798/482
f 1525/798/491 1526/798/491 1516/798/473
f 1516/798/480 1526/798/499 1527/798/489
f 1517/798/479 1527/798/488 1528/798/488
f 1528/798/417 1529/798/417 1519/798/417
f 1529/798/487 1530/798/487 1520/798/478
f 1520/798/485 1530/798/495 1521/798/495
f 1531/798/639 1532/798/506 1522/798/484
f 1522/798/483 1532/798/493 1533/798/493
f 1533/798/408 1534/798/408 1524/798/408
f 1524/798/482 1534/798/492 1535/798/492
f 1525/798/491 1535/798/643 1536/798/643
f 1526/798/499 1536/798/513 1537/798/641
f 1537/798/498 1538/798/498 1528/798/488
f 1528/798/417 1538/798/417 1539/798/417
f 1539/798/497 1540/798/497 1530/798/487
f 1540/798/496 1531/798/496 1521/798/495
f 1541/798/518 1542/798/518 1532/798/506
f 1532/798/493 1542/798/503 1543/798/503
f 1533/798/408 1543/798/408 1544/798/408
f 1534/798/492 1544/798/502 1545/798/502
f 1545/798/644 1546/798/684 1536/798/643
f 1536/798/513 1546/798/512 1547/798/645
f 1547/798/511 1548/798/511 1538/798/498
f 1548/798/417 1549/798/417 1539/798/417
f 1549/798/509 1550/798/509 1540/798/497
f 1550/798/649 1541/798/649 1531/798/496
f 1551/798/517 1552/798/517 1542/798/518
f 1552/798/516 1553/798/516 1543/798/503
f 1553/798/408 1554/798/408 1544/798/408
f 1554/798/515 1555/798/515 1545/798/502
f 1555/798/514 1556/798/514 1546/798/684
f 1546/798/512 1556/798/522 1557/798/522
f 1547/798/511 1557/798/521 1558/798/521
f 1548/798/417 1558/798/417 1559/798/417
f 1549/798/509 1559/798/520 1560/798/520
f 1550/798/649 1560/798/519 1551/798/519
f 1551/798/517 1561/798/526 1562/798/526
f 1552/798/516 1562/798/525 1563/798/525
f 1553/798/408 1563/798/408 1564/798/408
f 1554/798/515 1564/798/524 1565/798/524
f 1565/798/523 1566/798/523 1556/798/514
f 1566/798/530 1567/798/530 1557/798/522
f 1567/798/529 1568/798/529 1558/798/521
f 1568/798/417 1569/798/417 1559/798/417
f 1569/798/528 1570/798/528 1560/798/520
f 1570/798/527 1561/798/527 1551/798/519
f 1571/798/534 1572/798/534 1562/798/526
f 1572/798/533 1573/798/533 1563/798/525
f 1573/798/408 1574/798/408 1564/798/408
f 1574/798/532 1575/798/532 1565/798/524
f 1575/798/531 1576/798/531 1566/798/523
f 1576/798/538 1577/798/538 1567/798/530
f 1567/798/529 1577/798/537 1578/798/537
f 1568/798/417 1578/798/417 1579/798/417
f 1569/798/528 1579/798/536 1580/798/536
f 1570/798/527 1580/798/535 1571/798/535
f 1581/798/651 1582/798/651 1572/798/534
f 1572/798/533 1582/798/541 1583/798/541
f 1573/798/408 1583/798/408 1584/798/408
f 1574/798/532 1584/798/540 1585/798/540
f 1575/798/531 1585/798/652 1586/798/652
f 1586/798/556 1587/798/556 1577/798/538
f 1587/798/545 1588/798/545 1578/798/537
f 1588/798/417 1589/798/417 1579/798/417
f 1589/798/544 1590/798/544 1580/798/536
f 1590/798/553 1581/798/553 1571/798/535
f 1581/798/651 1591/798/654 1592/798/654
f 1592/798/549 1593/798/549 1583/798/541
f 1593/798/408 1594/798/408 1584/798/408
f 1594/798/548 1595/798/548 1585/798/540
f 1595/798/547 1596/798/547 1586/798/652
f 1586/798/556 1596/798/557 1597/798/557
f 1587/798/545 1597/798/555 1598/798/555
f 1588/798/417 1598/798/417 1599/798/417
f 1589/798/544 1599/798/554 1600/798/554
f 1600/798/655 1591/798/655 1581/798/553
f 1601/798/563 1602/798/563 1592/798/654
f 1602/798/560 1603/798/560 1593/798/549
f 1593/798/408 1603/798/408 1604/798/408
f 1604/798/559 1605/798/559 1595/798/548
f 1605/798/558 1606/798/558 1596/798/547
f 1606/798/569 1607/798/697 1597/798/557
f 1597/798/555 1607/798/568 1608/798/568
f 1608/798/417 1609/798/417 1599/798/417
f 1609/798/566 1610/798/566 1600/798/554
f 1610/798/564 1601/798/564 1591/798/655
f 1601/798/563 1611/798/573 1612/798/573
f 1612/798/572 1613/798/572 1603/798/560
f 1603/798/408 1613/798/408 1614/798/408
f 1614/798/571 1615/798/571 1605/798/559
f 1615/798/696 1616/798/570 1606/798/558
f 1616/798/577 1617/798/577 1607/798/697
f 1607/798/568 1617/798/576 1618/798/576
f 1618/798/417 1619/798/417 1609/798/417
f 1609/798/566 1619/798/575 1620/798/575
f 1620/798/574 1611/798/574 1601/798/564
f 1621/798/581 1622/798/581 1612/798/573
f 1622/798/580 1623/798/580 1613/798/572
f 1613/798/408 1623/798/408 1624/798/408
f 1624/798/579 1625/798/579 1615/798/571
f 1625/798/578 1626/798/578 1616/798/570
f 1626/798/585 1627/798/585 1617/798/577
f 1627/798/584 1628/798/584 1618/798/576
f 1628/798/417 1629/798/417 1619/798/417
f 1619/798/575 1629/798/583 1630/798/583
f 1620/798/574 1630/798/582 1621/798/582
f 1631/798/589 1632/798/589 1622/798/581
f 1622/798/580 1632/798/588 1633/798/588
f 1623/798/408 1633/798/408 1634/798/408
f 1624/798/579 1634/798/587 1635/798/587
f 1635/798/586 1636/798/586 1626/798/578
f 1636/798/593 1637/798/593 1627/798/585
f 1637/798/592 1638/798/592 1628/798/584
f 1638/798/417 1639/798/417 1629/798/417
f 1639/798/591 1640/798/591 1630/798/583
f 1640/798/590 1631/798/590 1621/798/582
f 1631/798/589 1641/798/597 1642/798/597
f 1632/798/588 1642/798/596 1643/798/596
f 1643/798/408 1644/798/408 1634/798/408
f 1634/798/587 1644/798/595 1645/798/595
f 1645/798/594 1646/798/594 1636/798/586
f 1636/798/593 1646/798/601 1647/798/601
f 1647/798/600 1648/798/600 1638/798/592
f 1638/798/417 1648/798/417 1649/798/417
f 1649/798/599 1650/798/599 1640/798/591
f 1640/798/590 1650/798/598 1641/798/598
f 1651/798/657 1652/798/605 1642/798/597
f 1642/798/596 1652/798/604 1653/798/604
f 1643/798/408 1653/798/408 1654/798/408
f 1644/798/595 1654/798/603 1655/798/603
f 1645/798/594 1655/798/659 1656/798/659
f 1656/798/662 1657/798/662 1647/798/601
f 1657/798/608 1658/798/608 1648/798/600
f 1658/798/417 1659/798/417 1649/798/417
f 1659/798/607 1660/798/607 1650/798/599
f 1650/798/598 1660/798/606 1651/798/664
f 1651/798/657 1661/798/623 1662/798/658
f 1662/798/612 1663/798/612 1653/798/604
f 1653/798/408 1663/798/408 1664/798/408
f 1664/798/611 1665/798/666 1655/798/603
f 1665/798/660 1666/798/660 1656/798/659
f 1656/798/662 1666/798/661 1667/798/661
f 1657/798/608 1667/798/667 1668/798/616
f 1668/798/417 1669/798/417 1659/798/417
f 1659/798/607 1669/798/615 1670/798/615
f 1670/798/668 1661/798/668 1651/798/664
f 1661/798/623 1671/798/622 1672/798/622
f 1662/798/612 1672/798/629 1673/798/629
f 1673/798/408 1674/798/408 1664/798/408
f 1674/798/665 1675/798/665 1665/798/666
f 1675/798/618 1676/798/618 1666/798/660
f 1666/798/661 1676/798/627 1677/798/627
f 1667/798/667 1677/798/631 1678/798/631
f 1668/798/417 1678/798/417 1679/798/417
f 1679/798/630 1680/798/630 1670/798/615
f 1680/798/624 1671/798/624 1661/798/668
f 1671/798/622 1201/798/405 1202/798/405
f 1202/798/406 1203/798/406 1673/798/629
f 1203/798/408 1204/798/408 1674/798/408
f 1674/798/665 1204/798/410 1205/798/410
f 1675/798/618 1205/798/412 1206/798/412
f 1206/798/413 1207/798/413 1677/798/627
f 1207/798/415 1208/798/415 1678/798/631
f 1678/798/417 1208/798/417 1209/798/417
f 1209/798/418 1210/798/418 1680/798/630
f 1210/798/420 1201/798/420 1671/798/624
f 1883/798/404 1884/798/404 1874/798/405
f 1884/798/407 1885/798/407 1875/798/406
f 1875/798/408 1885/798/408 1886/798/408
f 1886/798/409 1887/798/426 1877/798/410
f 1887/798/411 1888/798/411 1878/798/412
f 1878/798/413 1888/798/414 1889/798/414
f 1879/798/415 1889/798/429 1890/798/416
f 1890/798/417 1891/798/417 1881/798/417
f 1881/798/418 1891/798/419 1892/798/431
f 1882/798/420 1892/798/421 1883/798/421
f 1893/798/422 1894/798/435 1884/798/404
f 1894/798/423 1895/798/423 1885/798/407
f 1885/798/408 1895/798/408 1896/798/408
f 1896/798/425 1897/798/438 1887/798/426
f 1887/798/411 1897/798/681 1898/798/632
f 1898/798/707 1899/798/707 1889/798/414
f 1889/798/429 1899/798/430 1900/798/430
f 1900/798/417 1901/798/417 1891/798/417
f 1901/798/432 1902/798/432 1892/798/431
f 1892/798/421 1902/798/444 1893/798/433
f 1893/798/422 1903/798/434 1904/798/434
f 1894/798/423 1904/798/436 1905/798/436
f 1905/798/408 1906/798/408 1896/798/408
f 1896/798/425 1906/798/437 1907/798/437
f 1897/798/681 1907/798/439 1908/798/439
f 1898/798/707 1908/798/440 1909/798/440
f 1899/798/430 1909/798/442 1910/798/442
f 1900/798/417 1910/798/417 1911/798/417
f 1911/798/443 1912/798/443 1902/798/432
f 1912/798/445 1903/798/445 1893/798/433
f 1903/798/434 1913/798/446 1914/798/446
f 1904/798/436 1914/798/448 1915/798/448
f 1905/798/408 1915/798/408 1916/798/408
f 1916/798/449 1917/798/449 1907/798/437
f 1917/798/451 1918/798/451 1908/798/439
f 1908/798/440 1918/798/452 1919/798/452
f 1919/798/453 1920/798/453 1910/798/442
f 1920/798/417 1921/798/417 1911/798/417
f 1921/798/454 1922/798/454 1912/798/443
f 1922/798/456 1913/798/456 1903/798/445
f 1923/798/457 1924/798/457 1914/798/446
f 1924/798/458 1925/798/458 1915/798/448
f 1915/798/408 1925/798/408 1926/798/408
f 1926/798/459 1927/798/459 1917/798/449
f 1927/798/460 1928/798/460 1918/798/451
f 1918/798/452 1928/798/461 1929/798/461
f 1929/798/462 1930/798/462 1920/798/453
f 1930/798/417 1931/798/417 1921/798/417
f 1921/798/454 1931/798/463 1932/798/463
f 1922/798/456 1932/798/464 1923/798/464
f 1933/798/465 1934/798/465 1924/798/457
f 1934/798/466 1935/798/466 1925/798/458
f 1935/798/408 1936/798/408 1926/798/408
f 1926/798/459 1936/798/467 1937/798/467
f 1937/798/468 1938/798/468 1928/798/460
f 1938/798/469 1939/798/469 1929/798/461
f 1929/798/462 1939/798/470 1940/798/470
f 1930/798/417 1940/798/417 1941/798/417
f 1931/798/463 1941/798/471 1942/798/471
f 1942/798/472 1933/798/472 1923/798/464
f 1943/798/473 1944/798/473 1934/798/465
f 1934/798/466 1944/798/474 1945/798/474
f 1945/798/408 1946/798/408 1936/798/408
f 1946/798/475 1947/798/475 1937/798/467
f 1937/798/468 1947/798/476 1948/798/476
f 1938/798/469 1948/798/485 1949/798/477
f 1939/798/470 1949/798/478 1950/798/478
f 1940/798/417 1950/798/417 1951/798/417
f 1951/798/479 1952/798/479 1942/798/471
f 1942/798/472 1952/798/480 1943/798/480
f 1943/798/473 1953/798/481 1954/798/491
f 1944/798/474 1954/798/482 1955/798/482
f 1945/798/408 1955/798/408 1956/798/408
f 1956/798/483 1957/798/483 1947/798/475
f 1957/798/708 1958/798/484 1948/798/476
f 1958/798/495 1959/798/495 1949/798/477
f 1949/798/478 1959/798/487 1960/798/487
f 1960/798/417 1961/798/417 1951/798/417
f 1961/798/488 1962/798/488 1952/798/479
f 1962/798/499 1953/798/489 1943/798/480
f 1963/798/490 1964/798/490 1954/798/491
f 1954/798/482 1964/798/492 1965/798/492
f 1965/798/408 1966/798/408 1956/798/408
f 1956/798/483 1966/798/504 1967/798/493
f 1967/798/639 1968/798/506 1958/798/484
f 1958/798/495 1968/798/508 1969/798/496
f 1969/798/497 1970/798/510 1960/798/487
f 1960/798/417 1970/798/417 1971/798/417
f 1971/798/498 1972/798/498 1962/798/488
f 1962/798/499 1972/798/513 1963/798/500
f 1973/798/501 1974/798/501 1964/798/490
f 1964/798/492 1974/798/502 1975/798/502
f 1965/798/408 1975/798/408 1976/798/408
f 1976/798/503 1977/798/503 1967/798/493
f 1967/798/639 1977/798/505 1978/798/505
f 1978/798/507 1979/798/507 1969/798/496
f 1969/798/497 1979/798/509 1980/798/509
f 1980/798/417 1981/798/417 1971/798/417
f 1981/798/511 1982/798/511 1972/798/498
f 1982/798/512 1973/798/512 1963/798/500
f 1983/798/514 1984/798/514 1974/798/501
f 1984/798/515 1985/798/515 1975/798/502
f 1985/798/408 1986/798/408 1976/798/408
f 1986/798/516 1987/798/516 1977/798/503
f 1987/798/517 1988/798/517 1978/798/505
f 1978/798/507 1988/798/519 1989/798/519
f 1979/798/509 1989/798/520 1990/798/520
f 1980/798/417 1990/798/417 1991/798/417
f 1981/798/511 1991/798/521 1992/798/521
f 1982/798/512 1992/798/522 1983/798/522
f 1993/798/523 1994/798/523 1984/798/514
f 1984/798/515 1994/798/524 1995/798/524
f 1985/798/408 1995/798/408 1996/798/408
f 1996/798/525 1997/798/525 1987/798/516
f 1997/798/526 1998/798/526 1988/798/517
f 1988/798/519 1998/798/527 1999/798/527
f 1989/798/520 1999/798/528 2000/798/528
f 2000/798/417 2001/798/417 1991/798/417
f 2001/798/529 2002/798/529 1992/798/521
f 2002/798/530 1993/798/530 1983/798/522
f 2003/798/531 2004/798/531 1994/798/523
f 2004/798/532 2005/798/532 1995/798/524
f 2005/798/408 2006/798/408 1996/798/408
f 1996/798/525 2006/798/533 2007/798/533
f 2007/798/534 2008/798/534 1998/798/526
f 2008/798/535 2009/798/535 1999/798/527
f 1999/798/528 2009/798/536 2010/798/536
f 2000/798/417 2010/798/417 2011/798/417
f 2001/798/529 2011/798/537 2012/798/537
f 2002/798/530 2012/798/538 2003/798/538
f 2003/798/531 2013/798/539 2014/798/539
f 2004/798/532 2014/798/540 2015/798/540
f 2005/798/408 2015/798/408 2016/798/408
f 2006/798/533 2016/798/541 2017/798/541
f 2007/798/534 2017/798/550 2018/798/542
f 2018/798/553 2019/798/553 2009/798/535
f 2019/798/544 2020/798/544 2010/798/536
f 2020/798/417 2021/798/417 2011/798/417
f 2021/798/545 2022/798/545 2012/798/537
f 2022/798/546 2013/798/546 2003/798/538
f 2023/798/547 2024/798/547 2014/798/539
f 2024/798/548 2025/798/548 2015/798/540
f 2025/798/408 2026/798/408 2016/798/408
f 2016/798/541 2026/798/561 2027/798/549
f 2017/798/550 2027/798/562 2028/798/551
f 2018/798/553 2028/798/552 2029/798/655
f 2029/798/567 2030/798/554 2020/798/544
f 2020/798/417 2030/798/417 2031/798/417
f 2021/798/545 2031/798/555 2032/798/555
f 2022/798/546 2032/798/557 2023/798/557
f 2033/798/558 2034/798/558 2024/798/547
f 2034/798/559 2035/798/559 2025/798/548
f 2025/798/408 2035/798/408 2036/798/408
f 2036/798/560 2037/798/560 2027/798/549
f 2027/798/562 2037/798/563 2038/798/563
f 2038/798/564 2039/798/710 2029/798/655
f 2039/798/566 2040/798/566 2030/798/554
f 2040/798/417 2041/798/417 2031/798/417
f 2031/798/555 2041/798/568 2042/798/568
f 2032/798/557 2042/798/569 2033/798/569
f 2033/798/558 2043/798/570 2044/798/570
f 2044/798/571 2045/798/571 2035/798/559
f 2045/798/408 2046/798/408 2036/798/408
f 2036/798/560 2046/798/572 2047/798/572
f 2047/798/573 2048/798/573 2038/798/563
f 2048/798/709 2049/798/574 2039/798/710
f 2049/798/575 2050/798/575 2040/798/566
f 2040/798/417 2050/798/417 2051/798/417
f 2041/798/568 2051/798/576 2052/798/576
f 2052/798/577 2043/798/577 2033/798/569
f 2043/798/570 2053/798/578 2054/798/578
f 2054/798/579 2055/798/579 2045/798/571
f 2045/798/408 2055/798/408 2056/798/408
f 2046/798/572 2056/798/580 2057/798/580
f 2057/798/581 2058/798/581 2048/798/573
f 2048/798/709 2058/798/582 2059/798/582
f 2059/798/583 2060/798/583 2050/798/575
f 2060/798/417 2061/798/417 2051/798/417
f 2051/798/576 2061/798/584 2062/798/584
f 2062/798/585 2053/798/585 2043/798/577
f 2053/798/578 2063/798/586 2064/798/586
f 2064/798/587 2065/798/587 2055/798/579
f 2055/798/408 2065/798/408 2066/798/408
f 2056/798/580 2066/798/588 2067/798/588
f 2067/798/589 2068/798/589 2058/798/581
f 2058/798/582 2068/798/590 2069/798/590
f 2069/798/591 2070/798/591 2060/798/583
f 2070/798/417 2071/798/417 2061/798/417
f 2061/798/584 2071/798/592 2072/798/592
f 2072/798/593 2063/798/593 2053/798/585
f 2073/798/594 2074/798/594 2064/798/586
f 2064/798/587 2074/798/595 2075/798/595
f 2075/798/408 2076/798/408 2066/798/408
f 2066/798/588 2076/798/596 2077/798/596
f 2067/798/589 2077/798/597 2078/798/597
f 2078/798/598 2079/798/598 2069/798/590
f 2069/798/591 2079/798/599 2080/798/599
f 2070/798/417 2080/798/417 2081/798/417
f 2081/798/600 2082/798/600 2072/798/592
f 2072/798/593 2082/798/601 2073/798/601
f 2083/798/602 2084/798/659 2074/798/594
f 2084/798/603 2085/798/603 2075/798/595
f 2085/798/408 2086/798/408 2076/798/408
f 2076/798/596 2086/798/604 2087/798/604
f 2077/798/597 2087/798/605 2088/798/605
f 2088/798/606 2089/798/606 2079/798/598
f 2079/798/599 2089/798/607 2090/798/607
f 2080/798/417 2090/798/417 2091/798/417
f 2091/798/608 2092/798/608 2082/798/600
f 2092/798/662 2083/798/609 2073/798/601
f 2083/798/602 2093/798/610 2094/798/619
f 2084/798/603 2094/798/611 2095/798/611
f 2085/798/408 2095/798/408 2096/798/408
f 2086/798/604 2096/798/612 2097/798/612
f 2087/798/605 2097/798/693 2098/798/693
f 2088/798/606 2098/798/668 2099/798/692
f 2099/798/615 2100/798/615 2090/798/607
f 2100/798/417 2101/798/417 2091/798/417
f 2101/798/616 2102/798/616 2092/798/608
f 2102/798/628 2093/798/617 2083/798/609
f 2093/798/610 2103/798/618 2104/798/618
f 2094/798/611 2104/798/620 2105/798/620
f 2105/798/408 2106/798/408 2096/798/408
f 2096/798/612 2106/798/629 2107/798/621
f 2107/798/622 2108/798/622 2098/798/693
f 2098/798/668 2108/798/624 2109/798/624
f 2109/798/625 2110/798/630 2100/798/615
f 2100/798/417 2110/798/417 2111/798/417
f 2111/798/626 2112/798/631 2102/798/616
f 2112/798/627 2103/798/627 2093/798/617
f 2103/798/618 2113/798/412 2114/798/412
f 2104/798/620 2114/798/410 2115/798/410
f 2115/798/408 2116/798/408 2106/798/408
f 2106/798/629 2116/798/406 2117/798/406
f 2107/798/622 2117/798/405 2118/798/405
f 2118/798/420 2119/798/420 2109/798/624
f 2119/798/418 2120/798/418 2110/798/630
f 2110/798/417 2120/798/417 2121/798/417
f 2121/798/415 2122/798/415 2112/798/631
f 2122/798/413 2113/798/413 2103/798/627
f 2113/798/412 2123/798/411 2124/798/411
f 2124/798/426 2125/798/426 2115/798/410
f 2115/798/408 2125/798/408 2126/798/408
f 2126/798/424 2127/798/407 2117/798/406
f 2127/798/404 2128/798/404 2118/798/405
f 2118/798/420 2128/798/421 2129/798/421
f 2119/798/418 2129/798/431 2130/798/419
f 2130/798/417 2131/798/417 2121/798/417
f 2121/798/415 2131/798/429 2132/798/416
f 2132/798/414 2123/798/414 2113/798/413
f 2133/798/632 2134/798/711 2124/798/411
f 2134/798/425 2135/798/425 2125/798/426
f 2125/798/408 2135/798/408 2136/798/408
f 2126/798/424 2136/798/635 2137/798/635
f 2127/798/404 2137/798/633 2138/798/633
f 2138/798/634 2139/798/634 2129/798/421
f 2129/798/431 2139/798/432 2140/798/432
f 2140/798/417 2141/798/417 2131/798/417
f 2131/798/429 2141/798/430 2142/798/430
f 2132/798/414 2142/798/637 2133/798/428
f 2143/798/439 2144/798/439 2134/798/711
f 2144/798/437 2145/798/437 2135/798/425
f 2145/798/408 2146/798/408 2136/798/408
f 2136/798/635 2146/798/712 2147/798/436
f 2147/798/447 2148/798/434 2138/798/633
f 2148/798/445 2149/798/455 2139/798/634
f 2139/798/432 2149/798/443 2150/798/443
f 2140/798/417 2150/798/417 2151/798/417
f 2151/798/442 2152/798/442 2142/798/430
f 2142/798/637 2152/798/440 2143/798/440
f 2153/798/451 2154/798/451 2144/798/439
f 2154/798/449 2155/798/449 2145/798/437
f 2145/798/408 2155/798/408 2156/798/408
f 2156/798/448 2157/798/448 2147/798/436
f 2157/798/446 2158/798/446 2148/798/434
f 2148/798/445 2158/798/456 2159/798/456
f 2149/798/443 2159/798/454 2160/798/454
f 2160/798/417 2161/798/417 2151/798/417
f 2151/798/442 2161/798/453 2162/798/453
f 2162/798/452 2153/798/452 2143/798/440
f 2153/798/451 2163/798/460 2164/798/460
f 2164/798/459 2165/798/459 2155/798/449
f 2155/798/408 2165/798/408 2166/798/408
f 2166/798/458 2167/798/458 2157/798/448
f 2167/798/457 2168/798/457 2158/798/446
f 2168/798/464 2169/798/464 2159/798/456
f 2169/798/463 2170/798/463 2160/798/454
f 2170/798/417 2171/798/417 2161/798/417
f 2161/798/453 2171/798/462 2172/798/462
f 2162/798/452 2172/798/461 2163/798/461
f 2163/798/460 2173/798/468 2174/798/468
f 2164/798/459 2174/798/467 2175/798/467
f 2175/798/408 2176/798/408 2166/798/408
f 2176/798/466 2177/798/466 2167/798/458
f 2167/798/457 2177/798/465 2178/798/465
f 2178/798/472 2179/798/472 2169/798/464
f 2169/798/463 2179/798/471 2180/798/471
f 2170/798/417 2180/798/417 2181/798/417
f 2181/798/470 2182/798/470 2172/798/462
f 2172/798/461 2182/798/469 2173/798/469
f 2183/798/476 2184/798/476 2174/798/468
f 2174/798/467 2184/798/475 2185/798/475
f 2185/798/408 2186/798/408 2176/798/408
f 2186/798/474 2187/798/474 2177/798/466
f 2177/798/465 2187/798/713 2188/798/473
f 2188/798/480 2189/798/638 2179/798/472
f 2179/798/471 2189/798/479 2190/798/479
f 2180/798/417 2190/798/417 2191/798/417
f 2191/798/478 2192/798/478 2182/798/470
f 2182/798/469 2192/798/485 2183/798/485
f 2193/798/484 2194/798/484 2184/798/476
f 2184/798/475 2194/798/483 2195/798/483
f 2185/798/408 2195/798/408 2196/798/408
f 2186/798/474 2196/798/482 2197/798/482
f 2187/798/713 2197/798/491 2198/798/491
f 2198/798/499 2199/798/499 2189/798/638
f 2199/798/488 2200/798/488 2190/798/479
f 2200/798/417 2201/798/417 2191/798/417
f 2201/798/487 2202/798/487 2192/798/478
f 2202/798/495 2193/798/495 2183/798/485
f 2193/798/484 2203/798/639 2204/798/639
f 2194/798/483 2204/798/493 2205/798/493
f 2205/798/408 2206/798/408 2196/798/408
f 2196/798/482 2206/798/642 2207/798/492
f 2197/798/491 2207/798/643 2208/798/640
f 2208/798/500 2209/798/500 2199/798/499
f 2209/798/498 2210/798/646 2200/798/488
f 2200/798/417 2210/798/417 2211/798/417
f 2211/798/497 2212/798/497 2202/798/487
f 2212/798/496 2203/798/496 2193/798/495
f 2203/798/639 2213/798/648 2214/798/518
f 2204/798/493 2214/798/503 2215/798/503
f 2205/798/408 2215/798/408 2216/798/408
f 2216/798/502 2217/798/502 2207/798/492
f 2207/798/643 2217/798/644 2218/798/644
f 2218/798/645 2219/798/645 2209/798/500
f 2209/798/498 2219/798/511 2220/798/511
f 2220/798/417 2221/798/417 2211/798/417
f 2211/798/497 2221/798/509 2222/798/509
f 2212/798/496 2222/798/649 2213/798/647
f 2223/798/517 2224/798/517 2214/798/518
f 2224/798/516 2225/798/516 2215/798/503
f 2225/798/408 2226/798/408 2216/798/408
f 2226/798/515 2227/798/515 2217/798/502
f 2227/798/514 2228/798/514 2218/798/644
f 2218/798/645 2228/798/522 2229/798/522
f 2219/798/511 2229/798/521 2230/798/521
f 2220/798/417 2230/798/417 2231/798/417
f 2221/798/509 2231/798/520 2232/798/520
f 2222/798/649 2232/798/519 2223/798/519
f 2223/798/517 2233/798/526 2234/798/526
f 2234/798/525 2235/798/525 2225/798/516
f 2225/798/408 2235/798/408 2236/798/408
f 2226/798/515 2236/798/524 2237/798/524
f 2227/798/514 2237/798/523 2238/798/523
f 2228/798/522 2238/798/530 2239/798/530
f 2229/798/521 2239/798/529 2240/798/529
f 2240/798/417 2241/798/417 2231/798/417
f 2241/798/528 2242/798/528 2232/798/520
f 2242/798/527 2233/798/527 2223/798/519
f 2243/798/534 2244/798/534 2234/798/526
f 2244/798/533 2245/798/533 2235/798/525
f 2245/798/408 2246/798/408 2236/798/408
f 2246/798/532 2247/798/532 2237/798/524
f 2237/798/523 2247/798/531 2248/798/531
f 2248/798/538 2249/798/538 2239/798/530
f 2239/798/529 2249/798/537 2250/798/537
f 2240/798/417 2250/798/417 2251/798/417
f 2241/798/528 2251/798/536 2252/798/536
f 2242/798/527 2252/798/535 2243/798/535
f 2253/798/550 2254/798/542 2244/798/534
f 2254/798/541 2255/798/541 2245/798/533
f 2245/798/408 2255/798/408 2256/798/408
f 2246/798/532 2256/798/540 2257/798/540
f 2247/798/531 2257/798/652 2258/798/652
f 2258/798/556 2259/798/556 2249/798/538
f 2259/798/545 2260/798/545 2250/798/537
f 2260/798/417 2261/798/417 2251/798/417
f 2251/798/536 2261/798/544 2262/798/544
f 2262/798/653 2253/798/553 2243/798/535
f 2263/798/654 2264/798/654 2254/798/542
f 2254/798/541 2264/798/549 2265/798/549
f 2265/798/408 2266/798/408 2256/798/408
f 2266/798/548 2267/798/548 2257/798/540
f 2267/798/547 2268/798/714 2258/798/652
f 2258/798/556 2268/798/715 2269/798/557
f 2259/798/545 2269/798/555 2270/798/555
f 2260/798/417 2270/798/417 2271/798/417
f 2261/798/544 2271/798/554 2272/798/554
f 2262/798/653 2272/798/655 2263/798/655
f 2273/798/563 2274/798/563 2264/798/654
f 2274/798/560 2275/798/560 2265/798/549
f 2265/798/408 2275/798/408 2276/798/408
f 2276/798/559 2277/798/559 2267/798/548
f 2277/798/558 2278/798/558 2268/798/714
f 2268/798/715 2278/798/569 2279/798/569
f 2269/798/555 2279/798/568 2280/798/568
f 2280/798/417 2281/798/417 2271/798/417
f 2271/798/554 2281/798/566 2282/798/566
f 2272/798/655 2282/798/564 2273/798/564
f 2273/798/563 2283/798/573 2284/798/573
f 2284/798/572 2285/798/572 2275/798/560
f 2275/798/408 2285/798/408 2286/798/408
f 2286/798/571 2287/798/571 2277/798/559
f 2287/798/570 2288/798/570 2278/798/558
f 2278/798/569 2288/798/577 2289/798/577
f 2279/798/568 2289/798/576 2290/798/576
f 2290/798/417 2291/798/417 2281/798/417
f 2281/798/566 2291/798/575 2292/798/575
f 2292/798/574 2283/798/574 2273/798/564
f 2293/798/581 2294/798/581 2284/798/573
f 2294/798/580 2295/798/580 2285/798/572
f 2285/798/408 2295/798/408 2296/798/408
f 2286/798/571 2296/798/579 2297/798/579
f 2287/798/570 2297/798/578 2298/798/578
f 2298/798/585 2299/798/585 2289/798/577
f 2289/798/576 2299/798/584 2300/798/584
f 2300/798/417 2301/798/417 2291/798/417
f 2291/798/575 2301/798/583 2302/798/583
f 2292/798/574 2302/798/582 2293/798/582
f 2303/798/589 2304/798/589 2294/798/581
f 2304/798/588 2305/798/588 2295/798/580
f 2295/798/408 2305/798/408 2306/798/408
f 2306/798/587 2307/798/587 2297/798/579
f 2307/798/586 2308/798/586 2298/798/578
f 2308/798/593 2309/798/593 2299/798/585
f 2309/798/592 2310/798/592 2300/798/584
f 2310/798/417 2311/798/417 2301/798/417
f 2311/798/591 2312/798/591 2302/798/583
f 2302/798/582 2312/798/590 2303/798/590
f 2303/798/589 2313/798/597 2314/798/597
f 2304/798/588 2314/798/596 2315/798/596
f 2315/798/408 2316/798/408 2306/798/408
f 2316/798/595 2317/798/595 2307/798/587
f 2307/798/586 2317/798/594 2318/798/594
f 2318/798/601 2319/798/601 2309/798/593
f 2319/798/600 2320/798/600 2310/798/592
f 2310/798/417 2320/798/417 2321/798/417
f 2321/798/599 2322/798/599 2312/798/591
f 2322/798/598 2313/798/598 2303/798/590
f 2323/798/605 2324/798/657 2314/798/597
f 2314/798/596 2324/798/604 2325/798/604
f 2315/798/408 2325/798/408 2326/798/408
f 2316/798/595 2326/798/603 2327/798/603
f 2317/798/594 2327/798/659 2328/798/659
f 2328/798/609 2329/798/662 2319/798/601
f 2329/798/608 2330/798/608 2320/798/600
f 2330/798/417 2331/798/417 2321/798/417
f 2321/798/599 2331/798/607 2332/798/607
f 2322/798/598 2332/798/664 2323/798/606
f 2333/798/623 2334/798/623 2324/798/657
f 2334/798/612 2335/798/612 2325/798/604
f 2325/798/408 2335/798/408 2336/798/408
f 2336/798/611 2337/798/666 2327/798/603
f 2337/798/660 2338/798/660 2328/798/659
f 2338/798/661 2339/798/661 2329/798/662
f 2329/798/608 2339/798/667 2340/798/616
f 2340/798/417 2341/798/417 2331/798/417
f 2331/798/607 2341/798/615 2342/798/615
f 2332/798/664 2342/798/668 2333/798/668
f 2333/798/623 2343/798/622 2344/798/622
f 2344/798/629 2345/798/629 2335/798/612
f 2345/798/408 2346/798/408 2336/798/408
f 2336/798/611 2346/798/665 2347/798/620
f 2337/798/660 2347/798/618 2348/798/618
f 2338/798/661 2348/798/627 2349/798/627
f 2349/798/626 2350/798/631 2340/798/616
f 2340/798/417 2350/798/417 2351/798/417
f 2341/798/615 2351/798/630 2352/798/630
f 2352/798/624 2343/798/624 2333/798/668
f 1873/798/405 1874/798/405 2344/798/622
f 2344/798/629 1874/798/406 1875/798/406
f 1875/798/408 1876/798/408 2346/798/408
f 2346/798/665 1876/798/410 1877/798/410
f 2347/798/618 1877/798/412 1878/798/412
f 1878/798/413 1879/798/413 2349/798/627
f 1879/798/415 1880/798/415 2350/798/631
f 2350/798/417 1880/798/417 1881/798/417
f 1881/798/418 1882/798/418 2352/798/630
f 2352/798/624 1882/798/420 1873/798/420
f 3370/1475/853 2481/1531/888 2482/1476/854
f 3366/1478/417 2474/1515/889 2475/1479/856
f 2457/1481/858 3362/1516/890 2467/1482/859
f 2463/1477/855 2482/1476/854 2483/1484/861
f 3367/1480/857 2475/1479/856 2476/1486/863
f 3363/1488/865 2457/3740/858 2468/1489/860
f 2460/1487/864 2476/1486/863 2477/1492/868
f 3364/1494/870 3363/1488/865 2469/1490/866
f 3368/1493/869 2477/1492/868 2478/1496/872
f 3365/1498/874 3364/1494/870 2470/1495/871
f 3369/1497/873 2478/1496/872 2479/1500/876
f 2458/1502/878 3365/1498/874 2471/1499/875
f 2461/1501/877 2479/1500/876 2480/1507/882
f 2459/1509/884 2458/1502/878 2472/1503/879
f 3361/1511/886 3360/1504/880 2465/1506/881
f 2462/1508/883 2480/1507/882 2481/1513/888
f 3366/1478/417 2459/1509/884 2473/1510/885
f 3362/1516/890 3361/1511/886 2466/1512/887
f 2476/1486/863 2495/1536/909 2496/1517/891
f 2470/1495/871 2469/1490/866 2488/1518/892
f 2477/1492/868 2496/1517/891 2497/1520/894
f 2471/1499/875 2470/1495/871 2489/1519/893
f 2478/1496/872 2497/1520/894 2498/1522/896
f 2472/1503/879 2471/1499/875 2490/1521/895
f 2479/1500/876 2498/1522/896 2499/1525/899
f 2473/1510/885 2472/1503/879 2491/1523/897
f 2466/1512/887 2465/1506/881 2484/1524/898
f 2480/1507/882 2499/1525/899 2500/1528/902
f 2474/1515/889 2473/1510/885 2492/1526/900
f 2467/1482/859 2466/1512/887 2485/1527/901
f 2481/1531/888 2500/1545/902 2501/1532/905
f 2474/1515/889 2493/1529/903 2494/1533/906
f 2468/1483/860 2467/1482/859 2486/1530/904
f 2482/1476/854 2501/1532/905 2502/1535/908
f 2475/1479/856 2494/1533/906 2495/1536/909
f 2469/1490/866 2468/1489/860 2487/1537/907
f 2492/1526/900 2491/1523/897 2510/1538/910
f 2485/1527/901 2484/1524/898 2503/1540/912
f 2499/1525/899 2518/1558/928 2519/1542/914
f 2493/1529/903 2492/1526/900 2511/1539/911
f 2486/1530/904 2485/1527/901 2504/1541/913
f 2500/1545/902 2519/1575/914 2520/1546/917
f 2493/1529/903 2512/1543/915 2513/1547/918
f 2487/1534/907 2486/1530/904 2505/1544/916
f 2501/1532/905 2520/1546/917 2521/1549/920
f 2494/1533/906 2513/1547/918 2514/1550/921
f 2488/1518/892 2487/1537/907 2506/1551/919
f 2495/1536/909 2514/1550/921 2515/1553/923
f 2489/1519/893 2488/1518/892 2507/1552/922
f 2496/1517/891 2515/1553/923 2516/1555/925
f 2490/1521/895 2489/1519/893 2508/1554/924
f 2497/1520/894 2516/1555/925 2517/1557/927
f 2491/1523/897 2490/1521/895 2509/1556/926
f 2498/1522/896 2517/1557/927 2518/1558/928
f 2507/1552/922 2506/1551/919 2525/1559/929
f 2514/1550/921 2533/1579/947 2534/1562/932
f 2508/1554/924 2507/1552/922 2526/1560/930
f 2515/1553/923 2534/1562/932 2535/1564/934
f 2509/1556/926 2508/1554/924 2527/1563/933
f 2516/1555/925 2535/1564/934 2536/1566/936
f 2510/1538/910 2509/1556/926 2528/1565/935
f 2517/1557/927 2536/1566/936 2537/1569/939
f 2511/1539/911 2510/1538/910 2529/1567/937
f 2504/1541/913 2503/1540/912 2522/1568/938
f 2518/1558/928 2537/1569/939 2538/1572/942
f 2512/1543/915 2511/1539/911 2530/1570/940
f 2505/1544/916 2504/1541/913 2523/1571/941
f 2519/1575/914 2538/1587/942 2539/1576/945
f 2512/1543/915 2531/1573/943 2532/1577/946
f 2506/1548/919 2505/1544/916 2524/1574/944
f 2520/1546/917 2539/1576/945 2540/1561/931
f 2513/1547/918 2532/1577/946 2533/1579/947
f 2536/1566/936 2555/1601/966 2556/1581/949
f 2530/1570/940 2529/1567/937 2548/1582/950
f 2523/1571/941 2522/1568/938 2541/1580/948
f 2537/1585/939 2556/1618/949 2557/1586/953
f 2531/1573/943 2530/1570/940 2549/1583/951
f 2524/1574/944 2523/1571/941 2542/1584/952
f 2538/1587/942 2557/1586/953 2558/1590/956
f 2531/1573/943 2550/1588/954 2551/1591/957
f 2525/1578/929 2524/1574/944 2543/1589/955
f 2539/1576/945 2558/1590/956 2559/1593/959
f 2532/1577/946 2551/1591/957 2552/1594/960
f 2526/1560/930 2525/1559/929 2544/1595/958
f 2533/1579/947 2552/1594/960 2553/1597/962
f 2527/1563/933 2526/1560/930 2545/1596/961
f 2534/1562/932 2553/1597/962 2554/1599/964
f 2528/1565/935 2527/1563/933 2546/1598/963
f 2535/1564/934 2554/1599/964 2555/1601/966
f 2529/1567/937 2528/1565/935 2547/1600/965
f 2558/1590/956 2577/1622/984 2578/1602/967
f 2551/1591/957 2570/1623/985 2571/1603/968
f 2545/1604/961 2544/1592/958 2563/1605/969
f 2552/1594/960 2571/1603/968 2572/1607/971
f 2546/1598/963 2545/1596/961 2564/1608/970
f 2553/1597/962 2572/1607/971 2573/1610/973
f 2547/1600/965 2546/1598/963 2565/1609/972
f 2554/1599/964 2573/1610/973 2574/1612/975
f 2548/1582/950 2547/1600/965 2566/1611/974
f 2555/1601/966 2574/1612/975 2575/1615/978
f 2549/1583/951 2548/1582/950 2567/1613/976
f 2542/1584/952 2541/1580/948 2560/1614/977
f 2556/1618/949 2575/1631/978 2576/1619/981
f 2550/1588/954 2549/1583/951 2568/1616/979
f 2543/1589/955 2542/1584/952 2561/1617/980
f 2557/1586/953 2576/1619/981 2577/1622/984
f 2550/1588/954 2569/1620/982 2570/1623/985
f 2544/1592/958 2543/1589/955 2562/1621/983
f 2573/1610/973 2592/1644/1004 2593/1624/986
f 2567/1613/976 2566/1611/974 2585/1625/987
f 2574/1612/975 2593/1624/986 2594/1628/990
f 2568/1616/979 2567/1613/976 2586/1626/988
f 2561/1617/980 2560/1614/977 2579/1627/989
f 2575/1631/978 2594/1668/990 2595/1632/993
f 2569/1620/982 2568/1616/979 2587/1629/991
f 2562/1621/983 2561/1617/980 2580/1630/992
f 2576/1619/981 2595/1632/993 2596/1635/996
f 2569/1620/982 2588/1633/994 2589/1636/997
f 2563/1605/969 2562/1621/983 2581/1634/995
f 2577/1622/984 2596/1635/996 2597/1638/999
f 2570/1623/985 2589/1636/997 2590/1639/1000
f 2564/1606/970 2563/1605/969 2582/1637/998
f 2571/1603/968 2590/1639/1000 2591/1641/1002
f 2565/1609/972 2564/1608/970 2583/1642/1001
f 2572/1607/971 2591/1641/1002 2592/1644/1004
f 2566/1611/974 2565/1609/972 2584/1643/1003
f 2588/1645/994 2607/1687/1022 2608/1646/1005
f 2582/1637/998 2581/1634/995 2600/1648/1006
f 2596/1635/996 2615/1673/1023 2616/1650/1008
f 2589/1647/997 2608/1646/1005 2609/1651/1009
f 2583/1640/1001 2582/1637/998 2601/1649/1007
f 2590/1652/1000 2609/1651/1009 2610/1654/1011
f 2584/1656/1003 2583/1640/1001 2602/1653/1010
f 2591/1655/1002 2610/1654/1011 2611/1658/1013
f 2585/1625/987 2584/1643/1003 2603/1660/1012
f 2592/1659/1004 2611/1658/1013 2612/1662/1015
f 2586/1626/988 2585/1625/987 2604/1661/1014
f 2593/1666/986 2612/1681/1015 2613/1667/1018
f 2587/1629/991 2586/1626/988 2605/1664/1016
f 2580/1630/992 2579/1627/989 2598/1665/1017
f 2594/1668/990 2613/1667/1018 2614/1671/1021
f 2588/1633/994 2587/1629/991 2606/1669/1019
f 2581/1634/995 2580/1630/992 2599/1670/1020
f 2595/1632/993 2614/1671/1021 2615/1673/1023
f 2604/1674/1014 2603/3741/1012 2622/1675/1024
f 2611/1658/1013 2630/1698/1042 2631/1677/1026
f 2605/1678/1016 2604/1674/1014 2623/1676/1025
f 2612/1681/1015 2631/1715/1026 2632/1682/1029
f 2606/1683/1019 2605/1678/1016 2624/1679/1027
f 2599/1670/1020 2598/1665/1017 2617/1680/1028
f 2613/1667/1018 2632/1682/1029 2633/1686/1032
f 2607/1687/1022 2606/1683/1019 2625/1684/1030
f 2600/1648/1006 2599/1670/1020 2618/1685/1031
f 2614/1671/1021 2633/1686/1032 2634/1690/1035
f 2607/1687/1022 2626/1688/1033 2627/1691/1036
f 2601/1649/1007 2600/1648/1006 2619/1689/1034
f 2615/1673/1023 2634/1690/1035 2635/1693/1038
f 2608/1646/1005 2627/1691/1036 2628/1694/1039
f 2602/1653/1010 2601/1649/1007 2620/1692/1037
f 2609/1651/1009 2628/1694/1039 2629/1696/1041
f 2603/1657/1012 2602/1653/1010 2621/1695/1040
f 2610/1654/1011 2629/1696/1041 2630/1698/1042
f 2619/1689/1034 2618/1685/1031 2637/1699/1043
f 2633/1686/1032 2652/1718/1060 2653/1701/1045
f 2626/1688/1033 2645/1719/1061 2646/1702/1046
f 2620/1692/1037 2619/1689/1034 2638/1700/1044
f 2634/1690/1035 2653/1701/1045 2654/1704/1048
f 2627/1691/1036 2646/1702/1046 2647/1705/1049
f 2621/1695/1040 2620/1692/1037 2639/1703/1047
f 2628/1694/1039 2647/1705/1049 2648/1707/1051
f 2622/1675/1024 2621/3742/1040 2640/1708/1050
f 2629/1696/1041 2648/1707/1051 2649/1710/1053
f 2623/1676/1025 2622/1675/1024 2641/1709/1052
f 2630/1698/1042 2649/1710/1053 2650/1712/1055
f 2624/1679/1027 2623/1676/1025 2642/1711/1054
f 2631/1715/1026 2650/1726/1055 2651/1716/1058
f 2625/1684/1030 2624/1679/1027 2643/1713/1056
f 2618/1685/1031 2617/1680/1028 2636/1714/1057
f 2632/1682/1029 2651/1716/1058 2652/1718/1060
f 2626/1688/1033 2625/1684/1030 2644/1717/1059
f 2648/1707/1051 2667/1739/1080 2668/1720/1062
f 2642/1711/1054 2641/1709/1052 2660/1721/1063
f 2649/1710/1053 2668/1720/1062 2669/1723/1065
f 2643/1713/1056 2642/1711/1054 2661/1722/1064
f 2650/1726/1055 2669/1759/1065 2670/1727/1068
f 2644/1717/1059 2643/1713/1056 2662/1724/1066
f 2637/1699/1043 2636/1714/1057 2655/1725/1067
f 2651/1716/1058 2670/1727/1068 2671/1730/1071
f 2645/1719/1061 2644/1717/1059 2663/1728/1069
f 2638/1700/1044 2637/1699/1043 2656/1729/1070
f 2652/1718/1060 2671/1730/1071 2672/1733/1074
f 2645/1719/1061 2664/1731/1072 2665/1734/1075
f 2639/1703/1047 2638/1700/1044 2657/1732/1073
f 2653/1701/1045 2672/1733/1074 2673/1736/1077
f 2646/1702/1046 2665/1734/1075 2666/1737/1078
f 2640/1706/1050 2639/1703/1047 2658/1735/1076
f 2647/1705/1049 2666/1737/1078 2667/1739/1080
f 2641/1709/1052 2640/1708/1050 2659/1740/1079
f 2664/1731/1072 2663/1728/1069 2683/1741/1081
f 2657/1732/1073 2656/1729/1070 2676/1743/1083
f 2671/1730/1071 2691/1761/1099 2692/1745/1085
f 2664/1731/1072 2684/1742/1082 2685/1746/1086
f 2658/1735/1076 2657/1732/1073 2677/1744/1084
f 2672/1733/1074 2692/1745/1085 2693/1748/1088
f 2665/1734/1075 2685/1746/1086 2686/1749/1089
f 2659/1738/1079 2658/1735/1076 2678/1747/1087
f 2666/1737/1078 2686/1749/1089 2687/1751/1091
f 2660/1721/1063 2659/1740/1079 2679/1752/1090
f 2667/1739/1080 2687/1751/1091 2688/1754/1093
f 2661/1722/1064 2660/1721/1063 2680/1753/1092
f 2668/1720/1062 2688/1754/1093 2689/1756/1095
f 2662/1724/1066 2661/1722/1064 2681/1755/1094
f 2669/1759/1065 2689/3743/1095 2690/1760/1098
f 2663/1728/1069 2662/1724/1066 2682/1757/1096
f 2656/1729/1070 2655/1725/1067 2675/1758/1097
f 2670/1727/1068 2690/1760/1098 2691/1761/1099
f 2679/1752/1090 2698/3744/1118 2699/1762/1100
f 2688/1754/1093 2687/1751/1091 2706/1763/1101
f 2680/1753/1092 2699/1762/1100 2700/1765/1103
f 2689/1756/1095 2688/1754/1093 2707/1764/1102
f 2681/1755/1094 2700/1765/1103 2701/1767/1105
f 2690/1760/1098 2689/3743/1095 2708/1769/1104
f 2682/1757/1096 2701/1767/1105 2702/1771/1108
f 2675/1758/1097 2694/1768/1106 2695/1772/1109
f 2691/1761/1099 2690/1760/1098 2709/1770/1107
f 2683/1741/1081 2702/1771/1108 2703/1774/1111
f 2676/1743/1083 2695/1772/1109 2696/1775/1112
f 2692/1745/1085 2691/1761/1099 2710/1773/1110
f 2685/1746/1086 2684/1742/1082 2703/1774/1111
f 2677/1744/1084 2696/1775/1112 2697/1778/1115
f 2693/1748/1088 2692/1745/1085 2711/1776/1113
f 2686/1749/1089 2685/1746/1086 2704/1777/1114
f 2678/1747/1087 2697/1778/1115 2698/1781/1118
f 2687/1751/1091 2686/1749/1089 2705/1780/1117
f 2694/1768/1106 2713/1800/1136 2714/1782/1119
f 2710/1773/1110 2709/1770/1107 2728/1783/1120
f 2702/1771/1108 2721/1802/1137 2722/1785/1122
f 2695/1772/1109 2714/1782/1119 2715/1786/1123
f 2711/1776/1113 2710/1773/1110 2729/1784/1121
f 2704/1777/1114 2703/1774/1111 2722/1785/1122
f 2696/1775/1112 2715/1786/1123 2716/1789/1126
f 2712/1779/1116 2711/1776/1113 2730/1787/1124
f 2705/1780/1117 2704/1777/1114 2723/1788/1125
f 2697/1778/1115 2716/1789/1126 2717/1792/1129
f 2706/1763/1101 2705/1780/1117 2724/1791/1128
f 2698/1781/1118 2717/1792/1129 2718/1794/1131
f 2707/1764/1102 2706/1763/1101 2725/1793/1130
f 2699/1762/1100 2718/1808/1131 2719/1797/1133
f 2708/1766/1104 2707/1764/1102 2726/1796/1132
f 2700/1765/1103 2719/1797/1133 2720/1799/1135
f 2709/1770/1107 2708/1769/1104 2727/1801/1134
f 2701/1767/1105 2720/1799/1135 2721/1802/1137
f 2725/1793/1130 2724/1791/1128 2743/1804/1139
f 2717/1792/1129 2736/1823/1156 2737/1806/1141
f 2726/1796/1132 2725/1793/1130 2744/1805/1140
f 2718/1808/1131 2737/3745/1141 2738/1809/1143
f 2727/1798/1134 2726/1796/1132 2745/1807/1142
f 2719/1797/1133 2738/1809/1143 2739/1811/1145
f 2728/1783/1120 2727/1801/1134 2746/1813/1144
f 2720/1799/1135 2739/1811/1145 2740/1815/1148
f 2713/1800/1136 2732/1812/1146 2733/1816/1149
f 2729/1784/1121 2728/1783/1120 2747/1814/1147
f 2721/1802/1137 2740/1815/1148 2741/1818/1151
f 2714/1782/1119 2733/1816/1149 2734/1819/1152
f 2730/1787/1124 2729/1784/1121 2748/1817/1150
f 2723/1788/1125 2722/1785/1122 2741/1818/1151
f 2715/1786/1123 2734/1819/1152 2735/1822/1155
f 2731/1790/1127 2730/1787/1124 2749/1820/1153
f 2724/1791/1128 2723/1788/1125 2742/1821/1154
f 2716/1789/1126 2735/1822/1155 2736/1823/1156
f 2747/1814/1147 2746/1813/1144 2765/1824/1157
f 2739/1826/1145 2758/1846/1174 2759/1827/1159
f 2732/1812/1146 2751/1847/1175 2752/1829/1160
f 2748/1817/1150 2747/1814/1147 2766/1825/1158
f 2740/1815/1148 2759/3746/1159 2760/1831/1162
f 2733/1816/1149 2752/1829/1160 2753/1832/1163
f 2749/1820/1153 2748/1817/1150 2767/1830/1161
f 2742/1821/1154 2741/1818/1151 2760/1831/1162
f 2734/1819/1152 2753/1832/1163 2754/1835/1166
f 2750/1803/1138 2749/1820/1153 2768/1833/1164
f 2743/1804/1139 2742/1821/1154 2761/1834/1165
f 2735/1822/1155 2754/1835/1166 2755/1838/1169
f 2744/1805/1140 2743/1804/1139 2762/1837/1168
f 2736/1823/1156 2755/1838/1169 2756/1840/1171
f 2745/1807/1142 2744/1805/1140 2763/1839/1170
f 2737/1842/1141 2756/1857/1171 2757/1843/1173
f 2746/1810/1144 2745/1807/1142 2764/1841/1172
f 2738/1844/1143 2757/1843/1173 2758/1846/1174
f 2762/1848/1168 2761/1874/1165 2780/1849/1176
f 2754/1835/1166 2773/1875/1194 2774/1851/1178
f 2763/1853/1170 2762/1848/1168 2781/1850/1177
f 2755/1855/1169 2774/1892/1178 2775/1856/1181
f 2764/1858/1172 2763/1853/1170 2782/1854/1180
f 2756/1857/1171 2775/1856/1181 2776/1860/1183
f 2765/1861/1157 2764/1858/1172 2783/1859/1182
f 2757/1843/1173 2776/1860/1183 2777/1863/1185
f 2766/1825/1158 2765/1824/1157 2784/1865/1184
f 2758/1846/1174 2777/1863/1185 2778/1867/1188
f 2751/1847/1175 2770/1864/1186 2771/1868/1189
f 2767/1830/1161 2766/1825/1158 2785/1866/1187
f 2759/1827/1159 2778/1867/1188 2779/1870/1191
f 2752/1829/1160 2771/1868/1189 2772/1872/1192
f 2768/1833/1164 2767/1830/1161 2786/1869/1190
f 2761/1874/1165 2760/1871/1162 2779/1870/1191
f 2753/1832/1163 2772/1872/1192 2773/1875/1194
f 2769/1836/1167 2768/1833/1164 2787/1873/1193
f 2776/1860/1183 2795/1896/1213 2796/1876/1195
f 2785/1866/1187 2784/1865/1184 2803/1878/1197
f 2777/1863/1185 2796/1876/1195 2797/1880/1199
f 2770/1864/1186 2789/1877/1196 2790/1881/1200
f 2786/1869/1190 2785/1866/1187 2804/1879/1198
f 2778/1867/1188 2797/1880/1199 2798/1883/1202
f 2771/1868/1189 2790/1881/1200 2791/1884/1203
f 2787/1873/1193 2786/1869/1190 2805/1882/1201
f 2780/1849/1176 2779/1870/1191 2798/1883/1202
f 2772/1872/1192 2791/1884/1203 2792/1887/1206
f 2788/1852/1179 2787/1873/1193 2806/1885/1204
f 2781/1850/1177 2780/1849/1176 2799/1886/1205
f 2773/1890/1194 2792/1903/1206 2793/1891/1209
f 2782/1854/1180 2781/1850/1177 2800/1889/1208
f 2774/1892/1178 2793/1891/1209 2794/1894/1211
f 2783/1859/1182 2782/1854/1180 2801/1893/1210
f 2775/1856/1181 2794/1894/1211 2795/1896/1213
f 2784/1862/1184 2783/1859/1182 2802/1895/1212
f 2791/1884/1203 2810/1919/1232 2811/1898/1214
f 2807/1888/1207 2806/1885/1204 2825/1899/1215
f 2800/1889/1208 2799/1886/1205 2818/1901/1217
f 2792/1903/1206 2811/1936/1214 2812/1904/1219
f 2801/1893/1210 2800/1889/1208 2819/1902/1218
f 2793/1891/1209 2812/1904/1219 2813/1906/1221
f 2802/1895/1212 2801/1893/1210 2820/1905/1220
f 2794/1894/1211 2813/1906/1221 2814/1908/1223
f 2803/1897/1197 2802/1895/1212 2821/1907/1222
f 2795/1896/1213 2814/1908/1223 2815/1910/1225
f 2804/1912/1198 2803/1897/1197 2822/1909/1224
f 2796/1876/1195 2815/1910/1225 2816/1914/1228
f 2789/1877/1196 2808/1911/1226 2809/1915/1229
f 2805/1882/1201 2804/1879/1198 2823/1916/1227
f 2797/1880/1199 2816/1914/1228 2817/1918/1231
f 2790/1881/1200 2809/1915/1229 2810/1919/1232
f 2806/1885/1204 2805/1882/1201 2824/1917/1230
f 2799/1886/1205 2798/1883/1202 2817/1918/1231
f 2822/1909/1224 2821/1907/1222 2840/1920/1233
f 2814/1908/1223 2833/1940/1251 2834/1922/1235
f 2823/1913/1227 2822/1909/1224 2841/1921/1234
f 2815/1910/1225 2834/1922/1235 2835/1925/1238
f 2808/1911/1226 2827/1923/1236 2828/1926/1239
f 2824/1917/1230 2823/1916/1227 2842/1927/1237
f 2816/1914/1228 2835/1925/1238 2836/1929/1241
f 2809/1915/1229 2828/1926/1239 2829/1930/1242
f 2825/1899/1215 2824/1917/1230 2843/1928/1240
f 2818/1901/1217 2817/1918/1231 2836/1929/1241
f 2810/1919/1232 2829/1930/1242 2830/1933/1245
f 2826/1900/1216 2825/1899/1215 2844/1931/1243
f 2819/1902/1218 2818/1901/1217 2837/1932/1244
f 2811/1936/1214 2830/1945/1245 2831/1937/1248
f 2820/1905/1220 2819/1902/1218 2838/1935/1247
f 2812/1904/1219 2831/1937/1248 2832/1939/1250
f 2821/1907/1222 2820/1905/1220 2839/1938/1249
f 2813/1906/1221 2832/1939/1250 2833/1940/1251
f 2837/1932/1244 2836/1929/1241 2855/1941/1252
f 2829/1943/1242 2848/1977/1270 2849/1944/1254
f 2845/1934/1246 2844/1931/1243 2863/1946/1255
f 2838/1935/1247 2837/1932/1244 2856/1942/1253
f 2830/1945/1245 2849/1944/1254 2850/1949/1258
f 2839/1938/1249 2838/1935/1247 2857/1948/1257
f 2831/1937/1248 2850/1949/1258 2851/1951/1260
f 2840/1920/1233 2839/1938/1249 2858/1950/1259
f 2832/1939/1250 2851/1951/1260 2852/1953/1262
f 2841/1921/1234 2840/1920/1233 2859/1952/1261
f 2833/1940/1251 2852/1953/1262 2853/1955/1264
f 2842/1924/1237 2841/1921/1234 2860/1954/1263
f 2834/1922/1235 2853/1955/1264 2854/1958/1267
f 2827/1923/1236 2846/1956/1265 2847/1959/1268
f 2843/1928/1240 2842/1927/1237 2861/1960/1266
f 2835/1925/1238 2854/1958/1267 2855/1941/1252
f 2828/1926/1239 2847/1959/1268 2848/1962/1270
f 2844/1931/1243 2843/1928/1240 2862/1961/1269
f 2851/1951/1260 2870/1983/1289 2871/1963/1271
f 2860/1954/1263 2859/1952/1261 2878/1964/1272
f 2852/1953/1262 2871/1963/1271 2872/1966/1274
f 2861/1957/1266 2860/1954/1263 2879/1965/1273
f 2853/1955/1264 2872/1966/1274 2873/1969/1277
f 2846/1956/1265 2865/1967/1275 2866/1970/1278
f 2862/1961/1269 2861/1960/1266 2880/1971/1276
f 2854/1958/1267 2873/1969/1277 2874/1973/1280
f 2847/1959/1268 2866/1970/1278 2867/1974/1281
f 2863/1946/1255 2862/1961/1269 2881/1972/1279
f 2856/1942/1253 2855/1941/1252 2874/1973/1280
f 2848/1977/1270 2867/1989/1281 2868/1978/1284
f 2864/1947/1256 2863/1946/1255 2882/1975/1282
f 2857/1948/1257 2856/1942/1253 2875/1976/1283
f 2849/1944/1254 2868/1978/1284 2869/1981/1287
f 2858/1950/1259 2857/1948/1257 2876/1980/1286
f 2850/1949/1258 2869/1981/1287 2870/1983/1289
f 2859/1952/1261 2858/1950/1259 2877/1982/1288
f 2866/1970/1278 2885/2003/1308 2886/1984/1290
f 2882/1975/1282 2881/1972/1279 2900/1985/1291
f 2875/1976/1283 2874/1973/1280 2893/1987/1293
f 2867/1989/1281 2886/2020/1290 2887/1990/1295
f 2883/1979/1285 2882/1975/1282 2901/1986/1292
f 2876/1980/1286 2875/1976/1283 2894/1988/1294
f 2868/1978/1284 2887/1990/1295 2888/1993/1298
f 2877/1982/1288 2876/1980/1286 2895/1992/1297
f 2869/1981/1287 2888/1993/1298 2889/1995/1300
f 2878/1964/1272 2877/1982/1288 2896/1994/1299
f 2870/1983/1289 2889/1995/1300 2890/1997/1302
f 2879/1965/1273 2878/1964/1272 2897/1996/1301
f 2871/1963/1271 2890/1997/1302 2891/1999/1304
f 2880/1968/1276 2879/1965/1273 2898/1998/1303
f 2872/1966/1274 2891/1999/1304 2892/2002/1307
f 2865/1967/1275 2884/2000/1305 2885/2003/1308
f 2881/1972/1279 2880/1971/1276 2899/2004/1306
f 2873/1969/1277 2892/2002/1307 2893/1987/1293
f 2897/1996/1301 2896/1994/1299 2915/2005/1309
f 2889/1995/1300 2908/2025/1326 2909/2007/1311
f 2898/1998/1303 2897/1996/1301 2916/2006/1310
f 2890/1997/1302 2909/2007/1311 2910/2009/1313
f 2899/2001/1306 2898/1998/1303 2917/2008/1312
f 2891/1999/1304 2910/2009/1313 2911/2012/1316
f 2884/2000/1305 2903/2010/1314 2904/2013/1317
f 2900/1985/1291 2899/2004/1306 2918/2014/1315
f 2892/2002/1307 2911/2012/1316 2912/2016/408
f 2885/2003/1308 2904/2013/1317 2905/2017/1319
f 2901/1986/1292 2900/1985/1291 2919/2015/1318
f 2894/1988/1294 2893/1987/1293 2912/2016/408
f 2886/2020/1290 2905/3747/1319 2906/2021/1322
f 2902/1991/1296 2901/1986/1292 2920/2018/1320
f 2895/1992/1297 2894/1988/1294 2913/2019/1321
f 2887/1990/1295 2906/2021/1322 2907/2024/1325
f 2896/1994/1299 2895/1992/1297 2914/2023/1324
f 2888/1993/1298 2907/2024/1325 2908/2025/1326
f 2918/2014/1315 2938/2057/1345 2939/2026/1327
f 2912/2016/408 2911/2012/1316 2931/2027/1328
f 2905/2017/1319 2904/2013/1317 2924/2029/1330
f 2919/2015/1318 2939/2026/1327 2940/2031/1332
f 2912/2016/408 2932/2028/1329 2933/2032/1333
f 2906/2021/1322 2905/3747/1319 2925/2033/1331
f 2920/2018/1320 2940/2031/1332 2941/2035/1335
f 2913/2019/1321 2933/2032/1333 2934/2036/1336
f 2907/2024/1325 2906/2021/1322 2926/2034/1334
f 2914/2023/1324 2934/2036/1336 2935/2038/1338
f 2908/2025/1326 2907/2024/1325 2927/2037/1337
f 2915/2005/1309 2935/2038/1338 2936/2040/1340
f 2909/2007/1311 2908/2025/1326 2928/2039/1339
f 2916/2006/1310 2936/2040/1340 2937/2042/1342
f 2910/2009/1313 2909/2007/1311 2929/2041/1341
f 2917/2008/1312 2937/2042/1342 2938/2045/1345
f 2911/2012/1316 2910/2009/1313 2930/2043/1343
f 2904/2013/1317 2903/2010/1314 2923/2044/1344
f 2934/2036/1336 2953/2066/1364 2954/2046/1346
f 2928/2039/1339 2927/2037/1337 2946/2047/1347
f 2935/2038/1338 2954/2046/1346 2955/2049/1349
f 2929/2041/1341 2928/2039/1339 2947/2048/1348
f 2936/2040/1340 2955/2049/1349 2956/2051/1351
f 2930/2043/1343 2929/2041/1341 2948/2050/1350
f 2937/2042/1342 2956/2051/1351 2957/2054/1354
f 2931/2027/1328 2930/2043/1343 2949/2052/1352
f 2924/2029/1330 2923/2044/1344 2942/2053/1353
f 2938/2057/1345 2957/2071/1354 2958/2058/1357
f 2932/2028/1329 2931/2027/1328 2950/2055/1355
f 2925/2030/1331 2924/2029/1330 2943/2056/1356
f 2939/2026/1327 2958/2058/1357 2959/2061/1360
f 2932/2028/1329 2951/2059/1358 2952/2062/1361
f 2926/2034/1334 2925/2033/1331 2944/2063/1359
f 2940/2031/1332 2959/2061/1360 2960/2065/1363
f 2933/2032/1333 2952/2062/1361 2953/2066/1364
f 2927/2037/1337 2926/2034/1334 2945/2064/1362
f 2950/2055/1355 2949/2052/1352 2968/2067/1365
f 2943/2056/1356 2942/2053/1353 2961/2069/1367
f 2957/2071/1354 2976/2101/1383 2977/2072/1369
f 2951/2059/1358 2950/2055/1355 2969/2068/1366
f 2944/2060/1359 2943/2056/1356 2962/2070/1368
f 2958/2058/1357 2977/2072/1369 2978/2075/1372
f 2951/2059/1358 2970/2073/1370 2971/2076/1373
f 2945/2064/1362 2944/2063/1359 2963/2077/1371
f 2959/2061/1360 2978/2075/1372 2979/2079/1375
f 2952/2062/1361 2971/2076/1373 2972/2080/1376
f 2946/2047/1347 2945/2064/1362 2964/2078/1374
f 2953/2066/1364 2972/2080/1376 2973/2082/1378
f 2947/2048/1348 2946/2047/1347 2965/2081/1377
f 2954/2046/1346 2973/2082/1378 2974/2084/1380
f 2948/2050/1350 2947/2048/1348 2966/2083/1379
f 2955/2049/1349 2974/2084/1380 2975/2086/1382
f 2949/2052/1352 2948/2050/1350 2967/2085/1381
f 2956/2051/1351 2975/2086/1382 2976/2087/1383
f 2965/2081/1377 2964/2078/1374 2983/2088/1384
f 2972/2080/1376 2991/2108/1402 2992/2091/1387
f 2966/2083/1379 2965/2081/1377 2984/2089/1385
f 2973/2082/1378 2992/2091/1387 2993/2093/1389
f 2967/2085/1381 2966/2083/1379 2985/2092/1388
f 2974/2084/1380 2993/2093/1389 2994/2095/1391
f 2968/2067/1365 2967/2085/1381 2986/2094/1390
f 2975/2086/1382 2994/2095/1391 2995/2098/1394
f 2969/2068/1366 2968/2067/1365 2987/2096/1392
f 2962/2070/1368 2961/2069/1367 2980/2097/1393
f 2976/2101/1383 2995/2114/1394 2996/2102/1397
f 2970/2073/1370 2969/2068/1366 2988/2099/1395
f 2963/2074/1371 2962/2070/1368 2981/2100/1396
f 2977/2072/1369 2996/2102/1397 2997/2105/1400
f 2970/2073/1370 2989/2103/1398 2990/2106/1401
f 2964/2078/1374 2963/2077/1371 2982/2107/1399
f 2978/2075/1372 2997/2105/1400 2998/2090/1386
f 2971/2076/1373 2990/2106/1401 2991/2108/1402
f 2994/2095/1391 3013/2130/1421 3014/2110/1404
f 2988/2099/1395 2987/2096/1392 3006/2111/1405
f 2981/2100/1396 2980/2097/1393 2999/2109/1403
f 2995/2114/1394 3014/2144/1404 3015/2115/1408
f 2989/2103/1398 2988/2099/1395 3007/2112/1406
f 2982/2104/1399 2981/2100/1396 3000/2113/1407
f 2996/2102/1397 3015/2115/1408 3016/2118/1411
f 2989/2103/1398 3008/2116/1409 3009/2119/1412
f 2983/2120/1384 2982/2104/1399 3001/2117/1410
f 2997/2105/1400 3016/2118/1411 3017/2122/1414
f 2990/2106/1401 3009/2119/1412 3010/2123/1415
f 2984/2089/1385 2983/2088/1384 3002/2124/1413
f 2991/2108/1402 3010/2123/1415 3011/2126/1417
f 2985/2092/1388 2984/2089/1385 3003/2125/1416
f 2992/2091/1387 3011/2126/1417 3012/2128/1419
f 2986/2094/1390 2985/2092/1388 3004/2127/1418
f 2993/2093/1389 3012/2128/1419 3013/2130/1421
f 2987/2096/1392 2986/2094/1390 3005/2129/1420
f 3009/2119/1412 3028/2151/1440 3029/2131/1422
f 3003/2125/1416 3002/2124/1413 3021/2132/1423
f 3010/2123/1415 3029/2131/1422 3030/2135/1426
f 3004/2127/1418 3003/2125/1416 3022/2133/1424
f 3011/2126/1417 3030/2135/1426 3031/2137/1428
f 3005/2129/1420 3004/2127/1418 3023/2136/1427
f 3012/2128/1419 3031/2137/1428 3032/2139/1430
f 3006/2111/1405 3005/2129/1420 3024/2138/1429
f 3013/2142/1421 3032/2156/1430 3033/2143/1433
f 3007/2112/1406 3006/2111/1405 3025/2140/1431
f 3000/2113/1407 2999/2109/1403 3018/2141/1432
f 3014/2144/1404 3033/2143/1433 3034/2147/1436
f 3008/2116/1409 3007/2112/1406 3026/2145/1434
f 3001/2117/1410 3000/2113/1407 3019/2146/1435
f 3015/2115/1408 3034/2147/1436 3035/2150/1439
f 3008/2116/1409 3027/2148/1437 3028/2151/1440
f 3002/2121/1413 3001/2117/1410 3020/2149/1438
f 3016/2118/1411 3035/2150/1439 3036/2134/1425
f 3025/2140/1431 3024/2138/1429 3043/2153/1441
f 3032/2156/1430 3051/2189/1459 3052/2157/1444
f 3026/2145/1434 3025/2140/1431 3044/2154/1442
f 3019/2146/1435 3018/2141/1432 3037/2155/1443
f 3033/2143/1433 3052/2157/1444 3053/2160/1447
f 3027/2148/1437 3026/2145/1434 3045/2158/1445
f 3020/2149/1438 3019/2146/1435 3038/2159/1446
f 3034/2147/1436 3053/2160/1447 3054/2163/1450
f 3027/2148/1437 3046/2161/1448 3047/2164/1451
f 3021/2152/1423 3020/2149/1438 3039/2162/1449
f 3035/2150/1439 3054/2163/1450 3055/2166/1453
f 3028/2151/1440 3047/2164/1451 3048/2167/1454
f 3022/2133/1424 3021/2132/1423 3040/2168/1452
f 3029/2131/1422 3048/2167/1454 3049/2170/1456
f 3023/2136/1427 3022/2133/1424 3041/2169/1455
f 3030/2135/1426 3049/2170/1456 3050/2172/1458
f 3024/2138/1429 3023/2136/1427 3042/2171/1457
f 3031/2137/1428 3050/2172/1458 3051/2173/1459
f 3040/2165/1452 3039/2162/1449 3058/2174/1460
f 3054/2163/1450 3073/2200/1477 3074/2176/1462
f 3047/2164/1451 3066/2201/1478 3067/2177/1463
f 3041/2178/1455 3040/2165/1452 3059/2175/1461
f 3048/2167/1454 3067/2177/1463 3068/2180/1465
f 3042/2181/1457 3041/3748/1455 3060/2182/1464
f 3049/2170/1456 3068/2180/1465 3069/2184/1467
f 3043/2185/1441 3042/2181/1457 3061/2183/1466
f 3050/2187/1458 3069/2202/1467 3070/2188/1469
f 3044/2190/1442 3043/2185/1441 3062/2186/1468
f 3051/2189/1459 3070/2188/1469 3071/2193/1472
f 3045/2194/1445 3044/2190/1442 3063/2191/1470
f 3038/2159/1446 3037/2155/1443 3056/2192/1471
f 3052/2157/1444 3071/2193/1472 3072/2197/1475
f 3046/2198/1448 3045/2194/1445 3064/2195/1473
f 3039/2162/1449 3038/2159/1446 3057/2196/1474
f 3053/2160/1447 3072/2197/1475 3073/2200/1477
f 3046/2161/1448 3065/3749/1476 3066/2201/1478
f 3069/2202/1467 3088/3750/1497 3089/2203/1479
f 3063/2191/1470 3062/2186/1468 3081/2204/1480
f 3070/2188/1469 3089/2203/1479 3090/2207/1483
f 3064/2195/1473 3063/2191/1470 3082/2205/1481
f 3057/2196/1474 3056/2192/1471 3075/2206/1482
f 3071/2193/1472 3090/2207/1483 3091/2210/1486
f 3065/2199/1476 3064/2195/1473 3083/2208/1484
f 3058/2174/1460 3057/2196/1474 3076/2209/1485
f 3072/2197/1475 3091/2210/1486 3092/2213/1489
f 3065/2199/1476 3084/2211/1487 3085/2214/1490
f 3059/2175/1461 3058/2174/1460 3077/2212/1488
f 3073/2200/1477 3092/2213/1489 3093/2217/1492
f 3066/2215/1478 3085/2214/1490 3086/2218/1493
f 3060/2179/1464 3059/2175/1461 3078/2216/1491
f 3067/2219/1463 3086/2218/1493 3087/2221/1495
f 3061/2183/1466 3060/2182/1464 3079/2223/1494
f 3068/2222/1465 3087/2221/1495 3088/2225/1497
f 3062/2186/1468 3061/2183/1466 3080/2224/1496
f 3091/2210/1486 3110/2246/1515 3111/2227/1498
f 3084/2211/1487 3103/2247/1516 3104/2228/1499
f 3078/2216/1491 3077/2212/1488 3096/2229/1500
f 3092/2213/1489 3111/2227/1498 3112/2231/1502
f 3085/2214/1490 3104/2228/1499 3105/2232/1503
f 3079/2220/1494 3078/2216/1491 3097/2230/1501
f 3086/2218/1493 3105/2232/1503 3106/2234/1505
f 3080/2224/1496 3079/2223/1494 3098/2235/1504
f 3087/2221/1495 3106/2234/1505 3107/2237/1507
f 3081/2204/1480 3080/2224/1496 3099/2236/1506
f 3088/2225/1497 3107/2237/1507 3108/2239/1509
f 3082/2205/1481 3081/2204/1480 3100/2238/1508
f 3089/2203/1479 3108/2254/1509 3109/2243/1512
f 3083/2208/1484 3082/2205/1481 3101/2241/1510
f 3076/2209/1485 3075/2206/1482 3094/2242/1511
f 3090/2207/1483 3109/2243/1512 3110/2246/1515
f 3084/2211/1487 3083/2208/1484 3102/2244/1513
f 3077/2212/1488 3076/2209/1485 3095/2245/1514
f 3106/2234/1505 3125/2267/1535 3126/2248/1517
f 3100/2238/1508 3099/2236/1506 3118/2249/1518
f 3107/2237/1507 3126/2248/1517 3127/2251/1520
f 3101/2241/1510 3100/2238/1508 3119/2250/1519
f 3108/2254/1509 3127/2287/1520 3128/2255/1523
f 3102/2244/1513 3101/2241/1510 3120/2252/1521
f 3095/2245/1514 3094/2242/1511 3113/2253/1522
f 3109/2243/1512 3128/2255/1523 3129/2258/1526
f 3103/2247/1516 3102/2244/1513 3121/2256/1524
f 3096/2229/1500 3095/2245/1514 3114/2257/1525
f 3110/2246/1515 3129/2258/1526 3130/2261/1529
f 3103/2247/1516 3122/2259/1527 3123/2262/1530
f 3097/2230/1501 3096/2229/1500 3115/2260/1528
f 3111/2227/1498 3130/2261/1529 3131/2264/1532
f 3104/2228/1499 3123/2262/1530 3124/2265/1533
f 3098/2233/1504 3097/2230/1501 3116/2263/1531
f 3105/2232/1503 3124/2265/1533 3125/2267/1535
f 3099/2236/1506 3098/2235/1504 3117/2268/1534
f 3122/2259/1527 3121/2256/1524 3140/2269/1536
f 3115/2260/1528 3114/2257/1525 3133/2271/1538
f 3129/2258/1526 3148/2289/1554 3149/2273/1540
f 3122/2259/1527 3141/2270/1537 3142/2274/1541
f 3116/2263/1531 3115/2260/1528 3134/2272/1539
f 3130/2261/1529 3149/2273/1540 3150/2276/1543
f 3123/2262/1530 3142/2274/1541 3143/2277/1544
f 3117/2266/1534 3116/2263/1531 3135/2275/1542
f 3124/2265/1533 3143/2277/1544 3144/2279/1546
f 3118/2249/1518 3117/2268/1534 3136/2280/1545
f 3125/2267/1535 3144/2279/1546 3145/2282/1548
f 3119/2250/1519 3118/2249/1518 3137/2281/1547
f 3126/2248/1517 3145/2282/1548 3146/2284/1550
f 3120/2252/1521 3119/2250/1519 3138/2283/1549
f 3127/2287/1520 3146/3751/1550 3147/2288/1553
f 3121/2256/1524 3120/2252/1521 3139/2285/1551
f 3114/2257/1525 3113/2253/1522 3132/2286/1552
f 3128/2255/1523 3147/2288/1553 3148/2289/1554
f 3136/2280/1545 3155/2322/1573 3156/2290/1555
f 3145/2282/1548 3144/2279/1546 3163/2291/1556
f 3137/2281/1547 3156/2290/1555 3157/2293/1558
f 3146/2284/1550 3145/2282/1548 3164/2292/1557
f 3138/2283/1549 3157/2293/1558 3158/2295/1560
f 3147/2288/1553 3146/3751/1550 3165/2297/1559
f 3139/2285/1551 3158/2295/1560 3159/2299/1563
f 3132/2286/1552 3151/2296/1561 3152/2300/1564
f 3148/2289/1554 3147/2288/1553 3166/2298/1562
f 3140/2269/1536 3159/2299/1563 3160/2302/1566
f 3133/2271/1538 3152/2300/1564 3153/2303/1567
f 3149/2273/1540 3148/2289/1554 3167/2301/1565
f 3142/2274/1541 3141/2270/1537 3160/2302/1566
f 3134/2272/1539 3153/2303/1567 3154/2306/1570
f 3150/2276/1543 3149/2273/1540 3168/2304/1568
f 3143/2277/1544 3142/2274/1541 3161/2305/1569
f 3135/2275/1542 3154/2306/1570 3155/2309/1573
f 3144/2279/1546 3143/2277/1544 3162/2308/1572
f 3151/2296/1561 3170/2329/1591 3171/2310/1574
f 3167/2301/1565 3166/2298/1562 3185/2311/1575
f 3159/2299/1563 3178/2330/1592 3179/2313/1577
f 3152/2300/1564 3171/2310/1574 3172/2314/1578
f 3168/2304/1568 3167/2301/1565 3186/2312/1576
f 3161/2305/1569 3160/2302/1566 3179/2313/1577
f 3153/2303/1567 3172/2314/1578 3173/2317/1581
f 3169/2307/1571 3168/2304/1568 3187/2315/1579
f 3162/2308/1572 3161/2305/1569 3180/2316/1580
f 3154/2306/1570 3173/2317/1581 3174/2320/1584
f 3163/2291/1556 3162/2308/1572 3181/2319/1583
f 3155/2322/1573 3174/2333/1584 3175/2323/1586
f 3164/2292/1557 3163/2291/1556 3182/2321/1585
f 3156/2290/1555 3175/2323/1586 3176/2325/1588
f 3165/2297/1559 3164/3752/1557 3183/2326/1587
f 3157/2293/1558 3176/2325/1588 3177/2328/1590
f 3166/2298/1562 3165/2297/1559 3184/2327/1589
f 3158/2295/1560 3177/2328/1590 3178/2330/1592
f 3182/2321/1585 3181/2319/1583 3200/2331/1593
f 3174/2333/1584 3193/2368/1611 3194/2334/1595
f 3183/2324/1587 3182/2321/1585 3201/2332/1594
f 3175/2323/1586 3194/2334/1595 3195/2336/1597
f 3184/2327/1589 3183/2326/1587 3202/2337/1596
f 3176/2325/1588 3195/2336/1597 3196/2339/1599
f 3185/2311/1575 3184/2327/1589 3203/2338/1598
f 3177/2328/1590 3196/2339/1599 3197/2342/1602
f 3170/2329/1591 3189/2340/1600 3190/2343/1603
f 3186/2312/1576 3185/2311/1575 3204/2341/1601
f 3178/2330/1592 3197/2342/1602 3198/2345/1605
f 3171/2310/1574 3190/2343/1603 3191/2346/1606
f 3187/2315/1579 3186/2312/1576 3205/2344/1604
f 3180/2316/1580 3179/2313/1577 3198/2345/1605
f 3172/2314/1578 3191/2346/1606 3192/2349/1609
f 3188/2318/1582 3187/2315/1579 3206/2347/1607
f 3181/2319/1583 3180/2316/1580 3199/2348/1608
f 3173/2317/1581 3192/2349/1609 3193/2351/1611
f 3196/2339/1599 3215/2375/1629 3216/2352/1612
f 3189/2340/1600 3208/2376/1630 3209/2353/1613
f 3205/2344/1604 3204/2341/1601 3223/2354/1614
f 3197/2342/1602 3216/2352/1612 3217/2356/1616
f 3190/2343/1603 3209/2353/1613 3210/2357/1617
f 3206/2347/1607 3205/2344/1604 3224/2355/1615
f 3199/2348/1608 3198/2345/1605 3217/2356/1616
f 3191/2346/1606 3210/2357/1617 3211/2360/1620
f 3207/2350/1610 3206/2347/1607 3225/2358/1618
f 3200/2362/1593 3199/3753/1608 3218/2363/1619
f 3192/2349/1609 3211/2360/1620 3212/2365/1623
f 3201/2366/1594 3200/2362/1593 3219/2364/1622
f 3193/2368/1611 3212/3754/1623 3213/2369/1625
f 3202/2370/1596 3201/2366/1594 3220/2367/1624
f 3194/2334/1595 3213/2369/1625 3214/2372/1627
f 3203/2338/1598 3202/2337/1596 3221/2373/1626
f 3195/2336/1597 3214/2372/1627 3215/2375/1629
f 3204/2341/1601 3203/2338/1598 3222/2374/1628
f 3211/2360/1620 3230/2403/1649 3231/2377/1631
f 3220/2367/1624 3219/2364/1622 3238/2378/1632
f 3212/2380/1623 3231/2414/1631 3232/2381/1634
f 3221/2371/1626 3220/2367/1624 3239/2379/1633
f 3213/2382/1625 3232/2381/1634 3233/2384/1636
f 3222/2386/1628 3221/2371/1626 3240/2383/1635
f 3214/2385/1627 3233/2384/1636 3234/2388/1638
f 3223/2354/1614 3222/2374/1628 3241/2391/1637
f 3215/2389/1629 3234/2388/1638 3235/2393/1641
f 3208/2376/1630 3227/2390/1639 3228/2395/1642
f 3224/2355/1615 3223/2354/1614 3242/2392/1640
f 3216/2394/1612 3235/2393/1641 3236/2397/1644
f 3209/2353/1613 3228/2395/1642 3229/2399/1645
f 3225/2358/1618 3224/2355/1615 3243/2396/1643
f 3218/2363/1619 3217/2398/1616 3236/2397/1644
f 3210/2357/1617 3229/2399/1645 3230/2403/1649
f 3226/2361/1621 3225/2358/1618 3244/2401/1647
f 3219/2364/1622 3218/2363/1619 3237/2402/1648
f 3228/2395/1642 3247/2424/1668 3248/2404/1650
f 3244/2401/1647 3243/2396/1643 3262/2405/1651
f 3237/2402/1648 3236/2397/1644 3255/2407/1653
f 3229/2399/1645 3248/2404/1650 3249/2409/1655
f 3245/2400/1646 3244/2401/1647 3263/2406/1652
f 3238/2378/1632 3237/2402/1648 3256/2408/1654
f 3230/2403/1649 3249/2409/1655 3250/2412/1658
f 3239/2379/1633 3238/2378/1632 3257/2411/1657
f 3231/2414/1631 3250/2446/1658 3251/2415/1660
f 3240/2383/1635 3239/2379/1633 3258/2413/1659
f 3232/2381/1634 3251/2415/1660 3252/2417/1662
f 3241/2387/1637 3240/2383/1635 3259/2416/1661
f 3233/2384/1636 3252/2417/1662 3253/2419/1664
f 3242/2421/1640 3241/2387/1637 3260/2418/1663
f 3234/2388/1638 3253/2419/1664 3254/2423/1667
f 3227/2390/1639 3246/2420/1665 3247/2424/1668
f 3243/2396/1643 3242/2392/1640 3261/2425/1666
f 3235/2393/1641 3254/2423/1667 3255/2407/1653
f 3259/2416/1661 3258/2413/1659 3277/2426/1669
f 3251/2415/1660 3270/2447/1687 3271/2428/1671
f 3260/2418/1663 3259/2416/1661 3278/2427/1670
f 3252/2417/1662 3271/2428/1671 3272/2430/1673
f 3261/2422/1666 3260/2418/1663 3279/2429/1672
f 3253/2419/1664 3272/2430/1673 3273/2433/1676
f 3246/2420/1665 3265/2431/1674 3266/2434/1677
f 3262/2405/1651 3261/2425/1666 3280/2435/1675
f 3254/2423/1667 3273/2433/1676 3274/2437/1679
f 3247/2424/1668 3266/2434/1677 3267/2438/1680
f 3263/2406/1652 3262/2405/1651 3281/2436/1678
f 3256/2408/1654 3255/2407/1653 3274/2437/1679
f 3248/2404/1650 3267/2438/1680 3268/2441/1683
f 3264/2410/1656 3263/2406/1652 3282/2439/1681
f 3257/2411/1657 3256/2408/1654 3275/2440/1682
f 3249/2444/1655 3268/2457/1683 3269/2445/1686
f 3258/2413/1659 3257/2411/1657 3276/2443/1685
f 3250/2446/1658 3269/2445/1686 3270/2447/1687
f 3281/2436/1678 3280/2435/1675 3299/2448/1688
f 3273/2433/1676 3292/2467/1705 3293/2450/1690
f 3266/2434/1677 3285/2468/1706 3286/2451/1691
f 3282/2439/1681 3281/2436/1678 3300/2449/1689
f 3275/2440/1682 3274/2437/1679 3293/2450/1690
f 3267/2438/1680 3286/2451/1691 3287/2454/1694
f 3283/2442/1684 3282/2439/1681 3301/2452/1692
f 3276/2443/1685 3275/2440/1682 3294/2453/1693
f 3268/2457/1683 3287/2489/1694 3288/2458/1697
f 3277/2426/1669 3276/2443/1685 3295/2456/1696
f 3269/2445/1686 3288/2458/1697 3289/2460/1699
f 3278/2427/1670 3277/2426/1669 3296/2459/1698
f 3270/2447/1687 3289/2460/1699 3290/2462/1701
f 3279/2429/1672 3278/2427/1670 3297/2461/1700
f 3271/2428/1671 3290/2462/1701 3291/2464/1703
f 3280/2432/1675 3279/2429/1672 3298/2463/1702
f 3272/2430/1673 3291/2464/1703 3292/2467/1705
f 3265/2431/1674 3284/2465/1704 3285/2468/1706
f 3296/2459/1698 3295/2456/1696 3314/2469/1707
f 3288/2458/1697 3307/2490/1725 3308/2471/1709
f 3297/2461/1700 3296/2459/1698 3315/2470/1708
f 3289/2460/1699 3308/2471/1709 3309/2473/1711
f 3298/2463/1702 3297/2461/1700 3316/2472/1710
f 3290/2462/1701 3309/2473/1711 3310/2475/1713
f 3299/2466/1688 3298/2463/1702 3317/2474/1712
f 3291/2464/1703 3310/2475/1713 3311/2478/1716
f 3284/2465/1704 3303/2476/1714 3304/2479/1717
f 3300/2480/1689 3299/2466/1688 3318/2477/1715
f 3292/2467/1705 3311/2478/1716 3312/2482/1719
f 3285/2468/1706 3304/2479/1717 3305/2483/1720
f 3301/2452/1692 3300/2449/1689 3319/2484/1718
f 3294/2453/1693 3293/2450/1690 3312/2482/1719
f 3286/2451/1691 3305/2483/1720 3306/2487/1723
f 3302/2455/1695 3301/2452/1692 3320/2485/1721
f 3295/2456/1696 3294/2453/1693 3313/2486/1722
f 3287/2489/1694 3306/2503/1723 3307/2490/1725
f 3310/2475/1713 3329/2510/1743 3330/2491/1726
f 3303/2476/1714 3322/2511/1744 3323/2492/1727
f 3319/2481/1718 3318/2477/1715 3337/2493/1728
f 3311/2478/1716 3330/2491/1726 3331/2495/1730
f 3304/2479/1717 3323/2492/1727 3324/2496/1731
f 3320/2485/1721 3319/2484/1718 3338/2497/1729
f 3313/2486/1722 3312/2482/1719 3331/2495/1730
f 3305/2483/1720 3324/2496/1731 3325/2500/1734
f 3321/2488/1724 3320/2485/1721 3339/2498/1732
f 3314/2469/1707 3313/2486/1722 3332/2499/1733
f 3306/2503/1723 3325/2512/1734 3326/2504/1737
f 3315/2470/1708 3314/2469/1707 3333/2502/1736
f 3307/2490/1725 3326/2504/1737 3327/2506/1739
f 3316/2472/1710 3315/2470/1708 3334/2505/1738
f 3308/2471/1709 3327/2506/1739 3328/2508/1741
f 3317/2474/1712 3316/2472/1710 3335/2507/1740
f 3309/2473/1711 3328/2508/1741 3329/2510/1743
f 3318/2477/1715 3317/2474/1712 3336/2509/1742
f 3325/2512/1734 3344/2533/1763 3345/2513/1745
f 3334/2505/1738 3333/2502/1736 3352/2515/1747
f 3326/2504/1737 3345/2513/1745 3346/2517/1749
f 3335/2507/1740 3334/2505/1738 3353/2516/1748
f 3327/2506/1739 3346/2517/1749 3347/2519/1751
f 3336/2509/1742 3335/2507/1740 3354/2518/1750
f 3328/2508/1741 3347/2519/1751 3348/2521/1753
f 3337/2493/1728 3336/2509/1742 3355/2520/1752
f 3329/2510/1743 3348/2521/1753 3349/2524/1756
f 3322/2511/1744 3341/2522/1754 3342/2525/1757
f 3338/2494/1729 3337/2493/1728 3356/2523/1755
f 3330/2491/1726 3349/2524/1756 3350/2527/1759
f 3323/2492/1727 3342/2525/1757 3343/2528/1760
f 3339/2498/1732 3338/2497/1729 3357/2529/1758
f 3332/2499/1733 3331/2495/1730 3350/2527/1759
f 3324/2496/1731 3343/2528/1760 3344/2532/1763
f 3340/2501/1735 3339/2498/1732 3358/2530/1761
f 3333/2502/1736 3332/2499/1733 3351/2531/1762
f 3356/2523/1755 3355/2520/1752 2461/1501/877
f 3348/2521/1753 2458/1502/878 2459/1509/884
f 3341/2522/1754 3360/1504/880 3361/1511/886
f 3357/2526/1758 3356/2523/1755 2462/1508/883
f 3349/2524/1756 2459/1509/884 3366/1478/417
f 3342/2525/1757 3361/1511/886 3362/1516/890
f 3358/2530/1761 3357/2529/1758 3370/1475/853
f 3351/2531/1762 3350/2527/1759 3366/1478/417
f 3343/2528/1760 3362/1516/890 2457/1481/858
f 3359/2514/1746 3358/2530/1761 2463/1477/855
f 3352/2515/1747 3351/2531/1762 3367/1480/857
f 3344/2533/1763 2457/3740/858 3363/1488/865
f 3353/2516/1748 3352/2515/1747 2460/1487/864
f 3345/2513/1745 3363/1488/865 3364/1494/870
f 3354/2518/1750 3353/2516/1748 3368/1493/869
f 3346/2517/1749 3364/1494/870 3365/1498/874
f 3355/2520/1752 3354/2518/1750 3369/1497/873
f 3347/2519/1751 3365/1498/874 2458/1502/878
f 3476/2641/878 4383/2681/874 3489/2642/875
f 3479/2647/877 3497/2682/1774 3498/2648/882
f 3477/2650/884 3476/2641/878 3490/2643/879
f 4379/2652/886 4378/2644/880 3483/2646/881
f 3480/2649/883 3498/2648/882 3499/2654/888
f 4384/2656/417 3477/2650/884 3491/2651/885
f 4380/2658/890 4379/2652/886 3484/2653/887
f 4388/2660/853 3499/2685/888 3500/2661/854
f 4384/2656/417 3492/2657/889 3493/2663/856
f 3475/2665/858 4380/2658/890 3485/2659/859
f 3481/2662/855 3500/2661/854 3501/2667/861
f 4385/2664/857 3493/2663/856 3494/2669/863
f 4381/2671/865 3475/3768/858 3486/2672/860
f 3478/2670/864 3494/2669/863 3495/2675/868
f 4382/2677/870 4381/2671/865 3487/2673/866
f 4386/2676/869 3495/2675/868 3496/2679/872
f 4383/2681/874 4382/2677/870 3488/2678/871
f 4387/2680/873 3496/2679/872 3497/2682/1774
f 3485/2659/859 3484/2653/887 3503/2683/901
f 3499/2685/888 3518/2716/902 3519/2686/905
f 3492/2657/889 3511/2703/903 3512/2687/906
f 3486/2666/860 3485/2659/859 3504/2684/904
f 3500/2661/854 3519/2686/905 3520/2689/908
f 3493/2663/856 3512/2687/906 3513/2690/909
f 3487/2673/866 3486/2672/860 3505/2691/907
f 3494/2669/863 3513/2690/909 3514/2693/891
f 3488/2678/871 3487/2673/866 3506/2692/892
f 3495/2675/868 3514/2693/891 3515/2695/894
f 3489/2642/875 3488/2678/871 3507/2694/893
f 3496/2679/872 3515/2695/894 3516/2697/896
f 3490/2643/879 3489/2642/875 3508/2696/895
f 3497/2682/1774 3516/2697/896 3517/2700/899
f 3491/2651/885 3490/2643/879 3509/2698/897
f 3484/2653/887 3483/2646/881 3502/2699/898
f 3498/2648/882 3517/2700/899 3518/2702/902
f 3492/2657/889 3491/2651/885 3510/2701/900
f 3514/2693/891 3533/2724/923 3534/2704/925
f 3508/2696/895 3507/2694/893 3526/2705/924
f 3515/2695/894 3534/2704/925 3535/2707/927
f 3509/2698/897 3508/2696/895 3527/2706/926
f 3516/2697/896 3535/2707/927 3536/2710/1775
f 3510/2701/900 3509/2698/897 3528/2708/910
f 3503/2683/901 3502/2699/898 3521/2709/912
f 3517/2700/899 3536/2710/1775 3537/2713/914
f 3511/2703/903 3510/2701/900 3529/2711/911
f 3504/2684/904 3503/2683/901 3522/2712/913
f 3518/2716/902 3537/2730/914 3538/2717/917
f 3511/2703/903 3530/2714/915 3531/2718/918
f 3505/2688/907 3504/2684/904 3523/2715/916
f 3519/2686/905 3538/2717/917 3539/2720/920
f 3512/2687/906 3531/2718/918 3532/2721/1776
f 3506/2692/892 3505/2691/907 3524/2722/919
f 3513/2690/909 3532/2721/1776 3533/2724/923
f 3507/2694/893 3506/2692/892 3525/2723/922
f 3536/2710/1775 3555/2745/1777 3556/2725/942
f 3530/2714/915 3529/2711/911 3548/2726/940
f 3523/2715/916 3522/2712/913 3541/2728/941
f 3537/2730/914 3556/2759/942 3557/2731/945
f 3530/2714/915 3549/2727/943 3550/2732/946
f 3524/2719/919 3523/2715/916 3542/2729/944
f 3538/2717/917 3557/2731/945 3558/2734/931
f 3531/2718/918 3550/2732/946 3551/2735/947
f 3525/2723/922 3524/2722/919 3543/2736/929
f 3532/2721/1776 3551/2735/947 3552/2738/932
f 3526/2705/924 3525/2723/922 3544/2737/930
f 3533/2724/923 3552/2738/932 3553/2740/934
f 3527/2706/926 3526/2705/924 3545/2739/933
f 3534/2704/925 3553/2740/934 3554/2742/936
f 3528/2708/910 3527/2706/926 3546/2741/935
f 3535/2707/927 3554/2742/936 3555/2745/1777
f 3529/2711/911 3528/2708/910 3547/2743/937
f 3522/2712/913 3521/2709/912 3540/2744/938
f 3551/2735/947 3570/2766/960 3571/2746/962
f 3545/2739/933 3544/2737/930 3563/2747/961
f 3552/2738/932 3571/2746/962 3572/2749/964
f 3546/2741/935 3545/2739/933 3564/2748/963
f 3553/2740/934 3572/2749/964 3573/2751/966
f 3547/2743/937 3546/2741/935 3565/2750/965
f 3554/2742/936 3573/2751/966 3574/2754/949
f 3548/2726/940 3547/2743/937 3566/2752/950
f 3541/2728/941 3540/2744/938 3559/2753/948
f 3555/2757/1777 3574/2772/949 3575/2758/953
f 3549/2727/943 3548/2726/940 3567/2755/951
f 3542/2729/944 3541/2728/941 3560/2756/952
f 3556/2759/942 3575/2758/953 3576/2762/956
f 3549/2727/943 3568/2760/954 3569/2763/957
f 3543/2733/929 3542/2729/944 3561/2761/955
f 3557/2731/945 3576/2762/956 3577/2765/959
f 3550/2732/946 3569/2763/957 3570/2766/960
f 3544/2737/930 3543/2736/929 3562/2767/958
f 3567/2755/951 3566/2752/950 3585/2768/976
f 3560/2756/952 3559/2753/948 3578/2770/977
f 3574/2772/949 3593/2804/978 3594/2773/981
f 3568/2760/954 3567/2755/951 3586/2769/979
f 3561/2761/955 3560/2756/952 3579/2771/980
f 3575/2758/953 3594/2773/981 3595/2776/984
f 3568/2760/954 3587/2774/982 3588/2777/985
f 3562/2764/958 3561/2761/955 3580/2775/983
f 3576/2762/956 3595/2776/984 3596/2779/967
f 3569/2763/957 3588/2777/985 3589/2780/968
f 3563/2747/961 3562/2767/958 3581/2781/969
f 3570/2766/960 3589/2780/968 3590/2783/971
f 3564/2748/963 3563/2747/961 3582/2782/970
f 3571/2746/962 3590/2783/971 3591/2785/973
f 3565/2750/965 3564/2748/963 3583/2784/972
f 3572/2749/964 3591/2785/973 3592/2787/975
f 3566/2752/950 3565/2750/965 3584/2786/974
f 3573/2751/966 3592/2787/975 3593/2788/978
f 3582/2789/970 3581/2778/969 3600/2790/998
f 3589/2780/968 3608/2810/1000 3609/2793/1002
f 3583/2784/972 3582/2782/970 3601/2794/1001
f 3590/2783/971 3609/2793/1002 3610/2796/1004
f 3584/2786/974 3583/2784/972 3602/2795/1003
f 3591/2785/973 3610/2796/1004 3611/2798/986
f 3585/2768/976 3584/2786/974 3603/2797/987
f 3592/2787/975 3611/2798/986 3612/2801/1778
f 3586/2769/979 3585/2768/976 3604/2799/988
f 3579/2771/980 3578/2770/977 3597/2800/989
f 3593/2804/978 3612/2814/1778 3613/2805/1780
f 3587/2774/982 3586/2769/979 3605/2802/1779
f 3580/2775/983 3579/2771/980 3598/2803/992
f 3594/2773/981 3613/2805/1780 3614/2808/996
f 3587/2774/982 3606/2806/994 3607/2809/1782
f 3581/2778/969 3580/2775/983 3599/2807/1781
f 3595/2776/984 3614/2808/996 3615/2792/999
f 3588/2777/985 3607/2809/1782 3608/2810/1000
f 3611/2812/986 3630/2846/1015 3631/2813/1018
f 3605/2802/1779 3604/2799/988 3623/2815/1016
f 3598/2803/992 3597/2800/989 3616/2811/1783
f 3612/2814/1778 3631/2813/1018 3632/2818/1021
f 3606/2806/994 3605/2802/1779 3624/2816/1019
f 3599/2807/1781 3598/2803/992 3617/2817/1020
f 3613/2805/1780 3632/2818/1021 3633/2821/1023
f 3606/2806/994 3625/2819/1022 3626/2822/1005
f 3600/2790/998 3599/2807/1781 3618/2820/1006
f 3614/2808/996 3633/2821/1023 3634/2824/1784
f 3607/2809/1782 3626/2822/1005 3627/2825/1009
f 3601/2791/1001 3600/2790/998 3619/2823/1007
f 3608/2810/1000 3627/2825/1009 3628/2827/1011
f 3602/2795/1003 3601/2794/1001 3620/2828/1010
f 3609/2793/1002 3628/2827/1011 3629/2830/1785
f 3603/2797/987 3602/2795/1003 3621/2829/1012
f 3610/2796/1004 3629/2830/1785 3630/2832/1015
f 3604/2799/988 3603/2797/987 3622/2831/1014
f 3626/2822/1005 3645/3769/1036 3646/2833/1039
f 3620/2826/1010 3619/2823/1007 3638/2834/1786
f 3627/2825/1009 3646/2833/1039 3647/2837/1041
f 3621/2838/1012 3620/3770/1010 3639/2839/1040
f 3628/2827/1011 3647/2837/1041 3648/2841/1042
f 3622/2842/1014 3621/2838/1012 3640/2840/1024
f 3629/2844/1785 3648/2883/1042 3649/2845/1026
f 3623/2847/1016 3622/2842/1014 3641/2843/1025
f 3630/2846/1015 3649/2845/1026 3650/2850/1029
f 3624/2851/1019 3623/2847/1016 3642/2848/1027
f 3617/2817/1020 3616/2811/1783 3635/2849/1028
f 3631/2813/1018 3650/2850/1029 3651/2854/1032
f 3625/2855/1022 3624/2851/1019 3643/2852/1030
f 3618/2820/1006 3617/2817/1020 3636/2853/1031
f 3632/2818/1021 3651/2854/1032 3652/2858/1035
f 3625/2855/1022 3644/2856/1033 3645/2859/1036
f 3619/2823/1007 3618/2820/1006 3637/2857/1034
f 3633/2821/1023 3652/2858/1035 3653/2836/1038
f 3642/2848/1027 3641/2843/1025 3660/2861/1054
f 3649/2845/1026 3668/2884/1055 3669/2864/1058
f 3643/2852/1030 3642/2848/1027 3661/2862/1056
f 3636/2853/1031 3635/2849/1028 3654/2863/1057
f 3650/2850/1029 3669/2864/1058 3670/2867/1060
f 3644/2856/1033 3643/2852/1030 3662/2865/1059
f 3637/2857/1034 3636/2853/1031 3655/2866/1043
f 3651/2854/1032 3670/2867/1060 3671/2870/1045
f 3644/2856/1033 3663/2868/1061 3664/2871/1046
f 3638/2834/1786 3637/2857/1034 3656/2869/1044
f 3652/2858/1035 3671/2870/1045 3672/2873/1048
f 3645/2859/1036 3664/2871/1046 3665/2874/1049
f 3639/2835/1040 3638/2834/1786 3657/2872/1047
f 3646/2875/1039 3665/2874/1049 3666/2877/1051
f 3640/2840/1024 3639/2839/1040 3658/2879/1050
f 3647/2878/1041 3666/2877/1051 3667/2881/1053
f 3641/2843/1025 3640/2840/1024 3659/2880/1052
f 3648/2883/1042 3667/2895/1053 3668/2884/1055
f 3657/2872/1047 3656/2869/1044 3675/2885/1073
f 3671/2870/1045 3690/2904/1074 3691/2887/1077
f 3664/2871/1046 3683/2905/1075 3684/2888/1078
f 3658/2876/1050 3657/2872/1047 3676/2886/1076
f 3665/2874/1049 3684/2888/1078 3685/2890/1080
f 3659/2880/1052 3658/2879/1050 3677/2891/1079
f 3666/2877/1051 3685/2890/1080 3686/2893/1062
f 3660/2861/1054 3659/2880/1052 3678/2892/1063
f 3667/2895/1053 3686/3771/1062 3687/2896/1065
f 3661/2862/1056 3660/2861/1054 3679/2894/1064
f 3668/2884/1055 3687/2896/1065 3688/2899/1068
f 3662/2865/1059 3661/2862/1056 3680/2897/1066
f 3655/2866/1043 3654/2863/1057 3673/2898/1067
f 3669/2864/1058 3688/2899/1068 3689/2902/1071
f 3663/2868/1061 3662/2865/1059 3681/2900/1069
f 3656/2869/1044 3655/2866/1043 3674/2901/1070
f 3670/2867/1060 3689/2902/1071 3690/2904/1074
f 3663/2868/1061 3682/2903/1787 3683/2905/1075
f 3686/2893/1062 3706/2926/1093 3707/2906/1095
f 3680/2897/1066 3679/2894/1064 3699/2908/1094
f 3687/2896/1065 3707/3772/1095 3708/2911/1098
f 3681/2900/1069 3680/2897/1066 3700/2909/1096
f 3674/2901/1070 3673/2898/1067 3693/2910/1097
f 3688/2899/1068 3708/2911/1098 3709/2914/1099
f 3682/2903/1787 3681/2900/1069 3701/2912/1081
f 3675/2885/1073 3674/2901/1070 3694/2913/1083
f 3689/2902/1071 3709/2914/1099 3710/2917/1085
f 3682/2903/1787 3702/2915/1082 3703/2918/1086
f 3676/2886/1076 3675/2885/1073 3695/2916/1084
f 3690/2904/1074 3710/2917/1085 3711/2920/1088
f 3683/2905/1075 3703/2918/1086 3704/2921/1089
f 3677/2889/1079 3676/2886/1076 3696/2919/1087
f 3684/2888/1078 3704/2921/1089 3705/2923/1091
f 3678/2892/1063 3677/2891/1079 3697/2924/1090
f 3685/2890/1080 3705/2923/1091 3706/2926/1093
f 3679/2894/1064 3678/2892/1063 3698/2925/1092
f 3710/2917/1085 3709/2914/1099 3728/2927/1110
f 3703/2918/1086 3702/2915/1082 3721/2929/1788
f 3695/2916/1084 3714/2946/1112 3715/2931/1115
f 3711/2920/1088 3710/2917/1085 3729/2928/1113
f 3704/2921/1089 3703/2918/1086 3722/2930/1114
f 3696/2919/1087 3715/2931/1115 3716/2934/1118
f 3705/2923/1091 3704/2921/1089 3723/2933/1117
f 3697/2924/1090 3716/2966/1118 3717/2936/1100
f 3706/2926/1093 3705/2923/1091 3724/2935/1101
f 3698/2925/1092 3717/2936/1100 3718/2938/1103
f 3707/2906/1095 3706/2926/1093 3725/2937/1102
f 3699/2908/1094 3718/2938/1103 3719/2940/1105
f 3708/2911/1098 3707/3772/1095 3726/2942/1104
f 3700/2909/1096 3719/2940/1105 3720/2944/1108
f 3693/2910/1097 3712/2941/1106 3713/2945/1109
f 3709/2914/1099 3708/2911/1098 3727/2943/1107
f 3701/2912/1081 3720/2944/1108 3721/2929/1788
f 3694/2913/1083 3713/2945/1109 3714/2946/1112
f 3725/2937/1102 3724/2935/1101 3743/2947/1130
f 3717/2936/1100 3736/2967/1131 3737/2949/1133
f 3726/2939/1104 3725/2937/1102 3744/2948/1132
f 3718/2938/1103 3737/2949/1133 3738/2951/1135
f 3727/2943/1107 3726/2942/1104 3745/2953/1134
f 3719/2940/1105 3738/2951/1135 3739/2955/1137
f 3712/2941/1106 3731/2952/1136 3732/2956/1119
f 3728/2927/1110 3727/2943/1107 3746/2954/1120
f 3720/2944/1108 3739/2955/1137 3740/2958/1122
f 3713/2945/1109 3732/2956/1119 3733/2959/1123
f 3729/2928/1113 3728/2927/1110 3747/2957/1121
f 3722/2930/1114 3721/2929/1788 3740/2958/1122
f 3714/2946/1112 3733/2959/1123 3734/2962/1126
f 3730/2932/1116 3729/2928/1113 3748/2960/1124
f 3723/2933/1117 3722/2930/1114 3741/2961/1125
f 3715/2931/1115 3734/2962/1126 3735/2965/1129
f 3724/2935/1101 3723/2933/1117 3742/2964/1128
f 3716/2966/1118 3735/2978/1129 3736/2967/1131
f 3739/2955/1137 3758/2987/1148 3759/2968/1151
f 3732/2956/1119 3751/2988/1149 3752/2969/1152
f 3748/2960/1124 3747/2957/1121 3766/2970/1150
f 3741/2961/1125 3740/2958/1122 3759/2968/1151
f 3733/2959/1123 3752/2969/1152 3753/2973/1155
f 3749/2963/1127 3748/2960/1124 3767/2971/1153
f 3742/2964/1128 3741/2961/1125 3760/2972/1154
f 3734/2962/1126 3753/2973/1155 3754/2976/1156
f 3743/2947/1130 3742/2964/1128 3761/2975/1139
f 3735/2978/1129 3754/2989/1156 3755/2979/1141
f 3744/2948/1132 3743/2947/1130 3762/2977/1140
f 3736/2967/1131 3755/2979/1141 3756/2981/1143
f 3745/2950/1134 3744/2948/1132 3763/2980/1142
f 3737/2949/1133 3756/2981/1143 3757/2983/1145
f 3746/2954/1120 3745/2953/1134 3764/2985/1144
f 3738/2951/1135 3757/2983/1145 3758/2987/1148
f 3731/2952/1136 3750/2984/1146 3751/2988/1149
f 3747/2957/1121 3746/2954/1120 3765/2986/1147
f 3754/2989/1156 3773/3026/1169 3774/2990/1790
f 3763/2980/1142 3762/2977/1140 3781/2991/1170
f 3755/2979/1141 3774/2990/1790 3775/2993/1173
f 3764/2985/1144 3763/3773/1142 3782/2994/1172
f 3756/2981/1143 3775/2993/1173 3776/2996/1174
f 3765/2986/1147 3764/2985/1144 3783/2995/1157
f 3757/2983/1145 3776/2996/1174 3777/2999/1159
f 3750/2984/1146 3769/2997/1791 3770/3000/1160
f 3766/2970/1150 3765/2986/1147 3784/2998/1158
f 3758/2987/1148 3777/2999/1159 3778/3002/1162
f 3751/2988/1149 3770/3000/1160 3771/3003/1163
f 3767/2971/1153 3766/2970/1150 3785/3001/1161
f 3760/2972/1154 3759/2968/1151 3778/3002/1162
f 3752/2969/1152 3771/3003/1163 3772/3006/1166
f 3768/2974/1789 3767/2971/1153 3786/3004/1792
f 3761/2975/1139 3760/2972/1154 3779/3005/1165
f 3753/2973/1155 3772/3006/1166 3773/3009/1169
f 3762/2977/1140 3761/2975/1139 3780/3008/1168
f 3769/2997/1791 3788/3034/1186 3789/3010/1189
f 3785/3001/1161 3784/2998/1158 3803/3011/1794
f 3777/2999/1159 3796/3035/1188 3797/3013/1191
f 3770/3000/1160 3789/3010/1189 3790/3014/1192
f 3786/3004/1792 3785/3001/1161 3804/3012/1190
f 3779/3016/1165 3778/3774/1162 3797/3017/1191
f 3771/3003/1163 3790/3014/1192 3791/3019/1194
f 3787/3007/1793 3786/3004/1792 3805/3015/1193
f 3780/3021/1168 3779/3016/1165 3798/3018/1795
f 3772/3006/1166 3791/3019/1194 3792/3023/1178
f 3781/3024/1170 3780/3021/1168 3799/3022/1177
f 3773/3026/1169 3792/3775/1178 3793/3027/1181
f 3782/3028/1172 3781/3024/1170 3800/3025/1180
f 3774/2990/1790 3793/3027/1181 3794/3030/1183
f 3783/2995/1157 3782/2994/1172 3801/3031/1182
f 3775/2993/1173 3794/3030/1183 3795/3033/1185
f 3784/2998/1158 3783/2995/1157 3802/3032/1184
f 3776/2996/1174 3795/3033/1185 3796/3035/1188
f 3800/3025/1180 3799/3022/1177 3818/3036/1208
f 3792/3038/1178 3811/3062/1209 3812/3039/1211
f 3801/3029/1182 3800/3025/1180 3819/3037/1210
f 3793/3040/1181 3812/3039/1211 3813/3042/1213
f 3802/3044/1184 3801/3029/1182 3820/3041/1212
f 3794/3043/1183 3813/3042/1213 3814/3046/1195
f 3803/3011/1794 3802/3032/1184 3821/3049/1197
f 3795/3047/1185 3814/3046/1195 3815/3051/1199
f 3788/3034/1186 3807/3048/1196 3808/3053/1200
f 3804/3012/1190 3803/3011/1794 3822/3050/1198
f 3796/3052/1188 3815/3051/1199 3816/3055/1202
f 3789/3010/1189 3808/3053/1200 3809/3056/1203
f 3805/3015/1193 3804/3012/1190 3823/3054/1201
f 3798/3018/1795 3797/3017/1191 3816/3055/1202
f 3790/3014/1192 3809/3056/1203 3810/3059/1206
f 3806/3020/1179 3805/3015/1193 3824/3057/1204
f 3799/3022/1177 3798/3018/1795 3817/3058/1205
f 3791/3061/1194 3810/3074/1206 3811/3062/1209
f 3814/3046/1195 3833/3081/1225 3834/3063/1228
f 3807/3048/1196 3826/3082/1226 3827/3064/1229
f 3823/3054/1201 3822/3050/1198 3841/3065/1227
f 3815/3051/1199 3834/3063/1228 3835/3067/1231
f 3808/3053/1200 3827/3064/1229 3828/3068/1232
f 3824/3057/1204 3823/3054/1201 3842/3066/1230
f 3817/3058/1205 3816/3055/1202 3835/3067/1231
f 3809/3056/1203 3828/3068/1232 3829/3071/1214
f 3825/3060/1207 3824/3057/1204 3843/3069/1215
f 3818/3036/1208 3817/3058/1205 3836/3070/1217
f 3810/3074/1206 3829/3084/1214 3830/3075/1219
f 3819/3037/1210 3818/3036/1208 3837/3073/1218
f 3811/3062/1209 3830/3075/1219 3831/3077/1221
f 3820/3041/1212 3819/3037/1210 3838/3076/1220
f 3812/3039/1211 3831/3077/1221 3832/3079/1223
f 3821/3045/1197 3820/3041/1212 3839/3078/1222
f 3813/3042/1213 3832/3079/1223 3833/3081/1225
f 3822/3050/1198 3821/3049/1197 3840/3083/1224
f 3829/3084/1214 3848/3119/1245 3849/3085/1248
f 3838/3076/1220 3837/3073/1218 3856/3087/1247
f 3830/3075/1219 3849/3085/1248 3850/3089/1250
f 3839/3078/1222 3838/3076/1220 3857/3088/1249
f 3831/3077/1221 3850/3089/1250 3851/3091/1251
f 3840/3080/1224 3839/3078/1222 3858/3090/1233
f 3832/3079/1223 3851/3091/1251 3852/3093/1235
f 3841/3095/1227 3840/3080/1224 3859/3092/1234
f 3833/3081/1225 3852/3093/1235 3853/3097/1238
f 3826/3082/1226 3845/3094/1236 3846/3098/1239
f 3842/3066/1230 3841/3065/1227 3860/3099/1237
f 3834/3063/1228 3853/3097/1238 3854/3101/1241
f 3827/3064/1229 3846/3098/1239 3847/3102/1242
f 3843/3069/1215 3842/3066/1230 3861/3100/1240
f 3836/3070/1217 3835/3067/1231 3854/3101/1241
f 3828/3068/1232 3847/3102/1242 3848/3105/1245
f 3844/3072/1216 3843/3069/1215 3862/3103/1243
f 3837/3073/1218 3836/3070/1217 3855/3104/1244
f 3860/3096/1237 3859/3092/1234 3878/3107/1263
f 3852/3093/1235 3871/3127/1264 3872/3109/1267
f 3845/3094/1236 3864/3106/1265 3865/3110/1268
f 3861/3100/1240 3860/3099/1237 3879/3111/1266
f 3853/3097/1238 3872/3109/1267 3873/3113/1252
f 3846/3098/1239 3865/3110/1268 3866/3114/1270
f 3862/3103/1243 3861/3100/1240 3880/3112/1269
f 3855/3104/1244 3854/3101/1241 3873/3113/1252
f 3847/3117/1242 3866/3147/1270 3867/3118/1254
f 3863/3086/1246 3862/3103/1243 3881/3115/1255
f 3856/3087/1247 3855/3104/1244 3874/3116/1253
f 3848/3119/1245 3867/3118/1254 3868/3122/1258
f 3857/3088/1249 3856/3087/1247 3875/3121/1257
f 3849/3085/1248 3868/3122/1258 3869/3124/1260
f 3858/3090/1233 3857/3088/1249 3876/3123/1259
f 3850/3089/1250 3869/3124/1260 3870/3126/1262
f 3859/3092/1234 3858/3090/1233 3877/3125/1261
f 3851/3091/1251 3870/3126/1262 3871/3127/1264
f 3882/3120/1256 3881/3115/1255 3900/3128/1282
f 3875/3121/1257 3874/3116/1253 3893/3130/1283
f 3867/3118/1254 3886/3148/1284 3887/3132/1287
f 3876/3123/1259 3875/3121/1257 3894/3131/1286
f 3868/3122/1258 3887/3132/1287 3888/3134/1289
f 3877/3125/1261 3876/3123/1259 3895/3133/1288
f 3869/3124/1260 3888/3134/1289 3889/3136/1271
f 3878/3107/1263 3877/3125/1261 3896/3135/1272
f 3870/3126/1262 3889/3136/1271 3890/3138/1274
f 3879/3108/1266 3878/3107/1263 3897/3137/1273
f 3871/3127/1264 3890/3138/1274 3891/3141/1277
f 3864/3106/1265 3883/3139/1275 3884/3142/1278
f 3880/3112/1269 3879/3111/1266 3898/3143/1276
f 3872/3109/1267 3891/3141/1277 3892/3145/1280
f 3865/3110/1268 3884/3142/1278 3885/3146/1281
f 3881/3115/1255 3880/3112/1269 3899/3144/1279
f 3874/3116/1253 3873/3113/1252 3892/3145/1280
f 3866/3147/1270 3885/3162/1281 3886/3148/1284
f 3897/3137/1273 3896/3135/1272 3915/3149/1301
f 3889/3136/1271 3908/3169/1302 3909/3151/1304
f 3898/3140/1276 3897/3137/1273 3916/3150/1303
f 3890/3138/1274 3909/3151/1304 3910/3154/1307
f 3883/3139/1275 3902/3152/1305 3903/3155/1308
f 3899/3144/1279 3898/3143/1276 3917/3156/1306
f 3891/3141/1277 3910/3154/1307 3911/3158/1293
f 3884/3142/1278 3903/3155/1308 3904/3159/1290
f 3900/3128/1282 3899/3144/1279 3918/3157/1291
f 3893/3130/1283 3892/3145/1280 3911/3158/1293
f 3885/3162/1281 3904/3172/1290 3905/3163/1295
f 3901/3129/1285 3900/3128/1282 3919/3160/1292
f 3894/3131/1286 3893/3130/1283 3912/3161/1294
f 3886/3148/1284 3905/3163/1295 3906/3166/1298
f 3895/3133/1288 3894/3131/1286 3913/3165/1297
f 3887/3132/1287 3906/3166/1298 3907/3168/1300
f 3896/3135/1272 3895/3133/1288 3914/3167/1299
f 3888/3134/1289 3907/3168/1300 3908/3169/1302
f 3912/3161/1294 3911/3158/1293 3930/3170/408
f 3904/3172/1290 3923/3776/1319 3924/3173/1322
f 3920/3164/1296 3919/3160/1292 3938/3174/1320
f 3913/3165/1297 3912/3161/1294 3931/3171/1321
f 3905/3163/1295 3924/3173/1322 3925/3177/1325
f 3914/3167/1299 3913/3165/1297 3932/3176/1324
f 3906/3166/1298 3925/3177/1325 3926/3179/1326
f 3915/3149/1301 3914/3167/1299 3933/3178/1309
f 3907/3168/1300 3926/3179/1326 3927/3181/1311
f 3916/3150/1303 3915/3149/1301 3934/3180/1310
f 3908/3169/1302 3927/3181/1311 3928/3183/1313
f 3917/3153/1306 3916/3150/1303 3935/3182/1312
f 3909/3151/1304 3928/3183/1313 3929/3186/1316
f 3902/3152/1305 3921/3184/1314 3922/3187/1317
f 3918/3157/1291 3917/3156/1306 3936/3188/1315
f 3910/3154/1307 3929/3186/1316 3930/3170/408
f 3903/3155/1308 3922/3187/1317 3923/3190/1319
f 3919/3160/1292 3918/3157/1291 3937/3189/1318
f 3927/3181/1311 3926/3179/1326 3946/3191/1339
f 3934/3180/1310 3954/3210/1340 3955/3193/1342
f 3928/3183/1313 3927/3181/1311 3947/3192/1341
f 3935/3182/1312 3955/3193/1342 3956/3196/1345
f 3929/3186/1316 3928/3183/1313 3948/3194/1343
f 3922/3187/1317 3921/3184/1314 3941/3195/1344
f 3936/3188/1315 3956/3229/1345 3957/3199/1327
f 3930/3170/408 3929/3186/1316 3949/3197/1328
f 3923/3190/1319 3922/3187/1317 3942/3198/1330
f 3937/3189/1318 3957/3199/1327 3958/3202/1332
f 3930/3170/408 3950/3200/1329 3951/3203/1333
f 3924/3173/1322 3923/3776/1319 3943/3204/1331
f 3938/3174/1320 3958/3202/1332 3959/3206/1335
f 3931/3171/1321 3951/3203/1333 3952/3207/1336
f 3925/3177/1325 3924/3173/1322 3944/3205/1334
f 3932/3176/1324 3952/3207/1336 3953/3209/1338
f 3926/3179/1326 3925/3177/1325 3945/3208/1796
f 3933/3178/1309 3953/3209/1338 3954/3210/1340
f 3943/3201/1331 3942/3198/1330 3961/3211/1356
f 3957/3199/1327 3976/3230/1357 3977/3213/1360
f 3950/3200/1329 3969/3231/1358 3970/3214/1361
f 3944/3205/1334 3943/3204/1331 3962/3215/1359
f 3958/3202/1332 3977/3213/1360 3978/3217/1363
f 3951/3203/1333 3970/3214/1361 3971/3218/1364
f 3945/3208/1796 3944/3205/1334 3963/3216/1362
f 3952/3207/1336 3971/3218/1364 3972/3220/1346
f 3946/3191/1339 3945/3208/1796 3964/3219/1347
f 3953/3209/1338 3972/3220/1346 3973/3222/1349
f 3947/3192/1341 3946/3191/1339 3965/3221/1348
f 3954/3210/1340 3973/3222/1349 3974/3224/1351
f 3948/3194/1343 3947/3192/1341 3966/3223/1350
f 3955/3193/1342 3974/3224/1351 3975/3227/1354
f 3949/3197/1328 3948/3194/1343 3967/3225/1352
f 3942/3198/1330 3941/3195/1344 3960/3226/1353
f 3956/3229/1345 3975/3241/1354 3976/3230/1357
f 3950/3200/1329 3949/3197/1328 3968/3228/1355
f 3972/3220/1346 3991/3252/1378 3992/3232/1380
f 3966/3223/1350 3965/3221/1348 3984/3233/1379
f 3973/3222/1349 3992/3232/1380 3993/3235/1382
f 3967/3225/1352 3966/3223/1350 3985/3234/1797
f 3974/3224/1351 3993/3235/1382 3994/3238/1383
f 3968/3228/1355 3967/3225/1352 3986/3236/1798
f 3961/3211/1356 3960/3226/1353 3979/3237/1367
f 3975/3241/1354 3994/3272/1383 3995/3242/1369
f 3969/3231/1358 3968/3228/1355 3987/3239/1366
f 3962/3212/1359 3961/3211/1356 3980/3240/1368
f 3976/3230/1357 3995/3242/1369 3996/3245/1372
f 3969/3231/1358 3988/3243/1370 3989/3246/1373
f 3963/3216/1362 3962/3215/1359 3981/3247/1371
f 3977/3213/1360 3996/3245/1372 3997/3249/1375
f 3970/3214/1361 3989/3246/1373 3990/3250/1376
f 3964/3219/1347 3963/3216/1362 3982/3248/1374
f 3971/3218/1364 3990/3250/1376 3991/3252/1378
f 3965/3221/1348 3964/3219/1347 3983/3251/1377
f 3988/3243/1370 3987/3239/1366 4006/3253/1395
f 3981/3244/1371 3980/3240/1368 3999/3255/1396
f 3995/3242/1369 4014/3273/1397 4015/3257/1400
f 3988/3243/1370 4007/3254/1398 4008/3258/1401
f 3982/3248/1374 3981/3247/1371 4000/3259/1399
f 3996/3245/1372 4015/3257/1400 4016/3261/1386
f 3989/3246/1373 4008/3258/1401 4009/3262/1402
f 3983/3251/1377 3982/3248/1374 4001/3260/1384
f 3990/3250/1376 4009/3262/1402 4010/3264/1387
f 3984/3233/1379 3983/3251/1377 4002/3263/1385
f 3991/3252/1378 4010/3264/1387 4011/3266/1389
f 3985/3234/1797 3984/3233/1379 4003/3265/1388
f 3992/3232/1380 4011/3266/1389 4012/3268/1391
f 3986/3236/1798 3985/3234/1797 4004/3267/1390
f 3993/3235/1382 4012/3268/1391 4013/3271/1394
f 3987/3239/1366 3986/3236/1798 4005/3269/1392
f 3980/3240/1368 3979/3237/1367 3998/3270/1393
f 3994/3272/1383 4013/3284/1394 4014/3273/1397
f 4003/3265/1388 4002/3263/1385 4021/3274/1416
f 4010/3264/1387 4029/3295/1417 4030/3276/1419
f 4004/3267/1390 4003/3265/1388 4022/3275/1418
f 4011/3266/1389 4030/3276/1419 4031/3278/1421
f 4005/3269/1392 4004/3267/1390 4023/3277/1420
f 4012/3268/1391 4031/3278/1421 4032/3281/1404
f 4006/3253/1395 4005/3269/1392 4024/3279/1405
f 3999/3255/1396 3998/3270/1393 4017/3280/1403
f 4013/3284/1394 4032/3298/1404 4033/3285/1408
f 4007/3254/1398 4006/3253/1395 4025/3282/1406
f 4000/3256/1399 3999/3255/1396 4018/3283/1799
f 4014/3273/1397 4033/3285/1408 4034/3288/1800
f 4007/3254/1398 4026/3286/1409 4027/3289/1412
f 4001/3290/1384 4000/3256/1399 4019/3287/1410
f 4015/3257/1400 4034/3288/1800 4035/3292/1414
f 4008/3258/1401 4027/3289/1412 4028/3293/1415
f 4002/3263/1385 4001/3260/1384 4020/3294/1413
f 4009/3262/1402 4028/3293/1415 4029/3295/1417
f 4018/3283/1799 4017/3280/1403 4036/3296/1432
f 4032/3298/1404 4051/3328/1433 4052/3299/1436
f 4026/3286/1409 4025/3282/1406 4044/3300/1434
f 4019/3287/1410 4018/3283/1799 4037/3297/1435
f 4033/3285/1408 4052/3299/1436 4053/3303/1439
f 4026/3286/1409 4045/3301/1437 4046/3304/1440
f 4020/3291/1413 4019/3287/1410 4038/3302/1438
f 4034/3288/1800 4053/3303/1439 4054/3306/1425
f 4027/3289/1412 4046/3304/1440 4047/3307/1422
f 4021/3274/1416 4020/3294/1413 4039/3308/1423
f 4028/3293/1415 4047/3307/1422 4048/3310/1426
f 4022/3275/1418 4021/3274/1416 4040/3309/1424
f 4029/3295/1417 4048/3310/1426 4049/3312/1428
f 4023/3277/1420 4022/3275/1418 4041/3311/1427
f 4030/3276/1419 4049/3312/1428 4050/3314/1430
f 4024/3279/1405 4023/3277/1420 4042/3313/1429
f 4031/3278/1421 4050/3314/1430 4051/3316/1433
f 4025/3282/1406 4024/3279/1405 4043/3315/1431
f 4047/3307/1422 4066/3337/1454 4067/3318/1456
f 4041/3311/1427 4040/3309/1424 4059/3319/1455
f 4048/3310/1426 4067/3318/1456 4068/3321/1458
f 4042/3313/1429 4041/3311/1427 4060/3320/1457
f 4049/3312/1428 4068/3321/1458 4069/3323/1459
f 4043/3315/1431 4042/3313/1429 4061/3322/1441
f 4050/3326/1430 4069/3339/1459 4070/3327/1801
f 4044/3300/1434 4043/3315/1431 4062/3324/1442
f 4037/3297/1435 4036/3296/1432 4055/3325/1443
f 4051/3328/1433 4070/3327/1801 4071/3331/1447
f 4045/3301/1437 4044/3300/1434 4063/3329/1802
f 4038/3302/1438 4037/3297/1435 4056/3330/1446
f 4052/3299/1436 4071/3331/1447 4072/3334/1450
f 4045/3301/1437 4064/3332/1448 4065/3335/1451
f 4039/3305/1423 4038/3302/1438 4057/3333/1449
f 4053/3303/1439 4072/3334/1450 4073/3317/1453
f 4046/3304/1440 4065/3335/1451 4066/3337/1454
f 4040/3309/1424 4039/3308/1423 4058/3338/1803
f 4069/3339/1459 4088/3379/1469 4089/3340/1472
f 4063/3329/1802 4062/3324/1442 4081/3341/1470
f 4056/3330/1446 4055/3325/1443 4074/3343/1804
f 4070/3327/1801 4089/3340/1472 4090/3345/1475
f 4064/3332/1448 4063/3329/1802 4082/3342/1473
f 4057/3333/1449 4056/3330/1446 4075/3344/1474
f 4071/3331/1447 4090/3345/1475 4091/3348/1477
f 4064/3332/1448 4083/3346/1476 4084/3349/1478
f 4058/3336/1803 4057/3333/1449 4076/3347/1460
f 4072/3334/1450 4091/3348/1477 4092/3351/1805
f 4065/3335/1451 4084/3349/1478 4085/3352/1463
f 4059/3353/1455 4058/3336/1803 4077/3350/1461
f 4066/3337/1454 4085/3352/1463 4086/3355/1465
f 4060/3320/1457 4059/3319/1455 4078/3356/1464
f 4067/3318/1456 4086/3355/1465 4087/3358/1467
f 4061/3322/1441 4060/3320/1457 4079/3357/1466
f 4068/3321/1458 4087/3358/1467 4088/3360/1469
f 4062/3324/1442 4061/3322/1441 4080/3359/1468
f 4084/3361/1478 4103/3389/1490 4104/3362/1493
f 4078/3354/1464 4077/3350/1461 4096/3364/1491
f 4085/3363/1463 4104/3362/1493 4105/3367/1495
f 4079/3369/1466 4078/3354/1464 4097/3365/1494
f 4086/3368/1465 4105/3367/1495 4106/3371/1497
f 4080/3359/1468 4079/3357/1466 4098/3373/1496
f 4087/3372/1467 4106/3371/1497 4107/3375/1479
f 4081/3341/1470 4080/3359/1468 4099/3374/1480
f 4088/3379/1469 4107/3394/1479 4108/3380/1483
f 4082/3342/1473 4081/3341/1470 4100/3377/1481
f 4075/3344/1474 4074/3343/1804 4093/3378/1482
f 4089/3340/1472 4108/3380/1483 4109/3383/1807
f 4083/3384/1476 4082/3777/1473 4101/3385/1484
f 4076/3347/1460 4075/3344/1474 4094/3382/1485
f 4090/3345/1475 4109/3383/1807 4110/3388/1489
f 4083/3384/1476 4102/3386/1487 4103/3389/1490
f 4077/3350/1461 4076/3347/1460 4095/3387/1488
f 4091/3348/1477 4110/3388/1489 4111/3366/1806
f 4100/3390/1481 4099/3410/1480 4118/3391/1508
f 4107/3394/1479 4126/3426/1509 4127/3395/1512
f 4101/3385/1484 4100/3390/1481 4119/3392/1510
f 4094/3382/1485 4093/3378/1482 4112/3393/1511
f 4108/3380/1483 4127/3395/1512 4128/3398/1515
f 4102/3386/1487 4101/3385/1484 4120/3396/1513
f 4095/3387/1488 4094/3382/1485 4113/3397/1514
f 4109/3383/1807 4128/3398/1515 4129/3401/1498
f 4102/3386/1487 4121/3399/1516 4122/3402/1499
f 4096/3364/1491 4095/3387/1488 4114/3400/1500
f 4110/3388/1489 4129/3401/1498 4130/3404/1502
f 4103/3389/1490 4122/3402/1499 4123/3405/1503
f 4097/3365/1494 4096/3364/1491 4115/3403/1501
f 4104/3362/1493 4123/3405/1503 4124/3407/1505
f 4098/3370/1496 4097/3365/1494 4116/3406/1504
f 4105/3367/1495 4124/3407/1505 4125/3409/1507
f 4099/3410/1480 4098/3778/1496 4117/3411/1506
f 4106/3371/1497 4125/3409/1507 4126/3412/1509
f 4115/3403/1501 4114/3400/1500 4133/3413/1528
f 4129/3401/1498 4148/3432/1529 4149/3415/1532
f 4122/3402/1499 4141/3433/1530 4142/3416/1533
f 4116/3406/1504 4115/3403/1501 4134/3414/1531
f 4123/3405/1503 4142/3416/1533 4143/3418/1535
f 4117/3408/1506 4116/3406/1504 4135/3417/1534
f 4124/3407/1505 4143/3418/1535 4144/3420/1517
f 4118/3391/1508 4117/3411/1506 4136/3421/1518
f 4125/3409/1507 4144/3420/1517 4145/3423/1520
f 4119/3392/1510 4118/3391/1508 4137/3422/1519
f 4126/3426/1509 4145/3438/1520 4146/3427/1523
f 4120/3396/1513 4119/3392/1510 4138/3424/1521
f 4113/3397/1514 4112/3393/1511 4131/3425/1522
f 4127/3395/1512 4146/3427/1523 4147/3430/1526
f 4121/3399/1516 4120/3396/1513 4139/3428/1524
f 4114/3400/1500 4113/3397/1514 4132/3429/1525
f 4128/3398/1515 4147/3430/1526 4148/3432/1529
f 4121/3399/1516 4140/3431/1527 4141/3433/1530
f 4144/3420/1517 4163/3454/1548 4164/3434/1550
f 4138/3424/1521 4137/3422/1519 4156/3435/1549
f 4145/3438/1520 4164/3779/1550 4165/3439/1553
f 4139/3428/1524 4138/3424/1521 4157/3436/1551
f 4132/3429/1525 4131/3425/1522 4150/3437/1552
f 4146/3427/1523 4165/3439/1553 4166/3442/1554
f 4140/3431/1527 4139/3428/1524 4158/3440/1536
f 4133/3413/1528 4132/3429/1525 4151/3441/1538
f 4147/3430/1526 4166/3442/1554 4167/3445/1540
f 4140/3431/1527 4159/3443/1537 4160/3446/1541
f 4134/3414/1531 4133/3413/1528 4152/3444/1539
f 4148/3432/1529 4167/3445/1540 4168/3448/1543
f 4141/3433/1530 4160/3446/1541 4161/3449/1544
f 4135/3417/1534 4134/3414/1531 4153/3447/1542
f 4142/3416/1533 4161/3449/1544 4162/3451/1546
f 4136/3421/1518 4135/3780/1534 4154/3452/1545
f 4143/3418/1535 4162/3451/1546 4163/3454/1548
f 4137/3422/1519 4136/3421/1518 4155/3453/1547
f 4160/3446/1541 4159/3443/1537 4178/3455/1566
f 4152/3444/1539 4171/3474/1567 4172/3457/1570
f 4168/3448/1543 4167/3445/1540 4186/3458/1568
f 4161/3449/1544 4160/3446/1541 4179/3456/1569
f 4153/3447/1542 4172/3457/1570 4173/3461/1573
f 4162/3451/1546 4161/3449/1544 4180/3460/1572
f 4154/3452/1545 4173/3494/1573 4174/3463/1555
f 4163/3454/1548 4162/3451/1546 4181/3462/1556
f 4155/3453/1547 4174/3463/1555 4175/3465/1558
f 4164/3434/1550 4163/3454/1548 4182/3464/1557
f 4156/3435/1549 4175/3465/1558 4176/3467/1560
f 4165/3439/1553 4164/3779/1550 4183/3469/1559
f 4157/3436/1551 4176/3467/1560 4177/3471/1563
f 4150/3437/1552 4169/3468/1561 4170/3472/1564
f 4166/3442/1554 4165/3439/1553 4184/3470/1562
f 4158/3440/1536 4177/3471/1563 4178/3455/1566
f 4151/3441/1538 4170/3472/1564 4171/3474/1567
f 4167/3445/1540 4166/3442/1554 4185/3473/1565
f 4174/3463/1555 4193/3495/1586 4194/3475/1588
f 4183/3466/1559 4182/3464/1557 4201/3476/1587
f 4175/3465/1558 4194/3475/1588 4195/3478/1590
f 4184/3470/1562 4183/3469/1559 4202/3480/1589
f 4176/3467/1560 4195/3478/1590 4196/3482/1592
f 4169/3468/1561 4188/3479/1591 4189/3483/1574
f 4185/3473/1565 4184/3470/1562 4203/3481/1575
f 4177/3471/1563 4196/3482/1592 4197/3485/1577
f 4170/3472/1564 4189/3483/1574 4190/3486/1578
f 4186/3458/1568 4185/3473/1565 4204/3484/1576
f 4179/3456/1569 4178/3455/1566 4197/3485/1577
f 4171/3474/1567 4190/3486/1578 4191/3489/1581
f 4187/3459/1571 4186/3458/1568 4205/3487/1579
f 4180/3460/1572 4179/3456/1569 4198/3488/1580
f 4172/3457/1570 4191/3489/1581 4192/3492/1584
f 4181/3462/1556 4180/3460/1572 4199/3491/1583
f 4173/3494/1573 4192/3506/1584 4193/3495/1586
f 4182/3464/1557 4181/3462/1556 4200/3493/1585
f 4189/3483/1574 4208/3516/1603 4209/3496/1606
f 4205/3487/1579 4204/3484/1576 4223/3497/1604
f 4198/3488/1580 4197/3485/1577 4216/3499/1605
f 4190/3486/1578 4209/3496/1606 4210/3501/1609
f 4206/3490/1582 4205/3487/1579 4224/3498/1607
f 4199/3491/1583 4198/3488/1580 4217/3500/1608
f 4191/3489/1581 4210/3501/1609 4211/3504/1611
f 4200/3493/1585 4199/3491/1583 4218/3503/1593
f 4192/3506/1584 4211/3781/1611 4212/3507/1595
f 4201/3476/1587 4200/3493/1585 4219/3505/1594
f 4193/3495/1586 4212/3507/1595 4213/3509/1597
f 4202/3477/1589 4201/3476/1587 4220/3508/1596
f 4194/3475/1588 4213/3509/1597 4214/3511/1599
f 4203/3481/1575 4202/3480/1589 4221/3513/1598
f 4195/3478/1590 4214/3511/1599 4215/3515/1602
f 4188/3479/1591 4207/3512/1600 4208/3516/1603
f 4204/3484/1576 4203/3481/1575 4222/3514/1601
f 4196/3482/1592 4215/3515/1602 4216/3499/1605
f 4220/3508/1596 4219/3505/1594 4238/3517/1624
f 4212/3507/1595 4231/3782/1625 4232/3519/1627
f 4221/3510/1598 4220/3508/1596 4239/3518/1626
f 4213/3509/1597 4232/3519/1627 4233/3521/1629
f 4222/3514/1601 4221/3513/1598 4240/3523/1628
f 4214/3511/1599 4233/3521/1629 4234/3525/1612
f 4207/3512/1600 4226/3522/1808 4227/3526/1613
f 4223/3497/1604 4222/3514/1601 4241/3524/1614
f 4215/3515/1602 4234/3525/1612 4235/3528/1616
f 4208/3516/1603 4227/3526/1613 4228/3529/1617
f 4224/3498/1607 4223/3497/1604 4242/3527/1615
f 4217/3500/1608 4216/3499/1605 4235/3528/1616
f 4209/3496/1606 4228/3529/1617 4229/3532/1620
f 4225/3502/1610 4224/3498/1607 4243/3530/1618
f 4218/3503/1593 4217/3500/1608 4236/3531/1619
f 4210/3501/1609 4229/3532/1620 4230/3535/1623
f 4219/3505/1594 4218/3503/1593 4237/3534/1622
f 4211/3504/1611 4230/3535/1623 4231/3536/1625
f 4242/3527/1615 4241/3524/1614 4260/3538/1810
f 4234/3540/1612 4253/3562/1641 4254/3541/1811
f 4227/3526/1613 4246/3563/1642 4247/3543/1645
f 4243/3530/1618 4242/3527/1615 4261/3539/1643
f 4236/3531/1619 4235/3528/1616 4254/3546/1811
f 4228/3529/1617 4247/3543/1645 4248/3548/1649
f 4244/3533/1809 4243/3530/1618 4262/3545/1647
f 4237/3534/1622 4236/3531/1619 4255/3547/1648
f 4229/3532/1620 4248/3548/1649 4249/3550/1631
f 4238/3517/1624 4237/3534/1622 4256/3549/1632
f 4230/3535/1623 4249/3550/1631 4250/3552/1634
f 4239/3518/1626 4238/3517/1624 4257/3551/1633
f 4231/3554/1625 4250/3589/1634 4251/3555/1636
f 4240/3520/1628 4239/3518/1626 4258/3553/1635
f 4232/3556/1627 4251/3555/1636 4252/3558/1638
f 4241/3524/1614 4240/3523/1628 4259/3561/1637
f 4233/3559/1629 4252/3558/1638 4253/3562/1641
f 4226/3522/1808 4245/3560/1639 4246/3563/1642
f 4259/3564/1637 4258/3590/1635 4277/3565/1661
f 4251/3555/1636 4270/3591/1662 4271/3567/1664
f 4260/3569/1810 4259/3564/1637 4278/3566/1663
f 4252/3558/1638 4271/3567/1664 4272/3571/1667
f 4245/3560/1639 4264/3568/1665 4265/3572/1668
f 4261/3539/1643 4260/3538/1810 4279/3573/1666
f 4253/3562/1641 4272/3571/1667 4273/3575/1653
f 4246/3563/1642 4265/3572/1668 4266/3576/1650
f 4262/3545/1647 4261/3539/1643 4280/3574/1651
f 4255/3578/1648 4254/3541/1811 4273/3575/1653
f 4247/3543/1645 4266/3576/1650 4267/3580/1655
f 4263/3544/1646 4262/3545/1647 4281/3577/1652
f 4256/3582/1632 4255/3578/1648 4274/3579/1654
f 4248/3548/1649 4267/3580/1655 4268/3584/1658
f 4257/3585/1633 4256/3582/1632 4275/3583/1657
f 4249/3587/1631 4268/3600/1658 4269/3588/1660
f 4258/3590/1635 4257/3585/1633 4276/3586/1659
f 4250/3589/1634 4269/3588/1660 4270/3591/1662
f 4274/3579/1654 4273/3575/1653 4292/3592/1679
f 4266/3576/1650 4285/3612/1680 4286/3594/1683
f 4282/3581/1656 4281/3577/1652 4300/3595/1812
f 4275/3583/1657 4274/3579/1654 4293/3593/1682
f 4267/3580/1655 4286/3594/1683 4287/3598/1686
f 4276/3586/1659 4275/3583/1657 4294/3597/1685
f 4268/3600/1658 4287/3632/1686 4288/3601/1687
f 4277/3565/1661 4276/3586/1659 4295/3599/1669
f 4269/3588/1660 4288/3601/1687 4289/3603/1671
f 4278/3566/1663 4277/3565/1661 4296/3602/1670
f 4270/3591/1662 4289/3603/1671 4290/3605/1673
f 4279/3570/1666 4278/3566/1663 4297/3604/1672
f 4271/3567/1664 4290/3605/1673 4291/3608/1676
f 4264/3568/1665 4283/3606/1674 4284/3609/1677
f 4280/3574/1651 4279/3573/1666 4298/3610/1675
f 4272/3571/1667 4291/3608/1676 4292/3592/1679
f 4265/3572/1668 4284/3609/1677 4285/3612/1680
f 4281/3577/1652 4280/3574/1651 4299/3611/1678
f 4288/3601/1687 4307/3634/1699 4308/3613/1701
f 4297/3604/1672 4296/3602/1670 4315/3614/1700
f 4289/3603/1671 4308/3613/1701 4309/3616/1703
f 4298/3607/1675 4297/3604/1672 4316/3615/1702
f 4290/3605/1673 4309/3616/1703 4310/3619/1705
f 4283/3606/1674 4302/3617/1704 4303/3620/1706
f 4299/3611/1678 4298/3610/1675 4317/3621/1688
f 4291/3608/1676 4310/3619/1705 4311/3623/1690
f 4284/3609/1677 4303/3620/1706 4304/3624/1691
f 4300/3595/1812 4299/3611/1678 4318/3622/1689
f 4293/3593/1682 4292/3592/1679 4311/3623/1690
f 4285/3612/1680 4304/3624/1691 4305/3627/1694
f 4301/3596/1684 4300/3595/1812 4319/3625/1692
f 4294/3597/1685 4293/3593/1682 4312/3626/1693
f 4286/3630/1683 4305/3643/1694 4306/3631/1697
f 4295/3599/1669 4294/3597/1685 4313/3629/1696
f 4287/3632/1686 4306/3631/1697 4307/3634/1699
f 4296/3602/1670 4295/3599/1669 4314/3633/1698
f 4303/3620/1706 4322/3654/1717 4323/3635/1720
f 4319/3625/1692 4318/3622/1689 4337/3636/1718
f 4312/3626/1693 4311/3623/1690 4330/3638/1719
f 4304/3624/1691 4323/3635/1720 4324/3640/1723
f 4320/3628/1695 4319/3625/1692 4338/3637/1721
f 4313/3629/1696 4312/3626/1693 4331/3639/1722
f 4305/3643/1694 4324/3675/1723 4325/3644/1725
f 4314/3633/1698 4313/3629/1696 4332/3642/1707
f 4306/3631/1697 4325/3644/1725 4326/3646/1709
f 4315/3614/1700 4314/3633/1698 4333/3645/1708
f 4307/3634/1699 4326/3646/1709 4327/3648/1711
f 4316/3615/1702 4315/3614/1700 4334/3647/1710
f 4308/3613/1701 4327/3648/1711 4328/3650/1713
f 4317/3618/1688 4316/3615/1702 4335/3649/1712
f 4309/3616/1703 4328/3650/1713 4329/3653/1716
f 4302/3617/1704 4321/3651/1714 4322/3654/1717
f 4318/3655/1689 4317/3618/1688 4336/3652/1715
f 4310/3619/1705 4329/3653/1716 4330/3638/1719
f 4334/3647/1710 4333/3645/1708 4352/3657/1738
f 4326/3646/1709 4345/3677/1739 4346/3659/1741
f 4335/3649/1712 4334/3647/1710 4353/3658/1740
f 4327/3648/1711 4346/3659/1741 4347/3661/1743
f 4336/3652/1715 4335/3649/1712 4354/3660/1742
f 4328/3650/1713 4347/3661/1743 4348/3664/1726
f 4321/3651/1714 4340/3662/1744 4341/3665/1727
f 4337/3656/1718 4336/3652/1715 4355/3663/1728
f 4329/3653/1716 4348/3664/1726 4349/3667/1730
f 4322/3654/1717 4341/3665/1727 4342/3668/1731
f 4338/3637/1721 4337/3636/1718 4356/3669/1729
f 4331/3639/1722 4330/3638/1719 4349/3667/1730
f 4323/3635/1720 4342/3668/1731 4343/3672/1734
f 4339/3641/1724 4338/3637/1721 4357/3670/1732
f 4332/3642/1707 4331/3639/1722 4350/3671/1733
f 4324/3675/1723 4343/3686/1734 4344/3676/1737
f 4333/3645/1708 4332/3642/1707 4351/3674/1736
f 4325/3644/1725 4344/3676/1737 4345/3677/1739
f 4348/3664/1726 4367/3696/1756 4368/3678/1759
f 4341/3665/1727 4360/3697/1757 4361/3679/1760
f 4357/3670/1732 4356/3669/1729 4375/3680/1758
f 4350/3671/1733 4349/3667/1730 4368/3678/1759
f 4342/3668/1731 4361/3679/1760 4362/3683/1763
f 4358/3673/1735 4357/3670/1732 4376/3681/1761
f 4351/3674/1736 4350/3671/1733 4369/3682/1762
f 4343/3686/1734 4362/3699/1763 4363/3687/1813
f 4352/3657/1738 4351/3674/1736 4370/3685/1747
f 4344/3676/1737 4363/3687/1813 4364/3689/1749
f 4353/3658/1740 4352/3657/1738 4371/3688/1748
f 4345/3677/1739 4364/3689/1749 4365/3691/1751
f 4354/3660/1742 4353/3658/1740 4372/3690/1750
f 4346/3659/1741 4365/3691/1751 4366/3693/1753
f 4355/3663/1728 4354/3660/1742 4373/3692/1752
f 4347/3661/1743 4366/3693/1753 4367/3696/1756
f 4340/3662/1744 4359/3694/1754 4360/3697/1757
f 4356/3666/1729 4355/3663/1728 4374/3695/1755
f 4363/3687/1813 4381/2671/865 4382/2677/870
f 4372/3690/1750 4371/3688/1748 4386/2676/869
f 4364/3689/1749 4382/2677/870 4383/2681/874
f 4373/3692/1752 4372/3690/1750 4387/2680/873
f 4365/3691/1751 4383/2681/874 3476/2641/878
f 4374/3695/1755 4373/3692/1752 3479/2647/877
f 4366/3693/1753 3476/2641/878 3477/2650/884
f 4359/3694/1754 4378/2644/880 4379/2652/886
f 4375/3698/1758 4374/3695/1755 3480/2649/883
f 4367/3696/1756 3477/2650/884 4384/2656/417
f 4360/3697/1757 4379/2652/886 4380/2658/890
f 4376/3681/1761 4375/3680/1758 4388/2660/853
f 4369/3682/1762 4368/3678/1759 4384/2656/417
f 4361/3679/1760 4380/2658/890 3475/2665/858
f 4377/3684/1746 4376/3681/1761 3481/2662/855
f 4370/3685/1747 4369/3682/1762 4385/2664/857
f 4362/3699/1763 3475/3768/858 4381/2671/865
f 4371/3688/1748 4370/3685/1747 3478/2670/864
