# Blender 4.4.1
# www.blender.org
mtllib timed_shutter_panel.mtl
o TimedShutterPanel
v -1.630000 0.000000 0.150000
v -1.630000 0.040000 0.190000
v -1.670000 0.040000 0.150000
v -1.630000 0.011716 0.178284
v -1.653094 0.016906 0.173094
v -1.658284 0.040000 0.178284
v -1.658284 0.011716 0.150000
v -1.630000 1.960000 0.190000
v -1.630000 2.000000 0.150000
v -1.670000 1.960000 0.150000
v -1.630000 1.988284 0.178284
v -1.653094 1.983094 0.173094
v -1.658284 1.988284 0.150000
v -1.658284 1.960000 0.178284
v -1.630000 0.000000 -0.150000
v -1.670000 0.040000 -0.150000
v -1.630000 0.040000 -0.190000
v -1.658284 0.011716 -0.150000
v -1.653094 0.016906 -0.173094
v -1.658284 0.040000 -0.178284
v -1.630000 0.011716 -0.178284
v -1.630000 2.000000 -0.150000
v -1.630000 1.960000 -0.190000
v -1.670000 1.960000 -0.150000
v -1.630000 1.988284 -0.178284
v -1.653094 1.983094 -0.173094
v -1.658284 1.960000 -0.178284
v -1.658284 1.988284 -0.150000
v 1.630000 0.000000 0.150000
v 1.670000 0.040000 0.150000
v 1.630000 0.040000 0.190000
v 1.658284 0.011716 0.150000
v 1.653094 0.016906 0.173094
v 1.658284 0.040000 0.178284
v 1.630000 0.011716 0.178284
v 1.630000 2.000000 0.150000
v 1.630000 1.960000 0.190000
v 1.670000 1.960000 0.150000
v 1.630000 1.988284 0.178284
v 1.653094 1.983094 0.173094
v 1.658284 1.960000 0.178284
v 1.658284 1.988284 0.150000
v 1.630000 0.000000 -0.150000
v 1.630000 0.040000 -0.190000
v 1.670000 0.040000 -0.150000
v 1.630000 0.011716 -0.178284
v 1.653094 0.016906 -0.173094
v 1.658284 0.040000 -0.178284
v 1.658284 0.011716 -0.150000
v 1.630000 2.000000 -0.150000
v 1.670000 1.960000 -0.150000
v 1.630000 1.960000 -0.190000
v 1.658284 1.988284 -0.150000
v 1.653094 1.983094 -0.173094
v 1.658284 1.960000 -0.178284
v 1.630000 1.988284 -0.178284
v -1.514000 0.105000 0.239000
v -1.514000 0.131000 0.265000
v -1.540000 0.131000 0.239000
v -1.514000 0.112615 0.257385
v -1.529011 0.115989 0.254011
v -1.532385 0.131000 0.257385
v -1.532385 0.112615 0.239000
v -1.514000 0.209000 0.265000
v -1.514000 0.235000 0.239000
v -1.540000 0.209000 0.239000
v -1.514000 0.227385 0.257385
v -1.529011 0.224011 0.254011
v -1.532385 0.227385 0.239000
v -1.532385 0.209000 0.257385
v -1.514000 0.105000 0.211000
v -1.540000 0.131000 0.211000
v -1.514000 0.131000 0.185000
v -1.532385 0.112615 0.211000
v -1.529011 0.115989 0.195989
v -1.532385 0.131000 0.192615
v -1.514000 0.112615 0.192615
v -1.514000 0.235000 0.211000
v -1.514000 0.209000 0.185000
v -1.540000 0.209000 0.211000
v -1.514000 0.227385 0.192615
v -1.529011 0.224011 0.195989
v -1.532385 0.209000 0.192615
v -1.532385 0.227385 0.211000
v 1.514000 0.105000 0.239000
v 1.540000 0.131000 0.239000
v 1.514000 0.131000 0.265000
v 1.532385 0.112615 0.239000
v 1.529011 0.115989 0.254011
v 1.532385 0.131000 0.257385
v 1.514000 0.112615 0.257385
v 1.514000 0.235000 0.239000
v 1.514000 0.209000 0.265000
v 1.540000 0.209000 0.239000
v 1.514000 0.227385 0.257385
v 1.529011 0.224011 0.254011
v 1.532385 0.209000 0.257385
v 1.532385 0.227385 0.239000
v 1.514000 0.105000 0.211000
v 1.514000 0.131000 0.185000
v 1.540000 0.131000 0.211000
v 1.514000 0.112615 0.192615
v 1.529011 0.115989 0.195989
v 1.532385 0.131000 0.192615
v 1.532385 0.112615 0.211000
v 1.514000 0.235000 0.211000
v 1.540000 0.209000 0.211000
v 1.514000 0.209000 0.185000
v 1.532385 0.227385 0.211000
v 1.529011 0.224011 0.195989
v 1.532385 0.209000 0.192615
v 1.514000 0.227385 0.192615
v -1.514000 0.340000 0.239000
v -1.514000 0.366000 0.265000
v -1.540000 0.366000 0.239000
v -1.514000 0.347615 0.257385
v -1.529011 0.350989 0.254011
v -1.532385 0.366000 0.257385
v -1.532385 0.347615 0.239000
v -1.514000 0.444000 0.265000
v -1.514000 0.470000 0.239000
v -1.540000 0.444000 0.239000
v -1.514000 0.462385 0.257385
v -1.529011 0.459011 0.254011
v -1.532385 0.462385 0.239000
v -1.532385 0.444000 0.257385
v -1.514000 0.340000 0.211000
v -1.540000 0.366000 0.211000
v -1.514000 0.366000 0.185000
v -1.532385 0.347615 0.211000
v -1.529011 0.350989 0.195989
v -1.532385 0.366000 0.192615
v -1.514000 0.347615 0.192615
v -1.514000 0.470000 0.211000
v -1.514000 0.444000 0.185000
v -1.540000 0.444000 0.211000
v -1.514000 0.462385 0.192615
v -1.529011 0.459011 0.195989
v -1.532385 0.444000 0.192615
v -1.532385 0.462385 0.211000
v 1.514000 0.340000 0.239000
v 1.540000 0.366000 0.239000
v 1.514000 0.366000 0.265000
v 1.532385 0.347615 0.239000
v 1.529011 0.350989 0.254011
v 1.532385 0.366000 0.257385
v 1.514000 0.347615 0.257385
v 1.514000 0.470000 0.239000
v 1.514000 0.444000 0.265000
v 1.540000 0.444000 0.239000
v 1.514000 0.462385 0.257385
v 1.529011 0.459011 0.254011
v 1.532385 0.444000 0.257385
v 1.532385 0.462385 0.239000
v 1.514000 0.340000 0.211000
v 1.514000 0.366000 0.185000
v 1.540000 0.366000 0.211000
v 1.514000 0.347615 0.192615
v 1.529011 0.350989 0.195989
v 1.532385 0.366000 0.192615
v 1.532385 0.347615 0.211000
v 1.514000 0.470000 0.211000
v 1.540000 0.444000 0.211000
v 1.514000 0.444000 0.185000
v 1.532385 0.462385 0.211000
v 1.529011 0.459011 0.195989
v 1.532385 0.444000 0.192615
v 1.514000 0.462385 0.192615
v -1.514000 0.575000 0.239000
v -1.514000 0.601000 0.265000
v -1.540000 0.601000 0.239000
v -1.514000 0.582615 0.257385
v -1.529011 0.585989 0.254011
v -1.532385 0.601000 0.257385
v -1.532385 0.582615 0.239000
v -1.514000 0.679000 0.265000
v -1.514000 0.705000 0.239000
v -1.540000 0.679000 0.239000
v -1.514000 0.697385 0.257385
v -1.529011 0.694011 0.254011
v -1.532385 0.697385 0.239000
v -1.532385 0.679000 0.257385
v -1.514000 0.575000 0.211000
v -1.540000 0.601000 0.211000
v -1.514000 0.601000 0.185000
v -1.532385 0.582615 0.211000
v -1.529011 0.585989 0.195989
v -1.532385 0.601000 0.192615
v -1.514000 0.582615 0.192615
v -1.514000 0.705000 0.211000
v -1.514000 0.679000 0.185000
v -1.540000 0.679000 0.211000
v -1.514000 0.697385 0.192615
v -1.529011 0.694011 0.195989
v -1.532385 0.679000 0.192615
v -1.532385 0.697385 0.211000
v 1.514000 0.575000 0.239000
v 1.540000 0.601000 0.239000
v 1.514000 0.601000 0.265000
v 1.532385 0.582615 0.239000
v 1.529011 0.585989 0.254011
v 1.532385 0.601000 0.257385
v 1.514000 0.582615 0.257385
v 1.514000 0.705000 0.239000
v 1.514000 0.679000 0.265000
v 1.540000 0.679000 0.239000
v 1.514000 0.697385 0.257385
v 1.529011 0.694011 0.254011
v 1.532385 0.679000 0.257385
v 1.532385 0.697385 0.239000
v 1.514000 0.575000 0.211000
v 1.514000 0.601000 0.185000
v 1.540000 0.601000 0.211000
v 1.514000 0.582615 0.192615
v 1.529011 0.585989 0.195989
v 1.532385 0.601000 0.192615
v 1.532385 0.582615 0.211000
v 1.514000 0.705000 0.211000
v 1.540000 0.679000 0.211000
v 1.514000 0.679000 0.185000
v 1.532385 0.697385 0.211000
v 1.529011 0.694011 0.195989
v 1.532385 0.679000 0.192615
v 1.514000 0.697385 0.192615
v -1.514000 0.810000 0.239000
v -1.514000 0.836000 0.265000
v -1.540000 0.836000 0.239000
v -1.514000 0.817615 0.257385
v -1.529011 0.820989 0.254011
v -1.532385 0.836000 0.257385
v -1.532385 0.817615 0.239000
v -1.514000 0.914000 0.265000
v -1.514000 0.940000 0.239000
v -1.540000 0.914000 0.239000
v -1.514000 0.932385 0.257385
v -1.529011 0.929011 0.254011
v -1.532385 0.932385 0.239000
v -1.532385 0.914000 0.257385
v -1.514000 0.810000 0.211000
v -1.540000 0.836000 0.211000
v -1.514000 0.836000 0.185000
v -1.532385 0.817615 0.211000
v -1.529011 0.820989 0.195989
v -1.532385 0.836000 0.192615
v -1.514000 0.817615 0.192615
v -1.514000 0.940000 0.211000
v -1.514000 0.914000 0.185000
v -1.540000 0.914000 0.211000
v -1.514000 0.932385 0.192615
v -1.529011 0.929011 0.195989
v -1.532385 0.914000 0.192615
v -1.532385 0.932385 0.211000
v 1.514000 0.810000 0.239000
v 1.540000 0.836000 0.239000
v 1.514000 0.836000 0.265000
v 1.532385 0.817615 0.239000
v 1.529011 0.820989 0.254011
v 1.532385 0.836000 0.257385
v 1.514000 0.817615 0.257385
v 1.514000 0.940000 0.239000
v 1.514000 0.914000 0.265000
v 1.540000 0.914000 0.239000
v 1.514000 0.932385 0.257385
v 1.529011 0.929011 0.254011
v 1.532385 0.914000 0.257385
v 1.532385 0.932385 0.239000
v 1.514000 0.810000 0.211000
v 1.514000 0.836000 0.185000
v 1.540000 0.836000 0.211000
v 1.514000 0.817615 0.192615
v 1.529011 0.820989 0.195989
v 1.532385 0.836000 0.192615
v 1.532385 0.817615 0.211000
v 1.514000 0.940000 0.211000
v 1.540000 0.914000 0.211000
v 1.514000 0.914000 0.185000
v 1.532385 0.932385 0.211000
v 1.529011 0.929011 0.195989
v 1.532385 0.914000 0.192615
v 1.514000 0.932385 0.192615
v -1.514000 1.045000 0.239000
v -1.514000 1.071000 0.265000
v -1.540000 1.071000 0.239000
v -1.514000 1.052615 0.257385
v -1.529011 1.055989 0.254011
v -1.532385 1.071000 0.257385
v -1.532385 1.052615 0.239000
v -1.514000 1.149000 0.265000
v -1.514000 1.175000 0.239000
v -1.540000 1.149000 0.239000
v -1.514000 1.167385 0.257385
v -1.529011 1.164011 0.254011
v -1.532385 1.167385 0.239000
v -1.532385 1.149000 0.257385
v -1.514000 1.045000 0.211000
v -1.540000 1.071000 0.211000
v -1.514000 1.071000 0.185000
v -1.532385 1.052615 0.211000
v -1.529011 1.055989 0.195989
v -1.532385 1.071000 0.192615
v -1.514000 1.052615 0.192615
v -1.514000 1.175000 0.211000
v -1.514000 1.149000 0.185000
v -1.540000 1.149000 0.211000
v -1.514000 1.167385 0.192615
v -1.529011 1.164011 0.195989
v -1.532385 1.149000 0.192615
v -1.532385 1.167385 0.211000
v 1.514000 1.045000 0.239000
v 1.540000 1.071000 0.239000
v 1.514000 1.071000 0.265000
v 1.532385 1.052615 0.239000
v 1.529011 1.055989 0.254011
v 1.532385 1.071000 0.257385
v 1.514000 1.052615 0.257385
v 1.514000 1.175000 0.239000
v 1.514000 1.149000 0.265000
v 1.540000 1.149000 0.239000
v 1.514000 1.167385 0.257385
v 1.529011 1.164011 0.254011
v 1.532385 1.149000 0.257385
v 1.532385 1.167385 0.239000
v 1.514000 1.045000 0.211000
v 1.514000 1.071000 0.185000
v 1.540000 1.071000 0.211000
v 1.514000 1.052615 0.192615
v 1.529011 1.055989 0.195989
v 1.532385 1.071000 0.192615
v 1.532385 1.052615 0.211000
v 1.514000 1.175000 0.211000
v 1.540000 1.149000 0.211000
v 1.514000 1.149000 0.185000
v 1.532385 1.167385 0.211000
v 1.529011 1.164011 0.195989
v 1.532385 1.149000 0.192615
v 1.514000 1.167385 0.192615
v -1.514000 1.280000 0.239000
v -1.514000 1.306000 0.265000
v -1.540000 1.306000 0.239000
v -1.514000 1.287615 0.257385
v -1.529011 1.290989 0.254011
v -1.532385 1.306000 0.257385
v -1.532385 1.287615 0.239000
v -1.514000 1.384000 0.265000
v -1.514000 1.410000 0.239000
v -1.540000 1.384000 0.239000
v -1.514000 1.402385 0.257385
v -1.529011 1.399011 0.254011
v -1.532385 1.402385 0.239000
v -1.532385 1.384000 0.257385
v -1.514000 1.280000 0.211000
v -1.540000 1.306000 0.211000
v -1.514000 1.306000 0.185000
v -1.532385 1.287615 0.211000
v -1.529011 1.290989 0.195989
v -1.532385 1.306000 0.192615
v -1.514000 1.287615 0.192615
v -1.514000 1.410000 0.211000
v -1.514000 1.384000 0.185000
v -1.540000 1.384000 0.211000
v -1.514000 1.402385 0.192615
v -1.529011 1.399011 0.195989
v -1.532385 1.384000 0.192615
v -1.532385 1.402385 0.211000
v 1.514000 1.280000 0.239000
v 1.540000 1.306000 0.239000
v 1.514000 1.306000 0.265000
v 1.532385 1.287615 0.239000
v 1.529011 1.290989 0.254011
v 1.532385 1.306000 0.257385
v 1.514000 1.287615 0.257385
v 1.514000 1.410000 0.239000
v 1.514000 1.384000 0.265000
v 1.540000 1.384000 0.239000
v 1.514000 1.402385 0.257385
v 1.529011 1.399011 0.254011
v 1.532385 1.384000 0.257385
v 1.532385 1.402385 0.239000
v 1.514000 1.280000 0.211000
v 1.514000 1.306000 0.185000
v 1.540000 1.306000 0.211000
v 1.514000 1.287615 0.192615
v 1.529011 1.290989 0.195989
v 1.532385 1.306000 0.192615
v 1.532385 1.287615 0.211000
v 1.514000 1.410000 0.211000
v 1.540000 1.384000 0.211000
v 1.514000 1.384000 0.185000
v 1.532385 1.402385 0.211000
v 1.529011 1.399011 0.195989
v 1.532385 1.384000 0.192615
v 1.514000 1.402385 0.192615
v -1.514000 1.515000 0.239000
v -1.514000 1.541000 0.265000
v -1.540000 1.541000 0.239000
v -1.514000 1.522615 0.257385
v -1.529011 1.525989 0.254011
v -1.532385 1.541000 0.257385
v -1.532385 1.522615 0.239000
v -1.514000 1.619000 0.265000
v -1.514000 1.645000 0.239000
v -1.540000 1.619000 0.239000
v -1.514000 1.637385 0.257385
v -1.529011 1.634011 0.254011
v -1.532385 1.637385 0.239000
v -1.532385 1.619000 0.257385
v -1.514000 1.515000 0.211000
v -1.540000 1.541000 0.211000
v -1.514000 1.541000 0.185000
v -1.532385 1.522615 0.211000
v -1.529011 1.525989 0.195989
v -1.532385 1.541000 0.192615
v -1.514000 1.522615 0.192615
v -1.514000 1.645000 0.211000
v -1.514000 1.619000 0.185000
v -1.540000 1.619000 0.211000
v -1.514000 1.637385 0.192615
v -1.529011 1.634011 0.195989
v -1.532385 1.619000 0.192615
v -1.532385 1.637385 0.211000
v 1.514000 1.515000 0.239000
v 1.540000 1.541000 0.239000
v 1.514000 1.541000 0.265000
v 1.532385 1.522615 0.239000
v 1.529011 1.525989 0.254011
v 1.532385 1.541000 0.257385
v 1.514000 1.522615 0.257385
v 1.514000 1.645000 0.239000
v 1.514000 1.619000 0.265000
v 1.540000 1.619000 0.239000
v 1.514000 1.637385 0.257385
v 1.529011 1.634011 0.254011
v 1.532385 1.619000 0.257385
v 1.532385 1.637385 0.239000
v 1.514000 1.515000 0.211000
v 1.514000 1.541000 0.185000
v 1.540000 1.541000 0.211000
v 1.514000 1.522615 0.192615
v 1.529011 1.525989 0.195989
v 1.532385 1.541000 0.192615
v 1.532385 1.522615 0.211000
v 1.514000 1.645000 0.211000
v 1.540000 1.619000 0.211000
v 1.514000 1.619000 0.185000
v 1.532385 1.637385 0.211000
v 1.529011 1.634011 0.195989
v 1.532385 1.619000 0.192615
v 1.514000 1.637385 0.192615
v -1.514000 1.750000 0.239000
v -1.514000 1.776000 0.265000
v -1.540000 1.776000 0.239000
v -1.514000 1.757615 0.257385
v -1.529011 1.760989 0.254011
v -1.532385 1.776000 0.257385
v -1.532385 1.757615 0.239000
v -1.514000 1.854000 0.265000
v -1.514000 1.880000 0.239000
v -1.540000 1.854000 0.239000
v -1.514000 1.872385 0.257385
v -1.529011 1.869011 0.254011
v -1.532385 1.872385 0.239000
v -1.532385 1.854000 0.257385
v -1.514000 1.750000 0.211000
v -1.540000 1.776000 0.211000
v -1.514000 1.776000 0.185000
v -1.532385 1.757615 0.211000
v -1.529011 1.760989 0.195989
v -1.532385 1.776000 0.192615
v -1.514000 1.757615 0.192615
v -1.514000 1.880000 0.211000
v -1.514000 1.854000 0.185000
v -1.540000 1.854000 0.211000
v -1.514000 1.872385 0.192615
v -1.529011 1.869011 0.195989
v -1.532385 1.854000 0.192615
v -1.532385 1.872385 0.211000
v 1.514000 1.750000 0.239000
v 1.540000 1.776000 0.239000
v 1.514000 1.776000 0.265000
v 1.532385 1.757615 0.239000
v 1.529011 1.760989 0.254011
v 1.532385 1.776000 0.257385
v 1.514000 1.757615 0.257385
v 1.514000 1.880000 0.239000
v 1.514000 1.854000 0.265000
v 1.540000 1.854000 0.239000
v 1.514000 1.872385 0.257385
v 1.529011 1.869011 0.254011
v 1.532385 1.854000 0.257385
v 1.532385 1.872385 0.239000
v 1.514000 1.750000 0.211000
v 1.514000 1.776000 0.185000
v 1.540000 1.776000 0.211000
v 1.514000 1.757615 0.192615
v 1.529011 1.760989 0.195989
v 1.532385 1.776000 0.192615
v 1.532385 1.757615 0.211000
v 1.514000 1.880000 0.211000
v 1.540000 1.854000 0.211000
v 1.514000 1.854000 0.185000
v 1.532385 1.872385 0.211000
v 1.529011 1.869011 0.195989
v 1.532385 1.854000 0.192615
v 1.514000 1.872385 0.192615
v -1.565000 0.020000 0.250000
v -1.565000 0.045000 0.275000
v -1.590000 0.045000 0.250000
v -1.565000 0.027322 0.267678
v -1.579434 0.030566 0.264434
v -1.582678 0.045000 0.267678
v -1.582678 0.027322 0.250000
v -1.565000 0.155000 0.275000
v -1.565000 0.180000 0.250000
v -1.590000 0.155000 0.250000
v -1.565000 0.172678 0.267678
v -1.579434 0.169434 0.264434
v -1.582678 0.172678 0.250000
v -1.582678 0.155000 0.267678
v -1.565000 0.020000 0.210000
v -1.590000 0.045000 0.210000
v -1.565000 0.045000 0.185000
v -1.582678 0.027322 0.210000
v -1.579434 0.030566 0.195566
v -1.582678 0.045000 0.192322
v -1.565000 0.027322 0.192322
v -1.565000 0.180000 0.210000
v -1.565000 0.155000 0.185000
v -1.590000 0.155000 0.210000
v -1.565000 0.172678 0.192322
v -1.579434 0.169434 0.195566
v -1.582678 0.155000 0.192322
v -1.582678 0.172678 0.210000
v 1.565000 0.020000 0.250000
v 1.590000 0.045000 0.250000
v 1.565000 0.045000 0.275000
v 1.582678 0.027322 0.250000
v 1.579434 0.030566 0.264434
v 1.582678 0.045000 0.267678
v 1.565000 0.027322 0.267678
v 1.565000 0.180000 0.250000
v 1.565000 0.155000 0.275000
v 1.590000 0.155000 0.250000
v 1.565000 0.172678 0.267678
v 1.579434 0.169434 0.264434
v 1.582678 0.155000 0.267678
v 1.582678 0.172678 0.250000
v 1.565000 0.020000 0.210000
v 1.565000 0.045000 0.185000
v 1.590000 0.045000 0.210000
v 1.565000 0.027322 0.192322
v 1.579434 0.030566 0.195566
v 1.582678 0.045000 0.192322
v 1.582678 0.027322 0.210000
v 1.565000 0.180000 0.210000
v 1.590000 0.155000 0.210000
v 1.565000 0.155000 0.185000
v 1.582678 0.172678 0.210000
v 1.579434 0.169434 0.195566
v 1.582678 0.155000 0.192322
v 1.565000 0.172678 0.192322
v 0.345000 1.050000 0.250000
v 0.334496 1.050000 0.282328
v 0.306996 1.050000 0.302308
v 0.273004 1.050000 0.302308
v 0.245504 1.050000 0.282328
v 0.235000 1.050000 0.250000
v 0.245504 1.050000 0.217672
v 0.273004 1.050000 0.197692
v 0.306996 1.050000 0.197692
v 0.334496 1.050000 0.217672
v 0.342048 1.095031 0.250000
v 0.331634 1.093660 0.282328
v 0.304370 1.090071 0.302308
v 0.270668 1.085634 0.302308
v 0.243404 1.082045 0.282328
v 0.232990 1.080674 0.250000
v 0.243404 1.082045 0.217672
v 0.270668 1.085634 0.197692
v 0.304370 1.090071 0.197692
v 0.331634 1.093660 0.217672
v 0.333244 1.139292 0.250000
v 0.323098 1.136574 0.282328
v 0.296535 1.129456 0.302308
v 0.263702 1.120659 0.302308
v 0.237139 1.113541 0.282328
v 0.226993 1.110822 0.250000
v 0.237139 1.113541 0.217672
v 0.263702 1.120659 0.197692
v 0.296535 1.129456 0.197692
v 0.323098 1.136574 0.217672
v 0.318738 1.182026 0.250000
v 0.309034 1.178006 0.282328
v 0.283627 1.167482 0.302308
v 0.252223 1.154474 0.302308
v 0.226816 1.143950 0.282328
v 0.217112 1.139930 0.250000
v 0.226816 1.143950 0.217672
v 0.252223 1.154474 0.197692
v 0.283627 1.167482 0.197692
v 0.309034 1.178006 0.217672
v 0.298779 1.222500 0.250000
v 0.289682 1.217248 0.282328
v 0.265866 1.203498 0.302308
v 0.236428 1.186502 0.302308
v 0.212613 1.172752 0.282328
v 0.203516 1.167500 0.250000
v 0.212613 1.172752 0.217672
v 0.236428 1.186502 0.197692
v 0.265866 1.203498 0.197692
v 0.289682 1.217248 0.217672
v 0.273707 1.260023 0.250000
v 0.265373 1.253628 0.282328
v 0.243556 1.236887 0.302308
v 0.216589 1.216194 0.302308
v 0.194771 1.199453 0.282328
v 0.186438 1.193059 0.250000
v 0.194771 1.199453 0.217672
v 0.216589 1.216194 0.197692
v 0.243556 1.236887 0.197692
v 0.265373 1.253628 0.217672
v 0.243952 1.293952 0.250000
v 0.236524 1.286524 0.282328
v 0.217079 1.267079 0.302308
v 0.193043 1.243043 0.302308
v 0.173598 1.223598 0.282328
v 0.166170 1.216170 0.250000
v 0.173598 1.223598 0.217672
v 0.193043 1.243043 0.197692
v 0.217079 1.267079 0.197692
v 0.236524 1.286524 0.217672
v 0.210023 1.323707 0.250000
v 0.203628 1.315373 0.282328
v 0.186887 1.293556 0.302308
v 0.166194 1.266589 0.302308
v 0.149453 1.244771 0.282328
v 0.143059 1.236438 0.250000
v 0.149453 1.244771 0.217672
v 0.166194 1.266589 0.197692
v 0.186887 1.293556 0.197692
v 0.203628 1.315373 0.217672
v 0.172500 1.348779 0.250000
v 0.167248 1.339682 0.282328
v 0.153498 1.315866 0.302308
v 0.136502 1.286428 0.302308
v 0.122752 1.262613 0.282328
v 0.117500 1.253516 0.250000
v 0.122752 1.262613 0.217672
v 0.136502 1.286428 0.197692
v 0.153498 1.315866 0.197692
v 0.167248 1.339682 0.217672
v 0.132026 1.368738 0.250000
v 0.128006 1.359034 0.282328
v 0.117482 1.333627 0.302308
v 0.104474 1.302223 0.302308
v 0.093950 1.276816 0.282328
v 0.089931 1.267112 0.250000
v 0.093950 1.276816 0.217672
v 0.104474 1.302223 0.197692
v 0.117482 1.333627 0.197692
v 0.128006 1.359034 0.217672
v 0.089293 1.383244 0.250000
v 0.086574 1.373098 0.282328
v 0.079456 1.346535 0.302308
v 0.070659 1.313702 0.302308
v 0.063541 1.287139 0.282328
v 0.060822 1.276993 0.250000
v 0.063541 1.287139 0.217672
v 0.070659 1.313702 0.197692
v 0.079456 1.346535 0.197692
v 0.086574 1.373098 0.217672
v 0.045031 1.392048 0.250000
v 0.043660 1.381634 0.282328
v 0.040071 1.354370 0.302308
v 0.035634 1.320668 0.302308
v 0.032045 1.293404 0.282328
v 0.030674 1.282990 0.250000
v 0.032045 1.293404 0.217672
v 0.035634 1.320668 0.197692
v 0.040071 1.354370 0.197692
v 0.043660 1.381634 0.217672
v 0.000000 1.395000 0.250000
v 0.000000 1.384496 0.282328
v 0.000000 1.356996 0.302308
v 0.000000 1.323004 0.302308
v 0.000000 1.295504 0.282328
v 0.000000 1.285000 0.250000
v 0.000000 1.295504 0.217672
v 0.000000 1.323004 0.197692
v 0.000000 1.356996 0.197692
v 0.000000 1.384496 0.217672
v -0.045032 1.392048 0.250000
v -0.043661 1.381634 0.282328
v -0.040071 1.354370 0.302308
v -0.035634 1.320668 0.302308
v -0.032045 1.293404 0.282328
v -0.030674 1.282990 0.250000
v -0.032045 1.293404 0.217672
v -0.035634 1.320668 0.197692
v -0.040071 1.354370 0.197692
v -0.043661 1.381634 0.217672
v -0.089293 1.383244 0.250000
v -0.086574 1.373098 0.282328
v -0.079456 1.346535 0.302308
v -0.070659 1.313702 0.302308
v -0.063541 1.287139 0.282328
v -0.060822 1.276993 0.250000
v -0.063541 1.287139 0.217672
v -0.070659 1.313702 0.197692
v -0.079456 1.346535 0.197692
v -0.086574 1.373098 0.217672
v -0.132026 1.368738 0.250000
v -0.128006 1.359034 0.282328
v -0.117482 1.333627 0.302308
v -0.104474 1.302223 0.302308
v -0.093950 1.276816 0.282328
v -0.089931 1.267112 0.250000
v -0.093950 1.276816 0.217672
v -0.104474 1.302223 0.197692
v -0.117482 1.333627 0.197692
v -0.128006 1.359034 0.217672
v -0.172500 1.348779 0.250000
v -0.167248 1.339682 0.282328
v -0.153498 1.315866 0.302308
v -0.136502 1.286428 0.302308
v -0.122752 1.262613 0.282328
v -0.117500 1.253516 0.250000
v -0.122752 1.262613 0.217672
v -0.136502 1.286428 0.197692
v -0.153498 1.315866 0.197692
v -0.167248 1.339682 0.217672
v -0.210023 1.323707 0.250000
v -0.203628 1.315373 0.282328
v -0.186887 1.293556 0.302308
v -0.166194 1.266589 0.302308
v -0.149453 1.244771 0.282328
v -0.143059 1.236438 0.250000
v -0.149453 1.244771 0.217672
v -0.166194 1.266589 0.197692
v -0.186887 1.293556 0.197692
v -0.203628 1.315373 0.217672
v -0.243952 1.293952 0.250000
v -0.236524 1.286524 0.282328
v -0.217079 1.267079 0.302308
v -0.193043 1.243043 0.302308
v -0.173598 1.223598 0.282328
v -0.166170 1.216170 0.250000
v -0.173598 1.223598 0.217672
v -0.193043 1.243043 0.197692
v -0.217079 1.267079 0.197692
v -0.236524 1.286524 0.217672
v -0.273707 1.260023 0.250000
v -0.265373 1.253628 0.282328
v -0.243556 1.236887 0.302308
v -0.216589 1.216194 0.302308
v -0.194771 1.199453 0.282328
v -0.186438 1.193059 0.250000
v -0.194771 1.199453 0.217672
v -0.216589 1.216194 0.197692
v -0.243556 1.236887 0.197692
v -0.265373 1.253628 0.217672
v -0.298779 1.222500 0.250000
v -0.289682 1.217248 0.282328
v -0.265866 1.203498 0.302308
v -0.236428 1.186502 0.302308
v -0.212613 1.172752 0.282328
v -0.203516 1.167500 0.250000
v -0.212613 1.172752 0.217672
v -0.236428 1.186502 0.197692
v -0.265866 1.203498 0.197692
v -0.289682 1.217248 0.217672
v -0.318738 1.182026 0.250000
v -0.309034 1.178006 0.282328
v -0.283627 1.167482 0.302308
v -0.252223 1.154474 0.302308
v -0.226816 1.143950 0.282328
v -0.217112 1.139931 0.250000
v -0.226816 1.143950 0.217672
v -0.252223 1.154474 0.197692
v -0.283627 1.167482 0.197692
v -0.309034 1.178006 0.217672
v -0.333244 1.139292 0.250000
v -0.323098 1.136574 0.282328
v -0.296535 1.129456 0.302308
v -0.263702 1.120659 0.302308
v -0.237139 1.113541 0.282328
v -0.226993 1.110822 0.250000
v -0.237139 1.113541 0.217672
v -0.263702 1.120659 0.197692
v -0.296535 1.129456 0.197692
v -0.323098 1.136574 0.217672
v -0.342048 1.095031 0.250000
v -0.331634 1.093660 0.282328
v -0.304370 1.090071 0.302308
v -0.270668 1.085634 0.302308
v -0.243404 1.082045 0.282328
v -0.232990 1.080674 0.250000
v -0.243404 1.082045 0.217672
v -0.270668 1.085634 0.197692
v -0.304370 1.090071 0.197692
v -0.331634 1.093660 0.217672
v -0.345000 1.050000 0.250000
v -0.334496 1.050000 0.282328
v -0.306996 1.050000 0.302308
v -0.273004 1.050000 0.302308
v -0.245504 1.050000 0.282328
v -0.235000 1.050000 0.250000
v -0.245504 1.050000 0.217672
v -0.273004 1.050000 0.197692
v -0.306996 1.050000 0.197692
v -0.334496 1.050000 0.217672
v -0.342048 1.004968 0.250000
v -0.331634 1.006339 0.282328
v -0.304370 1.009929 0.302308
v -0.270668 1.014366 0.302308
v -0.243404 1.017955 0.282328
v -0.232990 1.019326 0.250000
v -0.243404 1.017955 0.217672
v -0.270668 1.014366 0.197692
v -0.304370 1.009929 0.197692
v -0.331634 1.006339 0.217672
v -0.333244 0.960707 0.250000
v -0.323098 0.963426 0.282328
v -0.296535 0.970544 0.302308
v -0.263702 0.979341 0.302308
v -0.237139 0.986459 0.282328
v -0.226993 0.989178 0.250000
v -0.237139 0.986459 0.217672
v -0.263702 0.979341 0.197692
v -0.296535 0.970544 0.197692
v -0.323098 0.963426 0.217672
v -0.318738 0.917974 0.250000
v -0.309034 0.921994 0.282328
v -0.283627 0.932518 0.302308
v -0.252223 0.945526 0.302308
v -0.226816 0.956050 0.282328
v -0.217112 0.960069 0.250000
v -0.226816 0.956050 0.217672
v -0.252223 0.945526 0.197692
v -0.283627 0.932518 0.197692
v -0.309034 0.921994 0.217672
v -0.298779 0.877500 0.250000
v -0.289682 0.882752 0.282328
v -0.265866 0.896502 0.302308
v -0.236428 0.913498 0.302308
v -0.212613 0.927248 0.282328
v -0.203516 0.932500 0.250000
v -0.212613 0.927248 0.217672
v -0.236428 0.913498 0.197692
v -0.265866 0.896502 0.197692
v -0.289682 0.882752 0.217672
v -0.273707 0.839977 0.250000
v -0.265373 0.846372 0.282328
v -0.243556 0.863113 0.302308
v -0.216589 0.883806 0.302308
v -0.194771 0.900547 0.282328
v -0.186438 0.906941 0.250000
v -0.194771 0.900547 0.217672
v -0.216589 0.883806 0.197692
v -0.243556 0.863113 0.197692
v -0.265373 0.846372 0.217672
v -0.243952 0.806048 0.250000
v -0.236524 0.813476 0.282328
v -0.217079 0.832921 0.302308
v -0.193043 0.856957 0.302308
v -0.173598 0.876402 0.282328
v -0.166170 0.883830 0.250000
v -0.173598 0.876402 0.217672
v -0.193043 0.856957 0.197692
v -0.217079 0.832921 0.197692
v -0.236524 0.813476 0.217672
v -0.210023 0.776293 0.250000
v -0.203628 0.784627 0.282328
v -0.186887 0.806444 0.302308
v -0.166194 0.833411 0.302308
v -0.149454 0.855229 0.282328
v -0.143059 0.863562 0.250000
v -0.149454 0.855229 0.217672
v -0.166194 0.833411 0.197692
v -0.186887 0.806444 0.197692
v -0.203628 0.784627 0.217672
v -0.172500 0.751221 0.250000
v -0.167248 0.760318 0.282328
v -0.153498 0.784134 0.302308
v -0.136502 0.813571 0.302308
v -0.122752 0.837387 0.282328
v -0.117500 0.846484 0.250000
v -0.122752 0.837387 0.217672
v -0.136502 0.813571 0.197692
v -0.153498 0.784134 0.197692
v -0.167248 0.760318 0.217672
v -0.132026 0.731261 0.250000
v -0.128006 0.740966 0.282328
v -0.117482 0.766373 0.302308
v -0.104474 0.797777 0.302308
v -0.093950 0.823184 0.282328
v -0.089931 0.832888 0.250000
v -0.093950 0.823184 0.217672
v -0.104474 0.797777 0.197692
v -0.117482 0.766373 0.197692
v -0.128006 0.740966 0.217672
v -0.089293 0.716756 0.250000
v -0.086574 0.726902 0.282328
v -0.079456 0.753465 0.302308
v -0.070659 0.786298 0.302308
v -0.063541 0.812861 0.282328
v -0.060823 0.823007 0.250000
v -0.063541 0.812861 0.217672
v -0.070659 0.786298 0.197692
v -0.079456 0.753465 0.197692
v -0.086574 0.726902 0.217672
v -0.045032 0.707952 0.250000
v -0.043661 0.718366 0.282328
v -0.040071 0.745630 0.302308
v -0.035634 0.779332 0.302308
v -0.032045 0.806596 0.282328
v -0.030674 0.817010 0.250000
v -0.032045 0.806596 0.217672
v -0.035634 0.779332 0.197692
v -0.040071 0.745630 0.197692
v -0.043661 0.718366 0.217672
v 0.000000 0.705000 0.250000
v 0.000000 0.715504 0.282328
v 0.000000 0.743004 0.302308
v 0.000000 0.776996 0.302308
v 0.000000 0.804496 0.282328
v 0.000000 0.815000 0.250000
v 0.000000 0.804496 0.217672
v 0.000000 0.776996 0.197692
v 0.000000 0.743004 0.197692
v 0.000000 0.715504 0.217672
v 0.045031 0.707951 0.250000
v 0.043660 0.718366 0.282328
v 0.040071 0.745630 0.302308
v 0.035634 0.779331 0.302308
v 0.032045 0.806596 0.282328
v 0.030674 0.817010 0.250000
v 0.032045 0.806596 0.217672
v 0.035634 0.779331 0.197692
v 0.040071 0.745630 0.197692
v 0.043660 0.718366 0.217672
v 0.089292 0.716756 0.250000
v 0.086574 0.726902 0.282328
v 0.079456 0.753465 0.302308
v 0.070659 0.786298 0.302308
v 0.063541 0.812861 0.282328
v 0.060822 0.823007 0.250000
v 0.063541 0.812861 0.217672
v 0.070659 0.786298 0.197692
v 0.079456 0.753465 0.197692
v 0.086574 0.726902 0.217672
v 0.132026 0.731262 0.250000
v 0.128006 0.740966 0.282328
v 0.117482 0.766373 0.302308
v 0.104474 0.797777 0.302308
v 0.093950 0.823184 0.282328
v 0.089931 0.832888 0.250000
v 0.093950 0.823184 0.217672
v 0.104474 0.797777 0.197692
v 0.117482 0.766373 0.197692
v 0.128006 0.740966 0.217672
v 0.172500 0.751221 0.250000
v 0.167248 0.760318 0.282328
v 0.153498 0.784134 0.302308
v 0.136502 0.813572 0.302308
v 0.122752 0.837387 0.282328
v 0.117500 0.846484 0.250000
v 0.122752 0.837387 0.217672
v 0.136502 0.813572 0.197692
v 0.153498 0.784134 0.197692
v 0.167248 0.760318 0.217672
v 0.210023 0.776293 0.250000
v 0.203628 0.784626 0.282328
v 0.186887 0.806444 0.302308
v 0.166194 0.833411 0.302308
v 0.149453 0.855228 0.282328
v 0.143059 0.863562 0.250000
v 0.149453 0.855228 0.217672
v 0.166194 0.833411 0.197692
v 0.186887 0.806444 0.197692
v 0.203628 0.784626 0.217672
v 0.243952 0.806048 0.250000
v 0.236524 0.813475 0.282328
v 0.217079 0.832921 0.302308
v 0.193043 0.856957 0.302308
v 0.173597 0.876402 0.282328
v 0.166170 0.883830 0.250000
v 0.173597 0.876402 0.217672
v 0.193043 0.856957 0.197692
v 0.217079 0.832921 0.197692
v 0.236524 0.813475 0.217672
v 0.273707 0.839977 0.250000
v 0.265373 0.846372 0.282328
v 0.243556 0.863113 0.302308
v 0.216589 0.883806 0.302308
v 0.194771 0.900547 0.282328
v 0.186438 0.906941 0.250000
v 0.194771 0.900547 0.217672
v 0.216589 0.883806 0.197692
v 0.243556 0.863113 0.197692
v 0.265373 0.846372 0.217672
v 0.298779 0.877500 0.250000
v 0.289682 0.882752 0.282328
v 0.265866 0.896502 0.302308
v 0.236428 0.913498 0.302308
v 0.212613 0.927248 0.282328
v 0.203516 0.932500 0.250000
v 0.212613 0.927248 0.217672
v 0.236428 0.913498 0.197692
v 0.265866 0.896502 0.197692
v 0.289682 0.882752 0.217672
v 0.318738 0.917974 0.250000
v 0.309034 0.921994 0.282328
v 0.283627 0.932518 0.302308
v 0.252223 0.945526 0.302308
v 0.226816 0.956050 0.282328
v 0.217112 0.960069 0.250000
v 0.226816 0.956050 0.217672
v 0.252223 0.945526 0.197692
v 0.283627 0.932518 0.197692
v 0.309034 0.921994 0.217672
v 0.333244 0.960707 0.250000
v 0.323098 0.963426 0.282328
v 0.296535 0.970544 0.302308
v 0.263702 0.979341 0.302308
v 0.237139 0.986459 0.282328
v 0.226993 0.989178 0.250000
v 0.237139 0.986459 0.217672
v 0.263702 0.979341 0.197692
v 0.296535 0.970544 0.197692
v 0.323098 0.963426 0.217672
v 0.342048 1.004968 0.250000
v 0.331634 1.006339 0.282328
v 0.304370 1.009929 0.302308
v 0.270668 1.014366 0.302308
v 0.243404 1.017955 0.282328
v 0.232990 1.019326 0.250000
v 0.243404 1.017955 0.217672
v 0.270668 1.014366 0.197692
v 0.304370 1.009929 0.197692
v 0.331634 1.006339 0.217672
v -0.000000 1.167942 0.250000
v 0.000000 1.180000 0.262000
v -0.000000 1.176468 0.253515
v 0.000000 1.167942 0.330000
v 0.000000 1.180000 0.318000
v 0.000000 1.176468 0.326485
v 0.023009 1.165676 0.250000
v 0.025362 1.177502 0.262000
v 0.024673 1.174038 0.253515
v 0.023009 1.165676 0.330000
v 0.025362 1.177502 0.318000
v 0.024673 1.174038 0.326485
v 0.045135 1.158964 0.250000
v 0.049749 1.170104 0.262000
v 0.048397 1.166841 0.253515
v 0.045135 1.158964 0.330000
v 0.049749 1.170104 0.318000
v 0.048397 1.166841 0.326485
v 0.065525 1.148065 0.250000
v 0.072224 1.158091 0.262000
v 0.070262 1.155155 0.253515
v 0.065525 1.148065 0.330000
v 0.072224 1.158091 0.318000
v 0.070262 1.155155 0.326485
v 0.083398 1.133397 0.250000
v 0.091924 1.141924 0.262000
v 0.089427 1.139426 0.253515
v 0.083398 1.133397 0.330000
v 0.091924 1.141924 0.318000
v 0.089427 1.139426 0.326485
v 0.098065 1.115525 0.250000
v 0.108091 1.122224 0.262000
v 0.105155 1.120262 0.253515
v 0.098065 1.115525 0.330000
v 0.108091 1.122224 0.318000
v 0.105155 1.120262 0.326485
v 0.108964 1.095134 0.250000
v 0.120104 1.099749 0.262000
v 0.116841 1.098397 0.253515
v 0.108964 1.095134 0.330000
v 0.120104 1.099749 0.318000
v 0.116841 1.098397 0.326485
v 0.115676 1.073009 0.250000
v 0.127502 1.075362 0.262000
v 0.124038 1.074673 0.253515
v 0.115676 1.073009 0.330000
v 0.127502 1.075362 0.318000
v 0.124038 1.074673 0.326485
v 0.117942 1.050000 0.250000
v 0.130000 1.050000 0.262000
v 0.126468 1.050000 0.253515
v 0.117942 1.050000 0.330000
v 0.130000 1.050000 0.318000
v 0.126468 1.050000 0.326485
v 0.115676 1.026991 0.250000
v 0.127502 1.024638 0.262000
v 0.124038 1.025327 0.253515
v 0.115676 1.026991 0.330000
v 0.127502 1.024638 0.318000
v 0.124038 1.025327 0.326485
v 0.108964 1.004865 0.250000
v 0.120104 1.000251 0.262000
v 0.116841 1.001603 0.253515
v 0.108964 1.004865 0.330000
v 0.120104 1.000251 0.318000
v 0.116841 1.001603 0.326485
v 0.098065 0.984475 0.250000
v 0.108091 0.977776 0.262000
v 0.105154 0.979738 0.253515
v 0.098065 0.984475 0.330000
v 0.108091 0.977776 0.318000
v 0.105154 0.979738 0.326485
v 0.083398 0.966603 0.250000
v 0.091924 0.958076 0.262000
v 0.089427 0.960573 0.253515
v 0.083398 0.966603 0.330000
v 0.091924 0.958076 0.318000
v 0.089427 0.960573 0.326485
v 0.065525 0.951935 0.250000
v 0.072224 0.941909 0.262000
v 0.070262 0.944845 0.253515
v 0.065525 0.951935 0.330000
v 0.072224 0.941909 0.318000
v 0.070262 0.944845 0.326485
v 0.045135 0.941036 0.250000
v 0.049749 0.929896 0.262000
v 0.048397 0.933159 0.253515
v 0.045135 0.941036 0.330000
v 0.049749 0.929896 0.318000
v 0.048397 0.933159 0.326485
v 0.023009 0.934324 0.250000
v 0.025362 0.922498 0.262000
v 0.024673 0.925962 0.253515
v 0.023009 0.934324 0.330000
v 0.025362 0.922498 0.318000
v 0.024673 0.925962 0.326485
v 0.000000 0.932058 0.250000
v 0.000000 0.920000 0.262000
v 0.000000 0.923532 0.253515
v -0.000000 0.932058 0.330000
v 0.000000 0.920000 0.318000
v -0.000000 0.923532 0.326485
v -0.023009 0.934324 0.250000
v -0.025362 0.922498 0.262000
v -0.024673 0.925962 0.253515
v -0.023009 0.934324 0.330000
v -0.025362 0.922498 0.318000
v -0.024673 0.925962 0.326485
v -0.045135 0.941036 0.250000
v -0.049749 0.929896 0.262000
v -0.048397 0.933159 0.253515
v -0.045135 0.941036 0.330000
v -0.049749 0.929896 0.318000
v -0.048397 0.933159 0.326485
v -0.065525 0.951935 0.250000
v -0.072224 0.941909 0.262000
v -0.070262 0.944845 0.253515
v -0.065525 0.951935 0.330000
v -0.072224 0.941909 0.318000
v -0.070262 0.944845 0.326485
v -0.083398 0.966603 0.250000
v -0.091924 0.958076 0.262000
v -0.089427 0.960573 0.253515
v -0.083398 0.966603 0.330000
v -0.091924 0.958076 0.318000
v -0.089427 0.960573 0.326485
v -0.098065 0.984475 0.250000
v -0.108091 0.977776 0.262000
v -0.105154 0.979738 0.253515
v -0.098065 0.984475 0.330000
v -0.108091 0.977776 0.318000
v -0.105154 0.979738 0.326485
v -0.108964 1.004865 0.250000
v -0.120104 1.000251 0.262000
v -0.116841 1.001603 0.253515
v -0.108964 1.004865 0.330000
v -0.120104 1.000251 0.318000
v -0.116841 1.001603 0.326485
v -0.115676 1.026991 0.250000
v -0.127502 1.024638 0.262000
v -0.124038 1.025327 0.253515
v -0.115676 1.026991 0.330000
v -0.127502 1.024638 0.318000
v -0.124038 1.025327 0.326485
v -0.117942 1.050000 0.250000
v -0.130000 1.050000 0.262000
v -0.126468 1.050000 0.253515
v -0.117942 1.050000 0.330000
v -0.130000 1.050000 0.318000
v -0.126468 1.050000 0.326485
v -0.115676 1.073009 0.250000
v -0.127502 1.075362 0.262000
v -0.124038 1.074673 0.253515
v -0.115676 1.073009 0.330000
v -0.127502 1.075362 0.318000
v -0.124038 1.074673 0.326485
v -0.108964 1.095134 0.250000
v -0.120104 1.099749 0.262000
v -0.116841 1.098397 0.253515
v -0.108964 1.095134 0.330000
v -0.120104 1.099749 0.318000
v -0.116841 1.098397 0.326485
v -0.098065 1.115525 0.250000
v -0.108091 1.122224 0.262000
v -0.105155 1.120262 0.253515
v -0.098065 1.115525 0.330000
v -0.108091 1.122224 0.318000
v -0.105155 1.120262 0.326485
v -0.083398 1.133397 0.250000
v -0.091924 1.141924 0.262000
v -0.089427 1.139426 0.253515
v -0.083398 1.133397 0.330000
v -0.091924 1.141924 0.318000
v -0.089427 1.139426 0.326485
v -0.065525 1.148065 0.250000
v -0.072224 1.158091 0.262000
v -0.070262 1.155155 0.253515
v -0.065525 1.148065 0.330000
v -0.072224 1.158091 0.318000
v -0.070262 1.155155 0.326485
v -0.045135 1.158964 0.250000
v -0.049749 1.170104 0.262000
v -0.048397 1.166841 0.253515
v -0.045135 1.158964 0.330000
v -0.049749 1.170104 0.318000
v -0.048397 1.166841 0.326485
v -0.023009 1.165676 0.250000
v -0.025362 1.177502 0.262000
v -0.024673 1.174038 0.253515
v -0.023009 1.165676 0.330000
v -0.025362 1.177502 0.318000
v -0.024673 1.174038 0.326485
vn 0.1794 0.1794 0.9673
vn -0.1794 -0.1794 0.9673
vn 0.1794 -0.1794 0.9673
vn 0.9673 0.1794 -0.1794
vn 0.9673 -0.1794 0.1794
vn 0.9673 -0.1794 -0.1794
vn -0.1794 0.9673 -0.1794
vn 0.1794 0.9673 0.1794
vn 0.1794 0.9673 -0.1794
vn -0.9673 0.1794 0.1794
vn -0.9673 -0.1794 -0.1794
vn -0.9673 -0.1794 0.1794
vn -0.1794 0.1794 -0.9673
vn 0.1794 -0.1794 -0.9673
vn -0.1794 -0.1794 -0.9673
vn -0.1794 -0.9673 0.1794
vn -0.3251 -0.8881 0.3251
vn -0.3791 -0.9152 0.1369
vn -0.3251 -0.3251 0.8881
vn -0.1369 -0.3791 0.9152
vn -0.8881 -0.3251 0.3251
vn -0.9152 -0.1369 0.3791
vn -0.1794 0.1794 0.9673
vn -0.3251 0.3251 0.8881
vn -0.3791 0.1369 0.9152
vn -0.1794 0.9673 0.1794
vn -0.3251 0.8881 0.3251
vn -0.1369 0.9152 0.3791
vn -0.8881 0.3251 0.3251
vn -0.9152 0.3791 0.1369
vn -0.1794 -0.9673 -0.1794
vn -0.3251 -0.8881 -0.3251
vn -0.1369 -0.9152 -0.3791
vn -0.8881 -0.3251 -0.3251
vn -0.9152 -0.3791 -0.1369
vn -0.3251 -0.3251 -0.8881
vn -0.3791 -0.1369 -0.9152
vn -0.3251 0.8881 -0.3251
vn -0.3791 0.9152 -0.1369
vn -0.3251 0.3251 -0.8881
vn -0.1369 0.3791 -0.9152
vn -0.9673 0.1794 -0.1794
vn -0.8881 0.3251 -0.3251
vn -0.9152 0.1369 -0.3791
vn 0.1794 -0.9673 0.1794
vn 0.3251 -0.8881 0.3251
vn 0.1369 -0.9152 0.3791
vn 0.8881 -0.3251 0.3251
vn 0.9152 -0.3791 0.1369
vn 0.3251 -0.3251 0.8881
vn 0.3791 -0.1369 0.9152
vn 0.3251 0.8881 0.3251
vn 0.3791 0.9152 0.1369
vn 0.3251 0.3251 0.8881
vn 0.1369 0.3791 0.9152
vn 0.9673 0.1794 0.1794
vn 0.8881 0.3251 0.3251
vn 0.9152 0.1369 0.3791
vn 0.1794 -0.9673 -0.1794
vn 0.3251 -0.8881 -0.3251
vn 0.3791 -0.9152 -0.1369
vn 0.3251 -0.3251 -0.8881
vn 0.1369 -0.3791 -0.9152
vn 0.8881 -0.3251 -0.3251
vn 0.9152 -0.1369 -0.3791
vn 0.3251 0.8881 -0.3251
vn 0.1369 0.9152 -0.3791
vn 0.8881 0.3251 -0.3251
vn 0.9152 0.3791 -0.1369
vn 0.1794 0.1794 -0.9673
vn 0.3251 0.3251 -0.8881
vn 0.3791 0.1369 -0.9152
vn -0.3791 -0.9152 -0.1369
vn -0.9152 -0.3791 0.1369
vn -0.3791 -0.1369 0.9152
vn -0.9152 0.1369 0.3791
vn -0.3791 0.9152 0.1369
vn -0.9152 0.3791 -0.1369
vn -0.3791 0.1369 -0.9152
vn -0.9152 -0.1369 -0.3791
vn 0.1369 -0.9152 -0.3791
vn -0.1369 -0.3791 -0.9152
vn -0.1369 0.9152 -0.3791
vn 0.1369 0.3791 -0.9152
vn 0.9152 0.1369 -0.3791
vn 0.3791 -0.1369 -0.9152
vn 0.3791 -0.9152 0.1369
vn 0.9152 -0.3791 -0.1369
vn 0.3791 0.9152 -0.1369
vn 0.9152 0.3791 0.1369
vn 0.3791 0.1369 0.9152
vn 0.9152 -0.1369 0.3791
vn -0.1369 -0.9152 0.3791
vn 0.1369 -0.3791 0.9152
vn 0.1369 0.9152 0.3791
vn -0.1369 0.3791 0.9152
vn 0.9511 -0.0000 0.3090
vn 0.9429 0.1241 0.3090
vn 0.5828 0.0767 0.8090
vn 0.5878 -0.0000 0.8090
vn -0.0000 -0.0000 1.0000
vn -0.5878 -0.0000 0.8090
vn -0.5828 -0.0767 0.8090
vn -0.9429 -0.1241 0.3090
vn -0.9511 -0.0000 0.3090
vn -0.9511 -0.0000 -0.3090
vn -0.9429 -0.1241 -0.3090
vn -0.5828 -0.0767 -0.8090
vn -0.5878 -0.0000 -0.8090
vn -0.0000 -0.0000 -1.0000
vn 0.5828 0.0767 -0.8090
vn 0.5878 -0.0000 -0.8090
vn 0.9429 0.1241 -0.3090
vn 0.9511 -0.0000 -0.3090
vn 0.9186 0.2462 0.3090
vn 0.5678 0.1521 0.8090
vn -0.5678 -0.1521 0.8090
vn -0.9187 -0.2461 0.3090
vn -0.9187 -0.2461 -0.3090
vn -0.5678 -0.1521 -0.8090
vn 0.5678 0.1521 -0.8090
vn 0.9186 0.2462 -0.3090
vn 0.8787 0.3640 0.3090
vn 0.5430 0.2249 0.8090
vn -0.5430 -0.2249 0.8090
vn -0.8787 -0.3640 0.3090
vn -0.9186 -0.2462 0.3090
vn -0.9186 -0.2462 -0.3090
vn -0.8787 -0.3640 -0.3090
vn -0.5430 -0.2249 -0.8090
vn 0.5430 0.2249 -0.8090
vn 0.8787 0.3640 -0.3090
vn 0.8236 0.4755 0.3090
vn 0.5090 0.2939 0.8090
vn -0.5090 -0.2939 0.8090
vn -0.8236 -0.4755 0.3090
vn -0.8236 -0.4755 -0.3090
vn -0.5090 -0.2939 -0.8090
vn 0.5090 0.2939 -0.8090
vn 0.8236 0.4755 -0.3090
vn 0.7545 0.5790 0.3090
vn 0.4663 0.3578 0.8090
vn -0.4663 -0.3578 0.8090
vn -0.7545 -0.5790 0.3090
vn -0.7545 -0.5790 -0.3090
vn -0.4663 -0.3578 -0.8090
vn 0.4663 0.3578 -0.8090
vn 0.7545 0.5790 -0.3090
vn 0.6725 0.6725 0.3090
vn 0.4156 0.4156 0.8090
vn -0.4156 -0.4156 0.8090
vn -0.6725 -0.6725 0.3090
vn -0.6725 -0.6725 -0.3090
vn -0.4156 -0.4156 -0.8090
vn 0.4156 0.4156 -0.8090
vn 0.6725 0.6725 -0.3090
vn 0.5790 0.7545 0.3090
vn 0.3578 0.4663 0.8090
vn -0.3578 -0.4663 0.8090
vn -0.5790 -0.7545 0.3090
vn -0.5790 -0.7545 -0.3090
vn -0.3578 -0.4663 -0.8090
vn 0.3578 0.4663 -0.8090
vn 0.5790 0.7545 -0.3090
vn 0.4755 0.8236 0.3090
vn 0.2939 0.5090 0.8090
vn -0.2939 -0.5090 0.8090
vn -0.4755 -0.8236 0.3090
vn -0.4755 -0.8236 -0.3090
vn -0.2939 -0.5090 -0.8090
vn 0.2939 0.5090 -0.8090
vn 0.4755 0.8236 -0.3090
vn 0.3640 0.8787 0.3090
vn 0.2249 0.5430 0.8090
vn -0.2249 -0.5430 0.8090
vn -0.3640 -0.8787 0.3090
vn -0.3640 -0.8787 -0.3090
vn -0.2249 -0.5430 -0.8090
vn 0.2249 0.5430 -0.8090
vn 0.3640 0.8787 -0.3090
vn 0.2462 0.9186 0.3090
vn 0.1521 0.5678 0.8090
vn -0.1521 -0.5678 0.8090
vn -0.2462 -0.9186 0.3090
vn -0.2462 -0.9187 -0.3090
vn -0.1521 -0.5678 -0.8090
vn 0.1521 0.5678 -0.8090
vn 0.2462 0.9186 -0.3090
vn 0.1241 0.9429 0.3090
vn 0.2461 0.9186 0.3090
vn 0.0767 0.5828 0.8090
vn -0.0767 -0.5828 0.8090
vn -0.1241 -0.9429 0.3090
vn -0.2461 -0.9187 0.3090
vn -0.1241 -0.9429 -0.3090
vn -0.2461 -0.9187 -0.3090
vn -0.0767 -0.5828 -0.8090
vn 0.0767 0.5828 -0.8090
vn 0.2461 0.9186 -0.3090
vn 0.1241 0.9429 -0.3090
vn -0.0000 0.9511 0.3090
vn -0.0000 0.5878 0.8090
vn -0.0000 -0.5878 0.8090
vn -0.0000 -0.9511 0.3090
vn -0.0000 -0.9511 -0.3090
vn -0.0000 -0.5878 -0.8090
vn -0.0000 0.5878 -0.8090
vn -0.0000 0.9511 -0.3090
vn -0.1241 0.9429 0.3090
vn -0.0767 0.5828 0.8090
vn 0.0767 -0.5828 0.8090
vn 0.1241 -0.9429 0.3090
vn 0.1241 -0.9429 -0.3090
vn 0.0767 -0.5828 -0.8090
vn -0.0767 0.5828 -0.8090
vn -0.1241 0.9429 -0.3090
vn -0.2462 0.9186 0.3090
vn -0.1521 0.5678 0.8090
vn 0.1521 -0.5678 0.8090
vn 0.2461 -0.9187 0.3090
vn 0.2462 -0.9187 -0.3090
vn 0.1521 -0.5678 -0.8090
vn -0.1521 0.5678 -0.8090
vn -0.2462 0.9186 -0.3090
vn -0.3640 0.8787 0.3090
vn -0.2249 0.5430 0.8090
vn 0.2249 -0.5430 0.8090
vn 0.2462 -0.9186 0.3090
vn 0.3640 -0.8787 0.3090
vn 0.3640 -0.8787 -0.3090
vn 0.2249 -0.5430 -0.8090
vn -0.2249 0.5430 -0.8090
vn -0.3640 0.8787 -0.3090
vn -0.4755 0.8236 0.3090
vn -0.2939 0.5090 0.8090
vn 0.2939 -0.5090 0.8090
vn 0.4755 -0.8236 0.3090
vn 0.4755 -0.8236 -0.3090
vn 0.2939 -0.5090 -0.8090
vn -0.2939 0.5090 -0.8090
vn -0.4755 0.8236 -0.3090
vn -0.5790 0.7545 0.3090
vn -0.3578 0.4663 0.8090
vn 0.3578 -0.4663 0.8090
vn 0.5790 -0.7545 0.3090
vn 0.5790 -0.7545 -0.3090
vn 0.3578 -0.4663 -0.8090
vn -0.3578 0.4663 -0.8090
vn -0.5790 0.7545 -0.3090
vn -0.6725 0.6725 0.3090
vn -0.4156 0.4156 0.8090
vn 0.4156 -0.4156 0.8090
vn 0.6725 -0.6725 0.3090
vn 0.6725 -0.6725 -0.3090
vn 0.4156 -0.4156 -0.8090
vn -0.4156 0.4156 -0.8090
vn -0.6725 0.6725 -0.3090
vn -0.7545 0.5790 0.3090
vn -0.4663 0.3578 0.8090
vn 0.4663 -0.3578 0.8090
vn 0.7545 -0.5790 0.3090
vn 0.7545 -0.5790 -0.3090
vn 0.4663 -0.3578 -0.8090
vn -0.4663 0.3578 -0.8090
vn -0.7545 0.5790 -0.3090
vn -0.8236 0.4755 0.3090
vn -0.5090 0.2939 0.8090
vn 0.5090 -0.2939 0.8090
vn 0.8236 -0.4755 0.3090
vn 0.8236 -0.4755 -0.3090
vn 0.5090 -0.2939 -0.8090
vn -0.5090 0.2939 -0.8090
vn -0.8236 0.4755 -0.3090
vn -0.8787 0.3640 0.3090
vn -0.5430 0.2249 0.8090
vn 0.5430 -0.2249 0.8090
vn 0.8787 -0.3640 0.3090
vn 0.8787 -0.3640 -0.3090
vn 0.5430 -0.2249 -0.8090
vn -0.5430 0.2249 -0.8090
vn -0.8787 0.3640 -0.3090
vn -0.9187 0.2462 0.3090
vn -0.5678 0.1521 0.8090
vn 0.5678 -0.1521 0.8090
vn 0.9186 -0.2462 0.3090
vn 0.9187 -0.2462 -0.3090
vn 0.5678 -0.1521 -0.8090
vn -0.5678 0.1521 -0.8090
vn -0.9186 0.2462 -0.3090
vn -0.9429 0.1241 0.3090
vn -0.9186 0.2462 0.3090
vn -0.5828 0.0767 0.8090
vn 0.5828 -0.0767 0.8090
vn 0.9187 -0.2461 0.3090
vn 0.9429 -0.1241 0.3090
vn 0.9429 -0.1241 -0.3090
vn 0.5828 -0.0767 -0.8090
vn -0.5828 0.0767 -0.8090
vn -0.9429 0.1241 -0.3090
vn -0.9187 -0.2462 0.3090
vn 0.9187 0.2462 0.3090
vn 0.9187 0.2462 -0.3090
vn -0.9187 -0.2462 -0.3090
vn -0.2462 -0.9187 0.3090
vn -0.2462 -0.9186 -0.3090
vn 0.2462 0.9187 0.3090
vn 0.2462 0.9187 -0.3090
vn 0.2462 -0.9187 0.3090
vn -0.2461 0.9187 0.3090
vn -0.2462 0.9187 -0.3090
vn 0.9186 -0.2462 -0.3090
vn 0.9187 -0.2462 0.3090
vn -0.9187 0.2462 -0.3090
vn -0.1914 0.9622 0.1936
vn -0.0000 0.9811 -0.1936
vn -0.1914 0.9622 -0.1936
vn 0.3754 0.9064 0.1936
vn 0.5451 0.8157 -0.1936
vn 0.3754 0.9064 -0.1936
vn 0.5451 0.8157 0.1936
vn 0.6937 0.6937 -0.1936
vn 0.6937 0.6937 0.1936
vn 0.8157 0.5451 -0.1936
vn 0.8157 0.5451 0.1936
vn 0.9064 0.3754 -0.1936
vn 0.9064 0.3754 0.1936
vn 0.9622 0.1914 -0.1936
vn 0.9622 0.1914 0.1936
vn 0.9811 -0.0000 -0.1936
vn 0.9811 -0.0000 0.1936
vn 0.9622 -0.1914 -0.1936
vn 0.9622 -0.1914 0.1936
vn 0.9064 -0.3754 -0.1936
vn 0.9064 -0.3754 0.1936
vn 0.8157 -0.5451 -0.1936
vn 0.8157 -0.5451 0.1936
vn 0.6937 -0.6937 -0.1936
vn 0.6937 -0.6937 0.1936
vn 0.5451 -0.8157 -0.1936
vn 0.5451 -0.8157 0.1936
vn 0.3754 -0.9064 -0.1936
vn 0.3754 -0.9064 0.1936
vn 0.1914 -0.9622 -0.1936
vn 0.1914 -0.9622 0.1936
vn -0.0000 -0.9811 -0.1936
vn -0.0000 -0.9811 0.1936
vn -0.1914 -0.9622 -0.1936
vn -0.1914 -0.9622 0.1936
vn -0.3754 -0.9064 -0.1936
vn -0.3754 -0.9064 0.1936
vn -0.5451 -0.8157 -0.1936
vn -0.5451 -0.8157 0.1936
vn -0.6937 -0.6937 -0.1936
vn -0.6937 -0.6937 0.1936
vn -0.8157 -0.5451 -0.1936
vn -0.8157 -0.5451 0.1936
vn -0.9064 -0.3754 -0.1936
vn -0.9064 -0.3754 0.1936
vn -0.9622 -0.1914 -0.1936
vn -0.9622 -0.1914 0.1936
vn -0.9811 -0.0000 -0.1936
vn -0.9811 -0.0000 0.1936
vn -0.9622 0.1914 -0.1936
vn -0.9622 0.1914 0.1936
vn -0.9064 0.3754 -0.1936
vn -0.9064 0.3754 0.1936
vn -0.8157 0.5451 -0.1936
vn -0.8157 0.5451 0.1936
vn -0.6937 0.6937 -0.1936
vn -0.6937 0.6937 0.1936
vn -0.5451 0.8157 -0.1936
vn -0.5451 0.8157 0.1936
vn -0.3754 0.9064 -0.1936
vn -0.3754 0.9064 0.1936
vn 0.1914 0.9622 0.1936
vn 0.1914 0.9622 -0.1936
vn -0.0788 -0.1902 0.9786
vn 0.1902 -0.0788 0.9786
vn 0.0788 0.1902 0.9786
vn -0.0000 0.9811 0.1936
vn 0.1801 0.9055 -0.3843
vn -0.0000 0.9232 -0.3843
vn 0.0744 0.3738 -0.9245
vn -0.0000 0.2059 -0.9786
vn -0.0000 0.3811 -0.9245
vn -0.0000 0.9232 0.3843
vn 0.1801 0.9055 0.3843
vn -0.0000 0.3811 0.9245
vn 0.0402 0.2019 0.9786
vn 0.0744 0.3738 0.9245
vn 0.1458 0.3521 -0.9245
vn 0.0402 0.2019 -0.9786
vn 0.3533 0.8529 0.3843
vn 0.1458 0.3521 0.9245
vn 0.5129 0.7676 -0.3843
vn 0.3533 0.8529 -0.3843
vn 0.1144 0.1712 -0.9786
vn 0.0788 0.1902 -0.9786
vn 0.5129 0.7676 0.3842
vn 0.1144 0.1712 0.9786
vn 0.2117 0.3169 0.9245
vn 0.2695 0.2695 -0.9245
vn 0.2117 0.3169 -0.9245
vn 0.6528 0.6528 0.3843
vn 0.2695 0.2695 0.9245
vn 0.1456 0.1456 0.9786
vn 0.6528 0.6528 -0.3843
vn 0.1712 0.1144 -0.9786
vn 0.1456 0.1456 -0.9786
vn 0.7676 0.5129 0.3843
vn 0.3169 0.2117 0.9245
vn 0.1712 0.1144 0.9786
vn 0.8529 0.3533 -0.3843
vn 0.7676 0.5129 -0.3843
vn 0.3521 0.1458 -0.9245
vn 0.3169 0.2117 -0.9245
vn 0.8529 0.3533 0.3843
vn 0.1902 0.0788 0.9786
vn 0.3521 0.1458 0.9245
vn 0.9055 0.1801 -0.3843
vn 0.2019 0.0402 -0.9786
vn 0.1902 0.0788 -0.9786
vn 0.9055 0.1801 0.3843
vn 0.2019 0.0402 0.9786
vn 0.3738 0.0743 0.9245
vn 0.3811 -0.0000 -0.9245
vn 0.3738 0.0744 -0.9245
vn 0.9232 -0.0000 0.3843
vn 0.3811 -0.0000 0.9245
vn 0.2059 -0.0000 0.9786
vn 0.9055 -0.1801 -0.3843
vn 0.9232 -0.0000 -0.3843
vn 0.2019 -0.0402 -0.9786
vn 0.2059 -0.0000 -0.9786
vn 0.9055 -0.1801 0.3843
vn 0.3738 -0.0744 0.9245
vn 0.2019 -0.0402 0.9786
vn 0.3521 -0.1458 -0.9245
vn 0.3738 -0.0744 -0.9245
vn 0.8529 -0.3533 0.3843
vn 0.3521 -0.1458 0.9245
vn 0.8529 -0.3533 -0.3843
vn 0.3169 -0.2117 -0.9245
vn 0.1902 -0.0788 -0.9786
vn 0.7676 -0.5129 0.3843
vn 0.3169 -0.2117 0.9245
vn 0.1712 -0.1144 0.9786
vn 0.7676 -0.5129 -0.3843
vn 0.2695 -0.2695 -0.9245
vn 0.1712 -0.1144 -0.9786
vn 0.6528 -0.6528 0.3843
vn 0.1456 -0.1456 0.9786
vn 0.2695 -0.2695 0.9245
vn 0.6528 -0.6528 -0.3843
vn 0.2117 -0.3169 -0.9245
vn 0.1456 -0.1456 -0.9786
vn 0.5129 -0.7676 0.3843
vn 0.2117 -0.3169 0.9245
vn 0.1144 -0.1712 0.9786
vn 0.5129 -0.7676 -0.3843
vn 0.0788 -0.1902 -0.9786
vn 0.1144 -0.1712 -0.9786
vn 0.3533 -0.8529 0.3843
vn 0.0788 -0.1902 0.9786
vn 0.1458 -0.3521 0.9245
vn 0.3533 -0.8529 -0.3843
vn 0.1458 -0.3521 -0.9245
vn 0.0402 -0.2019 -0.9786
vn 0.1801 -0.9055 0.3843
vn 0.0402 -0.2019 0.9786
vn 0.0744 -0.3738 0.9245
vn 0.1801 -0.9055 -0.3843
vn -0.0000 -0.3811 -0.9245
vn 0.0744 -0.3738 -0.9245
vn -0.0000 -0.9232 0.3843
vn -0.0000 -0.3811 0.9245
vn -0.0000 -0.2059 0.9786
vn -0.1801 -0.9055 -0.3843
vn -0.0000 -0.9232 -0.3843
vn -0.0402 -0.2019 -0.9786
vn -0.0000 -0.2059 -0.9786
vn -0.1801 -0.9055 0.3843
vn -0.0402 -0.2019 0.9786
vn -0.0744 -0.3738 0.9245
vn -0.1458 -0.3521 -0.9245
vn -0.0744 -0.3738 -0.9245
vn -0.3533 -0.8529 0.3843
vn -0.1458 -0.3521 0.9245
vn -0.5129 -0.7676 -0.3843
vn -0.3533 -0.8529 -0.3843
vn -0.2117 -0.3169 -0.9245
vn -0.0788 -0.1902 -0.9786
vn -0.5129 -0.7676 0.3843
vn -0.2117 -0.3169 0.9245
vn -0.1144 -0.1712 0.9786
vn -0.6528 -0.6528 -0.3843
vn -0.1456 -0.1456 -0.9786
vn -0.1144 -0.1712 -0.9786
vn -0.6528 -0.6528 0.3843
vn -0.1456 -0.1456 0.9786
vn -0.2695 -0.2695 0.9245
vn -0.3169 -0.2117 -0.9245
vn -0.2695 -0.2695 -0.9245
vn -0.7676 -0.5129 0.3843
vn -0.3169 -0.2117 0.9245
vn -0.1712 -0.1144 0.9786
vn -0.8529 -0.3533 -0.3843
vn -0.7676 -0.5129 -0.3843
vn -0.1902 -0.0788 -0.9786
vn -0.1712 -0.1144 -0.9786
vn -0.8529 -0.3533 0.3843
vn -0.1902 -0.0788 0.9786
vn -0.3521 -0.1458 0.9245
vn -0.9055 -0.1801 -0.3843
vn -0.3521 -0.1458 -0.9245
vn -0.2019 -0.0402 -0.9786
vn -0.9055 -0.1801 0.3843
vn -0.2019 -0.0402 0.9786
vn -0.3738 -0.0744 0.9245
vn -0.3811 -0.0000 -0.9245
vn -0.3738 -0.0744 -0.9245
vn -0.9232 -0.0000 0.3843
vn -0.2059 -0.0000 0.9786
vn -0.3811 -0.0000 0.9245
vn -0.9055 0.1801 -0.3843
vn -0.9232 -0.0000 -0.3843
vn -0.2019 0.0402 -0.9786
vn -0.2059 -0.0000 -0.9786
vn -0.9055 0.1801 0.3843
vn -0.2019 0.0402 0.9786
vn -0.3738 0.0743 0.9245
vn -0.3521 0.1458 -0.9245
vn -0.3738 0.0744 -0.9245
vn -0.8529 0.3533 0.3843
vn -0.3521 0.1458 0.9245
vn -0.1902 0.0788 0.9786
vn -0.8529 0.3533 -0.3843
vn -0.1712 0.1144 -0.9786
vn -0.1902 0.0788 -0.9786
vn -0.7676 0.5129 0.3843
vn -0.1712 0.1144 0.9786
vn -0.3169 0.2117 0.9245
vn -0.6528 0.6528 -0.3843
vn -0.7676 0.5129 -0.3843
vn -0.2695 0.2695 -0.9245
vn -0.3169 0.2117 -0.9245
vn -0.6528 0.6528 0.3843
vn -0.1456 0.1456 0.9786
vn -0.2695 0.2695 0.9245
vn -0.5129 0.7676 -0.3843
vn -0.1144 0.1712 -0.9786
vn -0.1456 0.1456 -0.9786
vn -0.5129 0.7676 0.3842
vn -0.1144 0.1712 0.9786
vn -0.2117 0.3169 0.9245
vn -0.1458 0.3521 -0.9245
vn -0.2117 0.3169 -0.9245
vn -0.3533 0.8529 0.3843
vn -0.0788 0.1902 0.9786
vn -0.1458 0.3521 0.9245
vn -0.1801 0.9055 -0.3843
vn -0.3533 0.8529 -0.3843
vn -0.0402 0.2019 -0.9786
vn -0.0788 0.1902 -0.9786
vn -0.1801 0.9055 0.3843
vn -0.0402 0.2019 0.9786
vn -0.0744 0.3738 0.9245
vn -0.0744 0.3738 -0.9245
vn -0.0000 0.2059 0.9786
vt 0.008887 0.635529
vt 0.377952 0.008887
vt 0.377952 0.635529
vt 0.933447 0.008887
vt 0.991113 0.377952
vt 0.933447 0.377952
vt 0.840232 0.635528
vt 0.782565 0.008887
vt 0.840232 0.008887
vt 0.933447 0.395726
vt 0.991113 0.764791
vt 0.933447 0.764791
vt 0.395726 0.635528
vt 0.764791 0.008887
vt 0.764791 0.635529
vt 0.858006 0.008887
vt 0.853567 0.004448
vt 0.858006 0.003450
vt 0.382391 0.004448
vt 0.383389 0.008887
vt 0.929007 0.769230
vt 0.928010 0.764791
vt 0.008887 0.008887
vt 0.004448 0.004448
vt 0.008887 0.003450
vt 0.782565 0.635528
vt 0.778126 0.639968
vt 0.777129 0.635528
vt 0.929007 0.391287
vt 0.933447 0.390289
vt 0.915672 0.008887
vt 0.920112 0.004448
vt 0.921109 0.008887
vt 0.995552 0.769230
vt 0.991113 0.770228
vt 0.769230 0.639968
vt 0.764791 0.640965
vt 0.844671 0.639968
vt 0.840232 0.640965
vt 0.391287 0.639968
vt 0.390289 0.635528
vt 0.991113 0.395726
vt 0.995552 0.391287
vt 0.996550 0.395726
vt 0.858006 0.635529
vt 0.853567 0.639968
vt 0.852569 0.635528
vt 0.995552 0.382391
vt 0.991113 0.383389
vt 0.382391 0.639968
vt 0.377952 0.640965
vt 0.778126 0.004448
vt 0.782565 0.003450
vt 0.004448 0.639968
vt 0.003450 0.635528
vt 0.991113 0.008887
vt 0.995552 0.004448
vt 0.996550 0.008887
vt 0.915672 0.635529
vt 0.920112 0.639968
vt 0.915672 0.640965
vt 0.769230 0.004448
vt 0.770228 0.008887
vt 0.929007 0.382391
vt 0.928010 0.377952
vt 0.844671 0.004448
vt 0.845669 0.008887
vt 0.929007 0.004448
vt 0.933447 0.003450
vt 0.395726 0.008887
vt 0.391287 0.004448
vt 0.395726 0.003450
vt 0.915672 0.003450
vt 0.933447 0.770228
vt 0.377952 0.003450
vt 0.928010 0.395726
vt 0.782565 0.640965
vt 0.991113 0.390289
vt 0.395726 0.640965
vt 0.996550 0.764791
vt 0.921109 0.635528
vt 0.770228 0.635528
vt 0.845669 0.635528
vt 0.390289 0.008887
vt 0.928010 0.008887
vt 0.764791 0.003450
vt 0.858006 0.640965
vt 0.933447 0.383389
vt 0.840232 0.003450
vt 0.991113 0.003450
vt 0.008887 0.640965
vt 0.996550 0.377952
vt 0.852569 0.008887
vt 0.383389 0.635529
vt 0.777129 0.008887
vt 0.003450 0.008887
vt 0.047711 0.992555
vt 0.073087 0.007445
vt 0.073087 0.992555
vt 0.135976 0.007445
vt 0.145085 0.032821
vt 0.135976 0.032821
vt 0.097086 0.992555
vt 0.087977 0.007445
vt 0.097086 0.007445
vt 0.135976 0.047711
vt 0.145085 0.073087
vt 0.135976 0.073087
vt 0.007445 0.992555
vt 0.032821 0.007445
vt 0.032821 0.992555
vt 0.121086 0.992555
vt 0.125969 0.997439
vt 0.121086 0.998536
vt 0.077971 0.002561
vt 0.079068 0.007445
vt 0.131092 0.077971
vt 0.129995 0.073087
vt 0.047711 0.007445
vt 0.042827 0.002561
vt 0.047711 0.001464
vt 0.087977 0.992555
vt 0.083093 0.997439
vt 0.081996 0.992555
vt 0.131092 0.042827
vt 0.135976 0.041730
vt 0.111976 0.992555
vt 0.107093 0.997439
vt 0.105995 0.992555
vt 0.149969 0.077971
vt 0.145085 0.079068
vt 0.037705 0.997439
vt 0.032821 0.998536
vt 0.101970 0.997439
vt 0.097086 0.998536
vt 0.002561 0.997439
vt 0.001464 0.992555
vt 0.145085 0.047711
vt 0.149969 0.042827
vt 0.151066 0.047711
vt 0.121086 0.007445
vt 0.125969 0.002561
vt 0.127067 0.007445
vt 0.149969 0.037705
vt 0.145085 0.038802
vt 0.077971 0.997439
vt 0.073087 0.998536
vt 0.083094 0.002561
vt 0.087977 0.001464
vt 0.042827 0.997439
vt 0.041730 0.992555
vt 0.145085 0.007445
vt 0.149969 0.002561
vt 0.151066 0.007445
vt 0.111976 0.007445
vt 0.107093 0.002561
vt 0.111976 0.001464
vt 0.037705 0.002561
vt 0.038802 0.007445
vt 0.131092 0.037705
vt 0.129995 0.032821
vt 0.101970 0.002561
vt 0.103068 0.007445
vt 0.131092 0.002561
vt 0.135976 0.001464
vt 0.007445 0.007445
vt 0.002561 0.002561
vt 0.007445 0.001464
vt 0.111976 0.998536
vt 0.135976 0.079068
vt 0.073087 0.001464
vt 0.129995 0.047711
vt 0.087977 0.998536
vt 0.007445 0.998536
vt 0.151066 0.073087
vt 0.105995 0.007445
vt 0.038802 0.992555
vt 0.103068 0.992555
vt 0.001464 0.007445
vt 0.129995 0.007445
vt 0.032821 0.001464
vt 0.121086 0.001464
vt 0.135976 0.038802
vt 0.097086 0.001464
vt 0.145085 0.001464
vt 0.047711 0.998536
vt 0.151066 0.032821
vt 0.127067 0.992555
vt 0.079068 0.992555
vt 0.081996 0.007445
vt 0.041730 0.007445
vt 0.007442 0.992558
vt 0.032818 0.007442
vt 0.032818 0.992558
vt 0.135950 0.047148
vt 0.145059 0.072096
vt 0.135950 0.072096
vt 0.097072 0.992558
vt 0.087963 0.007442
vt 0.097072 0.007442
vt 0.135950 0.007442
vt 0.145059 0.032818
vt 0.135950 0.032818
vt 0.047703 0.992558
vt 0.073079 0.007442
vt 0.073079 0.992558
vt 0.111957 0.007795
vt 0.107073 0.002339
vt 0.111957 0.001461
vt 0.037702 0.002558
vt 0.038800 0.007442
vt 0.131066 0.037702
vt 0.129969 0.032818
vt 0.007442 0.007442
vt 0.002559 0.002558
vt 0.007442 0.001461
vt 0.087963 0.992558
vt 0.083079 0.997442
vt 0.081982 0.992558
vt 0.131066 0.002558
vt 0.135950 0.001461
vt 0.121066 0.007795
vt 0.125950 0.002339
vt 0.127047 0.007341
vt 0.149943 0.037702
vt 0.145059 0.038799
vt 0.077962 0.997442
vt 0.073079 0.998539
vt 0.101956 0.997442
vt 0.097072 0.998539
vt 0.042819 0.997442
vt 0.041721 0.992558
vt 0.145059 0.007442
vt 0.149943 0.002558
vt 0.151041 0.007442
vt 0.111957 0.976271
vt 0.107073 0.980418
vt 0.105975 0.975818
vt 0.149943 0.077551
vt 0.145059 0.078429
vt 0.037702 0.997442
vt 0.032818 0.998539
vt 0.083079 0.002558
vt 0.087963 0.001461
vt 0.002558 0.997442
vt 0.001461 0.992558
vt 0.145059 0.047148
vt 0.149943 0.043001
vt 0.151041 0.047601
vt 0.121066 0.976271
vt 0.125950 0.980418
vt 0.121066 0.981698
vt 0.077962 0.002558
vt 0.079060 0.007442
vt 0.131066 0.077551
vt 0.129969 0.072549
vt 0.101956 0.002558
vt 0.103054 0.007442
vt 0.131066 0.043001
vt 0.135950 0.041721
vt 0.047703 0.007442
vt 0.042819 0.002558
vt 0.047703 0.001461
vt 0.121066 0.001461
vt 0.135950 0.038799
vt 0.032818 0.001461
vt 0.129969 0.007442
vt 0.087963 0.998539
vt 0.047703 0.998539
vt 0.151041 0.032818
vt 0.127047 0.975818
vt 0.079060 0.992558
vt 0.103054 0.992558
vt 0.041721 0.007442
vt 0.129969 0.047601
vt 0.073079 0.001461
vt 0.111957 0.981698
vt 0.135950 0.078429
vt 0.097072 0.001461
vt 0.145059 0.041721
vt 0.007442 0.998539
vt 0.151041 0.072549
vt 0.105975 0.007341
vt 0.038799 0.992558
vt 0.081982 0.007442
vt 0.001461 0.007442
vt 0.007442 0.992558
vt 0.032818 0.007442
vt 0.032818 0.992558
vt 0.135946 0.007794
vt 0.145055 0.032742
vt 0.135946 0.032742
vt 0.097070 0.992558
vt 0.087961 0.007442
vt 0.097070 0.007442
vt 0.135946 0.047423
vt 0.145055 0.072370
vt 0.135946 0.072370
vt 0.047701 0.992558
vt 0.073077 0.007442
vt 0.073077 0.992558
vt 0.111953 0.007794
vt 0.107070 0.002339
vt 0.111953 0.001460
vt 0.037702 0.002558
vt 0.038799 0.007442
vt 0.131062 0.076517
vt 0.129965 0.071917
vt 0.007442 0.007442
vt 0.002558 0.002558
vt 0.007442 0.001460
vt 0.087961 0.992558
vt 0.083077 0.997442
vt 0.081979 0.992558
vt 0.131062 0.041967
vt 0.135946 0.041089
vt 0.121063 0.007794
vt 0.125946 0.002339
vt 0.127044 0.007341
vt 0.149939 0.076517
vt 0.145055 0.077797
vt 0.077961 0.997442
vt 0.073077 0.998540
vt 0.101954 0.997442
vt 0.097070 0.998540
vt 0.042818 0.997442
vt 0.041720 0.992558
vt 0.145055 0.047423
vt 0.149939 0.041967
vt 0.151037 0.046969
vt 0.111953 0.976272
vt 0.107070 0.980419
vt 0.105972 0.975818
vt 0.149939 0.036888
vt 0.145055 0.038168
vt 0.037702 0.997442
vt 0.032818 0.998540
vt 0.083077 0.002558
vt 0.087961 0.001460
vt 0.002558 0.997442
vt 0.001460 0.992558
vt 0.145055 0.007794
vt 0.149939 0.002339
vt 0.151037 0.007341
vt 0.121063 0.976272
vt 0.125946 0.980419
vt 0.121063 0.981699
vt 0.077961 0.002558
vt 0.079059 0.007442
vt 0.131062 0.036888
vt 0.129965 0.032288
vt 0.101954 0.002558
vt 0.103051 0.007442
vt 0.131062 0.002339
vt 0.135946 0.001460
vt 0.047701 0.007442
vt 0.042818 0.002558
vt 0.047701 0.001460
vt 0.121063 0.001460
vt 0.135946 0.077797
vt 0.032818 0.001460
vt 0.129965 0.046969
vt 0.087961 0.998540
vt 0.047701 0.998540
vt 0.151037 0.071917
vt 0.127044 0.975818
vt 0.079059 0.992558
vt 0.103051 0.992558
vt 0.041720 0.007442
vt 0.129965 0.007341
vt 0.073077 0.001460
vt 0.111953 0.981699
vt 0.135946 0.038168
vt 0.097070 0.001460
vt 0.145055 0.001460
vt 0.007442 0.998540
vt 0.105972 0.007341
vt 0.038799 0.992558
vt 0.081980 0.007442
vt 0.001460 0.007442
vt 0.007442 0.992558
vt 0.032818 0.007442
vt 0.032818 0.992558
vt 0.135946 0.007794
vt 0.145055 0.032742
vt 0.135946 0.032742
vt 0.097070 0.992558
vt 0.087961 0.007442
vt 0.097070 0.007442
vt 0.135946 0.047423
vt 0.145055 0.072370
vt 0.135946 0.072370
vt 0.047701 0.992558
vt 0.073077 0.007442
vt 0.073077 0.992558
vt 0.111953 0.007794
vt 0.107070 0.002339
vt 0.111953 0.001460
vt 0.037702 0.002558
vt 0.038799 0.007442
vt 0.131062 0.076517
vt 0.129965 0.071917
vt 0.007442 0.007442
vt 0.087961 0.992558
vt 0.083077 0.997442
vt 0.081979 0.992558
vt 0.131062 0.041967
vt 0.135946 0.041089
vt 0.121063 0.007794
vt 0.125946 0.002339
vt 0.127044 0.007341
vt 0.149939 0.076517
vt 0.145055 0.077797
vt 0.077961 0.997442
vt 0.073077 0.998540
vt 0.101954 0.997442
vt 0.097070 0.998540
vt 0.042817 0.997442
vt 0.041720 0.992558
vt 0.145055 0.047423
vt 0.149939 0.041967
vt 0.151037 0.046969
vt 0.111953 0.976271
vt 0.107070 0.980418
vt 0.105972 0.975818
vt 0.149939 0.036888
vt 0.145055 0.038168
vt 0.037701 0.997442
vt 0.032818 0.998540
vt 0.083077 0.002558
vt 0.087961 0.001460
vt 0.145055 0.007794
vt 0.149939 0.002339
vt 0.151037 0.007341
vt 0.121063 0.976271
vt 0.125946 0.980418
vt 0.121063 0.981698
vt 0.077961 0.002558
vt 0.079059 0.007442
vt 0.131062 0.036888
vt 0.129965 0.032288
vt 0.101954 0.002558
vt 0.103051 0.007442
vt 0.131062 0.002339
vt 0.135946 0.001460
vt 0.047701 0.007442
vt 0.042818 0.002558
vt 0.047701 0.001460
vt 0.121063 0.001460
vt 0.135946 0.077797
vt 0.032818 0.001460
vt 0.129965 0.046969
vt 0.087961 0.998540
vt 0.047701 0.998540
vt 0.151037 0.071917
vt 0.127044 0.975818
vt 0.079058 0.992558
vt 0.103051 0.992558
vt 0.041720 0.007442
vt 0.129965 0.007341
vt 0.073077 0.001460
vt 0.111953 0.981698
vt 0.135946 0.038168
vt 0.097070 0.001460
vt 0.145055 0.001460
vt 0.151037 0.032288
vt 0.105972 0.007341
vt 0.038799 0.992558
vt 0.081979 0.007442
vt 0.032818 0.007442
vt 0.032818 0.992558
vt 0.135946 0.007794
vt 0.145055 0.032742
vt 0.135946 0.032742
vt 0.135946 0.047423
vt 0.145055 0.072370
vt 0.135946 0.072370
vt 0.047701 0.992558
vt 0.073077 0.007442
vt 0.073077 0.992558
vt 0.111953 0.007794
vt 0.107070 0.002339
vt 0.111953 0.001460
vt 0.037701 0.002558
vt 0.038799 0.007442
vt 0.131062 0.076517
vt 0.129965 0.071917
vt 0.007442 0.001460
vt 0.131062 0.041967
vt 0.121063 0.007794
vt 0.125946 0.002339
vt 0.127044 0.007341
vt 0.149939 0.076517
vt 0.145055 0.077797
vt 0.077961 0.997442
vt 0.042817 0.997442
vt 0.145055 0.047423
vt 0.149939 0.041967
vt 0.111953 0.976271
vt 0.107070 0.980418
vt 0.105972 0.975818
vt 0.037701 0.997442
vt 0.032818 0.998540
vt 0.001460 0.992558
vt 0.145055 0.007794
vt 0.149939 0.002339
vt 0.121063 0.976271
vt 0.125946 0.980418
vt 0.121063 0.981698
vt 0.077961 0.002558
vt 0.131062 0.036888
vt 0.129965 0.032288
vt 0.131062 0.002339
vt 0.135946 0.001460
vt 0.047701 0.007442
vt 0.042818 0.002558
vt 0.121063 0.001460
vt 0.135946 0.077797
vt 0.032818 0.001460
vt 0.151037 0.071917
vt 0.127044 0.975818
vt 0.129965 0.007341
vt 0.111953 0.981698
vt 0.135946 0.038168
vt 0.145055 0.001460
vt 0.007442 0.998540
vt 0.151037 0.032288
vt 0.105972 0.007341
vt 0.038799 0.992558
vt 0.001460 0.007442
vt 0.007442 0.992558
vt 0.032818 0.007442
vt 0.032818 0.992558
vt 0.135950 0.047148
vt 0.145060 0.072096
vt 0.135950 0.072096
vt 0.111957 0.006888
vt 0.121066 0.975364
vt 0.111957 0.975365
vt 0.135950 0.007442
vt 0.145060 0.032818
vt 0.135950 0.032818
vt 0.047703 0.992558
vt 0.073079 0.007442
vt 0.073079 0.992558
vt 0.097073 0.992558
vt 0.101956 0.997442
vt 0.097073 0.998539
vt 0.037702 0.002558
vt 0.038800 0.007442
vt 0.131067 0.037702
vt 0.129969 0.032818
vt 0.007442 0.007442
vt 0.002559 0.002558
vt 0.007442 0.001461
vt 0.121066 0.006888
vt 0.125950 0.002741
vt 0.127047 0.007341
vt 0.131067 0.002558
vt 0.135950 0.001461
vt 0.087963 0.992558
vt 0.083080 0.997442
vt 0.081982 0.992558
vt 0.149943 0.037702
vt 0.145060 0.038800
vt 0.077962 0.997442
vt 0.073079 0.998539
vt 0.107073 0.002741
vt 0.111957 0.001461
vt 0.042819 0.997442
vt 0.041721 0.992558
vt 0.145060 0.007442
vt 0.149943 0.002558
vt 0.151041 0.007442
vt 0.097072 0.007442
vt 0.101956 0.002558
vt 0.103054 0.007442
vt 0.149943 0.077551
vt 0.145060 0.078429
vt 0.037702 0.997442
vt 0.032818 0.998539
vt 0.125950 0.980820
vt 0.121066 0.981698
vt 0.002558 0.997442
vt 0.001461 0.992558
vt 0.145060 0.047148
vt 0.149943 0.043001
vt 0.151041 0.047601
vt 0.087963 0.007442
vt 0.083079 0.002558
vt 0.087963 0.001461
vt 0.077963 0.002558
vt 0.079060 0.007442
vt 0.131067 0.077551
vt 0.129969 0.072549
vt 0.107073 0.980820
vt 0.105975 0.975818
vt 0.131067 0.043001
vt 0.135950 0.041721
vt 0.047703 0.007442
vt 0.042819 0.002558
vt 0.047703 0.001461
vt 0.087963 0.998539
vt 0.135950 0.038800
vt 0.032818 0.001461
vt 0.121066 0.001461
vt 0.047703 0.998539
vt 0.151041 0.032818
vt 0.081982 0.007442
vt 0.079060 0.992558
vt 0.105975 0.007341
vt 0.041721 0.007442
vt 0.129969 0.047601
vt 0.073079 0.001461
vt 0.097072 0.001461
vt 0.135950 0.078429
vt 0.111957 0.981698
vt 0.145060 0.041721
vt 0.007442 0.998539
vt 0.151041 0.072549
vt 0.103054 0.992558
vt 0.038800 0.992558
vt 0.127047 0.975818
vt 0.001461 0.007442
vt 0.007445 0.992555
vt 0.032821 0.007445
vt 0.032821 0.992555
vt 0.135976 0.007445
vt 0.145085 0.032821
vt 0.135976 0.032821
vt 0.097086 0.992555
vt 0.087977 0.007445
vt 0.097086 0.007445
vt 0.135976 0.047711
vt 0.145085 0.073087
vt 0.135976 0.073087
vt 0.047711 0.992555
vt 0.073087 0.007445
vt 0.073087 0.992555
vt 0.121086 0.992555
vt 0.125969 0.997439
vt 0.121086 0.998536
vt 0.037705 0.002561
vt 0.038802 0.007445
vt 0.131092 0.077971
vt 0.129995 0.073087
vt 0.007445 0.007445
vt 0.002561 0.002561
vt 0.007445 0.001464
vt 0.087977 0.992555
vt 0.083093 0.997439
vt 0.081996 0.992555
vt 0.131092 0.042827
vt 0.135976 0.041730
vt 0.111976 0.992555
vt 0.107093 0.997439
vt 0.105995 0.992555
vt 0.149969 0.077971
vt 0.145085 0.079068
vt 0.077971 0.997439
vt 0.073087 0.998536
vt 0.101970 0.997439
vt 0.097086 0.998536
vt 0.042827 0.997439
vt 0.041730 0.992555
vt 0.145085 0.047711
vt 0.149969 0.042827
vt 0.151066 0.047711
vt 0.121086 0.007445
vt 0.125969 0.002561
vt 0.127067 0.007445
vt 0.149969 0.037705
vt 0.145085 0.038802
vt 0.037705 0.997439
vt 0.032821 0.998536
vt 0.083094 0.002561
vt 0.087977 0.001464
vt 0.002561 0.997439
vt 0.001464 0.992555
vt 0.145085 0.007445
vt 0.149969 0.002561
vt 0.151066 0.007445
vt 0.111976 0.007445
vt 0.107093 0.002561
vt 0.111976 0.001464
vt 0.077971 0.002561
vt 0.079068 0.007445
vt 0.131092 0.037705
vt 0.129995 0.032821
vt 0.101970 0.002561
vt 0.103068 0.007445
vt 0.131092 0.002561
vt 0.135976 0.001464
vt 0.047711 0.007445
vt 0.042828 0.002561
vt 0.047711 0.001464
vt 0.111976 0.998536
vt 0.135976 0.079068
vt 0.032821 0.001464
vt 0.129995 0.047711
vt 0.087977 0.998536
vt 0.047711 0.998536
vt 0.105995 0.007445
vt 0.079068 0.992555
vt 0.103068 0.992555
vt 0.041730 0.007445
vt 0.129995 0.007445
vt 0.121086 0.001464
vt 0.135976 0.038802
vt 0.097086 0.001464
vt 0.145085 0.001464
vt 0.007445 0.998536
vt 0.127067 0.992555
vt 0.038802 0.992555
vt 0.081996 0.007445
vt 0.001464 0.007445
vt 0.135946 0.007794
vt 0.145055 0.032742
vt 0.135946 0.032742
vt 0.135946 0.047423
vt 0.047701 0.992558
vt 0.073077 0.007442
vt 0.073077 0.992558
vt 0.111953 0.007794
vt 0.107070 0.002339
vt 0.037702 0.002558
vt 0.038799 0.007442
vt 0.131062 0.076517
vt 0.129965 0.071917
vt 0.131062 0.041967
vt 0.135946 0.041089
vt 0.121063 0.007794
vt 0.125946 0.002339
vt 0.149939 0.076517
vt 0.145055 0.077797
vt 0.077961 0.997442
vt 0.073077 0.998540
vt 0.042817 0.997442
vt 0.041720 0.992558
vt 0.145055 0.047423
vt 0.149939 0.041967
vt 0.151037 0.046969
vt 0.111953 0.976271
vt 0.107070 0.980418
vt 0.105972 0.975818
vt 0.149939 0.036888
vt 0.145055 0.038168
vt 0.037701 0.997442
vt 0.032818 0.998540
vt 0.145055 0.007794
vt 0.149939 0.002339
vt 0.151037 0.007341
vt 0.121063 0.976271
vt 0.125946 0.980418
vt 0.121063 0.981698
vt 0.077961 0.002558
vt 0.079059 0.007442
vt 0.131062 0.036888
vt 0.129965 0.032288
vt 0.131062 0.002339
vt 0.135946 0.001460
vt 0.047701 0.007442
vt 0.042818 0.002558
vt 0.047701 0.001460
vt 0.135946 0.077797
vt 0.032818 0.001460
vt 0.129965 0.046969
vt 0.047701 0.998540
vt 0.151037 0.071917
vt 0.127044 0.975818
vt 0.079059 0.992558
vt 0.041720 0.007442
vt 0.129965 0.007341
vt 0.073077 0.001460
vt 0.111953 0.981698
vt 0.135946 0.038168
vt 0.145055 0.001460
vt 0.151037 0.032288
vt 0.038799 0.992558
vt 0.041808 0.007168
vt 0.007168 0.992832
vt 0.007168 0.007168
vt 0.158987 0.056145
vt 0.171584 0.090785
vt 0.158987 0.090785
vt 0.117718 0.992832
vt 0.105122 0.007168
vt 0.117718 0.007168
vt 0.158987 0.007168
vt 0.171584 0.041808
vt 0.158987 0.041808
vt 0.056145 0.992832
vt 0.090785 0.007168
vt 0.090785 0.992832
vt 0.132055 0.007168
vt 0.127509 0.002623
vt 0.132055 0.001601
vt 0.002623 0.997377
vt 0.001602 0.992832
vt 0.154442 0.046354
vt 0.153421 0.041808
vt 0.041808 0.992832
vt 0.046354 0.997377
vt 0.041808 0.998399
vt 0.105121 0.992832
vt 0.100576 0.997377
vt 0.099555 0.992832
vt 0.154442 0.002623
vt 0.158987 0.001601
vt 0.144651 0.007168
vt 0.149196 0.002623
vt 0.150218 0.007168
vt 0.176129 0.046354
vt 0.171584 0.047375
vt 0.095330 0.997377
vt 0.090785 0.998399
vt 0.122263 0.997377
vt 0.117718 0.998399
vt 0.051600 0.997377
vt 0.050578 0.992832
vt 0.171584 0.007168
vt 0.176129 0.002623
vt 0.177151 0.007168
vt 0.132054 0.992832
vt 0.127509 0.997377
vt 0.126488 0.992832
vt 0.176129 0.095330
vt 0.171584 0.096352
vt 0.002623 0.002623
vt 0.007168 0.001601
vt 0.100576 0.002623
vt 0.105122 0.001601
vt 0.046354 0.002623
vt 0.047375 0.007168
vt 0.171584 0.056145
vt 0.176129 0.051599
vt 0.177151 0.056145
vt 0.144651 0.992832
vt 0.149196 0.997377
vt 0.144651 0.998399
vt 0.095330 0.002623
vt 0.096352 0.007168
vt 0.154442 0.095330
vt 0.153421 0.090785
vt 0.122263 0.002623
vt 0.123285 0.007168
vt 0.154442 0.051599
vt 0.158987 0.050578
vt 0.056145 0.007168
vt 0.051600 0.002623
vt 0.056145 0.001601
vt 0.144651 0.001601
vt 0.158987 0.047375
vt 0.007168 0.998399
vt 0.153421 0.007168
vt 0.105121 0.998399
vt 0.056145 0.998399
vt 0.177151 0.041808
vt 0.150218 0.992832
vt 0.123285 0.992832
vt 0.050578 0.007168
vt 0.153421 0.056145
vt 0.090785 0.001601
vt 0.132054 0.998399
vt 0.117718 0.001601
vt 0.171584 0.050578
vt 0.041808 0.001601
vt 0.177151 0.090785
vt 0.126488 0.007168
vt 0.001601 0.007168
vt 0.099555 0.007168
vt 0.047375 0.992832
vt 0.000000 0.000000
vt 0.129932 0.626546
vt 0.020377 0.675444
vt 0.020377 0.626546
vt 0.129932 0.774198
vt 0.020377 0.820259
vt 0.020377 0.774198
vt 0.129932 0.820259
vt 0.020377 0.861713
vt 0.129932 0.861713
vt 0.020377 0.896967
vt 0.580859 0.503777
vt 0.471304 0.545231
vt 0.471304 0.503777
vt 0.580859 0.545231
vt 0.471304 0.591292
vt 0.580859 0.591292
vt 0.471304 0.640190
vt 0.580859 0.640190
vt 0.471304 0.690047
vt 0.580859 0.690047
vt 0.471304 0.738945
vt 0.580859 0.738945
vt 0.471304 0.785006
vt 0.580859 0.785006
vt 0.471304 0.826460
vt 0.170686 0.861713
vt 0.280241 0.826459
vt 0.280241 0.861713
vt 0.170686 0.826459
vt 0.280241 0.785006
vt 0.170686 0.785006
vt 0.280241 0.738945
vt 0.170686 0.738945
vt 0.280241 0.690046
vt 0.170686 0.690046
vt 0.280241 0.640190
vt 0.170686 0.640190
vt 0.280241 0.591292
vt 0.170686 0.591292
vt 0.280241 0.545231
vt 0.170686 0.545231
vt 0.280241 0.503777
vt 0.320995 0.861713
vt 0.430550 0.820259
vt 0.430550 0.861713
vt 0.320995 0.820259
vt 0.430550 0.774198
vt 0.320995 0.774198
vt 0.430550 0.725300
vt 0.320995 0.725300
vt 0.430550 0.675444
vt 0.320995 0.675444
vt 0.430550 0.626546
vt 0.320995 0.626546
vt 0.430550 0.580485
vt 0.320995 0.580485
vt 0.430550 0.539031
vt 0.320995 0.539031
vt 0.430550 0.503777
vt 0.129932 0.503777
vt 0.020377 0.539031
vt 0.020377 0.503777
vt 0.129932 0.539031
vt 0.020377 0.580485
vt 0.129932 0.580485
vt 0.129932 0.725300
vt 0.020377 0.725300
vt 0.272616 0.479623
vt 0.020377 0.272616
vt 0.227384 0.020377
vt 0.129932 0.675444
vt 0.003777 0.724623
vt 0.003777 0.676121
vt 0.558746 0.093042
vt 0.546511 0.141233
vt 0.531800 0.133370
vt 0.146532 0.676121
vt 0.146532 0.724623
vt 0.321821 0.013239
vt 0.272616 0.020377
vt 0.274251 0.003777
vt 0.593042 0.058746
vt 0.571640 0.103624
vt 0.146532 0.772193
vt 0.225749 0.003777
vt 0.003777 0.817002
vt 0.003777 0.772193
vt 0.641233 0.046511
vt 0.603624 0.071640
vt 0.146532 0.817002
vt 0.183022 0.029201
vt 0.178179 0.013239
vt 0.678180 0.013239
vt 0.633370 0.031800
vt 0.146532 0.857330
vt 0.133370 0.031800
vt 0.141233 0.046511
vt 0.003777 0.857330
vt 0.727384 0.020377
vt 0.683022 0.029201
vt 0.129932 0.896967
vt 0.146532 0.891626
vt 0.093042 0.058746
vt 0.103624 0.071640
vt 0.454704 0.548488
vt 0.454704 0.508160
vt 0.774251 0.003777
vt 0.725749 0.003777
vt 0.597459 0.548488
vt 0.071640 0.103624
vt 0.058746 0.093042
vt 0.454704 0.593298
vt 0.816978 0.029201
vt 0.772616 0.020377
vt 0.597459 0.593298
vt 0.046511 0.141232
vt 0.031800 0.133370
vt 0.866630 0.031800
vt 0.821820 0.013239
vt 0.597459 0.640868
vt 0.013239 0.178179
vt 0.029201 0.183021
vt 0.454704 0.689369
vt 0.454704 0.640868
vt 0.896376 0.071640
vt 0.858767 0.046511
vt 0.597459 0.689369
vt 0.003777 0.225749
vt 0.020377 0.227384
vt 0.941254 0.093042
vt 0.906958 0.058746
vt 0.597459 0.736939
vt 0.003777 0.274251
vt 0.454704 0.736939
vt 0.968200 0.133370
vt 0.928360 0.103624
vt 0.597459 0.781749
vt 0.013239 0.321820
vt 0.029202 0.316979
vt 0.454704 0.781749
vt 0.986761 0.178179
vt 0.953489 0.141233
vt 0.580859 0.826460
vt 0.597459 0.822076
vt 0.046511 0.358767
vt 0.031800 0.366630
vt 0.296841 0.856372
vt 0.996223 0.225749
vt 0.970798 0.183021
vt 0.154086 0.856372
vt 0.154086 0.822076
vt 0.058746 0.406958
vt 0.071641 0.396376
vt 0.296841 0.822076
vt 0.979623 0.272615
vt 0.979623 0.227384
vt 0.154086 0.781749
vt 0.103624 0.428359
vt 0.093042 0.441253
vt 0.296841 0.781749
vt 0.996223 0.274250
vt 0.970798 0.316979
vt 0.154086 0.736939
vt 0.141233 0.453489
vt 0.133370 0.468200
vt 0.296841 0.736939
vt 0.968200 0.366630
vt 0.986761 0.321821
vt 0.154086 0.689369
vt 0.178179 0.486761
vt 0.183022 0.470798
vt 0.296841 0.640868
vt 0.296841 0.689369
vt 0.928360 0.396376
vt 0.953489 0.358767
vt 0.154086 0.640868
vt 0.227384 0.479623
vt 0.225749 0.496223
vt 0.906958 0.441254
vt 0.941254 0.406958
vt 0.154086 0.593298
vt 0.274251 0.496223
vt 0.296841 0.548488
vt 0.296841 0.593298
vt 0.866630 0.468200
vt 0.896376 0.428360
vt 0.154086 0.548488
vt 0.321821 0.486760
vt 0.316978 0.470799
vt 0.296841 0.508160
vt 0.816978 0.470799
vt 0.858768 0.453489
vt 0.154086 0.508160
vt 0.170686 0.503777
vt 0.358768 0.453489
vt 0.366630 0.468200
vt 0.447150 0.857330
vt 0.774251 0.496223
vt 0.821821 0.486761
vt 0.304395 0.857330
vt 0.304395 0.817002
vt 0.406958 0.441254
vt 0.396376 0.428360
vt 0.447150 0.772193
vt 0.447150 0.817002
vt 0.727384 0.479623
vt 0.772616 0.479623
vt 0.304395 0.772193
vt 0.428360 0.396376
vt 0.441254 0.406958
vt 0.447150 0.724623
vt 0.725749 0.496223
vt 0.683022 0.470799
vt 0.304395 0.724623
vt 0.453489 0.358767
vt 0.468200 0.366630
vt 0.633370 0.468200
vt 0.678180 0.486761
vt 0.304395 0.676121
vt 0.470799 0.316978
vt 0.486761 0.321820
vt 0.447150 0.628551
vt 0.447150 0.676121
vt 0.603624 0.428360
vt 0.641233 0.453489
vt 0.304395 0.628551
vt 0.479623 0.272616
vt 0.496223 0.274251
vt 0.558746 0.406958
vt 0.593042 0.441254
vt 0.304395 0.583741
vt 0.496223 0.225749
vt 0.479623 0.227384
vt 0.447150 0.583741
vt 0.546511 0.358767
vt 0.571640 0.396376
vt 0.304395 0.543414
vt 0.470799 0.183021
vt 0.486761 0.178179
vt 0.447150 0.509119
vt 0.447150 0.543414
vt 0.513240 0.321821
vt 0.531800 0.366630
vt 0.304395 0.509119
vt 0.320995 0.503777
vt 0.453489 0.141233
vt 0.468200 0.133370
vt 0.003777 0.543414
vt 0.003777 0.509118
vt 0.520377 0.272616
vt 0.529202 0.316979
vt 0.146532 0.509118
vt 0.146532 0.543414
vt 0.428360 0.103624
vt 0.441254 0.093042
vt 0.503777 0.225749
vt 0.503777 0.274251
vt 0.146532 0.583742
vt 0.396376 0.071640
vt 0.406958 0.058746
vt 0.003777 0.628551
vt 0.003777 0.583742
vt 0.529201 0.183022
vt 0.520377 0.227384
vt 0.146532 0.628551
vt 0.358767 0.046511
vt 0.366630 0.031800
vt 0.513239 0.178179
vt 0.316979 0.029201
vt 0.145085 0.041730
vt 0.145059 0.001461
vt 0.145055 0.041089
vt 0.151037 0.032288
vt 0.145055 0.041089
vt 0.145055 0.041089
vt 0.129969 0.007442
vt 0.145060 0.001461
vt 0.151066 0.073087
vt 0.145085 0.041730
vt 0.151066 0.032821
vt 0.073087 0.001464
vt 0.145055 0.041089
vt 0.096352 0.992832
vt 0.171584 0.001601
vt 0.158987 0.096352
vt 0.003777 0.891626
vt 0.597459 0.508160
vt 0.454704 0.822076
s 1
usemtl ShutterNavy
f 37/1/1 2/2/2 31/3/3
f 51/4/4 30/5/5 45/6/6
f 22/7/7 36/8/8 50/9/9
f 10/10/10 16/11/11 3/12/12
f 23/13/13 44/14/14 17/15/15
f 1/16/16 5/17/17 7/18/18
f 2/2/2 5/19/19 4/20/20
f 3/12/12 5/21/21 6/22/22
f 8/23/23 12/24/24 14/25/25
f 9/26/26 12/27/27 11/28/28
f 10/10/10 12/29/29 13/30/30
f 15/31/31 19/32/32 21/33/33
f 16/11/11 19/34/34 18/35/35
f 17/15/15 19/36/36 20/37/37
f 22/7/7 26/38/38 28/39/39
f 23/13/13 26/40/40 25/41/41
f 24/42/42 26/43/43 27/44/44
f 29/45/45 33/46/46 35/47/47
f 30/5/5 33/48/48 32/49/49
f 31/3/3 33/50/50 34/51/51
f 36/8/8 40/52/52 42/53/53
f 37/1/1 40/54/54 39/55/55
f 38/56/56 40/57/57 41/58/58
f 43/59/59 47/60/60 49/61/61
f 44/14/14 47/62/62 46/63/63
f 45/6/6 47/64/64 48/65/65
f 50/9/9 54/66/66 56/67/67
f 51/4/4 54/68/68 53/69/69
f 52/70/70 54/71/71 55/72/72
f 1/16/16 18/73/73 15/31/31
f 7/74/74 16/11/11 18/35/35
f 8/23/23 6/75/75 2/2/2
f 14/76/76 3/12/12 6/22/22
f 22/7/7 13/77/77 9/26/26
f 28/78/78 10/10/10 13/30/30
f 17/15/15 27/79/79 23/13/13
f 20/80/80 24/42/42 27/44/44
f 15/31/31 46/81/81 43/59/59
f 21/82/82 44/14/14 46/63/63
f 22/7/7 56/67/67 25/83/83
f 56/84/84 23/13/13 25/41/41
f 45/6/6 55/85/85 51/4/4
f 48/86/86 52/70/70 55/72/72
f 43/59/59 32/87/87 29/45/45
f 49/88/88 30/5/5 32/49/49
f 36/8/8 53/89/89 50/9/9
f 42/90/90 51/4/4 53/69/69
f 31/3/3 41/91/91 37/1/1
f 34/92/92 38/56/56 41/58/58
f 29/45/45 4/93/93 1/16/16
f 35/94/94 2/2/2 4/20/20
f 36/8/8 11/28/28 39/95/95
f 11/96/96 37/1/1 39/55/55
f 43/59/59 1/16/16 15/31/31
f 37/1/1 8/23/23 2/2/2
f 51/4/4 38/56/56 30/5/5
f 22/7/7 9/26/26 36/8/8
f 10/10/10 24/42/42 16/11/11
f 23/13/13 52/70/70 44/14/14
f 1/16/16 4/93/93 5/17/17
f 2/2/2 6/75/75 5/19/19
f 3/12/12 7/74/74 5/21/21
f 8/23/23 11/96/96 12/24/24
f 9/26/26 13/77/77 12/27/27
f 10/10/10 14/76/76 12/29/29
f 15/31/31 18/73/73 19/32/32
f 16/11/11 20/80/80 19/34/34
f 17/15/15 21/82/82 19/36/36
f 22/7/7 25/83/83 26/38/38
f 23/13/13 27/79/79 26/40/40
f 24/42/42 28/78/78 26/43/43
f 29/45/45 32/87/87 33/46/46
f 30/5/5 34/92/92 33/48/48
f 31/3/3 35/94/94 33/50/50
f 36/8/8 39/95/95 40/52/52
f 37/1/1 41/91/91 40/54/54
f 38/56/56 42/90/90 40/57/57
f 43/59/59 46/81/81 47/60/60
f 44/14/14 48/86/86 47/62/62
f 45/6/6 49/88/88 47/64/64
f 50/9/9 53/89/89 54/66/66
f 51/4/4 55/85/85 54/68/68
f 52/70/70 56/84/84 54/71/71
f 1/16/16 7/18/18 18/73/73
f 7/74/74 3/12/12 16/11/11
f 8/23/23 14/25/25 6/75/75
f 14/76/76 10/10/10 3/12/12
f 22/7/7 28/39/39 13/77/77
f 28/78/78 24/42/42 10/10/10
f 17/15/15 20/37/37 27/79/79
f 20/80/80 16/11/11 24/42/42
f 15/31/31 21/33/33 46/81/81
f 21/82/82 17/15/15 44/14/14
f 22/7/7 50/9/9 56/67/67
f 56/84/84 52/70/70 23/13/13
f 45/6/6 48/65/65 55/85/85
f 48/86/86 44/14/14 52/70/70
f 43/59/59 49/61/61 32/87/87
f 49/88/88 45/6/6 30/5/5
f 36/8/8 42/53/53 53/89/89
f 42/90/90 38/56/56 51/4/4
f 31/3/3 34/51/51 41/91/91
f 34/92/92 30/5/5 38/56/56
f 29/45/45 35/47/47 4/93/93
f 35/94/94 31/3/3 2/2/2
f 36/8/8 9/26/26 11/28/28
f 11/96/96 8/23/23 37/1/1
f 43/59/59 29/45/45 1/16/16
usemtl ShutterPanelWhite
f 93/97/1 58/98/2 87/99/3
f 107/100/4 86/101/5 101/102/6
f 78/103/7 92/104/8 106/105/9
f 66/106/10 72/107/11 59/108/12
f 79/109/13 100/110/14 73/111/15
f 57/112/16 61/113/17 63/114/18
f 58/98/2 61/115/19 60/116/20
f 59/108/12 61/117/21 62/118/22
f 64/119/23 68/120/24 70/121/25
f 65/122/26 68/123/27 67/124/28
f 66/106/10 68/125/29 69/126/30
f 71/127/31 75/128/32 77/129/33
f 72/107/11 75/130/34 74/131/35
f 73/111/15 75/132/36 76/133/37
f 78/103/7 82/134/38 84/135/39
f 79/109/13 82/136/40 81/137/41
f 80/138/42 82/139/43 83/140/44
f 85/141/45 89/142/46 91/143/47
f 86/101/5 89/144/48 88/145/49
f 87/99/3 89/146/50 90/147/51
f 92/104/8 96/148/52 98/149/53
f 93/97/1 96/150/54 95/151/55
f 94/152/56 96/153/57 97/154/58
f 99/155/59 103/156/60 105/157/61
f 100/110/14 103/158/62 102/159/63
f 101/102/6 103/160/64 104/161/65
f 106/105/9 110/162/66 112/163/67
f 107/100/4 110/164/68 109/165/69
f 108/166/70 110/167/71 111/168/72
f 71/127/31 63/114/18 74/169/73
f 63/170/74 72/107/11 74/131/35
f 64/119/23 62/171/75 58/98/2
f 70/172/76 59/108/12 62/118/22
f 78/103/7 69/173/77 65/122/26
f 69/126/30 80/138/42 66/106/10
f 73/111/15 83/174/79 79/109/13
f 76/175/80 80/138/42 83/140/44
f 71/127/31 102/176/81 99/155/59
f 77/177/82 100/110/14 102/159/63
f 106/105/9 81/178/83 78/103/7
f 112/179/84 79/109/13 81/137/41
f 101/102/6 111/180/85 107/100/4
f 104/181/86 108/166/70 111/168/72
f 99/155/59 88/182/87 85/141/45
f 105/183/88 86/101/5 88/145/49
f 106/105/9 98/149/53 109/184/89
f 98/185/90 107/100/4 109/165/69
f 87/99/3 97/186/91 93/97/1
f 90/187/92 94/152/56 97/154/58
f 85/141/45 60/188/93 57/112/16
f 91/189/94 58/98/2 60/116/20
f 65/122/26 95/190/95 92/104/8
f 67/191/96 93/97/1 95/151/55
f 99/155/59 57/112/16 71/127/31
f 205/287/1 170/288/2 199/289/3
f 219/290/4 198/291/5 213/292/6
f 190/293/7 204/294/8 218/295/9
f 178/296/10 184/297/11 171/298/12
f 191/299/13 212/300/14 185/301/15
f 169/302/16 173/303/17 175/304/18
f 170/288/2 173/305/19 172/306/20
f 171/298/12 173/307/21 174/308/22
f 176/309/23 180/310/24 182/311/25
f 177/312/26 180/313/27 179/314/28
f 178/296/10 180/315/29 181/316/30
f 183/317/31 187/318/32 189/319/33
f 184/297/11 187/320/34 186/321/35
f 185/301/15 187/322/36 188/323/37
f 190/293/7 194/324/38 196/325/39
f 191/299/13 194/326/40 193/327/41
f 192/328/42 194/329/43 195/330/44
f 197/331/45 201/332/46 203/333/47
f 198/291/5 201/334/48 200/335/49
f 199/289/3 201/336/50 202/337/51
f 204/294/8 208/338/52 210/339/53
f 205/287/1 208/340/54 207/341/55
f 206/342/56 208/343/57 209/344/58
f 211/345/59 215/346/60 217/347/61
f 212/300/14 215/348/62 214/349/63
f 213/292/6 215/350/64 216/351/65
f 218/295/9 222/352/66 224/353/67
f 219/290/4 222/354/68 221/355/69
f 220/356/70 222/357/71 223/358/72
f 183/317/31 175/304/18 186/359/73
f 175/360/74 184/297/11 186/321/35
f 176/309/23 174/361/75 170/288/2
f 182/362/76 171/298/12 174/308/22
f 190/293/7 181/363/77 177/312/26
f 181/316/30 192/328/42 178/296/10
f 185/301/15 195/364/79 191/299/13
f 188/365/80 192/328/42 195/330/44
f 183/317/31 214/366/81 211/345/59
f 189/367/82 212/300/14 214/349/63
f 218/295/9 193/368/83 190/293/7
f 224/369/84 191/299/13 193/327/41
f 213/292/6 223/370/85 219/290/4
f 216/371/86 220/356/70 223/358/72
f 211/345/59 200/372/87 197/331/45
f 217/373/88 198/291/5 200/335/49
f 218/295/9 210/339/53 221/374/89
f 210/375/90 219/290/4 221/355/69
f 205/287/1 202/337/51 209/376/91
f 209/344/58 198/291/5 206/342/56
f 197/331/45 172/377/93 169/302/16
f 203/378/94 170/288/2 172/306/20
f 177/312/26 207/379/95 204/294/8
f 179/380/96 205/287/1 207/341/55
f 211/345/59 169/302/16 183/317/31
f 317/381/1 282/470/2 311/471/3
f 331/472/4 310/473/5 325/474/6
f 302/387/7 316/388/8 330/389/9
f 290/475/10 296/476/11 283/477/12
f 303/478/13 324/479/14 297/480/15
f 281/481/16 285/482/17 287/483/18
f 282/470/2 285/484/19 284/485/20
f 283/477/12 285/486/21 286/487/22
f 288/403/23 292/310/24 294/488/25
f 289/404/26 292/405/27 291/406/28
f 290/475/10 292/489/29 293/408/30
f 295/490/31 299/491/32 301/492/33
f 296/476/11 299/493/34 298/494/35
f 297/480/15 299/495/36 300/415/37
f 302/387/7 306/416/38 308/417/39
f 303/478/13 306/496/40 305/419/41
f 304/497/42 306/498/43 307/422/44
f 309/499/45 313/500/46 315/501/47
f 310/473/5 313/426/48 312/427/49
f 311/471/3 313/502/50 314/503/51
f 316/388/8 320/430/52 322/431/53
f 317/381/1 320/340/54 319/504/55
f 318/505/56 320/506/57 321/434/58
f 323/507/59 327/508/60 329/509/61
f 324/479/14 327/510/62 326/439/63
f 325/474/6 327/511/64 328/512/65
f 330/389/9 334/442/66 336/443/67
f 331/472/4 334/513/68 333/514/69
f 332/515/70 334/516/71 335/448/72
f 295/490/31 287/483/18 298/517/73
f 287/518/74 296/476/11 298/494/35
f 288/403/23 286/519/75 282/470/2
f 294/452/76 283/477/12 286/487/22
f 302/387/7 293/453/77 289/404/26
f 293/408/30 304/497/42 290/475/10
f 297/480/15 307/454/79 303/478/13
f 300/520/80 304/497/42 307/422/44
f 295/490/31 326/521/81 323/507/59
f 301/457/82 324/479/14 326/439/63
f 330/389/9 305/458/83 302/387/7
f 336/459/84 303/478/13 305/419/41
f 325/474/6 335/522/85 331/472/4
f 328/461/86 332/515/70 335/448/72
f 323/507/59 312/523/87 309/499/45
f 329/524/88 310/473/5 312/427/49
f 330/389/9 322/431/53 333/464/89
f 322/525/90 331/472/4 333/514/69
f 311/471/3 321/526/91 317/381/1
f 314/527/92 318/505/56 321/434/58
f 309/499/45 284/528/93 281/481/16
f 315/529/94 282/470/2 284/485/20
f 289/404/26 319/469/95 316/388/8
f 291/530/96 317/381/1 319/504/55
f 323/507/59 281/481/16 295/490/31
f 429/625/1 394/626/2 423/627/3
f 443/628/4 422/629/5 437/630/6
f 414/631/7 428/632/8 442/633/9
f 402/634/10 408/635/11 395/636/12
f 415/637/13 436/638/14 409/639/15
f 393/640/16 397/641/17 399/642/18
f 394/626/2 397/643/19 396/644/20
f 395/636/12 397/645/21 398/646/22
f 400/647/23 404/648/24 406/649/25
f 401/650/26 404/651/27 403/652/28
f 402/634/10 404/653/29 405/654/30
f 407/655/31 411/656/32 413/657/33
f 408/635/11 411/658/34 410/659/35
f 409/639/15 411/660/36 412/661/37
f 414/631/7 418/662/38 420/663/39
f 415/637/13 418/664/40 417/665/41
f 416/666/42 418/667/43 419/668/44
f 421/669/45 425/670/46 427/671/47
f 422/629/5 425/672/48 424/673/49
f 423/627/3 425/674/50 426/675/51
f 428/632/8 432/676/52 434/677/53
f 429/625/1 432/678/54 431/679/55
f 430/680/56 432/681/57 433/682/58
f 435/683/59 439/684/60 441/685/61
f 436/638/14 439/686/62 438/687/63
f 437/630/6 439/688/64 440/689/65
f 442/633/9 446/690/66 448/691/67
f 443/628/4 446/692/68 445/693/69
f 444/694/70 446/695/71 447/696/72
f 407/655/31 399/642/18 410/697/73
f 399/698/74 408/635/11 410/659/35
f 394/626/2 406/649/25 398/699/75
f 406/700/76 395/636/12 398/646/22
f 414/631/7 405/701/77 401/650/26
f 405/654/30 416/666/42 402/634/10
f 409/639/15 419/702/79 415/637/13
f 419/668/44 408/635/11 416/666/42
f 407/655/31 438/703/81 435/683/59
f 413/704/82 436/638/14 438/687/63
f 442/633/9 417/705/83 414/631/7
f 448/706/84 415/637/13 417/665/41
f 437/630/6 447/707/85 443/628/4
f 447/696/72 436/638/14 444/694/70
f 435/683/59 424/708/87 421/669/45
f 441/709/88 422/629/5 424/673/49
f 442/633/9 434/677/53 445/710/89
f 434/711/90 443/628/4 445/693/69
f 423/627/3 433/712/91 429/625/1
f 433/682/58 422/629/5 430/680/56
f 421/669/45 396/713/93 393/640/16
f 427/714/94 394/626/2 396/644/20
f 401/650/26 431/715/95 428/632/8
f 403/716/96 429/625/1 431/679/55
f 435/683/59 393/640/16 407/655/31
f 93/97/1 64/119/23 58/98/2
f 107/100/4 94/152/56 86/101/5
f 78/103/7 65/122/26 92/104/8
f 66/106/10 80/138/42 72/107/11
f 79/109/13 108/166/70 100/110/14
f 57/112/16 60/188/93 61/113/17
f 58/98/2 62/171/75 61/115/19
f 59/108/12 63/170/74 61/117/21
f 64/119/23 67/191/96 68/120/24
f 65/122/26 69/173/77 68/123/27
f 66/106/10 70/172/76 68/125/29
f 71/127/31 74/169/73 75/128/32
f 72/107/11 76/175/80 75/130/34
f 73/111/15 77/177/82 75/132/36
f 78/103/7 81/178/83 82/134/38
f 79/109/13 83/174/79 82/136/40
f 80/138/42 84/1143/78 82/139/43
f 85/141/45 88/182/87 89/142/46
f 86/101/5 90/187/92 89/144/48
f 87/99/3 91/189/94 89/146/50
f 92/104/8 95/190/95 96/148/52
f 93/97/1 97/186/91 96/150/54
f 94/152/56 98/185/90 96/153/57
f 99/155/59 102/176/81 103/156/60
f 100/110/14 104/181/86 103/158/62
f 101/102/6 105/183/88 103/160/64
f 106/105/9 109/184/89 110/162/66
f 107/100/4 111/180/85 110/164/68
f 108/166/70 112/179/84 110/167/71
f 71/127/31 57/112/16 63/114/18
f 63/170/74 59/108/12 72/107/11
f 64/119/23 70/121/25 62/171/75
f 70/172/76 66/106/10 59/108/12
f 78/103/7 84/135/39 69/173/77
f 69/126/30 84/1143/78 80/138/42
f 73/111/15 76/133/37 83/174/79
f 76/175/80 72/107/11 80/138/42
f 71/127/31 77/129/33 102/176/81
f 77/177/82 73/111/15 100/110/14
f 106/105/9 112/163/67 81/178/83
f 112/179/84 108/166/70 79/109/13
f 101/102/6 104/161/65 111/180/85
f 104/181/86 100/110/14 108/166/70
f 99/155/59 105/157/61 88/182/87
f 105/183/88 101/102/6 86/101/5
f 106/105/9 92/104/8 98/149/53
f 98/185/90 94/152/56 107/100/4
f 87/99/3 90/147/51 97/186/91
f 90/187/92 86/101/5 94/152/56
f 85/141/45 91/143/47 60/188/93
f 91/189/94 87/99/3 58/98/2
f 65/122/26 67/124/28 95/190/95
f 67/191/96 64/119/23 93/97/1
f 99/155/59 85/141/45 57/112/16
f 205/287/1 176/309/23 170/288/2
f 219/290/4 206/342/56 198/291/5
f 190/293/7 177/312/26 204/294/8
f 178/296/10 192/328/42 184/297/11
f 191/299/13 220/356/70 212/300/14
f 169/302/16 172/377/93 173/303/17
f 170/288/2 174/361/75 173/305/19
f 171/298/12 175/360/74 173/307/21
f 176/309/23 179/380/96 180/310/24
f 177/312/26 181/363/77 180/313/27
f 178/296/10 182/362/76 180/315/29
f 183/317/31 186/359/73 187/318/32
f 184/297/11 188/365/80 187/320/34
f 185/301/15 189/367/82 187/322/36
f 190/293/7 193/368/83 194/324/38
f 191/299/13 195/364/79 194/326/40
f 192/328/42 196/1145/78 194/329/43
f 197/331/45 200/372/87 201/332/46
f 198/291/5 202/1146/92 201/334/48
f 199/289/3 203/378/94 201/336/50
f 204/294/8 207/379/95 208/338/52
f 205/287/1 209/376/91 208/340/54
f 206/342/56 210/375/90 208/343/57
f 211/345/59 214/366/81 215/346/60
f 212/300/14 216/371/86 215/348/62
f 213/292/6 217/373/88 215/350/64
f 218/295/9 221/374/89 222/352/66
f 219/290/4 223/370/85 222/354/68
f 220/356/70 224/369/84 222/357/71
f 183/317/31 169/302/16 175/304/18
f 175/360/74 171/298/12 184/297/11
f 176/309/23 182/311/25 174/361/75
f 182/362/76 178/296/10 171/298/12
f 190/293/7 196/325/39 181/363/77
f 181/316/30 196/1145/78 192/328/42
f 185/301/15 188/323/37 195/364/79
f 188/365/80 184/297/11 192/328/42
f 183/317/31 189/319/33 214/366/81
f 189/367/82 185/301/15 212/300/14
f 218/295/9 224/353/67 193/368/83
f 224/369/84 220/356/70 191/299/13
f 213/292/6 216/351/65 223/370/85
f 216/371/86 212/300/14 220/356/70
f 211/345/59 217/347/61 200/372/87
f 217/373/88 213/292/6 198/291/5
f 218/295/9 204/294/8 210/339/53
f 210/375/90 206/342/56 219/290/4
f 205/287/1 199/289/3 202/337/51
f 209/344/58 202/1146/92 198/291/5
f 197/331/45 203/333/47 172/377/93
f 203/378/94 199/289/3 170/288/2
f 177/312/26 179/314/28 207/379/95
f 179/380/96 176/309/23 205/287/1
f 211/345/59 197/331/45 169/302/16
f 317/381/1 288/403/23 282/470/2
f 331/472/4 318/505/56 310/473/5
f 302/387/7 289/404/26 316/388/8
f 290/475/10 304/497/42 296/476/11
f 303/478/13 332/515/70 324/479/14
f 281/481/16 284/528/93 285/482/17
f 282/470/2 286/519/75 285/484/19
f 283/477/12 287/518/74 285/486/21
f 288/403/23 291/530/96 292/310/24
f 289/404/26 293/453/77 292/405/27
f 290/475/10 294/452/76 292/489/29
f 295/490/31 298/517/73 299/491/32
f 296/476/11 300/520/80 299/493/34
f 297/480/15 301/457/82 299/495/36
f 302/387/7 305/458/83 306/416/38
f 303/478/13 307/454/79 306/496/40
f 304/497/42 308/1148/78 306/498/43
f 309/499/45 312/523/87 313/500/46
f 310/473/5 314/527/92 313/426/48
f 311/471/3 315/529/94 313/502/50
f 316/388/8 319/469/95 320/430/52
f 317/381/1 321/526/91 320/340/54
f 318/505/56 322/525/90 320/506/57
f 323/507/59 326/521/81 327/508/60
f 324/479/14 328/461/86 327/510/62
f 325/474/6 329/524/88 327/511/64
f 330/389/9 333/464/89 334/442/66
f 331/472/4 335/522/85 334/513/68
f 332/515/70 336/459/84 334/516/71
f 295/490/31 281/481/16 287/483/18
f 287/518/74 283/477/12 296/476/11
f 288/403/23 294/488/25 286/519/75
f 294/452/76 290/475/10 283/477/12
f 302/387/7 308/417/39 293/453/77
f 293/408/30 308/1148/78 304/497/42
f 297/480/15 300/415/37 307/454/79
f 300/520/80 296/476/11 304/497/42
f 295/490/31 301/492/33 326/521/81
f 301/457/82 297/480/15 324/479/14
f 330/389/9 336/443/67 305/458/83
f 336/459/84 332/515/70 303/478/13
f 325/474/6 328/512/65 335/522/85
f 328/461/86 324/479/14 332/515/70
f 323/507/59 329/509/61 312/523/87
f 329/524/88 325/474/6 310/473/5
f 330/389/9 316/388/8 322/431/53
f 322/525/90 318/505/56 331/472/4
f 311/471/3 314/503/51 321/526/91
f 314/527/92 310/473/5 318/505/56
f 309/499/45 315/501/47 284/528/93
f 315/529/94 311/471/3 282/470/2
f 289/404/26 291/406/28 319/469/95
f 291/530/96 288/403/23 317/381/1
f 323/507/59 309/499/45 281/481/16
f 429/625/1 400/647/23 394/626/2
f 443/628/4 430/680/56 422/629/5
f 414/631/7 401/650/26 428/632/8
f 402/634/10 416/666/42 408/635/11
f 415/637/13 444/694/70 436/638/14
f 393/640/16 396/713/93 397/641/17
f 394/626/2 398/699/75 397/643/19
f 395/636/12 399/698/74 397/645/21
f 400/647/23 403/716/96 404/648/24
f 401/650/26 405/701/77 404/651/27
f 402/634/10 406/700/76 404/653/29
f 407/655/31 410/697/73 411/656/32
f 408/635/11 412/1151/80 411/658/34
f 409/639/15 413/704/82 411/660/36
f 414/631/7 417/705/83 418/662/38
f 415/637/13 419/702/79 418/664/40
f 416/666/42 420/1152/78 418/667/43
f 421/669/45 424/708/87 425/670/46
f 422/629/5 426/1153/92 425/672/48
f 423/627/3 427/714/94 425/674/50
f 428/632/8 431/715/95 432/676/52
f 429/625/1 433/712/91 432/678/54
f 430/680/56 434/711/90 432/681/57
f 435/683/59 438/703/81 439/684/60
f 436/638/14 440/1154/86 439/686/62
f 437/630/6 441/709/88 439/688/64
f 442/633/9 445/710/89 446/690/66
f 443/628/4 447/707/85 446/692/68
f 444/694/70 448/706/84 446/695/71
f 407/655/31 393/640/16 399/642/18
f 399/698/74 395/636/12 408/635/11
f 394/626/2 400/647/23 406/649/25
f 406/700/76 402/634/10 395/636/12
f 414/631/7 420/663/39 405/701/77
f 405/654/30 420/1152/78 416/666/42
f 409/639/15 412/661/37 419/702/79
f 419/668/44 412/1151/80 408/635/11
f 407/655/31 413/657/33 438/703/81
f 413/704/82 409/639/15 436/638/14
f 442/633/9 448/691/67 417/705/83
f 448/706/84 444/694/70 415/637/13
f 437/630/6 440/689/65 447/707/85
f 447/696/72 440/1154/86 436/638/14
f 435/683/59 441/685/61 424/708/87
f 441/709/88 437/630/6 422/629/5
f 442/633/9 428/632/8 434/677/53
f 434/711/90 430/680/56 443/628/4
f 423/627/3 426/675/51 433/712/91
f 433/682/58 426/1153/92 422/629/5
f 421/669/45 427/671/47 396/713/93
f 427/714/94 423/627/3 394/626/2
f 401/650/26 403/652/28 431/715/95
f 403/716/96 400/647/23 429/625/1
f 435/683/59 421/669/45 393/640/16
usemtl ShutterMetal
f 149/192/1 114/193/2 143/194/3
f 163/195/4 142/196/5 157/197/6
f 134/198/7 148/199/8 162/200/9
f 122/201/10 128/202/11 115/203/12
f 135/204/13 156/205/14 129/206/15
f 113/207/16 117/208/17 119/209/18
f 114/193/2 117/210/19 116/211/20
f 115/203/12 117/212/21 118/213/22
f 120/214/23 124/215/24 126/216/25
f 121/217/26 124/218/27 123/219/28
f 122/201/10 124/220/29 125/221/30
f 127/222/31 131/223/32 133/224/33
f 128/202/11 131/225/34 130/226/35
f 129/206/15 131/227/36 132/228/37
f 134/198/7 138/229/38 140/230/39
f 135/204/13 138/231/40 137/232/41
f 136/233/42 138/234/43 139/235/44
f 141/236/45 145/237/46 147/238/47
f 142/196/5 145/239/48 144/240/49
f 143/194/3 145/241/50 146/242/51
f 148/199/8 152/243/52 154/244/53
f 149/192/1 152/245/54 151/246/55
f 150/247/56 152/248/57 153/249/58
f 155/250/59 159/251/60 161/252/61
f 156/205/14 159/253/62 158/254/63
f 157/197/6 159/255/64 160/256/65
f 162/200/9 166/257/66 168/258/67
f 163/195/4 166/259/68 165/260/69
f 164/261/70 166/262/71 167/263/72
f 127/222/31 119/209/18 130/264/73
f 119/265/74 128/202/11 130/226/35
f 120/214/23 118/266/75 114/193/2
f 126/267/76 115/203/12 118/213/22
f 134/198/7 125/268/77 121/217/26
f 125/221/30 136/233/42 122/201/10
f 129/206/15 139/269/79 135/204/13
f 132/270/80 136/233/42 139/235/44
f 127/222/31 158/271/81 155/250/59
f 133/272/82 156/205/14 158/254/63
f 162/200/9 137/273/83 134/198/7
f 168/274/84 135/204/13 137/232/41
f 157/197/6 167/275/85 163/195/4
f 160/276/86 164/261/70 167/263/72
f 155/250/59 144/277/87 141/236/45
f 161/278/88 142/196/5 144/240/49
f 162/200/9 154/244/53 165/279/89
f 154/280/90 163/195/4 165/260/69
f 143/194/3 153/281/91 149/192/1
f 146/282/92 150/247/56 153/249/58
f 141/236/45 116/283/93 113/207/16
f 147/284/94 114/193/2 116/211/20
f 121/217/26 151/285/95 148/199/8
f 123/286/96 149/192/1 151/246/55
f 155/250/59 113/207/16 127/222/31
f 261/381/1 226/382/2 255/383/3
f 275/384/4 254/385/5 269/386/6
f 246/387/7 260/388/8 274/389/9
f 234/390/10 240/391/11 227/392/12
f 247/393/13 268/394/14 241/395/15
f 225/396/16 229/397/17 231/398/18
f 226/382/2 229/399/19 228/400/20
f 227/392/12 229/401/21 230/402/22
f 232/403/23 236/310/24 238/311/25
f 233/404/26 236/405/27 235/406/28
f 234/390/10 236/407/29 237/408/30
f 239/409/31 243/410/32 245/411/33
f 240/391/11 243/412/34 242/413/35
f 241/395/15 243/414/36 244/415/37
f 246/387/7 250/416/38 252/417/39
f 247/393/13 250/418/40 249/419/41
f 248/420/42 250/421/43 251/422/44
f 253/423/45 257/424/46 259/425/47
f 254/385/5 257/426/48 256/427/49
f 255/383/3 257/428/50 258/429/51
f 260/388/8 264/430/52 266/431/53
f 261/381/1 264/340/54 263/341/55
f 262/432/56 264/433/57 265/434/58
f 267/435/59 271/436/60 273/437/61
f 268/394/14 271/438/62 270/439/63
f 269/386/6 271/440/64 272/441/65
f 274/389/9 278/442/66 280/443/67
f 275/384/4 278/444/68 277/445/69
f 276/446/70 278/447/71 279/448/72
f 239/409/31 231/398/18 242/449/73
f 231/450/74 240/391/11 242/413/35
f 232/403/23 230/451/75 226/382/2
f 238/452/76 227/392/12 230/402/22
f 246/387/7 237/453/77 233/404/26
f 237/408/30 248/420/42 234/390/10
f 241/395/15 251/454/79 247/393/13
f 244/455/80 248/420/42 251/422/44
f 239/409/31 270/456/81 267/435/59
f 245/457/82 268/394/14 270/439/63
f 274/389/9 249/458/83 246/387/7
f 280/459/84 247/393/13 249/419/41
f 269/386/6 279/460/85 275/384/4
f 272/461/86 276/446/70 279/448/72
f 267/435/59 256/462/87 253/423/45
f 273/463/88 254/385/5 256/427/49
f 274/389/9 266/431/53 277/464/89
f 266/465/90 275/384/4 277/445/69
f 255/383/3 265/376/91 261/381/1
f 258/466/92 262/432/56 265/434/58
f 253/423/45 228/467/93 225/396/16
f 259/468/94 226/382/2 228/400/20
f 233/404/26 263/469/95 260/388/8
f 235/380/96 261/381/1 263/341/55
f 267/435/59 225/396/16 239/409/31
f 373/531/1 338/532/2 367/533/3
f 387/534/4 366/535/5 381/536/6
f 358/537/7 372/538/8 386/539/9
f 346/540/10 352/541/11 339/542/12
f 359/543/13 380/544/14 353/545/15
f 337/546/16 341/547/17 343/548/18
f 338/532/2 341/549/19 340/550/20
f 339/542/12 341/551/21 342/552/22
f 344/553/23 348/554/24 350/555/25
f 345/556/26 348/557/27 347/558/28
f 346/540/10 348/559/29 349/560/30
f 351/561/31 355/562/32 357/563/33
f 352/541/11 355/564/34 354/565/35
f 353/545/15 355/566/36 356/567/37
f 358/537/7 362/568/38 364/569/39
f 359/543/13 362/570/40 361/571/41
f 360/572/42 362/573/43 363/574/44
f 365/575/45 369/576/46 371/577/47
f 366/535/5 369/578/48 368/579/49
f 367/533/3 369/580/50 370/581/51
f 372/538/8 376/582/52 378/583/53
f 373/531/1 376/584/54 375/585/55
f 374/586/56 376/587/57 377/588/58
f 379/589/59 383/590/60 385/591/61
f 380/544/14 383/592/62 382/593/63
f 381/536/6 383/594/64 384/595/65
f 386/539/9 390/596/66 392/597/67
f 387/534/4 390/598/68 389/599/69
f 388/600/70 390/601/71 391/602/72
f 351/561/31 343/548/18 354/603/73
f 343/604/74 352/541/11 354/565/35
f 344/553/23 342/605/75 338/532/2
f 342/552/22 346/540/10 339/542/12
f 358/537/7 349/606/77 345/556/26
f 349/560/30 360/572/42 346/540/10
f 359/543/13 356/567/37 363/607/79
f 356/608/80 360/572/42 363/574/44
f 351/561/31 382/609/81 379/589/59
f 357/610/82 380/544/14 382/593/63
f 386/539/9 361/611/83 358/537/7
f 392/612/84 359/543/13 361/571/41
f 387/534/4 384/595/65 391/613/85
f 384/614/86 388/600/70 391/602/72
f 379/589/59 368/615/87 365/575/45
f 385/616/88 366/535/5 368/579/49
f 386/539/9 378/583/53 389/617/89
f 378/618/90 387/534/4 389/599/69
f 373/531/1 370/581/51 377/619/91
f 370/620/92 374/586/56 377/588/58
f 365/575/45 340/621/93 337/546/16
f 371/622/94 338/532/2 340/550/20
f 345/556/26 375/623/95 372/538/8
f 347/624/96 373/531/1 375/585/55
f 379/589/59 337/546/16 351/561/31
f 485/381/1 450/288/2 479/289/3
f 499/717/4 478/718/5 493/719/6
f 470/293/7 484/294/8 498/295/9
f 458/720/10 464/297/11 451/298/12
f 471/721/13 492/722/14 465/723/15
f 449/724/16 453/725/17 455/304/18
f 450/288/2 453/726/19 452/727/20
f 451/298/12 453/728/21 454/729/22
f 456/403/23 460/310/24 462/488/25
f 457/312/26 460/313/27 459/314/28
f 458/720/10 460/730/29 461/731/30
f 463/732/31 467/733/32 469/319/33
f 464/297/11 467/734/34 466/735/35
f 465/723/15 467/736/36 468/737/37
f 470/293/7 474/324/38 476/325/39
f 471/721/13 474/738/40 473/739/41
f 472/740/42 474/741/43 475/742/44
f 477/743/45 481/744/46 483/745/47
f 478/718/5 481/746/48 480/747/49
f 479/289/3 481/748/50 482/749/51
f 484/294/8 488/338/52 490/339/53
f 485/381/1 488/340/54 487/504/55
f 486/750/56 488/751/57 489/752/58
f 491/753/59 495/754/60 497/755/61
f 492/722/14 495/756/62 494/757/63
f 493/719/6 495/758/64 496/759/65
f 498/295/9 502/352/66 504/353/67
f 499/717/4 502/760/68 501/761/69
f 500/762/70 502/763/71 503/764/72
f 463/732/31 455/304/18 466/359/73
f 455/765/74 464/297/11 466/735/35
f 456/403/23 454/766/75 450/288/2
f 462/767/76 451/298/12 454/729/22
f 470/293/7 461/363/77 457/312/26
f 461/731/30 472/740/42 458/720/10
f 465/723/15 475/768/79 471/721/13
f 468/769/80 472/740/42 475/742/44
f 463/732/31 494/770/81 491/753/59
f 469/771/82 492/722/14 494/757/63
f 498/295/9 473/368/83 470/293/7
f 504/772/84 471/721/13 473/739/41
f 493/719/6 503/773/85 499/717/4
f 496/774/86 500/762/70 503/764/72
f 491/753/59 480/775/87 477/743/45
f 497/776/88 478/718/5 480/747/49
f 498/295/9 490/339/53 501/374/89
f 490/777/90 499/717/4 501/761/69
f 479/289/3 489/526/91 485/381/1
f 482/778/92 486/750/56 489/752/58
f 477/743/45 452/377/93 449/724/16
f 483/779/94 450/288/2 452/727/20
f 457/312/26 487/379/95 484/294/8
f 459/530/96 485/381/1 487/504/55
f 491/753/59 449/724/16 463/732/31
f 149/192/1 120/214/23 114/193/2
f 163/195/4 150/247/56 142/196/5
f 134/198/7 121/217/26 148/199/8
f 122/201/10 136/233/42 128/202/11
f 135/204/13 164/261/70 156/205/14
f 113/207/16 116/283/93 117/208/17
f 114/193/2 118/266/75 117/210/19
f 115/203/12 119/265/74 117/212/21
f 120/214/23 123/286/96 124/215/24
f 121/217/26 125/268/77 124/218/27
f 122/201/10 126/267/76 124/220/29
f 127/222/31 130/264/73 131/223/32
f 128/202/11 132/270/80 131/225/34
f 129/206/15 133/272/82 131/227/36
f 134/198/7 137/273/83 138/229/38
f 135/204/13 139/269/79 138/231/40
f 136/233/42 140/1144/78 138/234/43
f 141/236/45 144/277/87 145/237/46
f 142/196/5 146/282/92 145/239/48
f 143/194/3 147/284/94 145/241/50
f 148/199/8 151/285/95 152/243/52
f 149/192/1 153/281/91 152/245/54
f 150/247/56 154/280/90 152/248/57
f 155/250/59 158/271/81 159/251/60
f 156/205/14 160/276/86 159/253/62
f 157/197/6 161/278/88 159/255/64
f 162/200/9 165/279/89 166/257/66
f 163/195/4 167/275/85 166/259/68
f 164/261/70 168/274/84 166/262/71
f 127/222/31 113/207/16 119/209/18
f 119/265/74 115/203/12 128/202/11
f 120/214/23 126/216/25 118/266/75
f 126/267/76 122/201/10 115/203/12
f 134/198/7 140/230/39 125/268/77
f 125/221/30 140/1144/78 136/233/42
f 129/206/15 132/228/37 139/269/79
f 132/270/80 128/202/11 136/233/42
f 127/222/31 133/224/33 158/271/81
f 133/272/82 129/206/15 156/205/14
f 162/200/9 168/258/67 137/273/83
f 168/274/84 164/261/70 135/204/13
f 157/197/6 160/256/65 167/275/85
f 160/276/86 156/205/14 164/261/70
f 155/250/59 161/252/61 144/277/87
f 161/278/88 157/197/6 142/196/5
f 162/200/9 148/199/8 154/244/53
f 154/280/90 150/247/56 163/195/4
f 143/194/3 146/242/51 153/281/91
f 146/282/92 142/196/5 150/247/56
f 141/236/45 147/238/47 116/283/93
f 147/284/94 143/194/3 114/193/2
f 121/217/26 123/219/28 151/285/95
f 123/286/96 120/214/23 149/192/1
f 155/250/59 141/236/45 113/207/16
f 261/381/1 232/403/23 226/382/2
f 275/384/4 262/432/56 254/385/5
f 246/387/7 233/404/26 260/388/8
f 234/390/10 248/420/42 240/391/11
f 247/393/13 276/446/70 268/394/14
f 225/396/16 228/467/93 229/397/17
f 226/382/2 230/451/75 229/399/19
f 227/392/12 231/450/74 229/401/21
f 232/403/23 235/380/96 236/310/24
f 233/404/26 237/453/77 236/405/27
f 234/390/10 238/452/76 236/407/29
f 239/409/31 242/449/73 243/410/32
f 240/391/11 244/455/80 243/412/34
f 241/395/15 245/457/82 243/414/36
f 246/387/7 249/458/83 250/416/38
f 247/393/13 251/454/79 250/418/40
f 248/420/42 252/1147/78 250/421/43
f 253/423/45 256/462/87 257/424/46
f 254/385/5 258/466/92 257/426/48
f 255/383/3 259/468/94 257/428/50
f 260/388/8 263/469/95 264/430/52
f 261/381/1 265/376/91 264/340/54
f 262/432/56 266/465/90 264/433/57
f 267/435/59 270/456/81 271/436/60
f 268/394/14 272/461/86 271/438/62
f 269/386/6 273/463/88 271/440/64
f 274/389/9 277/464/89 278/442/66
f 275/384/4 279/460/85 278/444/68
f 276/446/70 280/459/84 278/447/71
f 239/409/31 225/396/16 231/398/18
f 231/450/74 227/392/12 240/391/11
f 232/403/23 238/311/25 230/451/75
f 238/452/76 234/390/10 227/392/12
f 246/387/7 252/417/39 237/453/77
f 237/408/30 252/1147/78 248/420/42
f 241/395/15 244/415/37 251/454/79
f 244/455/80 240/391/11 248/420/42
f 239/409/31 245/411/33 270/456/81
f 245/457/82 241/395/15 268/394/14
f 274/389/9 280/443/67 249/458/83
f 280/459/84 276/446/70 247/393/13
f 269/386/6 272/441/65 279/460/85
f 272/461/86 268/394/14 276/446/70
f 267/435/59 273/437/61 256/462/87
f 273/463/88 269/386/6 254/385/5
f 274/389/9 260/388/8 266/431/53
f 266/465/90 262/432/56 275/384/4
f 255/383/3 258/429/51 265/376/91
f 258/466/92 254/385/5 262/432/56
f 253/423/45 259/425/47 228/467/93
f 259/468/94 255/383/3 226/382/2
f 233/404/26 235/406/28 263/469/95
f 235/380/96 232/403/23 261/381/1
f 267/435/59 253/423/45 225/396/16
f 373/531/1 344/553/23 338/532/2
f 387/534/4 374/586/56 366/535/5
f 358/537/7 345/556/26 372/538/8
f 346/540/10 360/572/42 352/541/11
f 359/543/13 388/600/70 380/544/14
f 337/546/16 340/621/93 341/547/17
f 338/532/2 342/605/75 341/549/19
f 339/542/12 343/604/74 341/551/21
f 344/553/23 347/624/96 348/554/24
f 345/556/26 349/606/77 348/557/27
f 346/540/10 350/1149/76 348/559/29
f 351/561/31 354/603/73 355/562/32
f 352/541/11 356/608/80 355/564/34
f 353/545/15 357/610/82 355/566/36
f 358/537/7 361/611/83 362/568/38
f 359/543/13 363/607/79 362/570/40
f 360/572/42 364/1150/78 362/573/43
f 365/575/45 368/615/87 369/576/46
f 366/535/5 370/620/92 369/578/48
f 367/533/3 371/622/94 369/580/50
f 372/538/8 375/623/95 376/582/52
f 373/531/1 377/619/91 376/584/54
f 374/586/56 378/618/90 376/587/57
f 379/589/59 382/609/81 383/590/60
f 380/544/14 384/614/86 383/592/62
f 381/536/6 385/616/88 383/594/64
f 386/539/9 389/617/89 390/596/66
f 387/534/4 391/613/85 390/598/68
f 388/600/70 392/612/84 390/601/71
f 351/561/31 337/546/16 343/548/18
f 343/604/74 339/542/12 352/541/11
f 344/553/23 350/555/25 342/605/75
f 342/552/22 350/1149/76 346/540/10
f 358/537/7 364/569/39 349/606/77
f 349/560/30 364/1150/78 360/572/42
f 359/543/13 353/545/15 356/567/37
f 356/608/80 352/541/11 360/572/42
f 351/561/31 357/563/33 382/609/81
f 357/610/82 353/545/15 380/544/14
f 386/539/9 392/597/67 361/611/83
f 392/612/84 388/600/70 359/543/13
f 387/534/4 381/536/6 384/595/65
f 384/614/86 380/544/14 388/600/70
f 379/589/59 385/591/61 368/615/87
f 385/616/88 381/536/6 366/535/5
f 386/539/9 372/538/8 378/583/53
f 378/618/90 374/586/56 387/534/4
f 373/531/1 367/533/3 370/581/51
f 370/620/92 366/535/5 374/586/56
f 365/575/45 371/577/47 340/621/93
f 371/622/94 367/533/3 338/532/2
f 345/556/26 347/558/28 375/623/95
f 347/624/96 344/553/23 373/531/1
f 379/589/59 365/575/45 337/546/16
f 485/381/1 456/403/23 450/288/2
f 499/717/4 486/750/56 478/718/5
f 470/293/7 457/312/26 484/294/8
f 458/720/10 472/740/42 464/297/11
f 471/721/13 500/762/70 492/722/14
f 449/724/16 452/377/93 453/725/17
f 450/288/2 454/766/75 453/726/19
f 451/298/12 455/765/74 453/728/21
f 456/403/23 459/530/96 460/310/24
f 457/312/26 461/363/77 460/313/27
f 458/720/10 462/767/76 460/730/29
f 463/732/31 466/359/73 467/733/32
f 464/297/11 468/769/80 467/734/34
f 465/723/15 469/771/82 467/736/36
f 470/293/7 473/368/83 474/324/38
f 471/721/13 475/768/79 474/738/40
f 472/740/42 476/1155/78 474/741/43
f 477/743/45 480/775/87 481/744/46
f 478/718/5 482/778/92 481/746/48
f 479/289/3 483/779/94 481/748/50
f 484/294/8 487/379/95 488/338/52
f 485/381/1 489/526/91 488/340/54
f 486/750/56 490/777/90 488/751/57
f 491/753/59 494/770/81 495/754/60
f 492/722/14 496/774/86 495/756/62
f 493/719/6 497/776/88 495/758/64
f 498/295/9 501/374/89 502/352/66
f 499/717/4 503/773/85 502/760/68
f 500/762/70 504/772/84 502/763/71
f 463/732/31 449/724/16 455/304/18
f 455/765/74 451/298/12 464/297/11
f 456/403/23 462/488/25 454/766/75
f 462/767/76 458/720/10 451/298/12
f 470/293/7 476/325/39 461/363/77
f 461/731/30 476/1155/78 472/740/42
f 465/723/15 468/737/37 475/768/79
f 468/769/80 464/297/11 472/740/42
f 463/732/31 469/319/33 494/770/81
f 469/771/82 465/723/15 492/722/14
f 498/295/9 504/353/67 473/368/83
f 504/772/84 500/762/70 471/721/13
f 493/719/6 496/759/65 503/773/85
f 496/774/86 492/722/14 500/762/70
f 491/753/59 497/755/61 480/775/87
f 497/776/88 493/719/6 478/718/5
f 498/295/9 484/294/8 490/339/53
f 490/777/90 486/750/56 499/717/4
f 479/289/3 482/749/51 489/526/91
f 482/778/92 478/718/5 486/750/56
f 477/743/45 483/745/47 452/377/93
f 483/779/94 479/289/3 450/288/2
f 457/312/26 459/314/28 487/379/95
f 459/530/96 456/403/23 485/381/1
f 491/753/59 477/743/45 449/724/16
usemtl ShutterWarning
f 541/780/1 506/781/2 535/782/3
f 555/783/4 534/784/5 549/785/6
f 526/786/7 540/787/8 554/788/9
f 514/789/10 520/790/11 507/791/12
f 527/792/13 548/793/14 521/794/15
f 505/795/16 509/796/17 511/797/18
f 506/781/2 509/798/19 508/799/20
f 507/791/12 509/800/21 510/801/22
f 512/802/23 516/803/24 518/804/25
f 513/805/26 516/806/27 515/807/28
f 514/789/10 516/808/29 517/809/30
f 519/810/31 523/811/32 525/812/33
f 520/790/11 523/813/34 522/814/35
f 521/794/15 523/815/36 524/816/37
f 526/786/7 530/817/38 532/818/39
f 527/792/13 530/819/40 529/820/41
f 528/821/42 530/822/43 531/823/44
f 533/824/45 537/825/46 539/826/47
f 534/784/5 537/827/48 536/828/49
f 535/782/3 537/829/50 538/830/51
f 540/787/8 544/831/52 546/832/53
f 541/780/1 544/833/54 543/834/55
f 542/835/56 544/836/57 545/837/58
f 547/838/59 551/839/60 553/840/61
f 548/793/14 551/841/62 550/842/63
f 549/785/6 551/843/64 552/844/65
f 554/788/9 558/845/66 560/846/67
f 555/783/4 558/847/68 557/848/69
f 556/849/70 558/850/71 559/851/72
f 519/810/31 511/797/18 522/852/73
f 511/853/74 520/790/11 522/814/35
f 512/802/23 510/854/75 506/781/2
f 518/855/76 507/791/12 510/801/22
f 526/786/7 517/856/77 513/805/26
f 517/809/30 528/821/42 514/789/10
f 521/794/15 531/857/79 527/792/13
f 524/858/80 528/821/42 531/823/44
f 519/810/31 550/859/81 547/838/59
f 550/842/63 521/794/15 548/793/14
f 554/788/9 529/860/83 526/786/7
f 560/861/84 527/792/13 529/820/41
f 549/785/6 559/862/85 555/783/4
f 552/863/86 556/849/70 559/851/72
f 547/838/59 536/864/87 533/824/45
f 536/828/49 549/785/6 534/784/5
f 554/788/9 546/832/53 557/865/89
f 546/866/90 555/783/4 557/848/69
f 535/782/3 545/867/91 541/780/1
f 538/868/92 542/835/56 545/837/58
f 533/824/45 508/869/93 505/795/16
f 539/870/94 506/781/2 508/799/20
f 513/805/26 543/871/95 540/787/8
f 515/872/96 541/780/1 543/834/55
f 547/838/59 505/795/16 519/810/31
f 1231/874/314 1042/875/315 1228/876/316
f 1057/877/317 1060/878/318 1054/879/319
f 1063/880/320 1066/881/321 1060/878/318
f 1069/882/322 1072/883/323 1066/881/321
f 1075/884/324 1078/885/325 1072/886/323
f 1081/887/326 1084/888/327 1078/885/325
f 1087/889/328 1090/890/329 1084/888/327
f 1093/891/330 1096/892/331 1090/890/329
f 1099/893/332 1102/894/333 1096/892/331
f 1105/895/334 1108/896/335 1102/894/333
f 1111/897/336 1114/898/337 1108/896/335
f 1117/899/338 1120/900/339 1114/901/337
f 1123/902/340 1126/903/341 1120/900/339
f 1129/904/342 1132/905/343 1126/903/341
f 1135/906/344 1138/907/345 1132/905/343
f 1141/908/346 1144/909/347 1138/907/345
f 1147/910/348 1150/911/349 1144/909/347
f 1153/912/350 1156/913/351 1150/911/349
f 1159/914/352 1162/915/353 1156/913/351
f 1165/916/354 1168/917/355 1162/918/353
f 1171/919/356 1174/920/357 1168/917/355
f 1177/921/358 1180/922/359 1174/920/357
f 1183/923/360 1186/924/361 1180/922/359
f 1189/925/362 1192/926/363 1186/924/361
f 1195/927/364 1198/928/365 1192/926/363
f 1201/929/366 1204/930/367 1198/928/365
f 1207/931/368 1210/932/369 1204/930/367
f 1213/933/370 1216/934/371 1210/935/369
f 1219/936/372 1222/937/373 1216/934/371
f 1225/938/374 1228/876/316 1222/937/373
f 1051/939/375 1054/879/319 1048/940/376
f 1152/941/377 1104/942/378 1056/943/379
f 1045/944/380 1048/940/376 1042/875/315
f 1042/875/315 1049/945/381 1043/946/382
f 1049/947/383 1041/948/384 1043/949/385
f 1051/939/375 1046/950/386 1052/951/387
f 1046/952/388 1050/953/389 1052/954/390
f 1054/879/319 1049/945/381 1048/940/376
f 1055/955/391 1047/956/392 1049/947/383
f 1057/877/317 1052/951/387 1058/957/393
f 1058/958/394 1050/953/389 1056/943/379
f 1054/879/319 1061/959/395 1055/960/396
f 1055/955/391 1059/961/397 1053/962/398
f 1057/877/317 1064/963/399 1063/880/320
f 1058/958/394 1062/964/400 1064/965/401
f 1066/881/321 1061/959/395 1060/878/318
f 1067/966/402 1059/961/397 1061/967/403
f 1063/880/320 1070/968/404 1069/882/322
f 1070/969/405 1062/964/400 1068/970/406
f 1072/883/323 1067/971/407 1066/881/321
f 1067/966/402 1071/972/408 1065/973/409
f 1075/974/324 1070/968/404 1076/975/410
f 1076/976/411 1068/970/406 1074/977/412
f 1072/886/323 1079/978/413 1073/979/414
f 1079/980/415 1071/972/408 1073/981/416
f 1075/884/324 1082/982/417 1081/887/326
f 1076/976/411 1080/983/418 1082/984/419
f 1078/885/325 1085/985/420 1079/978/413
f 1079/980/415 1083/986/421 1077/987/422
f 1081/887/326 1088/988/423 1087/889/328
f 1082/984/419 1086/989/424 1088/990/425
f 1090/890/329 1085/985/420 1084/888/327
f 1091/991/426 1083/986/421 1085/992/427
f 1093/891/330 1088/988/423 1094/993/428
f 1094/994/429 1086/989/424 1092/995/430
f 1090/890/329 1097/996/431 1091/997/432
f 1091/991/426 1095/998/433 1089/999/434
f 1099/893/332 1094/993/428 1100/1000/435
f 1100/1001/436 1092/995/430 1098/1002/437
f 1102/894/333 1097/996/431 1096/892/331
f 1103/1003/438 1095/998/433 1097/1004/439
f 1105/895/334 1100/1000/435 1106/1005/440
f 1106/1006/441 1098/1002/437 1104/942/378
f 1108/896/335 1103/1007/442 1102/894/333
f 1109/1008/443 1101/1009/444 1103/1003/438
f 1111/897/336 1106/1005/440 1112/1010/445
f 1112/1011/446 1104/942/378 1110/1012/447
f 1114/898/337 1109/1013/448 1108/896/335
f 1115/1014/449 1107/1015/450 1109/1008/443
f 1117/1016/338 1112/1010/445 1118/1017/451
f 1112/1011/446 1116/1018/452 1118/1019/453
f 1120/900/339 1115/1020/454 1114/901/337
f 1121/1021/455 1113/1022/456 1115/1014/449
f 1123/902/340 1118/1023/451 1124/1024/457
f 1124/1025/458 1116/1018/452 1122/1026/459
f 1126/903/341 1121/1027/460 1120/900/339
f 1121/1021/455 1125/1028/461 1119/1029/462
f 1129/904/342 1124/1024/457 1130/1030/463
f 1124/1025/458 1128/1031/464 1130/1032/465
f 1132/905/343 1127/1033/466 1126/903/341
f 1127/1034/467 1131/1035/468 1125/1028/461
f 1129/904/342 1136/1036/469 1135/906/344
f 1130/1032/465 1134/1037/470 1136/1038/471
f 1138/907/345 1133/1039/472 1132/905/343
f 1139/1040/473 1131/1035/468 1133/1041/474
f 1141/908/346 1136/1036/469 1142/1042/475
f 1142/1043/476 1134/1037/470 1140/1044/477
f 1138/907/345 1145/1045/478 1139/1046/479
f 1139/1040/473 1143/1047/480 1137/1048/481
f 1141/908/346 1148/1049/482 1147/910/348
f 1142/1043/476 1146/1050/483 1148/1051/484
f 1150/911/349 1145/1045/478 1144/909/347
f 1151/1052/485 1143/1047/480 1145/1053/486
f 1153/912/350 1148/1049/482 1154/1054/487
f 1154/1055/488 1146/1050/483 1152/941/377
f 1150/911/349 1157/1056/489 1151/1057/490
f 1157/1058/491 1149/1059/492 1151/1052/485
f 1153/912/350 1160/1060/493 1159/914/352
f 1160/1061/494 1152/941/377 1158/1062/495
f 1156/913/351 1163/1063/496 1157/1056/489
f 1157/1058/491 1161/1064/497 1155/1065/498
f 1159/914/352 1166/1066/499 1165/1067/354
f 1160/1061/494 1164/1068/500 1166/1069/501
f 1168/917/355 1163/1070/496 1162/918/353
f 1169/1071/502 1161/1064/497 1163/1072/503
f 1171/919/356 1166/1073/499 1172/1074/504
f 1172/1075/505 1164/1068/500 1170/1076/506
f 1168/917/355 1175/1077/507 1169/1078/508
f 1169/1071/502 1173/1079/509 1167/1080/510
f 1171/919/356 1178/1081/511 1177/921/358
f 1172/1075/505 1176/1082/512 1178/1083/513
f 1174/920/357 1181/1084/514 1175/1077/507
f 1175/1085/515 1179/1086/516 1173/1079/509
f 1177/921/358 1184/1087/517 1183/923/360
f 1178/1083/513 1182/1088/518 1184/1089/519
f 1186/924/361 1181/1084/514 1180/922/359
f 1187/1090/520 1179/1086/516 1181/1091/521
f 1183/923/360 1190/1092/522 1189/925/362
f 1184/1089/519 1188/1093/523 1190/1094/524
f 1186/924/361 1193/1095/525 1187/1096/526
f 1187/1090/520 1191/1097/527 1185/1098/528
f 1189/925/362 1196/1099/529 1195/927/364
f 1190/1094/524 1194/1100/530 1196/1101/531
f 1198/928/365 1193/1095/525 1192/926/363
f 1199/1102/532 1191/1097/527 1193/1103/533
f 1201/929/366 1196/1099/529 1202/1104/534
f 1202/1105/535 1194/1100/530 1200/1106/536
f 1204/930/367 1199/1107/537 1198/928/365
f 1199/1102/532 1203/1108/538 1197/1109/539
f 1207/931/368 1202/1104/534 1208/1110/540
f 1202/1105/535 1206/1111/541 1208/1112/542
f 1204/930/367 1211/1113/543 1205/1114/544
f 1211/1115/545 1203/1108/538 1205/1116/546
f 1207/931/368 1214/1117/547 1213/1118/370
f 1208/1112/542 1212/1119/548 1214/1120/549
f 1210/935/369 1217/1121/550 1211/1122/543
f 1211/1115/545 1215/1123/551 1209/1124/552
f 1219/936/372 1214/1125/547 1220/1126/553
f 1214/1120/549 1218/1127/554 1220/1128/555
f 1222/937/373 1217/1121/550 1216/934/371
f 1223/1129/556 1215/1123/551 1217/1130/557
f 1225/938/374 1220/1126/553 1226/1131/558
f 1220/1128/555 1224/1132/559 1226/1133/560
f 1222/937/373 1229/1134/561 1223/1135/562
f 1223/1129/556 1227/1136/563 1221/1137/564
f 1225/938/374 1232/1138/565 1231/874/314
f 1226/1133/560 1230/1139/566 1232/1140/567
f 1228/876/316 1043/946/382 1229/1134/561
f 1229/1141/568 1041/948/384 1227/1136/563
f 1045/944/380 1232/1138/565 1046/950/386
f 1046/952/388 1230/1139/566 1044/1142/569
f 1131/1035/468 1179/1086/516 1227/1136/563
f 541/780/1 512/802/23 506/781/2
f 555/783/4 542/835/56 534/784/5
f 526/786/7 513/805/26 540/787/8
f 514/789/10 528/821/42 520/790/11
f 527/792/13 556/849/70 548/793/14
f 505/795/16 508/869/93 509/796/17
f 506/781/2 510/854/75 509/798/19
f 507/791/12 511/853/74 509/800/21
f 512/802/23 515/872/96 516/803/24
f 513/805/26 517/856/77 516/806/27
f 514/789/10 518/855/76 516/808/29
f 519/810/31 522/852/73 523/811/32
f 520/790/11 524/858/80 523/813/34
f 521/794/15 525/1156/82 523/815/36
f 526/786/7 529/860/83 530/817/38
f 527/792/13 531/857/79 530/819/40
f 528/821/42 532/1157/78 530/822/43
f 533/824/45 536/864/87 537/825/46
f 534/784/5 538/868/92 537/827/48
f 535/782/3 539/870/94 537/829/50
f 540/787/8 543/871/95 544/831/52
f 541/780/1 545/867/91 544/833/54
f 542/835/56 546/866/90 544/836/57
f 547/838/59 550/859/81 551/839/60
f 548/793/14 552/863/86 551/841/62
f 549/785/6 553/1158/88 551/843/64
f 554/788/9 557/865/89 558/845/66
f 555/783/4 559/862/85 558/847/68
f 556/849/70 560/861/84 558/850/71
f 519/810/31 505/795/16 511/797/18
f 511/853/74 507/791/12 520/790/11
f 512/802/23 518/804/25 510/854/75
f 518/855/76 514/789/10 507/791/12
f 526/786/7 532/818/39 517/856/77
f 517/809/30 532/1157/78 528/821/42
f 521/794/15 524/816/37 531/857/79
f 524/858/80 520/790/11 528/821/42
f 519/810/31 525/812/33 550/859/81
f 550/842/63 525/1156/82 521/794/15
f 554/788/9 560/846/67 529/860/83
f 560/861/84 556/849/70 527/792/13
f 549/785/6 552/844/65 559/862/85
f 552/863/86 548/793/14 556/849/70
f 547/838/59 553/840/61 536/864/87
f 536/828/49 553/1158/88 549/785/6
f 554/788/9 540/787/8 546/832/53
f 546/866/90 542/835/56 555/783/4
f 535/782/3 538/830/51 545/867/91
f 538/868/92 534/784/5 542/835/56
f 533/824/45 539/826/47 508/869/93
f 539/870/94 535/782/3 506/781/2
f 513/805/26 515/807/28 543/871/95
f 515/872/96 512/802/23 541/780/1
f 547/838/59 533/824/45 505/795/16
f 1231/874/314 1045/944/380 1042/875/315
f 1057/877/317 1063/880/320 1060/878/318
f 1063/880/320 1069/882/322 1066/881/321
f 1069/882/322 1075/974/324 1072/883/323
f 1075/884/324 1081/887/326 1078/885/325
f 1081/887/326 1087/889/328 1084/888/327
f 1087/889/328 1093/891/330 1090/890/329
f 1093/891/330 1099/893/332 1096/892/331
f 1099/893/332 1105/895/334 1102/894/333
f 1105/895/334 1111/897/336 1108/896/335
f 1111/897/336 1117/1016/338 1114/898/337
f 1117/899/338 1123/902/340 1120/900/339
f 1123/902/340 1129/904/342 1126/903/341
f 1129/904/342 1135/906/344 1132/905/343
f 1135/906/344 1141/908/346 1138/907/345
f 1141/908/346 1147/910/348 1144/909/347
f 1147/910/348 1153/912/350 1150/911/349
f 1153/912/350 1159/914/352 1156/913/351
f 1159/914/352 1165/1067/354 1162/915/353
f 1165/916/354 1171/919/356 1168/917/355
f 1171/919/356 1177/921/358 1174/920/357
f 1177/921/358 1183/923/360 1180/922/359
f 1183/923/360 1189/925/362 1186/924/361
f 1189/925/362 1195/927/364 1192/926/363
f 1195/927/364 1201/929/366 1198/928/365
f 1201/929/366 1207/931/368 1204/930/367
f 1207/931/368 1213/1118/370 1210/932/369
f 1213/933/370 1219/936/372 1216/934/371
f 1219/936/372 1225/938/374 1222/937/373
f 1225/938/374 1231/874/314 1228/876/316
f 1051/939/375 1057/877/317 1054/879/319
f 1056/943/379 1050/953/389 1044/1142/569
f 1044/1142/569 1230/1139/566 1224/1132/559
f 1224/1132/559 1218/1127/554 1212/1119/548
f 1212/1119/548 1206/1111/541 1200/1106/536
f 1200/1106/536 1194/1100/530 1188/1093/523
f 1188/1093/523 1182/1088/518 1176/1082/512
f 1176/1082/512 1170/1076/506 1164/1068/500
f 1164/1068/500 1158/1062/495 1152/941/377
f 1152/941/377 1146/1050/483 1140/1044/477
f 1140/1044/477 1134/1037/470 1128/1031/464
f 1128/1031/464 1122/1026/459 1116/1018/452
f 1116/1018/452 1110/1012/447 1104/942/378
f 1104/942/378 1098/1002/437 1092/995/430
f 1092/995/430 1086/989/424 1080/983/418
f 1080/983/418 1074/977/412 1068/970/406
f 1068/970/406 1062/964/400 1056/943/379
f 1056/943/379 1044/1142/569 1224/1132/559
f 1224/1132/559 1212/1119/548 1200/1106/536
f 1200/1106/536 1188/1093/523 1176/1082/512
f 1176/1082/512 1164/1068/500 1152/941/377
f 1152/941/377 1140/1044/477 1128/1031/464
f 1128/1031/464 1116/1018/452 1104/942/378
f 1104/942/378 1092/995/430 1080/983/418
f 1080/983/418 1068/970/406 1056/943/379
f 1056/943/379 1224/1132/559 1200/1106/536
f 1200/1106/536 1176/1082/512 1152/941/377
f 1152/941/377 1128/1031/464 1104/942/378
f 1104/942/378 1080/983/418 1056/943/379
f 1056/943/379 1200/1106/536 1152/941/377
f 1045/944/380 1051/939/375 1048/940/376
f 1042/875/315 1048/940/376 1049/945/381
f 1049/947/383 1047/956/392 1041/948/384
f 1051/939/375 1045/944/380 1046/950/386
f 1046/952/388 1044/1142/569 1050/953/389
f 1054/879/319 1055/960/396 1049/945/381
f 1055/955/391 1053/962/398 1047/956/392
f 1057/877/317 1051/939/375 1052/951/387
f 1058/958/394 1052/954/390 1050/953/389
f 1054/879/319 1060/878/318 1061/959/395
f 1055/955/391 1061/967/403 1059/961/397
f 1057/877/317 1058/957/393 1064/963/399
f 1058/958/394 1056/943/379 1062/964/400
f 1066/881/321 1067/971/407 1061/959/395
f 1067/966/402 1065/973/409 1059/961/397
f 1063/880/320 1064/963/399 1070/968/404
f 1070/969/405 1064/965/401 1062/964/400
f 1072/883/323 1073/1159/414 1067/971/407
f 1067/966/402 1073/981/416 1071/972/408
f 1075/974/324 1069/882/322 1070/968/404
f 1076/976/411 1070/969/405 1068/970/406
f 1072/886/323 1078/885/325 1079/978/413
f 1079/980/415 1077/987/422 1071/972/408
f 1075/884/324 1076/1160/410 1082/982/417
f 1076/976/411 1074/977/412 1080/983/418
f 1078/885/325 1084/888/327 1085/985/420
f 1079/980/415 1085/992/427 1083/986/421
f 1081/887/326 1082/982/417 1088/988/423
f 1082/984/419 1080/983/418 1086/989/424
f 1090/890/329 1091/997/432 1085/985/420
f 1091/991/426 1089/999/434 1083/986/421
f 1093/891/330 1087/889/328 1088/988/423
f 1094/994/429 1088/990/425 1086/989/424
f 1090/890/329 1096/892/331 1097/996/431
f 1091/991/426 1097/1004/439 1095/998/433
f 1099/893/332 1093/891/330 1094/993/428
f 1100/1001/436 1094/994/429 1092/995/430
f 1102/894/333 1103/1007/442 1097/996/431
f 1103/1003/438 1101/1009/444 1095/998/433
f 1105/895/334 1099/893/332 1100/1000/435
f 1106/1006/441 1100/1001/436 1098/1002/437
f 1108/896/335 1109/1013/448 1103/1007/442
f 1109/1008/443 1107/1015/450 1101/1009/444
f 1111/897/336 1105/895/334 1106/1005/440
f 1112/1011/446 1106/1006/441 1104/942/378
f 1114/898/337 1115/1161/454 1109/1013/448
f 1115/1014/449 1113/1022/456 1107/1015/450
f 1117/1016/338 1111/897/336 1112/1010/445
f 1112/1011/446 1110/1012/447 1116/1018/452
f 1120/900/339 1121/1027/460 1115/1020/454
f 1121/1021/455 1119/1029/462 1113/1022/456
f 1123/902/340 1117/899/338 1118/1023/451
f 1124/1025/458 1118/1019/453 1116/1018/452
f 1126/903/341 1127/1033/466 1121/1027/460
f 1121/1021/455 1127/1034/467 1125/1028/461
f 1129/904/342 1123/902/340 1124/1024/457
f 1124/1025/458 1122/1026/459 1128/1031/464
f 1132/905/343 1133/1039/472 1127/1033/466
f 1127/1034/467 1133/1041/474 1131/1035/468
f 1129/904/342 1130/1030/463 1136/1036/469
f 1130/1032/465 1128/1031/464 1134/1037/470
f 1138/907/345 1139/1046/479 1133/1039/472
f 1139/1040/473 1137/1048/481 1131/1035/468
f 1141/908/346 1135/906/344 1136/1036/469
f 1142/1043/476 1136/1038/471 1134/1037/470
f 1138/907/345 1144/909/347 1145/1045/478
f 1139/1040/473 1145/1053/486 1143/1047/480
f 1141/908/346 1142/1042/475 1148/1049/482
f 1142/1043/476 1140/1044/477 1146/1050/483
f 1150/911/349 1151/1057/490 1145/1045/478
f 1151/1052/485 1149/1059/492 1143/1047/480
f 1153/912/350 1147/910/348 1148/1049/482
f 1154/1055/488 1148/1051/484 1146/1050/483
f 1150/911/349 1156/913/351 1157/1056/489
f 1157/1058/491 1155/1065/498 1149/1059/492
f 1153/912/350 1154/1054/487 1160/1060/493
f 1160/1061/494 1154/1055/488 1152/941/377
f 1156/913/351 1162/915/353 1163/1063/496
f 1157/1058/491 1163/1072/503 1161/1064/497
f 1159/914/352 1160/1060/493 1166/1066/499
f 1160/1061/494 1158/1062/495 1164/1068/500
f 1168/917/355 1169/1078/508 1163/1070/496
f 1169/1071/502 1167/1080/510 1161/1064/497
f 1171/919/356 1165/916/354 1166/1073/499
f 1172/1075/505 1166/1069/501 1164/1068/500
f 1168/917/355 1174/920/357 1175/1077/507
f 1169/1071/502 1175/1085/515 1173/1079/509
f 1171/919/356 1172/1074/504 1178/1081/511
f 1172/1075/505 1170/1076/506 1176/1082/512
f 1174/920/357 1180/922/359 1181/1084/514
f 1175/1085/515 1181/1091/521 1179/1086/516
f 1177/921/358 1178/1081/511 1184/1087/517
f 1178/1083/513 1176/1082/512 1182/1088/518
f 1186/924/361 1187/1096/526 1181/1084/514
f 1187/1090/520 1185/1098/528 1179/1086/516
f 1183/923/360 1184/1087/517 1190/1092/522
f 1184/1089/519 1182/1088/518 1188/1093/523
f 1186/924/361 1192/926/363 1193/1095/525
f 1187/1090/520 1193/1103/533 1191/1097/527
f 1189/925/362 1190/1092/522 1196/1099/529
f 1190/1094/524 1188/1093/523 1194/1100/530
f 1198/928/365 1199/1107/537 1193/1095/525
f 1199/1102/532 1197/1109/539 1191/1097/527
f 1201/929/366 1195/927/364 1196/1099/529
f 1202/1105/535 1196/1101/531 1194/1100/530
f 1204/930/367 1205/1114/544 1199/1107/537
f 1199/1102/532 1205/1116/546 1203/1108/538
f 1207/931/368 1201/929/366 1202/1104/534
f 1202/1105/535 1200/1106/536 1206/1111/541
f 1204/930/367 1210/932/369 1211/1113/543
f 1211/1115/545 1209/1124/552 1203/1108/538
f 1207/931/368 1208/1110/540 1214/1117/547
f 1208/1112/542 1206/1111/541 1212/1119/548
f 1210/935/369 1216/934/371 1217/1121/550
f 1211/1115/545 1217/1130/557 1215/1123/551
f 1219/936/372 1213/933/370 1214/1125/547
f 1214/1120/549 1212/1119/548 1218/1127/554
f 1222/937/373 1223/1135/562 1217/1121/550
f 1223/1129/556 1221/1137/564 1215/1123/551
f 1225/938/374 1219/936/372 1220/1126/553
f 1220/1128/555 1218/1127/554 1224/1132/559
f 1222/937/373 1228/876/316 1229/1134/561
f 1223/1129/556 1229/1141/568 1227/1136/563
f 1225/938/374 1226/1131/558 1232/1138/565
f 1226/1133/560 1224/1132/559 1230/1139/566
f 1228/876/316 1042/875/315 1043/946/382
f 1229/1141/568 1043/949/385 1041/948/384
f 1045/944/380 1231/874/314 1232/1138/565
f 1046/952/388 1232/1140/567 1230/1139/566
f 1227/1136/563 1041/948/384 1047/956/392
f 1047/956/392 1053/962/398 1059/961/397
f 1059/961/397 1065/973/409 1071/972/408
f 1071/972/408 1077/987/422 1083/986/421
f 1083/986/421 1089/999/434 1095/998/433
f 1095/998/433 1101/1009/444 1107/1015/450
f 1107/1015/450 1113/1022/456 1119/1029/462
f 1119/1029/462 1125/1028/461 1131/1035/468
f 1131/1035/468 1137/1048/481 1143/1047/480
f 1143/1047/480 1149/1059/492 1155/1065/498
f 1155/1065/498 1161/1064/497 1167/1080/510
f 1167/1080/510 1173/1079/509 1179/1086/516
f 1179/1086/516 1185/1098/528 1191/1097/527
f 1191/1097/527 1197/1109/539 1203/1108/538
f 1203/1108/538 1209/1124/552 1215/1123/551
f 1215/1123/551 1221/1137/564 1227/1136/563
f 1227/1136/563 1047/956/392 1059/961/397
f 1059/961/397 1071/972/408 1083/986/421
f 1083/986/421 1095/998/433 1107/1015/450
f 1107/1015/450 1119/1029/462 1131/1035/468
f 1131/1035/468 1143/1047/480 1155/1065/498
f 1155/1065/498 1167/1080/510 1179/1086/516
f 1179/1086/516 1191/1097/527 1203/1108/538
f 1203/1108/538 1215/1123/551 1227/1136/563
f 1227/1136/563 1059/961/397 1083/986/421
f 1083/986/421 1107/1015/450 1131/1035/468
f 1131/1035/468 1155/1065/498 1179/1086/516
f 1179/1086/516 1203/1108/538 1227/1136/563
f 1227/1136/563 1083/986/421 1131/1035/468
usemtl ShutterGuideGlow
f 561/873/97 572/873/98 562/873/97
f 572/873/99 563/873/100 562/873/100
f 563/873/101 574/873/101 564/873/101
f 564/873/102 575/873/103 565/873/102
f 575/873/104 566/873/105 565/873/105
f 566/873/106 577/873/107 567/873/106
f 577/873/108 568/873/109 567/873/109
f 578/873/110 569/873/110 568/873/110
f 579/873/111 570/873/112 569/873/112
f 580/873/113 561/873/114 570/873/114
f 581/873/115 572/873/98 571/873/98
f 572/873/99 583/873/116 573/873/99
f 583/873/101 574/873/101 573/873/101
f 574/873/103 585/873/117 575/873/103
f 585/873/118 576/873/104 575/873/104
f 576/873/107 587/873/119 577/873/107
f 587/873/120 578/873/108 577/873/108
f 578/873/110 589/873/110 579/873/110
f 579/873/111 590/873/121 580/873/111
f 590/873/122 571/873/113 580/873/113
f 591/873/123 582/873/115 581/873/115
f 592/873/124 583/873/116 582/873/116
f 593/873/101 584/873/101 583/873/101
f 584/873/117 595/873/125 585/873/117
f 595/873/126 586/873/127 585/873/118
f 586/873/128 597/873/129 587/873/119
f 597/873/130 588/873/120 587/873/120
f 588/873/110 599/873/110 589/873/110
f 599/873/131 590/873/121 589/873/121
f 600/873/132 581/873/122 590/873/122
f 601/873/133 592/873/123 591/873/123
f 592/873/124 603/873/134 593/873/124
f 603/873/101 594/873/101 593/873/101
f 604/873/135 595/873/125 594/873/125
f 605/873/136 596/873/126 595/873/126
f 606/873/137 597/873/129 596/873/129
f 607/873/138 598/873/130 597/873/130
f 598/873/110 609/873/110 599/873/110
f 609/873/139 600/873/131 599/873/131
f 600/873/132 601/873/140 591/873/132
f 611/873/141 602/873/133 601/873/133
f 602/873/134 613/873/142 603/873/134
f 603/873/101 614/873/101 604/873/101
f 614/873/143 605/873/135 604/873/135
f 615/873/144 606/873/136 605/873/136
f 616/873/145 607/873/137 606/873/137
f 617/873/146 608/873/138 607/873/138
f 618/873/110 609/873/110 608/873/110
f 619/873/147 610/873/139 609/873/139
f 610/873/140 611/873/148 601/873/140
f 621/873/149 612/873/141 611/873/141
f 612/873/142 623/873/150 613/873/142
f 623/873/101 614/873/101 613/873/101
f 624/873/151 615/873/143 614/873/143
f 615/873/144 626/873/152 616/873/144
f 626/873/153 617/873/145 616/873/145
f 617/873/146 628/873/154 618/873/146
f 618/873/110 629/873/110 619/873/110
f 629/873/155 620/873/147 619/873/147
f 630/873/156 611/873/148 620/873/148
f 621/873/149 632/873/157 622/873/149
f 622/873/150 633/873/158 623/873/150
f 623/873/101 634/873/101 624/873/101
f 624/873/151 635/873/159 625/873/151
f 635/873/160 626/873/152 625/873/152
f 626/873/153 637/873/161 627/873/153
f 627/873/154 638/873/162 628/873/154
f 638/873/110 629/873/110 628/873/110
f 639/873/163 630/873/155 629/873/155
f 640/873/164 621/873/156 630/873/156
f 631/873/157 642/873/165 632/873/157
f 642/873/166 633/873/158 632/873/158
f 633/873/101 644/873/101 634/873/101
f 634/873/159 645/873/167 635/873/159
f 635/873/160 646/873/168 636/873/160
f 636/873/161 647/873/169 637/873/161
f 647/873/170 638/873/162 637/873/162
f 648/873/110 639/873/110 638/873/110
f 639/873/163 650/873/171 640/873/163
f 640/873/164 641/873/172 631/873/164
f 651/873/173 642/873/165 641/873/165
f 652/873/174 643/873/166 642/873/166
f 653/873/101 644/873/101 643/873/101
f 654/873/175 645/873/167 644/873/167
f 655/873/176 646/873/168 645/873/168
f 656/873/177 647/873/169 646/873/169
f 647/873/170 658/873/178 648/873/170
f 648/873/110 659/873/110 649/873/110
f 659/873/179 650/873/171 649/873/171
f 660/873/180 641/873/172 650/873/172
f 661/873/181 652/873/173 651/873/173
f 662/873/182 653/873/174 652/873/174
f 653/873/101 664/873/101 654/873/101
f 654/873/175 665/873/183 655/873/175
f 665/873/184 656/873/176 655/873/176
f 666/873/185 657/873/177 656/873/177
f 657/873/178 668/873/186 658/873/178
f 668/873/110 659/873/110 658/873/110
f 659/873/179 670/873/187 660/873/179
f 660/873/180 661/873/188 651/873/180
f 671/873/189 662/873/190 661/873/181
f 672/873/191 663/873/182 662/873/182
f 663/873/101 674/873/101 664/873/101
f 664/873/183 675/873/192 665/873/183
f 675/873/193 666/873/194 665/873/184
f 666/873/185 677/873/195 667/873/196
f 667/873/186 678/873/197 668/873/186
f 678/873/110 669/873/110 668/873/110
f 669/873/187 680/873/198 670/873/187
f 670/873/199 671/873/200 661/873/188
f 681/873/201 672/873/189 671/873/189
f 682/873/202 673/873/191 672/873/191
f 683/873/101 674/873/101 673/873/101
f 674/873/192 685/873/203 675/873/192
f 675/873/193 686/873/204 676/873/193
f 686/873/205 677/873/195 676/873/195
f 687/873/206 678/873/197 677/873/197
f 678/873/110 689/873/110 679/873/110
f 689/873/207 680/873/198 679/873/198
f 690/873/208 671/873/200 680/873/200
f 691/873/209 682/873/201 681/873/201
f 682/873/202 693/873/210 683/873/202
f 683/873/101 694/873/101 684/873/101
f 694/873/211 685/873/203 684/873/203
f 695/873/212 686/873/204 685/873/204
f 696/873/213 687/873/205 686/873/205
f 687/873/206 698/873/214 688/873/206
f 698/873/110 689/873/110 688/873/110
f 699/873/215 690/873/207 689/873/207
f 690/873/208 691/873/216 681/873/208
f 691/873/209 702/873/217 692/873/209
f 702/873/218 693/873/210 692/873/210
f 703/873/101 694/873/101 693/873/101
f 694/873/211 705/873/219 695/873/211
f 695/873/212 706/873/220 696/873/212
f 706/873/221 697/873/213 696/873/213
f 707/873/222 698/873/214 697/873/214
f 698/873/110 709/873/110 699/873/110
f 699/873/215 710/873/223 700/873/215
f 710/873/224 691/873/216 700/873/216
f 711/873/225 702/873/217 701/873/217
f 712/873/226 703/873/218 702/873/218
f 703/873/101 714/873/101 704/873/101
f 714/873/227 705/873/219 704/873/219
f 705/873/228 716/873/229 706/873/220
f 716/873/230 707/873/221 706/873/221
f 717/873/231 708/873/222 707/873/222
f 718/873/110 709/873/110 708/873/110
f 709/873/223 720/873/232 710/873/223
f 710/873/224 711/873/233 701/873/224
f 721/873/234 712/873/225 711/873/225
f 712/873/226 723/873/235 713/873/226
f 723/873/101 714/873/101 713/873/101
f 724/873/236 715/873/227 714/873/227
f 715/873/229 726/873/237 716/873/229
f 726/873/238 717/873/230 716/873/230
f 717/873/231 728/873/239 718/873/231
f 718/873/110 729/873/110 719/873/110
f 729/873/240 720/873/232 719/873/232
f 720/873/233 721/873/241 711/873/233
f 721/873/234 732/873/242 722/873/234
f 722/873/235 733/873/243 723/873/235
f 723/873/101 734/873/101 724/873/101
f 734/873/244 725/873/236 724/873/236
f 725/873/237 736/873/245 726/873/237
f 736/873/246 727/873/238 726/873/238
f 737/873/247 728/873/239 727/873/239
f 738/873/110 729/873/110 728/873/110
f 739/873/248 730/873/240 729/873/240
f 740/873/249 721/873/241 730/873/241
f 731/873/242 742/873/250 732/873/242
f 742/873/251 733/873/243 732/873/243
f 733/873/101 744/873/101 734/873/101
f 744/873/252 735/873/244 734/873/244
f 735/873/245 746/873/253 736/873/245
f 746/873/254 737/873/246 736/873/246
f 737/873/247 748/873/255 738/873/247
f 748/873/110 739/873/110 738/873/110
f 739/873/248 750/873/256 740/873/248
f 750/873/257 731/873/249 740/873/249
f 751/873/258 742/873/250 741/873/250
f 752/873/259 743/873/251 742/873/251
f 743/873/101 754/873/101 744/873/101
f 754/873/260 745/873/252 744/873/252
f 755/873/261 746/873/253 745/873/253
f 746/873/254 757/873/262 747/873/254
f 757/873/263 748/873/255 747/873/255
f 758/873/110 749/873/110 748/873/110
f 749/873/256 760/873/264 750/873/256
f 750/873/257 751/873/265 741/873/257
f 761/873/266 752/873/258 751/873/258
f 762/873/267 753/873/259 752/873/259
f 763/873/101 754/873/101 753/873/101
f 754/873/260 765/873/268 755/873/260
f 755/873/261 766/873/269 756/873/261
f 756/873/262 767/873/270 757/873/262
f 767/873/271 758/873/263 757/873/263
f 758/873/110 769/873/110 759/873/110
f 769/873/272 760/873/264 759/873/264
f 760/873/265 761/873/273 751/873/265
f 771/873/274 762/873/266 761/873/266
f 762/873/267 773/873/275 763/873/267
f 763/873/101 774/873/101 764/873/101
f 764/873/268 775/873/276 765/873/268
f 765/873/269 776/873/277 766/873/269
f 776/873/278 767/873/270 766/873/270
f 777/873/279 768/873/271 767/873/271
f 778/873/110 769/873/110 768/873/110
f 769/873/272 780/873/280 770/873/272
f 770/873/273 771/873/281 761/873/273
f 781/873/282 772/873/274 771/873/274
f 772/873/275 783/873/283 773/873/275
f 773/873/101 784/873/101 774/873/101
f 774/873/276 785/873/284 775/873/276
f 775/873/277 786/873/285 776/873/277
f 786/873/286 777/873/278 776/873/278
f 777/873/279 788/873/287 778/873/279
f 778/873/110 789/873/110 779/873/110
f 789/873/288 780/873/280 779/873/280
f 780/873/281 781/873/289 771/873/281
f 781/873/282 792/873/290 782/873/291
f 792/873/292 783/873/283 782/873/283
f 783/873/101 794/873/101 784/873/101
f 794/873/293 785/873/284 784/873/284
f 785/873/294 796/873/295 786/873/285
f 786/873/286 797/873/296 787/873/286
f 797/873/297 788/873/287 787/873/287
f 788/873/110 799/873/110 789/873/110
f 799/873/298 790/873/288 789/873/288
f 800/873/299 781/873/289 790/873/289
f 801/873/105 792/873/290 791/873/290
f 802/873/102 793/873/292 792/873/292
f 793/873/101 804/873/101 794/873/101
f 804/873/100 795/873/293 794/873/293
f 795/873/295 806/873/97 796/873/295
f 796/873/296 807/873/114 797/873/296
f 807/873/112 798/873/297 797/873/297
f 808/873/110 799/873/110 798/873/110
f 809/873/109 800/873/298 799/873/298
f 800/873/299 801/873/106 791/873/299
f 801/873/105 812/873/104 802/873/105
f 802/873/102 813/873/103 803/873/102
f 813/873/101 804/873/101 803/873/101
f 814/873/99 805/873/100 804/873/100
f 815/873/98 806/873/97 805/873/97
f 806/873/114 817/873/113 807/873/114
f 807/873/112 818/873/111 808/873/112
f 808/873/110 819/873/110 809/873/110
f 809/873/109 820/873/108 810/873/109
f 820/873/107 801/873/106 810/873/106
f 821/873/300 812/873/104 811/873/104
f 812/873/103 823/873/117 813/873/103
f 823/873/101 814/873/101 813/873/101
f 824/873/116 815/873/99 814/873/99
f 825/873/301 816/873/98 815/873/98
f 826/873/302 817/873/113 816/873/113
f 827/873/121 818/873/111 817/873/111
f 818/873/110 829/873/110 819/873/110
f 829/873/120 820/873/108 819/873/108
f 820/873/107 821/873/303 811/873/107
f 831/873/126 822/873/300 821/873/300
f 832/873/125 823/873/117 822/873/117
f 833/873/101 824/873/101 823/873/101
f 834/873/124 825/873/116 824/873/116
f 825/873/301 836/873/123 826/873/115
f 826/873/302 837/873/132 827/873/302
f 837/873/131 828/873/121 827/873/121
f 828/873/110 839/873/110 829/873/110
f 829/873/120 840/873/130 830/873/120
f 830/873/128 831/873/129 821/873/303
f 841/873/136 832/873/126 831/873/126
f 842/873/135 833/873/125 832/873/125
f 833/873/101 844/873/101 834/873/101
f 844/873/134 835/873/124 834/873/124
f 835/873/123 846/873/133 836/873/123
f 846/873/140 837/873/132 836/873/132
f 847/873/139 838/873/131 837/873/131
f 838/873/110 849/873/110 839/873/110
f 849/873/138 840/873/130 839/873/130
f 840/873/129 841/873/137 831/873/129
f 851/873/144 842/873/136 841/873/136
f 842/873/135 853/873/143 843/873/135
f 853/873/101 844/873/101 843/873/101
f 844/873/134 855/873/142 845/873/134
f 855/873/141 846/873/133 845/873/133
f 846/873/140 857/873/148 847/873/140
f 847/873/139 858/873/147 848/873/139
f 848/873/110 859/873/110 849/873/110
f 859/873/146 850/873/138 849/873/138
f 860/873/145 841/873/137 850/873/137
f 861/873/152 852/873/144 851/873/144
f 852/873/143 863/873/151 853/873/143
f 853/873/101 864/873/101 854/873/101
f 854/873/142 865/873/150 855/873/142
f 855/873/141 866/873/149 856/873/141
f 866/873/156 857/873/148 856/873/148
f 857/873/147 868/873/155 858/873/147
f 868/873/110 859/873/110 858/873/110
f 869/873/154 860/873/146 859/873/146
f 870/873/153 851/873/145 860/873/145
f 861/873/152 872/873/160 862/873/152
f 872/873/159 863/873/151 862/873/151
f 873/873/101 864/873/101 863/873/101
f 864/873/150 875/873/158 865/873/150
f 875/873/157 866/873/149 865/873/149
f 876/873/164 867/873/156 866/873/156
f 877/873/163 868/873/155 867/873/155
f 868/873/110 879/873/110 869/873/110
f 869/873/154 880/873/162 870/873/154
f 870/873/153 871/873/161 861/873/153
f 871/873/160 882/873/168 872/873/160
f 872/873/159 883/873/167 873/873/159
f 883/873/101 874/873/101 873/873/101
f 874/873/158 885/873/166 875/873/158
f 885/873/165 876/873/157 875/873/157
f 876/873/164 887/873/172 877/873/164
f 877/873/163 888/873/171 878/873/163
f 878/873/110 889/873/110 879/873/110
f 889/873/170 880/873/162 879/873/162
f 880/873/161 881/873/169 871/873/161
f 891/873/176 882/873/168 881/873/168
f 882/873/167 893/873/175 883/873/167
f 883/873/101 894/873/101 884/873/101
f 884/873/166 895/873/174 885/873/166
f 895/873/173 886/873/165 885/873/165
f 896/873/180 887/873/172 886/873/172
f 897/873/179 888/873/171 887/873/171
f 898/873/110 889/873/110 888/873/110
f 899/873/178 890/873/170 889/873/170
f 900/873/177 881/873/169 890/873/169
f 891/873/176 902/873/304 892/873/176
f 902/873/183 893/873/175 892/873/175
f 903/873/101 894/873/101 893/873/101
f 894/873/174 905/873/182 895/873/174
f 895/873/173 906/873/181 896/873/173
f 906/873/188 897/873/180 896/873/180
f 897/873/179 908/873/187 898/873/179
f 898/873/110 909/873/110 899/873/110
f 899/873/178 910/873/186 900/873/178
f 910/873/305 891/873/177 900/873/177
f 911/873/193 902/873/304 901/873/304
f 902/873/183 913/873/192 903/873/183
f 913/873/101 904/873/101 903/873/101
f 914/873/191 905/873/182 904/873/182
f 915/873/189 906/873/181 905/873/306
f 906/873/188 917/873/200 907/873/307
f 907/873/187 918/873/198 908/873/187
f 908/873/110 919/873/110 909/873/110
f 919/873/197 910/873/186 909/873/186
f 920/873/195 901/873/185 910/873/305
f 921/873/204 912/873/193 911/873/193
f 922/873/203 913/873/192 912/873/192
f 923/873/101 914/873/101 913/873/101
f 924/873/202 915/873/191 914/873/191
f 925/873/201 916/873/189 915/873/189
f 926/873/208 917/873/200 916/873/200
f 927/873/207 918/873/198 917/873/198
f 918/873/110 929/873/110 919/873/110
f 929/873/206 920/873/197 919/873/197
f 930/873/205 911/873/195 920/873/195
f 921/873/204 932/873/212 922/873/204
f 932/873/211 923/873/203 922/873/203
f 923/873/101 934/873/101 924/873/101
f 934/873/210 925/873/202 924/873/202
f 925/873/201 936/873/209 926/873/201
f 936/873/216 927/873/208 926/873/208
f 937/873/215 928/873/207 927/873/207
f 938/873/110 929/873/110 928/873/110
f 939/873/214 930/873/206 929/873/206
f 940/873/213 921/873/205 930/873/205
f 941/873/308 932/873/212 931/873/212
f 942/873/219 933/873/211 932/873/211
f 943/873/101 934/873/101 933/873/101
f 944/873/218 935/873/210 934/873/210
f 935/873/209 946/873/309 936/873/209
f 946/873/310 937/873/216 936/873/216
f 937/873/215 948/873/223 938/873/215
f 938/873/110 949/873/110 939/873/110
f 939/873/214 950/873/222 940/873/214
f 940/873/213 941/873/221 931/873/213
f 951/873/229 942/873/308 941/873/308
f 942/873/219 953/873/227 943/873/219
f 953/873/101 944/873/101 943/873/101
f 954/873/226 945/873/218 944/873/218
f 945/873/217 956/873/225 946/873/309
f 956/873/233 947/873/224 946/873/310
f 957/873/232 948/873/223 947/873/223
f 948/873/110 959/873/110 949/873/110
f 959/873/231 950/873/222 949/873/222
f 960/873/230 941/873/221 950/873/221
f 961/873/237 952/873/229 951/873/229
f 962/873/236 953/873/227 952/873/227
f 963/873/101 954/873/101 953/873/101
f 964/873/235 955/873/226 954/873/226
f 965/873/234 956/873/225 955/873/225
f 966/873/241 957/873/233 956/873/233
f 957/873/232 968/873/240 958/873/232
f 958/873/110 969/873/110 959/873/110
f 969/873/239 960/873/231 959/873/231
f 970/873/238 951/873/230 960/873/230
f 971/873/245 962/873/237 961/873/237
f 972/873/244 963/873/236 962/873/236
f 963/873/101 974/873/101 964/873/101
f 974/873/243 965/873/235 964/873/235
f 965/873/234 976/873/242 966/873/234
f 976/873/249 967/873/241 966/873/241
f 967/873/240 978/873/248 968/873/240
f 978/873/110 969/873/110 968/873/110
f 969/873/239 980/873/247 970/873/239
f 980/873/246 961/873/238 970/873/238
f 971/873/245 982/873/253 972/873/245
f 982/873/252 973/873/244 972/873/244
f 973/873/101 984/873/101 974/873/101
f 984/873/251 975/873/243 974/873/243
f 985/873/250 976/873/242 975/873/242
f 976/873/249 987/873/257 977/873/249
f 977/873/248 988/873/256 978/873/248
f 988/873/110 979/873/110 978/873/110
f 979/873/247 990/873/255 980/873/247
f 990/873/254 971/873/246 980/873/246
f 991/873/261 982/873/253 981/873/253
f 992/873/260 983/873/252 982/873/252
f 993/873/101 984/873/101 983/873/101
f 984/873/251 995/873/259 985/873/251
f 995/873/258 986/873/250 985/873/250
f 986/873/257 997/873/265 987/873/257
f 997/873/264 988/873/256 987/873/256
f 988/873/110 999/873/110 989/873/110
f 989/873/255 1000/873/263 990/873/255
f 990/873/254 991/873/262 981/873/254
f 1001/873/269 992/873/261 991/873/261
f 992/873/260 1003/873/268 993/873/260
f 1003/873/101 994/873/101 993/873/101
f 994/873/259 1005/873/267 995/873/259
f 1005/873/266 996/873/258 995/873/258
f 996/873/265 1007/873/273 997/873/265
f 1007/873/272 998/873/264 997/873/264
f 998/873/110 1009/873/110 999/873/110
f 999/873/263 1010/873/271 1000/873/263
f 1000/873/262 1001/873/270 991/873/262
f 1001/873/269 1012/873/277 1002/873/269
f 1002/873/268 1013/873/276 1003/873/268
f 1003/873/101 1014/873/101 1004/873/101
f 1004/873/267 1015/873/275 1005/873/267
f 1015/873/274 1006/873/266 1005/873/266
f 1006/873/273 1017/873/281 1007/873/273
f 1017/873/280 1008/873/272 1007/873/272
f 1018/873/110 1009/873/110 1008/873/110
f 1019/873/279 1010/873/271 1009/873/271
f 1020/873/278 1001/873/270 1010/873/270
f 1011/873/277 1022/873/285 1012/873/277
f 1012/873/276 1023/873/284 1013/873/276
f 1023/873/101 1014/873/101 1013/873/101
f 1024/873/283 1015/873/275 1014/873/275
f 1015/873/274 1026/873/291 1016/873/274
f 1026/873/289 1017/873/281 1016/873/281
f 1027/873/288 1018/873/280 1017/873/280
f 1028/873/110 1019/873/110 1018/873/110
f 1029/873/287 1020/873/279 1019/873/279
f 1030/873/311 1011/873/278 1020/873/278
f 1021/873/312 1032/873/295 1022/873/285
f 1022/873/284 1033/873/293 1023/873/284
f 1033/873/101 1024/873/101 1023/873/101
f 1034/873/292 1025/873/283 1024/873/283
f 1025/873/282 1036/873/290 1026/873/291
f 1036/873/299 1027/873/313 1026/873/289
f 1027/873/288 1038/873/298 1028/873/288
f 1028/873/110 1039/873/110 1029/873/110
f 1029/873/287 1040/873/297 1030/873/287
f 1040/873/296 1021/873/286 1030/873/311
f 1031/873/295 562/873/97 1032/873/295
f 562/873/100 1033/873/293 1032/873/293
f 563/873/101 1034/873/101 1033/873/101
f 1034/873/292 565/873/102 1035/873/292
f 1035/873/290 566/873/105 1036/873/290
f 566/873/106 1037/873/299 1036/873/299
f 567/873/109 1038/873/298 1037/873/298
f 1038/873/110 569/873/110 1039/873/110
f 1039/873/297 570/873/112 1040/873/297
f 570/873/114 1031/873/296 1040/873/296
f 561/873/97 571/873/98 572/873/98
f 572/873/99 573/873/99 563/873/100
f 563/873/101 573/873/101 574/873/101
f 564/873/102 574/873/103 575/873/103
f 575/873/104 576/873/104 566/873/105
f 566/873/106 576/873/107 577/873/107
f 577/873/108 578/873/108 568/873/109
f 578/873/110 579/873/110 569/873/110
f 579/873/111 580/873/111 570/873/112
f 580/873/113 571/873/113 561/873/114
f 581/873/115 582/873/115 572/873/98
f 572/873/99 582/873/116 583/873/116
f 583/873/101 584/873/101 574/873/101
f 574/873/103 584/873/117 585/873/117
f 585/873/118 586/873/127 576/873/104
f 576/873/107 586/873/128 587/873/119
f 587/873/120 588/873/120 578/873/108
f 578/873/110 588/873/110 589/873/110
f 579/873/111 589/873/121 590/873/121
f 590/873/122 581/873/122 571/873/113
f 591/873/123 592/873/123 582/873/115
f 592/873/124 593/873/124 583/873/116
f 593/873/101 594/873/101 584/873/101
f 584/873/117 594/873/125 595/873/125
f 595/873/126 596/873/126 586/873/127
f 586/873/128 596/873/129 597/873/129
f 597/873/130 598/873/130 588/873/120
f 588/873/110 598/873/110 599/873/110
f 599/873/131 600/873/131 590/873/121
f 600/873/132 591/873/132 581/873/122
f 601/873/133 602/873/133 592/873/123
f 592/873/124 602/873/134 603/873/134
f 603/873/101 604/873/101 594/873/101
f 604/873/135 605/873/135 595/873/125
f 605/873/136 606/873/136 596/873/126
f 606/873/137 607/873/137 597/873/129
f 607/873/138 608/873/138 598/873/130
f 598/873/110 608/873/110 609/873/110
f 609/873/139 610/873/139 600/873/131
f 600/873/132 610/873/140 601/873/140
f 611/873/141 612/873/141 602/873/133
f 602/873/134 612/873/142 613/873/142
f 603/873/101 613/873/101 614/873/101
f 614/873/143 615/873/143 605/873/135
f 615/873/144 616/873/144 606/873/136
f 616/873/145 617/873/145 607/873/137
f 617/873/146 618/873/146 608/873/138
f 618/873/110 619/873/110 609/873/110
f 619/873/147 620/873/147 610/873/139
f 610/873/140 620/873/148 611/873/148
f 621/873/149 622/873/149 612/873/141
f 612/873/142 622/873/150 623/873/150
f 623/873/101 624/873/101 614/873/101
f 624/873/151 625/873/151 615/873/143
f 615/873/144 625/873/152 626/873/152
f 626/873/153 627/873/153 617/873/145
f 617/873/146 627/873/154 628/873/154
f 618/873/110 628/873/110 629/873/110
f 629/873/155 630/873/155 620/873/147
f 630/873/156 621/873/156 611/873/148
f 621/873/149 631/873/157 632/873/157
f 622/873/150 632/873/158 633/873/158
f 623/873/101 633/873/101 634/873/101
f 624/873/151 634/873/159 635/873/159
f 635/873/160 636/873/160 626/873/152
f 626/873/153 636/873/161 637/873/161
f 627/873/154 637/873/162 638/873/162
f 638/873/110 639/873/110 629/873/110
f 639/873/163 640/873/163 630/873/155
f 640/873/164 631/873/164 621/873/156
f 631/873/157 641/873/165 642/873/165
f 642/873/166 643/873/166 633/873/158
f 633/873/101 643/873/101 644/873/101
f 634/873/159 644/873/167 645/873/167
f 635/873/160 645/873/168 646/873/168
f 636/873/161 646/873/169 647/873/169
f 647/873/170 648/873/170 638/873/162
f 648/873/110 649/873/110 639/873/110
f 639/873/163 649/873/171 650/873/171
f 640/873/164 650/873/172 641/873/172
f 651/873/173 652/873/173 642/873/165
f 652/873/174 653/873/174 643/873/166
f 653/873/101 654/873/101 644/873/101
f 654/873/175 655/873/175 645/873/167
f 655/873/176 656/873/176 646/873/168
f 656/873/177 657/873/177 647/873/169
f 647/873/170 657/873/178 658/873/178
f 648/873/110 658/873/110 659/873/110
f 659/873/179 660/873/179 650/873/171
f 660/873/180 651/873/180 641/873/172
f 661/873/181 662/873/190 652/873/173
f 662/873/182 663/873/182 653/873/174
f 653/873/101 663/873/101 664/873/101
f 654/873/175 664/873/183 665/873/183
f 665/873/184 666/873/194 656/873/176
f 666/873/185 667/873/196 657/873/177
f 657/873/178 667/873/186 668/873/186
f 668/873/110 669/873/110 659/873/110
f 659/873/179 669/873/187 670/873/187
f 660/873/180 670/873/199 661/873/188
f 671/873/189 672/873/189 662/873/190
f 672/873/191 673/873/191 663/873/182
f 663/873/101 673/873/101 674/873/101
f 664/873/183 674/873/192 675/873/192
f 675/873/193 676/873/193 666/873/194
f 666/873/185 676/873/195 677/873/195
f 667/873/186 677/873/197 678/873/197
f 678/873/110 679/873/110 669/873/110
f 669/873/187 679/873/198 680/873/198
f 670/873/199 680/873/200 671/873/200
f 681/873/201 682/873/201 672/873/189
f 682/873/202 683/873/202 673/873/191
f 683/873/101 684/873/101 674/873/101
f 674/873/192 684/873/203 685/873/203
f 675/873/193 685/873/204 686/873/204
f 686/873/205 687/873/205 677/873/195
f 687/873/206 688/873/206 678/873/197
f 678/873/110 688/873/110 689/873/110
f 689/873/207 690/873/207 680/873/198
f 690/873/208 681/873/208 671/873/200
f 691/873/209 692/873/209 682/873/201
f 682/873/202 692/873/210 693/873/210
f 683/873/101 693/873/101 694/873/101
f 694/873/211 695/873/211 685/873/203
f 695/873/212 696/873/212 686/873/204
f 696/873/213 697/873/213 687/873/205
f 687/873/206 697/873/214 698/873/214
f 698/873/110 699/873/110 689/873/110
f 699/873/215 700/873/215 690/873/207
f 690/873/208 700/873/216 691/873/216
f 691/873/209 701/873/217 702/873/217
f 702/873/218 703/873/218 693/873/210
f 703/873/101 704/873/101 694/873/101
f 694/873/211 704/873/219 705/873/219
f 695/873/212 705/873/228 706/873/220
f 706/873/221 707/873/221 697/873/213
f 707/873/222 708/873/222 698/873/214
f 698/873/110 708/873/110 709/873/110
f 699/873/215 709/873/223 710/873/223
f 710/873/224 701/873/224 691/873/216
f 711/873/225 712/873/225 702/873/217
f 712/873/226 713/873/226 703/873/218
f 703/873/101 713/873/101 714/873/101
f 714/873/227 715/873/227 705/873/219
f 705/873/228 715/873/229 716/873/229
f 716/873/230 717/873/230 707/873/221
f 717/873/231 718/873/231 708/873/222
f 718/873/110 719/873/110 709/873/110
f 709/873/223 719/873/232 720/873/232
f 710/873/224 720/873/233 711/873/233
f 721/873/234 722/873/234 712/873/225
f 712/873/226 722/873/235 723/873/235
f 723/873/101 724/873/101 714/873/101
f 724/873/236 725/873/236 715/873/227
f 715/873/229 725/873/237 726/873/237
f 726/873/238 727/873/238 717/873/230
f 717/873/231 727/873/239 728/873/239
f 718/873/110 728/873/110 729/873/110
f 729/873/240 730/873/240 720/873/232
f 720/873/233 730/873/241 721/873/241
f 721/873/234 731/873/242 732/873/242
f 722/873/235 732/873/243 733/873/243
f 723/873/101 733/873/101 734/873/101
f 734/873/244 735/873/244 725/873/236
f 725/873/237 735/873/245 736/873/245
f 736/873/246 737/873/246 727/873/238
f 737/873/247 738/873/247 728/873/239
f 738/873/110 739/873/110 729/873/110
f 739/873/248 740/873/248 730/873/240
f 740/873/249 731/873/249 721/873/241
f 731/873/242 741/873/250 742/873/250
f 742/873/251 743/873/251 733/873/243
f 733/873/101 743/873/101 744/873/101
f 744/873/252 745/873/252 735/873/244
f 735/873/245 745/873/253 746/873/253
f 746/873/254 747/873/254 737/873/246
f 737/873/247 747/873/255 748/873/255
f 748/873/110 749/873/110 739/873/110
f 739/873/248 749/873/256 750/873/256
f 750/873/257 741/873/257 731/873/249
f 751/873/258 752/873/258 742/873/250
f 752/873/259 753/873/259 743/873/251
f 743/873/101 753/873/101 754/873/101
f 754/873/260 755/873/260 745/873/252
f 755/873/261 756/873/261 746/873/253
f 746/873/254 756/873/262 757/873/262
f 757/873/263 758/873/263 748/873/255
f 758/873/110 759/873/110 749/873/110
f 749/873/256 759/873/264 760/873/264
f 750/873/257 760/873/265 751/873/265
f 761/873/266 762/873/266 752/873/258
f 762/873/267 763/873/267 753/873/259
f 763/873/101 764/873/101 754/873/101
f 754/873/260 764/873/268 765/873/268
f 755/873/261 765/873/269 766/873/269
f 756/873/262 766/873/270 767/873/270
f 767/873/271 768/873/271 758/873/263
f 758/873/110 768/873/110 769/873/110
f 769/873/272 770/873/272 760/873/264
f 760/873/265 770/873/273 761/873/273
f 771/873/274 772/873/274 762/873/266
f 762/873/267 772/873/275 773/873/275
f 763/873/101 773/873/101 774/873/101
f 764/873/268 774/873/276 775/873/276
f 765/873/269 775/873/277 776/873/277
f 776/873/278 777/873/278 767/873/270
f 777/873/279 778/873/279 768/873/271
f 778/873/110 779/873/110 769/873/110
f 769/873/272 779/873/280 780/873/280
f 770/873/273 780/873/281 771/873/281
f 781/873/282 782/873/291 772/873/274
f 772/873/275 782/873/283 783/873/283
f 773/873/101 783/873/101 784/873/101
f 774/873/276 784/873/284 785/873/284
f 775/873/277 785/873/294 786/873/285
f 786/873/286 787/873/286 777/873/278
f 777/873/279 787/873/287 788/873/287
f 778/873/110 788/873/110 789/873/110
f 789/873/288 790/873/288 780/873/280
f 780/873/281 790/873/289 781/873/289
f 781/873/282 791/873/290 792/873/290
f 792/873/292 793/873/292 783/873/283
f 783/873/101 793/873/101 794/873/101
f 794/873/293 795/873/293 785/873/284
f 785/873/294 795/873/295 796/873/295
f 786/873/286 796/873/296 797/873/296
f 797/873/297 798/873/297 788/873/287
f 788/873/110 798/873/110 799/873/110
f 799/873/298 800/873/298 790/873/288
f 800/873/299 791/873/299 781/873/289
f 801/873/105 802/873/105 792/873/290
f 802/873/102 803/873/102 793/873/292
f 793/873/101 803/873/101 804/873/101
f 804/873/100 805/873/100 795/873/293
f 795/873/295 805/873/97 806/873/97
f 796/873/296 806/873/114 807/873/114
f 807/873/112 808/873/112 798/873/297
f 808/873/110 809/873/110 799/873/110
f 809/873/109 810/873/109 800/873/298
f 800/873/299 810/873/106 801/873/106
f 801/873/105 811/873/104 812/873/104
f 802/873/102 812/873/103 813/873/103
f 813/873/101 814/873/101 804/873/101
f 814/873/99 815/873/99 805/873/100
f 815/873/98 816/873/98 806/873/97
f 806/873/114 816/873/113 817/873/113
f 807/873/112 817/873/111 818/873/111
f 808/873/110 818/873/110 819/873/110
f 809/873/109 819/873/108 820/873/108
f 820/873/107 811/873/107 801/873/106
f 821/873/300 822/873/300 812/873/104
f 812/873/103 822/873/117 823/873/117
f 823/873/101 824/873/101 814/873/101
f 824/873/116 825/873/116 815/873/99
f 825/873/301 826/873/115 816/873/98
f 826/873/302 827/873/302 817/873/113
f 827/873/121 828/873/121 818/873/111
f 818/873/110 828/873/110 829/873/110
f 829/873/120 830/873/120 820/873/108
f 820/873/107 830/873/128 821/873/303
f 831/873/126 832/873/126 822/873/300
f 832/873/125 833/873/125 823/873/117
f 833/873/101 834/873/101 824/873/101
f 834/873/124 835/873/124 825/873/116
f 825/873/301 835/873/123 836/873/123
f 826/873/302 836/873/132 837/873/132
f 837/873/131 838/873/131 828/873/121
f 828/873/110 838/873/110 839/873/110
f 829/873/120 839/873/130 840/873/130
f 830/873/128 840/873/129 831/873/129
f 841/873/136 842/873/136 832/873/126
f 842/873/135 843/873/135 833/873/125
f 833/873/101 843/873/101 844/873/101
f 844/873/134 845/873/134 835/873/124
f 835/873/123 845/873/133 846/873/133
f 846/873/140 847/873/140 837/873/132
f 847/873/139 848/873/139 838/873/131
f 838/873/110 848/873/110 849/873/110
f 849/873/138 850/873/138 840/873/130
f 840/873/129 850/873/137 841/873/137
f 851/873/144 852/873/144 842/873/136
f 842/873/135 852/873/143 853/873/143
f 853/873/101 854/873/101 844/873/101
f 844/873/134 854/873/142 855/873/142
f 855/873/141 856/873/141 846/873/133
f 846/873/140 856/873/148 857/873/148
f 847/873/139 857/873/147 858/873/147
f 848/873/110 858/873/110 859/873/110
f 859/873/146 860/873/146 850/873/138
f 860/873/145 851/873/145 841/873/137
f 861/873/152 862/873/152 852/873/144
f 852/873/143 862/873/151 863/873/151
f 853/873/101 863/873/101 864/873/101
f 854/873/142 864/873/150 865/873/150
f 855/873/141 865/873/149 866/873/149
f 866/873/156 867/873/156 857/873/148
f 857/873/147 867/873/155 868/873/155
f 868/873/110 869/873/110 859/873/110
f 869/873/154 870/873/154 860/873/146
f 870/873/153 861/873/153 851/873/145
f 861/873/152 871/873/160 872/873/160
f 872/873/159 873/873/159 863/873/151
f 873/873/101 874/873/101 864/873/101
f 864/873/150 874/873/158 875/873/158
f 875/873/157 876/873/157 866/873/149
f 876/873/164 877/873/164 867/873/156
f 877/873/163 878/873/163 868/873/155
f 868/873/110 878/873/110 879/873/110
f 869/873/154 879/873/162 880/873/162
f 870/873/153 880/873/161 871/873/161
f 871/873/160 881/873/168 882/873/168
f 872/873/159 882/873/167 883/873/167
f 883/873/101 884/873/101 874/873/101
f 874/873/158 884/873/166 885/873/166
f 885/873/165 886/873/165 876/873/157
f 876/873/164 886/873/172 887/873/172
f 877/873/163 887/873/171 888/873/171
f 878/873/110 888/873/110 889/873/110
f 889/873/170 890/873/170 880/873/162
f 880/873/161 890/873/169 881/873/169
f 891/873/176 892/873/176 882/873/168
f 882/873/167 892/873/175 893/873/175
f 883/873/101 893/873/101 894/873/101
f 884/873/166 894/873/174 895/873/174
f 895/873/173 896/873/173 886/873/165
f 896/873/180 897/873/180 887/873/172
f 897/873/179 898/873/179 888/873/171
f 898/873/110 899/873/110 889/873/110
f 899/873/178 900/873/178 890/873/170
f 900/873/177 891/873/177 881/873/169
f 891/873/176 901/873/304 902/873/304
f 902/873/183 903/873/183 893/873/175
f 903/873/101 904/873/101 894/873/101
f 894/873/174 904/873/182 905/873/182
f 895/873/173 905/873/306 906/873/181
f 906/873/188 907/873/307 897/873/180
f 897/873/179 907/873/187 908/873/187
f 898/873/110 908/873/110 909/873/110
f 899/873/178 909/873/186 910/873/186
f 910/873/305 901/873/185 891/873/177
f 911/873/193 912/873/193 902/873/304
f 902/873/183 912/873/192 913/873/192
f 913/873/101 914/873/101 904/873/101
f 914/873/191 915/873/191 905/873/182
f 915/873/189 916/873/189 906/873/181
f 906/873/188 916/873/200 917/873/200
f 907/873/187 917/873/198 918/873/198
f 908/873/110 918/873/110 919/873/110
f 919/873/197 920/873/197 910/873/186
f 920/873/195 911/873/195 901/873/185
f 921/873/204 922/873/204 912/873/193
f 922/873/203 923/873/203 913/873/192
f 923/873/101 924/873/101 914/873/101
f 924/873/202 925/873/202 915/873/191
f 925/873/201 926/873/201 916/873/189
f 926/873/208 927/873/208 917/873/200
f 927/873/207 928/873/207 918/873/198
f 918/873/110 928/873/110 929/873/110
f 929/873/206 930/873/206 920/873/197
f 930/873/205 921/873/205 911/873/195
f 921/873/204 931/873/212 932/873/212
f 932/873/211 933/873/211 923/873/203
f 923/873/101 933/873/101 934/873/101
f 934/873/210 935/873/210 925/873/202
f 925/873/201 935/873/209 936/873/209
f 936/873/216 937/873/216 927/873/208
f 937/873/215 938/873/215 928/873/207
f 938/873/110 939/873/110 929/873/110
f 939/873/214 940/873/214 930/873/206
f 940/873/213 931/873/213 921/873/205
f 941/873/308 942/873/308 932/873/212
f 942/873/219 943/873/219 933/873/211
f 943/873/101 944/873/101 934/873/101
f 944/873/218 945/873/218 935/873/210
f 935/873/209 945/873/217 946/873/309
f 946/873/310 947/873/224 937/873/216
f 937/873/215 947/873/223 948/873/223
f 938/873/110 948/873/110 949/873/110
f 939/873/214 949/873/222 950/873/222
f 940/873/213 950/873/221 941/873/221
f 951/873/229 952/873/229 942/873/308
f 942/873/219 952/873/227 953/873/227
f 953/873/101 954/873/101 944/873/101
f 954/873/226 955/873/226 945/873/218
f 945/873/217 955/873/225 956/873/225
f 956/873/233 957/873/233 947/873/224
f 957/873/232 958/873/232 948/873/223
f 948/873/110 958/873/110 959/873/110
f 959/873/231 960/873/231 950/873/222
f 960/873/230 951/873/230 941/873/221
f 961/873/237 962/873/237 952/873/229
f 962/873/236 963/873/236 953/873/227
f 963/873/101 964/873/101 954/873/101
f 964/873/235 965/873/235 955/873/226
f 965/873/234 966/873/234 956/873/225
f 966/873/241 967/873/241 957/873/233
f 957/873/232 967/873/240 968/873/240
f 958/873/110 968/873/110 969/873/110
f 969/873/239 970/873/239 960/873/231
f 970/873/238 961/873/238 951/873/230
f 971/873/245 972/873/245 962/873/237
f 972/873/244 973/873/244 963/873/236
f 963/873/101 973/873/101 974/873/101
f 974/873/243 975/873/243 965/873/235
f 965/873/234 975/873/242 976/873/242
f 976/873/249 977/873/249 967/873/241
f 967/873/240 977/873/248 978/873/248
f 978/873/110 979/873/110 969/873/110
f 969/873/239 979/873/247 980/873/247
f 980/873/246 971/873/246 961/873/238
f 971/873/245 981/873/253 982/873/253
f 982/873/252 983/873/252 973/873/244
f 973/873/101 983/873/101 984/873/101
f 984/873/251 985/873/251 975/873/243
f 985/873/250 986/873/250 976/873/242
f 976/873/249 986/873/257 987/873/257
f 977/873/248 987/873/256 988/873/256
f 988/873/110 989/873/110 979/873/110
f 979/873/247 989/873/255 990/873/255
f 990/873/254 981/873/254 971/873/246
f 991/873/261 992/873/261 982/873/253
f 992/873/260 993/873/260 983/873/252
f 993/873/101 994/873/101 984/873/101
f 984/873/251 994/873/259 995/873/259
f 995/873/258 996/873/258 986/873/250
f 986/873/257 996/873/265 997/873/265
f 997/873/264 998/873/264 988/873/256
f 988/873/110 998/873/110 999/873/110
f 989/873/255 999/873/263 1000/873/263
f 990/873/254 1000/873/262 991/873/262
f 1001/873/269 1002/873/269 992/873/261
f 992/873/260 1002/873/268 1003/873/268
f 1003/873/101 1004/873/101 994/873/101
f 994/873/259 1004/873/267 1005/873/267
f 1005/873/266 1006/873/266 996/873/258
f 996/873/265 1006/873/273 1007/873/273
f 1007/873/272 1008/873/272 998/873/264
f 998/873/110 1008/873/110 1009/873/110
f 999/873/263 1009/873/271 1010/873/271
f 1000/873/262 1010/873/270 1001/873/270
f 1001/873/269 1011/873/277 1012/873/277
f 1002/873/268 1012/873/276 1013/873/276
f 1003/873/101 1013/873/101 1014/873/101
f 1004/873/267 1014/873/275 1015/873/275
f 1015/873/274 1016/873/274 1006/873/266
f 1006/873/273 1016/873/281 1017/873/281
f 1017/873/280 1018/873/280 1008/873/272
f 1018/873/110 1019/873/110 1009/873/110
f 1019/873/279 1020/873/279 1010/873/271
f 1020/873/278 1011/873/278 1001/873/270
f 1011/873/277 1021/873/312 1022/873/285
f 1012/873/276 1022/873/284 1023/873/284
f 1023/873/101 1024/873/101 1014/873/101
f 1024/873/283 1025/873/283 1015/873/275
f 1015/873/274 1025/873/282 1026/873/291
f 1026/873/289 1027/873/313 1017/873/281
f 1027/873/288 1028/873/288 1018/873/280
f 1028/873/110 1029/873/110 1019/873/110
f 1029/873/287 1030/873/287 1020/873/279
f 1030/873/311 1021/873/286 1011/873/278
f 1021/873/312 1031/873/295 1032/873/295
f 1022/873/284 1032/873/293 1033/873/293
f 1033/873/101 1034/873/101 1024/873/101
f 1034/873/292 1035/873/292 1025/873/283
f 1025/873/282 1035/873/290 1036/873/290
f 1036/873/299 1037/873/299 1027/873/313
f 1027/873/288 1037/873/298 1038/873/298
f 1028/873/110 1038/873/110 1039/873/110
f 1029/873/287 1039/873/297 1040/873/297
f 1040/873/296 1031/873/296 1021/873/286
f 1031/873/295 561/873/97 562/873/97
f 562/873/100 563/873/100 1033/873/293
f 563/873/101 564/873/101 1034/873/101
f 1034/873/292 564/873/102 565/873/102
f 1035/873/290 565/873/105 566/873/105
f 566/873/106 567/873/106 1037/873/299
f 567/873/109 568/873/109 1038/873/298
f 1038/873/110 568/873/110 569/873/110
f 1039/873/297 569/873/112 570/873/112
f 570/873/114 561/873/114 1031/873/296
