2026/07/30 16:55:12 にビルドを開始しました。
ビルドの開始時の環境:
MSBuildLoadMicrosoftTargetsReadOnly = true

ログの詳細度は次のように設定されています: Diagnostic。16:55:12.123     0>Enabled loggers: ConsoleLogger, CentralForwardingLogger, CentralForwardingLogger, FileLogger, InternalTelemetryConsumingLogger, InternalTelemetryForwardingLogger
                   プロセス = "C:\Program Files\Microsoft Visual Studio\18\Community\MSBuild\Current\Bin\MSBuild.exe"
                   MSBuild 実行可能ファイルのパス = "C:\Program Files\Microsoft Visual Studio\18\Community\MSBuild\Current\Bin\MSBuild.exe"
                   コマンド ライン引数 = ""C:\Program Files\Microsoft Visual Studio\18\Community\MSBuild\Current\Bin\MSBuild.exe" "C:\CG\CG2_00_01\submission_ready_20260730_165019\LE3C_26_ヨシノ_ゲント\02_プロジェクト\CG2_00_01-CG4_-2\project\CG2_00_01.sln" /m /t:Build /p:Configuration=Development /p:Platform=x64 /nologo /v:minimal /fl /flp:"logfile=C:\CG\CG2_00_01\submission_ready_20260730_165019\staged-build.log;verbosity=diagnostic""
                   現在のディレクトリ = "C:\CG\CG2_00_01\submission_ready_20260730_165019\LE3C_26_ヨシノ_ゲント\02_プロジェクト\CG2_00_01-CG4_-2\project"
                   MSBuild バージョン = "18.8.2+ce25c0108"
                   Windows レジストリ キー LongPathsEnabled に基づいて、LongPaths 機能は無効です。
                   Windows レジストリ キー VerifiedAndReputablePolicyState に基づいて、SAC 状態 = 0: オフ。
                   コマンド ラインの一部のスイッチは自動応答ファイル "C:\Program Files\Microsoft Visual Studio\18\Community\MSBuild\Current\Bin\MSBuild.rsp" から読み取られたものです。このファイルを無効にするには、"-noAutoResponse" スイッチをご使用ください。
                   
                   プロパティの再代入: $(MSBuildExtensionsPath)="C:\Program Files\Microsoft Visual Studio\18\Community\MSBuild" (以前の値: "C:\Program Files (x86)\MSBuild") 
                   プロパティの再代入: $(MSBuildExtensionsPath32)="C:\Program Files\Microsoft Visual Studio\18\Community\MSBuild" (以前の値: "C:\Program Files (x86)\MSBuild") 
                   $(MSBuildExtensionsPath) で使用されている検索パスは C:\Program Files\Microsoft Visual Studio\18\Community\MSBuild;$(MSBuildProgramFiles32)\MSBuild です
                   $(MSBuildExtensionsPath) で使用されている検索パスは C:\Program Files\Microsoft Visual Studio\18\Community\MSBuild;$(MSBuildProgramFiles32)\MSBuild です
                   拡張パス C:\Program Files\Microsoft Visual Studio\18\Community\MSBuild を使用して C:\Program Files\Microsoft Visual Studio\18\Community\MSBuild\$(MSBuildToolsVersion)\SolutionFile\ImportAfter\* をインポートしようとしています
                   C:\Program Files\Microsoft Visual Studio\18\Community\Common7\IDE\CommonExtensions\Microsoft\NuGet\NuGet.targets(125,5): message : プロパティの再代入: $(_GenerateRestoreGraphProjectEntryInputProperties)="
                   C:\Program Files\Microsoft Visual Studio\18\Community\Common7\IDE\CommonExtensions\Microsoft\NuGet\NuGet.targets(125,5): message :       ExcludeRestorePackageImports=true;
                   C:\Program Files\Microsoft Visual Studio\18\Community\Common7\IDE\CommonExtensions\Microsoft\NuGet\NuGet.targets(125,5): message :       _RestoreSolutionFileUsed=true;
                   C:\Program Files\Microsoft Visual Studio\18\Community\Common7\IDE\CommonExtensions\Microsoft\NuGet\NuGet.targets(125,5): message :       SolutionDir=C:\CG\CG2_00_01\submission_ready_20260730_165019\LE3C_26_ヨシノ_ゲント\02_プロジェクト\CG2_00_01-CG4_-2\project\;
                   C:\Program Files\Microsoft Visual Studio\18\Community\Common7\IDE\CommonExtensions\Microsoft\NuGet\NuGet.targets(125,5): message :       SolutionName=CG2_00_01;
                   C:\Program Files\Microsoft Visual Studio\18\Community\Common7\IDE\CommonExtensions\Microsoft\NuGet\NuGet.targets(125,5): message :       SolutionFileName=CG2_00_01.sln;
                   C:\Program Files\Microsoft Visual Studio\18\Community\Common7\IDE\CommonExtensions\Microsoft\NuGet\NuGet.targets(125,5): message :       SolutionPath=C:\CG\CG2_00_01\submission_ready_20260730_165019\LE3C_26_ヨシノ_ゲント\02_プロジェクト\CG2_00_01-CG4_-2\project\CG2_00_01.sln;
                   C:\Program Files\Microsoft Visual Studio\18\Community\Common7\IDE\CommonExtensions\Microsoft\NuGet\NuGet.targets(125,5): message :       SolutionExt=.sln;
                   C:\Program Files\Microsoft Visual Studio\18\Community\Common7\IDE\CommonExtensions\Microsoft\NuGet\NuGet.targets(125,5): message :     " (以前の値: "ExcludeRestorePackageImports=true") C:\Program Files\Microsoft Visual Studio\18\Community\Common7\IDE\CommonExtensions\Microsoft\NuGet\NuGet.targets (125,5)
                   "C:\Program Files\Microsoft Visual Studio\18\Community\Common7\IDE\CommonExtensions\Microsoft\NuGet\NuGet.targets (705,11)" にある BeforeTargets 属性に一覧表示されているターゲット "_CheckForInvalidConfigurationAndPlatform" はプロジェクト内に存在しないため、無視されます。
16:55:12.153     0>初期プロパティ:
                   _DirectorySolutionPropsBasePath = 
                   _DirectorySolutionPropsFile = Directory.Solution.props
                   _DirectorySolutionTargetsBasePath = 
                   _DirectorySolutionTargetsFile = Directory.Solution.targets
                   _GenerateRestoreGraphProjectEntryInputProperties = 
                         ExcludeRestorePackageImports=true;
                         _RestoreSolutionFileUsed=true;
                         SolutionDir=C:\CG\CG2_00_01\submission_ready_20260730_165019\LE3C_26_ヨシノ_ゲント\02_プロジェクト\CG2_00_01-CG4_-2\project\;
                         SolutionName=CG2_00_01;
                         SolutionFileName=CG2_00_01.sln;
                         SolutionPath=C:\CG\CG2_00_01\submission_ready_20260730_165019\LE3C_26_ヨシノ_ゲント\02_プロジェクト\CG2_00_01-CG4_-2\project\CG2_00_01.sln;
                         SolutionExt=.sln;
                       
                   _RestoreSolutionFileUsed = true
                   AndroidTargetsPath = C:\Program Files\Microsoft Visual Studio\18\Community\MSBuild\Microsoft\MDD\Android\V150\
                   AspNetConfiguration = Development
                   Configuration = Development
                   CurrentSolutionConfigurationContents = <SolutionConfiguration>
                     <ProjectConfiguration Project="{3713FB10-CA0E-4AD6-BF62-4D7DEABB031E}" AbsolutePath="C:\CG\CG2_00_01\submission_ready_20260730_165019\LE3C_26_ヨシノ_ゲント\02_プロジェクト\CG2_00_01-CG4_-2\project\CG2_00_01.vcxproj" BuildProjectInSolution="True">Development|x64<ProjectDependency Project="{FC6138E7-6881-42E8-A87A-E456388A5A3E}" /></ProjectConfiguration>
                     <ProjectConfiguration Project="{371B9FA9-4C90-4AC6-A123-ACED756D6C77}" AbsolutePath="C:\CG\CG2_00_01\submission_ready_20260730_165019\LE3C_26_ヨシノ_ゲント\02_プロジェクト\CG2_00_01-CG4_-2\project\externals\DirectXTex\DirectXTex_Desktop_2022_Win10.vcxproj" BuildProjectInSolution="True">Development|x64</ProjectConfiguration>
                     <ProjectConfiguration Project="{FC6138E7-6881-42E8-A87A-E456388A5A3E}" AbsolutePath="C:\CG\CG2_00_01\submission_ready_20260730_165019\LE3C_26_ヨシノ_ゲント\02_プロジェクト\CG2_00_01-CG4_-2\project\externals\imgui\imgui.vcxproj" BuildProjectInSolution="True">Debug|x64</ProjectConfiguration>
                   </SolutionConfiguration>
                   FrameworkSDKRoot = C:\Program Files (x86)\Microsoft SDKs\Windows\v10.0A\
                   GetReferenceNearestTargetFrameworkTaskSupportsTargetFrameworkPropertyParameter = true
                   GetReferenceNearestTargetFrameworkTaskSupportsTargetPlatformParameter = true
                   HideWarningsAndErrors = false
                   iOSTargetsPath = C:\Program Files\Microsoft Visual Studio\18\Community\MSBuild\Microsoft\MDD\iOS\V150\
                   IsRestoreTargetsFileLoaded = true
                   MSBuildAllProjects = C:\Program Files\Microsoft Visual Studio\18\Community\Common7\IDE\CommonExtensions\Microsoft\NuGet\NuGet.targets
                   MSBuildAssemblyVersion = 18.0
                   MSBuildBinPath = C:\Program Files\Microsoft Visual Studio\18\Community\MSBuild\Current\Bin
                   MSBuildDisableFeaturesFromVersion = 999.999
                   MSBuildExtensionsPath = C:\Program Files\Microsoft Visual Studio\18\Community\MSBuild
                   MSBuildExtensionsPath32 = C:\Program Files\Microsoft Visual Studio\18\Community\MSBuild
                   MSBuildExtensionsPath64 = C:\Program Files\MSBuild
                   MSBuildFileVersion = 18.8.2.30814
                   MSBuildFrameworkToolsPath = C:\WINDOWS\Microsoft.NET\Framework\v4.0.30319\
                   MSBuildFrameworkToolsPath32 = C:\WINDOWS\Microsoft.NET\Framework\v4.0.30319\
                   MSBuildFrameworkToolsPath64 = C:\WINDOWS\Microsoft.NET\Framework64\v4.0.30319\
                   MSBuildFrameworkToolsPathArm64 = C:\WINDOWS\Microsoft.NET\FrameworkArm64\v4.0.30319\
                   MSBuildFrameworkToolsRoot = C:\WINDOWS\Microsoft.NET\Framework\
                   MSBuildLoadMicrosoftTargetsReadOnly = true
                   MSBuildNodeCount = 1
                   MSBuildProgramFiles32 = C:\Program Files (x86)
                   MSBuildProjectDefaultTargets = Build
                   MSBuildProjectDirectory = C:\CG\CG2_00_01\submission_ready_20260730_165019\LE3C_26_ヨシノ_ゲント\02_プロジェクト\CG2_00_01-CG4_-2\project
                   MSBuildProjectDirectoryNoRoot = CG\CG2_00_01\submission_ready_20260730_165019\LE3C_26_ヨシノ_ゲント\02_プロジェクト\CG2_00_01-CG4_-2\project
                   MSBuildProjectExtension = .metaproj
                   MSBuildProjectFile = CG2_00_01.sln.metaproj
                   MSBuildProjectFullPath = C:\CG\CG2_00_01\submission_ready_20260730_165019\LE3C_26_ヨシノ_ゲント\02_プロジェクト\CG2_00_01-CG4_-2\project\CG2_00_01.sln.metaproj
                   MSBuildProjectName = CG2_00_01.sln
                   MSBuildRuntimeType = Full
                   MSBuildRuntimeVersion = 4.0.30319
                   MSBuildSDKsPath = C:\Program Files\Microsoft Visual Studio\18\Community\MSBuild\Sdks
                   MSBuildSemanticVersion = 18.8.2+ce25c0108
                   MSBuildStartupDirectory = C:\CG\CG2_00_01\submission_ready_20260730_165019\LE3C_26_ヨシノ_ゲント\02_プロジェクト\CG2_00_01-CG4_-2\project
                   MSBuildToolsPath = C:\Program Files\Microsoft Visual Studio\18\Community\MSBuild\Current\Bin
                   MSBuildToolsPath32 = C:\Program Files\Microsoft Visual Studio\18\Community\MSBuild\Current\Bin
                   MSBuildToolsPath64 = C:\Program Files\Microsoft Visual Studio\18\Community\MSBuild\Current\Bin\amd64
                   MSBuildToolsRoot = C:\Program Files\Microsoft Visual Studio\18\Community\MSBuild
                   MSBuildToolsVersion = Current
                   MSBuildUserExtensionsPath = C:\Users\K024G\AppData\Local\Microsoft\MSBuild
                   MSBuildVersion = 18.8.2
                   NuGetAudit = true
                   NuGetAuditLevel = low
                   NuGetAuditMode = direct
                   NuGetInteractive = 
                   NuGetRestoreTargets = C:\Program Files\Microsoft Visual Studio\18\Community\MSBuild\..\Common7\IDE\CommonExtensions\Microsoft\NuGet\NuGet.targets
                   PackageDownloadSupported = true
                   Platform = x64
                   RestoreBuildInParallel = true
                   RestoreContinueOnError = WarnAndContinue
                   RestoreEnablePackagePruning = false
                   RestorePackagePruningDefault = false
                   RestoreRecursive = true
                   RestoreTaskAssemblyFile = NuGet.Build.Tasks.dll
                   RestoreUseSkipNonexistentTargets = true
                   RoslynTargetsPath = C:\Program Files\Microsoft Visual Studio\18\Community\MSBuild\Current\Bin\Roslyn
                   SDK35ToolsPath = 
                   SDK40ToolsPath = C:\Program Files (x86)\Microsoft SDKs\Windows\v10.0A\bin\NETFX 4.8.1 Tools\
                   SolutionDir = C:\CG\CG2_00_01\submission_ready_20260730_165019\LE3C_26_ヨシノ_ゲント\02_プロジェクト\CG2_00_01-CG4_-2\project\
                   SolutionExt = .sln
                   SolutionFileName = CG2_00_01.sln
                   SolutionName = CG2_00_01
                   SolutionPath = C:\CG\CG2_00_01\submission_ready_20260730_165019\LE3C_26_ヨシノ_ゲント\02_プロジェクト\CG2_00_01-CG4_-2\project\CG2_00_01.sln
                   TargetFrameworkVersion = v4.0
                   ValidateRuntimeIdentifierCompatibility = false
                   VCTargetsPath = C:\Program Files\Microsoft Visual Studio\18\Community\MSBuild\Microsoft\VC\v180\
                   VCTargetsPath10 = C:\Program Files (x86)\MSBuild\Microsoft.Cpp\v4.0\
                   VCTargetsPath11 = C:\Program Files (x86)\MSBuild\Microsoft.Cpp\v4.0\V110\
                   VCTargetsPath12 = C:\Program Files (x86)\MSBuild\Microsoft.Cpp\v4.0\V120\
                   VCTargetsPath14 = C:\Program Files (x86)\MSBuild\Microsoft.Cpp\v4.0\V140\
                   VisualStudioVersion = 18.0
                   VsInstallRoot = C:\Program Files\Microsoft Visual Studio\18\Community
                   WindowsKitsRoot = C:\Program Files (x86)\Windows Kits\10\
                   WindowsSDK80Path = 

16:55:12.153     0>初期項目:
                   ProjectReference
                       C:\CG\CG2_00_01\submission_ready_20260730_165019\LE3C_26_ヨシノ_ゲント\02_プロジェクト\CG2_00_01-CG4_-2\project\CG2_00_01.vcxproj.metaproj
                           AdditionalProperties = Configuration=Development; Platform=x64
                           Platform = x64
                           Configuration = Development
                           ToolsVersion = Current
                           SkipNonexistentProjects = Build
                       C:\CG\CG2_00_01\submission_ready_20260730_165019\LE3C_26_ヨシノ_ゲント\02_プロジェクト\CG2_00_01-CG4_-2\project\externals\DirectXTex\DirectXTex_Desktop_2022_Win10.vcxproj
                           AdditionalProperties = Configuration=Development; Platform=x64
                           Platform = x64
                           Configuration = Development
                           ToolsVersion = 
                           SkipNonexistentProjects = False
                       C:\CG\CG2_00_01\submission_ready_20260730_165019\LE3C_26_ヨシノ_ゲント\02_プロジェクト\CG2_00_01-CG4_-2\project\externals\imgui\imgui.vcxproj
                           AdditionalProperties = Configuration=Debug; Platform=x64
                           Platform = x64
                           Configuration = Debug
                           ToolsVersion = 
                           SkipNonexistentProjects = False
                   SolutionConfiguration
                       Debug|x64
                           Content = <SolutionConfiguration>
                     <ProjectConfiguration Project="{3713FB10-CA0E-4AD6-BF62-4D7DEABB031E}" AbsolutePath="C:\CG\CG2_00_01\submission_ready_20260730_165019\LE3C_26_ヨシノ_ゲント\02_プロジェクト\CG2_00_01-CG4_-2\project\CG2_00_01.vcxproj" BuildProjectInSolution="True">Debug|x64<ProjectDependency Project="{FC6138E7-6881-42E8-A87A-E456388A5A3E}" /></ProjectConfiguration>
                     <ProjectConfiguration Project="{371B9FA9-4C90-4AC6-A123-ACED756D6C77}" AbsolutePath="C:\CG\CG2_00_01\submission_ready_20260730_165019\LE3C_26_ヨシノ_ゲント\02_プロジェクト\CG2_00_01-CG4_-2\project\externals\DirectXTex\DirectXTex_Desktop_2022_Win10.vcxproj" BuildProjectInSolution="True">Debug|x64</ProjectConfiguration>
                     <ProjectConfiguration Project="{FC6138E7-6881-42E8-A87A-E456388A5A3E}" AbsolutePath="C:\CG\CG2_00_01\submission_ready_20260730_165019\LE3C_26_ヨシノ_ゲント\02_プロジェクト\CG2_00_01-CG4_-2\project\externals\imgui\imgui.vcxproj" BuildProjectInSolution="True">Debug|x64</ProjectConfiguration>
                   </SolutionConfiguration>
                           Platform = x64
                           Configuration = Debug
                       Development|x64
                           Content = <SolutionConfiguration>
                     <ProjectConfiguration Project="{3713FB10-CA0E-4AD6-BF62-4D7DEABB031E}" AbsolutePath="C:\CG\CG2_00_01\submission_ready_20260730_165019\LE3C_26_ヨシノ_ゲント\02_プロジェクト\CG2_00_01-CG4_-2\project\CG2_00_01.vcxproj" BuildProjectInSolution="True">Development|x64<ProjectDependency Project="{FC6138E7-6881-42E8-A87A-E456388A5A3E}" /></ProjectConfiguration>
                     <ProjectConfiguration Project="{371B9FA9-4C90-4AC6-A123-ACED756D6C77}" AbsolutePath="C:\CG\CG2_00_01\submission_ready_20260730_165019\LE3C_26_ヨシノ_ゲント\02_プロジェクト\CG2_00_01-CG4_-2\project\externals\DirectXTex\DirectXTex_Desktop_2022_Win10.vcxproj" BuildProjectInSolution="True">Development|x64</ProjectConfiguration>
                     <ProjectConfiguration Project="{FC6138E7-6881-42E8-A87A-E456388A5A3E}" AbsolutePath="C:\CG\CG2_00_01\submission_ready_20260730_165019\LE3C_26_ヨシノ_ゲント\02_プロジェクト\CG2_00_01-CG4_-2\project\externals\imgui\imgui.vcxproj" BuildProjectInSolution="True">Debug|x64</ProjectConfiguration>
                   </SolutionConfiguration>
                           Platform = x64
                           Configuration = Development
                       Release|x64
                           Content = <SolutionConfiguration>
                     <ProjectConfiguration Project="{3713FB10-CA0E-4AD6-BF62-4D7DEABB031E}" AbsolutePath="C:\CG\CG2_00_01\submission_ready_20260730_165019\LE3C_26_ヨシノ_ゲント\02_プロジェクト\CG2_00_01-CG4_-2\project\CG2_00_01.vcxproj" BuildProjectInSolution="True">Release|x64<ProjectDependency Project="{FC6138E7-6881-42E8-A87A-E456388A5A3E}" /></ProjectConfiguration>
                     <ProjectConfiguration Project="{371B9FA9-4C90-4AC6-A123-ACED756D6C77}" AbsolutePath="C:\CG\CG2_00_01\submission_ready_20260730_165019\LE3C_26_ヨシノ_ゲント\02_プロジェクト\CG2_00_01-CG4_-2\project\externals\DirectXTex\DirectXTex_Desktop_2022_Win10.vcxproj" BuildProjectInSolution="True">Release|x64</ProjectConfiguration>
                     <ProjectConfiguration Project="{FC6138E7-6881-42E8-A87A-E456388A5A3E}" AbsolutePath="C:\CG\CG2_00_01\submission_ready_20260730_165019\LE3C_26_ヨシノ_ゲント\02_プロジェクト\CG2_00_01-CG4_-2\project\externals\imgui\imgui.vcxproj" BuildProjectInSolution="True">Release|x64</ProjectConfiguration>
                   </SolutionConfiguration>
                           Platform = x64
                           Configuration = Release

16:55:12.159     1>ノード 1 上のプロジェクト "C:\CG\CG2_00_01\submission_ready_20260730_165019\LE3C_26_ヨシノ_ゲント\02_プロジェクト\CG2_00_01-CG4_-2\project\CG2_00_01.sln" (Build ターゲット)。
16:55:12.159     1>初期プロパティ:
                   _DirectorySolutionPropsBasePath = 
                   _DirectorySolutionPropsFile = Directory.Solution.props
                   _DirectorySolutionTargetsBasePath = 
                   _DirectorySolutionTargetsFile = Directory.Solution.targets
                   _GenerateRestoreGraphProjectEntryInputProperties = 
                         ExcludeRestorePackageImports=true;
                         _RestoreSolutionFileUsed=true;
                         SolutionDir=C:\CG\CG2_00_01\submission_ready_20260730_165019\LE3C_26_ヨシノ_ゲント\02_プロジェクト\CG2_00_01-CG4_-2\project\;
                         SolutionName=CG2_00_01;
                         SolutionFileName=CG2_00_01.sln;
                         SolutionPath=C:\CG\CG2_00_01\submission_ready_20260730_165019\LE3C_26_ヨシノ_ゲント\02_プロジェクト\CG2_00_01-CG4_-2\project\CG2_00_01.sln;
                         SolutionExt=.sln;
                       
                   _RestoreSolutionFileUsed = true
                   AndroidTargetsPath = C:\Program Files\Microsoft Visual Studio\18\Community\MSBuild\Microsoft\MDD\Android\V150\
                   AspNetConfiguration = Development
                   Configuration = Development
                   CurrentSolutionConfigurationContents = <SolutionConfiguration>
                     <ProjectConfiguration Project="{3713FB10-CA0E-4AD6-BF62-4D7DEABB031E}" AbsolutePath="C:\CG\CG2_00_01\submission_ready_20260730_165019\LE3C_26_ヨシノ_ゲント\02_プロジェクト\CG2_00_01-CG4_-2\project\CG2_00_01.vcxproj" BuildProjectInSolution="True">Development|x64<ProjectDependency Project="{FC6138E7-6881-42E8-A87A-E456388A5A3E}" /></ProjectConfiguration>
                     <ProjectConfiguration Project="{371B9FA9-4C90-4AC6-A123-ACED756D6C77}" AbsolutePath="C:\CG\CG2_00_01\submission_ready_20260730_165019\LE3C_26_ヨシノ_ゲント\02_プロジェクト\CG2_00_01-CG4_-2\project\externals\DirectXTex\DirectXTex_Desktop_2022_Win10.vcxproj" BuildProjectInSolution="True">Development|x64</ProjectConfiguration>
                     <ProjectConfiguration Project="{FC6138E7-6881-42E8-A87A-E456388A5A3E}" AbsolutePath="C:\CG\CG2_00_01\submission_ready_20260730_165019\LE3C_26_ヨシノ_ゲント\02_プロジェクト\CG2_00_01-CG4_-2\project\externals\imgui\imgui.vcxproj" BuildProjectInSolution="True">Debug|x64</ProjectConfiguration>
                   </SolutionConfiguration>
                   FrameworkSDKRoot = C:\Program Files (x86)\Microsoft SDKs\Windows\v10.0A\
                   GetReferenceNearestTargetFrameworkTaskSupportsTargetFrameworkPropertyParameter = true
                   GetReferenceNearestTargetFrameworkTaskSupportsTargetPlatformParameter = true
                   HideWarningsAndErrors = false
                   iOSTargetsPath = C:\Program Files\Microsoft Visual Studio\18\Community\MSBuild\Microsoft\MDD\iOS\V150\
                   IsRestoreTargetsFileLoaded = true
                   MSBuildAllProjects = C:\Program Files\Microsoft Visual Studio\18\Community\Common7\IDE\CommonExtensions\Microsoft\NuGet\NuGet.targets
                   MSBuildAssemblyVersion = 18.0
                   MSBuildBinPath = C:\Program Files\Microsoft Visual Studio\18\Community\MSBuild\Current\Bin
                   MSBuildDisableFeaturesFromVersion = 999.999
                   MSBuildExtensionsPath = C:\Program Files\Microsoft Visual Studio\18\Community\MSBuild
                   MSBuildExtensionsPath32 = C:\Program Files\Microsoft Visual Studio\18\Community\MSBuild
                   MSBuildExtensionsPath64 = C:\Program Files\MSBuild
                   MSBuildFileVersion = 18.8.2.30814
                   MSBuildFrameworkToolsPath = C:\WINDOWS\Microsoft.NET\Framework\v4.0.30319\
                   MSBuildFrameworkToolsPath32 = C:\WINDOWS\Microsoft.NET\Framework\v4.0.30319\
                   MSBuildFrameworkToolsPath64 = C:\WINDOWS\Microsoft.NET\Framework64\v4.0.30319\
                   MSBuildFrameworkToolsPathArm64 = C:\WINDOWS\Microsoft.NET\FrameworkArm64\v4.0.30319\
                   MSBuildFrameworkToolsRoot = C:\WINDOWS\Microsoft.NET\Framework\
                   MSBuildLoadMicrosoftTargetsReadOnly = true
                   MSBuildNodeCount = 1
                   MSBuildProgramFiles32 = C:\Program Files (x86)
                   MSBuildProjectDefaultTargets = Build
                   MSBuildProjectDirectory = C:\CG\CG2_00_01\submission_ready_20260730_165019\LE3C_26_ヨシノ_ゲント\02_プロジェクト\CG2_00_01-CG4_-2\project
                   MSBuildProjectDirectoryNoRoot = CG\CG2_00_01\submission_ready_20260730_165019\LE3C_26_ヨシノ_ゲント\02_プロジェクト\CG2_00_01-CG4_-2\project
                   MSBuildProjectExtension = .metaproj
                   MSBuildProjectFile = CG2_00_01.sln.metaproj
                   MSBuildProjectFullPath = C:\CG\CG2_00_01\submission_ready_20260730_165019\LE3C_26_ヨシノ_ゲント\02_プロジェクト\CG2_00_01-CG4_-2\project\CG2_00_01.sln.metaproj
                   MSBuildProjectName = CG2_00_01.sln
                   MSBuildRuntimeType = Full
                   MSBuildRuntimeVersion = 4.0.30319
                   MSBuildSDKsPath = C:\Program Files\Microsoft Visual Studio\18\Community\MSBuild\Sdks
                   MSBuildSemanticVersion = 18.8.2+ce25c0108
                   MSBuildStartupDirectory = C:\CG\CG2_00_01\submission_ready_20260730_165019\LE3C_26_ヨシノ_ゲント\02_プロジェクト\CG2_00_01-CG4_-2\project
                   MSBuildToolsPath = C:\Program Files\Microsoft Visual Studio\18\Community\MSBuild\Current\Bin
                   MSBuildToolsPath32 = C:\Program Files\Microsoft Visual Studio\18\Community\MSBuild\Current\Bin
                   MSBuildToolsPath64 = C:\Program Files\Microsoft Visual Studio\18\Community\MSBuild\Current\Bin\amd64
                   MSBuildToolsRoot = C:\Program Files\Microsoft Visual Studio\18\Community\MSBuild
                   MSBuildToolsVersion = Current
                   MSBuildUserExtensionsPath = C:\Users\K024G\AppData\Local\Microsoft\MSBuild
                   MSBuildVersion = 18.8.2
                   NuGetAudit = true
                   NuGetAuditLevel = low
                   NuGetAuditMode = direct
                   NuGetInteractive = 
                   NuGetRestoreTargets = C:\Program Files\Microsoft Visual Studio\18\Community\MSBuild\..\Common7\IDE\CommonExtensions\Microsoft\NuGet\NuGet.targets
                   PackageDownloadSupported = true
                   Platform = x64
                   RestoreBuildInParallel = true
                   RestoreContinueOnError = WarnAndContinue
                   RestoreEnablePackagePruning = false
                   RestorePackagePruningDefault = false
                   RestoreRecursive = true
                   RestoreTaskAssemblyFile = NuGet.Build.Tasks.dll
                   RestoreUseSkipNonexistentTargets = true
                   RoslynTargetsPath = C:\Program Files\Microsoft Visual Studio\18\Community\MSBuild\Current\Bin\Roslyn
                   SDK35ToolsPath = 
                   SDK40ToolsPath = C:\Program Files (x86)\Microsoft SDKs\Windows\v10.0A\bin\NETFX 4.8.1 Tools\
                   SolutionDir = C:\CG\CG2_00_01\submission_ready_20260730_165019\LE3C_26_ヨシノ_ゲント\02_プロジェクト\CG2_00_01-CG4_-2\project\
                   SolutionExt = .sln
                   SolutionFileName = CG2_00_01.sln
                   SolutionName = CG2_00_01
                   SolutionPath = C:\CG\CG2_00_01\submission_ready_20260730_165019\LE3C_26_ヨシノ_ゲント\02_プロジェクト\CG2_00_01-CG4_-2\project\CG2_00_01.sln
                   TargetFrameworkVersion = v4.0
                   ValidateRuntimeIdentifierCompatibility = false
                   VCTargetsPath = C:\Program Files\Microsoft Visual Studio\18\Community\MSBuild\Microsoft\VC\v180\
                   VCTargetsPath10 = C:\Program Files (x86)\MSBuild\Microsoft.Cpp\v4.0\
                   VCTargetsPath11 = C:\Program Files (x86)\MSBuild\Microsoft.Cpp\v4.0\V110\
                   VCTargetsPath12 = C:\Program Files (x86)\MSBuild\Microsoft.Cpp\v4.0\V120\
                   VCTargetsPath14 = C:\Program Files (x86)\MSBuild\Microsoft.Cpp\v4.0\V140\
                   VisualStudioVersion = 18.0
                   VsInstallRoot = C:\Program Files\Microsoft Visual Studio\18\Community
                   WindowsKitsRoot = C:\Program Files (x86)\Windows Kits\10\
                   WindowsSDK80Path = 

16:55:12.159     1>初期項目:
                   ProjectReference
                       C:\CG\CG2_00_01\submission_ready_20260730_165019\LE3C_26_ヨシノ_ゲント\02_プロジェクト\CG2_00_01-CG4_-2\project\CG2_00_01.vcxproj.metaproj
                           AdditionalProperties = Configuration=Development; Platform=x64
                           Platform = x64
                           Configuration = Development
                           ToolsVersion = Current
                           SkipNonexistentProjects = Build
                       C:\CG\CG2_00_01\submission_ready_20260730_165019\LE3C_26_ヨシノ_ゲント\02_プロジェクト\CG2_00_01-CG4_-2\project\externals\DirectXTex\DirectXTex_Desktop_2022_Win10.vcxproj
                           AdditionalProperties = Configuration=Development; Platform=x64
                           Platform = x64
                           Configuration = Development
                           ToolsVersion = 
                           SkipNonexistentProjects = False
                       C:\CG\CG2_00_01\submission_ready_20260730_165019\LE3C_26_ヨシノ_ゲント\02_プロジェクト\CG2_00_01-CG4_-2\project\externals\imgui\imgui.vcxproj
                           AdditionalProperties = Configuration=Debug; Platform=x64
                           Platform = x64
                           Configuration = Debug
                           ToolsVersion = 
                           SkipNonexistentProjects = False
                   SolutionConfiguration
                       Debug|x64
                           Content = <SolutionConfiguration>
                     <ProjectConfiguration Project="{3713FB10-CA0E-4AD6-BF62-4D7DEABB031E}" AbsolutePath="C:\CG\CG2_00_01\submission_ready_20260730_165019\LE3C_26_ヨシノ_ゲント\02_プロジェクト\CG2_00_01-CG4_-2\project\CG2_00_01.vcxproj" BuildProjectInSolution="True">Debug|x64<ProjectDependency Project="{FC6138E7-6881-42E8-A87A-E456388A5A3E}" /></ProjectConfiguration>
                     <ProjectConfiguration Project="{371B9FA9-4C90-4AC6-A123-ACED756D6C77}" AbsolutePath="C:\CG\CG2_00_01\submission_ready_20260730_165019\LE3C_26_ヨシノ_ゲント\02_プロジェクト\CG2_00_01-CG4_-2\project\externals\DirectXTex\DirectXTex_Desktop_2022_Win10.vcxproj" BuildProjectInSolution="True">Debug|x64</ProjectConfiguration>
                     <ProjectConfiguration Project="{FC6138E7-6881-42E8-A87A-E456388A5A3E}" AbsolutePath="C:\CG\CG2_00_01\submission_ready_20260730_165019\LE3C_26_ヨシノ_ゲント\02_プロジェクト\CG2_00_01-CG4_-2\project\externals\imgui\imgui.vcxproj" BuildProjectInSolution="True">Debug|x64</ProjectConfiguration>
                   </SolutionConfiguration>
                           Platform = x64
                           Configuration = Debug
                       Development|x64
                           Content = <SolutionConfiguration>
                     <ProjectConfiguration Project="{3713FB10-CA0E-4AD6-BF62-4D7DEABB031E}" AbsolutePath="C:\CG\CG2_00_01\submission_ready_20260730_165019\LE3C_26_ヨシノ_ゲント\02_プロジェクト\CG2_00_01-CG4_-2\project\CG2_00_01.vcxproj" BuildProjectInSolution="True">Development|x64<ProjectDependency Project="{FC6138E7-6881-42E8-A87A-E456388A5A3E}" /></ProjectConfiguration>
                     <ProjectConfiguration Project="{371B9FA9-4C90-4AC6-A123-ACED756D6C77}" AbsolutePath="C:\CG\CG2_00_01\submission_ready_20260730_165019\LE3C_26_ヨシノ_ゲント\02_プロジェクト\CG2_00_01-CG4_-2\project\externals\DirectXTex\DirectXTex_Desktop_2022_Win10.vcxproj" BuildProjectInSolution="True">Development|x64</ProjectConfiguration>
                     <ProjectConfiguration Project="{FC6138E7-6881-42E8-A87A-E456388A5A3E}" AbsolutePath="C:\CG\CG2_00_01\submission_ready_20260730_165019\LE3C_26_ヨシノ_ゲント\02_プロジェクト\CG2_00_01-CG4_-2\project\externals\imgui\imgui.vcxproj" BuildProjectInSolution="True">Debug|x64</ProjectConfiguration>
                   </SolutionConfiguration>
                           Platform = x64
                           Configuration = Development
                       Release|x64
                           Content = <SolutionConfiguration>
                     <ProjectConfiguration Project="{3713FB10-CA0E-4AD6-BF62-4D7DEABB031E}" AbsolutePath="C:\CG\CG2_00_01\submission_ready_20260730_165019\LE3C_26_ヨシノ_ゲント\02_プロジェクト\CG2_00_01-CG4_-2\project\CG2_00_01.vcxproj" BuildProjectInSolution="True">Release|x64<ProjectDependency Project="{FC6138E7-6881-42E8-A87A-E456388A5A3E}" /></ProjectConfiguration>
                     <ProjectConfiguration Project="{371B9FA9-4C90-4AC6-A123-ACED756D6C77}" AbsolutePath="C:\CG\CG2_00_01\submission_ready_20260730_165019\LE3C_26_ヨシノ_ゲント\02_プロジェクト\CG2_00_01-CG4_-2\project\externals\DirectXTex\DirectXTex_Desktop_2022_Win10.vcxproj" BuildProjectInSolution="True">Release|x64</ProjectConfiguration>
                     <ProjectConfiguration Project="{FC6138E7-6881-42E8-A87A-E456388A5A3E}" AbsolutePath="C:\CG\CG2_00_01\submission_ready_20260730_165019\LE3C_26_ヨシノ_ゲント\02_プロジェクト\CG2_00_01-CG4_-2\project\externals\imgui\imgui.vcxproj" BuildProjectInSolution="True">Release|x64</ProjectConfiguration>
                   </SolutionConfiguration>
                           Platform = x64
                           Configuration = Release

16:55:12.162     1>ファイル "C:\CG\CG2_00_01\submission_ready_20260730_165019\LE3C_26_ヨシノ_ゲント\02_プロジェクト\CG2_00_01-CG4_-2\project\CG2_00_01.sln.metaproj" 内にある、プロジェクト "C:\CG\CG2_00_01\submission_ready_20260730_165019\LE3C_26_ヨシノ_ゲント\02_プロジェクト\CG2_00_01-CG4_-2\project\CG2_00_01.sln" からのターゲット "ValidateSolutionConfiguration: (ターゲット ID: 2)" (エントリ ポイント):
16:55:12.171     1>"Message" タスクをアセンブリ "Microsoft.Build.Tasks.Core, Version=15.1.0.0, Culture=neutral, PublicKeyToken=b03f5f7f11d50a3a" から使用しています。
                   タスク "Message" (TaskId: 2)
                     タスク パラメーター:Text=ソリューション構成 "Development|x64" をビルドしています。 (TaskId: 2)
                     ソリューション構成 "Development|x64" をビルドしています。 (TaskId: 2)
                   タスク "Message" の実行が終了しました。 (TaskId: 2)
16:55:12.171     1>プロジェクト "CG2_00_01.sln" 内のターゲット "ValidateSolutionConfiguration" のビルドが終了しました。: (ターゲット ID: 2)
16:55:12.171     1>ファイル "C:\CG\CG2_00_01\submission_ready_20260730_165019\LE3C_26_ヨシノ_ゲント\02_プロジェクト\CG2_00_01-CG4_-2\project\CG2_00_01.sln.metaproj" 内にある、プロジェクト "C:\CG\CG2_00_01\submission_ready_20260730_165019\LE3C_26_ヨシノ_ゲント\02_プロジェクト\CG2_00_01-CG4_-2\project\CG2_00_01.sln" からのターゲット "ValidateToolsVersions: (ターゲット ID: 3)" (エントリ ポイント):
16:55:12.171     1>プロジェクト "CG2_00_01.sln" 内のターゲット "ValidateToolsVersions" のビルドが終了しました。: (ターゲット ID: 3)
16:55:12.171     1>ファイル "C:\CG\CG2_00_01\submission_ready_20260730_165019\LE3C_26_ヨシノ_ゲント\02_プロジェクト\CG2_00_01-CG4_-2\project\CG2_00_01.sln.metaproj" 内にある、プロジェクト "C:\CG\CG2_00_01\submission_ready_20260730_165019\LE3C_26_ヨシノ_ゲント\02_プロジェクト\CG2_00_01-CG4_-2\project\CG2_00_01.sln" からのターゲット "ValidateProjects: (ターゲット ID: 4)" (エントリ ポイント):
16:55:12.171     1>プロジェクト "CG2_00_01.sln" 内のターゲット "ValidateProjects" のビルドが終了しました。: (ターゲット ID: 4)
16:55:12.171     1>ファイル "C:\CG\CG2_00_01\submission_ready_20260730_165019\LE3C_26_ヨシノ_ゲント\02_プロジェクト\CG2_00_01-CG4_-2\project\CG2_00_01.sln.metaproj" 内にある、プロジェクト "C:\CG\CG2_00_01\submission_ready_20260730_165019\LE3C_26_ヨシノ_ゲント\02_プロジェクト\CG2_00_01-CG4_-2\project\CG2_00_01.sln" からのターゲット "Build: (ターゲット ID: 5)" (エントリ ポイント):
                   "MSBuild" タスクをアセンブリ "Microsoft.Build.Tasks.Core, Version=15.1.0.0, Culture=neutral, PublicKeyToken=b03f5f7f11d50a3a" から使用しています。
                   タスク "MSBuild" (TaskId: 3)
                     タスク パラメーター:BuildInParallel=True (TaskId: 3)
                     タスク パラメーター:
                         Projects=
                             C:\CG\CG2_00_01\submission_ready_20260730_165019\LE3C_26_ヨシノ_ゲント\02_プロジェクト\CG2_00_01-CG4_-2\project\CG2_00_01.vcxproj.metaproj
                                     AdditionalProperties=Configuration=Development; Platform=x64
                                     Configuration=Development
                                     Platform=x64
                                     SkipNonexistentProjects=Build
                                     ToolsVersion=Current
                             C:\CG\CG2_00_01\submission_ready_20260730_165019\LE3C_26_ヨシノ_ゲント\02_プロジェクト\CG2_00_01-CG4_-2\project\externals\DirectXTex\DirectXTex_Desktop_2022_Win10.vcxproj
                                     AdditionalProperties=Configuration=Development; Platform=x64
                                     Configuration=Development
                                     Platform=x64
                                     SkipNonexistentProjects=False
                                     ToolsVersion=
                             C:\CG\CG2_00_01\submission_ready_20260730_165019\LE3C_26_ヨシノ_ゲント\02_プロジェクト\CG2_00_01-CG4_-2\project\externals\imgui\imgui.vcxproj
                                     AdditionalProperties=Configuration=Debug; Platform=x64
                                     Configuration=Debug
                                     Platform=x64
                                     SkipNonexistentProjects=False
                                     ToolsVersion= (TaskId: 3)
                     タスク パラメーター:
                         Properties=
                             BuildingSolutionFile=true
                             CurrentSolutionConfigurationContents=<SolutionConfiguration>
                       <ProjectConfiguration Project="{3713FB10-CA0E-4AD6-BF62-4D7DEABB031E}" AbsolutePath="C:\CG\CG2_00_01\submission_ready_20260730_165019\LE3C_26_ヨシノ_ゲント\02_プロジェクト\CG2_00_01-CG4_-2\project\CG2_00_01.vcxproj" BuildProjectInSolution="True">Development|x64<ProjectDependency Project="{FC6138E7-6881-42E8-A87A-E456388A5A3E}" /></ProjectConfiguration>
                       <ProjectConfiguration Project="{371B9FA9-4C90-4AC6-A123-ACED756D6C77}" AbsolutePath="C:\CG\CG2_00_01\submission_ready_20260730_165019\LE3C_26_ヨシノ_ゲント\02_プロジェクト\CG2_00_01-CG4_-2\project\externals\DirectXTex\DirectXTex_Desktop_2022_Win10.vcxproj" BuildProjectInSolution="True">Development|x64</ProjectConfiguration>
                       <ProjectConfiguration Project="{FC6138E7-6881-42E8-A87A-E456388A5A3E}" AbsolutePath="C:\CG\CG2_00_01\submission_ready_20260730_165019\LE3C_26_ヨシノ_ゲント\02_プロジェクト\CG2_00_01-CG4_-2\project\externals\imgui\imgui.vcxproj" BuildProjectInSolution="True">Debug|x64</ProjectConfiguration>
                     </SolutionConfiguration>
                             SolutionDir=C:\CG\CG2_00_01\submission_ready_20260730_165019\LE3C_26_ヨシノ_ゲント\02_プロジェクト\CG2_00_01-CG4_-2\project\
                             SolutionExt=.sln
                             SolutionFileName=CG2_00_01.sln
                             SolutionName=CG2_00_01
                             SolutionPath=C:\CG\CG2_00_01\submission_ready_20260730_165019\LE3C_26_ヨシノ_ゲント\02_プロジェクト\CG2_00_01-CG4_-2\project\CG2_00_01.sln (TaskId: 3)
                     グローバル プロパティ: (TaskId: 3)
                       BuildingSolutionFile=true (TaskId: 3)
                       CurrentSolutionConfigurationContents=<SolutionConfiguration>
                       <ProjectConfiguration Project="{3713FB10-CA0E-4AD6-BF62-4D7DEABB031E}" AbsolutePath="C:\CG\CG2_00_01\submission_ready_20260730_165019\LE3C_26_ヨシノ_ゲント\02_プロジェクト\CG2_00_01-CG4_-2\project\CG2_00_01.vcxproj" BuildProjectInSolution="True">Development|x64<ProjectDependency Project="{FC6138E7-6881-42E8-A87A-E456388A5A3E}" /></ProjectConfiguration>
                       <ProjectConfiguration Project="{371B9FA9-4C90-4AC6-A123-ACED756D6C77}" AbsolutePath="C:\CG\CG2_00_01\submission_ready_20260730_165019\LE3C_26_ヨシノ_ゲント\02_プロジェクト\CG2_00_01-CG4_-2\project\externals\DirectXTex\DirectXTex_Desktop_2022_Win10.vcxproj" BuildProjectInSolution="True">Development|x64</ProjectConfiguration>
                       <ProjectConfiguration Project="{FC6138E7-6881-42E8-A87A-E456388A5A3E}" AbsolutePath="C:\CG\CG2_00_01\submission_ready_20260730_165019\LE3C_26_ヨシノ_ゲント\02_プロジェクト\CG2_00_01-CG4_-2\project\externals\imgui\imgui.vcxproj" BuildProjectInSolution="True">Debug|x64</ProjectConfiguration>
                     </SolutionConfiguration> (TaskId: 3)
                       SolutionDir=C:\CG\CG2_00_01\submission_ready_20260730_165019\LE3C_26_ヨシノ_ゲント\02_プロジェクト\CG2_00_01-CG4_-2\project\ (TaskId: 3)
                       SolutionExt=.sln (TaskId: 3)
                       SolutionFileName=CG2_00_01.sln (TaskId: 3)
                       SolutionName=CG2_00_01 (TaskId: 3)
                       SolutionPath=C:\CG\CG2_00_01\submission_ready_20260730_165019\LE3C_26_ヨシノ_ゲント\02_プロジェクト\CG2_00_01-CG4_-2\project\CG2_00_01.sln (TaskId: 3)
                     プロジェクト "C:\CG\CG2_00_01\submission_ready_20260730_165019\LE3C_26_ヨシノ_ゲント\02_プロジェクト\CG2_00_01-CG4_-2\project\CG2_00_01.vcxproj.metaproj" の追加のプロパティ: (TaskId: 3)
                       Configuration=Development (TaskId: 3)
                       Platform=x64 (TaskId: 3)
                     プロジェクト "C:\CG\CG2_00_01\submission_ready_20260730_165019\LE3C_26_ヨシノ_ゲント\02_プロジェクト\CG2_00_01-CG4_-2\project\externals\DirectXTex\DirectXTex_Desktop_2022_Win10.vcxproj" の追加のプロパティ: (TaskId: 3)
                       Configuration=Development (TaskId: 3)
                       Platform=x64 (TaskId: 3)
                     プロジェクト "C:\CG\CG2_00_01\submission_ready_20260730_165019\LE3C_26_ヨシノ_ゲント\02_プロジェクト\CG2_00_01-CG4_-2\project\externals\imgui\imgui.vcxproj" の追加のプロパティ: (TaskId: 3)
                       Configuration=Debug (TaskId: 3)
                       Platform=x64 (TaskId: 3)
16:55:12.159     1>プロジェクト "C:\CG\CG2_00_01\submission_ready_20260730_165019\LE3C_26_ヨシノ_ゲント\02_プロジェクト\CG2_00_01-CG4_-2\project\CG2_00_01.sln" (1) は、ノード 1 上に "C:\CG\CG2_00_01\submission_ready_20260730_165019\LE3C_26_ヨシノ_ゲント\02_プロジェクト\CG2_00_01-CG4_-2\project\CG2_00_01.vcxproj.metaproj" (2) をビルドしています (既定のターゲット)。
16:55:12.174     2>初期プロパティ:
                   _DirectorySolutionPropsBasePath = 
                   _DirectorySolutionPropsFile = Directory.Solution.props
                   _DirectorySolutionTargetsBasePath = 
                   _DirectorySolutionTargetsFile = Directory.Solution.targets
                   _GenerateRestoreGraphProjectEntryInputProperties = 
                         ExcludeRestorePackageImports=true;
                         _RestoreSolutionFileUsed=true;
                         SolutionDir=C:\CG\CG2_00_01\submission_ready_20260730_165019\LE3C_26_ヨシノ_ゲント\02_プロジェクト\CG2_00_01-CG4_-2\project\;
                         SolutionName=CG2_00_01;
                         SolutionFileName=CG2_00_01.sln;
                         SolutionPath=C:\CG\CG2_00_01\submission_ready_20260730_165019\LE3C_26_ヨシノ_ゲント\02_プロジェクト\CG2_00_01-CG4_-2\project\CG2_00_01.sln;
                         SolutionExt=.sln;
                       
                   _RestoreSolutionFileUsed = true
                   AndroidTargetsPath = C:\Program Files\Microsoft Visual Studio\18\Community\MSBuild\Microsoft\MDD\Android\V150\
                   AspNetConfiguration = Development
                   Configuration = Development
                   CurrentSolutionConfigurationContents = <SolutionConfiguration>
                     <ProjectConfiguration Project="{3713FB10-CA0E-4AD6-BF62-4D7DEABB031E}" AbsolutePath="C:\CG\CG2_00_01\submission_ready_20260730_165019\LE3C_26_ヨシノ_ゲント\02_プロジェクト\CG2_00_01-CG4_-2\project\CG2_00_01.vcxproj" BuildProjectInSolution="True">Development|x64<ProjectDependency Project="{FC6138E7-6881-42E8-A87A-E456388A5A3E}" /></ProjectConfiguration>
                     <ProjectConfiguration Project="{371B9FA9-4C90-4AC6-A123-ACED756D6C77}" AbsolutePath="C:\CG\CG2_00_01\submission_ready_20260730_165019\LE3C_26_ヨシノ_ゲント\02_プロジェクト\CG2_00_01-CG4_-2\project\externals\DirectXTex\DirectXTex_Desktop_2022_Win10.vcxproj" BuildProjectInSolution="True">Development|x64</ProjectConfiguration>
                     <ProjectConfiguration Project="{FC6138E7-6881-42E8-A87A-E456388A5A3E}" AbsolutePath="C:\CG\CG2_00_01\submission_ready_20260730_165019\LE3C_26_ヨシノ_ゲント\02_プロジェクト\CG2_00_01-CG4_-2\project\externals\imgui\imgui.vcxproj" BuildProjectInSolution="True">Debug|x64</ProjectConfiguration>
                   </SolutionConfiguration>
                   FrameworkSDKRoot = C:\Program Files (x86)\Microsoft SDKs\Windows\v10.0A\
                   GetReferenceNearestTargetFrameworkTaskSupportsTargetFrameworkPropertyParameter = true
                   GetReferenceNearestTargetFrameworkTaskSupportsTargetPlatformParameter = true
                   HideWarningsAndErrors = false
                   iOSTargetsPath = C:\Program Files\Microsoft Visual Studio\18\Community\MSBuild\Microsoft\MDD\iOS\V150\
                   IsRestoreTargetsFileLoaded = true
                   MSBuildAllProjects = C:\Program Files\Microsoft Visual Studio\18\Community\Common7\IDE\CommonExtensions\Microsoft\NuGet\NuGet.targets
                   MSBuildAssemblyVersion = 18.0
                   MSBuildBinPath = C:\Program Files\Microsoft Visual Studio\18\Community\MSBuild\Current\Bin
                   MSBuildDisableFeaturesFromVersion = 999.999
                   MSBuildExtensionsPath = C:\Program Files\Microsoft Visual Studio\18\Community\MSBuild
                   MSBuildExtensionsPath32 = C:\Program Files\Microsoft Visual Studio\18\Community\MSBuild
                   MSBuildExtensionsPath64 = C:\Program Files\MSBuild
                   MSBuildFileVersion = 18.8.2.30814
                   MSBuildFrameworkToolsPath = C:\WINDOWS\Microsoft.NET\Framework\v4.0.30319\
                   MSBuildFrameworkToolsPath32 = C:\WINDOWS\Microsoft.NET\Framework\v4.0.30319\
                   MSBuildFrameworkToolsPath64 = C:\WINDOWS\Microsoft.NET\Framework64\v4.0.30319\
                   MSBuildFrameworkToolsPathArm64 = C:\WINDOWS\Microsoft.NET\FrameworkArm64\v4.0.30319\
                   MSBuildFrameworkToolsRoot = C:\WINDOWS\Microsoft.NET\Framework\
                   MSBuildLoadMicrosoftTargetsReadOnly = true
                   MSBuildNodeCount = 1
                   MSBuildProgramFiles32 = C:\Program Files (x86)
                   MSBuildProjectDefaultTargets = Build
                   MSBuildProjectDirectory = C:\CG\CG2_00_01\submission_ready_20260730_165019\LE3C_26_ヨシノ_ゲント\02_プロジェクト\CG2_00_01-CG4_-2\project
                   MSBuildProjectDirectoryNoRoot = CG\CG2_00_01\submission_ready_20260730_165019\LE3C_26_ヨシノ_ゲント\02_プロジェクト\CG2_00_01-CG4_-2\project
                   MSBuildProjectExtension = .metaproj
                   MSBuildProjectFile = CG2_00_01.sln.metaproj
                   MSBuildProjectFullPath = C:\CG\CG2_00_01\submission_ready_20260730_165019\LE3C_26_ヨシノ_ゲント\02_プロジェクト\CG2_00_01-CG4_-2\project\CG2_00_01.sln.metaproj
                   MSBuildProjectName = CG2_00_01.sln
                   MSBuildRuntimeType = Full
                   MSBuildRuntimeVersion = 4.0.30319
                   MSBuildSDKsPath = C:\Program Files\Microsoft Visual Studio\18\Community\MSBuild\Sdks
                   MSBuildSemanticVersion = 18.8.2+ce25c0108
                   MSBuildStartupDirectory = C:\CG\CG2_00_01\submission_ready_20260730_165019\LE3C_26_ヨシノ_ゲント\02_プロジェクト\CG2_00_01-CG4_-2\project
                   MSBuildToolsPath = C:\Program Files\Microsoft Visual Studio\18\Community\MSBuild\Current\Bin
                   MSBuildToolsPath32 = C:\Program Files\Microsoft Visual Studio\18\Community\MSBuild\Current\Bin
                   MSBuildToolsPath64 = C:\Program Files\Microsoft Visual Studio\18\Community\MSBuild\Current\Bin\amd64
                   MSBuildToolsRoot = C:\Program Files\Microsoft Visual Studio\18\Community\MSBuild
                   MSBuildToolsVersion = Current
                   MSBuildUserExtensionsPath = C:\Users\K024G\AppData\Local\Microsoft\MSBuild
                   MSBuildVersion = 18.8.2
                   NuGetAudit = true
                   NuGetAuditLevel = low
                   NuGetAuditMode = direct
                   NuGetInteractive = 
                   NuGetRestoreTargets = C:\Program Files\Microsoft Visual Studio\18\Community\MSBuild\..\Common7\IDE\CommonExtensions\Microsoft\NuGet\NuGet.targets
                   PackageDownloadSupported = true
                   Platform = x64
                   RestoreBuildInParallel = true
                   RestoreContinueOnError = WarnAndContinue
                   RestoreEnablePackagePruning = false
                   RestorePackagePruningDefault = false
                   RestoreRecursive = true
                   RestoreTaskAssemblyFile = NuGet.Build.Tasks.dll
                   RestoreUseSkipNonexistentTargets = true
                   RoslynTargetsPath = C:\Program Files\Microsoft Visual Studio\18\Community\MSBuild\Current\Bin\Roslyn
                   SDK35ToolsPath = 
                   SDK40ToolsPath = C:\Program Files (x86)\Microsoft SDKs\Windows\v10.0A\bin\NETFX 4.8.1 Tools\
                   SolutionDir = C:\CG\CG2_00_01\submission_ready_20260730_165019\LE3C_26_ヨシノ_ゲント\02_プロジェクト\CG2_00_01-CG4_-2\project\
                   SolutionExt = .sln
                   SolutionFileName = CG2_00_01.sln
                   SolutionName = CG2_00_01
                   SolutionPath = C:\CG\CG2_00_01\submission_ready_20260730_165019\LE3C_26_ヨシノ_ゲント\02_プロジェクト\CG2_00_01-CG4_-2\project\CG2_00_01.sln
                   TargetFrameworkVersion = v4.0
                   ValidateRuntimeIdentifierCompatibility = false
                   VCTargetsPath = C:\Program Files\Microsoft Visual Studio\18\Community\MSBuild\Microsoft\VC\v180\
                   VCTargetsPath10 = C:\Program Files (x86)\MSBuild\Microsoft.Cpp\v4.0\
                   VCTargetsPath11 = C:\Program Files (x86)\MSBuild\Microsoft.Cpp\v4.0\V110\
                   VCTargetsPath12 = C:\Program Files (x86)\MSBuild\Microsoft.Cpp\v4.0\V120\
                   VCTargetsPath14 = C:\Program Files (x86)\MSBuild\Microsoft.Cpp\v4.0\V140\
                   VisualStudioVersion = 18.0
                   VsInstallRoot = C:\Program Files\Microsoft Visual Studio\18\Community
                   WindowsKitsRoot = C:\Program Files (x86)\Windows Kits\10\
                   WindowsSDK80Path = 

16:55:12.174     2>初期項目:
                   ProjectReference
                       C:\CG\CG2_00_01\submission_ready_20260730_165019\LE3C_26_ヨシノ_ゲント\02_プロジェクト\CG2_00_01-CG4_-2\project\externals\imgui\imgui.vcxproj
                           AdditionalProperties = Configuration=Debug; Platform=x64
                           Platform = x64
                           Configuration = Debug
                           ToolsVersion = 
                           SkipNonexistentProjects = False

16:55:12.174     2>プロジェクト "C:\CG\CG2_00_01\submission_ready_20260730_165019\LE3C_26_ヨシノ_ゲント\02_プロジェクト\CG2_00_01-CG4_-2\project\CG2_00_01.vcxproj.metaproj" 内のターゲット"Build: (ターゲット ID: 6)" (エントリ ポイント):
16:55:12.175     2>タスク "MSBuild" (TaskId: 4)
                     タスク パラメーター:BuildInParallel=True (TaskId: 4)
                     タスク パラメーター:
                         Projects=
                             C:\CG\CG2_00_01\submission_ready_20260730_165019\LE3C_26_ヨシノ_ゲント\02_プロジェクト\CG2_00_01-CG4_-2\project\externals\imgui\imgui.vcxproj
                                     AdditionalProperties=Configuration=Debug; Platform=x64
                                     Configuration=Debug
                                     Platform=x64
                                     SkipNonexistentProjects=False
                                     ToolsVersion= (TaskId: 4)
                     タスク パラメーター:
                         Properties=
                             BuildingSolutionFile=true
                             CurrentSolutionConfigurationContents=<SolutionConfiguration>
                       <ProjectConfiguration Project="{3713FB10-CA0E-4AD6-BF62-4D7DEABB031E}" AbsolutePath="C:\CG\CG2_00_01\submission_ready_20260730_165019\LE3C_26_ヨシノ_ゲント\02_プロジェクト\CG2_00_01-CG4_-2\project\CG2_00_01.vcxproj" BuildProjectInSolution="True">Development|x64<ProjectDependency Project="{FC6138E7-6881-42E8-A87A-E456388A5A3E}" /></ProjectConfiguration>
                       <ProjectConfiguration Project="{371B9FA9-4C90-4AC6-A123-ACED756D6C77}" AbsolutePath="C:\CG\CG2_00_01\submission_ready_20260730_165019\LE3C_26_ヨシノ_ゲント\02_プロジェクト\CG2_00_01-CG4_-2\project\externals\DirectXTex\DirectXTex_Desktop_2022_Win10.vcxproj" BuildProjectInSolution="True">Development|x64</ProjectConfiguration>
                       <ProjectConfiguration Project="{FC6138E7-6881-42E8-A87A-E456388A5A3E}" AbsolutePath="C:\CG\CG2_00_01\submission_ready_20260730_165019\LE3C_26_ヨシノ_ゲント\02_プロジェクト\CG2_00_01-CG4_-2\project\externals\imgui\imgui.vcxproj" BuildProjectInSolution="True">Debug|x64</ProjectConfiguration>
                     </SolutionConfiguration>
                             SolutionDir=C:\CG\CG2_00_01\submission_ready_20260730_165019\LE3C_26_ヨシノ_ゲント\02_プロジェクト\CG2_00_01-CG4_-2\project\
                             SolutionExt=.sln
                             SolutionFileName=CG2_00_01.sln
                             SolutionName=CG2_00_01
                             SolutionPath=C:\CG\CG2_00_01\submission_ready_20260730_165019\LE3C_26_ヨシノ_ゲント\02_プロジェクト\CG2_00_01-CG4_-2\project\CG2_00_01.sln (TaskId: 4)
                     グローバル プロパティ: (TaskId: 4)
                       BuildingSolutionFile=true (TaskId: 4)
                       CurrentSolutionConfigurationContents=<SolutionConfiguration>
                       <ProjectConfiguration Project="{3713FB10-CA0E-4AD6-BF62-4D7DEABB031E}" AbsolutePath="C:\CG\CG2_00_01\submission_ready_20260730_165019\LE3C_26_ヨシノ_ゲント\02_プロジェクト\CG2_00_01-CG4_-2\project\CG2_00_01.vcxproj" BuildProjectInSolution="True">Development|x64<ProjectDependency Project="{FC6138E7-6881-42E8-A87A-E456388A5A3E}" /></ProjectConfiguration>
                       <ProjectConfiguration Project="{371B9FA9-4C90-4AC6-A123-ACED756D6C77}" AbsolutePath="C:\CG\CG2_00_01\submission_ready_20260730_165019\LE3C_26_ヨシノ_ゲント\02_プロジェクト\CG2_00_01-CG4_-2\project\externals\DirectXTex\DirectXTex_Desktop_2022_Win10.vcxproj" BuildProjectInSolution="True">Development|x64</ProjectConfiguration>
                       <ProjectConfiguration Project="{FC6138E7-6881-42E8-A87A-E456388A5A3E}" AbsolutePath="C:\CG\CG2_00_01\submission_ready_20260730_165019\LE3C_26_ヨシノ_ゲント\02_プロジェクト\CG2_00_01-CG4_-2\project\externals\imgui\imgui.vcxproj" BuildProjectInSolution="True">Debug|x64</ProjectConfiguration>
                     </SolutionConfiguration> (TaskId: 4)
                       SolutionDir=C:\CG\CG2_00_01\submission_ready_20260730_165019\LE3C_26_ヨシノ_ゲント\02_プロジェクト\CG2_00_01-CG4_-2\project\ (TaskId: 4)
                       SolutionExt=.sln (TaskId: 4)
                       SolutionFileName=CG2_00_01.sln (TaskId: 4)
                       SolutionName=CG2_00_01 (TaskId: 4)
                       SolutionPath=C:\CG\CG2_00_01\submission_ready_20260730_165019\LE3C_26_ヨシノ_ゲント\02_プロジェクト\CG2_00_01-CG4_-2\project\CG2_00_01.sln (TaskId: 4)
                     プロジェクト "C:\CG\CG2_00_01\submission_ready_20260730_165019\LE3C_26_ヨシノ_ゲント\02_プロジェクト\CG2_00_01-CG4_-2\project\externals\imgui\imgui.vcxproj" の追加のプロパティ: (TaskId: 4)
                       Configuration=Debug (TaskId: 4)
                       Platform=x64 (TaskId: 4)
16:55:14.408     0>プロパティの再代入: $(MSBuildExtensionsPath)="C:\Program Files\Microsoft Visual Studio\18\Community\MSBuild" (以前の値: "C:\Program Files (x86)\MSBuild") 
                   プロパティの再代入: $(MSBuildExtensionsPath32)="C:\Program Files\Microsoft Visual Studio\18\Community\MSBuild" (以前の値: "C:\Program Files (x86)\MSBuild") 
                   $(MSBuildExtensionsPath) で使用されている検索パスは C:\Program Files\Microsoft Visual Studio\18\Community\MSBuild;$(MSBuildProgramFiles32)\MSBuild です
                   拡張パス C:\Program Files\Microsoft Visual Studio\18\Community\MSBuild を使用して C:\Program Files\Microsoft Visual Studio\18\Community\MSBuild\$(MSBuildToolsVersion)\Microsoft.Common.props をインポートしようとしています
                   C:\Program Files\Microsoft Visual Studio\18\Community\MSBuild\Current\Microsoft.Common.props(60,5): message : プロパティの再代入: $(MSBuildProjectExtensionsPath)="C:\CG\CG2_00_01\submission_ready_20260730_165019\LE3C_26_ヨシノ_ゲント\02_プロジェクト\CG2_00_01-CG4_-2\project\externals\imgui\obj\" (以前の値: "obj\") C:\Program Files\Microsoft Visual Studio\18\Community\MSBuild\Current\Microsoft.Common.props (60,5)
                   C:\Program Files\Microsoft Visual Studio\18\Community\MSBuild\Current\Microsoft.Common.props(84,119): message : 環境から展開された 'C:\Users\K024G\AppData\Local\Microsoft\MSBuild' 値を持つプロパティ 'MSBuildUserExtensionsPath'。
                   $(MSBuildExtensionsPath) で使用されている検索パスは C:\Program Files\Microsoft Visual Studio\18\Community\MSBuild;$(MSBuildProgramFiles32)\MSBuild です
                   拡張パス C:\Program Files\Microsoft Visual Studio\18\Community\MSBuild を使用して C:\Program Files\Microsoft Visual Studio\18\Community\MSBuild\$(MSBuildToolsVersion)\Imports\Microsoft.Common.props\ImportBefore\* をインポートしようとしています
                   "Configuration" プロパティはグローバル プロパティであり、変更できません。
                   $(MSBuildExtensionsPath) で使用されている検索パスは C:\Program Files\Microsoft Visual Studio\18\Community\MSBuild;$(MSBuildProgramFiles32)\MSBuild です
                   拡張パス C:\Program Files\Microsoft Visual Studio\18\Community\MSBuild を使用して C:\Program Files\Microsoft Visual Studio\18\Community\MSBuild\$(MSBuildToolsVersion)\Microsoft.VisualStudioVersion.v*.Common.props をインポートしようとしています
                   拡張パス C:\Program Files (x86)\MSBuild を使用して C:\Program Files (x86)\MSBuild\$(MSBuildToolsVersion)\Microsoft.VisualStudioVersion.v*.Common.props をインポートしようとしています
                   $(MSBuildExtensionsPath) で使用されている検索パスは C:\Program Files\Microsoft Visual Studio\18\Community\MSBuild;$(MSBuildProgramFiles32)\MSBuild です
                   "Configuration" プロパティはグローバル プロパティであり、変更できません。
                   "SolutionDir" プロパティはグローバル プロパティであり、変更できません。
                   C:\Program Files\Microsoft Visual Studio\18\Community\MSBuild\Microsoft\VC\v180\Microsoft.Cpp.Default.props(227,5): message : 環境から展開された 'C:\Users\K024G\AppData\Local' 値を持つプロパティ 'LOCALAPPDATA'。
                   C:\CG\CG2_00_01\submission_ready_20260730_165019\LE3C_26_ヨシノ_ゲント\02_プロジェクト\CG2_00_01-CG4_-2\project\externals\imgui\imgui.vcxproj(43,5): message : プロパティの再代入: $(ConfigurationType)="StaticLibrary" (以前の値: "Application") C:\CG\CG2_00_01\submission_ready_20260730_165019\LE3C_26_ヨシノ_ゲント\02_プロジェクト\CG2_00_01-CG4_-2\project\externals\imgui\imgui.vcxproj (43,5)
                   C:\CG\CG2_00_01\submission_ready_20260730_165019\LE3C_26_ヨシノ_ゲント\02_プロジェクト\CG2_00_01-CG4_-2\project\externals\imgui\imgui.vcxproj(44,5): message : プロパティの再代入: $(UseDebugLibraries)="true" (以前の値: "false") C:\CG\CG2_00_01\submission_ready_20260730_165019\LE3C_26_ヨシノ_ゲント\02_プロジェクト\CG2_00_01-CG4_-2\project\externals\imgui\imgui.vcxproj (44,5)
                   C:\CG\CG2_00_01\submission_ready_20260730_165019\LE3C_26_ヨシノ_ゲント\02_プロジェクト\CG2_00_01-CG4_-2\project\externals\imgui\imgui.vcxproj(46,5): message : プロパティの再代入: $(CharacterSet)="Unicode" (以前の値: "NotSet") C:\CG\CG2_00_01\submission_ready_20260730_165019\LE3C_26_ヨシノ_ゲント\02_プロジェクト\CG2_00_01-CG4_-2\project\externals\imgui\imgui.vcxproj (46,5)
                   C:\Program Files\Microsoft Visual Studio\18\Community\MSBuild\Microsoft\VC\v180\Microsoft.Cpp.ToolsetLocation.props(81,32): message : 環境から展開された 'x86' 値を持つプロパティ 'PROCESSOR_ARCHITECTURE'。
                   C:\Program Files\Microsoft Visual Studio\18\Community\MSBuild\Microsoft\VC\v180\Microsoft.Cpp.WindowsSDK.props(197,5): message : プロパティの再代入: $(WindowsSDK_ExecutablePath_x86)="C:\Program Files (x86)\Windows Kits\10\bin\10.0.26100.0\x86;;C:\Program Files (x86)\Microsoft SDKs\Windows\v10.0A\bin\NETFX 4.8.1 Tools" (以前の値: "C:\Program Files (x86)\Windows Kits\10\bin\10.0.26100.0\x86;") C:\Program Files\Microsoft Visual Studio\18\Community\MSBuild\Microsoft\VC\v180\Microsoft.Cpp.WindowsSDK.props (197,5)
                   C:\Program Files\Microsoft Visual Studio\18\Community\MSBuild\Microsoft\VC\v180\Microsoft.Cpp.WindowsSDK.props(198,5): message : プロパティの再代入: $(WindowsSDK_ExecutablePath_x64)="C:\Program Files (x86)\Windows Kits\10\bin\10.0.26100.0\x64;;C:\Program Files (x86)\Microsoft SDKs\Windows\v10.0A\bin\NETFX 4.8.1 Tools\x64" (以前の値: "C:\Program Files (x86)\Windows Kits\10\bin\10.0.26100.0\x64;") C:\Program Files\Microsoft Visual Studio\18\Community\MSBuild\Microsoft\VC\v180\Microsoft.Cpp.WindowsSDK.props (198,5)
                   C:\Program Files\Microsoft Visual Studio\18\Community\MSBuild\Microsoft\VC\v180\Microsoft.Cpp.Common.props(43,5): message : プロパティの再代入: $(TargetExt)=".lib" (以前の値: "") C:\Program Files\Microsoft Visual Studio\18\Community\MSBuild\Microsoft\VC\v180\Microsoft.Cpp.Common.props (43,5)
                   C:\Program Files\Microsoft Visual Studio\18\Community\MSBuild\Microsoft\VC\v180\Microsoft.Cpp.Common.props(89,5): message : プロパティの再代入: $(VC_ExecutablePath_Loc)="C:\Program Files\Microsoft Visual Studio\18\Community\VC\Tools\MSVC\14.51.36231\bin\HostX64\x64\1033;C:\Program Files\Microsoft Visual Studio\18\Community\VC\Tools\MSVC\14.51.36231\bin\HostX64\x86\1033;;;" (以前の値: "C:\Program Files\Microsoft Visual Studio\18\Community\VC\Tools\MSVC\14.51.36231\bin\HostX64\x86\1033;;") C:\Program Files\Microsoft Visual Studio\18\Community\MSBuild\Microsoft\VC\v180\Microsoft.Cpp.Common.props (89,5)
                   C:\Program Files\Microsoft Visual Studio\18\Community\MSBuild\Microsoft\VC\v180\Microsoft.Cpp.Common.props(90,5): message : プロパティの再代入: $(VC_ExecutablePath_Loc)="C:\Program Files\Microsoft Visual Studio\18\Community\VC\Tools\MSVC\14.51.36231\bin\HostX64\arm\1033;C:\Program Files\Microsoft Visual Studio\18\Community\VC\Tools\MSVC\14.51.36231\bin\HostX64\x64\1033;C:\Program Files\Microsoft Visual Studio\18\Community\VC\Tools\MSVC\14.51.36231\bin\HostX64\x86\1033;;;;" (以前の値: "C:\Program Files\Microsoft Visual Studio\18\Community\VC\Tools\MSVC\14.51.36231\bin\HostX64\x64\1033;C:\Program Files\Microsoft Visual Studio\18\Community\VC\Tools\MSVC\14.51.36231\bin\HostX64\x86\1033;;;") C:\Program Files\Microsoft Visual Studio\18\Community\MSBuild\Microsoft\VC\v180\Microsoft.Cpp.Common.props (90,5)
                   C:\Program Files\Microsoft Visual Studio\18\Community\MSBuild\Microsoft\VC\v180\Microsoft.Cpp.Common.props(91,5): message : プロパティの再代入: $(VC_ExecutablePath_Loc)="C:\Program Files\Microsoft Visual Studio\18\Community\VC\Tools\MSVC\14.51.36231\bin\HostX64\arm64\1033;C:\Program Files\Microsoft Visual Studio\18\Community\VC\Tools\MSVC\14.51.36231\bin\HostX64\arm\1033;C:\Program Files\Microsoft Visual Studio\18\Community\VC\Tools\MSVC\14.51.36231\bin\HostX64\x64\1033;C:\Program Files\Microsoft Visual Studio\18\Community\VC\Tools\MSVC\14.51.36231\bin\HostX64\x86\1033;;;;;" (以前の値: "C:\Program Files\Microsoft Visual Studio\18\Community\VC\Tools\MSVC\14.51.36231\bin\HostX64\arm\1033;C:\Program Files\Microsoft Visual Studio\18\Community\VC\Tools\MSVC\14.51.36231\bin\HostX64\x64\1033;C:\Program Files\Microsoft Visual Studio\18\Community\VC\Tools\MSVC\14.51.36231\bin\HostX64\x86\1033;;;;") C:\Program Files\Microsoft Visual Studio\18\Community\MSBuild\Microsoft\VC\v180\Microsoft.Cpp.Common.props (91,5)
                   C:\Program Files\Microsoft Visual Studio\18\Community\MSBuild\Microsoft\VC\v180\Microsoft.Cpp.Common.props(92,5): message : プロパティの再代入: $(VC_ExecutablePath_Loc)="C:\Program Files\Microsoft Visual Studio\18\Community\VC\Tools\MSVC\14.51.36231\bin\HostX86\x86\1033;C:\Program Files\Microsoft Visual Studio\18\Community\VC\Tools\MSVC\14.51.36231\bin\HostX64\arm64\1033;C:\Program Files\Microsoft Visual Studio\18\Community\VC\Tools\MSVC\14.51.36231\bin\HostX64\arm\1033;C:\Program Files\Microsoft Visual Studio\18\Community\VC\Tools\MSVC\14.51.36231\bin\HostX64\x64\1033;C:\Program Files\Microsoft Visual Studio\18\Community\VC\Tools\MSVC\14.51.36231\bin\HostX64\x86\1033;;;;;;" (以前の値: "C:\Program Files\Microsoft Visual Studio\18\Community\VC\Tools\MSVC\14.51.36231\bin\HostX64\arm64\1033;C:\Program Files\Microsoft Visual Studio\18\Community\VC\Tools\MSVC\14.51.36231\bin\HostX64\arm\1033;C:\Program Files\Microsoft Visual Studio\18\Community\VC\Tools\MSVC\14.51.36231\bin\HostX64\x64\1033;C:\Program Files\Microsoft Visual Studio\18\Community\VC\Tools\MSVC\14.51.36231\bin\HostX64\x86\1033;;;;;") C:\Program Files\Microsoft Visual Studio\18\Community\MSBuild\Microsoft\VC\v180\Microsoft.Cpp.Common.props (92,5)
                   C:\Program Files\Microsoft Visual Studio\18\Community\MSBuild\Microsoft\VC\v180\Microsoft.Cpp.Common.props(93,5): message : プロパティの再代入: $(VC_ExecutablePath_Loc)="C:\Program Files\Microsoft Visual Studio\18\Community\VC\Tools\MSVC\14.51.36231\bin\HostX86\x64\1033;C:\Program Files\Microsoft Visual Studio\18\Community\VC\Tools\MSVC\14.51.36231\bin\HostX86\x86\1033;C:\Program Files\Microsoft Visual Studio\18\Community\VC\Tools\MSVC\14.51.36231\bin\HostX64\arm64\1033;C:\Program Files\Microsoft Visual Studio\18\Community\VC\Tools\MSVC\14.51.36231\bin\HostX64\arm\1033;C:\Program Files\Microsoft Visual Studio\18\Community\VC\Tools\MSVC\14.51.36231\bin\HostX64\x64\1033;C:\Program Files\Microsoft Visual Studio\18\Community\VC\Tools\MSVC\14.51.36231\bin\HostX64\x86\1033;;;;;;;" (以前の値: "C:\Program Files\Microsoft Visual Studio\18\Community\VC\Tools\MSVC\14.51.36231\bin\HostX86\x86\1033;C:\Program Files\Microsoft Visual Studio\18\Community\VC\Tools\MSVC\14.51.36231\bin\HostX64\arm64\1033;C:\Program Files\Microsoft Visual Studio\18\Community\VC\Tools\MSVC\14.51.36231\bin\HostX64\arm\1033;C:\Program Files\Microsoft Visual Studio\18\Community\VC\Tools\MSVC\14.51.36231\bin\HostX64\x64\1033;C:\Program Files\Microsoft Visual Studio\18\Community\VC\Tools\MSVC\14.51.36231\bin\HostX64\x86\1033;;;;;;") C:\Program Files\Microsoft Visual Studio\18\Community\MSBuild\Microsoft\VC\v180\Microsoft.Cpp.Common.props (93,5)
                   C:\Program Files\Microsoft Visual Studio\18\Community\MSBuild\Microsoft\VC\v180\Microsoft.Cpp.Common.props(94,5): message : プロパティの再代入: $(VC_ExecutablePath_Loc)="C:\Program Files\Microsoft Visual Studio\18\Community\VC\Tools\MSVC\14.51.36231\bin\HostX86\arm64\1033;C:\Program Files\Microsoft Visual Studio\18\Community\VC\Tools\MSVC\14.51.36231\bin\HostX86\x64\1033;C:\Program Files\Microsoft Visual Studio\18\Community\VC\Tools\MSVC\14.51.36231\bin\HostX86\x86\1033;C:\Program Files\Microsoft Visual Studio\18\Community\VC\Tools\MSVC\14.51.36231\bin\HostX64\arm64\1033;C:\Program Files\Microsoft Visual Studio\18\Community\VC\Tools\MSVC\14.51.36231\bin\HostX64\arm\1033;C:\Program Files\Microsoft Visual Studio\18\Community\VC\Tools\MSVC\14.51.36231\bin\HostX64\x64\1033;C:\Program Files\Microsoft Visual Studio\18\Community\VC\Tools\MSVC\14.51.36231\bin\HostX64\x86\1033;;;;;;;;" (以前の値: "C:\Program Files\Microsoft Visual Studio\18\Community\VC\Tools\MSVC\14.51.36231\bin\HostX86\x64\1033;C:\Program Files\Microsoft Visual Studio\18\Community\VC\Tools\MSVC\14.51.36231\bin\HostX86\x86\1033;C:\Program Files\Microsoft Visual Studio\18\Community\VC\Tools\MSVC\14.51.36231\bin\HostX64\arm64\1033;C:\Program Files\Microsoft Visual Studio\18\Community\VC\Tools\MSVC\14.51.36231\bin\HostX64\arm\1033;C:\Program Files\Microsoft Visual Studio\18\Community\VC\Tools\MSVC\14.51.36231\bin\HostX64\x64\1033;C:\Program Files\Microsoft Visual Studio\18\Community\VC\Tools\MSVC\14.51.36231\bin\HostX64\x86\1033;;;;;;;") C:\Program Files\Microsoft Visual Studio\18\Community\MSBuild\Microsoft\VC\v180\Microsoft.Cpp.Common.props (94,5)
                   C:\Program Files\Microsoft Visual Studio\18\Community\MSBuild\Microsoft\VC\v180\Microsoft.Cpp.Common.props(95,5): message : プロパティの再代入: $(VC_ExecutablePath_Loc)="C:\Program Files\Microsoft Visual Studio\18\Community\VC\Tools\MSVC\14.51.36231\bin\HostArm64\x86\1033;C:\Program Files\Microsoft Visual Studio\18\Community\VC\Tools\MSVC\14.51.36231\bin\HostX86\arm64\1033;C:\Program Files\Microsoft Visual Studio\18\Community\VC\Tools\MSVC\14.51.36231\bin\HostX86\x64\1033;C:\Program Files\Microsoft Visual Studio\18\Community\VC\Tools\MSVC\14.51.36231\bin\HostX86\x86\1033;C:\Program Files\Microsoft Visual Studio\18\Community\VC\Tools\MSVC\14.51.36231\bin\HostX64\arm64\1033;C:\Program Files\Microsoft Visual Studio\18\Community\VC\Tools\MSVC\14.51.36231\bin\HostX64\arm\1033;C:\Program Files\Microsoft Visual Studio\18\Community\VC\Tools\MSVC\14.51.36231\bin\HostX64\x64\1033;C:\Program Files\Microsoft Visual Studio\18\Community\VC\Tools\MSVC\14.51.36231\bin\HostX64\x86\1033;;;;;;;;;" (以前の値: "C:\Program Files\Microsoft Visual Studio\18\Community\VC\Tools\MSVC\14.51.36231\bin\HostX86\arm64\1033;C:\Program Files\Microsoft Visual Studio\18\Community\VC\Tools\MSVC\14.51.36231\bin\HostX86\x64\1033;C:\Program Files\Microsoft Visual Studio\18\Community\VC\Tools\MSVC\14.51.36231\bin\HostX86\x86\1033;C:\Program Files\Microsoft Visual Studio\18\Community\VC\Tools\MSVC\14.51.36231\bin\HostX64\arm64\1033;C:\Program Files\Microsoft Visual Studio\18\Community\VC\Tools\MSVC\14.51.36231\bin\HostX64\arm\1033;C:\Program Files\Microsoft Visual Studio\18\Community\VC\Tools\MSVC\14.51.36231\bin\HostX64\x64\1033;C:\Program Files\Microsoft Visual Studio\18\Community\VC\Tools\MSVC\14.51.36231\bin\HostX64\x86\1033;;;;;;;;") C:\Program Files\Microsoft Visual Studio\18\Community\MSBuild\Microsoft\VC\v180\Microsoft.Cpp.Common.props (95,5)
                   C:\Program Files\Microsoft Visual Studio\18\Community\MSBuild\Microsoft\VC\v180\Microsoft.Cpp.Common.props(96,5): message : プロパティの再代入: $(VC_ExecutablePath_Loc)="C:\Program Files\Microsoft Visual Studio\18\Community\VC\Tools\MSVC\14.51.36231\bin\HostArm64\x64\1033;C:\Program Files\Microsoft Visual Studio\18\Community\VC\Tools\MSVC\14.51.36231\bin\HostArm64\x86\1033;C:\Program Files\Microsoft Visual Studio\18\Community\VC\Tools\MSVC\14.51.36231\bin\HostX86\arm64\1033;C:\Program Files\Microsoft Visual Studio\18\Community\VC\Tools\MSVC\14.51.36231\bin\HostX86\x64\1033;C:\Program Files\Microsoft Visual Studio\18\Community\VC\Tools\MSVC\14.51.36231\bin\HostX86\x86\1033;C:\Program Files\Microsoft Visual Studio\18\Community\VC\Tools\MSVC\14.51.36231\bin\HostX64\arm64\1033;C:\Program Files\Microsoft Visual Studio\18\Community\VC\Tools\MSVC\14.51.36231\bin\HostX64\arm\1033;C:\Program Files\Microsoft Visual Studio\18\Community\VC\Tools\MSVC\14.51.36231\bin\HostX64\x64\1033;C:\Program Files\Microsoft Visual Studio\18\Community\VC\Tools\MSVC\14.51.36231\bin\HostX64\x86\1033;;;;;;;;;;" (以前の値: "C:\Program Files\Microsoft Visual Studio\18\Community\VC\Tools\MSVC\14.51.36231\bin\HostArm64\x86\1033;C:\Program Files\Microsoft Visual Studio\18\Community\VC\Tools\MSVC\14.51.36231\bin\HostX86\arm64\1033;C:\Program Files\Microsoft Visual Studio\18\Community\VC\Tools\MSVC\14.51.36231\bin\HostX86\x64\1033;C:\Program Files\Microsoft Visual Studio\18\Community\VC\Tools\MSVC\14.51.36231\bin\HostX86\x86\1033;C:\Program Files\Microsoft Visual Studio\18\Community\VC\Tools\MSVC\14.51.36231\bin\HostX64\arm64\1033;C:\Program Files\Microsoft Visual Studio\18\Community\VC\Tools\MSVC\14.51.36231\bin\HostX64\arm\1033;C:\Program Files\Microsoft Visual Studio\18\Community\VC\Tools\MSVC\14.51.36231\bin\HostX64\x64\1033;C:\Program Files\Microsoft Visual Studio\18\Community\VC\Tools\MSVC\14.51.36231\bin\HostX64\x86\1033;;;;;;;;;") C:\Program Files\Microsoft Visual Studio\18\Community\MSBuild\Microsoft\VC\v180\Microsoft.Cpp.Common.props (96,5)
                   C:\Program Files\Microsoft Visual Studio\18\Community\MSBuild\Microsoft\VC\v180\Microsoft.Cpp.Common.props(97,5): message : プロパティの再代入: $(VC_ExecutablePath_Loc)="C:\Program Files\Microsoft Visual Studio\18\Community\VC\Tools\MSVC\14.51.36231\bin\HostArm64\arm\1033;C:\Program Files\Microsoft Visual Studio\18\Community\VC\Tools\MSVC\14.51.36231\bin\HostArm64\x64\1033;C:\Program Files\Microsoft Visual Studio\18\Community\VC\Tools\MSVC\14.51.36231\bin\HostArm64\x86\1033;C:\Program Files\Microsoft Visual Studio\18\Community\VC\Tools\MSVC\14.51.36231\bin\HostX86\arm64\1033;C:\Program Files\Microsoft Visual Studio\18\Community\VC\Tools\MSVC\14.51.36231\bin\HostX86\x64\1033;C:\Program Files\Microsoft Visual Studio\18\Community\VC\Tools\MSVC\14.51.36231\bin\HostX86\x86\1033;C:\Program Files\Microsoft Visual Studio\18\Community\VC\Tools\MSVC\14.51.36231\bin\HostX64\arm64\1033;C:\Program Files\Microsoft Visual Studio\18\Community\VC\Tools\MSVC\14.51.36231\bin\HostX64\arm\1033;C:\Program Files\Microsoft Visual Studio\18\Community\VC\Tools\MSVC\14.51.36231\bin\HostX64\x64\1033;C:\Program Files\Microsoft Visual Studio\18\Community\VC\Tools\MSVC\14.51.36231\bin\HostX64\x86\1033;;;;;;;;;;;" (以前の値: "C:\Program Files\Microsoft Visual Studio\18\Community\VC\Tools\MSVC\14.51.36231\bin\HostArm64\x64\1033;C:\Program Files\Microsoft Visual Studio\18\Community\VC\Tools\MSVC\14.51.36231\bin\HostArm64\x86\1033;C:\Program Files\Microsoft Visual Studio\18\Community\VC\Tools\MSVC\14.51.36231\bin\HostX86\arm64\1033;C:\Program Files\Microsoft Visual Studio\18\Community\VC\Tools\MSVC\14.51.36231\bin\HostX86\x64\1033;C:\Program Files\Microsoft Visual Studio\18\Community\VC\Tools\MSVC\14.51.36231\bin\HostX86\x86\1033;C:\Program Files\Microsoft Visual Studio\18\Community\VC\Tools\MSVC\14.51.36231\bin\HostX64\arm64\1033;C:\Program Files\Microsoft Visual Studio\18\Community\VC\Tools\MSVC\14.51.36231\bin\HostX64\arm\1033;C:\Program Files\Microsoft Visual Studio\18\Community\VC\Tools\MSVC\14.51.36231\bin\HostX64\x64\1033;C:\Program Files\Microsoft Visual Studio\18\Community\VC\Tools\MSVC\14.51.36231\bin\HostX64\x86\1033;;;;;;;;;;") C:\Program Files\Microsoft Visual Studio\18\Community\MSBuild\Microsoft\VC\v180\Microsoft.Cpp.Common.props (97,5)
                   C:\Program Files\Microsoft Visual Studio\18\Community\MSBuild\Microsoft\VC\v180\Microsoft.Cpp.Common.props(98,5): message : プロパティの再代入: $(VC_ExecutablePath_Loc)="C:\Program Files\Microsoft Visual Studio\18\Community\VC\Tools\MSVC\14.51.36231\bin\HostArm64\arm64\1033;C:\Program Files\Microsoft Visual Studio\18\Community\VC\Tools\MSVC\14.51.36231\bin\HostArm64\arm\1033;C:\Program Files\Microsoft Visual Studio\18\Community\VC\Tools\MSVC\14.51.36231\bin\HostArm64\x64\1033;C:\Program Files\Microsoft Visual Studio\18\Community\VC\Tools\MSVC\14.51.36231\bin\HostArm64\x86\1033;C:\Program Files\Microsoft Visual Studio\18\Community\VC\Tools\MSVC\14.51.36231\bin\HostX86\arm64\1033;C:\Program Files\Microsoft Visual Studio\18\Community\VC\Tools\MSVC\14.51.36231\bin\HostX86\x64\1033;C:\Program Files\Microsoft Visual Studio\18\Community\VC\Tools\MSVC\14.51.36231\bin\HostX86\x86\1033;C:\Program Files\Microsoft Visual Studio\18\Community\VC\Tools\MSVC\14.51.36231\bin\HostX64\arm64\1033;C:\Program Files\Microsoft Visual Studio\18\Community\VC\Tools\MSVC\14.51.36231\bin\HostX64\arm\1033;C:\Program Files\Microsoft Visual Studio\18\Community\VC\Tools\MSVC\14.51.36231\bin\HostX64\x64\1033;C:\Program Files\Microsoft Visual Studio\18\Community\VC\Tools\MSVC\14.51.36231\bin\HostX64\x86\1033;;;;;;;;;;;;" (以前の値: "C:\Program Files\Microsoft Visual Studio\18\Community\VC\Tools\MSVC\14.51.36231\bin\HostArm64\arm\1033;C:\Program Files\Microsoft Visual Studio\18\Community\VC\Tools\MSVC\14.51.36231\bin\HostArm64\x64\1033;C:\Program Files\Microsoft Visual Studio\18\Community\VC\Tools\MSVC\14.51.36231\bin\HostArm64\x86\1033;C:\Program Files\Microsoft Visual Studio\18\Community\VC\Tools\MSVC\14.51.36231\bin\HostX86\arm64\1033;C:\Program Files\Microsoft Visual Studio\18\Community\VC\Tools\MSVC\14.51.36231\bin\HostX86\x64\1033;C:\Program Files\Microsoft Visual Studio\18\Community\VC\Tools\MSVC\14.51.36231\bin\HostX86\x86\1033;C:\Program Files\Microsoft Visual Studio\18\Community\VC\Tools\MSVC\14.51.36231\bin\HostX64\arm64\1033;C:\Program Files\Microsoft Visual Studio\18\Community\VC\Tools\MSVC\14.51.36231\bin\HostX64\arm\1033;C:\Program Files\Microsoft Visual Studio\18\Community\VC\Tools\MSVC\14.51.36231\bin\HostX64\x64\1033;C:\Program Files\Microsoft Visual Studio\18\Community\VC\Tools\MSVC\14.51.36231\bin\HostX64\x86\1033;;;;;;;;;;;") C:\Program Files\Microsoft Visual Studio\18\Community\MSBuild\Microsoft\VC\v180\Microsoft.Cpp.Common.props (98,5)
                   C:\Program Files\Microsoft Visual Studio\18\Community\MSBuild\Microsoft\VC\v180\Microsoft.Cpp.Common.props(146,5): message : 環境から展開された 'MSI' 値を持つプロパティ 'COMPUTERNAME'。
                   C:\Program Files\Microsoft Visual Studio\18\Community\MSBuild\Microsoft\VC\v180\Microsoft.Cpp.Common.props(152,5): message : プロパティの再代入: $(RemoteDebuggerDeployDebugCppRuntime)="true" (以前の値: "false") C:\Program Files\Microsoft Visual Studio\18\Community\MSBuild\Microsoft\VC\v180\Microsoft.Cpp.Common.props (152,5)
                   C:\Program Files\Microsoft Visual Studio\18\Community\MSBuild\Microsoft\VC\v180\Microsoft.Cpp.Common.props(213,5): message : プロパティの再代入: $(MultiProcMaxCount)="0" (以前の値: "") C:\Program Files\Microsoft Visual Studio\18\Community\MSBuild\Microsoft\VC\v180\Microsoft.Cpp.Common.props (213,5)
                   C:\Program Files\Microsoft Visual Studio\18\Community\MSBuild\Microsoft\VC\v180\Microsoft.Cpp.Analysis.props(29,5): message : プロパティの再代入: $(MsvcAnalysisToolsPath)="C:\Program Files\Microsoft Visual Studio\18\Community\VC\Tools\MSVC\14.51.36231\bin\HostX86\x64" (以前の値: "C:\Program Files\Microsoft Visual Studio\18\Community\VC\Tools\MSVC\14.51.36231\bin\HostX64\x64") C:\Program Files\Microsoft Visual Studio\18\Community\MSBuild\Microsoft\VC\v180\Microsoft.Cpp.Analysis.props (29,5)
                   C:\Program Files\Microsoft Visual Studio\18\Community\MSBuild\Microsoft\VC\v180\Microsoft.Cpp.Analysis.props(33,5): message : プロパティの再代入: $(MsvcAnalysisPluginPath)="C:\Program Files\Microsoft Visual Studio\18\Community\VC\Tools\MSVC\14.51.36231\bin\HostX86\x64" (以前の値: "C:\Program Files\Microsoft Visual Studio\18\Community\VC\Tools\MSVC\14.51.36231\bin\HostX64\x64") C:\Program Files\Microsoft Visual Studio\18\Community\MSBuild\Microsoft\VC\v180\Microsoft.Cpp.Analysis.props (33,5)
                   C:\Program Files\Microsoft Visual Studio\18\Community\MSBuild\Microsoft\VC\v180\Microsoft.CodeAnalysis.Extensions.props(21,5): message : プロパティの再代入: $(EspXtensions)="EnumIndex.dll;CppCoreCheck.dll;" (以前の値: "CppCoreCheck.dll;") C:\Program Files\Microsoft Visual Studio\18\Community\MSBuild\Microsoft\VC\v180\Microsoft.CodeAnalysis.Extensions.props (21,5)
                   C:\Program Files\Microsoft Visual Studio\18\Community\MSBuild\Microsoft\VC\v180\Microsoft.CodeAnalysis.Extensions.props(24,5): message : プロパティの再代入: $(EspXtensions)="HResultCheck.dll;EnumIndex.dll;CppCoreCheck.dll;" (以前の値: "EnumIndex.dll;CppCoreCheck.dll;") C:\Program Files\Microsoft Visual Studio\18\Community\MSBuild\Microsoft\VC\v180\Microsoft.CodeAnalysis.Extensions.props (24,5)
                   C:\Program Files\Microsoft Visual Studio\18\Community\MSBuild\Microsoft\VC\v180\Microsoft.CodeAnalysis.Extensions.props(27,5): message : プロパティの再代入: $(EspXtensions)="VariantClear.dll;HResultCheck.dll;EnumIndex.dll;CppCoreCheck.dll;" (以前の値: "HResultCheck.dll;EnumIndex.dll;CppCoreCheck.dll;") C:\Program Files\Microsoft Visual Studio\18\Community\MSBuild\Microsoft\VC\v180\Microsoft.CodeAnalysis.Extensions.props (27,5)
                   C:\Program Files\Microsoft Visual Studio\18\Community\MSBuild\Microsoft\VC\v180\Microsoft.CodeAnalysis.Extensions.props(33,5): message : プロパティの再代入: $(ConcurrencyCheckPath)="C:\Program Files\Microsoft Visual Studio\18\Community\VC\Tools\MSVC\14.51.36231\bin\HostX86\x64\ConcurrencyCheck.dll" (以前の値: "C:\Program Files\Microsoft Visual Studio\18\Community\VC\Tools\MSVC\14.51.36231\bin\HostX86\x86\ConcurrencyCheck.dll") C:\Program Files\Microsoft Visual Studio\18\Community\MSBuild\Microsoft\VC\v180\Microsoft.CodeAnalysis.Extensions.props (33,5)
                   C:\Program Files\Microsoft Visual Studio\18\Community\MSBuild\Microsoft\VC\v180\Microsoft.CodeAnalysis.Extensions.props(34,5): message : プロパティの再代入: $(EspXtensions)="ConcurrencyCheck.dll;VariantClear.dll;HResultCheck.dll;EnumIndex.dll;CppCoreCheck.dll;" (以前の値: "VariantClear.dll;HResultCheck.dll;EnumIndex.dll;CppCoreCheck.dll;") C:\Program Files\Microsoft Visual Studio\18\Community\MSBuild\Microsoft\VC\v180\Microsoft.CodeAnalysis.Extensions.props (34,5)
                   C:\Program Files\Microsoft Visual Studio\18\Community\MSBuild\Microsoft\VC\v180\Microsoft.Cpp.unicodesupport.props(15,5): message : プロパティの再代入: $(_PropertySheetDisplayName)="Unicode Support" (以前の値: "Core Windows Libraries") C:\Program Files\Microsoft Visual Studio\18\Community\MSBuild\Microsoft\VC\v180\Microsoft.Cpp.unicodesupport.props (15,5)
                   C:\Program Files\Microsoft Visual Studio\18\Community\MSBuild\Microsoft\VC\v180\Microsoft.Cpp.MSVC.Toolset.Common.props(55,5): message : 環境から展開された 'C:\Users\K024G\.codex\tmp\arg0\codex-arg0CJzPUt;C:\Users\K024G\.cache\codex-runtimes\codex-primary-runtime\dependencies\bin\override;C:\Program Files\Common Files\Oracle\Java\javapath;C:\Windows\system32;C:\Windows;C:\Windows\System32\Wbem;C:\Windows\System32\WindowsPowerShell\v1.0\;C:\Windows\System32\OpenSSH\;C:\Program Files (x86)\NVIDIA Corporation\PhysX\Common;C:\WINDOWS\system32;C:\WINDOWS;C:\WINDOWS\System32\Wbem;C:\WINDOWS\System32\WindowsPowerShell\v1.0\;C:\WINDOWS\System32\OpenSSH\;C:\Program Files\dotnet\;C:\Program Files (x86)\Windows Kits\10\Windows Performance Toolkit\;C:\Program Files\NVIDIA Corporation\NVIDIA App\NvDLISR;C:\Program Files\CMake\bin;C:\Users\K024G\AppData\Local\Programs\OpenAI\Codex\bin;C:\Users\K024G\.local\bin;C:\Users\K024G\AppData\Local\Microsoft\WindowsApps;C:\Users\K024G\AppData\Local\Programs\Microsoft VS Code\bin;C:\Users\K024G\AppData\Local\GitHubDesktop\bin;C:\Users\K024G\.dotnet\tools;C:\Users\K024G\AppData\Local\Programs\Antigravity\bin;C:\Users\K024G\.dotnet\tools;C:\Users\K024G\.cache\codex-runtimes\codex-primary-runtime\dependencies\bin\fallback;C:\Users\K024G\.cache\codex-runtimes\codex-primary-runtime\dependencies\native\git\cmd;C:\Users\K024G\AppData\Local\OpenAI\Codex\bin\3e42d49ad3e35a50;C:\Program Files\WindowsApps\OpenAI.Codex_26.721.4979.0_x64__2p2nqsd0c76g0\app\resources' 値を持つプロパティ 'Path'。
                   C:\Program Files\Microsoft Visual Studio\18\Community\MSBuild\Microsoft\VC\v180\Microsoft.Cpp.MSVC.Toolset.Common.props(56,5): message : 環境から展開された 'C:\WINDOWS' 値を持つプロパティ 'SystemRoot'。
                   C:\CG\CG2_00_01\submission_ready_20260730_165019\LE3C_26_ヨシノ_ゲント\02_プロジェクト\CG2_00_01-CG4_-2\project\externals\imgui\imgui.vcxproj(74,5): message : プロパティの再代入: $(OutDir)="C:\CG\CG2_00_01\submission_ready_20260730_165019\LE3C_26_ヨシノ_ゲント\02_プロジェクト\CG2_00_01-CG4_-2\project\..\generated\outputs\Debug\" (以前の値: "C:\CG\CG2_00_01\submission_ready_20260730_165019\LE3C_26_ヨシノ_ゲント\02_プロジェクト\CG2_00_01-CG4_-2\project\x64\Debug\") C:\CG\CG2_00_01\submission_ready_20260730_165019\LE3C_26_ヨシノ_ゲント\02_プロジェクト\CG2_00_01-CG4_-2\project\externals\imgui\imgui.vcxproj (74,5)
                   C:\CG\CG2_00_01\submission_ready_20260730_165019\LE3C_26_ヨシノ_ゲント\02_プロジェクト\CG2_00_01-CG4_-2\project\externals\imgui\imgui.vcxproj(75,5): message : プロパティの再代入: $(IntDir)="C:\CG\CG2_00_01\submission_ready_20260730_165019\LE3C_26_ヨシノ_ゲント\02_プロジェクト\CG2_00_01-CG4_-2\project\..\generated\obj\imgui\Debug\" (以前の値: "x64\Debug\") C:\CG\CG2_00_01\submission_ready_20260730_165019\LE3C_26_ヨシノ_ゲント\02_プロジェクト\CG2_00_01-CG4_-2\project\externals\imgui\imgui.vcxproj (75,5)
                   "SolutionExt" プロパティはグローバル プロパティであり、変更できません。
                   C:\Program Files\Microsoft Visual Studio\18\Community\MSBuild\Microsoft\VC\v180\Microsoft.CppCommon.targets(40,5): message : プロパティの再代入: $(ExtensionsToDeleteOnClean)="*.cdf;*.cache;*.obj;*.obj.enc;*.ilk;*.ipdb;*.iobj;*.resources;*.tlb;*.tli;*.tlh;*.tmp;*.rsp;*.pgc;*.pgd;*.meta;*.tlog;*.manifest;*.res;*.pch;*.exp;*.idb;*.rep;*.xdc;*.pdb;*_manifest.rc;*.bsc;*.sbr;*.xml;*.metagen;*.bi;C:\CG\CG2_00_01\submission_ready_20260730_165019\LE3C_26_ヨシノ_ゲント\02_プロジェクト\CG2_00_01-CG4_-2\generated\outputs\Debug\imgui.lib.manifest;C:\CG\CG2_00_01\submission_ready_20260730_165019\LE3C_26_ヨシノ_ゲント\02_プロジェクト\CG2_00_01-CG4_-2\project\..\generated\outputs\Debug\imgui.tlb;C:\CG\CG2_00_01\submission_ready_20260730_165019\LE3C_26_ヨシノ_ゲント\02_プロジェクト\CG2_00_01-CG4_-2\project\..\generated\outputs\Debug\imgui.pdb;C:\CG\CG2_00_01\submission_ready_20260730_165019\LE3C_26_ヨシノ_ゲント\02_プロジェクト\CG2_00_01-CG4_-2\generated\outputs\Debug\imgui.lib;C:\CG\CG2_00_01\submission_ready_20260730_165019\LE3C_26_ヨシノ_ゲント\02_プロジェクト\CG2_00_01-CG4_-2\project\..\generated\outputs\Debug\imgui.bsc;C:\CG\CG2_00_01\submission_ready_20260730_165019\LE3C_26_ヨシノ_ゲント\02_プロジェクト\CG2_00_01-CG4_-2\project\..\generated\outputs\Debug\imgui.ilk;C:\CG\CG2_00_01\submission_ready_20260730_165019\LE3C_26_ヨシノ_ゲント\02_プロジェクト\CG2_00_01-CG4_-2\generated\outputs\Debug\imgui.lib.intermediate.manifest;C:\CG\CG2_00_01\submission_ready_20260730_165019\LE3C_26_ヨシノ_ゲント\02_プロジェクト\CG2_00_01-CG4_-2\project\..\generated\obj\imgui\Debug\imgui.vcxproj.FileListAbsolute.txt" (以前の値: "*.cdf;*.cache;*.obj;*.obj.enc;*.ilk;*.ipdb;*.iobj;*.resources;*.tlb;*.tli;*.tlh;*.tmp;*.rsp;*.pgc;*.pgd;*.meta;*.tlog;*.manifest;*.res;*.pch;*.exp;*.idb;*.rep;*.xdc;*.pdb;*_manifest.rc;*.bsc;*.sbr;*.xml;*.metagen;*.bi") C:\Program Files\Microsoft Visual Studio\18\Community\MSBuild\Microsoft\VC\v180\Microsoft.CppCommon.targets (40,5)
                   C:\Program Files\Microsoft Visual Studio\18\Community\MSBuild\Microsoft\VC\v180\Microsoft.BuildSteps.Targets(32,5): message : プロパティの再代入: $(DebugType)="none" (以前の値: "") C:\Program Files\Microsoft Visual Studio\18\Community\MSBuild\Microsoft\VC\v180\Microsoft.BuildSteps.Targets (32,5)
                   $(MSBuildExtensionsPath) で使用されている検索パスは C:\Program Files\Microsoft Visual Studio\18\Community\MSBuild;$(MSBuildProgramFiles32)\MSBuild です
                   $(MSBuildExtensionsPath) で使用されている検索パスは C:\Program Files\Microsoft Visual Studio\18\Community\MSBuild;$(MSBuildProgramFiles32)\MSBuild です
                   拡張パス C:\Program Files\Microsoft Visual Studio\18\Community\MSBuild を使用して C:\Program Files\Microsoft Visual Studio\18\Community\MSBuild\$(MSBuildToolsVersion)\Microsoft.Common.targets\ImportBefore\* をインポートしようとしています
                   "Configuration" プロパティはグローバル プロパティであり、変更できません。
                   C:\Program Files\Microsoft Visual Studio\18\Community\MSBuild\Current\Bin\Microsoft.Common.CurrentVersion.targets(185,5): message : プロパティの再代入: $(_DocumentationFileProduced)="false" (以前の値: "true") C:\Program Files\Microsoft Visual Studio\18\Community\MSBuild\Current\Bin\Microsoft.Common.CurrentVersion.targets (185,5)
                   "SolutionName" プロパティはグローバル プロパティであり、変更できません。
                   "SolutionFileName" プロパティはグローバル プロパティであり、変更できません。
                   "SolutionPath" プロパティはグローバル プロパティであり、変更できません。
                   "SolutionDir" プロパティはグローバル プロパティであり、変更できません。
                   "SolutionExt" プロパティはグローバル プロパティであり、変更できません。
                   C:\Program Files\Microsoft Visual Studio\18\Community\MSBuild\Current\Bin\Microsoft.Common.CurrentVersion.targets(393,5): message : プロパティの再代入: $(MSBuildCopyMarkerName)="imgui.vcxproj.Up2Date" (以前の値: "imgui.vcxproj") C:\Program Files\Microsoft Visual Studio\18\Community\MSBuild\Current\Bin\Microsoft.Common.CurrentVersion.targets (393,5)
                   C:\Program Files\Microsoft Visual Studio\18\Community\MSBuild\Current\Bin\Microsoft.Common.CurrentVersion.targets(528,5): message : プロパティの再代入: $(ProcessorArchitecture)="amd64" (以前の値: "x64") C:\Program Files\Microsoft Visual Studio\18\Community\MSBuild\Current\Bin\Microsoft.Common.CurrentVersion.targets (528,5)
                   C:\Program Files\Microsoft Visual Studio\18\Community\MSBuild\Current\Bin\Microsoft.Common.CurrentVersion.targets(562,42): message : 環境から展開された 'C:\Program Files\MSBuild' 値を持つプロパティ 'MSBuildExtensionsPath64'。
                   C:\Program Files\Microsoft Visual Studio\18\Community\MSBuild\Current\Bin\Microsoft.Common.CurrentVersion.targets(580,5): message : プロパティの再代入: $(DelaySign)="" (以前の値: "false") C:\Program Files\Microsoft Visual Studio\18\Community\MSBuild\Current\Bin\Microsoft.Common.CurrentVersion.targets (580,5)
                   C:\Program Files\Microsoft Visual Studio\18\Community\MSBuild\Current\Bin\Microsoft.Common.CurrentVersion.targets(649,5): message : プロパティの再代入: $(AssemblySearchPaths)="{CandidateAssemblyFiles};C:\Program Files\Microsoft Visual Studio\18\Community\VC\Tools\MSVC\14.51.36231\atlmfc\lib\x64;;C:\Program Files\Microsoft Visual Studio\18\Community\VC\Tools\MSVC\14.51.36231\lib\x64;" (以前の値: "{CandidateAssemblyFiles}") C:\Program Files\Microsoft Visual Studio\18\Community\MSBuild\Current\Bin\Microsoft.Common.CurrentVersion.targets (649,5)
                   C:\Program Files\Microsoft Visual Studio\18\Community\MSBuild\Current\Bin\Microsoft.Common.CurrentVersion.targets(650,5): message : プロパティの再代入: $(AssemblySearchPaths)="{CandidateAssemblyFiles};C:\Program Files\Microsoft Visual Studio\18\Community\VC\Tools\MSVC\14.51.36231\atlmfc\lib\x64;;C:\Program Files\Microsoft Visual Studio\18\Community\VC\Tools\MSVC\14.51.36231\lib\x64;;{HintPathFromItem}" (以前の値: "{CandidateAssemblyFiles};C:\Program Files\Microsoft Visual Studio\18\Community\VC\Tools\MSVC\14.51.36231\atlmfc\lib\x64;;C:\Program Files\Microsoft Visual Studio\18\Community\VC\Tools\MSVC\14.51.36231\lib\x64;") C:\Program Files\Microsoft Visual Studio\18\Community\MSBuild\Current\Bin\Microsoft.Common.CurrentVersion.targets (650,5)
                   C:\Program Files\Microsoft Visual Studio\18\Community\MSBuild\Current\Bin\Microsoft.Common.CurrentVersion.targets(651,5): message : プロパティの再代入: $(AssemblySearchPaths)="{CandidateAssemblyFiles};C:\Program Files\Microsoft Visual Studio\18\Community\VC\Tools\MSVC\14.51.36231\atlmfc\lib\x64;;C:\Program Files\Microsoft Visual Studio\18\Community\VC\Tools\MSVC\14.51.36231\lib\x64;;{HintPathFromItem};{TargetFrameworkDirectory}" (以前の値: "{CandidateAssemblyFiles};C:\Program Files\Microsoft Visual Studio\18\Community\VC\Tools\MSVC\14.51.36231\atlmfc\lib\x64;;C:\Program Files\Microsoft Visual Studio\18\Community\VC\Tools\MSVC\14.51.36231\lib\x64;;{HintPathFromItem}") C:\Program Files\Microsoft Visual Studio\18\Community\MSBuild\Current\Bin\Microsoft.Common.CurrentVersion.targets (651,5)
                   C:\Program Files\Microsoft Visual Studio\18\Community\MSBuild\Current\Bin\Microsoft.Common.CurrentVersion.targets(652,5): message : プロパティの再代入: $(AssemblySearchPaths)="{CandidateAssemblyFiles};C:\Program Files\Microsoft Visual Studio\18\Community\VC\Tools\MSVC\14.51.36231\atlmfc\lib\x64;;C:\Program Files\Microsoft Visual Studio\18\Community\VC\Tools\MSVC\14.51.36231\lib\x64;;{HintPathFromItem};{TargetFrameworkDirectory};{AssemblyFoldersFromConfig:C:\Program Files\Microsoft Visual Studio\18\Community\MSBuild\Current\Bin\AssemblyFolders.config,};" (以前の値: "{CandidateAssemblyFiles};C:\Program Files\Microsoft Visual Studio\18\Community\VC\Tools\MSVC\14.51.36231\atlmfc\lib\x64;;C:\Program Files\Microsoft Visual Studio\18\Community\VC\Tools\MSVC\14.51.36231\lib\x64;;{HintPathFromItem};{TargetFrameworkDirectory}") C:\Program Files\Microsoft Visual Studio\18\Community\MSBuild\Current\Bin\Microsoft.Common.CurrentVersion.targets (652,5)
                   C:\Program Files\Microsoft Visual Studio\18\Community\MSBuild\Current\Bin\Microsoft.Common.CurrentVersion.targets(653,5): message : プロパティの再代入: $(AssemblySearchPaths)="{CandidateAssemblyFiles};C:\Program Files\Microsoft Visual Studio\18\Community\VC\Tools\MSVC\14.51.36231\atlmfc\lib\x64;;C:\Program Files\Microsoft Visual Studio\18\Community\VC\Tools\MSVC\14.51.36231\lib\x64;;{HintPathFromItem};{TargetFrameworkDirectory};{AssemblyFoldersFromConfig:C:\Program Files\Microsoft Visual Studio\18\Community\MSBuild\Current\Bin\AssemblyFolders.config,};;{Registry:Software\Microsoft\,,AssemblyFoldersEx}" (以前の値: "{CandidateAssemblyFiles};C:\Program Files\Microsoft Visual Studio\18\Community\VC\Tools\MSVC\14.51.36231\atlmfc\lib\x64;;C:\Program Files\Microsoft Visual Studio\18\Community\VC\Tools\MSVC\14.51.36231\lib\x64;;{HintPathFromItem};{TargetFrameworkDirectory};{AssemblyFoldersFromConfig:C:\Program Files\Microsoft Visual Studio\18\Community\MSBuild\Current\Bin\AssemblyFolders.config,};") C:\Program Files\Microsoft Visual Studio\18\Community\MSBuild\Current\Bin\Microsoft.Common.CurrentVersion.targets (653,5)
                   C:\Program Files\Microsoft Visual Studio\18\Community\MSBuild\Current\Bin\Microsoft.Common.CurrentVersion.targets(654,5): message : プロパティの再代入: $(AssemblySearchPaths)="{CandidateAssemblyFiles};C:\Program Files\Microsoft Visual Studio\18\Community\VC\Tools\MSVC\14.51.36231\atlmfc\lib\x64;;C:\Program Files\Microsoft Visual Studio\18\Community\VC\Tools\MSVC\14.51.36231\lib\x64;;{HintPathFromItem};{TargetFrameworkDirectory};{AssemblyFoldersFromConfig:C:\Program Files\Microsoft Visual Studio\18\Community\MSBuild\Current\Bin\AssemblyFolders.config,};;{Registry:Software\Microsoft\,,AssemblyFoldersEx};{AssemblyFolders}" (以前の値: "{CandidateAssemblyFiles};C:\Program Files\Microsoft Visual Studio\18\Community\VC\Tools\MSVC\14.51.36231\atlmfc\lib\x64;;C:\Program Files\Microsoft Visual Studio\18\Community\VC\Tools\MSVC\14.51.36231\lib\x64;;{HintPathFromItem};{TargetFrameworkDirectory};{AssemblyFoldersFromConfig:C:\Program Files\Microsoft Visual Studio\18\Community\MSBuild\Current\Bin\AssemblyFolders.config,};;{Registry:Software\Microsoft\,,AssemblyFoldersEx}") C:\Program Files\Microsoft Visual Studio\18\Community\MSBuild\Current\Bin\Microsoft.Common.CurrentVersion.targets (654,5)
                   C:\Program Files\Microsoft Visual Studio\18\Community\MSBuild\Current\Bin\Microsoft.Common.CurrentVersion.targets(655,5): message : プロパティの再代入: $(AssemblySearchPaths)="{CandidateAssemblyFiles};C:\Program Files\Microsoft Visual Studio\18\Community\VC\Tools\MSVC\14.51.36231\atlmfc\lib\x64;;C:\Program Files\Microsoft Visual Studio\18\Community\VC\Tools\MSVC\14.51.36231\lib\x64;;{HintPathFromItem};{TargetFrameworkDirectory};{AssemblyFoldersFromConfig:C:\Program Files\Microsoft Visual Studio\18\Community\MSBuild\Current\Bin\AssemblyFolders.config,};;{Registry:Software\Microsoft\,,AssemblyFoldersEx};{AssemblyFolders};{GAC}" (以前の値: "{CandidateAssemblyFiles};C:\Program Files\Microsoft Visual Studio\18\Community\VC\Tools\MSVC\14.51.36231\atlmfc\lib\x64;;C:\Program Files\Microsoft Visual Studio\18\Community\VC\Tools\MSVC\14.51.36231\lib\x64;;{HintPathFromItem};{TargetFrameworkDirectory};{AssemblyFoldersFromConfig:C:\Program Files\Microsoft Visual Studio\18\Community\MSBuild\Current\Bin\AssemblyFolders.config,};;{Registry:Software\Microsoft\,,AssemblyFoldersEx};{AssemblyFolders}") C:\Program Files\Microsoft Visual Studio\18\Community\MSBuild\Current\Bin\Microsoft.Common.CurrentVersion.targets (655,5)
                   C:\Program Files\Microsoft Visual Studio\18\Community\MSBuild\Current\Bin\Microsoft.Common.CurrentVersion.targets(656,5): message : プロパティの再代入: $(AssemblySearchPaths)="{CandidateAssemblyFiles};C:\Program Files\Microsoft Visual Studio\18\Community\VC\Tools\MSVC\14.51.36231\atlmfc\lib\x64;;C:\Program Files\Microsoft Visual Studio\18\Community\VC\Tools\MSVC\14.51.36231\lib\x64;;{HintPathFromItem};{TargetFrameworkDirectory};{AssemblyFoldersFromConfig:C:\Program Files\Microsoft Visual Studio\18\Community\MSBuild\Current\Bin\AssemblyFolders.config,};;{Registry:Software\Microsoft\,,AssemblyFoldersEx};{AssemblyFolders};{GAC};{RawFileName}" (以前の値: "{CandidateAssemblyFiles};C:\Program Files\Microsoft Visual Studio\18\Community\VC\Tools\MSVC\14.51.36231\atlmfc\lib\x64;;C:\Program Files\Microsoft Visual Studio\18\Community\VC\Tools\MSVC\14.51.36231\lib\x64;;{HintPathFromItem};{TargetFrameworkDirectory};{AssemblyFoldersFromConfig:C:\Program Files\Microsoft Visual Studio\18\Community\MSBuild\Current\Bin\AssemblyFolders.config,};;{Registry:Software\Microsoft\,,AssemblyFoldersEx};{AssemblyFolders};{GAC}") C:\Program Files\Microsoft Visual Studio\18\Community\MSBuild\Current\Bin\Microsoft.Common.CurrentVersion.targets (656,5)
                   C:\Program Files\Microsoft Visual Studio\18\Community\MSBuild\Current\Bin\Microsoft.Common.CurrentVersion.targets(657,5): message : プロパティの再代入: $(AssemblySearchPaths)="{CandidateAssemblyFiles};C:\Program Files\Microsoft Visual Studio\18\Community\VC\Tools\MSVC\14.51.36231\atlmfc\lib\x64;;C:\Program Files\Microsoft Visual Studio\18\Community\VC\Tools\MSVC\14.51.36231\lib\x64;;{HintPathFromItem};{TargetFrameworkDirectory};{AssemblyFoldersFromConfig:C:\Program Files\Microsoft Visual Studio\18\Community\MSBuild\Current\Bin\AssemblyFolders.config,};;{Registry:Software\Microsoft\,,AssemblyFoldersEx};{AssemblyFolders};{GAC};{RawFileName};C:\CG\CG2_00_01\submission_ready_20260730_165019\LE3C_26_ヨシノ_ゲント\02_プロジェクト\CG2_00_01-CG4_-2\project\..\generated\outputs\Debug\" (以前の値: "{CandidateAssemblyFiles};C:\Program Files\Microsoft Visual Studio\18\Community\VC\Tools\MSVC\14.51.36231\atlmfc\lib\x64;;C:\Program Files\Microsoft Visual Studio\18\Community\VC\Tools\MSVC\14.51.36231\lib\x64;;{HintPathFromItem};{TargetFrameworkDirectory};{AssemblyFoldersFromConfig:C:\Program Files\Microsoft Visual Studio\18\Community\MSBuild\Current\Bin\AssemblyFolders.config,};;{Registry:Software\Microsoft\,,AssemblyFoldersEx};{AssemblyFolders};{GAC};{RawFileName}") C:\Program Files\Microsoft Visual Studio\18\Community\MSBuild\Current\Bin\Microsoft.Common.CurrentVersion.targets (657,5)
                   C:\Program Files\Microsoft Visual Studio\18\Community\MSBuild\Current\Bin\Microsoft.Common.CurrentVersion.targets(3950,5): message : プロパティの再代入: $(_SGenGenerateSerializationAssembliesConfig)="Auto" (以前の値: "") C:\Program Files\Microsoft Visual Studio\18\Community\MSBuild\Current\Bin\Microsoft.Common.CurrentVersion.targets (3950,5)
                   C:\Program Files\Microsoft Visual Studio\18\Community\MSBuild\Current\Bin\Microsoft.Common.CurrentVersion.targets(3951,5): message : プロパティの再代入: $(_SGenGenerateSerializationAssembliesConfig)="Off" (以前の値: "Auto") C:\Program Files\Microsoft Visual Studio\18\Community\MSBuild\Current\Bin\Microsoft.Common.CurrentVersion.targets (3951,5)
                   C:\Program Files\Microsoft Visual Studio\18\Community\MSBuild\Current\Bin\Microsoft.Common.CurrentVersion.targets(5162,5): message : プロパティの再代入: $(_TargetsThatPrepareProjectReferences)="
                   C:\Program Files\Microsoft Visual Studio\18\Community\MSBuild\Current\Bin\Microsoft.Common.CurrentVersion.targets(5162,5): message :       AssignProjectConfiguration;
                   C:\Program Files\Microsoft Visual Studio\18\Community\MSBuild\Current\Bin\Microsoft.Common.CurrentVersion.targets(5162,5): message :       _SplitProjectReferencesByFileExistence
                   C:\Program Files\Microsoft Visual Studio\18\Community\MSBuild\Current\Bin\Microsoft.Common.CurrentVersion.targets(5162,5): message :     " (以前の値: "_SplitProjectReferencesByFileExistence") C:\Program Files\Microsoft Visual Studio\18\Community\MSBuild\Current\Bin\Microsoft.Common.CurrentVersion.targets (5162,5)
                   C:\Program Files\Microsoft Visual Studio\18\Community\MSBuild\Microsoft\VisualStudio\v18.0\CodeAnalysis\Microsoft.CodeAnalysis.targets(125,5): message : プロパティの再代入: $(_CodeAnalysisTreatWarningsAsErrors)="false" (以前の値: "") C:\Program Files\Microsoft Visual Studio\18\Community\MSBuild\Microsoft\VisualStudio\v18.0\CodeAnalysis\Microsoft.CodeAnalysis.targets (125,5)
                   C:\Program Files\Microsoft Visual Studio\18\Community\MSBuild\Microsoft\VisualStudio\v18.0\CodeAnalysis\Microsoft.CodeAnalysis.targets(235,5): message : プロパティの再代入: $(CAExcludePath)="C:\Program Files (x86)\Windows Kits\10\Include\10.0.26100.0\ucrt;;C:\Program Files (x86)\Windows Kits\10\Include\10.0.26100.0\um;C:\Program Files (x86)\Windows Kits\10\Include\10.0.26100.0\shared;C:\Program Files (x86)\Windows Kits\10\Include\10.0.26100.0\winrt;C:\Program Files (x86)\Windows Kits\10\Include\10.0.26100.0\cppwinrt;C:\Program Files (x86)\Windows Kits\NETFXSDK\4.8.1\Include\um;" (以前の値: "C:\Program Files (x86)\Windows Kits\10\Include\10.0.26100.0\um;C:\Program Files (x86)\Windows Kits\10\Include\10.0.26100.0\shared;C:\Program Files (x86)\Windows Kits\10\Include\10.0.26100.0\winrt;C:\Program Files (x86)\Windows Kits\10\Include\10.0.26100.0\cppwinrt;C:\Program Files (x86)\Windows Kits\NETFXSDK\4.8.1\Include\um;") C:\Program Files\Microsoft Visual Studio\18\Community\MSBuild\Microsoft\VisualStudio\v18.0\CodeAnalysis\Microsoft.CodeAnalysis.targets (235,5)
                   C:\Program Files\Microsoft Visual Studio\18\Community\MSBuild\Microsoft\VisualStudio\v18.0\CodeAnalysis\Microsoft.CodeAnalysis.targets(236,5): message : プロパティの再代入: $(CAExcludePath)="C:\Program Files\Microsoft Visual Studio\18\Community\VC\Tools\MSVC\14.51.36231\include;C:\Program Files (x86)\Windows Kits\10\Include\10.0.26100.0\ucrt;;C:\Program Files (x86)\Windows Kits\10\Include\10.0.26100.0\um;C:\Program Files (x86)\Windows Kits\10\Include\10.0.26100.0\shared;C:\Program Files (x86)\Windows Kits\10\Include\10.0.26100.0\winrt;C:\Program Files (x86)\Windows Kits\10\Include\10.0.26100.0\cppwinrt;C:\Program Files (x86)\Windows Kits\NETFXSDK\4.8.1\Include\um;" (以前の値: "C:\Program Files (x86)\Windows Kits\10\Include\10.0.26100.0\ucrt;;C:\Program Files (x86)\Windows Kits\10\Include\10.0.26100.0\um;C:\Program Files (x86)\Windows Kits\10\Include\10.0.26100.0\shared;C:\Program Files (x86)\Windows Kits\10\Include\10.0.26100.0\winrt;C:\Program Files (x86)\Windows Kits\10\Include\10.0.26100.0\cppwinrt;C:\Program Files (x86)\Windows Kits\NETFXSDK\4.8.1\Include\um;") C:\Program Files\Microsoft Visual Studio\18\Community\MSBuild\Microsoft\VisualStudio\v18.0\CodeAnalysis\Microsoft.CodeAnalysis.targets (236,5)
                   C:\Program Files\Microsoft Visual Studio\18\Community\MSBuild\Microsoft\VisualStudio\v18.0\CodeAnalysis\Microsoft.CodeAnalysis.targets(237,5): message : プロパティの再代入: $(CAExcludePath)="C:\Program Files\Microsoft Visual Studio\18\Community\VC\Tools\MSVC\14.51.36231\atlmfc\include;C:\Program Files\Microsoft Visual Studio\18\Community\VC\Tools\MSVC\14.51.36231\include;C:\Program Files (x86)\Windows Kits\10\Include\10.0.26100.0\ucrt;;C:\Program Files (x86)\Windows Kits\10\Include\10.0.26100.0\um;C:\Program Files (x86)\Windows Kits\10\Include\10.0.26100.0\shared;C:\Program Files (x86)\Windows Kits\10\Include\10.0.26100.0\winrt;C:\Program Files (x86)\Windows Kits\10\Include\10.0.26100.0\cppwinrt;C:\Program Files (x86)\Windows Kits\NETFXSDK\4.8.1\Include\um;" (以前の値: "C:\Program Files\Microsoft Visual Studio\18\Community\VC\Tools\MSVC\14.51.36231\include;C:\Program Files (x86)\Windows Kits\10\Include\10.0.26100.0\ucrt;;C:\Program Files (x86)\Windows Kits\10\Include\10.0.26100.0\um;C:\Program Files (x86)\Windows Kits\10\Include\10.0.26100.0\shared;C:\Program Files (x86)\Windows Kits\10\Include\10.0.26100.0\winrt;C:\Program Files (x86)\Windows Kits\10\Include\10.0.26100.0\cppwinrt;C:\Program Files (x86)\Windows Kits\NETFXSDK\4.8.1\Include\um;") C:\Program Files\Microsoft Visual Studio\18\Community\MSBuild\Microsoft\VisualStudio\v18.0\CodeAnalysis\Microsoft.CodeAnalysis.targets (237,5)
                   C:\Program Files\Microsoft Visual Studio\18\Community\MSBuild\Microsoft\VisualStudio\v18.0\CodeAnalysis\Microsoft.CodeAnalysis.targets(240,5): message : プロパティの再代入: $(PrepareForBuildDependsOn)=";GetFrameworkPaths;GetReferenceAssemblyPaths;AssignLinkMetadata;SetCABuildNativeEnvironmentVariables" (以前の値: ";GetFrameworkPaths;GetReferenceAssemblyPaths;AssignLinkMetadata") C:\Program Files\Microsoft Visual Studio\18\Community\MSBuild\Microsoft\VisualStudio\v18.0\CodeAnalysis\Microsoft.CodeAnalysis.targets (240,5)
                   C:\WINDOWS\Microsoft.NET\Framework\v4.0.30319\Microsoft.Xaml.targets(35,5): message : プロパティの再代入: $(PrepareResourcesDependsOn)="
                   C:\WINDOWS\Microsoft.NET\Framework\v4.0.30319\Microsoft.Xaml.targets(35,5): message :       XamlMarkupCompilePass1;
                   C:\WINDOWS\Microsoft.NET\Framework\v4.0.30319\Microsoft.Xaml.targets(35,5): message :       XamlMarkupCompilePass2;
                   C:\WINDOWS\Microsoft.NET\Framework\v4.0.30319\Microsoft.Xaml.targets(35,5): message :       
                   C:\WINDOWS\Microsoft.NET\Framework\v4.0.30319\Microsoft.Xaml.targets(35,5): message :       ;
                   C:\WINDOWS\Microsoft.NET\Framework\v4.0.30319\Microsoft.Xaml.targets(35,5): message :       PrepareResourceNames;
                   C:\WINDOWS\Microsoft.NET\Framework\v4.0.30319\Microsoft.Xaml.targets(35,5): message :       ResGen;
                   C:\WINDOWS\Microsoft.NET\Framework\v4.0.30319\Microsoft.Xaml.targets(35,5): message :       CompileLicxFiles
                   C:\WINDOWS\Microsoft.NET\Framework\v4.0.30319\Microsoft.Xaml.targets(35,5): message :      
                   C:\WINDOWS\Microsoft.NET\Framework\v4.0.30319\Microsoft.Xaml.targets(35,5): message :     " (以前の値: "
                   C:\WINDOWS\Microsoft.NET\Framework\v4.0.30319\Microsoft.Xaml.targets(35,5): message :       ;
                   C:\WINDOWS\Microsoft.NET\Framework\v4.0.30319\Microsoft.Xaml.targets(35,5): message :       PrepareResourceNames;
                   C:\WINDOWS\Microsoft.NET\Framework\v4.0.30319\Microsoft.Xaml.targets(35,5): message :       ResGen;
                   C:\WINDOWS\Microsoft.NET\Framework\v4.0.30319\Microsoft.Xaml.targets(35,5): message :       CompileLicxFiles
                   C:\WINDOWS\Microsoft.NET\Framework\v4.0.30319\Microsoft.Xaml.targets(35,5): message :     ") C:\WINDOWS\Microsoft.NET\Framework\v4.0.30319\Microsoft.Xaml.targets (35,5)
                   C:\Program Files\Microsoft Visual Studio\18\Community\MSBuild\Microsoft\VisualStudio\v18.0\TeamTest\Microsoft.TeamTest.targets(4,5): message : プロパティの再代入: $(ResolveReferencesDependsOn)="
                   C:\Program Files\Microsoft Visual Studio\18\Community\MSBuild\Microsoft\VisualStudio\v18.0\TeamTest\Microsoft.TeamTest.targets(4,5): message :       
                   C:\Program Files\Microsoft Visual Studio\18\Community\MSBuild\Microsoft\VisualStudio\v18.0\TeamTest\Microsoft.TeamTest.targets(4,5): message :       BeforeResolveReferences;
                   C:\Program Files\Microsoft Visual Studio\18\Community\MSBuild\Microsoft\VisualStudio\v18.0\TeamTest\Microsoft.TeamTest.targets(4,5): message :       AssignProjectConfiguration;
                   C:\Program Files\Microsoft Visual Studio\18\Community\MSBuild\Microsoft\VisualStudio\v18.0\TeamTest\Microsoft.TeamTest.targets(4,5): message :       ResolveProjectReferences;
                   C:\Program Files\Microsoft Visual Studio\18\Community\MSBuild\Microsoft\VisualStudio\v18.0\TeamTest\Microsoft.TeamTest.targets(4,5): message :       FindInvalidProjectReferences;
                   C:\Program Files\Microsoft Visual Studio\18\Community\MSBuild\Microsoft\VisualStudio\v18.0\TeamTest\Microsoft.TeamTest.targets(4,5): message :       ResolveNativeReferences;
                   C:\Program Files\Microsoft Visual Studio\18\Community\MSBuild\Microsoft\VisualStudio\v18.0\TeamTest\Microsoft.TeamTest.targets(4,5): message :       ResolveAssemblyReferences;
                   C:\Program Files\Microsoft Visual Studio\18\Community\MSBuild\Microsoft\VisualStudio\v18.0\TeamTest\Microsoft.TeamTest.targets(4,5): message :       GenerateBindingRedirects;
                   C:\Program Files\Microsoft Visual Studio\18\Community\MSBuild\Microsoft\VisualStudio\v18.0\TeamTest\Microsoft.TeamTest.targets(4,5): message :       GenerateBindingRedirectsUpdateAppConfig;
                   C:\Program Files\Microsoft Visual Studio\18\Community\MSBuild\Microsoft\VisualStudio\v18.0\TeamTest\Microsoft.TeamTest.targets(4,5): message :       ResolveComReferences;
                   C:\Program Files\Microsoft Visual Studio\18\Community\MSBuild\Microsoft\VisualStudio\v18.0\TeamTest\Microsoft.TeamTest.targets(4,5): message :       AfterResolveReferences
                   C:\Program Files\Microsoft Visual Studio\18\Community\MSBuild\Microsoft\VisualStudio\v18.0\TeamTest\Microsoft.TeamTest.targets(4,5): message :     ;
                   C:\Program Files\Microsoft Visual Studio\18\Community\MSBuild\Microsoft\VisualStudio\v18.0\TeamTest\Microsoft.TeamTest.targets(4,5): message :       ResolveTestReferences
                   C:\Program Files\Microsoft Visual Studio\18\Community\MSBuild\Microsoft\VisualStudio\v18.0\TeamTest\Microsoft.TeamTest.targets(4,5): message :     " (以前の値: "
                   C:\Program Files\Microsoft Visual Studio\18\Community\MSBuild\Microsoft\VisualStudio\v18.0\TeamTest\Microsoft.TeamTest.targets(4,5): message :       BeforeResolveReferences;
                   C:\Program Files\Microsoft Visual Studio\18\Community\MSBuild\Microsoft\VisualStudio\v18.0\TeamTest\Microsoft.TeamTest.targets(4,5): message :       AssignProjectConfiguration;
                   C:\Program Files\Microsoft Visual Studio\18\Community\MSBuild\Microsoft\VisualStudio\v18.0\TeamTest\Microsoft.TeamTest.targets(4,5): message :       ResolveProjectReferences;
                   C:\Program Files\Microsoft Visual Studio\18\Community\MSBuild\Microsoft\VisualStudio\v18.0\TeamTest\Microsoft.TeamTest.targets(4,5): message :       FindInvalidProjectReferences;
                   C:\Program Files\Microsoft Visual Studio\18\Community\MSBuild\Microsoft\VisualStudio\v18.0\TeamTest\Microsoft.TeamTest.targets(4,5): message :       ResolveNativeReferences;
                   C:\Program Files\Microsoft Visual Studio\18\Community\MSBuild\Microsoft\VisualStudio\v18.0\TeamTest\Microsoft.TeamTest.targets(4,5): message :       ResolveAssemblyReferences;
                   C:\Program Files\Microsoft Visual Studio\18\Community\MSBuild\Microsoft\VisualStudio\v18.0\TeamTest\Microsoft.TeamTest.targets(4,5): message :       GenerateBindingRedirects;
                   C:\Program Files\Microsoft Visual Studio\18\Community\MSBuild\Microsoft\VisualStudio\v18.0\TeamTest\Microsoft.TeamTest.targets(4,5): message :       GenerateBindingRedirectsUpdateAppConfig;
                   C:\Program Files\Microsoft Visual Studio\18\Community\MSBuild\Microsoft\VisualStudio\v18.0\TeamTest\Microsoft.TeamTest.targets(4,5): message :       ResolveComReferences;
                   C:\Program Files\Microsoft Visual Studio\18\Community\MSBuild\Microsoft\VisualStudio\v18.0\TeamTest\Microsoft.TeamTest.targets(4,5): message :       AfterResolveReferences
                   C:\Program Files\Microsoft Visual Studio\18\Community\MSBuild\Microsoft\VisualStudio\v18.0\TeamTest\Microsoft.TeamTest.targets(4,5): message :     ") C:\Program Files\Microsoft Visual Studio\18\Community\MSBuild\Microsoft\VisualStudio\v18.0\TeamTest\Microsoft.TeamTest.targets (4,5)
                   $(MSBuildExtensionsPath) で使用されている検索パスは C:\Program Files\Microsoft Visual Studio\18\Community\MSBuild;$(MSBuildProgramFiles32)\MSBuild です
                   拡張パス C:\Program Files\Microsoft Visual Studio\18\Community\MSBuild を使用して C:\Program Files\Microsoft Visual Studio\18\Community\MSBuild\$(MSBuildToolsVersion)\Microsoft.Common.targets\ImportAfter\* をインポートしようとしています
                   C:\Program Files\Microsoft Visual Studio\18\Community\MSBuild\Microsoft\NuGet\18.0\Microsoft.NuGet.targets(74,5): message : プロパティの再代入: $(ProjectLockFile)="obj\project.assets.json" (以前の値: "C:\CG\CG2_00_01\submission_ready_20260730_165019\LE3C_26_ヨシノ_ゲント\02_プロジェクト\CG2_00_01-CG4_-2\project\externals\imgui\obj\project.assets.json") C:\Program Files\Microsoft Visual Studio\18\Community\MSBuild\Microsoft\NuGet\18.0\Microsoft.NuGet.targets (74,5)
                   C:\Program Files\Microsoft Visual Studio\18\Community\MSBuild\Microsoft\NuGet\18.0\Microsoft.NuGet.targets(185,5): message : プロパティの再代入: $(ResolveAssemblyReferencesDependsOn)="
                   C:\Program Files\Microsoft Visual Studio\18\Community\MSBuild\Microsoft\NuGet\18.0\Microsoft.NuGet.targets(185,5): message :       ResolveProjectReferences;
                   C:\Program Files\Microsoft Visual Studio\18\Community\MSBuild\Microsoft\NuGet\18.0\Microsoft.NuGet.targets(185,5): message :       FindInvalidProjectReferences;
                   C:\Program Files\Microsoft Visual Studio\18\Community\MSBuild\Microsoft\NuGet\18.0\Microsoft.NuGet.targets(185,5): message :       GetFrameworkPaths;
                   C:\Program Files\Microsoft Visual Studio\18\Community\MSBuild\Microsoft\NuGet\18.0\Microsoft.NuGet.targets(185,5): message :       GetReferenceAssemblyPaths;
                   C:\Program Files\Microsoft Visual Studio\18\Community\MSBuild\Microsoft\NuGet\18.0\Microsoft.NuGet.targets(185,5): message :       PrepareForBuild;
                   C:\Program Files\Microsoft Visual Studio\18\Community\MSBuild\Microsoft\NuGet\18.0\Microsoft.NuGet.targets(185,5): message :       ResolveSDKReferences;
                   C:\Program Files\Microsoft Visual Studio\18\Community\MSBuild\Microsoft\NuGet\18.0\Microsoft.NuGet.targets(185,5): message :       ExpandSDKReferences;
                   C:\Program Files\Microsoft Visual Studio\18\Community\MSBuild\Microsoft\NuGet\18.0\Microsoft.NuGet.targets(185,5): message :     ;ResolveNuGetPackageAssets" (以前の値: "
                   C:\Program Files\Microsoft Visual Studio\18\Community\MSBuild\Microsoft\NuGet\18.0\Microsoft.NuGet.targets(185,5): message :       ResolveProjectReferences;
                   C:\Program Files\Microsoft Visual Studio\18\Community\MSBuild\Microsoft\NuGet\18.0\Microsoft.NuGet.targets(185,5): message :       FindInvalidProjectReferences;
                   C:\Program Files\Microsoft Visual Studio\18\Community\MSBuild\Microsoft\NuGet\18.0\Microsoft.NuGet.targets(185,5): message :       GetFrameworkPaths;
                   C:\Program Files\Microsoft Visual Studio\18\Community\MSBuild\Microsoft\NuGet\18.0\Microsoft.NuGet.targets(185,5): message :       GetReferenceAssemblyPaths;
                   C:\Program Files\Microsoft Visual Studio\18\Community\MSBuild\Microsoft\NuGet\18.0\Microsoft.NuGet.targets(185,5): message :       PrepareForBuild;
                   C:\Program Files\Microsoft Visual Studio\18\Community\MSBuild\Microsoft\NuGet\18.0\Microsoft.NuGet.targets(185,5): message :       ResolveSDKReferences;
                   C:\Program Files\Microsoft Visual Studio\18\Community\MSBuild\Microsoft\NuGet\18.0\Microsoft.NuGet.targets(185,5): message :       ExpandSDKReferences;
                   C:\Program Files\Microsoft Visual Studio\18\Community\MSBuild\Microsoft\NuGet\18.0\Microsoft.NuGet.targets(185,5): message :     ") C:\Program Files\Microsoft Visual Studio\18\Community\MSBuild\Microsoft\NuGet\18.0\Microsoft.NuGet.targets (185,5)
                   C:\Program Files\Microsoft Visual Studio\18\Community\MSBuild\Microsoft\NuGet\18.0\Microsoft.NuGet.targets(186,5): message : プロパティの再代入: $(PrepareResourcesDependsOn)="ResolveNuGetPackageAssets;
                   C:\Program Files\Microsoft Visual Studio\18\Community\MSBuild\Microsoft\NuGet\18.0\Microsoft.NuGet.targets(186,5): message :       XamlMarkupCompilePass1;
                   C:\Program Files\Microsoft Visual Studio\18\Community\MSBuild\Microsoft\NuGet\18.0\Microsoft.NuGet.targets(186,5): message :       XamlMarkupCompilePass2;
                   C:\Program Files\Microsoft Visual Studio\18\Community\MSBuild\Microsoft\NuGet\18.0\Microsoft.NuGet.targets(186,5): message :       
                   C:\Program Files\Microsoft Visual Studio\18\Community\MSBuild\Microsoft\NuGet\18.0\Microsoft.NuGet.targets(186,5): message :       ;
                   C:\Program Files\Microsoft Visual Studio\18\Community\MSBuild\Microsoft\NuGet\18.0\Microsoft.NuGet.targets(186,5): message :       PrepareResourceNames;
                   C:\Program Files\Microsoft Visual Studio\18\Community\MSBuild\Microsoft\NuGet\18.0\Microsoft.NuGet.targets(186,5): message :       ResGen;
                   C:\Program Files\Microsoft Visual Studio\18\Community\MSBuild\Microsoft\NuGet\18.0\Microsoft.NuGet.targets(186,5): message :       CompileLicxFiles
                   C:\Program Files\Microsoft Visual Studio\18\Community\MSBuild\Microsoft\NuGet\18.0\Microsoft.NuGet.targets(186,5): message :      
                   C:\Program Files\Microsoft Visual Studio\18\Community\MSBuild\Microsoft\NuGet\18.0\Microsoft.NuGet.targets(186,5): message :     " (以前の値: "
                   C:\Program Files\Microsoft Visual Studio\18\Community\MSBuild\Microsoft\NuGet\18.0\Microsoft.NuGet.targets(186,5): message :       XamlMarkupCompilePass1;
                   C:\Program Files\Microsoft Visual Studio\18\Community\MSBuild\Microsoft\NuGet\18.0\Microsoft.NuGet.targets(186,5): message :       XamlMarkupCompilePass2;
                   C:\Program Files\Microsoft Visual Studio\18\Community\MSBuild\Microsoft\NuGet\18.0\Microsoft.NuGet.targets(186,5): message :       
                   C:\Program Files\Microsoft Visual Studio\18\Community\MSBuild\Microsoft\NuGet\18.0\Microsoft.NuGet.targets(186,5): message :       ;
                   C:\Program Files\Microsoft Visual Studio\18\Community\MSBuild\Microsoft\NuGet\18.0\Microsoft.NuGet.targets(186,5): message :       PrepareResourceNames;
                   C:\Program Files\Microsoft Visual Studio\18\Community\MSBuild\Microsoft\NuGet\18.0\Microsoft.NuGet.targets(186,5): message :       ResGen;
                   C:\Program Files\Microsoft Visual Studio\18\Community\MSBuild\Microsoft\NuGet\18.0\Microsoft.NuGet.targets(186,5): message :       CompileLicxFiles
                   C:\Program Files\Microsoft Visual Studio\18\Community\MSBuild\Microsoft\NuGet\18.0\Microsoft.NuGet.targets(186,5): message :      
                   C:\Program Files\Microsoft Visual Studio\18\Community\MSBuild\Microsoft\NuGet\18.0\Microsoft.NuGet.targets(186,5): message :     ") C:\Program Files\Microsoft Visual Studio\18\Community\MSBuild\Microsoft\NuGet\18.0\Microsoft.NuGet.targets (186,5)
                   $(MSBuildExtensionsPath) で使用されている検索パスは C:\Program Files\Microsoft Visual Studio\18\Community\MSBuild;$(MSBuildProgramFiles32)\MSBuild です
                   $(MSBuildExtensionsPath) で使用されている検索パスは C:\Program Files\Microsoft Visual Studio\18\Community\MSBuild;$(MSBuildProgramFiles32)\MSBuild です
                   拡張パス C:\Program Files\Microsoft Visual Studio\18\Community\MSBuild を使用して C:\Program Files\Microsoft Visual Studio\18\Community\MSBuild\Microsoft\VisualStudio\WebTools.Aspire\Microsoft.WebTools.Aspire.targets をインポートしようとしています
                   C:\Program Files\Microsoft Visual Studio\18\Community\MSBuild\Microsoft\VisualStudio\WebTools.Aspire\Microsoft.WebTools.Aspire.targets(25,5): message : プロパティの再代入: $(JsonSchemaCombinedFilePath)="C:\CG\CG2_00_01\submission_ready_20260730_165019\LE3C_26_ヨシノ_ゲント\02_プロジェクト\CG2_00_01-CG4_-2\generated\obj\imgui\Debug\CombinedComponentSchema.json" (以前の値: "C:\CG\CG2_00_01\submission_ready_20260730_165019\LE3C_26_ヨシノ_ゲント\02_プロジェクト\CG2_00_01-CG4_-2\project\..\generated\obj\imgui\Debug\\CombinedComponentSchema.json") C:\Program Files\Microsoft Visual Studio\18\Community\MSBuild\Microsoft\VisualStudio\WebTools.Aspire\Microsoft.WebTools.Aspire.targets (25,5)
                   C:\Program Files\Microsoft Visual Studio\18\Community\MSBuild\Microsoft\VisualStudio\WebTools.Aspire\Microsoft.WebTools.Aspire.targets(27,5): message : プロパティの再代入: $(AppSettingsJsonSchemaCombinedFilePath)="C:\CG\CG2_00_01\submission_ready_20260730_165019\LE3C_26_ヨシノ_ゲント\02_プロジェクト\CG2_00_01-CG4_-2\generated\obj\imgui\Debug\AppSettingsSchema.json" (以前の値: "C:\CG\CG2_00_01\submission_ready_20260730_165019\LE3C_26_ヨシノ_ゲント\02_プロジェクト\CG2_00_01-CG4_-2\project\..\generated\obj\imgui\Debug\\AppSettingsSchema.json") C:\Program Files\Microsoft Visual Studio\18\Community\MSBuild\Microsoft\VisualStudio\WebTools.Aspire\Microsoft.WebTools.Aspire.targets (27,5)
                   C:\Program Files\Microsoft Visual Studio\18\Community\MSBuild\Microsoft\VC\v180\Microsoft.BuildSteps.Targets(39,5): message : プロパティの再代入: $(DebugType)="" (以前の値: "none") C:\Program Files\Microsoft Visual Studio\18\Community\MSBuild\Microsoft\VC\v180\Microsoft.BuildSteps.Targets (39,5)
                   C:\Program Files\Microsoft Visual Studio\18\Community\MSBuild\Microsoft\VC\v180\Microsoft.BuildSteps.Targets(122,5): message : プロパティの再代入: $(BuildDependsOn)="
                   C:\Program Files\Microsoft Visual Studio\18\Community\MSBuild\Microsoft\VC\v180\Microsoft.BuildSteps.Targets(122,5): message :       _PrepareForBuild;
                   C:\Program Files\Microsoft Visual Studio\18\Community\MSBuild\Microsoft\VC\v180\Microsoft.BuildSteps.Targets(122,5): message :       
                   C:\Program Files\Microsoft Visual Studio\18\Community\MSBuild\Microsoft\VC\v180\Microsoft.BuildSteps.Targets(122,5): message :       ResolveReferences;
                   C:\Program Files\Microsoft Visual Studio\18\Community\MSBuild\Microsoft\VC\v180\Microsoft.BuildSteps.Targets(122,5): message :       PrepareForBuild;
                   C:\Program Files\Microsoft Visual Studio\18\Community\MSBuild\Microsoft\VC\v180\Microsoft.BuildSteps.Targets(122,5): message :       InitializeBuildStatus;
                   C:\Program Files\Microsoft Visual Studio\18\Community\MSBuild\Microsoft\VC\v180\Microsoft.BuildSteps.Targets(122,5): message :       BuildGenerateSources;
                   C:\Program Files\Microsoft Visual Studio\18\Community\MSBuild\Microsoft\VC\v180\Microsoft.BuildSteps.Targets(122,5): message :       BuildCompile;
                   C:\Program Files\Microsoft Visual Studio\18\Community\MSBuild\Microsoft\VC\v180\Microsoft.BuildSteps.Targets(122,5): message :       BuildLink;
                   C:\Program Files\Microsoft Visual Studio\18\Community\MSBuild\Microsoft\VC\v180\Microsoft.BuildSteps.Targets(122,5): message :     ;
                   C:\Program Files\Microsoft Visual Studio\18\Community\MSBuild\Microsoft\VC\v180\Microsoft.BuildSteps.Targets(122,5): message :       AfterBuild;
                   C:\Program Files\Microsoft Visual Studio\18\Community\MSBuild\Microsoft\VC\v180\Microsoft.BuildSteps.Targets(122,5): message :       IncrementalClean;
                   C:\Program Files\Microsoft Visual Studio\18\Community\MSBuild\Microsoft\VC\v180\Microsoft.BuildSteps.Targets(122,5): message :       TlogCleanup;
                   C:\Program Files\Microsoft Visual Studio\18\Community\MSBuild\Microsoft\VC\v180\Microsoft.BuildSteps.Targets(122,5): message :       FinalizeBuildStatus;
                   C:\Program Files\Microsoft Visual Studio\18\Community\MSBuild\Microsoft\VC\v180\Microsoft.BuildSteps.Targets(122,5): message :     " (以前の値: "
                   C:\Program Files\Microsoft Visual Studio\18\Community\MSBuild\Microsoft\VC\v180\Microsoft.BuildSteps.Targets(122,5): message :       BeforeBuild;
                   C:\Program Files\Microsoft Visual Studio\18\Community\MSBuild\Microsoft\VC\v180\Microsoft.BuildSteps.Targets(122,5): message :       CoreBuild;
                   C:\Program Files\Microsoft Visual Studio\18\Community\MSBuild\Microsoft\VC\v180\Microsoft.BuildSteps.Targets(122,5): message :       AfterBuild
                   C:\Program Files\Microsoft Visual Studio\18\Community\MSBuild\Microsoft\VC\v180\Microsoft.BuildSteps.Targets(122,5): message :     ") C:\Program Files\Microsoft Visual Studio\18\Community\MSBuild\Microsoft\VC\v180\Microsoft.BuildSteps.Targets (122,5)
                   C:\Program Files\Microsoft Visual Studio\18\Community\MSBuild\Microsoft\VC\v180\Microsoft.BuildSteps.Targets(131,5): message : プロパティの再代入: $(RebuildDependsOn)="
                   C:\Program Files\Microsoft Visual Studio\18\Community\MSBuild\Microsoft\VC\v180\Microsoft.BuildSteps.Targets(131,5): message :       _PrepareForRebuild;
                   C:\Program Files\Microsoft Visual Studio\18\Community\MSBuild\Microsoft\VC\v180\Microsoft.BuildSteps.Targets(131,5): message :       
                   C:\Program Files\Microsoft Visual Studio\18\Community\MSBuild\Microsoft\VC\v180\Microsoft.BuildSteps.Targets(131,5): message :       BeforeRebuild;
                   C:\Program Files\Microsoft Visual Studio\18\Community\MSBuild\Microsoft\VC\v180\Microsoft.BuildSteps.Targets(131,5): message :       Clean;
                   C:\Program Files\Microsoft Visual Studio\18\Community\MSBuild\Microsoft\VC\v180\Microsoft.BuildSteps.Targets(131,5): message :       Build;
                   C:\Program Files\Microsoft Visual Studio\18\Community\MSBuild\Microsoft\VC\v180\Microsoft.BuildSteps.Targets(131,5): message :       AfterRebuild;
                   C:\Program Files\Microsoft Visual Studio\18\Community\MSBuild\Microsoft\VC\v180\Microsoft.BuildSteps.Targets(131,5): message :     ;
                   C:\Program Files\Microsoft Visual Studio\18\Community\MSBuild\Microsoft\VC\v180\Microsoft.BuildSteps.Targets(131,5): message :     " (以前の値: "
                   C:\Program Files\Microsoft Visual Studio\18\Community\MSBuild\Microsoft\VC\v180\Microsoft.BuildSteps.Targets(131,5): message :       BeforeRebuild;
                   C:\Program Files\Microsoft Visual Studio\18\Community\MSBuild\Microsoft\VC\v180\Microsoft.BuildSteps.Targets(131,5): message :       Clean;
                   C:\Program Files\Microsoft Visual Studio\18\Community\MSBuild\Microsoft\VC\v180\Microsoft.BuildSteps.Targets(131,5): message :       Build;
                   C:\Program Files\Microsoft Visual Studio\18\Community\MSBuild\Microsoft\VC\v180\Microsoft.BuildSteps.Targets(131,5): message :       AfterRebuild;
                   C:\Program Files\Microsoft Visual Studio\18\Community\MSBuild\Microsoft\VC\v180\Microsoft.BuildSteps.Targets(131,5): message :     ") C:\Program Files\Microsoft Visual Studio\18\Community\MSBuild\Microsoft\VC\v180\Microsoft.BuildSteps.Targets (131,5)
                   C:\Program Files\Microsoft Visual Studio\18\Community\MSBuild\Microsoft\VC\v180\Microsoft.BuildSteps.Targets(136,5): message : プロパティの再代入: $(CleanDependsOn)="
                   C:\Program Files\Microsoft Visual Studio\18\Community\MSBuild\Microsoft\VC\v180\Microsoft.BuildSteps.Targets(136,5): message :       _PrepareForClean;
                   C:\Program Files\Microsoft Visual Studio\18\Community\MSBuild\Microsoft\VC\v180\Microsoft.BuildSteps.Targets(136,5): message :       
                   C:\Program Files\Microsoft Visual Studio\18\Community\MSBuild\Microsoft\VC\v180\Microsoft.BuildSteps.Targets(136,5): message :       BeforeClean;
                   C:\Program Files\Microsoft Visual Studio\18\Community\MSBuild\Microsoft\VC\v180\Microsoft.BuildSteps.Targets(136,5): message :       UnmanagedUnregistration;
                   C:\Program Files\Microsoft Visual Studio\18\Community\MSBuild\Microsoft\VC\v180\Microsoft.BuildSteps.Targets(136,5): message :       CoreClean;
                   C:\Program Files\Microsoft Visual Studio\18\Community\MSBuild\Microsoft\VC\v180\Microsoft.BuildSteps.Targets(136,5): message :       CleanReferencedProjects;
                   C:\Program Files\Microsoft Visual Studio\18\Community\MSBuild\Microsoft\VC\v180\Microsoft.BuildSteps.Targets(136,5): message :       CleanPublishFolder;
                   C:\Program Files\Microsoft Visual Studio\18\Community\MSBuild\Microsoft\VC\v180\Microsoft.BuildSteps.Targets(136,5): message :       AfterClean
                   C:\Program Files\Microsoft Visual Studio\18\Community\MSBuild\Microsoft\VC\v180\Microsoft.BuildSteps.Targets(136,5): message :     ;
                   C:\Program Files\Microsoft Visual Studio\18\Community\MSBuild\Microsoft\VC\v180\Microsoft.BuildSteps.Targets(136,5): message :     " (以前の値: "
                   C:\Program Files\Microsoft Visual Studio\18\Community\MSBuild\Microsoft\VC\v180\Microsoft.BuildSteps.Targets(136,5): message :       BeforeClean;
                   C:\Program Files\Microsoft Visual Studio\18\Community\MSBuild\Microsoft\VC\v180\Microsoft.BuildSteps.Targets(136,5): message :       UnmanagedUnregistration;
                   C:\Program Files\Microsoft Visual Studio\18\Community\MSBuild\Microsoft\VC\v180\Microsoft.BuildSteps.Targets(136,5): message :       CoreClean;
                   C:\Program Files\Microsoft Visual Studio\18\Community\MSBuild\Microsoft\VC\v180\Microsoft.BuildSteps.Targets(136,5): message :       CleanReferencedProjects;
                   C:\Program Files\Microsoft Visual Studio\18\Community\MSBuild\Microsoft\VC\v180\Microsoft.BuildSteps.Targets(136,5): message :       CleanPublishFolder;
                   C:\Program Files\Microsoft Visual Studio\18\Community\MSBuild\Microsoft\VC\v180\Microsoft.BuildSteps.Targets(136,5): message :       AfterClean
                   C:\Program Files\Microsoft Visual Studio\18\Community\MSBuild\Microsoft\VC\v180\Microsoft.BuildSteps.Targets(136,5): message :     ") C:\Program Files\Microsoft Visual Studio\18\Community\MSBuild\Microsoft\VC\v180\Microsoft.BuildSteps.Targets (136,5)
                   C:\Program Files\Microsoft Visual Studio\18\Community\MSBuild\Microsoft\VC\v180\Microsoft.CppBuild.targets(60,5): message : プロパティの再代入: $(BeforeBuildGenerateSourcesTargets)="
                   C:\Program Files\Microsoft Visual Studio\18\Community\MSBuild\Microsoft\VC\v180\Microsoft.CppBuild.targets(60,5): message :       
                   C:\Program Files\Microsoft Visual Studio\18\Community\MSBuild\Microsoft\VC\v180\Microsoft.CppBuild.targets(60,5): message :       ;
                   C:\Program Files\Microsoft Visual Studio\18\Community\MSBuild\Microsoft\VC\v180\Microsoft.CppBuild.targets(60,5): message :       BeforeBuildGenerateSources;
                   C:\Program Files\Microsoft Visual Studio\18\Community\MSBuild\Microsoft\VC\v180\Microsoft.CppBuild.targets(60,5): message :     ;
                   C:\Program Files\Microsoft Visual Studio\18\Community\MSBuild\Microsoft\VC\v180\Microsoft.CppBuild.targets(60,5): message :     " (以前の値: "
                   C:\Program Files\Microsoft Visual Studio\18\Community\MSBuild\Microsoft\VC\v180\Microsoft.CppBuild.targets(60,5): message :       ;
                   C:\Program Files\Microsoft Visual Studio\18\Community\MSBuild\Microsoft\VC\v180\Microsoft.CppBuild.targets(60,5): message :       BeforeBuildGenerateSources;
                   C:\Program Files\Microsoft Visual Studio\18\Community\MSBuild\Microsoft\VC\v180\Microsoft.CppBuild.targets(60,5): message :     ") C:\Program Files\Microsoft Visual Studio\18\Community\MSBuild\Microsoft\VC\v180\Microsoft.CppBuild.targets (60,5)
                   C:\Program Files\Microsoft Visual Studio\18\Community\MSBuild\Microsoft\VC\v180\Microsoft.CppBuild.targets(71,5): message : プロパティの再代入: $(AfterBuildGenerateSourcesTargets)="
                   C:\Program Files\Microsoft Visual Studio\18\Community\MSBuild\Microsoft\VC\v180\Microsoft.CppBuild.targets(71,5): message :       
                   C:\Program Files\Microsoft Visual Studio\18\Community\MSBuild\Microsoft\VC\v180\Microsoft.CppBuild.targets(71,5): message :       ;
                   C:\Program Files\Microsoft Visual Studio\18\Community\MSBuild\Microsoft\VC\v180\Microsoft.CppBuild.targets(71,5): message :       AfterBuildGenerateSources;
                   C:\Program Files\Microsoft Visual Studio\18\Community\MSBuild\Microsoft\VC\v180\Microsoft.CppBuild.targets(71,5): message :     ;
                   C:\Program Files\Microsoft Visual Studio\18\Community\MSBuild\Microsoft\VC\v180\Microsoft.CppBuild.targets(71,5): message :       AfterBuildGenerateSourcesEvent;
                   C:\Program Files\Microsoft Visual Studio\18\Community\MSBuild\Microsoft\VC\v180\Microsoft.CppBuild.targets(71,5): message :     " (以前の値: "
                   C:\Program Files\Microsoft Visual Studio\18\Community\MSBuild\Microsoft\VC\v180\Microsoft.CppBuild.targets(71,5): message :       ;
                   C:\Program Files\Microsoft Visual Studio\18\Community\MSBuild\Microsoft\VC\v180\Microsoft.CppBuild.targets(71,5): message :       AfterBuildGenerateSources;
                   C:\Program Files\Microsoft Visual Studio\18\Community\MSBuild\Microsoft\VC\v180\Microsoft.CppBuild.targets(71,5): message :     ") C:\Program Files\Microsoft Visual Studio\18\Community\MSBuild\Microsoft\VC\v180\Microsoft.CppBuild.targets (71,5)
                   C:\Program Files\Microsoft Visual Studio\18\Community\MSBuild\Microsoft\VC\v180\Microsoft.CppBuild.targets(140,5): message : プロパティの再代入: $(BuildGenerateSourcesAction)="_BuildGenerateSourcesAction" (以前の値: "Build") C:\Program Files\Microsoft Visual Studio\18\Community\MSBuild\Microsoft\VC\v180\Microsoft.CppBuild.targets (140,5)
                   C:\Program Files\Microsoft Visual Studio\18\Community\MSBuild\Microsoft\VC\v180\Microsoft.CppBuild.targets(141,5): message : プロパティの再代入: $(BuildCompileAction)="_BuildCompileAction" (以前の値: "Build") C:\Program Files\Microsoft Visual Studio\18\Community\MSBuild\Microsoft\VC\v180\Microsoft.CppBuild.targets (141,5)
                   C:\Program Files\Microsoft Visual Studio\18\Community\MSBuild\Microsoft\VC\v180\Microsoft.CppBuild.targets(142,5): message : プロパティの再代入: $(BuildLinkAction)="_BuildLinkAction" (以前の値: "Build") C:\Program Files\Microsoft Visual Studio\18\Community\MSBuild\Microsoft\VC\v180\Microsoft.CppBuild.targets (142,5)
                   C:\Program Files\Microsoft Visual Studio\18\Community\MSBuild\Microsoft\VC\v180\Microsoft.CppBuild.targets(258,5): message : プロパティの再代入: $(DetermineProjectTypeTargets)="_PrepareForReferenceResolution;
                   C:\Program Files\Microsoft Visual Studio\18\Community\MSBuild\Microsoft\VC\v180\Microsoft.CppBuild.targets(258,5): message :       ;
                   C:\Program Files\Microsoft Visual Studio\18\Community\MSBuild\Microsoft\VC\v180\Microsoft.CppBuild.targets(258,5): message :       AddExternalIncludDirectoriesToPaths
                   C:\Program Files\Microsoft Visual Studio\18\Community\MSBuild\Microsoft\VC\v180\Microsoft.CppBuild.targets(258,5): message :     " (以前の値: "
                   C:\Program Files\Microsoft Visual Studio\18\Community\MSBuild\Microsoft\VC\v180\Microsoft.CppBuild.targets(258,5): message :       ;
                   C:\Program Files\Microsoft Visual Studio\18\Community\MSBuild\Microsoft\VC\v180\Microsoft.CppBuild.targets(258,5): message :       AddExternalIncludDirectoriesToPaths
                   C:\Program Files\Microsoft Visual Studio\18\Community\MSBuild\Microsoft\VC\v180\Microsoft.CppBuild.targets(258,5): message :     ") C:\Program Files\Microsoft Visual Studio\18\Community\MSBuild\Microsoft\VC\v180\Microsoft.CppBuild.targets (258,5)
                   C:\Program Files\Microsoft Visual Studio\18\Community\MSBuild\Microsoft\VC\v180\Microsoft.CppBuild.targets(323,5): message : プロパティの再代入: $(ResolveReferencesDependsOn)="_PrepareForReferenceResolution;ComputeCrtSDKReference;
                   C:\Program Files\Microsoft Visual Studio\18\Community\MSBuild\Microsoft\VC\v180\Microsoft.CppBuild.targets(323,5): message :       
                   C:\Program Files\Microsoft Visual Studio\18\Community\MSBuild\Microsoft\VC\v180\Microsoft.CppBuild.targets(323,5): message :       BeforeResolveReferences;
                   C:\Program Files\Microsoft Visual Studio\18\Community\MSBuild\Microsoft\VC\v180\Microsoft.CppBuild.targets(323,5): message :       AssignProjectConfiguration;
                   C:\Program Files\Microsoft Visual Studio\18\Community\MSBuild\Microsoft\VC\v180\Microsoft.CppBuild.targets(323,5): message :       ResolveProjectReferences;
                   C:\Program Files\Microsoft Visual Studio\18\Community\MSBuild\Microsoft\VC\v180\Microsoft.CppBuild.targets(323,5): message :       FindInvalidProjectReferences;
                   C:\Program Files\Microsoft Visual Studio\18\Community\MSBuild\Microsoft\VC\v180\Microsoft.CppBuild.targets(323,5): message :       ResolveNativeReferences;
                   C:\Program Files\Microsoft Visual Studio\18\Community\MSBuild\Microsoft\VC\v180\Microsoft.CppBuild.targets(323,5): message :       ResolveAssemblyReferences;
                   C:\Program Files\Microsoft Visual Studio\18\Community\MSBuild\Microsoft\VC\v180\Microsoft.CppBuild.targets(323,5): message :       GenerateBindingRedirects;
                   C:\Program Files\Microsoft Visual Studio\18\Community\MSBuild\Microsoft\VC\v180\Microsoft.CppBuild.targets(323,5): message :       GenerateBindingRedirectsUpdateAppConfig;
                   C:\Program Files\Microsoft Visual Studio\18\Community\MSBuild\Microsoft\VC\v180\Microsoft.CppBuild.targets(323,5): message :       ResolveComReferences;
                   C:\Program Files\Microsoft Visual Studio\18\Community\MSBuild\Microsoft\VC\v180\Microsoft.CppBuild.targets(323,5): message :       AfterResolveReferences
                   C:\Program Files\Microsoft Visual Studio\18\Community\MSBuild\Microsoft\VC\v180\Microsoft.CppBuild.targets(323,5): message :     ;
                   C:\Program Files\Microsoft Visual Studio\18\Community\MSBuild\Microsoft\VC\v180\Microsoft.CppBuild.targets(323,5): message :       ResolveTestReferences
                   C:\Program Files\Microsoft Visual Studio\18\Community\MSBuild\Microsoft\VC\v180\Microsoft.CppBuild.targets(323,5): message :     " (以前の値: "
                   C:\Program Files\Microsoft Visual Studio\18\Community\MSBuild\Microsoft\VC\v180\Microsoft.CppBuild.targets(323,5): message :       
                   C:\Program Files\Microsoft Visual Studio\18\Community\MSBuild\Microsoft\VC\v180\Microsoft.CppBuild.targets(323,5): message :       BeforeResolveReferences;
                   C:\Program Files\Microsoft Visual Studio\18\Community\MSBuild\Microsoft\VC\v180\Microsoft.CppBuild.targets(323,5): message :       AssignProjectConfiguration;
                   C:\Program Files\Microsoft Visual Studio\18\Community\MSBuild\Microsoft\VC\v180\Microsoft.CppBuild.targets(323,5): message :       ResolveProjectReferences;
                   C:\Program Files\Microsoft Visual Studio\18\Community\MSBuild\Microsoft\VC\v180\Microsoft.CppBuild.targets(323,5): message :       FindInvalidProjectReferences;
                   C:\Program Files\Microsoft Visual Studio\18\Community\MSBuild\Microsoft\VC\v180\Microsoft.CppBuild.targets(323,5): message :       ResolveNativeReferences;
                   C:\Program Files\Microsoft Visual Studio\18\Community\MSBuild\Microsoft\VC\v180\Microsoft.CppBuild.targets(323,5): message :       ResolveAssemblyReferences;
                   C:\Program Files\Microsoft Visual Studio\18\Community\MSBuild\Microsoft\VC\v180\Microsoft.CppBuild.targets(323,5): message :       GenerateBindingRedirects;
                   C:\Program Files\Microsoft Visual Studio\18\Community\MSBuild\Microsoft\VC\v180\Microsoft.CppBuild.targets(323,5): message :       GenerateBindingRedirectsUpdateAppConfig;
                   C:\Program Files\Microsoft Visual Studio\18\Community\MSBuild\Microsoft\VC\v180\Microsoft.CppBuild.targets(323,5): message :       ResolveComReferences;
                   C:\Program Files\Microsoft Visual Studio\18\Community\MSBuild\Microsoft\VC\v180\Microsoft.CppBuild.targets(323,5): message :       AfterResolveReferences
                   C:\Program Files\Microsoft Visual Studio\18\Community\MSBuild\Microsoft\VC\v180\Microsoft.CppBuild.targets(323,5): message :     ;
                   C:\Program Files\Microsoft Visual Studio\18\Community\MSBuild\Microsoft\VC\v180\Microsoft.CppBuild.targets(323,5): message :       ResolveTestReferences
                   C:\Program Files\Microsoft Visual Studio\18\Community\MSBuild\Microsoft\VC\v180\Microsoft.CppBuild.targets(323,5): message :     ") C:\Program Files\Microsoft Visual Studio\18\Community\MSBuild\Microsoft\VC\v180\Microsoft.CppBuild.targets (323,5)
                   C:\Program Files\Microsoft Visual Studio\18\Community\MSBuild\Microsoft\VC\v180\Microsoft.CppBuild.targets(324,5): message : プロパティの再代入: $(ResolveAssemblyReferencesDependsOn)="_PrepareForReferenceResolution;
                   C:\Program Files\Microsoft Visual Studio\18\Community\MSBuild\Microsoft\VC\v180\Microsoft.CppBuild.targets(324,5): message :       ResolveProjectReferences;
                   C:\Program Files\Microsoft Visual Studio\18\Community\MSBuild\Microsoft\VC\v180\Microsoft.CppBuild.targets(324,5): message :       FindInvalidProjectReferences;
                   C:\Program Files\Microsoft Visual Studio\18\Community\MSBuild\Microsoft\VC\v180\Microsoft.CppBuild.targets(324,5): message :       GetFrameworkPaths;
                   C:\Program Files\Microsoft Visual Studio\18\Community\MSBuild\Microsoft\VC\v180\Microsoft.CppBuild.targets(324,5): message :       GetReferenceAssemblyPaths;
                   C:\Program Files\Microsoft Visual Studio\18\Community\MSBuild\Microsoft\VC\v180\Microsoft.CppBuild.targets(324,5): message :       PrepareForBuild;
                   C:\Program Files\Microsoft Visual Studio\18\Community\MSBuild\Microsoft\VC\v180\Microsoft.CppBuild.targets(324,5): message :       ResolveSDKReferences;
                   C:\Program Files\Microsoft Visual Studio\18\Community\MSBuild\Microsoft\VC\v180\Microsoft.CppBuild.targets(324,5): message :       ExpandSDKReferences;
                   C:\Program Files\Microsoft Visual Studio\18\Community\MSBuild\Microsoft\VC\v180\Microsoft.CppBuild.targets(324,5): message :     ;ResolveNuGetPackageAssets" (以前の値: "
                   C:\Program Files\Microsoft Visual Studio\18\Community\MSBuild\Microsoft\VC\v180\Microsoft.CppBuild.targets(324,5): message :       ResolveProjectReferences;
                   C:\Program Files\Microsoft Visual Studio\18\Community\MSBuild\Microsoft\VC\v180\Microsoft.CppBuild.targets(324,5): message :       FindInvalidProjectReferences;
                   C:\Program Files\Microsoft Visual Studio\18\Community\MSBuild\Microsoft\VC\v180\Microsoft.CppBuild.targets(324,5): message :       GetFrameworkPaths;
                   C:\Program Files\Microsoft Visual Studio\18\Community\MSBuild\Microsoft\VC\v180\Microsoft.CppBuild.targets(324,5): message :       GetReferenceAssemblyPaths;
                   C:\Program Files\Microsoft Visual Studio\18\Community\MSBuild\Microsoft\VC\v180\Microsoft.CppBuild.targets(324,5): message :       PrepareForBuild;
                   C:\Program Files\Microsoft Visual Studio\18\Community\MSBuild\Microsoft\VC\v180\Microsoft.CppBuild.targets(324,5): message :       ResolveSDKReferences;
                   C:\Program Files\Microsoft Visual Studio\18\Community\MSBuild\Microsoft\VC\v180\Microsoft.CppBuild.targets(324,5): message :       ExpandSDKReferences;
                   C:\Program Files\Microsoft Visual Studio\18\Community\MSBuild\Microsoft\VC\v180\Microsoft.CppBuild.targets(324,5): message :     ;ResolveNuGetPackageAssets") C:\Program Files\Microsoft Visual Studio\18\Community\MSBuild\Microsoft\VC\v180\Microsoft.CppBuild.targets (324,5)
                   C:\Program Files\Microsoft Visual Studio\18\Community\MSBuild\Microsoft\VC\v180\Microsoft.CppBuild.targets(325,5): message : プロパティの再代入: $(ResolveSDKReferencesDependsOn)="_PrepareForReferenceResolution;ComputeCrtSDKReference;
                   C:\Program Files\Microsoft Visual Studio\18\Community\MSBuild\Microsoft\VC\v180\Microsoft.CppBuild.targets(325,5): message :       GetInstalledSDKLocations
                   C:\Program Files\Microsoft Visual Studio\18\Community\MSBuild\Microsoft\VC\v180\Microsoft.CppBuild.targets(325,5): message :     " (以前の値: "
                   C:\Program Files\Microsoft Visual Studio\18\Community\MSBuild\Microsoft\VC\v180\Microsoft.CppBuild.targets(325,5): message :       GetInstalledSDKLocations
                   C:\Program Files\Microsoft Visual Studio\18\Community\MSBuild\Microsoft\VC\v180\Microsoft.CppBuild.targets(325,5): message :     ") C:\Program Files\Microsoft Visual Studio\18\Community\MSBuild\Microsoft\VC\v180\Microsoft.CppBuild.targets (325,5)
                   C:\Program Files\Microsoft Visual Studio\18\Community\MSBuild\Microsoft\VC\v180\Microsoft.CppBuild.targets(659,5): message : プロパティの再代入: $(ComputeCompileInputsTargets)="
                   C:\Program Files\Microsoft Visual Studio\18\Community\MSBuild\Microsoft\VC\v180\Microsoft.CppBuild.targets(659,5): message :       
                   C:\Program Files\Microsoft Visual Studio\18\Community\MSBuild\Microsoft\VC\v180\Microsoft.CppBuild.targets(659,5): message :       ;
                   C:\Program Files\Microsoft Visual Studio\18\Community\MSBuild\Microsoft\VC\v180\Microsoft.CppBuild.targets(659,5): message :       GenerateTargetFrameworkMonikerAttribute;
                   C:\Program Files\Microsoft Visual Studio\18\Community\MSBuild\Microsoft\VC\v180\Microsoft.CppBuild.targets(659,5): message :     ;
                   C:\Program Files\Microsoft Visual Studio\18\Community\MSBuild\Microsoft\VC\v180\Microsoft.CppBuild.targets(659,5): message :       ComputeMIDLGeneratedCompileInputs;
                   C:\Program Files\Microsoft Visual Studio\18\Community\MSBuild\Microsoft\VC\v180\Microsoft.CppBuild.targets(659,5): message :     " (以前の値: "
                   C:\Program Files\Microsoft Visual Studio\18\Community\MSBuild\Microsoft\VC\v180\Microsoft.CppBuild.targets(659,5): message :       ;
                   C:\Program Files\Microsoft Visual Studio\18\Community\MSBuild\Microsoft\VC\v180\Microsoft.CppBuild.targets(659,5): message :       GenerateTargetFrameworkMonikerAttribute;
                   C:\Program Files\Microsoft Visual Studio\18\Community\MSBuild\Microsoft\VC\v180\Microsoft.CppBuild.targets(659,5): message :     ") C:\Program Files\Microsoft Visual Studio\18\Community\MSBuild\Microsoft\VC\v180\Microsoft.CppBuild.targets (659,5)
                   C:\Program Files\Microsoft Visual Studio\18\Community\MSBuild\Microsoft\VC\v180\Microsoft.CppBuild.targets(984,5): message : プロパティの再代入: $(ComputeLinkInputsTargets)="
                   C:\Program Files\Microsoft Visual Studio\18\Community\MSBuild\Microsoft\VC\v180\Microsoft.CppBuild.targets(984,5): message :       
                   C:\Program Files\Microsoft Visual Studio\18\Community\MSBuild\Microsoft\VC\v180\Microsoft.CppBuild.targets(984,5): message :       ;
                   C:\Program Files\Microsoft Visual Studio\18\Community\MSBuild\Microsoft\VC\v180\Microsoft.CppBuild.targets(984,5): message :       ComputeRCGeneratedLinkInputs;
                   C:\Program Files\Microsoft Visual Studio\18\Community\MSBuild\Microsoft\VC\v180\Microsoft.CppBuild.targets(984,5): message :     ;
                   C:\Program Files\Microsoft Visual Studio\18\Community\MSBuild\Microsoft\VC\v180\Microsoft.CppBuild.targets(984,5): message :       ComputeManifestGeneratedLinkerInputs;
                   C:\Program Files\Microsoft Visual Studio\18\Community\MSBuild\Microsoft\VC\v180\Microsoft.CppBuild.targets(984,5): message :     " (以前の値: "
                   C:\Program Files\Microsoft Visual Studio\18\Community\MSBuild\Microsoft\VC\v180\Microsoft.CppBuild.targets(984,5): message :       ;
                   C:\Program Files\Microsoft Visual Studio\18\Community\MSBuild\Microsoft\VC\v180\Microsoft.CppBuild.targets(984,5): message :       ComputeRCGeneratedLinkInputs;
                   C:\Program Files\Microsoft Visual Studio\18\Community\MSBuild\Microsoft\VC\v180\Microsoft.CppBuild.targets(984,5): message :     ") C:\Program Files\Microsoft Visual Studio\18\Community\MSBuild\Microsoft\VC\v180\Microsoft.CppBuild.targets (984,5)
                   C:\Program Files\Microsoft Visual Studio\18\Community\MSBuild\Microsoft\VC\v180\Microsoft.CppBuild.targets(1181,5): message : プロパティの再代入: $(ComputeCompileInputsTargets)="
                   C:\Program Files\Microsoft Visual Studio\18\Community\MSBuild\Microsoft\VC\v180\Microsoft.CppBuild.targets(1181,5): message :       
                   C:\Program Files\Microsoft Visual Studio\18\Community\MSBuild\Microsoft\VC\v180\Microsoft.CppBuild.targets(1181,5): message :       
                   C:\Program Files\Microsoft Visual Studio\18\Community\MSBuild\Microsoft\VC\v180\Microsoft.CppBuild.targets(1181,5): message :       ;
                   C:\Program Files\Microsoft Visual Studio\18\Community\MSBuild\Microsoft\VC\v180\Microsoft.CppBuild.targets(1181,5): message :       GenerateTargetFrameworkMonikerAttribute;
                   C:\Program Files\Microsoft Visual Studio\18\Community\MSBuild\Microsoft\VC\v180\Microsoft.CppBuild.targets(1181,5): message :     ;
                   C:\Program Files\Microsoft Visual Studio\18\Community\MSBuild\Microsoft\VC\v180\Microsoft.CppBuild.targets(1181,5): message :       ComputeMIDLGeneratedCompileInputs;
                   C:\Program Files\Microsoft Visual Studio\18\Community\MSBuild\Microsoft\VC\v180\Microsoft.CppBuild.targets(1181,5): message :     ;
                   C:\Program Files\Microsoft Visual Studio\18\Community\MSBuild\Microsoft\VC\v180\Microsoft.CppBuild.targets(1181,5): message :       ComputeCLInputPDBName;
                   C:\Program Files\Microsoft Visual Studio\18\Community\MSBuild\Microsoft\VC\v180\Microsoft.CppBuild.targets(1181,5): message :       ComputeReferenceCLInput;
                   C:\Program Files\Microsoft Visual Studio\18\Community\MSBuild\Microsoft\VC\v180\Microsoft.CppBuild.targets(1181,5): message :       WarnCompileDuplicatedFilename
                   C:\Program Files\Microsoft Visual Studio\18\Community\MSBuild\Microsoft\VC\v180\Microsoft.CppBuild.targets(1181,5): message :     " (以前の値: "
                   C:\Program Files\Microsoft Visual Studio\18\Community\MSBuild\Microsoft\VC\v180\Microsoft.CppBuild.targets(1181,5): message :       
                   C:\Program Files\Microsoft Visual Studio\18\Community\MSBuild\Microsoft\VC\v180\Microsoft.CppBuild.targets(1181,5): message :       ;
                   C:\Program Files\Microsoft Visual Studio\18\Community\MSBuild\Microsoft\VC\v180\Microsoft.CppBuild.targets(1181,5): message :       GenerateTargetFrameworkMonikerAttribute;
                   C:\Program Files\Microsoft Visual Studio\18\Community\MSBuild\Microsoft\VC\v180\Microsoft.CppBuild.targets(1181,5): message :     ;
                   C:\Program Files\Microsoft Visual Studio\18\Community\MSBuild\Microsoft\VC\v180\Microsoft.CppBuild.targets(1181,5): message :       ComputeMIDLGeneratedCompileInputs;
                   C:\Program Files\Microsoft Visual Studio\18\Community\MSBuild\Microsoft\VC\v180\Microsoft.CppBuild.targets(1181,5): message :     ") C:\Program Files\Microsoft Visual Studio\18\Community\MSBuild\Microsoft\VC\v180\Microsoft.CppBuild.targets (1181,5)
                   C:\Program Files\Microsoft Visual Studio\18\Community\MSBuild\Microsoft\VC\v180\Microsoft.CppBuild.targets(1233,5): message : プロパティの再代入: $(ComputeLinkInputsTargets)="
                   C:\Program Files\Microsoft Visual Studio\18\Community\MSBuild\Microsoft\VC\v180\Microsoft.CppBuild.targets(1233,5): message :       
                   C:\Program Files\Microsoft Visual Studio\18\Community\MSBuild\Microsoft\VC\v180\Microsoft.CppBuild.targets(1233,5): message :       
                   C:\Program Files\Microsoft Visual Studio\18\Community\MSBuild\Microsoft\VC\v180\Microsoft.CppBuild.targets(1233,5): message :       ;
                   C:\Program Files\Microsoft Visual Studio\18\Community\MSBuild\Microsoft\VC\v180\Microsoft.CppBuild.targets(1233,5): message :       ComputeRCGeneratedLinkInputs;
                   C:\Program Files\Microsoft Visual Studio\18\Community\MSBuild\Microsoft\VC\v180\Microsoft.CppBuild.targets(1233,5): message :     ;
                   C:\Program Files\Microsoft Visual Studio\18\Community\MSBuild\Microsoft\VC\v180\Microsoft.CppBuild.targets(1233,5): message :       ComputeManifestGeneratedLinkerInputs;
                   C:\Program Files\Microsoft Visual Studio\18\Community\MSBuild\Microsoft\VC\v180\Microsoft.CppBuild.targets(1233,5): message :     ;
                   C:\Program Files\Microsoft Visual Studio\18\Community\MSBuild\Microsoft\VC\v180\Microsoft.CppBuild.targets(1233,5): message :       ComputeCustomBuildOutput;
                   C:\Program Files\Microsoft Visual Studio\18\Community\MSBuild\Microsoft\VC\v180\Microsoft.CppBuild.targets(1233,5): message :     " (以前の値: "
                   C:\Program Files\Microsoft Visual Studio\18\Community\MSBuild\Microsoft\VC\v180\Microsoft.CppBuild.targets(1233,5): message :       
                   C:\Program Files\Microsoft Visual Studio\18\Community\MSBuild\Microsoft\VC\v180\Microsoft.CppBuild.targets(1233,5): message :       ;
                   C:\Program Files\Microsoft Visual Studio\18\Community\MSBuild\Microsoft\VC\v180\Microsoft.CppBuild.targets(1233,5): message :       ComputeRCGeneratedLinkInputs;
                   C:\Program Files\Microsoft Visual Studio\18\Community\MSBuild\Microsoft\VC\v180\Microsoft.CppBuild.targets(1233,5): message :     ;
                   C:\Program Files\Microsoft Visual Studio\18\Community\MSBuild\Microsoft\VC\v180\Microsoft.CppBuild.targets(1233,5): message :       ComputeManifestGeneratedLinkerInputs;
                   C:\Program Files\Microsoft Visual Studio\18\Community\MSBuild\Microsoft\VC\v180\Microsoft.CppBuild.targets(1233,5): message :     ") C:\Program Files\Microsoft Visual Studio\18\Community\MSBuild\Microsoft\VC\v180\Microsoft.CppBuild.targets (1233,5)
                   C:\Program Files\Microsoft Visual Studio\18\Community\MSBuild\Microsoft\VC\v180\Microsoft.CppBuild.targets(1240,5): message : プロパティの再代入: $(ComputeLibInputsTargets)="
                   C:\Program Files\Microsoft Visual Studio\18\Community\MSBuild\Microsoft\VC\v180\Microsoft.CppBuild.targets(1240,5): message :       
                   C:\Program Files\Microsoft Visual Studio\18\Community\MSBuild\Microsoft\VC\v180\Microsoft.CppBuild.targets(1240,5): message :       ;
                   C:\Program Files\Microsoft Visual Studio\18\Community\MSBuild\Microsoft\VC\v180\Microsoft.CppBuild.targets(1240,5): message :       ComputeRCGeneratedLibInputs;
                   C:\Program Files\Microsoft Visual Studio\18\Community\MSBuild\Microsoft\VC\v180\Microsoft.CppBuild.targets(1240,5): message :     ;
                   C:\Program Files\Microsoft Visual Studio\18\Community\MSBuild\Microsoft\VC\v180\Microsoft.CppBuild.targets(1240,5): message :       ComputeCustomBuildOutput;
                   C:\Program Files\Microsoft Visual Studio\18\Community\MSBuild\Microsoft\VC\v180\Microsoft.CppBuild.targets(1240,5): message :     " (以前の値: "
                   C:\Program Files\Microsoft Visual Studio\18\Community\MSBuild\Microsoft\VC\v180\Microsoft.CppBuild.targets(1240,5): message :       ;
                   C:\Program Files\Microsoft Visual Studio\18\Community\MSBuild\Microsoft\VC\v180\Microsoft.CppBuild.targets(1240,5): message :       ComputeRCGeneratedLibInputs;
                   C:\Program Files\Microsoft Visual Studio\18\Community\MSBuild\Microsoft\VC\v180\Microsoft.CppBuild.targets(1240,5): message :     ") C:\Program Files\Microsoft Visual Studio\18\Community\MSBuild\Microsoft\VC\v180\Microsoft.CppBuild.targets (1240,5)
                   C:\Program Files\Microsoft Visual Studio\18\Community\MSBuild\Microsoft\VC\v180\Microsoft.CppBuild.targets(1247,5): message : プロパティの再代入: $(ComputeImpLibInputsTargets)="
                   C:\Program Files\Microsoft Visual Studio\18\Community\MSBuild\Microsoft\VC\v180\Microsoft.CppBuild.targets(1247,5): message :       
                   C:\Program Files\Microsoft Visual Studio\18\Community\MSBuild\Microsoft\VC\v180\Microsoft.CppBuild.targets(1247,5): message :       
                   C:\Program Files\Microsoft Visual Studio\18\Community\MSBuild\Microsoft\VC\v180\Microsoft.CppBuild.targets(1247,5): message :       ;
                   C:\Program Files\Microsoft Visual Studio\18\Community\MSBuild\Microsoft\VC\v180\Microsoft.CppBuild.targets(1247,5): message :       ComputeRCGeneratedLibInputs;
                   C:\Program Files\Microsoft Visual Studio\18\Community\MSBuild\Microsoft\VC\v180\Microsoft.CppBuild.targets(1247,5): message :     ;
                   C:\Program Files\Microsoft Visual Studio\18\Community\MSBuild\Microsoft\VC\v180\Microsoft.CppBuild.targets(1247,5): message :       ComputeRCGeneratedImpLibInputs;
                   C:\Program Files\Microsoft Visual Studio\18\Community\MSBuild\Microsoft\VC\v180\Microsoft.CppBuild.targets(1247,5): message :     ;
                   C:\Program Files\Microsoft Visual Studio\18\Community\MSBuild\Microsoft\VC\v180\Microsoft.CppBuild.targets(1247,5): message :       ComputeCustomBuildOutput;
                   C:\Program Files\Microsoft Visual Studio\18\Community\MSBuild\Microsoft\VC\v180\Microsoft.CppBuild.targets(1247,5): message :     " (以前の値: "
                   C:\Program Files\Microsoft Visual Studio\18\Community\MSBuild\Microsoft\VC\v180\Microsoft.CppBuild.targets(1247,5): message :       
                   C:\Program Files\Microsoft Visual Studio\18\Community\MSBuild\Microsoft\VC\v180\Microsoft.CppBuild.targets(1247,5): message :       ;
                   C:\Program Files\Microsoft Visual Studio\18\Community\MSBuild\Microsoft\VC\v180\Microsoft.CppBuild.targets(1247,5): message :       ComputeRCGeneratedLibInputs;
                   C:\Program Files\Microsoft Visual Studio\18\Community\MSBuild\Microsoft\VC\v180\Microsoft.CppBuild.targets(1247,5): message :     ;
                   C:\Program Files\Microsoft Visual Studio\18\Community\MSBuild\Microsoft\VC\v180\Microsoft.CppBuild.targets(1247,5): message :       ComputeRCGeneratedImpLibInputs;
                   C:\Program Files\Microsoft Visual Studio\18\Community\MSBuild\Microsoft\VC\v180\Microsoft.CppBuild.targets(1247,5): message :     ") C:\Program Files\Microsoft Visual Studio\18\Community\MSBuild\Microsoft\VC\v180\Microsoft.CppBuild.targets (1247,5)
                   C:\Program Files\Microsoft Visual Studio\18\Community\MSBuild\Microsoft\VC\v180\Microsoft.CppBuild.targets(1308,5): message : プロパティの再代入: $(ComputeLinkInputsTargets)="
                   C:\Program Files\Microsoft Visual Studio\18\Community\MSBuild\Microsoft\VC\v180\Microsoft.CppBuild.targets(1308,5): message :       
                   C:\Program Files\Microsoft Visual Studio\18\Community\MSBuild\Microsoft\VC\v180\Microsoft.CppBuild.targets(1308,5): message :       
                   C:\Program Files\Microsoft Visual Studio\18\Community\MSBuild\Microsoft\VC\v180\Microsoft.CppBuild.targets(1308,5): message :       
                   C:\Program Files\Microsoft Visual Studio\18\Community\MSBuild\Microsoft\VC\v180\Microsoft.CppBuild.targets(1308,5): message :       ;
                   C:\Program Files\Microsoft Visual Studio\18\Community\MSBuild\Microsoft\VC\v180\Microsoft.CppBuild.targets(1308,5): message :       ComputeRCGeneratedLinkInputs;
                   C:\Program Files\Microsoft Visual Studio\18\Community\MSBuild\Microsoft\VC\v180\Microsoft.CppBuild.targets(1308,5): message :     ;
                   C:\Program Files\Microsoft Visual Studio\18\Community\MSBuild\Microsoft\VC\v180\Microsoft.CppBuild.targets(1308,5): message :       ComputeManifestGeneratedLinkerInputs;
                   C:\Program Files\Microsoft Visual Studio\18\Community\MSBuild\Microsoft\VC\v180\Microsoft.CppBuild.targets(1308,5): message :     ;
                   C:\Program Files\Microsoft Visual Studio\18\Community\MSBuild\Microsoft\VC\v180\Microsoft.CppBuild.targets(1308,5): message :       ComputeCustomBuildOutput;
                   C:\Program Files\Microsoft Visual Studio\18\Community\MSBuild\Microsoft\VC\v180\Microsoft.CppBuild.targets(1308,5): message :     ;
                   C:\Program Files\Microsoft Visual Studio\18\Community\MSBuild\Microsoft\VC\v180\Microsoft.CppBuild.targets(1308,5): message :       ComputeCLGeneratedLinkInputs;
                   C:\Program Files\Microsoft Visual Studio\18\Community\MSBuild\Microsoft\VC\v180\Microsoft.CppBuild.targets(1308,5): message :     " (以前の値: "
                   C:\Program Files\Microsoft Visual Studio\18\Community\MSBuild\Microsoft\VC\v180\Microsoft.CppBuild.targets(1308,5): message :       
                   C:\Program Files\Microsoft Visual Studio\18\Community\MSBuild\Microsoft\VC\v180\Microsoft.CppBuild.targets(1308,5): message :       
                   C:\Program Files\Microsoft Visual Studio\18\Community\MSBuild\Microsoft\VC\v180\Microsoft.CppBuild.targets(1308,5): message :       ;
                   C:\Program Files\Microsoft Visual Studio\18\Community\MSBuild\Microsoft\VC\v180\Microsoft.CppBuild.targets(1308,5): message :       ComputeRCGeneratedLinkInputs;
                   C:\Program Files\Microsoft Visual Studio\18\Community\MSBuild\Microsoft\VC\v180\Microsoft.CppBuild.targets(1308,5): message :     ;
                   C:\Program Files\Microsoft Visual Studio\18\Community\MSBuild\Microsoft\VC\v180\Microsoft.CppBuild.targets(1308,5): message :       ComputeManifestGeneratedLinkerInputs;
                   C:\Program Files\Microsoft Visual Studio\18\Community\MSBuild\Microsoft\VC\v180\Microsoft.CppBuild.targets(1308,5): message :     ;
                   C:\Program Files\Microsoft Visual Studio\18\Community\MSBuild\Microsoft\VC\v180\Microsoft.CppBuild.targets(1308,5): message :       ComputeCustomBuildOutput;
                   C:\Program Files\Microsoft Visual Studio\18\Community\MSBuild\Microsoft\VC\v180\Microsoft.CppBuild.targets(1308,5): message :     ") C:\Program Files\Microsoft Visual Studio\18\Community\MSBuild\Microsoft\VC\v180\Microsoft.CppBuild.targets (1308,5)
                   C:\Program Files\Microsoft Visual Studio\18\Community\MSBuild\Microsoft\VC\v180\Microsoft.CppBuild.targets(1323,5): message : プロパティの再代入: $(ComputeLibInputsTargets)="
                   C:\Program Files\Microsoft Visual Studio\18\Community\MSBuild\Microsoft\VC\v180\Microsoft.CppBuild.targets(1323,5): message :       
                   C:\Program Files\Microsoft Visual Studio\18\Community\MSBuild\Microsoft\VC\v180\Microsoft.CppBuild.targets(1323,5): message :       
                   C:\Program Files\Microsoft Visual Studio\18\Community\MSBuild\Microsoft\VC\v180\Microsoft.CppBuild.targets(1323,5): message :       ;
                   C:\Program Files\Microsoft Visual Studio\18\Community\MSBuild\Microsoft\VC\v180\Microsoft.CppBuild.targets(1323,5): message :       ComputeRCGeneratedLibInputs;
                   C:\Program Files\Microsoft Visual Studio\18\Community\MSBuild\Microsoft\VC\v180\Microsoft.CppBuild.targets(1323,5): message :     ;
                   C:\Program Files\Microsoft Visual Studio\18\Community\MSBuild\Microsoft\VC\v180\Microsoft.CppBuild.targets(1323,5): message :       ComputeCustomBuildOutput;
                   C:\Program Files\Microsoft Visual Studio\18\Community\MSBuild\Microsoft\VC\v180\Microsoft.CppBuild.targets(1323,5): message :     ;
                   C:\Program Files\Microsoft Visual Studio\18\Community\MSBuild\Microsoft\VC\v180\Microsoft.CppBuild.targets(1323,5): message :       ComputeCLGeneratedLibInputs;
                   C:\Program Files\Microsoft Visual Studio\18\Community\MSBuild\Microsoft\VC\v180\Microsoft.CppBuild.targets(1323,5): message :     " (以前の値: "
                   C:\Program Files\Microsoft Visual Studio\18\Community\MSBuild\Microsoft\VC\v180\Microsoft.CppBuild.targets(1323,5): message :       
                   C:\Program Files\Microsoft Visual Studio\18\Community\MSBuild\Microsoft\VC\v180\Microsoft.CppBuild.targets(1323,5): message :       ;
                   C:\Program Files\Microsoft Visual Studio\18\Community\MSBuild\Microsoft\VC\v180\Microsoft.CppBuild.targets(1323,5): message :       ComputeRCGeneratedLibInputs;
                   C:\Program Files\Microsoft Visual Studio\18\Community\MSBuild\Microsoft\VC\v180\Microsoft.CppBuild.targets(1323,5): message :     ;
                   C:\Program Files\Microsoft Visual Studio\18\Community\MSBuild\Microsoft\VC\v180\Microsoft.CppBuild.targets(1323,5): message :       ComputeCustomBuildOutput;
                   C:\Program Files\Microsoft Visual Studio\18\Community\MSBuild\Microsoft\VC\v180\Microsoft.CppBuild.targets(1323,5): message :     ") C:\Program Files\Microsoft Visual Studio\18\Community\MSBuild\Microsoft\VC\v180\Microsoft.CppBuild.targets (1323,5)
                   C:\Program Files\Microsoft Visual Studio\18\Community\MSBuild\Microsoft\VC\v180\Microsoft.CppBuild.targets(1338,5): message : プロパティの再代入: $(ComputeImpLibInputsTargets)="
                   C:\Program Files\Microsoft Visual Studio\18\Community\MSBuild\Microsoft\VC\v180\Microsoft.CppBuild.targets(1338,5): message :       
                   C:\Program Files\Microsoft Visual Studio\18\Community\MSBuild\Microsoft\VC\v180\Microsoft.CppBuild.targets(1338,5): message :       
                   C:\Program Files\Microsoft Visual Studio\18\Community\MSBuild\Microsoft\VC\v180\Microsoft.CppBuild.targets(1338,5): message :       
                   C:\Program Files\Microsoft Visual Studio\18\Community\MSBuild\Microsoft\VC\v180\Microsoft.CppBuild.targets(1338,5): message :       ;
                   C:\Program Files\Microsoft Visual Studio\18\Community\MSBuild\Microsoft\VC\v180\Microsoft.CppBuild.targets(1338,5): message :       ComputeRCGeneratedLibInputs;
                   C:\Program Files\Microsoft Visual Studio\18\Community\MSBuild\Microsoft\VC\v180\Microsoft.CppBuild.targets(1338,5): message :     ;
                   C:\Program Files\Microsoft Visual Studio\18\Community\MSBuild\Microsoft\VC\v180\Microsoft.CppBuild.targets(1338,5): message :       ComputeRCGeneratedImpLibInputs;
                   C:\Program Files\Microsoft Visual Studio\18\Community\MSBuild\Microsoft\VC\v180\Microsoft.CppBuild.targets(1338,5): message :     ;
                   C:\Program Files\Microsoft Visual Studio\18\Community\MSBuild\Microsoft\VC\v180\Microsoft.CppBuild.targets(1338,5): message :       ComputeCustomBuildOutput;
                   C:\Program Files\Microsoft Visual Studio\18\Community\MSBuild\Microsoft\VC\v180\Microsoft.CppBuild.targets(1338,5): message :     ;
                   C:\Program Files\Microsoft Visual Studio\18\Community\MSBuild\Microsoft\VC\v180\Microsoft.CppBuild.targets(1338,5): message :       ComputeCLGeneratedImpLibInputs;
                   C:\Program Files\Microsoft Visual Studio\18\Community\MSBuild\Microsoft\VC\v180\Microsoft.CppBuild.targets(1338,5): message :     " (以前の値: "
                   C:\Program Files\Microsoft Visual Studio\18\Community\MSBuild\Microsoft\VC\v180\Microsoft.CppBuild.targets(1338,5): message :       
                   C:\Program Files\Microsoft Visual Studio\18\Community\MSBuild\Microsoft\VC\v180\Microsoft.CppBuild.targets(1338,5): message :       
                   C:\Program Files\Microsoft Visual Studio\18\Community\MSBuild\Microsoft\VC\v180\Microsoft.CppBuild.targets(1338,5): message :       ;
                   C:\Program Files\Microsoft Visual Studio\18\Community\MSBuild\Microsoft\VC\v180\Microsoft.CppBuild.targets(1338,5): message :       ComputeRCGeneratedLibInputs;
                   C:\Program Files\Microsoft Visual Studio\18\Community\MSBuild\Microsoft\VC\v180\Microsoft.CppBuild.targets(1338,5): message :     ;
                   C:\Program Files\Microsoft Visual Studio\18\Community\MSBuild\Microsoft\VC\v180\Microsoft.CppBuild.targets(1338,5): message :       ComputeRCGeneratedImpLibInputs;
                   C:\Program Files\Microsoft Visual Studio\18\Community\MSBuild\Microsoft\VC\v180\Microsoft.CppBuild.targets(1338,5): message :     ;
                   C:\Program Files\Microsoft Visual Studio\18\Community\MSBuild\Microsoft\VC\v180\Microsoft.CppBuild.targets(1338,5): message :       ComputeCustomBuildOutput;
                   C:\Program Files\Microsoft Visual Studio\18\Community\MSBuild\Microsoft\VC\v180\Microsoft.CppBuild.targets(1338,5): message :     ") C:\Program Files\Microsoft Visual Studio\18\Community\MSBuild\Microsoft\VC\v180\Microsoft.CppBuild.targets (1338,5)
                   C:\Program Files\Microsoft Visual Studio\18\Community\MSBuild\Microsoft\VC\v180\Microsoft.CppBuild.targets(1369,5): message : プロパティの再代入: $(ComputeLinkInputsTargets)="
                   C:\Program Files\Microsoft Visual Studio\18\Community\MSBuild\Microsoft\VC\v180\Microsoft.CppBuild.targets(1369,5): message :       
                   C:\Program Files\Microsoft Visual Studio\18\Community\MSBuild\Microsoft\VC\v180\Microsoft.CppBuild.targets(1369,5): message :       
                   C:\Program Files\Microsoft Visual Studio\18\Community\MSBuild\Microsoft\VC\v180\Microsoft.CppBuild.targets(1369,5): message :       
                   C:\Program Files\Microsoft Visual Studio\18\Community\MSBuild\Microsoft\VC\v180\Microsoft.CppBuild.targets(1369,5): message :       
                   C:\Program Files\Microsoft Visual Studio\18\Community\MSBuild\Microsoft\VC\v180\Microsoft.CppBuild.targets(1369,5): message :       ;
                   C:\Program Files\Microsoft Visual Studio\18\Community\MSBuild\Microsoft\VC\v180\Microsoft.CppBuild.targets(1369,5): message :       ComputeRCGeneratedLinkInputs;
                   C:\Program Files\Microsoft Visual Studio\18\Community\MSBuild\Microsoft\VC\v180\Microsoft.CppBuild.targets(1369,5): message :     ;
                   C:\Program Files\Microsoft Visual Studio\18\Community\MSBuild\Microsoft\VC\v180\Microsoft.CppBuild.targets(1369,5): message :       ComputeManifestGeneratedLinkerInputs;
                   C:\Program Files\Microsoft Visual Studio\18\Community\MSBuild\Microsoft\VC\v180\Microsoft.CppBuild.targets(1369,5): message :     ;
                   C:\Program Files\Microsoft Visual Studio\18\Community\MSBuild\Microsoft\VC\v180\Microsoft.CppBuild.targets(1369,5): message :       ComputeCustomBuildOutput;
                   C:\Program Files\Microsoft Visual Studio\18\Community\MSBuild\Microsoft\VC\v180\Microsoft.CppBuild.targets(1369,5): message :     ;
                   C:\Program Files\Microsoft Visual Studio\18\Community\MSBuild\Microsoft\VC\v180\Microsoft.CppBuild.targets(1369,5): message :       ComputeCLGeneratedLinkInputs;
                   C:\Program Files\Microsoft Visual Studio\18\Community\MSBuild\Microsoft\VC\v180\Microsoft.CppBuild.targets(1369,5): message :     ;
                   C:\Program Files\Microsoft Visual Studio\18\Community\MSBuild\Microsoft\VC\v180\Microsoft.CppBuild.targets(1369,5): message :       ComputeLinkInputsFromProject;
                   C:\Program Files\Microsoft Visual Studio\18\Community\MSBuild\Microsoft\VC\v180\Microsoft.CppBuild.targets(1369,5): message :     " (以前の値: "
                   C:\Program Files\Microsoft Visual Studio\18\Community\MSBuild\Microsoft\VC\v180\Microsoft.CppBuild.targets(1369,5): message :       
                   C:\Program Files\Microsoft Visual Studio\18\Community\MSBuild\Microsoft\VC\v180\Microsoft.CppBuild.targets(1369,5): message :       
                   C:\Program Files\Microsoft Visual Studio\18\Community\MSBuild\Microsoft\VC\v180\Microsoft.CppBuild.targets(1369,5): message :       
                   C:\Program Files\Microsoft Visual Studio\18\Community\MSBuild\Microsoft\VC\v180\Microsoft.CppBuild.targets(1369,5): message :       ;
                   C:\Program Files\Microsoft Visual Studio\18\Community\MSBuild\Microsoft\VC\v180\Microsoft.CppBuild.targets(1369,5): message :       ComputeRCGeneratedLinkInputs;
                   C:\Program Files\Microsoft Visual Studio\18\Community\MSBuild\Microsoft\VC\v180\Microsoft.CppBuild.targets(1369,5): message :     ;
                   C:\Program Files\Microsoft Visual Studio\18\Community\MSBuild\Microsoft\VC\v180\Microsoft.CppBuild.targets(1369,5): message :       ComputeManifestGeneratedLinkerInputs;
                   C:\Program Files\Microsoft Visual Studio\18\Community\MSBuild\Microsoft\VC\v180\Microsoft.CppBuild.targets(1369,5): message :     ;
                   C:\Program Files\Microsoft Visual Studio\18\Community\MSBuild\Microsoft\VC\v180\Microsoft.CppBuild.targets(1369,5): message :       ComputeCustomBuildOutput;
                   C:\Program Files\Microsoft Visual Studio\18\Community\MSBuild\Microsoft\VC\v180\Microsoft.CppBuild.targets(1369,5): message :     ;
                   C:\Program Files\Microsoft Visual Studio\18\Community\MSBuild\Microsoft\VC\v180\Microsoft.CppBuild.targets(1369,5): message :       ComputeCLGeneratedLinkInputs;
                   C:\Program Files\Microsoft Visual Studio\18\Community\MSBuild\Microsoft\VC\v180\Microsoft.CppBuild.targets(1369,5): message :     ") C:\Program Files\Microsoft Visual Studio\18\Community\MSBuild\Microsoft\VC\v180\Microsoft.CppBuild.targets (1369,5)
                   C:\Program Files\Microsoft Visual Studio\18\Community\MSBuild\Microsoft\VC\v180\Microsoft.CppBuild.targets(1387,5): message : プロパティの再代入: $(ComputeLibInputsTargets)="
                   C:\Program Files\Microsoft Visual Studio\18\Community\MSBuild\Microsoft\VC\v180\Microsoft.CppBuild.targets(1387,5): message :       
                   C:\Program Files\Microsoft Visual Studio\18\Community\MSBuild\Microsoft\VC\v180\Microsoft.CppBuild.targets(1387,5): message :       
                   C:\Program Files\Microsoft Visual Studio\18\Community\MSBuild\Microsoft\VC\v180\Microsoft.CppBuild.targets(1387,5): message :       
                   C:\Program Files\Microsoft Visual Studio\18\Community\MSBuild\Microsoft\VC\v180\Microsoft.CppBuild.targets(1387,5): message :       ;
                   C:\Program Files\Microsoft Visual Studio\18\Community\MSBuild\Microsoft\VC\v180\Microsoft.CppBuild.targets(1387,5): message :       ComputeRCGeneratedLibInputs;
                   C:\Program Files\Microsoft Visual Studio\18\Community\MSBuild\Microsoft\VC\v180\Microsoft.CppBuild.targets(1387,5): message :     ;
                   C:\Program Files\Microsoft Visual Studio\18\Community\MSBuild\Microsoft\VC\v180\Microsoft.CppBuild.targets(1387,5): message :       ComputeCustomBuildOutput;
                   C:\Program Files\Microsoft Visual Studio\18\Community\MSBuild\Microsoft\VC\v180\Microsoft.CppBuild.targets(1387,5): message :     ;
                   C:\Program Files\Microsoft Visual Studio\18\Community\MSBuild\Microsoft\VC\v180\Microsoft.CppBuild.targets(1387,5): message :       ComputeCLGeneratedLibInputs;
                   C:\Program Files\Microsoft Visual Studio\18\Community\MSBuild\Microsoft\VC\v180\Microsoft.CppBuild.targets(1387,5): message :     ;
                   C:\Program Files\Microsoft Visual Studio\18\Community\MSBuild\Microsoft\VC\v180\Microsoft.CppBuild.targets(1387,5): message :       ComputeLibInputsFromProject;
                   C:\Program Files\Microsoft Visual Studio\18\Community\MSBuild\Microsoft\VC\v180\Microsoft.CppBuild.targets(1387,5): message :     " (以前の値: "
                   C:\Program Files\Microsoft Visual Studio\18\Community\MSBuild\Microsoft\VC\v180\Microsoft.CppBuild.targets(1387,5): message :       
                   C:\Program Files\Microsoft Visual Studio\18\Community\MSBuild\Microsoft\VC\v180\Microsoft.CppBuild.targets(1387,5): message :       
                   C:\Program Files\Microsoft Visual Studio\18\Community\MSBuild\Microsoft\VC\v180\Microsoft.CppBuild.targets(1387,5): message :       ;
                   C:\Program Files\Microsoft Visual Studio\18\Community\MSBuild\Microsoft\VC\v180\Microsoft.CppBuild.targets(1387,5): message :       ComputeRCGeneratedLibInputs;
                   C:\Program Files\Microsoft Visual Studio\18\Community\MSBuild\Microsoft\VC\v180\Microsoft.CppBuild.targets(1387,5): message :     ;
                   C:\Program Files\Microsoft Visual Studio\18\Community\MSBuild\Microsoft\VC\v180\Microsoft.CppBuild.targets(1387,5): message :       ComputeCustomBuildOutput;
                   C:\Program Files\Microsoft Visual Studio\18\Community\MSBuild\Microsoft\VC\v180\Microsoft.CppBuild.targets(1387,5): message :     ;
                   C:\Program Files\Microsoft Visual Studio\18\Community\MSBuild\Microsoft\VC\v180\Microsoft.CppBuild.targets(1387,5): message :       ComputeCLGeneratedLibInputs;
                   C:\Program Files\Microsoft Visual Studio\18\Community\MSBuild\Microsoft\VC\v180\Microsoft.CppBuild.targets(1387,5): message :     ") C:\Program Files\Microsoft Visual Studio\18\Community\MSBuild\Microsoft\VC\v180\Microsoft.CppBuild.targets (1387,5)
                   C:\Program Files\Microsoft Visual Studio\18\Community\MSBuild\Microsoft\VC\v180\Microsoft.CppBuild.targets(1405,5): message : プロパティの再代入: $(ComputeImpLibInputsTargets)="
                   C:\Program Files\Microsoft Visual Studio\18\Community\MSBuild\Microsoft\VC\v180\Microsoft.CppBuild.targets(1405,5): message :       
                   C:\Program Files\Microsoft Visual Studio\18\Community\MSBuild\Microsoft\VC\v180\Microsoft.CppBuild.targets(1405,5): message :       
                   C:\Program Files\Microsoft Visual Studio\18\Community\MSBuild\Microsoft\VC\v180\Microsoft.CppBuild.targets(1405,5): message :       
                   C:\Program Files\Microsoft Visual Studio\18\Community\MSBuild\Microsoft\VC\v180\Microsoft.CppBuild.targets(1405,5): message :       
                   C:\Program Files\Microsoft Visual Studio\18\Community\MSBuild\Microsoft\VC\v180\Microsoft.CppBuild.targets(1405,5): message :       ;
                   C:\Program Files\Microsoft Visual Studio\18\Community\MSBuild\Microsoft\VC\v180\Microsoft.CppBuild.targets(1405,5): message :       ComputeRCGeneratedLibInputs;
                   C:\Program Files\Microsoft Visual Studio\18\Community\MSBuild\Microsoft\VC\v180\Microsoft.CppBuild.targets(1405,5): message :     ;
                   C:\Program Files\Microsoft Visual Studio\18\Community\MSBuild\Microsoft\VC\v180\Microsoft.CppBuild.targets(1405,5): message :       ComputeRCGeneratedImpLibInputs;
                   C:\Program Files\Microsoft Visual Studio\18\Community\MSBuild\Microsoft\VC\v180\Microsoft.CppBuild.targets(1405,5): message :     ;
                   C:\Program Files\Microsoft Visual Studio\18\Community\MSBuild\Microsoft\VC\v180\Microsoft.CppBuild.targets(1405,5): message :       ComputeCustomBuildOutput;
                   C:\Program Files\Microsoft Visual Studio\18\Community\MSBuild\Microsoft\VC\v180\Microsoft.CppBuild.targets(1405,5): message :     ;
                   C:\Program Files\Microsoft Visual Studio\18\Community\MSBuild\Microsoft\VC\v180\Microsoft.CppBuild.targets(1405,5): message :       ComputeCLGeneratedImpLibInputs;
                   C:\Program Files\Microsoft Visual Studio\18\Community\MSBuild\Microsoft\VC\v180\Microsoft.CppBuild.targets(1405,5): message :     ;
                   C:\Program Files\Microsoft Visual Studio\18\Community\MSBuild\Microsoft\VC\v180\Microsoft.CppBuild.targets(1405,5): message :       ComputeImpLibInputsFromProject;
                   C:\Program Files\Microsoft Visual Studio\18\Community\MSBuild\Microsoft\VC\v180\Microsoft.CppBuild.targets(1405,5): message :     " (以前の値: "
                   C:\Program Files\Microsoft Visual Studio\18\Community\MSBuild\Microsoft\VC\v180\Microsoft.CppBuild.targets(1405,5): message :       
                   C:\Program Files\Microsoft Visual Studio\18\Community\MSBuild\Microsoft\VC\v180\Microsoft.CppBuild.targets(1405,5): message :       
                   C:\Program Files\Microsoft Visual Studio\18\Community\MSBuild\Microsoft\VC\v180\Microsoft.CppBuild.targets(1405,5): message :       
                   C:\Program Files\Microsoft Visual Studio\18\Community\MSBuild\Microsoft\VC\v180\Microsoft.CppBuild.targets(1405,5): message :       ;
                   C:\Program Files\Microsoft Visual Studio\18\Community\MSBuild\Microsoft\VC\v180\Microsoft.CppBuild.targets(1405,5): message :       ComputeRCGeneratedLibInputs;
                   C:\Program Files\Microsoft Visual Studio\18\Community\MSBuild\Microsoft\VC\v180\Microsoft.CppBuild.targets(1405,5): message :     ;
                   C:\Program Files\Microsoft Visual Studio\18\Community\MSBuild\Microsoft\VC\v180\Microsoft.CppBuild.targets(1405,5): message :       ComputeRCGeneratedImpLibInputs;
                   C:\Program Files\Microsoft Visual Studio\18\Community\MSBuild\Microsoft\VC\v180\Microsoft.CppBuild.targets(1405,5): message :     ;
                   C:\Program Files\Microsoft Visual Studio\18\Community\MSBuild\Microsoft\VC\v180\Microsoft.CppBuild.targets(1405,5): message :       ComputeCustomBuildOutput;
                   C:\Program Files\Microsoft Visual Studio\18\Community\MSBuild\Microsoft\VC\v180\Microsoft.CppBuild.targets(1405,5): message :     ;
                   C:\Program Files\Microsoft Visual Studio\18\Community\MSBuild\Microsoft\VC\v180\Microsoft.CppBuild.targets(1405,5): message :       ComputeCLGeneratedImpLibInputs;
                   C:\Program Files\Microsoft Visual Studio\18\Community\MSBuild\Microsoft\VC\v180\Microsoft.CppBuild.targets(1405,5): message :     ") C:\Program Files\Microsoft Visual Studio\18\Community\MSBuild\Microsoft\VC\v180\Microsoft.CppBuild.targets (1405,5)
                   C:\Program Files\Microsoft Visual Studio\18\Community\MSBuild\Microsoft\VC\v180\Microsoft.CppBuild.targets(1529,5): message : プロパティの再代入: $(ComputeLinkInputsTargets)="
                   C:\Program Files\Microsoft Visual Studio\18\Community\MSBuild\Microsoft\VC\v180\Microsoft.CppBuild.targets(1529,5): message :       
                   C:\Program Files\Microsoft Visual Studio\18\Community\MSBuild\Microsoft\VC\v180\Microsoft.CppBuild.targets(1529,5): message :       
                   C:\Program Files\Microsoft Visual Studio\18\Community\MSBuild\Microsoft\VC\v180\Microsoft.CppBuild.targets(1529,5): message :       
                   C:\Program Files\Microsoft Visual Studio\18\Community\MSBuild\Microsoft\VC\v180\Microsoft.CppBuild.targets(1529,5): message :       
                   C:\Program Files\Microsoft Visual Studio\18\Community\MSBuild\Microsoft\VC\v180\Microsoft.CppBuild.targets(1529,5): message :       
                   C:\Program Files\Microsoft Visual Studio\18\Community\MSBuild\Microsoft\VC\v180\Microsoft.CppBuild.targets(1529,5): message :       ;
                   C:\Program Files\Microsoft Visual Studio\18\Community\MSBuild\Microsoft\VC\v180\Microsoft.CppBuild.targets(1529,5): message :       ComputeRCGeneratedLinkInputs;
                   C:\Program Files\Microsoft Visual Studio\18\Community\MSBuild\Microsoft\VC\v180\Microsoft.CppBuild.targets(1529,5): message :     ;
                   C:\Program Files\Microsoft Visual Studio\18\Community\MSBuild\Microsoft\VC\v180\Microsoft.CppBuild.targets(1529,5): message :       ComputeManifestGeneratedLinkerInputs;
                   C:\Program Files\Microsoft Visual Studio\18\Community\MSBuild\Microsoft\VC\v180\Microsoft.CppBuild.targets(1529,5): message :     ;
                   C:\Program Files\Microsoft Visual Studio\18\Community\MSBuild\Microsoft\VC\v180\Microsoft.CppBuild.targets(1529,5): message :       ComputeCustomBuildOutput;
                   C:\Program Files\Microsoft Visual Studio\18\Community\MSBuild\Microsoft\VC\v180\Microsoft.CppBuild.targets(1529,5): message :     ;
                   C:\Program Files\Microsoft Visual Studio\18\Community\MSBuild\Microsoft\VC\v180\Microsoft.CppBuild.targets(1529,5): message :       ComputeCLGeneratedLinkInputs;
                   C:\Program Files\Microsoft Visual Studio\18\Community\MSBuild\Microsoft\VC\v180\Microsoft.CppBuild.targets(1529,5): message :     ;
                   C:\Program Files\Microsoft Visual Studio\18\Community\MSBuild\Microsoft\VC\v180\Microsoft.CppBuild.targets(1529,5): message :       ComputeLinkInputsFromProject;
                   C:\Program Files\Microsoft Visual Studio\18\Community\MSBuild\Microsoft\VC\v180\Microsoft.CppBuild.targets(1529,5): message :     ;
                   C:\Program Files\Microsoft Visual Studio\18\Community\MSBuild\Microsoft\VC\v180\Microsoft.CppBuild.targets(1529,5): message :       ComputeReferenceLinkInputs;
                   C:\Program Files\Microsoft Visual Studio\18\Community\MSBuild\Microsoft\VC\v180\Microsoft.CppBuild.targets(1529,5): message :     " (以前の値: "
                   C:\Program Files\Microsoft Visual Studio\18\Community\MSBuild\Microsoft\VC\v180\Microsoft.CppBuild.targets(1529,5): message :       
                   C:\Program Files\Microsoft Visual Studio\18\Community\MSBuild\Microsoft\VC\v180\Microsoft.CppBuild.targets(1529,5): message :       
                   C:\Program Files\Microsoft Visual Studio\18\Community\MSBuild\Microsoft\VC\v180\Microsoft.CppBuild.targets(1529,5): message :       
                   C:\Program Files\Microsoft Visual Studio\18\Community\MSBuild\Microsoft\VC\v180\Microsoft.CppBuild.targets(1529,5): message :       
                   C:\Program Files\Microsoft Visual Studio\18\Community\MSBuild\Microsoft\VC\v180\Microsoft.CppBuild.targets(1529,5): message :       ;
                   C:\Program Files\Microsoft Visual Studio\18\Community\MSBuild\Microsoft\VC\v180\Microsoft.CppBuild.targets(1529,5): message :       ComputeRCGeneratedLinkInputs;
                   C:\Program Files\Microsoft Visual Studio\18\Community\MSBuild\Microsoft\VC\v180\Microsoft.CppBuild.targets(1529,5): message :     ;
                   C:\Program Files\Microsoft Visual Studio\18\Community\MSBuild\Microsoft\VC\v180\Microsoft.CppBuild.targets(1529,5): message :       ComputeManifestGeneratedLinkerInputs;
                   C:\Program Files\Microsoft Visual Studio\18\Community\MSBuild\Microsoft\VC\v180\Microsoft.CppBuild.targets(1529,5): message :     ;
                   C:\Program Files\Microsoft Visual Studio\18\Community\MSBuild\Microsoft\VC\v180\Microsoft.CppBuild.targets(1529,5): message :       ComputeCustomBuildOutput;
                   C:\Program Files\Microsoft Visual Studio\18\Community\MSBuild\Microsoft\VC\v180\Microsoft.CppBuild.targets(1529,5): message :     ;
                   C:\Program Files\Microsoft Visual Studio\18\Community\MSBuild\Microsoft\VC\v180\Microsoft.CppBuild.targets(1529,5): message :       ComputeCLGeneratedLinkInputs;
                   C:\Program Files\Microsoft Visual Studio\18\Community\MSBuild\Microsoft\VC\v180\Microsoft.CppBuild.targets(1529,5): message :     ;
                   C:\Program Files\Microsoft Visual Studio\18\Community\MSBuild\Microsoft\VC\v180\Microsoft.CppBuild.targets(1529,5): message :       ComputeLinkInputsFromProject;
                   C:\Program Files\Microsoft Visual Studio\18\Community\MSBuild\Microsoft\VC\v180\Microsoft.CppBuild.targets(1529,5): message :     ") C:\Program Files\Microsoft Visual Studio\18\Community\MSBuild\Microsoft\VC\v180\Microsoft.CppBuild.targets (1529,5)
                   C:\Program Files\Microsoft Visual Studio\18\Community\MSBuild\Microsoft\VC\v180\Microsoft.CppBuild.targets(1567,5): message : プロパティの再代入: $(ComputeLibInputsTargets)="
                   C:\Program Files\Microsoft Visual Studio\18\Community\MSBuild\Microsoft\VC\v180\Microsoft.CppBuild.targets(1567,5): message :       
                   C:\Program Files\Microsoft Visual Studio\18\Community\MSBuild\Microsoft\VC\v180\Microsoft.CppBuild.targets(1567,5): message :       
                   C:\Program Files\Microsoft Visual Studio\18\Community\MSBuild\Microsoft\VC\v180\Microsoft.CppBuild.targets(1567,5): message :       
                   C:\Program Files\Microsoft Visual Studio\18\Community\MSBuild\Microsoft\VC\v180\Microsoft.CppBuild.targets(1567,5): message :       
                   C:\Program Files\Microsoft Visual Studio\18\Community\MSBuild\Microsoft\VC\v180\Microsoft.CppBuild.targets(1567,5): message :       ;
                   C:\Program Files\Microsoft Visual Studio\18\Community\MSBuild\Microsoft\VC\v180\Microsoft.CppBuild.targets(1567,5): message :       ComputeRCGeneratedLibInputs;
                   C:\Program Files\Microsoft Visual Studio\18\Community\MSBuild\Microsoft\VC\v180\Microsoft.CppBuild.targets(1567,5): message :     ;
                   C:\Program Files\Microsoft Visual Studio\18\Community\MSBuild\Microsoft\VC\v180\Microsoft.CppBuild.targets(1567,5): message :       ComputeCustomBuildOutput;
                   C:\Program Files\Microsoft Visual Studio\18\Community\MSBuild\Microsoft\VC\v180\Microsoft.CppBuild.targets(1567,5): message :     ;
                   C:\Program Files\Microsoft Visual Studio\18\Community\MSBuild\Microsoft\VC\v180\Microsoft.CppBuild.targets(1567,5): message :       ComputeCLGeneratedLibInputs;
                   C:\Program Files\Microsoft Visual Studio\18\Community\MSBuild\Microsoft\VC\v180\Microsoft.CppBuild.targets(1567,5): message :     ;
                   C:\Program Files\Microsoft Visual Studio\18\Community\MSBuild\Microsoft\VC\v180\Microsoft.CppBuild.targets(1567,5): message :       ComputeLibInputsFromProject;
                   C:\Program Files\Microsoft Visual Studio\18\Community\MSBuild\Microsoft\VC\v180\Microsoft.CppBuild.targets(1567,5): message :     ;
                   C:\Program Files\Microsoft Visual Studio\18\Community\MSBuild\Microsoft\VC\v180\Microsoft.CppBuild.targets(1567,5): message :       ComputeReferenceLibInputs;
                   C:\Program Files\Microsoft Visual Studio\18\Community\MSBuild\Microsoft\VC\v180\Microsoft.CppBuild.targets(1567,5): message :     " (以前の値: "
                   C:\Program Files\Microsoft Visual Studio\18\Community\MSBuild\Microsoft\VC\v180\Microsoft.CppBuild.targets(1567,5): message :       
                   C:\Program Files\Microsoft Visual Studio\18\Community\MSBuild\Microsoft\VC\v180\Microsoft.CppBuild.targets(1567,5): message :       
                   C:\Program Files\Microsoft Visual Studio\18\Community\MSBuild\Microsoft\VC\v180\Microsoft.CppBuild.targets(1567,5): message :       
                   C:\Program Files\Microsoft Visual Studio\18\Community\MSBuild\Microsoft\VC\v180\Microsoft.CppBuild.targets(1567,5): message :       ;
                   C:\Program Files\Microsoft Visual Studio\18\Community\MSBuild\Microsoft\VC\v180\Microsoft.CppBuild.targets(1567,5): message :       ComputeRCGeneratedLibInputs;
                   C:\Program Files\Microsoft Visual Studio\18\Community\MSBuild\Microsoft\VC\v180\Microsoft.CppBuild.targets(1567,5): message :     ;
                   C:\Program Files\Microsoft Visual Studio\18\Community\MSBuild\Microsoft\VC\v180\Microsoft.CppBuild.targets(1567,5): message :       ComputeCustomBuildOutput;
                   C:\Program Files\Microsoft Visual Studio\18\Community\MSBuild\Microsoft\VC\v180\Microsoft.CppBuild.targets(1567,5): message :     ;
                   C:\Program Files\Microsoft Visual Studio\18\Community\MSBuild\Microsoft\VC\v180\Microsoft.CppBuild.targets(1567,5): message :       ComputeCLGeneratedLibInputs;
                   C:\Program Files\Microsoft Visual Studio\18\Community\MSBuild\Microsoft\VC\v180\Microsoft.CppBuild.targets(1567,5): message :     ;
                   C:\Program Files\Microsoft Visual Studio\18\Community\MSBuild\Microsoft\VC\v180\Microsoft.CppBuild.targets(1567,5): message :       ComputeLibInputsFromProject;
                   C:\Program Files\Microsoft Visual Studio\18\Community\MSBuild\Microsoft\VC\v180\Microsoft.CppBuild.targets(1567,5): message :     ") C:\Program Files\Microsoft Visual Studio\18\Community\MSBuild\Microsoft\VC\v180\Microsoft.CppBuild.targets (1567,5)
                   C:\Program Files\Microsoft Visual Studio\18\Community\MSBuild\Microsoft\VC\v180\Microsoft.CppBuild.targets(1624,5): message : プロパティの再代入: $(ComputeLibInputsTargets)="
                   C:\Program Files\Microsoft Visual Studio\18\Community\MSBuild\Microsoft\VC\v180\Microsoft.CppBuild.targets(1624,5): message :       ComputeLibAdditionalOptions;
                   C:\Program Files\Microsoft Visual Studio\18\Community\MSBuild\Microsoft\VC\v180\Microsoft.CppBuild.targets(1624,5): message :       
                   C:\Program Files\Microsoft Visual Studio\18\Community\MSBuild\Microsoft\VC\v180\Microsoft.CppBuild.targets(1624,5): message :       
                   C:\Program Files\Microsoft Visual Studio\18\Community\MSBuild\Microsoft\VC\v180\Microsoft.CppBuild.targets(1624,5): message :       
                   C:\Program Files\Microsoft Visual Studio\18\Community\MSBuild\Microsoft\VC\v180\Microsoft.CppBuild.targets(1624,5): message :       
                   C:\Program Files\Microsoft Visual Studio\18\Community\MSBuild\Microsoft\VC\v180\Microsoft.CppBuild.targets(1624,5): message :       
                   C:\Program Files\Microsoft Visual Studio\18\Community\MSBuild\Microsoft\VC\v180\Microsoft.CppBuild.targets(1624,5): message :       ;
                   C:\Program Files\Microsoft Visual Studio\18\Community\MSBuild\Microsoft\VC\v180\Microsoft.CppBuild.targets(1624,5): message :       ComputeRCGeneratedLibInputs;
                   C:\Program Files\Microsoft Visual Studio\18\Community\MSBuild\Microsoft\VC\v180\Microsoft.CppBuild.targets(1624,5): message :     ;
                   C:\Program Files\Microsoft Visual Studio\18\Community\MSBuild\Microsoft\VC\v180\Microsoft.CppBuild.targets(1624,5): message :       ComputeCustomBuildOutput;
                   C:\Program Files\Microsoft Visual Studio\18\Community\MSBuild\Microsoft\VC\v180\Microsoft.CppBuild.targets(1624,5): message :     ;
                   C:\Program Files\Microsoft Visual Studio\18\Community\MSBuild\Microsoft\VC\v180\Microsoft.CppBuild.targets(1624,5): message :       ComputeCLGeneratedLibInputs;
                   C:\Program Files\Microsoft Visual Studio\18\Community\MSBuild\Microsoft\VC\v180\Microsoft.CppBuild.targets(1624,5): message :     ;
                   C:\Program Files\Microsoft Visual Studio\18\Community\MSBuild\Microsoft\VC\v180\Microsoft.CppBuild.targets(1624,5): message :       ComputeLibInputsFromProject;
                   C:\Program Files\Microsoft Visual Studio\18\Community\MSBuild\Microsoft\VC\v180\Microsoft.CppBuild.targets(1624,5): message :     ;
                   C:\Program Files\Microsoft Visual Studio\18\Community\MSBuild\Microsoft\VC\v180\Microsoft.CppBuild.targets(1624,5): message :       ComputeReferenceLibInputs;
                   C:\Program Files\Microsoft Visual Studio\18\Community\MSBuild\Microsoft\VC\v180\Microsoft.CppBuild.targets(1624,5): message :     
                   C:\Program Files\Microsoft Visual Studio\18\Community\MSBuild\Microsoft\VC\v180\Microsoft.CppBuild.targets(1624,5): message :     " (以前の値: "
                   C:\Program Files\Microsoft Visual Studio\18\Community\MSBuild\Microsoft\VC\v180\Microsoft.CppBuild.targets(1624,5): message :       
                   C:\Program Files\Microsoft Visual Studio\18\Community\MSBuild\Microsoft\VC\v180\Microsoft.CppBuild.targets(1624,5): message :       
                   C:\Program Files\Microsoft Visual Studio\18\Community\MSBuild\Microsoft\VC\v180\Microsoft.CppBuild.targets(1624,5): message :       
                   C:\Program Files\Microsoft Visual Studio\18\Community\MSBuild\Microsoft\VC\v180\Microsoft.CppBuild.targets(1624,5): message :       
                   C:\Program Files\Microsoft Visual Studio\18\Community\MSBuild\Microsoft\VC\v180\Microsoft.CppBuild.targets(1624,5): message :       ;
                   C:\Program Files\Microsoft Visual Studio\18\Community\MSBuild\Microsoft\VC\v180\Microsoft.CppBuild.targets(1624,5): message :       ComputeRCGeneratedLibInputs;
                   C:\Program Files\Microsoft Visual Studio\18\Community\MSBuild\Microsoft\VC\v180\Microsoft.CppBuild.targets(1624,5): message :     ;
                   C:\Program Files\Microsoft Visual Studio\18\Community\MSBuild\Microsoft\VC\v180\Microsoft.CppBuild.targets(1624,5): message :       ComputeCustomBuildOutput;
                   C:\Program Files\Microsoft Visual Studio\18\Community\MSBuild\Microsoft\VC\v180\Microsoft.CppBuild.targets(1624,5): message :     ;
                   C:\Program Files\Microsoft Visual Studio\18\Community\MSBuild\Microsoft\VC\v180\Microsoft.CppBuild.targets(1624,5): message :       ComputeCLGeneratedLibInputs;
                   C:\Program Files\Microsoft Visual Studio\18\Community\MSBuild\Microsoft\VC\v180\Microsoft.CppBuild.targets(1624,5): message :     ;
                   C:\Program Files\Microsoft Visual Studio\18\Community\MSBuild\Microsoft\VC\v180\Microsoft.CppBuild.targets(1624,5): message :       ComputeLibInputsFromProject;
                   C:\Program Files\Microsoft Visual Studio\18\Community\MSBuild\Microsoft\VC\v180\Microsoft.CppBuild.targets(1624,5): message :     ;
                   C:\Program Files\Microsoft Visual Studio\18\Community\MSBuild\Microsoft\VC\v180\Microsoft.CppBuild.targets(1624,5): message :       ComputeReferenceLibInputs;
                   C:\Program Files\Microsoft Visual Studio\18\Community\MSBuild\Microsoft\VC\v180\Microsoft.CppBuild.targets(1624,5): message :     ") C:\Program Files\Microsoft Visual Studio\18\Community\MSBuild\Microsoft\VC\v180\Microsoft.CppBuild.targets (1624,5)
                   C:\Program Files\Microsoft Visual Studio\18\Community\MSBuild\Microsoft\VC\v180\Microsoft.CppBuild.targets(1812,5): message : プロパティの再代入: $(GetProjectInfoForReferenceDependsOn)="
                   C:\Program Files\Microsoft Visual Studio\18\Community\MSBuild\Microsoft\VC\v180\Microsoft.CppBuild.targets(1812,5): message :       
                   C:\Program Files\Microsoft Visual Studio\18\Community\MSBuild\Microsoft\VC\v180\Microsoft.CppBuild.targets(1812,5): message :       ;
                   C:\Program Files\Microsoft Visual Studio\18\Community\MSBuild\Microsoft\VC\v180\Microsoft.CppBuild.targets(1812,5): message :       AddPublicIncludeDirectoriesToProjectsInfoForReference;
                   C:\Program Files\Microsoft Visual Studio\18\Community\MSBuild\Microsoft\VC\v180\Microsoft.CppBuild.targets(1812,5): message :     ;
                   C:\Program Files\Microsoft Visual Studio\18\Community\MSBuild\Microsoft\VC\v180\Microsoft.CppBuild.targets(1812,5): message :       AddPublicBMIsToProjectsInfoForReference;
                   C:\Program Files\Microsoft Visual Studio\18\Community\MSBuild\Microsoft\VC\v180\Microsoft.CppBuild.targets(1812,5): message :       AddDeployRecipeFileToProjectsInfoForReference;
                   C:\Program Files\Microsoft Visual Studio\18\Community\MSBuild\Microsoft\VC\v180\Microsoft.CppBuild.targets(1812,5): message :       AddLibrariesToProjectsInfoForReference;
                   C:\Program Files\Microsoft Visual Studio\18\Community\MSBuild\Microsoft\VC\v180\Microsoft.CppBuild.targets(1812,5): message :     " (以前の値: "
                   C:\Program Files\Microsoft Visual Studio\18\Community\MSBuild\Microsoft\VC\v180\Microsoft.CppBuild.targets(1812,5): message :       ;
                   C:\Program Files\Microsoft Visual Studio\18\Community\MSBuild\Microsoft\VC\v180\Microsoft.CppBuild.targets(1812,5): message :       AddPublicIncludeDirectoriesToProjectsInfoForReference;
                   C:\Program Files\Microsoft Visual Studio\18\Community\MSBuild\Microsoft\VC\v180\Microsoft.CppBuild.targets(1812,5): message :     ") C:\Program Files\Microsoft Visual Studio\18\Community\MSBuild\Microsoft\VC\v180\Microsoft.CppBuild.targets (1812,5)
                   C:\Program Files\Microsoft Visual Studio\18\Community\MSBuild\Microsoft\VC\v180\Microsoft.CppBuild.targets(2237,5): message : プロパティの再代入: $(DocumentationProjectOutputGroupDependsOn)="ResolvedXDCMake;ComputeCLCompileGeneratedXDCFiles" (以前の値: "") C:\Program Files\Microsoft Visual Studio\18\Community\MSBuild\Microsoft\VC\v180\Microsoft.CppBuild.targets (2237,5)
                   C:\Program Files\Microsoft Visual Studio\18\Community\MSBuild\Microsoft\VC\v180\Microsoft.CppBuild.targets(2303,5): message : プロパティの再代入: $(ContentFilesProjectOutputGroupDependsOn)="PrepareForBuild;AssignTargetPaths;PrepareForBuild;AssignTargetPaths;MakeDirsForFxc" (以前の値: "PrepareForBuild;AssignTargetPaths") C:\Program Files\Microsoft Visual Studio\18\Community\MSBuild\Microsoft\VC\v180\Microsoft.CppBuild.targets (2303,5)
                   C:\Program Files\Microsoft Visual Studio\18\Community\MSBuild\Microsoft\VC\v180\Microsoft.CppCommon.targets(315,5): message : プロパティの再代入: $(ComputeCompileInputsTargets)="
                   C:\Program Files\Microsoft Visual Studio\18\Community\MSBuild\Microsoft\VC\v180\Microsoft.CppCommon.targets(315,5): message :       
                   C:\Program Files\Microsoft Visual Studio\18\Community\MSBuild\Microsoft\VC\v180\Microsoft.CppCommon.targets(315,5): message :       
                   C:\Program Files\Microsoft Visual Studio\18\Community\MSBuild\Microsoft\VC\v180\Microsoft.CppCommon.targets(315,5): message :       
                   C:\Program Files\Microsoft Visual Studio\18\Community\MSBuild\Microsoft\VC\v180\Microsoft.CppCommon.targets(315,5): message :       ;
                   C:\Program Files\Microsoft Visual Studio\18\Community\MSBuild\Microsoft\VC\v180\Microsoft.CppCommon.targets(315,5): message :       GenerateTargetFrameworkMonikerAttribute;
                   C:\Program Files\Microsoft Visual Studio\18\Community\MSBuild\Microsoft\VC\v180\Microsoft.CppCommon.targets(315,5): message :     ;
                   C:\Program Files\Microsoft Visual Studio\18\Community\MSBuild\Microsoft\VC\v180\Microsoft.CppCommon.targets(315,5): message :       ComputeMIDLGeneratedCompileInputs;
                   C:\Program Files\Microsoft Visual Studio\18\Community\MSBuild\Microsoft\VC\v180\Microsoft.CppCommon.targets(315,5): message :     ;
                   C:\Program Files\Microsoft Visual Studio\18\Community\MSBuild\Microsoft\VC\v180\Microsoft.CppCommon.targets(315,5): message :       ComputeCLInputPDBName;
                   C:\Program Files\Microsoft Visual Studio\18\Community\MSBuild\Microsoft\VC\v180\Microsoft.CppCommon.targets(315,5): message :       ComputeReferenceCLInput;
                   C:\Program Files\Microsoft Visual Studio\18\Community\MSBuild\Microsoft\VC\v180\Microsoft.CppCommon.targets(315,5): message :       WarnCompileDuplicatedFilename
                   C:\Program Files\Microsoft Visual Studio\18\Community\MSBuild\Microsoft\VC\v180\Microsoft.CppCommon.targets(315,5): message :     ;
                   C:\Program Files\Microsoft Visual Studio\18\Community\MSBuild\Microsoft\VC\v180\Microsoft.CppCommon.targets(315,5): message :       ;
                   C:\Program Files\Microsoft Visual Studio\18\Community\MSBuild\Microsoft\VC\v180\Microsoft.CppCommon.targets(315,5): message :       ComputeStdModulesCompileInputs;
                   C:\Program Files\Microsoft Visual Studio\18\Community\MSBuild\Microsoft\VC\v180\Microsoft.CppCommon.targets(315,5): message :       FixupCLCompileOptions;
                   C:\Program Files\Microsoft Visual Studio\18\Community\MSBuild\Microsoft\VC\v180\Microsoft.CppCommon.targets(315,5): message :       SetModuleDependencies;
                   C:\Program Files\Microsoft Visual Studio\18\Community\MSBuild\Microsoft\VC\v180\Microsoft.CppCommon.targets(315,5): message :     " (以前の値: "
                   C:\Program Files\Microsoft Visual Studio\18\Community\MSBuild\Microsoft\VC\v180\Microsoft.CppCommon.targets(315,5): message :       
                   C:\Program Files\Microsoft Visual Studio\18\Community\MSBuild\Microsoft\VC\v180\Microsoft.CppCommon.targets(315,5): message :       
                   C:\Program Files\Microsoft Visual Studio\18\Community\MSBuild\Microsoft\VC\v180\Microsoft.CppCommon.targets(315,5): message :       ;
                   C:\Program Files\Microsoft Visual Studio\18\Community\MSBuild\Microsoft\VC\v180\Microsoft.CppCommon.targets(315,5): message :       GenerateTargetFrameworkMonikerAttribute;
                   C:\Program Files\Microsoft Visual Studio\18\Community\MSBuild\Microsoft\VC\v180\Microsoft.CppCommon.targets(315,5): message :     ;
                   C:\Program Files\Microsoft Visual Studio\18\Community\MSBuild\Microsoft\VC\v180\Microsoft.CppCommon.targets(315,5): message :       ComputeMIDLGeneratedCompileInputs;
                   C:\Program Files\Microsoft Visual Studio\18\Community\MSBuild\Microsoft\VC\v180\Microsoft.CppCommon.targets(315,5): message :     ;
                   C:\Program Files\Microsoft Visual Studio\18\Community\MSBuild\Microsoft\VC\v180\Microsoft.CppCommon.targets(315,5): message :       ComputeCLInputPDBName;
                   C:\Program Files\Microsoft Visual Studio\18\Community\MSBuild\Microsoft\VC\v180\Microsoft.CppCommon.targets(315,5): message :       ComputeReferenceCLInput;
                   C:\Program Files\Microsoft Visual Studio\18\Community\MSBuild\Microsoft\VC\v180\Microsoft.CppCommon.targets(315,5): message :       WarnCompileDuplicatedFilename
                   C:\Program Files\Microsoft Visual Studio\18\Community\MSBuild\Microsoft\VC\v180\Microsoft.CppCommon.targets(315,5): message :     ") C:\Program Files\Microsoft Visual Studio\18\Community\MSBuild\Microsoft\VC\v180\Microsoft.CppCommon.targets (315,5)
                   C:\Program Files\Microsoft Visual Studio\18\Community\MSBuild\Microsoft\VC\v180\Microsoft.CppCommon.targets(2130,5): message : プロパティの再代入: $(BuildingProject)="true" (以前の値: "false") C:\Program Files\Microsoft Visual Studio\18\Community\MSBuild\Microsoft\VC\v180\Microsoft.CppCommon.targets (2130,5)
                   C:\Program Files\Microsoft Visual Studio\18\Community\MSBuild\Microsoft\VC\v180\Microsoft.CppCommon.targets(2676,5): message : プロパティの再代入: $(ContentFilesProjectOutputGroupDependsOn)="PrepareForBuild;AssignTargetPaths;PrepareForBuild;AssignTargetPaths;MakeDirsForFxc;_CreateCopyFileItems;" (以前の値: "PrepareForBuild;AssignTargetPaths;PrepareForBuild;AssignTargetPaths;MakeDirsForFxc") C:\Program Files\Microsoft Visual Studio\18\Community\MSBuild\Microsoft\VC\v180\Microsoft.CppCommon.targets (2676,5)
                   C:\Program Files\Microsoft Visual Studio\18\Community\MSBuild\Microsoft\VC\v180\Microsoft.Cpp.WindowsSDK.targets(16,5): message : プロパティの再代入: $(PrepareForBuildDependsOn)="_CheckWindowsSDKInstalled;;GetFrameworkPaths;GetReferenceAssemblyPaths;AssignLinkMetadata;SetCABuildNativeEnvironmentVariables" (以前の値: ";GetFrameworkPaths;GetReferenceAssemblyPaths;AssignLinkMetadata;SetCABuildNativeEnvironmentVariables") C:\Program Files\Microsoft Visual Studio\18\Community\MSBuild\Microsoft\VC\v180\Microsoft.Cpp.WindowsSDK.targets (16,5)
                   C:\Program Files\Microsoft Visual Studio\18\Community\MSBuild\Microsoft\VC\v180\Microsoft.CppClean.targets(22,5): message : プロパティの再代入: $(CleanDependsOn)="
                   C:\Program Files\Microsoft Visual Studio\18\Community\MSBuild\Microsoft\VC\v180\Microsoft.CppClean.targets(22,5): message :       
                   C:\Program Files\Microsoft Visual Studio\18\Community\MSBuild\Microsoft\VC\v180\Microsoft.CppClean.targets(22,5): message :       _PrepareForClean;
                   C:\Program Files\Microsoft Visual Studio\18\Community\MSBuild\Microsoft\VC\v180\Microsoft.CppClean.targets(22,5): message :       
                   C:\Program Files\Microsoft Visual Studio\18\Community\MSBuild\Microsoft\VC\v180\Microsoft.CppClean.targets(22,5): message :       BeforeClean;
                   C:\Program Files\Microsoft Visual Studio\18\Community\MSBuild\Microsoft\VC\v180\Microsoft.CppClean.targets(22,5): message :       UnmanagedUnregistration;
                   C:\Program Files\Microsoft Visual Studio\18\Community\MSBuild\Microsoft\VC\v180\Microsoft.CppClean.targets(22,5): message :       CoreClean;
                   C:\Program Files\Microsoft Visual Studio\18\Community\MSBuild\Microsoft\VC\v180\Microsoft.CppClean.targets(22,5): message :       CleanReferencedProjects;
                   C:\Program Files\Microsoft Visual Studio\18\Community\MSBuild\Microsoft\VC\v180\Microsoft.CppClean.targets(22,5): message :       CleanPublishFolder;
                   C:\Program Files\Microsoft Visual Studio\18\Community\MSBuild\Microsoft\VC\v180\Microsoft.CppClean.targets(22,5): message :       AfterClean
                   C:\Program Files\Microsoft Visual Studio\18\Community\MSBuild\Microsoft\VC\v180\Microsoft.CppClean.targets(22,5): message :     ;
                   C:\Program Files\Microsoft Visual Studio\18\Community\MSBuild\Microsoft\VC\v180\Microsoft.CppClean.targets(22,5): message :     ;
                   C:\Program Files\Microsoft Visual Studio\18\Community\MSBuild\Microsoft\VC\v180\Microsoft.CppClean.targets(22,5): message :       CppClean
                   C:\Program Files\Microsoft Visual Studio\18\Community\MSBuild\Microsoft\VC\v180\Microsoft.CppClean.targets(22,5): message :     " (以前の値: "
                   C:\Program Files\Microsoft Visual Studio\18\Community\MSBuild\Microsoft\VC\v180\Microsoft.CppClean.targets(22,5): message :       _PrepareForClean;
                   C:\Program Files\Microsoft Visual Studio\18\Community\MSBuild\Microsoft\VC\v180\Microsoft.CppClean.targets(22,5): message :       
                   C:\Program Files\Microsoft Visual Studio\18\Community\MSBuild\Microsoft\VC\v180\Microsoft.CppClean.targets(22,5): message :       BeforeClean;
                   C:\Program Files\Microsoft Visual Studio\18\Community\MSBuild\Microsoft\VC\v180\Microsoft.CppClean.targets(22,5): message :       UnmanagedUnregistration;
                   C:\Program Files\Microsoft Visual Studio\18\Community\MSBuild\Microsoft\VC\v180\Microsoft.CppClean.targets(22,5): message :       CoreClean;
                   C:\Program Files\Microsoft Visual Studio\18\Community\MSBuild\Microsoft\VC\v180\Microsoft.CppClean.targets(22,5): message :       CleanReferencedProjects;
                   C:\Program Files\Microsoft Visual Studio\18\Community\MSBuild\Microsoft\VC\v180\Microsoft.CppClean.targets(22,5): message :       CleanPublishFolder;
                   C:\Program Files\Microsoft Visual Studio\18\Community\MSBuild\Microsoft\VC\v180\Microsoft.CppClean.targets(22,5): message :       AfterClean
                   C:\Program Files\Microsoft Visual Studio\18\Community\MSBuild\Microsoft\VC\v180\Microsoft.CppClean.targets(22,5): message :     ;
                   C:\Program Files\Microsoft Visual Studio\18\Community\MSBuild\Microsoft\VC\v180\Microsoft.CppClean.targets(22,5): message :     ") C:\Program Files\Microsoft Visual Studio\18\Community\MSBuild\Microsoft\VC\v180\Microsoft.CppClean.targets (22,5)
                   C:\Program Files\Microsoft Visual Studio\18\Community\MSBuild\Microsoft\VC\v180\Microsoft.CppClean.targets(92,5): message : プロパティの再代入: $(CppCleanDependsOn)="
                   C:\Program Files\Microsoft Visual Studio\18\Community\MSBuild\Microsoft\VC\v180\Microsoft.CppClean.targets(92,5): message :       BeforeCppClean;
                   C:\Program Files\Microsoft Visual Studio\18\Community\MSBuild\Microsoft\VC\v180\Microsoft.CppClean.targets(92,5): message :       ;
                   C:\Program Files\Microsoft Visual Studio\18\Community\MSBuild\Microsoft\VC\v180\Microsoft.CppClean.targets(92,5): message :       CoreCppClean;
                   C:\Program Files\Microsoft Visual Studio\18\Community\MSBuild\Microsoft\VC\v180\Microsoft.CppClean.targets(92,5): message :       AfterCppClean;
                   C:\Program Files\Microsoft Visual Studio\18\Community\MSBuild\Microsoft\VC\v180\Microsoft.CppClean.targets(92,5): message :     ;PGInstrumentedClean" (以前の値: "
                   C:\Program Files\Microsoft Visual Studio\18\Community\MSBuild\Microsoft\VC\v180\Microsoft.CppClean.targets(92,5): message :       BeforeCppClean;
                   C:\Program Files\Microsoft Visual Studio\18\Community\MSBuild\Microsoft\VC\v180\Microsoft.CppClean.targets(92,5): message :       ;
                   C:\Program Files\Microsoft Visual Studio\18\Community\MSBuild\Microsoft\VC\v180\Microsoft.CppClean.targets(92,5): message :       CoreCppClean;
                   C:\Program Files\Microsoft Visual Studio\18\Community\MSBuild\Microsoft\VC\v180\Microsoft.CppClean.targets(92,5): message :       AfterCppClean;
                   C:\Program Files\Microsoft Visual Studio\18\Community\MSBuild\Microsoft\VC\v180\Microsoft.CppClean.targets(92,5): message :     ") C:\Program Files\Microsoft Visual Studio\18\Community\MSBuild\Microsoft\VC\v180\Microsoft.CppClean.targets (92,5)
                   C:\Program Files\Microsoft Visual Studio\18\Community\MSBuild\Microsoft\VC\v180\Microsoft.Cpp.DesignTime.targets(541,5): message : プロパティの再代入: $(BuildDependsOn)="SetTelemetryEnvironmentVariables;
                   C:\Program Files\Microsoft Visual Studio\18\Community\MSBuild\Microsoft\VC\v180\Microsoft.Cpp.DesignTime.targets(541,5): message :       _PrepareForBuild;
                   C:\Program Files\Microsoft Visual Studio\18\Community\MSBuild\Microsoft\VC\v180\Microsoft.Cpp.DesignTime.targets(541,5): message :       
                   C:\Program Files\Microsoft Visual Studio\18\Community\MSBuild\Microsoft\VC\v180\Microsoft.Cpp.DesignTime.targets(541,5): message :       ResolveReferences;
                   C:\Program Files\Microsoft Visual Studio\18\Community\MSBuild\Microsoft\VC\v180\Microsoft.Cpp.DesignTime.targets(541,5): message :       PrepareForBuild;
                   C:\Program Files\Microsoft Visual Studio\18\Community\MSBuild\Microsoft\VC\v180\Microsoft.Cpp.DesignTime.targets(541,5): message :       InitializeBuildStatus;
                   C:\Program Files\Microsoft Visual Studio\18\Community\MSBuild\Microsoft\VC\v180\Microsoft.Cpp.DesignTime.targets(541,5): message :       BuildGenerateSources;
                   C:\Program Files\Microsoft Visual Studio\18\Community\MSBuild\Microsoft\VC\v180\Microsoft.Cpp.DesignTime.targets(541,5): message :       BuildCompile;
                   C:\Program Files\Microsoft Visual Studio\18\Community\MSBuild\Microsoft\VC\v180\Microsoft.Cpp.DesignTime.targets(541,5): message :       BuildLink;
                   C:\Program Files\Microsoft Visual Studio\18\Community\MSBuild\Microsoft\VC\v180\Microsoft.Cpp.DesignTime.targets(541,5): message :     ;
                   C:\Program Files\Microsoft Visual Studio\18\Community\MSBuild\Microsoft\VC\v180\Microsoft.Cpp.DesignTime.targets(541,5): message :       AfterBuild;
                   C:\Program Files\Microsoft Visual Studio\18\Community\MSBuild\Microsoft\VC\v180\Microsoft.Cpp.DesignTime.targets(541,5): message :       IncrementalClean;
                   C:\Program Files\Microsoft Visual Studio\18\Community\MSBuild\Microsoft\VC\v180\Microsoft.Cpp.DesignTime.targets(541,5): message :       TlogCleanup;
                   C:\Program Files\Microsoft Visual Studio\18\Community\MSBuild\Microsoft\VC\v180\Microsoft.Cpp.DesignTime.targets(541,5): message :       FinalizeBuildStatus;
                   C:\Program Files\Microsoft Visual Studio\18\Community\MSBuild\Microsoft\VC\v180\Microsoft.Cpp.DesignTime.targets(541,5): message :     " (以前の値: "
                   C:\Program Files\Microsoft Visual Studio\18\Community\MSBuild\Microsoft\VC\v180\Microsoft.Cpp.DesignTime.targets(541,5): message :       _PrepareForBuild;
                   C:\Program Files\Microsoft Visual Studio\18\Community\MSBuild\Microsoft\VC\v180\Microsoft.Cpp.DesignTime.targets(541,5): message :       
                   C:\Program Files\Microsoft Visual Studio\18\Community\MSBuild\Microsoft\VC\v180\Microsoft.Cpp.DesignTime.targets(541,5): message :       ResolveReferences;
                   C:\Program Files\Microsoft Visual Studio\18\Community\MSBuild\Microsoft\VC\v180\Microsoft.Cpp.DesignTime.targets(541,5): message :       PrepareForBuild;
                   C:\Program Files\Microsoft Visual Studio\18\Community\MSBuild\Microsoft\VC\v180\Microsoft.Cpp.DesignTime.targets(541,5): message :       InitializeBuildStatus;
                   C:\Program Files\Microsoft Visual Studio\18\Community\MSBuild\Microsoft\VC\v180\Microsoft.Cpp.DesignTime.targets(541,5): message :       BuildGenerateSources;
                   C:\Program Files\Microsoft Visual Studio\18\Community\MSBuild\Microsoft\VC\v180\Microsoft.Cpp.DesignTime.targets(541,5): message :       BuildCompile;
                   C:\Program Files\Microsoft Visual Studio\18\Community\MSBuild\Microsoft\VC\v180\Microsoft.Cpp.DesignTime.targets(541,5): message :       BuildLink;
                   C:\Program Files\Microsoft Visual Studio\18\Community\MSBuild\Microsoft\VC\v180\Microsoft.Cpp.DesignTime.targets(541,5): message :     ;
                   C:\Program Files\Microsoft Visual Studio\18\Community\MSBuild\Microsoft\VC\v180\Microsoft.Cpp.DesignTime.targets(541,5): message :       AfterBuild;
                   C:\Program Files\Microsoft Visual Studio\18\Community\MSBuild\Microsoft\VC\v180\Microsoft.Cpp.DesignTime.targets(541,5): message :       IncrementalClean;
                   C:\Program Files\Microsoft Visual Studio\18\Community\MSBuild\Microsoft\VC\v180\Microsoft.Cpp.DesignTime.targets(541,5): message :       TlogCleanup;
                   C:\Program Files\Microsoft Visual Studio\18\Community\MSBuild\Microsoft\VC\v180\Microsoft.Cpp.DesignTime.targets(541,5): message :       FinalizeBuildStatus;
                   C:\Program Files\Microsoft Visual Studio\18\Community\MSBuild\Microsoft\VC\v180\Microsoft.Cpp.DesignTime.targets(541,5): message :     ") C:\Program Files\Microsoft Visual Studio\18\Community\MSBuild\Microsoft\VC\v180\Microsoft.Cpp.DesignTime.targets (541,5)
                   C:\Program Files\Microsoft Visual Studio\18\Community\MSBuild\Microsoft\VC\v180\Microsoft.Cpp.DesignTime.targets(542,5): message : プロパティの再代入: $(RebuildDependsOn)="SetTelemetryEnvironmentVariables;
                   C:\Program Files\Microsoft Visual Studio\18\Community\MSBuild\Microsoft\VC\v180\Microsoft.Cpp.DesignTime.targets(542,5): message :       _PrepareForRebuild;
                   C:\Program Files\Microsoft Visual Studio\18\Community\MSBuild\Microsoft\VC\v180\Microsoft.Cpp.DesignTime.targets(542,5): message :       
                   C:\Program Files\Microsoft Visual Studio\18\Community\MSBuild\Microsoft\VC\v180\Microsoft.Cpp.DesignTime.targets(542,5): message :       BeforeRebuild;
                   C:\Program Files\Microsoft Visual Studio\18\Community\MSBuild\Microsoft\VC\v180\Microsoft.Cpp.DesignTime.targets(542,5): message :       Clean;
                   C:\Program Files\Microsoft Visual Studio\18\Community\MSBuild\Microsoft\VC\v180\Microsoft.Cpp.DesignTime.targets(542,5): message :       Build;
                   C:\Program Files\Microsoft Visual Studio\18\Community\MSBuild\Microsoft\VC\v180\Microsoft.Cpp.DesignTime.targets(542,5): message :       AfterRebuild;
                   C:\Program Files\Microsoft Visual Studio\18\Community\MSBuild\Microsoft\VC\v180\Microsoft.Cpp.DesignTime.targets(542,5): message :     ;
                   C:\Program Files\Microsoft Visual Studio\18\Community\MSBuild\Microsoft\VC\v180\Microsoft.Cpp.DesignTime.targets(542,5): message :     " (以前の値: "
                   C:\Program Files\Microsoft Visual Studio\18\Community\MSBuild\Microsoft\VC\v180\Microsoft.Cpp.DesignTime.targets(542,5): message :       _PrepareForRebuild;
                   C:\Program Files\Microsoft Visual Studio\18\Community\MSBuild\Microsoft\VC\v180\Microsoft.Cpp.DesignTime.targets(542,5): message :       
                   C:\Program Files\Microsoft Visual Studio\18\Community\MSBuild\Microsoft\VC\v180\Microsoft.Cpp.DesignTime.targets(542,5): message :       BeforeRebuild;
                   C:\Program Files\Microsoft Visual Studio\18\Community\MSBuild\Microsoft\VC\v180\Microsoft.Cpp.DesignTime.targets(542,5): message :       Clean;
                   C:\Program Files\Microsoft Visual Studio\18\Community\MSBuild\Microsoft\VC\v180\Microsoft.Cpp.DesignTime.targets(542,5): message :       Build;
                   C:\Program Files\Microsoft Visual Studio\18\Community\MSBuild\Microsoft\VC\v180\Microsoft.Cpp.DesignTime.targets(542,5): message :       AfterRebuild;
                   C:\Program Files\Microsoft Visual Studio\18\Community\MSBuild\Microsoft\VC\v180\Microsoft.Cpp.DesignTime.targets(542,5): message :     ;
                   C:\Program Files\Microsoft Visual Studio\18\Community\MSBuild\Microsoft\VC\v180\Microsoft.Cpp.DesignTime.targets(542,5): message :     ") C:\Program Files\Microsoft Visual Studio\18\Community\MSBuild\Microsoft\VC\v180\Microsoft.Cpp.DesignTime.targets (542,5)
                   プロジェクト "C:\Program Files\Microsoft Visual Studio\18\Community\MSBuild\Current\Bin\Microsoft.Common.CurrentVersion.targets" のターゲット "GenerateTargetFrameworkMonikerAttribute" をプロジェクト "C:\Program Files\Microsoft Visual Studio\18\Community\MSBuild\Microsoft\VC\v180\Microsoft.BuildSteps.Targets" からのターゲット "GenerateTargetFrameworkMonikerAttribute" でオーバーライドしています。
                   プロジェクト "C:\Program Files\Microsoft Visual Studio\18\Community\MSBuild\Current\Bin\Microsoft.Common.CurrentVersion.targets" のターゲット "Build" をプロジェクト "C:\Program Files\Microsoft Visual Studio\18\Community\MSBuild\Microsoft\VC\v180\Microsoft.BuildSteps.Targets" からのターゲット "Build" でオーバーライドしています。
                   プロジェクト "C:\Program Files\Microsoft Visual Studio\18\Community\MSBuild\Current\Bin\Microsoft.Common.CurrentVersion.targets" のターゲット "Rebuild" をプロジェクト "C:\Program Files\Microsoft Visual Studio\18\Community\MSBuild\Microsoft\VC\v180\Microsoft.BuildSteps.Targets" からのターゲット "Rebuild" でオーバーライドしています。
                   プロジェクト "C:\Program Files\Microsoft Visual Studio\18\Community\MSBuild\Current\Bin\Microsoft.Common.CurrentVersion.targets" のターゲット "AfterBuild" をプロジェクト "C:\Program Files\Microsoft Visual Studio\18\Community\MSBuild\Microsoft\VC\v180\Microsoft.BuildSteps.Targets" からのターゲット "AfterBuild" でオーバーライドしています。
                   プロジェクト "C:\Program Files\Microsoft Visual Studio\18\Community\MSBuild\Current\Bin\Microsoft.Common.CurrentVersion.targets" のターゲット "PrepareForBuild" をプロジェクト "C:\Program Files\Microsoft Visual Studio\18\Community\MSBuild\Microsoft\VC\v180\Microsoft.CppBuild.targets" からのターゲット "PrepareForBuild" でオーバーライドしています。
                   プロジェクト "C:\Program Files\Microsoft Visual Studio\18\Community\MSBuild\Current\Bin\Microsoft.Common.CurrentVersion.targets" のターゲット "GetTargetPath" をプロジェクト "C:\Program Files\Microsoft Visual Studio\18\Community\MSBuild\Microsoft\VC\v180\Microsoft.CppBuild.targets" からのターゲット "GetTargetPath" でオーバーライドしています。
                   プロジェクト "C:\Program Files\Microsoft Visual Studio\18\Community\MSBuild\Current\Bin\Microsoft.Common.CurrentVersion.targets" のターゲット "ComputeIntermediateSatelliteAssemblies" をプロジェクト "C:\Program Files\Microsoft Visual Studio\18\Community\MSBuild\Microsoft\VC\v180\Microsoft.CppBuild.targets" からのターゲット "ComputeIntermediateSatelliteAssemblies" でオーバーライドしています。
                   プロジェクト "C:\Program Files\Microsoft Visual Studio\18\Community\MSBuild\Microsoft\VC\v180\Microsoft.CppBuild.targets" のターゲット "ClCompile" をプロジェクト "C:\Program Files\Microsoft Visual Studio\18\Community\MSBuild\Microsoft\VC\v180\Microsoft.CppBuild.targets" からのターゲット "ClCompile" でオーバーライドしています。
                   プロジェクト "C:\Program Files\Microsoft Visual Studio\18\Community\MSBuild\Microsoft\VC\v180\Microsoft.CppBuild.targets" のターゲット "ResourceCompile" をプロジェクト "C:\Program Files\Microsoft Visual Studio\18\Community\MSBuild\Microsoft\VC\v180\Microsoft.CppBuild.targets" からのターゲット "ResourceCompile" でオーバーライドしています。
                   プロジェクト "C:\Program Files\Microsoft Visual Studio\18\Community\MSBuild\Microsoft\VC\v180\Microsoft.CppBuild.targets" のターゲット "Lib" をプロジェクト "C:\Program Files\Microsoft Visual Studio\18\Community\MSBuild\Microsoft\VC\v180\Microsoft.CppBuild.targets" からのターゲット "Lib" でオーバーライドしています。
                   プロジェクト "C:\Program Files\Microsoft Visual Studio\18\Community\MSBuild\Microsoft\VC\v180\Microsoft.CppBuild.targets" のターゲット "Link" をプロジェクト "C:\Program Files\Microsoft Visual Studio\18\Community\MSBuild\Microsoft\VC\v180\Microsoft.CppBuild.targets" からのターゲット "Link" でオーバーライドしています。
                   プロジェクト "C:\Program Files\Microsoft Visual Studio\18\Community\MSBuild\Current\Bin\Microsoft.Common.CurrentVersion.targets" のターゲット "AllProjectOutputGroups" をプロジェクト "C:\Program Files\Microsoft Visual Studio\18\Community\MSBuild\Microsoft\VC\v180\Microsoft.CppBuild.targets" からのターゲット "AllProjectOutputGroups" でオーバーライドしています。
                   プロジェクト "C:\Program Files\Microsoft Visual Studio\18\Community\MSBuild\Current\Bin\Microsoft.Common.CurrentVersion.targets" のターゲット "BuiltProjectOutputGroup" をプロジェクト "C:\Program Files\Microsoft Visual Studio\18\Community\MSBuild\Microsoft\VC\v180\Microsoft.CppBuild.targets" からのターゲット "BuiltProjectOutputGroup" でオーバーライドしています。
                   プロジェクト "C:\Program Files\Microsoft Visual Studio\18\Community\MSBuild\Current\Bin\Microsoft.Common.CurrentVersion.targets" のターゲット "DebugSymbolsProjectOutputGroup" をプロジェクト "C:\Program Files\Microsoft Visual Studio\18\Community\MSBuild\Microsoft\VC\v180\Microsoft.CppBuild.targets" からのターゲット "DebugSymbolsProjectOutputGroup" でオーバーライドしています。
                   プロジェクト "C:\Program Files\Microsoft Visual Studio\18\Community\MSBuild\Current\Bin\Microsoft.Common.CurrentVersion.targets" のターゲット "DocumentationProjectOutputGroup" をプロジェクト "C:\Program Files\Microsoft Visual Studio\18\Community\MSBuild\Microsoft\VC\v180\Microsoft.CppBuild.targets" からのターゲット "DocumentationProjectOutputGroup" でオーバーライドしています。
                   プロジェクト "C:\Program Files\Microsoft Visual Studio\18\Community\MSBuild\Current\Bin\Microsoft.Common.CurrentVersion.targets" のターゲット "SourceFilesProjectOutputGroup" をプロジェクト "C:\Program Files\Microsoft Visual Studio\18\Community\MSBuild\Microsoft\VC\v180\Microsoft.CppBuild.targets" からのターゲット "SourceFilesProjectOutputGroup" でオーバーライドしています。
                   プロジェクト "C:\Program Files\Microsoft Visual Studio\18\Community\MSBuild\Current\Bin\Microsoft.Common.CurrentVersion.targets" のターゲット "ContentFilesProjectOutputGroup" をプロジェクト "C:\Program Files\Microsoft Visual Studio\18\Community\MSBuild\Microsoft\VC\v180\Microsoft.CppBuild.targets" からのターゲット "ContentFilesProjectOutputGroup" でオーバーライドしています。
                   プロジェクト "C:\Program Files\Microsoft Visual Studio\18\Community\MSBuild\Current\Bin\Microsoft.Common.CurrentVersion.targets" のターゲット "AllProjectOutputGroupsDependencies" をプロジェクト "C:\Program Files\Microsoft Visual Studio\18\Community\MSBuild\Microsoft\VC\v180\Microsoft.CppBuild.targets" からのターゲット "AllProjectOutputGroupsDependencies" でオーバーライドしています。
                   プロジェクト "C:\Program Files\Microsoft Visual Studio\18\Community\MSBuild\Current\Bin\Microsoft.Common.CurrentVersion.targets" のターゲット "BuiltProjectOutputGroupDependencies" をプロジェクト "C:\Program Files\Microsoft Visual Studio\18\Community\MSBuild\Microsoft\VC\v180\Microsoft.CppBuild.targets" からのターゲット "BuiltProjectOutputGroupDependencies" でオーバーライドしています。
                   プロジェクト "C:\Program Files\Microsoft Visual Studio\18\Community\MSBuild\Current\Bin\Microsoft.Common.CurrentVersion.targets" のターゲット "DebugSymbolsProjectOutputGroupDependencies" をプロジェクト "C:\Program Files\Microsoft Visual Studio\18\Community\MSBuild\Microsoft\VC\v180\Microsoft.CppBuild.targets" からのターゲット "DebugSymbolsProjectOutputGroupDependencies" でオーバーライドしています。
                   プロジェクト "C:\Program Files\Microsoft Visual Studio\18\Community\MSBuild\Current\Bin\Microsoft.Common.CurrentVersion.targets" のターゲット "DocumentationProjectOutputGroupDependencies" をプロジェクト "C:\Program Files\Microsoft Visual Studio\18\Community\MSBuild\Microsoft\VC\v180\Microsoft.CppBuild.targets" からのターゲット "DocumentationProjectOutputGroupDependencies" でオーバーライドしています。
                   プロジェクト "C:\Program Files\Microsoft Visual Studio\18\Community\MSBuild\Current\Bin\Microsoft.Common.CurrentVersion.targets" のターゲット "PreBuildEvent" をプロジェクト "C:\Program Files\Microsoft Visual Studio\18\Community\MSBuild\Microsoft\VC\v180\Microsoft.CppCommon.targets" からのターゲット "PreBuildEvent" でオーバーライドしています。
                   プロジェクト "C:\Program Files\Microsoft Visual Studio\18\Community\MSBuild\Current\Bin\Microsoft.Common.CurrentVersion.targets" のターゲット "PostBuildEvent" をプロジェクト "C:\Program Files\Microsoft Visual Studio\18\Community\MSBuild\Microsoft\VC\v180\Microsoft.CppCommon.targets" からのターゲット "PostBuildEvent" でオーバーライドしています。
                   プロジェクト "C:\Program Files\Microsoft Visual Studio\18\Community\MSBuild\Microsoft\VC\v180\Microsoft.CppBuild.targets" のターゲット "ClCompile" をプロジェクト "C:\Program Files\Microsoft Visual Studio\18\Community\MSBuild\Microsoft\VC\v180\Microsoft.CppCommon.targets" からのターゲット "ClCompile" でオーバーライドしています。
                   プロジェクト "C:\Program Files\Microsoft Visual Studio\18\Community\MSBuild\Microsoft\VC\v180\Microsoft.CppBuild.targets" のターゲット "Link" をプロジェクト "C:\Program Files\Microsoft Visual Studio\18\Community\MSBuild\Microsoft\VC\v180\Microsoft.CppCommon.targets" からのターゲット "Link" でオーバーライドしています。
                   プロジェクト "C:\Program Files\Microsoft Visual Studio\18\Community\MSBuild\Microsoft\VC\v180\Microsoft.CppBuild.targets" のターゲット "Lib" をプロジェクト "C:\Program Files\Microsoft Visual Studio\18\Community\MSBuild\Microsoft\VC\v180\Microsoft.CppCommon.targets" からのターゲット "Lib" でオーバーライドしています。
                   プロジェクト "C:\Program Files\Microsoft Visual Studio\18\Community\MSBuild\Microsoft\VC\v180\Microsoft.CppBuild.targets" のターゲット "ImpLib" をプロジェクト "C:\Program Files\Microsoft Visual Studio\18\Community\MSBuild\Microsoft\VC\v180\Microsoft.CppCommon.targets" からのターゲット "ImpLib" でオーバーライドしています。
                   プロジェクト "C:\Program Files\Microsoft Visual Studio\18\Community\MSBuild\Microsoft\VC\v180\Microsoft.CppBuild.targets" のターゲット "Midl" をプロジェクト "C:\Program Files\Microsoft Visual Studio\18\Community\MSBuild\Microsoft\VC\v180\Microsoft.CppCommon.targets" からのターゲット "Midl" でオーバーライドしています。
                   プロジェクト "C:\Program Files\Microsoft Visual Studio\18\Community\MSBuild\Microsoft\VC\v180\Microsoft.CppBuild.targets" のターゲット "ResourceCompile" をプロジェクト "C:\Program Files\Microsoft Visual Studio\18\Community\MSBuild\Microsoft\VC\v180\Microsoft.CppCommon.targets" からのターゲット "ResourceCompile" でオーバーライドしています。
                   プロジェクト "C:\Program Files\Microsoft Visual Studio\18\Community\MSBuild\Current\Bin\Microsoft.Common.CurrentVersion.targets" のターゲット "BeforeResGen" をプロジェクト "C:\Program Files\Microsoft Visual Studio\18\Community\MSBuild\Microsoft\VC\v180\Microsoft.CppCommon.targets" からのターゲット "BeforeResGen" でオーバーライドしています。
                   プロジェクト "C:\Program Files\Microsoft Visual Studio\18\Community\MSBuild\Current\Bin\Microsoft.Common.CurrentVersion.targets" のターゲット "ResGen" をプロジェクト "C:\Program Files\Microsoft Visual Studio\18\Community\MSBuild\Microsoft\VC\v180\Microsoft.CppCommon.targets" からのターゲット "ResGen" でオーバーライドしています。
                   プロジェクト "C:\Program Files\Microsoft Visual Studio\18\Community\MSBuild\Current\Bin\Microsoft.Common.CurrentVersion.targets" のターゲット "GenerateSatelliteAssemblies" をプロジェクト "C:\Program Files\Microsoft Visual Studio\18\Community\MSBuild\Microsoft\VC\v180\Microsoft.CppCommon.targets" からのターゲット "GenerateSatelliteAssemblies" でオーバーライドしています。
                   プロジェクト "C:\Program Files\Microsoft Visual Studio\18\Community\MSBuild\Microsoft\VC\v180\Microsoft.CppBuild.targets" のターゲット "Manifest" をプロジェクト "C:\Program Files\Microsoft Visual Studio\18\Community\MSBuild\Microsoft\VC\v180\Microsoft.CppCommon.targets" からのターゲット "Manifest" でオーバーライドしています。
                   プロジェクト "C:\Program Files\Microsoft Visual Studio\18\Community\MSBuild\Microsoft\VC\v180\Microsoft.CppBuild.targets" のターゲット "XdcMake" をプロジェクト "C:\Program Files\Microsoft Visual Studio\18\Community\MSBuild\Microsoft\VC\v180\Microsoft.CppCommon.targets" からのターゲット "XdcMake" でオーバーライドしています。
                   プロジェクト "C:\Program Files\Microsoft Visual Studio\18\Community\MSBuild\Microsoft\VC\v180\Microsoft.CppBuild.targets" のターゲット "BscMake" をプロジェクト "C:\Program Files\Microsoft Visual Studio\18\Community\MSBuild\Microsoft\VC\v180\Microsoft.CppCommon.targets" からのターゲット "BscMake" でオーバーライドしています。
                   プロジェクト "C:\Program Files\Microsoft Visual Studio\18\Community\MSBuild\Microsoft\VC\v180\Microsoft.MetaGen.targets" のターゲット "ComputeMetaGenInputs" をプロジェクト "C:\Program Files\Microsoft Visual Studio\18\Community\MSBuild\Microsoft\VC\v180\Microsoft.CppCommon.targets" からのターゲット "ComputeMetaGenInputs" でオーバーライドしています。
                   プロジェクト "C:\Program Files\Microsoft Visual Studio\18\Community\MSBuild\Current\Bin\Microsoft.Common.CurrentVersion.targets" のターゲット "GetNativeManifest" をプロジェクト "C:\Program Files\Microsoft Visual Studio\18\Community\MSBuild\Microsoft\VC\v180\Microsoft.CppCommon.targets" からのターゲット "GetNativeManifest" でオーバーライドしています。
                   プロジェクト "C:\Program Files\Microsoft Visual Studio\18\Community\MSBuild\Current\Bin\Microsoft.Common.CurrentVersion.targets" のターゲット "GetTargetPathWithTargetPlatformMoniker" をプロジェクト "C:\Program Files\Microsoft Visual Studio\18\Community\MSBuild\Microsoft\VC\v180\Microsoft.Cpp.DesignTime.targets" からのターゲット "GetTargetPathWithTargetPlatformMoniker" でオーバーライドしています。
                   "C:\Program Files\Microsoft Visual Studio\18\Community\MSBuild\Microsoft\VisualStudio\WebTools.Aspire\Microsoft.WebTools.Aspire.targets (44,11)" にある BeforeTargets 属性に一覧表示されているターゲット "CompileDesignTime" はプロジェクト内に存在しないため、無視されます。
                   "C:\Program Files\Microsoft Visual Studio\18\Community\MSBuild\Microsoft\VisualStudio\WebTools.Aspire\Microsoft.WebTools.Aspire.targets (57,11)" にある BeforeTargets 属性に一覧表示されているターゲット "CompileDesignTime" はプロジェクト内に存在しないため、無視されます。
16:55:14.502     0>初期プロパティ:
                   _ApplicableDebuggers = Desktop
                   _ApplicationTypeAndRevisionFound = true
                   _BuildActionType = Build
                   _BuildSuffix = 
                   :VCEnd
                   _ClExternalIncludesSupported = true
                   _ClStdCpp20Supported = true
                   _ClStructuredDiagnosticsPipeSupported = true
                   _CodeAnalysisExtensions = true
                   _CodeAnalysisTreatWarningsAsErrors = false
                   _DebugSymbolsProduced = false
                   _DebugTypeOld = 
                   _DefaultPlatform = win32
                   _DeploymentBuiltUpdateInterval = 0
                   _DeploymentBuiltUpdateIntervalUnits = Days
                   _DeploymentDeployManifestIdentity = imgui.application
                   _DeploymentFileMappingExtension = 
                   _DeploymentUrl = 
                   _DirectoryBuildPropsBasePath = 
                   _DirectoryBuildPropsFile = Directory.Build.props
                   _DirectoryBuildTargetsBasePath = 
                   _DirectoryBuildTargetsFile = Directory.Build.targets
                   _DirectoryPackagesPropsBasePath = 
                   _DirectoryPackagesPropsFile = Directory.Packages.props
                   _DocumentationFileProduced = false
                   _GenerateBindingRedirectsIntermediateAppConfig = C:\CG\CG2_00_01\submission_ready_20260730_165019\LE3C_26_ヨシノ_ゲント\02_プロジェクト\CG2_00_01-CG4_-2\project\..\generated\obj\imgui\Debug\imgui.lib.config
                   _GenerateRestoreGraphProjectEntryInputProperties = ExcludeRestorePackageImports=true
                   _GetChildProjectCopyToOutputDirectoryItems = true
                   _HandlePackageFileConflictsAfter = ;ResolveNuGetPackageAssetsNonAOT
                   _InitialBaseIntermediateOutputPath = obj\
                   _InitialMSBuildProjectExtensionsPath = C:\CG\CG2_00_01\submission_ready_20260730_165019\LE3C_26_ヨシノ_ゲント\02_プロジェクト\CG2_00_01-CG4_-2\project\externals\imgui\obj\
                   _LatestWindowsTargetPlatformVersion = 10.0.26100.0
                   _LinkILKSupported = true
                   _LinkLTCGOUTSupported = true
                   _NuGetRuntimeIdentifierPlatformTargetSuffix = -x64
                   _NuGetRuntimeIdentifierWithoutAot = win-x64
                   _OriginalConfiguration = Debug
                   _OriginalPlatform = x64
                   _PlatformDefaultFolder = C:\Program Files\Microsoft Visual Studio\18\Community\MSBuild\Microsoft\VC\v180\\Platforms\x64\
                   _PlatformDefaultProps = C:\Program Files\Microsoft Visual Studio\18\Community\MSBuild\Microsoft\VC\v180\\Platforms\x64\Platform.Default.props
                   _PlatformDefaultPropsFound = true
                   _PlatformFolder = C:\Program Files\Microsoft Visual Studio\18\Community\MSBuild\Microsoft\VC\v180\Platforms\x64\
                   _PlatformProps = C:\Program Files\Microsoft Visual Studio\18\Community\MSBuild\Microsoft\VC\v180\Platforms\x64\Platform.props
                   _PlatformTargets = C:\Program Files\Microsoft Visual Studio\18\Community\MSBuild\Microsoft\VC\v180\Platforms\x64\Platform.targets
                   _PlatformToolsetFriendlyNameFor_ClangCl = LLVM (clang-cl)
                   _PlatformToolsetFriendlyNameFor_v100 = v100 (Visual Studio 2010)
                   _PlatformToolsetFriendlyNameFor_v110 = v110 (Visual Studio 2012)
                   _PlatformToolsetFriendlyNameFor_v110_wp80 = Windows Phone 8.0 (v110_wp80)
                   _PlatformToolsetFriendlyNameFor_v110_xp = v110_xp (Visual Studio 2012 - Windows XP)
                   _PlatformToolsetFriendlyNameFor_v120 = v120 (Visual Studio 2013)
                   _PlatformToolsetFriendlyNameFor_v120_wp81 = Windows Phone 8.1 (v120_wp81)
                   _PlatformToolsetFriendlyNameFor_v120_xp = v120_xp (Visual Studio 2013 - Windows XP)
                   _PlatformToolsetFriendlyNameFor_v140 = v140 (Visual Studio 2015)
                   _PlatformToolsetFriendlyNameFor_v140_clang_3_7 = v140_clang_3_7 (Clang 3.7 with Microsoft CodeGen)
                   _PlatformToolsetFriendlyNameFor_v140_clang_c2 = v140_clang_c2 (Visual Studio 2015 - Clang with Microsoft CodeGen)
                   _PlatformToolsetFriendlyNameFor_v140_xp = v140_xp (Visual Studio 2015 - Windows XP)
                   _PlatformToolsetFriendlyNameFor_v141 = v141 (Visual Studio 2017)
                   _PlatformToolsetFriendlyNameFor_v141_xp = v141_xp (Visual Studio 2017 - Windows XP)
                   _PlatformToolsetFriendlyNameFor_v142 = v142 (Visual Studio 2019)
                   _PlatformToolsetFriendlyNameFor_v143 = v143 (Visual Studio 2022)
                   _PlatformToolsetFriendlyNameFor_v145 = v145 for Microsoft C++ Build Tools
                   _PlatformToolsetFriendlyNameFor_v90 =  v90 (Visual Studio 2008)
                   _PlatformToolsetShortNameFor_ClangCl = LLVM - clang-cl
                   _PlatformToolsetShortNameFor_v100 = Visual Studio 2010
                   _PlatformToolsetShortNameFor_v110 = Visual Studio 2012
                   _PlatformToolsetShortNameFor_v110_wp80 = Windows Phone 8.0
                   _PlatformToolsetShortNameFor_v110_xp = Visual Studio 2012 - Windows XP
                   _PlatformToolsetShortNameFor_v120 = Visual Studio 2013
                   _PlatformToolsetShortNameFor_v120_wp81 = Windows Phone 8.1
                   _PlatformToolsetShortNameFor_v120_xp = Visual Studio 2013 - Windows XP
                   _PlatformToolsetShortNameFor_v140 = Visual Studio 2015
                   _PlatformToolsetShortNameFor_v140_xp = Visual Studio 2015 - Windows XP
                   _PlatformToolsetShortNameFor_v141 = Visual Studio 2017
                   _PlatformToolsetShortNameFor_v142 = Visual Studio 2019
                   _PlatformToolsetShortNameFor_v143 = Visual Studio 2022
                   _PlatformToolsetShortNameFor_v90 = Visual Studio 2008
                   _ProjectDefaultTargets = Build
                   _PropertySheetDisplayName = Unicode Support
                   _RecursiveTargetForContentCopying = GetCopyToOutputDirectoryItems
                   _RelativeApplicationTypeFolder = 
                   _RelativeApplicationTypeRevisionFolder = 
                   _RelativePlatformDefaultProps = Platforms\x64\Platform.Default.props
                   _RelativePlatformFolder = Platforms\x64\
                   _RelativePlatformProps = Platforms\x64\Platform.props
                   _RelativePlatformTargets = Platforms\x64\Platform.targets
                   _RelativeToolsetFiles = Platforms\x64\PlatformToolsets\v145\Toolset.props;Platforms\x64\PlatformToolsets\v145\Toolset.targets;Platforms\x64\Platform.props;Platforms\x64\Platform.targets
                   _RelativeToolsetFolder = Platforms\x64\PlatformToolsets\v145\
                   _RelativeToolsetProps = Platforms\x64\PlatformToolsets\v145\Toolset.props
                   _RelativeToolsetTargets = Platforms\x64\PlatformToolsets\v145\Toolset.targets
                   _ResolveReferenceDependencies = false
                   _SGenDllCreated = false
                   _SGenDllName = imgui.XmlSerializers.dll
                   _SGenGenerateSerializationAssembliesConfig = Off
                   _SupportedArchitectures = amd64 arm64
                   _TargetFrameworkVersionWithoutV = 
                   _TargetsThatPrepareProjectReferences = 
                         AssignProjectConfiguration;
                         _SplitProjectReferencesByFileExistence
                       
                   _TLogProjectName = imgui
                   _ToolsetFolder = C:\Program Files\Microsoft Visual Studio\18\Community\MSBuild\Microsoft\VC\v180\Platforms\x64\PlatformToolsets\v145\
                   _ToolsetFound = true
                   _ToolsetPropsPath = C:\Program Files\Microsoft Visual Studio\18\Community\MSBuild\Microsoft\VC\v180\Platforms\x64\PlatformToolsets\v145\Toolset.props
                   _ToolsetTargetsPath = C:\Program Files\Microsoft Visual Studio\18\Community\MSBuild\Microsoft\VC\v180\Platforms\x64\PlatformToolsets\v145\Toolset.targets
                   _ToolsetVCTargetsVersion = v180
                   _UpgradePlatformToolsetFor_Llvm_ClangCl_1_0 = ClangCl
                   _UpgradePlatformToolsetFor_v100 = v145
                   _UpgradePlatformToolsetFor_v110 = v145
                   _UpgradePlatformToolsetFor_v120 = v145
                   _UpgradePlatformToolsetFor_v140 = v145
                   _UpgradePlatformToolsetFor_v141 = v145
                   _UpgradePlatformToolsetFor_v141_xp = v141_xp
                   _UpgradePlatformToolsetFor_v142 = v145
                   _UpgradePlatformToolsetFor_v143 = v145
                   _UpgradePlatformToolsetFor_v145 = v145
                   _VC_arm64_ToolsInstalled = true
                   _VC_LibraryPath_ATL_ARM = C:\Program Files\Microsoft Visual Studio\18\Community\VC\Tools\MSVC\14.51.36231\atlmfc\lib\ARM;
                   _VC_LibraryPath_ATL_ARM64 = C:\Program Files\Microsoft Visual Studio\18\Community\VC\Tools\MSVC\14.51.36231\atlmfc\lib\ARM64;
                   _VC_LibraryPath_ATL_x64 = C:\Program Files\Microsoft Visual Studio\18\Community\VC\Tools\MSVC\14.51.36231\atlmfc\lib\x64;
                   _VC_LibraryPath_ATL_x86 = C:\Program Files\Microsoft Visual Studio\18\Community\VC\Tools\MSVC\14.51.36231\atlmfc\lib\x86;
                   _VC_LibraryPath_VC_ARM_Desktop = C:\Program Files\Microsoft Visual Studio\18\Community\VC\Tools\MSVC\14.51.36231\lib\ARM
                   _VC_LibraryPath_VC_ARM_OneCore = C:\Program Files\Microsoft Visual Studio\18\Community\VC\Tools\MSVC\14.51.36231\lib\onecore\ARM
                   _VC_LibraryPath_VC_ARM_Store = C:\Program Files\Microsoft Visual Studio\18\Community\VC\Tools\MSVC\14.51.36231\lib\ARM\store
                   _VC_LibraryPath_VC_ARM_UWP = C:\Program Files\Microsoft Visual Studio\18\Community\VC\Tools\MSVC\14.51.36231\lib\ARM\uwp
                   _VC_LibraryPath_VC_ARM64_Desktop = C:\Program Files\Microsoft Visual Studio\18\Community\VC\Tools\MSVC\14.51.36231\lib\ARM64
                   _VC_LibraryPath_VC_ARM64_OneCore = C:\Program Files\Microsoft Visual Studio\18\Community\VC\Tools\MSVC\14.51.36231\lib\onecore\ARM64
                   _VC_LibraryPath_VC_ARM64_Store = C:\Program Files\Microsoft Visual Studio\18\Community\VC\Tools\MSVC\14.51.36231\lib\ARM64\store
                   _VC_LibraryPath_VC_ARM64_UWP = C:\Program Files\Microsoft Visual Studio\18\Community\VC\Tools\MSVC\14.51.36231\lib\ARM64\uwp
                   _VC_LibraryPath_VC_x64_Desktop = C:\Program Files\Microsoft Visual Studio\18\Community\VC\Tools\MSVC\14.51.36231\lib\x64
                   _VC_LibraryPath_VC_x64_OneCore = C:\Program Files\Microsoft Visual Studio\18\Community\VC\Tools\MSVC\14.51.36231\lib\onecore\x64
                   _VC_LibraryPath_VC_x64_Store = C:\Program Files\Microsoft Visual Studio\18\Community\VC\Tools\MSVC\14.51.36231\lib\x64\store
                   _VC_LibraryPath_VC_x64_UWP = C:\Program Files\Microsoft Visual Studio\18\Community\VC\Tools\MSVC\14.51.36231\lib\x64\uwp
                   _VC_LibraryPath_VC_x86_Desktop = C:\Program Files\Microsoft Visual Studio\18\Community\VC\Tools\MSVC\14.51.36231\lib\x86
                   _VC_LibraryPath_VC_x86_OneCore = C:\Program Files\Microsoft Visual Studio\18\Community\VC\Tools\MSVC\14.51.36231\lib\onecore\x86
                   _VC_LibraryPath_VC_x86_Store = C:\Program Files\Microsoft Visual Studio\18\Community\VC\Tools\MSVC\14.51.36231\lib\x86\store
                   _VC_LibraryPath_VC_x86_UWP = C:\Program Files\Microsoft Visual Studio\18\Community\VC\Tools\MSVC\14.51.36231\lib\x86\uwp
                   _VC_Target_Library_Platform = Desktop
                   _VC_x64_ToolsInstalled = true
                   _VCTargetsPathFolders = C:\Program Files\Microsoft Visual Studio\18\Community\MSBuild\Microsoft\VC\v180\;
                   _VCTargetsPathForToolset = C:\Program Files\Microsoft Visual Studio\18\Community\MSBuild\Microsoft\VC\v180\
                   _VCToolsInternalCLFeatureProps = C:\Program Files\Microsoft Visual Studio\18\Community\VC\Tools\MSVC\14.51.36231\Auxiliary\Microsoft.VC.Internal.CL.Features.props
                   _VCToolsInternalLinkFeatureProps = C:\Program Files\Microsoft Visual Studio\18\Community\VC\Tools\MSVC\14.51.36231\Auxiliary\Microsoft.VC.Internal.Link.Features.props
                   _VCToolsServicingVersionsProps = C:\Program Files\Microsoft Visual Studio\18\Community\VC\Tools\MSVC\14.51.36231\Auxiliary\Microsoft.VC.ServicingVersion.props
                   _VCToolsVersionProps = C:\Program Files\Microsoft Visual Studio\18\Community\VC\Auxiliary\Build\Microsoft.VCToolsVersion.v145.default.props
                   AddAppConfigToBuildOutputs = true
                   AfterBuildCompileTargets = 
                         ;
                         AfterBuildCompileEvent;
                       
                   AfterBuildGenerateSourcesTargets = 
                         
                         ;
                         AfterBuildGenerateSources;
                       ;
                         AfterBuildGenerateSourcesEvent;
                       
                   AfterBuildLinkTargets = 
                         ;
                         CreateRecipeFile;
                         CreateSatelliteAssemblies;
                         CopyLocalNativeReference;
                         _Appverifier;
                         _Deploy;
                         PrepareForRun;
                         PostBuildEvent;
                       
                   AfterClCompileTargets = 
                         ;
                         AfterClCompile;
                       
                   AfterImpLibTargets = 
                         ;
                         AfterImpLib;
                       
                   AfterLibTargets = 
                         ;
                         AfterLib;
                       
                   AfterLinkTargets = 
                         ;
                         AfterLink;
                       
                   AfterManifestTargets = 
                         ;
                         AfterManifest;
                       
                   AfterMidlTargets = 
                         ;
                         AfterMidl;
                       
                   AfterResourceCompileTargets = 
                         ;
                         AfterResourceCompile;
                       
                   AllowedReferenceAssemblyFileExtensions = 
                         .winmd;
                         .dll;
                         .exe
                       
                   AllowedReferenceRelatedFileExtensions = 
                         .pdb;
                         .xml;
                         .pri;
                         .dll.config;
                         .exe.config
                       
                   AllowLocalNetworkLoopback = true
                   AllProjectBMIsArePublic = true
                   AllProjectIncludesArePublic = false
                   AllProjectOutputGroupsDependsOn = 
                         ;
                         BuiltProjectOutputGroup;
                         DebugSymbolsProjectOutputGroup;
                         DocumentationProjectOutputGroup;
                         SatelliteDllsProjectOutputGroup;
                         SourceFilesProjectOutputGroup;
                         ContentFilesProjectOutputGroup;
                         SGenFilesOutputGroup
                       
                   AnalysisResultManifestFile = C:\CG\CG2_00_01\submission_ready_20260730_165019\LE3C_26_ヨシノ_ゲント\02_プロジェクト\CG2_00_01-CG4_-2\project\..\generated\obj\imgui\Debug\CodeAnalysisResultManifest.txt
                   AndroidTargetsPath = C:\Program Files\Microsoft Visual Studio\18\Community\MSBuild\Microsoft\MDD\Android\V150\
                   AppSettingsJsonSchemaCombinedFilePath = C:\CG\CG2_00_01\submission_ready_20260730_165019\LE3C_26_ヨシノ_ゲント\02_プロジェクト\CG2_00_01-CG4_-2\generated\obj\imgui\Debug\AppSettingsSchema.json
                   AssemblyFoldersConfigFile = C:\Program Files\Microsoft Visual Studio\18\Community\MSBuild\Current\Bin\AssemblyFolders.config
                   AssemblyFoldersConfigFileSearchPath = {AssemblyFoldersFromConfig:C:\Program Files\Microsoft Visual Studio\18\Community\MSBuild\Current\Bin\AssemblyFolders.config,};
                   AssemblyFoldersSuffix = AssemblyFoldersEx
                   AssemblyName = imgui
                   AssemblySearchPaths = {CandidateAssemblyFiles};C:\Program Files\Microsoft Visual Studio\18\Community\VC\Tools\MSVC\14.51.36231\atlmfc\lib\x64;;C:\Program Files\Microsoft Visual Studio\18\Community\VC\Tools\MSVC\14.51.36231\lib\x64;;{HintPathFromItem};{TargetFrameworkDirectory};{AssemblyFoldersFromConfig:C:\Program Files\Microsoft Visual Studio\18\Community\MSBuild\Current\Bin\AssemblyFolders.config,};;{Registry:Software\Microsoft\,,AssemblyFoldersEx};{AssemblyFolders};{GAC};{RawFileName};C:\CG\CG2_00_01\submission_ready_20260730_165019\LE3C_26_ヨシノ_ゲント\02_プロジェクト\CG2_00_01-CG4_-2\project\..\generated\outputs\Debug\
                   AssignTargetPathsDependsOn = 
                   ATL_KeyFile = C:\Program Files\Microsoft Visual Studio\18\Community\VC\Tools\MSVC\14.51.36231\atlmfc\lib\x64\atls.lib
                   Attach = false
                   AutoUnifyAssemblyReferences = true
                   AvailablePlatforms = Any CPU,x86,x64
                   BaseIntermediateOutputPath = obj\
                   BaseNuGetRuntimeIdentifier = win
                   BaseOutputPath = bin\
                   BeforeBuildCompileTargets = 
                         ;
                       
                   BeforeBuildGenerateSourcesTargets = 
                         
                         ;
                         BeforeBuildGenerateSources;
                       ;
                       
                   BeforeClCompileTargets = 
                         ;
                         BeforeClCompile;
                       
                   BeforeImpLibTargets = 
                         ;
                         BeforeImpLib;
                       
                   BeforeLibTargets = 
                         ;
                         BeforeLib;
                       
                   BeforeLinkTargets = 
                         ;
                         BeforeLink;
                       
                   BeforeManifestTargets = 
                         ;
                         BeforeManifest;
                       
                   BeforeMidlTargets = 
                         ;
                         BeforeMidl;
                       
                   BeforeResourceCompileTargets = 
                         ;
                         BeforeResourceCompile;
                       
                   BuildCompileAction = _BuildCompileAction
                   BuildCompileTargets = 
                         ;
                         _ClCompile;
                         _ResGen;
                         _ResourceCompile;
                         
                         ;
                         _ImpLib;
                         _Lib;
                       ;
                       
                   BuildDependsOn = SetTelemetryEnvironmentVariables;
                         _PrepareForBuild;
                         
                         ResolveReferences;
                         PrepareForBuild;
                         InitializeBuildStatus;
                         BuildGenerateSources;
                         BuildCompile;
                         BuildLink;
                       ;
                         AfterBuild;
                         IncrementalClean;
                         TlogCleanup;
                         FinalizeBuildStatus;
                       
                   BuildGenerateSourcesAction = _BuildGenerateSourcesAction
                   BuildGenerateSourcesTargets = 
                         ;
                         PreBuildEvent;
                         _Xsd;
                         _Midl;
                       
                   BuildingProject = true
                   BuildingSolutionFile = true
                   BuildInParallel = true
                   BuildLibTargets = 
                         ;
                         _ImpLib;
                         _Lib;
                       
                   BuildLinkAction = _BuildLinkAction
                   BuildLinkTargets = 
                         ;
                         ComputeLegacyManifestEmbedding;
                         _Link;
                         _ALink;
                         _Manifest;
                         RegisterOutput;
                         _XdcMake;
                         _BscMake;
                       
                   BuildProjectReferences = true
                   BuildSteps = 
                         ResolveReferences;
                         PrepareForBuild;
                         InitializeBuildStatus;
                         BuildGenerateSources;
                         BuildCompile;
                         BuildLink;
                       
                   BuiltProjectOutputGroupDependenciesDependsOn = 
                         ;
                         
                         ;
                         BuildOnlySettings;
                         PrepareForBuild;
                         AssignTargetPaths;
                         ResolveReferences
                       
                       
                   BuiltProjectOutputGroupDependsOn = PrepareForBuild
                   CAExcludePath = C:\Program Files\Microsoft Visual Studio\18\Community\VC\Tools\MSVC\14.51.36231\atlmfc\include;C:\Program Files\Microsoft Visual Studio\18\Community\VC\Tools\MSVC\14.51.36231\include;C:\Program Files (x86)\Windows Kits\10\Include\10.0.26100.0\ucrt;;C:\Program Files (x86)\Windows Kits\10\Include\10.0.26100.0\um;C:\Program Files (x86)\Windows Kits\10\Include\10.0.26100.0\shared;C:\Program Files (x86)\Windows Kits\10\Include\10.0.26100.0\winrt;C:\Program Files (x86)\Windows Kits\10\Include\10.0.26100.0\cppwinrt;C:\Program Files (x86)\Windows Kits\NETFXSDK\4.8.1\Include\um;
                   CharacterSet = Unicode
                   CheckMSVCComponents = true
                   ClangAnalysisToolsPath = C:\Program Files\Microsoft Visual Studio\18\Community\VC\Tools\Llvm\x64\bin
                   ClangTidyAdditionalOptions = --target=amd64-pc-windows-msvc 
                   ClangTidyChecks = clang-analyzer-*
                   ClangTidyDependsOn = 
                         BeforeClangTidy;
                         ;
                         AfterClangTidy;
                       
                   ClangTidyExtraArgs = 
                   ClangTidyHeaderFilter = 
                   ClangTidyLLVMInstallDir = C:\Program Files\Microsoft Visual Studio\18\Community\VC\Tools\Llvm\x64
                   ClangTidyLogFile = imgui.ClangTidy.log
                   ClangTidyPlatformTargetSwitch = --target=amd64-pc-windows-msvc
                   ClangTidyPrependExtraArgs = 
                   ClangTidyProjectDirectory = imgui.ClangTidy
                   ClangTidyToolExe = clang-tidy.exe
                   ClangTidyToolExeAdditionalOptions = 
                   ClangTidyToolPath = C:\Program Files\Microsoft Visual Studio\18\Community\VC\Tools\Llvm\x64\bin
                   ClangTidyWarningsInSystemHeaders = false
                   ClCompilerPath = C:\Program Files\Microsoft Visual Studio\18\Community\VC\Tools\MSVC\14.51.36231\bin\HostX86\x64\cl.exe
                   CLDeleteOutputOnExecute = true
                   CleanDependsOn = 
                         
                         _PrepareForClean;
                         
                         BeforeClean;
                         UnmanagedUnregistration;
                         CoreClean;
                         CleanReferencedProjects;
                         CleanPublishFolder;
                         AfterClean
                       ;
                       ;
                         CppClean
                       
                   CleanFile = imgui.vcxproj.FileListAbsolute.txt
                   ClickOncePublishDir = C:\CG\CG2_00_01\submission_ready_20260730_165019\LE3C_26_ヨシノ_ゲント\02_プロジェクト\CG2_00_01-CG4_-2\project\..\generated\outputs\Debug\app.publish\
                   CLRSupport = false
                   ClYieldDuringToolExecution = true
                   CodeAnalysisApplyLogFileXsl = false
                   CodeAnalysisFailOnMissingRules = false
                   CodeAnalysisForceOutput = true
                   CodeAnalysisGenerateSuccessFile = true
                   CodeAnalysisIgnoreGeneratedCode = true
                   CodeAnalysisIgnoreInvalidTargets = true
                   CodeAnalysisIgnoreMissingIndirectReferences = false
                   CodeAnalysisInputAssembly = C:\CG\CG2_00_01\submission_ready_20260730_165019\LE3C_26_ヨシノ_ゲント\02_プロジェクト\CG2_00_01-CG4_-2\project\..\generated\outputs\Debug\imgui.lib
                   CodeAnalysisLogFile = C:\CG\CG2_00_01\submission_ready_20260730_165019\LE3C_26_ヨシノ_ゲント\02_プロジェクト\CG2_00_01-CG4_-2\project\..\generated\outputs\Debug\imgui.lib.CodeAnalysisLog.xml
                   CodeAnalysisModuleSuppressionsFile = GlobalSuppressions.cpp
                   CodeAnalysisOutputToConsole = false
                   CodeAnalysisOverrideRuleVisibilities = false
                   CodeAnalysisPath = C:\Program Files\Microsoft Visual Studio\18\Community\Team Tools\Static Analysis Tools\FxCop\
                   CodeAnalysisQuiet = false
                   CodeAnalysisRuleDirectories = ;C:\Program Files\Microsoft Visual Studio\18\Community\Team Tools\Static Analysis Tools\FxCop\\Rules
                   CodeAnalysisRuleSet = NativeRecommendedRules.ruleset
                   CodeAnalysisRuleSetDirectories = ;C:\Program Files\Microsoft Visual Studio\18\Community\Team Tools\Static Analysis Tools\\Rule Sets
                   CodeAnalysisSaveMessagesToReport = Active
                   CodeAnalysisSearchGlobalAssemblyCache = true
                   CodeAnalysisStaticAnalysisDirectory = C:\Program Files\Microsoft Visual Studio\18\Community\Team Tools\Static Analysis Tools\
                   CodeAnalysisSucceededFile = C:\CG\CG2_00_01\submission_ready_20260730_165019\LE3C_26_ヨシノ_ゲント\02_プロジェクト\CG2_00_01-CG4_-2\project\..\generated\outputs\Debug\imgui.lib.lastcodeanalysissucceeded
                   CodeAnalysisSummary = false
                   CodeAnalysisTargets = C:\Program Files\Microsoft Visual Studio\18\Community\MSBuild\Microsoft\VisualStudio\v18.0\CodeAnalysis\Microsoft.CodeAnalysis.targets
                   CodeAnalysisTimeout = 120
                   CodeAnalysisUpdateProject = false
                   CodeAnalysisUseTypeNameInSuppression = true
                   CodeAnalysisVerbose = false
                   CommonBuildOnlyTargets = 
                         PrepareForBuild;
                         ResolveReferences;
                       
                   CommonExcludePath = C:\Program Files\Microsoft Visual Studio\18\Community\VC\Tools\MSVC\14.51.36231\include;;C:\Program Files\Microsoft Visual Studio\18\Community\VC\Tools\MSVC\14.51.36231\atlmfc\include;;C:\Program Files\Microsoft Visual Studio\18\Community\VC\Auxiliary\VS\include;;C:\Program Files (x86)\Windows Kits\10\Include\10.0.26100.0\ucrt;;;C:\Program Files (x86)\Windows Kits\10\Include\10.0.26100.0\um;C:\Program Files (x86)\Windows Kits\10\Include\10.0.26100.0\shared;C:\Program Files (x86)\Windows Kits\10\Include\10.0.26100.0\winrt;C:\Program Files (x86)\Windows Kits\10\Include\10.0.26100.0\cppwinrt;C:\Program Files (x86)\Windows Kits\NETFXSDK\4.8.1\Include\um;C:\Program Files\Microsoft Visual Studio\18\Community\VC\Tools\MSVC\14.51.36231\bin\HostArm64\arm64\1033;C:\Program Files\Microsoft Visual Studio\18\Community\VC\Tools\MSVC\14.51.36231\bin\HostArm64\arm\1033;C:\Program Files\Microsoft Visual Studio\18\Community\VC\Tools\MSVC\14.51.36231\bin\HostArm64\x64\1033;C:\Program Files\Microsoft Visual Studio\18\Community\VC\Tools\MSVC\14.51.36231\bin\HostArm64\x86\1033;C:\Program Files\Microsoft Visual Studio\18\Community\VC\Tools\MSVC\14.51.36231\bin\HostX86\arm64\1033;C:\Program Files\Microsoft Visual Studio\18\Community\VC\Tools\MSVC\14.51.36231\bin\HostX86\x64\1033;C:\Program Files\Microsoft Visual Studio\18\Community\VC\Tools\MSVC\14.51.36231\bin\HostX86\x86\1033;C:\Program Files\Microsoft Visual Studio\18\Community\VC\Tools\MSVC\14.51.36231\bin\HostX64\arm64\1033;C:\Program Files\Microsoft Visual Studio\18\Community\VC\Tools\MSVC\14.51.36231\bin\HostX64\arm\1033;C:\Program Files\Microsoft Visual Studio\18\Community\VC\Tools\MSVC\14.51.36231\bin\HostX64\x64\1033;C:\Program Files\Microsoft Visual Studio\18\Community\VC\Tools\MSVC\14.51.36231\bin\HostX64\x86\1033;;;;;;;;;;;;;C:\Program Files (x86)\Windows Kits\10\bin\10.0.26100.0\x86;;C:\Program Files (x86)\Microsoft SDKs\Windows\v10.0A\bin\NETFX 4.8.1 Tools;C:\Program Files\Microsoft Visual Studio\18\Community\Common7\tools;C:\Program Files\Microsoft Visual Studio\18\Community\Common7\ide;C:\Program Files (x86)\HTML Help Workshop;;;C:\Program Files\Microsoft Visual Studio\18\Community\MSBuild\Current\Bin;C:\WINDOWS\Microsoft.NET\Framework\v4.0.30319\;C:\Program Files\Microsoft Visual Studio\18\Community\MSBuild\Current\Bin;C:\WINDOWS\Microsoft.NET\Framework\v4.0.30319\;C:\WINDOWS
                   CommonExecutablePath = C:\Program Files (x86)\Windows Kits\10\bin\10.0.26100.0\x86;;C:\Program Files (x86)\Microsoft SDKs\Windows\v10.0A\bin\NETFX 4.8.1 Tools;C:\Program Files\Microsoft Visual Studio\18\Community\Common7\tools;C:\Program Files\Microsoft Visual Studio\18\Community\Common7\ide;C:\Program Files (x86)\HTML Help Workshop;;C:\Program Files\Microsoft Visual Studio\18\Community\MSBuild\Current\Bin;C:\WINDOWS\Microsoft.NET\Framework\v4.0.30319\;;C:\Users\K024G\.codex\tmp\arg0\codex-arg0CJzPUt;C:\Users\K024G\.cache\codex-runtimes\codex-primary-runtime\dependencies\bin\override;C:\Program Files\Common Files\Oracle\Java\javapath;C:\Windows\system32;C:\Windows;C:\Windows\System32\Wbem;C:\Windows\System32\WindowsPowerShell\v1.0\;C:\Windows\System32\OpenSSH\;C:\Program Files (x86)\NVIDIA Corporation\PhysX\Common;C:\WINDOWS\system32;C:\WINDOWS;C:\WINDOWS\System32\Wbem;C:\WINDOWS\System32\WindowsPowerShell\v1.0\;C:\WINDOWS\System32\OpenSSH\;C:\Program Files\dotnet\;C:\Program Files (x86)\Windows Kits\10\Windows Performance Toolkit\;C:\Program Files\NVIDIA Corporation\NVIDIA App\NvDLISR;C:\Program Files\CMake\bin;C:\Users\K024G\AppData\Local\Programs\OpenAI\Codex\bin;C:\Users\K024G\.local\bin;C:\Users\K024G\AppData\Local\Microsoft\WindowsApps;C:\Users\K024G\AppData\Local\Programs\Microsoft VS Code\bin;C:\Users\K024G\AppData\Local\GitHubDesktop\bin;C:\Users\K024G\.dotnet\tools;C:\Users\K024G\AppData\Local\Programs\Antigravity\bin;C:\Users\K024G\.dotnet\tools;C:\Users\K024G\.cache\codex-runtimes\codex-primary-runtime\dependencies\bin\fallback;C:\Users\K024G\.cache\codex-runtimes\codex-primary-runtime\dependencies\native\git\cmd;C:\Users\K024G\AppData\Local\OpenAI\Codex\bin\3e42d49ad3e35a50;C:\Program Files\WindowsApps\OpenAI.Codex_26.721.4979.0_x64__2p2nqsd0c76g0\app\resources;
                   CommonOutputGroupsDependsOn = 
                         ;
                         BuildOnlySettings;
                         PrepareForBuild;
                         AssignTargetPaths;
                         ResolveReferences
                       
                   CommonTargetsPath = C:\Program Files\Microsoft Visual Studio\18\Community\MSBuild\Current\Bin\Microsoft.Common.CurrentVersion.targets
                   CommonXamlResourcesDirectory = C:\Program Files\Microsoft Visual Studio\18\Community\MSBuild\Current\Bin\\
                   CompileDependsOn = 
                         ResolveReferences;
                         ResolveKeySource;
                         SetWin32ManifestProperties;
                         _SetPreferNativeArm64Win32ManifestProperties;
                         FindReferenceAssembliesForReferences;
                         _GenerateCompileInputs;
                         BeforeCompile;
                         _TimeStampBeforeCompile;
                         _GenerateCompileDependencyCache;
                         CoreCompile;
                         _TimeStampAfterCompile;
                         AfterCompile;
                       
                   CompileLicxFilesDependsOn = 
                   CompileTargetNameForTemporaryAssembly = CompileTemporaryAssembly
                   ComputeCompileInputsTargets = 
                         
                         
                         
                         ;
                         GenerateTargetFrameworkMonikerAttribute;
                       ;
                         ComputeMIDLGeneratedCompileInputs;
                       ;
                         ComputeCLInputPDBName;
                         ComputeReferenceCLInput;
                         WarnCompileDuplicatedFilename
                       ;
                         ;
                         ComputeStdModulesCompileInputs;
                         FixupCLCompileOptions;
                         SetModuleDependencies;
                       
                   ComputeImpLibInputsTargets = 
                         
                         
                         
                         
                         ;
                         ComputeRCGeneratedLibInputs;
                       ;
                         ComputeRCGeneratedImpLibInputs;
                       ;
                         ComputeCustomBuildOutput;
                       ;
                         ComputeCLGeneratedImpLibInputs;
                       ;
                         ComputeImpLibInputsFromProject;
                       
                   ComputeIntermediateSatelliteAssembliesDependsOn = 
                         CreateManifestResourceNames
                       
                   ComputeLibInputsTargets = 
                         ComputeLibAdditionalOptions;
                         
                         
                         
                         
                         
                         ;
                         ComputeRCGeneratedLibInputs;
                       ;
                         ComputeCustomBuildOutput;
                       ;
                         ComputeCLGeneratedLibInputs;
                       ;
                         ComputeLibInputsFromProject;
                       ;
                         ComputeReferenceLibInputs;
                       
                       
                   ComputeLinkInputsTargets = 
                         
                         
                         
                         
                         
                         ;
                         ComputeRCGeneratedLinkInputs;
                       ;
                         ComputeManifestGeneratedLinkerInputs;
                       ;
                         ComputeCustomBuildOutput;
                       ;
                         ComputeCLGeneratedLinkInputs;
                       ;
                         ComputeLinkInputsFromProject;
                       ;
                         ComputeReferenceLinkInputs;
                       
                   ComputeManifestInputsTargets = 
                         ;
                         ComputeManifestInputsTargets;
                       
                   ComReferenceExecuteAsTool = false
                   ComReferenceNoClassMembers = false
                   ConcurrencyCheckPath = C:\Program Files\Microsoft Visual Studio\18\Community\VC\Tools\MSVC\14.51.36231\bin\HostX86\x64\ConcurrencyCheck.dll
                   Configuration = Debug
                   ConfigurationName = Debug
                   ConfigurationType = StaticLibrary
                   ConsiderPlatformAsProcessorArchitecture = true
                   ContentFilesProjectOutputGroupDependsOn = PrepareForBuild;AssignTargetPaths;PrepareForBuild;AssignTargetPaths;MakeDirsForFxc;_CreateCopyFileItems;
                   ContinueOnError = false
                   CopyCppRuntimeToOutputDir = false
                   CopyFileAfterTargets = PreBuildEvent
                   CopyFileBeforeTargets = Midl
                   CopyLocalDebugSymbols = false
                   CopyLocalDeploymentContent = false
                   CopyLocalNativeReferenceDependsOn = ;BuiltProjectOutputGroupDependencies;DebugSymbolsProjectOutputGroupDependencies
                   CopyLocalProjectReference = false
                   CopyNuGetImplementations = true
                   CoreBuildDependsOn = 
                         BuildOnlySettings;
                         PrepareForBuild;
                         PreBuildEvent;
                         ResolveReferences;
                         PrepareResources;
                         ResolveKeySource;
                         Compile;
                         ExportWindowsMDFile;
                         UnmanagedUnregistration;
                         GenerateSerializationAssemblies;
                         CreateSatelliteAssemblies;
                         GenerateManifests;
                         GetTargetPath;
                         PrepareForRun;
                         UnmanagedRegistration;
                         IncrementalClean;
                         PostBuildEvent
                       
                   CoreCleanDependsOn = 
                   CoreCppCleanDependsOn = 
                   CoreLibraryDependencies = kernel32.lib;user32.lib;gdi32.lib;winspool.lib;comdlg32.lib;advapi32.lib;shell32.lib;ole32.lib;oleaut32.lib;uuid.lib;odbc32.lib;odbccp32.lib
                   CoreResGenDependsOn = FindReferenceAssembliesForReferences
                   CppCleanDependsOn = 
                         BeforeCppClean;
                         ;
                         CoreCppClean;
                         AfterCppClean;
                       ;PGInstrumentedClean
                   CppCleanLogFile = imgui.Build.CppClean.log
                   CppRuntimeFilesPath = C:\Program Files\Microsoft Visual Studio\18\Community\VC\Redist\MSVC\14.51.36231\x64;
                   CppWinRT_IncludePath = C:\Program Files (x86)\Windows Kits\10\Include\10.0.26100.0\cppwinrt
                   CreateCustomManifestResourceNamesDependsOn = 
                   CreateHardLinksForCopyAdditionalFilesIfPossible = false
                   CreateHardLinksForCopyFilesToOutputDirectoryIfPossible = 
                   CreateHardLinksForCopyLocalNativeIfPossible = 
                   CreateManifestResourceNamesDependsOn = 
                   CreateRecipeFileDependsOn = BuiltProjectOutputGroup;SatelliteDllsProjectOutputGroup;ContentFilesProjectOutputGroup;GetReferencedVCProjectsInfo
                   CreateSatelliteAssembliesDependsOn = 
                         ;
                         _GenerateSatelliteAssemblyInputs;
                         ComputeIntermediateSatelliteAssemblies;
                         GenerateSatelliteAssemblies
                       
                   CreateSymbolicLinksForCopyAdditionalFilesIfPossible = false
                   CRTDefinitionalFile = C:\Program Files\Microsoft Visual Studio\18\Community\VC\Tools\MSVC\14.51.36231\VCProjectDefault\Microsoft.AppX.VCFrameworkReferences.xml
                   CrtSDKReferenceInclude = Microsoft.VCLibs, Version=14.0
                   CrtSDKReferenceVersion = 14.0
                   CurrentSolutionConfigurationContents = <SolutionConfiguration>
                     <ProjectConfiguration Project="{3713FB10-CA0E-4AD6-BF62-4D7DEABB031E}" AbsolutePath="C:\CG\CG2_00_01\submission_ready_20260730_165019\LE3C_26_ヨシノ_ゲント\02_プロジェクト\CG2_00_01-CG4_-2\project\CG2_00_01.vcxproj" BuildProjectInSolution="True">Development|x64<ProjectDependency Project="{FC6138E7-6881-42E8-A87A-E456388A5A3E}" /></ProjectConfiguration>
                     <ProjectConfiguration Project="{371B9FA9-4C90-4AC6-A123-ACED756D6C77}" AbsolutePath="C:\CG\CG2_00_01\submission_ready_20260730_165019\LE3C_26_ヨシノ_ゲント\02_プロジェクト\CG2_00_01-CG4_-2\project\externals\DirectXTex\DirectXTex_Desktop_2022_Win10.vcxproj" BuildProjectInSolution="True">Development|x64</ProjectConfiguration>
                     <ProjectConfiguration Project="{FC6138E7-6881-42E8-A87A-E456388A5A3E}" AbsolutePath="C:\CG\CG2_00_01\submission_ready_20260730_165019\LE3C_26_ヨシノ_ゲント\02_プロジェクト\CG2_00_01-CG4_-2\project\externals\imgui\imgui.vcxproj" BuildProjectInSolution="True">Debug|x64</ProjectConfiguration>
                   </SolutionConfiguration>
                   CurrentVCTargetsPath = C:\Program Files\Microsoft Visual Studio\18\Community\MSBuild\Microsoft\VC\v180\
                   CurrentVsInstallRoot = C:\Program Files\Microsoft Visual Studio\18\Community
                   CustomAfterMicrosoftCommonProps = C:\Program Files\Microsoft Visual Studio\18\Community\MSBuild\vCurrent\Custom.After.Microsoft.Common.props
                   CustomAfterMicrosoftCommonTargets = C:\Program Files\Microsoft Visual Studio\18\Community\MSBuild\vCurrent\Custom.After.Microsoft.Common.targets
                   CustomBeforeMicrosoftCommonProps = C:\Program Files\Microsoft Visual Studio\18\Community\MSBuild\vCurrent\Custom.Before.Microsoft.Common.props
                   CustomBeforeMicrosoftCommonTargets = C:\Program Files\Microsoft Visual Studio\18\Community\MSBuild\vCurrent\Custom.Before.Microsoft.Common.targets
                   CustomBuildAfterTargets = BscMake
                   CustomBuildBeforeTargets = PostBuildEvent
                   CustomBuildToolAfterTargets = PreBuildEvent
                   CustomBuildToolBeforeTargets = Midl
                   DebugCppRuntimeFilesPath = C:\Program Files\Microsoft Visual Studio\18\Community\VC\Redist\MSVC\14.51.36231\Debug_NonRedist\x64;C:\Program Files (x86)\Windows Kits\10\bin\10.0.26100.0\x64\ucrt
                   DebuggerFlavor = WindowsLocalDebugger
                   DebuggerLaunchApplication = true
                   DebuggerRequireAuthentication = true
                   DebuggerType = NativeOnly
                   DebugSymbolsProjectOutputGroupDependenciesDependsOn = 
                         ;
                         
                         ;
                         BuildOnlySettings;
                         PrepareForBuild;
                         AssignTargetPaths;
                         ResolveReferences
                       
                       
                   DebugSymbolsProjectOutputGroupDependsOn = 
                   DebugType = 
                   DefaultLanguageSourceExtension = .cpp
                   DefaultPlatformToolset = v145
                   DefineCommonReferenceSchemas = 
                   DelayImplib = Delayimp.lib
                   DelaySign = 
                   DeploymentComputeClickOnceManifestInfoDependsOn = 
                         CleanPublishFolder;
                         GetCopyToOutputDirectoryItems;
                         _DeploymentGenerateTrustInfo;
                         
                       
                   DesignerRuntimeImplementationProjectOutputGroupDependsOn = 
                         ;
                         
                         ;
                         BuildOnlySettings;
                         PrepareForBuild;
                         AssignTargetPaths;
                         ResolveReferences
                       
                       
                   DesignTimeBuildInitTargets = _PrepareForReferenceResolution;
                         ;
                         AddExternalIncludDirectoriesToPaths
                       ;InitGetClCommandLines;ResolveReferences;FixupReferences
                   DesignTimeIntermediateOutputPath = C:\CG\CG2_00_01\submission_ready_20260730_165019\LE3C_26_ヨシノ_ゲント\02_プロジェクト\CG2_00_01-CG4_-2\project\..\generated\obj\imgui\Debug\InProcessTempFiles\
                   DesignTimeResolveAssemblyReferencesDependsOn = 
                         GetFrameworkPaths;
                         GetReferenceAssemblyPaths;
                         ResolveReferences
                       
                   DesktopDeployRecipeFile = C:\CG\CG2_00_01\submission_ready_20260730_165019\LE3C_26_ヨシノ_ゲント\02_プロジェクト\CG2_00_01-CG4_-2\generated\obj\imgui\Debug\imgui.lib.recipe
                   DetermineProjectTypeTargets = _PrepareForReferenceResolution;
                         ;
                         AddExternalIncludDirectoriesToPaths
                       
                   DevEnvDir = *Undefined*
                   DisableLogTaskParameter_ConvertToAbsolutePath_Path = true
                   DisableLogTaskParameter_FindUnderPath_OutOfPath = true
                   DisableLogTaskParameter_RemoveDuplicates_Inputs = true
                   DisableLogTaskParameterItemMetadata_ConvertToAbsolutePath_AbsolutePaths = true
                   DisableLogTaskParameterItemMetadata_Copy_CopiedFiles = true
                   DisableLogTaskParameterItemMetadata_Copy_DestinationFiles = true
                   DisableLogTaskParameterItemMetadata_Copy_SourceFiles = true
                   DisableLogTaskParameterItemMetadata_FindUnderPath_Files = true
                   DisableLogTaskParameterItemMetadata_FindUnderPath_InPath = true
                   DisableLogTaskParameterItemMetadata_GenerateResource_FilesWritten = true
                   DisableLogTaskParameterItemMetadata_Hash_ItemsToHash = true
                   DisableLogTaskParameterItemMetadata_RemoveDuplicates_Filtered = true
                   DisableLogTaskParameterItemMetadata_WriteLinesToFile_Lines = true
                   DocumentationProjectOutputGroupDependenciesDependsOn = 
                         ;
                         
                         ;
                         BuildOnlySettings;
                         PrepareForBuild;
                         AssignTargetPaths;
                         ResolveReferences
                       
                       
                   DocumentationProjectOutputGroupDependsOn = ResolvedXDCMake;ComputeCLCompileGeneratedXDCFiles
                   DocumentLibraryDependencies = true
                   DotNetNativeLibraryVersion = 
                   DotNetSdk_IncludePath = C:\Program Files (x86)\Windows Kits\NETFXSDK\4.8.1\Include\um
                   DotNetSdk_LibraryPath = C:\Program Files (x86)\Windows Kits\NETFXSDK\4.8.1\lib\um
                   DotNetSdk_LibraryPath_arm = C:\Program Files (x86)\Windows Kits\NETFXSDK\4.8.1\lib\um\arm
                   DotNetSdk_LibraryPath_arm64 = C:\Program Files (x86)\Windows Kits\NETFXSDK\4.8.1\lib\um\arm64
                   DotNetSdk_LibraryPath_x64 = C:\Program Files (x86)\Windows Kits\NETFXSDK\4.8.1\lib\um\x64
                   DotNetSdk_LibraryPath_x86 = C:\Program Files (x86)\Windows Kits\NETFXSDK\4.8.1\lib\um\x86
                   DotNetSdkRoot = C:\Program Files (x86)\Windows Kits\NETFXSDK\4.8.1\
                   EmbeddedWin32Manifest = 
                   EmbedManifest = true
                   EnableAppxPackageTargetsForUwpClassLibraries = true
                   EnableASAN = false
                   EnableClangTidyCodeAnalysis = false
                   EnableExperimentalDiagnostics = false
                   EnableFuzzer = false
                   EnableManagedIncrementalBuild = false
                   EnableManagedPackageReferenceSupport = false
                   EnableMicrosoftCodeAnalysis = true
                   EnableUnitySupport = false
                   EnforceProcessCountAcrossBuilds = 
                   EspXtensions = ConcurrencyCheck.dll;VariantClear.dll;HResultCheck.dll;EnumIndex.dll;CppCoreCheck.dll;
                   ExcludePath = C:\Program Files\Microsoft Visual Studio\18\Community\VC\Tools\MSVC\14.51.36231\include;;C:\Program Files\Microsoft Visual Studio\18\Community\VC\Tools\MSVC\14.51.36231\atlmfc\include;;C:\Program Files\Microsoft Visual Studio\18\Community\VC\Auxiliary\VS\include;;C:\Program Files (x86)\Windows Kits\10\Include\10.0.26100.0\ucrt;;;C:\Program Files (x86)\Windows Kits\10\Include\10.0.26100.0\um;C:\Program Files (x86)\Windows Kits\10\Include\10.0.26100.0\shared;C:\Program Files (x86)\Windows Kits\10\Include\10.0.26100.0\winrt;C:\Program Files (x86)\Windows Kits\10\Include\10.0.26100.0\cppwinrt;C:\Program Files (x86)\Windows Kits\NETFXSDK\4.8.1\Include\um;C:\Program Files\Microsoft Visual Studio\18\Community\VC\Tools\MSVC\14.51.36231\bin\HostArm64\arm64\1033;C:\Program Files\Microsoft Visual Studio\18\Community\VC\Tools\MSVC\14.51.36231\bin\HostArm64\arm\1033;C:\Program Files\Microsoft Visual Studio\18\Community\VC\Tools\MSVC\14.51.36231\bin\HostArm64\x64\1033;C:\Program Files\Microsoft Visual Studio\18\Community\VC\Tools\MSVC\14.51.36231\bin\HostArm64\x86\1033;C:\Program Files\Microsoft Visual Studio\18\Community\VC\Tools\MSVC\14.51.36231\bin\HostX86\arm64\1033;C:\Program Files\Microsoft Visual Studio\18\Community\VC\Tools\MSVC\14.51.36231\bin\HostX86\x64\1033;C:\Program Files\Microsoft Visual Studio\18\Community\VC\Tools\MSVC\14.51.36231\bin\HostX86\x86\1033;C:\Program Files\Microsoft Visual Studio\18\Community\VC\Tools\MSVC\14.51.36231\bin\HostX64\arm64\1033;C:\Program Files\Microsoft Visual Studio\18\Community\VC\Tools\MSVC\14.51.36231\bin\HostX64\arm\1033;C:\Program Files\Microsoft Visual Studio\18\Community\VC\Tools\MSVC\14.51.36231\bin\HostX64\x64\1033;C:\Program Files\Microsoft Visual Studio\18\Community\VC\Tools\MSVC\14.51.36231\bin\HostX64\x86\1033;;;;;;;;;;;;;C:\Program Files (x86)\Windows Kits\10\bin\10.0.26100.0\x86;;C:\Program Files (x86)\Microsoft SDKs\Windows\v10.0A\bin\NETFX 4.8.1 Tools;C:\Program Files\Microsoft Visual Studio\18\Community\Common7\tools;C:\Program Files\Microsoft Visual Studio\18\Community\Common7\ide;C:\Program Files (x86)\HTML Help Workshop;;;C:\Program Files\Microsoft Visual Studio\18\Community\MSBuild\Current\Bin;C:\WINDOWS\Microsoft.NET\Framework\v4.0.30319\;C:\Program Files\Microsoft Visual Studio\18\Community\MSBuild\Current\Bin;C:\WINDOWS\Microsoft.NET\Framework\v4.0.30319\;C:\WINDOWS;C:\Program Files\Microsoft Visual Studio\18\Community\VC\Tools\MSVC\14.51.36231\bin\HostX86\x64;C:\Program Files\Microsoft Visual Studio\18\Community\VC\Tools\MSVC\14.51.36231\bin\HostX86\x86;C:\Program Files\Microsoft Visual Studio\18\Community\VC\Tools\MSVC\14.51.36231\lib\x64;;C:\Program Files\Microsoft Visual Studio\18\Community\VC\Tools\MSVC\14.51.36231\atlmfc\lib\x64;;C:\Program Files\Microsoft Visual Studio\18\Community\VC\Auxiliary\VS\lib\x64;;C:\Program Files (x86)\Windows Kits\10\lib\10.0.26100.0\ucrt\x64;;
                   ExecutablePath = C:\Program Files\Microsoft Visual Studio\18\Community\VC\Tools\MSVC\14.51.36231\bin\HostX86\x64;C:\Program Files\Microsoft Visual Studio\18\Community\VC\Tools\MSVC\14.51.36231\bin\HostX86\x86;C:\Program Files (x86)\Windows Kits\10\bin\10.0.26100.0\x86;;C:\Program Files (x86)\Microsoft SDKs\Windows\v10.0A\bin\NETFX 4.8.1 Tools;C:\Program Files\Microsoft Visual Studio\18\Community\Common7\tools;C:\Program Files\Microsoft Visual Studio\18\Community\Common7\ide;C:\Program Files (x86)\HTML Help Workshop;;C:\Program Files\Microsoft Visual Studio\18\Community\MSBuild\Current\Bin;C:\WINDOWS\Microsoft.NET\Framework\v4.0.30319\;;C:\Users\K024G\.codex\tmp\arg0\codex-arg0CJzPUt;C:\Users\K024G\.cache\codex-runtimes\codex-primary-runtime\dependencies\bin\override;C:\Program Files\Common Files\Oracle\Java\javapath;C:\Windows\system32;C:\Windows;C:\Windows\System32\Wbem;C:\Windows\System32\WindowsPowerShell\v1.0\;C:\Windows\System32\OpenSSH\;C:\Program Files (x86)\NVIDIA Corporation\PhysX\Common;C:\WINDOWS\system32;C:\WINDOWS;C:\WINDOWS\System32\Wbem;C:\WINDOWS\System32\WindowsPowerShell\v1.0\;C:\WINDOWS\System32\OpenSSH\;C:\Program Files\dotnet\;C:\Program Files (x86)\Windows Kits\10\Windows Performance Toolkit\;C:\Program Files\NVIDIA Corporation\NVIDIA App\NvDLISR;C:\Program Files\CMake\bin;C:\Users\K024G\AppData\Local\Programs\OpenAI\Codex\bin;C:\Users\K024G\.local\bin;C:\Users\K024G\AppData\Local\Microsoft\WindowsApps;C:\Users\K024G\AppData\Local\Programs\Microsoft VS Code\bin;C:\Users\K024G\AppData\Local\GitHubDesktop\bin;C:\Users\K024G\.dotnet\tools;C:\Users\K024G\AppData\Local\Programs\Antigravity\bin;C:\Users\K024G\.dotnet\tools;C:\Users\K024G\.cache\codex-runtimes\codex-primary-runtime\dependencies\bin\fallback;C:\Users\K024G\.cache\codex-runtimes\codex-primary-runtime\dependencies\native\git\cmd;C:\Users\K024G\AppData\Local\OpenAI\Codex\bin\3e42d49ad3e35a50;C:\Program Files\WindowsApps\OpenAI.Codex_26.721.4979.0_x64__2p2nqsd0c76g0\app\resources;
                   ExpandSDKAllowedReferenceExtensions = 
                         .winmd;
                         .dll
                       
                   ExpandSDKReferencesDependsOn = 
                         ResolveSDKReferences
                       
                   ExtensionsToDeleteOnClean = *.cdf;*.cache;*.obj;*.obj.enc;*.ilk;*.ipdb;*.iobj;*.resources;*.tlb;*.tli;*.tlh;*.tmp;*.rsp;*.pgc;*.pgd;*.meta;*.tlog;*.manifest;*.res;*.pch;*.exp;*.idb;*.rep;*.xdc;*.pdb;*_manifest.rc;*.bsc;*.sbr;*.xml;*.metagen;*.bi;C:\CG\CG2_00_01\submission_ready_20260730_165019\LE3C_26_ヨシノ_ゲント\02_プロジェクト\CG2_00_01-CG4_-2\generated\outputs\Debug\imgui.lib.manifest;C:\CG\CG2_00_01\submission_ready_20260730_165019\LE3C_26_ヨシノ_ゲント\02_プロジェクト\CG2_00_01-CG4_-2\project\..\generated\outputs\Debug\imgui.tlb;C:\CG\CG2_00_01\submission_ready_20260730_165019\LE3C_26_ヨシノ_ゲント\02_プロジェクト\CG2_00_01-CG4_-2\project\..\generated\outputs\Debug\imgui.pdb;C:\CG\CG2_00_01\submission_ready_20260730_165019\LE3C_26_ヨシノ_ゲント\02_プロジェクト\CG2_00_01-CG4_-2\generated\outputs\Debug\imgui.lib;C:\CG\CG2_00_01\submission_ready_20260730_165019\LE3C_26_ヨシノ_ゲント\02_プロジェクト\CG2_00_01-CG4_-2\project\..\generated\outputs\Debug\imgui.bsc;C:\CG\CG2_00_01\submission_ready_20260730_165019\LE3C_26_ヨシノ_ゲント\02_プロジェクト\CG2_00_01-CG4_-2\project\..\generated\outputs\Debug\imgui.ilk;C:\CG\CG2_00_01\submission_ready_20260730_165019\LE3C_26_ヨシノ_ゲント\02_プロジェクト\CG2_00_01-CG4_-2\generated\outputs\Debug\imgui.lib.intermediate.manifest;C:\CG\CG2_00_01\submission_ready_20260730_165019\LE3C_26_ヨシノ_ゲント\02_プロジェクト\CG2_00_01-CG4_-2\project\..\generated\obj\imgui\Debug\imgui.vcxproj.FileListAbsolute.txt
                   ExternalIncludePath = C:\Program Files\Microsoft Visual Studio\18\Community\VC\Tools\MSVC\14.51.36231\include;;C:\Program Files\Microsoft Visual Studio\18\Community\VC\Tools\MSVC\14.51.36231\atlmfc\include;;C:\Program Files\Microsoft Visual Studio\18\Community\VC\Auxiliary\VS\include;;C:\Program Files (x86)\Windows Kits\10\Include\10.0.26100.0\ucrt;;;C:\Program Files (x86)\Windows Kits\10\Include\10.0.26100.0\um;C:\Program Files (x86)\Windows Kits\10\Include\10.0.26100.0\shared;C:\Program Files (x86)\Windows Kits\10\Include\10.0.26100.0\winrt;C:\Program Files (x86)\Windows Kits\10\Include\10.0.26100.0\cppwinrt;C:\Program Files (x86)\Windows Kits\NETFXSDK\4.8.1\Include\um;
                   FindInvalidProjectReferencesDependsOn = 
                         GetReferenceTargetPlatformMonikers
                       
                   Framework20Dir = @(_TargetFramework20DirectoryItem)
                   Framework30Dir = @(_TargetFramework30DirectoryItem)
                   Framework35Dir = @(_TargetFramework35DirectoryItem)
                   Framework40Dir = @(_TargetFramework40DirectoryItem)
                   FrameworkDir = C:\Windows\Microsoft.NET\Framework\
                   FrameworkDir_110 = C:\Windows\Microsoft.NET\Framework\
                   FrameworkRegistryBase = Software\Microsoft\
                   FrameworkSdkDir = C:\Program Files (x86)\Windows Kits\10\
                   FrameworkSDKRoot = C:\Program Files (x86)\Microsoft SDKs\Windows\v10.0A\
                   FrameworkVersion = v4.7.2
                   FullReferenceAssemblyNames = Full
                   FxCompileAfterTargets = CustomBuild
                   FxCompileBeforeTargets = Midl
                   GenerateDesktopDeployRecipeFile = true
                   GenerateFullPaths = true
                   GenerateManifest = true
                   GenerateManifestsDependsOn = 
                         SetWin32ManifestProperties;
                         GenerateApplicationManifest;
                         GenerateDeploymentManifest
                       
                   GenerateTargetFrameworkAttribute = false
                   GetClCommandLineForReferenceDependsOn = 
                         GetPublicIncludeDirectories;
                         ;
                       
                   GetClCommandLineForReferenceSupported = true
                   GetCopyToOutputDirectoryItemsDependsOn = 
                         ;
                         AssignTargetPaths;
                         
                         AssignProjectConfiguration;
                         _SplitProjectReferencesByFileExistence
                       ;
                         _GetProjectReferenceTargetFrameworkProperties;
                         _PopulateCommonStateForGetCopyToOutputDirectoryItems
                       
                   GetFrameworkPathsDependsOn = 
                   GetProjectInfoForReferenceDependsOn = 
                         
                         ;
                         AddPublicIncludeDirectoriesToProjectsInfoForReference;
                       ;
                         AddPublicBMIsToProjectsInfoForReference;
                         AddDeployRecipeFileToProjectsInfoForReference;
                         AddLibrariesToProjectsInfoForReference;
                       
                   GetReferenceAssemblyPathsDependsOn = _PrepareForReferenceResolution;
                   GetReferenceNearestTargetFrameworkTaskSupportsTargetFrameworkPropertyParameter = true
                   GetReferenceNearestTargetFrameworkTaskSupportsTargetPlatformParameter = true
                   GetTargetPathDependsOn = _PrepareForReferenceResolution;GetResolvedWinMD;
                   GetTargetPathWithTargetPlatformMonikerDependsOn = 
                   GPURefDebuggerBreakOnAllThreads = GPURefBreakOncePerWarp
                   HideWarningsAndErrors = false
                   IgnoreImportLibrary = false
                   ImportByWildcardAfterMicrosoftCommonProps = true
                   ImportByWildcardAfterMicrosoftCommonTargets = true
                   ImportByWildcardBeforeMicrosoftCommonProps = true
                   ImportByWildcardBeforeMicrosoftCommonTargets = true
                   ImportDirectoryBuildProps = true
                   ImportDirectoryBuildTargets = true
                   ImportDirectoryPackagesProps = true
                   ImportProjectExtensionProps = true
                   ImportProjectExtensionTargets = true
                   ImportUserLocationsByWildcardAfterMicrosoftCommonProps = true
                   ImportUserLocationsByWildcardAfterMicrosoftCommonTargets = true
                   ImportUserLocationsByWildcardBeforeMicrosoftCommonProps = true
                   ImportUserLocationsByWildcardBeforeMicrosoftCommonTargets = true
                   ImportXamlTargets = true
                   IncludeFrameworkReferencesFromNuGet = true
                   IncludePath = C:\Program Files\Microsoft Visual Studio\18\Community\VC\Tools\MSVC\14.51.36231\include;;C:\Program Files\Microsoft Visual Studio\18\Community\VC\Tools\MSVC\14.51.36231\atlmfc\include;;C:\Program Files\Microsoft Visual Studio\18\Community\VC\Auxiliary\VS\include;;C:\Program Files (x86)\Windows Kits\10\Include\10.0.26100.0\ucrt;;;C:\Program Files (x86)\Windows Kits\10\Include\10.0.26100.0\um;C:\Program Files (x86)\Windows Kits\10\Include\10.0.26100.0\shared;C:\Program Files (x86)\Windows Kits\10\Include\10.0.26100.0\winrt;C:\Program Files (x86)\Windows Kits\10\Include\10.0.26100.0\cppwinrt;C:\Program Files (x86)\Windows Kits\NETFXSDK\4.8.1\Include\um;
                   IncludeVersionInInteropName = true
                   IntDir = C:\CG\CG2_00_01\submission_ready_20260730_165019\LE3C_26_ヨシノ_ゲント\02_プロジェクト\CG2_00_01-CG4_-2\project\..\generated\obj\imgui\Debug\
                   IntDirFullPath = C:\CG\CG2_00_01\submission_ready_20260730_165019\LE3C_26_ヨシノ_ゲント\02_プロジェクト\CG2_00_01-CG4_-2\generated\obj\imgui\Debug\
                   IntermediateOutputPath = C:\CG\CG2_00_01\submission_ready_20260730_165019\LE3C_26_ヨシノ_ゲント\02_プロジェクト\CG2_00_01-CG4_-2\project\..\generated\obj\imgui\Debug\
                   InteropOutputPath = Interop\
                   iOSTargetsPath = C:\Program Files\Microsoft Visual Studio\18\Community\MSBuild\Microsoft\MDD\iOS\V150\
                   IsRestoreTargetsFileLoaded = true
                   JsonSchemaCombinedFilePath = C:\CG\CG2_00_01\submission_ready_20260730_165019\LE3C_26_ヨシノ_ゲント\02_プロジェクト\CG2_00_01-CG4_-2\generated\obj\imgui\Debug\CombinedComponentSchema.json
                   Keyword = Win32Proj
                   KIT_SHARED_IncludePath = C:\Program Files (x86)\Windows Kits\10\Include\10.0.26100.0\shared
                   LangID = 1033
                   Language = C++
                   LastBuildState = C:\CG\CG2_00_01\submission_ready_20260730_165019\LE3C_26_ヨシノ_ゲント\02_プロジェクト\CG2_00_01-CG4_-2\project\..\generated\obj\imgui\Debug\imgui.tlog\imgui.lastbuildstate
                   LastBuildUnsuccessful = C:\CG\CG2_00_01\submission_ready_20260730_165019\LE3C_26_ヨシノ_ゲント\02_プロジェクト\CG2_00_01-CG4_-2\project\..\generated\obj\imgui\Debug\imgui.tlog\unsuccessfulbuild
                   LegacyPlatformToolset = v100
                   LibCompiled = true
                   LibrariesArchitecture = x64
                   LibraryPath = C:\Program Files\Microsoft Visual Studio\18\Community\VC\Tools\MSVC\14.51.36231\lib\x64;;C:\Program Files\Microsoft Visual Studio\18\Community\VC\Tools\MSVC\14.51.36231\atlmfc\lib\x64;;C:\Program Files\Microsoft Visual Studio\18\Community\VC\Auxiliary\VS\lib\x64;;C:\Program Files (x86)\Windows Kits\10\lib\10.0.26100.0\ucrt\x64;;;C:\Program Files (x86)\Windows Kits\10\lib\10.0.26100.0\um\x64;C:\Program Files (x86)\Windows Kits\NETFXSDK\4.8.1\lib\um\x64;
                   LibraryWPath = C:\Program Files (x86)\Windows Kits\10\References;
                   LinkIncremental = true
                   LlvmPlatformName = x86_64
                   LLVMToolsVersion = 22.1.3
                   LoadTimeSensitiveProperties = 
                         ;
                       
                   LoadTimeSensitiveTargets = 
                         ;
                         XamlMarkupCompilePass1;
                       
                   LocalDebuggerAttach = False
                   LocalDebuggerCommand = C:\CG\CG2_00_01\submission_ready_20260730_165019\LE3C_26_ヨシノ_ゲント\02_プロジェクト\CG2_00_01-CG4_-2\generated\outputs\Debug\imgui.lib
                   LocalDebuggerDebuggerType = Auto
                   LocalDebuggerMergeEnvironment = true
                   LocalDebuggerSQLDebugging = False
                   LocalDebuggerWorkingDirectory = C:\CG\CG2_00_01\submission_ready_20260730_165019\LE3C_26_ヨシノ_ゲント\02_プロジェクト\CG2_00_01-CG4_-2\project\externals\imgui\
                   LocalGPUDebuggerTargetType = {F4453496-1DB8-47F8-A7D5-31EBDDC2EC96}
                   ManagedAssembly = false
                   ManagedIncrementalBuildProcessDependencyGraphAfterTarget = 
                         ClCompile
                       
                   ManagedIncrementalBuildProcessDependencyGraphBeforeTarget = 
                         ClCompile
                       
                   MaxNumberOfProcesses = 1
                   MaxTargetPath = 100
                   MetagenInputTarget = Link
                   MetaGenTargets = C:\Program Files\Microsoft Visual Studio\18\Community\MSBuild\Microsoft\VC\v180\\Microsoft.MetaGen.targets
                   MFC_KeyFile = C:\Program Files\Microsoft Visual Studio\18\Community\VC\Tools\MSVC\14.51.36231\atlmfc\lib\x64\mfcs140.lib
                   MicrosoftCommonPropsHasBeenImported = true
                   MicrosoftNETBuildExtensionsTargets = C:\Program Files\Microsoft Visual Studio\18\Community\MSBuild\Microsoft\Microsoft.NET.Build.Extensions\Microsoft.NET.Build.Extensions.targets
                   MicrosoftNETBuildExtensionsTasksAssembly = C:\Program Files\Microsoft Visual Studio\18\Community\MSBuild\Microsoft\Microsoft.NET.Build.Extensions\\tools\net472\Microsoft.NET.Build.Extensions.Tasks.dll
                   MicrosoftNETSdkAfterCommonTargets = Sdk.AfterCommon.targets 
                   MicrosoftNETSdkBeforeCommonTargets = Sdk.BeforeCommon.targets
                   MidlYieldDuringToolExecution = true
                   MsAppxPackageTargets = C:\Program Files\Microsoft Visual Studio\18\Community\MSBuild\Microsoft\VisualStudio\v18.0\AppxPackage\Microsoft.AppXPackage.Targets
                   MSBuild_ExecutablePath = C:\Program Files\Microsoft Visual Studio\18\Community\MSBuild\Current\Bin;C:\WINDOWS\Microsoft.NET\Framework\v4.0.30319\
                   MSBuildAllProjects = C:\CG\CG2_00_01\submission_ready_20260730_165019\LE3C_26_ヨシノ_ゲント\02_プロジェクト\CG2_00_01-CG4_-2\project\externals\imgui\imgui.vcxproj;;C:\Program Files\Microsoft Visual Studio\18\Community\MSBuild\Current\Bin\Microsoft.Xaml.targets;C:\Program Files\Microsoft Visual Studio\18\Community\MSBuild\Microsoft\NuGet\18.0\Microsoft.NuGet.targets
                   MSBuildAssemblyVersion = 18.0
                   MSBuildBinPath = C:\Program Files\Microsoft Visual Studio\18\Community\MSBuild\Current\Bin
                   MSBuildCopyContentTransitively = true
                   MSBuildCopyMarkerName = imgui.vcxproj.Up2Date
                   MSBuildDisableFeaturesFromVersion = 999.999
                   MSBuildExtensionsPath = C:\Program Files\Microsoft Visual Studio\18\Community\MSBuild
                   MSBuildExtensionsPath32 = C:\Program Files\Microsoft Visual Studio\18\Community\MSBuild
                   MSBuildExtensionsPath64 = C:\Program Files\MSBuild
                   MSBuildFileVersion = 18.8.2.30814
                   MSBuildFrameworkToolsPath = C:\WINDOWS\Microsoft.NET\Framework\v4.0.30319\
                   MSBuildFrameworkToolsPath32 = C:\WINDOWS\Microsoft.NET\Framework\v4.0.30319\
                   MSBuildFrameworkToolsPath64 = C:\WINDOWS\Microsoft.NET\Framework64\v4.0.30319\
                   MSBuildFrameworkToolsPathArm64 = C:\WINDOWS\Microsoft.NET\FrameworkArm64\v4.0.30319\
                   MSBuildFrameworkToolsRoot = C:\WINDOWS\Microsoft.NET\Framework\
                   MSBuildLoadMicrosoftTargetsReadOnly = true
                   MSBuildNodeCount = 16
                   MSBuildProgramFiles32 = C:\Program Files (x86)
                   MSBuildProjectDefaultTargets = Build
                   MSBuildProjectDirectory = C:\CG\CG2_00_01\submission_ready_20260730_165019\LE3C_26_ヨシノ_ゲント\02_プロジェクト\CG2_00_01-CG4_-2\project\externals\imgui
                   MSBuildProjectDirectoryNoRoot = CG\CG2_00_01\submission_ready_20260730_165019\LE3C_26_ヨシノ_ゲント\02_プロジェクト\CG2_00_01-CG4_-2\project\externals\imgui
                   MSBuildProjectExtension = .vcxproj
                   MSBuildProjectExtensionsPath = C:\CG\CG2_00_01\submission_ready_20260730_165019\LE3C_26_ヨシノ_ゲント\02_プロジェクト\CG2_00_01-CG4_-2\project\externals\imgui\obj\
                   MSBuildProjectFile = imgui.vcxproj
                   MSBuildProjectFullPath = C:\CG\CG2_00_01\submission_ready_20260730_165019\LE3C_26_ヨシノ_ゲント\02_プロジェクト\CG2_00_01-CG4_-2\project\externals\imgui\imgui.vcxproj
                   MSBuildProjectName = imgui
                   MSBuildRuntimeType = Full
                   MSBuildRuntimeVersion = 4.0.30319
                   MSBuildSDKsPath = C:\Program Files\Microsoft Visual Studio\18\Community\MSBuild\Sdks
                   MSBuildSemanticVersion = 18.8.2+ce25c0108
                   MSBuildStartupDirectory = C:\CG\CG2_00_01\submission_ready_20260730_165019\LE3C_26_ヨシノ_ゲント\02_プロジェクト\CG2_00_01-CG4_-2\project
                   MSBuildToolsPath = C:\Program Files\Microsoft Visual Studio\18\Community\MSBuild\Current\Bin
                   MSBuildToolsPath32 = C:\Program Files\Microsoft Visual Studio\18\Community\MSBuild\Current\Bin
                   MSBuildToolsPath64 = C:\Program Files\Microsoft Visual Studio\18\Community\MSBuild\Current\Bin\amd64
                   MSBuildToolsRoot = C:\Program Files\Microsoft Visual Studio\18\Community\MSBuild
                   MSBuildToolsVersion = Current
                   MSBuildUserExtensionsPath = C:\Users\K024G\AppData\Local\Microsoft\MSBuild
                   MSBuildUseVisualStudioDirectoryLayout = True
                   MSBuildVersion = 18.8.2
                   MSBuildWarningsAsErrors = 
                   MSBuildWarningsAsMessages = ;
                   MSBuildWarningsNotAsErrors = 
                   MsTestToolsTargets = C:\Program Files\Microsoft Visual Studio\18\Community\MSBuild\Microsoft\VisualStudio\v18.0\TeamTest\Microsoft.TeamTest.targets
                   MSVC_STL_MODULES_JSON = C:\Program Files\Microsoft Visual Studio\18\Community\VC\Tools\MSVC\14.51.36231\modules\modules.json
                   MsvcAnalysisPluginPath = C:\Program Files\Microsoft Visual Studio\18\Community\VC\Tools\MSVC\14.51.36231\bin\HostX86\x64
                   MsvcAnalysisToolsPath = C:\Program Files\Microsoft Visual Studio\18\Community\VC\Tools\MSVC\14.51.36231\bin\HostX86\x64
                   MSVCPreviewEnabled = false
                   MultiProcCL = false
                   MultiProcFXC = false
                   MultiProcMaxCount = 0
                   MultiProcMIDL = false
                   MultiToolTask = false
                   NetfxCoreRuntimeSettingsTargets = C:\Program Files (x86)\MSBuild\15.0\.Net\CoreRuntime\Microsoft.Net.CoreRuntime.Settings.targets
                   NetfxCoreRuntimeTargets = C:\Program Files (x86)\MSBuild\15.0\.Net\CoreRuntime\Microsoft.Net.CoreRuntime.targets
                   NETFXKitsDir = C:\Program Files (x86)\Windows Kits\NETFXSDK\4.8.1\
                   NETFXSDK_UseAnyInstalledVersion = true
                   NETFXSDK_Version = 4.8.1
                   NETFXSDKDir = C:\Program Files (x86)\Microsoft SDKs\Windows\v10.0A\
                   NuGetAudit = true
                   NuGetAuditLevel = low
                   NuGetAuditMode = direct
                   NuGetInteractive = 
                   NuGetProps = C:\Program Files\Microsoft Visual Studio\18\Community\MSBuild\Microsoft\NuGet\18.0\Microsoft.NuGet.props
                   NuGetPropsFile = C:\Program Files\Microsoft Visual Studio\18\Community\MSBuild\Current\Bin\..\..\..\Common7\IDE\CommonExtensions\Microsoft\NuGet\NuGet.props
                   NuGetRestoreTargets = C:\Program Files\Microsoft Visual Studio\18\Community\MSBuild\Current\Bin\..\..\..\Common7\IDE\CommonExtensions\Microsoft\NuGet\NuGet.targets
                   NuGetRuntimeIdentifier = win-x64
                   NuGetTargetFrameworkMonikerToInject = .NETCore,Version=v5.0
                   NuGetTargetMoniker = 
                   NuGetTargetMonikerToInject = .NETCore,Version=v5.0
                   NuGetTargets = C:\Program Files\Microsoft Visual Studio\18\Community\MSBuild\Microsoft\NuGet\18.0\Microsoft.NuGet.targets
                   OnlyReferenceAndBuildProjectsEnabledInSolutionConfiguration = true
                   OutDir = C:\CG\CG2_00_01\submission_ready_20260730_165019\LE3C_26_ヨシノ_ゲント\02_プロジェクト\CG2_00_01-CG4_-2\project\..\generated\outputs\Debug\
                   OutDirFullPath = C:\CG\CG2_00_01\submission_ready_20260730_165019\LE3C_26_ヨシノ_ゲント\02_プロジェクト\CG2_00_01-CG4_-2\generated\outputs\Debug\
                   OutDirWasSpecified = false
                   OutputPath = C:\CG\CG2_00_01\submission_ready_20260730_165019\LE3C_26_ヨシノ_ゲント\02_プロジェクト\CG2_00_01-CG4_-2\project\..\generated\outputs\Debug\
                   OutputType = staticlibrary
                   OverwriteReadOnlyFiles = false
                   PackageDownloadSupported = true
                   Platform = x64
                   Platform_Actual = x64
                   PlatformArchitecture = 64
                   PlatformName = x64
                   PlatformPropsFound = true
                   PlatformShortName = x64
                   PlatformTarget = x64
                   PlatformTargetAsMSBuildArchitecture = x64
                   PlatformTargetAsMSBuildArchitectureExplicitlySet = false
                   PlatformTargetsFound = true
                   PlatformToolset = v145
                   PlatformToolsetVersion = 145
                   PostBuildEventDependsOn = 
                   PostBuildEventUseInBuild = true
                   PreBuildEventDependsOn = 
                   PreBuildEventUseInBuild = true
                   PreferredToolArchitecture = x86
                   PreLinkEventUseInBuild = true
                   PrepareForBuildDependsOn = _CheckWindowsSDKInstalled;;GetFrameworkPaths;GetReferenceAssemblyPaths;AssignLinkMetadata;SetCABuildNativeEnvironmentVariables
                   PrepareForRunDependsOn = 
                         CopyFilesToOutputDirectory
                       
                   PrepareProjectReferencesDependsOn = 
                         AssignProjectConfiguration;
                         _SplitProjectReferencesByFileExistence;
                         _GetProjectReferenceTargetFrameworkProperties;
                         _GetProjectReferencePlatformProperties
                       
                   PrepareResourceNamesDependsOn = 
                         AssignTargetPaths;
                         SplitResourcesByCulture;
                         CreateManifestResourceNames;
                         CreateCustomManifestResourceNames
                       
                   PrepareResourcesDependsOn = ResolveNuGetPackageAssets;
                         XamlMarkupCompilePass1;
                         XamlMarkupCompilePass2;
                         
                         ;
                         PrepareResourceNames;
                         ResGen;
                         CompileLicxFiles
                        
                       
                   ProcessorArchitecture = amd64
                   ProduceReferenceAssembly = false
                   ProjectDesignTimeAssemblyResolutionSearchPaths = 
                         {CandidateAssemblyFiles};
                         C:\Program Files\Microsoft Visual Studio\18\Community\VC\Tools\MSVC\14.51.36231\atlmfc\lib\x64;;C:\Program Files\Microsoft Visual Studio\18\Community\VC\Tools\MSVC\14.51.36231\lib\x64;;
                         {HintPathFromItem};
                         {TargetFrameworkDirectory};
                         {Registry:Software\Microsoft\,,AssemblyFoldersEx};
                         {RawFileName};
                         C:\CG\CG2_00_01\submission_ready_20260730_165019\LE3C_26_ヨシノ_ゲント\02_プロジェクト\CG2_00_01-CG4_-2\generated\outputs\Debug\
                       
                   ProjectDir = C:\CG\CG2_00_01\submission_ready_20260730_165019\LE3C_26_ヨシノ_ゲント\02_プロジェクト\CG2_00_01-CG4_-2\project\externals\imgui\
                   ProjectEvaluationFingerprint = Debug|x64|C:\CG\CG2_00_01\submission_ready_20260730_165019\LE3C_26_ヨシノ_ゲント\02_プロジェクト\CG2_00_01-CG4_-2\project\|
                   ProjectExt = .vcxproj
                   ProjectFileName = imgui.vcxproj
                   ProjectFlavor = Client
                   ProjectGuid = {fc6138e7-6881-42e8-a87a-e456388a5a3e}
                   ProjectLockFile = obj\project.assets.json
                   ProjectName = imgui
                   ProjectNSettingsTargets = C:\Program Files (x86)\MSBuild\15.0\.Net\.NetNative\15.0.24211\Microsoft.NetNative.Settings.targets
                   ProjectNTargets = C:\Program Files (x86)\MSBuild\15.0\.Net\.NetNative\15.0.24211\Microsoft.NetNative.targets
                   ProjectPath = C:\CG\CG2_00_01\submission_ready_20260730_165019\LE3C_26_ヨシノ_ゲント\02_プロジェクト\CG2_00_01-CG4_-2\project\externals\imgui\imgui.vcxproj
                   PublishableProject = 
                   PublishBuildDependsOn = 
                         BuildOnlySettings;
                         PrepareForBuild;
                         ResolveReferences;
                         PrepareResources;
                         ResolveKeySource;
                         GenerateSerializationAssemblies;
                         CreateSatelliteAssemblies;
                       
                   PublishDependsOn = 
                         _DeploymentUnpublishable
                       
                   PublishDir = C:\CG\CG2_00_01\submission_ready_20260730_165019\LE3C_26_ヨシノ_ゲント\02_プロジェクト\CG2_00_01-CG4_-2\project\..\generated\outputs\Debug\app.publish\
                   PublishOnlyDependsOn = 
                         SetGenerateManifests;
                         PublishBuild;
                         BeforePublish;
                         GenerateManifests;
                         CopyFilesToOutputDirectory;
                         _CopyFilesToPublishFolder;
                         _DeploymentGenerateBootstrapper;
                         ResolveKeySource;
                         _DeploymentSignClickOnceDeployment;
                         AfterPublish
                       
                   RebuildDependsOn = SetTelemetryEnvironmentVariables;
                         _PrepareForRebuild;
                         
                         BeforeRebuild;
                         Clean;
                         Build;
                         AfterRebuild;
                       ;
                       
                   ReferenceCopyLocalPathsOutputGroupDependsOn = 
                         ;
                         
                         ;
                         BuildOnlySettings;
                         PrepareForBuild;
                         AssignTargetPaths;
                         ResolveReferences
                       
                       
                   ReferencePath = C:\Program Files\Microsoft Visual Studio\18\Community\VC\Tools\MSVC\14.51.36231\atlmfc\lib\x64;;C:\Program Files\Microsoft Visual Studio\18\Community\VC\Tools\MSVC\14.51.36231\lib\x64;
                   RemoteDebuggerAttach = False
                   RemoteDebuggerConnection = RemoteWithAuthentication
                   RemoteDebuggerDebuggerType = Auto
                   RemoteDebuggerDeployCppRuntime = false
                   RemoteDebuggerDeployDebugCppRuntime = true
                   RemoteDebuggerServerName = MSI
                   RemoteDebuggerSQLDebugging = False
                   RemoteDebuggerWorkingDirectory = C:\CG\CG2_00_01\submission_ready_20260730_165019\LE3C_26_ヨシノ_ゲント\02_プロジェクト\CG2_00_01-CG4_-2\project\externals\imgui\
                   RemoteGPUDebuggerTargetType = {F4453496-1DB8-47F8-A7D5-31EBDDC2EC96}
                   ReportingServicesTargets = C:\Program Files\Microsoft Visual Studio\18\Community\MSBuild\Microsoft\VisualStudio\v18.0\ReportingServices\Microsoft.ReportingServices.targets
                   ResGenDependsOn = ResolveAssemblyReferences;SplitResourcesByCulture;BeforeResGen;CoreResGen;AfterResGen
                   ResGenExecuteAsTool = false
                   ResolveAssemblyReferencesDependsOn = _PrepareForReferenceResolution;
                         ResolveProjectReferences;
                         FindInvalidProjectReferences;
                         GetFrameworkPaths;
                         GetReferenceAssemblyPaths;
                         PrepareForBuild;
                         ResolveSDKReferences;
                         ExpandSDKReferences;
                       ;ResolveNuGetPackageAssets
                   ResolveNuGetPackageAssetsDependsOn = ResolveProjectReferences
                   ResolveNuGetPackages = true
                   ResolveReferencesDependsOn = _PrepareForReferenceResolution;ComputeCrtSDKReference;
                         
                         BeforeResolveReferences;
                         AssignProjectConfiguration;
                         ResolveProjectReferences;
                         FindInvalidProjectReferences;
                         ResolveNativeReferences;
                         ResolveAssemblyReferences;
                         GenerateBindingRedirects;
                         GenerateBindingRedirectsUpdateAppConfig;
                         ResolveComReferences;
                         AfterResolveReferences
                       ;
                         ResolveTestReferences
                       
                   ResolveSDKReferencesDependsOn = _PrepareForReferenceResolution;ComputeCrtSDKReference;
                         GetInstalledSDKLocations
                       
                   RestoreBuildInParallel = true
                   RestoreContinueOnError = WarnAndContinue
                   RestoreEnablePackagePruning = false
                   RestorePackagePruningDefault = false
                   RestoreRecursive = true
                   RestoreTaskAssemblyFile = NuGet.Build.Tasks.dll
                   RestoreUseSkipNonexistentTargets = true
                   RetargetAlwaysSupported = true
                   RootNamespace = imgui
                   RoslynTargetsPath = C:\Program Files\Microsoft Visual Studio\18\Community\MSBuild\Current\Bin\Roslyn
                   RunAnalyzersDuringBuild = 
                   RunAnalyzersDuringLiveAnalysis = 
                   RunClangCppAnalysis = false
                   RunCodeAnalysis = false
                   RunCodeAnalysisInputs = C:\CG\CG2_00_01\submission_ready_20260730_165019\LE3C_26_ヨシノ_ゲント\02_プロジェクト\CG2_00_01-CG4_-2\project\..\generated\outputs\Debug\imgui.lib
                   RunCppAnalysis = false
                   RunDependsOn = 
                   RunMsvcAnalysis = false
                   RuntimeIdentifiers = win;win-x86;win-x64;win-arm64
                   SatelliteDllsProjectOutputGroupDependenciesDependsOn = 
                         ;
                         
                         ;
                         BuildOnlySettings;
                         PrepareForBuild;
                         AssignTargetPaths;
                         ResolveReferences
                       
                       
                   SatelliteDllsProjectOutputGroupDependsOn = ;PrepareForBuild;PrepareResourceNames
                   SchemaGenIncrementalBuildInputs = @(JsonSchemaSegment);
                   SDK_ExecutablePath_x64 = C:\Program Files (x86)\Windows Kits\10\bin\10.0.26100.0\x64;;C:\Program Files (x86)\Microsoft SDKs\Windows\v10.0A\bin\NETFX 4.8.1 Tools\x64
                   SDK_ExecutablePath_x86 = C:\Program Files (x86)\Windows Kits\10\bin\10.0.26100.0\x86;;C:\Program Files (x86)\Microsoft SDKs\Windows\v10.0A\bin\NETFX 4.8.1 Tools
                   SDK35ToolsPath = 
                   SDK40ToolsPath = C:\Program Files (x86)\Microsoft SDKs\Windows\v10.0A\bin\NETFX 4.8.1 Tools\
                   SDKDisplayName = Windows 10
                   SDKExtensionDirectoryRoot = C:\Program Files (x86)\Microsoft SDKs\Windows Kits\10;C:\Program Files (x86)\Windows Kits\10\
                   SDKIdentifier = Windows
                   SDKRedistOutputGroupDependsOn = ResolveSDKReferences;ExpandSDKReferences
                   SDKReferenceDirectoryRoot = C:\Users\K024G\AppData\Local\Microsoft SDKs;C:\Program Files (x86)\Microsoft SDKs
                   SDKReferenceRegistryRoot = Software\Microsoft\Microsoft SDKs
                   SDKVersion = 10.0
                   SetBuildDefaultEnvironmentVariablesDependsOn = 
                         AddExternalIncludDirectoriesToPaths;
                         
                       
                   SGenFilesOutputGroupDependenciesDependsOn = 
                         ;
                         
                         ;
                         BuildOnlySettings;
                         PrepareForBuild;
                         AssignTargetPaths;
                         ResolveReferences
                       
                       
                   SGenFilesOutputGroupDependsOn = 
                   SGenShouldGenerateSerializer = true
                   SGenUseKeep = false
                   SGenUseProxyTypes = true
                   ShortProjectName = imgui
                   ShouldMarkCertainSDKReferencesAsRuntimeOnly = true
                   SkipCopyBuildProduct = true
                   SkipCopyUnchangedFiles = true
                   SolutionDir = C:\CG\CG2_00_01\submission_ready_20260730_165019\LE3C_26_ヨシノ_ゲント\02_プロジェクト\CG2_00_01-CG4_-2\project\
                   SolutionExt = .sln
                   SolutionFileName = CG2_00_01.sln
                   SolutionName = CG2_00_01
                   SolutionPath = C:\CG\CG2_00_01\submission_ready_20260730_165019\LE3C_26_ヨシノ_ゲント\02_プロジェクト\CG2_00_01-CG4_-2\project\CG2_00_01.sln
                   SourceControlInformationFeatureSupported = true
                   SourceFilesProjectOutputGroupDependsOn = PrepareForBuild;AssignTargetPaths
                   SourcePath = C:\Program Files\Microsoft Visual Studio\18\Community\VC\Tools\MSVC\14.51.36231\atlmfc\src\mfc;C:\Program Files\Microsoft Visual Studio\18\Community\VC\Tools\MSVC\14.51.36231\atlmfc\src\mfcm;C:\Program Files\Microsoft Visual Studio\18\Community\VC\Tools\MSVC\14.51.36231\atlmfc\src\atl;;C:\Program Files\Microsoft Visual Studio\18\Community\VC\Tools\MSVC\14.51.36231\crt\src;;C:\Program Files\Microsoft Visual Studio\18\Community\VC\Auxiliary\VS\src;;C:\Program Files (x86)\Windows Kits\10\Source\10.0.26100.0\ucrt;;;
                   SpectreMitigation = false
                   SQLDebugging = false
                   StaticLibraryResolveLinkLib = 
                         PrepareForBuild;
                         ResolveReferences;
                       ;ResolvedLinkLib
                   SuppressLegacyCodeAnalysisDeprecatedWarning = false
                   TargetCulture = *
                   TargetDeployManifestFileName = imgui.application
                   TargetDir = C:\CG\CG2_00_01\submission_ready_20260730_165019\LE3C_26_ヨシノ_ゲント\02_プロジェクト\CG2_00_01-CG4_-2\generated\outputs\Debug\
                   TargetedFrameworkDir = @(_TargetedFrameworkDirectoryItem)
                   TargetedSDKArchitecture = amd64
                   TargetedSDKConfiguration = Debug
                   TargetExt = .lib
                   TargetFileName = imgui.lib
                   TargetFrameworkAsMSBuildRuntime = CurrentRuntime
                   TargetName = imgui
                   TargetPath = C:\CG\CG2_00_01\submission_ready_20260730_165019\LE3C_26_ヨシノ_ゲント\02_プロジェクト\CG2_00_01-CG4_-2\generated\outputs\Debug\imgui.lib
                   TargetPlatformDisplayName = Windows 10.0.26100.0
                   TargetPlatformIdentifier = Windows
                   TargetPlatformMinVersion = 
                   TargetPlatformMoniker = Windows,Version=10.0.26100.0
                   TargetPlatformRegistryBase = Software\Microsoft\Microsoft SDKs\Windows
                   TargetPlatformSdkPath = 
                   TargetPlatformVersion = 10.0.26100.0
                   TargetPlatformWinMDLocation = C:\Program Files (x86)\Windows Kits\10\References
                   TargetRuntime = Native
                   TargetUniversalCRTVersion = 10.0.26100.0
                   TaskKeyToken = 31bf3856ad364e35
                   TaskVersion = 4.0.0.0
                   TLogLocation = C:\CG\CG2_00_01\submission_ready_20260730_165019\LE3C_26_ヨシノ_ゲント\02_プロジェクト\CG2_00_01-CG4_-2\project\..\generated\obj\imgui\Debug\imgui.tlog\
                   TLogLocation_ModuleDependencies = C:\CG\CG2_00_01\submission_ready_20260730_165019\LE3C_26_ヨシノ_ゲント\02_プロジェクト\CG2_00_01-CG4_-2\project\..\generated\obj\imgui\Debug\imgui_MD.tlog\
                   ToolsetPropsFound = true
                   ToolsetTargetsFound = true
                   TrackFileAccess = true
                   UCRTContentRoot = C:\Program Files (x86)\Windows Kits\10\
                   UM_IncludePath = C:\Program Files (x86)\Windows Kits\10\Include\10.0.26100.0\um
                   UniversalCRT_IncludePath = C:\Program Files (x86)\Windows Kits\10\Include\10.0.26100.0\ucrt;
                   UniversalCRT_LibraryPath_arm = C:\Program Files (x86)\Windows Kits\10\lib\10.0.26100.0\ucrt\arm;
                   UniversalCRT_LibraryPath_arm64 = C:\Program Files (x86)\Windows Kits\10\lib\10.0.26100.0\ucrt\arm64;
                   UniversalCRT_LibraryPath_x64 = C:\Program Files (x86)\Windows Kits\10\lib\10.0.26100.0\ucrt\x64;
                   UniversalCRT_LibraryPath_x86 = C:\Program Files (x86)\Windows Kits\10\lib\10.0.26100.0\ucrt\x86;
                   UniversalCRT_PropsPath = C:\Program Files (x86)\Windows Kits\10\\DesignTime\CommonConfiguration\Neutral\ucrt.props
                   UniversalCRT_SourcePath = C:\Program Files (x86)\Windows Kits\10\Source\10.0.26100.0\ucrt;
                   UniversalCRT_TargetsC11C17 = true
                   UniversalCRTSdkDir = C:\Program Files (x86)\Windows Kits\10\
                   UniversalCRTSdkDir_10 = C:\Program Files (x86)\Windows Kits\10\
                   UniversalDebugCRT_ExecutablePath_ARM = C:\Program Files (x86)\Windows Kits\10\bin\10.0.26100.0\ARM\ucrt
                   UniversalDebugCRT_ExecutablePath_ARM64 = C:\Program Files (x86)\Windows Kits\10\bin\10.0.26100.0\ARM64\ucrt
                   UniversalDebugCRT_ExecutablePath_x64 = C:\Program Files (x86)\Windows Kits\10\bin\10.0.26100.0\x64\ucrt
                   UniversalDebugCRT_ExecutablePath_x86 = C:\Program Files (x86)\Windows Kits\10\bin\10.0.26100.0\x86\ucrt
                   UnmanagedRegistrationDependsOn = 
                   UnmanagedUnregistrationDependsOn = 
                   UseClStructuredOutput = true
                   UseCommonOutputDirectory = false
                   UseDebugLibraries = true
                   UseDefaultPlatformLookupTables = true
                   UseDotNetNativeToolchain = 
                   UseDynamicDebugging = false
                   UseMSBuildTestInfrastructure = false
                   UseMultiToolTask = false
                   UseOfATL = false
                   UseOfMFC = false
                   UserRootDir = C:\Users\K024G\AppData\Local\Microsoft\MSBuild\v4.0
                   UseSourcePath = true
                   UseStructuredOutput = true
                   v145_Installed = true
                   ValidateRuntimeIdentifierCompatibility = false
                   VC_ATLMFC_IncludePath = C:\Program Files\Microsoft Visual Studio\18\Community\VC\Tools\MSVC\14.51.36231\atlmfc\include;
                   VC_ATLMFC_SourcePath = C:\Program Files\Microsoft Visual Studio\18\Community\VC\Tools\MSVC\14.51.36231\atlmfc\src\mfc;C:\Program Files\Microsoft Visual Studio\18\Community\VC\Tools\MSVC\14.51.36231\atlmfc\src\mfcm;C:\Program Files\Microsoft Visual Studio\18\Community\VC\Tools\MSVC\14.51.36231\atlmfc\src\atl;
                   VC_CppRuntimeFilesPath_ARM = C:\Program Files\Microsoft Visual Studio\18\Community\VC\Redist\MSVC\14.51.36231\ARM
                   VC_CppRuntimeFilesPath_ARM64 = C:\Program Files\Microsoft Visual Studio\18\Community\VC\Redist\MSVC\14.51.36231\ARM64
                   VC_CppRuntimeFilesPath_x64 = C:\Program Files\Microsoft Visual Studio\18\Community\VC\Redist\MSVC\14.51.36231\x64
                   VC_CppRuntimeFilesPath_x86 = C:\Program Files\Microsoft Visual Studio\18\Community\VC\Redist\MSVC\14.51.36231\x86
                   VC_CRT_SourcePath = C:\Program Files\Microsoft Visual Studio\18\Community\VC\Tools\MSVC\14.51.36231\crt\src;
                   VC_DebugCppRuntimeFilesPath_ARM = C:\Program Files\Microsoft Visual Studio\18\Community\VC\Redist\MSVC\14.51.36231\Debug_NonRedist\ARM
                   VC_DebugCppRuntimeFilesPath_ARM64 = C:\Program Files\Microsoft Visual Studio\18\Community\VC\Redist\MSVC\14.51.36231\Debug_NonRedist\ARM64
                   VC_DebugCppRuntimeFilesPath_x64 = C:\Program Files\Microsoft Visual Studio\18\Community\VC\Redist\MSVC\14.51.36231\Debug_NonRedist\x64
                   VC_DebugCppRuntimeFilesPath_x86 = C:\Program Files\Microsoft Visual Studio\18\Community\VC\Redist\MSVC\14.51.36231\Debug_NonRedist\x86
                   VC_ExecutablePath_ARM = C:\Program Files\Microsoft Visual Studio\18\Community\VC\Tools\MSVC\14.51.36231\bin\HostX86\arm;C:\Program Files\Microsoft Visual Studio\18\Community\VC\Tools\MSVC\14.51.36231\bin\HostX86\x86
                   VC_ExecutablePath_ARM64 = C:\Program Files\Microsoft Visual Studio\18\Community\VC\Tools\MSVC\14.51.36231\bin\HostX86\arm64;C:\Program Files\Microsoft Visual Studio\18\Community\VC\Tools\MSVC\14.51.36231\bin\HostX86\x86
                   VC_ExecutablePath_arm64_ARM = C:\Program Files\Microsoft Visual Studio\18\Community\VC\Tools\MSVC\14.51.36231\bin\HostArm64\arm
                   VC_ExecutablePath_arm64_ARM64 = C:\Program Files\Microsoft Visual Studio\18\Community\VC\Tools\MSVC\14.51.36231\bin\HostArm64\arm64
                   VC_ExecutablePath_arm64_x64 = C:\Program Files\Microsoft Visual Studio\18\Community\VC\Tools\MSVC\14.51.36231\bin\HostArm64\x64
                   VC_ExecutablePath_arm64_x86 = C:\Program Files\Microsoft Visual Studio\18\Community\VC\Tools\MSVC\14.51.36231\bin\HostArm64\x86
                   VC_ExecutablePath_Loc = C:\Program Files\Microsoft Visual Studio\18\Community\VC\Tools\MSVC\14.51.36231\bin\HostArm64\arm64\1033;C:\Program Files\Microsoft Visual Studio\18\Community\VC\Tools\MSVC\14.51.36231\bin\HostArm64\arm\1033;C:\Program Files\Microsoft Visual Studio\18\Community\VC\Tools\MSVC\14.51.36231\bin\HostArm64\x64\1033;C:\Program Files\Microsoft Visual Studio\18\Community\VC\Tools\MSVC\14.51.36231\bin\HostArm64\x86\1033;C:\Program Files\Microsoft Visual Studio\18\Community\VC\Tools\MSVC\14.51.36231\bin\HostX86\arm64\1033;C:\Program Files\Microsoft Visual Studio\18\Community\VC\Tools\MSVC\14.51.36231\bin\HostX86\x64\1033;C:\Program Files\Microsoft Visual Studio\18\Community\VC\Tools\MSVC\14.51.36231\bin\HostX86\x86\1033;C:\Program Files\Microsoft Visual Studio\18\Community\VC\Tools\MSVC\14.51.36231\bin\HostX64\arm64\1033;C:\Program Files\Microsoft Visual Studio\18\Community\VC\Tools\MSVC\14.51.36231\bin\HostX64\arm\1033;C:\Program Files\Microsoft Visual Studio\18\Community\VC\Tools\MSVC\14.51.36231\bin\HostX64\x64\1033;C:\Program Files\Microsoft Visual Studio\18\Community\VC\Tools\MSVC\14.51.36231\bin\HostX64\x86\1033;;;;;;;;;;;;
                   VC_ExecutablePath_x64 = C:\Program Files\Microsoft Visual Studio\18\Community\VC\Tools\MSVC\14.51.36231\bin\HostX86\x64;C:\Program Files\Microsoft Visual Studio\18\Community\VC\Tools\MSVC\14.51.36231\bin\HostX86\x86
                   VC_ExecutablePath_x64_ARM = C:\Program Files\Microsoft Visual Studio\18\Community\VC\Tools\MSVC\14.51.36231\bin\HostX64\arm
                   VC_ExecutablePath_x64_ARM64 = C:\Program Files\Microsoft Visual Studio\18\Community\VC\Tools\MSVC\14.51.36231\bin\HostX64\arm64
                   VC_ExecutablePath_x64_x64 = C:\Program Files\Microsoft Visual Studio\18\Community\VC\Tools\MSVC\14.51.36231\bin\HostX64\x64
                   VC_ExecutablePath_x64_x86 = C:\Program Files\Microsoft Visual Studio\18\Community\VC\Tools\MSVC\14.51.36231\bin\HostX64\x86
                   VC_ExecutablePath_x86 = C:\Program Files\Microsoft Visual Studio\18\Community\VC\Tools\MSVC\14.51.36231\bin\HostX86\x86
                   VC_ExecutablePath_x86_ARM = C:\Program Files\Microsoft Visual Studio\18\Community\VC\Tools\MSVC\14.51.36231\bin\HostX86\arm
                   VC_ExecutablePath_x86_ARM64 = C:\Program Files\Microsoft Visual Studio\18\Community\VC\Tools\MSVC\14.51.36231\bin\HostX86\arm64
                   VC_ExecutablePath_x86_x64 = C:\Program Files\Microsoft Visual Studio\18\Community\VC\Tools\MSVC\14.51.36231\bin\HostX86\x64
                   VC_ExecutablePath_x86_x86 = C:\Program Files\Microsoft Visual Studio\18\Community\VC\Tools\MSVC\14.51.36231\bin\HostX86\x86
                   VC_IFCPath = C:\Program Files\Microsoft Visual Studio\18\Community\VC\Tools\MSVC\14.51.36231\ifc\x64
                   VC_IncludePath = C:\Program Files\Microsoft Visual Studio\18\Community\VC\Tools\MSVC\14.51.36231\include;;C:\Program Files\Microsoft Visual Studio\18\Community\VC\Tools\MSVC\14.51.36231\atlmfc\include;;C:\Program Files\Microsoft Visual Studio\18\Community\VC\Auxiliary\VS\include;;C:\Program Files (x86)\Windows Kits\10\Include\10.0.26100.0\ucrt;;
                   VC_LibraryPath_ARM = C:\Program Files\Microsoft Visual Studio\18\Community\VC\Tools\MSVC\14.51.36231\lib\ARM;;C:\Program Files\Microsoft Visual Studio\18\Community\VC\Tools\MSVC\14.51.36231\atlmfc\lib\ARM;;C:\Program Files\Microsoft Visual Studio\18\Community\VC\Auxiliary\VS\lib\ARM;;C:\Program Files (x86)\Windows Kits\10\lib\10.0.26100.0\ucrt\arm;;
                   VC_LibraryPath_ARM64 = C:\Program Files\Microsoft Visual Studio\18\Community\VC\Tools\MSVC\14.51.36231\lib\ARM64;;C:\Program Files\Microsoft Visual Studio\18\Community\VC\Tools\MSVC\14.51.36231\atlmfc\lib\ARM64;;;C:\Program Files (x86)\Windows Kits\10\lib\10.0.26100.0\ucrt\arm64;;
                   VC_LibraryPath_ATL_ARM = C:\Program Files\Microsoft Visual Studio\18\Community\VC\Tools\MSVC\14.51.36231\atlmfc\lib\ARM;
                   VC_LibraryPath_ATL_ARM_spectre = C:\Program Files\Microsoft Visual Studio\18\Community\VC\Tools\MSVC\14.51.36231\atlmfc\lib\spectre\ARM;
                   VC_LibraryPath_ATL_ARM64 = C:\Program Files\Microsoft Visual Studio\18\Community\VC\Tools\MSVC\14.51.36231\atlmfc\lib\ARM64;
                   VC_LibraryPath_ATL_ARM64_spectre = C:\Program Files\Microsoft Visual Studio\18\Community\VC\Tools\MSVC\14.51.36231\atlmfc\lib\spectre\ARM64;
                   VC_LibraryPath_ATL_CurrentPlatform_spectre = C:\Program Files\Microsoft Visual Studio\18\Community\VC\Tools\MSVC\14.51.36231\atlmfc\lib\spectre\x64
                   VC_LibraryPath_ATL_x64 = C:\Program Files\Microsoft Visual Studio\18\Community\VC\Tools\MSVC\14.51.36231\atlmfc\lib\x64;
                   VC_LibraryPath_ATL_x64_spectre = C:\Program Files\Microsoft Visual Studio\18\Community\VC\Tools\MSVC\14.51.36231\atlmfc\lib\spectre\x64;
                   VC_LibraryPath_ATL_x86 = C:\Program Files\Microsoft Visual Studio\18\Community\VC\Tools\MSVC\14.51.36231\atlmfc\lib\x86;
                   VC_LibraryPath_ATL_x86_spectre = C:\Program Files\Microsoft Visual Studio\18\Community\VC\Tools\MSVC\14.51.36231\atlmfc\lib\spectre\x86;
                   VC_LibraryPath_VC_ARM = C:\Program Files\Microsoft Visual Studio\18\Community\VC\Tools\MSVC\14.51.36231\lib\ARM;
                   VC_LibraryPath_VC_ARM_Desktop = C:\Program Files\Microsoft Visual Studio\18\Community\VC\Tools\MSVC\14.51.36231\lib\ARM
                   VC_LibraryPath_VC_ARM_Desktop_spectre = C:\Program Files\Microsoft Visual Studio\18\Community\VC\Tools\MSVC\14.51.36231\lib\spectre\ARM
                   VC_LibraryPath_VC_ARM_OneCore = C:\Program Files\Microsoft Visual Studio\18\Community\VC\Tools\MSVC\14.51.36231\lib\onecore\ARM
                   VC_LibraryPath_VC_ARM_OneCore_spectre = C:\Program Files\Microsoft Visual Studio\18\Community\VC\Tools\MSVC\14.51.36231\lib\spectre\onecore\ARM
                   VC_LibraryPath_VC_ARM_Store = C:\Program Files\Microsoft Visual Studio\18\Community\VC\Tools\MSVC\14.51.36231\lib\ARM\store
                   VC_LibraryPath_VC_ARM_UWP = C:\Program Files\Microsoft Visual Studio\18\Community\VC\Tools\MSVC\14.51.36231\lib\ARM\uwp
                   VC_LibraryPath_VC_ARM64 = C:\Program Files\Microsoft Visual Studio\18\Community\VC\Tools\MSVC\14.51.36231\lib\ARM64;
                   VC_LibraryPath_VC_ARM64_Desktop = C:\Program Files\Microsoft Visual Studio\18\Community\VC\Tools\MSVC\14.51.36231\lib\ARM64
                   VC_LibraryPath_VC_ARM64_Desktop_spectre = C:\Program Files\Microsoft Visual Studio\18\Community\VC\Tools\MSVC\14.51.36231\lib\spectre\ARM64
                   VC_LibraryPath_VC_ARM64_OneCore = C:\Program Files\Microsoft Visual Studio\18\Community\VC\Tools\MSVC\14.51.36231\lib\onecore\ARM64
                   VC_LibraryPath_VC_ARM64_OneCore_spectre = C:\Program Files\Microsoft Visual Studio\18\Community\VC\Tools\MSVC\14.51.36231\lib\spectre\onecore\ARM64
                   VC_LibraryPath_VC_ARM64_Store = C:\Program Files\Microsoft Visual Studio\18\Community\VC\Tools\MSVC\14.51.36231\lib\ARM64\store
                   VC_LibraryPath_VC_ARM64_UWP = C:\Program Files\Microsoft Visual Studio\18\Community\VC\Tools\MSVC\14.51.36231\lib\ARM64\uwp
                   VC_LibraryPath_VC_Desktop_CurrentPlatform_spectre = C:\Program Files\Microsoft Visual Studio\18\Community\VC\Tools\MSVC\14.51.36231\lib\spectre\x64
                   VC_LibraryPath_VC_OneCore_CurrentPlatform_spectre = C:\Program Files\Microsoft Visual Studio\18\Community\VC\Tools\MSVC\14.51.36231\lib\spectre\onecore\x64
                   VC_LibraryPath_VC_x64 = C:\Program Files\Microsoft Visual Studio\18\Community\VC\Tools\MSVC\14.51.36231\lib\x64;
                   VC_LibraryPath_VC_x64_Desktop = C:\Program Files\Microsoft Visual Studio\18\Community\VC\Tools\MSVC\14.51.36231\lib\x64
                   VC_LibraryPath_VC_x64_Desktop_spectre = C:\Program Files\Microsoft Visual Studio\18\Community\VC\Tools\MSVC\14.51.36231\lib\spectre\x64
                   VC_LibraryPath_VC_x64_OneCore = C:\Program Files\Microsoft Visual Studio\18\Community\VC\Tools\MSVC\14.51.36231\lib\onecore\x64
                   VC_LibraryPath_VC_x64_OneCore_spectre = C:\Program Files\Microsoft Visual Studio\18\Community\VC\Tools\MSVC\14.51.36231\lib\spectre\onecore\x64
                   VC_LibraryPath_VC_x64_Store = C:\Program Files\Microsoft Visual Studio\18\Community\VC\Tools\MSVC\14.51.36231\lib\x64\store
                   VC_LibraryPath_VC_x64_UWP = C:\Program Files\Microsoft Visual Studio\18\Community\VC\Tools\MSVC\14.51.36231\lib\x64\uwp
                   VC_LibraryPath_VC_x86 = C:\Program Files\Microsoft Visual Studio\18\Community\VC\Tools\MSVC\14.51.36231\lib\x86;
                   VC_LibraryPath_VC_x86_Desktop = C:\Program Files\Microsoft Visual Studio\18\Community\VC\Tools\MSVC\14.51.36231\lib\x86
                   VC_LibraryPath_VC_x86_Desktop_spectre = C:\Program Files\Microsoft Visual Studio\18\Community\VC\Tools\MSVC\14.51.36231\lib\spectre\x86
                   VC_LibraryPath_VC_x86_OneCore = C:\Program Files\Microsoft Visual Studio\18\Community\VC\Tools\MSVC\14.51.36231\lib\onecore\x86
                   VC_LibraryPath_VC_x86_OneCore_spectre = C:\Program Files\Microsoft Visual Studio\18\Community\VC\Tools\MSVC\14.51.36231\lib\spectre\onecore\x86
                   VC_LibraryPath_VC_x86_Store = C:\Program Files\Microsoft Visual Studio\18\Community\VC\Tools\MSVC\14.51.36231\lib\x86\store
                   VC_LibraryPath_VC_x86_UWP = C:\Program Files\Microsoft Visual Studio\18\Community\VC\Tools\MSVC\14.51.36231\lib\x86\uwp
                   VC_LibraryPath_x64 = C:\Program Files\Microsoft Visual Studio\18\Community\VC\Tools\MSVC\14.51.36231\lib\x64;;C:\Program Files\Microsoft Visual Studio\18\Community\VC\Tools\MSVC\14.51.36231\atlmfc\lib\x64;;C:\Program Files\Microsoft Visual Studio\18\Community\VC\Auxiliary\VS\lib\x64;;C:\Program Files (x86)\Windows Kits\10\lib\10.0.26100.0\ucrt\x64;;
                   VC_LibraryPath_x86 = C:\Program Files\Microsoft Visual Studio\18\Community\VC\Tools\MSVC\14.51.36231\lib\x86;;C:\Program Files\Microsoft Visual Studio\18\Community\VC\Tools\MSVC\14.51.36231\atlmfc\lib\x86;;C:\Program Files\Microsoft Visual Studio\18\Community\VC\Auxiliary\VS\lib\x86;;C:\Program Files (x86)\Windows Kits\10\lib\10.0.26100.0\ucrt\x86;;
                   VC_PGO_RunTime_Dir = C:\Program Files\Microsoft Visual Studio\18\Community\VC\Tools\MSVC\14.51.36231\bin\Hostx86\x64
                   VC_ReferencesPath_ARM = C:\Program Files\Microsoft Visual Studio\18\Community\VC\Tools\MSVC\14.51.36231\atlmfc\lib\ARM;;C:\Program Files\Microsoft Visual Studio\18\Community\VC\Tools\MSVC\14.51.36231\lib\ARM
                   VC_ReferencesPath_ARM64 = C:\Program Files\Microsoft Visual Studio\18\Community\VC\Tools\MSVC\14.51.36231\atlmfc\lib\ARM64;;C:\Program Files\Microsoft Visual Studio\18\Community\VC\Tools\MSVC\14.51.36231\lib\ARM64
                   VC_ReferencesPath_ATL_ARM = C:\Program Files\Microsoft Visual Studio\18\Community\VC\Tools\MSVC\14.51.36231\atlmfc\lib\ARM;
                   VC_ReferencesPath_ATL_ARM_spectre = C:\Program Files\Microsoft Visual Studio\18\Community\VC\Tools\MSVC\14.51.36231\atlmfc\lib\spectre\ARM;
                   VC_ReferencesPath_ATL_ARM64 = C:\Program Files\Microsoft Visual Studio\18\Community\VC\Tools\MSVC\14.51.36231\atlmfc\lib\ARM64;
                   VC_ReferencesPath_ATL_ARM64_spectre = C:\Program Files\Microsoft Visual Studio\18\Community\VC\Tools\MSVC\14.51.36231\atlmfc\lib\spectre\ARM64;
                   VC_ReferencesPath_ATL_x64 = C:\Program Files\Microsoft Visual Studio\18\Community\VC\Tools\MSVC\14.51.36231\atlmfc\lib\x64;
                   VC_ReferencesPath_ATL_x64_spectre = C:\Program Files\Microsoft Visual Studio\18\Community\VC\Tools\MSVC\14.51.36231\atlmfc\lib\spectre\x64;
                   VC_ReferencesPath_ATL_x86 = C:\Program Files\Microsoft Visual Studio\18\Community\VC\Tools\MSVC\14.51.36231\atlmfc\lib\x86;
                   VC_ReferencesPath_ATL_x86_spectre = C:\Program Files\Microsoft Visual Studio\18\Community\VC\Tools\MSVC\14.51.36231\atlmfc\lib\spectre\x86;
                   VC_ReferencesPath_VC_ARM = C:\Program Files\Microsoft Visual Studio\18\Community\VC\Tools\MSVC\14.51.36231\lib\ARM
                   VC_ReferencesPath_VC_ARM_spectre = C:\Program Files\Microsoft Visual Studio\18\Community\VC\Tools\MSVC\14.51.36231\lib\spectre\ARM
                   VC_ReferencesPath_VC_ARM64 = C:\Program Files\Microsoft Visual Studio\18\Community\VC\Tools\MSVC\14.51.36231\lib\ARM64
                   VC_ReferencesPath_VC_ARM64_spectre = C:\Program Files\Microsoft Visual Studio\18\Community\VC\Tools\MSVC\14.51.36231\lib\spectre\ARM64
                   VC_ReferencesPath_VC_x64 = C:\Program Files\Microsoft Visual Studio\18\Community\VC\Tools\MSVC\14.51.36231\lib\x64
                   VC_ReferencesPath_VC_x64_spectre = C:\Program Files\Microsoft Visual Studio\18\Community\VC\Tools\MSVC\14.51.36231\lib\spectre\x64
                   VC_ReferencesPath_VC_x86 = C:\Program Files\Microsoft Visual Studio\18\Community\VC\Tools\MSVC\14.51.36231\lib\x86
                   VC_ReferencesPath_VC_x86_spectre = C:\Program Files\Microsoft Visual Studio\18\Community\VC\Tools\MSVC\14.51.36231\lib\spectre\x86
                   VC_ReferencesPath_x64 = C:\Program Files\Microsoft Visual Studio\18\Community\VC\Tools\MSVC\14.51.36231\atlmfc\lib\x64;;C:\Program Files\Microsoft Visual Studio\18\Community\VC\Tools\MSVC\14.51.36231\lib\x64
                   VC_ReferencesPath_x86 = C:\Program Files\Microsoft Visual Studio\18\Community\VC\Tools\MSVC\14.51.36231\atlmfc\lib\x86;;C:\Program Files\Microsoft Visual Studio\18\Community\VC\Tools\MSVC\14.51.36231\lib\x86
                   VC_SourcePath = C:\Program Files\Microsoft Visual Studio\18\Community\VC\Tools\MSVC\14.51.36231\atlmfc\src\mfc;C:\Program Files\Microsoft Visual Studio\18\Community\VC\Tools\MSVC\14.51.36231\atlmfc\src\mfcm;C:\Program Files\Microsoft Visual Studio\18\Community\VC\Tools\MSVC\14.51.36231\atlmfc\src\atl;;C:\Program Files\Microsoft Visual Studio\18\Community\VC\Tools\MSVC\14.51.36231\crt\src;;C:\Program Files\Microsoft Visual Studio\18\Community\VC\Auxiliary\VS\src;;C:\Program Files (x86)\Windows Kits\10\Source\10.0.26100.0\ucrt;;
                   VC_Target_Library_Platform = Desktop
                   VC_VC_IncludePath = C:\Program Files\Microsoft Visual Studio\18\Community\VC\Tools\MSVC\14.51.36231\include;
                   VC_VS_IncludePath = C:\Program Files\Microsoft Visual Studio\18\Community\VC\Auxiliary\VS\include;
                   VC_VS_LibraryPath_VC_VS_ARM = C:\Program Files\Microsoft Visual Studio\18\Community\VC\Auxiliary\VS\lib\ARM;
                   VC_VS_LibraryPath_VC_VS_x64 = C:\Program Files\Microsoft Visual Studio\18\Community\VC\Auxiliary\VS\lib\x64;
                   VC_VS_LibraryPath_VC_VS_x86 = C:\Program Files\Microsoft Visual Studio\18\Community\VC\Auxiliary\VS\lib\x86;
                   VC_VS_SourcePath = C:\Program Files\Microsoft Visual Studio\18\Community\VC\Auxiliary\VS\src;
                   VCIDEInstallDir = C:\Program Files\Microsoft Visual Studio\18\Community\Common7\IDE\VC\
                   VCInstallDir = C:\Program Files\Microsoft Visual Studio\18\Community\VC\
                   VCInstallDir_180 = C:\Program Files\Microsoft Visual Studio\18\Community\VC\
                   VCLibPackagePath = C:\Users\K024G\AppData\Local\vcpkg\vcpkg.user
                   VcpkgManifestDirectory = 
                   VCProjectVersion = 17.0
                   VCServicingVersionATL = 14.51.36244
                   VCServicingVersionCAExtensions = 14.51.36244
                   VCServicingVersionCARulesets = 14.51.36244
                   VCServicingVersionCompilers = 14.51.36252
                   VCServicingVersionCrtHeaders = 14.51.36244
                   VCServicingVersionDIASDK = 14.51.36252
                   VCTargetsPath = C:\Program Files\Microsoft Visual Studio\18\Community\MSBuild\Microsoft\VC\v180\
                   VCTargetsPath10 = C:\Program Files (x86)\MSBuild\Microsoft.Cpp\v4.0\
                   VCTargetsPath11 = C:\Program Files (x86)\MSBuild\Microsoft.Cpp\v4.0\V110\
                   VCTargetsPath12 = C:\Program Files (x86)\MSBuild\Microsoft.Cpp\v4.0\V120\
                   VCTargetsPath14 = C:\Program Files (x86)\MSBuild\Microsoft.Cpp\v4.0\V140\
                   VCTargetsPath15 = C:\Program Files\Microsoft Visual Studio\18\Community\MSBuild\Microsoft\VC\v150\
                   VCTargetsPath16 = C:\Program Files\Microsoft Visual Studio\18\Community\MSBuild\Microsoft\VC\v160\
                   VCTargetsPath17 = C:\Program Files\Microsoft Visual Studio\18\Community\MSBuild\Microsoft\VC\v170\
                   VCTargetsPath18 = C:\Program Files\Microsoft Visual Studio\18\Community\MSBuild\Microsoft\VC\v180\
                   VCTargetsPathActual = C:\Program Files\Microsoft Visual Studio\18\Community\MSBuild\Microsoft\VC\v180\
                   VCTargetsPathEffective = C:\Program Files\Microsoft Visual Studio\18\Community\MSBuild\Microsoft\VC\v180\
                   VCToolArchitecture = Native32Bit
                   VCToolsetsDir = C:\Program Files\Microsoft Visual Studio\18\Community\VC\Tools\MSVC\
                   VCToolsetSupportsJustMyCode = true
                   VCToolsInstallDir = C:\Program Files\Microsoft Visual Studio\18\Community\VC\Tools\MSVC\14.51.36231\
                   VCToolsInstallDir_180 = C:\Program Files\Microsoft Visual Studio\18\Community\VC\Tools\MSVC\14.51.36231\
                   VCToolsRedistInstallDir = C:\Program Files\Microsoft Visual Studio\18\Community\VC\Redist\MSVC\14.51.36231\
                   VCToolsRedistInstallDir_180 = C:\Program Files\Microsoft Visual Studio\18\Community\VC\Redist\MSVC\14.51.36231\
                   VCToolsRedistVersion = 14.51.36231
                   VCToolsVersion = 14.51.36231
                   VCToolsVersionLatest = 14.51
                   VCToolsVersionPath = C:\Program Files\Microsoft Visual Studio\18\Community\VC\Auxiliary\Build\v145\Microsoft.VCToolsVersion.VC.14.51.props
                   VisualStudioVersion = 18.0
                   VS_ExecutablePath = C:\Program Files\Microsoft Visual Studio\18\Community\Common7\tools;C:\Program Files\Microsoft Visual Studio\18\Community\Common7\ide;C:\Program Files (x86)\HTML Help Workshop;
                   VSInstallDir = C:\Program Files\Microsoft Visual Studio\18\Community\
                   VsInstallRoot = C:\Program Files\Microsoft Visual Studio\18\Community
                   WebBrowserDebuggerDebuggerType = Auto
                   WebReference_EnableLegacyEventingModel = false
                   WebReference_EnableProperties = true
                   WebReference_EnableSQLTypes = true
                   WebServiceDebuggerDebuggerType = Auto
                   WebServiceDebuggerSQLDebugging = False
                   WholeProgramOptimization = false
                   WholeProgramOptimizationAvailabilityInstrument = true
                   WholeProgramOptimizationAvailabilityOptimize = true
                   WholeProgramOptimizationAvailabilityTrue = true
                   WholeProgramOptimizationAvailabilityUpdate = true
                   WindowsAppContainer = false
                   WindowsKitsRoot = C:\Program Files (x86)\Windows Kits\10\
                   WindowsSDK_ExecutablePath = C:\Program Files (x86)\Windows Kits\10\bin\10.0.26100.0\x86;;C:\Program Files (x86)\Microsoft SDKs\Windows\v10.0A\bin\NETFX 4.8.1 Tools
                   WindowsSDK_ExecutablePath_arm = C:\Program Files (x86)\Windows Kits\10\bin\10.0.26100.0\arm;
                   WindowsSDK_ExecutablePath_arm64 = C:\Program Files (x86)\Windows Kits\10\bin\10.0.26100.0\arm64;
                   WindowsSDK_ExecutablePath_x64 = C:\Program Files (x86)\Windows Kits\10\bin\10.0.26100.0\x64;;C:\Program Files (x86)\Microsoft SDKs\Windows\v10.0A\bin\NETFX 4.8.1 Tools\x64
                   WindowsSDK_ExecutablePath_x86 = C:\Program Files (x86)\Windows Kits\10\bin\10.0.26100.0\x86;;C:\Program Files (x86)\Microsoft SDKs\Windows\v10.0A\bin\NETFX 4.8.1 Tools
                   WindowsSDK_HasVersionedContent = true
                   WindowsSDK_IncludePath = C:\Program Files (x86)\Windows Kits\10\Include\10.0.26100.0\um;C:\Program Files (x86)\Windows Kits\10\Include\10.0.26100.0\shared;C:\Program Files (x86)\Windows Kits\10\Include\10.0.26100.0\winrt;C:\Program Files (x86)\Windows Kits\10\Include\10.0.26100.0\cppwinrt;C:\Program Files (x86)\Windows Kits\NETFXSDK\4.8.1\Include\um
                   WindowsSDK_LibraryPath = C:\Program Files (x86)\Windows Kits\10\lib\10.0.26100.0\um
                   WindowsSDK_LibraryPath_arm = C:\Program Files (x86)\Windows Kits\10\lib\10.0.26100.0\um\arm;C:\Program Files (x86)\Windows Kits\NETFXSDK\4.8.1\lib\um\arm;
                   WindowsSDK_LibraryPath_arm64 = C:\Program Files (x86)\Windows Kits\10\lib\10.0.26100.0\um\arm64;C:\Program Files (x86)\Windows Kits\NETFXSDK\4.8.1\lib\um\arm64;
                   WindowsSDK_LibraryPath_x64 = C:\Program Files (x86)\Windows Kits\10\lib\10.0.26100.0\um\x64;C:\Program Files (x86)\Windows Kits\NETFXSDK\4.8.1\lib\um\x64;
                   WindowsSDK_LibraryPath_x86 = C:\Program Files (x86)\Windows Kits\10\lib\10.0.26100.0\um\x86;C:\Program Files (x86)\Windows Kits\NETFXSDK\4.8.1\lib\um\x86;
                   WindowsSDK_MetadataFoundationPath = C:\Program Files (x86)\Windows Kits\10\References\10.0.26100.0\windows.foundation.foundationcontract\4.0.0.0
                   WindowsSDK_MetadataPath = C:\Program Files (x86)\Windows Kits\10\References
                   WindowsSDK_MetadataPathVersioned = C:\Program Files (x86)\Windows Kits\10\References\10.0.26100.0
                   WindowsSDK_PlatformPath = C:\Program Files (x86)\Windows Kits\10\Platforms\UAP;
                   WindowsSDK_SupportedAPIs_arm = C:\Program Files (x86)\Windows Kits\10\bin\10.0.26100.0\arm\PInvoke\SupportedAPIs.xml
                   WindowsSDK_SupportedAPIs_arm64 = C:\Program Files (x86)\Windows Kits\10\bin\10.0.26100.0\arm64\PInvoke\SupportedAPIs.xml
                   WindowsSDK_SupportedAPIs_x64 = C:\Program Files (x86)\Windows Kits\10\bin\10.0.26100.0\x64\PInvoke\SupportedAPIs.xml
                   WindowsSDK_SupportedAPIs_x86 = C:\Program Files (x86)\Windows Kits\10\bin\10.0.26100.0\x86\PInvoke\SupportedAPIs.xml
                   WindowsSDK_UnionMetadataPath = C:\Program Files (x86)\Windows Kits\10\UnionMetadata\10.0.26100.0
                   WindowsSDK80Path = 
                   WindowsSdkDir = C:\Program Files (x86)\Windows Kits\10\
                   WindowsSdkDir_10 = C:\Program Files (x86)\Windows Kits\10\
                   WindowsSdkDir_81 = 
                   WindowsSdkDir_81A = 
                   WindowsSDKProps = C:\Program Files (x86)\Windows Kits\10\\DesignTime\CommonConfiguration\Neutral\UAP\10.0.26100.0\UAP.props
                   WindowsSDKToolArchitecture = Native32Bit
                   WindowsSdkVersionARMSupportRemoved = 10.0.26100.0
                   WindowsStoreApp = false
                   WindowsTargetPlatformVersion = 10.0
                   WinMDAssembly = false
                   WinRT_IncludePath = C:\Program Files (x86)\Windows Kits\10\Include\10.0.26100.0\winrt
                   WMSJSProject = WJProject
                   WMSJSProjectDirectory = JavaScript
                   XamlBuildTaskAssemblyName = XamlBuildTask, Version=4.0.0.0, Culture=neutral, PublicKeyToken=31bf3856ad364e35
                   XamlBuildTaskLocation = C:\Program Files\Microsoft Visual Studio\18\Community\MSBuild\Current\Bin\amd64
                   XamlBuildTaskPath = C:\Program Files\Microsoft Visual Studio\18\Community\MSBuild\Current\Bin\amd64
                   XamlGenCodeFileNames = imgui.vcxproj.XamlGeneratedCodeFileListAbsolute.txt
                   XamlGenMarkupFileNames = imgui.vcxproj.XamlGeneratedXamlFileListAbsolute.txt
                   XamlPass2FlagFile = imgui.vcxproj.XamlPass2Flag.txt
                   XamlRequiresCompilationPass2 = false
                   XamlTemporaryAssemblyName = imgui
                   YieldDuringToolExecution = true

16:55:14.502     0>初期項目:
                   _ApplicationManifestFinal
                       C:\CG\CG2_00_01\submission_ready_20260730_165019\LE3C_26_ヨシノ_ゲント\02_プロジェクト\CG2_00_01-CG4_-2\project\..\generated\outputs\Debug\
                           TargetPath = 
                   _DeploymentManifestEntryPoint
                       C:\CG\CG2_00_01\submission_ready_20260730_165019\LE3C_26_ヨシノ_ゲント\02_プロジェクト\CG2_00_01-CG4_-2\project\..\generated\obj\imgui\Debug\imgui.lib
                           TargetPath = imgui.lib
                   _OutputPathItem
                       C:\CG\CG2_00_01\submission_ready_20260730_165019\LE3C_26_ヨシノ_ゲント\02_プロジェクト\CG2_00_01-CG4_-2\project\..\generated\outputs\Debug\
                   _ResolveComReferenceCache
                       C:\CG\CG2_00_01\submission_ready_20260730_165019\LE3C_26_ヨシノ_ゲント\02_プロジェクト\CG2_00_01-CG4_-2\project\..\generated\obj\imgui\Debug\imgui.vcxproj.ResolveComReference.cache
                   _UnmanagedRegistrationCache
                       obj\imgui.vcxproj.UnmanagedRegistration.cache
                   AppConfigFileDestination
                       C:\CG\CG2_00_01\submission_ready_20260730_165019\LE3C_26_ヨシノ_ゲント\02_プロジェクト\CG2_00_01-CG4_-2\project\..\generated\outputs\Debug\imgui.lib.config
                   AppHostDebuggerPages
                       C:\Program Files\Microsoft Visual Studio\18\Community\MSBuild\Microsoft\Universal\1033\WindowsAppEmulatorDebugger.xaml
                       C:\Program Files\Microsoft Visual Studio\18\Community\MSBuild\Microsoft\VC\v180\1033\AppHostDebugger_Local.xml
                       C:\Program Files\Microsoft Visual Studio\18\Community\MSBuild\Microsoft\VC\v180\1033\AppHostDebugger_Remote.xml
                   ApplicationManifest
                       C:\CG\CG2_00_01\submission_ready_20260730_165019\LE3C_26_ヨシノ_ゲント\02_プロジェクト\CG2_00_01-CG4_-2\project\..\generated\obj\imgui\Debug\
                           TargetPath = 
                   AutoImportDirectory
                       C:\Program Files\Microsoft Visual Studio\18\Community\MSBuild\Microsoft\VC\v180\\ImportAfter\Default
                           Pattern = *.props
                       C:\Program Files\Microsoft Visual Studio\18\Community\MSBuild\Microsoft\VC\v180\\ImportBefore\Default
                           Pattern = *.props
                       C:\Program Files\Microsoft Visual Studio\18\Community\MSBuild\Microsoft\VC\v180\\Platforms\x64\ImportAfter\Default
                           Pattern = *.props
                       C:\Program Files\Microsoft Visual Studio\18\Community\MSBuild\Microsoft\VC\v180\\Platforms\x64\ImportBefore\Default
                           Pattern = *.props
                       C:\Program Files\Microsoft Visual Studio\18\Community\MSBuild\Microsoft\VC\v180\1033
                           Pattern = debugger_*.xml
                       C:\Program Files\Microsoft Visual Studio\18\Community\MSBuild\Microsoft\VC\v180\Platforms\x64\1033 />
                           C:\Program Files\Microsoft Visual Studio\18\Community\MSBuild\Microsoft\VC\v180\Platforms\x64\PlatformToolsets\v145\1033
                           Pattern = *.xml
                       C:\Program Files\Microsoft Visual Studio\18\Community\MSBuild\Microsoft\VC\v180\Platforms\x64\ImportAfter
                       C:\Program Files\Microsoft Visual Studio\18\Community\MSBuild\Microsoft\VC\v180\Platforms\x64\ImportBefore
                       C:\Program Files\Microsoft Visual Studio\18\Community\MSBuild\Microsoft\VC\v180\Platforms\x64\PlatformToolsets\v145\ImportAfter
                       C:\Program Files\Microsoft Visual Studio\18\Community\MSBuild\Microsoft\VC\v180\Platforms\x64\PlatformToolsets\v145\ImportBefore
                   AvailableItemName
                       AdditionalFiles
                       ClCompile
                           Targets = ClCompile
                       CodeAnalysisDictionary
                       CopyFileToFolders
                           Targets = CopyFileToFolders
                       CustomBuild
                           Targets = CustomBuild
                       EmbeddedResource
                           Targets = ResGen
                       FxCompile
                           Targets = FxCompile
                       Midl
                           Targets = Midl
                       ResourceCompile
                           Targets = ResourceCompile
                       Xsd
                           Targets = Xsd
                   BuiltProjectOutputGroupKeyOutput
                       C:\CG\CG2_00_01\submission_ready_20260730_165019\LE3C_26_ヨシノ_ゲント\02_プロジェクト\CG2_00_01-CG4_-2\generated\obj\imgui\Debug\imgui.lib
                           IsKeyOutput = true
                           FinalOutputPath = C:\CG\CG2_00_01\submission_ready_20260730_165019\LE3C_26_ヨシノ_ゲント\02_プロジェクト\CG2_00_01-CG4_-2\generated\outputs\Debug\imgui.lib
                           TargetPath = imgui.lib
                   ClCompile
                       imgui.cpp
                           StructMemberAlignment = Default
                           DisableLanguageExtensions = false
                           ModuleDependenciesFile = C:\CG\CG2_00_01\submission_ready_20260730_165019\LE3C_26_ヨシノ_ゲント\02_プロジェクト\CG2_00_01-CG4_-2\project\..\generated\obj\imgui\Debug\
                           UseFullPaths = true
                           ProgramDataBaseFileName = C:\CG\CG2_00_01\submission_ready_20260730_165019\LE3C_26_ヨシノ_ゲント\02_プロジェクト\CG2_00_01-CG4_-2\project\..\generated\outputs\Debug\imgui.pdb
                           ImpLibCompiled = 
                           ScanSourceForModuleDependencies = false
                           EnableASAN = false
                           RemoveUnreferencedCodeData = true
                           ForceConformanceInForLoopScope = true
                           DebugInformationFormat = EditAndContinue
                           DiagnosticsFormat = Column
                           SupportJustMyCode = true
                           GenerateXMLDocumentationFiles = false
                           AssemblerOutput = NoListing
                           EnableEnhancedInstructionSet = NotSet
                           RuntimeLibrary = MultiThreadedDebug
                           PreprocessToFile = false
                           GenerateSourceDependencies = false
                           AssemblerListingLocation = C:\CG\CG2_00_01\submission_ready_20260730_165019\LE3C_26_ヨシノ_ゲント\02_プロジェクト\CG2_00_01-CG4_-2\project\..\generated\obj\imgui\Debug\
                           PreprocessSuppressLineNumbers = false
                           EnableVectorLength = NotSet
                           TreatWarningAsError = false
                           EnableFiberSafeOptimizations = false
                           IntelJCCErratum = false
                           ShowIncludes = false
                           LanguageStandard_C = Default
                           BrowseInformation = false
                           PrecompiledHeader = NotUsing
                           EnableFuzzer = false
                           BrowseInformationFile = C:\CG\CG2_00_01\submission_ready_20260730_165019\LE3C_26_ヨシノ_ゲント\02_プロジェクト\CG2_00_01-CG4_-2\project\..\generated\obj\imgui\Debug\
                           UndefineAllPreprocessorDefinitions = false
                           CallingConvention = Cdecl
                           FavorSizeOrSpeed = Neither
                           IntrinsicFunctions = false
                           LanguageStandard = Default
                           SmallerTypeCheck = false
                           ConformanceMode = true
                           WarningLevel = Level3
                           InlineFunctionExpansion = Default
                           PrecompiledHeaderFile = stdafx.h
                           SpectreMitigation = false
                           SourceDependenciesFile = C:\CG\CG2_00_01\submission_ready_20260730_165019\LE3C_26_ヨシノ_ゲント\02_プロジェクト\CG2_00_01-CG4_-2\project\..\generated\obj\imgui\Debug\
                           XMLDocumentationFileName = C:\CG\CG2_00_01\submission_ready_20260730_165019\LE3C_26_ヨシノ_ゲント\02_プロジェクト\CG2_00_01-CG4_-2\project\..\generated\obj\imgui\Debug\
                           ExternalWarningLevel = InheritWarningLevel
                           PrecompiledHeaderOutputFile = C:\CG\CG2_00_01\submission_ready_20260730_165019\LE3C_26_ヨシノ_ゲント\02_プロジェクト\CG2_00_01-CG4_-2\project\..\generated\obj\imgui\Debug\imgui.pch
                           BuildStlModules = false
                           GenerateModuleDependencies = false
                           SDLCheck = true
                           LibCompiled = true
                           MinimalRebuild = false
                           PreprocessKeepComments = false
                           ForcedUsingFiles = 
                           WholeProgramOptimization = false
                           IgnoreStandardIncludePath = false
                           ObjectFileName = C:\CG\CG2_00_01\submission_ready_20260730_165019\LE3C_26_ヨシノ_ゲント\02_プロジェクト\CG2_00_01-CG4_-2\project\..\generated\obj\imgui\Debug\
                           ModuleOutputFile = C:\CG\CG2_00_01\submission_ready_20260730_165019\LE3C_26_ヨシノ_ゲント\02_プロジェクト\CG2_00_01-CG4_-2\project\..\generated\obj\imgui\Debug\
                           UseDynamicDebugging = false
                           LinkCompiled = 
                           TrackerLogDirectory = C:\CG\CG2_00_01\submission_ready_20260730_165019\LE3C_26_ヨシノ_ゲント\02_プロジェクト\CG2_00_01-CG4_-2\project\..\generated\obj\imgui\Debug\imgui.tlog\
                           TreatAngleIncludeAsExternal = false
                           BasicRuntimeChecks = EnableFastChecks
                           AcceptableNonZeroExitCodes = 
                           MinimalRebuildFromTracking = true
                           Optimization = Disabled
                           SuppressStartupBanner = true
                           DisableAnalyzeExternal = false
                           BufferSecurityCheck = true
                           ExceptionHandling = Sync
                           TreatExternalTemplatesAsInternal = true
                           ErrorReporting = Queue
                           OmitDefaultLibName = false
                           FloatingPointModel = Precise
                           CompileAs = Default
                           TreatWChar_tAsBuiltInType = true
                           PreprocessorDefinitions = _DEBUG;_LIB;USE_IMGUI;_UNICODE;UNICODE;
                           TranslateIncludes = false
                           ForcedIncludeFiles = 
                           ExpandAttributedSource = false
                       imgui_demo.cpp
                           StructMemberAlignment = Default
                           DisableLanguageExtensions = false
                           ModuleDependenciesFile = C:\CG\CG2_00_01\submission_ready_20260730_165019\LE3C_26_ヨシノ_ゲント\02_プロジェクト\CG2_00_01-CG4_-2\project\..\generated\obj\imgui\Debug\
                           UseFullPaths = true
                           ProgramDataBaseFileName = C:\CG\CG2_00_01\submission_ready_20260730_165019\LE3C_26_ヨシノ_ゲント\02_プロジェクト\CG2_00_01-CG4_-2\project\..\generated\outputs\Debug\imgui.pdb
                           ImpLibCompiled = 
                           ScanSourceForModuleDependencies = false
                           EnableASAN = false
                           RemoveUnreferencedCodeData = true
                           ForceConformanceInForLoopScope = true
                           DebugInformationFormat = EditAndContinue
                           DiagnosticsFormat = Column
                           SupportJustMyCode = true
                           GenerateXMLDocumentationFiles = false
                           AssemblerOutput = NoListing
                           EnableEnhancedInstructionSet = NotSet
                           RuntimeLibrary = MultiThreadedDebug
                           PreprocessToFile = false
                           GenerateSourceDependencies = false
                           AssemblerListingLocation = C:\CG\CG2_00_01\submission_ready_20260730_165019\LE3C_26_ヨシノ_ゲント\02_プロジェクト\CG2_00_01-CG4_-2\project\..\generated\obj\imgui\Debug\
                           PreprocessSuppressLineNumbers = false
                           EnableVectorLength = NotSet
                           TreatWarningAsError = false
                           EnableFiberSafeOptimizations = false
                           IntelJCCErratum = false
                           ShowIncludes = false
                           LanguageStandard_C = Default
                           BrowseInformation = false
                           PrecompiledHeader = NotUsing
                           EnableFuzzer = false
                           BrowseInformationFile = C:\CG\CG2_00_01\submission_ready_20260730_165019\LE3C_26_ヨシノ_ゲント\02_プロジェクト\CG2_00_01-CG4_-2\project\..\generated\obj\imgui\Debug\
                           UndefineAllPreprocessorDefinitions = false
                           CallingConvention = Cdecl
                           FavorSizeOrSpeed = Neither
                           IntrinsicFunctions = false
                           LanguageStandard = Default
                           SmallerTypeCheck = false
                           ConformanceMode = true
                           WarningLevel = Level3
                           InlineFunctionExpansion = Default
                           PrecompiledHeaderFile = stdafx.h
                           SpectreMitigation = false
                           SourceDependenciesFile = C:\CG\CG2_00_01\submission_ready_20260730_165019\LE3C_26_ヨシノ_ゲント\02_プロジェクト\CG2_00_01-CG4_-2\project\..\generated\obj\imgui\Debug\
                           XMLDocumentationFileName = C:\CG\CG2_00_01\submission_ready_20260730_165019\LE3C_26_ヨシノ_ゲント\02_プロジェクト\CG2_00_01-CG4_-2\project\..\generated\obj\imgui\Debug\
                           ExternalWarningLevel = InheritWarningLevel
                           PrecompiledHeaderOutputFile = C:\CG\CG2_00_01\submission_ready_20260730_165019\LE3C_26_ヨシノ_ゲント\02_プロジェクト\CG2_00_01-CG4_-2\project\..\generated\obj\imgui\Debug\imgui.pch
                           BuildStlModules = false
                           GenerateModuleDependencies = false
                           SDLCheck = true
                           LibCompiled = true
                           MinimalRebuild = false
                           PreprocessKeepComments = false
                           ForcedUsingFiles = 
                           WholeProgramOptimization = false
                           IgnoreStandardIncludePath = false
                           ObjectFileName = C:\CG\CG2_00_01\submission_ready_20260730_165019\LE3C_26_ヨシノ_ゲント\02_プロジェクト\CG2_00_01-CG4_-2\project\..\generated\obj\imgui\Debug\
                           ModuleOutputFile = C:\CG\CG2_00_01\submission_ready_20260730_165019\LE3C_26_ヨシノ_ゲント\02_プロジェクト\CG2_00_01-CG4_-2\project\..\generated\obj\imgui\Debug\
                           UseDynamicDebugging = false
                           LinkCompiled = 
                           TrackerLogDirectory = C:\CG\CG2_00_01\submission_ready_20260730_165019\LE3C_26_ヨシノ_ゲント\02_プロジェクト\CG2_00_01-CG4_-2\project\..\generated\obj\imgui\Debug\imgui.tlog\
                           TreatAngleIncludeAsExternal = false
                           BasicRuntimeChecks = EnableFastChecks
                           AcceptableNonZeroExitCodes = 
                           MinimalRebuildFromTracking = true
                           Optimization = Disabled
                           SuppressStartupBanner = true
                           DisableAnalyzeExternal = false
                           BufferSecurityCheck = true
                           ExceptionHandling = Sync
                           TreatExternalTemplatesAsInternal = true
                           ErrorReporting = Queue
                           OmitDefaultLibName = false
                           FloatingPointModel = Precise
                           CompileAs = Default
                           TreatWChar_tAsBuiltInType = true
                           PreprocessorDefinitions = _DEBUG;_LIB;USE_IMGUI;_UNICODE;UNICODE;
                           TranslateIncludes = false
                           ForcedIncludeFiles = 
                           ExpandAttributedSource = false
                       imgui_draw.cpp
                           StructMemberAlignment = Default
                           DisableLanguageExtensions = false
                           ModuleDependenciesFile = C:\CG\CG2_00_01\submission_ready_20260730_165019\LE3C_26_ヨシノ_ゲント\02_プロジェクト\CG2_00_01-CG4_-2\project\..\generated\obj\imgui\Debug\
                           UseFullPaths = true
                           ProgramDataBaseFileName = C:\CG\CG2_00_01\submission_ready_20260730_165019\LE3C_26_ヨシノ_ゲント\02_プロジェクト\CG2_00_01-CG4_-2\project\..\generated\outputs\Debug\imgui.pdb
                           ImpLibCompiled = 
                           ScanSourceForModuleDependencies = false
                           EnableASAN = false
                           RemoveUnreferencedCodeData = true
                           ForceConformanceInForLoopScope = true
                           DebugInformationFormat = EditAndContinue
                           DiagnosticsFormat = Column
                           SupportJustMyCode = true
                           GenerateXMLDocumentationFiles = false
                           AssemblerOutput = NoListing
                           EnableEnhancedInstructionSet = NotSet
                           RuntimeLibrary = MultiThreadedDebug
                           PreprocessToFile = false
                           GenerateSourceDependencies = false
                           AssemblerListingLocation = C:\CG\CG2_00_01\submission_ready_20260730_165019\LE3C_26_ヨシノ_ゲント\02_プロジェクト\CG2_00_01-CG4_-2\project\..\generated\obj\imgui\Debug\
                           PreprocessSuppressLineNumbers = false
                           EnableVectorLength = NotSet
                           TreatWarningAsError = false
                           EnableFiberSafeOptimizations = false
                           IntelJCCErratum = false
                           ShowIncludes = false
                           LanguageStandard_C = Default
                           BrowseInformation = false
                           PrecompiledHeader = NotUsing
                           EnableFuzzer = false
                           BrowseInformationFile = C:\CG\CG2_00_01\submission_ready_20260730_165019\LE3C_26_ヨシノ_ゲント\02_プロジェクト\CG2_00_01-CG4_-2\project\..\generated\obj\imgui\Debug\
                           UndefineAllPreprocessorDefinitions = false
                           CallingConvention = Cdecl
                           FavorSizeOrSpeed = Neither
                           IntrinsicFunctions = false
                           LanguageStandard = Default
                           SmallerTypeCheck = false
                           ConformanceMode = true
                           WarningLevel = Level3
                           InlineFunctionExpansion = Default
                           PrecompiledHeaderFile = stdafx.h
                           SpectreMitigation = false
                           SourceDependenciesFile = C:\CG\CG2_00_01\submission_ready_20260730_165019\LE3C_26_ヨシノ_ゲント\02_プロジェクト\CG2_00_01-CG4_-2\project\..\generated\obj\imgui\Debug\
                           XMLDocumentationFileName = C:\CG\CG2_00_01\submission_ready_20260730_165019\LE3C_26_ヨシノ_ゲント\02_プロジェクト\CG2_00_01-CG4_-2\project\..\generated\obj\imgui\Debug\
                           ExternalWarningLevel = InheritWarningLevel
                           PrecompiledHeaderOutputFile = C:\CG\CG2_00_01\submission_ready_20260730_165019\LE3C_26_ヨシノ_ゲント\02_プロジェクト\CG2_00_01-CG4_-2\project\..\generated\obj\imgui\Debug\imgui.pch
                           BuildStlModules = false
                           GenerateModuleDependencies = false
                           SDLCheck = true
                           LibCompiled = true
                           MinimalRebuild = false
                           PreprocessKeepComments = false
                           ForcedUsingFiles = 
                           WholeProgramOptimization = false
                           IgnoreStandardIncludePath = false
                           ObjectFileName = C:\CG\CG2_00_01\submission_ready_20260730_165019\LE3C_26_ヨシノ_ゲント\02_プロジェクト\CG2_00_01-CG4_-2\project\..\generated\obj\imgui\Debug\
                           ModuleOutputFile = C:\CG\CG2_00_01\submission_ready_20260730_165019\LE3C_26_ヨシノ_ゲント\02_プロジェクト\CG2_00_01-CG4_-2\project\..\generated\obj\imgui\Debug\
                           UseDynamicDebugging = false
                           LinkCompiled = 
                           TrackerLogDirectory = C:\CG\CG2_00_01\submission_ready_20260730_165019\LE3C_26_ヨシノ_ゲント\02_プロジェクト\CG2_00_01-CG4_-2\project\..\generated\obj\imgui\Debug\imgui.tlog\
                           TreatAngleIncludeAsExternal = false
                           BasicRuntimeChecks = EnableFastChecks
                           AcceptableNonZeroExitCodes = 
                           MinimalRebuildFromTracking = true
                           Optimization = Disabled
                           SuppressStartupBanner = true
                           DisableAnalyzeExternal = false
                           BufferSecurityCheck = true
                           ExceptionHandling = Sync
                           TreatExternalTemplatesAsInternal = true
                           ErrorReporting = Queue
                           OmitDefaultLibName = false
                           FloatingPointModel = Precise
                           CompileAs = Default
                           TreatWChar_tAsBuiltInType = true
                           PreprocessorDefinitions = _DEBUG;_LIB;USE_IMGUI;_UNICODE;UNICODE;
                           TranslateIncludes = false
                           ForcedIncludeFiles = 
                           ExpandAttributedSource = false
                       imgui_impl_dx12.cpp
                           StructMemberAlignment = Default
                           DisableLanguageExtensions = false
                           ModuleDependenciesFile = C:\CG\CG2_00_01\submission_ready_20260730_165019\LE3C_26_ヨシノ_ゲント\02_プロジェクト\CG2_00_01-CG4_-2\project\..\generated\obj\imgui\Debug\
                           UseFullPaths = true
                           ProgramDataBaseFileName = C:\CG\CG2_00_01\submission_ready_20260730_165019\LE3C_26_ヨシノ_ゲント\02_プロジェクト\CG2_00_01-CG4_-2\project\..\generated\outputs\Debug\imgui.pdb
                           ImpLibCompiled = 
                           ScanSourceForModuleDependencies = false
                           EnableASAN = false
                           RemoveUnreferencedCodeData = true
                           ForceConformanceInForLoopScope = true
                           DebugInformationFormat = EditAndContinue
                           DiagnosticsFormat = Column
                           SupportJustMyCode = true
                           GenerateXMLDocumentationFiles = false
                           AssemblerOutput = NoListing
                           EnableEnhancedInstructionSet = NotSet
                           RuntimeLibrary = MultiThreadedDebug
                           PreprocessToFile = false
                           GenerateSourceDependencies = false
                           AssemblerListingLocation = C:\CG\CG2_00_01\submission_ready_20260730_165019\LE3C_26_ヨシノ_ゲント\02_プロジェクト\CG2_00_01-CG4_-2\project\..\generated\obj\imgui\Debug\
                           PreprocessSuppressLineNumbers = false
                           EnableVectorLength = NotSet
                           TreatWarningAsError = false
                           EnableFiberSafeOptimizations = false
                           IntelJCCErratum = false
                           ShowIncludes = false
                           LanguageStandard_C = Default
                           BrowseInformation = false
                           PrecompiledHeader = NotUsing
                           EnableFuzzer = false
                           BrowseInformationFile = C:\CG\CG2_00_01\submission_ready_20260730_165019\LE3C_26_ヨシノ_ゲント\02_プロジェクト\CG2_00_01-CG4_-2\project\..\generated\obj\imgui\Debug\
                           UndefineAllPreprocessorDefinitions = false
                           CallingConvention = Cdecl
                           FavorSizeOrSpeed = Neither
                           IntrinsicFunctions = false
                           LanguageStandard = Default
                           SmallerTypeCheck = false
                           ConformanceMode = true
                           WarningLevel = Level3
                           InlineFunctionExpansion = Default
                           PrecompiledHeaderFile = stdafx.h
                           SpectreMitigation = false
                           SourceDependenciesFile = C:\CG\CG2_00_01\submission_ready_20260730_165019\LE3C_26_ヨシノ_ゲント\02_プロジェクト\CG2_00_01-CG4_-2\project\..\generated\obj\imgui\Debug\
                           XMLDocumentationFileName = C:\CG\CG2_00_01\submission_ready_20260730_165019\LE3C_26_ヨシノ_ゲント\02_プロジェクト\CG2_00_01-CG4_-2\project\..\generated\obj\imgui\Debug\
                           ExternalWarningLevel = InheritWarningLevel
                           PrecompiledHeaderOutputFile = C:\CG\CG2_00_01\submission_ready_20260730_165019\LE3C_26_ヨシノ_ゲント\02_プロジェクト\CG2_00_01-CG4_-2\project\..\generated\obj\imgui\Debug\imgui.pch
                           BuildStlModules = false
                           GenerateModuleDependencies = false
                           SDLCheck = true
                           LibCompiled = true
                           MinimalRebuild = false
                           PreprocessKeepComments = false
                           ForcedUsingFiles = 
                           WholeProgramOptimization = false
                           IgnoreStandardIncludePath = false
                           ObjectFileName = C:\CG\CG2_00_01\submission_ready_20260730_165019\LE3C_26_ヨシノ_ゲント\02_プロジェクト\CG2_00_01-CG4_-2\project\..\generated\obj\imgui\Debug\
                           ModuleOutputFile = C:\CG\CG2_00_01\submission_ready_20260730_165019\LE3C_26_ヨシノ_ゲント\02_プロジェクト\CG2_00_01-CG4_-2\project\..\generated\obj\imgui\Debug\
                           UseDynamicDebugging = false
                           LinkCompiled = 
                           TrackerLogDirectory = C:\CG\CG2_00_01\submission_ready_20260730_165019\LE3C_26_ヨシノ_ゲント\02_プロジェクト\CG2_00_01-CG4_-2\project\..\generated\obj\imgui\Debug\imgui.tlog\
                           TreatAngleIncludeAsExternal = false
                           BasicRuntimeChecks = EnableFastChecks
                           AcceptableNonZeroExitCodes = 
                           MinimalRebuildFromTracking = true
                           Optimization = Disabled
                           SuppressStartupBanner = true
                           DisableAnalyzeExternal = false
                           BufferSecurityCheck = true
                           ExceptionHandling = Sync
                           TreatExternalTemplatesAsInternal = true
                           ErrorReporting = Queue
                           OmitDefaultLibName = false
                           FloatingPointModel = Precise
                           CompileAs = Default
                           TreatWChar_tAsBuiltInType = true
                           PreprocessorDefinitions = _DEBUG;_LIB;USE_IMGUI;_UNICODE;UNICODE;
                           TranslateIncludes = false
                           ForcedIncludeFiles = 
                           ExpandAttributedSource = false
                       imgui_impl_win32.cpp
                           StructMemberAlignment = Default
                           DisableLanguageExtensions = false
                           ModuleDependenciesFile = C:\CG\CG2_00_01\submission_ready_20260730_165019\LE3C_26_ヨシノ_ゲント\02_プロジェクト\CG2_00_01-CG4_-2\project\..\generated\obj\imgui\Debug\
                           UseFullPaths = true
                           ProgramDataBaseFileName = C:\CG\CG2_00_01\submission_ready_20260730_165019\LE3C_26_ヨシノ_ゲント\02_プロジェクト\CG2_00_01-CG4_-2\project\..\generated\outputs\Debug\imgui.pdb
                           ImpLibCompiled = 
                           ScanSourceForModuleDependencies = false
                           EnableASAN = false
                           RemoveUnreferencedCodeData = true
                           ForceConformanceInForLoopScope = true
                           DebugInformationFormat = EditAndContinue
                           DiagnosticsFormat = Column
                           SupportJustMyCode = true
                           GenerateXMLDocumentationFiles = false
                           AssemblerOutput = NoListing
                           EnableEnhancedInstructionSet = NotSet
                           RuntimeLibrary = MultiThreadedDebug
                           PreprocessToFile = false
                           GenerateSourceDependencies = false
                           AssemblerListingLocation = C:\CG\CG2_00_01\submission_ready_20260730_165019\LE3C_26_ヨシノ_ゲント\02_プロジェクト\CG2_00_01-CG4_-2\project\..\generated\obj\imgui\Debug\
                           PreprocessSuppressLineNumbers = false
                           EnableVectorLength = NotSet
                           TreatWarningAsError = false
                           EnableFiberSafeOptimizations = false
                           IntelJCCErratum = false
                           ShowIncludes = false
                           LanguageStandard_C = Default
                           BrowseInformation = false
                           PrecompiledHeader = NotUsing
                           EnableFuzzer = false
                           BrowseInformationFile = C:\CG\CG2_00_01\submission_ready_20260730_165019\LE3C_26_ヨシノ_ゲント\02_プロジェクト\CG2_00_01-CG4_-2\project\..\generated\obj\imgui\Debug\
                           UndefineAllPreprocessorDefinitions = false
                           CallingConvention = Cdecl
                           FavorSizeOrSpeed = Neither
                           IntrinsicFunctions = false
                           LanguageStandard = Default
                           SmallerTypeCheck = false
                           ConformanceMode = true
                           WarningLevel = Level3
                           InlineFunctionExpansion = Default
                           PrecompiledHeaderFile = stdafx.h
                           SpectreMitigation = false
                           SourceDependenciesFile = C:\CG\CG2_00_01\submission_ready_20260730_165019\LE3C_26_ヨシノ_ゲント\02_プロジェクト\CG2_00_01-CG4_-2\project\..\generated\obj\imgui\Debug\
                           XMLDocumentationFileName = C:\CG\CG2_00_01\submission_ready_20260730_165019\LE3C_26_ヨシノ_ゲント\02_プロジェクト\CG2_00_01-CG4_-2\project\..\generated\obj\imgui\Debug\
                           ExternalWarningLevel = InheritWarningLevel
                           PrecompiledHeaderOutputFile = C:\CG\CG2_00_01\submission_ready_20260730_165019\LE3C_26_ヨシノ_ゲント\02_プロジェクト\CG2_00_01-CG4_-2\project\..\generated\obj\imgui\Debug\imgui.pch
                           BuildStlModules = false
                           GenerateModuleDependencies = false
                           SDLCheck = true
                           LibCompiled = true
                           MinimalRebuild = false
                           PreprocessKeepComments = false
                           ForcedUsingFiles = 
                           WholeProgramOptimization = false
                           IgnoreStandardIncludePath = false
                           ObjectFileName = C:\CG\CG2_00_01\submission_ready_20260730_165019\LE3C_26_ヨシノ_ゲント\02_プロジェクト\CG2_00_01-CG4_-2\project\..\generated\obj\imgui\Debug\
                           ModuleOutputFile = C:\CG\CG2_00_01\submission_ready_20260730_165019\LE3C_26_ヨシノ_ゲント\02_プロジェクト\CG2_00_01-CG4_-2\project\..\generated\obj\imgui\Debug\
                           UseDynamicDebugging = false
                           LinkCompiled = 
                           TrackerLogDirectory = C:\CG\CG2_00_01\submission_ready_20260730_165019\LE3C_26_ヨシノ_ゲント\02_プロジェクト\CG2_00_01-CG4_-2\project\..\generated\obj\imgui\Debug\imgui.tlog\
                           TreatAngleIncludeAsExternal = false
                           BasicRuntimeChecks = EnableFastChecks
                           AcceptableNonZeroExitCodes = 
                           MinimalRebuildFromTracking = true
                           Optimization = Disabled
                           SuppressStartupBanner = true
                           DisableAnalyzeExternal = false
                           BufferSecurityCheck = true
                           ExceptionHandling = Sync
                           TreatExternalTemplatesAsInternal = true
                           ErrorReporting = Queue
                           OmitDefaultLibName = false
                           FloatingPointModel = Precise
                           CompileAs = Default
                           TreatWChar_tAsBuiltInType = true
                           PreprocessorDefinitions = _DEBUG;_LIB;USE_IMGUI;_UNICODE;UNICODE;
                           TranslateIncludes = false
                           ForcedIncludeFiles = 
                           ExpandAttributedSource = false
                       imgui_tables.cpp
                           StructMemberAlignment = Default
                           DisableLanguageExtensions = false
                           ModuleDependenciesFile = C:\CG\CG2_00_01\submission_ready_20260730_165019\LE3C_26_ヨシノ_ゲント\02_プロジェクト\CG2_00_01-CG4_-2\project\..\generated\obj\imgui\Debug\
                           UseFullPaths = true
                           ProgramDataBaseFileName = C:\CG\CG2_00_01\submission_ready_20260730_165019\LE3C_26_ヨシノ_ゲント\02_プロジェクト\CG2_00_01-CG4_-2\project\..\generated\outputs\Debug\imgui.pdb
                           ImpLibCompiled = 
                           ScanSourceForModuleDependencies = false
                           EnableASAN = false
                           RemoveUnreferencedCodeData = true
                           ForceConformanceInForLoopScope = true
                           DebugInformationFormat = EditAndContinue
                           DiagnosticsFormat = Column
                           SupportJustMyCode = true
                           GenerateXMLDocumentationFiles = false
                           AssemblerOutput = NoListing
                           EnableEnhancedInstructionSet = NotSet
                           RuntimeLibrary = MultiThreadedDebug
                           PreprocessToFile = false
                           GenerateSourceDependencies = false
                           AssemblerListingLocation = C:\CG\CG2_00_01\submission_ready_20260730_165019\LE3C_26_ヨシノ_ゲント\02_プロジェクト\CG2_00_01-CG4_-2\project\..\generated\obj\imgui\Debug\
                           PreprocessSuppressLineNumbers = false
                           EnableVectorLength = NotSet
                           TreatWarningAsError = false
                           EnableFiberSafeOptimizations = false
                           IntelJCCErratum = false
                           ShowIncludes = false
                           LanguageStandard_C = Default
                           BrowseInformation = false
                           PrecompiledHeader = NotUsing
                           EnableFuzzer = false
                           BrowseInformationFile = C:\CG\CG2_00_01\submission_ready_20260730_165019\LE3C_26_ヨシノ_ゲント\02_プロジェクト\CG2_00_01-CG4_-2\project\..\generated\obj\imgui\Debug\
                           UndefineAllPreprocessorDefinitions = false
                           CallingConvention = Cdecl
                           FavorSizeOrSpeed = Neither
                           IntrinsicFunctions = false
                           LanguageStandard = Default
                           SmallerTypeCheck = false
                           ConformanceMode = true
                           WarningLevel = Level3
                           InlineFunctionExpansion = Default
                           PrecompiledHeaderFile = stdafx.h
                           SpectreMitigation = false
                           SourceDependenciesFile = C:\CG\CG2_00_01\submission_ready_20260730_165019\LE3C_26_ヨシノ_ゲント\02_プロジェクト\CG2_00_01-CG4_-2\project\..\generated\obj\imgui\Debug\
                           XMLDocumentationFileName = C:\CG\CG2_00_01\submission_ready_20260730_165019\LE3C_26_ヨシノ_ゲント\02_プロジェクト\CG2_00_01-CG4_-2\project\..\generated\obj\imgui\Debug\
                           ExternalWarningLevel = InheritWarningLevel
                           PrecompiledHeaderOutputFile = C:\CG\CG2_00_01\submission_ready_20260730_165019\LE3C_26_ヨシノ_ゲント\02_プロジェクト\CG2_00_01-CG4_-2\project\..\generated\obj\imgui\Debug\imgui.pch
                           BuildStlModules = false
                           GenerateModuleDependencies = false
                           SDLCheck = true
                           LibCompiled = true
                           MinimalRebuild = false
                           PreprocessKeepComments = false
                           ForcedUsingFiles = 
                           WholeProgramOptimization = false
                           IgnoreStandardIncludePath = false
                           ObjectFileName = C:\CG\CG2_00_01\submission_ready_20260730_165019\LE3C_26_ヨシノ_ゲント\02_プロジェクト\CG2_00_01-CG4_-2\project\..\generated\obj\imgui\Debug\
                           ModuleOutputFile = C:\CG\CG2_00_01\submission_ready_20260730_165019\LE3C_26_ヨシノ_ゲント\02_プロジェクト\CG2_00_01-CG4_-2\project\..\generated\obj\imgui\Debug\
                           UseDynamicDebugging = false
                           LinkCompiled = 
                           TrackerLogDirectory = C:\CG\CG2_00_01\submission_ready_20260730_165019\LE3C_26_ヨシノ_ゲント\02_プロジェクト\CG2_00_01-CG4_-2\project\..\generated\obj\imgui\Debug\imgui.tlog\
                           TreatAngleIncludeAsExternal = false
                           BasicRuntimeChecks = EnableFastChecks
                           AcceptableNonZeroExitCodes = 
                           MinimalRebuildFromTracking = true
                           Optimization = Disabled
                           SuppressStartupBanner = true
                           DisableAnalyzeExternal = false
                           BufferSecurityCheck = true
                           ExceptionHandling = Sync
                           TreatExternalTemplatesAsInternal = true
                           ErrorReporting = Queue
                           OmitDefaultLibName = false
                           FloatingPointModel = Precise
                           CompileAs = Default
                           TreatWChar_tAsBuiltInType = true
                           PreprocessorDefinitions = _DEBUG;_LIB;USE_IMGUI;_UNICODE;UNICODE;
                           TranslateIncludes = false
                           ForcedIncludeFiles = 
                           ExpandAttributedSource = false
                       imgui_widgets.cpp
                           StructMemberAlignment = Default
                           DisableLanguageExtensions = false
                           ModuleDependenciesFile = C:\CG\CG2_00_01\submission_ready_20260730_165019\LE3C_26_ヨシノ_ゲント\02_プロジェクト\CG2_00_01-CG4_-2\project\..\generated\obj\imgui\Debug\
                           UseFullPaths = true
                           ProgramDataBaseFileName = C:\CG\CG2_00_01\submission_ready_20260730_165019\LE3C_26_ヨシノ_ゲント\02_プロジェクト\CG2_00_01-CG4_-2\project\..\generated\outputs\Debug\imgui.pdb
                           ImpLibCompiled = 
                           ScanSourceForModuleDependencies = false
                           EnableASAN = false
                           RemoveUnreferencedCodeData = true
                           ForceConformanceInForLoopScope = true
                           DebugInformationFormat = EditAndContinue
                           DiagnosticsFormat = Column
                           SupportJustMyCode = true
                           GenerateXMLDocumentationFiles = false
                           AssemblerOutput = NoListing
                           EnableEnhancedInstructionSet = NotSet
                           RuntimeLibrary = MultiThreadedDebug
                           PreprocessToFile = false
                           GenerateSourceDependencies = false
                           AssemblerListingLocation = C:\CG\CG2_00_01\submission_ready_20260730_165019\LE3C_26_ヨシノ_ゲント\02_プロジェクト\CG2_00_01-CG4_-2\project\..\generated\obj\imgui\Debug\
                           PreprocessSuppressLineNumbers = false
                           EnableVectorLength = NotSet
                           TreatWarningAsError = false
                           EnableFiberSafeOptimizations = false
                           IntelJCCErratum = false
                           ShowIncludes = false
                           LanguageStandard_C = Default
                           BrowseInformation = false
                           PrecompiledHeader = NotUsing
                           EnableFuzzer = false
                           BrowseInformationFile = C:\CG\CG2_00_01\submission_ready_20260730_165019\LE3C_26_ヨシノ_ゲント\02_プロジェクト\CG2_00_01-CG4_-2\project\..\generated\obj\imgui\Debug\
                           UndefineAllPreprocessorDefinitions = false
                           CallingConvention = Cdecl
                           FavorSizeOrSpeed = Neither
                           IntrinsicFunctions = false
                           LanguageStandard = Default
                           SmallerTypeCheck = false
                           ConformanceMode = true
                           WarningLevel = Level3
                           InlineFunctionExpansion = Default
                           PrecompiledHeaderFile = stdafx.h
                           SpectreMitigation = false
                           SourceDependenciesFile = C:\CG\CG2_00_01\submission_ready_20260730_165019\LE3C_26_ヨシノ_ゲント\02_プロジェクト\CG2_00_01-CG4_-2\project\..\generated\obj\imgui\Debug\
                           XMLDocumentationFileName = C:\CG\CG2_00_01\submission_ready_20260730_165019\LE3C_26_ヨシノ_ゲント\02_プロジェクト\CG2_00_01-CG4_-2\project\..\generated\obj\imgui\Debug\
                           ExternalWarningLevel = InheritWarningLevel
                           PrecompiledHeaderOutputFile = C:\CG\CG2_00_01\submission_ready_20260730_165019\LE3C_26_ヨシノ_ゲント\02_プロジェクト\CG2_00_01-CG4_-2\project\..\generated\obj\imgui\Debug\imgui.pch
                           BuildStlModules = false
                           GenerateModuleDependencies = false
                           SDLCheck = true
                           LibCompiled = true
                           MinimalRebuild = false
                           PreprocessKeepComments = false
                           ForcedUsingFiles = 
                           WholeProgramOptimization = false
                           IgnoreStandardIncludePath = false
                           ObjectFileName = C:\CG\CG2_00_01\submission_ready_20260730_165019\LE3C_26_ヨシノ_ゲント\02_プロジェクト\CG2_00_01-CG4_-2\project\..\generated\obj\imgui\Debug\
                           ModuleOutputFile = C:\CG\CG2_00_01\submission_ready_20260730_165019\LE3C_26_ヨシノ_ゲント\02_プロジェクト\CG2_00_01-CG4_-2\project\..\generated\obj\imgui\Debug\
                           UseDynamicDebugging = false
                           LinkCompiled = 
                           TrackerLogDirectory = C:\CG\CG2_00_01\submission_ready_20260730_165019\LE3C_26_ヨシノ_ゲント\02_プロジェクト\CG2_00_01-CG4_-2\project\..\generated\obj\imgui\Debug\imgui.tlog\
                           TreatAngleIncludeAsExternal = false
                           BasicRuntimeChecks = EnableFastChecks
                           AcceptableNonZeroExitCodes = 
                           MinimalRebuildFromTracking = true
                           Optimization = Disabled
                           SuppressStartupBanner = true
                           DisableAnalyzeExternal = false
                           BufferSecurityCheck = true
                           ExceptionHandling = Sync
                           TreatExternalTemplatesAsInternal = true
                           ErrorReporting = Queue
                           OmitDefaultLibName = false
                           FloatingPointModel = Precise
                           CompileAs = Default
                           TreatWChar_tAsBuiltInType = true
                           PreprocessorDefinitions = _DEBUG;_LIB;USE_IMGUI;_UNICODE;UNICODE;
                           TranslateIncludes = false
                           ForcedIncludeFiles = 
                           ExpandAttributedSource = false
                   Clean
                       C:\CG\CG2_00_01\submission_ready_20260730_165019\LE3C_26_ヨシノ_ゲント\02_プロジェクト\CG2_00_01-CG4_-2\project\..\generated\obj\imgui\Debug\\TempCA\imgui.lib
                       C:\CG\CG2_00_01\submission_ready_20260730_165019\LE3C_26_ヨシノ_ゲント\02_プロジェクト\CG2_00_01-CG4_-2\project\..\generated\obj\imgui\Debug\\TempCA\imgui.pdb
                   ClInclude
                       imconfig.h
                       imgui.h
                       imgui_impl_dx12.h
                       imgui_impl_win32.h
                       imgui_internal.h
                       imstb_rectpack.h
                       imstb_textedit.h
                       imstb_truetype.h
                   CopyUpToDateMarker
                       C:\CG\CG2_00_01\submission_ready_20260730_165019\LE3C_26_ヨシノ_ゲント\02_プロジェクト\CG2_00_01-CG4_-2\generated\obj\imgui\Debug\imgui.vcxproj.Up2Date
                   CoreClangTidy
                       C:\CG\CG2_00_01\submission_ready_20260730_165019\LE3C_26_ヨシノ_ゲント\02_プロジェクト\CG2_00_01-CG4_-2\project\..\generated\obj\imgui\Debug\
                       C:\CG\CG2_00_01\submission_ready_20260730_165019\LE3C_26_ヨシノ_ゲント\02_プロジェクト\CG2_00_01-CG4_-2\project\..\generated\obj\imgui\Debug\imgui.tlog\
                   CoreCppClean
                       C:\CG\CG2_00_01\submission_ready_20260730_165019\LE3C_26_ヨシノ_ゲント\02_プロジェクト\CG2_00_01-CG4_-2\project\..\generated\obj\imgui\Debug\
                           FilePatternsToDelete = *.cdf;*.cache;*.obj;*.obj.enc;*.ilk;*.ipdb;*.iobj;*.resources;*.tlb;*.tli;*.tlh;*.tmp;*.rsp;*.pgc;*.pgd;*.meta;*.tlog;*.manifest;*.res;*.pch;*.exp;*.idb;*.rep;*.xdc;*.pdb;*_manifest.rc;*.bsc;*.sbr;*.xml;*.metagen;*.bi;C:\CG\CG2_00_01\submission_ready_20260730_165019\LE3C_26_ヨシノ_ゲント\02_プロジェクト\CG2_00_01-CG4_-2\generated\outputs\Debug\imgui.lib.manifest;C:\CG\CG2_00_01\submission_ready_20260730_165019\LE3C_26_ヨシノ_ゲント\02_プロジェクト\CG2_00_01-CG4_-2\project\..\generated\outputs\Debug\imgui.tlb;C:\CG\CG2_00_01\submission_ready_20260730_165019\LE3C_26_ヨシノ_ゲント\02_プロジェクト\CG2_00_01-CG4_-2\project\..\generated\outputs\Debug\imgui.pdb;C:\CG\CG2_00_01\submission_ready_20260730_165019\LE3C_26_ヨシノ_ゲント\02_プロジェクト\CG2_00_01-CG4_-2\generated\outputs\Debug\imgui.lib;C:\CG\CG2_00_01\submission_ready_20260730_165019\LE3C_26_ヨシノ_ゲント\02_プロジェクト\CG2_00_01-CG4_-2\project\..\generated\outputs\Debug\imgui.bsc;C:\CG\CG2_00_01\submission_ready_20260730_165019\LE3C_26_ヨシノ_ゲント\02_プロジェクト\CG2_00_01-CG4_-2\project\..\generated\outputs\Debug\imgui.ilk;C:\CG\CG2_00_01\submission_ready_20260730_165019\LE3C_26_ヨシノ_ゲント\02_プロジェクト\CG2_00_01-CG4_-2\generated\outputs\Debug\imgui.lib.intermediate.manifest;C:\CG\CG2_00_01\submission_ready_20260730_165019\LE3C_26_ヨシノ_ゲント\02_プロジェクト\CG2_00_01-CG4_-2\project\..\generated\obj\imgui\Debug\imgui.vcxproj.FileListAbsolute.txt
                           DoDelete = TRUE
                           FilesExcludedFromClean = imgui.Build.CppClean.log
                       C:\CG\CG2_00_01\submission_ready_20260730_165019\LE3C_26_ヨシノ_ゲント\02_プロジェクト\CG2_00_01-CG4_-2\project\..\generated\obj\imgui\Debug\imgui.tlog\
                           FilePatternsToDelete = *.cdf;*.cache;*.obj;*.obj.enc;*.ilk;*.ipdb;*.iobj;*.resources;*.tlb;*.tli;*.tlh;*.tmp;*.rsp;*.pgc;*.pgd;*.meta;*.tlog;*.manifest;*.res;*.pch;*.exp;*.idb;*.rep;*.xdc;*.pdb;*_manifest.rc;*.bsc;*.sbr;*.xml;*.metagen;*.bi;C:\CG\CG2_00_01\submission_ready_20260730_165019\LE3C_26_ヨシノ_ゲント\02_プロジェクト\CG2_00_01-CG4_-2\generated\outputs\Debug\imgui.lib.manifest;C:\CG\CG2_00_01\submission_ready_20260730_165019\LE3C_26_ヨシノ_ゲント\02_プロジェクト\CG2_00_01-CG4_-2\project\..\generated\outputs\Debug\imgui.tlb;C:\CG\CG2_00_01\submission_ready_20260730_165019\LE3C_26_ヨシノ_ゲント\02_プロジェクト\CG2_00_01-CG4_-2\project\..\generated\outputs\Debug\imgui.pdb;C:\CG\CG2_00_01\submission_ready_20260730_165019\LE3C_26_ヨシノ_ゲント\02_プロジェクト\CG2_00_01-CG4_-2\generated\outputs\Debug\imgui.lib;C:\CG\CG2_00_01\submission_ready_20260730_165019\LE3C_26_ヨシノ_ゲント\02_プロジェクト\CG2_00_01-CG4_-2\project\..\generated\outputs\Debug\imgui.bsc;C:\CG\CG2_00_01\submission_ready_20260730_165019\LE3C_26_ヨシノ_ゲント\02_プロジェクト\CG2_00_01-CG4_-2\project\..\generated\outputs\Debug\imgui.ilk;C:\CG\CG2_00_01\submission_ready_20260730_165019\LE3C_26_ヨシノ_ゲント\02_プロジェクト\CG2_00_01-CG4_-2\generated\outputs\Debug\imgui.lib.intermediate.manifest;C:\CG\CG2_00_01\submission_ready_20260730_165019\LE3C_26_ヨシノ_ゲント\02_プロジェクト\CG2_00_01-CG4_-2\project\..\generated\obj\imgui\Debug\imgui.vcxproj.FileListAbsolute.txt
                           DoDelete = TRUE
                           FilesExcludedFromClean = imgui.Build.CppClean.log
                       C:\CG\CG2_00_01\submission_ready_20260730_165019\LE3C_26_ヨシノ_ゲント\02_プロジェクト\CG2_00_01-CG4_-2\project\..\generated\obj\imgui\Debug\imgui_MD.tlog\
                           FilePatternsToDelete = *.cdf;*.cache;*.obj;*.obj.enc;*.ilk;*.ipdb;*.iobj;*.resources;*.tlb;*.tli;*.tlh;*.tmp;*.rsp;*.pgc;*.pgd;*.meta;*.tlog;*.manifest;*.res;*.pch;*.exp;*.idb;*.rep;*.xdc;*.pdb;*_manifest.rc;*.bsc;*.sbr;*.xml;*.metagen;*.bi;C:\CG\CG2_00_01\submission_ready_20260730_165019\LE3C_26_ヨシノ_ゲント\02_プロジェクト\CG2_00_01-CG4_-2\generated\outputs\Debug\imgui.lib.manifest;C:\CG\CG2_00_01\submission_ready_20260730_165019\LE3C_26_ヨシノ_ゲント\02_プロジェクト\CG2_00_01-CG4_-2\project\..\generated\outputs\Debug\imgui.tlb;C:\CG\CG2_00_01\submission_ready_20260730_165019\LE3C_26_ヨシノ_ゲント\02_プロジェクト\CG2_00_01-CG4_-2\project\..\generated\outputs\Debug\imgui.pdb;C:\CG\CG2_00_01\submission_ready_20260730_165019\LE3C_26_ヨシノ_ゲント\02_プロジェクト\CG2_00_01-CG4_-2\generated\outputs\Debug\imgui.lib;C:\CG\CG2_00_01\submission_ready_20260730_165019\LE3C_26_ヨシノ_ゲント\02_プロジェクト\CG2_00_01-CG4_-2\project\..\generated\outputs\Debug\imgui.bsc;C:\CG\CG2_00_01\submission_ready_20260730_165019\LE3C_26_ヨシノ_ゲント\02_プロジェクト\CG2_00_01-CG4_-2\project\..\generated\outputs\Debug\imgui.ilk;C:\CG\CG2_00_01\submission_ready_20260730_165019\LE3C_26_ヨシノ_ゲント\02_プロジェクト\CG2_00_01-CG4_-2\generated\outputs\Debug\imgui.lib.intermediate.manifest;C:\CG\CG2_00_01\submission_ready_20260730_165019\LE3C_26_ヨシノ_ゲント\02_プロジェクト\CG2_00_01-CG4_-2\project\..\generated\obj\imgui\Debug\imgui.vcxproj.FileListAbsolute.txt
                           DoDelete = TRUE
                           FilesExcludedFromClean = imgui.Build.CppClean.log
                   CustomBuildStep
                       imgui
                           Message = Performing Custom Build Step
                   DebuggerPages
                       C:\Program Files\Microsoft Visual Studio\18\Community\MSBuild\Microsoft\VC\v180\1033\debugger_local_windows.xml
                       C:\Program Files\Microsoft Visual Studio\18\Community\MSBuild\Microsoft\VC\v180\1033\debugger_remote_windows.xml
                       C:\Program Files\Microsoft Visual Studio\18\Community\MSBuild\Microsoft\VC\v180\1033\debugger_web_browser.xml
                       C:\Program Files\Microsoft Visual Studio\18\Community\MSBuild\Microsoft\VC\v180\1033\debugger_web_service.xml
                   DeployManifest
                       C:\CG\CG2_00_01\submission_ready_20260730_165019\LE3C_26_ヨシノ_ゲント\02_プロジェクト\CG2_00_01-CG4_-2\project\..\generated\obj\imgui\Debug\imgui.application
                           TargetPath = imgui.application
                   DesktopDebuggerPages
                       C:\Program Files\Microsoft Visual Studio\18\Community\MSBuild\Microsoft\VC\v180\1033\debugger_local_windows.xml
                       C:\Program Files\Microsoft Visual Studio\18\Community\MSBuild\Microsoft\VC\v180\1033\debugger_remote_windows.xml
                       C:\Program Files\Microsoft Visual Studio\18\Community\MSBuild\Microsoft\VC\v180\1033\debugger_web_browser.xml
                       C:\Program Files\Microsoft Visual Studio\18\Community\MSBuild\Microsoft\VC\v180\1033\debugger_web_service.xml
                   GeneralDirsToMake
                       C:\CG\CG2_00_01\submission_ready_20260730_165019\LE3C_26_ヨシノ_ゲント\02_プロジェクト\CG2_00_01-CG4_-2\project\..\generated\obj\imgui\Debug\
                       C:\CG\CG2_00_01\submission_ready_20260730_165019\LE3C_26_ヨシノ_ゲント\02_プロジェクト\CG2_00_01-CG4_-2\project\..\generated\obj\imgui\Debug\imgui.tlog\
                       C:\CG\CG2_00_01\submission_ready_20260730_165019\LE3C_26_ヨシノ_ゲント\02_プロジェクト\CG2_00_01-CG4_-2\project\..\generated\outputs\Debug\
                   IntermediateAssembly
                       C:\CG\CG2_00_01\submission_ready_20260730_165019\LE3C_26_ヨシノ_ゲント\02_プロジェクト\CG2_00_01-CG4_-2\project\..\generated\obj\imgui\Debug\imgui.lib
                   NuGetPreprocessorValue
                       assemblyname
                           Value = imgui
                       filename
                           Value = imgui.vcxproj
                       fullpath
                           Value = C:\CG\CG2_00_01\submission_ready_20260730_165019\LE3C_26_ヨシノ_ゲント\02_プロジェクト\CG2_00_01-CG4_-2\project\externals\imgui
                       outputfilename
                           Value = imgui.lib
                       rootnamespace
                           Value = imgui
                   PostBuildEvent
                       imgui
                   PreBuildEvent
                       imgui
                   PreLinkEvent
                       imgui
                   ProjectCapability
                       AllTargetOutputGroups
                       AssemblyReferences
                       COMReferences
                       desktop
                       IntegratedConsoleDebugging
                       native
                       OutputGroups
                       ProjectConfigurationsDeclaredAsItems
                       ProjectReferences
                       PropertyManager
                       SDKReferences
                       SharedProjectReferences
                       VisualStudioWellKnownOutputGroups
                       WinRTReferences
                   ProjectConfiguration
                       Debug|Win32
                           Platform = Win32
                           Configuration = Debug
                       Debug|x64
                           Platform = x64
                           Configuration = Debug
                       Release|Win32
                           Platform = Win32
                           Configuration = Release
                       Release|x64
                           Platform = x64
                           Configuration = Release
                   ProjectTools
                       Bscmake
                       CustomBuildStep
                       Lib
                       Xdcmake
                   PropertyPageSchema
                       C:\Program Files\Microsoft Visual Studio\18\Community\MSBuild\Microsoft\VC\v180\\fxcop.xml
                       C:\Program Files\Microsoft Visual Studio\18\Community\MSBuild\Microsoft\VC\v180\1033\alink.xml
                       C:\Program Files\Microsoft Visual Studio\18\Community\MSBuild\Microsoft\VC\v180\1033\bscmake.xml
                       C:\Program Files\Microsoft Visual Studio\18\Community\MSBuild\Microsoft\VC\v180\1033\build_events.xml
                       C:\Program Files\Microsoft Visual Studio\18\Community\MSBuild\Microsoft\VC\v180\1033\cl.xml
                       C:\Program Files\Microsoft Visual Studio\18\Community\MSBuild\Microsoft\VC\v180\1033\clangtidy.xml
                       C:\Program Files\Microsoft Visual Studio\18\Community\MSBuild\Microsoft\VC\v180\1033\code_analysis.xml
                       C:\Program Files\Microsoft Visual Studio\18\Community\MSBuild\Microsoft\VC\v180\1033\copy_file.xml
                       C:\Program Files\Microsoft Visual Studio\18\Community\MSBuild\Microsoft\VC\v180\1033\custom_build_step.xml
                       C:\Program Files\Microsoft Visual Studio\18\Community\MSBuild\Microsoft\VC\v180\1033\custom_build_tool.xml
                       C:\Program Files\Microsoft Visual Studio\18\Community\MSBuild\Microsoft\VC\v180\1033\debugger_general.xml
                       C:\Program Files\Microsoft Visual Studio\18\Community\MSBuild\Microsoft\VC\v180\1033\debugger_local_windows.xml
                       C:\Program Files\Microsoft Visual Studio\18\Community\MSBuild\Microsoft\VC\v180\1033\debugger_remote_windows.xml
                       C:\Program Files\Microsoft Visual Studio\18\Community\MSBuild\Microsoft\VC\v180\1033\debugger_web_browser.xml
                       C:\Program Files\Microsoft Visual Studio\18\Community\MSBuild\Microsoft\VC\v180\1033\debugger_web_service.xml
                       C:\Program Files\Microsoft Visual Studio\18\Community\MSBuild\Microsoft\VC\v180\1033\directories.xml
                       C:\Program Files\Microsoft Visual Studio\18\Community\MSBuild\Microsoft\VC\v180\1033\folder.xml
                           Context = File;BrowseObject
                       C:\Program Files\Microsoft Visual Studio\18\Community\MSBuild\Microsoft\VC\v180\1033\fxc.xml
                       C:\Program Files\Microsoft Visual Studio\18\Community\MSBuild\Microsoft\VC\v180\1033\general.xml
                           Context = Project
                       C:\Program Files\Microsoft Visual Studio\18\Community\MSBuild\Microsoft\VC\v180\1033\general_advanced.xml
                           Context = Project
                       C:\Program Files\Microsoft Visual Studio\18\Community\MSBuild\Microsoft\VC\v180\1033\general_advanced_hostarm64.xml
                           Context = Project
                       C:\Program Files\Microsoft Visual Studio\18\Community\MSBuild\Microsoft\VC\v180\1033\general_file.xml
                           Context = File
                       C:\Program Files\Microsoft Visual Studio\18\Community\MSBuild\Microsoft\VC\v180\1033\general_ps.xml
                           Context = PropertySheet
                       C:\Program Files\Microsoft Visual Studio\18\Community\MSBuild\Microsoft\VC\v180\1033\lib.xml
                       C:\Program Files\Microsoft Visual Studio\18\Community\MSBuild\Microsoft\VC\v180\1033\link.xml
                       C:\Program Files\Microsoft Visual Studio\18\Community\MSBuild\Microsoft\VC\v180\1033\midl.xml
                       C:\Program Files\Microsoft Visual Studio\18\Community\MSBuild\Microsoft\VC\v180\1033\mt.xml
                           Context = Project;PropertySheet
                       C:\Program Files\Microsoft Visual Studio\18\Community\MSBuild\Microsoft\VC\v180\1033\ProjectItemsSchema.xml
                       C:\Program Files\Microsoft Visual Studio\18\Community\MSBuild\Microsoft\VC\v180\1033\rc.xml
                       C:\Program Files\Microsoft Visual Studio\18\Community\MSBuild\Microsoft\VC\v180\1033\resgen.xml
                       C:\Program Files\Microsoft Visual Studio\18\Community\MSBuild\Microsoft\VC\v180\1033\usermacros.xml
                           Context = PropertySheet
                       C:\Program Files\Microsoft Visual Studio\18\Community\MSBuild\Microsoft\VC\v180\1033\xdcmake.xml
                       C:\Program Files\Microsoft Visual Studio\18\Community\MSBuild\Microsoft\VC\v180\1033\xsd.xml

16:55:12.174     2>プロジェクト "C:\CG\CG2_00_01\submission_ready_20260730_165019\LE3C_26_ヨシノ_ゲント\02_プロジェクト\CG2_00_01-CG4_-2\project\CG2_00_01.vcxproj.metaproj" (2) は、ノード 1 上に "C:\CG\CG2_00_01\submission_ready_20260730_165019\LE3C_26_ヨシノ_ゲント\02_プロジェクト\CG2_00_01-CG4_-2\project\externals\imgui\imgui.vcxproj" (3) をビルドしています (既定のターゲット)。
16:55:14.502     3>初期プロパティ:
                   _ApplicableDebuggers = Desktop
                   _ApplicationTypeAndRevisionFound = true
                   _BuildActionType = Build
                   _BuildSuffix = 
                   :VCEnd
                   _ClExternalIncludesSupported = true
                   _ClStdCpp20Supported = true
                   _ClStructuredDiagnosticsPipeSupported = true
                   _CodeAnalysisExtensions = true
                   _CodeAnalysisTreatWarningsAsErrors = false
                   _DebugSymbolsProduced = false
                   _DebugTypeOld = 
                   _DefaultPlatform = win32
                   _DeploymentBuiltUpdateInterval = 0
                   _DeploymentBuiltUpdateIntervalUnits = Days
                   _DeploymentDeployManifestIdentity = imgui.application
                   _DeploymentFileMappingExtension = 
                   _DeploymentUrl = 
                   _DirectoryBuildPropsBasePath = 
                   _DirectoryBuildPropsFile = Directory.Build.props
                   _DirectoryBuildTargetsBasePath = 
                   _DirectoryBuildTargetsFile = Directory.Build.targets
                   _DirectoryPackagesPropsBasePath = 
                   _DirectoryPackagesPropsFile = Directory.Packages.props
                   _DocumentationFileProduced = false
                   _GenerateBindingRedirectsIntermediateAppConfig = C:\CG\CG2_00_01\submission_ready_20260730_165019\LE3C_26_ヨシノ_ゲント\02_プロジェクト\CG2_00_01-CG4_-2\project\..\generated\obj\imgui\Debug\imgui.lib.config
                   _GenerateRestoreGraphProjectEntryInputProperties = ExcludeRestorePackageImports=true
                   _GetChildProjectCopyToOutputDirectoryItems = true
                   _HandlePackageFileConflictsAfter = ;ResolveNuGetPackageAssetsNonAOT
                   _InitialBaseIntermediateOutputPath = obj\
                   _InitialMSBuildProjectExtensionsPath = C:\CG\CG2_00_01\submission_ready_20260730_165019\LE3C_26_ヨシノ_ゲント\02_プロジェクト\CG2_00_01-CG4_-2\project\externals\imgui\obj\
                   _LatestWindowsTargetPlatformVersion = 10.0.26100.0
                   _LinkILKSupported = true
                   _LinkLTCGOUTSupported = true
                   _NuGetRuntimeIdentifierPlatformTargetSuffix = -x64
                   _NuGetRuntimeIdentifierWithoutAot = win-x64
                   _OriginalConfiguration = Debug
                   _OriginalPlatform = x64
                   _PlatformDefaultFolder = C:\Program Files\Microsoft Visual Studio\18\Community\MSBuild\Microsoft\VC\v180\\Platforms\x64\
                   _PlatformDefaultProps = C:\Program Files\Microsoft Visual Studio\18\Community\MSBuild\Microsoft\VC\v180\\Platforms\x64\Platform.Default.props
                   _PlatformDefaultPropsFound = true
                   _PlatformFolder = C:\Program Files\Microsoft Visual Studio\18\Community\MSBuild\Microsoft\VC\v180\Platforms\x64\
                   _PlatformProps = C:\Program Files\Microsoft Visual Studio\18\Community\MSBuild\Microsoft\VC\v180\Platforms\x64\Platform.props
                   _PlatformTargets = C:\Program Files\Microsoft Visual Studio\18\Community\MSBuild\Microsoft\VC\v180\Platforms\x64\Platform.targets
                   _PlatformToolsetFriendlyNameFor_ClangCl = LLVM (clang-cl)
                   _PlatformToolsetFriendlyNameFor_v100 = v100 (Visual Studio 2010)
                   _PlatformToolsetFriendlyNameFor_v110 = v110 (Visual Studio 2012)
                   _PlatformToolsetFriendlyNameFor_v110_wp80 = Windows Phone 8.0 (v110_wp80)
                   _PlatformToolsetFriendlyNameFor_v110_xp = v110_xp (Visual Studio 2012 - Windows XP)
                   _PlatformToolsetFriendlyNameFor_v120 = v120 (Visual Studio 2013)
                   _PlatformToolsetFriendlyNameFor_v120_wp81 = Windows Phone 8.1 (v120_wp81)
                   _PlatformToolsetFriendlyNameFor_v120_xp = v120_xp (Visual Studio 2013 - Windows XP)
                   _PlatformToolsetFriendlyNameFor_v140 = v140 (Visual Studio 2015)
                   _PlatformToolsetFriendlyNameFor_v140_clang_3_7 = v140_clang_3_7 (Clang 3.7 with Microsoft CodeGen)
                   _PlatformToolsetFriendlyNameFor_v140_clang_c2 = v140_clang_c2 (Visual Studio 2015 - Clang with Microsoft CodeGen)
                   _PlatformToolsetFriendlyNameFor_v140_xp = v140_xp (Visual Studio 2015 - Windows XP)
                   _PlatformToolsetFriendlyNameFor_v141 = v141 (Visual Studio 2017)
                   _PlatformToolsetFriendlyNameFor_v141_xp = v141_xp (Visual Studio 2017 - Windows XP)
                   _PlatformToolsetFriendlyNameFor_v142 = v142 (Visual Studio 2019)
                   _PlatformToolsetFriendlyNameFor_v143 = v143 (Visual Studio 2022)
                   _PlatformToolsetFriendlyNameFor_v145 = v145 for Microsoft C++ Build Tools
                   _PlatformToolsetFriendlyNameFor_v90 =  v90 (Visual Studio 2008)
                   _PlatformToolsetShortNameFor_ClangCl = LLVM - clang-cl
                   _PlatformToolsetShortNameFor_v100 = Visual Studio 2010
                   _PlatformToolsetShortNameFor_v110 = Visual Studio 2012
                   _PlatformToolsetShortNameFor_v110_wp80 = Windows Phone 8.0
                   _PlatformToolsetShortNameFor_v110_xp = Visual Studio 2012 - Windows XP
                   _PlatformToolsetShortNameFor_v120 = Visual Studio 2013
                   _PlatformToolsetShortNameFor_v120_wp81 = Windows Phone 8.1
                   _PlatformToolsetShortNameFor_v120_xp = Visual Studio 2013 - Windows XP
                   _PlatformToolsetShortNameFor_v140 = Visual Studio 2015
                   _PlatformToolsetShortNameFor_v140_xp = Visual Studio 2015 - Windows XP
                   _PlatformToolsetShortNameFor_v141 = Visual Studio 2017
                   _PlatformToolsetShortNameFor_v142 = Visual Studio 2019
                   _PlatformToolsetShortNameFor_v143 = Visual Studio 2022
                   _PlatformToolsetShortNameFor_v90 = Visual Studio 2008
                   _ProjectDefaultTargets = Build
                   _PropertySheetDisplayName = Unicode Support
                   _RecursiveTargetForContentCopying = GetCopyToOutputDirectoryItems
                   _RelativeApplicationTypeFolder = 
                   _RelativeApplicationTypeRevisionFolder = 
                   _RelativePlatformDefaultProps = Platforms\x64\Platform.Default.props
                   _RelativePlatformFolder = Platforms\x64\
                   _RelativePlatformProps = Platforms\x64\Platform.props
                   _RelativePlatformTargets = Platforms\x64\Platform.targets
                   _RelativeToolsetFiles = Platforms\x64\PlatformToolsets\v145\Toolset.props;Platforms\x64\PlatformToolsets\v145\Toolset.targets;Platforms\x64\Platform.props;Platforms\x64\Platform.targets
                   _RelativeToolsetFolder = Platforms\x64\PlatformToolsets\v145\
                   _RelativeToolsetProps = Platforms\x64\PlatformToolsets\v145\Toolset.props
                   _RelativeToolsetTargets = Platforms\x64\PlatformToolsets\v145\Toolset.targets
                   _ResolveReferenceDependencies = false
                   _SGenDllCreated = false
                   _SGenDllName = imgui.XmlSerializers.dll
                   _SGenGenerateSerializationAssembliesConfig = Off
                   _SupportedArchitectures = amd64 arm64
                   _TargetFrameworkVersionWithoutV = 
                   _TargetsThatPrepareProjectReferences = 
                         AssignProjectConfiguration;
                         _SplitProjectReferencesByFileExistence
                       
                   _TLogProjectName = imgui
                   _ToolsetFolder = C:\Program Files\Microsoft Visual Studio\18\Community\MSBuild\Microsoft\VC\v180\Platforms\x64\PlatformToolsets\v145\
                   _ToolsetFound = true
                   _ToolsetPropsPath = C:\Program Files\Microsoft Visual Studio\18\Community\MSBuild\Microsoft\VC\v180\Platforms\x64\PlatformToolsets\v145\Toolset.props
                   _ToolsetTargetsPath = C:\Program Files\Microsoft Visual Studio\18\Community\MSBuild\Microsoft\VC\v180\Platforms\x64\PlatformToolsets\v145\Toolset.targets
                   _ToolsetVCTargetsVersion = v180
                   _UpgradePlatformToolsetFor_Llvm_ClangCl_1_0 = ClangCl
                   _UpgradePlatformToolsetFor_v100 = v145
                   _UpgradePlatformToolsetFor_v110 = v145
                   _UpgradePlatformToolsetFor_v120 = v145
                   _UpgradePlatformToolsetFor_v140 = v145
                   _UpgradePlatformToolsetFor_v141 = v145
                   _UpgradePlatformToolsetFor_v141_xp = v141_xp
                   _UpgradePlatformToolsetFor_v142 = v145
                   _UpgradePlatformToolsetFor_v143 = v145
                   _UpgradePlatformToolsetFor_v145 = v145
                   _VC_arm64_ToolsInstalled = true
                   _VC_LibraryPath_ATL_ARM = C:\Program Files\Microsoft Visual Studio\18\Community\VC\Tools\MSVC\14.51.36231\atlmfc\lib\ARM;
                   _VC_LibraryPath_ATL_ARM64 = C:\Program Files\Microsoft Visual Studio\18\Community\VC\Tools\MSVC\14.51.36231\atlmfc\lib\ARM64;
                   _VC_LibraryPath_ATL_x64 = C:\Program Files\Microsoft Visual Studio\18\Community\VC\Tools\MSVC\14.51.36231\atlmfc\lib\x64;
                   _VC_LibraryPath_ATL_x86 = C:\Program Files\Microsoft Visual Studio\18\Community\VC\Tools\MSVC\14.51.36231\atlmfc\lib\x86;
                   _VC_LibraryPath_VC_ARM_Desktop = C:\Program Files\Microsoft Visual Studio\18\Community\VC\Tools\MSVC\14.51.36231\lib\ARM
                   _VC_LibraryPath_VC_ARM_OneCore = C:\Program Files\Microsoft Visual Studio\18\Community\VC\Tools\MSVC\14.51.36231\lib\onecore\ARM
                   _VC_LibraryPath_VC_ARM_Store = C:\Program Files\Microsoft Visual Studio\18\Community\VC\Tools\MSVC\14.51.36231\lib\ARM\store
                   _VC_LibraryPath_VC_ARM_UWP = C:\Program Files\Microsoft Visual Studio\18\Community\VC\Tools\MSVC\14.51.36231\lib\ARM\uwp
                   _VC_LibraryPath_VC_ARM64_Desktop = C:\Program Files\Microsoft Visual Studio\18\Community\VC\Tools\MSVC\14.51.36231\lib\ARM64
                   _VC_LibraryPath_VC_ARM64_OneCore = C:\Program Files\Microsoft Visual Studio\18\Community\VC\Tools\MSVC\14.51.36231\lib\onecore\ARM64
                   _VC_LibraryPath_VC_ARM64_Store = C:\Program Files\Microsoft Visual Studio\18\Community\VC\Tools\MSVC\14.51.36231\lib\ARM64\store
                   _VC_LibraryPath_VC_ARM64_UWP = C:\Program Files\Microsoft Visual Studio\18\Community\VC\Tools\MSVC\14.51.36231\lib\ARM64\uwp
                   _VC_LibraryPath_VC_x64_Desktop = C:\Program Files\Microsoft Visual Studio\18\Community\VC\Tools\MSVC\14.51.36231\lib\x64
                   _VC_LibraryPath_VC_x64_OneCore = C:\Program Files\Microsoft Visual Studio\18\Community\VC\Tools\MSVC\14.51.36231\lib\onecore\x64
                   _VC_LibraryPath_VC_x64_Store = C:\Program Files\Microsoft Visual Studio\18\Community\VC\Tools\MSVC\14.51.36231\lib\x64\store
                   _VC_LibraryPath_VC_x64_UWP = C:\Program Files\Microsoft Visual Studio\18\Community\VC\Tools\MSVC\14.51.36231\lib\x64\uwp
                   _VC_LibraryPath_VC_x86_Desktop = C:\Program Files\Microsoft Visual Studio\18\Community\VC\Tools\MSVC\14.51.36231\lib\x86
                   _VC_LibraryPath_VC_x86_OneCore = C:\Program Files\Microsoft Visual Studio\18\Community\VC\Tools\MSVC\14.51.36231\lib\onecore\x86
                   _VC_LibraryPath_VC_x86_Store = C:\Program Files\Microsoft Visual Studio\18\Community\VC\Tools\MSVC\14.51.36231\lib\x86\store
                   _VC_LibraryPath_VC_x86_UWP = C:\Program Files\Microsoft Visual Studio\18\Community\VC\Tools\MSVC\14.51.36231\lib\x86\uwp
                   _VC_Target_Library_Platform = Desktop
                   _VC_x64_ToolsInstalled = true
                   _VCTargetsPathFolders = C:\Program Files\Microsoft Visual Studio\18\Community\MSBuild\Microsoft\VC\v180\;
                   _VCTargetsPathForToolset = C:\Program Files\Microsoft Visual Studio\18\Community\MSBuild\Microsoft\VC\v180\
                   _VCToolsInternalCLFeatureProps = C:\Program Files\Microsoft Visual Studio\18\Community\VC\Tools\MSVC\14.51.36231\Auxiliary\Microsoft.VC.Internal.CL.Features.props
                   _VCToolsInternalLinkFeatureProps = C:\Program Files\Microsoft Visual Studio\18\Community\VC\Tools\MSVC\14.51.36231\Auxiliary\Microsoft.VC.Internal.Link.Features.props
                   _VCToolsServicingVersionsProps = C:\Program Files\Microsoft Visual Studio\18\Community\VC\Tools\MSVC\14.51.36231\Auxiliary\Microsoft.VC.ServicingVersion.props
                   _VCToolsVersionProps = C:\Program Files\Microsoft Visual Studio\18\Community\VC\Auxiliary\Build\Microsoft.VCToolsVersion.v145.default.props
                   AddAppConfigToBuildOutputs = true
                   AfterBuildCompileTargets = 
                         ;
                         AfterBuildCompileEvent;
                       
                   AfterBuildGenerateSourcesTargets = 
                         
                         ;
                         AfterBuildGenerateSources;
                       ;
                         AfterBuildGenerateSourcesEvent;
                       
                   AfterBuildLinkTargets = 
                         ;
                         CreateRecipeFile;
                         CreateSatelliteAssemblies;
                         CopyLocalNativeReference;
                         _Appverifier;
                         _Deploy;
                         PrepareForRun;
                         PostBuildEvent;
                       
                   AfterClCompileTargets = 
                         ;
                         AfterClCompile;
                       
                   AfterImpLibTargets = 
                         ;
                         AfterImpLib;
                       
                   AfterLibTargets = 
                         ;
                         AfterLib;
                       
                   AfterLinkTargets = 
                         ;
                         AfterLink;
                       
                   AfterManifestTargets = 
                         ;
                         AfterManifest;
                       
                   AfterMidlTargets = 
                         ;
                         AfterMidl;
                       
                   AfterResourceCompileTargets = 
                         ;
                         AfterResourceCompile;
                       
                   AllowedReferenceAssemblyFileExtensions = 
                         .winmd;
                         .dll;
                         .exe
                       
                   AllowedReferenceRelatedFileExtensions = 
                         .pdb;
                         .xml;
                         .pri;
                         .dll.config;
                         .exe.config
                       
                   AllowLocalNetworkLoopback = true
                   AllProjectBMIsArePublic = true
                   AllProjectIncludesArePublic = false
                   AllProjectOutputGroupsDependsOn = 
                         ;
                         BuiltProjectOutputGroup;
                         DebugSymbolsProjectOutputGroup;
                         DocumentationProjectOutputGroup;
                         SatelliteDllsProjectOutputGroup;
                         SourceFilesProjectOutputGroup;
                         ContentFilesProjectOutputGroup;
                         SGenFilesOutputGroup
                       
                   AnalysisResultManifestFile = C:\CG\CG2_00_01\submission_ready_20260730_165019\LE3C_26_ヨシノ_ゲント\02_プロジェクト\CG2_00_01-CG4_-2\project\..\generated\obj\imgui\Debug\CodeAnalysisResultManifest.txt
                   AndroidTargetsPath = C:\Program Files\Microsoft Visual Studio\18\Community\MSBuild\Microsoft\MDD\Android\V150\
                   AppSettingsJsonSchemaCombinedFilePath = C:\CG\CG2_00_01\submission_ready_20260730_165019\LE3C_26_ヨシノ_ゲント\02_プロジェクト\CG2_00_01-CG4_-2\generated\obj\imgui\Debug\AppSettingsSchema.json
                   AssemblyFoldersConfigFile = C:\Program Files\Microsoft Visual Studio\18\Community\MSBuild\Current\Bin\AssemblyFolders.config
                   AssemblyFoldersConfigFileSearchPath = {AssemblyFoldersFromConfig:C:\Program Files\Microsoft Visual Studio\18\Community\MSBuild\Current\Bin\AssemblyFolders.config,};
                   AssemblyFoldersSuffix = AssemblyFoldersEx
                   AssemblyName = imgui
                   AssemblySearchPaths = {CandidateAssemblyFiles};C:\Program Files\Microsoft Visual Studio\18\Community\VC\Tools\MSVC\14.51.36231\atlmfc\lib\x64;;C:\Program Files\Microsoft Visual Studio\18\Community\VC\Tools\MSVC\14.51.36231\lib\x64;;{HintPathFromItem};{TargetFrameworkDirectory};{AssemblyFoldersFromConfig:C:\Program Files\Microsoft Visual Studio\18\Community\MSBuild\Current\Bin\AssemblyFolders.config,};;{Registry:Software\Microsoft\,,AssemblyFoldersEx};{AssemblyFolders};{GAC};{RawFileName};C:\CG\CG2_00_01\submission_ready_20260730_165019\LE3C_26_ヨシノ_ゲント\02_プロジェクト\CG2_00_01-CG4_-2\project\..\generated\outputs\Debug\
                   AssignTargetPathsDependsOn = 
                   ATL_KeyFile = C:\Program Files\Microsoft Visual Studio\18\Community\VC\Tools\MSVC\14.51.36231\atlmfc\lib\x64\atls.lib
                   Attach = false
                   AutoUnifyAssemblyReferences = true
                   AvailablePlatforms = Any CPU,x86,x64
                   BaseIntermediateOutputPath = obj\
                   BaseNuGetRuntimeIdentifier = win
                   BaseOutputPath = bin\
                   BeforeBuildCompileTargets = 
                         ;
                       
                   BeforeBuildGenerateSourcesTargets = 
                         
                         ;
                         BeforeBuildGenerateSources;
                       ;
                       
                   BeforeClCompileTargets = 
                         ;
                         BeforeClCompile;
                       
                   BeforeImpLibTargets = 
                         ;
                         BeforeImpLib;
                       
                   BeforeLibTargets = 
                         ;
                         BeforeLib;
                       
                   BeforeLinkTargets = 
                         ;
                         BeforeLink;
                       
                   BeforeManifestTargets = 
                         ;
                         BeforeManifest;
                       
                   BeforeMidlTargets = 
                         ;
                         BeforeMidl;
                       
                   BeforeResourceCompileTargets = 
                         ;
                         BeforeResourceCompile;
                       
                   BuildCompileAction = _BuildCompileAction
                   BuildCompileTargets = 
                         ;
                         _ClCompile;
                         _ResGen;
                         _ResourceCompile;
                         
                         ;
                         _ImpLib;
                         _Lib;
                       ;
                       
                   BuildDependsOn = SetTelemetryEnvironmentVariables;
                         _PrepareForBuild;
                         
                         ResolveReferences;
                         PrepareForBuild;
                         InitializeBuildStatus;
                         BuildGenerateSources;
                         BuildCompile;
                         BuildLink;
                       ;
                         AfterBuild;
                         IncrementalClean;
                         TlogCleanup;
                         FinalizeBuildStatus;
                       
                   BuildGenerateSourcesAction = _BuildGenerateSourcesAction
                   BuildGenerateSourcesTargets = 
                         ;
                         PreBuildEvent;
                         _Xsd;
                         _Midl;
                       
                   BuildingProject = true
                   BuildingSolutionFile = true
                   BuildInParallel = true
                   BuildLibTargets = 
                         ;
                         _ImpLib;
                         _Lib;
                       
                   BuildLinkAction = _BuildLinkAction
                   BuildLinkTargets = 
                         ;
                         ComputeLegacyManifestEmbedding;
                         _Link;
                         _ALink;
                         _Manifest;
                         RegisterOutput;
                         _XdcMake;
                         _BscMake;
                       
                   BuildProjectReferences = true
                   BuildSteps = 
                         ResolveReferences;
                         PrepareForBuild;
                         InitializeBuildStatus;
                         BuildGenerateSources;
                         BuildCompile;
                         BuildLink;
                       
                   BuiltProjectOutputGroupDependenciesDependsOn = 
                         ;
                         
                         ;
                         BuildOnlySettings;
                         PrepareForBuild;
                         AssignTargetPaths;
                         ResolveReferences
                       
                       
                   BuiltProjectOutputGroupDependsOn = PrepareForBuild
                   CAExcludePath = C:\Program Files\Microsoft Visual Studio\18\Community\VC\Tools\MSVC\14.51.36231\atlmfc\include;C:\Program Files\Microsoft Visual Studio\18\Community\VC\Tools\MSVC\14.51.36231\include;C:\Program Files (x86)\Windows Kits\10\Include\10.0.26100.0\ucrt;;C:\Program Files (x86)\Windows Kits\10\Include\10.0.26100.0\um;C:\Program Files (x86)\Windows Kits\10\Include\10.0.26100.0\shared;C:\Program Files (x86)\Windows Kits\10\Include\10.0.26100.0\winrt;C:\Program Files (x86)\Windows Kits\10\Include\10.0.26100.0\cppwinrt;C:\Program Files (x86)\Windows Kits\NETFXSDK\4.8.1\Include\um;
                   CharacterSet = Unicode
                   CheckMSVCComponents = true
                   ClangAnalysisToolsPath = C:\Program Files\Microsoft Visual Studio\18\Community\VC\Tools\Llvm\x64\bin
                   ClangTidyAdditionalOptions = --target=amd64-pc-windows-msvc 
                   ClangTidyChecks = clang-analyzer-*
                   ClangTidyDependsOn = 
                         BeforeClangTidy;
                         ;
                         AfterClangTidy;
                       
                   ClangTidyExtraArgs = 
                   ClangTidyHeaderFilter = 
                   ClangTidyLLVMInstallDir = C:\Program Files\Microsoft Visual Studio\18\Community\VC\Tools\Llvm\x64
                   ClangTidyLogFile = imgui.ClangTidy.log
                   ClangTidyPlatformTargetSwitch = --target=amd64-pc-windows-msvc
                   ClangTidyPrependExtraArgs = 
                   ClangTidyProjectDirectory = imgui.ClangTidy
                   ClangTidyToolExe = clang-tidy.exe
                   ClangTidyToolExeAdditionalOptions = 
                   ClangTidyToolPath = C:\Program Files\Microsoft Visual Studio\18\Community\VC\Tools\Llvm\x64\bin
                   ClangTidyWarningsInSystemHeaders = false
                   ClCompilerPath = C:\Program Files\Microsoft Visual Studio\18\Community\VC\Tools\MSVC\14.51.36231\bin\HostX86\x64\cl.exe
                   CLDeleteOutputOnExecute = true
                   CleanDependsOn = 
                         
                         _PrepareForClean;
                         
                         BeforeClean;
                         UnmanagedUnregistration;
                         CoreClean;
                         CleanReferencedProjects;
                         CleanPublishFolder;
                         AfterClean
                       ;
                       ;
                         CppClean
                       
                   CleanFile = imgui.vcxproj.FileListAbsolute.txt
                   ClickOncePublishDir = C:\CG\CG2_00_01\submission_ready_20260730_165019\LE3C_26_ヨシノ_ゲント\02_プロジェクト\CG2_00_01-CG4_-2\project\..\generated\outputs\Debug\app.publish\
                   CLRSupport = false
                   ClYieldDuringToolExecution = true
                   CodeAnalysisApplyLogFileXsl = false
                   CodeAnalysisFailOnMissingRules = false
                   CodeAnalysisForceOutput = true
                   CodeAnalysisGenerateSuccessFile = true
                   CodeAnalysisIgnoreGeneratedCode = true
                   CodeAnalysisIgnoreInvalidTargets = true
                   CodeAnalysisIgnoreMissingIndirectReferences = false
                   CodeAnalysisInputAssembly = C:\CG\CG2_00_01\submission_ready_20260730_165019\LE3C_26_ヨシノ_ゲント\02_プロジェクト\CG2_00_01-CG4_-2\project\..\generated\outputs\Debug\imgui.lib
                   CodeAnalysisLogFile = C:\CG\CG2_00_01\submission_ready_20260730_165019\LE3C_26_ヨシノ_ゲント\02_プロジェクト\CG2_00_01-CG4_-2\project\..\generated\outputs\Debug\imgui.lib.CodeAnalysisLog.xml
                   CodeAnalysisModuleSuppressionsFile = GlobalSuppressions.cpp
                   CodeAnalysisOutputToConsole = false
                   CodeAnalysisOverrideRuleVisibilities = false
                   CodeAnalysisPath = C:\Program Files\Microsoft Visual Studio\18\Community\Team Tools\Static Analysis Tools\FxCop\
                   CodeAnalysisQuiet = false
                   CodeAnalysisRuleDirectories = ;C:\Program Files\Microsoft Visual Studio\18\Community\Team Tools\Static Analysis Tools\FxCop\\Rules
                   CodeAnalysisRuleSet = NativeRecommendedRules.ruleset
                   CodeAnalysisRuleSetDirectories = ;C:\Program Files\Microsoft Visual Studio\18\Community\Team Tools\Static Analysis Tools\\Rule Sets
                   CodeAnalysisSaveMessagesToReport = Active
                   CodeAnalysisSearchGlobalAssemblyCache = true
                   CodeAnalysisStaticAnalysisDirectory = C:\Program Files\Microsoft Visual Studio\18\Community\Team Tools\Static Analysis Tools\
                   CodeAnalysisSucceededFile = C:\CG\CG2_00_01\submission_ready_20260730_165019\LE3C_26_ヨシノ_ゲント\02_プロジェクト\CG2_00_01-CG4_-2\project\..\generated\outputs\Debug\imgui.lib.lastcodeanalysissucceeded
                   CodeAnalysisSummary = false
                   CodeAnalysisTargets = C:\Program Files\Microsoft Visual Studio\18\Community\MSBuild\Microsoft\VisualStudio\v18.0\CodeAnalysis\Microsoft.CodeAnalysis.targets
                   CodeAnalysisTimeout = 120
                   CodeAnalysisUpdateProject = false
                   CodeAnalysisUseTypeNameInSuppression = true
                   CodeAnalysisVerbose = false
                   CommonBuildOnlyTargets = 
                         PrepareForBuild;
                         ResolveReferences;
                       
                   CommonExcludePath = C:\Program Files\Microsoft Visual Studio\18\Community\VC\Tools\MSVC\14.51.36231\include;;C:\Program Files\Microsoft Visual Studio\18\Community\VC\Tools\MSVC\14.51.36231\atlmfc\include;;C:\Program Files\Microsoft Visual Studio\18\Community\VC\Auxiliary\VS\include;;C:\Program Files (x86)\Windows Kits\10\Include\10.0.26100.0\ucrt;;;C:\Program Files (x86)\Windows Kits\10\Include\10.0.26100.0\um;C:\Program Files (x86)\Windows Kits\10\Include\10.0.26100.0\shared;C:\Program Files (x86)\Windows Kits\10\Include\10.0.26100.0\winrt;C:\Program Files (x86)\Windows Kits\10\Include\10.0.26100.0\cppwinrt;C:\Program Files (x86)\Windows Kits\NETFXSDK\4.8.1\Include\um;C:\Program Files\Microsoft Visual Studio\18\Community\VC\Tools\MSVC\14.51.36231\bin\HostArm64\arm64\1033;C:\Program Files\Microsoft Visual Studio\18\Community\VC\Tools\MSVC\14.51.36231\bin\HostArm64\arm\1033;C:\Program Files\Microsoft Visual Studio\18\Community\VC\Tools\MSVC\14.51.36231\bin\HostArm64\x64\1033;C:\Program Files\Microsoft Visual Studio\18\Community\VC\Tools\MSVC\14.51.36231\bin\HostArm64\x86\1033;C:\Program Files\Microsoft Visual Studio\18\Community\VC\Tools\MSVC\14.51.36231\bin\HostX86\arm64\1033;C:\Program Files\Microsoft Visual Studio\18\Community\VC\Tools\MSVC\14.51.36231\bin\HostX86\x64\1033;C:\Program Files\Microsoft Visual Studio\18\Community\VC\Tools\MSVC\14.51.36231\bin\HostX86\x86\1033;C:\Program Files\Microsoft Visual Studio\18\Community\VC\Tools\MSVC\14.51.36231\bin\HostX64\arm64\1033;C:\Program Files\Microsoft Visual Studio\18\Community\VC\Tools\MSVC\14.51.36231\bin\HostX64\arm\1033;C:\Program Files\Microsoft Visual Studio\18\Community\VC\Tools\MSVC\14.51.36231\bin\HostX64\x64\1033;C:\Program Files\Microsoft Visual Studio\18\Community\VC\Tools\MSVC\14.51.36231\bin\HostX64\x86\1033;;;;;;;;;;;;;C:\Program Files (x86)\Windows Kits\10\bin\10.0.26100.0\x86;;C:\Program Files (x86)\Microsoft SDKs\Windows\v10.0A\bin\NETFX 4.8.1 Tools;C:\Program Files\Microsoft Visual Studio\18\Community\Common7\tools;C:\Program Files\Microsoft Visual Studio\18\Community\Common7\ide;C:\Program Files (x86)\HTML Help Workshop;;;C:\Program Files\Microsoft Visual Studio\18\Community\MSBuild\Current\Bin;C:\WINDOWS\Microsoft.NET\Framework\v4.0.30319\;C:\Program Files\Microsoft Visual Studio\18\Community\MSBuild\Current\Bin;C:\WINDOWS\Microsoft.NET\Framework\v4.0.30319\;C:\WINDOWS
                   CommonExecutablePath = C:\Program Files (x86)\Windows Kits\10\bin\10.0.26100.0\x86;;C:\Program Files (x86)\Microsoft SDKs\Windows\v10.0A\bin\NETFX 4.8.1 Tools;C:\Program Files\Microsoft Visual Studio\18\Community\Common7\tools;C:\Program Files\Microsoft Visual Studio\18\Community\Common7\ide;C:\Program Files (x86)\HTML Help Workshop;;C:\Program Files\Microsoft Visual Studio\18\Community\MSBuild\Current\Bin;C:\WINDOWS\Microsoft.NET\Framework\v4.0.30319\;;C:\Users\K024G\.codex\tmp\arg0\codex-arg0CJzPUt;C:\Users\K024G\.cache\codex-runtimes\codex-primary-runtime\dependencies\bin\override;C:\Program Files\Common Files\Oracle\Java\javapath;C:\Windows\system32;C:\Windows;C:\Windows\System32\Wbem;C:\Windows\System32\WindowsPowerShell\v1.0\;C:\Windows\System32\OpenSSH\;C:\Program Files (x86)\NVIDIA Corporation\PhysX\Common;C:\WINDOWS\system32;C:\WINDOWS;C:\WINDOWS\System32\Wbem;C:\WINDOWS\System32\WindowsPowerShell\v1.0\;C:\WINDOWS\System32\OpenSSH\;C:\Program Files\dotnet\;C:\Program Files (x86)\Windows Kits\10\Windows Performance Toolkit\;C:\Program Files\NVIDIA Corporation\NVIDIA App\NvDLISR;C:\Program Files\CMake\bin;C:\Users\K024G\AppData\Local\Programs\OpenAI\Codex\bin;C:\Users\K024G\.local\bin;C:\Users\K024G\AppData\Local\Microsoft\WindowsApps;C:\Users\K024G\AppData\Local\Programs\Microsoft VS Code\bin;C:\Users\K024G\AppData\Local\GitHubDesktop\bin;C:\Users\K024G\.dotnet\tools;C:\Users\K024G\AppData\Local\Programs\Antigravity\bin;C:\Users\K024G\.dotnet\tools;C:\Users\K024G\.cache\codex-runtimes\codex-primary-runtime\dependencies\bin\fallback;C:\Users\K024G\.cache\codex-runtimes\codex-primary-runtime\dependencies\native\git\cmd;C:\Users\K024G\AppData\Local\OpenAI\Codex\bin\3e42d49ad3e35a50;C:\Program Files\WindowsApps\OpenAI.Codex_26.721.4979.0_x64__2p2nqsd0c76g0\app\resources;
                   CommonOutputGroupsDependsOn = 
                         ;
                         BuildOnlySettings;
                         PrepareForBuild;
                         AssignTargetPaths;
                         ResolveReferences
                       
                   CommonTargetsPath = C:\Program Files\Microsoft Visual Studio\18\Community\MSBuild\Current\Bin\Microsoft.Common.CurrentVersion.targets
                   CommonXamlResourcesDirectory = C:\Program Files\Microsoft Visual Studio\18\Community\MSBuild\Current\Bin\\
                   CompileDependsOn = 
                         ResolveReferences;
                         ResolveKeySource;
                         SetWin32ManifestProperties;
                         _SetPreferNativeArm64Win32ManifestProperties;
                         FindReferenceAssembliesForReferences;
                         _GenerateCompileInputs;
                         BeforeCompile;
                         _TimeStampBeforeCompile;
                         _GenerateCompileDependencyCache;
                         CoreCompile;
                         _TimeStampAfterCompile;
                         AfterCompile;
                       
                   CompileLicxFilesDependsOn = 
                   CompileTargetNameForTemporaryAssembly = CompileTemporaryAssembly
                   ComputeCompileInputsTargets = 
                         
                         
                         
                         ;
                         GenerateTargetFrameworkMonikerAttribute;
                       ;
                         ComputeMIDLGeneratedCompileInputs;
                       ;
                         ComputeCLInputPDBName;
                         ComputeReferenceCLInput;
                         WarnCompileDuplicatedFilename
                       ;
                         ;
                         ComputeStdModulesCompileInputs;
                         FixupCLCompileOptions;
                         SetModuleDependencies;
                       
                   ComputeImpLibInputsTargets = 
                         
                         
                         
                         
                         ;
                         ComputeRCGeneratedLibInputs;
                       ;
                         ComputeRCGeneratedImpLibInputs;
                       ;
                         ComputeCustomBuildOutput;
                       ;
                         ComputeCLGeneratedImpLibInputs;
                       ;
                         ComputeImpLibInputsFromProject;
                       
                   ComputeIntermediateSatelliteAssembliesDependsOn = 
                         CreateManifestResourceNames
                       
                   ComputeLibInputsTargets = 
                         ComputeLibAdditionalOptions;
                         
                         
                         
                         
                         
                         ;
                         ComputeRCGeneratedLibInputs;
                       ;
                         ComputeCustomBuildOutput;
                       ;
                         ComputeCLGeneratedLibInputs;
                       ;
                         ComputeLibInputsFromProject;
                       ;
                         ComputeReferenceLibInputs;
                       
                       
                   ComputeLinkInputsTargets = 
                         
                         
                         
                         
                         
                         ;
                         ComputeRCGeneratedLinkInputs;
                       ;
                         ComputeManifestGeneratedLinkerInputs;
                       ;
                         ComputeCustomBuildOutput;
                       ;
                         ComputeCLGeneratedLinkInputs;
                       ;
                         ComputeLinkInputsFromProject;
                       ;
                         ComputeReferenceLinkInputs;
                       
                   ComputeManifestInputsTargets = 
                         ;
                         ComputeManifestInputsTargets;
                       
                   ComReferenceExecuteAsTool = false
                   ComReferenceNoClassMembers = false
                   ConcurrencyCheckPath = C:\Program Files\Microsoft Visual Studio\18\Community\VC\Tools\MSVC\14.51.36231\bin\HostX86\x64\ConcurrencyCheck.dll
                   Configuration = Debug
                   ConfigurationName = Debug
                   ConfigurationType = StaticLibrary
                   ConsiderPlatformAsProcessorArchitecture = true
                   ContentFilesProjectOutputGroupDependsOn = PrepareForBuild;AssignTargetPaths;PrepareForBuild;AssignTargetPaths;MakeDirsForFxc;_CreateCopyFileItems;
                   ContinueOnError = false
                   CopyCppRuntimeToOutputDir = false
                   CopyFileAfterTargets = PreBuildEvent
                   CopyFileBeforeTargets = Midl
                   CopyLocalDebugSymbols = false
                   CopyLocalDeploymentContent = false
                   CopyLocalNativeReferenceDependsOn = ;BuiltProjectOutputGroupDependencies;DebugSymbolsProjectOutputGroupDependencies
                   CopyLocalProjectReference = false
                   CopyNuGetImplementations = true
                   CoreBuildDependsOn = 
                         BuildOnlySettings;
                         PrepareForBuild;
                         PreBuildEvent;
                         ResolveReferences;
                         PrepareResources;
                         ResolveKeySource;
                         Compile;
                         ExportWindowsMDFile;
                         UnmanagedUnregistration;
                         GenerateSerializationAssemblies;
                         CreateSatelliteAssemblies;
                         GenerateManifests;
                         GetTargetPath;
                         PrepareForRun;
                         UnmanagedRegistration;
                         IncrementalClean;
                         PostBuildEvent
                       
                   CoreCleanDependsOn = 
                   CoreCppCleanDependsOn = 
                   CoreLibraryDependencies = kernel32.lib;user32.lib;gdi32.lib;winspool.lib;comdlg32.lib;advapi32.lib;shell32.lib;ole32.lib;oleaut32.lib;uuid.lib;odbc32.lib;odbccp32.lib
                   CoreResGenDependsOn = FindReferenceAssembliesForReferences
                   CppCleanDependsOn = 
                         BeforeCppClean;
                         ;
                         CoreCppClean;
                         AfterCppClean;
                       ;PGInstrumentedClean
                   CppCleanLogFile = imgui.Build.CppClean.log
                   CppRuntimeFilesPath = C:\Program Files\Microsoft Visual Studio\18\Community\VC\Redist\MSVC\14.51.36231\x64;
                   CppWinRT_IncludePath = C:\Program Files (x86)\Windows Kits\10\Include\10.0.26100.0\cppwinrt
                   CreateCustomManifestResourceNamesDependsOn = 
                   CreateHardLinksForCopyAdditionalFilesIfPossible = false
                   CreateHardLinksForCopyFilesToOutputDirectoryIfPossible = 
                   CreateHardLinksForCopyLocalNativeIfPossible = 
                   CreateManifestResourceNamesDependsOn = 
                   CreateRecipeFileDependsOn = BuiltProjectOutputGroup;SatelliteDllsProjectOutputGroup;ContentFilesProjectOutputGroup;GetReferencedVCProjectsInfo
                   CreateSatelliteAssembliesDependsOn = 
                         ;
                         _GenerateSatelliteAssemblyInputs;
                         ComputeIntermediateSatelliteAssemblies;
                         GenerateSatelliteAssemblies
                       
                   CreateSymbolicLinksForCopyAdditionalFilesIfPossible = false
                   CRTDefinitionalFile = C:\Program Files\Microsoft Visual Studio\18\Community\VC\Tools\MSVC\14.51.36231\VCProjectDefault\Microsoft.AppX.VCFrameworkReferences.xml
                   CrtSDKReferenceInclude = Microsoft.VCLibs, Version=14.0
                   CrtSDKReferenceVersion = 14.0
                   CurrentSolutionConfigurationContents = <SolutionConfiguration>
                     <ProjectConfiguration Project="{3713FB10-CA0E-4AD6-BF62-4D7DEABB031E}" AbsolutePath="C:\CG\CG2_00_01\submission_ready_20260730_165019\LE3C_26_ヨシノ_ゲント\02_プロジェクト\CG2_00_01-CG4_-2\project\CG2_00_01.vcxproj" BuildProjectInSolution="True">Development|x64<ProjectDependency Project="{FC6138E7-6881-42E8-A87A-E456388A5A3E}" /></ProjectConfiguration>
                     <ProjectConfiguration Project="{371B9FA9-4C90-4AC6-A123-ACED756D6C77}" AbsolutePath="C:\CG\CG2_00_01\submission_ready_20260730_165019\LE3C_26_ヨシノ_ゲント\02_プロジェクト\CG2_00_01-CG4_-2\project\externals\DirectXTex\DirectXTex_Desktop_2022_Win10.vcxproj" BuildProjectInSolution="True">Development|x64</ProjectConfiguration>
                     <ProjectConfiguration Project="{FC6138E7-6881-42E8-A87A-E456388A5A3E}" AbsolutePath="C:\CG\CG2_00_01\submission_ready_20260730_165019\LE3C_26_ヨシノ_ゲント\02_プロジェクト\CG2_00_01-CG4_-2\project\externals\imgui\imgui.vcxproj" BuildProjectInSolution="True">Debug|x64</ProjectConfiguration>
                   </SolutionConfiguration>
                   CurrentVCTargetsPath = C:\Program Files\Microsoft Visual Studio\18\Community\MSBuild\Microsoft\VC\v180\
                   CurrentVsInstallRoot = C:\Program Files\Microsoft Visual Studio\18\Community
                   CustomAfterMicrosoftCommonProps = C:\Program Files\Microsoft Visual Studio\18\Community\MSBuild\vCurrent\Custom.After.Microsoft.Common.props
                   CustomAfterMicrosoftCommonTargets = C:\Program Files\Microsoft Visual Studio\18\Community\MSBuild\vCurrent\Custom.After.Microsoft.Common.targets
                   CustomBeforeMicrosoftCommonProps = C:\Program Files\Microsoft Visual Studio\18\Community\MSBuild\vCurrent\Custom.Before.Microsoft.Common.props
                   CustomBeforeMicrosoftCommonTargets = C:\Program Files\Microsoft Visual Studio\18\Community\MSBuild\vCurrent\Custom.Before.Microsoft.Common.targets
                   CustomBuildAfterTargets = BscMake
                   CustomBuildBeforeTargets = PostBuildEvent
                   CustomBuildToolAfterTargets = PreBuildEvent
                   CustomBuildToolBeforeTargets = Midl
                   DebugCppRuntimeFilesPath = C:\Program Files\Microsoft Visual Studio\18\Community\VC\Redist\MSVC\14.51.36231\Debug_NonRedist\x64;C:\Program Files (x86)\Windows Kits\10\bin\10.0.26100.0\x64\ucrt
                   DebuggerFlavor = WindowsLocalDebugger
                   DebuggerLaunchApplication = true
                   DebuggerRequireAuthentication = true
                   DebuggerType = NativeOnly
                   DebugSymbolsProjectOutputGroupDependenciesDependsOn = 
                         ;
                         
                         ;
                         BuildOnlySettings;
                         PrepareForBuild;
                         AssignTargetPaths;
                         ResolveReferences
                       
                       
                   DebugSymbolsProjectOutputGroupDependsOn = 
                   DebugType = 
                   DefaultLanguageSourceExtension = .cpp
                   DefaultPlatformToolset = v145
                   DefineCommonReferenceSchemas = 
                   DelayImplib = Delayimp.lib
                   DelaySign = 
                   DeploymentComputeClickOnceManifestInfoDependsOn = 
                         CleanPublishFolder;
                         GetCopyToOutputDirectoryItems;
                         _DeploymentGenerateTrustInfo;
                         
                       
                   DesignerRuntimeImplementationProjectOutputGroupDependsOn = 
                         ;
                         
                         ;
                         BuildOnlySettings;
                         PrepareForBuild;
                         AssignTargetPaths;
                         ResolveReferences
                       
                       
                   DesignTimeBuildInitTargets = _PrepareForReferenceResolution;
                         ;
                         AddExternalIncludDirectoriesToPaths
                       ;InitGetClCommandLines;ResolveReferences;FixupReferences
                   DesignTimeIntermediateOutputPath = C:\CG\CG2_00_01\submission_ready_20260730_165019\LE3C_26_ヨシノ_ゲント\02_プロジェクト\CG2_00_01-CG4_-2\project\..\generated\obj\imgui\Debug\InProcessTempFiles\
                   DesignTimeResolveAssemblyReferencesDependsOn = 
                         GetFrameworkPaths;
                         GetReferenceAssemblyPaths;
                         ResolveReferences
                       
                   DesktopDeployRecipeFile = C:\CG\CG2_00_01\submission_ready_20260730_165019\LE3C_26_ヨシノ_ゲント\02_プロジェクト\CG2_00_01-CG4_-2\generated\obj\imgui\Debug\imgui.lib.recipe
                   DetermineProjectTypeTargets = _PrepareForReferenceResolution;
                         ;
                         AddExternalIncludDirectoriesToPaths
                       
                   DevEnvDir = *Undefined*
                   DisableLogTaskParameter_ConvertToAbsolutePath_Path = true
                   DisableLogTaskParameter_FindUnderPath_OutOfPath = true
                   DisableLogTaskParameter_RemoveDuplicates_Inputs = true
                   DisableLogTaskParameterItemMetadata_ConvertToAbsolutePath_AbsolutePaths = true
                   DisableLogTaskParameterItemMetadata_Copy_CopiedFiles = true
                   DisableLogTaskParameterItemMetadata_Copy_DestinationFiles = true
                   DisableLogTaskParameterItemMetadata_Copy_SourceFiles = true
                   DisableLogTaskParameterItemMetadata_FindUnderPath_Files = true
                   DisableLogTaskParameterItemMetadata_FindUnderPath_InPath = true
                   DisableLogTaskParameterItemMetadata_GenerateResource_FilesWritten = true
                   DisableLogTaskParameterItemMetadata_Hash_ItemsToHash = true
                   DisableLogTaskParameterItemMetadata_RemoveDuplicates_Filtered = true
                   DisableLogTaskParameterItemMetadata_WriteLinesToFile_Lines = true
                   DocumentationProjectOutputGroupDependenciesDependsOn = 
                         ;
                         
                         ;
                         BuildOnlySettings;
                         PrepareForBuild;
                         AssignTargetPaths;
                         ResolveReferences
                       
                       
                   DocumentationProjectOutputGroupDependsOn = ResolvedXDCMake;ComputeCLCompileGeneratedXDCFiles
                   DocumentLibraryDependencies = true
                   DotNetNativeLibraryVersion = 
                   DotNetSdk_IncludePath = C:\Program Files (x86)\Windows Kits\NETFXSDK\4.8.1\Include\um
                   DotNetSdk_LibraryPath = C:\Program Files (x86)\Windows Kits\NETFXSDK\4.8.1\lib\um
                   DotNetSdk_LibraryPath_arm = C:\Program Files (x86)\Windows Kits\NETFXSDK\4.8.1\lib\um\arm
                   DotNetSdk_LibraryPath_arm64 = C:\Program Files (x86)\Windows Kits\NETFXSDK\4.8.1\lib\um\arm64
                   DotNetSdk_LibraryPath_x64 = C:\Program Files (x86)\Windows Kits\NETFXSDK\4.8.1\lib\um\x64
                   DotNetSdk_LibraryPath_x86 = C:\Program Files (x86)\Windows Kits\NETFXSDK\4.8.1\lib\um\x86
                   DotNetSdkRoot = C:\Program Files (x86)\Windows Kits\NETFXSDK\4.8.1\
                   EmbeddedWin32Manifest = 
                   EmbedManifest = true
                   EnableAppxPackageTargetsForUwpClassLibraries = true
                   EnableASAN = false
                   EnableClangTidyCodeAnalysis = false
                   EnableExperimentalDiagnostics = false
                   EnableFuzzer = false
                   EnableManagedIncrementalBuild = false
                   EnableManagedPackageReferenceSupport = false
                   EnableMicrosoftCodeAnalysis = true
                   EnableUnitySupport = false
                   EnforceProcessCountAcrossBuilds = 
                   EspXtensions = ConcurrencyCheck.dll;VariantClear.dll;HResultCheck.dll;EnumIndex.dll;CppCoreCheck.dll;
                   ExcludePath = C:\Program Files\Microsoft Visual Studio\18\Community\VC\Tools\MSVC\14.51.36231\include;;C:\Program Files\Microsoft Visual Studio\18\Community\VC\Tools\MSVC\14.51.36231\atlmfc\include;;C:\Program Files\Microsoft Visual Studio\18\Community\VC\Auxiliary\VS\include;;C:\Program Files (x86)\Windows Kits\10\Include\10.0.26100.0\ucrt;;;C:\Program Files (x86)\Windows Kits\10\Include\10.0.26100.0\um;C:\Program Files (x86)\Windows Kits\10\Include\10.0.26100.0\shared;C:\Program Files (x86)\Windows Kits\10\Include\10.0.26100.0\winrt;C:\Program Files (x86)\Windows Kits\10\Include\10.0.26100.0\cppwinrt;C:\Program Files (x86)\Windows Kits\NETFXSDK\4.8.1\Include\um;C:\Program Files\Microsoft Visual Studio\18\Community\VC\Tools\MSVC\14.51.36231\bin\HostArm64\arm64\1033;C:\Program Files\Microsoft Visual Studio\18\Community\VC\Tools\MSVC\14.51.36231\bin\HostArm64\arm\1033;C:\Program Files\Microsoft Visual Studio\18\Community\VC\Tools\MSVC\14.51.36231\bin\HostArm64\x64\1033;C:\Program Files\Microsoft Visual Studio\18\Community\VC\Tools\MSVC\14.51.36231\bin\HostArm64\x86\1033;C:\Program Files\Microsoft Visual Studio\18\Community\VC\Tools\MSVC\14.51.36231\bin\HostX86\arm64\1033;C:\Program Files\Microsoft Visual Studio\18\Community\VC\Tools\MSVC\14.51.36231\bin\HostX86\x64\1033;C:\Program Files\Microsoft Visual Studio\18\Community\VC\Tools\MSVC\14.51.36231\bin\HostX86\x86\1033;C:\Program Files\Microsoft Visual Studio\18\Community\VC\Tools\MSVC\14.51.36231\bin\HostX64\arm64\1033;C:\Program Files\Microsoft Visual Studio\18\Community\VC\Tools\MSVC\14.51.36231\bin\HostX64\arm\1033;C:\Program Files\Microsoft Visual Studio\18\Community\VC\Tools\MSVC\14.51.36231\bin\HostX64\x64\1033;C:\Program Files\Microsoft Visual Studio\18\Community\VC\Tools\MSVC\14.51.36231\bin\HostX64\x86\1033;;;;;;;;;;;;;C:\Program Files (x86)\Windows Kits\10\bin\10.0.26100.0\x86;;C:\Program Files (x86)\Microsoft SDKs\Windows\v10.0A\bin\NETFX 4.8.1 Tools;C:\Program Files\Microsoft Visual Studio\18\Community\Common7\tools;C:\Program Files\Microsoft Visual Studio\18\Community\Common7\ide;C:\Program Files (x86)\HTML Help Workshop;;;C:\Program Files\Microsoft Visual Studio\18\Community\MSBuild\Current\Bin;C:\WINDOWS\Microsoft.NET\Framework\v4.0.30319\;C:\Program Files\Microsoft Visual Studio\18\Community\MSBuild\Current\Bin;C:\WINDOWS\Microsoft.NET\Framework\v4.0.30319\;C:\WINDOWS;C:\Program Files\Microsoft Visual Studio\18\Community\VC\Tools\MSVC\14.51.36231\bin\HostX86\x64;C:\Program Files\Microsoft Visual Studio\18\Community\VC\Tools\MSVC\14.51.36231\bin\HostX86\x86;C:\Program Files\Microsoft Visual Studio\18\Community\VC\Tools\MSVC\14.51.36231\lib\x64;;C:\Program Files\Microsoft Visual Studio\18\Community\VC\Tools\MSVC\14.51.36231\atlmfc\lib\x64;;C:\Program Files\Microsoft Visual Studio\18\Community\VC\Auxiliary\VS\lib\x64;;C:\Program Files (x86)\Windows Kits\10\lib\10.0.26100.0\ucrt\x64;;
                   ExecutablePath = C:\Program Files\Microsoft Visual Studio\18\Community\VC\Tools\MSVC\14.51.36231\bin\HostX86\x64;C:\Program Files\Microsoft Visual Studio\18\Community\VC\Tools\MSVC\14.51.36231\bin\HostX86\x86;C:\Program Files (x86)\Windows Kits\10\bin\10.0.26100.0\x86;;C:\Program Files (x86)\Microsoft SDKs\Windows\v10.0A\bin\NETFX 4.8.1 Tools;C:\Program Files\Microsoft Visual Studio\18\Community\Common7\tools;C:\Program Files\Microsoft Visual Studio\18\Community\Common7\ide;C:\Program Files (x86)\HTML Help Workshop;;C:\Program Files\Microsoft Visual Studio\18\Community\MSBuild\Current\Bin;C:\WINDOWS\Microsoft.NET\Framework\v4.0.30319\;;C:\Users\K024G\.codex\tmp\arg0\codex-arg0CJzPUt;C:\Users\K024G\.cache\codex-runtimes\codex-primary-runtime\dependencies\bin\override;C:\Program Files\Common Files\Oracle\Java\javapath;C:\Windows\system32;C:\Windows;C:\Windows\System32\Wbem;C:\Windows\System32\WindowsPowerShell\v1.0\;C:\Windows\System32\OpenSSH\;C:\Program Files (x86)\NVIDIA Corporation\PhysX\Common;C:\WINDOWS\system32;C:\WINDOWS;C:\WINDOWS\System32\Wbem;C:\WINDOWS\System32\WindowsPowerShell\v1.0\;C:\WINDOWS\System32\OpenSSH\;C:\Program Files\dotnet\;C:\Program Files (x86)\Windows Kits\10\Windows Performance Toolkit\;C:\Program Files\NVIDIA Corporation\NVIDIA App\NvDLISR;C:\Program Files\CMake\bin;C:\Users\K024G\AppData\Local\Programs\OpenAI\Codex\bin;C:\Users\K024G\.local\bin;C:\Users\K024G\AppData\Local\Microsoft\WindowsApps;C:\Users\K024G\AppData\Local\Programs\Microsoft VS Code\bin;C:\Users\K024G\AppData\Local\GitHubDesktop\bin;C:\Users\K024G\.dotnet\tools;C:\Users\K024G\AppData\Local\Programs\Antigravity\bin;C:\Users\K024G\.dotnet\tools;C:\Users\K024G\.cache\codex-runtimes\codex-primary-runtime\dependencies\bin\fallback;C:\Users\K024G\.cache\codex-runtimes\codex-primary-runtime\dependencies\native\git\cmd;C:\Users\K024G\AppData\Local\OpenAI\Codex\bin\3e42d49ad3e35a50;C:\Program Files\WindowsApps\OpenAI.Codex_26.721.4979.0_x64__2p2nqsd0c76g0\app\resources;
                   ExpandSDKAllowedReferenceExtensions = 
                         .winmd;
                         .dll
                       
                   ExpandSDKReferencesDependsOn = 
                         ResolveSDKReferences
                       
                   ExtensionsToDeleteOnClean = *.cdf;*.cache;*.obj;*.obj.enc;*.ilk;*.ipdb;*.iobj;*.resources;*.tlb;*.tli;*.tlh;*.tmp;*.rsp;*.pgc;*.pgd;*.meta;*.tlog;*.manifest;*.res;*.pch;*.exp;*.idb;*.rep;*.xdc;*.pdb;*_manifest.rc;*.bsc;*.sbr;*.xml;*.metagen;*.bi;C:\CG\CG2_00_01\submission_ready_20260730_165019\LE3C_26_ヨシノ_ゲント\02_プロジェクト\CG2_00_01-CG4_-2\generated\outputs\Debug\imgui.lib.manifest;C:\CG\CG2_00_01\submission_ready_20260730_165019\LE3C_26_ヨシノ_ゲント\02_プロジェクト\CG2_00_01-CG4_-2\project\..\generated\outputs\Debug\imgui.tlb;C:\CG\CG2_00_01\submission_ready_20260730_165019\LE3C_26_ヨシノ_ゲント\02_プロジェクト\CG2_00_01-CG4_-2\project\..\generated\outputs\Debug\imgui.pdb;C:\CG\CG2_00_01\submission_ready_20260730_165019\LE3C_26_ヨシノ_ゲント\02_プロジェクト\CG2_00_01-CG4_-2\generated\outputs\Debug\imgui.lib;C:\CG\CG2_00_01\submission_ready_20260730_165019\LE3C_26_ヨシノ_ゲント\02_プロジェクト\CG2_00_01-CG4_-2\project\..\generated\outputs\Debug\imgui.bsc;C:\CG\CG2_00_01\submission_ready_20260730_165019\LE3C_26_ヨシノ_ゲント\02_プロジェクト\CG2_00_01-CG4_-2\project\..\generated\outputs\Debug\imgui.ilk;C:\CG\CG2_00_01\submission_ready_20260730_165019\LE3C_26_ヨシノ_ゲント\02_プロジェクト\CG2_00_01-CG4_-2\generated\outputs\Debug\imgui.lib.intermediate.manifest;C:\CG\CG2_00_01\submission_ready_20260730_165019\LE3C_26_ヨシノ_ゲント\02_プロジェクト\CG2_00_01-CG4_-2\project\..\generated\obj\imgui\Debug\imgui.vcxproj.FileListAbsolute.txt
                   ExternalIncludePath = C:\Program Files\Microsoft Visual Studio\18\Community\VC\Tools\MSVC\14.51.36231\include;;C:\Program Files\Microsoft Visual Studio\18\Community\VC\Tools\MSVC\14.51.36231\atlmfc\include;;C:\Program Files\Microsoft Visual Studio\18\Community\VC\Auxiliary\VS\include;;C:\Program Files (x86)\Windows Kits\10\Include\10.0.26100.0\ucrt;;;C:\Program Files (x86)\Windows Kits\10\Include\10.0.26100.0\um;C:\Program Files (x86)\Windows Kits\10\Include\10.0.26100.0\shared;C:\Program Files (x86)\Windows Kits\10\Include\10.0.26100.0\winrt;C:\Program Files (x86)\Windows Kits\10\Include\10.0.26100.0\cppwinrt;C:\Program Files (x86)\Windows Kits\NETFXSDK\4.8.1\Include\um;
                   FindInvalidProjectReferencesDependsOn = 
                         GetReferenceTargetPlatformMonikers
                       
                   Framework20Dir = @(_TargetFramework20DirectoryItem)
                   Framework30Dir = @(_TargetFramework30DirectoryItem)
                   Framework35Dir = @(_TargetFramework35DirectoryItem)
                   Framework40Dir = @(_TargetFramework40DirectoryItem)
                   FrameworkDir = C:\Windows\Microsoft.NET\Framework\
                   FrameworkDir_110 = C:\Windows\Microsoft.NET\Framework\
                   FrameworkRegistryBase = Software\Microsoft\
                   FrameworkSdkDir = C:\Program Files (x86)\Windows Kits\10\
                   FrameworkSDKRoot = C:\Program Files (x86)\Microsoft SDKs\Windows\v10.0A\
                   FrameworkVersion = v4.7.2
                   FullReferenceAssemblyNames = Full
                   FxCompileAfterTargets = CustomBuild
                   FxCompileBeforeTargets = Midl
                   GenerateDesktopDeployRecipeFile = true
                   GenerateFullPaths = true
                   GenerateManifest = true
                   GenerateManifestsDependsOn = 
                         SetWin32ManifestProperties;
                         GenerateApplicationManifest;
                         GenerateDeploymentManifest
                       
                   GenerateTargetFrameworkAttribute = false
                   GetClCommandLineForReferenceDependsOn = 
                         GetPublicIncludeDirectories;
                         ;
                       
                   GetClCommandLineForReferenceSupported = true
                   GetCopyToOutputDirectoryItemsDependsOn = 
                         ;
                         AssignTargetPaths;
                         
                         AssignProjectConfiguration;
                         _SplitProjectReferencesByFileExistence
                       ;
                         _GetProjectReferenceTargetFrameworkProperties;
                         _PopulateCommonStateForGetCopyToOutputDirectoryItems
                       
                   GetFrameworkPathsDependsOn = 
                   GetProjectInfoForReferenceDependsOn = 
                         
                         ;
                         AddPublicIncludeDirectoriesToProjectsInfoForReference;
                       ;
                         AddPublicBMIsToProjectsInfoForReference;
                         AddDeployRecipeFileToProjectsInfoForReference;
                         AddLibrariesToProjectsInfoForReference;
                       
                   GetReferenceAssemblyPathsDependsOn = _PrepareForReferenceResolution;
                   GetReferenceNearestTargetFrameworkTaskSupportsTargetFrameworkPropertyParameter = true
                   GetReferenceNearestTargetFrameworkTaskSupportsTargetPlatformParameter = true
                   GetTargetPathDependsOn = _PrepareForReferenceResolution;GetResolvedWinMD;
                   GetTargetPathWithTargetPlatformMonikerDependsOn = 
                   GPURefDebuggerBreakOnAllThreads = GPURefBreakOncePerWarp
                   HideWarningsAndErrors = false
                   IgnoreImportLibrary = false
                   ImportByWildcardAfterMicrosoftCommonProps = true
                   ImportByWildcardAfterMicrosoftCommonTargets = true
                   ImportByWildcardBeforeMicrosoftCommonProps = true
                   ImportByWildcardBeforeMicrosoftCommonTargets = true
                   ImportDirectoryBuildProps = true
                   ImportDirectoryBuildTargets = true
                   ImportDirectoryPackagesProps = true
                   ImportProjectExtensionProps = true
                   ImportProjectExtensionTargets = true
                   ImportUserLocationsByWildcardAfterMicrosoftCommonProps = true
                   ImportUserLocationsByWildcardAfterMicrosoftCommonTargets = true
                   ImportUserLocationsByWildcardBeforeMicrosoftCommonProps = true
                   ImportUserLocationsByWildcardBeforeMicrosoftCommonTargets = true
                   ImportXamlTargets = true
                   IncludeFrameworkReferencesFromNuGet = true
                   IncludePath = C:\Program Files\Microsoft Visual Studio\18\Community\VC\Tools\MSVC\14.51.36231\include;;C:\Program Files\Microsoft Visual Studio\18\Community\VC\Tools\MSVC\14.51.36231\atlmfc\include;;C:\Program Files\Microsoft Visual Studio\18\Community\VC\Auxiliary\VS\include;;C:\Program Files (x86)\Windows Kits\10\Include\10.0.26100.0\ucrt;;;C:\Program Files (x86)\Windows Kits\10\Include\10.0.26100.0\um;C:\Program Files (x86)\Windows Kits\10\Include\10.0.26100.0\shared;C:\Program Files (x86)\Windows Kits\10\Include\10.0.26100.0\winrt;C:\Program Files (x86)\Windows Kits\10\Include\10.0.26100.0\cppwinrt;C:\Program Files (x86)\Windows Kits\NETFXSDK\4.8.1\Include\um;
                   IncludeVersionInInteropName = true
                   IntDir = C:\CG\CG2_00_01\submission_ready_20260730_165019\LE3C_26_ヨシノ_ゲント\02_プロジェクト\CG2_00_01-CG4_-2\project\..\generated\obj\imgui\Debug\
                   IntDirFullPath = C:\CG\CG2_00_01\submission_ready_20260730_165019\LE3C_26_ヨシノ_ゲント\02_プロジェクト\CG2_00_01-CG4_-2\generated\obj\imgui\Debug\
                   IntermediateOutputPath = C:\CG\CG2_00_01\submission_ready_20260730_165019\LE3C_26_ヨシノ_ゲント\02_プロジェクト\CG2_00_01-CG4_-2\project\..\generated\obj\imgui\Debug\
                   InteropOutputPath = Interop\
                   iOSTargetsPath = C:\Program Files\Microsoft Visual Studio\18\Community\MSBuild\Microsoft\MDD\iOS\V150\
                   IsRestoreTargetsFileLoaded = true
                   JsonSchemaCombinedFilePath = C:\CG\CG2_00_01\submission_ready_20260730_165019\LE3C_26_ヨシノ_ゲント\02_プロジェクト\CG2_00_01-CG4_-2\generated\obj\imgui\Debug\CombinedComponentSchema.json
                   Keyword = Win32Proj
                   KIT_SHARED_IncludePath = C:\Program Files (x86)\Windows Kits\10\Include\10.0.26100.0\shared
                   LangID = 1033
                   Language = C++
                   LastBuildState = C:\CG\CG2_00_01\submission_ready_20260730_165019\LE3C_26_ヨシノ_ゲント\02_プロジェクト\CG2_00_01-CG4_-2\project\..\generated\obj\imgui\Debug\imgui.tlog\imgui.lastbuildstate
                   LastBuildUnsuccessful = C:\CG\CG2_00_01\submission_ready_20260730_165019\LE3C_26_ヨシノ_ゲント\02_プロジェクト\CG2_00_01-CG4_-2\project\..\generated\obj\imgui\Debug\imgui.tlog\unsuccessfulbuild
                   LegacyPlatformToolset = v100
                   LibCompiled = true
                   LibrariesArchitecture = x64
                   LibraryPath = C:\Program Files\Microsoft Visual Studio\18\Community\VC\Tools\MSVC\14.51.36231\lib\x64;;C:\Program Files\Microsoft Visual Studio\18\Community\VC\Tools\MSVC\14.51.36231\atlmfc\lib\x64;;C:\Program Files\Microsoft Visual Studio\18\Community\VC\Auxiliary\VS\lib\x64;;C:\Program Files (x86)\Windows Kits\10\lib\10.0.26100.0\ucrt\x64;;;C:\Program Files (x86)\Windows Kits\10\lib\10.0.26100.0\um\x64;C:\Program Files (x86)\Windows Kits\NETFXSDK\4.8.1\lib\um\x64;
                   LibraryWPath = C:\Program Files (x86)\Windows Kits\10\References;
                   LinkIncremental = true
                   LlvmPlatformName = x86_64
                   LLVMToolsVersion = 22.1.3
                   LoadTimeSensitiveProperties = 
                         ;
                       
                   LoadTimeSensitiveTargets = 
                         ;
                         XamlMarkupCompilePass1;
                       
                   LocalDebuggerAttach = False
                   LocalDebuggerCommand = C:\CG\CG2_00_01\submission_ready_20260730_165019\LE3C_26_ヨシノ_ゲント\02_プロジェクト\CG2_00_01-CG4_-2\generated\outputs\Debug\imgui.lib
                   LocalDebuggerDebuggerType = Auto
                   LocalDebuggerMergeEnvironment = true
                   LocalDebuggerSQLDebugging = False
                   LocalDebuggerWorkingDirectory = C:\CG\CG2_00_01\submission_ready_20260730_165019\LE3C_26_ヨシノ_ゲント\02_プロジェクト\CG2_00_01-CG4_-2\project\externals\imgui\
                   LocalGPUDebuggerTargetType = {F4453496-1DB8-47F8-A7D5-31EBDDC2EC96}
                   ManagedAssembly = false
                   ManagedIncrementalBuildProcessDependencyGraphAfterTarget = 
                         ClCompile
                       
                   ManagedIncrementalBuildProcessDependencyGraphBeforeTarget = 
                         ClCompile
                       
                   MaxNumberOfProcesses = 1
                   MaxTargetPath = 100
                   MetagenInputTarget = Link
                   MetaGenTargets = C:\Program Files\Microsoft Visual Studio\18\Community\MSBuild\Microsoft\VC\v180\\Microsoft.MetaGen.targets
                   MFC_KeyFile = C:\Program Files\Microsoft Visual Studio\18\Community\VC\Tools\MSVC\14.51.36231\atlmfc\lib\x64\mfcs140.lib
                   MicrosoftCommonPropsHasBeenImported = true
                   MicrosoftNETBuildExtensionsTargets = C:\Program Files\Microsoft Visual Studio\18\Community\MSBuild\Microsoft\Microsoft.NET.Build.Extensions\Microsoft.NET.Build.Extensions.targets
                   MicrosoftNETBuildExtensionsTasksAssembly = C:\Program Files\Microsoft Visual Studio\18\Community\MSBuild\Microsoft\Microsoft.NET.Build.Extensions\\tools\net472\Microsoft.NET.Build.Extensions.Tasks.dll
                   MicrosoftNETSdkAfterCommonTargets = Sdk.AfterCommon.targets 
                   MicrosoftNETSdkBeforeCommonTargets = Sdk.BeforeCommon.targets
                   MidlYieldDuringToolExecution = true
                   MsAppxPackageTargets = C:\Program Files\Microsoft Visual Studio\18\Community\MSBuild\Microsoft\VisualStudio\v18.0\AppxPackage\Microsoft.AppXPackage.Targets
                   MSBuild_ExecutablePath = C:\Program Files\Microsoft Visual Studio\18\Community\MSBuild\Current\Bin;C:\WINDOWS\Microsoft.NET\Framework\v4.0.30319\
                   MSBuildAllProjects = C:\CG\CG2_00_01\submission_ready_20260730_165019\LE3C_26_ヨシノ_ゲント\02_プロジェクト\CG2_00_01-CG4_-2\project\externals\imgui\imgui.vcxproj;;C:\Program Files\Microsoft Visual Studio\18\Community\MSBuild\Current\Bin\Microsoft.Xaml.targets;C:\Program Files\Microsoft Visual Studio\18\Community\MSBuild\Microsoft\NuGet\18.0\Microsoft.NuGet.targets
                   MSBuildAssemblyVersion = 18.0
                   MSBuildBinPath = C:\Program Files\Microsoft Visual Studio\18\Community\MSBuild\Current\Bin
                   MSBuildCopyContentTransitively = true
                   MSBuildCopyMarkerName = imgui.vcxproj.Up2Date
                   MSBuildDisableFeaturesFromVersion = 999.999
                   MSBuildExtensionsPath = C:\Program Files\Microsoft Visual Studio\18\Community\MSBuild
                   MSBuildExtensionsPath32 = C:\Program Files\Microsoft Visual Studio\18\Community\MSBuild
                   MSBuildExtensionsPath64 = C:\Program Files\MSBuild
                   MSBuildFileVersion = 18.8.2.30814
                   MSBuildFrameworkToolsPath = C:\WINDOWS\Microsoft.NET\Framework\v4.0.30319\
                   MSBuildFrameworkToolsPath32 = C:\WINDOWS\Microsoft.NET\Framework\v4.0.30319\
                   MSBuildFrameworkToolsPath64 = C:\WINDOWS\Microsoft.NET\Framework64\v4.0.30319\
                   MSBuildFrameworkToolsPathArm64 = C:\WINDOWS\Microsoft.NET\FrameworkArm64\v4.0.30319\
                   MSBuildFrameworkToolsRoot = C:\WINDOWS\Microsoft.NET\Framework\
                   MSBuildLoadMicrosoftTargetsReadOnly = true
                   MSBuildNodeCount = 16
                   MSBuildProgramFiles32 = C:\Program Files (x86)
                   MSBuildProjectDefaultTargets = Build
                   MSBuildProjectDirectory = C:\CG\CG2_00_01\submission_ready_20260730_165019\LE3C_26_ヨシノ_ゲント\02_プロジェクト\CG2_00_01-CG4_-2\project\externals\imgui
                   MSBuildProjectDirectoryNoRoot = CG\CG2_00_01\submission_ready_20260730_165019\LE3C_26_ヨシノ_ゲント\02_プロジェクト\CG2_00_01-CG4_-2\project\externals\imgui
                   MSBuildProjectExtension = .vcxproj
                   MSBuildProjectExtensionsPath = C:\CG\CG2_00_01\submission_ready_20260730_165019\LE3C_26_ヨシノ_ゲント\02_プロジェクト\CG2_00_01-CG4_-2\project\externals\imgui\obj\
                   MSBuildProjectFile = imgui.vcxproj
                   MSBuildProjectFullPath = C:\CG\CG2_00_01\submission_ready_20260730_165019\LE3C_26_ヨシノ_ゲント\02_プロジェクト\CG2_00_01-CG4_-2\project\externals\imgui\imgui.vcxproj
                   MSBuildProjectName = imgui
                   MSBuildRuntimeType = Full
                   MSBuildRuntimeVersion = 4.0.30319
                   MSBuildSDKsPath = C:\Program Files\Microsoft Visual Studio\18\Community\MSBuild\Sdks
                   MSBuildSemanticVersion = 18.8.2+ce25c0108
                   MSBuildStartupDirectory = C:\CG\CG2_00_01\submission_ready_20260730_165019\LE3C_26_ヨシノ_ゲント\02_プロジェクト\CG2_00_01-CG4_-2\project
                   MSBuildToolsPath = C:\Program Files\Microsoft Visual Studio\18\Community\MSBuild\Current\Bin
                   MSBuildToolsPath32 = C:\Program Files\Microsoft Visual Studio\18\Community\MSBuild\Current\Bin
                   MSBuildToolsPath64 = C:\Program Files\Microsoft Visual Studio\18\Community\MSBuild\Current\Bin\amd64
                   MSBuildToolsRoot = C:\Program Files\Microsoft Visual Studio\18\Community\MSBuild
                   MSBuildToolsVersion = Current
                   MSBuildUserExtensionsPath = C:\Users\K024G\AppData\Local\Microsoft\MSBuild
                   MSBuildUseVisualStudioDirectoryLayout = True
                   MSBuildVersion = 18.8.2
                   MSBuildWarningsAsErrors = 
                   MSBuildWarningsAsMessages = ;
                   MSBuildWarningsNotAsErrors = 
                   MsTestToolsTargets = C:\Program Files\Microsoft Visual Studio\18\Community\MSBuild\Microsoft\VisualStudio\v18.0\TeamTest\Microsoft.TeamTest.targets
                   MSVC_STL_MODULES_JSON = C:\Program Files\Microsoft Visual Studio\18\Community\VC\Tools\MSVC\14.51.36231\modules\modules.json
                   MsvcAnalysisPluginPath = C:\Program Files\Microsoft Visual Studio\18\Community\VC\Tools\MSVC\14.51.36231\bin\HostX86\x64
                   MsvcAnalysisToolsPath = C:\Program Files\Microsoft Visual Studio\18\Community\VC\Tools\MSVC\14.51.36231\bin\HostX86\x64
                   MSVCPreviewEnabled = false
                   MultiProcCL = false
                   MultiProcFXC = false
                   MultiProcMaxCount = 0
                   MultiProcMIDL = false
                   MultiToolTask = false
                   NetfxCoreRuntimeSettingsTargets = C:\Program Files (x86)\MSBuild\15.0\.Net\CoreRuntime\Microsoft.Net.CoreRuntime.Settings.targets
                   NetfxCoreRuntimeTargets = C:\Program Files (x86)\MSBuild\15.0\.Net\CoreRuntime\Microsoft.Net.CoreRuntime.targets
                   NETFXKitsDir = C:\Program Files (x86)\Windows Kits\NETFXSDK\4.8.1\
                   NETFXSDK_UseAnyInstalledVersion = true
                   NETFXSDK_Version = 4.8.1
                   NETFXSDKDir = C:\Program Files (x86)\Microsoft SDKs\Windows\v10.0A\
                   NuGetAudit = true
                   NuGetAuditLevel = low
                   NuGetAuditMode = direct
                   NuGetInteractive = 
                   NuGetProps = C:\Program Files\Microsoft Visual Studio\18\Community\MSBuild\Microsoft\NuGet\18.0\Microsoft.NuGet.props
                   NuGetPropsFile = C:\Program Files\Microsoft Visual Studio\18\Community\MSBuild\Current\Bin\..\..\..\Common7\IDE\CommonExtensions\Microsoft\NuGet\NuGet.props
                   NuGetRestoreTargets = C:\Program Files\Microsoft Visual Studio\18\Community\MSBuild\Current\Bin\..\..\..\Common7\IDE\CommonExtensions\Microsoft\NuGet\NuGet.targets
                   NuGetRuntimeIdentifier = win-x64
                   NuGetTargetFrameworkMonikerToInject = .NETCore,Version=v5.0
                   NuGetTargetMoniker = 
                   NuGetTargetMonikerToInject = .NETCore,Version=v5.0
                   NuGetTargets = C:\Program Files\Microsoft Visual Studio\18\Community\MSBuild\Microsoft\NuGet\18.0\Microsoft.NuGet.targets
                   OnlyReferenceAndBuildProjectsEnabledInSolutionConfiguration = true
                   OutDir = C:\CG\CG2_00_01\submission_ready_20260730_165019\LE3C_26_ヨシノ_ゲント\02_プロジェクト\CG2_00_01-CG4_-2\project\..\generated\outputs\Debug\
                   OutDirFullPath = C:\CG\CG2_00_01\submission_ready_20260730_165019\LE3C_26_ヨシノ_ゲント\02_プロジェクト\CG2_00_01-CG4_-2\generated\outputs\Debug\
                   OutDirWasSpecified = false
                   OutputPath = C:\CG\CG2_00_01\submission_ready_20260730_165019\LE3C_26_ヨシノ_ゲント\02_プロジェクト\CG2_00_01-CG4_-2\project\..\generated\outputs\Debug\
                   OutputType = staticlibrary
                   OverwriteReadOnlyFiles = false
                   PackageDownloadSupported = true
                   Platform = x64
                   Platform_Actual = x64
                   PlatformArchitecture = 64
                   PlatformName = x64
                   PlatformPropsFound = true
                   PlatformShortName = x64
                   PlatformTarget = x64
                   PlatformTargetAsMSBuildArchitecture = x64
                   PlatformTargetAsMSBuildArchitectureExplicitlySet = false
                   PlatformTargetsFound = true
                   PlatformToolset = v145
                   PlatformToolsetVersion = 145
                   PostBuildEventDependsOn = 
                   PostBuildEventUseInBuild = true
                   PreBuildEventDependsOn = 
                   PreBuildEventUseInBuild = true
                   PreferredToolArchitecture = x86
                   PreLinkEventUseInBuild = true
                   PrepareForBuildDependsOn = _CheckWindowsSDKInstalled;;GetFrameworkPaths;GetReferenceAssemblyPaths;AssignLinkMetadata;SetCABuildNativeEnvironmentVariables
                   PrepareForRunDependsOn = 
                         CopyFilesToOutputDirectory
                       
                   PrepareProjectReferencesDependsOn = 
                         AssignProjectConfiguration;
                         _SplitProjectReferencesByFileExistence;
                         _GetProjectReferenceTargetFrameworkProperties;
                         _GetProjectReferencePlatformProperties
                       
                   PrepareResourceNamesDependsOn = 
                         AssignTargetPaths;
                         SplitResourcesByCulture;
                         CreateManifestResourceNames;
                         CreateCustomManifestResourceNames
                       
                   PrepareResourcesDependsOn = ResolveNuGetPackageAssets;
                         XamlMarkupCompilePass1;
                         XamlMarkupCompilePass2;
                         
                         ;
                         PrepareResourceNames;
                         ResGen;
                         CompileLicxFiles
                        
                       
                   ProcessorArchitecture = amd64
                   ProduceReferenceAssembly = false
                   ProjectDesignTimeAssemblyResolutionSearchPaths = 
                         {CandidateAssemblyFiles};
                         C:\Program Files\Microsoft Visual Studio\18\Community\VC\Tools\MSVC\14.51.36231\atlmfc\lib\x64;;C:\Program Files\Microsoft Visual Studio\18\Community\VC\Tools\MSVC\14.51.36231\lib\x64;;
                         {HintPathFromItem};
                         {TargetFrameworkDirectory};
                         {Registry:Software\Microsoft\,,AssemblyFoldersEx};
                         {RawFileName};
                         C:\CG\CG2_00_01\submission_ready_20260730_165019\LE3C_26_ヨシノ_ゲント\02_プロジェクト\CG2_00_01-CG4_-2\generated\outputs\Debug\
                       
                   ProjectDir = C:\CG\CG2_00_01\submission_ready_20260730_165019\LE3C_26_ヨシノ_ゲント\02_プロジェクト\CG2_00_01-CG4_-2\project\externals\imgui\
                   ProjectEvaluationFingerprint = Debug|x64|C:\CG\CG2_00_01\submission_ready_20260730_165019\LE3C_26_ヨシノ_ゲント\02_プロジェクト\CG2_00_01-CG4_-2\project\|
                   ProjectExt = .vcxproj
                   ProjectFileName = imgui.vcxproj
                   ProjectFlavor = Client
                   ProjectGuid = {fc6138e7-6881-42e8-a87a-e456388a5a3e}
                   ProjectLockFile = obj\project.assets.json
                   ProjectName = imgui
                   ProjectNSettingsTargets = C:\Program Files (x86)\MSBuild\15.0\.Net\.NetNative\15.0.24211\Microsoft.NetNative.Settings.targets
                   ProjectNTargets = C:\Program Files (x86)\MSBuild\15.0\.Net\.NetNative\15.0.24211\Microsoft.NetNative.targets
                   ProjectPath = C:\CG\CG2_00_01\submission_ready_20260730_165019\LE3C_26_ヨシノ_ゲント\02_プロジェクト\CG2_00_01-CG4_-2\project\externals\imgui\imgui.vcxproj
                   PublishableProject = 
                   PublishBuildDependsOn = 
                         BuildOnlySettings;
                         PrepareForBuild;
                         ResolveReferences;
                         PrepareResources;
                         ResolveKeySource;
                         GenerateSerializationAssemblies;
                         CreateSatelliteAssemblies;
                       
                   PublishDependsOn = 
                         _DeploymentUnpublishable
                       
                   PublishDir = C:\CG\CG2_00_01\submission_ready_20260730_165019\LE3C_26_ヨシノ_ゲント\02_プロジェクト\CG2_00_01-CG4_-2\project\..\generated\outputs\Debug\app.publish\
                   PublishOnlyDependsOn = 
                         SetGenerateManifests;
                         PublishBuild;
                         BeforePublish;
                         GenerateManifests;
                         CopyFilesToOutputDirectory;
                         _CopyFilesToPublishFolder;
                         _DeploymentGenerateBootstrapper;
                         ResolveKeySource;
                         _DeploymentSignClickOnceDeployment;
                         AfterPublish
                       
                   RebuildDependsOn = SetTelemetryEnvironmentVariables;
                         _PrepareForRebuild;
                         
                         BeforeRebuild;
                         Clean;
                         Build;
                         AfterRebuild;
                       ;
                       
                   ReferenceCopyLocalPathsOutputGroupDependsOn = 
                         ;
                         
                         ;
                         BuildOnlySettings;
                         PrepareForBuild;
                         AssignTargetPaths;
                         ResolveReferences
                       
                       
                   ReferencePath = C:\Program Files\Microsoft Visual Studio\18\Community\VC\Tools\MSVC\14.51.36231\atlmfc\lib\x64;;C:\Program Files\Microsoft Visual Studio\18\Community\VC\Tools\MSVC\14.51.36231\lib\x64;
                   RemoteDebuggerAttach = False
                   RemoteDebuggerConnection = RemoteWithAuthentication
                   RemoteDebuggerDebuggerType = Auto
                   RemoteDebuggerDeployCppRuntime = false
                   RemoteDebuggerDeployDebugCppRuntime = true
                   RemoteDebuggerServerName = MSI
                   RemoteDebuggerSQLDebugging = False
                   RemoteDebuggerWorkingDirectory = C:\CG\CG2_00_01\submission_ready_20260730_165019\LE3C_26_ヨシノ_ゲント\02_プロジェクト\CG2_00_01-CG4_-2\project\externals\imgui\
                   RemoteGPUDebuggerTargetType = {F4453496-1DB8-47F8-A7D5-31EBDDC2EC96}
                   ReportingServicesTargets = C:\Program Files\Microsoft Visual Studio\18\Community\MSBuild\Microsoft\VisualStudio\v18.0\ReportingServices\Microsoft.ReportingServices.targets
                   ResGenDependsOn = ResolveAssemblyReferences;SplitResourcesByCulture;BeforeResGen;CoreResGen;AfterResGen
                   ResGenExecuteAsTool = false
                   ResolveAssemblyReferencesDependsOn = _PrepareForReferenceResolution;
                         ResolveProjectReferences;
                         FindInvalidProjectReferences;
                         GetFrameworkPaths;
                         GetReferenceAssemblyPaths;
                         PrepareForBuild;
                         ResolveSDKReferences;
                         ExpandSDKReferences;
                       ;ResolveNuGetPackageAssets
                   ResolveNuGetPackageAssetsDependsOn = ResolveProjectReferences
                   ResolveNuGetPackages = true
                   ResolveReferencesDependsOn = _PrepareForReferenceResolution;ComputeCrtSDKReference;
                         
                         BeforeResolveReferences;
                         AssignProjectConfiguration;
                         ResolveProjectReferences;
                         FindInvalidProjectReferences;
                         ResolveNativeReferences;
                         ResolveAssemblyReferences;
                         GenerateBindingRedirects;
                         GenerateBindingRedirectsUpdateAppConfig;
                         ResolveComReferences;
                         AfterResolveReferences
                       ;
                         ResolveTestReferences
                       
                   ResolveSDKReferencesDependsOn = _PrepareForReferenceResolution;ComputeCrtSDKReference;
                         GetInstalledSDKLocations
                       
                   RestoreBuildInParallel = true
                   RestoreContinueOnError = WarnAndContinue
                   RestoreEnablePackagePruning = false
                   RestorePackagePruningDefault = false
                   RestoreRecursive = true
                   RestoreTaskAssemblyFile = NuGet.Build.Tasks.dll
                   RestoreUseSkipNonexistentTargets = true
                   RetargetAlwaysSupported = true
                   RootNamespace = imgui
                   RoslynTargetsPath = C:\Program Files\Microsoft Visual Studio\18\Community\MSBuild\Current\Bin\Roslyn
                   RunAnalyzersDuringBuild = 
                   RunAnalyzersDuringLiveAnalysis = 
                   RunClangCppAnalysis = false
                   RunCodeAnalysis = false
                   RunCodeAnalysisInputs = C:\CG\CG2_00_01\submission_ready_20260730_165019\LE3C_26_ヨシノ_ゲント\02_プロジェクト\CG2_00_01-CG4_-2\project\..\generated\outputs\Debug\imgui.lib
                   RunCppAnalysis = false
                   RunDependsOn = 
                   RunMsvcAnalysis = false
                   RuntimeIdentifiers = win;win-x86;win-x64;win-arm64
                   SatelliteDllsProjectOutputGroupDependenciesDependsOn = 
                         ;
                         
                         ;
                         BuildOnlySettings;
                         PrepareForBuild;
                         AssignTargetPaths;
                         ResolveReferences
                       
                       
                   SatelliteDllsProjectOutputGroupDependsOn = ;PrepareForBuild;PrepareResourceNames
                   SchemaGenIncrementalBuildInputs = @(JsonSchemaSegment);
                   SDK_ExecutablePath_x64 = C:\Program Files (x86)\Windows Kits\10\bin\10.0.26100.0\x64;;C:\Program Files (x86)\Microsoft SDKs\Windows\v10.0A\bin\NETFX 4.8.1 Tools\x64
                   SDK_ExecutablePath_x86 = C:\Program Files (x86)\Windows Kits\10\bin\10.0.26100.0\x86;;C:\Program Files (x86)\Microsoft SDKs\Windows\v10.0A\bin\NETFX 4.8.1 Tools
                   SDK35ToolsPath = 
                   SDK40ToolsPath = C:\Program Files (x86)\Microsoft SDKs\Windows\v10.0A\bin\NETFX 4.8.1 Tools\
                   SDKDisplayName = Windows 10
                   SDKExtensionDirectoryRoot = C:\Program Files (x86)\Microsoft SDKs\Windows Kits\10;C:\Program Files (x86)\Windows Kits\10\
                   SDKIdentifier = Windows
                   SDKRedistOutputGroupDependsOn = ResolveSDKReferences;ExpandSDKReferences
                   SDKReferenceDirectoryRoot = C:\Users\K024G\AppData\Local\Microsoft SDKs;C:\Program Files (x86)\Microsoft SDKs
                   SDKReferenceRegistryRoot = Software\Microsoft\Microsoft SDKs
                   SDKVersion = 10.0
                   SetBuildDefaultEnvironmentVariablesDependsOn = 
                         AddExternalIncludDirectoriesToPaths;
                         
                       
                   SGenFilesOutputGroupDependenciesDependsOn = 
                         ;
                         
                         ;
                         BuildOnlySettings;
                         PrepareForBuild;
                         AssignTargetPaths;
                         ResolveReferences
                       
                       
                   SGenFilesOutputGroupDependsOn = 
                   SGenShouldGenerateSerializer = true
                   SGenUseKeep = false
                   SGenUseProxyTypes = true
                   ShortProjectName = imgui
                   ShouldMarkCertainSDKReferencesAsRuntimeOnly = true
                   SkipCopyBuildProduct = true
                   SkipCopyUnchangedFiles = true
                   SolutionDir = C:\CG\CG2_00_01\submission_ready_20260730_165019\LE3C_26_ヨシノ_ゲント\02_プロジェクト\CG2_00_01-CG4_-2\project\
                   SolutionExt = .sln
                   SolutionFileName = CG2_00_01.sln
                   SolutionName = CG2_00_01
                   SolutionPath = C:\CG\CG2_00_01\submission_ready_20260730_165019\LE3C_26_ヨシノ_ゲント\02_プロジェクト\CG2_00_01-CG4_-2\project\CG2_00_01.sln
                   SourceControlInformationFeatureSupported = true
                   SourceFilesProjectOutputGroupDependsOn = PrepareForBuild;AssignTargetPaths
                   SourcePath = C:\Program Files\Microsoft Visual Studio\18\Community\VC\Tools\MSVC\14.51.36231\atlmfc\src\mfc;C:\Program Files\Microsoft Visual Studio\18\Community\VC\Tools\MSVC\14.51.36231\atlmfc\src\mfcm;C:\Program Files\Microsoft Visual Studio\18\Community\VC\Tools\MSVC\14.51.36231\atlmfc\src\atl;;C:\Program Files\Microsoft Visual Studio\18\Community\VC\Tools\MSVC\14.51.36231\crt\src;;C:\Program Files\Microsoft Visual Studio\18\Community\VC\Auxiliary\VS\src;;C:\Program Files (x86)\Windows Kits\10\Source\10.0.26100.0\ucrt;;;
                   SpectreMitigation = false
                   SQLDebugging = false
                   StaticLibraryResolveLinkLib = 
                         PrepareForBuild;
                         ResolveReferences;
                       ;ResolvedLinkLib
                   SuppressLegacyCodeAnalysisDeprecatedWarning = false
                   TargetCulture = *
                   TargetDeployManifestFileName = imgui.application
                   TargetDir = C:\CG\CG2_00_01\submission_ready_20260730_165019\LE3C_26_ヨシノ_ゲント\02_プロジェクト\CG2_00_01-CG4_-2\generated\outputs\Debug\
                   TargetedFrameworkDir = @(_TargetedFrameworkDirectoryItem)
                   TargetedSDKArchitecture = amd64
                   TargetedSDKConfiguration = Debug
                   TargetExt = .lib
                   TargetFileName = imgui.lib
                   TargetFrameworkAsMSBuildRuntime = CurrentRuntime
                   TargetName = imgui
                   TargetPath = C:\CG\CG2_00_01\submission_ready_20260730_165019\LE3C_26_ヨシノ_ゲント\02_プロジェクト\CG2_00_01-CG4_-2\generated\outputs\Debug\imgui.lib
                   TargetPlatformDisplayName = Windows 10.0.26100.0
                   TargetPlatformIdentifier = Windows
                   TargetPlatformMinVersion = 
                   TargetPlatformMoniker = Windows,Version=10.0.26100.0
                   TargetPlatformRegistryBase = Software\Microsoft\Microsoft SDKs\Windows
                   TargetPlatformSdkPath = 
                   TargetPlatformVersion = 10.0.26100.0
                   TargetPlatformWinMDLocation = C:\Program Files (x86)\Windows Kits\10\References
                   TargetRuntime = Native
                   TargetUniversalCRTVersion = 10.0.26100.0
                   TaskKeyToken = 31bf3856ad364e35
                   TaskVersion = 4.0.0.0
                   TLogLocation = C:\CG\CG2_00_01\submission_ready_20260730_165019\LE3C_26_ヨシノ_ゲント\02_プロジェクト\CG2_00_01-CG4_-2\project\..\generated\obj\imgui\Debug\imgui.tlog\
                   TLogLocation_ModuleDependencies = C:\CG\CG2_00_01\submission_ready_20260730_165019\LE3C_26_ヨシノ_ゲント\02_プロジェクト\CG2_00_01-CG4_-2\project\..\generated\obj\imgui\Debug\imgui_MD.tlog\
                   ToolsetPropsFound = true
                   ToolsetTargetsFound = true
                   TrackFileAccess = true
                   UCRTContentRoot = C:\Program Files (x86)\Windows Kits\10\
                   UM_IncludePath = C:\Program Files (x86)\Windows Kits\10\Include\10.0.26100.0\um
                   UniversalCRT_IncludePath = C:\Program Files (x86)\Windows Kits\10\Include\10.0.26100.0\ucrt;
                   UniversalCRT_LibraryPath_arm = C:\Program Files (x86)\Windows Kits\10\lib\10.0.26100.0\ucrt\arm;
                   UniversalCRT_LibraryPath_arm64 = C:\Program Files (x86)\Windows Kits\10\lib\10.0.26100.0\ucrt\arm64;
                   UniversalCRT_LibraryPath_x64 = C:\Program Files (x86)\Windows Kits\10\lib\10.0.26100.0\ucrt\x64;
                   UniversalCRT_LibraryPath_x86 = C:\Program Files (x86)\Windows Kits\10\lib\10.0.26100.0\ucrt\x86;
                   UniversalCRT_PropsPath = C:\Program Files (x86)\Windows Kits\10\\DesignTime\CommonConfiguration\Neutral\ucrt.props
                   UniversalCRT_SourcePath = C:\Program Files (x86)\Windows Kits\10\Source\10.0.26100.0\ucrt;
                   UniversalCRT_TargetsC11C17 = true
                   UniversalCRTSdkDir = C:\Program Files (x86)\Windows Kits\10\
                   UniversalCRTSdkDir_10 = C:\Program Files (x86)\Windows Kits\10\
                   UniversalDebugCRT_ExecutablePath_ARM = C:\Program Files (x86)\Windows Kits\10\bin\10.0.26100.0\ARM\ucrt
                   UniversalDebugCRT_ExecutablePath_ARM64 = C:\Program Files (x86)\Windows Kits\10\bin\10.0.26100.0\ARM64\ucrt
                   UniversalDebugCRT_ExecutablePath_x64 = C:\Program Files (x86)\Windows Kits\10\bin\10.0.26100.0\x64\ucrt
                   UniversalDebugCRT_ExecutablePath_x86 = C:\Program Files (x86)\Windows Kits\10\bin\10.0.26100.0\x86\ucrt
                   UnmanagedRegistrationDependsOn = 
                   UnmanagedUnregistrationDependsOn = 
                   UseClStructuredOutput = true
                   UseCommonOutputDirectory = false
                   UseDebugLibraries = true
                   UseDefaultPlatformLookupTables = true
                   UseDotNetNativeToolchain = 
                   UseDynamicDebugging = false
                   UseMSBuildTestInfrastructure = false
                   UseMultiToolTask = false
                   UseOfATL = false
                   UseOfMFC = false
                   UserRootDir = C:\Users\K024G\AppData\Local\Microsoft\MSBuild\v4.0
                   UseSourcePath = true
                   UseStructuredOutput = true
                   v145_Installed = true
                   ValidateRuntimeIdentifierCompatibility = false
                   VC_ATLMFC_IncludePath = C:\Program Files\Microsoft Visual Studio\18\Community\VC\Tools\MSVC\14.51.36231\atlmfc\include;
                   VC_ATLMFC_SourcePath = C:\Program Files\Microsoft Visual Studio\18\Community\VC\Tools\MSVC\14.51.36231\atlmfc\src\mfc;C:\Program Files\Microsoft Visual Studio\18\Community\VC\Tools\MSVC\14.51.36231\atlmfc\src\mfcm;C:\Program Files\Microsoft Visual Studio\18\Community\VC\Tools\MSVC\14.51.36231\atlmfc\src\atl;
                   VC_CppRuntimeFilesPath_ARM = C:\Program Files\Microsoft Visual Studio\18\Community\VC\Redist\MSVC\14.51.36231\ARM
                   VC_CppRuntimeFilesPath_ARM64 = C:\Program Files\Microsoft Visual Studio\18\Community\VC\Redist\MSVC\14.51.36231\ARM64
                   VC_CppRuntimeFilesPath_x64 = C:\Program Files\Microsoft Visual Studio\18\Community\VC\Redist\MSVC\14.51.36231\x64
                   VC_CppRuntimeFilesPath_x86 = C:\Program Files\Microsoft Visual Studio\18\Community\VC\Redist\MSVC\14.51.36231\x86
                   VC_CRT_SourcePath = C:\Program Files\Microsoft Visual Studio\18\Community\VC\Tools\MSVC\14.51.36231\crt\src;
                   VC_DebugCppRuntimeFilesPath_ARM = C:\Program Files\Microsoft Visual Studio\18\Community\VC\Redist\MSVC\14.51.36231\Debug_NonRedist\ARM
                   VC_DebugCppRuntimeFilesPath_ARM64 = C:\Program Files\Microsoft Visual Studio\18\Community\VC\Redist\MSVC\14.51.36231\Debug_NonRedist\ARM64
                   VC_DebugCppRuntimeFilesPath_x64 = C:\Program Files\Microsoft Visual Studio\18\Community\VC\Redist\MSVC\14.51.36231\Debug_NonRedist\x64
                   VC_DebugCppRuntimeFilesPath_x86 = C:\Program Files\Microsoft Visual Studio\18\Community\VC\Redist\MSVC\14.51.36231\Debug_NonRedist\x86
                   VC_ExecutablePath_ARM = C:\Program Files\Microsoft Visual Studio\18\Community\VC\Tools\MSVC\14.51.36231\bin\HostX86\arm;C:\Program Files\Microsoft Visual Studio\18\Community\VC\Tools\MSVC\14.51.36231\bin\HostX86\x86
                   VC_ExecutablePath_ARM64 = C:\Program Files\Microsoft Visual Studio\18\Community\VC\Tools\MSVC\14.51.36231\bin\HostX86\arm64;C:\Program Files\Microsoft Visual Studio\18\Community\VC\Tools\MSVC\14.51.36231\bin\HostX86\x86
                   VC_ExecutablePath_arm64_ARM = C:\Program Files\Microsoft Visual Studio\18\Community\VC\Tools\MSVC\14.51.36231\bin\HostArm64\arm
                   VC_ExecutablePath_arm64_ARM64 = C:\Program Files\Microsoft Visual Studio\18\Community\VC\Tools\MSVC\14.51.36231\bin\HostArm64\arm64
                   VC_ExecutablePath_arm64_x64 = C:\Program Files\Microsoft Visual Studio\18\Community\VC\Tools\MSVC\14.51.36231\bin\HostArm64\x64
                   VC_ExecutablePath_arm64_x86 = C:\Program Files\Microsoft Visual Studio\18\Community\VC\Tools\MSVC\14.51.36231\bin\HostArm64\x86
                   VC_ExecutablePath_Loc = C:\Program Files\Microsoft Visual Studio\18\Community\VC\Tools\MSVC\14.51.36231\bin\HostArm64\arm64\1033;C:\Program Files\Microsoft Visual Studio\18\Community\VC\Tools\MSVC\14.51.36231\bin\HostArm64\arm\1033;C:\Program Files\Microsoft Visual Studio\18\Community\VC\Tools\MSVC\14.51.36231\bin\HostArm64\x64\1033;C:\Program Files\Microsoft Visual Studio\18\Community\VC\Tools\MSVC\14.51.36231\bin\HostArm64\x86\1033;C:\Program Files\Microsoft Visual Studio\18\Community\VC\Tools\MSVC\14.51.36231\bin\HostX86\arm64\1033;C:\Program Files\Microsoft Visual Studio\18\Community\VC\Tools\MSVC\14.51.36231\bin\HostX86\x64\1033;C:\Program Files\Microsoft Visual Studio\18\Community\VC\Tools\MSVC\14.51.36231\bin\HostX86\x86\1033;C:\Program Files\Microsoft Visual Studio\18\Community\VC\Tools\MSVC\14.51.36231\bin\HostX64\arm64\1033;C:\Program Files\Microsoft Visual Studio\18\Community\VC\Tools\MSVC\14.51.36231\bin\HostX64\arm\1033;C:\Program Files\Microsoft Visual Studio\18\Community\VC\Tools\MSVC\14.51.36231\bin\HostX64\x64\1033;C:\Program Files\Microsoft Visual Studio\18\Community\VC\Tools\MSVC\14.51.36231\bin\HostX64\x86\1033;;;;;;;;;;;;
                   VC_ExecutablePath_x64 = C:\Program Files\Microsoft Visual Studio\18\Community\VC\Tools\MSVC\14.51.36231\bin\HostX86\x64;C:\Program Files\Microsoft Visual Studio\18\Community\VC\Tools\MSVC\14.51.36231\bin\HostX86\x86
                   VC_ExecutablePath_x64_ARM = C:\Program Files\Microsoft Visual Studio\18\Community\VC\Tools\MSVC\14.51.36231\bin\HostX64\arm
                   VC_ExecutablePath_x64_ARM64 = C:\Program Files\Microsoft Visual Studio\18\Community\VC\Tools\MSVC\14.51.36231\bin\HostX64\arm64
                   VC_ExecutablePath_x64_x64 = C:\Program Files\Microsoft Visual Studio\18\Community\VC\Tools\MSVC\14.51.36231\bin\HostX64\x64
                   VC_ExecutablePath_x64_x86 = C:\Program Files\Microsoft Visual Studio\18\Community\VC\Tools\MSVC\14.51.36231\bin\HostX64\x86
                   VC_ExecutablePath_x86 = C:\Program Files\Microsoft Visual Studio\18\Community\VC\Tools\MSVC\14.51.36231\bin\HostX86\x86
                   VC_ExecutablePath_x86_ARM = C:\Program Files\Microsoft Visual Studio\18\Community\VC\Tools\MSVC\14.51.36231\bin\HostX86\arm
                   VC_ExecutablePath_x86_ARM64 = C:\Program Files\Microsoft Visual Studio\18\Community\VC\Tools\MSVC\14.51.36231\bin\HostX86\arm64
                   VC_ExecutablePath_x86_x64 = C:\Program Files\Microsoft Visual Studio\18\Community\VC\Tools\MSVC\14.51.36231\bin\HostX86\x64
                   VC_ExecutablePath_x86_x86 = C:\Program Files\Microsoft Visual Studio\18\Community\VC\Tools\MSVC\14.51.36231\bin\HostX86\x86
                   VC_IFCPath = C:\Program Files\Microsoft Visual Studio\18\Community\VC\Tools\MSVC\14.51.36231\ifc\x64
                   VC_IncludePath = C:\Program Files\Microsoft Visual Studio\18\Community\VC\Tools\MSVC\14.51.36231\include;;C:\Program Files\Microsoft Visual Studio\18\Community\VC\Tools\MSVC\14.51.36231\atlmfc\include;;C:\Program Files\Microsoft Visual Studio\18\Community\VC\Auxiliary\VS\include;;C:\Program Files (x86)\Windows Kits\10\Include\10.0.26100.0\ucrt;;
                   VC_LibraryPath_ARM = C:\Program Files\Microsoft Visual Studio\18\Community\VC\Tools\MSVC\14.51.36231\lib\ARM;;C:\Program Files\Microsoft Visual Studio\18\Community\VC\Tools\MSVC\14.51.36231\atlmfc\lib\ARM;;C:\Program Files\Microsoft Visual Studio\18\Community\VC\Auxiliary\VS\lib\ARM;;C:\Program Files (x86)\Windows Kits\10\lib\10.0.26100.0\ucrt\arm;;
                   VC_LibraryPath_ARM64 = C:\Program Files\Microsoft Visual Studio\18\Community\VC\Tools\MSVC\14.51.36231\lib\ARM64;;C:\Program Files\Microsoft Visual Studio\18\Community\VC\Tools\MSVC\14.51.36231\atlmfc\lib\ARM64;;;C:\Program Files (x86)\Windows Kits\10\lib\10.0.26100.0\ucrt\arm64;;
                   VC_LibraryPath_ATL_ARM = C:\Program Files\Microsoft Visual Studio\18\Community\VC\Tools\MSVC\14.51.36231\atlmfc\lib\ARM;
                   VC_LibraryPath_ATL_ARM_spectre = C:\Program Files\Microsoft Visual Studio\18\Community\VC\Tools\MSVC\14.51.36231\atlmfc\lib\spectre\ARM;
                   VC_LibraryPath_ATL_ARM64 = C:\Program Files\Microsoft Visual Studio\18\Community\VC\Tools\MSVC\14.51.36231\atlmfc\lib\ARM64;
                   VC_LibraryPath_ATL_ARM64_spectre = C:\Program Files\Microsoft Visual Studio\18\Community\VC\Tools\MSVC\14.51.36231\atlmfc\lib\spectre\ARM64;
                   VC_LibraryPath_ATL_CurrentPlatform_spectre = C:\Program Files\Microsoft Visual Studio\18\Community\VC\Tools\MSVC\14.51.36231\atlmfc\lib\spectre\x64
                   VC_LibraryPath_ATL_x64 = C:\Program Files\Microsoft Visual Studio\18\Community\VC\Tools\MSVC\14.51.36231\atlmfc\lib\x64;
                   VC_LibraryPath_ATL_x64_spectre = C:\Program Files\Microsoft Visual Studio\18\Community\VC\Tools\MSVC\14.51.36231\atlmfc\lib\spectre\x64;
                   VC_LibraryPath_ATL_x86 = C:\Program Files\Microsoft Visual Studio\18\Community\VC\Tools\MSVC\14.51.36231\atlmfc\lib\x86;
                   VC_LibraryPath_ATL_x86_spectre = C:\Program Files\Microsoft Visual Studio\18\Community\VC\Tools\MSVC\14.51.36231\atlmfc\lib\spectre\x86;
                   VC_LibraryPath_VC_ARM = C:\Program Files\Microsoft Visual Studio\18\Community\VC\Tools\MSVC\14.51.36231\lib\ARM;
                   VC_LibraryPath_VC_ARM_Desktop = C:\Program Files\Microsoft Visual Studio\18\Community\VC\Tools\MSVC\14.51.36231\lib\ARM
                   VC_LibraryPath_VC_ARM_Desktop_spectre = C:\Program Files\Microsoft Visual Studio\18\Community\VC\Tools\MSVC\14.51.36231\lib\spectre\ARM
                   VC_LibraryPath_VC_ARM_OneCore = C:\Program Files\Microsoft Visual Studio\18\Community\VC\Tools\MSVC\14.51.36231\lib\onecore\ARM
                   VC_LibraryPath_VC_ARM_OneCore_spectre = C:\Program Files\Microsoft Visual Studio\18\Community\VC\Tools\MSVC\14.51.36231\lib\spectre\onecore\ARM
                   VC_LibraryPath_VC_ARM_Store = C:\Program Files\Microsoft Visual Studio\18\Community\VC\Tools\MSVC\14.51.36231\lib\ARM\store
                   VC_LibraryPath_VC_ARM_UWP = C:\Program Files\Microsoft Visual Studio\18\Community\VC\Tools\MSVC\14.51.36231\lib\ARM\uwp
                   VC_LibraryPath_VC_ARM64 = C:\Program Files\Microsoft Visual Studio\18\Community\VC\Tools\MSVC\14.51.36231\lib\ARM64;
                   VC_LibraryPath_VC_ARM64_Desktop = C:\Program Files\Microsoft Visual Studio\18\Community\VC\Tools\MSVC\14.51.36231\lib\ARM64
                   VC_LibraryPath_VC_ARM64_Desktop_spectre = C:\Program Files\Microsoft Visual Studio\18\Community\VC\Tools\MSVC\14.51.36231\lib\spectre\ARM64
                   VC_LibraryPath_VC_ARM64_OneCore = C:\Program Files\Microsoft Visual Studio\18\Community\VC\Tools\MSVC\14.51.36231\lib\onecore\ARM64
                   VC_LibraryPath_VC_ARM64_OneCore_spectre = C:\Program Files\Microsoft Visual Studio\18\Community\VC\Tools\MSVC\14.51.36231\lib\spectre\onecore\ARM64
                   VC_LibraryPath_VC_ARM64_Store = C:\Program Files\Microsoft Visual Studio\18\Community\VC\Tools\MSVC\14.51.36231\lib\ARM64\store
                   VC_LibraryPath_VC_ARM64_UWP = C:\Program Files\Microsoft Visual Studio\18\Community\VC\Tools\MSVC\14.51.36231\lib\ARM64\uwp
                   VC_LibraryPath_VC_Desktop_CurrentPlatform_spectre = C:\Program Files\Microsoft Visual Studio\18\Community\VC\Tools\MSVC\14.51.36231\lib\spectre\x64
                   VC_LibraryPath_VC_OneCore_CurrentPlatform_spectre = C:\Program Files\Microsoft Visual Studio\18\Community\VC\Tools\MSVC\14.51.36231\lib\spectre\onecore\x64
                   VC_LibraryPath_VC_x64 = C:\Program Files\Microsoft Visual Studio\18\Community\VC\Tools\MSVC\14.51.36231\lib\x64;
                   VC_LibraryPath_VC_x64_Desktop = C:\Program Files\Microsoft Visual Studio\18\Community\VC\Tools\MSVC\14.51.36231\lib\x64
                   VC_LibraryPath_VC_x64_Desktop_spectre = C:\Program Files\Microsoft Visual Studio\18\Community\VC\Tools\MSVC\14.51.36231\lib\spectre\x64
                   VC_LibraryPath_VC_x64_OneCore = C:\Program Files\Microsoft Visual Studio\18\Community\VC\Tools\MSVC\14.51.36231\lib\onecore\x64
                   VC_LibraryPath_VC_x64_OneCore_spectre = C:\Program Files\Microsoft Visual Studio\18\Community\VC\Tools\MSVC\14.51.36231\lib\spectre\onecore\x64
                   VC_LibraryPath_VC_x64_Store = C:\Program Files\Microsoft Visual Studio\18\Community\VC\Tools\MSVC\14.51.36231\lib\x64\store
                   VC_LibraryPath_VC_x64_UWP = C:\Program Files\Microsoft Visual Studio\18\Community\VC\Tools\MSVC\14.51.36231\lib\x64\uwp
                   VC_LibraryPath_VC_x86 = C:\Program Files\Microsoft Visual Studio\18\Community\VC\Tools\MSVC\14.51.36231\lib\x86;
                   VC_LibraryPath_VC_x86_Desktop = C:\Program Files\Microsoft Visual Studio\18\Community\VC\Tools\MSVC\14.51.36231\lib\x86
                   VC_LibraryPath_VC_x86_Desktop_spectre = C:\Program Files\Microsoft Visual Studio\18\Community\VC\Tools\MSVC\14.51.36231\lib\spectre\x86
                   VC_LibraryPath_VC_x86_OneCore = C:\Program Files\Microsoft Visual Studio\18\Community\VC\Tools\MSVC\14.51.36231\lib\onecore\x86
                   VC_LibraryPath_VC_x86_OneCore_spectre = C:\Program Files\Microsoft Visual Studio\18\Community\VC\Tools\MSVC\14.51.36231\lib\spectre\onecore\x86
                   VC_LibraryPath_VC_x86_Store = C:\Program Files\Microsoft Visual Studio\18\Community\VC\Tools\MSVC\14.51.36231\lib\x86\store
                   VC_LibraryPath_VC_x86_UWP = C:\Program Files\Microsoft Visual Studio\18\Community\VC\Tools\MSVC\14.51.36231\lib\x86\uwp
                   VC_LibraryPath_x64 = C:\Program Files\Microsoft Visual Studio\18\Community\VC\Tools\MSVC\14.51.36231\lib\x64;;C:\Program Files\Microsoft Visual Studio\18\Community\VC\Tools\MSVC\14.51.36231\atlmfc\lib\x64;;C:\Program Files\Microsoft Visual Studio\18\Community\VC\Auxiliary\VS\lib\x64;;C:\Program Files (x86)\Windows Kits\10\lib\10.0.26100.0\ucrt\x64;;
                   VC_LibraryPath_x86 = C:\Program Files\Microsoft Visual Studio\18\Community\VC\Tools\MSVC\14.51.36231\lib\x86;;C:\Program Files\Microsoft Visual Studio\18\Community\VC\Tools\MSVC\14.51.36231\atlmfc\lib\x86;;C:\Program Files\Microsoft Visual Studio\18\Community\VC\Auxiliary\VS\lib\x86;;C:\Program Files (x86)\Windows Kits\10\lib\10.0.26100.0\ucrt\x86;;
                   VC_PGO_RunTime_Dir = C:\Program Files\Microsoft Visual Studio\18\Community\VC\Tools\MSVC\14.51.36231\bin\Hostx86\x64
                   VC_ReferencesPath_ARM = C:\Program Files\Microsoft Visual Studio\18\Community\VC\Tools\MSVC\14.51.36231\atlmfc\lib\ARM;;C:\Program Files\Microsoft Visual Studio\18\Community\VC\Tools\MSVC\14.51.36231\lib\ARM
                   VC_ReferencesPath_ARM64 = C:\Program Files\Microsoft Visual Studio\18\Community\VC\Tools\MSVC\14.51.36231\atlmfc\lib\ARM64;;C:\Program Files\Microsoft Visual Studio\18\Community\VC\Tools\MSVC\14.51.36231\lib\ARM64
                   VC_ReferencesPath_ATL_ARM = C:\Program Files\Microsoft Visual Studio\18\Community\VC\Tools\MSVC\14.51.36231\atlmfc\lib\ARM;
                   VC_ReferencesPath_ATL_ARM_spectre = C:\Program Files\Microsoft Visual Studio\18\Community\VC\Tools\MSVC\14.51.36231\atlmfc\lib\spectre\ARM;
                   VC_ReferencesPath_ATL_ARM64 = C:\Program Files\Microsoft Visual Studio\18\Community\VC\Tools\MSVC\14.51.36231\atlmfc\lib\ARM64;
                   VC_ReferencesPath_ATL_ARM64_spectre = C:\Program Files\Microsoft Visual Studio\18\Community\VC\Tools\MSVC\14.51.36231\atlmfc\lib\spectre\ARM64;
                   VC_ReferencesPath_ATL_x64 = C:\Program Files\Microsoft Visual Studio\18\Community\VC\Tools\MSVC\14.51.36231\atlmfc\lib\x64;
                   VC_ReferencesPath_ATL_x64_spectre = C:\Program Files\Microsoft Visual Studio\18\Community\VC\Tools\MSVC\14.51.36231\atlmfc\lib\spectre\x64;
                   VC_ReferencesPath_ATL_x86 = C:\Program Files\Microsoft Visual Studio\18\Community\VC\Tools\MSVC\14.51.36231\atlmfc\lib\x86;
                   VC_ReferencesPath_ATL_x86_spectre = C:\Program Files\Microsoft Visual Studio\18\Community\VC\Tools\MSVC\14.51.36231\atlmfc\lib\spectre\x86;
                   VC_ReferencesPath_VC_ARM = C:\Program Files\Microsoft Visual Studio\18\Community\VC\Tools\MSVC\14.51.36231\lib\ARM
                   VC_ReferencesPath_VC_ARM_spectre = C:\Program Files\Microsoft Visual Studio\18\Community\VC\Tools\MSVC\14.51.36231\lib\spectre\ARM
                   VC_ReferencesPath_VC_ARM64 = C:\Program Files\Microsoft Visual Studio\18\Community\VC\Tools\MSVC\14.51.36231\lib\ARM64
                   VC_ReferencesPath_VC_ARM64_spectre = C:\Program Files\Microsoft Visual Studio\18\Community\VC\Tools\MSVC\14.51.36231\lib\spectre\ARM64
                   VC_ReferencesPath_VC_x64 = C:\Program Files\Microsoft Visual Studio\18\Community\VC\Tools\MSVC\14.51.36231\lib\x64
                   VC_ReferencesPath_VC_x64_spectre = C:\Program Files\Microsoft Visual Studio\18\Community\VC\Tools\MSVC\14.51.36231\lib\spectre\x64
                   VC_ReferencesPath_VC_x86 = C:\Program Files\Microsoft Visual Studio\18\Community\VC\Tools\MSVC\14.51.36231\lib\x86
                   VC_ReferencesPath_VC_x86_spectre = C:\Program Files\Microsoft Visual Studio\18\Community\VC\Tools\MSVC\14.51.36231\lib\spectre\x86
                   VC_ReferencesPath_x64 = C:\Program Files\Microsoft Visual Studio\18\Community\VC\Tools\MSVC\14.51.36231\atlmfc\lib\x64;;C:\Program Files\Microsoft Visual Studio\18\Community\VC\Tools\MSVC\14.51.36231\lib\x64
                   VC_ReferencesPath_x86 = C:\Program Files\Microsoft Visual Studio\18\Community\VC\Tools\MSVC\14.51.36231\atlmfc\lib\x86;;C:\Program Files\Microsoft Visual Studio\18\Community\VC\Tools\MSVC\14.51.36231\lib\x86
                   VC_SourcePath = C:\Program Files\Microsoft Visual Studio\18\Community\VC\Tools\MSVC\14.51.36231\atlmfc\src\mfc;C:\Program Files\Microsoft Visual Studio\18\Community\VC\Tools\MSVC\14.51.36231\atlmfc\src\mfcm;C:\Program Files\Microsoft Visual Studio\18\Community\VC\Tools\MSVC\14.51.36231\atlmfc\src\atl;;C:\Program Files\Microsoft Visual Studio\18\Community\VC\Tools\MSVC\14.51.36231\crt\src;;C:\Program Files\Microsoft Visual Studio\18\Community\VC\Auxiliary\VS\src;;C:\Program Files (x86)\Windows Kits\10\Source\10.0.26100.0\ucrt;;
                   VC_Target_Library_Platform = Desktop
                   VC_VC_IncludePath = C:\Program Files\Microsoft Visual Studio\18\Community\VC\Tools\MSVC\14.51.36231\include;
                   VC_VS_IncludePath = C:\Program Files\Microsoft Visual Studio\18\Community\VC\Auxiliary\VS\include;
                   VC_VS_LibraryPath_VC_VS_ARM = C:\Program Files\Microsoft Visual Studio\18\Community\VC\Auxiliary\VS\lib\ARM;
                   VC_VS_LibraryPath_VC_VS_x64 = C:\Program Files\Microsoft Visual Studio\18\Community\VC\Auxiliary\VS\lib\x64;
                   VC_VS_LibraryPath_VC_VS_x86 = C:\Program Files\Microsoft Visual Studio\18\Community\VC\Auxiliary\VS\lib\x86;
                   VC_VS_SourcePath = C:\Program Files\Microsoft Visual Studio\18\Community\VC\Auxiliary\VS\src;
                   VCIDEInstallDir = C:\Program Files\Microsoft Visual Studio\18\Community\Common7\IDE\VC\
                   VCInstallDir = C:\Program Files\Microsoft Visual Studio\18\Community\VC\
                   VCInstallDir_180 = C:\Program Files\Microsoft Visual Studio\18\Community\VC\
                   VCLibPackagePath = C:\Users\K024G\AppData\Local\vcpkg\vcpkg.user
                   VcpkgManifestDirectory = 
                   VCProjectVersion = 17.0
                   VCServicingVersionATL = 14.51.36244
                   VCServicingVersionCAExtensions = 14.51.36244
                   VCServicingVersionCARulesets = 14.51.36244
                   VCServicingVersionCompilers = 14.51.36252
                   VCServicingVersionCrtHeaders = 14.51.36244
                   VCServicingVersionDIASDK = 14.51.36252
                   VCTargetsPath = C:\Program Files\Microsoft Visual Studio\18\Community\MSBuild\Microsoft\VC\v180\
                   VCTargetsPath10 = C:\Program Files (x86)\MSBuild\Microsoft.Cpp\v4.0\
                   VCTargetsPath11 = C:\Program Files (x86)\MSBuild\Microsoft.Cpp\v4.0\V110\
                   VCTargetsPath12 = C:\Program Files (x86)\MSBuild\Microsoft.Cpp\v4.0\V120\
                   VCTargetsPath14 = C:\Program Files (x86)\MSBuild\Microsoft.Cpp\v4.0\V140\
                   VCTargetsPath15 = C:\Program Files\Microsoft Visual Studio\18\Community\MSBuild\Microsoft\VC\v150\
                   VCTargetsPath16 = C:\Program Files\Microsoft Visual Studio\18\Community\MSBuild\Microsoft\VC\v160\
                   VCTargetsPath17 = C:\Program Files\Microsoft Visual Studio\18\Community\MSBuild\Microsoft\VC\v170\
                   VCTargetsPath18 = C:\Program Files\Microsoft Visual Studio\18\Community\MSBuild\Microsoft\VC\v180\
                   VCTargetsPathActual = C:\Program Files\Microsoft Visual Studio\18\Community\MSBuild\Microsoft\VC\v180\
                   VCTargetsPathEffective = C:\Program Files\Microsoft Visual Studio\18\Community\MSBuild\Microsoft\VC\v180\
                   VCToolArchitecture = Native32Bit
                   VCToolsetsDir = C:\Program Files\Microsoft Visual Studio\18\Community\VC\Tools\MSVC\
                   VCToolsetSupportsJustMyCode = true
                   VCToolsInstallDir = C:\Program Files\Microsoft Visual Studio\18\Community\VC\Tools\MSVC\14.51.36231\
                   VCToolsInstallDir_180 = C:\Program Files\Microsoft Visual Studio\18\Community\VC\Tools\MSVC\14.51.36231\
                   VCToolsRedistInstallDir = C:\Program Files\Microsoft Visual Studio\18\Community\VC\Redist\MSVC\14.51.36231\
                   VCToolsRedistInstallDir_180 = C:\Program Files\Microsoft Visual Studio\18\Community\VC\Redist\MSVC\14.51.36231\
                   VCToolsRedistVersion = 14.51.36231
                   VCToolsVersion = 14.51.36231
                   VCToolsVersionLatest = 14.51
                   VCToolsVersionPath = C:\Program Files\Microsoft Visual Studio\18\Community\VC\Auxiliary\Build\v145\Microsoft.VCToolsVersion.VC.14.51.props
                   VisualStudioVersion = 18.0
                   VS_ExecutablePath = C:\Program Files\Microsoft Visual Studio\18\Community\Common7\tools;C:\Program Files\Microsoft Visual Studio\18\Community\Common7\ide;C:\Program Files (x86)\HTML Help Workshop;
                   VSInstallDir = C:\Program Files\Microsoft Visual Studio\18\Community\
                   VsInstallRoot = C:\Program Files\Microsoft Visual Studio\18\Community
                   WebBrowserDebuggerDebuggerType = Auto
                   WebReference_EnableLegacyEventingModel = false
                   WebReference_EnableProperties = true
                   WebReference_EnableSQLTypes = true
                   WebServiceDebuggerDebuggerType = Auto
                   WebServiceDebuggerSQLDebugging = False
                   WholeProgramOptimization = false
                   WholeProgramOptimizationAvailabilityInstrument = true
                   WholeProgramOptimizationAvailabilityOptimize = true
                   WholeProgramOptimizationAvailabilityTrue = true
                   WholeProgramOptimizationAvailabilityUpdate = true
                   WindowsAppContainer = false
                   WindowsKitsRoot = C:\Program Files (x86)\Windows Kits\10\
                   WindowsSDK_ExecutablePath = C:\Program Files (x86)\Windows Kits\10\bin\10.0.26100.0\x86;;C:\Program Files (x86)\Microsoft SDKs\Windows\v10.0A\bin\NETFX 4.8.1 Tools
                   WindowsSDK_ExecutablePath_arm = C:\Program Files (x86)\Windows Kits\10\bin\10.0.26100.0\arm;
                   WindowsSDK_ExecutablePath_arm64 = C:\Program Files (x86)\Windows Kits\10\bin\10.0.26100.0\arm64;
                   WindowsSDK_ExecutablePath_x64 = C:\Program Files (x86)\Windows Kits\10\bin\10.0.26100.0\x64;;C:\Program Files (x86)\Microsoft SDKs\Windows\v10.0A\bin\NETFX 4.8.1 Tools\x64
                   WindowsSDK_ExecutablePath_x86 = C:\Program Files (x86)\Windows Kits\10\bin\10.0.26100.0\x86;;C:\Program Files (x86)\Microsoft SDKs\Windows\v10.0A\bin\NETFX 4.8.1 Tools
                   WindowsSDK_HasVersionedContent = true
                   WindowsSDK_IncludePath = C:\Program Files (x86)\Windows Kits\10\Include\10.0.26100.0\um;C:\Program Files (x86)\Windows Kits\10\Include\10.0.26100.0\shared;C:\Program Files (x86)\Windows Kits\10\Include\10.0.26100.0\winrt;C:\Program Files (x86)\Windows Kits\10\Include\10.0.26100.0\cppwinrt;C:\Program Files (x86)\Windows Kits\NETFXSDK\4.8.1\Include\um
                   WindowsSDK_LibraryPath = C:\Program Files (x86)\Windows Kits\10\lib\10.0.26100.0\um
                   WindowsSDK_LibraryPath_arm = C:\Program Files (x86)\Windows Kits\10\lib\10.0.26100.0\um\arm;C:\Program Files (x86)\Windows Kits\NETFXSDK\4.8.1\lib\um\arm;
                   WindowsSDK_LibraryPath_arm64 = C:\Program Files (x86)\Windows Kits\10\lib\10.0.26100.0\um\arm64;C:\Program Files (x86)\Windows Kits\NETFXSDK\4.8.1\lib\um\arm64;
                   WindowsSDK_LibraryPath_x64 = C:\Program Files (x86)\Windows Kits\10\lib\10.0.26100.0\um\x64;C:\Program Files (x86)\Windows Kits\NETFXSDK\4.8.1\lib\um\x64;
                   WindowsSDK_LibraryPath_x86 = C:\Program Files (x86)\Windows Kits\10\lib\10.0.26100.0\um\x86;C:\Program Files (x86)\Windows Kits\NETFXSDK\4.8.1\lib\um\x86;
                   WindowsSDK_MetadataFoundationPath = C:\Program Files (x86)\Windows Kits\10\References\10.0.26100.0\windows.foundation.foundationcontract\4.0.0.0
                   WindowsSDK_MetadataPath = C:\Program Files (x86)\Windows Kits\10\References
                   WindowsSDK_MetadataPathVersioned = C:\Program Files (x86)\Windows Kits\10\References\10.0.26100.0
                   WindowsSDK_PlatformPath = C:\Program Files (x86)\Windows Kits\10\Platforms\UAP;
                   WindowsSDK_SupportedAPIs_arm = C:\Program Files (x86)\Windows Kits\10\bin\10.0.26100.0\arm\PInvoke\SupportedAPIs.xml
                   WindowsSDK_SupportedAPIs_arm64 = C:\Program Files (x86)\Windows Kits\10\bin\10.0.26100.0\arm64\PInvoke\SupportedAPIs.xml
                   WindowsSDK_SupportedAPIs_x64 = C:\Program Files (x86)\Windows Kits\10\bin\10.0.26100.0\x64\PInvoke\SupportedAPIs.xml
                   WindowsSDK_SupportedAPIs_x86 = C:\Program Files (x86)\Windows Kits\10\bin\10.0.26100.0\x86\PInvoke\SupportedAPIs.xml
                   WindowsSDK_UnionMetadataPath = C:\Program Files (x86)\Windows Kits\10\UnionMetadata\10.0.26100.0
                   WindowsSDK80Path = 
                   WindowsSdkDir = C:\Program Files (x86)\Windows Kits\10\
                   WindowsSdkDir_10 = C:\Program Files (x86)\Windows Kits\10\
                   WindowsSdkDir_81 = 
                   WindowsSdkDir_81A = 
                   WindowsSDKProps = C:\Program Files (x86)\Windows Kits\10\\DesignTime\CommonConfiguration\Neutral\UAP\10.0.26100.0\UAP.props
                   WindowsSDKToolArchitecture = Native32Bit
                   WindowsSdkVersionARMSupportRemoved = 10.0.26100.0
                   WindowsStoreApp = false
                   WindowsTargetPlatformVersion = 10.0
                   WinMDAssembly = false
                   WinRT_IncludePath = C:\Program Files (x86)\Windows Kits\10\Include\10.0.26100.0\winrt
                   WMSJSProject = WJProject
                   WMSJSProjectDirectory = JavaScript
                   XamlBuildTaskAssemblyName = XamlBuildTask, Version=4.0.0.0, Culture=neutral, PublicKeyToken=31bf3856ad364e35
                   XamlBuildTaskLocation = C:\Program Files\Microsoft Visual Studio\18\Community\MSBuild\Current\Bin\amd64
                   XamlBuildTaskPath = C:\Program Files\Microsoft Visual Studio\18\Community\MSBuild\Current\Bin\amd64
                   XamlGenCodeFileNames = imgui.vcxproj.XamlGeneratedCodeFileListAbsolute.txt
                   XamlGenMarkupFileNames = imgui.vcxproj.XamlGeneratedXamlFileListAbsolute.txt
                   XamlPass2FlagFile = imgui.vcxproj.XamlPass2Flag.txt
                   XamlRequiresCompilationPass2 = false
                   XamlTemporaryAssemblyName = imgui
                   YieldDuringToolExecution = true

16:55:14.502     3>初期項目:
                   _ApplicationManifestFinal
                       C:\CG\CG2_00_01\submission_ready_20260730_165019\LE3C_26_ヨシノ_ゲント\02_プロジェクト\CG2_00_01-CG4_-2\project\..\generated\outputs\Debug\
                           TargetPath = 
                   _DeploymentManifestEntryPoint
                       C:\CG\CG2_00_01\submission_ready_20260730_165019\LE3C_26_ヨシノ_ゲント\02_プロジェクト\CG2_00_01-CG4_-2\project\..\generated\obj\imgui\Debug\imgui.lib
                           TargetPath = imgui.lib
                   _OutputPathItem
                       C:\CG\CG2_00_01\submission_ready_20260730_165019\LE3C_26_ヨシノ_ゲント\02_プロジェクト\CG2_00_01-CG4_-2\project\..\generated\outputs\Debug\
                   _ResolveComReferenceCache
                       C:\CG\CG2_00_01\submission_ready_20260730_165019\LE3C_26_ヨシノ_ゲント\02_プロジェクト\CG2_00_01-CG4_-2\project\..\generated\obj\imgui\Debug\imgui.vcxproj.ResolveComReference.cache
                   _UnmanagedRegistrationCache
                       obj\imgui.vcxproj.UnmanagedRegistration.cache
                   AppConfigFileDestination
                       C:\CG\CG2_00_01\submission_ready_20260730_165019\LE3C_26_ヨシノ_ゲント\02_プロジェクト\CG2_00_01-CG4_-2\project\..\generated\outputs\Debug\imgui.lib.config
                   AppHostDebuggerPages
                       C:\Program Files\Microsoft Visual Studio\18\Community\MSBuild\Microsoft\Universal\1033\WindowsAppEmulatorDebugger.xaml
                       C:\Program Files\Microsoft Visual Studio\18\Community\MSBuild\Microsoft\VC\v180\1033\AppHostDebugger_Local.xml
                       C:\Program Files\Microsoft Visual Studio\18\Community\MSBuild\Microsoft\VC\v180\1033\AppHostDebugger_Remote.xml
                   ApplicationManifest
                       C:\CG\CG2_00_01\submission_ready_20260730_165019\LE3C_26_ヨシノ_ゲント\02_プロジェクト\CG2_00_01-CG4_-2\project\..\generated\obj\imgui\Debug\
                           TargetPath = 
                   AutoImportDirectory
                       C:\Program Files\Microsoft Visual Studio\18\Community\MSBuild\Microsoft\VC\v180\\ImportAfter\Default
                           Pattern = *.props
                       C:\Program Files\Microsoft Visual Studio\18\Community\MSBuild\Microsoft\VC\v180\\ImportBefore\Default
                           Pattern = *.props
                       C:\Program Files\Microsoft Visual Studio\18\Community\MSBuild\Microsoft\VC\v180\\Platforms\x64\ImportAfter\Default
                           Pattern = *.props
                       C:\Program Files\Microsoft Visual Studio\18\Community\MSBuild\Microsoft\VC\v180\\Platforms\x64\ImportBefore\Default
                           Pattern = *.props
                       C:\Program Files\Microsoft Visual Studio\18\Community\MSBuild\Microsoft\VC\v180\1033
                           Pattern = debugger_*.xml
                       C:\Program Files\Microsoft Visual Studio\18\Community\MSBuild\Microsoft\VC\v180\Platforms\x64\1033 />
                           C:\Program Files\Microsoft Visual Studio\18\Community\MSBuild\Microsoft\VC\v180\Platforms\x64\PlatformToolsets\v145\1033
                           Pattern = *.xml
                       C:\Program Files\Microsoft Visual Studio\18\Community\MSBuild\Microsoft\VC\v180\Platforms\x64\ImportAfter
                       C:\Program Files\Microsoft Visual Studio\18\Community\MSBuild\Microsoft\VC\v180\Platforms\x64\ImportBefore
                       C:\Program Files\Microsoft Visual Studio\18\Community\MSBuild\Microsoft\VC\v180\Platforms\x64\PlatformToolsets\v145\ImportAfter
                       C:\Program Files\Microsoft Visual Studio\18\Community\MSBuild\Microsoft\VC\v180\Platforms\x64\PlatformToolsets\v145\ImportBefore
                   AvailableItemName
                       AdditionalFiles
                       ClCompile
                           Targets = ClCompile
                       CodeAnalysisDictionary
                       CopyFileToFolders
                           Targets = CopyFileToFolders
                       CustomBuild
                           Targets = CustomBuild
                       EmbeddedResource
                           Targets = ResGen
                       FxCompile
                           Targets = FxCompile
                       Midl
                           Targets = Midl
                       ResourceCompile
                           Targets = ResourceCompile
                       Xsd
                           Targets = Xsd
                   BuiltProjectOutputGroupKeyOutput
                       C:\CG\CG2_00_01\submission_ready_20260730_165019\LE3C_26_ヨシノ_ゲント\02_プロジェクト\CG2_00_01-CG4_-2\generated\obj\imgui\Debug\imgui.lib
                           IsKeyOutput = true
                           FinalOutputPath = C:\CG\CG2_00_01\submission_ready_20260730_165019\LE3C_26_ヨシノ_ゲント\02_プロジェクト\CG2_00_01-CG4_-2\generated\outputs\Debug\imgui.lib
                           TargetPath = imgui.lib
                   ClCompile
                       imgui.cpp
                           StructMemberAlignment = Default
                           DisableLanguageExtensions = false
                           ModuleDependenciesFile = C:\CG\CG2_00_01\submission_ready_20260730_165019\LE3C_26_ヨシノ_ゲント\02_プロジェクト\CG2_00_01-CG4_-2\project\..\generated\obj\imgui\Debug\
                           UseFullPaths = true
                           ProgramDataBaseFileName = C:\CG\CG2_00_01\submission_ready_20260730_165019\LE3C_26_ヨシノ_ゲント\02_プロジェクト\CG2_00_01-CG4_-2\project\..\generated\outputs\Debug\imgui.pdb
                           ImpLibCompiled = 
                           ScanSourceForModuleDependencies = false
                           EnableASAN = false
                           RemoveUnreferencedCodeData = true
                           ForceConformanceInForLoopScope = true
                           DebugInformationFormat = EditAndContinue
                           DiagnosticsFormat = Column
                           SupportJustMyCode = true
                           GenerateXMLDocumentationFiles = false
                           AssemblerOutput = NoListing
                           EnableEnhancedInstructionSet = NotSet
                           RuntimeLibrary = MultiThreadedDebug
                           PreprocessToFile = false
                           GenerateSourceDependencies = false
                           AssemblerListingLocation = C:\CG\CG2_00_01\submission_ready_20260730_165019\LE3C_26_ヨシノ_ゲント\02_プロジェクト\CG2_00_01-CG4_-2\project\..\generated\obj\imgui\Debug\
                           PreprocessSuppressLineNumbers = false
                           EnableVectorLength = NotSet
                           TreatWarningAsError = false
                           EnableFiberSafeOptimizations = false
                           IntelJCCErratum = false
                           ShowIncludes = false
                           LanguageStandard_C = Default
                           BrowseInformation = false
                           PrecompiledHeader = NotUsing
                           EnableFuzzer = false
                           BrowseInformationFile = C:\CG\CG2_00_01\submission_ready_20260730_165019\LE3C_26_ヨシノ_ゲント\02_プロジェクト\CG2_00_01-CG4_-2\project\..\generated\obj\imgui\Debug\
                           UndefineAllPreprocessorDefinitions = false
                           CallingConvention = Cdecl
                           FavorSizeOrSpeed = Neither
                           IntrinsicFunctions = false
                           LanguageStandard = Default
                           SmallerTypeCheck = false
                           ConformanceMode = true
                           WarningLevel = Level3
                           InlineFunctionExpansion = Default
                           PrecompiledHeaderFile = stdafx.h
                           SpectreMitigation = false
                           SourceDependenciesFile = C:\CG\CG2_00_01\submission_ready_20260730_165019\LE3C_26_ヨシノ_ゲント\02_プロジェクト\CG2_00_01-CG4_-2\project\..\generated\obj\imgui\Debug\
                           XMLDocumentationFileName = C:\CG\CG2_00_01\submission_ready_20260730_165019\LE3C_26_ヨシノ_ゲント\02_プロジェクト\CG2_00_01-CG4_-2\project\..\generated\obj\imgui\Debug\
                           ExternalWarningLevel = InheritWarningLevel
                           PrecompiledHeaderOutputFile = C:\CG\CG2_00_01\submission_ready_20260730_165019\LE3C_26_ヨシノ_ゲント\02_プロジェクト\CG2_00_01-CG4_-2\project\..\generated\obj\imgui\Debug\imgui.pch
                           BuildStlModules = false
                           GenerateModuleDependencies = false
                           SDLCheck = true
                           LibCompiled = true
                           MinimalRebuild = false
                           PreprocessKeepComments = false
                           ForcedUsingFiles = 
                           WholeProgramOptimization = false
                           IgnoreStandardIncludePath = false
                           ObjectFileName = C:\CG\CG2_00_01\submission_ready_20260730_165019\LE3C_26_ヨシノ_ゲント\02_プロジェクト\CG2_00_01-CG4_-2\project\..\generated\obj\imgui\Debug\
                           ModuleOutputFile = C:\CG\CG2_00_01\submission_ready_20260730_165019\LE3C_26_ヨシノ_ゲント\02_プロジェクト\CG2_00_01-CG4_-2\project\..\generated\obj\imgui\Debug\
                           UseDynamicDebugging = false
                           LinkCompiled = 
                           TrackerLogDirectory = C:\CG\CG2_00_01\submission_ready_20260730_165019\LE3C_26_ヨシノ_ゲント\02_プロジェクト\CG2_00_01-CG4_-2\project\..\generated\obj\imgui\Debug\imgui.tlog\
                           TreatAngleIncludeAsExternal = false
                           BasicRuntimeChecks = EnableFastChecks
                           AcceptableNonZeroExitCodes = 
                           MinimalRebuildFromTracking = true
                           Optimization = Disabled
                           SuppressStartupBanner = true
                           DisableAnalyzeExternal = false
                           BufferSecurityCheck = true
                           ExceptionHandling = Sync
                           TreatExternalTemplatesAsInternal = true
                           ErrorReporting = Queue
                           OmitDefaultLibName = false
                           FloatingPointModel = Precise
                           CompileAs = Default
                           TreatWChar_tAsBuiltInType = true
                           PreprocessorDefinitions = _DEBUG;_LIB;USE_IMGUI;_UNICODE;UNICODE;
                           TranslateIncludes = false
                           ForcedIncludeFiles = 
                           ExpandAttributedSource = false
                       imgui_demo.cpp
                           StructMemberAlignment = Default
                           DisableLanguageExtensions = false
                           ModuleDependenciesFile = C:\CG\CG2_00_01\submission_ready_20260730_165019\LE3C_26_ヨシノ_ゲント\02_プロジェクト\CG2_00_01-CG4_-2\project\..\generated\obj\imgui\Debug\
                           UseFullPaths = true
                           ProgramDataBaseFileName = C:\CG\CG2_00_01\submission_ready_20260730_165019\LE3C_26_ヨシノ_ゲント\02_プロジェクト\CG2_00_01-CG4_-2\project\..\generated\outputs\Debug\imgui.pdb
                           ImpLibCompiled = 
                           ScanSourceForModuleDependencies = false
                           EnableASAN = false
                           RemoveUnreferencedCodeData = true
                           ForceConformanceInForLoopScope = true
                           DebugInformationFormat = EditAndContinue
                           DiagnosticsFormat = Column
                           SupportJustMyCode = true
                           GenerateXMLDocumentationFiles = false
                           AssemblerOutput = NoListing
                           EnableEnhancedInstructionSet = NotSet
                           RuntimeLibrary = MultiThreadedDebug
                           PreprocessToFile = false
                           GenerateSourceDependencies = false
                           AssemblerListingLocation = C:\CG\CG2_00_01\submission_ready_20260730_165019\LE3C_26_ヨシノ_ゲント\02_プロジェクト\CG2_00_01-CG4_-2\project\..\generated\obj\imgui\Debug\
                           PreprocessSuppressLineNumbers = false
                           EnableVectorLength = NotSet
                           TreatWarningAsError = false
                           EnableFiberSafeOptimizations = false
                           IntelJCCErratum = false
                           ShowIncludes = false
                           LanguageStandard_C = Default
                           BrowseInformation = false
                           PrecompiledHeader = NotUsing
                           EnableFuzzer = false
                           BrowseInformationFile = C:\CG\CG2_00_01\submission_ready_20260730_165019\LE3C_26_ヨシノ_ゲント\02_プロジェクト\CG2_00_01-CG4_-2\project\..\generated\obj\imgui\Debug\
                           UndefineAllPreprocessorDefinitions = false
                           CallingConvention = Cdecl
                           FavorSizeOrSpeed = Neither
                           IntrinsicFunctions = false
                           LanguageStandard = Default
                           SmallerTypeCheck = false
                           ConformanceMode = true
                           WarningLevel = Level3
                           InlineFunctionExpansion = Default
                           PrecompiledHeaderFile = stdafx.h
                           SpectreMitigation = false
                           SourceDependenciesFile = C:\CG\CG2_00_01\submission_ready_20260730_165019\LE3C_26_ヨシノ_ゲント\02_プロジェクト\CG2_00_01-CG4_-2\project\..\generated\obj\imgui\Debug\
                           XMLDocumentationFileName = C:\CG\CG2_00_01\submission_ready_20260730_165019\LE3C_26_ヨシノ_ゲント\02_プロジェクト\CG2_00_01-CG4_-2\project\..\generated\obj\imgui\Debug\
                           ExternalWarningLevel = InheritWarningLevel
                           PrecompiledHeaderOutputFile = C:\CG\CG2_00_01\submission_ready_20260730_165019\LE3C_26_ヨシノ_ゲント\02_プロジェクト\CG2_00_01-CG4_-2\project\..\generated\obj\imgui\Debug\imgui.pch
                           BuildStlModules = false
                           GenerateModuleDependencies = false
                           SDLCheck = true
                           LibCompiled = true
                           MinimalRebuild = false
                           PreprocessKeepComments = false
                           ForcedUsingFiles = 
                           WholeProgramOptimization = false
                           IgnoreStandardIncludePath = false
                           ObjectFileName = C:\CG\CG2_00_01\submission_ready_20260730_165019\LE3C_26_ヨシノ_ゲント\02_プロジェクト\CG2_00_01-CG4_-2\project\..\generated\obj\imgui\Debug\
                           ModuleOutputFile = C:\CG\CG2_00_01\submission_ready_20260730_165019\LE3C_26_ヨシノ_ゲント\02_プロジェクト\CG2_00_01-CG4_-2\project\..\generated\obj\imgui\Debug\
                           UseDynamicDebugging = false
                           LinkCompiled = 
                           TrackerLogDirectory = C:\CG\CG2_00_01\submission_ready_20260730_165019\LE3C_26_ヨシノ_ゲント\02_プロジェクト\CG2_00_01-CG4_-2\project\..\generated\obj\imgui\Debug\imgui.tlog\
                           TreatAngleIncludeAsExternal = false
                           BasicRuntimeChecks = EnableFastChecks
                           AcceptableNonZeroExitCodes = 
                           MinimalRebuildFromTracking = true
                           Optimization = Disabled
                           SuppressStartupBanner = true
                           DisableAnalyzeExternal = false
                           BufferSecurityCheck = true
                           ExceptionHandling = Sync
                           TreatExternalTemplatesAsInternal = true
                           ErrorReporting = Queue
                           OmitDefaultLibName = false
                           FloatingPointModel = Precise
                           CompileAs = Default
                           TreatWChar_tAsBuiltInType = true
                           PreprocessorDefinitions = _DEBUG;_LIB;USE_IMGUI;_UNICODE;UNICODE;
                           TranslateIncludes = false
                           ForcedIncludeFiles = 
                           ExpandAttributedSource = false
                       imgui_draw.cpp
                           StructMemberAlignment = Default
                           DisableLanguageExtensions = false
                           ModuleDependenciesFile = C:\CG\CG2_00_01\submission_ready_20260730_165019\LE3C_26_ヨシノ_ゲント\02_プロジェクト\CG2_00_01-CG4_-2\project\..\generated\obj\imgui\Debug\
                           UseFullPaths = true
                           ProgramDataBaseFileName = C:\CG\CG2_00_01\submission_ready_20260730_165019\LE3C_26_ヨシノ_ゲント\02_プロジェクト\CG2_00_01-CG4_-2\project\..\generated\outputs\Debug\imgui.pdb
                           ImpLibCompiled = 
                           ScanSourceForModuleDependencies = false
                           EnableASAN = false
                           RemoveUnreferencedCodeData = true
                           ForceConformanceInForLoopScope = true
                           DebugInformationFormat = EditAndContinue
                           DiagnosticsFormat = Column
                           SupportJustMyCode = true
                           GenerateXMLDocumentationFiles = false
                           AssemblerOutput = NoListing
                           EnableEnhancedInstructionSet = NotSet
                           RuntimeLibrary = MultiThreadedDebug
                           PreprocessToFile = false
                           GenerateSourceDependencies = false
                           AssemblerListingLocation = C:\CG\CG2_00_01\submission_ready_20260730_165019\LE3C_26_ヨシノ_ゲント\02_プロジェクト\CG2_00_01-CG4_-2\project\..\generated\obj\imgui\Debug\
                           PreprocessSuppressLineNumbers = false
                           EnableVectorLength = NotSet
                           TreatWarningAsError = false
                           EnableFiberSafeOptimizations = false
                           IntelJCCErratum = false
                           ShowIncludes = false
                           LanguageStandard_C = Default
                           BrowseInformation = false
                           PrecompiledHeader = NotUsing
                           EnableFuzzer = false
                           BrowseInformationFile = C:\CG\CG2_00_01\submission_ready_20260730_165019\LE3C_26_ヨシノ_ゲント\02_プロジェクト\CG2_00_01-CG4_-2\project\..\generated\obj\imgui\Debug\
                           UndefineAllPreprocessorDefinitions = false
                           CallingConvention = Cdecl
                           FavorSizeOrSpeed = Neither
                           IntrinsicFunctions = false
                           LanguageStandard = Default
                           SmallerTypeCheck = false
                           ConformanceMode = true
                           WarningLevel = Level3
                           InlineFunctionExpansion = Default
                           PrecompiledHeaderFile = stdafx.h
                           SpectreMitigation = false
                           SourceDependenciesFile = C:\CG\CG2_00_01\submission_ready_20260730_165019\LE3C_26_ヨシノ_ゲント\02_プロジェクト\CG2_00_01-CG4_-2\project\..\generated\obj\imgui\Debug\
                           XMLDocumentationFileName = C:\CG\CG2_00_01\submission_ready_20260730_165019\LE3C_26_ヨシノ_ゲント\02_プロジェクト\CG2_00_01-CG4_-2\project\..\generated\obj\imgui\Debug\
                           ExternalWarningLevel = InheritWarningLevel
                           PrecompiledHeaderOutputFile = C:\CG\CG2_00_01\submission_ready_20260730_165019\LE3C_26_ヨシノ_ゲント\02_プロジェクト\CG2_00_01-CG4_-2\project\..\generated\obj\imgui\Debug\imgui.pch
                           BuildStlModules = false
                           GenerateModuleDependencies = false
                           SDLCheck = true
                           LibCompiled = true
                           MinimalRebuild = false
                           PreprocessKeepComments = false
                           ForcedUsingFiles = 
                           WholeProgramOptimization = false
                           IgnoreStandardIncludePath = false
                           ObjectFileName = C:\CG\CG2_00_01\submission_ready_20260730_165019\LE3C_26_ヨシノ_ゲント\02_プロジェクト\CG2_00_01-CG4_-2\project\..\generated\obj\imgui\Debug\
                           ModuleOutputFile = C:\CG\CG2_00_01\submission_ready_20260730_165019\LE3C_26_ヨシノ_ゲント\02_プロジェクト\CG2_00_01-CG4_-2\project\..\generated\obj\imgui\Debug\
                           UseDynamicDebugging = false
                           LinkCompiled = 
                           TrackerLogDirectory = C:\CG\CG2_00_01\submission_ready_20260730_165019\LE3C_26_ヨシノ_ゲント\02_プロジェクト\CG2_00_01-CG4_-2\project\..\generated\obj\imgui\Debug\imgui.tlog\
                           TreatAngleIncludeAsExternal = false
                           BasicRuntimeChecks = EnableFastChecks
                           AcceptableNonZeroExitCodes = 
                           MinimalRebuildFromTracking = true
                           Optimization = Disabled
                           SuppressStartupBanner = true
                           DisableAnalyzeExternal = false
                           BufferSecurityCheck = true
                           ExceptionHandling = Sync
                           TreatExternalTemplatesAsInternal = true
                           ErrorReporting = Queue
                           OmitDefaultLibName = false
                           FloatingPointModel = Precise
                           CompileAs = Default
                           TreatWChar_tAsBuiltInType = true
                           PreprocessorDefinitions = _DEBUG;_LIB;USE_IMGUI;_UNICODE;UNICODE;
                           TranslateIncludes = false
                           ForcedIncludeFiles = 
                           ExpandAttributedSource = false
                       imgui_impl_dx12.cpp
                           StructMemberAlignment = Default
                           DisableLanguageExtensions = false
                           ModuleDependenciesFile = C:\CG\CG2_00_01\submission_ready_20260730_165019\LE3C_26_ヨシノ_ゲント\02_プロジェクト\CG2_00_01-CG4_-2\project\..\generated\obj\imgui\Debug\
                           UseFullPaths = true
                           ProgramDataBaseFileName = C:\CG\CG2_00_01\submission_ready_20260730_165019\LE3C_26_ヨシノ_ゲント\02_プロジェクト\CG2_00_01-CG4_-2\project\..\generated\outputs\Debug\imgui.pdb
                           ImpLibCompiled = 
                           ScanSourceForModuleDependencies = false
                           EnableASAN = false
                           RemoveUnreferencedCodeData = true
                           ForceConformanceInForLoopScope = true
                           DebugInformationFormat = EditAndContinue
                           DiagnosticsFormat = Column
                           SupportJustMyCode = true
                           GenerateXMLDocumentationFiles = false
                           AssemblerOutput = NoListing
                           EnableEnhancedInstructionSet = NotSet
                           RuntimeLibrary = MultiThreadedDebug
                           PreprocessToFile = false
                           GenerateSourceDependencies = false
                           AssemblerListingLocation = C:\CG\CG2_00_01\submission_ready_20260730_165019\LE3C_26_ヨシノ_ゲント\02_プロジェクト\CG2_00_01-CG4_-2\project\..\generated\obj\imgui\Debug\
                           PreprocessSuppressLineNumbers = false
                           EnableVectorLength = NotSet
                           TreatWarningAsError = false
                           EnableFiberSafeOptimizations = false
                           IntelJCCErratum = false
                           ShowIncludes = false
                           LanguageStandard_C = Default
                           BrowseInformation = false
                           PrecompiledHeader = NotUsing
                           EnableFuzzer = false
                           BrowseInformationFile = C:\CG\CG2_00_01\submission_ready_20260730_165019\LE3C_26_ヨシノ_ゲント\02_プロジェクト\CG2_00_01-CG4_-2\project\..\generated\obj\imgui\Debug\
                           UndefineAllPreprocessorDefinitions = false
                           CallingConvention = Cdecl
                           FavorSizeOrSpeed = Neither
                           IntrinsicFunctions = false
                           LanguageStandard = Default
                           SmallerTypeCheck = false
                           ConformanceMode = true
                           WarningLevel = Level3
                           InlineFunctionExpansion = Default
                           PrecompiledHeaderFile = stdafx.h
                           SpectreMitigation = false
                           SourceDependenciesFile = C:\CG\CG2_00_01\submission_ready_20260730_165019\LE3C_26_ヨシノ_ゲント\02_プロジェクト\CG2_00_01-CG4_-2\project\..\generated\obj\imgui\Debug\
                           XMLDocumentationFileName = C:\CG\CG2_00_01\submission_ready_20260730_165019\LE3C_26_ヨシノ_ゲント\02_プロジェクト\CG2_00_01-CG4_-2\project\..\generated\obj\imgui\Debug\
                           ExternalWarningLevel = InheritWarningLevel
                           PrecompiledHeaderOutputFile = C:\CG\CG2_00_01\submission_ready_20260730_165019\LE3C_26_ヨシノ_ゲント\02_プロジェクト\CG2_00_01-CG4_-2\project\..\generated\obj\imgui\Debug\imgui.pch
                           BuildStlModules = false
                           GenerateModuleDependencies = false
                           SDLCheck = true
                           LibCompiled = true
                           MinimalRebuild = false
                           PreprocessKeepComments = false
                           ForcedUsingFiles = 
                           WholeProgramOptimization = false
                           IgnoreStandardIncludePath = false
                           ObjectFileName = C:\CG\CG2_00_01\submission_ready_20260730_165019\LE3C_26_ヨシノ_ゲント\02_プロジェクト\CG2_00_01-CG4_-2\project\..\generated\obj\imgui\Debug\
                           ModuleOutputFile = C:\CG\CG2_00_01\submission_ready_20260730_165019\LE3C_26_ヨシノ_ゲント\02_プロジェクト\CG2_00_01-CG4_-2\project\..\generated\obj\imgui\Debug\
                           UseDynamicDebugging = false
                           LinkCompiled = 
                           TrackerLogDirectory = C:\CG\CG2_00_01\submission_ready_20260730_165019\LE3C_26_ヨシノ_ゲント\02_プロジェクト\CG2_00_01-CG4_-2\project\..\generated\obj\imgui\Debug\imgui.tlog\
                           TreatAngleIncludeAsExternal = false
                           BasicRuntimeChecks = EnableFastChecks
                           AcceptableNonZeroExitCodes = 
                           MinimalRebuildFromTracking = true
                           Optimization = Disabled
                           SuppressStartupBanner = true
                           DisableAnalyzeExternal = false
                           BufferSecurityCheck = true
                           ExceptionHandling = Sync
                           TreatExternalTemplatesAsInternal = true
                           ErrorReporting = Queue
                           OmitDefaultLibName = false
                           FloatingPointModel = Precise
                           CompileAs = Default
                           TreatWChar_tAsBuiltInType = true
                           PreprocessorDefinitions = _DEBUG;_LIB;USE_IMGUI;_UNICODE;UNICODE;
                           TranslateIncludes = false
                           ForcedIncludeFiles = 
                           ExpandAttributedSource = false
                       imgui_impl_win32.cpp
                           StructMemberAlignment = Default
                           DisableLanguageExtensions = false
                           ModuleDependenciesFile = C:\CG\CG2_00_01\submission_ready_20260730_165019\LE3C_26_ヨシノ_ゲント\02_プロジェクト\CG2_00_01-CG4_-2\project\..\generated\obj\imgui\Debug\
                           UseFullPaths = true
                           ProgramDataBaseFileName = C:\CG\CG2_00_01\submission_ready_20260730_165019\LE3C_26_ヨシノ_ゲント\02_プロジェクト\CG2_00_01-CG4_-2\project\..\generated\outputs\Debug\imgui.pdb
                           ImpLibCompiled = 
                           ScanSourceForModuleDependencies = false
                           EnableASAN = false
                           RemoveUnreferencedCodeData = true
                           ForceConformanceInForLoopScope = true
                           DebugInformationFormat = EditAndContinue
                           DiagnosticsFormat = Column
                           SupportJustMyCode = true
                           GenerateXMLDocumentationFiles = false
                           AssemblerOutput = NoListing
                           EnableEnhancedInstructionSet = NotSet
                           RuntimeLibrary = MultiThreadedDebug
                           PreprocessToFile = false
                           GenerateSourceDependencies = false
                           AssemblerListingLocation = C:\CG\CG2_00_01\submission_ready_20260730_165019\LE3C_26_ヨシノ_ゲント\02_プロジェクト\CG2_00_01-CG4_-2\project\..\generated\obj\imgui\Debug\
                           PreprocessSuppressLineNumbers = false
                           EnableVectorLength = NotSet
                           TreatWarningAsError = false
                           EnableFiberSafeOptimizations = false
                           IntelJCCErratum = false
                           ShowIncludes = false
                           LanguageStandard_C = Default
                           BrowseInformation = false
                           PrecompiledHeader = NotUsing
                           EnableFuzzer = false
                           BrowseInformationFile = C:\CG\CG2_00_01\submission_ready_20260730_165019\LE3C_26_ヨシノ_ゲント\02_プロジェクト\CG2_00_01-CG4_-2\project\..\generated\obj\imgui\Debug\
                           UndefineAllPreprocessorDefinitions = false
                           CallingConvention = Cdecl
                           FavorSizeOrSpeed = Neither
                           IntrinsicFunctions = false
                           LanguageStandard = Default
                           SmallerTypeCheck = false
                           ConformanceMode = true
                           WarningLevel = Level3
                           InlineFunctionExpansion = Default
                           PrecompiledHeaderFile = stdafx.h
                           SpectreMitigation = false
                           SourceDependenciesFile = C:\CG\CG2_00_01\submission_ready_20260730_165019\LE3C_26_ヨシノ_ゲント\02_プロジェクト\CG2_00_01-CG4_-2\project\..\generated\obj\imgui\Debug\
                           XMLDocumentationFileName = C:\CG\CG2_00_01\submission_ready_20260730_165019\LE3C_26_ヨシノ_ゲント\02_プロジェクト\CG2_00_01-CG4_-2\project\..\generated\obj\imgui\Debug\
                           ExternalWarningLevel = InheritWarningLevel
                           PrecompiledHeaderOutputFile = C:\CG\CG2_00_01\submission_ready_20260730_165019\LE3C_26_ヨシノ_ゲント\02_プロジェクト\CG2_00_01-CG4_-2\project\..\generated\obj\imgui\Debug\imgui.pch
                           BuildStlModules = false
                           GenerateModuleDependencies = false
                           SDLCheck = true
                           LibCompiled = true
                           MinimalRebuild = false
                           PreprocessKeepComments = false
                           ForcedUsingFiles = 
                           WholeProgramOptimization = false
                           IgnoreStandardIncludePath = false
                           ObjectFileName = C:\CG\CG2_00_01\submission_ready_20260730_165019\LE3C_26_ヨシノ_ゲント\02_プロジェクト\CG2_00_01-CG4_-2\project\..\generated\obj\imgui\Debug\
                           ModuleOutputFile = C:\CG\CG2_00_01\submission_ready_20260730_165019\LE3C_26_ヨシノ_ゲント\02_プロジェクト\CG2_00_01-CG4_-2\project\..\generated\obj\imgui\Debug\
                           UseDynamicDebugging = false
                           LinkCompiled = 
                           TrackerLogDirectory = C:\CG\CG2_00_01\submission_ready_20260730_165019\LE3C_26_ヨシノ_ゲント\02_プロジェクト\CG2_00_01-CG4_-2\project\..\generated\obj\imgui\Debug\imgui.tlog\
                           TreatAngleIncludeAsExternal = false
                           BasicRuntimeChecks = EnableFastChecks
                           AcceptableNonZeroExitCodes = 
                           MinimalRebuildFromTracking = true
                           Optimization = Disabled
                           SuppressStartupBanner = true
                           DisableAnalyzeExternal = false
                           BufferSecurityCheck = true
                           ExceptionHandling = Sync
                           TreatExternalTemplatesAsInternal = true
                           ErrorReporting = Queue
                           OmitDefaultLibName = false
                           FloatingPointModel = Precise
                           CompileAs = Default
                           TreatWChar_tAsBuiltInType = true
                           PreprocessorDefinitions = _DEBUG;_LIB;USE_IMGUI;_UNICODE;UNICODE;
                           TranslateIncludes = false
                           ForcedIncludeFiles = 
                           ExpandAttributedSource = false
                       imgui_tables.cpp
                           StructMemberAlignment = Default
                           DisableLanguageExtensions = false
                           ModuleDependenciesFile = C:\CG\CG2_00_01\submission_ready_20260730_165019\LE3C_26_ヨシノ_ゲント\02_プロジェクト\CG2_00_01-CG4_-2\project\..\generated\obj\imgui\Debug\
                           UseFullPaths = true
                           ProgramDataBaseFileName = C:\CG\CG2_00_01\submission_ready_20260730_165019\LE3C_26_ヨシノ_ゲント\02_プロジェクト\CG2_00_01-CG4_-2\project\..\generated\outputs\Debug\imgui.pdb
                           ImpLibCompiled = 
                           ScanSourceForModuleDependencies = false
                           EnableASAN = false
                           RemoveUnreferencedCodeData = true
                           ForceConformanceInForLoopScope = true
                           DebugInformationFormat = EditAndContinue
                           DiagnosticsFormat = Column
                           SupportJustMyCode = true
                           GenerateXMLDocumentationFiles = false
                           AssemblerOutput = NoListing
                           EnableEnhancedInstructionSet = NotSet
                           RuntimeLibrary = MultiThreadedDebug
                           PreprocessToFile = false
                           GenerateSourceDependencies = false
                           AssemblerListingLocation = C:\CG\CG2_00_01\submission_ready_20260730_165019\LE3C_26_ヨシノ_ゲント\02_プロジェクト\CG2_00_01-CG4_-2\project\..\generated\obj\imgui\Debug\
                           PreprocessSuppressLineNumbers = false
                           EnableVectorLength = NotSet
                           TreatWarningAsError = false
                           EnableFiberSafeOptimizations = false
                           IntelJCCErratum = false
                           ShowIncludes = false
                           LanguageStandard_C = Default
                           BrowseInformation = false
                           PrecompiledHeader = NotUsing
                           EnableFuzzer = false
                           BrowseInformationFile = C:\CG\CG2_00_01\submission_ready_20260730_165019\LE3C_26_ヨシノ_ゲント\02_プロジェクト\CG2_00_01-CG4_-2\project\..\generated\obj\imgui\Debug\
                           UndefineAllPreprocessorDefinitions = false
                           CallingConvention = Cdecl
                           FavorSizeOrSpeed = Neither
                           IntrinsicFunctions = false
                           LanguageStandard = Default
                           SmallerTypeCheck = false
                           ConformanceMode = true
                           WarningLevel = Level3
                           InlineFunctionExpansion = Default
                           PrecompiledHeaderFile = stdafx.h
                           SpectreMitigation = false
                           SourceDependenciesFile = C:\CG\CG2_00_01\submission_ready_20260730_165019\LE3C_26_ヨシノ_ゲント\02_プロジェクト\CG2_00_01-CG4_-2\project\..\generated\obj\imgui\Debug\
                           XMLDocumentationFileName = C:\CG\CG2_00_01\submission_ready_20260730_165019\LE3C_26_ヨシノ_ゲント\02_プロジェクト\CG2_00_01-CG4_-2\project\..\generated\obj\imgui\Debug\
                           ExternalWarningLevel = InheritWarningLevel
                           PrecompiledHeaderOutputFile = C:\CG\CG2_00_01\submission_ready_20260730_165019\LE3C_26_ヨシノ_ゲント\02_プロジェクト\CG2_00_01-CG4_-2\project\..\generated\obj\imgui\Debug\imgui.pch
                           BuildStlModules = false
                           GenerateModuleDependencies = false
                           SDLCheck = true
                           LibCompiled = true
                           MinimalRebuild = false
                           PreprocessKeepComments = false
                           ForcedUsingFiles = 
                           WholeProgramOptimization = false
                           IgnoreStandardIncludePath = false
                           ObjectFileName = C:\CG\CG2_00_01\submission_ready_20260730_165019\LE3C_26_ヨシノ_ゲント\02_プロジェクト\CG2_00_01-CG4_-2\project\..\generated\obj\imgui\Debug\
                           ModuleOutputFile = C:\CG\CG2_00_01\submission_ready_20260730_165019\LE3C_26_ヨシノ_ゲント\02_プロジェクト\CG2_00_01-CG4_-2\project\..\generated\obj\imgui\Debug\
                           UseDynamicDebugging = false
                           LinkCompiled = 
                           TrackerLogDirectory = C:\CG\CG2_00_01\submission_ready_20260730_165019\LE3C_26_ヨシノ_ゲント\02_プロジェクト\CG2_00_01-CG4_-2\project\..\generated\obj\imgui\Debug\imgui.tlog\
                           TreatAngleIncludeAsExternal = false
                           BasicRuntimeChecks = EnableFastChecks
                           AcceptableNonZeroExitCodes = 
                           MinimalRebuildFromTracking = true
                           Optimization = Disabled
                           SuppressStartupBanner = true
                           DisableAnalyzeExternal = false
                           BufferSecurityCheck = true
                           ExceptionHandling = Sync
                           TreatExternalTemplatesAsInternal = true
                           ErrorReporting = Queue
                           OmitDefaultLibName = false
                           FloatingPointModel = Precise
                           CompileAs = Default
                           TreatWChar_tAsBuiltInType = true
                           PreprocessorDefinitions = _DEBUG;_LIB;USE_IMGUI;_UNICODE;UNICODE;
                           TranslateIncludes = false
                           ForcedIncludeFiles = 
                           ExpandAttributedSource = false
                       imgui_widgets.cpp
                           StructMemberAlignment = Default
                           DisableLanguageExtensions = false
                           ModuleDependenciesFile = C:\CG\CG2_00_01\submission_ready_20260730_165019\LE3C_26_ヨシノ_ゲント\02_プロジェクト\CG2_00_01-CG4_-2\project\..\generated\obj\imgui\Debug\
                           UseFullPaths = true
                           ProgramDataBaseFileName = C:\CG\CG2_00_01\submission_ready_20260730_165019\LE3C_26_ヨシノ_ゲント\02_プロジェクト\CG2_00_01-CG4_-2\project\..\generated\outputs\Debug\imgui.pdb
                           ImpLibCompiled = 
                           ScanSourceForModuleDependencies = false
                           EnableASAN = false
                           RemoveUnreferencedCodeData = true
                           ForceConformanceInForLoopScope = true
                           DebugInformationFormat = EditAndContinue
                           DiagnosticsFormat = Column
                           SupportJustMyCode = true
                           GenerateXMLDocumentationFiles = false
                           AssemblerOutput = NoListing
                           EnableEnhancedInstructionSet = NotSet
                           RuntimeLibrary = MultiThreadedDebug
                           PreprocessToFile = false
                           GenerateSourceDependencies = false
                           AssemblerListingLocation = C:\CG\CG2_00_01\submission_ready_20260730_165019\LE3C_26_ヨシノ_ゲント\02_プロジェクト\CG2_00_01-CG4_-2\project\..\generated\obj\imgui\Debug\
                           PreprocessSuppressLineNumbers = false
                           EnableVectorLength = NotSet
                           TreatWarningAsError = false
                           EnableFiberSafeOptimizations = false
                           IntelJCCErratum = false
                           ShowIncludes = false
                           LanguageStandard_C = Default
                           BrowseInformation = false
                           PrecompiledHeader = NotUsing
                           EnableFuzzer = false
                           BrowseInformationFile = C:\CG\CG2_00_01\submission_ready_20260730_165019\LE3C_26_ヨシノ_ゲント\02_プロジェクト\CG2_00_01-CG4_-2\project\..\generated\obj\imgui\Debug\
                           UndefineAllPreprocessorDefinitions = false
                           CallingConvention = Cdecl
                           FavorSizeOrSpeed = Neither
                           IntrinsicFunctions = false
                           LanguageStandard = Default
                           SmallerTypeCheck = false
                           ConformanceMode = true
                           WarningLevel = Level3
                           InlineFunctionExpansion = Default
                           PrecompiledHeaderFile = stdafx.h
                           SpectreMitigation = false
                           SourceDependenciesFile = C:\CG\CG2_00_01\submission_ready_20260730_165019\LE3C_26_ヨシノ_ゲント\02_プロジェクト\CG2_00_01-CG4_-2\project\..\generated\obj\imgui\Debug\
                           XMLDocumentationFileName = C:\CG\CG2_00_01\submission_ready_20260730_165019\LE3C_26_ヨシノ_ゲント\02_プロジェクト\CG2_00_01-CG4_-2\project\..\generated\obj\imgui\Debug\
                           ExternalWarningLevel = InheritWarningLevel
                           PrecompiledHeaderOutputFile = C:\CG\CG2_00_01\submission_ready_20260730_165019\LE3C_26_ヨシノ_ゲント\02_プロジェクト\CG2_00_01-CG4_-2\project\..\generated\obj\imgui\Debug\imgui.pch
                           BuildStlModules = false
                           GenerateModuleDependencies = false
                           SDLCheck = true
                           LibCompiled = true
                           MinimalRebuild = false
                           PreprocessKeepComments = false
                           ForcedUsingFiles = 
                           WholeProgramOptimization = false
                           IgnoreStandardIncludePath = false
                           ObjectFileName = C:\CG\CG2_00_01\submission_ready_20260730_165019\LE3C_26_ヨシノ_ゲント\02_プロジェクト\CG2_00_01-CG4_-2\project\..\generated\obj\imgui\Debug\
                           ModuleOutputFile = C:\CG\CG2_00_01\submission_ready_20260730_165019\LE3C_26_ヨシノ_ゲント\02_プロジェクト\CG2_00_01-CG4_-2\project\..\generated\obj\imgui\Debug\
                           UseDynamicDebugging = false
                           LinkCompiled = 
                           TrackerLogDirectory = C:\CG\CG2_00_01\submission_ready_20260730_165019\LE3C_26_ヨシノ_ゲント\02_プロジェクト\CG2_00_01-CG4_-2\project\..\generated\obj\imgui\Debug\imgui.tlog\
                           TreatAngleIncludeAsExternal = false
                           BasicRuntimeChecks = EnableFastChecks
                           AcceptableNonZeroExitCodes = 
                           MinimalRebuildFromTracking = true
                           Optimization = Disabled
                           SuppressStartupBanner = true
                           DisableAnalyzeExternal = false
                           BufferSecurityCheck = true
                           ExceptionHandling = Sync
                           TreatExternalTemplatesAsInternal = true
                           ErrorReporting = Queue
                           OmitDefaultLibName = false
                           FloatingPointModel = Precise
                           CompileAs = Default
                           TreatWChar_tAsBuiltInType = true
                           PreprocessorDefinitions = _DEBUG;_LIB;USE_IMGUI;_UNICODE;UNICODE;
                           TranslateIncludes = false
                           ForcedIncludeFiles = 
                           ExpandAttributedSource = false
                   Clean
                       C:\CG\CG2_00_01\submission_ready_20260730_165019\LE3C_26_ヨシノ_ゲント\02_プロジェクト\CG2_00_01-CG4_-2\project\..\generated\obj\imgui\Debug\\TempCA\imgui.lib
                       C:\CG\CG2_00_01\submission_ready_20260730_165019\LE3C_26_ヨシノ_ゲント\02_プロジェクト\CG2_00_01-CG4_-2\project\..\generated\obj\imgui\Debug\\TempCA\imgui.pdb
                   ClInclude
                       imconfig.h
                       imgui.h
                       imgui_impl_dx12.h
                       imgui_impl_win32.h
                       imgui_internal.h
                       imstb_rectpack.h
                       imstb_textedit.h
                       imstb_truetype.h
                   CopyUpToDateMarker
                       C:\CG\CG2_00_01\submission_ready_20260730_165019\LE3C_26_ヨシノ_ゲント\02_プロジェクト\CG2_00_01-CG4_-2\generated\obj\imgui\Debug\imgui.vcxproj.Up2Date
                   CoreClangTidy
                       C:\CG\CG2_00_01\submission_ready_20260730_165019\LE3C_26_ヨシノ_ゲント\02_プロジェクト\CG2_00_01-CG4_-2\project\..\generated\obj\imgui\Debug\
                       C:\CG\CG2_00_01\submission_ready_20260730_165019\LE3C_26_ヨシノ_ゲント\02_プロジェクト\CG2_00_01-CG4_-2\project\..\generated\obj\imgui\Debug\imgui.tlog\
                   CoreCppClean
                       C:\CG\CG2_00_01\submission_ready_20260730_165019\LE3C_26_ヨシノ_ゲント\02_プロジェクト\CG2_00_01-CG4_-2\project\..\generated\obj\imgui\Debug\
                           FilePatternsToDelete = *.cdf;*.cache;*.obj;*.obj.enc;*.ilk;*.ipdb;*.iobj;*.resources;*.tlb;*.tli;*.tlh;*.tmp;*.rsp;*.pgc;*.pgd;*.meta;*.tlog;*.manifest;*.res;*.pch;*.exp;*.idb;*.rep;*.xdc;*.pdb;*_manifest.rc;*.bsc;*.sbr;*.xml;*.metagen;*.bi;C:\CG\CG2_00_01\submission_ready_20260730_165019\LE3C_26_ヨシノ_ゲント\02_プロジェクト\CG2_00_01-CG4_-2\generated\outputs\Debug\imgui.lib.manifest;C:\CG\CG2_00_01\submission_ready_20260730_165019\LE3C_26_ヨシノ_ゲント\02_プロジェクト\CG2_00_01-CG4_-2\project\..\generated\outputs\Debug\imgui.tlb;C:\CG\CG2_00_01\submission_ready_20260730_165019\LE3C_26_ヨシノ_ゲント\02_プロジェクト\CG2_00_01-CG4_-2\project\..\generated\outputs\Debug\imgui.pdb;C:\CG\CG2_00_01\submission_ready_20260730_165019\LE3C_26_ヨシノ_ゲント\02_プロジェクト\CG2_00_01-CG4_-2\generated\outputs\Debug\imgui.lib;C:\CG\CG2_00_01\submission_ready_20260730_165019\LE3C_26_ヨシノ_ゲント\02_プロジェクト\CG2_00_01-CG4_-2\project\..\generated\outputs\Debug\imgui.bsc;C:\CG\CG2_00_01\submission_ready_20260730_165019\LE3C_26_ヨシノ_ゲント\02_プロジェクト\CG2_00_01-CG4_-2\project\..\generated\outputs\Debug\imgui.ilk;C:\CG\CG2_00_01\submission_ready_20260730_165019\LE3C_26_ヨシノ_ゲント\02_プロジェクト\CG2_00_01-CG4_-2\generated\outputs\Debug\imgui.lib.intermediate.manifest;C:\CG\CG2_00_01\submission_ready_20260730_165019\LE3C_26_ヨシノ_ゲント\02_プロジェクト\CG2_00_01-CG4_-2\project\..\generated\obj\imgui\Debug\imgui.vcxproj.FileListAbsolute.txt
                           DoDelete = TRUE
                           FilesExcludedFromClean = imgui.Build.CppClean.log
                       C:\CG\CG2_00_01\submission_ready_20260730_165019\LE3C_26_ヨシノ_ゲント\02_プロジェクト\CG2_00_01-CG4_-2\project\..\generated\obj\imgui\Debug\imgui.tlog\
                           FilePatternsToDelete = *.cdf;*.cache;*.obj;*.obj.enc;*.ilk;*.ipdb;*.iobj;*.resources;*.tlb;*.tli;*.tlh;*.tmp;*.rsp;*.pgc;*.pgd;*.meta;*.tlog;*.manifest;*.res;*.pch;*.exp;*.idb;*.rep;*.xdc;*.pdb;*_manifest.rc;*.bsc;*.sbr;*.xml;*.metagen;*.bi;C:\CG\CG2_00_01\submission_ready_20260730_165019\LE3C_26_ヨシノ_ゲント\02_プロジェクト\CG2_00_01-CG4_-2\generated\outputs\Debug\imgui.lib.manifest;C:\CG\CG2_00_01\submission_ready_20260730_165019\LE3C_26_ヨシノ_ゲント\02_プロジェクト\CG2_00_01-CG4_-2\project\..\generated\outputs\Debug\imgui.tlb;C:\CG\CG2_00_01\submission_ready_20260730_165019\LE3C_26_ヨシノ_ゲント\02_プロジェクト\CG2_00_01-CG4_-2\project\..\generated\outputs\Debug\imgui.pdb;C:\CG\CG2_00_01\submission_ready_20260730_165019\LE3C_26_ヨシノ_ゲント\02_プロジェクト\CG2_00_01-CG4_-2\generated\outputs\Debug\imgui.lib;C:\CG\CG2_00_01\submission_ready_20260730_165019\LE3C_26_ヨシノ_ゲント\02_プロジェクト\CG2_00_01-CG4_-2\project\..\generated\outputs\Debug\imgui.bsc;C:\CG\CG2_00_01\submission_ready_20260730_165019\LE3C_26_ヨシノ_ゲント\02_プロジェクト\CG2_00_01-CG4_-2\project\..\generated\outputs\Debug\imgui.ilk;C:\CG\CG2_00_01\submission_ready_20260730_165019\LE3C_26_ヨシノ_ゲント\02_プロジェクト\CG2_00_01-CG4_-2\generated\outputs\Debug\imgui.lib.intermediate.manifest;C:\CG\CG2_00_01\submission_ready_20260730_165019\LE3C_26_ヨシノ_ゲント\02_プロジェクト\CG2_00_01-CG4_-2\project\..\generated\obj\imgui\Debug\imgui.vcxproj.FileListAbsolute.txt
                           DoDelete = TRUE
                           FilesExcludedFromClean = imgui.Build.CppClean.log
                       C:\CG\CG2_00_01\submission_ready_20260730_165019\LE3C_26_ヨシノ_ゲント\02_プロジェクト\CG2_00_01-CG4_-2\project\..\generated\obj\imgui\Debug\imgui_MD.tlog\
                           FilePatternsToDelete = *.cdf;*.cache;*.obj;*.obj.enc;*.ilk;*.ipdb;*.iobj;*.resources;*.tlb;*.tli;*.tlh;*.tmp;*.rsp;*.pgc;*.pgd;*.meta;*.tlog;*.manifest;*.res;*.pch;*.exp;*.idb;*.rep;*.xdc;*.pdb;*_manifest.rc;*.bsc;*.sbr;*.xml;*.metagen;*.bi;C:\CG\CG2_00_01\submission_ready_20260730_165019\LE3C_26_ヨシノ_ゲント\02_プロジェクト\CG2_00_01-CG4_-2\generated\outputs\Debug\imgui.lib.manifest;C:\CG\CG2_00_01\submission_ready_20260730_165019\LE3C_26_ヨシノ_ゲント\02_プロジェクト\CG2_00_01-CG4_-2\project\..\generated\outputs\Debug\imgui.tlb;C:\CG\CG2_00_01\submission_ready_20260730_165019\LE3C_26_ヨシノ_ゲント\02_プロジェクト\CG2_00_01-CG4_-2\project\..\generated\outputs\Debug\imgui.pdb;C:\CG\CG2_00_01\submission_ready_20260730_165019\LE3C_26_ヨシノ_ゲント\02_プロジェクト\CG2_00_01-CG4_-2\generated\outputs\Debug\imgui.lib;C:\CG\CG2_00_01\submission_ready_20260730_165019\LE3C_26_ヨシノ_ゲント\02_プロジェクト\CG2_00_01-CG4_-2\project\..\generated\outputs\Debug\imgui.bsc;C:\CG\CG2_00_01\submission_ready_20260730_165019\LE3C_26_ヨシノ_ゲント\02_プロジェクト\CG2_00_01-CG4_-2\project\..\generated\outputs\Debug\imgui.ilk;C:\CG\CG2_00_01\submission_ready_20260730_165019\LE3C_26_ヨシノ_ゲント\02_プロジェクト\CG2_00_01-CG4_-2\generated\outputs\Debug\imgui.lib.intermediate.manifest;C:\CG\CG2_00_01\submission_ready_20260730_165019\LE3C_26_ヨシノ_ゲント\02_プロジェクト\CG2_00_01-CG4_-2\project\..\generated\obj\imgui\Debug\imgui.vcxproj.FileListAbsolute.txt
                           DoDelete = TRUE
                           FilesExcludedFromClean = imgui.Build.CppClean.log
                   DebuggerPages
                       C:\Program Files\Microsoft Visual Studio\18\Community\MSBuild\Microsoft\VC\v180\1033\debugger_local_windows.xml
                       C:\Program Files\Microsoft Visual Studio\18\Community\MSBuild\Microsoft\VC\v180\1033\debugger_remote_windows.xml
                       C:\Program Files\Microsoft Visual Studio\18\Community\MSBuild\Microsoft\VC\v180\1033\debugger_web_browser.xml
                       C:\Program Files\Microsoft Visual Studio\18\Community\MSBuild\Microsoft\VC\v180\1033\debugger_web_service.xml
                   DeployManifest
                       C:\CG\CG2_00_01\submission_ready_20260730_165019\LE3C_26_ヨシノ_ゲント\02_プロジェクト\CG2_00_01-CG4_-2\project\..\generated\obj\imgui\Debug\imgui.application
                           TargetPath = imgui.application
                   DesktopDebuggerPages
                       C:\Program Files\Microsoft Visual Studio\18\Community\MSBuild\Microsoft\VC\v180\1033\debugger_local_windows.xml
                       C:\Program Files\Microsoft Visual Studio\18\Community\MSBuild\Microsoft\VC\v180\1033\debugger_remote_windows.xml
                       C:\Program Files\Microsoft Visual Studio\18\Community\MSBuild\Microsoft\VC\v180\1033\debugger_web_browser.xml
                       C:\Program Files\Microsoft Visual Studio\18\Community\MSBuild\Microsoft\VC\v180\1033\debugger_web_service.xml
                   GeneralDirsToMake
                       C:\CG\CG2_00_01\submission_ready_20260730_165019\LE3C_26_ヨシノ_ゲント\02_プロジェクト\CG2_00_01-CG4_-2\project\..\generated\obj\imgui\Debug\
                       C:\CG\CG2_00_01\submission_ready_20260730_165019\LE3C_26_ヨシノ_ゲント\02_プロジェクト\CG2_00_01-CG4_-2\project\..\generated\obj\imgui\Debug\imgui.tlog\
                       C:\CG\CG2_00_01\submission_ready_20260730_165019\LE3C_26_ヨシノ_ゲント\02_プロジェクト\CG2_00_01-CG4_-2\project\..\generated\outputs\Debug\
                   IntermediateAssembly
                       C:\CG\CG2_00_01\submission_ready_20260730_165019\LE3C_26_ヨシノ_ゲント\02_プロジェクト\CG2_00_01-CG4_-2\project\..\generated\obj\imgui\Debug\imgui.lib
                   NuGetPreprocessorValue
                       assemblyname
                           Value = imgui
                       filename
                           Value = imgui.vcxproj
                       fullpath
                           Value = C:\CG\CG2_00_01\submission_ready_20260730_165019\LE3C_26_ヨシノ_ゲント\02_プロジェクト\CG2_00_01-CG4_-2\project\externals\imgui
                       outputfilename
                           Value = imgui.lib
                       rootnamespace
                           Value = imgui
                   PostBuildEvent
                       imgui
                   PreBuildEvent
                       imgui
                   PreLinkEvent
                       imgui
                   ProjectCapability
                       AllTargetOutputGroups
                       AssemblyReferences
                       COMReferences
                       desktop
                       IntegratedConsoleDebugging
                       native
                       OutputGroups
                       ProjectConfigurationsDeclaredAsItems
                       ProjectReferences
                       PropertyManager
                       SDKReferences
                       SharedProjectReferences
                       VisualStudioWellKnownOutputGroups
                       WinRTReferences
                   ProjectConfiguration
                       Debug|Win32
                           Platform = Win32
                           Configuration = Debug
                       Debug|x64
                           Platform = x64
                           Configuration = Debug
                       Release|Win32
                           Platform = Win32
                           Configuration = Release
                       Release|x64
                           Platform = x64
                           Configuration = Release
                   ProjectTools
                       Bscmake
                       CustomBuildStep
                       Lib
                       Xdcmake
                   PropertyPageSchema
                       C:\Program Files\Microsoft Visual Studio\18\Community\MSBuild\Microsoft\VC\v180\\fxcop.xml
                       C:\Program Files\Microsoft Visual Studio\18\Community\MSBuild\Microsoft\VC\v180\1033\alink.xml
                       C:\Program Files\Microsoft Visual Studio\18\Community\MSBuild\Microsoft\VC\v180\1033\bscmake.xml
                       C:\Program Files\Microsoft Visual Studio\18\Community\MSBuild\Microsoft\VC\v180\1033\build_events.xml
                       C:\Program Files\Microsoft Visual Studio\18\Community\MSBuild\Microsoft\VC\v180\1033\cl.xml
                       C:\Program Files\Microsoft Visual Studio\18\Community\MSBuild\Microsoft\VC\v180\1033\clangtidy.xml
                       C:\Program Files\Microsoft Visual Studio\18\Community\MSBuild\Microsoft\VC\v180\1033\code_analysis.xml
                       C:\Program Files\Microsoft Visual Studio\18\Community\MSBuild\Microsoft\VC\v180\1033\copy_file.xml
                       C:\Program Files\Microsoft Visual Studio\18\Community\MSBuild\Microsoft\VC\v180\1033\custom_build_step.xml
                       C:\Program Files\Microsoft Visual Studio\18\Community\MSBuild\Microsoft\VC\v180\1033\custom_build_tool.xml
                       C:\Program Files\Microsoft Visual Studio\18\Community\MSBuild\Microsoft\VC\v180\1033\debugger_general.xml
                       C:\Program Files\Microsoft Visual Studio\18\Community\MSBuild\Microsoft\VC\v180\1033\debugger_local_windows.xml
                       C:\Program Files\Microsoft Visual Studio\18\Community\MSBuild\Microsoft\VC\v180\1033\debugger_remote_windows.xml
                       C:\Program Files\Microsoft Visual Studio\18\Community\MSBuild\Microsoft\VC\v180\1033\debugger_web_browser.xml
                       C:\Program Files\Microsoft Visual Studio\18\Community\MSBuild\Microsoft\VC\v180\1033\debugger_web_service.xml
                       C:\Program Files\Microsoft Visual Studio\18\Community\MSBuild\Microsoft\VC\v180\1033\directories.xml
                       C:\Program Files\Microsoft Visual Studio\18\Community\MSBuild\Microsoft\VC\v180\1033\folder.xml
                           Context = File;BrowseObject
                       C:\Program Files\Microsoft Visual Studio\18\Community\MSBuild\Microsoft\VC\v180\1033\fxc.xml
                       C:\Program Files\Microsoft Visual Studio\18\Community\MSBuild\Microsoft\VC\v180\1033\general.xml
                           Context = Project
                       C:\Program Files\Microsoft Visual Studio\18\Community\MSBuild\Microsoft\VC\v180\1033\general_advanced.xml
                           Context = Project
                       C:\Program Files\Microsoft Visual Studio\18\Community\MSBuild\Microsoft\VC\v180\1033\general_advanced_hostarm64.xml
                           Context = Project
                       C:\Program Files\Microsoft Visual Studio\18\Community\MSBuild\Microsoft\VC\v180\1033\general_file.xml
                           Context = File
                       C:\Program Files\Microsoft Visual Studio\18\Community\MSBuild\Microsoft\VC\v180\1033\general_ps.xml
                           Context = PropertySheet
                       C:\Program Files\Microsoft Visual Studio\18\Community\MSBuild\Microsoft\VC\v180\1033\lib.xml
                       C:\Program Files\Microsoft Visual Studio\18\Community\MSBuild\Microsoft\VC\v180\1033\link.xml
                       C:\Program Files\Microsoft Visual Studio\18\Community\MSBuild\Microsoft\VC\v180\1033\midl.xml
                       C:\Program Files\Microsoft Visual Studio\18\Community\MSBuild\Microsoft\VC\v180\1033\mt.xml
                           Context = Project;PropertySheet
                       C:\Program Files\Microsoft Visual Studio\18\Community\MSBuild\Microsoft\VC\v180\1033\ProjectItemsSchema.xml
                       C:\Program Files\Microsoft Visual Studio\18\Community\MSBuild\Microsoft\VC\v180\1033\rc.xml
                       C:\Program Files\Microsoft Visual Studio\18\Community\MSBuild\Microsoft\VC\v180\1033\resgen.xml
                       C:\Program Files\Microsoft Visual Studio\18\Community\MSBuild\Microsoft\VC\v180\1033\usermacros.xml
                           Context = PropertySheet
                       C:\Program Files\Microsoft Visual Studio\18\Community\MSBuild\Microsoft\VC\v180\1033\xdcmake.xml
                       C:\Program Files\Microsoft Visual Studio\18\Community\MSBuild\Microsoft\VC\v180\1033\xsd.xml

16:55:14.502     3>ファイル "C:\Program Files\Microsoft Visual Studio\18\Community\MSBuild\Current\Bin\Microsoft.Common.CurrentVersion.targets" 内にある、プロジェクト "C:\CG\CG2_00_01\submission_ready_20260730_165019\LE3C_26_ヨシノ_ゲント\02_プロジェクト\CG2_00_01-CG4_-2\project\externals\imgui\imgui.vcxproj" からのターゲット "_CheckForInvalidConfigurationAndPlatform: (ターゲット ID: 7)" (ターゲット "SetTelemetryEnvironmentVariables" は依存):
16:55:14.502     3>プロパティの設定: _InvalidConfigurationMessageResourceName=CommonSdk.InvalidConfigurationTextWhenBuildingOutsideVisualStudio
                   "Message" タスクをアセンブリ "Microsoft.Build.Tasks.Core, Version=15.1.0.0, Culture=neutral, PublicKeyToken=b03f5f7f11d50a3a" から使用しています。
                   タスク "Message" (TaskId: 5)
                     タスク パラメーター:Importance=Low (TaskId: 5)
                     タスク パラメーター:Text=Configuration=Debug (TaskId: 5)
                     Configuration=Debug (TaskId: 5)
                   タスク "Message" の実行が終了しました。 (TaskId: 5)
                   タスク "Message" (TaskId: 6)
                     タスク パラメーター:Importance=Low (TaskId: 6)
                     タスク パラメーター:Text=Platform=x64 (TaskId: 6)
                     Platform=x64 (TaskId: 6)
                   タスク "Message" の実行が終了しました。 (TaskId: 6)
16:55:14.504     3>プロジェクト "imgui.vcxproj" 内のターゲット "_CheckForInvalidConfigurationAndPlatform" のビルドが終了しました。: (ターゲット ID: 7)
                   ターゲット "_CheckForInvalidConfigurationAndPlatform" を省略しました。以前に正しくビルドされていました。
16:55:14.504     3>ファイル "C:\Program Files\Microsoft Visual Studio\18\Community\MSBuild\Microsoft\VC\v180\Microsoft.Cpp.DesignTime.targets" 内にある、プロジェクト "C:\CG\CG2_00_01\submission_ready_20260730_165019\LE3C_26_ヨシノ_ゲント\02_プロジェクト\CG2_00_01-CG4_-2\project\externals\imgui\imgui.vcxproj" からのターゲット "SetTelemetryEnvironmentVariables: (ターゲット ID: 8)" (ターゲット "Build" は依存):
                   "SetEnv" タスクをアセンブリ "C:\Program Files\Microsoft Visual Studio\18\Community\MSBuild\Microsoft\VC\v180\Microsoft.Build.CppTasks.Common.dll" から使用しています。
                   タスク "SetEnv" (TaskId: 7)
                     タスク パラメーター:Prefix=False (TaskId: 7)
                     タスク パラメーター:Name=VSTEL_SolutionSessionID (TaskId: 7)
                     VSTEL_SolutionSessionID= (TaskId: 7)
                   タスク "SetEnv" の実行が終了しました。 (TaskId: 7)
                   タスク "SetEnv" (TaskId: 8)
                     タスク パラメーター:Prefix=False (TaskId: 8)
                     タスク パラメーター:Name=VSTEL_CurrentSolutionBuildID (TaskId: 8)
                     VSTEL_CurrentSolutionBuildID= (TaskId: 8)
                   タスク "SetEnv" の実行が終了しました。 (TaskId: 8)
                   タスク "SetEnv" (TaskId: 9)
                     タスク パラメーター:Prefix=False (TaskId: 9)
                     タスク パラメーター:Value={fc6138e7-6881-42e8-a87a-e456388a5a3e} (TaskId: 9)
                     タスク パラメーター:Name=VSTEL_ProjectID (TaskId: 9)
                     VSTEL_ProjectID={fc6138e7-6881-42e8-a87a-e456388a5a3e} (TaskId: 9)
                     プロパティの出力: VSTEL_ProjectID={fc6138e7-6881-42e8-a87a-e456388a5a3e} (TaskId: 9)
                   タスク "SetEnv" の実行が終了しました。 (TaskId: 9)
                   タスク "SetEnv" (TaskId: 10)
                     タスク パラメーター:Prefix=False (TaskId: 10)
                     タスク パラメーター:Value=C:\CG\CG2_00_01\submission_ready_20260730_165019\LE3C_26_ヨシノ_ゲント\02_プロジェクト\CG2_00_01-CG4_-2\project\CG2_00_01.sln (TaskId: 10)
                     タスク パラメーター:Name=VSTEL_SolutionPath (TaskId: 10)
                     VSTEL_SolutionPath=C:\CG\CG2_00_01\submission_ready_20260730_165019\LE3C_26_ヨシノ_ゲント\02_プロジェクト\CG2_00_01-CG4_-2\project\CG2_00_01.sln (TaskId: 10)
                   タスク "SetEnv" の実行が終了しました。 (TaskId: 10)
                   タスク "SetEnv" (TaskId: 11)
                     タスク パラメーター:Prefix=False (TaskId: 11)
                     タスク パラメーター:Value=C:\CG\CG2_00_01\submission_ready_20260730_165019\LE3C_26_ヨシノ_ゲント\02_プロジェクト\CG2_00_01-CG4_-2\project\externals\imgui\imgui.vcxproj (TaskId: 11)
                     タスク パラメーター:Name=VSTEL_MSBuildProjectFullPath (TaskId: 11)
                     VSTEL_MSBuildProjectFullPath=C:\CG\CG2_00_01\submission_ready_20260730_165019\LE3C_26_ヨシノ_ゲント\02_プロジェクト\CG2_00_01-CG4_-2\project\externals\imgui\imgui.vcxproj (TaskId: 11)
                   タスク "SetEnv" の実行が終了しました。 (TaskId: 11)
16:55:14.510     3>プロジェクト "imgui.vcxproj" 内のターゲット "SetTelemetryEnvironmentVariables" のビルドが終了しました。: (ターゲット ID: 8)
16:55:14.510     3>ファイル "C:\Program Files\Microsoft Visual Studio\18\Community\MSBuild\Microsoft\VC\v180\Microsoft.BuildSteps.Targets" 内にある、プロジェクト "C:\CG\CG2_00_01\submission_ready_20260730_165019\LE3C_26_ヨシノ_ゲント\02_プロジェクト\CG2_00_01-CG4_-2\project\externals\imgui\imgui.vcxproj" からのターゲット "_PrepareForBuild: (ターゲット ID: 9)" (ターゲット "Build" は依存):
                   プロパティの設定: BuildType=Build
                   プロパティの設定: _BuildActionType=Build
                   削除された項目: 
                       CustomBuildStep=
                           imgui
                                   Message=Performing Custom Build Step
16:55:14.510     3>プロジェクト "imgui.vcxproj" 内のターゲット "_PrepareForBuild" のビルドが終了しました。: (ターゲット ID: 9)
16:55:14.510     3>ファイル "C:\Program Files\Microsoft Visual Studio\18\Community\MSBuild\Microsoft\VC\v180\Microsoft.CppBuild.targets" 内にある、プロジェクト "C:\CG\CG2_00_01\submission_ready_20260730_165019\LE3C_26_ヨシノ_ゲント\02_プロジェクト\CG2_00_01-CG4_-2\project\externals\imgui\imgui.vcxproj" からのターゲット "_PrepareForReferenceResolution: (ターゲット ID: 10)" (ターゲット "ResolveReferences" は依存):
                   プロパティの設定: TargetFrameworkMoniker=
                   プロパティの設定: _FindDependencies=false
                   プロパティの設定: AdditionalExplicitAssemblyReferences=
16:55:14.510     3>プロジェクト "imgui.vcxproj" 内のターゲット "_PrepareForReferenceResolution" のビルドが終了しました。: (ターゲット ID: 10)
16:55:14.510     3>ファイル "C:\Program Files\Microsoft Visual Studio\18\Community\MSBuild\Current\Bin\Microsoft.Common.CurrentVersion.targets" 内にある、プロジェクト "C:\CG\CG2_00_01\submission_ready_20260730_165019\LE3C_26_ヨシノ_ゲント\02_プロジェクト\CG2_00_01-CG4_-2\project\externals\imgui\imgui.vcxproj" からのターゲット "BeforeResolveReferences: (ターゲット ID: 11)" (ターゲット "ResolveReferences" は依存):
16:55:14.510     3>プロジェクト "imgui.vcxproj" 内のターゲット "BeforeResolveReferences" のビルドが終了しました。: (ターゲット ID: 11)
16:55:14.510     3>ファイル "C:\Program Files\Microsoft Visual Studio\18\Community\MSBuild\Current\Bin\Microsoft.Common.CurrentVersion.targets" 内にある、プロジェクト "C:\CG\CG2_00_01\submission_ready_20260730_165019\LE3C_26_ヨシノ_ゲント\02_プロジェクト\CG2_00_01-CG4_-2\project\externals\imgui\imgui.vcxproj" からのターゲット "IgnoreJavaScriptOutputAssembly: (ターゲット ID: 12)" (ターゲット "AssignProjectConfiguration" は依存):
16:55:14.510     3>プロジェクト "imgui.vcxproj" 内のターゲット "IgnoreJavaScriptOutputAssembly" のビルドが終了しました。: (ターゲット ID: 12)
16:55:14.510     3>ファイル "C:\Program Files\Microsoft Visual Studio\18\Community\MSBuild\Current\Bin\Microsoft.Common.CurrentVersion.targets" 内にある、プロジェクト "C:\CG\CG2_00_01\submission_ready_20260730_165019\LE3C_26_ヨシノ_ゲント\02_プロジェクト\CG2_00_01-CG4_-2\project\externals\imgui\imgui.vcxproj" からのターゲット "AssignProjectConfiguration: (ターゲット ID: 13)" (ターゲット "ResolveReferences" は依存):
                   プロパティの設定: ShouldUnsetParentConfigurationAndPlatform=true
                   プロパティの設定: AddSyntheticProjectReferencesForSolutionDependencies=true
                   "AssignProjectConfiguration" タスクをアセンブリ "Microsoft.Build.Tasks.Core, Version=15.1.0.0, Culture=neutral, PublicKeyToken=b03f5f7f11d50a3a" から使用しています。
                   タスク "AssignProjectConfiguration" (TaskId: 12)
                     タスク パラメーター:OutputType=staticlibrary (TaskId: 12)
                     タスク パラメーター:CurrentProjectPlatform=x64 (TaskId: 12)
                     タスク パラメーター:CurrentProject=C:\CG\CG2_00_01\submission_ready_20260730_165019\LE3C_26_ヨシノ_ゲント\02_プロジェクト\CG2_00_01-CG4_-2\project\externals\imgui\imgui.vcxproj (TaskId: 12)
                     タスク パラメーター:AddSyntheticProjectReferencesForSolutionDependencies=True (TaskId: 12)
                     タスク パラメーター:ResolveConfigurationPlatformUsingMappings=False (TaskId: 12)
                     タスク パラメーター:SolutionConfigurationContents=<SolutionConfiguration>
                       <ProjectConfiguration Project="{3713FB10-CA0E-4AD6-BF62-4D7DEABB031E}" AbsolutePath="C:\CG\CG2_00_01\submission_ready_20260730_165019\LE3C_26_ヨシノ_ゲント\02_プロジェクト\CG2_00_01-CG4_-2\project\CG2_00_01.vcxproj" BuildProjectInSolution="True">Development|x64<ProjectDependency Project="{FC6138E7-6881-42E8-A87A-E456388A5A3E}" /></ProjectConfiguration>
                       <ProjectConfiguration Project="{371B9FA9-4C90-4AC6-A123-ACED756D6C77}" AbsolutePath="C:\CG\CG2_00_01\submission_ready_20260730_165019\LE3C_26_ヨシノ_ゲント\02_プロジェクト\CG2_00_01-CG4_-2\project\externals\DirectXTex\DirectXTex_Desktop_2022_Win10.vcxproj" BuildProjectInSolution="True">Development|x64</ProjectConfiguration>
                       <ProjectConfiguration Project="{FC6138E7-6881-42E8-A87A-E456388A5A3E}" AbsolutePath="C:\CG\CG2_00_01\submission_ready_20260730_165019\LE3C_26_ヨシノ_ゲント\02_プロジェクト\CG2_00_01-CG4_-2\project\externals\imgui\imgui.vcxproj" BuildProjectInSolution="True">Debug|x64</ProjectConfiguration>
                     </SolutionConfiguration> (TaskId: 12)
                     タスク パラメーター:ShouldUnsetParentConfigurationAndPlatform=True (TaskId: 12)
                     タスク パラメーター:OnlyReferenceAndBuildProjectsEnabledInSolutionConfiguration=True (TaskId: 12)
                     タスク パラメーター:CurrentProjectConfiguration=Debug (TaskId: 12)
                   タスク "AssignProjectConfiguration" の実行が終了しました。 (TaskId: 12)
16:55:14.511     3>プロジェクト "imgui.vcxproj" 内のターゲット "AssignProjectConfiguration" のビルドが終了しました。: (ターゲット ID: 13)
                   ターゲット "AssignProjectConfiguration" を省略しました。以前に正しくビルドされていました。
16:55:14.511     3>ファイル "C:\Program Files\Microsoft Visual Studio\18\Community\MSBuild\Current\Bin\Microsoft.Common.CurrentVersion.targets" 内にある、プロジェクト "C:\CG\CG2_00_01\submission_ready_20260730_165019\LE3C_26_ヨシノ_ゲント\02_プロジェクト\CG2_00_01-CG4_-2\project\externals\imgui\imgui.vcxproj" からのターゲット "_SplitProjectReferencesByFileExistence: (ターゲット ID: 14)" (ターゲット "PrepareProjectReferences" は依存):
16:55:14.511     3>プロジェクト "imgui.vcxproj" 内のターゲット "_SplitProjectReferencesByFileExistence" のビルドが終了しました。: (ターゲット ID: 14)
16:55:14.511     3>ファイル "C:\Program Files\Microsoft Visual Studio\18\Community\MSBuild\Current\Bin\Microsoft.Common.CurrentVersion.targets" 内にある、プロジェクト "C:\CG\CG2_00_01\submission_ready_20260730_165019\LE3C_26_ヨシノ_ゲント\02_プロジェクト\CG2_00_01-CG4_-2\project\externals\imgui\imgui.vcxproj" からのターゲット "_AddOutputPathToGlobalPropertiesToRemove: (ターゲット ID: 15)" (ターゲット "_GetProjectReferenceTargetFrameworkProperties" は依存):
16:55:14.511     3>プロジェクト "imgui.vcxproj" 内のターゲット "_AddOutputPathToGlobalPropertiesToRemove" のビルドが終了しました。: (ターゲット ID: 15)
16:55:14.511     3>ファイル "C:\Program Files\Microsoft Visual Studio\18\Community\MSBuild\Current\Bin\Microsoft.Common.CurrentVersion.targets" 内にある、プロジェクト "C:\CG\CG2_00_01\submission_ready_20260730_165019\LE3C_26_ヨシノ_ゲント\02_プロジェクト\CG2_00_01-CG4_-2\project\externals\imgui\imgui.vcxproj" からのターゲット "_GetProjectReferenceTargetFrameworkProperties: (ターゲット ID: 16)" (ターゲット "PrepareProjectReferences" は依存):
                   プロパティの設定: ReferringTargetFrameworkForProjectReferences=
                   "MSBuild" タスクをアセンブリ "Microsoft.Build.Tasks.Core, Version=15.1.0.0, Culture=neutral, PublicKeyToken=b03f5f7f11d50a3a" から使用しています。
                   タスク "MSBuild" (TaskId: 13)
                     タスク パラメーター:BuildInParallel=True (TaskId: 13)
                     タスク パラメーター:SkipNonexistentTargets=True (TaskId: 13)
                     タスク パラメーター:RemoveProperties=;TargetFramework;RuntimeIdentifier;SelfContained; (TaskId: 13)
                     タスク パラメーター:Targets=GetTargetFrameworks (TaskId: 13)
                   タスク "MSBuild" の実行が終了しました。 (TaskId: 13)
                   "SetRidAgnosticValueForProjects" タスクをアセンブリ "Microsoft.Build.Tasks.Core, Version=15.1.0.0, Culture=neutral, PublicKeyToken=b03f5f7f11d50a3a" から使用しています。
                   タスク "SetRidAgnosticValueForProjects" (TaskId: 14)
                   タスク "SetRidAgnosticValueForProjects" の実行が終了しました。 (TaskId: 14)
16:55:14.513     3>プロジェクト "imgui.vcxproj" 内のターゲット "_GetProjectReferenceTargetFrameworkProperties" のビルドが終了しました。: (ターゲット ID: 16)
16:55:14.513     3>ファイル "C:\Program Files\Microsoft Visual Studio\18\Community\MSBuild\Current\Bin\Microsoft.Common.CurrentVersion.targets" 内にある、プロジェクト "C:\CG\CG2_00_01\submission_ready_20260730_165019\LE3C_26_ヨシノ_ゲント\02_プロジェクト\CG2_00_01-CG4_-2\project\externals\imgui\imgui.vcxproj" からのターゲット "PrepareProjectReferences: (ターゲット ID: 17)" (ターゲット "ResolveProjectReferences" は依存):
16:55:14.513     3>プロジェクト "imgui.vcxproj" 内のターゲット "PrepareProjectReferences" のビルドが終了しました。: (ターゲット ID: 17)
16:55:14.513     3>ファイル "C:\Program Files\Microsoft Visual Studio\18\Community\MSBuild\Current\Bin\Microsoft.Common.CurrentVersion.targets" 内にある、プロジェクト "C:\CG\CG2_00_01\submission_ready_20260730_165019\LE3C_26_ヨシノ_ゲント\02_プロジェクト\CG2_00_01-CG4_-2\project\externals\imgui\imgui.vcxproj" からのターゲット "ResolveProjectReferences: (ターゲット ID: 18)" (ターゲット "ResolveReferences" は依存):
16:55:14.513     3>プロジェクト "imgui.vcxproj" 内のターゲット "ResolveProjectReferences" のビルドが終了しました。: (ターゲット ID: 18)
                   ターゲット "_PrepareForReferenceResolution" を省略しました。以前に正しくビルドされていました。
                   ターゲット "ResolveProjectReferences" を省略しました。以前に正しくビルドされていました。
16:55:14.513     3>ファイル "C:\Program Files\Microsoft Visual Studio\18\Community\MSBuild\Current\Bin\Microsoft.Common.CurrentVersion.targets" 内にある、プロジェクト "C:\CG\CG2_00_01\submission_ready_20260730_165019\LE3C_26_ヨシノ_ゲント\02_プロジェクト\CG2_00_01-CG4_-2\project\externals\imgui\imgui.vcxproj" からのターゲット "GetFrameworkPaths: (ターゲット ID: 19)" (ターゲット "ResolveAssemblyReferences" は依存):
16:55:14.513     3>プロジェクト "imgui.vcxproj" 内のターゲット "GetFrameworkPaths" のビルドが終了しました。: (ターゲット ID: 19)
                   ターゲット "_PrepareForReferenceResolution" を省略しました。以前に正しくビルドされていました。
                   ターゲット "GetFrameworkPaths" を省略しました。以前に正しくビルドされていました。
16:55:14.513     3>ファイル "C:\Program Files\Microsoft Visual Studio\18\Community\MSBuild\Current\Bin\Microsoft.Common.CurrentVersion.targets" 内にある、プロジェクト "C:\CG\CG2_00_01\submission_ready_20260730_165019\LE3C_26_ヨシノ_ゲント\02_プロジェクト\CG2_00_01-CG4_-2\project\externals\imgui\imgui.vcxproj" からのターゲット "GetReferenceAssemblyPaths: (ターゲット ID: 20)" (ターゲット "ResolveAssemblyReferences" は依存):
                   プロパティの設定: TargetFrameworkDirectory=
                   プロパティの設定: TargetFrameworkDirectory=;;
                   プロパティの設定: TargetFrameworkDirectory=;;;C:\Program Files %28x86%29\Windows Kits\10\References
                   プロパティの設定: RemoveAssemblyFoldersIfNoTargetFramework=true
                   C:\Program Files\Microsoft Visual Studio\18\Community\MSBuild\Current\Bin\Microsoft.Common.CurrentVersion.targets(1284,7): message : プロパティの再代入: $(AssemblySearchPaths)="{CandidateAssemblyFiles};C:\Program Files\Microsoft Visual Studio\18\Community\VC\Tools\MSVC\14.51.36231\atlmfc\lib\x64;;C:\Program Files\Microsoft Visual Studio\18\Community\VC\Tools\MSVC\14.51.36231\lib\x64;;{HintPathFromItem};{TargetFrameworkDirectory};{AssemblyFoldersFromConfig:C:\Program Files\Microsoft Visual Studio\18\Community\MSBuild\Current\Bin\AssemblyFolders.config,};;{Registry:Software\Microsoft\,,AssemblyFoldersEx};;{GAC};{RawFileName};C:\CG\CG2_00_01\submission_ready_20260730_165019\LE3C_26_ヨシノ_ゲント\02_プロジェクト\CG2_00_01-CG4_-2\project\..\generated\outputs\Debug\" (以前の値: "{CandidateAssemblyFiles};C:\Program Files\Microsoft Visual Studio\18\Community\VC\Tools\MSVC\14.51.36231\atlmfc\lib\x64;;C:\Program Files\Microsoft Visual Studio\18\Community\VC\Tools\MSVC\14.51.36231\lib\x64;;{HintPathFromItem};{TargetFrameworkDirectory};{AssemblyFoldersFromConfig:C:\Program Files\Microsoft Visual Studio\18\Community\MSBuild\Current\Bin\AssemblyFolders.config,};;{Registry:Software\Microsoft\,,AssemblyFoldersEx};{AssemblyFolders};{GAC};{RawFileName};C:\CG\CG2_00_01\submission_ready_20260730_165019\LE3C_26_ヨシノ_ゲント\02_プロジェクト\CG2_00_01-CG4_-2\project\..\generated\outputs\Debug\") C:\Program Files\Microsoft Visual Studio\18\Community\MSBuild\Current\Bin\Microsoft.Common.CurrentVersion.targets (1284,7) [C:\CG\CG2_00_01\submission_ready_20260730_165019\LE3C_26_ヨシノ_ゲント\02_プロジェクト\CG2_00_01-CG4_-2\project\externals\imgui\imgui.vcxproj]
                   プロパティの設定: AssemblySearchPaths={CandidateAssemblyFiles};C:\Program Files\Microsoft Visual Studio\18\Community\VC\Tools\MSVC\14.51.36231\atlmfc\lib\x64;;C:\Program Files\Microsoft Visual Studio\18\Community\VC\Tools\MSVC\14.51.36231\lib\x64;;{HintPathFromItem};{TargetFrameworkDirectory};{AssemblyFoldersFromConfig:C:\Program Files\Microsoft Visual Studio\18\Community\MSBuild\Current\Bin\AssemblyFolders.config,};;{Registry:Software\Microsoft\,,AssemblyFoldersEx};;{GAC};{RawFileName};C:\CG\CG2_00_01\submission_ready_20260730_165019\LE3C_26_ヨシノ_ゲント\02_プロジェクト\CG2_00_01-CG4_-2\project\..\generated\outputs\Debug\
                   プロパティの設定: TargetFrameworkProfile=
16:55:14.513     3>プロジェクト "imgui.vcxproj" 内のターゲット "GetReferenceAssemblyPaths" のビルドが終了しました。: (ターゲット ID: 20)
16:55:14.513     3>ファイル "C:\Program Files\Microsoft Visual Studio\18\Community\MSBuild\Microsoft\VC\v180\Microsoft.Cpp.Current.targets" 内にある、プロジェクト "C:\CG\CG2_00_01\submission_ready_20260730_165019\LE3C_26_ヨシノ_ゲント\02_プロジェクト\CG2_00_01-CG4_-2\project\externals\imgui\imgui.vcxproj" からのターゲット "AddExternalIncludDirectoriesToPaths: (ターゲット ID: 21)" (ターゲット "SetBuildDefaultEnvironmentVariables" は依存):
                   追加項目: 
                       _ExternalIncludePathToInclude=
                           C:\Program Files\Microsoft Visual Studio\18\Community\VC\Tools\MSVC\14.51.36231\include
                           C:\Program Files\Microsoft Visual Studio\18\Community\VC\Tools\MSVC\14.51.36231\atlmfc\include
                           C:\Program Files\Microsoft Visual Studio\18\Community\VC\Auxiliary\VS\include
                           C:\Program Files (x86)\Windows Kits\10\Include\10.0.26100.0\ucrt
                           C:\Program Files (x86)\Windows Kits\10\Include\10.0.26100.0\um
                           C:\Program Files (x86)\Windows Kits\10\Include\10.0.26100.0\shared
                           C:\Program Files (x86)\Windows Kits\10\Include\10.0.26100.0\winrt
                           C:\Program Files (x86)\Windows Kits\10\Include\10.0.26100.0\cppwinrt
                           C:\Program Files (x86)\Windows Kits\NETFXSDK\4.8.1\Include\um
                   削除された項目: 
                       _ExternalIncludePathToInclude=
                           C:\Program Files\Microsoft Visual Studio\18\Community\VC\Tools\MSVC\14.51.36231\include
                           C:\Program Files\Microsoft Visual Studio\18\Community\VC\Tools\MSVC\14.51.36231\atlmfc\include
                           C:\Program Files\Microsoft Visual Studio\18\Community\VC\Auxiliary\VS\include
                           C:\Program Files (x86)\Windows Kits\10\Include\10.0.26100.0\ucrt
                           C:\Program Files (x86)\Windows Kits\10\Include\10.0.26100.0\um
                           C:\Program Files (x86)\Windows Kits\10\Include\10.0.26100.0\shared
                           C:\Program Files (x86)\Windows Kits\10\Include\10.0.26100.0\winrt
                           C:\Program Files (x86)\Windows Kits\10\Include\10.0.26100.0\cppwinrt
                           C:\Program Files (x86)\Windows Kits\NETFXSDK\4.8.1\Include\um
                   追加項目: 
                       _ExternalIncludePathToExclude=
                           C:\Program Files\Microsoft Visual Studio\18\Community\VC\Tools\MSVC\14.51.36231\include
                           C:\Program Files\Microsoft Visual Studio\18\Community\VC\Tools\MSVC\14.51.36231\atlmfc\include
                           C:\Program Files\Microsoft Visual Studio\18\Community\VC\Auxiliary\VS\include
                           C:\Program Files (x86)\Windows Kits\10\Include\10.0.26100.0\ucrt
                           C:\Program Files (x86)\Windows Kits\10\Include\10.0.26100.0\um
                           C:\Program Files (x86)\Windows Kits\10\Include\10.0.26100.0\shared
                           C:\Program Files (x86)\Windows Kits\10\Include\10.0.26100.0\winrt
                           C:\Program Files (x86)\Windows Kits\10\Include\10.0.26100.0\cppwinrt
                           C:\Program Files (x86)\Windows Kits\NETFXSDK\4.8.1\Include\um
                   削除された項目: 
                       _ExternalIncludePathToExclude=
                           C:\Program Files\Microsoft Visual Studio\18\Community\VC\Tools\MSVC\14.51.36231\include
                           C:\Program Files\Microsoft Visual Studio\18\Community\VC\Tools\MSVC\14.51.36231\atlmfc\include
                           C:\Program Files\Microsoft Visual Studio\18\Community\VC\Auxiliary\VS\include
                           C:\Program Files (x86)\Windows Kits\10\Include\10.0.26100.0\ucrt
                           C:\Program Files (x86)\Windows Kits\10\Include\10.0.26100.0\um
                           C:\Program Files (x86)\Windows Kits\10\Include\10.0.26100.0\shared
                           C:\Program Files (x86)\Windows Kits\10\Include\10.0.26100.0\winrt
                           C:\Program Files (x86)\Windows Kits\10\Include\10.0.26100.0\cppwinrt
                           C:\Program Files (x86)\Windows Kits\NETFXSDK\4.8.1\Include\um
16:55:14.514     3>プロジェクト "imgui.vcxproj" 内のターゲット "AddExternalIncludDirectoriesToPaths" のビルドが終了しました。: (ターゲット ID: 21)
16:55:14.514     3>ファイル "C:\Program Files\Microsoft Visual Studio\18\Community\MSBuild\Microsoft\VC\v180\Microsoft.Cpp.Current.targets" 内にある、プロジェクト "C:\CG\CG2_00_01\submission_ready_20260730_165019\LE3C_26_ヨシノ_ゲント\02_プロジェクト\CG2_00_01-CG4_-2\project\externals\imgui\imgui.vcxproj" からのターゲット "SetBuildDefaultEnvironmentVariables: (ターゲット ID: 22)" (ターゲット "PrepareForBuild" は依存):
                   タスク "SetEnv" (TaskId: 15)
                     タスク パラメーター:Prefix=False (TaskId: 15)
                     タスク パラメーター:Value=C:\Program Files\Microsoft Visual Studio\18\Community\VC\Tools\MSVC\14.51.36231\bin\HostX86\x64;C:\Program Files\Microsoft Visual Studio\18\Community\VC\Tools\MSVC\14.51.36231\bin\HostX86\x86;C:\Program Files (x86)\Windows Kits\10\bin\10.0.26100.0\x86;;C:\Program Files (x86)\Microsoft SDKs\Windows\v10.0A\bin\NETFX 4.8.1 Tools;C:\Program Files\Microsoft Visual Studio\18\Community\Common7\tools;C:\Program Files\Microsoft Visual Studio\18\Community\Common7\ide;C:\Program Files (x86)\HTML Help Workshop;;C:\Program Files\Microsoft Visual Studio\18\Community\MSBuild\Current\Bin;C:\WINDOWS\Microsoft.NET\Framework\v4.0.30319\;;C:\Users\K024G\.codex\tmp\arg0\codex-arg0CJzPUt;C:\Users\K024G\.cache\codex-runtimes\codex-primary-runtime\dependencies\bin\override;C:\Program Files\Common Files\Oracle\Java\javapath;C:\Windows\system32;C:\Windows;C:\Windows\System32\Wbem;C:\Windows\System32\WindowsPowerShell\v1.0\;C:\Windows\System32\OpenSSH\;C:\Program Files (x86)\NVIDIA Corporation\PhysX\Common;C:\WINDOWS\system32;C:\WINDOWS;C:\WINDOWS\System32\Wbem;C:\WINDOWS\System32\WindowsPowerShell\v1.0\;C:\WINDOWS\System32\OpenSSH\;C:\Program Files\dotnet\;C:\Program Files (x86)\Windows Kits\10\Windows Performance Toolkit\;C:\Program Files\NVIDIA Corporation\NVIDIA App\NvDLISR;C:\Program Files\CMake\bin;C:\Users\K024G\AppData\Local\Programs\OpenAI\Codex\bin;C:\Users\K024G\.local\bin;C:\Users\K024G\AppData\Local\Microsoft\WindowsApps;C:\Users\K024G\AppData\Local\Programs\Microsoft VS Code\bin;C:\Users\K024G\AppData\Local\GitHubDesktop\bin;C:\Users\K024G\.dotnet\tools;C:\Users\K024G\AppData\Local\Programs\Antigravity\bin;C:\Users\K024G\.dotnet\tools;C:\Users\K024G\.cache\codex-runtimes\codex-primary-runtime\dependencies\bin\fallback;C:\Users\K024G\.cache\codex-runtimes\codex-primary-runtime\dependencies\native\git\cmd;C:\Users\K024G\AppData\Local\OpenAI\Codex\bin\3e42d49ad3e35a50;C:\Program Files\WindowsApps\OpenAI.Codex_26.721.4979.0_x64__2p2nqsd0c76g0\app\resources; (TaskId: 15)
                     タスク パラメーター:Name=PATH (TaskId: 15)
                     PATH=C:\Program Files\Microsoft Visual Studio\18\Community\VC\Tools\MSVC\14.51.36231\bin\HostX86\x64;C:\Program Files\Microsoft Visual Studio\18\Community\VC\Tools\MSVC\14.51.36231\bin\HostX86\x86;C:\Program Files (x86)\Windows Kits\10\bin\10.0.26100.0\x86;;C:\Program Files (x86)\Microsoft SDKs\Windows\v10.0A\bin\NETFX 4.8.1 Tools;C:\Program Files\Microsoft Visual Studio\18\Community\Common7\tools;C:\Program Files\Microsoft Visual Studio\18\Community\Common7\ide;C:\Program Files (x86)\HTML Help Workshop;;C:\Program Files\Microsoft Visual Studio\18\Community\MSBuild\Current\Bin;C:\WINDOWS\Microsoft.NET\Framework\v4.0.30319\;;C:\Users\K024G\.codex\tmp\arg0\codex-arg0CJzPUt;C:\Users\K024G\.cache\codex-runtimes\codex-primary-runtime\dependencies\bin\override;C:\Program Files\Common Files\Oracle\Java\javapath;C:\Windows\system32;C:\Windows;C:\Windows\System32\Wbem;C:\Windows\System32\WindowsPowerShell\v1.0\;C:\Windows\System32\OpenSSH\;C:\Program Files (x86)\NVIDIA Corporation\PhysX\Common;C:\WINDOWS\system32;C:\WINDOWS;C:\WINDOWS\System32\Wbem;C:\WINDOWS\System32\WindowsPowerShell\v1.0\;C:\WINDOWS\System32\OpenSSH\;C:\Program Files\dotnet\;C:\Program Files (x86)\Windows Kits\10\Windows Performance Toolkit\;C:\Program Files\NVIDIA Corporation\NVIDIA App\NvDLISR;C:\Program Files\CMake\bin;C:\Users\K024G\AppData\Local\Programs\OpenAI\Codex\bin;C:\Users\K024G\.local\bin;C:\Users\K024G\AppData\Local\Microsoft\WindowsApps;C:\Users\K024G\AppData\Local\Programs\Microsoft VS Code\bin;C:\Users\K024G\AppData\Local\GitHubDesktop\bin;C:\Users\K024G\.dotnet\tools;C:\Users\K024G\AppData\Local\Programs\Antigravity\bin;C:\Users\K024G\.dotnet\tools;C:\Users\K024G\.cache\codex-runtimes\codex-primary-runtime\dependencies\bin\fallback;C:\Users\K024G\.cache\codex-runtimes\codex-primary-runtime\dependencies\native\git\cmd;C:\Users\K024G\AppData\Local\OpenAI\Codex\bin\3e42d49ad3e35a50;C:\Program Files\WindowsApps\OpenAI.Codex_26.721.4979.0_x64__2p2nqsd0c76g0\app\resources; (TaskId: 15)
                     プロパティの出力: Path=C:\Program Files\Microsoft Visual Studio\18\Community\VC\Tools\MSVC\14.51.36231\bin\HostX86\x64%3bC:\Program Files\Microsoft Visual Studio\18\Community\VC\Tools\MSVC\14.51.36231\bin\HostX86\x86%3bC:\Program Files %28x86%29\Windows Kits\10\bin\10.0.26100.0\x86%3b%3bC:\Program Files %28x86%29\Microsoft SDKs\Windows\v10.0A\bin\NETFX 4.8.1 Tools%3bC:\Program Files\Microsoft Visual Studio\18\Community\Common7\tools%3bC:\Program Files\Microsoft Visual Studio\18\Community\Common7\ide%3bC:\Program Files %28x86%29\HTML Help Workshop%3b%3bC:\Program Files\Microsoft Visual Studio\18\Community\MSBuild\Current\Bin%3bC:\WINDOWS\Microsoft.NET\Framework\v4.0.30319\%3b%3bC:\Users\K024G\.codex\tmp\arg0\codex-arg0CJzPUt%3bC:\Users\K024G\.cache\codex-runtimes\codex-primary-runtime\dependencies\bin\override%3bC:\Program Files\Common Files\Oracle\Java\javapath%3bC:\Windows\system32%3bC:\Windows%3bC:\Windows\System32\Wbem%3bC:\Windows\System32\WindowsPowerShell\v1.0\%3bC:\Windows\System32\OpenSSH\%3bC:\Program Files %28x86%29\NVIDIA Corporation\PhysX\Common%3bC:\WINDOWS\system32%3bC:\WINDOWS%3bC:\WINDOWS\System32\Wbem%3bC:\WINDOWS\System32\WindowsPowerShell\v1.0\%3bC:\WINDOWS\System32\OpenSSH\%3bC:\Program Files\dotnet\%3bC:\Program Files %28x86%29\Windows Kits\10\Windows Performance Toolkit\%3bC:\Program Files\NVIDIA Corporation\NVIDIA App\NvDLISR%3bC:\Program Files\CMake\bin%3bC:\Users\K024G\AppData\Local\Programs\OpenAI\Codex\bin%3bC:\Users\K024G\.local\bin%3bC:\Users\K024G\AppData\Local\Microsoft\WindowsApps%3bC:\Users\K024G\AppData\Local\Programs\Microsoft VS Code\bin%3bC:\Users\K024G\AppData\Local\GitHubDesktop\bin%3bC:\Users\K024G\.dotnet\tools%3bC:\Users\K024G\AppData\Local\Programs\Antigravity\bin%3bC:\Users\K024G\.dotnet\tools%3bC:\Users\K024G\.cache\codex-runtimes\codex-primary-runtime\dependencies\bin\fallback%3bC:\Users\K024G\.cache\codex-runtimes\codex-primary-runtime\dependencies\native\git\cmd%3bC:\Users\K024G\AppData\Local\OpenAI\Codex\bin\3e42d49ad3e35a50%3bC:\Program Files\WindowsApps\OpenAI.Codex_26.721.4979.0_x64__2p2nqsd0c76g0\app\resources%3b (TaskId: 15)
                   C:\Program Files\Microsoft Visual Studio\18\Community\MSBuild\Microsoft\VC\v180\Microsoft.Cpp.Current.targets(87,7): message : プロパティの再代入: $(Path)="C:\Program Files\Microsoft Visual Studio\18\Community\VC\Tools\MSVC\14.51.36231\bin\HostX86\x64%3bC:\Program Files\Microsoft Visual Studio\18\Community\VC\Tools\MSVC\14.51.36231\bin\HostX86\x86%3bC:\Program Files %28x86%29\Windows Kits\10\bin\10.0.26100.0\x86%3b%3bC:\Program Files %28x86%29\Microsoft SDKs\Windows\v10.0A\bin\NETFX 4.8.1 Tools%3bC:\Program Files\Microsoft Visual Studio\18\Community\Common7\tools%3bC:\Program Files\Microsoft Visual Studio\18\Community\Common7\ide%3bC:\Program Files %28x86%29\HTML Help Workshop%3b%3bC:\Program Files\Microsoft Visual Studio\18\Community\MSBuild\Current\Bin%3bC:\WINDOWS\Microsoft.NET\Framework\v4.0.30319\%3b%3bC:\Users\K024G\.codex\tmp\arg0\codex-arg0CJzPUt%3bC:\Users\K024G\.cache\codex-runtimes\codex-primary-runtime\dependencies\bin\override%3bC:\Program Files\Common Files\Oracle\Java\javapath%3bC:\Windows\system32%3bC:\Windows%3bC:\Windows\System32\Wbem%3bC:\Windows\System32\WindowsPowerShell\v1.0\%3bC:\Windows\System32\OpenSSH\%3bC:\Program Files %28x86%29\NVIDIA Corporation\PhysX\Common%3bC:\WINDOWS\system32%3bC:\WINDOWS%3bC:\WINDOWS\System32\Wbem%3bC:\WINDOWS\System32\WindowsPowerShell\v1.0\%3bC:\WINDOWS\System32\OpenSSH\%3bC:\Program Files\dotnet\%3bC:\Program Files %28x86%29\Windows Kits\10\Windows Performance Toolkit\%3bC:\Program Files\NVIDIA Corporation\NVIDIA App\NvDLISR%3bC:\Program Files\CMake\bin%3bC:\Users\K024G\AppData\Local\Programs\OpenAI\Codex\bin%3bC:\Users\K024G\.local\bin%3bC:\Users\K024G\AppData\Local\Microsoft\WindowsApps%3bC:\Users\K024G\AppData\Local\Programs\Microsoft VS Code\bin%3bC:\Users\K024G\AppData\Local\GitHubDesktop\bin%3bC:\Users\K024G\.dotnet\tools%3bC:\Users\K024G\AppData\Local\Programs\Antigravity\bin%3bC:\Users\K024G\.dotnet\tools%3bC:\Users\K024G\.cache\codex-runtimes\codex-primary-runtime\dependencies\bin\fallback%3bC:\Users\K024G\.cache\codex-runtimes\codex-primary-runtime\dependencies\native\git\cmd%3bC:\Users\K024G\AppData\Local\OpenAI\Codex\bin\3e42d49ad3e35a50%3bC:\Program Files\WindowsApps\OpenAI.Codex_26.721.4979.0_x64__2p2nqsd0c76g0\app\resources%3b" (以前の値: "C:\Users\K024G\.codex\tmp\arg0\codex-arg0CJzPUt;C:\Users\K024G\.cache\codex-runtimes\codex-primary-runtime\dependencies\bin\override;C:\Program Files\Common Files\Oracle\Java\javapath;C:\Windows\system32;C:\Windows;C:\Windows\System32\Wbem;C:\Windows\System32\WindowsPowerShell\v1.0\;C:\Windows\System32\OpenSSH\;C:\Program Files (x86)\NVIDIA Corporation\PhysX\Common;C:\WINDOWS\system32;C:\WINDOWS;C:\WINDOWS\System32\Wbem;C:\WINDOWS\System32\WindowsPowerShell\v1.0\;C:\WINDOWS\System32\OpenSSH\;C:\Program Files\dotnet\;C:\Program Files (x86)\Windows Kits\10\Windows Performance Toolkit\;C:\Program Files\NVIDIA Corporation\NVIDIA App\NvDLISR;C:\Program Files\CMake\bin;C:\Users\K024G\AppData\Local\Programs\OpenAI\Codex\bin;C:\Users\K024G\.local\bin;C:\Users\K024G\AppData\Local\Microsoft\WindowsApps;C:\Users\K024G\AppData\Local\Programs\Microsoft VS Code\bin;C:\Users\K024G\AppData\Local\GitHubDesktop\bin;C:\Users\K024G\.dotnet\tools;C:\Users\K024G\AppData\Local\Programs\Antigravity\bin;C:\Users\K024G\.dotnet\tools;C:\Users\K024G\.cache\codex-runtimes\codex-primary-runtime\dependencies\bin\fallback;C:\Users\K024G\.cache\codex-runtimes\codex-primary-runtime\dependencies\native\git\cmd;C:\Users\K024G\AppData\Local\OpenAI\Codex\bin\3e42d49ad3e35a50;C:\Program Files\WindowsApps\OpenAI.Codex_26.721.4979.0_x64__2p2nqsd0c76g0\app\resources") C:\Program Files\Microsoft Visual Studio\18\Community\MSBuild\Microsoft\VC\v180\Microsoft.Cpp.Current.targets (87,7) [C:\CG\CG2_00_01\submission_ready_20260730_165019\LE3C_26_ヨシノ_ゲント\02_プロジェクト\CG2_00_01-CG4_-2\project\externals\imgui\imgui.vcxproj] (TaskId: 15)
                   タスク "SetEnv" の実行が終了しました。 (TaskId: 15)
                   タスク "SetEnv" (TaskId: 16)
                     タスク パラメーター:Prefix=False (TaskId: 16)
                     タスク パラメーター:Value=C:\Program Files\Microsoft Visual Studio\18\Community\VC\Tools\MSVC\14.51.36231\lib\x64;;C:\Program Files\Microsoft Visual Studio\18\Community\VC\Tools\MSVC\14.51.36231\atlmfc\lib\x64;;C:\Program Files\Microsoft Visual Studio\18\Community\VC\Auxiliary\VS\lib\x64;;C:\Program Files (x86)\Windows Kits\10\lib\10.0.26100.0\ucrt\x64;;;C:\Program Files (x86)\Windows Kits\10\lib\10.0.26100.0\um\x64;C:\Program Files (x86)\Windows Kits\NETFXSDK\4.8.1\lib\um\x64; (TaskId: 16)
                     タスク パラメーター:Name=LIB (TaskId: 16)
                     LIB=C:\Program Files\Microsoft Visual Studio\18\Community\VC\Tools\MSVC\14.51.36231\lib\x64;;C:\Program Files\Microsoft Visual Studio\18\Community\VC\Tools\MSVC\14.51.36231\atlmfc\lib\x64;;C:\Program Files\Microsoft Visual Studio\18\Community\VC\Auxiliary\VS\lib\x64;;C:\Program Files (x86)\Windows Kits\10\lib\10.0.26100.0\ucrt\x64;;;C:\Program Files (x86)\Windows Kits\10\lib\10.0.26100.0\um\x64;C:\Program Files (x86)\Windows Kits\NETFXSDK\4.8.1\lib\um\x64; (TaskId: 16)
                     プロパティの出力: LIB=C:\Program Files\Microsoft Visual Studio\18\Community\VC\Tools\MSVC\14.51.36231\lib\x64%3b%3bC:\Program Files\Microsoft Visual Studio\18\Community\VC\Tools\MSVC\14.51.36231\atlmfc\lib\x64%3b%3bC:\Program Files\Microsoft Visual Studio\18\Community\VC\Auxiliary\VS\lib\x64%3b%3bC:\Program Files %28x86%29\Windows Kits\10\lib\10.0.26100.0\ucrt\x64%3b%3b%3bC:\Program Files %28x86%29\Windows Kits\10\lib\10.0.26100.0\um\x64%3bC:\Program Files %28x86%29\Windows Kits\NETFXSDK\4.8.1\lib\um\x64%3b (TaskId: 16)
                   タスク "SetEnv" の実行が終了しました。 (TaskId: 16)
                   タスク "SetEnv" (TaskId: 17)
                     タスク パラメーター:Prefix=False (TaskId: 17)
                     タスク パラメーター:Value=C:\Program Files\Microsoft Visual Studio\18\Community\VC\Tools\MSVC\14.51.36231\atlmfc\lib\x64;;C:\Program Files\Microsoft Visual Studio\18\Community\VC\Tools\MSVC\14.51.36231\lib\x64; (TaskId: 17)
                     タスク パラメーター:Name=LIBPATH (TaskId: 17)
                     LIBPATH=C:\Program Files\Microsoft Visual Studio\18\Community\VC\Tools\MSVC\14.51.36231\atlmfc\lib\x64;;C:\Program Files\Microsoft Visual Studio\18\Community\VC\Tools\MSVC\14.51.36231\lib\x64; (TaskId: 17)
                     プロパティの出力: LIBPATH=C:\Program Files\Microsoft Visual Studio\18\Community\VC\Tools\MSVC\14.51.36231\atlmfc\lib\x64%3b%3bC:\Program Files\Microsoft Visual Studio\18\Community\VC\Tools\MSVC\14.51.36231\lib\x64%3b (TaskId: 17)
                   タスク "SetEnv" の実行が終了しました。 (TaskId: 17)
                   タスク "SetEnv" (TaskId: 18)
                     タスク パラメーター:Prefix=False (TaskId: 18)
                     タスク パラメーター:Value=C:\Program Files\Microsoft Visual Studio\18\Community\VC\Tools\MSVC\14.51.36231\include;;C:\Program Files\Microsoft Visual Studio\18\Community\VC\Tools\MSVC\14.51.36231\atlmfc\include;;C:\Program Files\Microsoft Visual Studio\18\Community\VC\Auxiliary\VS\include;;C:\Program Files (x86)\Windows Kits\10\Include\10.0.26100.0\ucrt;;;C:\Program Files (x86)\Windows Kits\10\Include\10.0.26100.0\um;C:\Program Files (x86)\Windows Kits\10\Include\10.0.26100.0\shared;C:\Program Files (x86)\Windows Kits\10\Include\10.0.26100.0\winrt;C:\Program Files (x86)\Windows Kits\10\Include\10.0.26100.0\cppwinrt;C:\Program Files (x86)\Windows Kits\NETFXSDK\4.8.1\Include\um; (TaskId: 18)
                     タスク パラメーター:Name=INCLUDE (TaskId: 18)
                     INCLUDE=C:\Program Files\Microsoft Visual Studio\18\Community\VC\Tools\MSVC\14.51.36231\include;;C:\Program Files\Microsoft Visual Studio\18\Community\VC\Tools\MSVC\14.51.36231\atlmfc\include;;C:\Program Files\Microsoft Visual Studio\18\Community\VC\Auxiliary\VS\include;;C:\Program Files (x86)\Windows Kits\10\Include\10.0.26100.0\ucrt;;;C:\Program Files (x86)\Windows Kits\10\Include\10.0.26100.0\um;C:\Program Files (x86)\Windows Kits\10\Include\10.0.26100.0\shared;C:\Program Files (x86)\Windows Kits\10\Include\10.0.26100.0\winrt;C:\Program Files (x86)\Windows Kits\10\Include\10.0.26100.0\cppwinrt;C:\Program Files (x86)\Windows Kits\NETFXSDK\4.8.1\Include\um; (TaskId: 18)
                     プロパティの出力: INCLUDE=C:\Program Files\Microsoft Visual Studio\18\Community\VC\Tools\MSVC\14.51.36231\include%3b%3bC:\Program Files\Microsoft Visual Studio\18\Community\VC\Tools\MSVC\14.51.36231\atlmfc\include%3b%3bC:\Program Files\Microsoft Visual Studio\18\Community\VC\Auxiliary\VS\include%3b%3bC:\Program Files %28x86%29\Windows Kits\10\Include\10.0.26100.0\ucrt%3b%3b%3bC:\Program Files %28x86%29\Windows Kits\10\Include\10.0.26100.0\um%3bC:\Program Files %28x86%29\Windows Kits\10\Include\10.0.26100.0\shared%3bC:\Program Files %28x86%29\Windows Kits\10\Include\10.0.26100.0\winrt%3bC:\Program Files %28x86%29\Windows Kits\10\Include\10.0.26100.0\cppwinrt%3bC:\Program Files %28x86%29\Windows Kits\NETFXSDK\4.8.1\Include\um%3b (TaskId: 18)
                   タスク "SetEnv" の実行が終了しました。 (TaskId: 18)
                   タスク "SetEnv" (TaskId: 19)
                     タスク パラメーター:Prefix=False (TaskId: 19)
                     タスク パラメーター:Value=C:\Program Files\Microsoft Visual Studio\18\Community\VC\Tools\MSVC\14.51.36231\include;;C:\Program Files\Microsoft Visual Studio\18\Community\VC\Tools\MSVC\14.51.36231\atlmfc\include;;C:\Program Files\Microsoft Visual Studio\18\Community\VC\Auxiliary\VS\include;;C:\Program Files (x86)\Windows Kits\10\Include\10.0.26100.0\ucrt;;;C:\Program Files (x86)\Windows Kits\10\Include\10.0.26100.0\um;C:\Program Files (x86)\Windows Kits\10\Include\10.0.26100.0\shared;C:\Program Files (x86)\Windows Kits\10\Include\10.0.26100.0\winrt;C:\Program Files (x86)\Windows Kits\10\Include\10.0.26100.0\cppwinrt;C:\Program Files (x86)\Windows Kits\NETFXSDK\4.8.1\Include\um; (TaskId: 19)
                     タスク パラメーター:Name=EXTERNAL_INCLUDE (TaskId: 19)
                     EXTERNAL_INCLUDE=C:\Program Files\Microsoft Visual Studio\18\Community\VC\Tools\MSVC\14.51.36231\include;;C:\Program Files\Microsoft Visual Studio\18\Community\VC\Tools\MSVC\14.51.36231\atlmfc\include;;C:\Program Files\Microsoft Visual Studio\18\Community\VC\Auxiliary\VS\include;;C:\Program Files (x86)\Windows Kits\10\Include\10.0.26100.0\ucrt;;;C:\Program Files (x86)\Windows Kits\10\Include\10.0.26100.0\um;C:\Program Files (x86)\Windows Kits\10\Include\10.0.26100.0\shared;C:\Program Files (x86)\Windows Kits\10\Include\10.0.26100.0\winrt;C:\Program Files (x86)\Windows Kits\10\Include\10.0.26100.0\cppwinrt;C:\Program Files (x86)\Windows Kits\NETFXSDK\4.8.1\Include\um; (TaskId: 19)
                     プロパティの出力: EXTERNAL_INCLUDE=C:\Program Files\Microsoft Visual Studio\18\Community\VC\Tools\MSVC\14.51.36231\include%3b%3bC:\Program Files\Microsoft Visual Studio\18\Community\VC\Tools\MSVC\14.51.36231\atlmfc\include%3b%3bC:\Program Files\Microsoft Visual Studio\18\Community\VC\Auxiliary\VS\include%3b%3bC:\Program Files %28x86%29\Windows Kits\10\Include\10.0.26100.0\ucrt%3b%3b%3bC:\Program Files %28x86%29\Windows Kits\10\Include\10.0.26100.0\um%3bC:\Program Files %28x86%29\Windows Kits\10\Include\10.0.26100.0\shared%3bC:\Program Files %28x86%29\Windows Kits\10\Include\10.0.26100.0\winrt%3bC:\Program Files %28x86%29\Windows Kits\10\Include\10.0.26100.0\cppwinrt%3bC:\Program Files %28x86%29\Windows Kits\NETFXSDK\4.8.1\Include\um%3b (TaskId: 19)
                   タスク "SetEnv" の実行が終了しました。 (TaskId: 19)
16:55:14.514     3>プロジェクト "imgui.vcxproj" 内のターゲット "SetBuildDefaultEnvironmentVariables" のビルドが終了しました。: (ターゲット ID: 22)
                   ターゲット "_PrepareForReferenceResolution" を省略しました。以前に正しくビルドされていました。
16:55:14.514     3>ファイル "C:\Program Files\Microsoft Visual Studio\18\Community\MSBuild\Microsoft\VC\v180\Microsoft.CppBuild.targets" 内にある、プロジェクト "C:\CG\CG2_00_01\submission_ready_20260730_165019\LE3C_26_ヨシノ_ゲント\02_プロジェクト\CG2_00_01-CG4_-2\project\externals\imgui\imgui.vcxproj" からのターゲット "GetResolvedWinMD: (ターゲット ID: 23)" (ターゲット "PrepareForBuild" は依存):
                   追加項目: 
                       Link=
                           tmp
                                   AcceptableNonZeroExitCodes=
                                   AdditionalDependencies=kernel32.lib;user32.lib;gdi32.lib;winspool.lib;comdlg32.lib;advapi32.lib;shell32.lib;ole32.lib;oleaut32.lib;uuid.lib;odbc32.lib;odbccp32.lib;
                                   AllowIsolation=true
                                   CLRImageType=Default
                                   DataExecutionPrevention=true
                                   DelaySign=
                                   DeleteSoon=true
                                   Driver=NotSet
                                   EnableUAC=true
                                   GenerateDebugInformation=true
                                   GenerateMapFile=false
                                   IgnoreEmbeddedIDL=false
                                   ImportLibrary=C:\CG\CG2_00_01\submission_ready_20260730_165019\LE3C_26_ヨシノ_ゲント\02_プロジェクト\CG2_00_01-CG4_-2\project\..\generated\outputs\Debug\imgui.lib
                                   IncrementalLinkDatabaseFile=C:\CG\CG2_00_01\submission_ready_20260730_165019\LE3C_26_ヨシノ_ゲント\02_プロジェクト\CG2_00_01-CG4_-2\project\..\generated\obj\imgui\Debug\imgui.ilk
                                   KeyFile=
                                   LinkErrorReporting=QueueForNextLogin
                                   LinkTimeCodeGenerationObjectFile=C:\CG\CG2_00_01\submission_ready_20260730_165019\LE3C_26_ヨシノ_ゲント\02_プロジェクト\CG2_00_01-CG4_-2\project\..\generated\obj\imgui\Debug\imgui.iobj
                                   ManifestFile=C:\CG\CG2_00_01\submission_ready_20260730_165019\LE3C_26_ヨシノ_ゲント\02_プロジェクト\CG2_00_01-CG4_-2\project\..\generated\obj\imgui\Debug\imgui.lib.intermediate.manifest
                                   MapExports=false
                                   MinimalRebuildFromTracking=true
                                   NoEntryPoint=false
                                   OutputFile=C:\CG\CG2_00_01\submission_ready_20260730_165019\LE3C_26_ヨシノ_ゲント\02_プロジェクト\CG2_00_01-CG4_-2\project\..\generated\outputs\Debug\imgui.lib
                                   PerUserRedirection=false
                                   Profile=false
                                   ProfileGuidedDatabase=C:\CG\CG2_00_01\submission_ready_20260730_165019\LE3C_26_ヨシノ_ゲント\02_プロジェクト\CG2_00_01-CG4_-2\project\..\generated\outputs\Debug\imgui.pgd
                                   ProgramDatabaseFile=C:\CG\CG2_00_01\submission_ready_20260730_165019\LE3C_26_ヨシノ_ゲント\02_プロジェクト\CG2_00_01-CG4_-2\project\..\generated\outputs\Debug\imgui.pdb
                                   RandomizedBaseAddress=true
                                   RegisterOutput=false
                                   SetChecksum=false
                                   ShowProgress=NotSet
                                   SubSystem=
                                   SuppressStartupBanner=true
                                   SwapRunFromCD=false
                                   SwapRunFromNET=false
                                   TargetMachine=MachineX64
                                   TrackerLogDirectory=C:\CG\CG2_00_01\submission_ready_20260730_165019\LE3C_26_ヨシノ_ゲント\02_プロジェクト\CG2_00_01-CG4_-2\project\..\generated\obj\imgui\Debug\imgui.tlog\
                                   TurnOffAssemblyGeneration=false
                                   TypeLibraryResourceID=1
                                   UACExecutionLevel=AsInvoker
                                   UACUIAccess=false
                                   UseDynamicDebugging=false
                   削除された項目: 
                       Link=
                           tmp
                                   AcceptableNonZeroExitCodes=
                                   AdditionalDependencies=kernel32.lib;user32.lib;gdi32.lib;winspool.lib;comdlg32.lib;advapi32.lib;shell32.lib;ole32.lib;oleaut32.lib;uuid.lib;odbc32.lib;odbccp32.lib;
                                   AllowIsolation=true
                                   CLRImageType=Default
                                   DataExecutionPrevention=true
                                   DelaySign=
                                   DeleteSoon=true
                                   Driver=NotSet
                                   EnableUAC=true
                                   GenerateDebugInformation=true
                                   GenerateMapFile=false
                                   IgnoreEmbeddedIDL=false
                                   ImportLibrary=C:\CG\CG2_00_01\submission_ready_20260730_165019\LE3C_26_ヨシノ_ゲント\02_プロジェクト\CG2_00_01-CG4_-2\project\..\generated\outputs\Debug\imgui.lib
                                   IncrementalLinkDatabaseFile=C:\CG\CG2_00_01\submission_ready_20260730_165019\LE3C_26_ヨシノ_ゲント\02_プロジェクト\CG2_00_01-CG4_-2\project\..\generated\obj\imgui\Debug\imgui.ilk
                                   KeyFile=
                                   LinkErrorReporting=QueueForNextLogin
                                   LinkTimeCodeGenerationObjectFile=C:\CG\CG2_00_01\submission_ready_20260730_165019\LE3C_26_ヨシノ_ゲント\02_プロジェクト\CG2_00_01-CG4_-2\project\..\generated\obj\imgui\Debug\imgui.iobj
                                   ManifestFile=C:\CG\CG2_00_01\submission_ready_20260730_165019\LE3C_26_ヨシノ_ゲント\02_プロジェクト\CG2_00_01-CG4_-2\project\..\generated\obj\imgui\Debug\imgui.lib.intermediate.manifest
                                   MapExports=false
                                   MinimalRebuildFromTracking=true
                                   NoEntryPoint=false
                                   OutputFile=C:\CG\CG2_00_01\submission_ready_20260730_165019\LE3C_26_ヨシノ_ゲント\02_プロジェクト\CG2_00_01-CG4_-2\project\..\generated\outputs\Debug\imgui.lib
                                   PerUserRedirection=false
                                   Profile=false
                                   ProfileGuidedDatabase=C:\CG\CG2_00_01\submission_ready_20260730_165019\LE3C_26_ヨシノ_ゲント\02_プロジェクト\CG2_00_01-CG4_-2\project\..\generated\outputs\Debug\imgui.pgd
                                   ProgramDatabaseFile=C:\CG\CG2_00_01\submission_ready_20260730_165019\LE3C_26_ヨシノ_ゲント\02_プロジェクト\CG2_00_01-CG4_-2\project\..\generated\outputs\Debug\imgui.pdb
                                   RandomizedBaseAddress=true
                                   RegisterOutput=false
                                   SetChecksum=false
                                   ShowProgress=NotSet
                                   SubSystem=
                                   SuppressStartupBanner=true
                                   SwapRunFromCD=false
                                   SwapRunFromNET=false
                                   TargetMachine=MachineX64
                                   TrackerLogDirectory=C:\CG\CG2_00_01\submission_ready_20260730_165019\LE3C_26_ヨシノ_ゲント\02_プロジェクト\CG2_00_01-CG4_-2\project\..\generated\obj\imgui\Debug\imgui.tlog\
                                   TurnOffAssemblyGeneration=false
                                   TypeLibraryResourceID=1
                                   UACExecutionLevel=AsInvoker
                                   UACUIAccess=false
                                   UseDynamicDebugging=false
16:55:14.515     3>プロジェクト "imgui.vcxproj" 内のターゲット "GetResolvedWinMD" のビルドが終了しました。: (ターゲット ID: 23)
16:55:14.515     3>ファイル "C:\Program Files\Microsoft Visual Studio\18\Community\MSBuild\Microsoft\VC\v180\Microsoft.Cpp.WindowsSDK.targets" 内にある、プロジェクト "C:\CG\CG2_00_01\submission_ready_20260730_165019\LE3C_26_ヨシノ_ゲント\02_プロジェクト\CG2_00_01-CG4_-2\project\externals\imgui\imgui.vcxproj" からのターゲット "_CheckWindowsSDKInstalled: (ターゲット ID: 24)" (ターゲット "PrepareForBuild" は依存):
                   プロパティの設定: WindowsSDKInstalled=false
                   プロパティの設定: WindowsSDK_UAP_Support=false
                   プロパティの設定: WindowsSDK_Desktop_Support=false
                   プロパティの設定: WindowsSDKInstalled=true
                   プロパティの設定: WindowsSDK_UAP_Support= true
                   プロパティの設定: WindowsSDK_Desktop_Support=true
16:55:14.515     3>プロジェクト "imgui.vcxproj" 内のターゲット "_CheckWindowsSDKInstalled" のビルドが終了しました。: (ターゲット ID: 24)
                   ターゲット "GetFrameworkPaths" を省略しました。以前に正しくビルドされていました。
                   ターゲット "GetReferenceAssemblyPaths" を省略しました。以前に正しくビルドされていました。
16:55:14.515     3>ファイル "C:\Program Files\Microsoft Visual Studio\18\Community\MSBuild\Microsoft\VisualStudio\v18.0\CodeAnalysis\Microsoft.CodeAnalysis.targets" 内にある、プロジェクト "C:\CG\CG2_00_01\submission_ready_20260730_165019\LE3C_26_ヨシノ_ゲント\02_プロジェクト\CG2_00_01-CG4_-2\project\externals\imgui\imgui.vcxproj" からのターゲット "SetCABuildNativeEnvironmentVariables: (ターゲット ID: 25)" (ターゲット "PrepareForBuild" は依存):
                   タスク "SetEnv" (TaskId: 20)
                     タスク パラメーター:Prefix=False (TaskId: 20)
                     タスク パラメーター:Value=C:\Program Files\Microsoft Visual Studio\18\Community\VC\Tools\MSVC\14.51.36231\atlmfc\include;C:\Program Files\Microsoft Visual Studio\18\Community\VC\Tools\MSVC\14.51.36231\include;C:\Program Files (x86)\Windows Kits\10\Include\10.0.26100.0\ucrt;;C:\Program Files (x86)\Windows Kits\10\Include\10.0.26100.0\um;C:\Program Files (x86)\Windows Kits\10\Include\10.0.26100.0\shared;C:\Program Files (x86)\Windows Kits\10\Include\10.0.26100.0\winrt;C:\Program Files (x86)\Windows Kits\10\Include\10.0.26100.0\cppwinrt;C:\Program Files (x86)\Windows Kits\NETFXSDK\4.8.1\Include\um; (TaskId: 20)
                     タスク パラメーター:Name=CAExcludePath (TaskId: 20)
                     CAExcludePath=C:\Program Files\Microsoft Visual Studio\18\Community\VC\Tools\MSVC\14.51.36231\atlmfc\include;C:\Program Files\Microsoft Visual Studio\18\Community\VC\Tools\MSVC\14.51.36231\include;C:\Program Files (x86)\Windows Kits\10\Include\10.0.26100.0\ucrt;;C:\Program Files (x86)\Windows Kits\10\Include\10.0.26100.0\um;C:\Program Files (x86)\Windows Kits\10\Include\10.0.26100.0\shared;C:\Program Files (x86)\Windows Kits\10\Include\10.0.26100.0\winrt;C:\Program Files (x86)\Windows Kits\10\Include\10.0.26100.0\cppwinrt;C:\Program Files (x86)\Windows Kits\NETFXSDK\4.8.1\Include\um; (TaskId: 20)
                   タスク "SetEnv" の実行が終了しました。 (TaskId: 20)
16:55:14.515     3>プロジェクト "imgui.vcxproj" 内のターゲット "SetCABuildNativeEnvironmentVariables" のビルドが終了しました。: (ターゲット ID: 25)
16:55:14.515     3>ファイル "C:\Program Files\Microsoft Visual Studio\18\Community\MSBuild\Microsoft\VC\v180\Microsoft.CppBuild.targets" 内にある、プロジェクト "C:\CG\CG2_00_01\submission_ready_20260730_165019\LE3C_26_ヨシノ_ゲント\02_プロジェクト\CG2_00_01-CG4_-2\project\externals\imgui\imgui.vcxproj" からのターゲット "PrepareForBuild: (ターゲット ID: 26)" (ターゲット "ResolveAssemblyReferences" は依存):
                   プロパティの設定: TargetDir=C:\CG\CG2_00_01\submission_ready_20260730_165019\LE3C_26_ヨシノ_ゲント\02_プロジェクト\CG2_00_01-CG4_-2\generated\outputs\Debug\
                   プロパティの設定: LocalDebuggerCommand=C:\CG\CG2_00_01\submission_ready_20260730_165019\LE3C_26_ヨシノ_ゲント\02_プロジェクト\CG2_00_01-CG4_-2\generated\outputs\Debug\imgui.lib
                   C:\Program Files\Microsoft Visual Studio\18\Community\MSBuild\Microsoft\VC\v180\Microsoft.CppBuild.targets(438,7): message : プロパティの再代入: $(BuildProjectReferences)="false" (以前の値: "true") C:\Program Files\Microsoft Visual Studio\18\Community\MSBuild\Microsoft\VC\v180\Microsoft.CppBuild.targets (438,7) [C:\CG\CG2_00_01\submission_ready_20260730_165019\LE3C_26_ヨシノ_ゲント\02_プロジェクト\CG2_00_01-CG4_-2\project\externals\imgui\imgui.vcxproj]
                   プロパティの設定: BuildProjectReferences=false
                   プロパティの設定: ConfigurationPlatformExists=true
                   "MakeDir" タスクをアセンブリ "Microsoft.Build.Tasks.Core, Version=15.1.0.0, Culture=neutral, PublicKeyToken=b03f5f7f11d50a3a" から使用しています。
                   タスク "MakeDir" (TaskId: 21)
                     タスク パラメーター:Directories=C:\CG\CG2_00_01\submission_ready_20260730_165019\LE3C_26_ヨシノ_ゲント\02_プロジェクト\CG2_00_01-CG4_-2\project\..\generated\obj\imgui\Debug\ (TaskId: 21)
                   タスク "MakeDir" の実行が終了しました。 (TaskId: 21)
                   "CheckVCToolsetVersion" タスクをアセンブリ "C:\Program Files\Microsoft Visual Studio\18\Community\MSBuild\Microsoft\VC\v180\Microsoft.Build.CppTasks.Common.dll" から使用しています。
                   タスク "CheckVCToolsetVersion" (TaskId: 22)
                     タスク パラメーター:PlatformToolset=v145 (TaskId: 22)
                     タスク パラメーター:VCToolsInstallDir=C:\Program Files\Microsoft Visual Studio\18\Community\VC\Tools\MSVC\14.51.36231\ (TaskId: 22)
                     タスク パラメーター:VCToolsVersion=14.51.36231 (TaskId: 22)
                   タスク "CheckVCToolsetVersion" の実行が終了しました。 (TaskId: 22)
                   追加項目: 
                       Link=
                           __Tempfile__
                                   AcceptableNonZeroExitCodes=
                                   AdditionalDependencies=kernel32.lib;user32.lib;gdi32.lib;winspool.lib;comdlg32.lib;advapi32.lib;shell32.lib;ole32.lib;oleaut32.lib;uuid.lib;odbc32.lib;odbccp32.lib;
                                   AllowIsolation=true
                                   CLRImageType=Default
                                   DataExecutionPrevention=true
                                   DelaySign=
                                   Driver=NotSet
                                   EnableUAC=true
                                   GenerateDebugInformation=true
                                   GenerateMapFile=false
                                   IgnoreEmbeddedIDL=false
                                   ImportLibrary=C:\CG\CG2_00_01\submission_ready_20260730_165019\LE3C_26_ヨシノ_ゲント\02_プロジェクト\CG2_00_01-CG4_-2\project\..\generated\outputs\Debug\imgui.lib
                                   IncrementalLinkDatabaseFile=C:\CG\CG2_00_01\submission_ready_20260730_165019\LE3C_26_ヨシノ_ゲント\02_プロジェクト\CG2_00_01-CG4_-2\project\..\generated\obj\imgui\Debug\imgui.ilk
                                   KeyFile=
                                   LinkErrorReporting=QueueForNextLogin
                                   LinkTimeCodeGenerationObjectFile=C:\CG\CG2_00_01\submission_ready_20260730_165019\LE3C_26_ヨシノ_ゲント\02_プロジェクト\CG2_00_01-CG4_-2\project\..\generated\obj\imgui\Debug\imgui.iobj
                                   ManifestFile=C:\CG\CG2_00_01\submission_ready_20260730_165019\LE3C_26_ヨシノ_ゲント\02_プロジェクト\CG2_00_01-CG4_-2\project\..\generated\obj\imgui\Debug\imgui.lib.intermediate.manifest
                                   MapExports=false
                                   MinimalRebuildFromTracking=true
                                   NoEntryPoint=false
                                   OutputFile=C:\CG\CG2_00_01\submission_ready_20260730_165019\LE3C_26_ヨシノ_ゲント\02_プロジェクト\CG2_00_01-CG4_-2\project\..\generated\outputs\Debug\imgui.lib
                                   PerUserRedirection=false
                                   Profile=false
                                   ProfileGuidedDatabase=C:\CG\CG2_00_01\submission_ready_20260730_165019\LE3C_26_ヨシノ_ゲント\02_プロジェクト\CG2_00_01-CG4_-2\project\..\generated\outputs\Debug\imgui.pgd
                                   ProgramDatabaseFile=C:\CG\CG2_00_01\submission_ready_20260730_165019\LE3C_26_ヨシノ_ゲント\02_プロジェクト\CG2_00_01-CG4_-2\project\..\generated\outputs\Debug\imgui.pdb
                                   RandomizedBaseAddress=true
                                   RegisterOutput=false
                                   SetChecksum=false
                                   ShowProgress=NotSet
                                   SubSystem=
                                   SuppressStartupBanner=true
                                   SwapRunFromCD=false
                                   SwapRunFromNET=false
                                   TargetMachine=MachineX64
                                   Temp=true
                                   TrackerLogDirectory=C:\CG\CG2_00_01\submission_ready_20260730_165019\LE3C_26_ヨシノ_ゲント\02_プロジェクト\CG2_00_01-CG4_-2\project\..\generated\obj\imgui\Debug\imgui.tlog\
                                   TurnOffAssemblyGeneration=false
                                   TypeLibraryResourceID=1
                                   UACExecutionLevel=AsInvoker
                                   UACUIAccess=false
                                   UseDynamicDebugging=false
                   削除された項目: 
                       Link=
                           __Tempfile__
                                   AcceptableNonZeroExitCodes=
                                   AdditionalDependencies=kernel32.lib;user32.lib;gdi32.lib;winspool.lib;comdlg32.lib;advapi32.lib;shell32.lib;ole32.lib;oleaut32.lib;uuid.lib;odbc32.lib;odbccp32.lib;
                                   AllowIsolation=true
                                   CLRImageType=Default
                                   DataExecutionPrevention=true
                                   DelaySign=
                                   Driver=NotSet
                                   EnableUAC=true
                                   GenerateDebugInformation=true
                                   GenerateMapFile=false
                                   IgnoreEmbeddedIDL=false
                                   ImportLibrary=C:\CG\CG2_00_01\submission_ready_20260730_165019\LE3C_26_ヨシノ_ゲント\02_プロジェクト\CG2_00_01-CG4_-2\project\..\generated\outputs\Debug\imgui.lib
                                   IncrementalLinkDatabaseFile=C:\CG\CG2_00_01\submission_ready_20260730_165019\LE3C_26_ヨシノ_ゲント\02_プロジェクト\CG2_00_01-CG4_-2\project\..\generated\obj\imgui\Debug\imgui.ilk
                                   KeyFile=
                                   LinkErrorReporting=QueueForNextLogin
                                   LinkTimeCodeGenerationObjectFile=C:\CG\CG2_00_01\submission_ready_20260730_165019\LE3C_26_ヨシノ_ゲント\02_プロジェクト\CG2_00_01-CG4_-2\project\..\generated\obj\imgui\Debug\imgui.iobj
                                   ManifestFile=C:\CG\CG2_00_01\submission_ready_20260730_165019\LE3C_26_ヨシノ_ゲント\02_プロジェクト\CG2_00_01-CG4_-2\project\..\generated\obj\imgui\Debug\imgui.lib.intermediate.manifest
                                   MapExports=false
                                   MinimalRebuildFromTracking=true
                                   NoEntryPoint=false
                                   OutputFile=C:\CG\CG2_00_01\submission_ready_20260730_165019\LE3C_26_ヨシノ_ゲント\02_プロジェクト\CG2_00_01-CG4_-2\project\..\generated\outputs\Debug\imgui.lib
                                   PerUserRedirection=false
                                   Profile=false
                                   ProfileGuidedDatabase=C:\CG\CG2_00_01\submission_ready_20260730_165019\LE3C_26_ヨシノ_ゲント\02_プロジェクト\CG2_00_01-CG4_-2\project\..\generated\outputs\Debug\imgui.pgd
                                   ProgramDatabaseFile=C:\CG\CG2_00_01\submission_ready_20260730_165019\LE3C_26_ヨシノ_ゲント\02_プロジェクト\CG2_00_01-CG4_-2\project\..\generated\outputs\Debug\imgui.pdb
                                   RandomizedBaseAddress=true
                                   RegisterOutput=false
                                   SetChecksum=false
                                   ShowProgress=NotSet
                                   SubSystem=
                                   SuppressStartupBanner=true
                                   SwapRunFromCD=false
                                   SwapRunFromNET=false
                                   TargetMachine=MachineX64
                                   Temp=true
                                   TrackerLogDirectory=C:\CG\CG2_00_01\submission_ready_20260730_165019\LE3C_26_ヨシノ_ゲント\02_プロジェクト\CG2_00_01-CG4_-2\project\..\generated\obj\imgui\Debug\imgui.tlog\
                                   TurnOffAssemblyGeneration=false
                                   TypeLibraryResourceID=1
                                   UACExecutionLevel=AsInvoker
                                   UACUIAccess=false
                                   UseDynamicDebugging=false
                   C:\Program Files\Microsoft Visual Studio\18\Community\MSBuild\Microsoft\VC\v180\Microsoft.CppBuild.targets(556,7): message : 環境から展開された 'C:\Users\K024G\AppData\Local\Temp' 値を持つプロパティ 'TMP'。 [C:\CG\CG2_00_01\submission_ready_20260730_165019\LE3C_26_ヨシノ_ゲント\02_プロジェクト\CG2_00_01-CG4_-2\project\externals\imgui\imgui.vcxproj]
                   プロパティの設定: _Tmp=C:\Users\K024G\AppData\Local\Temp
                   C:\Program Files\Microsoft Visual Studio\18\Community\MSBuild\Microsoft\VC\v180\Microsoft.CppBuild.targets(557,7): message : 環境から展開された 'C:\Users\K024G\AppData\Local\Temp' 値を持つプロパティ 'TEMP'。 [C:\CG\CG2_00_01\submission_ready_20260730_165019\LE3C_26_ヨシノ_ゲント\02_プロジェクト\CG2_00_01-CG4_-2\project\externals\imgui\imgui.vcxproj]
                   プロパティの設定: _Temp=C:\Users\K024G\AppData\Local\Temp
                   プロパティの設定: _Tmp=C:\Users\K024G\AppData\Local\Temp\
                   プロパティの設定: _Temp=C:\Users\K024G\AppData\Local\Temp\
                   "VCMessage" タスクをアセンブリ "C:\Program Files\Microsoft Visual Studio\18\Community\MSBuild\Microsoft\VC\v180\Microsoft.Build.CppTasks.Common.dll" から使用しています。
                   タスク "VCMessage" (TaskId: 23)
                     タスク パラメーター:Importance=Normal (TaskId: 23)
                     タスク パラメーター:Code=MSB8085 (TaskId: 23)
                     タスク パラメーター:Type=Message (TaskId: 23)
                     構造化出力が有効になっています。コンパイラ診断の書式設定にはエラー階層が反映されます。詳細については、https://aka.ms/cpp/structured-output を参照してください。 (TaskId: 23)
                   タスク "VCMessage" の実行が終了しました。 (TaskId: 23)
                   タスク "MakeDir" (TaskId: 24)
                     タスク パラメーター:
                         Directories=
                             C:\CG\CG2_00_01\submission_ready_20260730_165019\LE3C_26_ヨシノ_ゲント\02_プロジェクト\CG2_00_01-CG4_-2\project\..\generated\obj\imgui\Debug\
                             C:\CG\CG2_00_01\submission_ready_20260730_165019\LE3C_26_ヨシノ_ゲント\02_プロジェクト\CG2_00_01-CG4_-2\project\..\generated\outputs\Debug\
                             C:\CG\CG2_00_01\submission_ready_20260730_165019\LE3C_26_ヨシノ_ゲント\02_プロジェクト\CG2_00_01-CG4_-2\project\..\generated\obj\imgui\Debug\imgui.tlog\ (TaskId: 24)
                   タスク "MakeDir" の実行が終了しました。 (TaskId: 24)
16:55:14.524     3>プロジェクト "imgui.vcxproj" 内のターゲット "PrepareForBuild" のビルドが終了しました。: (ターゲット ID: 26)
                   ターゲット "_PrepareForReferenceResolution" を省略しました。以前に正しくビルドされていました。
16:55:14.524     3>ファイル "C:\Program Files\Microsoft Visual Studio\18\Community\MSBuild\Current\Bin\Microsoft.Common.CurrentVersion.targets" 内にある、プロジェクト "C:\CG\CG2_00_01\submission_ready_20260730_165019\LE3C_26_ヨシノ_ゲント\02_プロジェクト\CG2_00_01-CG4_-2\project\externals\imgui\imgui.vcxproj" からのターゲット "ResolveSDKReferences: (ターゲット ID: 27)" (ターゲット "ResolveAssemblyReferences" は依存):
16:55:14.524     3>プロジェクト "imgui.vcxproj" 内のターゲット "ResolveSDKReferences" のビルドが終了しました。: (ターゲット ID: 27)
                   ターゲット "ResolveSDKReferences" を省略しました。以前に正しくビルドされていました。
16:55:14.524     3>ファイル "C:\Program Files\Microsoft Visual Studio\18\Community\MSBuild\Current\Bin\Microsoft.Common.CurrentVersion.targets" 内にある、プロジェクト "C:\CG\CG2_00_01\submission_ready_20260730_165019\LE3C_26_ヨシノ_ゲント\02_プロジェクト\CG2_00_01-CG4_-2\project\externals\imgui\imgui.vcxproj" からのターゲット "ExpandSDKReferences: (ターゲット ID: 28)" (ターゲット "ResolveAssemblyReferences" は依存):
16:55:14.524     3>プロジェクト "imgui.vcxproj" 内のターゲット "ExpandSDKReferences" のビルドが終了しました。: (ターゲット ID: 28)
16:55:14.524     3>ファイル "C:\Program Files\Microsoft Visual Studio\18\Community\MSBuild\Current\Bin\Microsoft.Common.CurrentVersion.targets" 内にある、プロジェクト "C:\CG\CG2_00_01\submission_ready_20260730_165019\LE3C_26_ヨシノ_ゲント\02_プロジェクト\CG2_00_01-CG4_-2\project\externals\imgui\imgui.vcxproj" からのターゲット "ResolveAssemblyReferences: (ターゲット ID: 29)" (ターゲット "ResolveReferences" は依存):
                   追加項目: _ReferenceInstalledAssemblyDirectory=C:\Program Files (x86)\Windows Kits\10\References
                   プロパティの設定: ResolveAssemblyReferencesStateFile=C:\CG\CG2_00_01\submission_ready_20260730_165019\LE3C_26_ヨシノ_ゲント\02_プロジェクト\CG2_00_01-CG4_-2\project\..\generated\obj\imgui\Debug\imgui.vcxproj.AssemblyReference.cache
                   プロパティの設定: AllowResolveAssemblyReferencesOutOfProcNode=false
                   プロパティの設定: ResolveAssemblyReferencesSilent=false
                   プロパティの設定: ResolveAssemblyWarnOrErrorOnTargetArchitectureMismatch=Warning
                   プロパティの設定: ResolveAssemblyReferencesFindRelatedSatellites=true
                   プロパティの設定: ResolveAssemblyReferencesFindSerializationAssemblies=true
                   プロパティの設定: ResolveAssemblyReferencesFindRelatedFiles=true
                   プロパティの設定: ResolveAssemblyReferenceOutputUnresolvedAssemblyConflicts=false
                   プロパティの設定: EnableCustomCulture=false
                   プロパティの設定: FindDependenciesOfExternallyResolvedReferences=false
16:55:14.524     3>プロジェクト "imgui.vcxproj" 内のターゲット "ResolveAssemblyReferences" のビルドが終了しました。: (ターゲット ID: 29)
16:55:14.524     3>ファイル "C:\Program Files\Microsoft Visual Studio\18\Community\MSBuild\Current\Bin\Microsoft.Common.CurrentVersion.targets" 内にある、プロジェクト "C:\CG\CG2_00_01\submission_ready_20260730_165019\LE3C_26_ヨシノ_ゲント\02_プロジェクト\CG2_00_01-CG4_-2\project\externals\imgui\imgui.vcxproj" からのターゲット "AfterResolveReferences: (ターゲット ID: 30)" (ターゲット "ResolveReferences" は依存):
16:55:14.524     3>プロジェクト "imgui.vcxproj" 内のターゲット "AfterResolveReferences" のビルドが終了しました。: (ターゲット ID: 30)
16:55:14.524     3>ファイル "C:\Program Files\Microsoft Visual Studio\18\Community\MSBuild\Current\Bin\Microsoft.Common.CurrentVersion.targets" 内にある、プロジェクト "C:\CG\CG2_00_01\submission_ready_20260730_165019\LE3C_26_ヨシノ_ゲント\02_プロジェクト\CG2_00_01-CG4_-2\project\externals\imgui\imgui.vcxproj" からのターゲット "ResolveReferences: (ターゲット ID: 31)" (ターゲット "Build" は依存):
16:55:14.524     3>プロジェクト "imgui.vcxproj" 内のターゲット "ResolveReferences" のビルドが終了しました。: (ターゲット ID: 31)
                   ターゲット "PrepareForBuild" を省略しました。以前に正しくビルドされていました。
                   ターゲット "PrepareForBuild" を省略しました。以前に正しくビルドされていました。
16:55:14.524     3>ファイル "C:\Program Files\Microsoft Visual Studio\18\Community\MSBuild\Microsoft\VC\v180\Microsoft.CppBuild.targets" 内にある、プロジェクト "C:\CG\CG2_00_01\submission_ready_20260730_165019\LE3C_26_ヨシノ_ゲント\02_プロジェクト\CG2_00_01-CG4_-2\project\externals\imgui\imgui.vcxproj" からのターゲット "InitializeBuildStatus: (ターゲット ID: 32)" (ターゲット "Build" は依存):
                   "ReadLinesFromFile" タスクをアセンブリ "Microsoft.Build.Tasks.Core, Version=15.1.0.0, Culture=neutral, PublicKeyToken=b03f5f7f11d50a3a" から使用しています。
                   タスク "ReadLinesFromFile" (TaskId: 25)
                     タスク パラメーター:File=C:\CG\CG2_00_01\submission_ready_20260730_165019\LE3C_26_ヨシノ_ゲント\02_プロジェクト\CG2_00_01-CG4_-2\project\..\generated\obj\imgui\Debug\imgui.tlog\imgui.lastbuildstate (TaskId: 25)
                     出力項目: 
                         _ReadProjectStateLine=
                             PlatformToolSet=v145:VCToolArchitecture=Native32Bit:VCToolsVersion=14.51.36231:VCServicingVersionATL=14.51.36244:VCServicingVersionCrtHeaders=14.51.36244:VCServicingVersionCompilers=14.51.36252:TargetPlatformVersion=10.0.26100.0:
                             Debug|x64|C:\CG\CG2_00_01\submission_ready_20260730_165019\LE3C_26_ヨシノ_ゲント\02_プロジェクト\CG2_00_01-CG4_-2\project\| (TaskId: 25)
                   タスク "ReadLinesFromFile" の実行が終了しました。 (TaskId: 25)
                   プロパティの設定: ProjectStateLine=TargetPlatformVersion=10.0.26100.0:
                   プロパティの設定: ProjectStateLine=VCServicingVersionCompilers=14.51.36252:TargetPlatformVersion=10.0.26100.0:
                   プロパティの設定: ProjectStateLine=VCServicingVersionCrtHeaders=14.51.36244:VCServicingVersionCompilers=14.51.36252:TargetPlatformVersion=10.0.26100.0:
                   プロパティの設定: ProjectStateLine=VCServicingVersionATL=14.51.36244:VCServicingVersionCrtHeaders=14.51.36244:VCServicingVersionCompilers=14.51.36252:TargetPlatformVersion=10.0.26100.0:
                   プロパティの設定: ProjectStateLine=VCToolsVersion=14.51.36231:VCServicingVersionATL=14.51.36244:VCServicingVersionCrtHeaders=14.51.36244:VCServicingVersionCompilers=14.51.36252:TargetPlatformVersion=10.0.26100.0:
                   プロパティの設定: ProjectStateLine=PlatformToolSet=v145:VCToolArchitecture=Native32Bit:VCToolsVersion=14.51.36231:VCServicingVersionATL=14.51.36244:VCServicingVersionCrtHeaders=14.51.36244:VCServicingVersionCompilers=14.51.36252:TargetPlatformVersion=10.0.26100.0:
                   プロパティの設定: StateBuildType=Build
                   "WriteLinesToFile" タスクをアセンブリ "Microsoft.Build.Tasks.Core, Version=15.1.0.0, Culture=neutral, PublicKeyToken=b03f5f7f11d50a3a" から使用しています。
                   タスク "WriteLinesToFile" (TaskId: 26)
                     タスク パラメーター:
                         Lines=
                             PlatformToolSet=v145:VCToolArchitecture=Native32Bit:VCToolsVersion=14.51.36231:VCServicingVersionATL=14.51.36244:VCServicingVersionCrtHeaders=14.51.36244:VCServicingVersionCompilers=14.51.36252:TargetPlatformVersion=10.0.26100.0:
                             Debug|x64|C:\CG\CG2_00_01\submission_ready_20260730_165019\LE3C_26_ヨシノ_ゲント\02_プロジェクト\CG2_00_01-CG4_-2\project\| (TaskId: 26)
                     タスク パラメーター:Overwrite=True (TaskId: 26)
                     タスク パラメーター:File=C:\CG\CG2_00_01\submission_ready_20260730_165019\LE3C_26_ヨシノ_ゲント\02_プロジェクト\CG2_00_01-CG4_-2\project\..\generated\obj\imgui\Debug\imgui.tlog\imgui.lastbuildstate (TaskId: 26)
                   タスク "WriteLinesToFile" の実行が終了しました。 (TaskId: 26)
                   "Touch" タスクをアセンブリ "Microsoft.Build.Tasks.Core, Version=15.1.0.0, Culture=neutral, PublicKeyToken=b03f5f7f11d50a3a" から使用しています。
                   タスク "Touch" (TaskId: 27)
                     タスク パラメーター:AlwaysCreate=True (TaskId: 27)
                     タスク パラメーター:Files=C:\CG\CG2_00_01\submission_ready_20260730_165019\LE3C_26_ヨシノ_ゲント\02_プロジェクト\CG2_00_01-CG4_-2\project\..\generated\obj\imgui\Debug\imgui.tlog\unsuccessfulbuild (TaskId: 27)
                     "C:\CG\CG2_00_01\submission_ready_20260730_165019\LE3C_26_ヨシノ_ゲント\02_プロジェクト\CG2_00_01-CG4_-2\project\..\generated\obj\imgui\Debug\imgui.tlog\unsuccessfulbuild" のタッチ タスクを実行しています。 (TaskId: 27)
                   タスク "Touch" の実行が終了しました。 (TaskId: 27)
16:55:14.530     3>プロジェクト "imgui.vcxproj" 内のターゲット "InitializeBuildStatus" のビルドが終了しました。: (ターゲット ID: 32)
                   ターゲット "PrepareProjectReferences" を省略しました。以前に正しくビルドされていました。
16:55:14.530     3>ファイル "C:\Program Files\Microsoft Visual Studio\18\Community\MSBuild\Current\Bin\Microsoft.Common.CurrentVersion.targets" 内にある、プロジェクト "C:\CG\CG2_00_01\submission_ready_20260730_165019\LE3C_26_ヨシノ_ゲント\02_プロジェクト\CG2_00_01-CG4_-2\project\externals\imgui\imgui.vcxproj" からのターゲット "BuildGenerateSourcesTraverse: (ターゲット ID: 33)" (ターゲット "BuildGenerateSources" は依存):
16:55:14.530     3>プロジェクト "imgui.vcxproj" 内のターゲット "BuildGenerateSourcesTraverse" のビルドが終了しました。: (ターゲット ID: 33)
                   ターゲット "PrepareForBuild" を省略しました。以前に正しくビルドされていました。
                   ターゲット "ResolveReferences" を省略しました。以前に正しくビルドされていました。
16:55:14.530     3>ファイル "C:\Program Files\Microsoft Visual Studio\18\Community\MSBuild\Microsoft\VC\v180\Microsoft.BuildSteps.Targets" 内にある、プロジェクト "C:\CG\CG2_00_01\submission_ready_20260730_165019\LE3C_26_ヨシノ_ゲント\02_プロジェクト\CG2_00_01-CG4_-2\project\externals\imgui\imgui.vcxproj" からのターゲット "BeforeBuildGenerateSources: (ターゲット ID: 34)" (ターゲット "_BuildGenerateSourcesAction" は依存):
16:55:14.530     3>プロジェクト "imgui.vcxproj" 内のターゲット "BeforeBuildGenerateSources" のビルドが終了しました。: (ターゲット ID: 34)
16:55:14.530     3>ファイル "C:\Program Files\Microsoft Visual Studio\18\Community\MSBuild\Microsoft\VC\v180\Microsoft.CppCommon.targets" 内にある、プロジェクト "C:\CG\CG2_00_01\submission_ready_20260730_165019\LE3C_26_ヨシノ_ゲント\02_プロジェクト\CG2_00_01-CG4_-2\project\externals\imgui\imgui.vcxproj" からのターゲット "PreBuildEvent: (ターゲット ID: 35)" (ターゲット "_BuildGenerateSourcesAction" は依存):
16:55:14.530     3>プロジェクト "imgui.vcxproj" 内のターゲット "PreBuildEvent" のビルドが終了しました。: (ターゲット ID: 35)
                   ターゲット "PrepareForBuild" を省略しました。以前に正しくビルドされていました。
                   ターゲット "InitializeBuildStatus" を省略しました。以前に正しくビルドされていました。
                   ターゲット "SetBuildDefaultEnvironmentVariables" を省略しました。以前に正しくビルドされていました。
16:55:14.530     3>ファイル "C:\Program Files\Microsoft Visual Studio\18\Community\MSBuild\Microsoft\VC\v180\Microsoft.CppBuild.targets" 内にある、プロジェクト "C:\CG\CG2_00_01\submission_ready_20260730_165019\LE3C_26_ヨシノ_ゲント\02_プロジェクト\CG2_00_01-CG4_-2\project\externals\imgui\imgui.vcxproj" からのターゲット "_SelectedFiles: (ターゲット ID: 36)" (ターゲット "SelectCustomBuild" は依存):
16:55:14.530     3>プロジェクト "imgui.vcxproj" 内のターゲット "_SelectedFiles" のビルドが終了しました。: (ターゲット ID: 36)
16:55:14.530     3>ファイル "C:\Program Files\Microsoft Visual Studio\18\Community\MSBuild\Microsoft\VC\v180\Microsoft.CppBuild.targets" 内にある、プロジェクト "C:\CG\CG2_00_01\submission_ready_20260730_165019\LE3C_26_ヨシノ_ゲント\02_プロジェクト\CG2_00_01-CG4_-2\project\externals\imgui\imgui.vcxproj" からのターゲット "SelectCustomBuild: (ターゲット ID: 37)" (ターゲット "CustomBuild" は依存):
16:55:14.542     3>プロジェクト "imgui.vcxproj" 内のターゲット "SelectCustomBuild" のビルドが終了しました。: (ターゲット ID: 37)
16:55:14.542     3>ファイル "C:\Program Files\Microsoft Visual Studio\18\Community\MSBuild\Microsoft\VC\v180\Microsoft.CppBuild.targets" 内にある、プロジェクト "C:\CG\CG2_00_01\submission_ready_20260730_165019\LE3C_26_ヨシノ_ゲント\02_プロジェクト\CG2_00_01-CG4_-2\project\externals\imgui\imgui.vcxproj" からのターゲット "ComputeCustomBuildOutput: (ターゲット ID: 38)" (ターゲット "CustomBuild" は依存):
                   タスク "MakeDir" (TaskId: 28)
                   タスク "MakeDir" の実行が終了しました。 (TaskId: 28)
16:55:14.542     3>プロジェクト "imgui.vcxproj" 内のターゲット "ComputeCustomBuildOutput" のビルドが終了しました。: (ターゲット ID: 38)
16:55:14.542     3>ファイル "C:\Program Files\Microsoft Visual Studio\18\Community\MSBuild\Microsoft\VC\v180\Microsoft.CppCommon.targets" 内にある、プロジェクト "C:\CG\CG2_00_01\submission_ready_20260730_165019\LE3C_26_ヨシノ_ゲント\02_プロジェクト\CG2_00_01-CG4_-2\project\externals\imgui\imgui.vcxproj" からのターゲット "CustomBuild: (ターゲット ID: 39)" (ターゲット "_BuildGenerateSourcesAction" は依存):
                   プロパティの設定: CustomBuildToolArchitecture=Native32Bit
                   "GetOutOfDateItems" タスクをアセンブリ "C:\Program Files\Microsoft Visual Studio\18\Community\MSBuild\Microsoft\VC\v180\Microsoft.Build.CppTasks.Common.dll" から使用しています。
                   タスク "GetOutOfDateItems" (TaskId: 29)
                     タスク パラメーター:TLogNamePrefix=ParallelCustomBuild (TaskId: 29)
                     タスク パラメーター:TLogDirectory=C:\CG\CG2_00_01\submission_ready_20260730_165019\LE3C_26_ヨシノ_ゲント\02_プロジェクト\CG2_00_01-CG4_-2\project\..\generated\obj\imgui\Debug\imgui.tlog\ (TaskId: 29)
                     タスク パラメーター:OutputsMetadataName=Outputs (TaskId: 29)
                     タスク パラメーター:CommandMetadataName=Command (TaskId: 29)
                     タスク パラメーター:DependenciesMetadataName=AdditionalInputs (TaskId: 29)
                     タスク パラメーター:TrackFileAccess=True (TaskId: 29)
                   タスク "GetOutOfDateItems" の実行が終了しました。 (TaskId: 29)
                   タスク "GetOutOfDateItems" (TaskId: 30)
                     タスク パラメーター:TLogNamePrefix=CustomBuild (TaskId: 30)
                     タスク パラメーター:TLogDirectory=C:\CG\CG2_00_01\submission_ready_20260730_165019\LE3C_26_ヨシノ_ゲント\02_プロジェクト\CG2_00_01-CG4_-2\project\..\generated\obj\imgui\Debug\imgui.tlog\ (TaskId: 30)
                     タスク パラメーター:CheckForInterdependencies=True (TaskId: 30)
                     タスク パラメーター:OutputsMetadataName=Outputs (TaskId: 30)
                     タスク パラメーター:CommandMetadataName=Command (TaskId: 30)
                     タスク パラメーター:DependenciesMetadataName=AdditionalInputs (TaskId: 30)
                     タスク パラメーター:TrackFileAccess=True (TaskId: 30)
                   タスク "GetOutOfDateItems" の実行が終了しました。 (TaskId: 30)
16:55:14.547     3>プロジェクト "imgui.vcxproj" 内のターゲット "CustomBuild" のビルドが終了しました。: (ターゲット ID: 39)
                   ターゲット "_SelectedFiles" を省略しました。以前に正しくビルドされていました。
16:55:14.547     3>ファイル "C:\Program Files\Microsoft Visual Studio\18\Community\MSBuild\Microsoft\VC\v180\Microsoft.CppCommon.targets" 内にある、プロジェクト "C:\CG\CG2_00_01\submission_ready_20260730_165019\LE3C_26_ヨシノ_ゲント\02_プロジェクト\CG2_00_01-CG4_-2\project\externals\imgui\imgui.vcxproj" からのターゲット "CopyFileToFolders: (ターゲット ID: 40)" (ターゲット "_BuildGenerateSourcesAction" は依存):
                   タスク "GetOutOfDateItems" (TaskId: 31)
                     タスク パラメーター:TLogNamePrefix=CopyFile (TaskId: 31)
                     タスク パラメーター:TLogDirectory=C:\CG\CG2_00_01\submission_ready_20260730_165019\LE3C_26_ヨシノ_ゲント\02_プロジェクト\CG2_00_01-CG4_-2\project\..\generated\obj\imgui\Debug\imgui.tlog\ (TaskId: 31)
                     タスク パラメーター:OutputsMetadataName=FullDestinationPath (TaskId: 31)
                     タスク パラメーター:CommandMetadataName=FullDestinationPath (TaskId: 31)
                     タスク パラメーター:TrackFileAccess=True (TaskId: 31)
                   タスク "GetOutOfDateItems" の実行が終了しました。 (TaskId: 31)
16:55:14.547     3>プロジェクト "imgui.vcxproj" 内のターゲット "CopyFileToFolders" のビルドが終了しました。: (ターゲット ID: 40)
16:55:14.547     3>ファイル "C:\Program Files\Microsoft Visual Studio\18\Community\MSBuild\Microsoft\VC\v180\Microsoft.CppBuild.targets" 内にある、プロジェクト "C:\CG\CG2_00_01\submission_ready_20260730_165019\LE3C_26_ヨシノ_ゲント\02_プロジェクト\CG2_00_01-CG4_-2\project\externals\imgui\imgui.vcxproj" からのターゲット "_Xsd: (ターゲット ID: 41)" (ターゲット "_BuildGenerateSourcesAction" は依存):
16:55:14.547     3>プロジェクト "imgui.vcxproj" 内のターゲット "_Xsd" のビルドが終了しました。: (ターゲット ID: 41)
16:55:14.547     3>ファイル "C:\Program Files\Microsoft Visual Studio\18\Community\MSBuild\Microsoft\VC\v180\Microsoft.CppBuild.targets" 内にある、プロジェクト "C:\CG\CG2_00_01\submission_ready_20260730_165019\LE3C_26_ヨシノ_ゲント\02_プロジェクト\CG2_00_01-CG4_-2\project\externals\imgui\imgui.vcxproj" からのターゲット "MakeDirsForMidl: (ターゲット ID: 42)" (ターゲット "_Midl" は依存):
                   プロパティの設定: Midl_OutputDir=
                   タスク "Makedir" (TaskId: 32)
                   タスク "Makedir" の実行が終了しました。 (TaskId: 32)
16:55:14.548     3>プロジェクト "imgui.vcxproj" 内のターゲット "MakeDirsForMidl" のビルドが終了しました。: (ターゲット ID: 42)
16:55:14.548     3>ファイル "C:\Program Files\Microsoft Visual Studio\18\Community\MSBuild\Microsoft\VC\v180\Microsoft.CppBuild.targets" 内にある、プロジェクト "C:\CG\CG2_00_01\submission_ready_20260730_165019\LE3C_26_ヨシノ_ゲント\02_プロジェクト\CG2_00_01-CG4_-2\project\externals\imgui\imgui.vcxproj" からのターゲット "ComputeMIDLGeneratedCompileInputs: (ターゲット ID: 43)" (ターゲット "_Midl" は依存):
                   プロパティの設定: Midl_OutputDir=
16:55:14.548     3>プロジェクト "imgui.vcxproj" 内のターゲット "ComputeMIDLGeneratedCompileInputs" のビルドが終了しました。: (ターゲット ID: 43)
16:55:14.548     3>ファイル "C:\Program Files\Microsoft Visual Studio\18\Community\MSBuild\Microsoft\VC\v180\Microsoft.CppBuild.targets" 内にある、プロジェクト "C:\CG\CG2_00_01\submission_ready_20260730_165019\LE3C_26_ヨシノ_ゲント\02_プロジェクト\CG2_00_01-CG4_-2\project\externals\imgui\imgui.vcxproj" からのターゲット "AfterMidl: (ターゲット ID: 44)" (ターゲット "_Midl" は依存):
16:55:14.548     3>プロジェクト "imgui.vcxproj" 内のターゲット "AfterMidl" のビルドが終了しました。: (ターゲット ID: 44)
16:55:14.548     3>ファイル "C:\Program Files\Microsoft Visual Studio\18\Community\MSBuild\Microsoft\VC\v180\Microsoft.CppBuild.targets" 内にある、プロジェクト "C:\CG\CG2_00_01\submission_ready_20260730_165019\LE3C_26_ヨシノ_ゲント\02_プロジェクト\CG2_00_01-CG4_-2\project\externals\imgui\imgui.vcxproj" からのターゲット "_Midl: (ターゲット ID: 45)" (ターゲット "_BuildGenerateSourcesAction" は依存):
16:55:14.548     3>プロジェクト "imgui.vcxproj" 内のターゲット "_Midl" のビルドが終了しました。: (ターゲット ID: 45)
16:55:14.548     3>ファイル "C:\Program Files\Microsoft Visual Studio\18\Community\MSBuild\Microsoft\VC\v180\Microsoft.BuildSteps.Targets" 内にある、プロジェクト "C:\CG\CG2_00_01\submission_ready_20260730_165019\LE3C_26_ヨシノ_ゲント\02_プロジェクト\CG2_00_01-CG4_-2\project\externals\imgui\imgui.vcxproj" からのターゲット "AfterBuildGenerateSources: (ターゲット ID: 46)" (ターゲット "_BuildGenerateSourcesAction" は依存):
16:55:14.548     3>プロジェクト "imgui.vcxproj" 内のターゲット "AfterBuildGenerateSources" のビルドが終了しました。: (ターゲット ID: 46)
16:55:14.548     3>ファイル "C:\Program Files\Microsoft Visual Studio\18\Community\MSBuild\Microsoft\VC\v180\Microsoft.CppBuild.targets" 内にある、プロジェクト "C:\CG\CG2_00_01\submission_ready_20260730_165019\LE3C_26_ヨシノ_ゲント\02_プロジェクト\CG2_00_01-CG4_-2\project\externals\imgui\imgui.vcxproj" からのターゲット "AfterBuildGenerateSourcesEvent: (ターゲット ID: 47)" (ターゲット "_BuildGenerateSourcesAction" は依存):
16:55:14.548     3>プロジェクト "imgui.vcxproj" 内のターゲット "AfterBuildGenerateSourcesEvent" のビルドが終了しました。: (ターゲット ID: 47)
16:55:14.548     3>ファイル "C:\Program Files\Microsoft Visual Studio\18\Community\MSBuild\Microsoft\VC\v180\Microsoft.CppBuild.targets" 内にある、プロジェクト "C:\CG\CG2_00_01\submission_ready_20260730_165019\LE3C_26_ヨシノ_ゲント\02_プロジェクト\CG2_00_01-CG4_-2\project\externals\imgui\imgui.vcxproj" からのターゲット "_BuildGenerateSourcesAction: (ターゲット ID: 48)" (ターゲット "BuildGenerateSources" は依存):
16:55:14.548     3>プロジェクト "imgui.vcxproj" 内のターゲット "_BuildGenerateSourcesAction" のビルドが終了しました。: (ターゲット ID: 48)
16:55:14.548     3>ファイル "C:\Program Files\Microsoft Visual Studio\18\Community\MSBuild\Current\Bin\Microsoft.Common.CurrentVersion.targets" 内にある、プロジェクト "C:\CG\CG2_00_01\submission_ready_20260730_165019\LE3C_26_ヨシノ_ゲント\02_プロジェクト\CG2_00_01-CG4_-2\project\externals\imgui\imgui.vcxproj" からのターゲット "BuildGenerateSources: (ターゲット ID: 49)" (ターゲット "Build" は依存):
16:55:14.548     3>プロジェクト "imgui.vcxproj" 内のターゲット "BuildGenerateSources" のビルドが終了しました。: (ターゲット ID: 49)
                   ターゲット "PrepareProjectReferences" を省略しました。以前に正しくビルドされていました。
16:55:14.548     3>ファイル "C:\Program Files\Microsoft Visual Studio\18\Community\MSBuild\Current\Bin\Microsoft.Common.CurrentVersion.targets" 内にある、プロジェクト "C:\CG\CG2_00_01\submission_ready_20260730_165019\LE3C_26_ヨシノ_ゲント\02_プロジェクト\CG2_00_01-CG4_-2\project\externals\imgui\imgui.vcxproj" からのターゲット "BuildCompileTraverse: (ターゲット ID: 50)" (ターゲット "BuildCompile" は依存):
16:55:14.548     3>プロジェクト "imgui.vcxproj" 内のターゲット "BuildCompileTraverse" のビルドが終了しました。: (ターゲット ID: 50)
                   ターゲット "PrepareForBuild" を省略しました。以前に正しくビルドされていました。
                   ターゲット "ResolveReferences" を省略しました。以前に正しくビルドされていました。
16:55:14.548     3>ファイル "C:\Program Files\Microsoft Visual Studio\18\Community\MSBuild\Microsoft\VC\v180\Microsoft.CppBuild.targets" 内にある、プロジェクト "C:\CG\CG2_00_01\submission_ready_20260730_165019\LE3C_26_ヨシノ_ゲント\02_プロジェクト\CG2_00_01-CG4_-2\project\externals\imgui\imgui.vcxproj" からのターゲット "BeforeClCompile: (ターゲット ID: 51)" (ターゲット "_ClCompile" は依存):
16:55:14.548     3>プロジェクト "imgui.vcxproj" 内のターゲット "BeforeClCompile" のビルドが終了しました。: (ターゲット ID: 51)
                   ターゲット "ComputeMIDLGeneratedCompileInputs" を省略しました。以前に正しくビルドされていました。
16:55:14.548     3>ファイル "C:\Program Files\Microsoft Visual Studio\18\Community\MSBuild\Microsoft\VC\v180\Microsoft.CppBuild.targets" 内にある、プロジェクト "C:\CG\CG2_00_01\submission_ready_20260730_165019\LE3C_26_ヨシノ_ゲント\02_プロジェクト\CG2_00_01-CG4_-2\project\externals\imgui\imgui.vcxproj" からのターゲット "ComputeCLInputPDBName: (ターゲット ID: 52)" (ターゲット "_ClCompile" は依存):
16:55:14.548     3>プロジェクト "imgui.vcxproj" 内のターゲット "ComputeCLInputPDBName" のビルドが終了しました。: (ターゲット ID: 52)
                   ターゲット "ResolveReferences" を省略しました。以前に正しくビルドされていました。
16:55:14.548     3>ファイル "C:\Program Files\Microsoft Visual Studio\18\Community\MSBuild\Current\Bin\Microsoft.Common.CurrentVersion.targets" 内にある、プロジェクト "C:\CG\CG2_00_01\submission_ready_20260730_165019\LE3C_26_ヨシノ_ゲント\02_プロジェクト\CG2_00_01-CG4_-2\project\externals\imgui\imgui.vcxproj" からのターゲット "FindReferenceAssembliesForReferences: (ターゲット ID: 53)" (ターゲット "ComputeReferenceCLInput" は依存):
16:55:14.548     3>プロジェクト "imgui.vcxproj" 内のターゲット "FindReferenceAssembliesForReferences" のビルドが終了しました。: (ターゲット ID: 53)
16:55:14.548     3>ファイル "C:\Program Files\Microsoft Visual Studio\18\Community\MSBuild\Microsoft\VC\v180\Microsoft.CppBuild.targets" 内にある、プロジェクト "C:\CG\CG2_00_01\submission_ready_20260730_165019\LE3C_26_ヨシノ_ゲント\02_プロジェクト\CG2_00_01-CG4_-2\project\externals\imgui\imgui.vcxproj" からのターゲット "GetReferencedVCProjectsInfo: (ターゲット ID: 54)" (ターゲット "ComputeReferenceCLInput" は依存):
16:55:14.548     3>プロジェクト "imgui.vcxproj" 内のターゲット "GetReferencedVCProjectsInfo" のビルドが終了しました。: (ターゲット ID: 54)
16:55:14.548     3>ファイル "C:\Program Files\Microsoft Visual Studio\18\Community\MSBuild\Microsoft\VC\v180\Microsoft.CppBuild.targets" 内にある、プロジェクト "C:\CG\CG2_00_01\submission_ready_20260730_165019\LE3C_26_ヨシノ_ゲント\02_プロジェクト\CG2_00_01-CG4_-2\project\externals\imgui\imgui.vcxproj" からのターゲット "ComputeReferenceCLInput: (ターゲット ID: 55)" (ターゲット "_ClCompile" は依存):
16:55:14.548     3>プロジェクト "imgui.vcxproj" 内のターゲット "ComputeReferenceCLInput" のビルドが終了しました。: (ターゲット ID: 55)
16:55:14.548     3>ファイル "C:\Program Files\Microsoft Visual Studio\18\Community\MSBuild\Microsoft\VC\v180\Microsoft.CppBuild.targets" 内にある、プロジェクト "C:\CG\CG2_00_01\submission_ready_20260730_165019\LE3C_26_ヨシノ_ゲント\02_プロジェクト\CG2_00_01-CG4_-2\project\externals\imgui\imgui.vcxproj" からのターゲット "WarnCompileDuplicatedFilename: (ターゲット ID: 56)" (ターゲット "_ClCompile" は依存):
16:55:14.549     3>プロジェクト "imgui.vcxproj" 内のターゲット "WarnCompileDuplicatedFilename" のビルドが終了しました。: (ターゲット ID: 56)
16:55:14.549     3>ファイル "C:\Program Files\Microsoft Visual Studio\18\Community\MSBuild\Microsoft\VC\v180\Microsoft.CppCommon.targets" 内にある、プロジェクト "C:\CG\CG2_00_01\submission_ready_20260730_165019\LE3C_26_ヨシノ_ゲント\02_プロジェクト\CG2_00_01-CG4_-2\project\externals\imgui\imgui.vcxproj" からのターゲット "SetCppLanguageStandardCapabilities: (ターゲット ID: 57)" (ターゲット "ComputeStdModulesCompileInputs" は依存):
16:55:14.549     3>プロジェクト "imgui.vcxproj" 内のターゲット "SetCppLanguageStandardCapabilities" のビルドが終了しました。: (ターゲット ID: 57)
16:55:14.549     3>ファイル "C:\Program Files\Microsoft Visual Studio\18\Community\MSBuild\Microsoft\VC\v180\Microsoft.CppCommon.targets" 内にある、プロジェクト "C:\CG\CG2_00_01\submission_ready_20260730_165019\LE3C_26_ヨシノ_ゲント\02_プロジェクト\CG2_00_01-CG4_-2\project\externals\imgui\imgui.vcxproj" からのターゲット "ComputeStdModulesCompileInputs: (ターゲット ID: 58)" (ターゲット "_ClCompile" は依存):
16:55:14.549     3>プロジェクト "imgui.vcxproj" 内のターゲット "ComputeStdModulesCompileInputs" のビルドが終了しました。: (ターゲット ID: 58)
                   ターゲット "SetCppLanguageStandardCapabilities" を省略しました。以前に正しくビルドされていました。
16:55:14.549     3>ファイル "C:\Program Files\Microsoft Visual Studio\18\Community\MSBuild\Microsoft\VC\v180\Microsoft.CppCommon.targets" 内にある、プロジェクト "C:\CG\CG2_00_01\submission_ready_20260730_165019\LE3C_26_ヨシノ_ゲント\02_プロジェクト\CG2_00_01-CG4_-2\project\externals\imgui\imgui.vcxproj" からのターゲット "FixupCLCompileOptions: (ターゲット ID: 59)" (ターゲット "_ClCompile" は依存):
                   プロパティの設定: _PCHForceSyncWrite=true
16:55:14.551     3>プロジェクト "imgui.vcxproj" 内のターゲット "FixupCLCompileOptions" のビルドが終了しました。: (ターゲット ID: 59)
16:55:14.551     3>ファイル "C:\Program Files\Microsoft Visual Studio\18\Community\MSBuild\Microsoft\VC\v180\Microsoft.CppBuild.targets" 内にある、プロジェクト "C:\CG\CG2_00_01\submission_ready_20260730_165019\LE3C_26_ヨシノ_ゲント\02_プロジェクト\CG2_00_01-CG4_-2\project\externals\imgui\imgui.vcxproj" からのターゲット "MakeDirsForCl: (ターゲット ID: 60)" (ターゲット "_ClCompile" は依存):
                   追加項目: ClDirsToMake=C:\CG\CG2_00_01\submission_ready_20260730_165019\LE3C_26_ヨシノ_ゲント\02_プロジェクト\CG2_00_01-CG4_-2\project\..\generated\obj\imgui\Debug
                   追加項目: ClDirsToMake=C:\CG\CG2_00_01\submission_ready_20260730_165019\LE3C_26_ヨシノ_ゲント\02_プロジェクト\CG2_00_01-CG4_-2\project\..\generated\outputs\Debug
                   追加項目: ClDirsToMake=C:\CG\CG2_00_01\submission_ready_20260730_165019\LE3C_26_ヨシノ_ゲント\02_プロジェクト\CG2_00_01-CG4_-2\project\..\generated\obj\imgui\Debug
                   追加項目: ClDirsToMake=C:\CG\CG2_00_01\submission_ready_20260730_165019\LE3C_26_ヨシノ_ゲント\02_プロジェクト\CG2_00_01-CG4_-2\project\..\generated\obj\imgui\Debug
                   タスク "MakeDir" (TaskId: 33)
                     タスク パラメーター:
                         Directories=
                             C:\CG\CG2_00_01\submission_ready_20260730_165019\LE3C_26_ヨシノ_ゲント\02_プロジェクト\CG2_00_01-CG4_-2\project\..\generated\obj\imgui\Debug
                             C:\CG\CG2_00_01\submission_ready_20260730_165019\LE3C_26_ヨシノ_ゲント\02_プロジェクト\CG2_00_01-CG4_-2\project\..\generated\outputs\Debug
                             C:\CG\CG2_00_01\submission_ready_20260730_165019\LE3C_26_ヨシノ_ゲント\02_プロジェクト\CG2_00_01-CG4_-2\project\..\generated\obj\imgui\Debug
                             C:\CG\CG2_00_01\submission_ready_20260730_165019\LE3C_26_ヨシノ_ゲント\02_プロジェクト\CG2_00_01-CG4_-2\project\..\generated\obj\imgui\Debug (TaskId: 33)
                   タスク "MakeDir" の実行が終了しました。 (TaskId: 33)
                   削除された項目: 
                       ClDirsToMake=
                           C:\CG\CG2_00_01\submission_ready_20260730_165019\LE3C_26_ヨシノ_ゲント\02_プロジェクト\CG2_00_01-CG4_-2\project\..\generated\obj\imgui\Debug
                           C:\CG\CG2_00_01\submission_ready_20260730_165019\LE3C_26_ヨシノ_ゲント\02_プロジェクト\CG2_00_01-CG4_-2\project\..\generated\outputs\Debug
                           C:\CG\CG2_00_01\submission_ready_20260730_165019\LE3C_26_ヨシノ_ゲント\02_プロジェクト\CG2_00_01-CG4_-2\project\..\generated\obj\imgui\Debug
                           C:\CG\CG2_00_01\submission_ready_20260730_165019\LE3C_26_ヨシノ_ゲント\02_プロジェクト\CG2_00_01-CG4_-2\project\..\generated\obj\imgui\Debug
16:55:14.551     3>プロジェクト "imgui.vcxproj" 内のターゲット "MakeDirsForCl" のビルドが終了しました。: (ターゲット ID: 60)
                   ターゲット "_SelectedFiles" を省略しました。以前に正しくビルドされていました。
                   ターゲット "ComputeMIDLGeneratedCompileInputs" を省略しました。以前に正しくビルドされていました。
                   ターゲット "ComputeCLInputPDBName" を省略しました。以前に正しくビルドされていました。
                   ターゲット "ComputeReferenceCLInput" を省略しました。以前に正しくビルドされていました。
                   ターゲット "WarnCompileDuplicatedFilename" を省略しました。以前に正しくビルドされていました。
                   ターゲット "ComputeStdModulesCompileInputs" を省略しました。以前に正しくビルドされていました。
                   ターゲット "FixupCLCompileOptions" を省略しました。以前に正しくビルドされていました。
                   ターゲット "SelectCustomBuild" を省略しました。以前に正しくビルドされていました。
16:55:14.551     3>ファイル "C:\Program Files\Microsoft Visual Studio\18\Community\MSBuild\Microsoft\VC\v180\Microsoft.CppBuild.targets" 内にある、プロジェクト "C:\CG\CG2_00_01\submission_ready_20260730_165019\LE3C_26_ヨシノ_ゲント\02_プロジェクト\CG2_00_01-CG4_-2\project\externals\imgui\imgui.vcxproj" からのターゲット "SelectClCompile: (ターゲット ID: 61)" (ターゲット "ClCompile" は依存):
16:55:14.551     3>プロジェクト "imgui.vcxproj" 内のターゲット "SelectClCompile" のビルドが終了しました。: (ターゲット ID: 61)
16:55:14.551     3>ファイル "C:\Program Files\Microsoft Visual Studio\18\Community\MSBuild\Microsoft\VC\v180\Microsoft.CppCommon.targets" 内にある、プロジェクト "C:\CG\CG2_00_01\submission_ready_20260730_165019\LE3C_26_ヨシノ_ゲント\02_プロジェクト\CG2_00_01-CG4_-2\project\externals\imgui\imgui.vcxproj" からのターゲット "ClCompile: (ターゲット ID: 62)" (ターゲット "_ClCompile" は依存):
                   プロパティの設定: CLToolArchitecture=Native32Bit
                   "CL" タスクをアセンブリ "C:\Program Files\Microsoft Visual Studio\18\Community\MSBuild\Microsoft\VC\v180\Microsoft.Build.CppTasks.Common.dll" から使用しています。
                   タスク "CL" (TaskId: 34)
                     タスク パラメーター:IgnoreStandardIncludePath=False (TaskId: 34)
                     タスク パラメーター:SmallerTypeCheck=False (TaskId: 34)
                     タスク パラメーター:SupportJustMyCode=True (TaskId: 34)
                     タスク パラメーター:ConformanceMode=true (TaskId: 34)
                     タスク パラメーター:PrecompiledHeader=NotUsing (TaskId: 34)
                     タスク パラメーター:BrowseInformation=False (TaskId: 34)
                     タスク パラメーター:PreprocessSuppressLineNumbers=False (TaskId: 34)
                     タスク パラメーター:
                         ExcludedInputPaths=
                             C:\Program Files\Microsoft Visual Studio\18\Community\VC\Tools\MSVC\14.51.36231\include
                             C:\Program Files\Microsoft Visual Studio\18\Community\VC\Tools\MSVC\14.51.36231\atlmfc\include
                             C:\Program Files\Microsoft Visual Studio\18\Community\VC\Auxiliary\VS\include
                             C:\Program Files (x86)\Windows Kits\10\Include\10.0.26100.0\ucrt
                             C:\Program Files (x86)\Windows Kits\10\Include\10.0.26100.0\um
                             C:\Program Files (x86)\Windows Kits\10\Include\10.0.26100.0\shared
                             C:\Program Files (x86)\Windows Kits\10\Include\10.0.26100.0\winrt
                             C:\Program Files (x86)\Windows Kits\10\Include\10.0.26100.0\cppwinrt
                             C:\Program Files (x86)\Windows Kits\NETFXSDK\4.8.1\Include\um
                             C:\Program Files\Microsoft Visual Studio\18\Community\VC\Tools\MSVC\14.51.36231\bin\HostArm64\arm64\1033
                             C:\Program Files\Microsoft Visual Studio\18\Community\VC\Tools\MSVC\14.51.36231\bin\HostArm64\arm\1033
                             C:\Program Files\Microsoft Visual Studio\18\Community\VC\Tools\MSVC\14.51.36231\bin\HostArm64\x64\1033
                             C:\Program Files\Microsoft Visual Studio\18\Community\VC\Tools\MSVC\14.51.36231\bin\HostArm64\x86\1033
                             C:\Program Files\Microsoft Visual Studio\18\Community\VC\Tools\MSVC\14.51.36231\bin\HostX86\arm64\1033
                             C:\Program Files\Microsoft Visual Studio\18\Community\VC\Tools\MSVC\14.51.36231\bin\HostX86\x64\1033
                             C:\Program Files\Microsoft Visual Studio\18\Community\VC\Tools\MSVC\14.51.36231\bin\HostX86\x86\1033
                             C:\Program Files\Microsoft Visual Studio\18\Community\VC\Tools\MSVC\14.51.36231\bin\HostX64\arm64\1033
                             C:\Program Files\Microsoft Visual Studio\18\Community\VC\Tools\MSVC\14.51.36231\bin\HostX64\arm\1033
                             C:\Program Files\Microsoft Visual Studio\18\Community\VC\Tools\MSVC\14.51.36231\bin\HostX64\x64\1033
                             C:\Program Files\Microsoft Visual Studio\18\Community\VC\Tools\MSVC\14.51.36231\bin\HostX64\x86\1033
                             C:\Program Files (x86)\Windows Kits\10\bin\10.0.26100.0\x86
                             C:\Program Files (x86)\Microsoft SDKs\Windows\v10.0A\bin\NETFX 4.8.1 Tools
                             C:\Program Files\Microsoft Visual Studio\18\Community\Common7\tools
                             C:\Program Files\Microsoft Visual Studio\18\Community\Common7\ide
                             C:\Program Files (x86)\HTML Help Workshop
                             C:\Program Files\Microsoft Visual Studio\18\Community\MSBuild\Current\Bin
                             C:\WINDOWS\Microsoft.NET\Framework\v4.0.30319\
                             C:\Program Files\Microsoft Visual Studio\18\Community\MSBuild\Current\Bin
                             C:\WINDOWS\Microsoft.NET\Framework\v4.0.30319\
                             C:\WINDOWS
                             C:\Program Files\Microsoft Visual Studio\18\Community\VC\Tools\MSVC\14.51.36231\bin\HostX86\x64
                             C:\Program Files\Microsoft Visual Studio\18\Community\VC\Tools\MSVC\14.51.36231\bin\HostX86\x86
                             C:\Program Files\Microsoft Visual Studio\18\Community\VC\Tools\MSVC\14.51.36231\lib\x64
                             C:\Program Files\Microsoft Visual Studio\18\Community\VC\Tools\MSVC\14.51.36231\atlmfc\lib\x64
                             C:\Program Files\Microsoft Visual Studio\18\Community\VC\Auxiliary\VS\lib\x64
                             C:\Program Files (x86)\Windows Kits\10\lib\10.0.26100.0\ucrt\x64 (TaskId: 34)
                     タスク パラメーター:BufferSecurityCheck=true (TaskId: 34)
                     タスク パラメーター:TreatAngleIncludeAsExternal=False (TaskId: 34)
                     タスク パラメーター:CompileAs=CompileAsCpp (TaskId: 34)
                     タスク パラメーター:MinimalRebuildFromTracking=True (TaskId: 34)
                     タスク パラメーター:ModuleDependenciesFile=C:\CG\CG2_00_01\submission_ready_20260730_165019\LE3C_26_ヨシノ_ゲント\02_プロジェクト\CG2_00_01-CG4_-2\project\..\generated\obj\imgui\Debug\ (TaskId: 34)
                     タスク パラメーター:WholeProgramOptimization=False (TaskId: 34)
                     タスク パラメーター:ToolArchitecture=Native32Bit (TaskId: 34)
                     タスク パラメーター:TrackerLogDirectory=C:\CG\CG2_00_01\submission_ready_20260730_165019\LE3C_26_ヨシノ_ゲント\02_プロジェクト\CG2_00_01-CG4_-2\project\..\generated\obj\imgui\Debug\imgui.tlog\ (TaskId: 34)
                     タスク パラメーター:WarningLevel=Level3 (TaskId: 34)
                     タスク パラメーター:TreatWChar_tAsBuiltInType=True (TaskId: 34)
                     タスク パラメーター:SpectreMitigation=false (TaskId: 34)
                     タスク パラメーター:WinRTNoStdLib=False (TaskId: 34)
                     タスク パラメーター:BrowseInformationFile=C:\CG\CG2_00_01\submission_ready_20260730_165019\LE3C_26_ヨシノ_ゲント\02_プロジェクト\CG2_00_01-CG4_-2\project\..\generated\obj\imgui\Debug\ (TaskId: 34)
                     タスク パラメーター:XMLDocumentationFileName=C:\CG\CG2_00_01\submission_ready_20260730_165019\LE3C_26_ヨシノ_ゲント\02_プロジェクト\CG2_00_01-CG4_-2\project\..\generated\obj\imgui\Debug\ (TaskId: 34)
                     タスク パラメーター:ExpandAttributedSource=False (TaskId: 34)
                     タスク パラメーター:DebugInformationFormat=EditAndContinue (TaskId: 34)
                     タスク パラメーター:EnableFuzzer=False (TaskId: 34)
                     タスク パラメーター:MinimalRebuild=False (TaskId: 34)
                     タスク パラメーター:Optimization=Disabled (TaskId: 34)
                     タスク パラメーター:SourceDependenciesFile=C:\CG\CG2_00_01\submission_ready_20260730_165019\LE3C_26_ヨシノ_ゲント\02_プロジェクト\CG2_00_01-CG4_-2\project\..\generated\obj\imgui\Debug\ (TaskId: 34)
                     タスク パラメーター:InlineFunctionExpansion=Default (TaskId: 34)
                     タスク パラメーター:GenerateModuleDependencies=False (TaskId: 34)
                     タスク パラメーター:SDLCheck=True (TaskId: 34)
                     タスク パラメーター:
                         Sources=
                             imgui.cpp
                                     AcceptableNonZeroExitCodes=
                                     AnalyzeExternalRuleset=
                                     AssemblerListingLocation=
                                     AssemblerOutput=NoListing
                                     BasicRuntimeChecks=EnableFastChecks
                                     BrowseInformation=false
                                     BrowseInformationFile=C:\CG\CG2_00_01\submission_ready_20260730_165019\LE3C_26_ヨシノ_ゲント\02_プロジェクト\CG2_00_01-CG4_-2\project\..\generated\obj\imgui\Debug\
                                     BufferSecurityCheck=true
                                     BuildingInIDE=
                                     BuildStlModules=false
                                     CallingConvention=Cdecl
                                     CompileAs=CompileAsCpp
                                     ConformanceMode=true
                                     CppLanguageStandardNumber=14
                                     DebugInformationFormat=EditAndContinue
                                     DiagnosticsFormat=Column
                                     DisableAnalyzeExternal=
                                     DisableLanguageExtensions=false
                                     EnableASAN=false
                                     EnableEnhancedInstructionSet=NotSet
                                     EnableFiberSafeOptimizations=false
                                     EnableFuzzer=false
                                     EnableVectorLength=
                                     ErrorReporting=Queue
                                     ExceptionHandling=Sync
                                     ExcludedInputPaths=C:\Program Files\Microsoft Visual Studio\18\Community\VC\Tools\MSVC\14.51.36231\include;;C:\Program Files\Microsoft Visual Studio\18\Community\VC\Tools\MSVC\14.51.36231\atlmfc\include;;C:\Program Files\Microsoft Visual Studio\18\Community\VC\Auxiliary\VS\include;;C:\Program Files (x86)\Windows Kits\10\Include\10.0.26100.0\ucrt;;;C:\Program Files (x86)\Windows Kits\10\Include\10.0.26100.0\um;C:\Program Files (x86)\Windows Kits\10\Include\10.0.26100.0\shared;C:\Program Files (x86)\Windows Kits\10\Include\10.0.26100.0\winrt;C:\Program Files (x86)\Windows Kits\10\Include\10.0.26100.0\cppwinrt;C:\Program Files (x86)\Windows Kits\NETFXSDK\4.8.1\Include\um;C:\Program Files\Microsoft Visual Studio\18\Community\VC\Tools\MSVC\14.51.36231\bin\HostArm64\arm64\1033;C:\Program Files\Microsoft Visual Studio\18\Community\VC\Tools\MSVC\14.51.36231\bin\HostArm64\arm\1033;C:\Program Files\Microsoft Visual Studio\18\Community\VC\Tools\MSVC\14.51.36231\bin\HostArm64\x64\1033;C:\Program Files\Microsoft Visual Studio\18\Community\VC\Tools\MSVC\14.51.36231\bin\HostArm64\x86\1033;C:\Program Files\Microsoft Visual Studio\18\Community\VC\Tools\MSVC\14.51.36231\bin\HostX86\arm64\1033;C:\Program Files\Microsoft Visual Studio\18\Community\VC\Tools\MSVC\14.51.36231\bin\HostX86\x64\1033;C:\Program Files\Microsoft Visual Studio\18\Community\VC\Tools\MSVC\14.51.36231\bin\HostX86\x86\1033;C:\Program Files\Microsoft Visual Studio\18\Community\VC\Tools\MSVC\14.51.36231\bin\HostX64\arm64\1033;C:\Program Files\Microsoft Visual Studio\18\Community\VC\Tools\MSVC\14.51.36231\bin\HostX64\arm\1033;C:\Program Files\Microsoft Visual Studio\18\Community\VC\Tools\MSVC\14.51.36231\bin\HostX64\x64\1033;C:\Program Files\Microsoft Visual Studio\18\Community\VC\Tools\MSVC\14.51.36231\bin\HostX64\x86\1033;;;;;;;;;;;;;C:\Program Files (x86)\Windows Kits\10\bin\10.0.26100.0\x86;;C:\Program Files (x86)\Microsoft SDKs\Windows\v10.0A\bin\NETFX 4.8.1 Tools;C:\Program Files\Microsoft Visual Studio\18\Community\Common7\tools;C:\Program Files\Microsoft Visual Studio\18\Community\Common7\ide;C:\Program Files (x86)\HTML Help Workshop;;;C:\Program Files\Microsoft Visual Studio\18\Community\MSBuild\Current\Bin;C:\WINDOWS\Microsoft.NET\Framework\v4.0.30319\;C:\Program Files\Microsoft Visual Studio\18\Community\MSBuild\Current\Bin;C:\WINDOWS\Microsoft.NET\Framework\v4.0.30319\;C:\WINDOWS;C:\Program Files\Microsoft Visual Studio\18\Community\VC\Tools\MSVC\14.51.36231\bin\HostX86\x64;C:\Program Files\Microsoft Visual Studio\18\Community\VC\Tools\MSVC\14.51.36231\bin\HostX86\x86;C:\Program Files\Microsoft Visual Studio\18\Community\VC\Tools\MSVC\14.51.36231\lib\x64;;C:\Program Files\Microsoft Visual Studio\18\Community\VC\Tools\MSVC\14.51.36231\atlmfc\lib\x64;;C:\Program Files\Microsoft Visual Studio\18\Community\VC\Auxiliary\VS\lib\x64;;C:\Program Files (x86)\Windows Kits\10\lib\10.0.26100.0\ucrt\x64;;
                                     ExpandAttributedSource=false
                                     ExternalWarningLevel=Level3
                                     FavorSizeOrSpeed=Neither
                                     FloatingPointModel=Precise
                                     ForceConformanceInForLoopScope=true
                                     ForcedIncludeFiles=
                                     ForcedUsingFiles=
                                     GenerateModuleDependencies=false
                                     GenerateSourceDependencies=false
                                     GenerateXMLDocumentationFiles=false
                                     IgnoreStandardIncludePath=false
                                     ImpLibCompiled=
                                     InlineFunctionExpansion=Default
                                     IntelJCCErratum=false
                                     IntrinsicFunctions=false
                                     LanguageStandard=Default
                                     LanguageStandard_C=Default
                                     LibCompiled=true
                                     LinkCompiled=
                                     MinimalRebuild=false
                                     MinimalRebuildFromTracking=true
                                     ModuleDependenciesFile=C:\CG\CG2_00_01\submission_ready_20260730_165019\LE3C_26_ヨシノ_ゲント\02_プロジェクト\CG2_00_01-CG4_-2\project\..\generated\obj\imgui\Debug\
                                     ModuleOutputFile=
                                     ObjectFileName=C:\CG\CG2_00_01\submission_ready_20260730_165019\LE3C_26_ヨシノ_ゲント\02_プロジェクト\CG2_00_01-CG4_-2\project\..\generated\obj\imgui\Debug\
                                     OmitDefaultLibName=false
                                     Optimization=Disabled
                                     PrecompiledHeader=NotUsing
                                     PrecompiledHeaderFile=
                                     PrecompiledHeaderOutputFile=
                                     PreprocessKeepComments=false
                                     PreprocessorDefinitions=_DEBUG;_LIB;USE_IMGUI;_UNICODE;UNICODE;
                                     PreprocessSuppressLineNumbers=false
                                     PreprocessToFile=false
                                     ProgramDataBaseFileName=C:\CG\CG2_00_01\submission_ready_20260730_165019\LE3C_26_ヨシノ_ゲント\02_プロジェクト\CG2_00_01-CG4_-2\project\..\generated\outputs\Debug\imgui.pdb
                                     RemoveUnreferencedCodeData=true
                                     RuntimeLibrary=MultiThreadedDebug
                                     ScanSourceForModuleDependencies=false
                                     SDLCheck=true
                                     ShowIncludes=false
                                     SmallerTypeCheck=false
                                     SourceDependenciesFile=C:\CG\CG2_00_01\submission_ready_20260730_165019\LE3C_26_ヨシノ_ゲント\02_プロジェクト\CG2_00_01-CG4_-2\project\..\generated\obj\imgui\Debug\
                                     SpectreMitigation=false
                                     StructMemberAlignment=Default
                                     SupportJustMyCode=true
                                     SuppressStartupBanner=true
                                     TrackerLogDirectory=C:\CG\CG2_00_01\submission_ready_20260730_165019\LE3C_26_ヨシノ_ゲント\02_プロジェクト\CG2_00_01-CG4_-2\project\..\generated\obj\imgui\Debug\imgui.tlog\
                                     TranslateIncludes=false
                                     TreatAngleIncludeAsExternal=false
                                     TreatExternalTemplatesAsInternal=true
                                     TreatWarningAsError=false
                                     TreatWChar_tAsBuiltInType=true
                                     UndefineAllPreprocessorDefinitions=false
                                     UseDynamicDebugging=false
                                     UseFullPaths=true
                                     UseUnicodeForAssemblerListing=
                                     WarningLevel=Level3
                                     WholeProgramOptimization=false
                                     WinRTNoStdLib=false
                                     XMLDocumentationFileName=C:\CG\CG2_00_01\submission_ready_20260730_165019\LE3C_26_ヨシノ_ゲント\02_プロジェクト\CG2_00_01-CG4_-2\project\..\generated\obj\imgui\Debug\
                             imgui_demo.cpp
                                     AcceptableNonZeroExitCodes=
                                     AnalyzeExternalRuleset=
                                     AssemblerListingLocation=
                                     AssemblerOutput=NoListing
                                     BasicRuntimeChecks=EnableFastChecks
                                     BrowseInformation=false
                                     BrowseInformationFile=C:\CG\CG2_00_01\submission_ready_20260730_165019\LE3C_26_ヨシノ_ゲント\02_プロジェクト\CG2_00_01-CG4_-2\project\..\generated\obj\imgui\Debug\
                                     BufferSecurityCheck=true
                                     BuildingInIDE=
                                     BuildStlModules=false
                                     CallingConvention=Cdecl
                                     CompileAs=CompileAsCpp
                                     ConformanceMode=true
                                     CppLanguageStandardNumber=14
                                     DebugInformationFormat=EditAndContinue
                                     DiagnosticsFormat=Column
                                     DisableAnalyzeExternal=
                                     DisableLanguageExtensions=false
                                     EnableASAN=false
                                     EnableEnhancedInstructionSet=NotSet
                                     EnableFiberSafeOptimizations=false
                                     EnableFuzzer=false
                                     EnableVectorLength=
                                     ErrorReporting=Queue
                                     ExceptionHandling=Sync
                                     ExcludedInputPaths=C:\Program Files\Microsoft Visual Studio\18\Community\VC\Tools\MSVC\14.51.36231\include;;C:\Program Files\Microsoft Visual Studio\18\Community\VC\Tools\MSVC\14.51.36231\atlmfc\include;;C:\Program Files\Microsoft Visual Studio\18\Community\VC\Auxiliary\VS\include;;C:\Program Files (x86)\Windows Kits\10\Include\10.0.26100.0\ucrt;;;C:\Program Files (x86)\Windows Kits\10\Include\10.0.26100.0\um;C:\Program Files (x86)\Windows Kits\10\Include\10.0.26100.0\shared;C:\Program Files (x86)\Windows Kits\10\Include\10.0.26100.0\winrt;C:\Program Files (x86)\Windows Kits\10\Include\10.0.26100.0\cppwinrt;C:\Program Files (x86)\Windows Kits\NETFXSDK\4.8.1\Include\um;C:\Program Files\Microsoft Visual Studio\18\Community\VC\Tools\MSVC\14.51.36231\bin\HostArm64\arm64\1033;C:\Program Files\Microsoft Visual Studio\18\Community\VC\Tools\MSVC\14.51.36231\bin\HostArm64\arm\1033;C:\Program Files\Microsoft Visual Studio\18\Community\VC\Tools\MSVC\14.51.36231\bin\HostArm64\x64\1033;C:\Program Files\Microsoft Visual Studio\18\Community\VC\Tools\MSVC\14.51.36231\bin\HostArm64\x86\1033;C:\Program Files\Microsoft Visual Studio\18\Community\VC\Tools\MSVC\14.51.36231\bin\HostX86\arm64\1033;C:\Program Files\Microsoft Visual Studio\18\Community\VC\Tools\MSVC\14.51.36231\bin\HostX86\x64\1033;C:\Program Files\Microsoft Visual Studio\18\Community\VC\Tools\MSVC\14.51.36231\bin\HostX86\x86\1033;C:\Program Files\Microsoft Visual Studio\18\Community\VC\Tools\MSVC\14.51.36231\bin\HostX64\arm64\1033;C:\Program Files\Microsoft Visual Studio\18\Community\VC\Tools\MSVC\14.51.36231\bin\HostX64\arm\1033;C:\Program Files\Microsoft Visual Studio\18\Community\VC\Tools\MSVC\14.51.36231\bin\HostX64\x64\1033;C:\Program Files\Microsoft Visual Studio\18\Community\VC\Tools\MSVC\14.51.36231\bin\HostX64\x86\1033;;;;;;;;;;;;;C:\Program Files (x86)\Windows Kits\10\bin\10.0.26100.0\x86;;C:\Program Files (x86)\Microsoft SDKs\Windows\v10.0A\bin\NETFX 4.8.1 Tools;C:\Program Files\Microsoft Visual Studio\18\Community\Common7\tools;C:\Program Files\Microsoft Visual Studio\18\Community\Common7\ide;C:\Program Files (x86)\HTML Help Workshop;;;C:\Program Files\Microsoft Visual Studio\18\Community\MSBuild\Current\Bin;C:\WINDOWS\Microsoft.NET\Framework\v4.0.30319\;C:\Program Files\Microsoft Visual Studio\18\Community\MSBuild\Current\Bin;C:\WINDOWS\Microsoft.NET\Framework\v4.0.30319\;C:\WINDOWS;C:\Program Files\Microsoft Visual Studio\18\Community\VC\Tools\MSVC\14.51.36231\bin\HostX86\x64;C:\Program Files\Microsoft Visual Studio\18\Community\VC\Tools\MSVC\14.51.36231\bin\HostX86\x86;C:\Program Files\Microsoft Visual Studio\18\Community\VC\Tools\MSVC\14.51.36231\lib\x64;;C:\Program Files\Microsoft Visual Studio\18\Community\VC\Tools\MSVC\14.51.36231\atlmfc\lib\x64;;C:\Program Files\Microsoft Visual Studio\18\Community\VC\Auxiliary\VS\lib\x64;;C:\Program Files (x86)\Windows Kits\10\lib\10.0.26100.0\ucrt\x64;;
                                     ExpandAttributedSource=false
                                     ExternalWarningLevel=Level3
                                     FavorSizeOrSpeed=Neither
                                     FloatingPointModel=Precise
                                     ForceConformanceInForLoopScope=true
                                     ForcedIncludeFiles=
                                     ForcedUsingFiles=
                                     GenerateModuleDependencies=false
                                     GenerateSourceDependencies=false
                                     GenerateXMLDocumentationFiles=false
                                     IgnoreStandardIncludePath=false
                                     ImpLibCompiled=
                                     InlineFunctionExpansion=Default
                                     IntelJCCErratum=false
                                     IntrinsicFunctions=false
                                     LanguageStandard=Default
                                     LanguageStandard_C=Default
                                     LibCompiled=true
                                     LinkCompiled=
                                     MinimalRebuild=false
                                     MinimalRebuildFromTracking=true
                                     ModuleDependenciesFile=C:\CG\CG2_00_01\submission_ready_20260730_165019\LE3C_26_ヨシノ_ゲント\02_プロジェクト\CG2_00_01-CG4_-2\project\..\generated\obj\imgui\Debug\
                                     ModuleOutputFile=
                                     ObjectFileName=C:\CG\CG2_00_01\submission_ready_20260730_165019\LE3C_26_ヨシノ_ゲント\02_プロジェクト\CG2_00_01-CG4_-2\project\..\generated\obj\imgui\Debug\
                                     OmitDefaultLibName=false
                                     Optimization=Disabled
                                     PrecompiledHeader=NotUsing
                                     PrecompiledHeaderFile=
                                     PrecompiledHeaderOutputFile=
                                     PreprocessKeepComments=false
                                     PreprocessorDefinitions=_DEBUG;_LIB;USE_IMGUI;_UNICODE;UNICODE;
                                     PreprocessSuppressLineNumbers=false
                                     PreprocessToFile=false
                                     ProgramDataBaseFileName=C:\CG\CG2_00_01\submission_ready_20260730_165019\LE3C_26_ヨシノ_ゲント\02_プロジェクト\CG2_00_01-CG4_-2\project\..\generated\outputs\Debug\imgui.pdb
                                     RemoveUnreferencedCodeData=true
                                     RuntimeLibrary=MultiThreadedDebug
                                     ScanSourceForModuleDependencies=false
                                     SDLCheck=true
                                     ShowIncludes=false
                                     SmallerTypeCheck=false
                                     SourceDependenciesFile=C:\CG\CG2_00_01\submission_ready_20260730_165019\LE3C_26_ヨシノ_ゲント\02_プロジェクト\CG2_00_01-CG4_-2\project\..\generated\obj\imgui\Debug\
                                     SpectreMitigation=false
                                     StructMemberAlignment=Default
                                     SupportJustMyCode=true
                                     SuppressStartupBanner=true
                                     TrackerLogDirectory=C:\CG\CG2_00_01\submission_ready_20260730_165019\LE3C_26_ヨシノ_ゲント\02_プロジェクト\CG2_00_01-CG4_-2\project\..\generated\obj\imgui\Debug\imgui.tlog\
                                     TranslateIncludes=false
                                     TreatAngleIncludeAsExternal=false
                                     TreatExternalTemplatesAsInternal=true
                                     TreatWarningAsError=false
                                     TreatWChar_tAsBuiltInType=true
                                     UndefineAllPreprocessorDefinitions=false
                                     UseDynamicDebugging=false
                                     UseFullPaths=true
                                     UseUnicodeForAssemblerListing=
                                     WarningLevel=Level3
                                     WholeProgramOptimization=false
                                     WinRTNoStdLib=false
                                     XMLDocumentationFileName=C:\CG\CG2_00_01\submission_ready_20260730_165019\LE3C_26_ヨシノ_ゲント\02_プロジェクト\CG2_00_01-CG4_-2\project\..\generated\obj\imgui\Debug\
                             imgui_draw.cpp
                                     AcceptableNonZeroExitCodes=
                                     AnalyzeExternalRuleset=
                                     AssemblerListingLocation=
                                     AssemblerOutput=NoListing
                                     BasicRuntimeChecks=EnableFastChecks
                                     BrowseInformation=false
                                     BrowseInformationFile=C:\CG\CG2_00_01\submission_ready_20260730_165019\LE3C_26_ヨシノ_ゲント\02_プロジェクト\CG2_00_01-CG4_-2\project\..\generated\obj\imgui\Debug\
                                     BufferSecurityCheck=true
                                     BuildingInIDE=
                                     BuildStlModules=false
                                     CallingConvention=Cdecl
                                     CompileAs=CompileAsCpp
                                     ConformanceMode=true
                                     CppLanguageStandardNumber=14
                                     DebugInformationFormat=EditAndContinue
                                     DiagnosticsFormat=Column
                                     DisableAnalyzeExternal=
                                     DisableLanguageExtensions=false
                                     EnableASAN=false
                                     EnableEnhancedInstructionSet=NotSet
                                     EnableFiberSafeOptimizations=false
                                     EnableFuzzer=false
                                     EnableVectorLength=
                                     ErrorReporting=Queue
                                     ExceptionHandling=Sync
                                     ExcludedInputPaths=C:\Program Files\Microsoft Visual Studio\18\Community\VC\Tools\MSVC\14.51.36231\include;;C:\Program Files\Microsoft Visual Studio\18\Community\VC\Tools\MSVC\14.51.36231\atlmfc\include;;C:\Program Files\Microsoft Visual Studio\18\Community\VC\Auxiliary\VS\include;;C:\Program Files (x86)\Windows Kits\10\Include\10.0.26100.0\ucrt;;;C:\Program Files (x86)\Windows Kits\10\Include\10.0.26100.0\um;C:\Program Files (x86)\Windows Kits\10\Include\10.0.26100.0\shared;C:\Program Files (x86)\Windows Kits\10\Include\10.0.26100.0\winrt;C:\Program Files (x86)\Windows Kits\10\Include\10.0.26100.0\cppwinrt;C:\Program Files (x86)\Windows Kits\NETFXSDK\4.8.1\Include\um;C:\Program Files\Microsoft Visual Studio\18\Community\VC\Tools\MSVC\14.51.36231\bin\HostArm64\arm64\1033;C:\Program Files\Microsoft Visual Studio\18\Community\VC\Tools\MSVC\14.51.36231\bin\HostArm64\arm\1033;C:\Program Files\Microsoft Visual Studio\18\Community\VC\Tools\MSVC\14.51.36231\bin\HostArm64\x64\1033;C:\Program Files\Microsoft Visual Studio\18\Community\VC\Tools\MSVC\14.51.36231\bin\HostArm64\x86\1033;C:\Program Files\Microsoft Visual Studio\18\Community\VC\Tools\MSVC\14.51.36231\bin\HostX86\arm64\1033;C:\Program Files\Microsoft Visual Studio\18\Community\VC\Tools\MSVC\14.51.36231\bin\HostX86\x64\1033;C:\Program Files\Microsoft Visual Studio\18\Community\VC\Tools\MSVC\14.51.36231\bin\HostX86\x86\1033;C:\Program Files\Microsoft Visual Studio\18\Community\VC\Tools\MSVC\14.51.36231\bin\HostX64\arm64\1033;C:\Program Files\Microsoft Visual Studio\18\Community\VC\Tools\MSVC\14.51.36231\bin\HostX64\arm\1033;C:\Program Files\Microsoft Visual Studio\18\Community\VC\Tools\MSVC\14.51.36231\bin\HostX64\x64\1033;C:\Program Files\Microsoft Visual Studio\18\Community\VC\Tools\MSVC\14.51.36231\bin\HostX64\x86\1033;;;;;;;;;;;;;C:\Program Files (x86)\Windows Kits\10\bin\10.0.26100.0\x86;;C:\Program Files (x86)\Microsoft SDKs\Windows\v10.0A\bin\NETFX 4.8.1 Tools;C:\Program Files\Microsoft Visual Studio\18\Community\Common7\tools;C:\Program Files\Microsoft Visual Studio\18\Community\Common7\ide;C:\Program Files (x86)\HTML Help Workshop;;;C:\Program Files\Microsoft Visual Studio\18\Community\MSBuild\Current\Bin;C:\WINDOWS\Microsoft.NET\Framework\v4.0.30319\;C:\Program Files\Microsoft Visual Studio\18\Community\MSBuild\Current\Bin;C:\WINDOWS\Microsoft.NET\Framework\v4.0.30319\;C:\WINDOWS;C:\Program Files\Microsoft Visual Studio\18\Community\VC\Tools\MSVC\14.51.36231\bin\HostX86\x64;C:\Program Files\Microsoft Visual Studio\18\Community\VC\Tools\MSVC\14.51.36231\bin\HostX86\x86;C:\Program Files\Microsoft Visual Studio\18\Community\VC\Tools\MSVC\14.51.36231\lib\x64;;C:\Program Files\Microsoft Visual Studio\18\Community\VC\Tools\MSVC\14.51.36231\atlmfc\lib\x64;;C:\Program Files\Microsoft Visual Studio\18\Community\VC\Auxiliary\VS\lib\x64;;C:\Program Files (x86)\Windows Kits\10\lib\10.0.26100.0\ucrt\x64;;
                                     ExpandAttributedSource=false
                                     ExternalWarningLevel=Level3
                                     FavorSizeOrSpeed=Neither
                                     FloatingPointModel=Precise
                                     ForceConformanceInForLoopScope=true
                                     ForcedIncludeFiles=
                                     ForcedUsingFiles=
                                     GenerateModuleDependencies=false
                                     GenerateSourceDependencies=false
                                     GenerateXMLDocumentationFiles=false
                                     IgnoreStandardIncludePath=false
                                     ImpLibCompiled=
                                     InlineFunctionExpansion=Default
                                     IntelJCCErratum=false
                                     IntrinsicFunctions=false
                                     LanguageStandard=Default
                                     LanguageStandard_C=Default
                                     LibCompiled=true
                                     LinkCompiled=
                                     MinimalRebuild=false
                                     MinimalRebuildFromTracking=true
                                     ModuleDependenciesFile=C:\CG\CG2_00_01\submission_ready_20260730_165019\LE3C_26_ヨシノ_ゲント\02_プロジェクト\CG2_00_01-CG4_-2\project\..\generated\obj\imgui\Debug\
                                     ModuleOutputFile=
                                     ObjectFileName=C:\CG\CG2_00_01\submission_ready_20260730_165019\LE3C_26_ヨシノ_ゲント\02_プロジェクト\CG2_00_01-CG4_-2\project\..\generated\obj\imgui\Debug\
                                     OmitDefaultLibName=false
                                     Optimization=Disabled
                                     PrecompiledHeader=NotUsing
                                     PrecompiledHeaderFile=
                                     PrecompiledHeaderOutputFile=
                                     PreprocessKeepComments=false
                                     PreprocessorDefinitions=_DEBUG;_LIB;USE_IMGUI;_UNICODE;UNICODE;
                                     PreprocessSuppressLineNumbers=false
                                     PreprocessToFile=false
                                     ProgramDataBaseFileName=C:\CG\CG2_00_01\submission_ready_20260730_165019\LE3C_26_ヨシノ_ゲント\02_プロジェクト\CG2_00_01-CG4_-2\project\..\generated\outputs\Debug\imgui.pdb
                                     RemoveUnreferencedCodeData=true
                                     RuntimeLibrary=MultiThreadedDebug
                                     ScanSourceForModuleDependencies=false
                                     SDLCheck=true
                                     ShowIncludes=false
                                     SmallerTypeCheck=false
                                     SourceDependenciesFile=C:\CG\CG2_00_01\submission_ready_20260730_165019\LE3C_26_ヨシノ_ゲント\02_プロジェクト\CG2_00_01-CG4_-2\project\..\generated\obj\imgui\Debug\
                                     SpectreMitigation=false
                                     StructMemberAlignment=Default
                                     SupportJustMyCode=true
                                     SuppressStartupBanner=true
                                     TrackerLogDirectory=C:\CG\CG2_00_01\submission_ready_20260730_165019\LE3C_26_ヨシノ_ゲント\02_プロジェクト\CG2_00_01-CG4_-2\project\..\generated\obj\imgui\Debug\imgui.tlog\
                                     TranslateIncludes=false
                                     TreatAngleIncludeAsExternal=false
                                     TreatExternalTemplatesAsInternal=true
                                     TreatWarningAsError=false
                                     TreatWChar_tAsBuiltInType=true
                                     UndefineAllPreprocessorDefinitions=false
                                     UseDynamicDebugging=false
                                     UseFullPaths=true
                                     UseUnicodeForAssemblerListing=
                                     WarningLevel=Level3
                                     WholeProgramOptimization=false
                                     WinRTNoStdLib=false
                                     XMLDocumentationFileName=C:\CG\CG2_00_01\submission_ready_20260730_165019\LE3C_26_ヨシノ_ゲント\02_プロジェクト\CG2_00_01-CG4_-2\project\..\generated\obj\imgui\Debug\
                             imgui_impl_dx12.cpp
                                     AcceptableNonZeroExitCodes=
                                     AnalyzeExternalRuleset=
                                     AssemblerListingLocation=
                                     AssemblerOutput=NoListing
                                     BasicRuntimeChecks=EnableFastChecks
                                     BrowseInformation=false
                                     BrowseInformationFile=C:\CG\CG2_00_01\submission_ready_20260730_165019\LE3C_26_ヨシノ_ゲント\02_プロジェクト\CG2_00_01-CG4_-2\project\..\generated\obj\imgui\Debug\
                                     BufferSecurityCheck=true
                                     BuildingInIDE=
                                     BuildStlModules=false
                                     CallingConvention=Cdecl
                                     CompileAs=CompileAsCpp
                                     ConformanceMode=true
                                     CppLanguageStandardNumber=14
                                     DebugInformationFormat=EditAndContinue
                                     DiagnosticsFormat=Column
                                     DisableAnalyzeExternal=
                                     DisableLanguageExtensions=false
                                     EnableASAN=false
                                     EnableEnhancedInstructionSet=NotSet
                                     EnableFiberSafeOptimizations=false
                                     EnableFuzzer=false
                                     EnableVectorLength=
                                     ErrorReporting=Queue
                                     ExceptionHandling=Sync
                                     ExcludedInputPaths=C:\Program Files\Microsoft Visual Studio\18\Community\VC\Tools\MSVC\14.51.36231\include;;C:\Program Files\Microsoft Visual Studio\18\Community\VC\Tools\MSVC\14.51.36231\atlmfc\include;;C:\Program Files\Microsoft Visual Studio\18\Community\VC\Auxiliary\VS\include;;C:\Program Files (x86)\Windows Kits\10\Include\10.0.26100.0\ucrt;;;C:\Program Files (x86)\Windows Kits\10\Include\10.0.26100.0\um;C:\Program Files (x86)\Windows Kits\10\Include\10.0.26100.0\shared;C:\Program Files (x86)\Windows Kits\10\Include\10.0.26100.0\winrt;C:\Program Files (x86)\Windows Kits\10\Include\10.0.26100.0\cppwinrt;C:\Program Files (x86)\Windows Kits\NETFXSDK\4.8.1\Include\um;C:\Program Files\Microsoft Visual Studio\18\Community\VC\Tools\MSVC\14.51.36231\bin\HostArm64\arm64\1033;C:\Program Files\Microsoft Visual Studio\18\Community\VC\Tools\MSVC\14.51.36231\bin\HostArm64\arm\1033;C:\Program Files\Microsoft Visual Studio\18\Community\VC\Tools\MSVC\14.51.36231\bin\HostArm64\x64\1033;C:\Program Files\Microsoft Visual Studio\18\Community\VC\Tools\MSVC\14.51.36231\bin\HostArm64\x86\1033;C:\Program Files\Microsoft Visual Studio\18\Community\VC\Tools\MSVC\14.51.36231\bin\HostX86\arm64\1033;C:\Program Files\Microsoft Visual Studio\18\Community\VC\Tools\MSVC\14.51.36231\bin\HostX86\x64\1033;C:\Program Files\Microsoft Visual Studio\18\Community\VC\Tools\MSVC\14.51.36231\bin\HostX86\x86\1033;C:\Program Files\Microsoft Visual Studio\18\Community\VC\Tools\MSVC\14.51.36231\bin\HostX64\arm64\1033;C:\Program Files\Microsoft Visual Studio\18\Community\VC\Tools\MSVC\14.51.36231\bin\HostX64\arm\1033;C:\Program Files\Microsoft Visual Studio\18\Community\VC\Tools\MSVC\14.51.36231\bin\HostX64\x64\1033;C:\Program Files\Microsoft Visual Studio\18\Community\VC\Tools\MSVC\14.51.36231\bin\HostX64\x86\1033;;;;;;;;;;;;;C:\Program Files (x86)\Windows Kits\10\bin\10.0.26100.0\x86;;C:\Program Files (x86)\Microsoft SDKs\Windows\v10.0A\bin\NETFX 4.8.1 Tools;C:\Program Files\Microsoft Visual Studio\18\Community\Common7\tools;C:\Program Files\Microsoft Visual Studio\18\Community\Common7\ide;C:\Program Files (x86)\HTML Help Workshop;;;C:\Program Files\Microsoft Visual Studio\18\Community\MSBuild\Current\Bin;C:\WINDOWS\Microsoft.NET\Framework\v4.0.30319\;C:\Program Files\Microsoft Visual Studio\18\Community\MSBuild\Current\Bin;C:\WINDOWS\Microsoft.NET\Framework\v4.0.30319\;C:\WINDOWS;C:\Program Files\Microsoft Visual Studio\18\Community\VC\Tools\MSVC\14.51.36231\bin\HostX86\x64;C:\Program Files\Microsoft Visual Studio\18\Community\VC\Tools\MSVC\14.51.36231\bin\HostX86\x86;C:\Program Files\Microsoft Visual Studio\18\Community\VC\Tools\MSVC\14.51.36231\lib\x64;;C:\Program Files\Microsoft Visual Studio\18\Community\VC\Tools\MSVC\14.51.36231\atlmfc\lib\x64;;C:\Program Files\Microsoft Visual Studio\18\Community\VC\Auxiliary\VS\lib\x64;;C:\Program Files (x86)\Windows Kits\10\lib\10.0.26100.0\ucrt\x64;;
                                     ExpandAttributedSource=false
                                     ExternalWarningLevel=Level3
                                     FavorSizeOrSpeed=Neither
                                     FloatingPointModel=Precise
                                     ForceConformanceInForLoopScope=true
                                     ForcedIncludeFiles=
                                     ForcedUsingFiles=
                                     GenerateModuleDependencies=false
                                     GenerateSourceDependencies=false
                                     GenerateXMLDocumentationFiles=false
                                     IgnoreStandardIncludePath=false
                                     ImpLibCompiled=
                                     InlineFunctionExpansion=Default
                                     IntelJCCErratum=false
                                     IntrinsicFunctions=false
                                     LanguageStandard=Default
                                     LanguageStandard_C=Default
                                     LibCompiled=true
                                     LinkCompiled=
                                     MinimalRebuild=false
                                     MinimalRebuildFromTracking=true
                                     ModuleDependenciesFile=C:\CG\CG2_00_01\submission_ready_20260730_165019\LE3C_26_ヨシノ_ゲント\02_プロジェクト\CG2_00_01-CG4_-2\project\..\generated\obj\imgui\Debug\
                                     ModuleOutputFile=
                                     ObjectFileName=C:\CG\CG2_00_01\submission_ready_20260730_165019\LE3C_26_ヨシノ_ゲント\02_プロジェクト\CG2_00_01-CG4_-2\project\..\generated\obj\imgui\Debug\
                                     OmitDefaultLibName=false
                                     Optimization=Disabled
                                     PrecompiledHeader=NotUsing
                                     PrecompiledHeaderFile=
                                     PrecompiledHeaderOutputFile=
                                     PreprocessKeepComments=false
                                     PreprocessorDefinitions=_DEBUG;_LIB;USE_IMGUI;_UNICODE;UNICODE;
                                     PreprocessSuppressLineNumbers=false
                                     PreprocessToFile=false
                                     ProgramDataBaseFileName=C:\CG\CG2_00_01\submission_ready_20260730_165019\LE3C_26_ヨシノ_ゲント\02_プロジェクト\CG2_00_01-CG4_-2\project\..\generated\outputs\Debug\imgui.pdb
                                     RemoveUnreferencedCodeData=true
                                     RuntimeLibrary=MultiThreadedDebug
                                     ScanSourceForModuleDependencies=false
                                     SDLCheck=true
                                     ShowIncludes=false
                                     SmallerTypeCheck=false
                                     SourceDependenciesFile=C:\CG\CG2_00_01\submission_ready_20260730_165019\LE3C_26_ヨシノ_ゲント\02_プロジェクト\CG2_00_01-CG4_-2\project\..\generated\obj\imgui\Debug\
                                     SpectreMitigation=false
                                     StructMemberAlignment=Default
                                     SupportJustMyCode=true
                                     SuppressStartupBanner=true
                                     TrackerLogDirectory=C:\CG\CG2_00_01\submission_ready_20260730_165019\LE3C_26_ヨシノ_ゲント\02_プロジェクト\CG2_00_01-CG4_-2\project\..\generated\obj\imgui\Debug\imgui.tlog\
                                     TranslateIncludes=false
                                     TreatAngleIncludeAsExternal=false
                                     TreatExternalTemplatesAsInternal=true
                                     TreatWarningAsError=false
                                     TreatWChar_tAsBuiltInType=true
                                     UndefineAllPreprocessorDefinitions=false
                                     UseDynamicDebugging=false
                                     UseFullPaths=true
                                     UseUnicodeForAssemblerListing=
                                     WarningLevel=Level3
                                     WholeProgramOptimization=false
                                     WinRTNoStdLib=false
                                     XMLDocumentationFileName=C:\CG\CG2_00_01\submission_ready_20260730_165019\LE3C_26_ヨシノ_ゲント\02_プロジェクト\CG2_00_01-CG4_-2\project\..\generated\obj\imgui\Debug\
                             imgui_impl_win32.cpp
                                     AcceptableNonZeroExitCodes=
                                     AnalyzeExternalRuleset=
                                     AssemblerListingLocation=
                                     AssemblerOutput=NoListing
                                     BasicRuntimeChecks=EnableFastChecks
                                     BrowseInformation=false
                                     BrowseInformationFile=C:\CG\CG2_00_01\submission_ready_20260730_165019\LE3C_26_ヨシノ_ゲント\02_プロジェクト\CG2_00_01-CG4_-2\project\..\generated\obj\imgui\Debug\
                                     BufferSecurityCheck=true
                                     BuildingInIDE=
                                     BuildStlModules=false
                                     CallingConvention=Cdecl
                                     CompileAs=CompileAsCpp
                                     ConformanceMode=true
                                     CppLanguageStandardNumber=14
                                     DebugInformationFormat=EditAndContinue
                                     DiagnosticsFormat=Column
                                     DisableAnalyzeExternal=
                                     DisableLanguageExtensions=false
                                     EnableASAN=false
                                     EnableEnhancedInstructionSet=NotSet
                                     EnableFiberSafeOptimizations=false
                                     EnableFuzzer=false
                                     EnableVectorLength=
                                     ErrorReporting=Queue
                                     ExceptionHandling=Sync
                                     ExcludedInputPaths=C:\Program Files\Microsoft Visual Studio\18\Community\VC\Tools\MSVC\14.51.36231\include;;C:\Program Files\Microsoft Visual Studio\18\Community\VC\Tools\MSVC\14.51.36231\atlmfc\include;;C:\Program Files\Microsoft Visual Studio\18\Community\VC\Auxiliary\VS\include;;C:\Program Files (x86)\Windows Kits\10\Include\10.0.26100.0\ucrt;;;C:\Program Files (x86)\Windows Kits\10\Include\10.0.26100.0\um;C:\Program Files (x86)\Windows Kits\10\Include\10.0.26100.0\shared;C:\Program Files (x86)\Windows Kits\10\Include\10.0.26100.0\winrt;C:\Program Files (x86)\Windows Kits\10\Include\10.0.26100.0\cppwinrt;C:\Program Files (x86)\Windows Kits\NETFXSDK\4.8.1\Include\um;C:\Program Files\Microsoft Visual Studio\18\Community\VC\Tools\MSVC\14.51.36231\bin\HostArm64\arm64\1033;C:\Program Files\Microsoft Visual Studio\18\Community\VC\Tools\MSVC\14.51.36231\bin\HostArm64\arm\1033;C:\Program Files\Microsoft Visual Studio\18\Community\VC\Tools\MSVC\14.51.36231\bin\HostArm64\x64\1033;C:\Program Files\Microsoft Visual Studio\18\Community\VC\Tools\MSVC\14.51.36231\bin\HostArm64\x86\1033;C:\Program Files\Microsoft Visual Studio\18\Community\VC\Tools\MSVC\14.51.36231\bin\HostX86\arm64\1033;C:\Program Files\Microsoft Visual Studio\18\Community\VC\Tools\MSVC\14.51.36231\bin\HostX86\x64\1033;C:\Program Files\Microsoft Visual Studio\18\Community\VC\Tools\MSVC\14.51.36231\bin\HostX86\x86\1033;C:\Program Files\Microsoft Visual Studio\18\Community\VC\Tools\MSVC\14.51.36231\bin\HostX64\arm64\1033;C:\Program Files\Microsoft Visual Studio\18\Community\VC\Tools\MSVC\14.51.36231\bin\HostX64\arm\1033;C:\Program Files\Microsoft Visual Studio\18\Community\VC\Tools\MSVC\14.51.36231\bin\HostX64\x64\1033;C:\Program Files\Microsoft Visual Studio\18\Community\VC\Tools\MSVC\14.51.36231\bin\HostX64\x86\1033;;;;;;;;;;;;;C:\Program Files (x86)\Windows Kits\10\bin\10.0.26100.0\x86;;C:\Program Files (x86)\Microsoft SDKs\Windows\v10.0A\bin\NETFX 4.8.1 Tools;C:\Program Files\Microsoft Visual Studio\18\Community\Common7\tools;C:\Program Files\Microsoft Visual Studio\18\Community\Common7\ide;C:\Program Files (x86)\HTML Help Workshop;;;C:\Program Files\Microsoft Visual Studio\18\Community\MSBuild\Current\Bin;C:\WINDOWS\Microsoft.NET\Framework\v4.0.30319\;C:\Program Files\Microsoft Visual Studio\18\Community\MSBuild\Current\Bin;C:\WINDOWS\Microsoft.NET\Framework\v4.0.30319\;C:\WINDOWS;C:\Program Files\Microsoft Visual Studio\18\Community\VC\Tools\MSVC\14.51.36231\bin\HostX86\x64;C:\Program Files\Microsoft Visual Studio\18\Community\VC\Tools\MSVC\14.51.36231\bin\HostX86\x86;C:\Program Files\Microsoft Visual Studio\18\Community\VC\Tools\MSVC\14.51.36231\lib\x64;;C:\Program Files\Microsoft Visual Studio\18\Community\VC\Tools\MSVC\14.51.36231\atlmfc\lib\x64;;C:\Program Files\Microsoft Visual Studio\18\Community\VC\Auxiliary\VS\lib\x64;;C:\Program Files (x86)\Windows Kits\10\lib\10.0.26100.0\ucrt\x64;;
                                     ExpandAttributedSource=false
                                     ExternalWarningLevel=Level3
                                     FavorSizeOrSpeed=Neither
                                     FloatingPointModel=Precise
                                     ForceConformanceInForLoopScope=true
                                     ForcedIncludeFiles=
                                     ForcedUsingFiles=
                                     GenerateModuleDependencies=false
                                     GenerateSourceDependencies=false
                                     GenerateXMLDocumentationFiles=false
                                     IgnoreStandardIncludePath=false
                                     ImpLibCompiled=
                                     InlineFunctionExpansion=Default
                                     IntelJCCErratum=false
                                     IntrinsicFunctions=false
                                     LanguageStandard=Default
                                     LanguageStandard_C=Default
                                     LibCompiled=true
                                     LinkCompiled=
                                     MinimalRebuild=false
                                     MinimalRebuildFromTracking=true
                                     ModuleDependenciesFile=C:\CG\CG2_00_01\submission_ready_20260730_165019\LE3C_26_ヨシノ_ゲント\02_プロジェクト\CG2_00_01-CG4_-2\project\..\generated\obj\imgui\Debug\
                                     ModuleOutputFile=
                                     ObjectFileName=C:\CG\CG2_00_01\submission_ready_20260730_165019\LE3C_26_ヨシノ_ゲント\02_プロジェクト\CG2_00_01-CG4_-2\project\..\generated\obj\imgui\Debug\
                                     OmitDefaultLibName=false
                                     Optimization=Disabled
                                     PrecompiledHeader=NotUsing
                                     PrecompiledHeaderFile=
                                     PrecompiledHeaderOutputFile=
                                     PreprocessKeepComments=false
                                     PreprocessorDefinitions=_DEBUG;_LIB;USE_IMGUI;_UNICODE;UNICODE;
                                     PreprocessSuppressLineNumbers=false
                                     PreprocessToFile=false
                                     ProgramDataBaseFileName=C:\CG\CG2_00_01\submission_ready_20260730_165019\LE3C_26_ヨシノ_ゲント\02_プロジェクト\CG2_00_01-CG4_-2\project\..\generated\outputs\Debug\imgui.pdb
                                     RemoveUnreferencedCodeData=true
                                     RuntimeLibrary=MultiThreadedDebug
                                     ScanSourceForModuleDependencies=false
                                     SDLCheck=true
                                     ShowIncludes=false
                                     SmallerTypeCheck=false
                                     SourceDependenciesFile=C:\CG\CG2_00_01\submission_ready_20260730_165019\LE3C_26_ヨシノ_ゲント\02_プロジェクト\CG2_00_01-CG4_-2\project\..\generated\obj\imgui\Debug\
                                     SpectreMitigation=false
                                     StructMemberAlignment=Default
                                     SupportJustMyCode=true
                                     SuppressStartupBanner=true
                                     TrackerLogDirectory=C:\CG\CG2_00_01\submission_ready_20260730_165019\LE3C_26_ヨシノ_ゲント\02_プロジェクト\CG2_00_01-CG4_-2\project\..\generated\obj\imgui\Debug\imgui.tlog\
                                     TranslateIncludes=false
                                     TreatAngleIncludeAsExternal=false
                                     TreatExternalTemplatesAsInternal=true
                                     TreatWarningAsError=false
                                     TreatWChar_tAsBuiltInType=true
                                     UndefineAllPreprocessorDefinitions=false
                                     UseDynamicDebugging=false
                                     UseFullPaths=true
                                     UseUnicodeForAssemblerListing=
                                     WarningLevel=Level3
                                     WholeProgramOptimization=false
                                     WinRTNoStdLib=false
                                     XMLDocumentationFileName=C:\CG\CG2_00_01\submission_ready_20260730_165019\LE3C_26_ヨシノ_ゲント\02_プロジェクト\CG2_00_01-CG4_-2\project\..\generated\obj\imgui\Debug\
                             imgui_tables.cpp
                                     AcceptableNonZeroExitCodes=
                                     AnalyzeExternalRuleset=
                                     AssemblerListingLocation=
                                     AssemblerOutput=NoListing
                                     BasicRuntimeChecks=EnableFastChecks
                                     BrowseInformation=false
                                     BrowseInformationFile=C:\CG\CG2_00_01\submission_ready_20260730_165019\LE3C_26_ヨシノ_ゲント\02_プロジェクト\CG2_00_01-CG4_-2\project\..\generated\obj\imgui\Debug\
                                     BufferSecurityCheck=true
                                     BuildingInIDE=
                                     BuildStlModules=false
                                     CallingConvention=Cdecl
                                     CompileAs=CompileAsCpp
                                     ConformanceMode=true
                                     CppLanguageStandardNumber=14
                                     DebugInformationFormat=EditAndContinue
                                     DiagnosticsFormat=Column
                                     DisableAnalyzeExternal=
                                     DisableLanguageExtensions=false
                                     EnableASAN=false
                                     EnableEnhancedInstructionSet=NotSet
                                     EnableFiberSafeOptimizations=false
                                     EnableFuzzer=false
                                     EnableVectorLength=
                                     ErrorReporting=Queue
                                     ExceptionHandling=Sync
                                     ExcludedInputPaths=C:\Program Files\Microsoft Visual Studio\18\Community\VC\Tools\MSVC\14.51.36231\include;;C:\Program Files\Microsoft Visual Studio\18\Community\VC\Tools\MSVC\14.51.36231\atlmfc\include;;C:\Program Files\Microsoft Visual Studio\18\Community\VC\Auxiliary\VS\include;;C:\Program Files (x86)\Windows Kits\10\Include\10.0.26100.0\ucrt;;;C:\Program Files (x86)\Windows Kits\10\Include\10.0.26100.0\um;C:\Program Files (x86)\Windows Kits\10\Include\10.0.26100.0\shared;C:\Program Files (x86)\Windows Kits\10\Include\10.0.26100.0\winrt;C:\Program Files (x86)\Windows Kits\10\Include\10.0.26100.0\cppwinrt;C:\Program Files (x86)\Windows Kits\NETFXSDK\4.8.1\Include\um;C:\Program Files\Microsoft Visual Studio\18\Community\VC\Tools\MSVC\14.51.36231\bin\HostArm64\arm64\1033;C:\Program Files\Microsoft Visual Studio\18\Community\VC\Tools\MSVC\14.51.36231\bin\HostArm64\arm\1033;C:\Program Files\Microsoft Visual Studio\18\Community\VC\Tools\MSVC\14.51.36231\bin\HostArm64\x64\1033;C:\Program Files\Microsoft Visual Studio\18\Community\VC\Tools\MSVC\14.51.36231\bin\HostArm64\x86\1033;C:\Program Files\Microsoft Visual Studio\18\Community\VC\Tools\MSVC\14.51.36231\bin\HostX86\arm64\1033;C:\Program Files\Microsoft Visual Studio\18\Community\VC\Tools\MSVC\14.51.36231\bin\HostX86\x64\1033;C:\Program Files\Microsoft Visual Studio\18\Community\VC\Tools\MSVC\14.51.36231\bin\HostX86\x86\1033;C:\Program Files\Microsoft Visual Studio\18\Community\VC\Tools\MSVC\14.51.36231\bin\HostX64\arm64\1033;C:\Program Files\Microsoft Visual Studio\18\Community\VC\Tools\MSVC\14.51.36231\bin\HostX64\arm\1033;C:\Program Files\Microsoft Visual Studio\18\Community\VC\Tools\MSVC\14.51.36231\bin\HostX64\x64\1033;C:\Program Files\Microsoft Visual Studio\18\Community\VC\Tools\MSVC\14.51.36231\bin\HostX64\x86\1033;;;;;;;;;;;;;C:\Program Files (x86)\Windows Kits\10\bin\10.0.26100.0\x86;;C:\Program Files (x86)\Microsoft SDKs\Windows\v10.0A\bin\NETFX 4.8.1 Tools;C:\Program Files\Microsoft Visual Studio\18\Community\Common7\tools;C:\Program Files\Microsoft Visual Studio\18\Community\Common7\ide;C:\Program Files (x86)\HTML Help Workshop;;;C:\Program Files\Microsoft Visual Studio\18\Community\MSBuild\Current\Bin;C:\WINDOWS\Microsoft.NET\Framework\v4.0.30319\;C:\Program Files\Microsoft Visual Studio\18\Community\MSBuild\Current\Bin;C:\WINDOWS\Microsoft.NET\Framework\v4.0.30319\;C:\WINDOWS;C:\Program Files\Microsoft Visual Studio\18\Community\VC\Tools\MSVC\14.51.36231\bin\HostX86\x64;C:\Program Files\Microsoft Visual Studio\18\Community\VC\Tools\MSVC\14.51.36231\bin\HostX86\x86;C:\Program Files\Microsoft Visual Studio\18\Community\VC\Tools\MSVC\14.51.36231\lib\x64;;C:\Program Files\Microsoft Visual Studio\18\Community\VC\Tools\MSVC\14.51.36231\atlmfc\lib\x64;;C:\Program Files\Microsoft Visual Studio\18\Community\VC\Auxiliary\VS\lib\x64;;C:\Program Files (x86)\Windows Kits\10\lib\10.0.26100.0\ucrt\x64;;
                                     ExpandAttributedSource=false
                                     ExternalWarningLevel=Level3
                                     FavorSizeOrSpeed=Neither
                                     FloatingPointModel=Precise
                                     ForceConformanceInForLoopScope=true
                                     ForcedIncludeFiles=
                                     ForcedUsingFiles=
                                     GenerateModuleDependencies=false
                                     GenerateSourceDependencies=false
                                     GenerateXMLDocumentationFiles=false
                                     IgnoreStandardIncludePath=false
                                     ImpLibCompiled=
                                     InlineFunctionExpansion=Default
                                     IntelJCCErratum=false
                                     IntrinsicFunctions=false
                                     LanguageStandard=Default
                                     LanguageStandard_C=Default
                                     LibCompiled=true
                                     LinkCompiled=
                                     MinimalRebuild=false
                                     MinimalRebuildFromTracking=true
                                     ModuleDependenciesFile=C:\CG\CG2_00_01\submission_ready_20260730_165019\LE3C_26_ヨシノ_ゲント\02_プロジェクト\CG2_00_01-CG4_-2\project\..\generated\obj\imgui\Debug\
                                     ModuleOutputFile=
                                     ObjectFileName=C:\CG\CG2_00_01\submission_ready_20260730_165019\LE3C_26_ヨシノ_ゲント\02_プロジェクト\CG2_00_01-CG4_-2\project\..\generated\obj\imgui\Debug\
                                     OmitDefaultLibName=false
                                     Optimization=Disabled
                                     PrecompiledHeader=NotUsing
                                     PrecompiledHeaderFile=
                                     PrecompiledHeaderOutputFile=
                                     PreprocessKeepComments=false
                                     PreprocessorDefinitions=_DEBUG;_LIB;USE_IMGUI;_UNICODE;UNICODE;
                                     PreprocessSuppressLineNumbers=false
                                     PreprocessToFile=false
                                     ProgramDataBaseFileName=C:\CG\CG2_00_01\submission_ready_20260730_165019\LE3C_26_ヨシノ_ゲント\02_プロジェクト\CG2_00_01-CG4_-2\project\..\generated\outputs\Debug\imgui.pdb
                                     RemoveUnreferencedCodeData=true
                                     RuntimeLibrary=MultiThreadedDebug
                                     ScanSourceForModuleDependencies=false
                                     SDLCheck=true
                                     ShowIncludes=false
                                     SmallerTypeCheck=false
                                     SourceDependenciesFile=C:\CG\CG2_00_01\submission_ready_20260730_165019\LE3C_26_ヨシノ_ゲント\02_プロジェクト\CG2_00_01-CG4_-2\project\..\generated\obj\imgui\Debug\
                                     SpectreMitigation=false
                                     StructMemberAlignment=Default
                                     SupportJustMyCode=true
                                     SuppressStartupBanner=true
                                     TrackerLogDirectory=C:\CG\CG2_00_01\submission_ready_20260730_165019\LE3C_26_ヨシノ_ゲント\02_プロジェクト\CG2_00_01-CG4_-2\project\..\generated\obj\imgui\Debug\imgui.tlog\
                                     TranslateIncludes=false
                                     TreatAngleIncludeAsExternal=false
                                     TreatExternalTemplatesAsInternal=true
                                     TreatWarningAsError=false
                                     TreatWChar_tAsBuiltInType=true
                                     UndefineAllPreprocessorDefinitions=false
                                     UseDynamicDebugging=false
                                     UseFullPaths=true
                                     UseUnicodeForAssemblerListing=
                                     WarningLevel=Level3
                                     WholeProgramOptimization=false
                                     WinRTNoStdLib=false
                                     XMLDocumentationFileName=C:\CG\CG2_00_01\submission_ready_20260730_165019\LE3C_26_ヨシノ_ゲント\02_プロジェクト\CG2_00_01-CG4_-2\project\..\generated\obj\imgui\Debug\
                             imgui_widgets.cpp
                                     AcceptableNonZeroExitCodes=
                                     AnalyzeExternalRuleset=
                                     AssemblerListingLocation=
                                     AssemblerOutput=NoListing
                                     BasicRuntimeChecks=EnableFastChecks
                                     BrowseInformation=false
                                     BrowseInformationFile=C:\CG\CG2_00_01\submission_ready_20260730_165019\LE3C_26_ヨシノ_ゲント\02_プロジェクト\CG2_00_01-CG4_-2\project\..\generated\obj\imgui\Debug\
                                     BufferSecurityCheck=true
                                     BuildingInIDE=
                                     BuildStlModules=false
                                     CallingConvention=Cdecl
                                     CompileAs=CompileAsCpp
                                     ConformanceMode=true
                                     CppLanguageStandardNumber=14
                                     DebugInformationFormat=EditAndContinue
                                     DiagnosticsFormat=Column
                                     DisableAnalyzeExternal=
                                     DisableLanguageExtensions=false
                                     EnableASAN=false
                                     EnableEnhancedInstructionSet=NotSet
                                     EnableFiberSafeOptimizations=false
                                     EnableFuzzer=false
                                     EnableVectorLength=
                                     ErrorReporting=Queue
                                     ExceptionHandling=Sync
                                     ExcludedInputPaths=C:\Program Files\Microsoft Visual Studio\18\Community\VC\Tools\MSVC\14.51.36231\include;;C:\Program Files\Microsoft Visual Studio\18\Community\VC\Tools\MSVC\14.51.36231\atlmfc\include;;C:\Program Files\Microsoft Visual Studio\18\Community\VC\Auxiliary\VS\include;;C:\Program Files (x86)\Windows Kits\10\Include\10.0.26100.0\ucrt;;;C:\Program Files (x86)\Windows Kits\10\Include\10.0.26100.0\um;C:\Program Files (x86)\Windows Kits\10\Include\10.0.26100.0\shared;C:\Program Files (x86)\Windows Kits\10\Include\10.0.26100.0\winrt;C:\Program Files (x86)\Windows Kits\10\Include\10.0.26100.0\cppwinrt;C:\Program Files (x86)\Windows Kits\NETFXSDK\4.8.1\Include\um;C:\Program Files\Microsoft Visual Studio\18\Community\VC\Tools\MSVC\14.51.36231\bin\HostArm64\arm64\1033;C:\Program Files\Microsoft Visual Studio\18\Community\VC\Tools\MSVC\14.51.36231\bin\HostArm64\arm\1033;C:\Program Files\Microsoft Visual Studio\18\Community\VC\Tools\MSVC\14.51.36231\bin\HostArm64\x64\1033;C:\Program Files\Microsoft Visual Studio\18\Community\VC\Tools\MSVC\14.51.36231\bin\HostArm64\x86\1033;C:\Program Files\Microsoft Visual Studio\18\Community\VC\Tools\MSVC\14.51.36231\bin\HostX86\arm64\1033;C:\Program Files\Microsoft Visual Studio\18\Community\VC\Tools\MSVC\14.51.36231\bin\HostX86\x64\1033;C:\Program Files\Microsoft Visual Studio\18\Community\VC\Tools\MSVC\14.51.36231\bin\HostX86\x86\1033;C:\Program Files\Microsoft Visual Studio\18\Community\VC\Tools\MSVC\14.51.36231\bin\HostX64\arm64\1033;C:\Program Files\Microsoft Visual Studio\18\Community\VC\Tools\MSVC\14.51.36231\bin\HostX64\arm\1033;C:\Program Files\Microsoft Visual Studio\18\Community\VC\Tools\MSVC\14.51.36231\bin\HostX64\x64\1033;C:\Program Files\Microsoft Visual Studio\18\Community\VC\Tools\MSVC\14.51.36231\bin\HostX64\x86\1033;;;;;;;;;;;;;C:\Program Files (x86)\Windows Kits\10\bin\10.0.26100.0\x86;;C:\Program Files (x86)\Microsoft SDKs\Windows\v10.0A\bin\NETFX 4.8.1 Tools;C:\Program Files\Microsoft Visual Studio\18\Community\Common7\tools;C:\Program Files\Microsoft Visual Studio\18\Community\Common7\ide;C:\Program Files (x86)\HTML Help Workshop;;;C:\Program Files\Microsoft Visual Studio\18\Community\MSBuild\Current\Bin;C:\WINDOWS\Microsoft.NET\Framework\v4.0.30319\;C:\Program Files\Microsoft Visual Studio\18\Community\MSBuild\Current\Bin;C:\WINDOWS\Microsoft.NET\Framework\v4.0.30319\;C:\WINDOWS;C:\Program Files\Microsoft Visual Studio\18\Community\VC\Tools\MSVC\14.51.36231\bin\HostX86\x64;C:\Program Files\Microsoft Visual Studio\18\Community\VC\Tools\MSVC\14.51.36231\bin\HostX86\x86;C:\Program Files\Microsoft Visual Studio\18\Community\VC\Tools\MSVC\14.51.36231\lib\x64;;C:\Program Files\Microsoft Visual Studio\18\Community\VC\Tools\MSVC\14.51.36231\atlmfc\lib\x64;;C:\Program Files\Microsoft Visual Studio\18\Community\VC\Auxiliary\VS\lib\x64;;C:\Program Files (x86)\Windows Kits\10\lib\10.0.26100.0\ucrt\x64;;
                                     ExpandAttributedSource=false
                                     ExternalWarningLevel=Level3
                                     FavorSizeOrSpeed=Neither
                                     FloatingPointModel=Precise
                                     ForceConformanceInForLoopScope=true
                                     ForcedIncludeFiles=
                                     ForcedUsingFiles=
                                     GenerateModuleDependencies=false
                                     GenerateSourceDependencies=false
                                     GenerateXMLDocumentationFiles=false
                                     IgnoreStandardIncludePath=false
                                     ImpLibCompiled=
                                     InlineFunctionExpansion=Default
                                     IntelJCCErratum=false
                                     IntrinsicFunctions=false
                                     LanguageStandard=Default
                                     LanguageStandard_C=Default
                                     LibCompiled=true
                                     LinkCompiled=
                                     MinimalRebuild=false
                                     MinimalRebuildFromTracking=true
                                     ModuleDependenciesFile=C:\CG\CG2_00_01\submission_ready_20260730_165019\LE3C_26_ヨシノ_ゲント\02_プロジェクト\CG2_00_01-CG4_-2\project\..\generated\obj\imgui\Debug\
                                     ModuleOutputFile=
                                     ObjectFileName=C:\CG\CG2_00_01\submission_ready_20260730_165019\LE3C_26_ヨシノ_ゲント\02_プロジェクト\CG2_00_01-CG4_-2\project\..\generated\obj\imgui\Debug\
                                     OmitDefaultLibName=false
                                     Optimization=Disabled
                                     PrecompiledHeader=NotUsing
                                     PrecompiledHeaderFile=
                                     PrecompiledHeaderOutputFile=
                                     PreprocessKeepComments=false
                                     PreprocessorDefinitions=_DEBUG;_LIB;USE_IMGUI;_UNICODE;UNICODE;
                                     PreprocessSuppressLineNumbers=false
                                     PreprocessToFile=false
                                     ProgramDataBaseFileName=C:\CG\CG2_00_01\submission_ready_20260730_165019\LE3C_26_ヨシノ_ゲント\02_プロジェクト\CG2_00_01-CG4_-2\project\..\generated\outputs\Debug\imgui.pdb
                                     RemoveUnreferencedCodeData=true
                                     RuntimeLibrary=MultiThreadedDebug
                                     ScanSourceForModuleDependencies=false
                                     SDLCheck=true
                                     ShowIncludes=false
                                     SmallerTypeCheck=false
                                     SourceDependenciesFile=C:\CG\CG2_00_01\submission_ready_20260730_165019\LE3C_26_ヨシノ_ゲント\02_プロジェクト\CG2_00_01-CG4_-2\project\..\generated\obj\imgui\Debug\
                                     SpectreMitigation=false
                                     StructMemberAlignment=Default
                                     SupportJustMyCode=true
                                     SuppressStartupBanner=true
                                     TrackerLogDirectory=C:\CG\CG2_00_01\submission_ready_20260730_165019\LE3C_26_ヨシノ_ゲント\02_プロジェクト\CG2_00_01-CG4_-2\project\..\generated\obj\imgui\Debug\imgui.tlog\
                                     TranslateIncludes=false
                                     TreatAngleIncludeAsExternal=false
                                     TreatExternalTemplatesAsInternal=true
                                     TreatWarningAsError=false
                                     TreatWChar_tAsBuiltInType=true
                                     UndefineAllPreprocessorDefinitions=false
                                     UseDynamicDebugging=false
                                     UseFullPaths=true
                                     UseUnicodeForAssemblerListing=
                                     WarningLevel=Level3
                                     WholeProgramOptimization=false
                                     WinRTNoStdLib=false
                                     XMLDocumentationFileName=C:\CG\CG2_00_01\submission_ready_20260730_165019\LE3C_26_ヨシノ_ゲント\02_プロジェクト\CG2_00_01-CG4_-2\project\..\generated\obj\imgui\Debug\ (TaskId: 34)
                     タスク パラメーター:ProgramDataBaseFileName=C:\CG\CG2_00_01\submission_ready_20260730_165019\LE3C_26_ヨシノ_ゲント\02_プロジェクト\CG2_00_01-CG4_-2\project\..\generated\outputs\Debug\imgui.pdb (TaskId: 34)
                     タスク パラメーター:RemoveUnreferencedCodeData=True (TaskId: 34)
                     タスク パラメーター:FloatingPointModel=Precise (TaskId: 34)
                     タスク パラメーター:StructMemberAlignment=Default (TaskId: 34)
                     タスク パラメーター:UseStructuredOutput=True (TaskId: 34)
                     タスク パラメーター:ExternalWarningLevel=Level3 (TaskId: 34)
                     タスク パラメーター:
                         PreprocessorDefinitions=
                             _DEBUG
                             _LIB
                             USE_IMGUI
                             _UNICODE
                             UNICODE (TaskId: 34)
                     タスク パラメーター:TranslateIncludes=False (TaskId: 34)
                     タスク パラメーター:YieldDuringToolExecution=True (TaskId: 34)
                     タスク パラメーター:ErrorReporting=Queue (TaskId: 34)
                     タスク パラメーター:UseDynamicDebugging=False (TaskId: 34)
                     タスク パラメーター:EnableFiberSafeOptimizations=False (TaskId: 34)
                     タスク パラメーター:GenerateXMLDocumentationFiles=False (TaskId: 34)
                     タスク パラメーター:DeleteOutputBeforeExecute=True (TaskId: 34)
                     タスク パラメーター:EnableASAN=False (TaskId: 34)
                     タスク パラメーター:IntelJCCErratum=False (TaskId: 34)
                     タスク パラメーター:TreatWarningAsError=False (TaskId: 34)
                     タスク パラメーター:ForceConformanceInForLoopScope=True (TaskId: 34)
                     タスク パラメーター:BasicRuntimeChecks=EnableFastChecks (TaskId: 34)
                     タスク パラメーター:LanguageStandard_C=Default (TaskId: 34)
                     タスク パラメーター:EnableEnhancedInstructionSet=NotSet (TaskId: 34)
                     タスク パラメーター:CallingConvention=Cdecl (TaskId: 34)
                     タスク パラメーター:PreprocessToFile=False (TaskId: 34)
                     タスク パラメーター:ShowIncludes=False (TaskId: 34)
                     タスク パラメーター:IntrinsicFunctions=False (TaskId: 34)
                     タスク パラメーター:RuntimeLibrary=MultiThreadedDebug (TaskId: 34)
                     タスク パラメーター:LanguageStandard=Default (TaskId: 34)
                     タスク パラメーター:UseFullPaths=True (TaskId: 34)
                     タスク パラメーター:TrackFileAccess=True (TaskId: 34)
                     タスク パラメーター:GenerateSourceDependencies=False (TaskId: 34)
                     タスク パラメーター:ExceptionHandling=Sync (TaskId: 34)
                     タスク パラメーター:SuppressStartupBanner=True (TaskId: 34)
                     タスク パラメーター:OmitDefaultLibName=False (TaskId: 34)
                     タスク パラメーター:DisableLanguageExtensions=False (TaskId: 34)
                     タスク パラメーター:ObjectFileName=C:\CG\CG2_00_01\submission_ready_20260730_165019\LE3C_26_ヨシノ_ゲント\02_プロジェクト\CG2_00_01-CG4_-2\project\..\generated\obj\imgui\Debug\ (TaskId: 34)
                     タスク パラメーター:PreprocessKeepComments=False (TaskId: 34)
                     タスク パラメーター:UndefineAllPreprocessorDefinitions=False (TaskId: 34)
                     タスク パラメーター:AssemblerOutput=NoListing (TaskId: 34)
                     タスク パラメーター:FavorSizeOrSpeed=Neither (TaskId: 34)
                     タスク パラメーター:DiagnosticsFormat=Column (TaskId: 34)
                     読み取り追跡ログ: (TaskId: 34)
                     	C:\CG\CG2_00_01\submission_ready_20260730_165019\LE3C_26_ヨシノ_ゲント\02_プロジェクト\CG2_00_01-CG4_-2\project\..\generated\obj\imgui\Debug\imgui.tlog\CL.read.1.tlog (TaskId: 34)
                     C:\CG\CG2_00_01\SUBMISSION_READY_20260730_165019\LE3C_26_ヨシノ_ゲント\02_プロジェクト\CG2_00_01-CG4_-2\PROJECT\EXTERNALS\IMGUI\IMGUI.CPP|C:\CG\CG2_00_01\SUBMISSION_READY_20260730_165019\LE3C_26_ヨシノ_ゲント\02_プロジェクト\CG2_00_01-CG4_-2\PROJECT\EXTERNALS\IMGUI\IMGUI_DEMO.CPP|C:\CG\CG2_00_01\SUBMISSION_READY_20260730_165019\LE3C_26_ヨシノ_ゲント\02_プロジェクト\CG2_00_01-CG4_-2\PROJECT\EXTERNALS\IMGUI\IMGUI_DRAW.CPP|C:\CG\CG2_00_01\SUBMISSION_READY_20260730_165019\LE3C_26_ヨシノ_ゲント\02_プロジェクト\CG2_00_01-CG4_-2\PROJECT\EXTERNALS\IMGUI\IMGUI_IMPL_DX12.CPP|C:\CG\CG2_00_01\SUBMISSION_READY_20260730_165019\LE3C_26_ヨシノ_ゲント\02_プロジェクト\CG2_00_01-CG4_-2\PROJECT\EXTERNALS\IMGUI\IMGUI_IMPL_WIN32.CPP|C:\CG\CG2_00_01\SUBMISSION_READY_20260730_165019\LE3C_26_ヨシノ_ゲント\02_プロジェクト\CG2_00_01-CG4_-2\PROJECT\EXTERNALS\IMGUI\IMGUI_TABLES.CPP|C:\CG\CG2_00_01\SUBMISSION_READY_20260730_165019\LE3C_26_ヨシノ_ゲント\02_プロジェクト\CG2_00_01-CG4_-2\PROJECT\EXTERNALS\IMGUI\IMGUI_WIDGETS.CPP に対する出力: (TaskId: 34)
                     	C:\CG\CG2_00_01\SUBMISSION_READY_20260730_165019\LE3C_26_ヨシノ_ゲント\02_プロジェクト\CG2_00_01-CG4_-2\GENERATED\OBJ\IMGUI\DEBUG\IMGUI.OBJ (TaskId: 34)
                     	C:\CG\CG2_00_01\SUBMISSION_READY_20260730_165019\LE3C_26_ヨシノ_ゲント\02_プロジェクト\CG2_00_01-CG4_-2\GENERATED\OBJ\IMGUI\DEBUG\IMGUI_DEMO.OBJ (TaskId: 34)
                     	C:\CG\CG2_00_01\SUBMISSION_READY_20260730_165019\LE3C_26_ヨシノ_ゲント\02_プロジェクト\CG2_00_01-CG4_-2\GENERATED\OBJ\IMGUI\DEBUG\IMGUI_DRAW.OBJ (TaskId: 34)
                     	C:\CG\CG2_00_01\SUBMISSION_READY_20260730_165019\LE3C_26_ヨシノ_ゲント\02_プロジェクト\CG2_00_01-CG4_-2\GENERATED\OBJ\IMGUI\DEBUG\IMGUI_IMPL_DX12.OBJ (TaskId: 34)
                     	C:\CG\CG2_00_01\SUBMISSION_READY_20260730_165019\LE3C_26_ヨシノ_ゲント\02_プロジェクト\CG2_00_01-CG4_-2\GENERATED\OBJ\IMGUI\DEBUG\IMGUI_IMPL_WIN32.OBJ (TaskId: 34)
                     	C:\CG\CG2_00_01\SUBMISSION_READY_20260730_165019\LE3C_26_ヨシノ_ゲント\02_プロジェクト\CG2_00_01-CG4_-2\GENERATED\OBJ\IMGUI\DEBUG\IMGUI_TABLES.OBJ (TaskId: 34)
                     	C:\CG\CG2_00_01\SUBMISSION_READY_20260730_165019\LE3C_26_ヨシノ_ゲント\02_プロジェクト\CG2_00_01-CG4_-2\GENERATED\OBJ\IMGUI\DEBUG\IMGUI_WIDGETS.OBJ (TaskId: 34)
                     出力 C:\CG\CG2_00_01\SUBMISSION_READY_20260730_165019\LE3C_26_ヨシノ_ゲント\02_プロジェクト\CG2_00_01-CG4_-2\GENERATED\OBJ\IMGUI\DEBUG\IMGUI.OBJ が存在しないため、imgui.cpp はコンパイルされます。 (TaskId: 34)
                     出力 C:\CG\CG2_00_01\SUBMISSION_READY_20260730_165019\LE3C_26_ヨシノ_ゲント\02_プロジェクト\CG2_00_01-CG4_-2\GENERATED\OBJ\IMGUI\DEBUG\IMGUI_DEMO.OBJ が存在しないため、imgui_demo.cpp はコンパイルされます。 (TaskId: 34)
                     出力 C:\CG\CG2_00_01\SUBMISSION_READY_20260730_165019\LE3C_26_ヨシノ_ゲント\02_プロジェクト\CG2_00_01-CG4_-2\GENERATED\OBJ\IMGUI\DEBUG\IMGUI_DRAW.OBJ が存在しないため、imgui_draw.cpp はコンパイルされます。 (TaskId: 34)
                     出力 C:\CG\CG2_00_01\SUBMISSION_READY_20260730_165019\LE3C_26_ヨシノ_ゲント\02_プロジェクト\CG2_00_01-CG4_-2\GENERATED\OBJ\IMGUI\DEBUG\IMGUI_IMPL_DX12.OBJ が存在しないため、imgui_impl_dx12.cpp はコンパイルされます。 (TaskId: 34)
                     imgui_impl_win32.cpp は追跡ログに見つからないためコンパイルされます。 (TaskId: 34)
                     imgui_tables.cpp は追跡ログに見つからないためコンパイルされます。 (TaskId: 34)
                     imgui_widgets.cpp は追跡ログに見つからないためコンパイルされます。 (TaskId: 34)
                     C:\CG\CG2_00_01\SUBMISSION_READY_20260730_165019\LE3C_26_ヨシノ_ゲント\02_プロジェクト\CG2_00_01-CG4_-2\PROJECT\EXTERNALS\IMGUI\IMGUI.CPP|C:\CG\CG2_00_01\SUBMISSION_READY_20260730_165019\LE3C_26_ヨシノ_ゲント\02_プロジェクト\CG2_00_01-CG4_-2\PROJECT\EXTERNALS\IMGUI\IMGUI_DEMO.CPP|C:\CG\CG2_00_01\SUBMISSION_READY_20260730_165019\LE3C_26_ヨシノ_ゲント\02_プロジェクト\CG2_00_01-CG4_-2\PROJECT\EXTERNALS\IMGUI\IMGUI_DRAW.CPP|C:\CG\CG2_00_01\SUBMISSION_READY_20260730_165019\LE3C_26_ヨシノ_ゲント\02_プロジェクト\CG2_00_01-CG4_-2\PROJECT\EXTERNALS\IMGUI\IMGUI_IMPL_DX12.CPP|C:\CG\CG2_00_01\SUBMISSION_READY_20260730_165019\LE3C_26_ヨシノ_ゲント\02_プロジェクト\CG2_00_01-CG4_-2\PROJECT\EXTERNALS\IMGUI\IMGUI_IMPL_WIN32.CPP|C:\CG\CG2_00_01\SUBMISSION_READY_20260730_165019\LE3C_26_ヨシノ_ゲント\02_プロジェクト\CG2_00_01-CG4_-2\PROJECT\EXTERNALS\IMGUI\IMGUI_TABLES.CPP|C:\CG\CG2_00_01\SUBMISSION_READY_20260730_165019\LE3C_26_ヨシノ_ゲント\02_プロジェクト\CG2_00_01-CG4_-2\PROJECT\EXTERNALS\IMGUI\IMGUI_WIDGETS.CPP の出力が、追跡ログに見つかりませんでした。ソースのコンパイルが必要です。 (TaskId: 34)
                     書き込み追跡ログ: (TaskId: 34)
                     	C:\CG\CG2_00_01\submission_ready_20260730_165019\LE3C_26_ヨシノ_ゲント\02_プロジェクト\CG2_00_01-CG4_-2\project\..\generated\obj\imgui\Debug\imgui.tlog\CL.write.1.tlog (TaskId: 34)
                     ツールに渡された環境変数: (TaskId: 34)
                       VS_UNICODE_OUTPUT=1948 (TaskId: 34)
                       SARIF_OUTPUT_PIPE=1956 (TaskId: 34)
                     C:\Program Files\Microsoft Visual Studio\18\Community\VC\Tools\MSVC\14.51.36231\bin\HostX86\x64\CL.exe /c /ZI /JMC /nologo /W3 /WX- /diagnostics:column /sdl /Od /D _DEBUG /D _LIB /D USE_IMGUI /D _UNICODE /D UNICODE /Gm- /EHsc /RTC1 /MTd /GS /fp:precise /Zc:wchar_t /Zc:forScope /Zc:inline /permissive- /Fo"C:\CG\CG2_00_01\submission_ready_20260730_165019\LE3C_26_ヨシノ_ゲント\02_プロジェクト\CG2_00_01-CG4_-2\project\..\generated\obj\imgui\Debug\\" /Fd"C:\CG\CG2_00_01\submission_ready_20260730_165019\LE3C_26_ヨシノ_ゲント\02_プロジェクト\CG2_00_01-CG4_-2\project\..\generated\outputs\Debug\imgui.pdb" /external:W3 /Gd /TP /FC /errorReport:queue imgui.cpp imgui_demo.cpp imgui_draw.cpp imgui_impl_dx12.cpp imgui_impl_win32.cpp imgui_tables.cpp imgui_widgets.cpp (TaskId: 34)
                     トラッキング コマンド: (TaskId: 34)
                     C:\Program Files\Microsoft Visual Studio\18\Community\MSBuild\Current\Bin\Tracker.exe /d "C:\Program Files (x86)\MSBuild\15.0\FileTracker\FileTracker32.dll" /i "C:\CG\CG2_00_01\submission_ready_20260730_165019\LE3C_26_ヨシノ_ゲント\02_プロジェクト\CG2_00_01-CG4_-2\generated\obj\imgui\Debug\imgui.tlog" /r "C:\CG\CG2_00_01\SUBMISSION_READY_20260730_165019\LE3C_26_ヨシノ_ゲント\02_プロジェクト\CG2_00_01-CG4_-2\PROJECT\EXTERNALS\IMGUI\IMGUI.CPP|C:\CG\CG2_00_01\SUBMISSION_READY_20260730_165019\LE3C_26_ヨシノ_ゲント\02_プロジェクト\CG2_00_01-CG4_-2\PROJECT\EXTERNALS\IMGUI\IMGUI_DEMO.CPP|C:\CG\CG2_00_01\SUBMISSION_READY_20260730_165019\LE3C_26_ヨシノ_ゲント\02_プロジェクト\CG2_00_01-CG4_-2\PROJECT\EXTERNALS\IMGUI\IMGUI_DRAW.CPP|C:\CG\CG2_00_01\SUBMISSION_READY_20260730_165019\LE3C_26_ヨシノ_ゲント\02_プロジェクト\CG2_00_01-CG4_-2\PROJECT\EXTERNALS\IMGUI\IMGUI_IMPL_DX12.CPP|C:\CG\CG2_00_01\SUBMISSION_READY_20260730_165019\LE3C_26_ヨシノ_ゲント\02_プロジェクト\CG2_00_01-CG4_-2\PROJECT\EXTERNALS\IMGUI\IMGUI_IMPL_WIN32.CPP|C:\CG\CG2_00_01\SUBMISSION_READY_20260730_165019\LE3C_26_ヨシノ_ゲント\02_プロジェクト\CG2_00_01-CG4_-2\PROJECT\EXTERNALS\IMGUI\IMGUI_TABLES.CPP|C:\CG\CG2_00_01\SUBMISSION_READY_20260730_165019\LE3C_26_ヨシノ_ゲント\02_プロジェクト\CG2_00_01-CG4_-2\PROJECT\EXTERNALS\IMGUI\IMGUI_WIDGETS.CPP" /b MSBuildConsole_CancelEvent0eb83f57e69c4b9997143959d6bb4f0c  /c "C:\Program Files\Microsoft Visual Studio\18\Community\VC\Tools\MSVC\14.51.36231\bin\HostX86\x64\CL.exe"  /c /ZI /JMC /nologo /W3 /WX- /diagnostics:column /sdl /Od /D _DEBUG /D _LIB /D USE_IMGUI /D _UNICODE /D UNICODE /Gm- /EHsc /RTC1 /MTd /GS /fp:precise /Zc:wchar_t /Zc:forScope /Zc:inline /permissive- /Fo"C:\CG\CG2_00_01\submission_ready_20260730_165019\LE3C_26_ヨシノ_ゲント\02_プロジェクト\CG2_00_01-CG4_-2\project\..\generated\obj\imgui\Debug\\" /Fd"C:\CG\CG2_00_01\submission_ready_20260730_165019\LE3C_26_ヨシノ_ゲント\02_プロジェクト\CG2_00_01-CG4_-2\project\..\generated\outputs\Debug\imgui.pdb" /external:W3 /Gd /TP /FC /errorReport:queue imgui.cpp imgui_demo.cpp imgui_draw.cpp imgui_impl_dx12.cpp imgui_impl_win32.cpp imgui_tables.cpp imgui_widgets.cpp (TaskId: 34)
                     imgui.cpp (TaskId: 34)
                     imgui_demo.cpp (TaskId: 34)
                     imgui_draw.cpp (TaskId: 34)
                     imgui_impl_dx12.cpp (TaskId: 34)
16:55:16.321     2>タスク "MSBuild" の実行が終了しました -- 失敗。 (TaskId: 4)
16:55:16.321     1>タスク "MSBuild" の実行が終了しました -- 失敗。 (TaskId: 3)
16:55:16.321     1>プロジェクト "CG2_00_01.sln" 内のターゲット "Build" のビルドが終了しました -- 失敗。: (ターゲット ID: 5)
16:55:16.321     2>プロジェクト "CG2_00_01.vcxproj.metaproj" 内のターゲット "Build" のビルドが終了しました -- 失敗。: (ターゲット ID: 6)
16:55:16.321     1>プロジェクト "C:\CG\CG2_00_01\submission_ready_20260730_165019\LE3C_26_ヨシノ_ゲント\02_プロジェクト\CG2_00_01-CG4_-2\project\CG2_00_01.sln" (Build ターゲット) のビルドが終了しました -- 失敗。
16:55:16.321     2>プロジェクト "C:\CG\CG2_00_01\submission_ready_20260730_165019\LE3C_26_ヨシノ_ゲント\02_プロジェクト\CG2_00_01-CG4_-2\project\CG2_00_01.vcxproj.metaproj" (既定のターゲット) のビルドが終了しました -- 失敗。
16:55:16.370     3>タスク "CL" の実行が終了しました -- 失敗。 (TaskId: 34)
16:55:16.370     3>プロジェクト "C:\CG\CG2_00_01\submission_ready_20260730_165019\LE3C_26_ヨシノ_ゲント\02_プロジェクト\CG2_00_01-CG4_-2\project\externals\imgui\imgui.vcxproj" (既定のターゲット) のビルドが終了しました -- 失敗。

ビルドに失敗しました。
    0 個の警告
    0 エラー

FileLogger wrote to: C:\CG\CG2_00_01\submission_ready_20260730_165019\staged-build.log

経過時間 00:00:04.25
