# Blender 4.4.1
# www.blender.org
mtllib BusterSword.mtl
o 立方体.002
v -11.249958 43.383865 2.013907
v -4.170908 186.250809 1.978970
v -11.292415 43.383865 -2.013907
v -4.124360 186.565704 -2.013907
v 11.244675 43.383865 2.013907
v 4.292077 186.250809 1.978970
v 11.290275 43.383865 -2.013907
v 4.249807 186.565704 -2.013907
v -4.170908 114.905029 1.978970
v -3.849892 114.905090 -2.005173
v 4.325016 114.905090 -2.005173
v 4.292077 114.905029 1.978970
v -1.657037 79.223190 -0.945282
v 1.817810 79.223190 -0.806538
v 1.283384 79.223190 1.055862
v -1.495933 79.223190 0.993454
v -2.261207 61.264160 -0.978243
v 2.126837 61.264160 -0.979987
v 2.193624 61.382271 1.978970
v -2.313949 61.382271 1.978970
v -4.070448 52.461815 -2.018424
v 4.199627 52.461815 -2.018424
v 6.875025 52.461811 1.978970
v -6.575772 52.461811 1.978970
v -11.123776 43.423241 0.000000
v -11.304051 186.074524 0.000000
v 11.123776 43.423241 0.000000
v 11.300842 186.074524 0.000000
v 11.220120 114.905090 0.000000
v -10.872581 114.905090 0.000000
v -5.271958 79.223190 -0.000567
v 5.148811 79.223190 -0.003138
v 7.787020 61.264160 -0.013251
v -7.459114 61.264160 -0.013251
v -11.174933 52.461815 0.000000
v 11.165302 52.461815 0.000000
v -4.170908 97.064117 1.978970
v -4.172072 97.064110 -2.018789
v 4.291584 97.064110 -2.020533
v 4.292077 97.064110 1.978970
v -11.237814 97.064110 0.000000
v 11.231647 97.064110 0.000000
v -4.170908 150.577927 1.978970
v -4.135997 150.577911 -2.005173
v 4.260374 150.577911 -2.005173
v 4.292077 150.577911 1.978970
v 11.155479 150.577911 0.000000
v -11.158687 150.577911 0.000000
v -4.139641 132.741470 -2.005173
v 4.259551 132.741470 -2.005173
v 4.292077 132.741470 1.978970
v 11.154655 132.741470 0.000000
v -11.162331 132.741470 0.000000
v -4.170908 132.741486 1.978970
v -4.170908 168.414368 1.978970
v -4.135997 168.414368 -2.005173
v 4.260374 168.414368 -2.005173
v 4.292077 168.414368 1.978970
v 11.155479 168.414368 0.000000
v -11.158687 168.414368 0.000000
v 0.000000 43.423241 -2.005173
v -0.001604 186.074524 -2.005173
v 0.000000 43.541351 1.978970
v 0.000000 186.250809 1.978970
v 0.000000 114.905029 1.978970
v -0.006071 114.905090 -1.978970
v -0.002003 79.223190 -1.254250
v 0.000000 79.223190 0.791746
v 0.000000 61.382271 1.978970
v 0.001593 61.264160 -0.961319
v -0.001604 52.461815 -1.992221
v 0.000000 52.461811 1.978970
v 0.000000 219.050461 0.000000
v 0.000000 43.541351 0.000000
v -0.001604 97.064110 -1.988614
v 0.000000 97.064110 1.978970
v 0.000000 150.577911 1.978970
v -0.001604 150.577911 -1.978970
v -0.001604 132.741470 -1.978970
v 0.000000 132.741486 1.978970
v 0.000000 168.414368 1.978970
v -0.001604 168.414368 -1.978970
v 0.000000 -0.636024 -2.229857
v 0.565561 -0.636024 -2.187011
v 0.000000 40.636032 -2.229857
v -0.565561 -0.636024 -2.187011
v -1.109387 -0.636024 -2.060119
v -0.565561 40.636032 -2.187011
v -1.109387 40.636032 -2.060119
v -1.610580 40.636032 -1.854059
v -2.049880 40.636032 -1.576747
v -1.610580 -0.636024 -1.854059
v -2.049880 -0.636024 -1.576747
v -2.410404 -0.636024 -1.238842
v -2.678298 -0.636024 -0.853330
v -2.410404 40.636032 -1.238842
v -2.678298 40.636032 -0.853330
v -2.843266 40.636032 -0.435024
v -2.898968 40.636032 0.000000
v -2.843266 -0.636024 -0.435024
v -2.898968 -0.636024 0.000000
v -2.843266 -0.636024 0.435024
v -2.678298 -0.636024 0.853330
v -2.843266 40.636032 0.435024
v -2.678298 40.636032 0.853330
v -2.410404 40.636032 1.238842
v -2.049880 40.636032 1.576747
v -2.410404 -0.636024 1.238842
v -2.049880 -0.636024 1.576747
v -1.610580 -0.636024 1.854059
v -1.109387 -0.636024 2.060119
v -1.610580 40.636032 1.854059
v -1.109387 40.636032 2.060119
v -0.565561 40.636032 2.187011
v 0.000000 40.636032 2.229857
v -0.565561 -0.636024 2.187011
v 0.000000 -0.636024 2.229857
v 0.565561 -0.636024 2.187011
v 1.109387 -0.636024 2.060119
v 0.565561 40.636032 2.187011
v 1.109387 40.636032 2.060119
v 1.610580 40.636032 1.854059
v 2.049880 40.636032 1.576747
v 1.610580 -0.636024 1.854059
v 2.049880 -0.636024 1.576747
v 2.410404 -0.636024 1.238842
v 2.678298 -0.636024 0.853330
v 2.410404 40.636032 1.238842
v 2.678298 40.636032 0.853330
v 2.843265 40.636032 0.435024
v 2.898968 40.636032 0.000000
v 2.843265 -0.636024 0.435024
v 2.898968 -0.636024 0.000000
v 2.843265 -0.636024 -0.435024
v 2.678298 -0.636024 -0.853330
v 2.843265 40.636032 -0.435024
v 2.678298 40.636032 -0.853330
v 2.410404 40.636032 -1.238842
v 2.049880 40.636032 -1.576747
v 2.410404 -0.636024 -1.238842
v 2.049880 -0.636024 -1.576747
v 1.610580 -0.636024 -1.854059
v 1.109387 -0.636024 -2.060119
v 1.610580 40.636032 -1.854059
v 1.109387 40.636032 -2.060119
v 0.565561 40.636032 -2.187011
v 3.012115 -1.190559 0.000000
v 2.931406 -0.259468 0.000000
v 2.986346 -1.190559 -0.285993
v 2.931406 -2.121651 0.000000
v 2.986346 -1.190559 0.285993
v 2.909480 -1.190559 0.567093
v 2.906327 -0.259468 0.278330
v 2.906327 -2.121651 0.278330
v 2.687711 -2.803253 0.257394
v 2.831520 -2.121651 0.551898
v 2.618531 -2.803253 0.510384
v 2.708265 -2.121651 0.816024
v 2.504548 -2.803253 0.754642
v 2.538671 -2.121651 1.066186
v 2.782831 -1.190559 0.838491
v 2.608568 -1.190559 1.095541
v 2.708265 -0.259468 0.816024
v 2.538671 -0.259468 1.066186
v 2.504548 0.422134 0.754642
v 2.831520 -0.259468 0.551898
v 2.618531 0.422134 0.510384
v 2.327583 0.671623 0.453674
v 2.687711 0.422134 0.257394
v 2.389076 0.671623 0.228795
v 2.710903 0.422134 0.000000
v 2.687711 0.422134 -0.257394
v 2.409692 0.671623 0.000000
v 2.389076 0.671623 -0.228795
v 2.108480 0.422134 0.000000
v 2.090442 0.422134 -0.200195
v 1.887978 -0.259468 0.000000
v 2.090442 0.422134 0.200195
v 2.036635 0.422134 0.396965
v 1.871826 -0.259468 0.179259
v 1.823647 -0.259468 0.355451
v 1.791808 -1.190559 0.171596
v 1.745688 -1.190559 0.340256
v 1.871826 -2.121651 0.179259
v 1.807269 -1.190559 0.000000
v 1.791808 -1.190559 -0.171596
v 1.887978 -2.121651 0.000000
v 1.871826 -2.121651 -0.179259
v 2.108480 -2.803253 0.000000
v 2.090442 -2.803253 -0.200195
v 2.409692 -3.052742 0.000000
v 2.090442 -2.803253 0.200195
v 2.036635 -2.803253 0.396965
v 2.389076 -3.052742 0.228795
v 2.327583 -3.052742 0.453674
v 2.226264 -3.052742 0.670793
v 1.947981 -2.803253 0.586944
v 2.086854 -3.052742 0.876433
v 1.825997 -2.803253 0.766878
v 1.911737 -3.052742 1.067076
v 2.347711 -2.803253 0.985987
v 2.150704 -2.803253 1.200461
v 1.916897 -2.803253 1.394396
v 2.325640 -2.121651 1.298105
v 2.072815 -2.121651 1.507815
v 2.389672 -1.190559 1.333845
v 2.129886 -1.190559 1.549329
v 2.325640 -0.259468 1.298105
v 2.072815 -0.259468 1.507815
v 2.150704 0.422134 1.200461
v 1.916897 0.422134 1.394396
v 1.911737 0.671623 1.067076
v 2.347711 0.422134 0.985987
v 2.086854 0.671623 0.876433
v 1.825997 0.422134 0.766878
v 2.226264 0.671623 0.670793
v 1.947981 0.422134 0.586944
v 1.744264 -0.259468 0.525562
v 1.635037 -0.259468 0.686679
v 1.669698 -1.190559 0.503095
v 1.565141 -1.190559 0.657324
v 1.744264 -2.121651 0.525562
v 1.635037 -2.121651 0.686679
v 1.823647 -2.121651 0.355451
v 1.497834 -2.121651 0.836047
v 1.433803 -1.190559 0.800307
v 1.335001 -2.121651 0.971111
v 1.672770 -2.803253 0.933692
v 1.490920 -2.803253 1.084530
v 1.283561 -2.803253 1.216811
v 1.703909 -3.052742 1.239463
v 1.466927 -3.052742 1.390641
v 1.204846 -3.052742 1.518025
v 1.650293 -2.803253 1.564471
v 1.355451 -2.803253 1.707778
v 1.784526 -2.121651 1.691724
v 1.465703 -2.121651 1.846687
v 1.833659 -1.190559 1.738302
v 1.506057 -1.190559 1.897532
v 1.784526 -0.259468 1.691724
v 1.465703 -0.259468 1.846687
v 1.650293 0.422134 1.564471
v 1.355451 0.422134 1.707778
v 1.466927 0.671623 1.390641
v 1.204846 0.671623 1.518025
v 1.283561 0.422134 1.216811
v 1.703909 0.671623 1.239463
v 1.490920 0.422134 1.084530
v 1.335001 -0.259468 0.971111
v 1.672770 0.422134 0.933692
v 1.497834 -0.259468 0.836047
v 1.149328 -0.259468 1.089558
v 1.277931 -1.190559 0.929597
v 1.100195 -1.190559 1.042981
v 0.903634 -1.190559 1.138519
v 1.149328 -2.121651 1.089558
v 0.943989 -2.121651 1.189363
v 0.722498 -2.121651 1.268817
v 1.054240 -2.803253 1.328272
v 0.806881 -2.803253 1.417006
v 0.545714 -2.803253 1.481495
v 0.922150 -3.052742 1.619436
v 0.623673 -3.052742 1.693137
v 1.037418 -2.803253 1.821865
v 0.701632 -2.803253 1.904780
v 1.121801 -2.121651 1.970054
v 0.758702 -2.121651 2.059712
v 1.152687 -1.190559 2.024294
v 0.779591 -1.190559 2.116422
v 1.121801 -0.259468 1.970054
v 0.758702 -0.259468 2.059712
v 1.037418 0.422134 1.821865
v 0.701632 0.422134 1.904780
v 0.922150 0.671623 1.619436
v 0.623673 0.671623 1.693137
v 0.806881 0.422134 1.417006
v 0.545714 0.422134 1.481495
v 0.722498 -0.259468 1.268817
v 1.054240 0.422134 1.328272
v 0.943989 -0.259468 1.189363
v 0.488644 -0.259468 1.326562
v 0.691612 -1.190559 1.214577
v 0.467755 -1.190559 1.269853
v 0.235896 -1.190559 1.303401
v 0.488644 -2.121651 1.326562
v 0.246430 -2.121651 1.361609
v 0.000000 -2.121651 1.373358
v 0.275212 -2.803253 1.520635
v 0.000000 -2.803253 1.533756
v 0.314527 -3.052742 1.737869
v 0.000000 -3.052742 1.752865
v 0.353843 -2.803253 1.955102
v 0.000000 -2.803253 1.971973
v 0.382625 -2.121651 2.114128
v 0.000000 -2.121651 2.132371
v 0.393159 -1.190559 2.172336
v 0.000000 -1.190559 2.191081
v 0.382625 -0.259468 2.114128
v 0.000000 -0.259468 2.132371
v 0.353843 0.422134 1.955102
v 0.000000 0.422134 1.971973
v 0.314527 0.671623 1.737869
v 0.000000 0.671623 1.752865
v 0.275212 0.422134 1.520635
v 0.000000 0.422134 1.533756
v 0.246430 -0.259468 1.361609
v 0.000000 -0.259468 1.373358
v -0.246432 -0.259468 1.361609
v 0.000000 -1.190559 1.314649
v -0.235897 -1.190559 1.303401
v -0.467756 -1.190559 1.269853
v -0.246432 -2.121651 1.361609
v -0.488645 -2.121651 1.326562
v -0.275213 -2.803253 1.520635
v -0.545716 -2.803253 1.481495
v -0.314529 -3.052742 1.737868
v -0.623675 -3.052742 1.693137
v -0.353846 -2.803253 1.955102
v -0.701634 -2.803253 1.904779
v -0.382627 -2.121651 2.114128
v -0.758705 -2.121651 2.059712
v -0.393162 -1.190559 2.172336
v -0.779594 -1.190559 2.116421
v -0.382627 -0.259468 2.114128
v -0.758705 -0.259468 2.059712
v -0.353846 0.422134 1.955102
v -0.701634 0.422134 1.904779
v -0.314529 0.671623 1.737868
v -0.623675 0.671623 1.693137
v -0.275213 0.422134 1.520635
v -0.545716 0.422134 1.481495
v -0.806881 0.422134 1.417006
v -0.488645 -0.259468 1.326562
v -0.722498 -0.259468 1.268818
v -0.943989 -0.259468 1.189363
v -0.691612 -1.190559 1.214577
v -0.903634 -1.190559 1.138519
v -0.722498 -2.121651 1.268818
v -0.943989 -2.121651 1.189363
v -0.806881 -2.803253 1.417006
v -1.054240 -2.803253 1.328272
v -0.922149 -3.052742 1.619436
v -1.204846 -3.052742 1.518026
v -1.037418 -2.803253 1.821865
v -1.355451 -2.803253 1.707779
v -1.121801 -2.121651 1.970054
v -1.465702 -2.121651 1.846688
v -1.152687 -1.190559 2.024295
v -1.506057 -1.190559 1.897532
v -1.121801 -0.259468 1.970054
v -1.465702 -0.259468 1.846688
v -1.037418 0.422134 1.821865
v -1.355451 0.422134 1.707779
v -0.922149 0.671623 1.619436
v -1.204846 0.671623 1.518026
v -1.466928 0.671623 1.390640
v -1.054240 0.422134 1.328272
v -1.283562 0.422134 1.216810
v -1.490921 0.422134 1.084529
v -1.149329 -0.259468 1.089558
v -1.335003 -0.259468 0.971111
v -1.100196 -1.190559 1.042980
v -1.277932 -1.190559 0.929597
v -1.149329 -2.121651 1.089558
v -1.335003 -2.121651 0.971111
v -1.283562 -2.803253 1.216810
v -1.490921 -2.803253 1.084529
v -1.466928 -3.052742 1.390640
v -1.703910 -3.052742 1.239462
v -1.650295 -2.803253 1.564470
v -1.916899 -2.803253 1.394395
v -1.784528 -2.121651 1.691723
v -2.072817 -2.121651 1.507814
v -1.833660 -1.190559 1.738301
v -2.129887 -1.190559 1.549328
v -1.784528 -0.259468 1.691723
v -2.072817 -0.259468 1.507814
v -1.650295 0.422134 1.564470
v -1.916899 0.422134 1.394395
v -2.150704 0.422134 1.200461
v -1.703910 0.671623 1.239462
v -1.911737 0.671623 1.067076
v -2.086855 0.671623 0.876432
v -1.672770 0.422134 0.933692
v -1.825998 0.422134 0.766878
v -1.497834 -0.259468 0.836048
v -1.635037 -0.259468 0.686679
v -1.433803 -1.190559 0.800307
v -1.565141 -1.190559 0.657324
v -1.497834 -2.121651 0.836048
v -1.635037 -2.121651 0.686679
v -1.672770 -2.803253 0.933692
v -1.825998 -2.803253 0.766878
v -1.911737 -3.052742 1.067076
v -2.086855 -3.052742 0.876432
v -2.150704 -2.803253 1.200461
v -2.347712 -2.803253 0.985986
v -2.325640 -2.121651 1.298105
v -2.538672 -2.121651 1.066185
v -2.389671 -1.190559 1.333845
v -2.608569 -1.190559 1.095540
v -2.325640 -0.259468 1.298105
v -2.538672 -0.259468 1.066185
v -2.708266 -0.259468 0.816022
v -2.347712 0.422134 0.985986
v -2.504549 0.422134 0.754641
v -2.618532 0.422134 0.510384
v -2.226265 0.671623 0.670792
v -2.327584 0.671623 0.453675
v -1.947982 0.422134 0.586943
v -2.036636 0.422134 0.396965
v -1.744265 -0.259468 0.525561
v -1.823647 -0.259468 0.355451
v -1.669699 -1.190559 0.503094
v -1.745688 -1.190559 0.340256
v -1.744265 -2.121651 0.525561
v -1.823647 -2.121651 0.355451
v -1.947982 -2.803253 0.586943
v -2.036636 -2.803253 0.396965
v -2.226265 -3.052742 0.670792
v -2.327584 -3.052742 0.453675
v -2.504549 -2.803253 0.754641
v -2.618532 -2.803253 0.510384
v -2.708266 -2.121651 0.816022
v -2.831521 -2.121651 0.551898
v -2.782832 -1.190559 0.838489
v -2.909480 -1.190559 0.567093
v -2.986346 -1.190559 0.285994
v -2.831521 -0.259468 0.551898
v -2.906327 -0.259468 0.278331
v -2.931406 -0.259468 -0.000000
v -2.687711 0.422134 0.257394
v -2.710904 0.422134 -0.000000
v -2.389077 0.671623 0.228795
v -2.409692 0.671623 -0.000000
v -2.090442 0.422134 0.200196
v -2.108480 0.422134 -0.000000
v -1.871826 -0.259468 0.179259
v -1.887978 -0.259468 -0.000000
v -1.791807 -1.190559 0.171596
v -1.807269 -1.190559 -0.000000
v -1.871826 -2.121651 0.179259
v -1.887978 -2.121651 -0.000000
v -2.090442 -2.803253 0.200196
v -2.108480 -2.803253 -0.000000
v -2.389077 -3.052742 0.228795
v -2.409692 -3.052742 -0.000000
v -2.687711 -2.803253 0.257394
v -2.710904 -2.803253 -0.000000
v -2.906327 -2.121651 0.278331
v -2.931406 -2.121651 -0.000000
v -2.906327 -2.121651 -0.278331
v -3.012115 -1.190559 -0.000000
v -2.986346 -1.190559 -0.285994
v -2.909480 -1.190559 -0.567093
v -2.906327 -0.259468 -0.278331
v -2.831521 -0.259468 -0.551898
v -2.687711 0.422134 -0.257394
v -2.618532 0.422134 -0.510384
v -2.389077 0.671623 -0.228795
v -2.327584 0.671623 -0.453674
v -2.090442 0.422134 -0.200196
v -2.036636 0.422134 -0.396965
v -1.871826 -0.259468 -0.179259
v -1.823647 -0.259468 -0.355451
v -1.791807 -1.190559 -0.171596
v -1.745688 -1.190559 -0.340256
v -1.871826 -2.121651 -0.179259
v -1.823647 -2.121651 -0.355451
v -2.090442 -2.803253 -0.200196
v -2.036636 -2.803253 -0.396965
v -2.389077 -3.052742 -0.228795
v -2.327584 -3.052742 -0.453674
v -2.687711 -2.803253 -0.257394
v -2.618532 -2.803253 -0.510384
v -2.504548 -2.803253 -0.754641
v -2.831521 -2.121651 -0.551898
v -2.708265 -2.121651 -0.816023
v -2.538671 -2.121651 -1.066186
v -2.782831 -1.190559 -0.838490
v -2.608568 -1.190559 -1.095541
v -2.708265 -0.259468 -0.816023
v -2.538671 -0.259468 -1.066186
v -2.504548 0.422134 -0.754641
v -2.347711 0.422134 -0.985987
v -2.226265 0.671623 -0.670792
v -2.086854 0.671623 -0.876433
v -1.947982 0.422134 -0.586943
v -1.825997 0.422134 -0.766879
v -1.744264 -0.259468 -0.525562
v -1.635037 -0.259468 -0.686679
v -1.669699 -1.190559 -0.503094
v -1.565141 -1.190559 -0.657325
v -1.744264 -2.121651 -0.525562
v -1.635037 -2.121651 -0.686679
v -1.947982 -2.803253 -0.586943
v -1.825997 -2.803253 -0.766879
v -2.226265 -3.052742 -0.670792
v -2.086854 -3.052742 -0.876433
v -1.911737 -3.052742 -1.067076
v -2.347711 -2.803253 -0.985987
v -2.150704 -2.803253 -1.200461
v -1.916899 -2.803253 -1.394395
v -2.325640 -2.121651 -1.298105
v -2.072817 -2.121651 -1.507814
v -2.389671 -1.190559 -1.333845
v -2.129887 -1.190559 -1.549328
v -2.325640 -0.259468 -1.298105
v -2.072817 -0.259468 -1.507814
v -2.150704 0.422134 -1.200461
v -1.916899 0.422134 -1.394395
v -1.911737 0.671623 -1.067076
v -1.703910 0.671623 -1.239462
v -1.672770 0.422134 -0.933692
v -1.490921 0.422134 -1.084529
v -1.497834 -0.259468 -0.836048
v -1.335003 -0.259468 -0.971111
v -1.433803 -1.190559 -0.800307
v -1.277932 -1.190559 -0.929596
v -1.497834 -2.121651 -0.836048
v -1.335003 -2.121651 -0.971111
v -1.672770 -2.803253 -0.933692
v -1.490921 -2.803253 -1.084529
v -1.283562 -2.803253 -1.216811
v -1.703910 -3.052742 -1.239462
v -1.466927 -3.052742 -1.390641
v -1.204846 -3.052742 -1.518026
v -1.650293 -2.803253 -1.564471
v -1.355451 -2.803253 -1.707779
v -1.784527 -2.121651 -1.691724
v -1.465702 -2.121651 -1.846688
v -1.833659 -1.190559 -1.738301
v -1.506057 -1.190559 -1.897532
v -1.784527 -0.259468 -1.691724
v -1.465702 -0.259468 -1.846688
v -1.650293 0.422134 -1.564471
v -1.355451 0.422134 -1.707779
v -1.466927 0.671623 -1.390641
v -1.204846 0.671623 -1.518026
v -1.283562 0.422134 -1.216811
v -1.054240 0.422134 -1.328272
v -1.149328 -0.259468 -1.089558
v -0.943989 -0.259468 -1.189363
v -1.100196 -1.190559 -1.042981
v -0.903634 -1.190559 -1.138519
v -1.149328 -2.121651 -1.089558
v -0.943989 -2.121651 -1.189363
v -0.722498 -2.121651 -1.268818
v -1.054240 -2.803253 -1.328272
v -0.806881 -2.803253 -1.417006
v -0.545715 -2.803253 -1.481495
v -0.922149 -3.052742 -1.619436
v -0.623674 -3.052742 -1.693137
v -1.037418 -2.803253 -1.821865
v -0.701633 -2.803253 -1.904779
v -1.121801 -2.121651 -1.970054
v -0.758703 -2.121651 -2.059712
v -1.152687 -1.190559 -2.024295
v -0.779592 -1.190559 -2.116422
v -1.121801 -0.259468 -1.970054
v -0.758703 -0.259468 -2.059712
v -1.037418 0.422134 -1.821865
v -0.701633 0.422134 -1.904779
v -0.922149 0.671623 -1.619436
v -0.623674 0.671623 -1.693137
v -0.806881 0.422134 -1.417006
v -0.545715 0.422134 -1.481495
v -0.722498 -0.259468 -1.268818
v -0.488644 -0.259468 -1.326562
v -0.691612 -1.190559 -1.214577
v -0.467755 -1.190559 -1.269853
v -0.235896 -1.190559 -1.303401
v -0.488644 -2.121651 -1.326562
v -0.246431 -2.121651 -1.361609
v 0.000000 -2.121651 -1.373358
v -0.275212 -2.803253 -1.520635
v 0.000000 -2.803253 -1.533756
v -0.314528 -3.052742 -1.737869
v 0.000000 -3.052742 -1.752865
v -0.353844 -2.803253 -1.955102
v 0.000000 -2.803253 -1.971973
v -0.382626 -2.121651 -2.114128
v 0.000000 -2.121651 -2.132371
v -0.393160 -1.190559 -2.172336
v 0.000000 -1.190559 -2.191081
v -0.382626 -0.259468 -2.114128
v 0.000000 -0.259468 -2.132371
v -0.353844 0.422134 -1.955102
v 0.000000 0.422134 -1.971973
v -0.314528 0.671623 -1.737869
v 0.000000 0.671623 -1.752865
v -0.275212 0.422134 -1.520635
v 0.000000 0.422134 -1.533756
v -0.246431 -0.259468 -1.361609
v 0.000000 -0.259468 -1.373358
v 0.246430 -0.259468 -1.361609
v 0.000000 -1.190559 -1.314649
v 0.235896 -1.190559 -1.303401
v 0.467756 -1.190559 -1.269853
v 0.246430 -2.121651 -1.361609
v 0.488645 -2.121651 -1.326562
v 0.275212 -2.803253 -1.520635
v 0.545715 -2.803253 -1.481495
v 0.314527 -3.052742 -1.737869
v 0.623674 -3.052742 -1.693137
v 0.353843 -2.803253 -1.955102
v 0.701634 -2.803253 -1.904779
v 0.382625 -2.121651 -2.114128
v 0.758704 -2.121651 -2.059712
v 0.393159 -1.190559 -2.172336
v 0.779593 -1.190559 -2.116421
v 0.382625 -0.259468 -2.114128
v 0.758704 -0.259468 -2.059712
v 0.353843 0.422134 -1.955102
v 0.701634 0.422134 -1.904779
v 0.314527 0.671623 -1.737869
v 0.623674 0.671623 -1.693137
v 0.275212 0.422134 -1.520635
v 0.545715 0.422134 -1.481495
v 0.806881 0.422134 -1.417006
v 0.488645 -0.259468 -1.326562
v 0.722498 -0.259468 -1.268817
v 0.943989 -0.259468 -1.189363
v 0.691612 -1.190559 -1.214577
v 0.903634 -1.190559 -1.138519
v 0.722498 -2.121651 -1.268817
v 0.943989 -2.121651 -1.189363
v 0.806881 -2.803253 -1.417006
v 1.054240 -2.803253 -1.328272
v 0.922150 -3.052742 -1.619436
v 1.204846 -3.052742 -1.518025
v 1.037418 -2.803253 -1.821865
v 1.355451 -2.803253 -1.707778
v 1.121801 -2.121651 -1.970054
v 1.465703 -2.121651 -1.846687
v 1.152687 -1.190559 -2.024294
v 1.506057 -1.190559 -1.897532
v 1.121801 -0.259468 -1.970054
v 1.465703 -0.259468 -1.846687
v 1.037418 0.422134 -1.821865
v 1.355451 0.422134 -1.707778
v 0.922150 0.671623 -1.619436
v 1.204846 0.671623 -1.518025
v 1.466928 0.671623 -1.390641
v 1.054240 0.422134 -1.328272
v 1.283562 0.422134 -1.216811
v 1.490921 0.422134 -1.084530
v 1.149329 -0.259468 -1.089558
v 1.335002 -0.259468 -0.971111
v 1.100196 -1.190559 -1.042981
v 1.277932 -1.190559 -0.929597
v 1.149329 -2.121651 -1.089558
v 1.335002 -2.121651 -0.971111
v 1.283562 -2.803253 -1.216811
v 1.490921 -2.803253 -1.084530
v 1.466928 -3.052742 -1.390641
v 1.703909 -3.052742 -1.239462
v 1.650294 -2.803253 -1.564471
v 1.916898 -2.803253 -1.394395
v 1.784527 -2.121651 -1.691723
v 2.072816 -2.121651 -1.507814
v 1.833660 -1.190559 -1.738301
v 2.129887 -1.190559 -1.549328
v 1.784527 -0.259468 -1.691723
v 2.072816 -0.259468 -1.507814
v 1.650294 0.422134 -1.564471
v 1.916898 0.422134 -1.394395
v 2.150704 0.422134 -1.200461
v 1.703909 0.671623 -1.239462
v 1.911737 0.671623 -1.067076
v 2.086854 0.671623 -0.876433
v 1.672770 0.422134 -0.933692
v 1.825997 0.422134 -0.766878
v 1.497834 -0.259468 -0.836047
v 1.635037 -0.259468 -0.686679
v 1.433803 -1.190559 -0.800307
v 1.565141 -1.190559 -0.657324
v 1.497834 -2.121651 -0.836047
v 1.635037 -2.121651 -0.686679
v 1.672770 -2.803253 -0.933692
v 1.825997 -2.803253 -0.766878
v 1.911737 -3.052742 -1.067076
v 2.086854 -3.052742 -0.876433
v 2.150704 -2.803253 -1.200461
v 2.347711 -2.803253 -0.985987
v 2.325640 -2.121651 -1.298105
v 2.538671 -2.121651 -1.066186
v 2.389672 -1.190559 -1.333845
v 2.608568 -1.190559 -1.095541
v 2.325640 -0.259468 -1.298105
v 2.538671 -0.259468 -1.066186
v 2.708266 -0.259468 -0.816023
v 2.347711 0.422134 -0.985987
v 2.504548 0.422134 -0.754641
v 2.618531 0.422134 -0.510384
v 2.226265 0.671623 -0.670792
v 2.327583 0.671623 -0.453675
v 1.947982 0.422134 -0.586943
v 2.036635 0.422134 -0.396965
v 1.744264 -0.259468 -0.525561
v 1.823647 -0.259468 -0.355451
v 1.669699 -1.190559 -0.503094
v 1.745688 -1.190559 -0.340256
v 1.744264 -2.121651 -0.525561
v 1.823647 -2.121651 -0.355451
v 1.947982 -2.803253 -0.586943
v 2.036635 -2.803253 -0.396965
v 2.226265 -3.052742 -0.670792
v 2.327583 -3.052742 -0.453675
v 2.504548 -2.803253 -0.754641
v 2.618531 -2.803253 -0.510384
v 2.708266 -2.121651 -0.816023
v 2.831520 -2.121651 -0.551898
v 2.782831 -1.190559 -0.838490
v 2.909479 -1.190559 -0.567093
v 2.831520 -0.259468 -0.551898
v 2.906327 -0.259468 -0.278330
v 2.906327 -2.121651 -0.278330
v 2.687711 -2.803253 -0.257394
v 2.389076 -3.052742 -0.228795
v 2.710903 -2.803253 0.000000
v 1.871826 -0.259468 -0.179259
v 10.516184 -3.550110 2.627867
v 7.961324 -4.336975 3.393011
v 10.516184 -3.550110 -2.243707
v 10.516184 1.459732 2.627867
v 7.961324 2.246597 3.393011
v 10.516184 1.459732 -2.243707
v 7.961324 2.246597 -3.008851
v 7.961324 -4.336975 -3.008851
v -8.481201 2.246597 -3.008851
v -8.481201 2.246597 3.393011
v -10.860006 1.513954 -2.296433
v -8.481201 -4.336975 -3.008851
v -10.860006 -3.604332 -2.296433
v -8.481201 -4.336975 3.393011
v -10.860006 -3.604332 2.680593
v -10.860006 1.513954 2.680593
v 0.000000 -2.417587 -2.185880
v 0.521726 -2.417587 -2.143879
v -0.521726 -2.417587 -2.143879
v 0.000000 -9.219626 -2.185880
v 0.521726 -9.219626 -2.143879
v -0.521726 -9.219626 -2.143879
v 0.000000 -10.435088 -1.578820
v 0.000000 -11.213080 -0.640732
v 0.376832 -10.435088 -1.548484
v -0.376832 -10.435088 -1.548484
v -0.152929 -11.213080 -0.628421
v -0.739184 -10.435088 -1.458640
v -0.299983 -11.213080 -0.591960
v -1.073129 -10.435088 -1.312741
v -1.023402 -9.219626 -2.019490
v -1.485749 -9.219626 -1.817493
v -1.023402 -2.417587 -2.019490
v -1.485749 -2.417587 -1.817493
v -1.891001 -2.417587 -1.545651
v -2.223581 -2.417587 -1.214410
v -1.891001 -9.219626 -1.545651
v -2.223581 -9.219626 -1.214410
v -1.365834 -10.435088 -1.116395
v -0.554296 -11.213080 -0.453066
v -1.606051 -10.435088 -0.877146
v -0.651783 -11.213080 -0.355972
v -1.784548 -10.435088 -0.604188
v -0.724223 -11.213080 -0.245198
v -1.894467 -10.435088 -0.308012
v -2.470711 -9.219626 -0.836500
v -2.622893 -9.219626 -0.426444
v -2.470711 -2.417587 -0.836500
v -2.622893 -2.417587 -0.426444
v -2.674279 -2.417587 0.000000
v -2.622893 -2.417587 0.426444
v -2.674279 -9.219626 0.000000
v -2.622893 -9.219626 0.426444
v -1.931581 -10.435088 0.000000
v -0.783893 -11.213080 0.000000
v -1.894467 -10.435088 0.308012
v -0.768831 -11.213080 0.125000
v -1.784549 -10.435088 0.604188
v -0.724223 -11.213080 0.245198
v -1.606051 -10.435088 0.877146
v -2.470711 -9.219626 0.836500
v -2.223581 -9.219626 1.214410
v -2.470711 -2.417587 0.836500
v -2.223581 -2.417587 1.214410
v -1.891001 -2.417587 1.545651
v -1.485749 -2.417587 1.817493
v -1.891001 -9.219626 1.545651
v -1.485749 -9.219626 1.817493
v -1.365834 -10.435088 1.116395
v -0.554296 -11.213080 0.453066
v -1.073129 -10.435088 1.312741
v -0.435508 -11.213080 0.532749
v -0.739184 -10.435088 1.458640
v -0.299983 -11.213080 0.591960
v -0.376832 -10.435088 1.548484
v -1.023402 -9.219626 2.019490
v -0.521726 -9.219626 2.143879
v -1.023402 -2.417587 2.019490
v -0.521726 -2.417587 2.143879
v 0.000000 -2.417587 2.185880
v 0.521726 -2.417587 2.143879
v 0.000000 -9.219626 2.185880
v 0.000000 -10.435088 1.578820
v 0.000133 -9.219626 2.185870
v 0.433114 -9.962966 1.779756
v 0.521726 -8.168403 2.143879
v 1.023402 -8.168403 2.019490
v 1.485749 -8.168403 1.817493
v 0.849584 -9.962966 1.676494
v 1.023402 -2.417587 2.019490
v 1.485749 -2.417587 1.817493
v 1.891000 -2.417587 1.545651
v 2.223581 -2.417587 1.214410
v 1.891000 -8.168403 1.545651
v 2.223496 -9.219626 1.214495
v 1.569827 -9.962966 1.283133
v 1.233405 -9.962966 1.508804
v 1.365834 -10.435088 1.116395
v 0.554296 -11.213080 0.453066
v 1.606051 -10.435088 0.877146
v 1.073129 -10.435088 1.312741
v 0.435508 -11.213080 0.532750
v 0.739184 -10.435088 1.458640
v 0.299983 -11.213080 0.591960
v 0.376832 -10.435088 1.548484
v 0.152929 -11.213080 0.628421
v 0.000000 -11.213080 0.640732
v -0.152929 -11.213080 0.628421
v 0.651783 -11.213080 0.355972
v 1.784548 -10.435088 0.604188
v 2.223581 -9.219626 1.214410
v 2.470711 -9.219626 0.836500
v 2.622893 -9.219626 0.426444
v 2.470711 -2.417587 0.836500
v 2.622893 -2.417587 0.426444
v 2.674278 -2.417587 0.000000
v 2.622893 -2.417587 -0.426444
v 2.674278 -9.219626 0.000000
v 2.622893 -9.219626 -0.426444
v 1.931581 -10.435088 -0.000000
v 0.783893 -11.213080 0.000000
v 1.894467 -10.435088 -0.308012
v 1.894467 -10.435088 0.308012
v 0.768831 -11.213080 0.125000
v 0.724223 -11.213080 0.245198
v 0.768831 -11.213080 -0.125000
v 1.784549 -10.435088 -0.604188
v 0.724223 -11.213080 -0.245198
v 1.606051 -10.435088 -0.877146
v 2.470711 -9.219626 -0.836500
v 2.223581 -9.219626 -1.214410
v 2.470711 -2.417587 -0.836500
v 2.223581 -2.417587 -1.214410
v 1.891000 -2.417587 -1.545651
v 1.485749 -2.417587 -1.817493
v 1.891000 -9.219626 -1.545651
v 1.485749 -9.219626 -1.817493
v 1.365834 -10.435088 -1.116395
v 0.554296 -11.213080 -0.453066
v 1.073129 -10.435088 -1.312741
v 0.435508 -11.213080 -0.532749
v 0.739184 -10.435088 -1.458640
v 0.299983 -11.213080 -0.591960
v 1.023402 -9.219626 -2.019490
v 1.023402 -2.417587 -2.019490
v 0.152929 -11.213080 -0.628421
v 0.651784 -11.213080 -0.355972
v -0.651784 -11.213080 0.355972
v -0.768831 -11.213080 -0.125000
v -0.435508 -11.213080 -0.532750
v 32.832989 44.800079 -0.591096
v 32.620499 49.866516 -0.590304
v 29.323288 38.984428 -4.178010
v 32.884052 44.800079 0.117544
v 29.380453 38.984428 3.754995
v 33.096542 49.852142 0.116752
v 29.380453 44.648109 3.754995
v 29.323288 44.648109 -4.178010
v 0.078256 44.648109 3.966144
v -7.247293 44.648109 4.018931
v 0.021092 44.648109 -3.966860
v 0.078256 38.984428 3.966144
v 0.021092 38.984428 -3.966860
v -7.247293 38.984428 4.018931
v -14.572843 39.200081 2.153809
v -7.304458 38.984428 -3.914073
v -14.630005 39.200081 -1.943376
v -7.304458 44.648109 -3.914073
v -14.630005 44.863754 -1.943376
v -18.292780 44.648109 -0.732556
v -14.572843 44.863754 2.153809
v -18.235617 44.648109 1.050342
v -21.898390 44.648109 1.056274
v -18.235617 38.984428 1.050342
v -21.898390 38.984428 1.056274
v -18.292784 38.982285 -0.732545
v -21.955553 38.986572 -0.726635
v -29.281105 38.984428 -0.714761
v -21.955553 44.648109 -0.726624
v -29.281105 44.648109 -0.714761
v -32.884171 51.324833 -0.009617
v -29.223940 44.648109 1.068137
v -32.832676 51.324833 0.485090
v -29.223940 38.984428 1.068137
v -32.833073 46.262901 0.481249
v -32.884171 46.223289 -0.009617
v 0.437500 0.164070 0.765625
v 0.468750 0.242188 0.757812
v 0.500000 0.093750 0.687500
v 0.351562 0.132820 0.781250
v 0.445312 0.156250 0.781250
v 0.351562 0.117195 0.804687
v 0.476562 0.242188 0.773437
v 0.351562 0.242188 0.828125
v 0.265625 0.156250 0.820312
v 0.226562 0.242188 0.820312
v 0.265625 0.335945 0.820312
v 0.351562 0.375008 0.804687
v 0.445312 0.335945 0.781250
v 0.437500 0.328125 0.765625
v 0.351562 0.359383 0.781250
v 0.500000 0.390633 0.687500
v 0.351562 0.453125 0.718750
v 0.546875 0.437500 0.578125
v 0.562500 0.242188 0.671875
v 0.625000 0.242188 0.562500
v 0.546875 0.054688 0.578125
v 0.351562 -0.023430 0.617187
v 0.351562 0.031258 0.718750
v 0.156250 0.054688 0.648437
v 0.203125 0.093750 0.742187
v 0.078125 0.242188 0.656250
v 0.140625 0.242188 0.742187
v 0.156250 0.437500 0.648437
v 0.203125 0.390633 0.742187
v 0.351562 0.515633 0.617187
v 0.273438 0.328125 0.796875
v 0.242188 0.242188 0.796875
v 0.273438 0.164070 0.796875
v -1.000000 50.700600 0.560050
v -1.000000 50.700600 0.360050
v -0.800000 50.700600 0.560050
v -0.800000 50.700600 0.360050
v -0.600000 50.700600 0.560050
v -0.600000 50.700600 0.360050
v -0.400000 50.700600 0.560050
v -0.400000 50.700600 0.360050
v -0.200000 50.700600 0.560050
v -0.200000 50.700600 0.360050
v 0.000000 50.700600 0.560050
v 0.000000 50.700600 0.360050
v 0.200000 50.700600 0.560050
v 0.200000 50.700600 0.360050
v 0.400000 50.700600 0.560050
v 0.400000 50.700600 0.360050
v 0.600000 50.700600 0.560050
v 0.600000 50.700600 0.360050
v 0.800000 50.700600 0.560050
v 0.800000 50.700600 0.360050
v 1.000000 50.700600 0.560050
v 1.000000 50.700600 0.360050
v 1.000000 50.700600 0.160050
v 0.800000 50.700600 0.160050
v 1.000000 50.700600 -0.039950
v 0.800000 50.700600 -0.039950
v 1.000000 50.700600 -0.239950
v 0.800000 50.700600 -0.239950
v 1.000000 50.700600 -0.439950
v 0.800000 50.700600 -0.439950
v 1.000000 50.700600 -0.639950
v 0.800000 50.700600 -0.639950
v 1.000000 50.700600 -0.839950
v 0.800000 50.700600 -0.839950
v 1.000000 50.700600 -1.039950
v 0.800000 50.700600 -1.039950
v 1.000000 50.700600 -1.239950
v 0.800000 50.700600 -1.239950
v 1.000000 50.700600 -1.439950
v 0.800000 50.700600 -1.439950
v 0.600000 50.700600 -1.439950
v 0.600000 50.700600 -1.239950
v 0.400000 50.700600 -1.439950
v 0.400000 50.700600 -1.239950
v 0.200000 50.700600 -1.439950
v 0.200000 50.700600 -1.239950
v 0.000000 50.700600 -1.439950
v 0.000000 50.700600 -1.239950
v -0.200000 50.700600 -1.439950
v -0.200000 50.700600 -1.239950
v -0.400000 50.700600 -1.439950
v -0.400000 50.700600 -1.239950
v -0.600000 50.700600 -1.439950
v -0.600000 50.700600 -1.239950
v -0.800000 50.700600 -1.439950
v -0.800000 50.700600 -1.239950
v -1.000000 50.700600 -1.439950
v -1.000000 50.700600 -1.239950
v -1.000000 50.700600 -1.039950
v -1.000000 50.700600 -0.839950
v -0.800000 50.700600 -1.039950
v -0.800000 50.700600 -0.839950
v -0.600000 50.700600 -1.039950
v -0.600000 50.700600 -0.839950
v -0.400000 50.700600 -1.039950
v -0.400000 50.700600 -0.839950
v -0.200000 50.700600 -1.039950
v -0.200000 50.700600 -0.839950
v 0.000000 50.700600 -1.039950
v 0.000000 50.700600 -0.839950
v 0.200000 50.700600 -1.039950
v 0.200000 50.700600 -0.839950
v 0.400000 50.700600 -1.039950
v 0.400000 50.700600 -0.839950
v 0.600000 50.700600 -1.039950
v 0.600000 50.700600 -0.839950
v 0.600000 50.700600 -0.639950
v 0.600000 50.700600 -0.439950
v 0.400000 50.700600 -0.639950
v 0.400000 50.700600 -0.439950
v 0.200000 50.700600 -0.639950
v 0.200000 50.700600 -0.439950
v 0.000000 50.700600 -0.639950
v 0.000000 50.700600 -0.439950
v -0.200000 50.700600 -0.639950
v -0.200000 50.700600 -0.439950
v -0.400000 50.700600 -0.639950
v -0.400000 50.700600 -0.439950
v -0.600000 50.700600 -0.639950
v -0.600000 50.700600 -0.439950
v -0.800000 50.700600 -0.639950
v -0.800000 50.700600 -0.439950
v -1.000000 50.700600 -0.639950
v -1.000000 50.700600 -0.439950
v -1.000000 50.700600 -0.239950
v -1.000000 50.700600 -0.039950
v -0.800000 50.700600 -0.239950
v -0.800000 50.700600 -0.039950
v -0.600000 50.700600 -0.239950
v -0.600000 50.700600 -0.039950
v -0.400000 50.700600 -0.239950
v -0.400000 50.700600 -0.039950
v -0.200000 50.700600 -0.239950
v -0.200000 50.700600 -0.039950
v 0.000000 50.700600 -0.239950
v 0.000000 50.700600 -0.039950
v 0.200000 50.700600 -0.239950
v 0.200000 50.700600 -0.039950
v 0.400000 50.700600 -0.239950
v 0.400000 50.700600 -0.039950
v 0.600000 50.700600 -0.239950
v 0.600000 50.700600 -0.039950
v 0.600000 50.700600 0.160050
v 0.400000 50.700600 0.160050
v 0.200000 50.700600 0.160050
v 0.000000 50.700600 0.160050
v -0.200000 50.700600 0.160050
v -0.400000 50.700600 0.160050
v -0.600000 50.700600 0.160050
v -0.800000 50.700600 0.160050
v -1.000000 50.700600 0.160050
v -0.437500 0.164070 0.765625
v -0.500000 0.093750 0.687500
v -0.468750 0.242188 0.757812
v -0.351562 0.132820 0.781250
v -0.445312 0.156250 0.781250
v -0.351562 0.117195 0.804687
v -0.476562 0.242188 0.773437
v -0.351562 0.242188 0.828125
v -0.265625 0.156250 0.820312
v -0.226562 0.242188 0.820312
v -0.265625 0.335945 0.820312
v -0.351562 0.375008 0.804687
v -0.445312 0.335945 0.781250
v -0.437500 0.328125 0.765625
v -0.500000 0.390633 0.687500
v -0.351562 0.359383 0.781250
v -0.351562 0.453125 0.718750
v -0.273438 0.328125 0.796875
v -0.203125 0.390633 0.742187
v -0.242188 0.242188 0.796875
v -0.140625 0.242188 0.742187
v -0.273438 0.164070 0.796875
v -0.203125 0.093750 0.742187
v -0.351562 0.031258 0.718750
v -0.156250 0.054688 0.648437
v -0.351562 -0.023430 0.617187
v -0.078125 0.242188 0.656250
v -0.156250 0.437500 0.648437
v -0.351562 0.515633 0.617187
v -0.546875 0.437500 0.578125
v -0.625000 0.242188 0.562500
v -0.546875 0.054688 0.578125
v -0.562500 0.242188 0.671875
v 0.000000 0.429695 0.742187
v 0.062500 0.492195 0.750000
v 0.000000 0.351562 0.820312
v -0.062500 0.492195 0.750000
v 0.000000 0.406258 0.601562
v 0.109375 0.460945 0.609375
v -0.109375 0.460945 0.609375
v 0.000000 0.570312 0.570312
v 0.000000 0.898438 0.289062
v 0.460938 0.523438 0.429687
v -0.460938 0.523438 0.429687
v -0.632812 0.453125 0.281250
v -0.453125 0.851562 0.234375
v -0.484375 0.554688 0.554687
v -0.335938 0.687508 0.593750
v -0.492188 0.601570 0.687500
v -0.679688 0.453125 0.492187
v -0.710938 0.484375 0.625000
v -0.796875 0.406258 0.460937
v -0.859375 0.429695 0.593750
v -0.773438 0.164070 0.375000
v -0.726562 0.406258 0.335937
v -0.796875 0.562508 0.125000
v -0.851562 0.234383 0.054687
v -0.734375 -0.046875 0.070312
v -0.859375 0.320320 -0.046875
v -0.820312 0.328125 -0.203125
v -0.726562 0.000000 -0.070312
v -0.796875 0.203133 -0.210937
v -0.718750 0.039062 -0.187500
v -0.835938 0.171875 -0.273437
v -0.843750 0.289070 -0.210937
v -0.921875 0.359383 -0.218750
v -0.890625 0.242188 -0.265625
v -0.945312 0.304695 -0.289062
v -0.890625 0.234383 -0.320312
v -0.953125 0.289070 -0.343750
v -0.843750 0.171875 -0.320312
v -0.960937 0.171875 -0.351562
v -1.000000 0.125000 -0.367187
v -0.890625 0.109375 -0.328125
v -1.015625 0.234383 -0.375000
v -1.054688 0.187508 -0.382812
v -1.085938 0.273445 -0.390625
v -1.109375 0.210938 -0.390625
v -1.039062 0.328125 -0.414062
v -1.187500 0.343758 -0.484375
v -1.171875 0.359383 -0.437500
v -1.257812 0.242188 -0.492187
v -1.234375 0.250008 -0.445312
v -1.210938 0.085938 -0.484375
v -1.187500 0.093750 -0.445312
v -1.046875 0.000000 -0.421875
v -1.039062 0.000000 -0.367187
v -0.882812 -0.015625 -0.265625
v -0.812500 -0.015625 -0.320312
v -0.882812 -0.023430 -0.210937
v -0.937500 0.062508 -0.335937
v -0.851562 0.015633 -0.320312
v -0.828125 0.078133 -0.320312
v -0.843750 0.015633 -0.273437
v -0.812500 -0.015625 -0.273437
v -0.820312 0.085938 -0.273437
v -0.757812 0.093750 -0.273437
v -0.765625 0.093750 -0.320312
v -0.718750 -0.023430 -0.171875
v -0.593750 -0.124992 -0.164062
v -0.828125 -0.070305 -0.132812
v -0.773438 -0.140617 -0.125000
v -1.031250 -0.039055 -0.304687
v -1.039062 -0.101562 -0.328125
v -1.210938 0.078133 -0.406250
v -1.281250 0.054688 -0.429687
v -1.265625 0.289070 -0.406250
v -1.351562 0.320320 -0.421875
v -1.187500 0.437500 -0.390625
v -1.234375 0.507812 -0.421875
v -1.015625 0.414062 -0.289062
v -1.023438 0.476570 -0.312500
v -1.023438 0.343758 -0.359375
v -0.890625 0.406258 -0.234375
v -1.023438 0.437500 -0.484375
v -1.250000 0.468750 -0.546875
v -0.859375 0.382812 -0.382812
v -1.039062 -0.085938 -0.492187
v -0.789062 -0.124992 -0.328125
v -1.312500 0.054688 -0.531250
v -1.367188 0.296875 -0.500000
v -0.640625 -0.007805 -0.429687
v -0.484375 0.023438 -0.546875
v -0.773438 0.265625 -0.437500
v -0.617188 0.328125 -0.585937
v -0.796875 0.539062 -0.359375
v -0.640625 0.679688 -0.445312
v -0.796875 0.617195 -0.117187
v -0.640625 0.750008 -0.195312
v -0.640625 0.703133 0.054687
v -0.453125 0.929688 -0.070312
v 0.000000 0.984375 -0.078125
v -0.453125 0.867188 -0.382812
v 0.000000 0.898438 -0.546875
v -0.460938 0.437500 -0.703125
v -0.335938 0.054688 -0.664062
v 0.000000 0.562508 -0.851562
v 0.000000 0.070312 -0.828125
v 0.460938 0.437500 -0.703125
v 0.335938 0.054688 -0.664062
v 0.453125 0.867188 -0.382812
v 0.617188 0.328125 -0.585937
v 0.773438 0.265625 -0.437500
v 0.640625 0.679688 -0.445312
v 0.484375 0.023438 -0.546875
v 0.640625 -0.007805 -0.429687
v 0.429688 -0.195305 -0.210937
v 0.343750 -0.148438 -0.539062
v 0.000000 -0.195305 -0.671875
v 0.296875 -0.312492 -0.265625
v 0.000000 -0.382805 -0.351562
v 0.210938 -0.390625 0.164062
v 0.000000 -0.460938 0.187500
v 0.179688 -0.414062 0.257812
v 0.218750 -0.281242 0.429687
v 0.406250 -0.171875 0.148437
v 0.734375 -0.046875 0.070312
v 0.437500 -0.093742 0.468750
v 0.437500 -0.140617 0.531250
v 0.601562 0.000000 0.414062
v 0.203125 -0.171875 0.500000
v 0.210938 -0.226555 0.468750
v 0.234375 -0.250000 0.554687
v 0.257812 -0.312492 0.554687
v 0.164062 -0.242180 0.710937
v 0.203125 -0.187500 0.562500
v 0.125000 -0.101562 0.812500
v 0.398438 -0.046875 0.671875
v 0.203125 0.093750 0.742187
v 0.000000 0.046883 0.726562
v 0.101562 -0.148438 0.742187
v 0.125000 -0.226555 0.750000
v 0.109375 -0.132812 0.781250
v 0.000000 -0.140617 0.742187
v 0.039062 -0.124992 0.781250
v -0.039062 -0.124992 0.781250
v -0.101562 -0.148438 0.742187
v 0.000000 -0.195305 0.750000
v 0.000000 -0.187500 0.796875
v 0.000000 -0.203125 0.828125
v 0.046875 -0.148438 0.812500
v -0.046875 -0.148438 0.812500
v 0.109375 -0.226555 0.828125
v -0.109375 -0.226555 0.828125
v 0.000000 -0.289062 0.804687
v 0.000000 -0.320312 0.781250
v 0.078125 -0.250000 0.804687
v -0.078125 -0.250000 0.804687
v -0.093750 -0.273438 0.781250
v -0.085938 -0.289062 0.742187
v -0.132812 -0.226555 0.796875
v -0.125000 -0.226555 0.750000
v -0.109375 -0.132812 0.781250
v -0.093750 -0.156242 0.812500
v -0.164062 -0.242180 0.710937
v -0.125000 -0.101562 0.812500
v -0.179688 -0.312492 0.710937
v -0.234375 -0.250000 0.554687
v -0.257812 -0.312492 0.554687
v -0.203125 -0.187500 0.562500
v -0.210938 -0.226555 0.468750
v -0.218750 -0.281242 0.429687
v -0.203125 -0.171875 0.500000
v -0.437500 -0.093742 0.468750
v -0.601562 0.000000 0.414062
v -0.437500 -0.140617 0.531250
v -0.406250 -0.171875 0.148437
v -0.429688 -0.195305 -0.210937
v -0.210938 -0.390625 0.164062
v -0.296875 -0.312492 -0.265625
v -0.179688 -0.414062 0.257812
v -0.125000 -0.539055 0.359375
v 0.000000 -0.484367 0.281250
v -0.234375 -0.351555 0.406250
v -0.250000 -0.500000 0.390625
v -0.312500 -0.437492 0.570312
v -0.210938 -0.445312 0.710937
v -0.351562 -0.695305 0.570312
v -0.250000 -0.703125 0.687500
v -0.367188 -0.890625 0.531250
v -0.265625 -0.820312 0.664062
v -0.328125 -0.945312 0.523437
v -0.289062 -0.710930 0.382812
v -0.328125 -0.914055 0.398437
v -0.140625 -0.757812 0.367187
v 0.000000 -0.804688 0.343750
v -0.164062 -0.945312 0.437500
v 0.000000 -0.976562 0.460937
v -0.179688 -0.968742 0.554687
v -0.164062 -0.929688 0.632812
v 0.000000 -0.984367 0.578125
v 0.179688 -0.968742 0.554687
v 0.000000 -0.945312 0.640625
v 0.164062 -0.929688 0.632812
v 0.000000 -0.890625 0.687500
v 0.062500 -0.882805 0.695312
v -0.062500 -0.882805 0.695312
v 0.000000 -0.875000 0.687500
v 0.046875 -0.867180 0.687500
v -0.046875 -0.867180 0.687500
v 0.000000 -0.859375 0.632812
v 0.046875 -0.851555 0.632812
v -0.046875 -0.851555 0.632812
v 0.000000 -0.781242 0.656250
v 0.000000 -0.773438 0.718750
v 0.093750 -0.750000 0.664062
v -0.093750 -0.750000 0.664062
v -0.093750 -0.812492 0.640625
v -0.093750 -0.742180 0.726562
v -0.109375 -0.718750 0.734375
v -0.093750 -0.820312 0.710937
v -0.117188 -0.835938 0.710937
v -0.234375 -0.914055 0.632812
v -0.117188 -0.687500 0.734375
v 0.000000 -0.765617 0.734375
v 0.000000 -0.679680 0.734375
v 0.109375 -0.718750 0.734375
v 0.265625 -0.820312 0.664062
v 0.117188 -0.835938 0.710937
v 0.117188 -0.687500 0.734375
v 0.093750 -0.742180 0.726562
v 0.093750 -0.820312 0.710937
v 0.093750 -0.812492 0.640625
v 0.078125 -0.445312 0.750000
v 0.250000 -0.703125 0.687500
v 0.351562 -0.695305 0.570312
v 0.210938 -0.445312 0.710937
v 0.312500 -0.437492 0.570312
v 0.179688 -0.312492 0.710937
v 0.085938 -0.289062 0.742187
v 0.000000 -0.328117 0.742187
v 0.093750 -0.273438 0.781250
v 0.132812 -0.226555 0.796875
v 0.000000 -0.445312 0.750000
v -0.078125 -0.445312 0.750000
v 0.234375 -0.351555 0.406250
v 0.250000 -0.500000 0.390625
v 0.289062 -0.710930 0.382812
v 0.125000 -0.539055 0.359375
v 0.000000 -0.570305 0.320312
v 0.140625 -0.757812 0.367187
v 0.164062 -0.945312 0.437500
v 0.328125 -0.914055 0.398437
v 0.328125 -0.945312 0.523437
v 0.234375 -0.914055 0.632812
v 0.367188 -0.890625 0.531250
v -0.343750 -0.148438 -0.539062
v -0.398437 -0.046875 0.671875
v -0.632812 -0.039055 0.539062
v -0.617188 0.054688 0.625000
v -0.828125 0.148445 0.445312
v -0.726562 0.203133 0.601562
v -0.742188 0.375008 0.656250
v -0.625000 0.187508 0.648437
v -0.640625 0.296875 0.648437
v -0.492188 0.062508 0.671875
v -0.578125 0.195312 0.679687
v -0.476562 0.101570 0.718750
v -0.585938 0.289070 0.687500
v -0.546875 0.210938 0.671875
v -0.554688 0.281250 0.671875
v -0.460938 0.117195 0.703125
v -0.375000 0.085938 0.726562
v -0.375000 0.062508 0.742187
v -0.242188 0.125000 0.757812
v -0.226562 0.109375 0.781250
v -0.203125 0.171875 0.750000
v -0.187500 0.156250 0.773437
v -0.195312 0.226562 0.750000
v -0.195312 0.296875 0.757812
v -0.171875 0.218758 0.781250
v -0.132812 0.210938 0.757812
v -0.179688 0.296875 0.781250
v -0.125000 0.304695 0.765625
v -0.210938 0.375008 0.781250
v -0.164062 0.414062 0.773437
v -0.273438 0.421875 0.773437
v -0.234375 0.359383 0.757812
v -0.281250 0.398438 0.765625
v -0.335938 0.406258 0.750000
v -0.335938 0.429695 0.757812
v -0.414062 0.390633 0.750000
v -0.421875 0.398438 0.773437
v -0.531250 0.335945 0.679687
v -0.562500 0.351562 0.695312
v -0.601562 0.375008 0.664062
v -0.687500 0.414062 0.726562
v -0.429688 0.437500 0.718750
v -0.437500 0.546883 0.796875
v -0.328125 0.476570 0.742187
v -0.312500 0.640625 0.835937
v -0.250000 0.468750 0.757812
v -0.203125 0.617195 0.851562
v -0.156250 0.718758 0.757812
v -0.101562 0.429695 0.843750
v -0.320312 0.757812 0.734375
v -0.195312 0.664070 0.617187
v 0.000000 0.210938 0.765625
v -0.164062 0.140625 0.750000
v -0.203125 0.093750 0.742187
v -0.375000 0.015633 0.703125
v 0.132812 0.210938 0.757812
v 0.125000 0.304695 0.765625
v 0.164062 0.140625 0.750000
v 0.171875 0.218758 0.781250
v 0.187500 0.156250 0.773437
v 0.179688 0.296875 0.781250
v 0.195312 0.226562 0.750000
v 0.195312 0.296875 0.757812
v 0.203125 0.171875 0.750000
v 0.242188 0.125000 0.757812
v 0.226562 0.109375 0.781250
v 0.375000 0.085938 0.726562
v 0.375000 0.062508 0.742187
v 0.460938 0.117195 0.703125
v 0.476562 0.101570 0.718750
v 0.546875 0.210938 0.671875
v 0.578125 0.195312 0.679687
v 0.554688 0.281250 0.671875
v 0.585938 0.289070 0.687500
v 0.531250 0.335945 0.679687
v 0.562500 0.351562 0.695312
v 0.414062 0.390633 0.750000
v 0.421875 0.398438 0.773437
v 0.335938 0.406258 0.750000
v 0.335938 0.429695 0.757812
v 0.281250 0.398438 0.765625
v 0.273438 0.421875 0.773437
v 0.234375 0.359383 0.757812
v 0.210938 0.375008 0.781250
v 0.164062 0.414062 0.773437
v 0.101562 0.429695 0.843750
v 0.250000 0.468750 0.757812
v 0.203125 0.617195 0.851562
v 0.328125 0.476570 0.742187
v 0.312500 0.640625 0.835937
v 0.429688 0.437500 0.718750
v 0.437500 0.546883 0.796875
v 0.601562 0.375008 0.664062
v 0.687500 0.414062 0.726562
v 0.640625 0.296875 0.648437
v 0.742188 0.375008 0.656250
v 0.625000 0.187508 0.648437
v 0.726562 0.203133 0.601562
v 0.492188 0.062508 0.671875
v 0.617188 0.054688 0.625000
v 0.375000 0.015633 0.703125
v 0.632812 -0.039055 0.539062
v 0.828125 0.148445 0.445312
v 0.859375 0.429695 0.593750
v 0.773438 0.164070 0.375000
v 0.796875 0.406258 0.460937
v 0.851562 0.234383 0.054687
v 0.726562 0.406258 0.335937
v 0.859375 0.320320 -0.046875
v 0.796875 0.562508 0.125000
v 0.820312 0.328125 -0.203125
v 0.726562 0.000000 -0.070312
v 0.796875 0.203133 -0.210937
v 0.835938 0.171875 -0.273437
v 0.718750 0.039062 -0.187500
v 0.843750 0.289070 -0.210937
v 0.921875 0.359383 -0.218750
v 0.890625 0.242188 -0.265625
v 0.945312 0.304695 -0.289062
v 0.890625 0.234383 -0.320312
v 0.953125 0.289070 -0.343750
v 0.843750 0.171875 -0.320312
v 0.960937 0.171875 -0.351562
v 0.890625 0.109375 -0.328125
v 1.000000 0.125000 -0.367187
v 1.015625 0.234383 -0.375000
v 1.054688 0.187508 -0.382812
v 1.085938 0.273445 -0.390625
v 1.109375 0.210938 -0.390625
v 1.039062 0.328125 -0.414062
v 1.187500 0.343758 -0.484375
v 1.171875 0.359383 -0.437500
v 1.257812 0.242188 -0.492187
v 1.234375 0.250008 -0.445312
v 1.210938 0.085938 -0.484375
v 1.187500 0.093750 -0.445312
v 1.046875 0.000000 -0.421875
v 1.039062 0.000000 -0.367187
v 0.882812 -0.015625 -0.265625
v 0.882812 -0.023430 -0.210937
v 0.812500 -0.015625 -0.320312
v 0.937500 0.062508 -0.335937
v 0.851562 0.015633 -0.320312
v 0.843750 0.015633 -0.273437
v 0.828125 0.078133 -0.320312
v 0.820312 0.085938 -0.273437
v 0.765625 0.093750 -0.320312
v 0.757812 0.093750 -0.273437
v 0.812500 -0.015625 -0.273437
v 0.718750 -0.023430 -0.171875
v 0.593750 -0.124992 -0.164062
v 0.828125 -0.070305 -0.132812
v 1.031250 -0.039055 -0.304687
v 0.773438 -0.140617 -0.125000
v 1.039062 -0.101562 -0.328125
v 0.789062 -0.124992 -0.328125
v 1.039062 -0.085938 -0.492187
v 0.859375 0.382812 -0.382812
v 0.890625 0.406258 -0.234375
v 1.023438 0.437500 -0.484375
v 1.023438 0.476570 -0.312500
v 1.250000 0.468750 -0.546875
v 1.234375 0.507812 -0.421875
v 1.367188 0.296875 -0.500000
v 1.312500 0.054688 -0.531250
v 1.281250 0.054688 -0.429687
v 1.351562 0.320320 -0.421875
v 1.210938 0.078133 -0.406250
v 1.265625 0.289070 -0.406250
v 1.187500 0.437500 -0.390625
v 1.015625 0.414062 -0.289062
v 1.023438 0.343758 -0.359375
v 0.796875 0.617195 -0.117187
v 0.640625 0.750008 -0.195312
v 0.796875 0.539062 -0.359375
v 0.640625 0.703133 0.054687
v 0.453125 0.929688 -0.070312
v 0.453125 0.851562 0.234375
v 0.632812 0.453125 0.281250
v 0.679688 0.453125 0.492187
v 0.710938 0.484375 0.625000
v 0.484375 0.554688 0.554687
v 0.492188 0.601570 0.687500
v 0.335938 0.687508 0.593750
v 0.320312 0.757812 0.734375
v 0.195312 0.664070 0.617187
v 0.156250 0.718758 0.757812
v 0.093750 -0.156242 0.812500
vn -0.2746 -0.0023 -0.9616
vn -0.0061 -0.0015 -1.0000
vn 0.2770 -0.0023 0.9609
vn -0.0000 -0.0000 1.0000
vn -0.0106 -0.9999 -0.0000
vn -0.0000 0.0602 0.9982
vn 0.2742 0.0002 0.9617
vn -0.0074 0.0005 -1.0000
vn -0.2747 0.0056 -0.9615
vn -0.1825 0.0229 -0.9829
vn -0.0088 0.0095 -0.9999
vn 0.3360 0.0488 0.9406
vn -0.0000 0.0552 0.9985
vn 0.4135 0.1600 0.8963
vn -0.0062 0.1157 -0.9933
vn -0.2715 0.1132 -0.9558
vn -0.9965 -0.0056 0.0836
vn -0.0008 -0.0011 -1.0000
vn 0.9982 -0.0046 -0.0600
vn 0.0031 0.0023 1.0000
vn 0.9966 -0.0046 0.0825
vn -0.9980 -0.0056 -0.0626
vn -0.3898 0.1659 0.9058
vn 0.2768 0.1048 -0.9552
vn 0.1683 0.0253 -0.9854
vn -0.3616 0.0434 0.9313
vn -0.2697 0.0055 0.9629
vn 0.2795 0.0003 -0.9601
vn 0.0093 0.0607 -0.9981
vn -0.0106 -0.9982 0.0588
vn 0.2792 -0.0023 -0.9602
vn -0.2725 -0.0022 0.9622
vn 0.2333 -0.0982 -0.9674
vn -0.2535 -0.0912 0.9630
vn -0.2517 -0.0934 -0.9633
vn 0.2387 -0.0399 -0.9703
vn 0.2631 -0.0940 0.9602
vn 0.1333 -0.0658 0.9889
vn -0.2724 0.0001 0.9622
vn 0.2792 -0.0000 -0.9602
vn 0.2771 -0.0000 0.9608
vn -0.0061 -0.0000 -1.0000
vn -0.2746 0.0001 -0.9616
vn -0.2746 -0.0045 -0.9616
vn -0.0060 -0.0000 -1.0000
vn 0.2747 0.0010 0.9615
vn 0.2792 0.0010 -0.9602
vn -0.2832 -0.0000 0.9591
vn -0.2725 -0.0000 0.9622
vn 0.2770 -0.0000 0.9609
vn -0.2746 -0.0000 -0.9616
vn 0.0063 -0.0000 -1.0000
vn 0.0068 -0.0000 -1.0000
vn -0.2011 -0.0650 0.9774
vn -0.1834 -0.0404 -0.9822
vn 0.0035 -0.9998 0.0193
vn 0.2795 0.0958 -0.9553
vn -0.0031 0.0024 1.0000
vn 0.0008 -0.0011 -1.0000
vn 0.0064 0.1161 -0.9932
vn -0.0000 0.0517 0.9987
vn 0.0075 0.0016 -1.0000
vn 0.0072 0.0006 -1.0000
vn 0.2727 0.0935 0.9575
vn 0.0139 -0.9997 -0.0187
vn 0.0063 -0.0015 -1.0000
vn -0.0000 -1.0000 -0.0000
vn 0.0755 -0.0000 -0.9971
vn -0.0755 -0.0000 -0.9971
vn -0.2272 -0.0000 -0.9738
vn -0.0000 1.0000 -0.0000
vn -0.3803 -0.0000 -0.9249
vn -0.5338 -0.0000 -0.8456
vn -0.6838 -0.0000 -0.7296
vn -0.8212 -0.0000 -0.5706
vn -0.9303 -0.0000 -0.3669
vn -0.9919 -0.0000 -0.1270
vn -0.9919 -0.0000 0.1270
vn -0.9303 -0.0000 0.3669
vn -0.8212 -0.0000 0.5706
vn -0.6838 -0.0000 0.7296
vn -0.5338 -0.0000 0.8456
vn -0.3803 -0.0000 0.9249
vn -0.2272 -0.0000 0.9738
vn -0.0755 -0.0000 0.9971
vn 0.0755 -0.0000 0.9971
vn 0.2272 -0.0000 0.9738
vn 0.3803 -0.0000 0.9249
vn 0.5338 -0.0000 0.8456
vn 0.6838 -0.0000 0.7296
vn 0.8212 -0.0000 0.5706
vn 0.9303 -0.0000 0.3669
vn 0.9919 -0.0000 0.1270
vn 0.9919 -0.0000 -0.1270
vn 0.9303 -0.0000 -0.3669
vn 0.8212 -0.0000 -0.5706
vn 0.6838 -0.0000 -0.7296
vn 0.5338 -0.0000 -0.8456
vn 0.3803 -0.0000 -0.9249
vn 0.2272 -0.0000 -0.9738
vn 0.9923 0.0860 0.0894
vn 0.9923 0.0860 -0.0894
vn 0.9923 -0.0860 -0.0894
vn 0.9923 -0.0860 0.0894
vn 0.9611 -0.0848 0.2628
vn 0.9611 0.0848 0.2628
vn 0.9480 -0.3067 0.0854
vn 0.9194 -0.3026 0.2514
vn 0.8658 -0.2952 0.4040
vn 0.9031 -0.0825 0.4214
vn 0.7933 -0.2855 0.5378
vn 0.8251 -0.0796 0.5594
vn 0.8251 0.0796 0.5594
vn 0.9031 0.0825 0.4214
vn 0.7933 0.2855 0.5378
vn 0.8658 0.2952 0.4040
vn 0.9194 0.3026 0.2514
vn 0.5938 0.7554 0.2771
vn 0.6221 0.7642 0.1701
vn 0.9480 0.3067 0.0854
vn 0.6368 0.7689 0.0574
vn 0.9480 0.3067 -0.0854
vn 0.6368 0.7689 -0.0574
vn -0.6368 0.7689 0.0574
vn -0.6368 0.7689 -0.0574
vn -0.9480 0.3067 0.0854
vn -0.9480 0.3067 -0.0854
vn -0.6221 0.7642 -0.1701
vn -0.9194 0.3026 -0.2514
vn -0.9611 0.0848 -0.2628
vn -0.9923 0.0860 -0.0894
vn -0.9611 -0.0848 -0.2628
vn -0.9923 -0.0860 -0.0894
vn -0.9923 0.0860 0.0894
vn -0.9923 -0.0860 0.0894
vn -0.9480 -0.3067 0.0854
vn -0.9480 -0.3067 -0.0854
vn -0.6368 -0.7689 0.0574
vn -0.6368 -0.7689 -0.0574
vn -0.9194 -0.3026 -0.2514
vn -0.6221 -0.7642 -0.1701
vn 0.6221 -0.7642 0.1701
vn 0.6368 -0.7689 0.0574
vn -0.5938 -0.7554 -0.2771
vn 0.5938 -0.7554 0.2771
vn -0.5535 -0.7435 -0.3752
vn 0.5535 -0.7435 0.3752
vn -0.5036 -0.7297 -0.4626
vn 0.5036 -0.7297 0.4626
vn 0.7081 -0.2749 0.6504
vn 0.4463 -0.7151 0.5380
vn 0.6157 -0.2644 0.7423
vn 0.6367 -0.0733 0.7676
vn 0.7343 -0.0764 0.6745
vn 0.6367 0.0733 0.7676
vn 0.7343 0.0764 0.6745
vn 0.6157 0.2644 0.7423
vn 0.7081 0.2749 0.6504
vn 0.4463 0.7151 0.5380
vn 0.5036 0.7297 0.4626
vn 0.5535 0.7435 0.3752
vn -0.5036 0.7297 -0.4626
vn -0.5535 0.7435 -0.3752
vn -0.5938 0.7554 -0.2771
vn -0.7933 0.2855 -0.5378
vn -0.8658 0.2952 -0.4040
vn -0.8251 0.0796 -0.5594
vn -0.9031 0.0825 -0.4214
vn -0.8251 -0.0796 -0.5594
vn -0.9031 -0.0825 -0.4214
vn -0.7933 -0.2855 -0.5378
vn -0.8658 -0.2952 -0.4040
vn -0.7343 -0.0764 -0.6745
vn -0.7081 -0.2749 -0.6504
vn -0.6367 -0.0733 -0.7676
vn -0.6157 -0.2644 -0.7423
vn -0.4463 -0.7151 -0.5380
vn -0.5201 -0.2546 -0.8153
vn -0.3836 -0.7009 -0.6013
vn 0.3836 -0.7009 0.6013
vn -0.3173 -0.6880 -0.6527
vn 0.3173 -0.6880 0.6527
vn 0.4237 -0.2462 0.8717
vn 0.5201 -0.2546 0.8153
vn 0.4361 -0.0679 0.8973
vn 0.5365 -0.0704 0.8410
vn 0.4361 0.0679 0.8973
vn 0.5365 0.0704 0.8410
vn 0.4237 0.2462 0.8717
vn 0.5201 0.2546 0.8153
vn 0.3173 0.6880 0.6527
vn 0.3836 0.7009 0.6013
vn -0.3173 0.6880 -0.6527
vn -0.3836 0.7009 -0.6013
vn -0.4463 0.7151 -0.5380
vn -0.5201 0.2546 -0.8153
vn -0.6157 0.2644 -0.7423
vn -0.7081 0.2749 -0.6504
vn -0.6367 0.0733 -0.7676
vn -0.7343 0.0764 -0.6745
vn -0.5365 0.0704 -0.8410
vn -0.5365 -0.0704 -0.8410
vn -0.4361 0.0679 -0.8973
vn -0.4361 -0.0679 -0.8973
vn -0.4237 -0.2462 -0.8717
vn -0.3369 -0.0659 -0.9392
vn -0.3278 -0.2393 -0.9139
vn -0.2485 -0.6769 -0.6928
vn -0.2331 -0.2341 -0.9439
vn -0.1783 -0.6683 -0.7222
vn 0.1783 -0.6683 0.7222
vn 0.2485 -0.6769 0.6928
vn 0.2331 -0.2341 0.9439
vn 0.3278 -0.2393 0.9139
vn 0.2392 -0.0644 0.9688
vn 0.3369 -0.0659 0.9392
vn 0.2392 0.0644 0.9688
vn 0.3369 0.0659 0.9392
vn 0.2331 0.2341 0.9439
vn 0.3278 0.2393 0.9139
vn 0.1783 0.6683 0.7222
vn 0.2485 0.6769 0.6928
vn -0.1783 0.6683 -0.7222
vn -0.2485 0.6769 -0.6928
vn -0.2331 0.2341 -0.9439
vn -0.3278 0.2393 -0.9139
vn -0.4237 0.2462 -0.8717
vn -0.3369 0.0659 -0.9392
vn -0.2392 0.0644 -0.9688
vn -0.2392 -0.0644 -0.9688
vn -0.1429 0.0634 -0.9877
vn -0.1429 -0.0634 -0.9877
vn -0.1393 -0.2306 -0.9630
vn -0.0475 -0.0629 -0.9969
vn -0.0464 -0.2288 -0.9724
vn -0.0358 -0.6595 -0.7509
vn -0.1073 -0.6624 -0.7414
vn 0.0358 -0.6595 0.7509
vn 0.1073 -0.6624 0.7414
vn 0.0464 -0.2288 0.9724
vn 0.1393 -0.2306 0.9630
vn 0.0475 -0.0629 0.9969
vn 0.1429 -0.0634 0.9877
vn 0.0475 0.0629 0.9969
vn 0.1429 0.0634 0.9877
vn 0.0464 0.2288 0.9724
vn 0.1393 0.2306 0.9630
vn 0.0358 0.6595 0.7509
vn 0.1073 0.6624 0.7414
vn -0.0358 0.6595 -0.7509
vn -0.1073 0.6624 -0.7414
vn -0.0464 0.2288 -0.9724
vn -0.1393 0.2306 -0.9630
vn -0.0475 0.0629 -0.9969
vn 0.0464 0.2288 -0.9724
vn 0.0475 0.0629 -0.9969
vn 0.0475 -0.0629 -0.9969
vn 0.1429 0.0634 -0.9877
vn 0.1429 -0.0634 -0.9877
vn 0.1393 -0.2306 -0.9630
vn 0.0464 -0.2288 -0.9724
vn 0.1073 -0.6624 -0.7414
vn 0.0358 -0.6595 -0.7509
vn -0.1073 -0.6624 0.7414
vn -0.0358 -0.6595 0.7509
vn -0.1393 -0.2306 0.9630
vn -0.0464 -0.2288 0.9724
vn -0.1429 -0.0634 0.9877
vn -0.0475 -0.0629 0.9969
vn -0.1429 0.0634 0.9877
vn -0.0475 0.0629 0.9969
vn -0.1393 0.2306 0.9630
vn -0.0464 0.2288 0.9724
vn -0.1073 0.6624 0.7414
vn -0.0358 0.6595 0.7509
vn 0.1073 0.6624 -0.7414
vn 0.0358 0.6595 -0.7509
vn 0.1393 0.2306 -0.9630
vn 0.1783 0.6683 -0.7222
vn 0.2331 0.2341 -0.9439
vn 0.2392 0.0644 -0.9688
vn 0.3278 0.2393 -0.9139
vn 0.3369 0.0659 -0.9392
vn 0.3369 -0.0659 -0.9392
vn 0.2392 -0.0644 -0.9688
vn 0.3278 -0.2393 -0.9139
vn 0.2331 -0.2341 -0.9439
vn 0.2485 -0.6769 -0.6928
vn 0.1783 -0.6683 -0.7222
vn -0.2485 -0.6769 0.6928
vn -0.1783 -0.6683 0.7222
vn -0.3278 -0.2393 0.9139
vn -0.2331 -0.2341 0.9439
vn -0.3369 -0.0659 0.9392
vn -0.2392 -0.0644 0.9688
vn -0.3369 0.0659 0.9392
vn -0.2392 0.0644 0.9688
vn -0.3278 0.2393 0.9139
vn -0.2331 0.2341 0.9439
vn -0.2485 0.6769 0.6928
vn -0.1783 0.6683 0.7222
vn 0.2485 0.6769 -0.6928
vn -0.3173 0.6880 0.6527
vn 0.3173 0.6880 -0.6527
vn 0.4237 0.2462 -0.8717
vn 0.3836 0.7009 -0.6013
vn 0.5201 0.2546 -0.8153
vn 0.5365 0.0704 -0.8410
vn 0.4361 0.0679 -0.8973
vn 0.5365 -0.0704 -0.8410
vn 0.4361 -0.0679 -0.8973
vn 0.5201 -0.2546 -0.8153
vn 0.4237 -0.2462 -0.8717
vn 0.3836 -0.7009 -0.6013
vn 0.3173 -0.6880 -0.6527
vn -0.3836 -0.7009 0.6013
vn -0.3173 -0.6880 0.6527
vn -0.5201 -0.2546 0.8153
vn -0.4237 -0.2462 0.8717
vn -0.5365 -0.0704 0.8410
vn -0.4361 -0.0679 0.8973
vn -0.5365 0.0704 0.8410
vn -0.4361 0.0679 0.8973
vn -0.5201 0.2546 0.8153
vn -0.4237 0.2462 0.8717
vn -0.3836 0.7009 0.6013
vn -0.6157 0.2644 0.7423
vn -0.4463 0.7151 0.5380
vn 0.4463 0.7151 -0.5380
vn -0.5036 0.7297 0.4626
vn 0.5036 0.7297 -0.4626
vn 0.7081 0.2749 -0.6504
vn 0.6157 0.2644 -0.7423
vn 0.7343 0.0764 -0.6745
vn 0.6367 0.0733 -0.7676
vn 0.7343 -0.0764 -0.6745
vn 0.6367 -0.0733 -0.7676
vn 0.7081 -0.2749 -0.6504
vn 0.6157 -0.2644 -0.7423
vn 0.5036 -0.7297 -0.4626
vn 0.4463 -0.7151 -0.5380
vn -0.5036 -0.7297 0.4626
vn -0.4463 -0.7151 0.5380
vn -0.7081 -0.2749 0.6504
vn -0.6157 -0.2644 0.7423
vn -0.7343 -0.0764 0.6745
vn -0.6367 -0.0733 0.7676
vn -0.7343 0.0764 0.6745
vn -0.6367 0.0733 0.7676
vn -0.7081 0.2749 0.6504
vn -0.8251 0.0796 0.5594
vn -0.7933 0.2855 0.5378
vn -0.5535 0.7435 0.3752
vn -0.8658 0.2952 0.4040
vn -0.5938 0.7554 0.2771
vn 0.5938 0.7554 -0.2771
vn 0.5535 0.7435 -0.3752
vn 0.8658 0.2952 -0.4040
vn 0.7933 0.2855 -0.5378
vn 0.9031 0.0825 -0.4214
vn 0.8251 0.0796 -0.5594
vn 0.9031 -0.0825 -0.4214
vn 0.8251 -0.0796 -0.5594
vn 0.8658 -0.2952 -0.4040
vn 0.7933 -0.2855 -0.5378
vn 0.5938 -0.7554 -0.2771
vn 0.5535 -0.7435 -0.3752
vn -0.5938 -0.7554 0.2771
vn -0.5535 -0.7435 0.3752
vn -0.8658 -0.2952 0.4040
vn -0.7933 -0.2855 0.5378
vn -0.9031 -0.0825 0.4214
vn -0.8251 -0.0796 0.5594
vn -0.9031 0.0825 0.4214
vn -0.9611 -0.0848 0.2628
vn -0.9611 0.0848 0.2628
vn -0.9194 0.3026 0.2514
vn -0.6221 0.7642 0.1701
vn 0.6221 0.7642 -0.1701
vn 0.9194 0.3026 -0.2514
vn 0.9611 0.0848 -0.2628
vn 0.9611 -0.0848 -0.2628
vn 0.9480 -0.3067 -0.0854
vn 0.9194 -0.3026 -0.2514
vn 0.6368 -0.7689 -0.0574
vn 0.6221 -0.7642 -0.1701
vn -0.6221 -0.7642 0.1701
vn -0.9194 -0.3026 0.2514
vn 0.2869 -0.0000 0.9580
vn 0.2943 -0.9557 -0.0000
vn 1.0000 -0.0000 -0.0000
vn 0.2943 0.9557 -0.0000
vn 0.2869 -0.0000 -0.9580
vn -0.0000 -0.0000 -1.0000
vn -0.2943 0.9557 -0.0000
vn -0.2869 -0.0000 -0.9580
vn -0.2943 -0.9557 -0.0000
vn -0.2869 -0.0000 0.9580
vn -1.0000 -0.0000 -0.0000
vn 0.0802 -0.0000 -0.9968
vn -0.0802 -0.0000 -0.9968
vn 0.0718 -0.4457 -0.8923
vn -0.0718 -0.4457 -0.8923
vn -0.0513 -0.7687 -0.6375
vn 0.0513 -0.7687 -0.6375
vn -0.1528 -0.7727 -0.6162
vn -0.2149 -0.4502 -0.8667
vn -0.2505 -0.7801 -0.5733
vn -0.3557 -0.4589 -0.8142
vn -0.4004 -0.0000 -0.9164
vn -0.2407 -0.0000 -0.9706
vn -0.5571 -0.0000 -0.8305
vn -0.7057 -0.0000 -0.7085
vn -0.6170 -0.4854 -0.6195
vn -0.4914 -0.4710 -0.7326
vn -0.3414 -0.7902 -0.5090
vn -0.4220 -0.8015 -0.4237
vn -0.4880 -0.8124 -0.3191
vn -0.7249 -0.4998 -0.4740
vn -0.5352 -0.8211 -0.1986
vn -0.8054 -0.5118 -0.2989
vn -0.9375 -0.0000 -0.3479
vn -0.8369 -0.0000 -0.5473
vn -0.9928 -0.0000 -0.1196
vn -0.9928 -0.0000 0.1196
vn -0.8488 -0.5187 0.1023
vn -0.8488 -0.5187 -0.1023
vn -0.5598 -0.8259 -0.0675
vn -0.5598 -0.8259 0.0675
vn -0.5352 -0.8211 0.1986
vn -0.8054 -0.5118 0.2989
vn -0.4880 -0.8124 0.3191
vn -0.7249 -0.4998 0.4740
vn -0.8369 -0.0000 0.5473
vn -0.9375 -0.0000 0.3479
vn -0.7057 -0.0000 0.7085
vn -0.5571 -0.0000 0.8305
vn -0.4914 -0.4710 0.7326
vn -0.6170 -0.4854 0.6195
vn -0.4220 -0.8015 0.4237
vn -0.3414 -0.7901 0.5090
vn -0.2505 -0.7801 0.5733
vn -0.3557 -0.4589 0.8142
vn -0.1528 -0.7727 0.6162
vn -0.2149 -0.4502 0.8667
vn -0.2407 -0.0000 0.9706
vn -0.4004 -0.0000 0.9164
vn -0.0802 -0.0000 0.9968
vn 0.0802 -0.0000 0.9968
vn -0.0718 -0.4457 0.8923
vn 0.0718 -0.4457 0.8923
vn 0.4681 -0.1979 0.8612
vn 0.2356 -0.2044 0.9501
vn 0.2407 -0.0000 0.9706
vn 0.3915 -0.2092 0.8961
vn 0.4004 -0.0000 0.9164
vn 0.5571 -0.0000 0.8305
vn 0.7057 -0.0000 0.7085
vn 0.3165 -0.1925 0.9289
vn 0.5439 -0.2160 0.8109
vn 0.6170 -0.4854 0.6195
vn 0.4914 -0.4710 0.7326
vn 0.3414 -0.7902 0.5090
vn 0.4220 -0.8015 0.4237
vn 0.2505 -0.7801 0.5733
vn 0.3557 -0.4589 0.8142
vn 0.1528 -0.7727 0.6162
vn 0.2149 -0.4502 0.8667
vn 0.0513 -0.7687 0.6375
vn -0.0513 -0.7687 0.6375
vn 0.4880 -0.8124 0.3191
vn 0.7249 -0.4998 0.4740
vn 0.8369 -0.0000 0.5473
vn 0.8054 -0.5118 0.2989
vn 0.9375 -0.0000 0.3479
vn 0.9928 -0.0000 0.1196
vn 0.9928 -0.0000 -0.1196
vn 0.8488 -0.5187 -0.1023
vn 0.8488 -0.5187 0.1023
vn 0.5598 -0.8259 0.0675
vn 0.5598 -0.8259 -0.0675
vn 0.5352 -0.8211 0.1986
vn 0.5352 -0.8211 -0.1986
vn 0.8054 -0.5118 -0.2989
vn 0.4880 -0.8124 -0.3191
vn 0.7249 -0.4998 -0.4740
vn 0.8369 -0.0000 -0.5473
vn 0.9375 -0.0000 -0.3479
vn 0.7057 -0.0000 -0.7085
vn 0.5571 -0.0000 -0.8305
vn 0.4914 -0.4710 -0.7326
vn 0.6170 -0.4854 -0.6195
vn 0.4220 -0.8015 -0.4237
vn 0.3414 -0.7901 -0.5090
vn 0.2505 -0.7801 -0.5733
vn 0.3557 -0.4589 -0.8142
vn 0.1528 -0.7727 -0.6162
vn 0.2149 -0.4502 -0.8667
vn 0.2407 -0.0000 -0.9706
vn 0.4004 -0.0000 -0.9164
vn 0.7138 0.0300 -0.6997
vn 0.9965 -0.0419 -0.0718
vn 0.8379 -0.5425 -0.0604
vn 0.7205 -0.0302 0.6928
vn -0.8473 0.5311 0.0061
vn 0.0072 -0.0000 1.0000
vn -0.2467 -0.0000 0.9691
vn -0.0293 -0.9996 0.0004
vn -0.2598 -0.0000 -0.9657
vn -0.0072 -0.0000 -1.0000
vn 0.0295 0.9996 -0.0002
vn -0.0590 0.9983 0.0008
vn -0.3139 -0.0000 -0.9495
vn -0.2885 -0.0000 0.9575
vn 0.0016 -0.0000 1.0000
vn -0.0012 -1.0000 -0.0012
vn 0.0591 -0.9983 -0.0007
vn -0.0016 -0.0000 -1.0000
vn 0.0003 -1.0000 -0.0000
vn 0.8804 0.4734 -0.0282
vn -0.1921 -0.0000 -0.9814
vn -0.1608 -0.0007 0.9870
vn -0.8938 -0.4476 0.0287
vn -0.9946 -0.0000 0.1036
vn 0.7683 -0.3293 -0.5489
vn 0.6617 -0.2026 0.7219
vn 0.3790 -0.5163 0.7680
vn 0.2036 -0.8146 -0.5431
vn 0.3069 -0.1754 0.9354
vn 0.4000 -0.0623 0.9144
vn 0.4002 0.0572 0.9147
vn 0.0945 -0.1835 0.9785
vn -0.0624 -0.0283 0.9977
vn -0.0624 0.0260 0.9977
vn 0.0996 0.1729 0.9799
vn 0.3036 0.1656 0.9383
vn 0.2073 0.8294 -0.5188
vn 0.8400 0.3436 -0.4200
vn 0.3329 0.5231 0.7846
vn 0.6888 0.1868 0.7005
vn 0.4245 0.7711 0.4746
vn 0.8251 0.2968 0.4808
vn 0.8268 -0.3051 0.4725
vn 0.4076 -0.7906 0.4570
vn -0.2663 -0.8487 0.4570
vn -0.7824 -0.3294 0.5285
vn -0.7656 0.3223 0.5568
vn -0.2560 0.8074 0.5316
vn -0.0822 0.6023 0.7940
vn -0.4649 0.1957 0.8634
vn -0.8642 0.3143 -0.3929
vn -0.4057 0.7605 -0.5070
vn -0.7782 -0.3538 -0.5188
vn -0.4706 -0.1981 0.8598
vn -0.4380 -0.7987 -0.4125
vn -0.0859 -0.5222 0.8485
vn -0.6617 -0.2026 0.7219
vn -0.3790 -0.5163 0.7680
vn -0.7683 -0.3293 -0.5489
vn -0.2036 -0.8146 -0.5431
vn -0.3069 -0.1754 0.9354
vn -0.4000 -0.0623 0.9144
vn -0.4002 0.0572 0.9147
vn -0.0945 -0.1835 0.9785
vn 0.0624 -0.0283 0.9977
vn 0.0624 0.0260 0.9977
vn -0.0996 0.1729 0.9799
vn -0.3036 0.1656 0.9383
vn -0.7815 0.3058 -0.5438
vn -0.2037 0.8146 -0.5431
vn -0.3860 0.5446 0.7446
vn -0.6617 0.2026 0.7219
vn 0.1016 0.5519 0.8277
vn 0.4381 0.7987 -0.4125
vn 0.4649 0.1957 0.8634
vn 0.7862 0.3275 -0.5241
vn 0.4706 -0.1981 0.8598
vn 0.7783 -0.3538 -0.5188
vn 0.0859 -0.5222 0.8485
vn 0.4380 -0.7987 -0.4125
vn 0.2663 -0.8487 0.4570
vn 0.7606 -0.3400 0.5531
vn 0.7684 0.3293 0.5488
vn 0.2487 0.8249 0.5077
vn -0.4059 0.7641 0.5014
vn -0.8299 0.2940 0.4742
vn -0.8268 -0.3051 0.4725
vn -0.4076 -0.7906 0.4570
vn -0.6013 0.5262 0.6013
vn -0.4338 0.8888 -0.1481
vn 0.5774 0.5773 0.5774
vn 0.4338 0.8888 -0.1481
vn -0.1616 0.1847 0.9694
vn 0.1616 0.1847 0.9694
vn 0.2854 0.6237 0.7277
vn -0.1548 0.5080 0.8473
vn 0.2925 0.5675 0.7697
vn -0.2925 0.5675 0.7697
vn -0.7791 0.4074 0.4764
vn -0.3238 0.9434 -0.0720
vn -0.5914 0.7489 -0.2991
vn 0.1681 0.1005 -0.9806
vn -0.3653 0.8833 -0.2938
vn -0.2900 0.9141 -0.2833
vn -0.4950 0.8619 -0.1100
vn -0.7964 0.1323 -0.5901
vn -0.9340 0.2255 0.2773
vn -0.2561 0.6447 0.7203
vn -0.9276 0.0762 0.3657
vn -0.9166 -0.3740 0.1414
vn -0.9042 -0.3578 -0.2332
vn -0.9750 0.2169 0.0490
vn -0.8271 0.5324 -0.1802
vn -0.8717 -0.4445 -0.2063
vn -0.9008 -0.4075 0.1501
vn -0.5815 -0.5216 0.6243
vn -0.0400 0.3399 0.9396
vn -0.6138 -0.2571 0.7465
vn -0.7930 -0.5947 0.1322
vn -0.6895 -0.6644 0.2883
vn -0.4244 -0.0320 0.9049
vn -0.2570 0.0723 0.9637
vn -0.4135 0.0413 0.9096
vn -0.3009 0.0926 0.9491
vn -0.1220 0.0458 0.9915
vn 0.0099 0.3867 0.9221
vn -0.5002 0.2833 0.8182
vn -0.2979 0.5803 0.7580
vn -0.2753 -0.8808 0.3853
vn 0.7930 -0.5252 -0.3089
vn 0.8538 0.2328 -0.4657
vn -0.2975 -0.4063 0.8640
vn 0.5433 0.6985 -0.4657
vn -0.4723 -0.1986 0.8588
vn 0.1096 0.9939 -0.0157
vn -0.6693 0.1802 0.7208
vn 0.2981 0.7453 0.5963
vn -0.1738 0.0097 0.9847
vn -0.9251 0.3469 0.1542
vn -0.6214 -0.7766 0.1036
vn -0.7177 0.1689 0.6755
vn -0.2407 0.9631 -0.1203
vn -0.7022 -0.7022 0.1170
vn -0.2734 0.9064 0.3220
vn -0.6302 -0.7658 0.1282
vn -0.9972 -0.0181 -0.0725
vn 0.2175 0.2733 0.9370
vn -0.5957 -0.3850 0.7049
vn -0.4843 0.5580 0.6738
vn -0.5847 -0.2197 0.7809
vn 0.2676 0.8318 0.4863
vn -0.2925 -0.0758 0.9533
vn 0.7885 0.2365 0.5677
vn -0.1817 -0.0079 0.9833
vn 0.5242 -0.3548 0.7742
vn -0.4467 0.0975 0.8894
vn -0.4390 -0.5252 0.7290
vn -0.3245 0.4867 0.8111
vn -0.7104 -0.4567 0.5356
vn -0.6197 -0.6898 0.3743
vn 0.4196 0.8851 -0.2012
vn 0.2146 0.9243 -0.3157
vn 0.1466 0.0104 -0.9891
vn 0.5470 -0.0144 -0.8370
vn -0.0929 -0.9912 -0.0944
vn -0.4688 -0.8715 0.1442
vn -0.9264 -0.2460 0.2851
vn -0.4046 0.0266 -0.9141
vn -0.8267 0.5627 -0.0035
vn 0.0687 -0.9943 -0.0818
vn -0.4200 -0.2291 -0.8781
vn -0.5236 -0.3290 -0.7859
vn -0.2144 -0.8341 -0.5082
vn -0.6304 0.2517 -0.7343
vn -0.9956 0.0893 -0.0288
vn 0.7330 0.6785 0.0472
vn -0.7125 0.6755 -0.1900
vn -0.5966 0.7888 0.1479
vn -0.7289 0.6729 0.1262
vn -0.6574 0.7254 -0.2040
vn -0.1119 0.9626 0.2468
vn -0.1320 0.9750 -0.1788
vn -0.3878 0.6192 -0.6827
vn -0.6823 0.2318 -0.6933
vn -0.4189 -0.2265 -0.8793
vn -0.5396 -0.3343 -0.7727
vn 0.2950 -0.0454 -0.9544
vn 0.3878 0.6192 -0.6827
vn 0.4694 -0.2400 -0.8498
vn 0.6823 0.2318 -0.6933
vn 0.7104 0.1364 -0.6904
vn 0.5881 -0.3070 -0.7483
vn 0.4463 -0.8452 -0.2941
vn 0.4972 -0.4408 -0.7473
vn 0.6973 -0.6610 -0.2771
vn 0.3693 -0.4712 -0.8010
vn 0.2986 -0.8236 -0.4821
vn 0.2995 -0.9442 -0.1369
vn 0.7466 -0.6646 0.0285
vn 0.3286 -0.9163 -0.2290
vn 0.8305 0.3333 -0.4463
vn 0.7325 -0.6368 0.2407
vn 0.3723 -0.9243 0.0847
vn 0.3986 -0.8754 0.2734
vn 0.6328 -0.7642 0.1247
vn 0.3695 -0.8567 -0.3600
vn 0.1596 -0.9577 -0.2394
vn 0.2638 -0.4499 0.8532
vn 0.9173 0.3440 -0.2006
vn 0.8945 0.4337 0.1084
vn 0.8480 0.3180 0.4240
vn 0.8506 0.3798 0.3637
vn 0.3747 -0.8345 0.4040
vn 0.3069 0.2113 0.9280
vn -0.1598 0.3903 0.9067
vn -0.5059 0.0716 0.8596
vn -0.5773 -0.5774 0.5774
vn 0.9500 0.2692 -0.1583
vn 0.0693 0.9004 -0.4295
vn -0.1019 0.9164 -0.3870
vn 0.6905 0.5492 0.4708
vn 0.5059 0.0716 0.8596
vn -0.6326 0.5353 0.5597
vn 0.6326 0.5353 0.5597
vn 0.0502 0.2344 0.9709
vn -0.0374 0.2247 0.9737
vn -0.1304 -0.6086 0.7827
vn 0.1304 -0.6086 0.7827
vn 0.2873 -0.5747 0.7663
vn -0.2873 -0.5747 0.7663
vn -0.3417 -0.5408 0.7686
vn -0.8447 -0.5334 0.0444
vn -0.4319 -0.8639 0.2592
vn -0.9500 0.2692 -0.1583
vn -0.7639 0.2971 0.5729
vn -0.0863 0.7759 0.6249
vn -0.3319 0.0738 0.9404
vn 0.5773 -0.5774 0.5774
vn -0.8506 0.3798 0.3637
vn -0.8973 0.1994 0.3938
vn -0.9457 0.2672 -0.1850
vn -0.9501 0.2456 -0.1921
vn -0.6328 -0.7642 0.1247
vn -0.2638 -0.4499 0.8532
vn -0.3695 -0.8567 -0.3600
vn -0.3986 -0.8754 0.2734
vn -0.1835 -0.7864 -0.5898
vn -0.6374 -0.7651 0.0915
vn -0.3720 -0.9244 0.0845
vn -0.7325 -0.6368 0.2407
vn -0.2995 -0.9442 -0.1369
vn -0.3286 -0.9163 -0.2290
vn -0.8642 -0.4737 0.1696
vn -0.1649 -0.6644 -0.7289
vn -0.3705 -0.6780 -0.6349
vn -0.9202 0.1355 -0.3672
vn -0.9337 0.2813 -0.2215
vn -0.7471 0.1132 0.6550
vn -0.8753 0.2059 0.4376
vn -0.7763 -0.0633 0.6272
vn -0.9278 0.1838 -0.3246
vn -0.5788 -0.5049 0.6404
vn -0.9396 0.1573 -0.3041
vn 0.1497 -0.3635 -0.9195
vn -0.2192 0.0766 -0.9727
vn -0.3011 -0.0125 -0.9535
vn -0.2562 -0.3112 -0.9152
vn -0.1533 -0.9649 -0.2134
vn -0.1261 -0.9624 -0.2407
vn -0.1054 -0.8433 0.5270
vn -0.1917 -0.8620 0.4693
vn 0.1367 -0.8749 0.4647
vn 0.1533 -0.9649 -0.2134
vn 0.1008 -0.7103 0.6966
vn -0.1008 -0.7103 0.6966
vn -0.1584 0.9494 0.2713
vn 0.1584 0.9494 0.2713
vn 0.0216 -0.3031 0.9527
vn -0.0216 -0.3031 0.9527
vn 0.3052 -0.9449 0.1182
vn -0.3051 -0.9450 0.1180
vn -0.1353 -0.3479 0.9277
vn -0.2524 -0.8653 0.4331
vn 0.1296 -0.1944 0.9723
vn 0.4472 -0.0000 0.8944
vn 0.6463 0.7337 0.2096
vn -0.1322 -0.5947 0.7930
vn -0.3143 -0.3929 0.8642
vn -0.3233 -0.0808 0.9429
vn 0.1784 -0.4162 0.8916
vn 0.3128 -0.1662 0.9352
vn 0.3233 -0.0808 0.9429
vn -0.1296 -0.1944 0.9723
vn -0.4472 -0.0000 0.8944
vn -0.6463 0.7337 0.2096
vn 0.1353 -0.3479 0.9277
vn 0.3288 -0.0360 0.9437
vn -0.0043 -0.0651 0.9979
vn 0.7763 -0.0633 0.6272
vn 0.7471 0.1132 0.6550
vn 0.7357 0.3910 0.5531
vn 0.3231 0.0311 0.9459
vn 0.5460 -0.4310 0.7184
vn -0.0232 0.0511 0.9984
vn 0.4071 -0.8957 0.1790
vn 0.8447 -0.5334 0.0444
vn 0.3417 -0.5408 0.7686
vn 0.7533 0.2870 0.5918
vn -0.0000 0.0665 0.9978
vn -0.0000 -0.0665 0.9978
vn -0.3288 -0.0360 0.9437
vn -0.2815 0.0662 0.9573
vn 0.9202 0.1355 -0.3672
vn 0.9004 0.3642 -0.2380
vn 0.9094 0.1371 -0.3927
vn 0.9278 0.1838 -0.3246
vn 0.2192 0.0766 -0.9727
vn 0.3617 -0.3858 -0.8487
vn 0.1952 -0.0976 -0.9759
vn -0.0107 -0.5633 -0.8262
vn 0.1211 -0.0530 -0.9912
vn 0.1261 -0.9624 -0.2407
vn 0.9396 0.1573 -0.3041
vn 0.2303 -0.8656 0.4447
vn 0.5788 -0.5049 0.6404
vn 0.1322 -0.5947 0.7930
vn -0.3263 -0.8342 -0.4446
vn -0.7365 -0.6154 -0.2808
vn -0.3727 -0.4759 -0.7966
vn -0.4972 -0.4408 -0.7473
vn -0.3747 -0.8345 0.4040
vn -0.4177 -0.5752 0.7033
vn -0.6948 -0.4197 0.5841
vn -0.5108 -0.6649 -0.5450
vn -0.5537 -0.2978 0.7777
vn -0.4350 -0.1812 0.8820
vn -0.1687 -0.3128 0.9347
vn -0.5378 -0.1144 0.8353
vn -0.6546 -0.4590 0.6007
vn 0.2797 0.5245 0.8042
vn 0.4568 0.0508 0.8881
vn 0.0487 0.6815 0.7302
vn -0.3378 0.5222 0.7830
vn -0.4988 0.5300 0.6858
vn -0.7814 0.1116 0.6139
vn -0.8305 -0.0615 0.5536
vn 0.4681 -0.2239 0.8549
vn 0.2710 0.0271 0.9622
vn 0.2595 0.1038 0.9602
vn -0.5425 -0.3390 0.7686
vn 0.0870 0.2756 0.9573
vn -0.3552 -0.5739 0.7378
vn -0.3015 -0.3015 0.9045
vn 0.0631 -0.3156 0.9468
vn 0.2017 -0.9071 0.3693
vn 0.3706 -0.2851 0.8839
vn -0.5773 0.1155 0.8083
vn -0.5214 0.6574 0.5441
vn 0.0770 -0.5758 0.8139
vn -0.0279 -0.8645 0.5019
vn 0.1073 -0.5010 0.8588
vn -0.1797 0.7882 0.5886
vn -0.2226 -0.4694 0.8545
vn -0.1881 0.3387 0.9219
vn -0.5364 -0.3230 0.7797
vn 0.0371 0.6685 0.7428
vn 0.7386 0.3768 0.5590
vn -0.1854 -0.4956 0.8485
vn 0.2197 0.8626 -0.4557
vn 0.8515 0.3744 -0.3670
vn -0.5977 0.5565 0.5771
vn -0.5042 0.6448 0.5745
vn -0.8227 0.3606 0.4395
vn -0.0585 -0.0781 0.9952
vn -0.0585 -0.0845 0.9947
vn 0.1598 0.3903 0.9067
vn 0.6684 -0.4595 0.5849
vn -0.4815 -0.2407 0.8427
vn 0.1599 -0.8797 0.4478
vn -0.3223 -0.2762 0.9055
vn -0.3900 -0.5895 0.7074
vn 0.0585 -0.0781 0.9952
vn -0.0066 -0.2316 0.9728
vn -0.2710 0.0271 0.9622
vn -0.4681 -0.2239 0.8549
vn 0.7814 0.1116 0.6139
vn 0.8305 -0.0615 0.5536
vn 0.4988 0.5300 0.6858
vn 0.3778 0.6342 0.6746
vn -0.0214 0.5547 0.8318
vn -0.2797 0.5245 0.8042
vn -0.2692 -0.0577 0.9614
vn -0.3706 -0.2851 0.8839
vn 0.0822 -0.7823 0.6174
vn -0.3767 -0.8340 0.4033
vn 0.3015 -0.3015 0.9045
vn 0.2804 -0.2181 0.9348
vn 0.5425 -0.3390 0.7686
vn -0.1717 -0.0090 0.9851
vn -0.0870 0.2756 0.9573
vn 0.5070 -0.6281 0.5903
vn 0.6819 -0.2915 0.6709
vn 0.2226 -0.4694 0.8545
vn 0.1881 0.3387 0.9219
vn -0.0349 -0.5792 0.8144
vn 0.1797 0.7882 0.5886
vn -0.0899 -0.7844 0.6138
vn 0.4082 0.4082 0.8165
vn 0.0547 -0.1695 0.9840
vn 0.5657 0.1197 0.8159
vn 0.4260 -0.0609 0.9027
vn 0.5378 -0.1144 0.8353
vn 0.3352 -0.1828 0.9243
vn 0.6546 -0.4590 0.6007
vn 0.3579 -0.3067 0.8820
vn 0.3900 -0.5895 0.7074
vn -0.1599 -0.8797 0.4478
vn 0.3557 -0.7290 0.5848
vn 0.6948 -0.4197 0.5841
vn 0.5108 -0.6649 -0.5450
vn 0.7028 -0.3915 0.5939
vn 0.8873 0.1343 -0.4412
vn 0.8681 0.0893 -0.4883
vn 0.9166 -0.3740 0.1414
vn 0.9042 -0.3578 -0.2332
vn 0.9276 0.0762 0.3657
vn 0.9750 0.2169 0.0490
vn 0.8271 0.5324 -0.1802
vn 0.9227 -0.3765 -0.0826
vn 0.5533 -0.5533 0.6226
vn 0.5724 -0.3122 0.7582
vn 0.0400 0.3399 0.9396
vn 0.5597 -0.5533 0.6169
vn 0.7815 -0.6176 0.0881
vn 0.6895 -0.6644 0.2883
vn 0.3787 -0.0364 0.9248
vn 0.2530 -0.1897 0.9487
vn 0.2461 0.0852 0.9655
vn 0.3009 0.0926 0.9491
vn 0.2104 0.0124 0.9775
vn -0.0099 0.3867 0.9221
vn 0.5002 0.2833 0.8182
vn 0.2979 0.5803 0.7580
vn 0.2753 -0.8808 0.3853
vn -0.7930 -0.5252 -0.3089
vn -0.8096 0.2429 -0.5343
vn 0.5786 -0.1334 0.8046
vn -0.5621 0.8231 -0.0803
vn 0.4388 -0.2007 0.8759
vn -0.0072 0.9899 0.1413
vn 0.6693 0.1802 0.7208
vn -0.4871 0.6087 0.6263
vn 0.1046 0.0392 0.9937
vn 0.9434 0.3145 0.1049
vn 0.6214 -0.7766 0.1036
vn 0.1240 0.9921 0.0207
vn 0.7022 -0.7022 0.1170
vn 0.4480 -0.4479 0.7737
vn 0.2734 0.9064 0.3220
vn 0.7507 -0.6131 -0.2461
vn -0.1788 0.2923 0.9395
vn 0.9972 -0.0181 -0.0725
vn 0.5957 -0.3850 0.7049
vn 0.4843 0.5580 0.6738
vn 0.0929 -0.9912 -0.0944
vn -0.0687 -0.9943 -0.0818
vn -0.5256 -0.0030 -0.8507
vn 0.4200 -0.2291 -0.8781
vn -0.4841 0.8743 -0.0362
vn -0.8073 0.5901 0.0041
vn -0.2511 0.9439 -0.2146
vn -0.1466 0.0104 -0.9891
vn 0.8465 0.5291 -0.0595
vn 0.4046 0.0266 -0.9141
vn 0.4688 -0.8715 0.1442
vn 0.9309 -0.2541 0.2624
vn 0.2076 -0.0836 0.9746
vn 0.3398 0.0824 0.9369
vn -0.8576 0.2223 0.4637
vn -0.2676 0.8318 0.4863
vn 0.3188 0.1993 0.9266
vn -0.5257 -0.3579 0.7717
vn 0.4467 0.0975 0.8894
vn 0.4663 -0.5991 0.6509
vn 0.3691 0.2855 0.8844
vn 0.7104 -0.4567 0.5356
vn 0.6197 -0.6898 0.3743
vn 0.9817 -0.0304 -0.1882
vn 0.5966 0.7888 0.1479
vn 0.7125 0.6755 -0.1900
vn 0.7289 0.6729 0.1262
vn 0.6574 0.7254 -0.2040
vn 0.1272 0.9658 0.2260
vn 0.1320 0.9750 -0.1788
vn 0.7791 0.4074 0.4764
vn 0.2561 0.6447 0.7203
vn 0.4950 0.8619 -0.1100
vn 0.3669 0.8840 -0.2898
vn 0.3714 0.8684 -0.3284
vn 0.2900 0.9141 -0.2833
vn 0.5932 0.7445 -0.3063
vn -0.1681 0.1005 -0.9806
vn -0.2663 0.8711 -0.4127
vn -0.8515 0.3744 -0.3670
vn -0.0486 0.6560 0.7532
vn -0.7104 0.2715 0.6494
vn 0.5977 0.5565 0.5771
vn 0.5091 0.6482 0.5663
vn 0.3127 0.3425 0.8860
vn -0.4332 -0.4874 0.7581
vn 0.0863 0.7759 0.6249
vn -0.2701 -0.0003 -0.9628
vn -0.0020 -0.0005 -1.0000
vn 0.2717 -0.0000 0.9624
vn -0.0139 -0.9997 -0.0187
vn -0.2683 0.0920 0.9589
vn 0.2747 -0.0000 0.9615
vn -0.0060 0.0009 -1.0000
vn -0.2746 0.0057 -0.9616
vn -0.2528 0.0103 -0.9675
vn 0.2389 -0.0158 -0.9709
vn 0.2637 0.0633 0.9625
vn 0.1333 0.0658 0.9889
vn 0.3336 0.1751 0.9263
vn -0.0087 0.1163 -0.9932
vn -0.1804 0.1519 -0.9718
vn -0.2671 0.2120 -0.9401
vn -0.0062 0.0014 -1.0000
vn 0.4103 0.2009 0.8895
vn 0.2720 0.2120 -0.9387
vn -0.3870 0.2027 0.8995
vn -0.3591 0.1716 0.9174
vn 0.1663 0.1541 -0.9740
vn 0.2344 0.0134 -0.9720
vn -0.2540 0.0650 0.9650
vn 0.2792 0.0002 -0.9602
vn -0.2748 0.0942 -0.9569
vn -0.0035 -0.9998 0.0193
vn 0.2746 -0.0003 -0.9616
vn -0.2673 -0.0000 0.9636
vn 0.2783 -0.0947 -0.9558
vn -0.2686 -0.0898 0.9591
vn -0.2736 -0.0914 -0.9575
vn -0.0074 -0.0669 -0.9977
vn 0.2730 -0.0933 0.9575
vn -0.0000 -0.0552 0.9985
vn -0.2724 -0.0044 0.9622
vn 0.0063 0.0001 -1.0000
vn -0.0000 -0.0517 0.9987
vn 0.0072 -0.0590 -0.9982
vn 0.0106 -0.9982 0.0588
vn -0.0091 0.0607 -0.9981
vn 0.0064 0.0014 -1.0000
vn 0.0074 0.1163 -0.9932
vn -0.2011 0.0650 0.9774
vn -0.1835 -0.0161 -0.9829
vn 0.0068 0.0005 -1.0000
vn 0.0106 -0.9999 -0.0000
vn 0.0021 -0.0005 -1.0000
vn -0.0001 1.0000 -0.0000
vn 0.0001 1.0000 -0.0000
vn -0.3414 -0.7901 -0.5090
vn 0.0803 0.0017 0.9968
vn 0.0694 -0.4450 0.8928
vn 0.7052 -0.0005 0.7090
vn 0.6170 -0.4856 0.6193
vn 0.3414 -0.7901 0.5090
vn 0.0001 -1.0000 -0.0000
vn 0.7148 -0.0000 -0.6994
vn 0.8293 0.0349 -0.5577
vn 0.8578 -0.5139 -0.0062
vn 0.7202 -0.0000 0.6937
vn -0.5841 0.7020 0.4075
vn -0.0295 -0.9996 0.0002
vn 0.0293 0.9996 -0.0004
vn -0.0582 0.9983 0.0019
vn -0.0000 -1.0000 0.0012
vn 0.0590 -0.9983 -0.0008
vn -0.0000 -1.0000 -0.0012
vn 0.8724 0.4804 -0.0908
vn -0.1605 -0.0000 0.9870
vn -0.8926 -0.4323 0.1278
vn -0.9946 -0.0000 0.1035
vn 0.8297 -0.3734 -0.4149
vn 0.6713 -0.1971 0.7145
vn 0.3265 -0.4954 0.8050
vn 0.2073 -0.8294 -0.5188
vn 0.2037 0.8146 -0.5431
vn 0.7815 0.3058 -0.5438
vn 0.3860 0.5446 0.7446
vn 0.6617 0.2026 0.7219
vn 0.4059 0.7641 0.5014
vn 0.8299 0.2940 0.4742
vn 0.8326 -0.3017 0.4646
vn 0.4257 -0.7967 0.4290
vn -0.2738 -0.8315 0.4833
vn -0.7606 -0.3400 0.5531
vn -0.7684 0.3293 0.5488
vn -0.2487 0.8249 0.5077
vn -0.1016 0.5519 0.8277
vn -0.4983 0.1812 0.8478
vn -0.7862 0.3275 -0.5241
vn -0.4381 0.7987 -0.4125
vn -0.8519 -0.3408 -0.3977
vn -0.4658 -0.1863 0.8651
vn -0.4056 -0.7605 -0.5070
vn -0.0649 -0.5714 0.8181
vn -0.6713 -0.1971 0.7145
vn -0.3265 -0.4954 0.8050
vn -0.8297 -0.3734 -0.4149
vn -0.2073 -0.8294 -0.5188
vn -0.8400 0.3436 -0.4200
vn -0.2073 0.8294 -0.5188
vn -0.3329 0.5231 0.7846
vn -0.6888 0.1868 0.7005
vn 0.0822 0.6023 0.7940
vn 0.4057 0.7605 -0.5070
vn 0.4983 0.1812 0.8478
vn 0.8642 0.3143 -0.3929
vn 0.4658 -0.1863 0.8651
vn 0.8519 -0.3408 -0.3977
vn 0.0649 -0.5714 0.8181
vn 0.4056 -0.7605 -0.5070
vn 0.2738 -0.8315 0.4833
vn 0.7824 -0.3294 0.5285
vn 0.7656 0.3223 0.5568
vn 0.2560 0.8074 0.5316
vn -0.4245 0.7711 0.4746
vn -0.8251 0.2968 0.4808
vn -0.8326 -0.3017 0.4646
vn -0.4257 -0.7967 0.4290
vn -0.5774 0.5773 0.5774
vn -0.6357 0.6811 -0.3633
vn 0.6013 0.5262 0.6013
vn 0.6357 0.6811 -0.3633
vn 0.1548 0.5080 0.8473
vn -0.2854 0.6237 0.7277
vn -0.2638 0.9463 -0.1871
vn 0.2638 0.9463 -0.1871
vn -0.6885 0.3830 0.6158
vn -0.3669 0.8840 -0.2898
vn -0.5932 0.7445 -0.3063
vn 0.1819 0.1145 -0.9766
vn -0.3714 0.8684 -0.3284
vn -0.2760 0.9159 -0.2915
vn -0.3230 0.9288 -0.1817
vn -0.8873 0.1343 -0.4412
vn -0.8681 0.0893 -0.4883
vn -0.0452 0.7955 0.6043
vn -0.9758 0.1241 0.1800
vn -0.6869 -0.6358 0.3521
vn -0.9046 -0.3868 -0.1792
vn -0.9613 0.1472 -0.2330
vn -0.8779 -0.4788 0.0076
vn -0.9227 -0.3765 -0.0826
vn -0.5533 -0.5533 0.6226
vn -0.5724 -0.3122 0.7582
vn -0.1782 -0.0891 0.9800
vn -0.5597 -0.5533 0.6169
vn -0.7815 -0.6176 0.0881
vn -0.7661 -0.6362 0.0908
vn -0.3787 -0.0364 0.9248
vn -0.2530 -0.1897 0.9487
vn -0.2461 0.0852 0.9655
vn -0.3228 -0.0461 0.9453
vn -0.2104 0.0124 0.9775
vn -0.5679 0.1916 0.8005
vn -0.5771 0.2164 0.7875
vn -0.2715 -0.9021 0.3354
vn 0.8651 -0.4853 -0.1266
vn 0.8096 0.2429 -0.5343
vn -0.5786 -0.1334 0.8046
vn 0.5621 0.8231 -0.0803
vn -0.4388 -0.2007 0.8759
vn 0.0072 0.9899 0.1413
vn -0.5571 -0.1486 0.8171
vn 0.0157 0.9898 0.1413
vn 0.4871 0.6087 0.6263
vn -0.1046 0.0392 0.9937
vn -0.9434 0.3145 0.1049
vn -0.7072 -0.7070 -0.0000
vn -0.4480 -0.4479 0.7737
vn -0.5312 0.5844 0.6134
vn -0.1240 0.9921 0.0207
vn -0.1351 -0.0225 0.9906
vn 0.2336 0.8972 0.3748
vn -0.7507 -0.6131 -0.2461
vn 0.1788 0.2923 0.9395
vn -0.6509 -0.1939 0.7340
vn -0.4075 0.7507 0.5200
vn -0.3398 0.0824 0.9369
vn 0.2656 0.8297 0.4910
vn -0.2076 -0.0836 0.9746
vn 0.8576 0.2223 0.4637
vn -0.3188 0.1993 0.9266
vn 0.5257 -0.3579 0.7717
vn -0.4649 0.2593 0.8466
vn -0.4663 -0.5991 0.6509
vn -0.3691 0.2855 0.8844
vn -0.6888 -0.4428 0.5740
vn -0.6266 -0.7211 0.2956
vn 0.4841 0.8743 -0.0362
vn 0.2511 0.9439 -0.2146
vn 0.2556 -0.0749 -0.9639
vn 0.5256 -0.0030 -0.8507
vn -0.0931 -0.9932 -0.0692
vn -0.5161 -0.8527 -0.0812
vn -0.9309 -0.2541 0.2624
vn -0.8465 0.5291 -0.0595
vn 0.3604 -0.8283 -0.4290
vn -0.6844 -0.1711 -0.7088
vn -0.5881 -0.3070 -0.7483
vn -0.4463 -0.8452 -0.2941
vn -0.7104 0.1364 -0.6904
vn -0.9817 -0.0304 -0.1882
vn 0.8073 0.5901 0.0041
vn -0.6935 0.6857 -0.2212
vn -0.6144 0.7696 0.1738
vn -0.7088 0.6833 0.1752
vn -0.6289 0.7624 -0.1525
vn -0.1272 0.9658 0.2260
vn -0.1208 0.9734 -0.1947
vn -0.3140 0.5711 -0.7585
vn -0.3179 0.5704 -0.7574
vn -0.2950 -0.0454 -0.9544
vn -0.4694 -0.2400 -0.8498
vn 0.4189 -0.2265 -0.8793
vn 0.3140 0.5711 -0.7585
vn 0.5396 -0.3343 -0.7727
vn 0.3179 0.5704 -0.7574
vn 0.6304 0.2517 -0.7343
vn 0.5236 -0.3290 -0.7859
vn 0.2144 -0.8341 -0.5082
vn 0.7365 -0.6154 -0.2808
vn 0.3727 -0.4759 -0.7966
vn 0.3263 -0.8342 -0.4446
vn 0.2620 -0.9574 -0.1217
vn 0.6374 -0.7651 0.0915
vn 0.2996 -0.9443 -0.1362
vn 0.8642 -0.4737 0.1696
vn 0.3720 -0.9244 0.0845
vn 0.5281 -0.8354 0.1523
vn 0.3070 -0.5237 0.7946
vn 0.4027 -0.7323 -0.5492
vn 0.1835 -0.7864 -0.5898
vn 0.9457 0.2672 -0.1850
vn 0.9501 0.2456 -0.1921
vn 0.8973 0.1994 0.3938
vn 0.9586 0.0664 0.2767
vn 0.2334 -0.7779 0.5834
vn 0.4815 -0.2407 0.8427
vn -0.0317 -0.1899 0.9813
vn -0.0632 -0.8205 0.5681
vn 0.7325 0.2817 0.6198
vn 0.9448 0.1919 -0.2657
vn 0.1019 0.9164 -0.3870
vn -0.6905 0.5492 0.4708
vn -0.0693 0.9004 -0.4295
vn 0.0632 -0.8205 0.5681
vn -0.6667 0.6667 0.3333
vn 0.6667 0.6667 0.3333
vn 0.0374 0.2247 0.9737
vn -0.0502 0.2344 0.9709
vn 0.1304 -0.2609 0.9565
vn -0.1304 -0.2609 0.9565
vn -0.4117 -0.8574 0.3088
vn -0.7827 -0.6086 -0.1304
vn -0.4071 -0.8957 0.1790
vn -0.9448 0.1919 -0.2657
vn -0.7533 0.2870 0.5918
vn -0.1346 0.8085 0.5729
vn -0.5460 -0.4310 0.7184
vn -0.7325 0.2817 0.6198
vn -0.9586 0.0664 0.2767
vn -0.8480 0.3180 0.4240
vn -0.9173 0.3440 -0.2006
vn -0.8945 0.4337 0.1084
vn -0.3070 -0.5237 0.7946
vn -0.4027 -0.7323 -0.5492
vn -0.5281 -0.8354 0.1523
vn -0.1596 -0.9577 -0.2394
vn -0.7466 -0.6646 0.0285
vn -0.3723 -0.9243 0.0847
vn -0.2620 -0.9574 -0.1217
vn -0.2996 -0.9443 -0.1362
vn -0.8305 0.3333 -0.4463
vn -0.3617 -0.3858 -0.8487
vn -0.9094 0.1371 -0.3927
vn -0.9193 0.1393 -0.3682
vn -0.9004 0.3642 -0.2380
vn -0.8069 0.0689 0.5866
vn -0.7357 0.3910 0.5531
vn -0.7563 -0.0299 0.6535
vn -0.9358 0.1396 -0.3236
vn -0.5959 -0.4257 0.6810
vn -0.8150 -0.5621 -0.1406
vn -0.1211 -0.0530 -0.9912
vn -0.1132 -0.0274 -0.9932
vn -0.1952 -0.0976 -0.9759
vn 0.0107 -0.5633 -0.8262
vn -0.0779 -0.9948 -0.0663
vn -0.1094 -0.9718 -0.2089
vn -0.1367 -0.8749 0.4647
vn -0.2303 -0.8656 0.4447
vn 0.1054 -0.8433 0.5270
vn 0.0779 -0.9948 -0.0663
vn -0.0135 -0.6507 0.7592
vn 0.0135 -0.6507 0.7592
vn -0.1562 0.3123 0.9370
vn 0.1562 0.3123 0.9370
vn 0.0479 -0.2870 0.9567
vn -0.0479 -0.2870 0.9567
vn 0.3051 -0.9450 0.1180
vn -0.3052 -0.9449 0.1182
vn -0.1784 -0.4162 0.8916
vn 0.1752 -0.2043 0.9631
vn 0.1220 -0.1829 0.9755
vn 0.7238 0.6858 0.0763
vn -0.2404 -0.5477 0.8014
vn -0.3128 -0.1662 0.9352
vn -0.3273 -0.1432 0.9340
vn 0.2524 -0.8653 0.4331
vn 0.3143 -0.3929 0.8642
vn 0.3273 -0.1432 0.9340
vn -0.1752 -0.2043 0.9631
vn -0.1220 -0.1829 0.9755
vn -0.7238 0.6858 0.0763
vn 0.2821 -0.0164 0.9592
vn 0.7563 -0.0299 0.6535
vn 0.8069 0.0689 0.5866
vn 0.8753 0.2059 0.4376
vn 0.2815 0.0662 0.9573
vn 0.3319 0.0738 0.9404
vn 0.4319 -0.8639 0.2592
vn 0.7827 -0.6086 -0.1304
vn 0.4117 -0.8574 0.3088
vn 0.7639 0.2971 0.5729
vn 0.0232 0.0511 0.9984
vn 0.0043 -0.0651 0.9979
vn -0.2821 -0.0164 0.9592
vn -0.3231 0.0311 0.9459
vn 0.9193 0.1393 -0.3682
vn 0.9337 0.2813 -0.2215
vn 0.3705 -0.6780 -0.6349
vn 0.9358 0.1396 -0.3236
vn 0.1132 -0.0274 -0.9932
vn 0.1649 -0.6644 -0.7289
vn 0.3011 -0.0125 -0.9535
vn 0.2562 -0.3112 -0.9152
vn -0.1497 -0.3635 -0.9195
vn 0.1094 -0.9718 -0.2089
vn 0.8150 -0.5621 -0.1406
vn 0.1917 -0.8620 0.4693
vn 0.5959 -0.4257 0.6810
vn 0.2404 -0.5477 0.8014
vn -0.2986 -0.8236 -0.4821
vn -0.6973 -0.6610 -0.2771
vn -0.3693 -0.4712 -0.8010
vn -0.2334 -0.7779 0.5834
vn -0.3557 -0.7290 0.5848
vn -0.6872 -0.4191 0.5934
vn -0.5442 -0.7524 -0.3711
vn -0.7028 -0.3915 0.5939
vn -0.3352 -0.1828 0.9243
vn -0.4260 -0.0609 0.9027
vn -0.5871 -0.0839 0.8052
vn -0.4767 -0.3557 0.8039
vn 0.0247 0.4072 0.9130
vn 0.2692 -0.0577 0.9614
vn 0.0214 0.5547 0.8318
vn -0.3778 0.6342 0.6746
vn -0.7868 0.1210 0.6052
vn -0.8070 -0.0807 0.5851
vn 0.5488 -0.3293 0.7683
vn 0.4945 -0.1130 0.8618
vn 0.1717 -0.0090 0.9851
vn -0.7895 -0.3158 0.5263
vn -0.0301 0.2306 0.9726
vn -0.2804 -0.2181 0.9348
vn -0.2627 -0.2252 0.9382
vn 0.3767 -0.8340 0.4033
vn -0.0822 -0.7823 0.6174
vn 0.3357 -0.2398 0.9110
vn -0.5657 0.1197 0.8159
vn -0.4082 0.4082 0.8165
vn 0.0899 -0.7844 0.6138
vn -0.0547 -0.1695 0.9840
vn 0.0349 -0.5792 0.8144
vn -0.3358 0.3478 0.8754
vn -0.2181 -0.4685 0.8561
vn -0.1451 0.3774 0.9146
vn -0.5070 -0.6281 0.5903
vn 0.0486 0.6560 0.7532
vn 0.7104 0.2715 0.6494
vn -0.6819 -0.2915 0.6709
vn 0.2663 0.8711 -0.4127
vn 0.8507 0.3650 -0.3783
vn -0.6154 0.4924 0.6155
vn -0.5091 0.6482 0.5663
vn -0.3127 0.3425 0.8860
vn -0.2623 -0.3498 0.8994
vn 0.0066 -0.2316 0.9728
vn 0.0317 -0.1899 0.9813
vn 0.4332 -0.4874 0.7581
vn -0.3069 0.2113 0.9280
vn 0.1156 -0.6359 0.7631
vn -0.3579 -0.3067 0.8820
vn -0.4242 -0.6211 0.6590
vn 0.2623 -0.3498 0.8994
vn 0.0585 -0.0845 0.9947
vn -0.4945 -0.1130 0.8618
vn -0.5488 -0.3293 0.7683
vn 0.7868 0.1210 0.6052
vn 0.8070 -0.0807 0.5851
vn 0.3378 0.5222 0.7830
vn -0.0487 0.6815 0.7302
vn -0.0247 0.4072 0.9130
vn -0.4568 0.0508 0.8881
vn -0.3357 -0.2398 0.9110
vn -0.2017 -0.9071 0.3693
vn -0.0631 -0.3156 0.9468
vn 0.2627 -0.2252 0.9382
vn 0.3552 -0.5739 0.7378
vn 0.7895 -0.3158 0.5263
vn -0.2595 0.1038 0.9602
vn 0.0301 0.2306 0.9726
vn 0.5364 -0.3230 0.7797
vn 0.1854 -0.4956 0.8485
vn 0.2181 -0.4685 0.8561
vn 0.1451 0.3774 0.9146
vn -0.1073 -0.5010 0.8588
vn 0.3358 0.3478 0.8754
vn -0.0770 -0.5758 0.8139
vn 0.5214 0.6574 0.5441
vn 0.0279 -0.8645 0.5019
vn 0.5773 0.1155 0.8083
vn 0.1687 -0.3128 0.9347
vn 0.5871 -0.0839 0.8052
vn 0.4350 -0.1812 0.8820
vn 0.4767 -0.3557 0.8039
vn 0.3223 -0.2762 0.9055
vn 0.4242 -0.6211 0.6590
vn -0.1156 -0.6359 0.7631
vn 0.4177 -0.5752 0.7033
vn 0.6872 -0.4191 0.5934
vn 0.5442 -0.7524 -0.3711
vn 0.5537 -0.2978 0.7777
vn 0.7964 0.1323 -0.5901
vn 0.9340 0.2255 0.2773
vn 0.6869 -0.6358 0.3521
vn 0.9046 -0.3868 -0.1792
vn 0.9758 0.1241 0.1800
vn 0.9613 0.1472 -0.2330
vn 0.8779 -0.4788 0.0076
vn 0.8717 -0.4445 -0.2063
vn 0.9008 -0.4075 0.1501
vn 0.5815 -0.5216 0.6243
vn 0.1782 -0.0891 0.9800
vn 0.6138 -0.2571 0.7465
vn 0.7930 -0.5947 0.1322
vn 0.7661 -0.6362 0.0908
vn 0.4244 -0.0320 0.9049
vn 0.2570 0.0723 0.9637
vn 0.4135 0.0413 0.9096
vn 0.3228 -0.0461 0.9453
vn 0.1220 0.0458 0.9915
vn 0.5679 0.1916 0.8005
vn 0.5771 0.2164 0.7875
vn 0.2715 -0.9021 0.3354
vn -0.8651 -0.4853 -0.1266
vn -0.8538 0.2328 -0.4657
vn 0.2975 -0.4063 0.8640
vn -0.5433 0.6985 -0.4657
vn 0.4723 -0.1986 0.8588
vn -0.1096 0.9939 -0.0157
vn 0.5571 -0.1486 0.8171
vn -0.0157 0.9898 0.1413
vn -0.2981 0.7453 0.5963
vn 0.1738 0.0097 0.9847
vn 0.9251 0.3469 0.1542
vn 0.7072 -0.7070 -0.0000
vn 0.2407 0.9631 -0.1203
vn 0.1351 -0.0225 0.9906
vn 0.5312 0.5844 0.6134
vn 0.7177 0.1689 0.6755
vn -0.2336 0.8972 0.3748
vn 0.6302 -0.7658 0.1282
vn -0.2175 0.2733 0.9370
vn 0.6509 -0.1939 0.7340
vn 0.4075 0.7507 0.5200
vn 0.0931 -0.9932 -0.0692
vn -0.3604 -0.8283 -0.4290
vn -0.5470 -0.0144 -0.8370
vn 0.6844 -0.1711 -0.7088
vn -0.4196 0.8851 -0.2012
vn -0.7330 0.6785 0.0472
vn -0.2146 0.9243 -0.3157
vn -0.2556 -0.0749 -0.9639
vn 0.8267 0.5627 -0.0035
vn 0.5161 -0.8527 -0.0812
vn 0.9264 -0.2460 0.2851
vn 0.2925 -0.0758 0.9533
vn 0.5847 -0.2197 0.7809
vn -0.7885 0.2365 0.5677
vn -0.2656 0.8297 0.4910
vn 0.1817 -0.0079 0.9833
vn -0.5242 -0.3548 0.7742
vn 0.4649 0.2593 0.8466
vn 0.4390 -0.5252 0.7290
vn 0.3245 0.4867 0.8111
vn 0.6888 -0.4428 0.5740
vn 0.6266 -0.7211 0.2956
vn 0.9956 0.0893 -0.0288
vn 0.6144 0.7696 0.1738
vn 0.6935 0.6857 -0.2212
vn 0.7088 0.6833 0.1752
vn 0.6289 0.7624 -0.1525
vn 0.1119 0.9626 0.2468
vn 0.1208 0.9734 -0.1947
vn 0.6885 0.3830 0.6158
vn 0.0452 0.7955 0.6043
vn 0.3230 0.9288 -0.1817
vn 0.3238 0.9434 -0.0720
vn 0.3653 0.8833 -0.2938
vn 0.2760 0.9159 -0.2915
vn 0.5914 0.7489 -0.2991
vn -0.1819 0.1145 -0.9766
vn -0.2197 0.8626 -0.4557
vn -0.8507 0.3650 -0.3783
vn -0.0371 0.6685 0.7428
vn -0.7386 0.3768 0.5590
vn 0.6154 0.4924 0.6155
vn 0.5042 0.6448 0.5745
vn 0.8227 0.3606 0.4395
vn -0.6684 -0.4595 0.5849
vn 0.1346 0.8085 0.5729
vt 0.203507 0.931505
vt 0.173169 0.834401
vt 0.211917 0.837565
vt 0.141990 0.925233
vt 0.129153 0.830877
vt 0.151362 0.832626
vt 0.087126 0.911169
vt 0.052487 0.826749
vt 0.090877 0.828378
vt 0.029524 0.920870
vt 0.007442 0.825465
vt 0.029775 0.826077
vt 0.129615 0.122846
vt 0.115521 0.065645
vt 0.125507 0.064956
vt 0.085193 0.946307
vt 0.049575 0.967200
vt 0.044990 0.944040
vt 0.049721 0.539275
vt 0.041796 0.441083
vt 0.064932 0.446547
vt 0.108909 0.545462
vt 0.087042 0.452443
vt 0.118407 0.461100
vt 0.169209 0.549227
vt 0.149439 0.459666
vt 0.171293 0.459493
vt 0.227868 0.550869
vt 0.192820 0.460178
vt 0.226482 0.461689
vt 0.207887 0.349370
vt 0.196726 0.229404
vt 0.228662 0.231379
vt 0.182709 0.227959
vt 0.158520 0.346498
vt 0.169513 0.226287
vt 0.134034 0.345960
vt 0.100567 0.228949
vt 0.134806 0.220500
vt 0.087769 0.231285
vt 0.087735 0.340701
vt 0.074521 0.233484
vt 0.075897 0.183078
vt 0.041826 0.191440
vt 0.110201 0.173689
vt 0.132493 0.167244
vt 0.189045 0.176931
vt 0.167262 0.173740
vt 0.210167 0.179267
vt 0.245306 0.182024
vt 0.250398 0.138294
vt 0.260052 0.141941
vt 0.195211 0.131376
vt 0.140137 0.122492
vt 0.119125 0.123747
vt 0.064350 0.138367
vt 0.007226 0.151133
vt 0.269749 0.145410
vt 0.265098 0.195027
vt 0.256376 0.245386
vt 0.262688 0.453944
vt 0.146852 0.548079
vt 0.117335 0.970173
vt 0.126052 0.948476
vt 0.135639 0.064228
vt 0.250793 0.840514
vt 0.234350 0.347404
vt 0.182390 0.347651
vt 0.171195 0.347164
vt 0.105525 0.342544
vt 0.097074 0.341667
vt 0.263417 0.647967
vt 0.218695 0.741915
vt 0.224300 0.646390
vt 0.134795 0.736496
vt 0.102431 0.638870
vt 0.140838 0.641472
vt 0.034799 0.730250
vt 0.018907 0.632522
vt 0.041338 0.634283
vt 0.057865 0.731650
vt 0.064311 0.636050
vt 0.157539 0.737948
vt 0.163483 0.642899
vt 0.185475 0.644218
vt 0.189166 0.550018
vt 0.072178 0.541872
vt 0.027472 0.536619
vt 0.265386 0.550705
vt 0.257751 0.744445
vt 0.096263 0.733993
vt 0.012294 0.728909
vt 0.179612 0.739370
vt 0.121578 0.008791
vt 0.131685 0.007226
vt 0.119277 0.925377
vt 0.052440 0.920886
vt 0.111365 0.008861
vt 0.535226 0.447912
vt 0.536094 0.450578
vt 0.516096 0.446463
vt 0.597113 0.220762
vt 0.594179 0.007226
vt 0.597113 0.007226
vt 0.516462 0.220762
vt 0.513528 0.007226
vt 0.516462 0.007226
vt 0.519352 0.220762
vt 0.519352 0.007226
vt 0.517699 0.422325
vt 0.516096 0.420167
vt 0.533968 0.421092
vt 0.522155 0.220762
vt 0.522155 0.007226
vt 0.524843 0.220762
vt 0.524843 0.007226
vt 0.527400 0.220762
vt 0.527400 0.007226
vt 0.529829 0.220762
vt 0.529829 0.007226
vt 0.532155 0.220762
vt 0.532155 0.007226
vt 0.534424 0.220762
vt 0.534424 0.007226
vt 0.536693 0.220762
vt 0.536693 0.007226
vt 0.539020 0.220762
vt 0.539020 0.007226
vt 0.541449 0.220762
vt 0.541449 0.007226
vt 0.544005 0.220762
vt 0.544005 0.007226
vt 0.546693 0.220762
vt 0.546693 0.007226
vt 0.549497 0.220762
vt 0.549497 0.007226
vt 0.552386 0.220762
vt 0.552386 0.007226
vt 0.555321 0.220762
vt 0.555321 0.007226
vt 0.558255 0.220762
vt 0.558255 0.007226
vt 0.561144 0.220762
vt 0.561144 0.007226
vt 0.563948 0.220762
vt 0.563948 0.007226
vt 0.566636 0.220762
vt 0.566636 0.007226
vt 0.569192 0.220762
vt 0.569192 0.007226
vt 0.571621 0.220762
vt 0.571621 0.007226
vt 0.573948 0.220762
vt 0.573948 0.007226
vt 0.576217 0.220762
vt 0.576217 0.007226
vt 0.578486 0.220762
vt 0.578486 0.007226
vt 0.580813 0.220762
vt 0.580813 0.007226
vt 0.583241 0.220762
vt 0.583241 0.007226
vt 0.585798 0.220762
vt 0.585798 0.007226
vt 0.588486 0.220762
vt 0.588486 0.007226
vt 0.591290 0.220762
vt 0.591290 0.007226
vt 0.594179 0.220762
vt 0.000000 0.000000
vt 0.437953 0.831960
vt 0.406509 0.820317
vt 0.413500 0.807486
vt 0.414092 0.869814
vt 0.425117 0.838941
vt 0.437890 0.846036
vt 0.388399 0.838411
vt 0.407007 0.857035
vt 0.375626 0.831316
vt 0.400016 0.869866
vt 0.375563 0.845392
vt 0.314440 0.906464
vt 0.338893 0.930937
vt 0.314554 0.770193
vt 0.399424 0.807538
vt 0.297745 0.908756
vt 0.296799 0.936010
vt 0.284201 0.938687
vt 0.307930 0.918410
vt 0.305473 0.961759
vt 0.326941 0.937437
vt 0.336959 0.948518
vt 0.498962 0.907159
vt 0.475164 0.930937
vt 0.307596 0.949678
vt 0.499076 0.770888
vt 0.542545 0.381725
vt 0.539837 0.346533
vt 0.542545 0.346533
vt 0.516044 0.507806
vt 0.514811 0.505603
vt 0.531987 0.509090
vt 0.513528 0.237921
vt 0.548720 0.235213
vt 0.548720 0.237921
vt 0.544952 0.302099
vt 0.539861 0.307339
vt 0.538981 0.305620
vt 0.537944 0.304001
vt 0.543486 0.299823
vt 0.533143 0.307981
vt 0.533569 0.308645
vt 0.533898 0.309363
vt 0.532633 0.307392
vt 0.536758 0.302507
vt 0.541884 0.297711
vt 0.532034 0.306917
vt 0.536405 0.302177
vt 0.540657 0.296521
vt 0.534929 0.301006
vt 0.538613 0.294899
vt 0.513528 0.243206
vt 0.548720 0.240596
vt 0.548720 0.243206
vt 0.513528 0.240596
vt 0.513528 0.245731
vt 0.548720 0.245731
vt 0.513528 0.248159
vt 0.548720 0.248159
vt 0.534615 0.293002
vt 0.531163 0.299460
vt 0.532296 0.292287
vt 0.537785 0.294469
vt 0.533094 0.300038
vt 0.535561 0.293277
vt 0.531382 0.306567
vt 0.534701 0.300899
vt 0.530703 0.306358
vt 0.532838 0.299977
vt 0.530017 0.306295
vt 0.530885 0.299411
vt 0.531258 0.292121
vt 0.529197 0.299257
vt 0.528920 0.291908
vt 0.529360 0.306384
vt 0.528911 0.299332
vt 0.527826 0.292095
vt 0.527291 0.299550
vt 0.525585 0.292397
vt 0.513528 0.252759
vt 0.548720 0.250496
vt 0.548720 0.252759
vt 0.513528 0.250496
vt 0.513528 0.254981
vt 0.548720 0.254981
vt 0.513528 0.257203
vt 0.548720 0.257203
vt 0.519970 0.294944
vt 0.525392 0.300306
vt 0.524034 0.301182
vt 0.523970 0.292814
vt 0.521901 0.293749
vt 0.528753 0.306619
vt 0.526876 0.299668
vt 0.528219 0.306991
vt 0.522592 0.302836
vt 0.523625 0.301586
vt 0.516985 0.298213
vt 0.527782 0.307487
vt 0.521729 0.304275
vt 0.515738 0.300205
vt 0.513528 0.261802
vt 0.548720 0.259466
vt 0.548720 0.261802
vt 0.513528 0.259466
vt 0.513528 0.264231
vt 0.548720 0.264231
vt 0.513528 0.266756
vt 0.548720 0.266756
vt 0.513635 0.307291
vt 0.520877 0.306526
vt 0.520690 0.308338
vt 0.514196 0.303844
vt 0.521479 0.304601
vt 0.520969 0.306278
vt 0.527451 0.308084
vt 0.527244 0.308765
vt 0.527168 0.309500
vt 0.520794 0.310466
vt 0.520650 0.308587
vt 0.513726 0.310820
vt 0.527227 0.310263
vt 0.521245 0.312597
vt 0.520773 0.310715
vt 0.514386 0.314331
vt 0.513528 0.272040
vt 0.548720 0.269366
vt 0.548720 0.272040
vt 0.513528 0.269366
vt 0.513528 0.274748
vt 0.548720 0.274748
vt 0.543282 0.277456
vt 0.515717 0.317675
vt 0.521308 0.312831
vt 0.522090 0.314634
vt 0.522204 0.314846
vt 0.521065 0.318146
vt 0.516128 0.318448
vt 0.513528 0.323970
vt 0.516132 0.318453
vt 0.514308 0.324903
vt 0.522879 0.320177
vt 0.516109 0.326897
vt 0.516202 0.598019
vt 0.513528 0.568265
vt 0.516202 0.568265
vt 0.517482 0.328059
vt 0.524994 0.321833
vt 0.519544 0.329678
vt 0.516138 0.642224
vt 0.513528 0.612470
vt 0.516138 0.612470
vt 0.516053 0.686430
vt 0.513528 0.656676
vt 0.516053 0.656676
vt 0.515956 0.381725
vt 0.513528 0.381725
vt 0.513528 0.351971
vt 0.524387 0.332081
vt 0.527692 0.323123
vt 0.528861 0.328132
vt 0.521501 0.330803
vt 0.527521 0.323090
vt 0.523777 0.331946
vt 0.528418 0.320415
vt 0.530092 0.320954
vt 0.525631 0.322141
vt 0.529958 0.313831
vt 0.526774 0.319589
vt 0.529299 0.313488
vt 0.530637 0.314041
vt 0.524930 0.318273
vt 0.528694 0.313014
vt 0.523282 0.320489
vt 0.526419 0.319443
vt 0.523426 0.316684
vt 0.528166 0.312429
vt 0.521383 0.318522
vt 0.524727 0.318123
vt 0.527735 0.311758
vt 0.527418 0.311027
vt 0.531318 0.314097
vt 0.530509 0.320945
vt 0.530195 0.328191
vt 0.532188 0.321084
vt 0.532519 0.328384
vt 0.518293 0.381725
vt 0.515956 0.346533
vt 0.518293 0.346533
vt 0.533622 0.328329
vt 0.534104 0.320845
vt 0.535869 0.328009
vt 0.520555 0.381725
vt 0.520555 0.346533
vt 0.522778 0.381725
vt 0.522778 0.346533
vt 0.525000 0.381725
vt 0.525000 0.346533
vt 0.541779 0.324930
vt 0.536078 0.319932
vt 0.537381 0.319008
vt 0.537918 0.327289
vt 0.539926 0.326236
vt 0.532580 0.313764
vt 0.534630 0.320628
vt 0.531977 0.314004
vt 0.532480 0.321076
vt 0.533108 0.313389
vt 0.538546 0.317860
vt 0.543481 0.323369
vt 0.533546 0.312892
vt 0.539721 0.315958
vt 0.538920 0.317440
vt 0.545960 0.319657
vt 0.529599 0.381725
vt 0.527263 0.346533
vt 0.529599 0.346533
vt 0.527263 0.381725
vt 0.532028 0.381725
vt 0.532028 0.346533
vt 0.534552 0.381725
vt 0.534552 0.346533
vt 0.547525 0.312634
vt 0.540361 0.313682
vt 0.540490 0.311893
vt 0.547353 0.315184
vt 0.540017 0.315390
vt 0.533871 0.312290
vt 0.534061 0.311613
vt 0.534125 0.310884
vt 0.540406 0.310041
vt 0.547455 0.309988
vt 0.534070 0.310126
vt 0.540112 0.308142
vt 0.547146 0.307292
vt 0.539837 0.381725
vt 0.537163 0.346533
vt 0.537163 0.381725
vt 0.348458 0.404219
vt 0.352450 0.429796
vt 0.322620 0.408223
vt 0.322122 0.403856
vt 0.347988 0.400586
vt 0.381157 0.378742
vt 0.346259 0.374591
vt 0.284201 0.402838
vt 0.302821 0.439259
vt 0.290053 0.377813
vt 0.331700 0.224204
vt 0.331644 0.377828
vt 0.360767 0.221390
vt 0.375326 0.371777
vt 0.290109 0.224189
vt 0.329919 0.188111
vt 0.355952 0.186678
vt 0.386954 0.364853
vt 0.399607 0.214300
vt 0.425794 0.357763
vt 0.393060 0.178434
vt 0.354222 0.149811
vt 0.374251 0.144648
vt 0.408645 0.652518
vt 0.375912 0.617196
vt 0.404889 0.613568
vt 0.400196 0.576088
vt 0.290978 0.185691
vt 0.325242 0.152307
vt 0.304798 0.149484
vt 0.322974 0.131869
vt 0.383242 0.675745
vt 0.412230 0.672115
vt 0.354715 0.129532
vt 0.352773 0.109914
vt 0.313179 0.131039
vt 0.322926 0.111646
vt 0.364099 0.127687
vt 0.362078 0.108765
vt 0.414554 0.690858
vt 0.390281 0.731963
vt 0.419257 0.728335
vt 0.349953 0.071392
vt 0.359265 0.070423
vt 0.313314 0.111288
vt 0.323195 0.072145
vt 0.308731 0.021180
vt 0.284201 0.056611
vt 0.299750 0.016693
vt 0.309382 0.051253
vt 0.355002 0.007226
vt 0.310647 0.054834
vt 0.320363 0.073373
vt 0.364684 0.019391
vt 0.288738 0.054186
vt 0.371220 0.579716
vt 0.381427 0.426169
vt 0.515684 0.812302
vt 0.515387 0.812521
vt 0.515611 0.812261
vt 0.515414 0.812582
vt 0.516236 0.812538
vt 0.515667 0.813171
vt 0.516210 0.811700
vt 0.515683 0.811879
vt 0.515567 0.811909
vt 0.515194 0.812077
vt 0.515016 0.812509
vt 0.515343 0.811709
vt 0.515041 0.811714
vt 0.514804 0.811935
vt 0.514793 0.812235
vt 0.514691 0.812299
vt 0.514996 0.812592
vt 0.514230 0.812546
vt 0.514817 0.813141
vt 0.513637 0.812943
vt 0.514633 0.813876
vt 0.516871 0.812940
vt 0.515953 0.813844
vt 0.516904 0.811546
vt 0.515924 0.810461
vt 0.514787 0.811075
vt 0.515617 0.811137
vt 0.514220 0.811718
vt 0.514480 0.810461
vt 0.513528 0.811550
vt 0.514695 0.811902
vt 0.514986 0.811574
vt 0.515397 0.811609
vt 0.513528 0.847229
vt 0.514563 0.848264
vt 0.513528 0.848264
vt 0.513528 0.846195
vt 0.514563 0.847229
vt 0.515597 0.766036
vt 0.514562 0.765001
vt 0.515597 0.765001
vt 0.515597 0.767071
vt 0.514562 0.766036
vt 0.515597 0.768106
vt 0.514562 0.767071
vt 0.515597 0.769140
vt 0.514562 0.768106
vt 0.515597 0.770175
vt 0.514562 0.769140
vt 0.515597 0.771210
vt 0.514562 0.770175
vt 0.515597 0.772245
vt 0.514562 0.771210
vt 0.515597 0.773280
vt 0.514562 0.772245
vt 0.514562 0.773280
vt 0.513528 0.772245
vt 0.521806 0.709160
vt 0.520771 0.708125
vt 0.521806 0.708125
vt 0.520771 0.709160
vt 0.519736 0.708125
vt 0.519736 0.709160
vt 0.518702 0.708125
vt 0.518702 0.709160
vt 0.517667 0.708125
vt 0.517667 0.709160
vt 0.516632 0.708125
vt 0.516632 0.709160
vt 0.515597 0.708125
vt 0.515597 0.709160
vt 0.514562 0.708125
vt 0.514562 0.709160
vt 0.513528 0.708125
vt 0.513528 0.707090
vt 0.514562 0.707090
vt 0.513528 0.706055
vt 0.514562 0.706055
vt 0.513528 0.705020
vt 0.514562 0.705020
vt 0.513528 0.703986
vt 0.514562 0.703986
vt 0.513528 0.702951
vt 0.514562 0.702951
vt 0.513528 0.701916
vt 0.514562 0.701916
vt 0.513528 0.700881
vt 0.514562 0.700881
vt 0.513528 0.788766
vt 0.514563 0.787731
vt 0.514562 0.788766
vt 0.515597 0.787731
vt 0.515597 0.788766
vt 0.514562 0.789801
vt 0.515597 0.789801
vt 0.514562 0.790836
vt 0.515597 0.790836
vt 0.513528 0.790836
vt 0.513528 0.789801
vt 0.516632 0.701916
vt 0.515597 0.700881
vt 0.516632 0.700881
vt 0.515597 0.701916
vt 0.516632 0.702951
vt 0.515597 0.702951
vt 0.516632 0.703986
vt 0.515597 0.703986
vt 0.516632 0.705020
vt 0.515597 0.705020
vt 0.516632 0.706055
vt 0.515597 0.706055
vt 0.516632 0.707090
vt 0.515597 0.707090
vt 0.517667 0.707090
vt 0.517667 0.706055
vt 0.518702 0.707090
vt 0.518702 0.706055
vt 0.517667 0.705020
vt 0.518702 0.705020
vt 0.517667 0.703986
vt 0.518702 0.703986
vt 0.517667 0.702951
vt 0.518702 0.702951
vt 0.517667 0.701916
vt 0.518702 0.701916
vt 0.517667 0.700881
vt 0.518702 0.700881
vt 0.513528 0.792905
vt 0.514562 0.791870
vt 0.514562 0.792905
vt 0.513528 0.791870
vt 0.515597 0.791870
vt 0.515597 0.792905
vt 0.514562 0.793940
vt 0.515597 0.793940
vt 0.514562 0.794975
vt 0.515597 0.794975
vt 0.513528 0.794975
vt 0.513528 0.793940
vt 0.520771 0.701916
vt 0.519736 0.700881
vt 0.520771 0.700881
vt 0.519736 0.701916
vt 0.520771 0.702951
vt 0.519736 0.702951
vt 0.520771 0.703986
vt 0.519736 0.703986
vt 0.520771 0.705020
vt 0.519736 0.705020
vt 0.520771 0.706055
vt 0.519736 0.706055
vt 0.520771 0.707090
vt 0.519736 0.707090
vt 0.521806 0.707090
vt 0.521806 0.706055
vt 0.513528 0.771210
vt 0.513528 0.770175
vt 0.513528 0.769140
vt 0.521806 0.705020
vt 0.513528 0.768106
vt 0.521806 0.703986
vt 0.513528 0.767071
vt 0.521806 0.702951
vt 0.513528 0.766036
vt 0.521806 0.701916
vt 0.513528 0.765001
vt 0.521806 0.700881
vt 0.514563 0.846195
vt 0.515597 0.847229
vt 0.513528 0.796009
vt 0.514563 0.796009
vt 0.515597 0.848264
vt 0.515597 0.796009
vt 0.514195 0.830404
vt 0.515017 0.830449
vt 0.514764 0.831038
vt 0.514222 0.829567
vt 0.514747 0.830169
vt 0.515044 0.830388
vt 0.514821 0.830128
vt 0.514749 0.829746
vt 0.514865 0.829775
vt 0.515238 0.829943
vt 0.515415 0.830376
vt 0.515088 0.829575
vt 0.515391 0.829581
vt 0.515627 0.829802
vt 0.515638 0.830102
vt 0.515435 0.830459
vt 0.515740 0.830166
vt 0.516202 0.830412
vt 0.515615 0.831008
vt 0.516211 0.829584
vt 0.515737 0.829769
vt 0.515446 0.829440
vt 0.515645 0.828942
vt 0.515035 0.829476
vt 0.514814 0.829003
vt 0.514507 0.828328
vt 0.513528 0.829413
vt 0.515952 0.828328
vt 0.516904 0.829417
vt 0.516795 0.830810
vt 0.515798 0.831743
vt 0.514479 0.831711
vt 0.513561 0.830807
vt 0.523538 0.540367
vt 0.522803 0.539366
vt 0.523673 0.539557
vt 0.524783 0.539580
vt 0.524779 0.540368
vt 0.522801 0.541366
vt 0.522440 0.540366
vt 0.524782 0.541155
vt 0.526428 0.532418
vt 0.525745 0.532516
vt 0.525910 0.531633
vt 0.525906 0.549128
vt 0.525743 0.548242
vt 0.526428 0.548342
vt 0.523303 0.533086
vt 0.524544 0.529608
vt 0.523296 0.547662
vt 0.524529 0.551154
vt 0.522587 0.549703
vt 0.521819 0.547549
vt 0.521253 0.549206
vt 0.522382 0.546390
vt 0.523262 0.544061
vt 0.524481 0.543646
vt 0.523697 0.544821
vt 0.524886 0.546464
vt 0.523729 0.546934
vt 0.522233 0.545003
vt 0.522497 0.545762
vt 0.521718 0.546045
vt 0.521433 0.546910
vt 0.520433 0.545519
vt 0.520186 0.545918
vt 0.519520 0.547544
vt 0.520758 0.548301
vt 0.518435 0.546737
vt 0.518244 0.547365
vt 0.519516 0.548115
vt 0.520179 0.549149
vt 0.519018 0.548541
vt 0.519160 0.548644
vt 0.518707 0.548334
vt 0.518123 0.547891
vt 0.515585 0.729855
vt 0.516345 0.729327
vt 0.517021 0.729705
vt 0.515131 0.729105
vt 0.515704 0.729272
vt 0.514228 0.729069
vt 0.514446 0.729850
vt 0.513821 0.729220
vt 0.514778 0.729648
vt 0.514705 0.728696
vt 0.515319 0.728793
vt 0.515764 0.728963
vt 0.514937 0.728407
vt 0.515622 0.728303
vt 0.515276 0.728013
vt 0.516033 0.728613
vt 0.516228 0.728319
vt 0.515826 0.728053
vt 0.515512 0.727833
vt 0.515156 0.727645
vt 0.515419 0.727589
vt 0.514801 0.727754
vt 0.515023 0.727077
vt 0.515428 0.727016
vt 0.514770 0.727024
vt 0.515406 0.726745
vt 0.515840 0.727191
vt 0.515982 0.727119
vt 0.516253 0.727677
vt 0.516463 0.727703
vt 0.516840 0.728521
vt 0.516798 0.728870
vt 0.516685 0.728780
vt 0.516549 0.728719
vt 0.516609 0.728913
vt 0.516262 0.728876
vt 0.517411 0.729492
vt 0.516397 0.729035
vt 0.516213 0.729124
vt 0.517425 0.728744
vt 0.517315 0.547365
vt 0.517937 0.547701
vt 0.517798 0.728770
vt 0.517017 0.727602
vt 0.517074 0.728536
vt 0.516795 0.727760
vt 0.516128 0.726999
vt 0.515264 0.726448
vt 0.516225 0.726738
vt 0.514164 0.726790
vt 0.515248 0.725877
vt 0.513528 0.727991
vt 0.513781 0.726282
vt 0.514558 0.727971
vt 0.513945 0.728206
vt 0.517413 0.723611
vt 0.518407 0.724733
vt 0.517179 0.724734
vt 0.515652 0.724351
vt 0.516035 0.725111
vt 0.516403 0.726428
vt 0.517196 0.726988
vt 0.518216 0.727892
vt 0.515788 0.725880
vt 0.518665 0.729417
vt 0.518977 0.725548
vt 0.519443 0.727517
vt 0.517391 0.548628
vt 0.518057 0.549980
vt 0.516779 0.549256
vt 0.516389 0.547319
vt 0.519345 0.549570
vt 0.519473 0.550382
vt 0.519443 0.723891
vt 0.518706 0.723687
vt 0.520438 0.550002
vt 0.521492 0.550634
vt 0.520213 0.551248
vt 0.522783 0.552746
vt 0.519933 0.553813
vt 0.517934 0.550945
vt 0.517238 0.553417
vt 0.514853 0.551585
vt 0.516244 0.550023
vt 0.517966 0.529793
vt 0.514894 0.529142
vt 0.517281 0.527324
vt 0.519970 0.526939
vt 0.518085 0.530756
vt 0.516275 0.530707
vt 0.519499 0.530361
vt 0.519369 0.531170
vt 0.518449 0.531565
vt 0.517416 0.532104
vt 0.516410 0.533406
vt 0.517336 0.533364
vt 0.516807 0.531474
vt 0.515784 0.531795
vt 0.515429 0.533424
vt 0.513940 0.530801
vt 0.513554 0.533125
vt 0.515480 0.536069
vt 0.514090 0.536510
vt 0.517082 0.535257
vt 0.515477 0.536755
vt 0.514120 0.537090
vt 0.516898 0.537516
vt 0.516406 0.537600
vt 0.518451 0.533994
vt 0.519134 0.535673
vt 0.518449 0.536609
vt 0.519574 0.536253
vt 0.517660 0.537768
vt 0.518712 0.537020
vt 0.517802 0.538124
vt 0.517321 0.537665
vt 0.517355 0.538243
vt 0.516986 0.538376
vt 0.517408 0.539311
vt 0.517865 0.539244
vt 0.519424 0.537689
vt 0.518965 0.539471
vt 0.519805 0.537915
vt 0.520238 0.538988
vt 0.519983 0.540361
vt 0.518776 0.540350
vt 0.518623 0.539730
vt 0.518149 0.539844
vt 0.518103 0.539562
vt 0.518545 0.540126
vt 0.518378 0.540363
vt 0.518514 0.540404
vt 0.518538 0.540611
vt 0.518616 0.540999
vt 0.518444 0.540817
vt 0.518959 0.541258
vt 0.518406 0.540133
vt 0.518402 0.540601
vt 0.518165 0.539978
vt 0.518223 0.540363
vt 0.518161 0.540752
vt 0.518356 0.540737
vt 0.518026 0.540036
vt 0.518023 0.540693
vt 0.517896 0.539924
vt 0.517862 0.540364
vt 0.517688 0.540363
vt 0.517893 0.540804
vt 0.518145 0.540885
vt 0.518099 0.541166
vt 0.517673 0.540872
vt 0.517861 0.541484
vt 0.517404 0.541415
vt 0.517797 0.542601
vt 0.517349 0.542482
vt 0.516889 0.543209
vt 0.517314 0.543061
vt 0.517654 0.542958
vt 0.518439 0.544120
vt 0.517068 0.545469
vt 0.519565 0.544478
vt 0.519123 0.545058
vt 0.518703 0.543709
vt 0.515406 0.547298
vt 0.515467 0.544651
vt 0.513528 0.547590
vt 0.514081 0.544203
vt 0.515467 0.543965
vt 0.514113 0.543625
vt 0.514789 0.542944
vt 0.515562 0.542718
vt 0.516349 0.542004
vt 0.516398 0.543123
vt 0.516981 0.542348
vt 0.515761 0.541108
vt 0.515545 0.541499
vt 0.516701 0.541305
vt 0.515451 0.541053
vt 0.515176 0.541272
vt 0.515068 0.541823
vt 0.515235 0.540962
vt 0.515087 0.541191
vt 0.514972 0.541344
vt 0.514433 0.541817
vt 0.514671 0.541073
vt 0.513965 0.543053
vt 0.513623 0.541556
vt 0.514258 0.540360
vt 0.514976 0.540896
vt 0.515185 0.540801
vt 0.514892 0.540360
vt 0.515127 0.540360
vt 0.515186 0.539919
vt 0.514977 0.539823
vt 0.514672 0.539646
vt 0.515361 0.540194
vt 0.515361 0.540526
vt 0.515335 0.540360
vt 0.515401 0.540238
vt 0.515374 0.540360
vt 0.515400 0.540482
vt 0.515496 0.540360
vt 0.515513 0.540427
vt 0.515624 0.540360
vt 0.515513 0.540294
vt 0.515638 0.540216
vt 0.515638 0.540505
vt 0.515740 0.540361
vt 0.515767 0.540106
vt 0.515524 0.540616
vt 0.515557 0.540495
vt 0.515773 0.540361
vt 0.515766 0.540615
vt 0.515484 0.540672
vt 0.515829 0.540669
vt 0.515918 0.540711
vt 0.515996 0.540361
vt 0.515830 0.540053
vt 0.515484 0.540049
vt 0.515452 0.539667
vt 0.515762 0.539613
vt 0.515918 0.540011
vt 0.515525 0.540104
vt 0.515557 0.540226
vt 0.516703 0.539419
vt 0.516865 0.540024
vt 0.515547 0.539222
vt 0.515177 0.539448
vt 0.516354 0.538718
vt 0.517675 0.539855
vt 0.517496 0.540363
vt 0.518361 0.539994
vt 0.518450 0.539913
vt 0.516864 0.540700
vt 0.516883 0.540362
vt 0.515568 0.538002
vt 0.515071 0.538896
vt 0.514794 0.537774
vt 0.513970 0.537662
vt 0.514435 0.538901
vt 0.513623 0.539161
vt 0.514974 0.539375
vt 0.515088 0.539528
vt 0.515236 0.539758
vt 0.515755 0.548930
vt 0.513905 0.549919
vt 0.519417 0.543041
vt 0.520099 0.544165
vt 0.520818 0.544669
vt 0.521637 0.545280
vt 0.521664 0.544751
vt 0.520755 0.544142
vt 0.521292 0.544250
vt 0.521278 0.543921
vt 0.520807 0.543863
vt 0.520088 0.543488
vt 0.520345 0.543307
vt 0.520899 0.543706
vt 0.520462 0.543235
vt 0.521238 0.543748
vt 0.520307 0.542780
vt 0.520151 0.542755
vt 0.520556 0.542058
vt 0.520720 0.541708
vt 0.520841 0.541873
vt 0.521127 0.541616
vt 0.521151 0.541855
vt 0.521613 0.541737
vt 0.521562 0.541908
vt 0.521081 0.541318
vt 0.521745 0.541354
vt 0.522048 0.542038
vt 0.521888 0.542190
vt 0.522502 0.542423
vt 0.522210 0.542459
vt 0.522074 0.542476
vt 0.522170 0.542808
vt 0.522042 0.542781
vt 0.521873 0.543140
vt 0.521962 0.543196
vt 0.521507 0.543657
vt 0.521684 0.544083
vt 0.521610 0.543828
vt 0.522187 0.543336
vt 0.521987 0.544460
vt 0.522849 0.543444
vt 0.522434 0.542834
vt 0.523305 0.542891
vt 0.523366 0.542431
vt 0.523891 0.542525
vt 0.523672 0.541177
vt 0.523851 0.543102
vt 0.524775 0.542634
vt 0.521165 0.540365
vt 0.520582 0.541503
vt 0.520233 0.541740
vt 0.520442 0.541942
vt 0.519798 0.542814
vt 0.521746 0.539377
vt 0.521083 0.539411
vt 0.520585 0.539225
vt 0.521130 0.539114
vt 0.521616 0.538994
vt 0.520724 0.539021
vt 0.520845 0.538857
vt 0.521154 0.538875
vt 0.521565 0.538823
vt 0.520560 0.538672
vt 0.520158 0.537975
vt 0.520446 0.538787
vt 0.520352 0.537424
vt 0.520313 0.537951
vt 0.520905 0.537026
vt 0.520468 0.537496
vt 0.521284 0.536812
vt 0.520814 0.536869
vt 0.521513 0.537076
vt 0.521244 0.536985
vt 0.521967 0.537537
vt 0.521616 0.536905
vt 0.522174 0.537925
vt 0.521877 0.537593
vt 0.522077 0.538257
vt 0.522045 0.537952
vt 0.522051 0.538694
vt 0.522213 0.538274
vt 0.521891 0.538542
vt 0.522372 0.538898
vt 0.522504 0.538310
vt 0.523308 0.537844
vt 0.523369 0.538303
vt 0.522438 0.537899
vt 0.522852 0.537290
vt 0.522191 0.537398
vt 0.521993 0.536274
vt 0.521690 0.536651
vt 0.521670 0.535983
vt 0.521298 0.536484
vt 0.520826 0.536064
vt 0.520762 0.536591
vt 0.520107 0.536566
vt 0.520095 0.537243
vt 0.520443 0.535215
vt 0.520197 0.534817
vt 0.521644 0.535456
vt 0.521725 0.534692
vt 0.521443 0.533830
vt 0.519537 0.533192
vt 0.518263 0.533367
vt 0.519534 0.532622
vt 0.520774 0.532440
vt 0.520199 0.531593
vt 0.519039 0.532195
vt 0.519181 0.532093
vt 0.518728 0.532401
vt 0.517386 0.750550
vt 0.516626 0.750022
vt 0.517267 0.749967
vt 0.517840 0.749800
vt 0.518193 0.750343
vt 0.518524 0.750545
vt 0.518743 0.749765
vt 0.519149 0.749915
vt 0.518266 0.749391
vt 0.517652 0.749488
vt 0.518033 0.749102
vt 0.517348 0.748998
vt 0.517207 0.749658
vt 0.516742 0.749014
vt 0.516938 0.749308
vt 0.517458 0.748528
vt 0.517694 0.748708
vt 0.517814 0.748340
vt 0.518169 0.748450
vt 0.517948 0.747772
vt 0.517552 0.748284
vt 0.517542 0.747711
vt 0.518201 0.747719
vt 0.517564 0.747440
vt 0.517131 0.747886
vt 0.516989 0.747814
vt 0.516718 0.748372
vt 0.516508 0.748398
vt 0.516131 0.749216
vt 0.515896 0.749231
vt 0.516172 0.749565
vt 0.516286 0.749475
vt 0.516421 0.749415
vt 0.516708 0.749571
vt 0.516362 0.749608
vt 0.516573 0.749730
vt 0.516758 0.749819
vt 0.515949 0.750400
vt 0.515546 0.749439
vt 0.515559 0.750187
vt 0.515172 0.749465
vt 0.514305 0.750112
vt 0.517958 0.533030
vt 0.518143 0.532841
vt 0.515953 0.748297
vt 0.516175 0.748455
vt 0.514755 0.748587
vt 0.515775 0.747683
vt 0.514563 0.745428
vt 0.515792 0.745429
vt 0.513994 0.746243
vt 0.513528 0.748212
vt 0.515557 0.744306
vt 0.514265 0.744382
vt 0.513528 0.744586
vt 0.517319 0.745046
vt 0.516567 0.747123
vt 0.517722 0.746572
vt 0.516935 0.745806
vt 0.517182 0.746575
vt 0.516745 0.747433
vt 0.517706 0.747143
vt 0.516842 0.747694
vt 0.518807 0.747485
vt 0.519190 0.746977
vt 0.519443 0.748686
vt 0.518413 0.748666
vt 0.519026 0.748901
vt 0.521271 0.531540
vt 0.520461 0.530743
vt 0.521514 0.530116
vt 0.520240 0.529499
vt 0.522603 0.531048
vt 0.522809 0.528015
vt 0.521830 0.533194
vt 0.522388 0.534351
vt 0.523732 0.533813
vt 0.522238 0.535733
vt 0.523701 0.535915
vt 0.523266 0.536674
vt 0.522503 0.534975
vt 0.524484 0.537089
vt 0.523854 0.537632
vt 0.524884 0.534286
vt 0.524777 0.538100
vt 0.523893 0.538210
vt 0.163547 0.930054
vt 0.007226 0.920819
vt 0.082598 0.992774
vt 0.242937 0.935707
vt 0.536536 0.453433
vt 0.536536 0.456368
vt 0.513528 0.454625
vt 0.536094 0.459269
vt 0.513528 0.457559
vt 0.535226 0.462025
vt 0.533967 0.464530
vt 0.513970 0.460415
vt 0.532365 0.466688
vt 0.516096 0.465456
vt 0.530481 0.468416
vt 0.517698 0.467448
vt 0.528387 0.469647
vt 0.526165 0.470335
vt 0.519583 0.468980
vt 0.523899 0.470452
vt 0.521676 0.469995
vt 0.514837 0.463081
vt 0.513970 0.451724
vt 0.514837 0.448968
vt 0.517698 0.444305
vt 0.533967 0.445537
vt 0.519583 0.442577
vt 0.532365 0.443545
vt 0.521676 0.441345
vt 0.523899 0.440658
vt 0.530481 0.442012
vt 0.526165 0.440540
vt 0.528387 0.440998
vt 0.513528 0.220762
vt 0.514837 0.417661
vt 0.513970 0.414905
vt 0.536536 0.413196
vt 0.513528 0.412004
vt 0.536536 0.410261
vt 0.513528 0.409070
vt 0.536094 0.407360
vt 0.513970 0.406215
vt 0.535226 0.404604
vt 0.514837 0.403548
vt 0.516096 0.401174
vt 0.533967 0.402099
vt 0.517698 0.399182
vt 0.532365 0.399941
vt 0.519582 0.397649
vt 0.530481 0.398213
vt 0.521676 0.396634
vt 0.528387 0.396982
vt 0.523899 0.396177
vt 0.526165 0.396294
vt 0.536094 0.416051
vt 0.535227 0.418717
vt 0.532365 0.423084
vt 0.530481 0.424617
vt 0.519583 0.424053
vt 0.528388 0.425631
vt 0.521676 0.425284
vt 0.526165 0.426089
vt 0.523899 0.425971
vt 0.338352 0.746415
vt 0.474623 0.746415
vt 0.513961 0.503135
vt 0.513528 0.500496
vt 0.535640 0.502277
vt 0.513528 0.497788
vt 0.536074 0.499603
vt 0.513961 0.495115
vt 0.536074 0.496895
vt 0.514811 0.492580
vt 0.535640 0.494256
vt 0.516044 0.490279
vt 0.517615 0.488302
vt 0.534791 0.491788
vt 0.519461 0.486724
vt 0.533557 0.489585
vt 0.521513 0.485607
vt 0.531987 0.487733
vt 0.523690 0.484992
vt 0.530141 0.486301
vt 0.525911 0.484904
vt 0.528089 0.485346
vt 0.534791 0.504812
vt 0.533557 0.507113
vt 0.530140 0.510667
vt 0.528089 0.511785
vt 0.517615 0.509659
vt 0.525911 0.512400
vt 0.519461 0.511090
vt 0.523690 0.512488
vt 0.521513 0.512046
vt 0.513528 0.235213
vt 0.546229 0.304463
vt 0.518394 0.296455
vt 0.513894 0.304782
vt 0.514902 0.301522
vt 0.513528 0.308218
vt 0.513733 0.311725
vt 0.548723 0.274754
vt 0.513528 0.277456
vt 0.514634 0.315179
vt 0.523266 0.316500
vt 0.513528 0.598019
vt 0.513528 0.642224
vt 0.513528 0.686430
vt 0.515950 0.346533
vt 0.528867 0.328134
vt 0.544852 0.321709
vt 0.546957 0.317585
vt 0.385013 0.419465
vt 0.379668 0.656146
vt 0.385589 0.694484
vt 0.313582 0.071787
vt 0.513528 0.773280
vt 0.513528 0.709160
vt 0.513528 0.787731
vt 0.515597 0.846195
vt 0.525668 0.546886
vt 0.518424 0.549171
vt 0.522369 0.541834
vt 0.517145 0.748748
vt 0.525665 0.533867
s 0
usemtl マテリアル
f 26/1/1 56/2/1 60/3/1
f 62/4/2 57/5/2 82/6/2
f 28/7/3 58/8/3 59/9/3
f 64/10/4 55/11/4 81/12/4
f 27/13/5 63/14/5 74/15/5
f 73/16/6 2/17/6 64/18/6
f 65/19/4 37/20/4 76/21/4
f 29/22/7 40/23/7 42/24/7
f 66/25/8 39/26/8 75/27/8
f 30/28/9 38/29/9 41/30/9
f 31/31/10 17/32/10 34/33/10
f 70/34/11 14/35/11 18/36/11
f 32/37/12 19/38/12 33/39/12
f 69/40/13 16/41/13 20/42/13
f 72/43/4 20/42/4 24/44/4
f 33/39/14 23/45/14 36/46/14
f 71/47/15 18/36/15 22/48/15
f 34/33/16 21/49/16 35/50/16
f 35/50/17 3/51/17 25/52/17
f 61/53/18 22/48/18 7/54/18
f 36/46/19 5/55/19 27/13/19
f 63/56/20 24/44/20 1/57/20
f 7/54/21 36/46/21 27/13/21
f 1/58/22 35/50/22 25/52/22
f 24/59/23 34/33/23 35/50/23
f 22/48/24 33/39/24 36/46/24
f 18/36/25 32/37/25 33/39/25
f 20/60/26 31/31/26 34/33/26
f 37/61/27 30/28/27 41/30/27
f 11/62/28 42/24/28 39/26/28
f 4/63/29 73/16/29 62/64/29
f 61/65/30 27/13/30 74/15/30
f 57/5/31 28/7/31 59/9/31
f 55/66/32 26/1/32 60/3/32
f 39/26/33 32/37/33 14/35/33
f 37/61/34 31/31/34 16/67/34
f 31/31/35 38/29/35 13/68/35
f 75/27/36 14/35/36 67/69/36
f 32/37/37 40/23/37 15/70/37
f 76/21/38 16/41/38 68/71/38
f 54/72/39 48/73/39 53/74/39
f 45/75/40 52/76/40 50/77/40
f 77/78/4 54/79/4 80/80/4
f 52/76/41 46/81/41 51/82/41
f 78/83/42 50/77/42 79/84/42
f 48/73/43 49/85/43 53/74/43
f 30/28/44 49/85/44 10/86/44
f 66/25/45 50/77/45 11/62/45
f 52/76/46 12/87/46 29/22/46
f 80/80/4 9/88/4 65/19/4
f 11/62/47 52/76/47 29/22/47
f 54/72/48 30/28/48 9/89/48
f 43/90/49 60/3/49 48/73/49
f 57/5/40 47/91/40 45/75/40
f 81/12/4 43/92/4 77/78/4
f 59/9/50 46/81/50 47/91/50
f 82/6/42 45/75/42 78/83/42
f 60/3/51 44/93/51 48/73/51
f 56/2/52 78/83/52 44/93/52
f 58/8/4 77/78/4 46/81/4
f 51/82/4 65/19/4 12/87/4
f 10/86/53 79/84/53 66/25/53
f 44/93/52 79/84/52 49/85/52
f 46/81/4 80/80/4 51/82/4
f 15/70/54 76/21/54 68/71/54
f 13/68/55 75/27/55 67/69/55
f 61/65/56 25/94/56 3/95/56
f 8/96/57 73/16/57 28/7/57
f 23/45/58 63/56/58 5/55/58
f 21/49/59 61/53/59 3/51/59
f 17/32/60 71/47/60 21/49/60
f 19/38/4 72/43/4 23/45/4
f 15/70/61 69/40/61 19/38/61
f 13/68/62 70/34/62 17/32/62
f 10/86/63 75/27/63 38/29/63
f 12/87/4 76/21/4 40/23/4
f 73/16/64 6/97/64 28/7/64
f 25/94/65 63/14/65 1/98/65
f 6/97/4 81/12/4 58/8/4
f 56/2/66 62/4/66 82/6/66
f 26/1/1012 4/1156/1012 56/2/1012
f 62/4/1013 8/96/1013 57/5/1013
f 28/7/1014 6/97/1014 58/8/1014
f 64/10/4 2/1157/4 55/11/4
f 27/13/1015 5/55/1015 63/14/1015
f 73/16/1016 26/1158/1016 2/17/1016
f 65/19/4 9/88/4 37/20/4
f 29/22/1017 12/87/1017 40/23/1017
f 66/25/1018 11/62/1018 39/26/1018
f 30/28/1019 10/86/1019 38/29/1019
f 31/31/1020 13/68/1020 17/32/1020
f 70/34/1021 67/69/1021 14/35/1021
f 32/37/1022 15/70/1022 19/38/1022
f 69/40/1023 68/71/1023 16/41/1023
f 72/43/4 69/40/4 20/42/4
f 33/39/1024 19/38/1024 23/45/1024
f 71/47/1025 70/34/1025 18/36/1025
f 34/33/1026 17/32/1026 21/49/1026
f 35/50/1027 21/49/1027 3/51/1027
f 61/53/1028 71/47/1028 22/48/1028
f 36/46/1029 23/45/1029 5/55/1029
f 63/56/4 72/43/4 24/44/4
f 7/54/1030 22/48/1030 36/46/1030
f 1/58/1031 24/59/1031 35/50/1031
f 24/59/1032 20/60/1032 34/33/1032
f 22/48/1033 18/36/1033 33/39/1033
f 18/36/1034 14/35/1034 32/37/1034
f 20/60/1035 16/67/1035 31/31/1035
f 37/61/48 9/89/48 30/28/48
f 11/62/1036 29/22/1036 42/24/1036
f 4/63/1037 26/1158/1037 73/16/1037
f 61/65/1038 7/54/1038 27/13/1038
f 57/5/1039 8/96/1039 28/7/1039
f 55/66/1040 2/1159/1040 26/1/1040
f 39/26/1041 42/24/1041 32/37/1041
f 37/61/1042 41/30/1042 31/31/1042
f 31/31/1043 41/30/1043 38/29/1043
f 75/27/1044 39/26/1044 14/35/1044
f 32/37/1045 42/24/1045 40/23/1045
f 76/21/1046 37/20/1046 16/41/1046
f 54/72/49 43/90/49 48/73/49
f 45/75/40 47/91/40 52/76/40
f 77/78/4 43/92/4 54/79/4
f 52/76/50 47/91/50 46/81/50
f 78/83/42 45/75/42 50/77/42
f 48/73/43 44/93/43 49/85/43
f 30/28/44 53/74/44 49/85/44
f 66/25/42 79/84/42 50/77/42
f 52/76/41 51/82/41 12/87/41
f 80/80/4 54/79/4 9/88/4
f 11/62/47 50/77/47 52/76/47
f 54/72/1047 53/74/1047 30/28/1047
f 43/90/49 55/66/49 60/3/49
f 57/5/40 59/9/40 47/91/40
f 81/12/4 55/11/4 43/92/4
f 59/9/50 58/8/50 46/81/50
f 82/6/42 57/5/42 45/75/42
f 60/3/51 56/2/51 44/93/51
f 56/2/52 82/6/52 78/83/52
f 58/8/4 81/12/4 77/78/4
f 51/82/4 80/80/4 65/19/4
f 10/86/1048 49/85/1048 79/84/1048
f 44/93/52 78/83/52 79/84/52
f 46/81/4 77/78/4 80/80/4
f 15/70/1049 40/23/1049 76/21/1049
f 13/68/1050 38/29/1050 75/27/1050
f 61/65/1051 74/15/1051 25/94/1051
f 8/96/1052 62/64/1052 73/16/1052
f 23/45/4 72/43/4 63/56/4
f 21/49/1053 71/47/1053 61/53/1053
f 17/32/1054 70/34/1054 71/47/1054
f 19/38/4 69/40/4 72/43/4
f 15/70/1055 68/71/1055 69/40/1055
f 13/68/1056 67/69/1056 70/34/1056
f 10/86/1057 66/25/1057 75/27/1057
f 12/87/4 65/19/4 76/21/4
f 73/16/6 64/18/6 6/97/6
f 25/94/1058 74/15/1058 63/14/1058
f 6/97/4 64/10/4 81/12/4
f 56/2/1059 4/1156/1059 62/4/1059
usemtl 
f 92/99/67 87/100/67 110/101/67
f 85/102/68 84/103/68 83/104/68
f 88/105/69 83/106/69 86/107/69
f 89/108/70 86/107/70 87/109/70
f 139/110/71 144/111/71 123/112/71
f 90/113/72 87/109/72 92/114/72
f 91/115/73 92/114/73 93/116/73
f 96/117/74 93/116/74 94/118/74
f 97/119/75 94/118/75 95/120/75
f 98/121/76 95/120/76 100/122/76
f 99/123/77 100/122/77 101/124/77
f 104/125/78 101/124/78 102/126/78
f 105/127/79 102/126/79 103/128/79
f 106/129/80 103/128/80 108/130/80
f 107/131/81 108/130/81 109/132/81
f 112/133/82 109/132/82 110/134/82
f 113/135/83 110/134/83 111/136/83
f 114/137/84 111/136/84 116/138/84
f 115/139/85 116/138/85 117/140/85
f 120/141/86 117/140/86 118/142/86
f 121/143/87 118/142/87 119/144/87
f 122/145/88 119/144/88 124/146/88
f 123/147/89 124/146/89 125/148/89
f 128/149/90 125/148/90 126/150/90
f 129/151/91 126/150/91 127/152/91
f 130/153/92 127/152/92 132/154/92
f 131/155/93 132/154/93 133/156/93
f 136/157/94 133/156/94 134/158/94
f 137/159/95 134/158/95 135/160/95
f 138/161/96 135/160/96 140/162/96
f 139/163/97 140/162/97 141/164/97
f 144/165/98 141/164/98 142/166/98
f 145/167/99 142/166/99 143/168/99
f 146/169/100 143/168/100 84/103/100
f 151/170/101 148/170/101 153/170/101
f 149/170/102 148/170/102 147/170/102
f 150/170/103 149/170/103 147/170/103
f 150/170/104 151/170/104 154/170/104
f 154/170/105 152/170/105 156/170/105
f 152/170/106 153/170/106 166/170/106
f 721/170/107 154/170/107 155/170/107
f 155/170/108 156/170/108 157/170/108
f 157/170/109 158/170/109 159/170/109
f 156/170/110 161/170/110 158/170/110
f 159/170/111 160/170/111 201/170/111
f 158/170/112 162/170/112 160/170/112
f 162/170/113 163/170/113 164/170/113
f 161/170/114 166/170/114 163/170/114
f 164/170/115 165/170/115 213/170/115
f 163/170/116 167/170/116 165/170/116
f 166/170/117 169/170/117 167/170/117
f 165/170/118 168/170/118 216/170/118
f 167/170/119 170/170/119 168/170/119
f 153/170/120 171/170/120 169/170/120
f 169/170/121 173/170/121 170/170/121
f 717/170/122 171/170/122 148/170/122
f 172/170/123 173/170/123 171/170/123
f 174/170/124 175/170/124 173/170/124
f 170/170/125 175/170/125 178/170/125
f 176/170/126 177/170/126 175/170/126
f 178/170/127 177/170/127 180/170/127
f 168/170/128 178/170/128 179/170/128
f 179/170/129 180/170/129 181/170/129
f 181/170/130 182/170/130 183/170/130
f 180/170/131 185/170/131 182/170/131
f 182/170/132 224/170/132 183/170/132
f 185/170/133 184/170/133 182/170/133
f 722/170/134 185/170/134 177/170/134
f 185/170/135 188/170/135 187/170/135
f 187/170/136 190/170/136 189/170/136
f 187/170/137 192/170/137 184/170/137
f 189/170/138 720/170/138 191/170/138
f 189/170/139 194/170/139 192/170/139
f 184/170/140 193/170/140 224/170/140
f 192/170/141 195/170/141 193/170/141
f 194/170/142 157/170/142 195/170/142
f 191/170/143 155/170/143 194/170/143
f 193/170/144 196/170/144 197/170/144
f 195/170/145 159/170/145 196/170/145
f 197/170/146 198/170/146 199/170/146
f 196/170/147 201/170/147 198/170/147
f 199/170/148 200/170/148 228/170/148
f 198/170/149 202/170/149 200/170/149
f 201/170/150 204/170/150 202/170/150
f 200/170/151 203/170/151 231/170/151
f 202/170/152 205/170/152 203/170/152
f 204/170/153 207/170/153 205/170/153
f 160/170/154 206/170/154 204/170/154
f 207/170/155 208/170/155 209/170/155
f 206/170/156 164/170/156 208/170/156
f 209/170/157 210/170/157 211/170/157
f 208/170/158 213/170/158 210/170/158
f 211/170/159 212/170/159 247/170/159
f 210/170/160 214/170/160 212/170/160
f 213/170/161 216/170/161 214/170/161
f 212/170/162 215/170/162 250/170/162
f 214/170/163 217/170/163 215/170/163
f 216/170/164 179/170/164 217/170/164
f 215/170/165 218/170/165 219/170/165
f 217/170/166 181/170/166 218/170/166
f 219/170/167 220/170/167 221/170/167
f 218/170/168 183/170/168 220/170/168
f 220/170/169 223/170/169 221/170/169
f 183/170/170 222/170/170 220/170/170
f 222/170/171 199/170/171 223/170/171
f 224/170/172 197/170/172 222/170/172
f 221/170/173 225/170/173 226/170/173
f 223/170/174 228/170/174 225/170/174
f 226/170/175 227/170/175 253/170/175
f 225/170/176 229/170/176 227/170/176
f 228/170/177 231/170/177 229/170/177
f 227/170/178 230/170/178 256/170/178
f 229/170/179 232/170/179 230/170/179
f 231/170/180 234/170/180 232/170/180
f 230/170/181 233/170/181 259/170/181
f 232/170/182 235/170/182 233/170/182
f 234/170/183 237/170/183 235/170/183
f 203/170/184 236/170/184 234/170/184
f 236/170/185 239/170/185 237/170/185
f 205/170/186 238/170/186 236/170/186
f 239/170/187 240/170/187 241/170/187
f 238/170/188 209/170/188 240/170/188
f 241/170/189 242/170/189 243/170/189
f 240/170/190 211/170/190 242/170/190
f 243/170/191 244/170/191 245/170/191
f 242/170/192 247/170/192 244/170/192
f 245/170/193 246/170/193 279/170/193
f 244/170/194 248/170/194 246/170/194
f 247/170/195 250/170/195 248/170/195
f 246/170/196 249/170/196 252/170/196
f 248/170/197 251/170/197 249/170/197
f 250/170/198 219/170/198 251/170/198
f 249/170/199 226/170/199 253/170/199
f 251/170/200 221/170/200 226/170/200
f 252/170/201 253/170/201 254/170/201
f 253/170/202 256/170/202 254/170/202
f 280/170/203 254/170/203 255/170/203
f 254/170/204 257/170/204 255/170/204
f 256/170/205 259/170/205 257/170/205
f 255/170/206 258/170/206 282/170/206
f 257/170/207 260/170/207 258/170/207
f 259/170/208 262/170/208 260/170/208
f 258/170/209 261/170/209 285/170/209
f 260/170/210 263/170/210 261/170/210
f 262/170/211 265/170/211 263/170/211
f 233/170/212 264/170/212 262/170/212
f 264/170/213 267/170/213 265/170/213
f 235/170/214 266/170/214 264/170/214
f 266/170/215 269/170/215 267/170/215
f 237/170/216 268/170/216 266/170/216
f 269/170/217 270/170/217 271/170/217
f 268/170/218 241/170/218 270/170/218
f 271/170/219 272/170/219 273/170/219
f 270/170/220 243/170/220 272/170/220
f 273/170/221 274/170/221 275/170/221
f 272/170/222 245/170/222 274/170/222
f 275/170/223 276/170/223 277/170/223
f 274/170/224 279/170/224 276/170/224
f 277/170/225 278/170/225 281/170/225
f 276/170/226 280/170/226 278/170/226
f 279/170/227 252/170/227 280/170/227
f 278/170/228 255/170/228 282/170/228
f 281/170/229 282/170/229 283/170/229
f 282/170/230 285/170/230 283/170/230
f 306/170/231 283/170/231 284/170/231
f 283/170/232 286/170/232 284/170/232
f 285/170/233 288/170/233 286/170/233
f 284/170/234 287/170/234 309/170/234
f 286/170/235 289/170/235 287/170/235
f 288/170/236 291/170/236 289/170/236
f 261/170/237 290/170/237 288/170/237
f 290/170/238 293/170/238 291/170/238
f 263/170/239 292/170/239 290/170/239
f 292/170/240 295/170/240 293/170/240
f 265/170/241 294/170/241 292/170/241
f 294/170/242 297/170/242 295/170/242
f 267/170/243 296/170/243 294/170/243
f 297/170/244 298/170/244 299/170/244
f 296/170/245 271/170/245 298/170/245
f 299/170/246 300/170/246 301/170/246
f 298/170/247 273/170/247 300/170/247
f 301/170/248 302/170/248 303/170/248
f 300/170/249 275/170/249 302/170/249
f 303/170/250 304/170/250 305/170/250
f 302/170/251 277/170/251 304/170/251
f 305/170/252 306/170/252 307/170/252
f 304/170/253 281/170/253 306/170/253
f 307/170/254 284/170/254 309/170/254
f 305/170/255 308/170/255 330/170/255
f 307/170/256 310/170/256 308/170/256
f 310/170/257 287/170/257 312/170/257
f 308/170/258 311/170/258 333/170/258
f 311/170/259 312/170/259 313/170/259
f 313/170/260 314/170/260 315/170/260
f 312/170/261 289/170/261 314/170/261
f 315/170/262 316/170/262 317/170/262
f 314/170/263 291/170/263 316/170/263
f 317/170/264 318/170/264 319/170/264
f 316/170/265 293/170/265 318/170/265
f 319/170/266 320/170/266 321/170/266
f 318/170/267 295/170/267 320/170/267
f 321/170/268 322/170/268 323/170/268
f 320/170/269 297/170/269 322/170/269
f 322/170/270 325/170/270 323/170/270
f 297/170/271 324/170/271 322/170/271
f 324/170/272 327/170/272 325/170/272
f 299/170/273 326/170/273 324/170/273
f 326/170/274 329/170/274 327/170/274
f 301/170/275 328/170/275 326/170/275
f 328/170/276 331/170/276 329/170/276
f 303/170/277 330/170/277 328/170/277
f 330/170/278 333/170/278 331/170/278
f 329/170/279 332/170/279 354/170/279
f 331/170/280 334/170/280 332/170/280
f 333/170/281 336/170/281 334/170/281
f 332/170/282 335/170/282 357/170/282
f 334/170/283 337/170/283 335/170/283
f 337/170/284 338/170/284 339/170/284
f 336/170/285 313/170/285 338/170/285
f 339/170/286 340/170/286 341/170/286
f 338/170/287 315/170/287 340/170/287
f 341/170/288 342/170/288 343/170/288
f 340/170/289 317/170/289 342/170/289
f 343/170/290 344/170/290 345/170/290
f 342/170/291 319/170/291 344/170/291
f 345/170/292 346/170/292 347/170/292
f 344/170/293 321/170/293 346/170/293
f 347/170/294 348/170/294 349/170/294
f 346/170/295 323/170/295 348/170/295
f 348/170/296 351/170/296 349/170/296
f 323/170/297 350/170/297 348/170/297
f 350/170/298 353/170/298 351/170/298
f 325/170/299 352/170/299 350/170/299
f 352/170/300 355/170/300 353/170/300
f 327/170/301 354/170/301 352/170/301
f 354/170/302 357/170/302 355/170/302
f 353/170/303 356/170/303 378/170/303
f 355/170/304 358/170/304 356/170/304
f 357/170/305 360/170/305 358/170/305
f 356/170/306 359/170/306 381/170/306
f 358/170/307 361/170/307 359/170/307
f 360/170/308 363/170/308 361/170/308
f 335/170/309 362/170/309 360/170/309
f 363/170/310 364/170/310 365/170/310
f 362/170/311 339/170/311 364/170/311
f 365/170/312 366/170/312 367/170/312
f 364/170/313 341/170/313 366/170/313
f 367/170/314 368/170/314 369/170/314
f 366/170/315 343/170/315 368/170/315
f 369/170/316 370/170/316 371/170/316
f 368/170/317 345/170/317 370/170/317
f 371/170/318 372/170/318 373/170/318
f 370/170/319 347/170/319 372/170/319
f 373/170/320 374/170/320 375/170/320
f 372/170/321 349/170/321 374/170/321
f 374/170/322 377/170/322 375/170/322
f 349/170/323 376/170/323 374/170/323
f 376/170/324 379/170/324 377/170/324
f 351/170/325 378/170/325 376/170/325
f 378/170/326 381/170/326 379/170/326
f 377/170/327 380/170/327 402/170/327
f 379/170/328 382/170/328 380/170/328
f 381/170/329 384/170/329 382/170/329
f 380/170/330 383/170/330 405/170/330
f 382/170/331 385/170/331 383/170/331
f 384/170/332 387/170/332 385/170/332
f 359/170/333 386/170/333 384/170/333
f 386/170/334 389/170/334 387/170/334
f 361/170/335 388/170/335 386/170/335
f 389/170/336 390/170/336 391/170/336
f 388/170/337 365/170/337 390/170/337
f 391/170/338 392/170/338 393/170/338
f 390/170/339 367/170/339 392/170/339
f 393/170/340 394/170/340 395/170/340
f 392/170/341 369/170/341 394/170/341
f 395/170/342 396/170/342 397/170/342
f 394/170/343 371/170/343 396/170/343
f 397/170/344 398/170/344 399/170/344
f 396/170/345 373/170/345 398/170/345
f 399/170/346 400/170/346 401/170/346
f 398/170/347 375/170/347 400/170/347
f 400/170/348 403/170/348 401/170/348
f 375/170/349 402/170/349 400/170/349
f 402/170/350 405/170/350 403/170/350
f 401/170/351 404/170/351 426/170/351
f 403/170/352 406/170/352 404/170/352
f 405/170/353 408/170/353 406/170/353
f 404/170/354 407/170/354 429/170/354
f 406/170/355 409/170/355 407/170/355
f 408/170/356 411/170/356 409/170/356
f 383/170/357 410/170/357 408/170/357
f 410/170/358 413/170/358 411/170/358
f 385/170/359 412/170/359 410/170/359
f 412/170/360 415/170/360 413/170/360
f 387/170/361 414/170/361 412/170/361
f 415/170/362 416/170/362 417/170/362
f 414/170/363 391/170/363 416/170/363
f 417/170/364 418/170/364 419/170/364
f 416/170/365 393/170/365 418/170/365
f 419/170/366 420/170/366 421/170/366
f 418/170/367 395/170/367 420/170/367
f 421/170/368 422/170/368 423/170/368
f 420/170/369 397/170/369 422/170/369
f 423/170/370 424/170/370 425/170/370
f 422/170/371 399/170/371 424/170/371
f 425/170/372 426/170/372 427/170/372
f 424/170/373 401/170/373 426/170/373
f 426/170/374 429/170/374 427/170/374
f 450/170/375 427/170/375 428/170/375
f 427/170/376 430/170/376 428/170/376
f 429/170/377 432/170/377 430/170/377
f 428/170/134 431/170/134 453/170/134
f 430/170/126 433/170/126 431/170/126
f 432/170/124 435/170/124 433/170/124
f 407/170/378 434/170/378 432/170/378
f 434/170/123 437/170/123 435/170/123
f 409/170/379 436/170/379 434/170/379
f 436/170/122 439/170/122 437/170/122
f 411/170/380 438/170/380 436/170/380
f 438/170/102 441/170/102 439/170/102
f 413/170/381 440/170/381 438/170/381
f 441/170/103 442/170/103 443/170/103
f 440/170/382 417/170/382 442/170/382
f 443/170/383 444/170/383 445/170/383
f 442/170/384 419/170/384 444/170/384
f 445/170/385 446/170/385 447/170/385
f 444/170/386 421/170/386 446/170/386
f 447/170/138 448/170/138 449/170/138
f 446/170/387 423/170/387 448/170/387
f 449/170/136 450/170/136 451/170/136
f 448/170/388 425/170/388 450/170/388
f 451/170/135 428/170/135 453/170/135
f 449/170/137 452/170/137 474/170/137
f 451/170/133 454/170/133 452/170/133
f 454/170/131 431/170/131 456/170/131
f 452/170/132 455/170/132 477/170/132
f 455/170/130 456/170/130 457/170/130
f 457/170/129 458/170/129 459/170/129
f 456/170/127 433/170/127 458/170/127
f 459/170/128 460/170/128 461/170/128
f 458/170/125 435/170/125 460/170/125
f 461/170/119 462/170/119 463/170/119
f 460/170/121 437/170/121 462/170/121
f 463/170/117 464/170/117 465/170/117
f 462/170/120 439/170/120 464/170/120
f 465/170/106 466/170/106 467/170/106
f 464/170/101 441/170/101 466/170/101
f 466/170/105 469/170/105 467/170/105
f 441/170/104 468/170/104 466/170/104
f 468/170/108 471/170/108 469/170/108
f 443/170/107 470/170/107 468/170/107
f 470/170/142 473/170/142 471/170/142
f 445/170/143 472/170/143 470/170/143
f 472/170/141 475/170/141 473/170/141
f 447/170/139 474/170/139 472/170/139
f 474/170/140 477/170/140 475/170/140
f 473/170/144 476/170/144 498/170/144
f 475/170/172 478/170/172 476/170/172
f 477/170/170 480/170/170 478/170/170
f 476/170/171 479/170/171 501/170/171
f 478/170/169 481/170/169 479/170/169
f 481/170/167 482/170/167 483/170/167
f 480/170/168 457/170/168 482/170/168
f 483/170/165 484/170/165 485/170/165
f 482/170/166 459/170/166 484/170/166
f 485/170/163 486/170/163 487/170/163
f 484/170/164 461/170/164 486/170/164
f 487/170/161 488/170/161 489/170/161
f 486/170/118 463/170/118 488/170/118
f 489/170/115 490/170/115 491/170/115
f 488/170/116 465/170/116 490/170/116
f 491/170/113 492/170/113 493/170/113
f 490/170/114 467/170/114 492/170/114
f 492/170/112 495/170/112 493/170/112
f 467/170/110 494/170/110 492/170/110
f 494/170/111 497/170/111 495/170/111
f 469/170/109 496/170/109 494/170/109
f 496/170/147 499/170/147 497/170/147
f 471/170/145 498/170/145 496/170/145
f 498/170/146 501/170/146 499/170/146
f 497/170/149 500/170/149 522/170/149
f 499/170/148 502/170/148 500/170/148
f 501/170/174 504/170/174 502/170/174
f 500/170/177 503/170/177 525/170/177
f 502/170/176 505/170/176 503/170/176
f 504/170/175 507/170/175 505/170/175
f 479/170/173 506/170/173 504/170/173
f 507/170/199 508/170/199 509/170/199
f 506/170/200 483/170/200 508/170/200
f 509/170/197 510/170/197 511/170/197
f 508/170/198 485/170/198 510/170/198
f 511/170/195 512/170/195 513/170/195
f 510/170/162 487/170/162 512/170/162
f 513/170/159 514/170/159 515/170/159
f 512/170/160 489/170/160 514/170/160
f 515/170/157 516/170/157 517/170/157
f 514/170/158 491/170/158 516/170/158
f 517/170/155 518/170/155 519/170/155
f 516/170/156 493/170/156 518/170/156
f 518/170/153 521/170/153 519/170/153
f 493/170/154 520/170/154 518/170/154
f 520/170/152 523/170/152 521/170/152
f 495/170/150 522/170/150 520/170/150
f 522/170/151 525/170/151 523/170/151
f 521/170/184 524/170/184 546/170/184
f 523/170/180 526/170/180 524/170/180
f 525/170/179 528/170/179 526/170/179
f 524/170/182 527/170/182 549/170/182
f 526/170/181 529/170/181 527/170/181
f 528/170/205 531/170/205 529/170/205
f 503/170/178 530/170/178 528/170/178
f 530/170/204 533/170/204 531/170/204
f 505/170/202 532/170/202 530/170/202
f 533/170/203 534/170/203 535/170/203
f 532/170/201 509/170/201 534/170/201
f 535/170/227 536/170/227 537/170/227
f 534/170/196 511/170/196 536/170/196
f 537/170/193 538/170/193 539/170/193
f 536/170/194 513/170/194 538/170/194
f 539/170/191 540/170/191 541/170/191
f 538/170/192 515/170/192 540/170/192
f 541/170/189 542/170/189 543/170/189
f 540/170/190 517/170/190 542/170/190
f 543/170/187 544/170/187 545/170/187
f 542/170/188 519/170/188 544/170/188
f 544/170/185 547/170/185 545/170/185
f 519/170/186 546/170/186 544/170/186
f 546/170/183 549/170/183 547/170/183
f 545/170/216 548/170/216 570/170/216
f 547/170/214 550/170/214 548/170/214
f 549/170/212 552/170/212 550/170/212
f 548/170/213 551/170/213 573/170/213
f 550/170/211 553/170/211 551/170/211
f 552/170/210 555/170/210 553/170/210
f 527/170/208 554/170/208 552/170/208
f 554/170/209 557/170/209 555/170/209
f 529/170/207 556/170/207 554/170/207
f 556/170/230 559/170/230 557/170/230
f 531/170/206 558/170/206 556/170/206
f 559/170/229 560/170/229 561/170/229
f 558/170/228 535/170/228 560/170/228
f 561/170/225 562/170/225 563/170/225
f 560/170/226 537/170/226 562/170/226
f 563/170/223 564/170/223 565/170/223
f 562/170/224 539/170/224 564/170/224
f 565/170/221 566/170/221 567/170/221
f 564/170/222 541/170/222 566/170/222
f 567/170/219 568/170/219 569/170/219
f 566/170/220 543/170/220 568/170/220
f 569/170/217 570/170/217 571/170/217
f 568/170/218 545/170/218 570/170/218
f 570/170/215 573/170/215 571/170/215
f 594/170/245 571/170/245 572/170/245
f 571/170/243 574/170/243 572/170/243
f 573/170/241 576/170/241 574/170/241
f 572/170/242 575/170/242 597/170/242
f 574/170/240 577/170/240 575/170/240
f 576/170/238 579/170/238 577/170/238
f 551/170/239 578/170/239 576/170/239
f 578/170/236 581/170/236 579/170/236
f 553/170/237 580/170/237 578/170/237
f 580/170/235 583/170/235 581/170/235
f 555/170/233 582/170/233 580/170/233
f 582/170/234 585/170/234 583/170/234
f 557/170/232 584/170/232 582/170/232
f 585/170/254 586/170/254 587/170/254
f 584/170/231 561/170/231 586/170/231
f 587/170/252 588/170/252 589/170/252
f 586/170/253 563/170/253 588/170/253
f 589/170/250 590/170/250 591/170/250
f 588/170/251 565/170/251 590/170/251
f 591/170/248 592/170/248 593/170/248
f 590/170/249 567/170/249 592/170/249
f 593/170/246 594/170/246 595/170/246
f 592/170/247 569/170/247 594/170/247
f 595/170/244 572/170/244 597/170/244
f 593/170/273 596/170/273 618/170/273
f 595/170/271 598/170/271 596/170/271
f 598/170/269 575/170/269 600/170/269
f 596/170/270 599/170/270 621/170/270
f 599/170/268 600/170/268 601/170/268
f 601/170/266 602/170/266 603/170/266
f 600/170/267 577/170/267 602/170/267
f 603/170/264 604/170/264 605/170/264
f 602/170/265 579/170/265 604/170/265
f 605/170/262 606/170/262 607/170/262
f 604/170/263 581/170/263 606/170/263
f 607/170/260 608/170/260 609/170/260
f 606/170/261 583/170/261 608/170/261
f 609/170/259 610/170/259 611/170/259
f 608/170/257 585/170/257 610/170/257
f 610/170/258 613/170/258 611/170/258
f 585/170/256 612/170/256 610/170/256
f 612/170/278 615/170/278 613/170/278
f 587/170/255 614/170/255 612/170/255
f 614/170/276 617/170/276 615/170/276
f 589/170/277 616/170/277 614/170/277
f 616/170/274 619/170/274 617/170/274
f 591/170/275 618/170/275 616/170/275
f 618/170/272 621/170/272 619/170/272
f 617/170/301 620/170/301 642/170/301
f 619/170/299 622/170/299 620/170/299
f 621/170/297 624/170/297 622/170/297
f 620/170/298 623/170/298 645/170/298
f 622/170/296 625/170/296 623/170/296
f 625/170/294 626/170/294 627/170/294
f 624/170/295 601/170/295 626/170/295
f 627/170/292 628/170/292 629/170/292
f 626/170/293 603/170/293 628/170/293
f 629/170/290 630/170/290 631/170/290
f 628/170/291 605/170/291 630/170/291
f 631/170/288 632/170/288 633/170/288
f 630/170/289 607/170/289 632/170/289
f 633/170/286 634/170/286 635/170/286
f 632/170/287 609/170/287 634/170/287
f 635/170/284 636/170/284 637/170/284
f 634/170/285 611/170/285 636/170/285
f 636/170/283 639/170/283 637/170/283
f 611/170/281 638/170/281 636/170/281
f 638/170/282 641/170/282 639/170/282
f 613/170/280 640/170/280 638/170/280
f 640/170/302 643/170/302 641/170/302
f 615/170/279 642/170/279 640/170/279
f 642/170/300 645/170/300 643/170/300
f 641/170/304 644/170/304 666/170/304
f 643/170/303 646/170/303 644/170/303
f 645/170/325 648/170/325 646/170/325
f 644/170/326 647/170/326 669/170/326
f 646/170/324 649/170/324 647/170/324
f 648/170/322 651/170/322 649/170/322
f 623/170/323 650/170/323 648/170/323
f 651/170/320 652/170/320 653/170/320
f 650/170/321 627/170/321 652/170/321
f 653/170/318 654/170/318 655/170/318
f 652/170/319 629/170/319 654/170/319
f 655/170/316 656/170/316 657/170/316
f 654/170/317 631/170/317 656/170/317
f 657/170/314 658/170/314 659/170/314
f 656/170/315 633/170/315 658/170/315
f 659/170/312 660/170/312 661/170/312
f 658/170/313 635/170/313 660/170/313
f 661/170/310 662/170/310 663/170/310
f 660/170/311 637/170/311 662/170/311
f 662/170/308 665/170/308 663/170/308
f 637/170/309 664/170/309 662/170/309
f 664/170/307 667/170/307 665/170/307
f 639/170/305 666/170/305 664/170/305
f 666/170/306 669/170/306 667/170/306
f 665/170/333 668/170/333 690/170/333
f 667/170/329 670/170/329 668/170/329
f 669/170/328 672/170/328 670/170/328
f 668/170/331 671/170/331 693/170/331
f 670/170/330 673/170/330 671/170/330
f 672/170/350 675/170/350 673/170/350
f 647/170/327 674/170/327 672/170/327
f 674/170/348 677/170/348 675/170/348
f 649/170/349 676/170/349 674/170/349
f 677/170/346 678/170/346 679/170/346
f 676/170/347 653/170/347 678/170/347
f 679/170/344 680/170/344 681/170/344
f 678/170/345 655/170/345 680/170/345
f 681/170/342 682/170/342 683/170/342
f 680/170/343 657/170/343 682/170/343
f 683/170/340 684/170/340 685/170/340
f 682/170/341 659/170/341 684/170/341
f 685/170/338 686/170/338 687/170/338
f 684/170/339 661/170/339 686/170/339
f 687/170/336 688/170/336 689/170/336
f 686/170/337 663/170/337 688/170/337
f 688/170/334 691/170/334 689/170/334
f 663/170/335 690/170/335 688/170/335
f 690/170/332 693/170/332 691/170/332
f 689/170/361 692/170/361 714/170/361
f 691/170/359 694/170/359 692/170/359
f 693/170/357 696/170/357 694/170/357
f 692/170/358 695/170/358 716/170/358
f 694/170/356 697/170/356 695/170/356
f 696/170/355 699/170/355 697/170/355
f 671/170/353 698/170/353 696/170/353
f 698/170/354 701/170/354 699/170/354
f 673/170/352 700/170/352 698/170/352
f 700/170/374 703/170/374 701/170/374
f 675/170/351 702/170/351 700/170/351
f 703/170/372 704/170/372 705/170/372
f 702/170/373 679/170/373 704/170/373
f 705/170/370 706/170/370 707/170/370
f 704/170/371 681/170/371 706/170/371
f 707/170/368 708/170/368 709/170/368
f 706/170/369 683/170/369 708/170/369
f 709/170/366 710/170/366 711/170/366
f 708/170/367 685/170/367 710/170/367
f 711/170/364 712/170/364 713/170/364
f 710/170/365 687/170/365 712/170/365
f 713/170/362 714/170/362 715/170/362
f 712/170/363 689/170/363 714/170/363
f 714/170/360 716/170/360 715/170/360
f 718/170/382 715/170/382 149/170/382
f 715/170/381 717/170/381 149/170/381
f 716/170/380 172/170/380 717/170/380
f 719/170/384 713/170/384 718/170/384
f 721/170/383 718/170/383 150/170/383
f 720/170/386 711/170/386 719/170/386
f 191/170/385 719/170/385 721/170/385
f 190/170/387 709/170/387 720/170/387
f 188/170/388 707/170/388 190/170/388
f 186/170/375 705/170/375 188/170/375
f 701/170/376 186/170/376 722/170/376
f 699/170/377 722/170/377 176/170/377
f 697/170/378 176/170/378 174/170/378
f 695/170/379 174/170/379 172/170/379
f 724/171/389 726/172/389 727/173/389
f 730/174/390 723/175/390 724/176/390
f 728/177/391 723/175/391 725/178/391
f 729/179/392 726/172/392 728/177/392
f 728/177/393 730/180/393 729/181/393
f 731/182/394 730/180/394 734/183/394
f 731/184/71 727/185/71 729/179/71
f 731/186/395 738/187/395 732/188/395
f 734/183/396 733/189/396 731/182/396
f 736/190/397 735/191/397 734/192/397
f 730/174/67 736/193/67 734/194/67
f 732/188/398 737/195/398 736/190/398
f 727/173/4 736/196/4 724/171/4
f 738/187/399 735/191/399 737/195/399
f 739/197/400 743/198/400 742/199/400
f 856/200/71 857/201/71 814/202/71
f 741/203/401 742/204/401 744/205/401
f 742/206/402 747/207/402 745/208/402
f 742/206/403 748/209/403 744/210/403
f 749/211/404 745/208/404 746/212/404
f 868/213/405 745/208/405 747/207/405
f 751/214/406 748/209/406 749/211/406
f 744/210/407 750/215/407 753/216/407
f 872/217/408 750/218/408 751/214/408
f 753/219/409 752/220/409 754/221/409
f 756/222/410 753/223/410 754/224/410
f 755/225/411 744/205/411 753/223/411
f 757/226/412 754/224/412 759/227/412
f 758/228/413 759/227/413 760/229/413
f 759/230/414 763/231/414 760/232/414
f 754/233/415 761/234/415 759/235/415
f 762/236/416 752/237/416 872/217/416
f 764/238/417 761/239/417 762/236/417
f 766/240/418 763/241/418 764/238/418
f 760/242/419 765/243/419 768/244/419
f 871/245/420 765/246/420 766/240/420
f 768/247/421 767/248/421 769/249/421
f 771/250/422 768/251/422 769/252/422
f 770/253/423 760/229/423 768/251/423
f 772/254/424 769/252/424 774/255/424
f 773/256/425 774/255/425 775/257/425
f 775/258/426 776/259/426 778/260/426
f 769/261/427 776/259/427 774/262/427
f 777/263/428 767/264/428 871/245/428
f 777/263/429 778/260/429 776/259/429
f 779/265/430 780/266/430 778/267/430
f 783/268/431 778/267/431 780/266/431
f 781/269/432 782/270/432 780/266/432
f 784/271/433 780/266/433 782/270/433
f 786/272/434 783/273/434 784/274/434
f 785/275/435 775/257/435 783/273/435
f 787/276/436 784/274/436 789/277/436
f 788/278/437 789/277/437 790/279/437
f 790/280/438 791/281/438 793/282/438
f 789/283/439 782/284/439 791/285/439
f 870/286/440 791/285/440 782/284/440
f 792/287/441 793/282/441 791/281/441
f 794/288/442 795/289/442 793/290/442
f 798/291/443 793/290/443 795/289/443
f 796/292/444 797/293/444 795/294/444
f 799/295/445 795/294/445 797/293/445
f 801/296/446 798/297/446 799/298/446
f 800/299/447 790/279/447 798/297/447
f 802/300/448 799/298/448 804/301/448
f 808/302/449 802/300/449 804/301/449
f 804/303/450 797/304/450 805/305/450
f 805/306/451 807/307/451 804/308/451
f 807/307/452 808/309/452 806/310/452
f 808/311/453 811/312/453 809/313/453
f 812/314/454 808/315/454 809/316/454
f 809/317/455 819/318/455 810/319/455
f 813/320/456 809/321/456 810/322/456
f 814/323/457 810/324/457 816/325/457
f 815/326/458 814/327/458 816/328/458
f 816/329/459 818/330/459 817/331/459
f 810/332/460 818/333/460 816/334/460
f 818/330/461 820/335/461 822/336/461
f 819/337/462 820/335/462 818/333/462
f 821/338/463 823/339/463 824/340/463
f 831/341/464 820/335/464 821/338/464
f 824/340/465 825/342/465 826/343/465
f 811/344/466 823/345/466 819/318/466
f 826/343/467 827/346/467 828/347/467
f 807/348/468 825/349/468 811/312/468
f 828/347/469 805/306/469 829/350/469
f 872/217/67 751/214/67 794/288/67
f 830/351/470 805/305/470 797/304/470
f 847/352/471 822/353/471 831/341/471
f 833/354/472 832/355/472 834/356/472
f 836/357/473 833/358/473 834/359/473
f 834/360/474 845/361/474 835/362/474
f 837/363/475 834/359/475 835/364/475
f 838/365/476 835/364/476 840/366/476
f 839/367/477 840/366/477 841/368/477
f 841/369/478 842/370/478 844/371/478
f 835/372/479 842/370/479 840/373/479
f 843/374/480 845/375/480 846/376/480
f 843/374/481 844/371/481 842/370/481
f 846/376/482 832/377/482 847/352/482
f 848/378/483 849/379/483 844/371/483
f 852/380/484 844/371/484 849/379/484
f 850/381/485 851/382/485 849/383/485
f 853/384/486 849/383/486 851/382/486
f 855/385/487 852/386/487 853/387/487
f 854/388/488 841/368/488 852/386/488
f 856/389/489 853/387/489 858/390/489
f 857/391/490 858/390/490 859/392/490
f 859/393/491 860/394/491 862/395/491
f 858/396/492 851/397/492 860/394/492
f 869/398/493 860/394/493 851/397/493
f 861/399/494 862/395/494 860/394/494
f 863/400/495 864/401/495 862/395/495
f 866/402/496 862/395/496 864/401/496
f 865/403/497 747/404/497 864/401/497
f 743/405/498 864/401/498 747/404/498
f 740/406/499 866/407/499 743/198/499
f 867/408/500 859/392/500 866/407/500
f 873/409/501 880/410/501 874/411/501
f 873/409/502 878/412/502 876/413/502
f 877/414/503 873/409/503 876/413/503
f 879/415/504 876/413/504 878/412/504
f 879/416/505 874/411/505 880/417/505
f 880/418/71 881/419/71 879/420/71
f 879/415/506 884/421/506 877/422/506
f 883/423/71 882/424/71 881/419/71
f 881/419/506 886/425/506 884/421/506
f 877/426/67 885/427/67 875/428/67
f 884/421/67 888/429/67 885/427/67
f 882/424/507 887/430/507 886/425/507
f 888/429/508 887/430/508 889/431/508
f 889/432/509 890/433/509 888/434/509
f 890/433/510 885/435/510 888/434/510
f 890/436/511 893/437/511 882/424/511
f 891/438/512 894/439/512 893/437/512
f 892/440/513 889/432/513 898/441/513
f 887/430/514 894/439/514 896/442/514
f 894/439/515 897/443/515 896/442/515
f 892/444/71 895/445/71 894/439/71
f 898/446/516 897/443/516 899/447/516
f 889/431/517 896/442/517 898/446/517
f 899/448/518 892/440/518 898/441/518
f 902/449/518 899/448/518 900/450/518
f 899/447/519 906/451/519 900/452/519
f 901/453/71 904/454/71 895/445/71
f 902/455/520 905/456/520 904/457/520
f 908/458/521 902/455/521 900/459/521
f 907/460/522 904/461/522 905/456/522
f 895/445/515 906/451/515 897/443/515
f 906/462/523 908/458/523 900/459/523
f 907/460/524 903/463/524 908/458/524
f 883/464/510 875/465/510 885/435/510
f 909/466/525 915/467/525 913/468/525
f 910/469/526 911/470/526 927/471/526
f 909/466/527 931/472/527 911/470/527
f 912/473/528 913/468/528 914/474/528
f 914/474/529 913/468/529 916/475/529
f 916/475/530 913/468/530 915/467/530
f 916/475/531 915/467/531 921/476/531
f 916/475/532 917/477/532 914/474/532
f 916/475/533 918/478/533 917/477/533
f 916/475/534 919/479/534 918/478/534
f 916/475/535 920/480/535 919/479/535
f 916/475/536 921/476/536 920/480/536
f 923/481/537 921/476/537 922/482/537
f 922/482/538 915/467/538 910/469/538
f 922/482/539 925/483/539 923/481/539
f 910/469/540 924/484/540 922/482/540
f 924/484/541 938/485/541 925/483/541
f 927/471/542 926/486/542 924/484/542
f 927/471/543 929/487/543 928/488/543
f 911/470/544 930/489/544 929/487/544
f 931/472/545 932/490/545 930/489/545
f 935/491/546 932/490/546 933/492/546
f 937/493/547 934/494/547 935/491/547
f 925/483/548 936/495/548 937/493/548
f 923/481/549 937/493/549 939/496/549
f 940/497/550 937/493/550 935/491/550
f 940/497/551 919/479/551 939/496/551
f 939/496/552 920/480/552 923/481/552
f 940/497/553 917/477/553 918/478/553
f 941/498/554 935/491/554 933/492/554
f 941/498/555 914/474/555 917/477/555
f 912/473/556 933/492/556 931/472/556
f 944/499/71 943/500/71 942/501/71
f 946/502/71 945/503/71 944/499/71
f 948/504/71 947/505/71 946/506/71
f 950/507/71 949/508/71 948/504/71
f 952/509/71 951/510/71 950/507/71
f 954/511/71 953/512/71 952/509/71
f 956/513/71 955/514/71 954/511/71
f 958/515/71 957/516/71 956/513/71
f 960/517/71 959/518/71 958/515/71
f 962/519/71 961/520/71 960/517/71
f 963/521/71 965/522/71 961/520/71
f 964/523/71 967/524/71 965/525/71
f 966/526/71 969/527/71 967/524/71
f 968/528/71 971/529/71 969/527/71
f 970/530/71 973/531/71 971/529/71
f 972/532/71 975/533/71 973/531/71
f 974/534/71 977/535/71 975/533/71
f 976/536/71 979/537/71 977/535/71
f 978/538/71 981/539/71 979/537/71
f 979/537/71 982/540/71 983/541/71
f 983/541/71 984/542/71 985/543/71
f 985/543/71 986/544/71 987/545/71
f 987/545/71 988/546/71 989/547/71
f 989/547/71 990/548/71 991/549/71
f 991/549/71 992/550/71 993/551/71
f 993/551/71 994/552/71 995/553/71
f 995/554/71 996/555/71 997/556/71
f 997/556/71 998/557/71 999/558/71
f 1002/559/71 999/558/71 1000/560/71
f 1003/561/71 1000/560/71 1001/562/71
f 1005/563/71 1002/559/71 1003/561/71
f 1004/564/71 997/556/71 1002/559/71
f 1007/565/71 1004/566/71 1005/567/71
f 1006/568/71 995/553/71 1004/566/71
f 1009/569/71 1006/568/71 1007/565/71
f 1008/570/71 993/551/71 1006/568/71
f 1011/571/71 1008/570/71 1009/569/71
f 1010/572/71 991/549/71 1008/570/71
f 1013/573/71 1010/572/71 1011/571/71
f 1012/574/71 989/547/71 1010/572/71
f 1015/575/71 1012/574/71 1013/573/71
f 1014/576/71 987/545/71 1012/574/71
f 1017/577/71 1014/576/71 1015/575/71
f 1016/578/71 985/543/71 1014/576/71
f 975/533/71 1016/578/71 1017/577/71
f 977/535/71 983/541/71 1016/578/71
f 973/531/71 1017/577/71 1018/579/71
f 1018/579/71 1015/575/71 1020/580/71
f 971/529/71 1018/579/71 1019/581/71
f 1019/581/71 1020/580/71 1021/582/71
f 1021/582/71 1022/583/71 1023/584/71
f 1020/580/71 1013/573/71 1022/583/71
f 1023/584/71 1024/585/71 1025/586/71
f 1022/583/71 1011/571/71 1024/585/71
f 1025/586/71 1026/587/71 1027/588/71
f 1024/585/71 1009/569/71 1026/587/71
f 1027/588/71 1028/589/71 1029/590/71
f 1026/587/71 1007/565/71 1028/589/71
f 1029/590/71 1030/591/71 1031/592/71
f 1028/589/71 1005/567/71 1030/591/71
f 1031/593/71 1032/594/71 1033/595/71
f 1030/596/71 1003/561/71 1032/594/71
f 1033/595/71 1034/597/71 1035/598/71
f 1032/594/71 1001/562/71 1034/597/71
f 1038/599/71 1035/598/71 1036/600/71
f 1039/601/71 1036/600/71 1037/602/71
f 1041/603/71 1038/599/71 1039/601/71
f 1040/604/71 1033/595/71 1038/599/71
f 1043/605/71 1040/606/71 1041/607/71
f 1042/608/71 1031/592/71 1040/606/71
f 1045/609/71 1042/608/71 1043/605/71
f 1044/610/71 1029/590/71 1042/608/71
f 1047/611/71 1044/610/71 1045/609/71
f 1046/612/71 1027/588/71 1044/610/71
f 1049/613/71 1046/612/71 1047/611/71
f 1048/614/71 1025/586/71 1046/612/71
f 1051/615/71 1048/614/71 1049/613/71
f 1050/616/71 1023/584/71 1048/614/71
f 1053/617/71 1050/616/71 1051/615/71
f 1052/618/71 1021/582/71 1050/616/71
f 967/524/71 1052/618/71 1053/617/71
f 969/527/71 1019/581/71 1052/618/71
f 965/525/71 1053/617/71 1054/619/71
f 1054/619/71 1051/615/71 1055/620/71
f 961/520/71 1054/621/71 959/518/71
f 959/518/71 1055/622/71 957/516/71
f 957/516/71 1056/623/71 955/514/71
f 1055/620/71 1049/613/71 1056/624/71
f 955/514/71 1057/625/71 953/512/71
f 1056/624/71 1047/611/71 1057/626/71
f 953/512/71 1058/627/71 951/510/71
f 1057/626/71 1045/609/71 1058/628/71
f 951/510/71 1059/629/71 949/508/71
f 1058/628/71 1043/605/71 1059/630/71
f 949/508/71 1060/631/71 947/505/71
f 1059/630/71 1041/607/71 1060/632/71
f 947/633/71 1061/634/71 945/503/71
f 1060/635/71 1039/601/71 1061/636/71
f 945/503/71 1062/637/71 943/500/71
f 1061/636/71 1037/602/71 1062/638/71
f 1064/639/557 1065/640/557 1095/641/557
f 1086/642/558 1063/643/558 1064/639/558
f 1069/644/559 1063/643/559 1067/645/559
f 1067/645/560 1066/646/560 1068/647/560
f 1070/648/561 1067/645/561 1068/647/561
f 1069/644/562 1067/645/562 1070/648/562
f 1075/649/563 1069/644/563 1070/648/563
f 1068/647/564 1071/650/564 1070/648/564
f 1071/650/565 1072/651/565 1070/648/565
f 1072/651/566 1073/652/566 1070/648/566
f 1073/652/567 1074/653/567 1070/648/567
f 1074/653/568 1075/649/568 1070/648/568
f 1076/654/569 1069/644/569 1075/649/569
f 1078/655/570 1075/649/570 1074/653/570
f 1076/654/571 1079/656/571 1077/657/571
f 1065/640/572 1077/657/572 1095/641/572
f 1078/655/573 1081/658/573 1079/656/573
f 1080/659/574 1074/653/574 1073/652/574
f 1081/658/575 1082/660/575 1083/661/575
f 1082/660/576 1073/652/576 1072/651/576
f 1083/661/577 1084/662/577 1085/663/577
f 1071/650/578 1082/660/578 1072/651/578
f 1085/663/579 1066/646/579 1086/642/579
f 1068/647/580 1084/662/580 1071/650/580
f 1087/664/581 1086/642/581 1088/665/581
f 1083/661/582 1087/664/582 1089/666/582
f 1081/658/583 1089/666/583 1090/667/583
f 1079/656/584 1090/667/584 1091/668/584
f 1077/657/585 1091/668/585 1092/669/585
f 1095/641/586 1092/669/586 1093/670/586
f 1094/671/587 1095/641/587 1093/670/587
f 1088/665/588 1064/639/588 1094/671/588
f 1096/672/589 1434/673/589 1097/674/589
f 1096/672/590 1101/675/590 1100/676/590
f 1096/672/591 1397/677/591 1098/678/591
f 1102/679/592 1096/672/592 1100/676/592
f 1100/680/593 1101/681/593 1103/682/593
f 1103/683/594 1102/684/594 1100/685/594
f 1105/686/595 1104/687/595 1103/682/595
f 1106/688/596 1104/689/596 1108/690/596
f 1101/681/597 1105/686/597 1103/682/597
f 1106/688/598 1102/684/598 1103/683/598
f 1107/691/599 1108/690/599 1192/692/599
f 1112/693/600 1106/688/600 1107/691/600
f 1111/694/601 1110/695/601 1109/696/601
f 1110/697/602 1102/684/602 1109/698/602
f 1113/699/603 1109/696/603 1112/700/603
f 1114/701/604 1113/699/604 1112/700/604
f 1117/702/605 1112/693/605 1107/691/605
f 1353/703/606 1114/701/606 1116/704/606
f 1116/704/607 1117/702/607 1119/705/607
f 1118/706/608 1107/691/608 1192/692/608
f 1118/706/609 1119/705/609 1117/702/609
f 1120/707/610 1116/704/610 1119/705/610
f 1123/708/611 1119/705/611 1121/709/611
f 1190/710/612 1121/709/612 1118/706/612
f 1127/711/613 1121/709/613 1122/712/613
f 1123/708/614 1124/713/614 1125/714/614
f 1124/715/615 1159/716/615 1125/717/615
f 1124/715/616 1129/718/616 1126/719/616
f 1128/720/617 1122/721/617 1176/722/617
f 1127/723/618 1130/724/618 1129/718/618
f 1126/719/619 1131/725/619 1133/726/619
f 1131/725/620 1130/724/620 1132/727/620
f 1134/728/621 1132/727/621 1137/729/621
f 1133/726/622 1134/728/622 1136/730/622
f 1153/731/623 1134/728/623 1135/732/623
f 1138/733/624 1134/728/624 1137/729/624
f 1138/733/625 1139/734/625 1140/735/625
f 1137/729/626 1141/736/626 1139/734/626
f 1140/735/627 1142/737/627 1144/738/627
f 1142/737/628 1139/734/628 1141/736/628
f 1141/736/629 1143/739/629 1142/737/629
f 1142/737/630 1145/740/630 1144/738/630
f 1145/740/631 1146/741/631 1144/738/631
f 1140/735/632 1146/741/632 1138/733/632
f 1147/742/633 1148/743/633 1146/741/633
f 1138/733/634 1148/743/634 1135/732/634
f 1149/744/635 1150/745/635 1148/743/635
f 1153/731/636 1148/743/636 1150/745/636
f 1150/745/71 1157/746/71 1151/747/71
f 1150/745/637 1154/748/637 1153/731/637
f 1154/748/638 1136/730/638 1153/731/638
f 1156/749/639 1155/750/639 1154/748/639
f 1151/747/640 1156/749/640 1154/748/640
f 1125/717/641 1157/746/641 1161/751/641
f 1156/749/4 1159/716/4 1158/752/4
f 1158/752/642 1160/753/642 1155/750/642
f 1160/753/643 1126/719/643 1133/726/643
f 1133/726/4 1155/750/4 1160/753/4
f 1157/746/644 1163/754/644 1161/751/644
f 1162/755/645 1123/708/645 1161/756/645
f 1125/714/646 1161/756/646 1123/708/646
f 1164/757/647 1161/751/647 1163/754/647
f 1163/754/648 1166/758/648 1164/757/648
f 1152/759/649 1165/760/649 1163/754/649
f 1167/761/650 1166/758/650 1165/760/650
f 1149/744/651 1167/761/651 1165/760/651
f 1169/762/652 1168/763/652 1167/761/652
f 1145/740/653 1167/761/653 1147/742/653
f 1171/764/654 1170/765/654 1169/762/654
f 1143/739/655 1169/762/655 1145/740/655
f 1171/764/656 1174/766/656 1172/767/656
f 1175/768/657 1171/764/657 1143/739/657
f 1176/722/658 1173/769/658 1128/720/658
f 1130/724/659 1173/769/659 1175/768/659
f 1132/727/660 1175/768/660 1141/736/660
f 1174/770/661 1179/771/661 1177/772/661
f 1172/773/662 1177/772/662 1178/774/662
f 1182/775/663 1177/772/663 1180/776/663
f 1180/776/664 1179/771/664 1181/777/664
f 1181/777/665 1166/758/665 1180/776/665
f 1180/776/666 1168/763/666 1182/775/666
f 1168/763/667 1183/778/667 1182/775/667
f 1182/775/668 1183/778/668 1178/774/668
f 1170/765/669 1178/774/669 1183/778/669
f 1181/777/670 1162/779/670 1164/757/670
f 1181/777/671 1186/780/671 1184/781/671
f 1184/782/672 1187/783/672 1185/784/672
f 1270/785/673 1184/782/673 1185/784/673
f 1187/783/674 1188/786/674 1189/787/674
f 1188/786/675 1122/712/675 1190/710/675
f 1122/788/676 1179/771/676 1176/789/676
f 1188/786/677 1191/790/677 1189/787/677
f 1190/710/678 1192/692/678 1191/790/678
f 1192/692/679 1193/791/679 1191/790/679
f 1191/790/680 1195/792/680 1189/787/680
f 1108/690/681 1194/793/681 1193/791/681
f 1195/792/682 1194/793/682 1196/794/682
f 1197/795/683 1196/794/683 1199/796/683
f 1189/787/684 1197/795/684 1187/783/684
f 1197/795/685 1200/797/685 1198/798/685
f 1187/783/686 1198/798/686 1185/784/686
f 1201/799/687 1200/800/687 1199/801/687
f 1196/802/688 1201/799/688 1199/801/688
f 1204/803/689 1202/804/689 1201/799/689
f 1201/799/690 1206/805/690 1204/803/690
f 1204/803/691 1523/806/691 1205/807/691
f 1208/808/692 1204/803/692 1205/807/692
f 1209/809/693 1208/808/693 1499/810/693
f 1202/804/694 1207/811/694 1210/812/694
f 1210/812/695 1209/809/695 1212/813/695
f 1202/804/696 1211/814/696 1200/800/696
f 1210/812/697 1213/815/697 1211/814/697
f 1213/815/698 1214/816/698 1215/817/698
f 1212/813/699 1218/818/699 1214/816/699
f 1215/817/700 1216/819/700 1275/820/700
f 1216/819/701 1217/821/701 1338/822/701
f 1217/821/702 1214/816/702 1218/818/702
f 1218/818/703 1499/810/703 1219/823/703
f 1222/824/704 1218/818/704 1219/823/704
f 1220/825/705 1217/821/705 1218/818/705
f 1450/826/706 1220/825/706 1222/824/706
f 1223/827/707 1221/828/707 1228/829/707
f 1220/825/708 1223/827/708 1224/830/708
f 1217/821/709 1225/831/709 1226/832/709
f 1225/831/710 1223/827/710 1228/829/710
f 1225/831/711 1331/833/711 1226/832/711
f 1228/829/712 1227/834/712 1225/831/712
f 1228/829/713 1230/835/713 1229/836/713
f 1229/836/714 1449/837/714 1231/838/714
f 1231/838/715 1232/839/715 1229/836/715
f 1236/840/716 1229/836/716 1232/839/716
f 1233/841/717 1227/834/717 1229/836/717
f 1233/841/718 1335/842/718 1234/843/718
f 1237/844/719 1233/841/719 1236/840/719
f 1241/845/399 1236/840/399 1240/846/399
f 1238/847/720 1239/848/720 1255/849/720
f 1241/845/721 1236/840/721 1238/847/721
f 1258/850/722 1236/840/722 1232/839/722
f 1241/845/723 1243/851/723 1237/844/723
f 1244/852/724 1241/845/724 1238/847/724
f 1245/853/725 1243/851/725 1242/854/725
f 1246/855/726 1244/852/726 1256/856/726
f 1242/854/727 1249/857/727 1245/853/727
f 1250/858/728 1242/854/728 1246/855/728
f 1334/859/729 1247/860/729 1248/861/729
f 1251/862/730 1247/860/730 1250/858/730
f 1250/858/731 1253/863/731 1251/862/731
f 1251/862/732 1254/864/732 1252/865/732
f 1252/865/733 1248/861/733 1251/862/733
f 1253/863/734 1239/848/734 1254/864/734
f 1256/856/735 1253/863/735 1246/855/735
f 1256/856/736 1238/847/736 1255/849/736
f 1252/865/737 1257/866/737 1259/867/737
f 1257/866/738 1239/848/738 1258/850/738
f 1257/866/739 1262/868/739 1260/869/739
f 1260/869/740 1259/867/740 1257/866/740
f 1264/870/741 1260/869/741 1263/871/741
f 1260/869/742 1265/872/742 1263/871/742
f 1264/870/743 1266/873/743 1269/874/743
f 1263/871/744 1265/872/744 1266/873/744
f 1266/873/745 1351/875/745 1267/876/745
f 1269/874/746 1267/876/746 1120/707/746
f 1265/872/747 1268/877/747 1266/873/747
f 1272/878/748 1269/874/748 1270/785/748
f 1269/874/749 1162/755/749 1270/785/749
f 1269/874/750 1271/879/750 1264/870/750
f 1271/879/751 1213/880/751 1215/881/751
f 1273/882/752 1215/881/752 1275/883/752
f 1273/882/753 1264/870/753 1271/879/753
f 1275/883/754 1274/884/754 1273/882/754
f 1277/885/755 1273/882/755 1274/884/755
f 1277/885/756 1278/886/756 1276/887/756
f 1276/887/757 1261/888/757 1264/870/757
f 1281/889/758 1278/886/758 1280/890/758
f 1261/888/759 1279/891/759 1259/867/759
f 1283/892/760 1280/890/760 1282/893/760
f 1285/894/761 1280/890/761 1277/885/761
f 1315/895/762 1282/893/762 1284/896/762
f 1286/897/763 1282/893/763 1285/894/763
f 1286/897/764 1287/898/764 1289/899/764
f 1274/884/765 1285/894/765 1277/885/765
f 1342/900/766 1287/898/766 1274/884/766
f 1288/901/767 1289/899/767 1287/898/767
f 1290/902/768 1291/903/768 1289/899/768
f 1289/899/769 1284/896/769 1286/897/769
f 1292/904/770 1293/905/770 1295/906/770
f 1315/895/771 1291/903/771 1292/904/771
f 1296/907/772 1293/905/772 1294/908/772
f 1294/908/773 1290/902/773 1344/909/773
f 1298/910/774 1295/906/774 1296/907/774
f 1295/906/775 1299/911/775 1292/904/775
f 1297/912/4 1301/913/4 1300/914/4
f 1302/915/4 1297/912/4 1300/914/4
f 1301/913/776 1303/916/776 1300/914/776
f 1302/915/777 1303/916/777 1305/917/777
f 1306/918/778 1304/919/778 1308/920/778
f 1305/917/779 1306/918/779 1309/921/779
f 1307/922/780 1308/920/780 1323/923/780
f 1307/922/781 1309/921/781 1306/918/781
f 1309/921/391 1313/924/391 1310/925/391
f 1310/925/782 1305/917/782 1309/921/782
f 1317/926/783 1311/927/783 1307/922/783
f 1311/927/784 1314/928/784 1313/924/784
f 1313/924/785 1299/911/785 1302/915/785
f 1310/925/786 1302/915/786 1305/917/786
f 1292/904/787 1314/928/787 1315/895/787
f 1314/928/788 1283/892/788 1315/895/788
f 1281/889/789 1312/929/789 1316/930/789
f 1312/929/4 1318/931/4 1316/930/4
f 1319/932/4 1318/931/4 1317/926/4
f 1317/926/790 1323/923/790 1319/932/790
f 1321/933/791 1320/934/791 1319/932/791
f 1319/932/792 1327/935/792 1322/936/792
f 1321/933/793 1323/923/793 1324/937/793
f 1324/937/399 1308/920/399 1325/938/399
f 1298/910/794 1324/937/794 1301/913/794
f 1301/913/795 1325/938/795 1304/919/795
f 1308/920/796 1304/919/796 1325/938/796
f 1329/939/797 1322/936/797 1327/935/797
f 1326/940/798 1318/931/798 1322/936/798
f 1328/941/799 1320/934/799 1348/942/799
f 1330/943/800 1327/935/800 1328/941/800
f 1226/832/801 1329/939/801 1330/943/801
f 1326/940/802 1331/833/802 1332/944/802
f 1332/944/803 1227/834/803 1234/843/803
f 1333/945/804 1326/940/804 1332/944/804
f 1332/944/805 1248/861/805 1333/945/805
f 1234/843/806 1334/859/806 1332/944/806
f 1335/842/807 1249/857/807 1334/859/807
f 1536/946/808 1335/842/808 1235/947/808
f 1333/945/809 1337/948/809 1336/949/809
f 1337/948/810 1318/931/810 1336/949/810
f 1316/930/811 1279/891/811 1281/889/811
f 1337/948/812 1259/867/812 1279/891/812
f 1330/943/813 1339/950/813 1338/822/813
f 1338/822/814 1226/832/814 1330/943/814
f 1339/950/815 1216/819/815 1338/822/815
f 1328/941/816 1340/951/816 1339/950/816
f 1340/951/817 1341/952/817 1339/950/817
f 1275/820/818 1341/952/818 1342/953/818
f 1342/953/819 1343/954/819 1288/955/819
f 1288/955/820 1344/909/820 1290/902/820
f 1345/956/821 1343/954/821 1340/951/821
f 1346/957/822 1344/909/822 1345/956/822
f 1348/942/823 1345/956/823 1340/951/823
f 1347/958/824 1294/908/824 1346/957/824
f 1348/942/825 1347/958/825 1346/957/825
f 1321/933/826 1296/907/826 1347/958/826
f 1349/959/827 1213/880/827 1272/878/827
f 1349/959/828 1270/785/828 1185/784/828
f 1198/798/829 1211/960/829 1349/959/829
f 1349/959/830 1185/784/830 1198/798/830
f 1350/961/831 1262/868/831 1258/850/831
f 1351/875/832 1350/961/832 1352/962/832
f 1354/963/833 1351/875/833 1352/962/833
f 1267/876/834 1353/703/834 1116/704/834
f 1115/964/835 1354/963/835 1355/965/835
f 1352/962/836 1356/966/836 1354/963/836
f 1354/963/837 1357/967/837 1355/965/837
f 1361/968/838 1356/966/838 1359/969/838
f 1359/969/839 1358/970/839 1360/971/839
f 1362/972/840 1360/971/840 1364/973/840
f 1361/968/841 1362/972/841 1363/974/841
f 1360/971/842 1365/975/842 1364/973/842
f 1366/976/843 1367/977/843 1365/975/843
f 1367/977/844 1370/978/844 1369/979/844
f 1369/979/845 1373/980/845 1371/981/845
f 1371/981/846 1375/982/846 1372/983/846
f 1370/978/847 1374/984/847 1373/980/847
f 1373/980/848 1376/985/848 1375/982/848
f 1376/985/849 1377/986/849 1375/982/849
f 1372/983/850 1377/986/850 1380/987/850
f 1377/986/851 1394/988/851 1379/989/851
f 1377/986/852 1381/990/852 1380/987/852
f 1381/990/853 1383/991/853 1382/992/853
f 1383/991/854 1384/993/854 1382/992/854
f 1385/994/855 1386/995/855 1384/993/855
f 1386/995/856 1361/968/856 1363/974/856
f 1388/996/857 1361/968/857 1387/997/857
f 1390/998/858 1387/997/858 1385/994/858
f 1389/999/859 1390/998/859 1391/1000/859
f 1355/965/860 1388/996/860 1389/999/860
f 1391/1000/861 1392/1001/861 1393/1002/861
f 1383/991/862 1390/998/862 1385/994/862
f 1393/1002/863 1394/988/863 1395/1003/863
f 1379/989/864 1392/1001/864 1383/991/864
f 1394/988/865 1397/677/865 1395/1003/865
f 1396/1004/866 1393/1002/866 1395/1003/866
f 1099/1005/867 1395/1003/867 1397/677/867
f 1397/677/868 1376/985/868 1098/678/868
f 1398/1006/869 1399/1007/869 1110/695/869
f 1399/1007/870 1099/1005/870 1102/679/870
f 1393/1002/871 1111/694/871 1391/1000/871
f 1111/694/872 1389/999/872 1391/1000/872
f 1113/699/873 1355/965/873 1389/999/873
f 1400/1008/874 1376/985/874 1374/984/874
f 1401/1009/875 1400/1008/875 1374/984/875
f 1232/839/876 1402/1010/876 1258/850/876
f 1402/1010/877 1370/978/877 1368/1011/877
f 1258/850/878 1403/1012/878 1350/961/878
f 1366/976/879 1402/1010/879 1368/1011/879
f 1350/961/880 1358/970/880 1352/962/880
f 1360/971/881 1403/1012/881 1366/976/881
f 1405/1013/882 1400/1008/882 1404/1014/882
f 1406/1015/883 1400/1008/883 1232/839/883
f 1405/1013/884 1407/1016/884 1409/1017/884
f 1404/1014/885 1408/1018/885 1407/1016/885
f 1407/1016/886 1412/1019/886 1410/1020/886
f 1409/1017/887 1410/1020/887 1411/1021/887
f 1408/1018/888 1413/1022/888 1412/1019/888
f 1416/1023/889 1413/1022/889 1414/1024/889
f 1418/1025/890 1415/1026/890 1416/1023/890
f 1418/1025/891 1419/1027/891 1417/1028/891
f 1422/1029/892 1419/1027/892 1420/1030/892
f 1422/1029/893 1423/1031/893 1421/1032/893
f 1426/1033/894 1423/1031/894 1424/1034/894
f 1428/1035/895 1425/1036/895 1426/1033/895
f 1428/1035/896 1429/1037/896 1427/1038/896
f 1432/1039/897 1429/1037/897 1430/1040/897
f 1432/1039/898 1411/1021/898 1431/1041/898
f 1405/1013/899 1432/1039/899 1433/1042/899
f 1435/1043/900 1432/1039/900 1430/1040/900
f 1435/1043/901 1434/673/901 1433/1042/901
f 1434/673/902 1405/1013/902 1433/1042/902
f 1435/1043/903 1438/1044/903 1436/1045/903
f 1437/1046/904 1430/1040/904 1428/1035/904
f 1440/1047/905 1437/1046/905 1439/1048/905
f 1439/1048/906 1428/1035/906 1426/1033/906
f 1442/1049/907 1439/1048/907 1441/1050/907
f 1439/1048/908 1424/1034/908 1441/1050/908
f 1444/1051/909 1441/1050/909 1443/1052/909
f 1441/1050/910 1422/1029/910 1443/1052/910
f 1446/1053/911 1443/1052/911 1445/1054/911
f 1445/1054/912 1422/1029/912 1420/1030/912
f 1448/1055/913 1445/1054/913 1447/1056/913
f 1447/1056/914 1420/1030/914 1418/1025/914
f 1230/835/915 1447/1056/915 1449/837/915
f 1449/837/916 1418/1025/916 1416/1023/916
f 1231/838/917 1416/1023/917 1414/1024/917
f 1450/826/918 1230/835/918 1221/828/918
f 1450/826/919 1446/1053/919 1448/1055/919
f 1451/1057/920 1222/824/920 1453/1058/920
f 1452/1059/921 1446/1053/921 1451/1057/921
f 1451/1057/922 1454/1060/922 1452/1059/922
f 1453/1058/923 1456/1061/923 1454/1060/923
f 1453/1058/924 1219/823/924 1455/1062/924
f 1455/1062/925 1460/1063/925 1457/1064/925
f 1455/1062/926 1458/1065/926 1456/1061/926
f 1457/1064/927 1521/1066/927 1458/1065/927
f 1457/1064/928 1464/1067/928 1459/1068/928
f 1460/1063/929 1461/1069/929 1457/1064/929
f 1461/1070/930 1496/1071/930 1462/1072/930
f 1461/1070/931 1466/1073/931 1464/1074/931
f 1459/1075/932 1465/1076/932 1507/1077/932
f 1464/1074/933 1467/1078/933 1465/1076/933
f 1462/1072/934 1468/1079/934 1466/1073/934
f 1467/1078/935 1468/1079/935 1469/1080/935
f 1471/1081/936 1469/1080/936 1468/1079/936
f 1470/1082/937 1471/1081/937 1468/1079/937
f 1490/1083/938 1471/1081/938 1472/1084/938
f 1471/1081/939 1475/1085/939 1474/1086/939
f 1475/1085/940 1476/1087/940 1474/1086/940
f 1478/1088/941 1474/1086/941 1476/1087/941
f 1479/1089/942 1477/1090/942 1481/1091/942
f 1478/1088/943 1476/1087/943 1479/1089/943
f 1480/1092/944 1478/1088/944 1479/1089/944
f 1482/1093/945 1479/1089/945 1481/1091/945
f 1482/1093/946 1483/1094/946 1484/1095/946
f 1477/1090/947 1483/1094/947 1481/1091/947
f 1484/1095/948 1485/1096/948 1486/1097/948
f 1475/1085/949 1485/1096/949 1483/1094/949
f 1486/1097/950 1487/1098/950 1488/1099/950
f 1485/1096/951 1490/1083/951 1487/1098/951
f 1497/1100/71 1487/1098/71 1489/1101/71
f 1487/1098/952 1491/1102/952 1489/1101/952
f 1491/1102/953 1472/1084/953 1493/1103/953
f 1492/1104/954 1493/1103/954 1494/1105/954
f 1492/1104/955 1489/1101/955 1491/1102/955
f 1494/1105/956 1495/1106/956 1496/1071/956
f 1493/1103/4 1470/1082/4 1495/1106/4
f 1462/1072/957 1495/1106/957 1470/1082/957
f 1496/1071/4 1492/1104/4 1494/1105/4
f 1463/1107/958 1497/1100/958 1492/1104/958
f 1500/1108/959 1497/1100/959 1498/1109/959
f 1499/810/960 1460/1063/960 1219/823/960
f 1502/1110/961 1498/1109/961 1499/1111/961
f 1460/1063/962 1498/1112/962 1463/1113/962
f 1503/1114/963 1500/1108/963 1502/1110/963
f 1501/1115/964 1488/1099/964 1500/1108/964
f 1503/1114/965 1504/1116/965 1505/1117/965
f 1499/1111/966 1504/1116/966 1502/1110/966
f 1505/1117/967 1506/1118/967 1508/1119/967
f 1205/1120/968 1504/1116/968 1208/1121/968
f 1509/1122/969 1506/1118/969 1507/1123/969
f 1459/1124/970 1506/1118/970 1205/1120/970
f 1511/1125/971 1508/1119/971 1509/1122/971
f 1508/1119/972 1513/1126/972 1505/1117/972
f 1515/1127/973 1510/1128/973 1511/1125/973
f 1510/1128/974 1512/1129/974 1513/1126/974
f 1514/1130/975 1505/1117/975 1513/1126/975
f 1514/1130/976 1512/1129/976 1515/1127/976
f 1517/1131/977 1514/1130/977 1515/1127/977
f 1516/1132/978 1503/1114/978 1514/1130/978
f 1482/1093/979 1516/1132/979 1517/1131/979
f 1516/1132/980 1486/1097/980 1501/1115/980
f 1518/1133/981 1515/1127/981 1511/1134/981
f 1480/1092/982 1517/1131/982 1518/1133/982
f 1509/1135/983 1518/1133/983 1511/1134/983
f 1520/1136/984 1518/1133/984 1519/1137/984
f 1507/1077/985 1519/1137/985 1509/1135/985
f 1519/1137/986 1467/1078/986 1520/1136/986
f 1520/1136/987 1469/1080/987 1478/1088/987
f 1523/806/988 1459/1068/988 1205/807/988
f 1524/1138/989 1521/1066/989 1522/1139/989
f 1522/1139/990 1523/806/990 1206/805/990
f 1525/1140/991 1524/1138/991 1522/1139/991
f 1203/1141/992 1522/1139/992 1206/805/992
f 1526/1142/993 1194/1143/993 1104/687/993
f 1194/1143/994 1203/1141/994 1196/802/994
f 1526/1142/995 1527/1144/995 1524/1138/995
f 1527/1144/996 1458/1065/996 1524/1138/996
f 1528/1145/997 1456/1061/997 1527/1144/997
f 1528/1145/998 1105/686/998 1530/1146/998
f 1529/1147/999 1530/1148/999 1531/1149/999
f 1529/1147/1000 1454/1060/1000 1528/1150/1000
f 1531/1149/1001 1532/1151/1001 1533/1152/1001
f 1101/681/1002 1532/1153/1002 1530/1146/1002
f 1533/1152/1003 1534/1154/1003 1535/1155/1003
f 1097/674/1004 1534/1154/1004 1101/675/1004
f 1535/1155/1005 1438/1044/1005 1533/1152/1005
f 1097/674/1006 1436/1045/1006 1535/1155/1006
f 1531/1149/1007 1438/1044/1007 1440/1047/1007
f 1531/1149/1008 1442/1049/1008 1529/1147/1008
f 1529/1147/1009 1444/1051/1009 1452/1059/1009
f 1231/838/1010 1408/1018/1010 1406/1015/1010
f 1237/844/1011 1536/946/1011 1235/947/1011
f 86/1160/67 83/1161/67 117/1162/67
f 83/1161/67 84/1163/67 118/1164/67
f 84/1163/67 143/1165/67 118/1164/67
f 143/1165/67 142/1166/67 119/1167/67
f 118/1164/67 143/1165/67 119/1167/67
f 142/1166/67 141/1168/67 125/1169/67
f 141/1168/67 140/1170/67 126/1171/67
f 140/1170/67 135/1172/67 126/1171/67
f 135/1172/67 134/1173/67 127/1174/67
f 126/1171/67 135/1172/67 127/1174/67
f 134/1173/67 133/1175/67 132/1176/67
f 132/1176/67 127/1174/67 134/1173/67
f 126/1171/67 125/1169/67 141/1168/67
f 125/1169/67 124/1177/67 142/1166/67
f 124/1177/67 119/1167/67 142/1166/67
f 118/1164/67 117/1162/67 83/1161/67
f 117/1162/67 116/1178/67 86/1160/67
f 116/1178/67 111/1179/67 86/1160/67
f 111/1179/67 110/101/67 87/100/67
f 86/1160/67 111/1179/67 87/100/67
f 110/101/67 109/1180/67 93/1181/67
f 109/1180/67 108/1182/67 94/1183/67
f 108/1182/67 103/1184/67 94/1183/67
f 103/1184/67 102/1185/67 95/1186/67
f 94/1183/67 103/1184/67 95/1186/67
f 102/1185/67 101/1187/67 100/1188/67
f 100/1188/67 95/1186/67 102/1185/67
f 94/1183/67 93/1181/67 109/1180/67
f 93/1181/67 92/99/67 110/101/67
f 85/102/68 146/169/68 84/103/68
f 88/105/69 85/1189/69 83/106/69
f 89/108/70 88/105/70 86/107/70
f 145/1190/71 146/1191/71 120/1192/71
f 146/1191/71 85/1193/71 115/1194/71
f 85/1193/71 88/1195/71 114/1196/71
f 88/1195/71 89/1197/71 113/1198/71
f 89/1197/71 90/1199/71 113/1198/71
f 90/1199/71 91/1200/71 112/1201/71
f 113/1198/71 90/1199/71 112/1201/71
f 91/1200/71 96/1202/71 107/1203/71
f 96/1202/71 97/1204/71 106/1205/71
f 107/1203/71 96/1202/71 106/1205/71
f 97/1204/71 98/1206/71 105/1207/71
f 98/1206/71 99/1208/71 104/1209/71
f 105/1207/1060 98/1206/1060 104/1209/1060
f 105/1207/71 106/1205/71 97/1204/71
f 107/1203/71 112/1201/71 91/1200/71
f 113/1198/71 114/1196/71 88/1195/71
f 114/1196/71 115/1194/71 85/1193/71
f 115/1194/71 120/1192/71 146/1191/71
f 120/1192/71 121/1210/71 145/1190/71
f 121/1210/71 122/1211/71 145/1190/71
f 122/1211/71 123/112/71 144/111/71
f 145/1190/71 122/1211/71 144/111/71
f 123/112/71 128/1212/71 139/110/71
f 128/1212/71 129/1213/71 138/1214/71
f 139/110/71 128/1212/71 138/1214/71
f 129/1213/71 130/1215/71 137/1216/71
f 130/1215/71 131/1217/71 136/1218/71
f 137/1216/1061 130/1215/1061 136/1218/1061
f 137/1216/71 138/1214/71 129/1213/71
f 90/113/72 89/108/72 87/109/72
f 91/115/73 90/113/73 92/114/73
f 96/117/74 91/115/74 93/116/74
f 97/119/75 96/117/75 94/118/75
f 98/121/76 97/119/76 95/120/76
f 99/123/77 98/121/77 100/122/77
f 104/125/78 99/123/78 101/124/78
f 105/127/79 104/125/79 102/126/79
f 106/129/80 105/127/80 103/128/80
f 107/131/81 106/129/81 108/130/81
f 112/133/82 107/131/82 109/132/82
f 113/135/83 112/133/83 110/134/83
f 114/137/84 113/135/84 111/136/84
f 115/139/85 114/137/85 116/138/85
f 120/141/86 115/139/86 117/140/86
f 121/143/87 120/141/87 118/142/87
f 122/145/88 121/143/88 119/144/88
f 123/147/89 122/145/89 124/146/89
f 128/149/90 123/147/90 125/148/90
f 129/151/91 128/149/91 126/150/91
f 130/153/92 129/151/92 127/152/92
f 131/155/93 130/153/93 132/154/93
f 136/157/94 131/155/94 133/156/94
f 137/159/95 136/157/95 134/158/95
f 138/161/96 137/159/96 135/160/96
f 139/163/97 138/161/97 140/162/97
f 144/165/98 139/163/98 141/164/98
f 145/167/99 144/165/99 142/166/99
f 146/169/100 145/167/100 143/168/100
f 151/170/101 147/170/101 148/170/101
f 149/170/102 717/170/102 148/170/102
f 150/170/103 718/170/103 149/170/103
f 150/170/104 147/170/104 151/170/104
f 154/170/105 151/170/105 152/170/105
f 152/170/106 151/170/106 153/170/106
f 721/170/107 150/170/107 154/170/107
f 155/170/108 154/170/108 156/170/108
f 157/170/109 156/170/109 158/170/109
f 156/170/110 152/170/110 161/170/110
f 159/170/111 158/170/111 160/170/111
f 158/170/112 161/170/112 162/170/112
f 162/170/113 161/170/113 163/170/113
f 161/170/114 152/170/114 166/170/114
f 164/170/115 163/170/115 165/170/115
f 163/170/116 166/170/116 167/170/116
f 166/170/117 153/170/117 169/170/117
f 165/170/118 167/170/118 168/170/118
f 167/170/119 169/170/119 170/170/119
f 153/170/120 148/170/120 171/170/120
f 169/170/121 171/170/121 173/170/121
f 717/170/122 172/170/122 171/170/122
f 172/170/123 174/170/123 173/170/123
f 174/170/124 176/170/124 175/170/124
f 170/170/125 173/170/125 175/170/125
f 176/170/126 722/170/126 177/170/126
f 178/170/127 175/170/127 177/170/127
f 168/170/128 170/170/128 178/170/128
f 179/170/129 178/170/129 180/170/129
f 181/170/130 180/170/130 182/170/130
f 180/170/131 177/170/131 185/170/131
f 182/170/132 184/170/132 224/170/132
f 185/170/133 187/170/133 184/170/133
f 722/170/134 186/170/134 185/170/134
f 185/170/135 186/170/135 188/170/135
f 187/170/136 188/170/136 190/170/136
f 187/170/137 189/170/137 192/170/137
f 189/170/138 190/170/138 720/170/138
f 189/170/139 191/170/139 194/170/139
f 184/170/140 192/170/140 193/170/140
f 192/170/141 194/170/141 195/170/141
f 194/170/142 155/170/142 157/170/142
f 191/170/143 721/170/143 155/170/143
f 193/170/144 195/170/144 196/170/144
f 195/170/145 157/170/145 159/170/145
f 197/170/146 196/170/146 198/170/146
f 196/170/147 159/170/147 201/170/147
f 199/170/148 198/170/148 200/170/148
f 198/170/149 201/170/149 202/170/149
f 201/170/150 160/170/150 204/170/150
f 200/170/151 202/170/151 203/170/151
f 202/170/152 204/170/152 205/170/152
f 204/170/153 206/170/153 207/170/153
f 160/170/154 162/170/154 206/170/154
f 207/170/155 206/170/155 208/170/155
f 206/170/156 162/170/156 164/170/156
f 209/170/157 208/170/157 210/170/157
f 208/170/158 164/170/158 213/170/158
f 211/170/159 210/170/159 212/170/159
f 210/170/160 213/170/160 214/170/160
f 213/170/161 165/170/161 216/170/161
f 212/170/162 214/170/162 215/170/162
f 214/170/163 216/170/163 217/170/163
f 216/170/164 168/170/164 179/170/164
f 215/170/165 217/170/165 218/170/165
f 217/170/166 179/170/166 181/170/166
f 219/170/167 218/170/167 220/170/167
f 218/170/168 181/170/168 183/170/168
f 220/170/169 222/170/169 223/170/169
f 183/170/170 224/170/170 222/170/170
f 222/170/171 197/170/171 199/170/171
f 224/170/172 193/170/172 197/170/172
f 221/170/173 223/170/173 225/170/173
f 223/170/174 199/170/174 228/170/174
f 226/170/175 225/170/175 227/170/175
f 225/170/176 228/170/176 229/170/176
f 228/170/177 200/170/177 231/170/177
f 227/170/178 229/170/178 230/170/178
f 229/170/179 231/170/179 232/170/179
f 231/170/180 203/170/180 234/170/180
f 230/170/181 232/170/181 233/170/181
f 232/170/182 234/170/182 235/170/182
f 234/170/183 236/170/183 237/170/183
f 203/170/184 205/170/184 236/170/184
f 236/170/185 238/170/185 239/170/185
f 205/170/186 207/170/186 238/170/186
f 239/170/187 238/170/187 240/170/187
f 238/170/188 207/170/188 209/170/188
f 241/170/189 240/170/189 242/170/189
f 240/170/190 209/170/190 211/170/190
f 243/170/191 242/170/191 244/170/191
f 242/170/192 211/170/192 247/170/192
f 245/170/193 244/170/193 246/170/193
f 244/170/194 247/170/194 248/170/194
f 247/170/195 212/170/195 250/170/195
f 246/170/196 248/170/196 249/170/196
f 248/170/197 250/170/197 251/170/197
f 250/170/198 215/170/198 219/170/198
f 249/170/199 251/170/199 226/170/199
f 251/170/200 219/170/200 221/170/200
f 252/170/201 249/170/201 253/170/201
f 253/170/202 227/170/202 256/170/202
f 280/170/203 252/170/203 254/170/203
f 254/170/204 256/170/204 257/170/204
f 256/170/205 230/170/205 259/170/205
f 255/170/206 257/170/206 258/170/206
f 257/170/207 259/170/207 260/170/207
f 259/170/208 233/170/208 262/170/208
f 258/170/209 260/170/209 261/170/209
f 260/170/210 262/170/210 263/170/210
f 262/170/211 264/170/211 265/170/211
f 233/170/212 235/170/212 264/170/212
f 264/170/213 266/170/213 267/170/213
f 235/170/214 237/170/214 266/170/214
f 266/170/215 268/170/215 269/170/215
f 237/170/216 239/170/216 268/170/216
f 269/170/217 268/170/217 270/170/217
f 268/170/218 239/170/218 241/170/218
f 271/170/219 270/170/219 272/170/219
f 270/170/220 241/170/220 243/170/220
f 273/170/221 272/170/221 274/170/221
f 272/170/222 243/170/222 245/170/222
f 275/170/223 274/170/223 276/170/223
f 274/170/224 245/170/224 279/170/224
f 277/170/225 276/170/225 278/170/225
f 276/170/226 279/170/226 280/170/226
f 279/170/227 246/170/227 252/170/227
f 278/170/228 280/170/228 255/170/228
f 281/170/229 278/170/229 282/170/229
f 282/170/230 258/170/230 285/170/230
f 306/170/231 281/170/231 283/170/231
f 283/170/232 285/170/232 286/170/232
f 285/170/233 261/170/233 288/170/233
f 284/170/234 286/170/234 287/170/234
f 286/170/235 288/170/235 289/170/235
f 288/170/236 290/170/236 291/170/236
f 261/170/237 263/170/237 290/170/237
f 290/170/238 292/170/238 293/170/238
f 263/170/239 265/170/239 292/170/239
f 292/170/240 294/170/240 295/170/240
f 265/170/241 267/170/241 294/170/241
f 294/170/242 296/170/242 297/170/242
f 267/170/243 269/170/243 296/170/243
f 297/170/244 296/170/244 298/170/244
f 296/170/245 269/170/245 271/170/245
f 299/170/246 298/170/246 300/170/246
f 298/170/247 271/170/247 273/170/247
f 301/170/248 300/170/248 302/170/248
f 300/170/249 273/170/249 275/170/249
f 303/170/250 302/170/250 304/170/250
f 302/170/251 275/170/251 277/170/251
f 305/170/252 304/170/252 306/170/252
f 304/170/253 277/170/253 281/170/253
f 307/170/254 306/170/254 284/170/254
f 305/170/255 307/170/255 308/170/255
f 307/170/256 309/170/256 310/170/256
f 310/170/257 309/170/257 287/170/257
f 308/170/258 310/170/258 311/170/258
f 311/170/259 310/170/259 312/170/259
f 313/170/260 312/170/260 314/170/260
f 312/170/261 287/170/261 289/170/261
f 315/170/262 314/170/262 316/170/262
f 314/170/263 289/170/263 291/170/263
f 317/170/264 316/170/264 318/170/264
f 316/170/265 291/170/265 293/170/265
f 319/170/266 318/170/266 320/170/266
f 318/170/267 293/170/267 295/170/267
f 321/170/268 320/170/268 322/170/268
f 320/170/269 295/170/269 297/170/269
f 322/170/270 324/170/270 325/170/270
f 297/170/271 299/170/271 324/170/271
f 324/170/272 326/170/272 327/170/272
f 299/170/273 301/170/273 326/170/273
f 326/170/274 328/170/274 329/170/274
f 301/170/275 303/170/275 328/170/275
f 328/170/276 330/170/276 331/170/276
f 303/170/277 305/170/277 330/170/277
f 330/170/278 308/170/278 333/170/278
f 329/170/279 331/170/279 332/170/279
f 331/170/280 333/170/280 334/170/280
f 333/170/281 311/170/281 336/170/281
f 332/170/282 334/170/282 335/170/282
f 334/170/283 336/170/283 337/170/283
f 337/170/284 336/170/284 338/170/284
f 336/170/285 311/170/285 313/170/285
f 339/170/286 338/170/286 340/170/286
f 338/170/287 313/170/287 315/170/287
f 341/170/288 340/170/288 342/170/288
f 340/170/289 315/170/289 317/170/289
f 343/170/290 342/170/290 344/170/290
f 342/170/291 317/170/291 319/170/291
f 345/170/292 344/170/292 346/170/292
f 344/170/293 319/170/293 321/170/293
f 347/170/294 346/170/294 348/170/294
f 346/170/295 321/170/295 323/170/295
f 348/170/296 350/170/296 351/170/296
f 323/170/297 325/170/297 350/170/297
f 350/170/298 352/170/298 353/170/298
f 325/170/299 327/170/299 352/170/299
f 352/170/300 354/170/300 355/170/300
f 327/170/301 329/170/301 354/170/301
f 354/170/302 332/170/302 357/170/302
f 353/170/303 355/170/303 356/170/303
f 355/170/304 357/170/304 358/170/304
f 357/170/305 335/170/305 360/170/305
f 356/170/306 358/170/306 359/170/306
f 358/170/307 360/170/307 361/170/307
f 360/170/308 362/170/308 363/170/308
f 335/170/309 337/170/309 362/170/309
f 363/170/310 362/170/310 364/170/310
f 362/170/311 337/170/311 339/170/311
f 365/170/312 364/170/312 366/170/312
f 364/170/313 339/170/313 341/170/313
f 367/170/314 366/170/314 368/170/314
f 366/170/315 341/170/315 343/170/315
f 369/170/316 368/170/316 370/170/316
f 368/170/317 343/170/317 345/170/317
f 371/170/318 370/170/318 372/170/318
f 370/170/319 345/170/319 347/170/319
f 373/170/320 372/170/320 374/170/320
f 372/170/321 347/170/321 349/170/321
f 374/170/322 376/170/322 377/170/322
f 349/170/323 351/170/323 376/170/323
f 376/170/324 378/170/324 379/170/324
f 351/170/325 353/170/325 378/170/325
f 378/170/326 356/170/326 381/170/326
f 377/170/327 379/170/327 380/170/327
f 379/170/328 381/170/328 382/170/328
f 381/170/329 359/170/329 384/170/329
f 380/170/330 382/170/330 383/170/330
f 382/170/331 384/170/331 385/170/331
f 384/170/332 386/170/332 387/170/332
f 359/170/333 361/170/333 386/170/333
f 386/170/334 388/170/334 389/170/334
f 361/170/335 363/170/335 388/170/335
f 389/170/336 388/170/336 390/170/336
f 388/170/337 363/170/337 365/170/337
f 391/170/338 390/170/338 392/170/338
f 390/170/339 365/170/339 367/170/339
f 393/170/340 392/170/340 394/170/340
f 392/170/341 367/170/341 369/170/341
f 395/170/342 394/170/342 396/170/342
f 394/170/343 369/170/343 371/170/343
f 397/170/344 396/170/344 398/170/344
f 396/170/345 371/170/345 373/170/345
f 399/170/346 398/170/346 400/170/346
f 398/170/347 373/170/347 375/170/347
f 400/170/348 402/170/348 403/170/348
f 375/170/349 377/170/349 402/170/349
f 402/170/350 380/170/350 405/170/350
f 401/170/351 403/170/351 404/170/351
f 403/170/352 405/170/352 406/170/352
f 405/170/353 383/170/353 408/170/353
f 404/170/354 406/170/354 407/170/354
f 406/170/355 408/170/355 409/170/355
f 408/170/356 410/170/356 411/170/356
f 383/170/357 385/170/357 410/170/357
f 410/170/358 412/170/358 413/170/358
f 385/170/359 387/170/359 412/170/359
f 412/170/360 414/170/360 415/170/360
f 387/170/361 389/170/361 414/170/361
f 415/170/362 414/170/362 416/170/362
f 414/170/363 389/170/363 391/170/363
f 417/170/364 416/170/364 418/170/364
f 416/170/365 391/170/365 393/170/365
f 419/170/366 418/170/366 420/170/366
f 418/170/367 393/170/367 395/170/367
f 421/170/368 420/170/368 422/170/368
f 420/170/369 395/170/369 397/170/369
f 423/170/370 422/170/370 424/170/370
f 422/170/371 397/170/371 399/170/371
f 425/170/372 424/170/372 426/170/372
f 424/170/373 399/170/373 401/170/373
f 426/170/374 404/170/374 429/170/374
f 450/170/375 425/170/375 427/170/375
f 427/170/376 429/170/376 430/170/376
f 429/170/377 407/170/377 432/170/377
f 428/170/134 430/170/134 431/170/134
f 430/170/126 432/170/126 433/170/126
f 432/170/124 434/170/124 435/170/124
f 407/170/378 409/170/378 434/170/378
f 434/170/123 436/170/123 437/170/123
f 409/170/379 411/170/379 436/170/379
f 436/170/122 438/170/122 439/170/122
f 411/170/380 413/170/380 438/170/380
f 438/170/102 440/170/102 441/170/102
f 413/170/381 415/170/381 440/170/381
f 441/170/103 440/170/103 442/170/103
f 440/170/382 415/170/382 417/170/382
f 443/170/383 442/170/383 444/170/383
f 442/170/384 417/170/384 419/170/384
f 445/170/385 444/170/385 446/170/385
f 444/170/386 419/170/386 421/170/386
f 447/170/138 446/170/138 448/170/138
f 446/170/387 421/170/387 423/170/387
f 449/170/136 448/170/136 450/170/136
f 448/170/388 423/170/388 425/170/388
f 451/170/135 450/170/135 428/170/135
f 449/170/137 451/170/137 452/170/137
f 451/170/133 453/170/133 454/170/133
f 454/170/131 453/170/131 431/170/131
f 452/170/132 454/170/132 455/170/132
f 455/170/130 454/170/130 456/170/130
f 457/170/129 456/170/129 458/170/129
f 456/170/127 431/170/127 433/170/127
f 459/170/128 458/170/128 460/170/128
f 458/170/125 433/170/125 435/170/125
f 461/170/119 460/170/119 462/170/119
f 460/170/121 435/170/121 437/170/121
f 463/170/117 462/170/117 464/170/117
f 462/170/120 437/170/120 439/170/120
f 465/170/106 464/170/106 466/170/106
f 464/170/101 439/170/101 441/170/101
f 466/170/105 468/170/105 469/170/105
f 441/170/104 443/170/104 468/170/104
f 468/170/108 470/170/108 471/170/108
f 443/170/107 445/170/107 470/170/107
f 470/170/142 472/170/142 473/170/142
f 445/170/143 447/170/143 472/170/143
f 472/170/141 474/170/141 475/170/141
f 447/170/139 449/170/139 474/170/139
f 474/170/140 452/170/140 477/170/140
f 473/170/144 475/170/144 476/170/144
f 475/170/172 477/170/172 478/170/172
f 477/170/170 455/170/170 480/170/170
f 476/170/171 478/170/171 479/170/171
f 478/170/169 480/170/169 481/170/169
f 481/170/167 480/170/167 482/170/167
f 480/170/168 455/170/168 457/170/168
f 483/170/165 482/170/165 484/170/165
f 482/170/166 457/170/166 459/170/166
f 485/170/163 484/170/163 486/170/163
f 484/170/164 459/170/164 461/170/164
f 487/170/161 486/170/161 488/170/161
f 486/170/118 461/170/118 463/170/118
f 489/170/115 488/170/115 490/170/115
f 488/170/116 463/170/116 465/170/116
f 491/170/113 490/170/113 492/170/113
f 490/170/114 465/170/114 467/170/114
f 492/170/112 494/170/112 495/170/112
f 467/170/110 469/170/110 494/170/110
f 494/170/111 496/170/111 497/170/111
f 469/170/109 471/170/109 496/170/109
f 496/170/147 498/170/147 499/170/147
f 471/170/145 473/170/145 498/170/145
f 498/170/146 476/170/146 501/170/146
f 497/170/149 499/170/149 500/170/149
f 499/170/148 501/170/148 502/170/148
f 501/170/174 479/170/174 504/170/174
f 500/170/177 502/170/177 503/170/177
f 502/170/176 504/170/176 505/170/176
f 504/170/175 506/170/175 507/170/175
f 479/170/173 481/170/173 506/170/173
f 507/170/199 506/170/199 508/170/199
f 506/170/200 481/170/200 483/170/200
f 509/170/197 508/170/197 510/170/197
f 508/170/198 483/170/198 485/170/198
f 511/170/195 510/170/195 512/170/195
f 510/170/162 485/170/162 487/170/162
f 513/170/159 512/170/159 514/170/159
f 512/170/160 487/170/160 489/170/160
f 515/170/157 514/170/157 516/170/157
f 514/170/158 489/170/158 491/170/158
f 517/170/155 516/170/155 518/170/155
f 516/170/156 491/170/156 493/170/156
f 518/170/153 520/170/153 521/170/153
f 493/170/154 495/170/154 520/170/154
f 520/170/152 522/170/152 523/170/152
f 495/170/150 497/170/150 522/170/150
f 522/170/151 500/170/151 525/170/151
f 521/170/184 523/170/184 524/170/184
f 523/170/180 525/170/180 526/170/180
f 525/170/179 503/170/179 528/170/179
f 524/170/182 526/170/182 527/170/182
f 526/170/181 528/170/181 529/170/181
f 528/170/205 530/170/205 531/170/205
f 503/170/178 505/170/178 530/170/178
f 530/170/204 532/170/204 533/170/204
f 505/170/202 507/170/202 532/170/202
f 533/170/203 532/170/203 534/170/203
f 532/170/201 507/170/201 509/170/201
f 535/170/227 534/170/227 536/170/227
f 534/170/196 509/170/196 511/170/196
f 537/170/193 536/170/193 538/170/193
f 536/170/194 511/170/194 513/170/194
f 539/170/191 538/170/191 540/170/191
f 538/170/192 513/170/192 515/170/192
f 541/170/189 540/170/189 542/170/189
f 540/170/190 515/170/190 517/170/190
f 543/170/187 542/170/187 544/170/187
f 542/170/188 517/170/188 519/170/188
f 544/170/185 546/170/185 547/170/185
f 519/170/186 521/170/186 546/170/186
f 546/170/183 524/170/183 549/170/183
f 545/170/216 547/170/216 548/170/216
f 547/170/214 549/170/214 550/170/214
f 549/170/212 527/170/212 552/170/212
f 548/170/213 550/170/213 551/170/213
f 550/170/211 552/170/211 553/170/211
f 552/170/210 554/170/210 555/170/210
f 527/170/208 529/170/208 554/170/208
f 554/170/209 556/170/209 557/170/209
f 529/170/207 531/170/207 556/170/207
f 556/170/230 558/170/230 559/170/230
f 531/170/206 533/170/206 558/170/206
f 559/170/229 558/170/229 560/170/229
f 558/170/228 533/170/228 535/170/228
f 561/170/225 560/170/225 562/170/225
f 560/170/226 535/170/226 537/170/226
f 563/170/223 562/170/223 564/170/223
f 562/170/224 537/170/224 539/170/224
f 565/170/221 564/170/221 566/170/221
f 564/170/222 539/170/222 541/170/222
f 567/170/219 566/170/219 568/170/219
f 566/170/220 541/170/220 543/170/220
f 569/170/217 568/170/217 570/170/217
f 568/170/218 543/170/218 545/170/218
f 570/170/215 548/170/215 573/170/215
f 594/170/245 569/170/245 571/170/245
f 571/170/243 573/170/243 574/170/243
f 573/170/241 551/170/241 576/170/241
f 572/170/242 574/170/242 575/170/242
f 574/170/240 576/170/240 577/170/240
f 576/170/238 578/170/238 579/170/238
f 551/170/239 553/170/239 578/170/239
f 578/170/236 580/170/236 581/170/236
f 553/170/237 555/170/237 580/170/237
f 580/170/235 582/170/235 583/170/235
f 555/170/233 557/170/233 582/170/233
f 582/170/234 584/170/234 585/170/234
f 557/170/232 559/170/232 584/170/232
f 585/170/254 584/170/254 586/170/254
f 584/170/231 559/170/231 561/170/231
f 587/170/252 586/170/252 588/170/252
f 586/170/253 561/170/253 563/170/253
f 589/170/250 588/170/250 590/170/250
f 588/170/251 563/170/251 565/170/251
f 591/170/248 590/170/248 592/170/248
f 590/170/249 565/170/249 567/170/249
f 593/170/246 592/170/246 594/170/246
f 592/170/247 567/170/247 569/170/247
f 595/170/244 594/170/244 572/170/244
f 593/170/273 595/170/273 596/170/273
f 595/170/271 597/170/271 598/170/271
f 598/170/269 597/170/269 575/170/269
f 596/170/270 598/170/270 599/170/270
f 599/170/268 598/170/268 600/170/268
f 601/170/266 600/170/266 602/170/266
f 600/170/267 575/170/267 577/170/267
f 603/170/264 602/170/264 604/170/264
f 602/170/265 577/170/265 579/170/265
f 605/170/262 604/170/262 606/170/262
f 604/170/263 579/170/263 581/170/263
f 607/170/260 606/170/260 608/170/260
f 606/170/261 581/170/261 583/170/261
f 609/170/259 608/170/259 610/170/259
f 608/170/257 583/170/257 585/170/257
f 610/170/258 612/170/258 613/170/258
f 585/170/256 587/170/256 612/170/256
f 612/170/278 614/170/278 615/170/278
f 587/170/255 589/170/255 614/170/255
f 614/170/276 616/170/276 617/170/276
f 589/170/277 591/170/277 616/170/277
f 616/170/274 618/170/274 619/170/274
f 591/170/275 593/170/275 618/170/275
f 618/170/272 596/170/272 621/170/272
f 617/170/301 619/170/301 620/170/301
f 619/170/299 621/170/299 622/170/299
f 621/170/297 599/170/297 624/170/297
f 620/170/298 622/170/298 623/170/298
f 622/170/296 624/170/296 625/170/296
f 625/170/294 624/170/294 626/170/294
f 624/170/295 599/170/295 601/170/295
f 627/170/292 626/170/292 628/170/292
f 626/170/293 601/170/293 603/170/293
f 629/170/290 628/170/290 630/170/290
f 628/170/291 603/170/291 605/170/291
f 631/170/288 630/170/288 632/170/288
f 630/170/289 605/170/289 607/170/289
f 633/170/286 632/170/286 634/170/286
f 632/170/287 607/170/287 609/170/287
f 635/170/284 634/170/284 636/170/284
f 634/170/285 609/170/285 611/170/285
f 636/170/283 638/170/283 639/170/283
f 611/170/281 613/170/281 638/170/281
f 638/170/282 640/170/282 641/170/282
f 613/170/280 615/170/280 640/170/280
f 640/170/302 642/170/302 643/170/302
f 615/170/279 617/170/279 642/170/279
f 642/170/300 620/170/300 645/170/300
f 641/170/304 643/170/304 644/170/304
f 643/170/303 645/170/303 646/170/303
f 645/170/325 623/170/325 648/170/325
f 644/170/326 646/170/326 647/170/326
f 646/170/324 648/170/324 649/170/324
f 648/170/322 650/170/322 651/170/322
f 623/170/323 625/170/323 650/170/323
f 651/170/320 650/170/320 652/170/320
f 650/170/321 625/170/321 627/170/321
f 653/170/318 652/170/318 654/170/318
f 652/170/319 627/170/319 629/170/319
f 655/170/316 654/170/316 656/170/316
f 654/170/317 629/170/317 631/170/317
f 657/170/314 656/170/314 658/170/314
f 656/170/315 631/170/315 633/170/315
f 659/170/312 658/170/312 660/170/312
f 658/170/313 633/170/313 635/170/313
f 661/170/310 660/170/310 662/170/310
f 660/170/311 635/170/311 637/170/311
f 662/170/308 664/170/308 665/170/308
f 637/170/309 639/170/309 664/170/309
f 664/170/307 666/170/307 667/170/307
f 639/170/305 641/170/305 666/170/305
f 666/170/306 644/170/306 669/170/306
f 665/170/333 667/170/333 668/170/333
f 667/170/329 669/170/329 670/170/329
f 669/170/328 647/170/328 672/170/328
f 668/170/331 670/170/331 671/170/331
f 670/170/330 672/170/330 673/170/330
f 672/170/350 674/170/350 675/170/350
f 647/170/327 649/170/327 674/170/327
f 674/170/348 676/170/348 677/170/348
f 649/170/349 651/170/349 676/170/349
f 677/170/346 676/170/346 678/170/346
f 676/170/347 651/170/347 653/170/347
f 679/170/344 678/170/344 680/170/344
f 678/170/345 653/170/345 655/170/345
f 681/170/342 680/170/342 682/170/342
f 680/170/343 655/170/343 657/170/343
f 683/170/340 682/170/340 684/170/340
f 682/170/341 657/170/341 659/170/341
f 685/170/338 684/170/338 686/170/338
f 684/170/339 659/170/339 661/170/339
f 687/170/336 686/170/336 688/170/336
f 686/170/337 661/170/337 663/170/337
f 688/170/334 690/170/334 691/170/334
f 663/170/335 665/170/335 690/170/335
f 690/170/332 668/170/332 693/170/332
f 689/170/361 691/170/361 692/170/361
f 691/170/359 693/170/359 694/170/359
f 693/170/357 671/170/357 696/170/357
f 692/170/358 694/170/358 695/170/358
f 694/170/356 696/170/356 697/170/356
f 696/170/355 698/170/355 699/170/355
f 671/170/353 673/170/353 698/170/353
f 698/170/354 700/170/354 701/170/354
f 673/170/352 675/170/352 700/170/352
f 700/170/374 702/170/374 703/170/374
f 675/170/351 677/170/351 702/170/351
f 703/170/372 702/170/372 704/170/372
f 702/170/373 677/170/373 679/170/373
f 705/170/370 704/170/370 706/170/370
f 704/170/371 679/170/371 681/170/371
f 707/170/368 706/170/368 708/170/368
f 706/170/369 681/170/369 683/170/369
f 709/170/366 708/170/366 710/170/366
f 708/170/367 683/170/367 685/170/367
f 711/170/364 710/170/364 712/170/364
f 710/170/365 685/170/365 687/170/365
f 713/170/362 712/170/362 714/170/362
f 712/170/363 687/170/363 689/170/363
f 714/170/360 692/170/360 716/170/360
f 718/170/382 713/170/382 715/170/382
f 715/170/381 716/170/381 717/170/381
f 716/170/380 695/170/380 172/170/380
f 719/170/384 711/170/384 713/170/384
f 721/170/383 719/170/383 718/170/383
f 720/170/386 709/170/386 711/170/386
f 191/170/385 720/170/385 719/170/385
f 190/170/387 707/170/387 709/170/387
f 188/170/388 705/170/388 707/170/388
f 186/170/375 703/170/375 705/170/375
f 701/170/376 703/170/376 186/170/376
f 699/170/377 701/170/377 722/170/377
f 697/170/378 699/170/378 176/170/378
f 695/170/379 697/170/379 174/170/379
f 724/171/389 723/175/389 726/172/389
f 730/174/390 725/178/390 723/175/390
f 728/177/391 726/172/391 723/175/391
f 729/179/392 727/185/392 726/172/392
f 728/177/393 725/178/393 730/180/393
f 731/182/394 729/181/394 730/180/394
f 731/184/71 732/1219/71 727/185/71
f 731/186/395 733/189/395 738/187/395
f 734/183/396 735/191/396 733/189/396
f 736/190/397 737/195/397 735/191/397
f 730/174/67 724/176/67 736/193/67
f 732/188/398 738/187/398 737/195/398
f 727/173/4 732/1220/4 736/196/4
f 738/187/399 733/189/399 735/191/399
f 739/197/400 740/406/400 743/198/400
f 867/1221/71 740/1222/71 803/1223/71
f 740/1222/71 739/1224/71 802/1225/71
f 739/1224/71 741/1226/71 801/1227/71
f 741/1226/71 755/1228/71 800/1229/71
f 755/1228/71 756/1230/71 800/1229/71
f 756/1230/71 757/1231/71 788/1232/71
f 800/1229/71 756/1230/71 788/1232/71
f 757/1231/71 758/1233/71 787/1234/71
f 758/1233/71 770/1235/71 786/1236/71
f 787/1234/71 758/1233/71 786/1236/71
f 770/1235/71 771/1237/71 785/1238/71
f 771/1237/71 772/1239/71 773/1240/71
f 785/1238/71 771/1237/71 773/1240/71
f 785/1238/71 786/1236/71 770/1235/71
f 787/1234/71 788/1232/71 757/1231/71
f 800/1229/71 801/1227/71 741/1226/71
f 801/1227/71 802/1225/71 739/1224/71
f 802/1225/71 803/1223/71 740/1222/71
f 803/1223/71 812/1241/71 867/1221/71
f 812/1241/71 813/1242/71 867/1221/71
f 813/1242/71 814/202/71 857/201/71
f 867/1221/71 813/1242/71 857/201/71
f 814/202/71 815/1243/71 856/200/71
f 815/1243/71 836/1244/71 855/1245/71
f 856/200/71 815/1243/71 855/1245/71
f 836/1244/71 837/1246/71 854/1247/71
f 837/1246/71 838/1248/71 839/1249/71
f 854/1247/71 837/1246/71 839/1249/71
f 854/1247/71 855/1245/71 836/1244/71
f 741/203/401 739/1250/401 742/204/401
f 742/206/402 743/1251/402 747/207/402
f 742/206/403 745/208/403 748/209/403
f 749/211/404 748/209/404 745/208/404
f 868/213/405 746/212/405 745/208/405
f 751/214/406 750/215/406 748/209/406
f 744/210/407 748/209/407 750/215/407
f 872/217/408 752/220/408 750/218/408
f 753/219/409 750/218/409 752/220/409
f 756/222/410 755/225/410 753/223/410
f 755/225/411 741/203/411 744/205/411
f 757/226/412 756/222/412 754/224/412
f 758/228/413 757/226/413 759/227/413
f 759/230/414 761/239/414 763/231/414
f 754/233/415 752/237/415 761/234/415
f 762/236/1062 761/234/1062 752/237/1062
f 764/238/417 763/231/417 761/239/417
f 766/240/418 765/243/418 763/241/418
f 760/242/419 763/241/419 765/243/419
f 871/245/420 767/248/420 765/246/420
f 768/247/421 765/246/421 767/248/421
f 771/250/422 770/253/422 768/251/422
f 770/253/423 758/228/423 760/229/423
f 772/254/424 771/250/424 769/252/424
f 773/256/425 772/254/425 774/255/425
f 775/258/426 774/262/426 776/259/426
f 769/261/427 767/264/427 776/259/427
f 777/263/428 776/259/428 767/264/428
f 777/263/429 779/265/429 778/260/429
f 779/265/430 781/269/430 780/266/430
f 783/268/431 775/1252/431 778/267/431
f 781/269/432 870/286/432 782/270/432
f 784/271/433 783/268/433 780/266/433
f 786/272/434 785/275/434 783/273/434
f 785/275/435 773/256/435 775/257/435
f 787/276/436 786/272/436 784/274/436
f 788/278/437 787/276/437 789/277/437
f 790/280/438 789/1253/438 791/281/438
f 789/283/439 784/1254/439 782/284/439
f 870/286/440 792/287/440 791/285/440
f 792/287/441 794/288/441 793/282/441
f 794/288/442 796/292/442 795/289/442
f 798/291/443 790/1255/443 793/290/443
f 796/292/444 830/351/444 797/293/444
f 799/295/445 798/1256/445 795/294/445
f 801/296/446 800/299/446 798/297/446
f 800/299/447 788/278/447 790/279/447
f 802/300/448 801/296/448 799/298/448
f 804/301/1063 806/1257/1063 808/302/1063
f 808/302/449 803/1258/449 802/300/449
f 804/303/450 799/1259/450 797/304/450
f 827/1260/451 807/307/451 805/306/451
f 807/307/1064 806/310/1064 804/308/1064
f 808/311/453 807/348/453 811/312/453
f 812/314/454 803/1261/454 808/315/454
f 809/317/455 811/344/455 819/318/455
f 813/320/456 812/1262/456 809/321/456
f 814/323/457 813/1263/457 810/324/457
f 817/1264/1065 833/358/1065 816/328/1065
f 833/358/458 815/326/458 816/328/458
f 810/332/460 819/337/460 818/333/460
f 822/336/461 833/1265/461 818/330/461
f 833/1265/1066 817/331/1066 818/330/1066
f 819/337/462 823/339/462 820/335/462
f 821/338/1067 820/335/1067 823/339/1067
f 831/341/464 822/336/464 820/335/464
f 824/340/465 823/345/465 825/342/465
f 811/344/466 825/342/466 823/345/466
f 826/343/467 825/349/467 827/346/467
f 807/348/468 827/346/468 825/349/468
f 828/347/469 827/1260/469 805/306/469
f 749/211/67 746/212/67 829/350/67
f 746/212/67 868/213/67 828/347/67
f 868/213/67 865/403/67 828/347/67
f 865/403/67 863/400/67 826/343/67
f 828/347/67 865/403/67 826/343/67
f 863/400/67 861/399/67 821/338/67
f 861/399/67 869/398/67 831/341/67
f 869/398/67 850/381/67 831/341/67
f 850/381/67 848/378/67 847/352/67
f 831/341/67 850/381/67 847/352/67
f 848/378/1068 843/374/1068 846/376/1068
f 846/376/67 847/352/67 848/378/67
f 831/341/67 821/338/67 861/399/67
f 821/338/67 824/340/67 863/400/67
f 824/340/67 826/343/67 863/400/67
f 828/347/67 829/350/67 746/212/67
f 829/350/67 830/351/67 749/211/67
f 830/351/67 796/292/67 749/211/67
f 796/292/67 794/288/67 751/214/67
f 749/211/67 796/292/67 751/214/67
f 794/288/67 792/287/67 762/236/67
f 792/287/67 870/286/67 764/238/67
f 870/286/67 781/269/67 764/238/67
f 781/269/67 779/265/67 766/240/67
f 764/238/67 781/269/67 766/240/67
f 779/265/67 777/263/67 871/245/67
f 871/245/67 766/240/67 779/265/67
f 764/238/67 762/236/67 792/287/67
f 762/236/67 872/217/67 794/288/67
f 830/351/470 829/350/470 805/305/470
f 847/352/471 832/355/471 822/353/471
f 833/354/472 822/353/472 832/355/472
f 836/357/473 815/326/473 833/358/473
f 834/360/474 832/377/474 845/361/474
f 837/363/475 836/357/475 834/359/475
f 838/365/476 837/363/476 835/364/476
f 839/367/477 838/365/477 840/366/477
f 841/369/478 840/373/478 842/370/478
f 835/372/479 845/375/479 842/370/479
f 843/374/480 842/370/480 845/375/480
f 843/374/481 848/378/481 844/371/481
f 846/376/482 845/361/482 832/377/482
f 848/378/483 850/381/483 849/379/483
f 852/380/484 841/369/484 844/371/484
f 850/381/485 869/398/485 851/382/485
f 853/384/486 852/1266/486 849/383/486
f 855/385/487 854/388/487 852/386/487
f 854/388/488 839/367/488 841/368/488
f 856/389/489 855/385/489 853/387/489
f 857/391/490 856/389/490 858/390/490
f 859/393/491 858/396/491 860/394/491
f 858/396/492 853/1267/492 851/397/492
f 869/398/493 861/399/493 860/394/493
f 861/399/494 863/400/494 862/395/494
f 863/400/495 865/403/495 864/401/495
f 866/402/496 859/393/496 862/395/496
f 865/403/497 868/213/497 747/404/497
f 743/405/498 866/402/498 864/401/498
f 740/406/499 867/408/499 866/407/499
f 867/408/500 857/391/500 859/392/500
f 873/409/1069 875/465/1069 880/410/1069
f 873/409/1070 874/411/1070 878/412/1070
f 877/414/1071 875/1268/1071 873/409/1071
f 879/415/1072 877/422/1072 876/413/1072
f 879/416/1073 878/412/1073 874/411/1073
f 880/418/71 883/423/71 881/419/71
f 879/415/506 881/419/506 884/421/506
f 883/423/71 890/436/71 882/424/71
f 881/419/506 882/424/506 886/425/506
f 877/426/67 884/421/67 885/427/67
f 884/421/67 886/425/67 888/429/67
f 882/424/507 893/437/507 887/430/507
f 888/429/1074 886/425/1074 887/430/1074
f 889/432/509 891/1269/509 890/433/509
f 890/433/510 883/464/510 885/435/510
f 890/436/1075 891/438/1075 893/437/1075
f 891/438/1076 892/444/1076 894/439/1076
f 892/440/513 891/1269/513 889/432/513
f 887/430/514 893/437/514 894/439/514
f 894/439/515 895/445/515 897/443/515
f 892/444/71 901/453/71 895/445/71
f 898/446/1077 896/442/1077 897/443/1077
f 889/431/1078 887/430/1078 896/442/1078
f 899/448/518 901/1270/518 892/440/518
f 902/449/518 901/1270/518 899/448/518
f 899/447/1079 897/443/1079 906/451/1079
f 901/453/71 902/1271/71 904/454/71
f 902/455/1080 903/463/1080 905/456/1080
f 908/458/521 903/463/521 902/455/521
f 907/460/1081 906/451/1081 904/461/1081
f 895/445/515 904/461/515 906/451/515
f 906/462/1082 907/460/1082 908/458/1082
f 907/460/1083 905/456/1083 903/463/1083
f 883/464/510 880/410/510 875/465/510
f 909/466/1084 910/469/1084 915/467/1084
f 910/469/1085 909/466/1085 911/470/1085
f 909/466/1086 912/473/1086 931/472/1086
f 912/473/1087 909/466/1087 913/468/1087
f 923/481/1088 920/480/1088 921/476/1088
f 922/482/1089 921/476/1089 915/467/1089
f 922/482/1090 924/484/1090 925/483/1090
f 910/469/1091 927/471/1091 924/484/1091
f 924/484/1092 926/486/1092 938/485/1092
f 927/471/1093 928/488/1093 926/486/1093
f 927/471/1094 911/470/1094 929/487/1094
f 911/470/1095 931/472/1095 930/489/1095
f 931/472/1096 933/492/1096 932/490/1096
f 935/491/1097 934/494/1097 932/490/1097
f 937/493/1098 936/495/1098 934/494/1098
f 925/483/1099 938/485/1099 936/495/1099
f 923/481/1100 925/483/1100 937/493/1100
f 940/497/1101 939/496/1101 937/493/1101
f 940/497/1102 918/478/1102 919/479/1102
f 939/496/1103 919/479/1103 920/480/1103
f 940/497/1104 941/498/1104 917/477/1104
f 941/498/1105 940/497/1105 935/491/1105
f 941/498/1106 912/473/1106 914/474/1106
f 912/473/1107 941/498/1107 933/492/1107
f 944/499/71 945/503/71 943/500/71
f 946/502/71 947/633/71 945/503/71
f 948/504/71 949/508/71 947/505/71
f 950/507/71 951/510/71 949/508/71
f 952/509/71 953/512/71 951/510/71
f 954/511/71 955/514/71 953/512/71
f 956/513/71 957/516/71 955/514/71
f 958/515/71 959/518/71 957/516/71
f 960/517/71 961/520/71 959/518/71
f 962/519/71 963/521/71 961/520/71
f 963/521/71 964/1272/71 965/522/71
f 964/523/71 966/526/71 967/524/71
f 966/526/71 968/528/71 969/527/71
f 968/528/71 970/530/71 971/529/71
f 970/530/71 972/532/71 973/531/71
f 972/532/71 974/534/71 975/533/71
f 974/534/71 976/536/71 977/535/71
f 976/536/71 978/538/71 979/537/71
f 978/538/71 980/1273/71 981/539/71
f 979/537/71 981/539/71 982/540/71
f 983/541/71 982/540/71 984/542/71
f 985/543/71 984/542/71 986/544/71
f 987/545/71 986/544/71 988/546/71
f 989/547/71 988/546/71 990/548/71
f 991/549/71 990/548/71 992/550/71
f 993/551/71 992/550/71 994/552/71
f 995/554/71 994/1274/71 996/555/71
f 997/556/71 996/555/71 998/557/71
f 1002/559/71 997/556/71 999/558/71
f 1003/561/71 1002/559/71 1000/560/71
f 1005/563/71 1004/564/71 1002/559/71
f 1004/564/71 995/554/71 997/556/71
f 1007/565/71 1006/568/71 1004/566/71
f 1006/568/71 993/551/71 995/553/71
f 1009/569/71 1008/570/71 1006/568/71
f 1008/570/71 991/549/71 993/551/71
f 1011/571/71 1010/572/71 1008/570/71
f 1010/572/71 989/547/71 991/549/71
f 1013/573/71 1012/574/71 1010/572/71
f 1012/574/71 987/545/71 989/547/71
f 1015/575/71 1014/576/71 1012/574/71
f 1014/576/71 985/543/71 987/545/71
f 1017/577/71 1016/578/71 1014/576/71
f 1016/578/71 983/541/71 985/543/71
f 975/533/71 977/535/71 1016/578/71
f 977/535/71 979/537/71 983/541/71
f 973/531/71 975/533/71 1017/577/71
f 1018/579/71 1017/577/71 1015/575/71
f 971/529/71 973/531/71 1018/579/71
f 1019/581/71 1018/579/71 1020/580/71
f 1021/582/71 1020/580/71 1022/583/71
f 1020/580/71 1015/575/71 1013/573/71
f 1023/584/71 1022/583/71 1024/585/71
f 1022/583/71 1013/573/71 1011/571/71
f 1025/586/71 1024/585/71 1026/587/71
f 1024/585/71 1011/571/71 1009/569/71
f 1027/588/71 1026/587/71 1028/589/71
f 1026/587/71 1009/569/71 1007/565/71
f 1029/590/71 1028/589/71 1030/591/71
f 1028/589/71 1007/565/71 1005/567/71
f 1031/593/71 1030/596/71 1032/594/71
f 1030/596/71 1005/563/71 1003/561/71
f 1033/595/71 1032/594/71 1034/597/71
f 1032/594/71 1003/561/71 1001/562/71
f 1038/599/71 1033/595/71 1035/598/71
f 1039/601/71 1038/599/71 1036/600/71
f 1041/603/71 1040/604/71 1038/599/71
f 1040/604/71 1031/593/71 1033/595/71
f 1043/605/71 1042/608/71 1040/606/71
f 1042/608/71 1029/590/71 1031/592/71
f 1045/609/71 1044/610/71 1042/608/71
f 1044/610/71 1027/588/71 1029/590/71
f 1047/611/71 1046/612/71 1044/610/71
f 1046/612/71 1025/586/71 1027/588/71
f 1049/613/71 1048/614/71 1046/612/71
f 1048/614/71 1023/584/71 1025/586/71
f 1051/615/71 1050/616/71 1048/614/71
f 1050/616/71 1021/582/71 1023/584/71
f 1053/617/71 1052/618/71 1050/616/71
f 1052/618/71 1019/581/71 1021/582/71
f 967/524/71 969/527/71 1052/618/71
f 969/527/71 971/529/71 1019/581/71
f 965/525/71 967/524/71 1053/617/71
f 1054/619/71 1053/617/71 1051/615/71
f 961/520/71 965/522/71 1054/621/71
f 959/518/71 1054/621/71 1055/622/71
f 957/516/71 1055/622/71 1056/623/71
f 1055/620/71 1051/615/71 1049/613/71
f 955/514/71 1056/623/71 1057/625/71
f 1056/624/71 1049/613/71 1047/611/71
f 953/512/71 1057/625/71 1058/627/71
f 1057/626/71 1047/611/71 1045/609/71
f 951/510/71 1058/627/71 1059/629/71
f 1058/628/71 1045/609/71 1043/605/71
f 949/508/71 1059/629/71 1060/631/71
f 1059/630/71 1043/605/71 1041/607/71
f 947/633/71 1060/1275/71 1061/634/71
f 1060/635/71 1041/603/71 1039/601/71
f 945/503/71 1061/634/71 1062/637/71
f 1061/636/71 1039/601/71 1037/602/71
f 1064/639/1108 1063/643/1108 1065/640/1108
f 1086/642/1109 1066/646/1109 1063/643/1109
f 1069/644/1110 1065/640/1110 1063/643/1110
f 1067/645/1111 1063/643/1111 1066/646/1111
f 1076/654/1112 1065/640/1112 1069/644/1112
f 1078/655/1113 1076/654/1113 1075/649/1113
f 1076/654/1114 1078/655/1114 1079/656/1114
f 1065/640/1115 1076/654/1115 1077/657/1115
f 1078/655/1116 1080/659/1116 1081/658/1116
f 1080/659/1117 1078/655/1117 1074/653/1117
f 1081/658/1118 1080/659/1118 1082/660/1118
f 1082/660/1119 1080/659/1119 1073/652/1119
f 1083/661/1120 1082/660/1120 1084/662/1120
f 1071/650/1121 1084/662/1121 1082/660/1121
f 1085/663/1122 1084/662/1122 1066/646/1122
f 1068/647/1123 1066/646/1123 1084/662/1123
f 1087/664/1124 1085/663/1124 1086/642/1124
f 1083/661/1125 1085/663/1125 1087/664/1125
f 1081/658/1126 1083/661/1126 1089/666/1126
f 1079/656/1127 1081/658/1127 1090/667/1127
f 1077/657/1128 1079/656/1128 1091/668/1128
f 1095/641/1129 1077/657/1129 1092/669/1129
f 1094/671/1130 1064/639/1130 1095/641/1130
f 1088/665/1131 1086/642/1131 1064/639/1131
f 1096/672/1132 1098/678/1132 1434/673/1132
f 1096/672/1133 1097/674/1133 1101/675/1133
f 1096/672/1134 1099/1005/1134 1397/677/1134
f 1102/679/1135 1099/1005/1135 1096/672/1135
f 1105/686/1136 1526/1142/1136 1104/687/1136
f 1106/688/1137 1103/683/1137 1104/689/1137
f 1101/681/1138 1530/1146/1138 1105/686/1138
f 1106/688/1139 1109/698/1139 1102/684/1139
f 1107/691/1140 1106/688/1140 1108/690/1140
f 1112/693/1141 1109/698/1141 1106/688/1141
f 1111/694/1142 1398/1006/1142 1110/695/1142
f 1110/697/1143 1399/1276/1143 1102/684/1143
f 1113/699/1144 1111/694/1144 1109/696/1144
f 1114/701/1145 1115/964/1145 1113/699/1145
f 1117/702/1146 1114/701/1146 1112/693/1146
f 1353/703/1147 1115/964/1147 1114/701/1147
f 1116/704/1148 1114/701/1148 1117/702/1148
f 1118/706/1149 1117/702/1149 1107/691/1149
f 1118/706/1150 1121/709/1150 1119/705/1150
f 1120/707/1151 1267/876/1151 1116/704/1151
f 1123/708/1152 1120/707/1152 1119/705/1152
f 1190/710/1153 1122/712/1153 1121/709/1153
f 1127/711/1154 1124/713/1154 1121/709/1154
f 1123/708/1155 1121/709/1155 1124/713/1155
f 1124/715/1156 1126/719/1156 1159/716/1156
f 1124/715/1157 1127/723/1157 1129/718/1157
f 1128/720/1158 1127/723/1158 1122/721/1158
f 1127/723/1159 1128/720/1159 1130/724/1159
f 1126/719/1160 1129/718/1160 1131/725/1160
f 1131/725/1161 1129/718/1161 1130/724/1161
f 1134/728/1162 1131/725/1162 1132/727/1162
f 1133/726/1163 1131/725/1163 1134/728/1163
f 1153/731/1164 1136/730/1164 1134/728/1164
f 1138/733/1165 1135/732/1165 1134/728/1165
f 1138/733/1166 1137/729/1166 1139/734/1166
f 1137/729/1167 1132/727/1167 1141/736/1167
f 1140/735/1168 1139/734/1168 1142/737/1168
f 1141/736/1169 1175/768/1169 1143/739/1169
f 1142/737/1170 1143/739/1170 1145/740/1170
f 1145/740/1171 1147/742/1171 1146/741/1171
f 1140/735/1172 1144/738/1172 1146/741/1172
f 1147/742/1173 1149/744/1173 1148/743/1173
f 1138/733/1174 1146/741/1174 1148/743/1174
f 1149/744/1175 1152/759/1175 1150/745/1175
f 1153/731/1176 1135/732/1176 1148/743/1176
f 1150/745/1177 1152/759/1177 1157/746/1177
f 1150/745/1178 1151/747/1178 1154/748/1178
f 1154/748/1179 1155/750/1179 1136/730/1179
f 1156/749/1180 1158/752/1180 1155/750/1180
f 1151/747/1181 1157/746/1181 1156/749/1181
f 1125/717/1182 1156/749/1182 1157/746/1182
f 1156/749/1183 1125/717/1183 1159/716/1183
f 1158/752/1184 1159/716/1184 1160/753/1184
f 1160/753/643 1159/716/643 1126/719/643
f 1133/726/1185 1136/730/1185 1155/750/1185
f 1157/746/1186 1152/759/1186 1163/754/1186
f 1162/755/1187 1120/707/1187 1123/708/1187
f 1164/757/1188 1162/779/1188 1161/751/1188
f 1163/754/1189 1165/760/1189 1166/758/1189
f 1152/759/1190 1149/744/1190 1165/760/1190
f 1167/761/1191 1168/763/1191 1166/758/1191
f 1149/744/1192 1147/742/1192 1167/761/1192
f 1169/762/1193 1170/765/1193 1168/763/1193
f 1145/740/1194 1169/762/1194 1167/761/1194
f 1171/764/1195 1172/767/1195 1170/765/1195
f 1143/739/1196 1171/764/1196 1169/762/1196
f 1171/764/1197 1173/769/1197 1174/766/1197
f 1175/768/1198 1173/769/1198 1171/764/1198
f 1176/722/1199 1174/766/1199 1173/769/1199
f 1130/724/1200 1128/720/1200 1173/769/1200
f 1132/727/1201 1130/724/1201 1175/768/1201
f 1174/770/1202 1176/789/1202 1179/771/1202
f 1172/773/1203 1174/770/1203 1177/772/1203
f 1182/775/1204 1178/774/1204 1177/772/1204
f 1180/776/1205 1177/772/1205 1179/771/1205
f 1181/777/1206 1164/757/1206 1166/758/1206
f 1180/776/1207 1166/758/1207 1168/763/1207
f 1168/763/1208 1170/765/1208 1183/778/1208
f 1170/765/1209 1172/773/1209 1178/774/1209
f 1181/777/1210 1184/781/1210 1162/779/1210
f 1181/777/1211 1179/771/1211 1186/780/1211
f 1184/782/1212 1186/1277/1212 1187/783/1212
f 1270/785/1213 1162/755/1213 1184/782/1213
f 1187/783/1214 1186/1277/1214 1188/786/1214
f 1188/786/1215 1186/1277/1215 1122/712/1215
f 1122/788/1216 1186/780/1216 1179/771/1216
f 1188/786/1217 1190/710/1217 1191/790/1217
f 1190/710/1218 1118/706/1218 1192/692/1218
f 1192/692/1219 1108/690/1219 1193/791/1219
f 1191/790/1220 1193/791/1220 1195/792/1220
f 1108/690/1221 1104/689/1221 1194/793/1221
f 1195/792/1222 1193/791/1222 1194/793/1222
f 1197/795/1223 1195/792/1223 1196/794/1223
f 1189/787/1224 1195/792/1224 1197/795/1224
f 1197/795/1225 1199/796/1225 1200/797/1225
f 1187/783/1226 1197/795/1226 1198/798/1226
f 1201/799/1227 1202/804/1227 1200/800/1227
f 1196/802/1228 1203/1141/1228 1201/799/1228
f 1204/803/1229 1207/811/1229 1202/804/1229
f 1201/799/1230 1203/1141/1230 1206/805/1230
f 1204/803/1231 1206/805/1231 1523/806/1231
f 1208/808/1232 1207/811/1232 1204/803/1232
f 1209/809/1233 1207/811/1233 1208/808/1233
f 1210/812/1234 1207/811/1234 1209/809/1234
f 1202/804/1235 1210/812/1235 1211/814/1235
f 1210/812/1236 1212/813/1236 1213/815/1236
f 1213/815/1237 1212/813/1237 1214/816/1237
f 1212/813/1238 1209/809/1238 1218/818/1238
f 1215/817/1239 1214/816/1239 1216/819/1239
f 1216/819/1240 1214/816/1240 1217/821/1240
f 1218/818/1241 1209/809/1241 1499/810/1241
f 1222/824/1242 1220/825/1242 1218/818/1242
f 1220/825/1243 1224/830/1243 1217/821/1243
f 1450/826/1244 1221/828/1244 1220/825/1244
f 1223/827/1245 1220/825/1245 1221/828/1245
f 1217/821/1246 1224/830/1246 1225/831/1246
f 1225/831/1247 1224/830/1247 1223/827/1247
f 1225/831/1248 1227/834/1248 1331/833/1248
f 1228/829/1249 1229/836/1249 1227/834/1249
f 1228/829/1250 1221/828/1250 1230/835/1250
f 1229/836/1251 1230/835/1251 1449/837/1251
f 1231/838/1252 1406/1015/1252 1232/839/1252
f 1236/840/1253 1233/841/1253 1229/836/1253
f 1233/841/1254 1234/843/1254 1227/834/1254
f 1233/841/1255 1235/947/1255 1335/842/1255
f 1237/844/1256 1235/947/1256 1233/841/1256
f 1241/845/1257 1237/844/1257 1236/840/1257
f 1238/847/1258 1236/840/1258 1239/848/1258
f 1258/850/1259 1239/848/1259 1236/840/1259
f 1241/845/1260 1242/854/1260 1243/851/1260
f 1244/852/1261 1242/854/1261 1241/845/1261
f 1245/853/1262 1536/946/1262 1243/851/1262
f 1246/855/1263 1242/854/1263 1244/852/1263
f 1242/854/1264 1247/860/1264 1249/857/1264
f 1250/858/1265 1247/860/1265 1242/854/1265
f 1334/859/729 1249/857/729 1247/860/729
f 1251/862/730 1248/861/730 1247/860/730
f 1250/858/1266 1246/855/1266 1253/863/1266
f 1251/862/1267 1253/863/1267 1254/864/1267
f 1252/865/1268 1333/945/1268 1248/861/1268
f 1253/863/1269 1255/849/1269 1239/848/1269
f 1256/856/1270 1255/849/1270 1253/863/1270
f 1256/856/1271 1244/852/1271 1238/847/1271
f 1252/865/1272 1254/864/1272 1257/866/1272
f 1257/866/1273 1254/864/1273 1239/848/1273
f 1257/866/1274 1258/850/1274 1262/868/1274
f 1260/869/1275 1261/888/1275 1259/867/1275
f 1264/870/1276 1261/888/1276 1260/869/1276
f 1260/869/1277 1262/868/1277 1265/872/1277
f 1264/870/1278 1263/871/1278 1266/873/1278
f 1266/873/1279 1268/877/1279 1351/875/1279
f 1269/874/1280 1266/873/1280 1267/876/1280
f 1265/872/1281 1262/868/1281 1268/877/1281
f 1272/878/1282 1271/879/1282 1269/874/1282
f 1269/874/1283 1120/707/1283 1162/755/1283
f 1271/879/1284 1272/878/1284 1213/880/1284
f 1273/882/1285 1271/879/1285 1215/881/1285
f 1273/882/1286 1276/887/1286 1264/870/1286
f 1275/883/1287 1342/900/1287 1274/884/1287
f 1277/885/1288 1276/887/1288 1273/882/1288
f 1277/885/1289 1280/890/1289 1278/886/1289
f 1276/887/1290 1278/886/1290 1261/888/1290
f 1281/889/1291 1279/891/1291 1278/886/1291
f 1261/888/1292 1278/886/1292 1279/891/1292
f 1283/892/1293 1281/889/1293 1280/890/1293
f 1285/894/1294 1282/893/1294 1280/890/1294
f 1315/895/1295 1283/892/1295 1282/893/1295
f 1286/897/1296 1284/896/1296 1282/893/1296
f 1286/897/1297 1285/894/1297 1287/898/1297
f 1274/884/1298 1287/898/1298 1285/894/1298
f 1342/900/1299 1288/901/1299 1287/898/1299
f 1288/901/1300 1290/902/1300 1289/899/1300
f 1290/902/1301 1293/905/1301 1291/903/1301
f 1289/899/1302 1291/903/1302 1284/896/1302
f 1292/904/1303 1291/903/1303 1293/905/1303
f 1315/895/1304 1284/896/1304 1291/903/1304
f 1296/907/1305 1295/906/1305 1293/905/1305
f 1294/908/1306 1293/905/1306 1290/902/1306
f 1298/910/1307 1297/912/1307 1295/906/1307
f 1295/906/1308 1297/912/1308 1299/911/1308
f 1297/912/1309 1298/910/1309 1301/913/1309
f 1302/915/1310 1299/911/1310 1297/912/1310
f 1301/913/776 1304/919/776 1303/916/776
f 1302/915/777 1300/914/777 1303/916/777
f 1306/918/1311 1303/916/1311 1304/919/1311
f 1305/917/1312 1303/916/1312 1306/918/1312
f 1307/922/1313 1306/918/1313 1308/920/1313
f 1307/922/1314 1311/927/1314 1309/921/1314
f 1309/921/391 1311/927/391 1313/924/391
f 1317/926/1315 1312/929/1315 1311/927/1315
f 1311/927/1316 1312/929/1316 1314/928/1316
f 1313/924/1317 1314/928/1317 1299/911/1317
f 1310/925/1318 1313/924/1318 1302/915/1318
f 1292/904/1319 1299/911/1319 1314/928/1319
f 1314/928/1320 1312/929/1320 1283/892/1320
f 1281/889/1321 1283/892/1321 1312/929/1321
f 1312/929/4 1317/926/4 1318/931/4
f 1319/932/4 1322/936/4 1318/931/4
f 1317/926/1322 1307/922/1322 1323/923/1322
f 1321/933/1323 1347/958/1323 1320/934/1323
f 1319/932/1324 1320/934/1324 1327/935/1324
f 1321/933/1325 1319/932/1325 1323/923/1325
f 1324/937/399 1323/923/399 1308/920/399
f 1298/910/1326 1321/933/1326 1324/937/1326
f 1301/913/1327 1324/937/1327 1325/938/1327
f 1329/939/1328 1326/940/1328 1322/936/1328
f 1326/940/810 1336/949/810 1318/931/810
f 1328/941/1329 1327/935/1329 1320/934/1329
f 1330/943/1330 1329/939/1330 1327/935/1330
f 1226/832/1331 1331/833/1331 1329/939/1331
f 1326/940/1332 1329/939/1332 1331/833/1332
f 1332/944/1333 1331/833/1333 1227/834/1333
f 1333/945/809 1336/949/809 1326/940/809
f 1332/944/1334 1334/859/1334 1248/861/1334
f 1234/843/1335 1335/842/1335 1334/859/1335
f 1335/842/1336 1245/853/1336 1249/857/1336
f 1536/946/1337 1245/853/1337 1335/842/1337
f 1333/945/1338 1252/865/1338 1337/948/1338
f 1337/948/1339 1316/930/1339 1318/931/1339
f 1316/930/1340 1337/948/1340 1279/891/1340
f 1337/948/1341 1252/865/1341 1259/867/1341
f 1330/943/1342 1328/941/1342 1339/950/1342
f 1338/822/1343 1217/821/1343 1226/832/1343
f 1339/950/1344 1341/952/1344 1216/819/1344
f 1328/941/1345 1348/942/1345 1340/951/1345
f 1340/951/1346 1343/954/1346 1341/952/1346
f 1275/820/1347 1216/819/1347 1341/952/1347
f 1342/953/1348 1341/952/1348 1343/954/1348
f 1288/955/1349 1343/954/1349 1344/909/1349
f 1345/956/1350 1344/909/1350 1343/954/1350
f 1346/957/1351 1294/908/1351 1344/909/1351
f 1348/942/1352 1346/957/1352 1345/956/1352
f 1347/958/1353 1296/907/1353 1294/908/1353
f 1348/942/1354 1320/934/1354 1347/958/1354
f 1321/933/1355 1298/910/1355 1296/907/1355
f 1349/959/1356 1211/960/1356 1213/880/1356
f 1349/959/1357 1272/878/1357 1270/785/1357
f 1198/798/1358 1200/797/1358 1211/960/1358
f 1350/961/1359 1268/877/1359 1262/868/1359
f 1351/875/1360 1268/877/1360 1350/961/1360
f 1354/963/1361 1353/703/1361 1351/875/1361
f 1267/876/1362 1351/875/1362 1353/703/1362
f 1115/964/1363 1353/703/1363 1354/963/1363
f 1352/962/1364 1358/970/1364 1356/966/1364
f 1354/963/1365 1356/966/1365 1357/967/1365
f 1361/968/1366 1357/967/1366 1356/966/1366
f 1359/969/1367 1356/966/1367 1358/970/1367
f 1362/972/1368 1359/969/1368 1360/971/1368
f 1361/968/1369 1359/969/1369 1362/972/1369
f 1360/971/1370 1366/976/1370 1365/975/1370
f 1366/976/1371 1368/1011/1371 1367/977/1371
f 1367/977/844 1368/1011/844 1370/978/844
f 1369/979/1372 1370/978/1372 1373/980/1372
f 1371/981/1373 1373/980/1373 1375/982/1373
f 1370/978/1374 1401/1009/1374 1374/984/1374
f 1373/980/1375 1374/984/1375 1376/985/1375
f 1376/985/1376 1378/1278/1376 1377/986/1376
f 1372/983/1377 1375/982/1377 1377/986/1377
f 1377/986/1378 1378/1278/1378 1394/988/1378
f 1377/986/1379 1379/989/1379 1381/990/1379
f 1381/990/1380 1379/989/1380 1383/991/1380
f 1383/991/1381 1385/994/1381 1384/993/1381
f 1385/994/1382 1387/997/1382 1386/995/1382
f 1386/995/1383 1387/997/1383 1361/968/1383
f 1388/996/1384 1357/967/1384 1361/968/1384
f 1390/998/1385 1388/996/1385 1387/997/1385
f 1389/999/1386 1388/996/1386 1390/998/1386
f 1355/965/1387 1357/967/1387 1388/996/1387
f 1391/1000/1388 1390/998/1388 1392/1001/1388
f 1383/991/1389 1392/1001/1389 1390/998/1389
f 1393/1002/1390 1392/1001/1390 1394/988/1390
f 1379/989/1391 1394/988/1391 1392/1001/1391
f 1394/988/1392 1378/1278/1392 1397/677/1392
f 1396/1004/1393 1398/1006/1393 1393/1002/1393
f 1099/1005/1394 1396/1004/1394 1395/1003/1394
f 1397/677/1395 1378/1278/1395 1376/985/1395
f 1398/1006/1396 1396/1004/1396 1399/1007/1396
f 1399/1007/1397 1396/1004/1397 1099/1005/1397
f 1393/1002/1398 1398/1006/1398 1111/694/1398
f 1111/694/1399 1113/699/1399 1389/999/1399
f 1113/699/1400 1115/964/1400 1355/965/1400
f 1400/1008/1401 1098/678/1401 1376/985/1401
f 1401/1009/1402 1232/839/1402 1400/1008/1402
f 1232/839/1403 1401/1009/1403 1402/1010/1403
f 1402/1010/1404 1401/1009/1404 1370/978/1404
f 1258/850/1405 1402/1010/1405 1403/1012/1405
f 1366/976/1406 1403/1012/1406 1402/1010/1406
f 1350/961/1407 1403/1012/1407 1358/970/1407
f 1360/971/1408 1358/970/1408 1403/1012/1408
f 1405/1013/1409 1098/678/1409 1400/1008/1409
f 1406/1015/1410 1404/1014/1410 1400/1008/1410
f 1405/1013/1411 1404/1014/1411 1407/1016/1411
f 1404/1014/1412 1406/1015/1412 1408/1018/1412
f 1407/1016/1413 1408/1018/1413 1412/1019/1413
f 1409/1017/1414 1407/1016/1414 1410/1020/1414
f 1408/1018/888 1414/1024/888 1413/1022/888
f 1416/1023/1415 1415/1026/1415 1413/1022/1415
f 1418/1025/1416 1417/1028/1416 1415/1026/1416
f 1418/1025/1417 1420/1030/1417 1419/1027/1417
f 1422/1029/1418 1421/1032/1418 1419/1027/1418
f 1422/1029/1419 1424/1034/1419 1423/1031/1419
f 1426/1033/1420 1425/1036/1420 1423/1031/1420
f 1428/1035/1421 1427/1038/1421 1425/1036/1421
f 1428/1035/1422 1430/1040/1422 1429/1037/1422
f 1432/1039/1423 1431/1041/1423 1429/1037/1423
f 1432/1039/1424 1409/1017/1424 1411/1021/1424
f 1405/1013/1425 1409/1017/1425 1432/1039/1425
f 1435/1043/1426 1433/1042/1426 1432/1039/1426
f 1435/1043/1427 1436/1045/1427 1434/673/1427
f 1434/673/1428 1098/678/1428 1405/1013/1428
f 1435/1043/1429 1437/1046/1429 1438/1044/1429
f 1437/1046/1430 1435/1043/1430 1430/1040/1430
f 1440/1047/1431 1438/1044/1431 1437/1046/1431
f 1439/1048/1432 1437/1046/1432 1428/1035/1432
f 1442/1049/1433 1440/1047/1433 1439/1048/1433
f 1439/1048/1434 1426/1033/1434 1424/1034/1434
f 1444/1051/1435 1442/1049/1435 1441/1050/1435
f 1441/1050/1436 1424/1034/1436 1422/1029/1436
f 1446/1053/1437 1444/1051/1437 1443/1052/1437
f 1445/1054/1438 1443/1052/1438 1422/1029/1438
f 1448/1055/1439 1446/1053/1439 1445/1054/1439
f 1447/1056/1440 1445/1054/1440 1420/1030/1440
f 1230/835/1441 1448/1055/1441 1447/1056/1441
f 1449/837/1442 1447/1056/1442 1418/1025/1442
f 1231/838/1443 1449/837/1443 1416/1023/1443
f 1450/826/1444 1448/1055/1444 1230/835/1444
f 1450/826/1445 1451/1057/1445 1446/1053/1445
f 1451/1057/1446 1450/826/1446 1222/824/1446
f 1452/1059/1447 1444/1051/1447 1446/1053/1447
f 1451/1057/1448 1453/1058/1448 1454/1060/1448
f 1453/1058/1449 1455/1062/1449 1456/1061/1449
f 1453/1058/1450 1222/824/1450 1219/823/1450
f 1455/1062/1451 1219/823/1451 1460/1063/1451
f 1455/1062/1452 1457/1064/1452 1458/1065/1452
f 1457/1064/1453 1459/1068/1453 1521/1066/1453
f 1457/1064/1454 1461/1069/1454 1464/1067/1454
f 1460/1063/1455 1463/1113/1455 1461/1069/1455
f 1461/1070/1456 1463/1107/1456 1496/1071/1456
f 1461/1070/1457 1462/1072/1457 1466/1073/1457
f 1459/1075/1458 1464/1074/1458 1465/1076/1458
f 1464/1074/1459 1466/1073/1459 1467/1078/1459
f 1462/1072/1460 1470/1082/1460 1468/1079/1460
f 1467/1078/1461 1466/1073/1461 1468/1079/1461
f 1471/1081/1462 1474/1086/1462 1469/1080/1462
f 1470/1082/1463 1472/1084/1463 1471/1081/1463
f 1490/1083/1464 1473/1279/1464 1471/1081/1464
f 1471/1081/1465 1473/1279/1465 1475/1085/1465
f 1475/1085/1466 1477/1090/1466 1476/1087/1466
f 1478/1088/1467 1469/1080/1467 1474/1086/1467
f 1479/1089/1468 1476/1087/1468 1477/1090/1468
f 1480/1092/1469 1520/1136/1469 1478/1088/1469
f 1482/1093/1470 1480/1092/1470 1479/1089/1470
f 1482/1093/1471 1481/1091/1471 1483/1094/1471
f 1477/1090/1472 1475/1085/1472 1483/1094/1472
f 1484/1095/1473 1483/1094/1473 1485/1096/1473
f 1475/1085/1474 1473/1279/1474 1485/1096/1474
f 1486/1097/1475 1485/1096/1475 1487/1098/1475
f 1485/1096/1476 1473/1279/1476 1490/1083/1476
f 1497/1100/1477 1488/1099/1477 1487/1098/1477
f 1487/1098/1478 1490/1083/1478 1491/1102/1478
f 1491/1102/1479 1490/1083/1479 1472/1084/1479
f 1492/1104/1480 1491/1102/1480 1493/1103/1480
f 1492/1104/1481 1497/1100/1481 1489/1101/1481
f 1494/1105/1482 1493/1103/1482 1495/1106/1482
f 1493/1103/1483 1472/1084/1483 1470/1082/1483
f 1462/1072/957 1496/1071/957 1495/1106/957
f 1496/1071/1484 1463/1107/1484 1492/1104/1484
f 1463/1107/1485 1498/1109/1485 1497/1100/1485
f 1500/1108/1486 1488/1099/1486 1497/1100/1486
f 1499/810/1487 1498/1112/1487 1460/1063/1487
f 1502/1110/1488 1500/1108/1488 1498/1109/1488
f 1503/1114/1489 1501/1115/1489 1500/1108/1489
f 1501/1115/1490 1486/1097/1490 1488/1099/1490
f 1503/1114/1491 1502/1110/1491 1504/1116/1491
f 1499/1111/1492 1208/1121/1492 1504/1116/1492
f 1505/1117/1493 1504/1116/1493 1506/1118/1493
f 1205/1120/1494 1506/1118/1494 1504/1116/1494
f 1509/1122/1495 1508/1119/1495 1506/1118/1495
f 1459/1124/1496 1507/1123/1496 1506/1118/1496
f 1511/1125/1497 1510/1128/1497 1508/1119/1497
f 1508/1119/1498 1510/1128/1498 1513/1126/1498
f 1515/1127/1499 1512/1129/1499 1510/1128/1499
f 1514/1130/1500 1503/1114/1500 1505/1117/1500
f 1514/1130/1501 1513/1126/1501 1512/1129/1501
f 1517/1131/1502 1516/1132/1502 1514/1130/1502
f 1516/1132/1503 1501/1115/1503 1503/1114/1503
f 1482/1093/1504 1484/1095/1504 1516/1132/1504
f 1516/1132/1505 1484/1095/1505 1486/1097/1505
f 1518/1133/1506 1517/1131/1506 1515/1127/1506
f 1480/1092/1507 1482/1093/1507 1517/1131/1507
f 1509/1135/1508 1519/1137/1508 1518/1133/1508
f 1520/1136/1509 1480/1092/1509 1518/1133/1509
f 1507/1077/1510 1465/1076/1510 1519/1137/1510
f 1519/1137/1511 1465/1076/1511 1467/1078/1511
f 1520/1136/1512 1467/1078/1512 1469/1080/1512
f 1523/806/1513 1521/1066/1513 1459/1068/1513
f 1524/1138/1514 1458/1065/1514 1521/1066/1514
f 1522/1139/1515 1521/1066/1515 1523/806/1515
f 1525/1140/1516 1526/1142/1516 1524/1138/1516
f 1203/1141/1517 1525/1140/1517 1522/1139/1517
f 1526/1142/1518 1525/1140/1518 1194/1143/1518
f 1194/1143/1519 1525/1140/1519 1203/1141/1519
f 1526/1142/1520 1105/686/1520 1527/1144/1520
f 1527/1144/1521 1456/1061/1521 1458/1065/1521
f 1528/1145/1522 1454/1060/1522 1456/1061/1522
f 1528/1145/1523 1527/1144/1523 1105/686/1523
f 1529/1147/1524 1528/1150/1524 1530/1148/1524
f 1529/1147/1525 1452/1059/1525 1454/1060/1525
f 1531/1149/1526 1530/1148/1526 1532/1151/1526
f 1101/681/1527 1534/1280/1527 1532/1153/1527
f 1533/1152/1528 1532/1151/1528 1534/1154/1528
f 1097/674/1529 1535/1155/1529 1534/1154/1529
f 1535/1155/1530 1436/1045/1530 1438/1044/1530
f 1097/674/1531 1434/673/1531 1436/1045/1531
f 1531/1149/1532 1533/1152/1532 1438/1044/1532
f 1531/1149/1533 1440/1047/1533 1442/1049/1533
f 1529/1147/1534 1442/1049/1534 1444/1051/1534
f 1231/838/1535 1414/1024/1535 1408/1018/1535
f 1237/844/1536 1243/851/1536 1536/946/1536
